id,time,rlu,plate_row,plate_col,virus_cc,mean_vc,popPred_medianCOV,popPred,indivPred_SAEM,indivPred_mode,indWRes_SAEM,indWRes_mode
8|84|cc|1|1|162,0.0,658,1,1,0,78856.625,0.0,0.0,0.0,0.0,1.03081,1.03081
8|84|cc|2|1|162,0.0,644,2,1,0,78856.625,0.0,0.0,0.0,0.0,1.00888,1.00888
8|84|cc|3|1|162,0.0,660,3,1,0,78856.625,0.0,0.0,0.0,0.0,1.03394,1.03394
8|84|cc|4|1|162,0.0,680,4,1,0,78856.625,0.0,0.0,0.0,0.0,1.06527,1.06527
8|84|cc|5|1|162,0.0,698,5,1,0,78856.625,0.0,0.0,0.0,0.0,1.09347,1.09347
8|84|cc|6|1|162,0.0,694,6,1,0,78856.625,0.0,0.0,0.0,0.0,1.0872,1.0872
8|84|cc|7|1|162,0.0,694,7,1,0,78856.625,0.0,0.0,0.0,0.0,1.0872,1.0872
8|84|cc|8|1|162,0.0,636,8,1,0,78856.625,0.0,0.0,0.0,0.0,0.996343,0.996343
8|84|sample|10|162,0.0003648,68673,1,10,1,78856.625,75707.4,62558.0,67577.3,63313.1,0.029479,0.153741
8|84|sample|10|162,0.001824,77369,2,10,1,78856.625,71051.2,57087.8,62247.9,57855.4,0.441013,0.611467
8|84|sample|10|162,0.00912,78012,3,10,1,78856.625,64859.1,50520.4,55646.6,51274.3,0.728069,0.942955
8|84|sample|10|162,0.0456,65967,4,10,1,78856.625,56610.7,42631.6,47465.5,43334.6,0.703579,0.940532
8|84|sample|10|162,0.228,47827,5,10,1,78856.625,45659.7,33163.6,37336.2,33764.2,0.503861,0.744458
8|84|sample|10|162,1.14,13678,6,10,1,78856.625,31120.5,21800.4,24795.0,22228.1,-0.79172,-0.675683
8|84|sample|10|162,5.7,1798,7,10,1,78856.625,11813.8,8164.44,9267.57,8323.97,-1.32251,-1.27015
8|84|sample|10|162,28.5,586,8,10,1,78856.625,1148.45,1147.51,1140.99,1147.38,-0.442185,-0.446048
8|84|sample|11|162,0.0003712,69151,1,11,1,78856.625,75663.6,62504.0,68415.9,65811.6,0.0195401,0.0922128
8|84|sample|11|162,0.001856,78893,2,11,1,78856.625,70993.1,57023.0,63117.9,60409.7,0.453861,0.555161
8|84|sample|11|162,0.00928,82686,3,11,1,78856.625,64763.1,50437.6,56508.3,53787.9,0.839445,0.972542
8|84|sample|11|162,0.0464,67678,4,11,1,78856.625,56491.8,42534.0,48273.2,45680.2,0.725875,0.868404
8|84|sample|11|162,0.2319999999999999,52077,5,11,1,78856.625,45510.3,33048.3,38013.0,35753.3,0.663816,0.817607
8|84|sample|11|162,1.16,21332,6,11,1,78856.625,30930.7,21663.8,25229.5,23599.0,-0.273002,-0.169241
8|84|sample|11|162,5.8,1872,7,11,1,78856.625,11574.0,8003.5,9303.43,8719.12,-1.31126,-1.27946
8|84|sample|11|162,29.0,564,8,11,1,78856.625,1148.45,1147.4,1140.9,1147.01,-0.459659,-0.463306
8|84|sample|12|162,0.0003712,63850,1,12,1,78856.625,75663.6,62504.0,59811.8,56550.2,0.12248,0.233916
8|84|sample|12|162,0.001856,63754,2,12,1,78856.625,70972.5,57017.5,54301.3,51075.5,0.315179,0.448831
8|84|sample|12|162,0.00928,61492,3,12,1,78856.625,64744.3,50432.7,47784.5,44702.5,0.517876,0.676919
8|84|sample|12|162,0.0464,55297,4,12,1,78856.625,56475.4,42529.9,40077.5,37283.7,0.682407,0.866335
8|84|sample|12|162,0.2319999999999999,41168,5,12,1,78856.625,45497.0,33045.0,30963.0,28647.6,0.58731,0.776505
8|84|sample|12|162,1.16,15633,6,12,1,78856.625,30921.5,21661.6,20184.1,18594.2,-0.394065,-0.277016
8|84|sample|12|162,5.8,1442,7,12,1,78856.625,11570.4,8002.62,7442.53,6899.75,-1.28726,-1.24946
8|84|sample|12|162,29.0,668,8,12,1,78856.625,1148.45,1147.4,1142.16,1149.15,-0.377593,-0.382013
8|84|sample|3|162,6.4e-05,75994,1,3,1,78856.625,79475.2,67456.4,79202.9,77444.4,-0.0738488,-0.0341257
8|84|sample|3|162,0.00032,82778,2,3,1,78856.625,76055.0,62967.4,75725.7,73740.0,0.169639,0.223163
8|84|sample|3|162,0.0016,84235,3,3,1,78856.625,71504.3,57577.6,71121.1,68929.9,0.335534,0.403837
8|84|sample|3|162,0.008,86421,4,3,1,78856.625,65433.3,51101.5,65018.0,62678.6,0.598109,0.687789
8|84|sample|3|162,0.04,77403,5,3,1,78856.625,57373.1,43329.0,56942.3,54566.3,0.651219,0.757819
8|84|sample|3|162,0.2,68219,6,3,1,78856.625,46671.9,34000.6,46256.5,44039.1,0.856478,0.989186
8|84|sample|3|162,1.0,41754,7,3,1,78856.625,32454.7,22802.7,32113.6,30375.2,0.535643,0.667064
8|84|sample|3|162,5.0,13774,8,3,1,78856.625,13593.1,9367.16,13404.7,12648.1,0.0468349,0.150615
8|84|sample|4|162,6.4e-05,74113,1,4,1,78856.625,79475.2,67456.4,79025.0,76247.5,-0.113293,-0.0509975
8|84|sample|4|162,0.00032,84517,2,4,1,78856.625,76055.0,62967.4,75521.7,72401.2,0.216951,0.304604
8|84|sample|4|162,0.0016,82608,3,4,1,78856.625,71504.3,57577.6,70892.8,67467.3,0.300698,0.40801
8|84|sample|4|162,0.008,81228,4,4,1,78856.625,65452.2,51106.5,64777.4,61139.2,0.461388,0.596324
8|84|sample|4|162,0.04,77037,5,4,1,78856.625,57389.7,43333.2,56693.5,53018.1,0.650271,0.819817
8|84|sample|4|162,0.2,64814,6,4,1,78856.625,46671.9,34000.6,46015.2,42602.8,0.736849,0.938457
8|84|sample|4|162,1.0,39177,7,4,1,78856.625,32454.7,22802.7,31920.8,29254.3,0.405522,0.60313
8|84|sample|4|162,5.0,12834,8,4,1,78856.625,13593.1,9367.16,13316.4,12145.8,-0.0615569,0.0955355
8|84|sample|5|162,0.0006144,72824,1,5,1,78856.625,74335.1,60892.5,76264.9,74165.3,-0.0821909,-0.032932
8|84|sample|5|162,0.003072,78360,2,5,1,78856.625,69228.8,55088.9,71379.6,69036.9,0.177966,0.245622
8|84|sample|5|162,0.01536,80614,3,5,1,78856.625,62438.8,48121.0,64748.3,62232.7,0.445182,0.536226
8|84|sample|5|162,0.0768,74089,4,5,1,78856.625,53412.9,39755.8,55748.1,53206.0,0.595993,0.710319
8|84|sample|5|162,0.384,55821,5,5,1,78856.625,41405.6,29710.5,43529.6,41227.7,0.508566,0.636584
8|84|sample|5|162,1.92,24346,6,5,1,78856.625,25456.5,17652.5,26951.3,25340.7,-0.171319,-0.0693833
8|84|sample|5|162,9.6,9438,7,5,1,78856.625,4377.67,3384.52,4541.78,4360.5,1.58277,1.69507
8|84|sample|5|162,48.0,4872,8,5,1,78856.625,1148.43,1146.7,1140.72,1146.69,2.97321,2.96084
8|84|sample|6|162,0.0006144,70835,1,6,1,78856.625,74335.1,60892.5,79352.8,78558.6,-0.195662,-0.179184
8|84|sample|6|162,0.003072,80058,2,6,1,78856.625,69228.8,55088.9,74955.9,74037.7,0.123967,0.148063
8|84|sample|6|162,0.01536,79421,3,6,1,78856.625,62438.8,48121.0,68733.1,67709.8,0.282802,0.314483
8|84|sample|6|162,0.0768,77554,4,6,1,78856.625,53412.9,39755.8,59927.8,58853.8,0.533592,0.576233
8|84|sample|6|162,0.384,55427,5,6,1,78856.625,41405.6,29710.5,47464.9,46456.8,0.302786,0.348341
8|84|sample|6|162,1.92,28310,6,6,1,78856.625,25456.5,17652.5,29836.2,29112.8,-0.0910246,-0.0490264
8|84|sample|6|162,9.6,13006,7,6,1,78856.625,4377.67,3384.52,4962.91,4908.28,2.42182,2.46015
8|84|sample|6|162,48.0,4250,8,6,1,78856.625,1148.43,1146.7,1140.72,1146.69,2.47758,2.46648
8|84|sample|7|162,7.68e-05,69948,1,7,1,78856.625,79132.4,66987.4,73274.6,69683.1,-0.0826525,0.00691539
8|84|sample|7|162,0.000384,87626,2,7,1,78856.625,75599.8,62404.5,69059.6,65227.2,0.488986,0.623963
8|84|sample|7|162,0.00192,79963,3,7,1,78856.625,70899.7,56901.9,63776.8,59786.0,0.460968,0.612235
8|84|sample|7|162,0.0096,76543,4,7,1,78856.625,64649.4,50295.4,57156.2,53142.0,0.614776,0.796908
8|84|sample|7|162,0.048,74241,5,7,1,78856.625,56323.8,42359.9,48854.6,45025.3,0.938593,1.16969
8|84|sample|7|162,0.24,46730,6,7,1,78856.625,45257.1,32832.5,38451.6,35114.7,0.386411,0.592015
8|84|sample|7|162,1.2,16917,7,7,1,78856.625,30576.9,21400.9,25423.9,23021.1,-0.591517,-0.46658
8|84|sample|7|162,6.0,1596,8,7,1,78856.625,11100.9,7688.23,9110.05,8265.72,-1.35075,-1.30613
8|84|sample|8|162,7.68e-05,70881,1,8,1,78856.625,79132.4,66987.4,74034.9,69367.2,-0.0775707,0.039696
8|84|sample|8|162,0.000384,79033,2,8,1,78856.625,75599.8,62404.5,69886.3,64893.9,0.238096,0.39586
8|84|sample|8|162,0.00192,84181,3,8,1,78856.625,70899.7,56901.9,64653.8,59442.8,0.548708,0.754884
8|84|sample|8|162,0.0096,79555,4,8,1,78856.625,64649.4,50295.4,58054.9,52800.7,0.671448,0.916859
8|84|sample|8|162,0.048,69015,5,8,1,78856.625,56323.8,42359.9,49728.2,44703.4,0.70084,0.980181
8|84|sample|8|162,0.24,49350,6,8,1,78856.625,45257.1,32832.5,39228.0,34837.0,0.463386,0.745408
8|84|sample|8|162,1.2,14789,7,8,1,78856.625,30576.9,21400.9,25995.9,22822.5,-0.762854,-0.619137
8|84|sample|8|162,6.0,1804,8,8,1,78856.625,11100.9,7688.23,9321.35,8194.35,-1.32415,-1.26095
8|84|sample|9|162,0.0003648,74429,1,9,1,78856.625,75707.4,62558.0,68626.7,65558.2,0.153763,0.24589
8|84|sample|9|162,0.001824,81503,2,9,1,78856.625,71051.2,57087.8,63349.9,60157.8,0.520402,0.643757
8|84|sample|9|162,0.00912,79111,3,9,1,78856.625,64859.1,50520.4,56764.8,53556.0,0.713406,0.863676
8|84|sample|9|162,0.0456,74577,4,9,1,78856.625,56627.2,42635.7,48547.8,45486.0,0.968299,1.1532
8|84|sample|9|162,0.228,48083,5,9,1,78856.625,45673.1,33166.9,38290.8,35618.3,0.458934,0.626613
8|84|sample|9|162,1.14,14006,6,9,1,78856.625,31120.5,21800.4,25493.9,23557.7,-0.796701,-0.714268
8|84|sample|9|162,5.7,1510,7,9,1,78856.625,11813.8,8164.44,9536.44,8824.7,-1.38545,-1.35241
8|84|sample|9|162,28.5,600,8,9,1,78856.625,1148.45,1147.51,1140.92,1147.09,-0.430989,-0.434748
8|84|vc|1|2|162,0.0,73943,1,2,1,78856.625,89980.7,89912.4,89985.8,89912.4,-0.325537,-0.324308
8|84|vc|2|2|162,0.0,83068,2,2,1,78856.625,90006.6,89921.1,89995.1,89921.1,-0.140549,-0.13916
8|84|vc|3|2|162,0.0,83256,3,2,1,78856.625,90006.6,89921.1,89995.1,89921.1,-0.136734,-0.135343
8|84|vc|4|2|162,0.0,81859,4,2,1,78856.625,90006.6,89921.1,89995.1,89921.1,-0.165079,-0.16371
8|84|vc|5|2|162,0.0,83236,5,2,1,78856.625,90006.6,89921.1,89995.1,89921.1,-0.13714,-0.135749
8|84|vc|6|2|162,0.0,85784,6,2,1,78856.625,90006.6,89921.1,89995.1,89921.1,-0.0854422,-0.0840088
8|84|vc|7|2|162,0.0,78995,7,2,1,78856.625,90006.6,89921.1,89995.1,89921.1,-0.223189,-0.221867
8|84|vc|8|2|162,0.0,60712,8,2,1,78856.625,89980.7,89912.4,89985.8,89912.4,-0.594016,-0.593004
8|719|cc|1|1|274,0.0,640,1,1,0,84741.625,0.0,0.0,0.0,0.0,1.00261,1.00261
8|719|cc|2|1|274,0.0,658,2,1,0,84741.625,0.0,0.0,0.0,0.0,1.03081,1.03081
8|719|cc|3|1|274,0.0,684,3,1,0,84741.625,0.0,0.0,0.0,0.0,1.07154,1.07154
8|719|cc|4|1|274,0.0,730,4,1,0,84741.625,0.0,0.0,0.0,0.0,1.1436,1.1436
8|719|cc|5|1|274,0.0,706,5,1,0,84741.625,0.0,0.0,0.0,0.0,1.106,1.106
8|719|cc|6|1|274,0.0,732,6,1,0,84741.625,0.0,0.0,0.0,0.0,1.14673,1.14673
8|719|cc|7|1|274,0.0,746,7,1,0,84741.625,0.0,0.0,0.0,0.0,1.16867,1.16867
8|719|cc|8|1|274,0.0,716,8,1,0,84741.625,0.0,0.0,0.0,0.0,1.12167,1.12167
8|719|sample|10|274,0.0003648,94350,1,10,1,84741.625,75721.2,62632.2,70477.4,66509.9,0.616294,0.760846
8|719|sample|10|274,0.001824,93025,2,10,1,84741.625,71069.5,57174.3,65322.4,61153.7,0.770607,0.945856
8|719|sample|10|274,0.00912,89279,3,10,1,84741.625,64883.4,50616.9,58796.2,54563.4,0.940208,1.15207
8|719|sample|10|274,0.0456,68995,4,10,1,84741.625,56643.0,42726.8,50521.3,46442.3,0.660999,0.876063
8|719|sample|10|274,0.228,32223,5,10,1,84741.625,45702.6,33257.3,40059.5,36461.7,-0.351525,-0.208311
8|719|sample|10|274,1.14,4210,6,10,1,84741.625,31177.4,21892.2,26833.1,24196.0,-1.49394,-1.45694
8|719|sample|10|274,5.7,632,7,10,1,84741.625,11889.3,8252.2,10108.6,9120.22,-1.55287,-1.52436
8|719|sample|10|274,28.5,612,8,10,1,84741.625,1234.16,1234.96,1227.9,1234.46,-0.473008,-0.476748
8|719|sample|11|274,0.0003712,89357,1,11,1,84741.625,75677.5,62578.2,70291.8,65311.3,0.493464,0.668993
8|719|sample|11|274,0.001856,92891,2,11,1,84741.625,71011.4,57109.5,65114.5,59903.5,0.775086,0.999018
8|719|sample|11|274,0.00928,86253,3,11,1,84741.625,64787.5,50524.3,58550.0,53283.4,0.857993,1.11985
8|719|sample|11|274,0.0464,67865,4,11,1,84741.625,56524.1,42620.9,50259.6,45207.3,0.633137,0.903575
8|719|sample|11|274,0.2319999999999999,24977,5,11,1,84741.625,45553.3,33135.4,39789.5,35355.1,-0.668826,-0.525476
8|719|sample|11|274,1.16,2348,6,11,1,84741.625,30987.7,21751.2,26566.7,23336.3,-1.61466,-1.58366
8|719|sample|11|274,5.8,638,7,11,1,84741.625,11649.7,8091.26,9868.18,8676.31,-1.5454,-1.50858
8|719|sample|11|274,29.0,584,8,11,1,84741.625,1234.15,1234.85,1227.88,1234.51,-0.494504,-0.49822
8|719|sample|12|274,0.0003712,94222,1,12,1,84741.625,75677.5,62578.2,69085.3,65695.2,0.661786,0.789109
8|719|sample|12|274,0.001856,91978,2,12,1,84741.625,70990.9,57092.9,63814.3,60282.2,0.801611,0.953988
8|719|sample|12|274,0.00928,89439,3,12,1,84741.625,64768.7,50509.5,57218.5,53662.6,1.02066,1.20677
8|719|sample|12|274,0.0464,65541,4,12,1,84741.625,56507.7,42608.4,48964.8,45567.7,0.611513,0.790382
8|719|sample|12|274,0.2319999999999999,22932,5,12,1,84741.625,45540.0,33125.6,38636.7,35668.4,-0.729642,-0.639401
8|719|sample|12|274,1.16,1534,6,12,1,84741.625,30978.5,21744.6,25712.6,23562.7,-1.66318,-1.64695
8|719|sample|12|274,5.8,634,7,12,1,84741.625,11646.0,8088.6,9541.17,8760.47,-1.5368,-1.51221
8|719|sample|12|274,29.0,568,8,12,1,84741.625,1234.15,1234.85,1227.93,1234.47,-0.506817,-0.510455
8|719|sample|3|274,6.4e-05,94588,1,3,1,84741.625,79485.3,67529.6,80662.0,79276.1,0.314775,0.352062
8|719|sample|3|274,0.00032,87222,2,3,1,84741.625,76068.4,63053.8,77418.9,75827.8,0.230725,0.273715
8|719|sample|3|274,0.0016,85600,3,3,1,84741.625,71522.2,57675.2,73038.1,71251.9,0.313108,0.36645
8|719|sample|3|274,0.008,88953,4,3,1,84741.625,65457.0,51198.1,67104.1,65163.4,0.591915,0.663342
8|719|sample|3|274,0.04,78809,5,3,1,84741.625,57404.6,43424.3,59107.3,57101.2,0.604542,0.689027
8|719|sample|3|274,0.2,76136,6,3,1,84741.625,46713.7,34094.4,48330.7,46425.3,1.0389,1.15453
8|719|sample|3|274,1.0,50010,7,3,1,84741.625,32510.3,22890.1,33798.0,32278.9,0.857402,0.980322
8|719|sample|3|274,5.0,9930,8,3,1,84741.625,13666.8,9452.84,14228.3,13560.2,-0.516028,-0.455571
8|719|sample|4|274,6.4e-05,96662,1,4,1,84741.625,79485.3,67529.6,81126.9,79012.7,0.349162,0.40714
8|719|sample|4|274,0.00032,85208,2,4,1,84741.625,76068.4,63053.8,77964.2,75525.7,0.169315,0.233508
8|719|sample|4|274,0.0016,85066,3,4,1,84741.625,71522.2,57675.2,73662.7,70913.5,0.281858,0.36315
8|719|sample|4|274,0.008,87029,4,4,1,84741.625,65476.0,51213.0,67815.7,64815.8,0.515144,0.622652
8|719|sample|4|274,0.04,80898,5,4,1,84741.625,57421.3,43437.0,59853.8,56740.1,0.637838,0.771576
8|719|sample|4|274,0.2,71071,6,4,1,84741.625,46713.7,34094.4,49037.2,46067.4,0.811678,0.978976
8|719|sample|4|274,1.0,50818,7,4,1,84741.625,32510.3,22890.1,34375.6,31992.6,0.855462,1.0498
8|719|sample|4|274,5.0,10376,8,4,1,84741.625,13666.8,9452.84,14498.9,13428.7,-0.486427,-0.386549
8|719|sample|5|274,0.0006144,90234,1,5,1,84741.625,74350.2,60967.1,76166.9,74577.2,0.336442,0.382321
8|719|sample|5|274,0.003072,91037,2,5,1,84741.625,69248.8,55175.4,71273.0,69501.4,0.504623,0.56364
8|719|sample|5|274,0.01536,85896,3,5,1,84741.625,62465.4,48217.1,64636.3,62735.8,0.597548,0.670322
8|719|sample|5|274,0.0768,84081,4,5,1,84741.625,53448.3,39858.4,55639.4,53720.7,0.92599,1.023
8|719|sample|5|274,0.384,66810,5,5,1,84741.625,41452.6,29809.5,43433.4,41698.9,0.969312,1.08335
8|719|sample|5|274,1.92,28534,6,5,1,84741.625,25518.8,17743.6,26900.3,25692.2,0.107625,0.195628
8|719|sample|5|274,9.6,4934,7,5,1,84741.625,4460.31,3472.4,4609.01,4484.56,0.103838,0.146755
8|719|sample|5|274,48.0,870,8,5,1,84741.625,1234.14,1234.15,1227.78,1234.14,-0.274789,-0.278937
8|719|sample|6|274,0.0006144,90599,1,6,1,84741.625,74350.2,60967.1,77224.2,74635.3,0.315571,0.389518
8|719|sample|6|274,0.003072,100276,2,6,1,84741.625,69248.8,55175.4,72478.8,69566.1,0.698114,0.803019
8|719|sample|6|274,0.01536,89109,3,6,1,84741.625,62465.4,48217.1,65959.0,62805.1,0.63786,0.760483
8|719|sample|6|274,0.0768,84595,4,6,1,84741.625,53448.3,39858.4,57005.1,53790.7,0.877176,1.03664
8|719|sample|6|274,0.384,66428,5,6,1,84741.625,41452.6,29809.5,44698.8,41762.3,0.87615,1.06256
8|719|sample|6|274,1.92,28310,6,6,1,84741.625,25518.8,17743.6,27812.9,25736.9,0.0317161,0.176837
8|719|sample|6|274,9.6,3504,7,6,1,84741.625,4460.31,3472.4,4739.02,4490.83,-0.385936,-0.321872
8|719|sample|6|274,48.0,772,8,6,1,84741.625,1234.14,1234.15,1227.78,1234.14,-0.350056,-0.354006
8|719|sample|7|274,7.68e-05,96784,1,7,1,84741.625,79142.9,67060.7,72827.2,69953.1,0.598832,0.69777
8|719|sample|7|274,0.000384,90264,2,7,1,84741.625,75613.7,62490.8,68583.4,65522.1,0.574902,0.686188
8|719|sample|7|274,0.00192,93457,3,7,1,84741.625,70918.2,56999.4,63281.3,60099.2,0.86598,1.00701
8|719|sample|7|274,0.0096,84890,4,7,1,84741.625,64673.9,50401.7,56658.7,53463.6,0.902945,1.06391
8|719|sample|7|274,0.048,65169,5,7,1,84741.625,56356.4,42463.3,48374.0,45332.2,0.626972,0.788952
8|719|sample|7|274,0.24,30352,6,7,1,84741.625,45300.3,32926.1,38027.8,35383.7,-0.362158,-0.254571
8|719|sample|7|274,1.2,4196,7,7,1,84741.625,30634.3,21488.3,25131.4,23233.8,-1.4719,-1.44252
8|719|sample|7|274,6.0,676,8,7,1,84741.625,11177.0,7774.27,9056.02,8396.75,-1.51437,-1.49127
8|719|sample|8|274,7.68e-05,95369,1,8,1,84741.625,79142.9,67060.7,72762.0,69082.9,0.565588,0.692071
8|719|sample|8|274,0.000384,92759,2,8,1,84741.625,75613.7,62490.8,68513.1,64604.2,0.643575,0.791736
8|719|sample|8|274,0.00192,84653,3,8,1,84741.625,70918.2,56999.4,63207.2,59154.5,0.616156,0.781803
8|719|sample|8|274,0.0096,85030,4,8,1,84741.625,64673.9,50401.7,56583.4,52524.5,0.911018,1.11968
8|719|sample|8|274,0.048,63826,5,8,1,84741.625,56356.4,42463.3,48301.4,44446.8,0.5804,0.785711
8|719|sample|8|274,0.24,29936,6,8,1,84741.625,45300.3,32926.1,37963.8,34620.4,-0.379382,-0.242054
8|719|sample|8|274,1.2,4124,7,8,1,84741.625,30634.3,21488.3,25084.6,22688.3,-1.4763,-1.43879
8|719|sample|8|274,6.0,680,8,8,1,84741.625,11177.0,7774.27,9038.85,8200.88,-1.51308,-1.483
8|719|sample|9|274,0.0003648,99893,1,9,1,84741.625,75721.2,62632.2,69916.6,66227.2,0.779974,0.923916
8|719|sample|9|274,0.001824,90396,2,9,1,84741.625,71069.5,57174.3,64724.5,60860.4,0.720587,0.880686
8|719|sample|9|274,0.00912,87530,3,9,1,84741.625,64883.4,50616.9,58180.2,54269.2,0.914656,1.10965
8|719|sample|9|274,0.0456,67618,4,9,1,84741.625,56659.5,42739.3,49933.5,46175.7,0.640035,0.837618
8|719|sample|9|274,0.228,32029,5,9,1,84741.625,45715.9,33267.1,39531.6,36228.2,-0.34091,-0.207654
8|719|sample|9|274,1.14,4042,6,9,1,84741.625,31177.4,21892.2,26430.3,24018.5,-1.5,-1.46651
8|719|sample|9|274,5.7,674,7,9,1,84741.625,11889.3,8252.2,9951.3,9052.54,-1.54169,-1.51462
8|719|sample|9|274,28.5,644,8,9,1,84741.625,1234.16,1234.96,1227.92,1234.48,-0.448445,-0.452253
8|719|vc|1|2|274,0.0,95775,1,2,1,84741.625,89980.7,89980.7,90056.5,89980.7,0.115947,0.117582
8|719|vc|2|2|274,0.0,90514,2,2,1,84741.625,90006.6,90006.7,90082.7,90006.7,0.00874152,0.0102908
8|719|vc|3|2|274,0.0,86615,3,2,1,84741.625,90006.6,90006.7,90082.7,90006.7,-0.0702919,-0.0688085
8|719|vc|4|2|274,0.0,84683,4,2,1,84741.625,90006.6,90006.7,90082.7,90006.7,-0.109454,-0.108003
8|719|vc|5|2|274,0.0,87250,5,2,1,84741.625,90006.6,90006.7,90082.7,90006.7,-0.0574203,-0.0559262
8|719|vc|6|2|274,0.0,81493,6,2,1,84741.625,90006.6,90006.7,90082.7,90006.7,-0.174116,-0.172719
8|719|vc|7|2|274,0.0,76517,7,2,1,84741.625,90006.6,90006.7,90082.7,90006.7,-0.27498,-0.273667
8|719|vc|8|2|274,0.0,75086,8,2,1,84741.625,89980.7,89980.7,90056.5,89980.7,-0.303543,-0.302257
8|488|cc|1|1|322,0.0,690,1,1,0,92253.875,0.0,0.0,0.0,0.0,1.08094,1.08094
8|488|cc|2|1|322,0.0,744,2,1,0,92253.875,0.0,0.0,0.0,0.0,1.16553,1.16553
8|488|cc|3|1|322,0.0,678,3,1,0,92253.875,0.0,0.0,0.0,0.0,1.06214,1.06214
8|488|cc|4|1|322,0.0,658,4,1,0,92253.875,0.0,0.0,0.0,0.0,1.03081,1.03081
8|488|cc|5|1|322,0.0,652,5,1,0,92253.875,0.0,0.0,0.0,0.0,1.02141,1.02141
8|488|cc|6|1|322,0.0,686,6,1,0,92253.875,0.0,0.0,0.0,0.0,1.07467,1.07467
8|488|cc|7|1|322,0.0,710,7,1,0,92253.875,0.0,0.0,0.0,0.0,1.11227,1.11227
8|488|cc|8|1|322,0.0,678,8,1,0,92253.875,0.0,0.0,0.0,0.0,1.06214,1.06214
8|488|sample|10|322,0.0003648,81577,1,10,1,92253.875,75738.8,74730.0,56605.9,51965.5,0.799401,1.03072
8|488|sample|10|322,0.001824,77221,2,10,1,92253.875,71092.9,79036.6,58540.5,53575.5,0.578646,0.798856
8|488|sample|10|322,0.00912,73813,3,10,1,92253.875,64914.4,79444.3,57539.5,52496.5,0.512682,0.734649
8|488|sample|10|322,0.0456,47917,4,10,1,92253.875,56684.2,67272.3,47608.6,43262.3,0.0116937,0.193752
8|488|sample|10|322,0.228,23762,5,10,1,92253.875,45757.2,52663.7,36480.3,33056.3,-0.624726,-0.502198
8|488|sample|10|322,1.14,14795,6,10,1,92253.875,31250.0,35131.0,24010.1,21776.5,-0.676723,-0.562575
8|488|sample|10|322,5.7,9720,7,10,1,92253.875,11985.6,12143.7,8601.86,7963.43,0.211442,0.35536
8|488|sample|10|322,28.5,5400,8,10,1,92253.875,1343.56,1906.8,1906.35,1931.89,2.09347,2.06112
8|488|sample|11|322,0.0003712,81357,1,11,1,92253.875,75695.1,74665.9,61628.2,57518.6,0.581078,0.751273
8|488|sample|11|322,0.001856,80376,2,11,1,92253.875,71034.8,78948.0,64049.3,59591.6,0.463026,0.632681
8|488|sample|11|322,0.00928,77900,3,11,1,92253.875,64818.6,69943.8,55745.4,51629.1,0.719958,0.920269
8|488|sample|11|322,0.0464,59219,4,11,1,92253.875,56565.4,59137.2,46285.7,42681.1,0.504054,0.697508
8|488|sample|11|322,0.2319999999999999,31458,5,11,1,92253.875,45608.1,46167.3,35509.4,32625.6,-0.204272,-0.0638927
8|488|sample|11|322,1.16,7890,6,11,1,92253.875,31060.5,30601.3,23233.2,21325.7,-1.1626,-1.10435
8|488|sample|11|322,5.8,2100,7,11,1,92253.875,11746.3,11923.6,9274.8,8664.1,-1.26944,-1.23343
8|488|sample|11|322,29.0,842,8,11,1,92253.875,1343.56,1906.67,1897.81,1918.1,-0.634418,-0.642378
8|488|sample|12|322,0.0003712,85678,1,12,1,92253.875,75695.1,74665.9,66764.5,62116.5,0.514953,0.688607
8|488|sample|12|322,0.001856,78320,2,12,1,92253.875,71014.3,68159.8,60288.1,55771.1,0.542674,0.732437
8|488|sample|12|322,0.00928,75748,3,12,1,92253.875,64799.7,60351.3,52771.8,48532.0,0.78781,1.01277
8|488|sample|12|322,0.0464,56968,4,12,1,92253.875,56549.0,50979.8,44048.3,40273.3,0.528431,0.745015
8|488|sample|12|322,0.2319999999999999,26171,5,12,1,92253.875,45594.7,39732.3,33923.9,30851.4,-0.408559,-0.270301
8|488|sample|12|322,1.16,6422,6,12,1,92253.875,31051.3,26233.3,22173.7,20102.4,-1.2477,-1.18909
8|488|sample|12|322,5.8,1454,7,12,1,92253.875,11742.6,10035.9,8549.08,7859.05,-1.34897,-1.31073
8|488|sample|12|322,29.0,1264,8,12,1,92253.875,1343.56,1906.67,1893.77,1912.47,-0.378915,-0.38781
8|488|sample|3|322,6.4e-05,94358,1,3,1,92253.875,79498.3,80538.8,97692.2,96225.8,-0.0623834,-0.0354737
8|488|sample|3|322,0.00032,92993,2,3,1,92253.875,76085.6,87075.7,108789.0,106888.0,-0.265719,-0.237856
8|488|sample|3|322,0.0016,99499,3,3,1,92253.875,71545.0,90333.2,116707.0,114276.0,-0.270032,-0.236764
8|488|sample|3|322,0.008,102432,4,3,1,92253.875,65487.3,80340.9,107937.0,105169.0,-0.0933265,-0.0476136
8|488|sample|3|322,0.04,102826,5,3,1,92253.875,57444.8,68348.4,95850.6,92870.1,0.132987,0.195828
8|488|sample|3|322,0.2,85912,6,3,1,92253.875,46767.2,53955.2,79194.3,76258.9,0.154616,0.230599
8|488|sample|3|322,1.0,75884,7,3,1,92253.875,32581.2,32158.5,49530.0,47348.7,0.961393,1.08775
8|488|sample|3|322,5.0,33601,8,3,1,92253.875,13760.9,11654.0,18347.0,17473.7,1.44505,1.5993
8|488|sample|4|322,6.4e-05,90076,1,4,1,92253.875,79498.3,80538.8,97562.3,97094.0,-0.140253,-0.132107
8|488|sample|4|322,0.00032,95871,2,4,1,92253.875,76085.6,87075.7,108610.0,108067.0,-0.214647,-0.206518
8|488|sample|4|322,0.0016,100086,3,4,1,92253.875,71545.0,90333.2,116472.0,115806.0,-0.257645,-0.248581
8|488|sample|4|322,0.008,105205,4,4,1,92253.875,65506.3,89625.0,119903.0,119082.0,-0.224564,-0.213465
8|488|sample|4|322,0.04,98822,5,4,1,92253.875,57461.6,76309.6,106469.0,105537.0,-0.131415,-0.116397
8|488|sample|4|322,0.2,88433,6,4,1,92253.875,46767.2,53955.2,78913.6,78012.9,0.219868,0.243409
8|488|sample|4|322,1.0,78354,7,4,1,92253.875,32581.2,32158.5,49322.7,48625.9,1.06341,1.10417
8|488|sample|4|322,5.0,36320,8,4,1,92253.875,13760.9,11654.0,18261.2,17996.4,1.71831,1.76758
8|488|sample|5|322,0.0006144,97119,1,5,1,92253.875,74369.5,72755.0,97369.0,95386.5,-0.0046933,0.0331891
8|488|sample|5|322,0.003072,96198,2,5,1,92253.875,69274.4,76303.4,107188.0,104507.0,-0.187614,-0.145441
8|488|sample|5|322,0.01536,101181,3,5,1,92253.875,62499.4,75742.2,112411.0,108914.0,-0.182886,-0.129945
8|488|sample|5|322,0.0768,100658,4,5,1,92253.875,53493.5,70181.5,110666.0,106403.0,-0.165531,-0.0987821
8|488|sample|5|322,0.384,92386,5,5,1,92253.875,41512.6,52974.0,89280.6,85033.0,0.0635058,0.157777
8|488|sample|5|322,1.92,64050,6,5,1,92253.875,25598.4,28731.0,51650.0,48689.8,0.434201,0.569781
8|488|sample|5|322,9.6,21984,7,5,1,92253.875,4565.8,5608.08,8323.88,8000.79,2.65869,2.81735
8|488|sample|5|322,48.0,4784,8,5,1,92253.875,1343.55,1905.85,1890.14,1905.83,1.74321,1.72495
8|488|sample|6|322,0.0006144,96232,1,6,1,92253.875,74369.5,72755.0,97054.1,96486.6,-0.0154823,-0.00482267
8|488|sample|6|322,0.003072,95307,2,6,1,92253.875,69274.4,76303.4,106742.0,106037.0,-0.196008,-0.185131
8|488|sample|6|322,0.01536,103629,3,6,1,92253.875,62499.4,75742.2,111814.0,110917.0,-0.134009,-0.120268
8|488|sample|6|322,0.0768,97373,4,6,1,92253.875,53493.5,70181.5,109928.0,108830.0,-0.20904,-0.192661
8|488|sample|6|322,0.384,87530,5,6,1,92253.875,41512.6,52974.0,88542.4,87412.4,-0.0208737,0.00245649
8|488|sample|6|322,1.92,63970,6,6,1,92253.875,25598.4,28731.0,51131.8,50326.2,0.453997,0.490032
8|488|sample|6|322,9.6,23620,7,6,1,92253.875,4565.8,5608.08,8251.03,8228.82,3.0144,3.02588
8|488|sample|6|322,48.0,5018,8,6,1,92253.875,1343.55,1905.85,1890.14,1905.83,1.88417,1.86519
8|488|sample|7|322,7.68e-05,88102,1,7,1,92253.875,79156.3,79982.6,66565.2,62987.3,0.588101,0.724042
8|488|sample|7|322,0.000384,97131,2,7,1,92253.875,75631.4,86306.0,70618.5,66659.1,0.6831,0.830938
8|488|sample|7|322,0.00192,94452,3,7,1,92253.875,70941.8,89290.6,71805.2,67593.9,0.574015,0.72244
8|488|sample|7|322,0.0096,82610,4,7,1,92253.875,64705.3,88235.7,69728.7,65457.5,0.336054,0.476164
8|488|sample|7|322,0.048,53340,5,7,1,92253.875,56398.0,74642.2,57933.7,54200.1,-0.143754,-0.0287293
8|488|sample|7|322,0.24,30010,6,7,1,92253.875,45355.5,52152.9,39743.5,37037.8,-0.439991,-0.340173
8|488|sample|7|322,1.2,17535,7,7,1,92253.875,30707.5,30241.9,22714.0,21121.9,-0.400954,-0.297517
8|488|sample|7|322,6.0,10208,8,7,1,92253.875,11274.2,9663.07,7414.47,6983.07,0.601235,0.730762
8|488|sample|8|322,7.68e-05,96152,1,8,1,92253.875,79156.3,79982.6,69510.4,62851.9,0.697187,0.96205
8|488|sample|8|322,0.000384,86213,2,8,1,92253.875,75631.4,86306.0,73973.6,66507.3,0.301274,0.538559
8|488|sample|8|322,0.00192,94198,3,8,1,92253.875,70941.8,89290.6,75456.0,67431.3,0.452411,0.721685
8|488|sample|8|322,0.0096,85402,4,8,1,92253.875,64705.3,88235.7,73504.8,65292.1,0.294689,0.559653
8|488|sample|8|322,0.048,55227,5,8,1,92253.875,56398.0,74642.2,61272.6,54056.2,-0.179075,0.0392098
8|488|sample|8|322,0.24,28203,6,8,1,92253.875,45355.5,52152.9,42176.1,36934.8,-0.596197,-0.423795
8|488|sample|8|322,1.2,15833,7,8,1,92253.875,30707.5,30241.9,24159.5,21061.7,-0.607859,-0.434873
8|488|sample|8|322,6.0,10222,8,8,1,92253.875,11274.2,9663.07,7828.92,6966.22,0.491357,0.739278
8|488|sample|9|322,0.0003648,88000,1,9,1,92253.875,75738.8,74730.0,58252.9,53553.4,0.925905,1.16424
8|488|sample|9|322,0.001824,81172,2,9,1,92253.875,71092.9,79036.6,60341.5,55289.3,0.626355,0.847901
8|488|sample|9|322,0.00912,76271,3,9,1,92253.875,64914.4,79444.3,59402.6,54245.9,0.51508,0.73511
8|488|sample|9|322,0.0456,48779,4,9,1,92253.875,56700.7,75114.8,55048.8,50124.5,-0.206274,-0.0485139
8|488|sample|9|322,0.228,28900,5,9,1,92253.875,45770.6,58894.8,42334.8,38436.9,-0.571138,-0.445322
8|488|sample|9|322,1.14,16823,6,9,1,92253.875,31250.0,35131.0,24870.5,22551.7,-0.571462,-0.446546
8|488|sample|9|322,5.7,9274,7,9,1,92253.875,11985.6,12143.7,8861.26,8191.98,0.0760334,0.213559
8|488|sample|9|322,28.5,5678,8,9,1,92253.875,1343.56,1906.8,1903.38,1927.6,2.26401,2.23195
8|488|vc|1|2|322,0.0,94917,1,2,1,92253.875,89980.7,107168.0,107092.0,107168.0,-0.208024,-0.209172
8|488|vc|2|2|322,0.0,99297,2,2,1,92253.875,90006.6,123929.0,123712.0,123929.0,-0.361637,-0.364225
8|488|vc|3|2|322,0.0,94280,3,2,1,92253.875,90006.6,123929.0,123712.0,123929.0,-0.435949,-0.438408
8|488|vc|4|2|322,0.0,91878,4,2,1,92253.875,90006.6,123929.0,123712.0,123929.0,-0.471528,-0.473925
8|488|vc|5|2|322,0.0,91882,5,2,1,92253.875,90006.6,123929.0,123712.0,123929.0,-0.471469,-0.473866
8|488|vc|6|2|322,0.0,90577,6,2,1,92253.875,90006.6,123929.0,123712.0,123929.0,-0.490799,-0.493162
8|488|vc|7|2|322,0.0,89724,7,2,1,92253.875,90006.6,123929.0,123712.0,123929.0,-0.503434,-0.505775
8|488|vc|8|2|322,0.0,85476,8,2,1,92253.875,89980.7,107168.0,107092.0,107168.0,-0.36933,-0.370366
8|847|cc|1|1|69,0.0,676,1,1,0,136227.125,0.0,0.0,0.0,0.0,1.05901,1.05901
8|847|cc|2|1|69,0.0,738,2,1,0,136227.125,0.0,0.0,0.0,0.0,1.15613,1.15613
8|847|cc|3|1|69,0.0,778,3,1,0,136227.125,0.0,0.0,0.0,0.0,1.2188,1.2188
8|847|cc|4|1|69,0.0,704,4,1,0,136227.125,0.0,0.0,0.0,0.0,1.10287,1.10287
8|847|cc|5|1|69,0.0,732,5,1,0,136227.125,0.0,0.0,0.0,0.0,1.14673,1.14673
8|847|cc|6|1|69,0.0,732,6,1,0,136227.125,0.0,0.0,0.0,0.0,1.14673,1.14673
8|847|cc|7|1|69,0.0,698,7,1,0,136227.125,0.0,0.0,0.0,0.0,1.09347,1.09347
8|847|cc|8|1|69,0.0,842,8,1,0,136227.125,0.0,0.0,0.0,0.0,1.31906,1.31906
8|847|sample|10|69,0.0003648,119901,1,10,1,136227.125,75841.7,62860.6,76520.8,72201.8,1.0328,1.20247
8|847|sample|10|69,0.001824,119010,2,10,1,136227.125,71229.6,57449.3,71980.9,67219.7,1.18915,1.4007
8|847|sample|10|69,0.00912,106506,3,10,1,136227.125,65096.0,50947.7,65900.3,60826.7,1.1198,1.36279
8|847|sample|10|69,0.0456,64608,4,10,1,136227.125,56925.3,43124.7,57742.3,52610.0,0.215552,0.412624
8|847|sample|10|69,0.228,13842,5,10,1,136227.125,46077.3,33735.6,46834.7,42081.3,-1.27113,-1.20754
8|847|sample|10|69,1.14,918,6,10,1,136227.125,31675.0,22467.2,32250.8,28590.1,-1.73379,-1.71951
8|847|sample|10|69,5.7,610,7,10,1,136227.125,12549.5,8942.66,12747.3,11299.3,-1.61207,-1.58447
8|847|sample|10|69,28.5,526,8,10,1,136227.125,1983.97,1984.6,1973.57,1983.85,-0.848931,-0.852181
8|847|sample|11|69,0.0003712,133212,1,11,1,136227.125,75798.3,62807.1,79171.5,77643.5,1.24416,1.30414
8|847|sample|11|69,0.001856,105958,2,11,1,136227.125,71172.0,57385.0,75017.4,73264.5,0.751172,0.812415
8|847|sample|11|69,0.00928,119951,3,11,1,136227.125,65000.6,50855.7,69237.3,67293.0,1.33228,1.42264
8|847|sample|11|69,0.0464,102632,4,11,1,136227.125,56807.1,43019.4,61239.0,59191.0,1.22676,1.33113
8|847|sample|11|69,0.2319999999999999,66738,5,11,1,136227.125,45929.0,33614.5,50171.2,48198.5,0.596811,0.694556
8|847|sample|11|69,1.16,18073,6,11,1,136227.125,31486.5,22327.0,34855.9,33284.4,-0.86154,-0.816473
8|847|sample|11|69,5.8,1002,7,11,1,136227.125,12311.9,8783.1,13663.0,13049.5,-1.57789,-1.56616
8|847|sample|11|69,29.0,630,8,11,1,136227.125,1983.97,1984.49,1973.56,1983.79,-0.787937,-0.79137
8|847|sample|12|69,0.0003712,124911,1,12,1,136227.125,75798.3,62807.1,79463.2,77047.4,1.04255,1.13187
8|847|sample|12|69,0.001856,113518,2,12,1,136227.125,71151.3,57368.3,75337.3,72562.8,0.923068,1.0274
8|847|sample|12|69,0.00928,110811,3,12,1,136227.125,64981.7,50840.9,69603.9,66522.6,1.07693,1.21014
8|847|sample|12|69,0.0464,95553,4,12,1,136227.125,56790.5,43006.8,61636.6,58387.3,0.998815,1.15421
8|847|sample|12|69,0.2319999999999999,71057,5,12,1,136227.125,45915.4,33604.5,50565.0,47430.3,0.732596,0.89913
8|847|sample|12|69,1.16,17709,6,12,1,136227.125,31477.0,22320.1,35179.6,32672.8,-0.88886,-0.817693
8|847|sample|12|69,5.8,964,7,12,1,136227.125,12307.9,8780.05,13799.8,12796.6,-1.58506,-1.56605
8|847|sample|12|69,29.0,514,8,12,1,136227.125,1983.97,1984.49,1973.56,1983.8,-0.855965,-0.859179
8|847|sample|3|69,6.4e-05,141928,1,3,1,136227.125,79574.0,67716.4,85870.9,84509.9,1.19127,1.23956
8|847|sample|3|69,0.00032,138654,2,3,1,136227.125,76186.2,63278.8,83809.1,82094.7,1.19378,1.25644
8|847|sample|3|69,0.0016,135457,3,3,1,136227.125,71678.6,57946.1,80704.9,78589.5,1.23694,1.31879
8|847|sample|3|69,0.008,145249,4,3,1,136227.125,65664.8,51524.0,76015.9,73486.6,1.65909,1.77796
8|847|sample|3|69,0.04,131047,5,3,1,136227.125,57680.4,43816.3,68987.9,66107.2,1.63613,1.78537
8|847|sample|3|69,0.2,70406,6,3,1,136227.125,47079.9,34565.7,58453.9,55435.8,0.370765,0.489145
8|847|sample|3|69,1.0,35020,7,3,1,136227.125,32996.2,23456.2,42652.6,39992.2,-0.322122,-0.223404
8|847|sample|3|69,5.0,19157,8,3,1,136227.125,14311.5,10132.7,18988.5,17677.0,0.0154515,0.14519
8|847|sample|4|69,6.4e-05,137164,1,4,1,136227.125,79574.0,67716.4,85623.8,84223.8,1.09839,1.14672
8|847|sample|4|69,0.00032,143262,2,4,1,136227.125,76186.2,63278.8,83489.1,81737.0,1.30596,1.37265
8|847|sample|4|69,0.0016,134282,3,4,1,136227.125,71678.6,57946.1,80300.2,78152.8,1.22559,1.30884
8|847|sample|4|69,0.008,148754,4,4,1,136227.125,65683.9,51539.0,75542.8,72991.9,1.76524,1.88957
8|847|sample|4|69,0.04,120142,5,4,1,136227.125,57697.3,43829.1,68431.7,65546.9,1.37418,1.51357
8|847|sample|4|69,0.2,68131,6,4,1,136227.125,47079.9,34565.7,57837.5,54837.4,0.322651,0.439005
8|847|sample|4|69,1.0,33891,7,4,1,136227.125,32996.2,23456.2,42096.0,39470.4,-0.350735,-0.253904
8|847|sample|4|69,5.0,19357,8,4,1,136227.125,14311.5,10132.7,18700.6,17415.7,0.0610758,0.193112
8|847|sample|5|69,0.0006144,138978,1,5,1,136227.125,74482.3,61209.7,84172.9,84167.7,1.18783,1.18801
8|847|sample|5|69,0.003072,131680,2,5,1,136227.125,69424.2,55467.3,80929.1,80947.9,1.14341,1.14273
8|847|sample|5|69,0.01536,120056,3,5,1,136227.125,62698.5,48568.3,75867.0,75914.9,1.06098,1.05917
8|847|sample|5|69,0.0768,103047,4,5,1,136227.125,53757.9,40280.9,67975.3,68055.7,0.93817,0.934932
8|847|sample|5|69,0.384,56782,5,5,1,136227.125,41863.7,30317.4,55664.2,55774.9,0.0363781,0.0327099
8|847|sample|5|69,1.92,28614,6,5,1,136227.125,26064.2,18353.8,36501.3,36627.6,-0.38721,-0.392098
8|847|sample|5|69,9.6,20034,7,5,1,136227.125,5183.29,4203.47,6734.83,6832.67,3.10806,3.04753
8|847|sample|5|69,48.0,9472,8,5,1,136227.125,1983.95,1983.8,1973.56,1983.79,4.39749,4.37729
8|847|sample|6|69,0.0006144,127160,1,6,1,136227.125,74482.3,61209.7,83143.4,82668.0,0.965649,0.981611
8|847|sample|6|69,0.003072,130753,2,6,1,136227.125,69424.2,55467.3,79606.6,79029.5,1.17119,1.19292
8|847|sample|6|69,0.01536,115206,3,6,1,136227.125,62698.5,48568.3,74232.7,73553.9,1.00509,1.03102
8|847|sample|6|69,0.0768,93986,4,6,1,136227.125,53757.9,40280.9,66074.3,65320.2,0.767744,0.797426
8|847|sample|6|69,0.384,45894,5,6,1,136227.125,41863.7,30317.4,53679.8,52930.1,-0.26254,-0.240549
8|847|sample|6|69,1.92,27093,6,6,1,136227.125,26064.2,18353.8,34888.9,34323.3,-0.399831,-0.376733
8|847|sample|6|69,9.6,17839,7,6,1,136227.125,5183.29,4203.47,6465.51,6442.79,2.75165,2.76536
8|847|sample|6|69,48.0,9360,8,6,1,136227.125,1983.95,1983.8,1973.56,1983.79,4.3318,4.31182
8|847|sample|7|69,7.68e-05,124621,1,7,1,136227.125,79234.5,67251.5,81275.3,79807.6,0.972473,1.02362
8|847|sample|7|69,0.000384,124263,2,7,1,136227.125,75735.3,62720.6,78097.2,76396.8,1.07727,1.14142
8|847|sample|7|69,0.00192,127505,3,7,1,136227.125,71079.8,57276.0,73749.3,71824.7,1.32716,1.41091
8|847|sample|7|69,0.0096,128418,4,7,1,136227.125,64888.6,50734.6,67804.7,65698.7,1.62541,1.73485
8|847|sample|7|69,0.048,77472,5,7,1,136227.125,56641.4,42863.7,59663.2,57477.2,0.541467,0.630588
8|847|sample|7|69,0.24,19051,6,7,1,136227.125,45678.5,33407.3,48538.4,46466.7,-1.09715,-1.06442
8|847|sample|7|69,1.2,998,7,7,1,136227.125,31136.1,22066.4,33370.5,31752.3,-1.73327,-1.72754
8|847|sample|7|69,6.0,632,8,7,1,136227.125,11842.8,8468.4,12686.8,12085.3,-1.60809,-1.59713
8|847|sample|8|69,7.68e-05,130681,1,8,1,136227.125,79234.5,67251.5,80820.5,79394.3,1.12484,1.17749
8|847|sample|8|69,0.000384,131502,2,8,1,136227.125,75735.3,62720.6,77561.8,75919.6,1.26723,1.33363
8|847|sample|8|69,0.00192,123225,3,8,1,136227.125,71079.8,57276.0,73134.5,71287.2,1.2469,1.32584
8|847|sample|8|69,0.0096,120550,4,8,1,136227.125,64888.6,50734.6,67122.8,65113.8,1.44702,1.54693
8|847|sample|8|69,0.048,74924,5,8,1,136227.125,56641.4,42863.7,58945.7,56873.5,0.491608,0.575189
8|847|sample|8|69,0.24,17541,6,8,1,136227.125,45678.5,33407.3,47848.4,45897.0,-1.14353,-1.11425
8|847|sample|8|69,1.2,1000,7,8,1,136227.125,31136.1,22066.4,32820.5,31306.7,-1.73127,-1.72574
8|847|sample|8|69,6.0,620,8,8,1,136227.125,11842.8,8468.4,12466.7,11909.7,-1.60582,-1.59543
8|847|sample|9|69,0.0003648,122535,1,9,1,136227.125,75841.7,62860.6,75655.9,72217.3,1.12866,1.26821
8|847|sample|9|69,0.001824,114457,2,9,1,136227.125,71229.6,57449.3,71008.3,67236.6,1.11342,1.27679
8|847|sample|9|69,0.00912,103659,3,9,1,136227.125,65096.0,50947.7,64843.3,60844.4,1.08757,1.27696
8|847|sample|9|69,0.0456,70963,4,9,1,136227.125,56941.9,43137.3,56668.6,52642.9,0.45711,0.629665
8|847|sample|9|69,0.228,15485,5,9,1,136227.125,46090.9,33745.7,45818.1,42109.6,-1.19394,-1.13775
8|847|sample|9|69,1.14,998,6,9,1,136227.125,31675.0,22467.2,31439.8,28602.2,-1.72636,-1.71459
8|847|sample|9|69,5.7,588,7,9,1,136227.125,12549.5,8942.66,12413.0,11304.1,-1.60921,-1.58783
8|847|sample|9|69,28.5,600,8,9,1,136227.125,1983.97,1984.6,1973.58,1983.85,-0.805536,-0.808925
8|847|vc|1|2|69,0.0,128428,1,2,1,136227.125,89980.7,89977.0,90052.6,89977.0,0.778132,0.780313
8|847|vc|2|2|69,0.0,140797,2,2,1,136227.125,90006.6,90002.8,90078.7,90002.8,1.02812,1.03051
8|847|vc|3|2|69,0.0,133543,3,2,1,136227.125,90006.6,90002.8,90078.7,90002.8,0.881069,0.883341
8|847|vc|4|2|69,0.0,145073,4,2,1,136227.125,90006.6,90002.8,90078.7,90002.8,1.11479,1.11726
8|847|vc|5|2|69,0.0,153047,5,2,1,136227.125,90006.6,90002.8,90078.7,90002.8,1.27644,1.27904
8|847|vc|6|2|69,0.0,143667,6,2,1,136227.125,90006.6,90002.8,90078.7,90002.8,1.08629,1.08874
8|847|vc|7|2|69,0.0,129385,7,2,1,136227.125,90006.6,90002.8,90078.7,90002.8,0.796782,0.798984
8|847|vc|8|2|69,0.0,115877,8,2,1,136227.125,89980.7,89977.0,90052.6,89977.0,0.523637,0.525607
8|474|cc|1|1|276,0.0,688,1,1,0,126520.0,0.0,0.0,0.0,0.0,1.07781,1.07781
8|474|cc|2|1|276,0.0,722,2,1,0,126520.0,0.0,0.0,0.0,0.0,1.13107,1.13107
8|474|cc|3|1|276,0.0,726,3,1,0,126520.0,0.0,0.0,0.0,0.0,1.13734,1.13734
8|474|cc|4|1|276,0.0,740,4,1,0,126520.0,0.0,0.0,0.0,0.0,1.15927,1.15927
8|474|cc|5|1|276,0.0,730,5,1,0,126520.0,0.0,0.0,0.0,0.0,1.1436,1.1436
8|474|cc|6|1|276,0.0,798,6,1,0,126520.0,0.0,0.0,0.0,0.0,1.25013,1.25013
8|474|cc|7|1|276,0.0,812,7,1,0,126520.0,0.0,0.0,0.0,0.0,1.27206,1.27206
8|474|cc|8|1|276,0.0,708,8,1,0,126520.0,0.0,0.0,0.0,0.0,1.10914,1.10914
8|474|sample|10|276,0.0003648,136491,1,10,1,126520.0,75819.0,80237.3,83654.1,76880.1,1.15217,1.41269
8|474|sample|10|276,0.001824,112487,2,10,1,126520.0,71199.4,73365.5,76887.6,69985.0,0.84357,1.10482
8|474|sample|10|276,0.00912,87404,3,10,1,126520.0,65055.9,65111.5,68614.0,61822.0,0.498034,0.751155
8|474|sample|10|276,0.0456,26053,4,10,1,126520.0,56872.0,55186.3,58485.7,52147.6,-1.00556,-0.905204
8|474|sample|10|276,0.228,1910,5,10,1,126520.0,46006.7,43274.5,46112.1,40702.9,-1.72903,-1.71341
8|474|sample|10|276,1.14,702,6,10,1,126520.0,31581.1,28978.1,30995.2,27164.2,-1.74168,-1.72704
8|474|sample|10|276,5.7,688,7,10,1,126520.0,12425.0,11820.4,12525.9,11150.7,-1.5977,-1.56957
8|474|sample|10|276,28.5,768,8,10,1,126520.0,1842.6,2992.19,2950.86,2992.99,-0.977347,-0.986155
8|474|sample|11|276,0.0003712,134430,1,11,1,126520.0,75775.5,80169.4,91693.8,88053.4,0.851244,0.961442
8|474|sample|11|276,0.001856,130150,2,11,1,126520.0,71141.7,73283.9,85365.5,81434.7,0.957268,1.09083
8|474|sample|11|276,0.00928,116133,3,11,1,126520.0,64960.4,64999.6,77231.5,73141.0,0.917777,1.0701
8|474|sample|11|276,0.0464,92512,4,11,1,126520.0,56753.8,55056.9,66808.7,62777.5,0.69936,0.860038
8|474|sample|11|276,0.2319999999999999,31016,5,11,1,126520.0,45858.1,43124.0,53453.4,49827.9,-0.759735,-0.682248
8|474|sample|11|276,1.16,1746,6,11,1,126520.0,31392.4,28802.4,36340.2,33646.6,-1.70562,-1.69446
8|474|sample|11|276,5.8,650,7,11,1,126520.0,12187.1,11617.9,14412.5,13428.3,-1.63272,-1.61809
8|474|sample|11|276,29.0,692,8,11,1,126520.0,1842.59,2992.05,2950.36,2991.33,-1.01127,-1.01951
8|474|sample|12|276,0.0003712,121914,1,12,1,126520.0,75775.5,80169.4,90448.2,85610.6,0.635273,0.773795
8|474|sample|12|276,0.001856,119881,2,12,1,126520.0,71121.1,73268.2,84004.7,78856.7,0.779106,0.948206
8|474|sample|12|276,0.00928,117603,3,12,1,126520.0,64941.5,64985.6,75816.8,70531.7,1.00395,1.21427
8|474|sample|12|276,0.0464,87318,4,12,1,126520.0,56737.2,55045.0,65412.3,60270.3,0.60853,0.814247
8|474|sample|12|276,0.2319999999999999,26931,5,12,1,126520.0,45844.6,43114.5,52191.2,47621.8,-0.875543,-0.784312
8|474|sample|12|276,1.16,1852,6,12,1,126520.0,31383.0,28795.8,35390.8,32031.1,-1.69652,-1.681
8|474|sample|12|276,5.8,644,7,12,1,126520.0,12183.1,11614.9,14043.1,12815.5,-1.62818,-1.60873
8|474|sample|12|276,29.0,664,8,12,1,126520.0,1842.59,2992.05,2950.39,2991.46,-1.02382,-1.03195
8|474|sample|3|276,6.4e-05,140286,1,3,1,126520.0,79557.3,86398.9,105316.0,102629.0,0.607463,0.67106
8|474|sample|3|276,0.00032,140390,2,3,1,126520.0,76164.0,80761.9,101783.0,98511.8,0.693651,0.777106
8|474|sample|3|276,0.0016,126011,3,3,1,126520.0,71649.1,73990.4,96833.4,92967.1,0.550701,0.649285
8|474|sample|3|276,0.008,136248,4,3,1,126520.0,65625.6,65842.6,89884.4,85484.8,0.941845,1.08357
8|474|sample|3|276,0.04,123688,5,3,1,126520.0,57628.4,56063.8,80170.6,75425.7,0.989585,1.16546
8|474|sample|3|276,0.2,100688,6,3,1,126520.0,47010.9,44327.6,66591.9,61902.4,0.93069,1.1374
8|474|sample|3|276,1.0,44295,7,3,1,126520.0,32904.6,30235.2,47600.0,43712.2,-0.125337,0.024016
8|474|sample|3|276,5.0,6292,8,3,1,126520.0,14190.0,13331.3,21067.0,19270.9,-1.22855,-1.17398
8|474|sample|4|276,6.4e-05,137562,1,4,1,126520.0,79557.3,86398.9,104715.0,101910.0,0.573814,0.639757
8|474|sample|4|276,0.00032,134604,2,4,1,126520.0,76164.0,80761.9,101058.0,97676.8,0.606995,0.691021
8|474|sample|4|276,0.0016,133116,3,4,1,126520.0,71649.1,73990.4,95978.6,92019.9,0.7071,0.815712
8|474|sample|4|276,0.008,133348,4,4,1,126520.0,65644.7,65856.8,88929.0,84463.6,0.911909,1.05591
8|474|sample|4|276,0.04,121193,5,4,1,126520.0,57645.2,56076.0,79130.7,74357.0,0.96888,1.14702
8|474|sample|4|276,0.2,98200,6,4,1,126520.0,47010.9,44327.6,65537.5,60861.0,0.905649,1.11335
8|474|sample|4|276,1.0,38819,7,4,1,126520.0,32904.6,30235.2,46712.6,42868.4,-0.304898,-0.170063
8|474|sample|4|276,5.0,6826,8,4,1,126520.0,14190.0,13331.3,20639.1,18878.4,-1.17109,-1.11151
8|474|sample|5|276,0.0006144,132239,1,5,1,126520.0,74457.4,78142.5,96873.3,94810.4,0.667222,0.721318
8|474|sample|5|276,0.003072,134624,2,5,1,126520.0,69391.2,70850.8,90738.4,88367.1,0.883223,0.955599
8|474|sample|5|276,0.01536,128618,3,5,1,126520.0,62654.5,62092.8,82420.3,79814.9,1.02227,1.11465
8|474|sample|5|276,0.0768,115873,4,5,1,126520.0,53699.5,51574.6,71145.0,68466.2,1.14404,1.2592
8|474|sample|5|276,0.384,72562,5,5,1,126520.0,41786.2,38934.9,55852.2,53397.4,0.542,0.649582
8|474|sample|5|276,1.92,20404,6,5,1,126520.0,25961.4,23759.5,35135.1,33411.8,-0.750399,-0.695623
8|474|sample|5|276,9.6,3584,7,5,1,126520.0,5046.98,5807.3,7190.04,7032.22,-0.796916,-0.776682
8|474|sample|5|276,48.0,1678,8,5,1,126520.0,1842.58,2991.17,2950.29,2991.16,-0.56973,-0.58227
8|474|sample|6|276,0.0006144,136505,1,6,1,126520.0,74457.4,78142.5,96099.5,93925.4,0.768371,0.828223
8|474|sample|6|276,0.003072,126395,2,6,1,126520.0,69391.2,70850.8,89864.5,87388.6,0.742255,0.814717
8|474|sample|6|276,0.01536,119521,3,6,1,126520.0,62654.5,62092.8,81470.9,78774.1,0.851644,0.942765
8|474|sample|6|276,0.0768,112647,4,6,1,126520.0,53699.5,51574.6,70174.3,67424.2,1.10113,1.21943
8|474|sample|6|276,0.384,74357,5,6,1,126520.0,41786.2,38934.9,54961.6,52461.1,0.639092,0.755117
8|474|sample|6|276,1.92,20760,6,6,1,126520.0,25961.4,23759.5,34498.9,32756.4,-0.712337,-0.653927
8|474|sample|6|276,9.6,3528,7,6,1,126520.0,5046.98,5807.3,7100.77,6941.47,-0.798075,-0.777446
8|474|sample|6|276,48.0,1762,8,6,1,126520.0,1842.58,2991.17,2950.29,2991.16,-0.532115,-0.545024
8|474|sample|7|276,7.68e-05,132990,1,7,1,126520.0,79217.2,85808.9,91973.4,83397.8,0.81454,1.0847
8|474|sample|7|276,0.000384,129527,2,7,1,126520.0,75712.4,80053.7,86596.5,77563.2,0.90477,1.22078
8|474|sample|7|276,0.00192,112032,3,7,1,126520.0,71049.3,73140.2,79910.0,70630.0,0.732799,1.06656
8|474|sample|7|276,0.0096,80668,4,7,1,126520.0,64848.1,64836.3,71596.4,62392.3,0.230591,0.531807
8|474|sample|7|276,0.048,30208,5,7,1,126520.0,56587.7,54851.2,61247.7,52594.1,-0.919792,-0.770111
8|474|sample|7|276,0.24,1942,6,7,1,126520.0,45607.2,42857.9,48381.9,40952.1,-1.73337,-1.71281
8|474|sample|7|276,1.2,666,7,7,1,126520.0,31041.5,28471.7,32409.0,27137.4,-1.74821,-1.72928
8|474|sample|7|276,6.0,798,8,7,1,126520.0,11717.3,11219.4,12579.7,10751.1,-1.58389,-1.54313
8|474|sample|8|276,7.68e-05,139337,1,8,1,126520.0,79217.2,85808.9,89473.8,84708.7,1.01753,1.17661
8|474|sample|8|276,0.000384,129049,2,8,1,126520.0,75712.4,80053.7,83929.1,78913.9,0.980716,1.15796
8|474|sample|8|276,0.00192,112244,3,8,1,126520.0,71049.3,73140.2,77132.6,71988.0,0.829406,1.01779
8|474|sample|8|276,0.0096,86461,4,8,1,126520.0,64848.1,64836.3,68802.9,63711.2,0.466769,0.648547
8|474|sample|8|276,0.048,30862,5,8,1,126520.0,56587.7,54851.2,58582.6,53809.1,-0.858068,-0.771968
8|474|sample|8|276,0.24,2300,6,8,1,126520.0,45607.2,42857.9,46057.4,41975.4,-1.71361,-1.70072
8|474|sample|8|276,1.2,754,7,8,1,126520.0,31041.5,28471.7,30728.6,27852.0,-1.73776,-1.72664
8|474|sample|8|276,6.0,720,8,8,1,126520.0,11717.3,11219.4,11970.9,11001.2,-1.58255,-1.56127
8|474|sample|9|276,0.0003648,135511,1,9,1,126520.0,75819.0,80237.3,83860.2,77915.5,1.12358,1.34706
8|474|sample|9|276,0.001824,117258,2,9,1,126520.0,71199.4,73365.5,77100.5,71022.3,0.948993,1.18461
8|474|sample|9|276,0.00912,89772,3,9,1,126520.0,65055.9,65111.5,68826.5,62826.4,0.553481,0.778778
8|474|sample|9|276,0.0456,24875,4,9,1,126520.0,56888.6,55198.3,58699.9,53082.4,-1.04497,-0.961639
8|474|sample|9|276,0.228,1858,5,9,1,126520.0,46020.2,43284.0,46297.1,41489.5,-1.73152,-1.71818
8|474|sample|9|276,1.14,680,6,9,1,126520.0,31581.1,28978.1,31121.6,27709.8,-1.74336,-1.73077
8|474|sample|9|276,5.7,720,7,9,1,126520.0,12425.0,11820.4,12573.7,11351.0,-1.59427,-1.56933
8|474|sample|9|276,28.5,790,8,9,1,126520.0,1842.6,2992.19,2950.84,2992.7,-0.967491,-0.976343
8|474|vc|1|2|276,0.0,128388,1,2,1,126520.0,89980.7,114645.0,114250.0,114645.0,0.226581,0.219497
8|474|vc|2|2|276,0.0,126824,2,2,1,126520.0,90006.6,114669.0,114274.0,114669.0,0.201082,0.194089
8|474|vc|3|2|276,0.0,135976,3,2,1,126520.0,90006.6,114669.0,114274.0,114669.0,0.347724,0.340231
8|474|vc|4|2|276,0.0,130086,4,2,1,126520.0,90006.6,114669.0,114274.0,114669.0,0.253349,0.246178
8|474|vc|5|2|276,0.0,126830,5,2,1,126520.0,90006.6,114669.0,114274.0,114669.0,0.201179,0.194185
8|474|vc|6|2|276,0.0,130250,6,2,1,126520.0,90006.6,114669.0,114274.0,114669.0,0.255977,0.248797
8|474|vc|7|2|276,0.0,124477,7,2,1,126520.0,90006.6,114669.0,114274.0,114669.0,0.163477,0.156612
8|474|vc|8|2|276,0.0,109329,8,2,1,126520.0,89980.7,114645.0,114250.0,114645.0,-0.0788642,-0.0849067
8|462|cc|1|1|292,0.0,566,1,1,0,129563.0,0.0,0.0,0.0,0.0,0.886683,0.886683
8|462|cc|2|1|292,0.0,562,2,1,0,129563.0,0.0,0.0,0.0,0.0,0.880417,0.880417
8|462|cc|3|1|292,0.0,584,3,1,0,129563.0,0.0,0.0,0.0,0.0,0.914881,0.914881
8|462|cc|4|1|292,0.0,656,4,1,0,129563.0,0.0,0.0,0.0,0.0,1.02767,1.02767
8|462|cc|5|1|292,0.0,696,5,1,0,129563.0,0.0,0.0,0.0,0.0,1.09034,1.09034
8|462|cc|6|1|292,0.0,706,6,1,0,129563.0,0.0,0.0,0.0,0.0,1.106,1.106
8|462|cc|7|1|292,0.0,668,7,1,0,129563.0,0.0,0.0,0.0,0.0,1.04647,1.04647
8|462|cc|8|1|292,0.0,710,8,1,0,129563.0,0.0,0.0,0.0,0.0,1.11227,1.11227
8|462|sample|10|292,0.0003648,102838,1,10,1,129563.0,75826.1,96381.3,72838.9,59798.3,0.749749,1.3057
8|462|sample|10|292,0.001824,109527,2,10,1,129563.0,71208.8,117115.0,87209.5,71210.0,0.467084,0.979182
8|462|sample|10|292,0.00912,75302,3,10,1,129563.0,65068.5,128659.0,94469.4,76935.2,-0.370708,-0.0386772
8|462|sample|10|292,0.0456,30834,4,10,1,129563.0,56888.7,109940.0,79242.7,64278.3,-1.11351,-0.945163
8|462|sample|10|292,0.228,1866,5,10,1,129563.0,46028.8,87474.2,62223.4,50518.4,-1.76103,-1.7409
8|462|sample|10|292,1.14,542,6,10,1,129563.0,31610.6,60510.9,43200.3,35559.7,-1.77811,-1.76318
8|462|sample|10|292,5.7,526,7,10,1,129563.0,12464.0,21395.0,16297.2,14232.3,-1.66927,-1.64507
8|462|sample|10|292,28.5,550,8,10,1,129563.0,1886.91,4397.99,4431.78,4459.92,-1.27943,-1.28228
8|462|sample|11|292,0.0003712,100654,1,11,1,129563.0,75782.7,96300.4,81839.5,76530.5,0.419241,0.574262
8|462|sample|11|292,0.001856,107033,2,11,1,129563.0,71151.2,116989.0,98438.8,91638.7,0.159593,0.306815
8|462|sample|11|292,0.00928,111878,3,11,1,129563.0,64973.0,104104.0,86325.3,80055.3,0.540198,0.724673
8|462|sample|11|292,0.0464,96908,4,11,1,129563.0,56770.5,88640.3,72466.9,66976.4,0.613926,0.812403
8|462|sample|11|292,0.2319999999999999,62831,5,11,1,129563.0,45880.3,70081.1,56612.3,52208.9,0.199058,0.368049
8|462|sample|11|292,1.16,11954,6,11,1,129563.0,31421.9,47806.8,38473.9,35534.8,-1.23718,-1.18812
8|462|sample|11|292,5.8,712,7,11,1,129563.0,12226.2,21080.1,17755.9,16753.0,-1.66501,-1.65467
8|462|sample|11|292,29.0,526,8,11,1,129563.0,1886.91,4397.82,4417.23,4409.54,-1.28588,-1.28511
8|462|sample|12|292,0.0003712,92444,1,12,1,129563.0,75782.7,96300.4,87567.0,78227.5,0.101659,0.331193
8|462|sample|12|292,0.001856,89758,2,12,1,129563.0,71130.5,88082.5,79327.8,70299.6,0.239666,0.503586
8|462|sample|12|292,0.00928,86511,3,12,1,129563.0,64954.1,78219.6,69742.9,61308.8,0.437367,0.74608
8|462|sample|12|292,0.0464,76016,4,12,1,129563.0,56753.9,66382.3,58592.8,51112.4,0.53923,0.880989
8|462|sample|12|292,0.2319999999999999,48569,5,12,1,129563.0,45866.8,52175.5,45621.6,39548.9,0.116499,0.409689
8|462|sample|12|292,1.16,9584,6,12,1,129563.0,31412.5,35124.9,30532.1,26434.9,-1.22198,-1.12881
8|462|sample|12|292,5.8,838,7,12,1,129563.0,12222.2,14665.9,12993.2,11592.6,-1.58644,-1.55754
8|462|sample|12|292,29.0,604,8,12,1,129563.0,1886.91,4397.82,4413.22,4407.45,-1.25968,-1.25907
8|462|sample|3|292,6.4e-05,108562,1,3,1,129563.0,79562.5,103718.0,107012.0,99818.4,0.0265096,0.16015
8|462|sample|3|292,0.00032,130392,2,3,1,129563.0,76171.0,128619.0,133279.0,123355.0,-0.0397226,0.104529
8|462|sample|3|292,0.0016,132645,3,3,1,129563.0,71658.4,145405.0,151215.0,138963.0,-0.225425,-0.0834044
8|462|sample|3|292,0.008,136907,4,3,1,129563.0,65637.9,130038.0,135677.0,123751.0,0.0166325,0.194809
8|462|sample|3|292,0.04,113528,5,3,1,129563.0,57644.7,111595.0,116811.0,105757.0,-0.0514765,0.134426
8|462|sample|3|292,0.2,82203,6,3,1,129563.0,47032.5,89460.4,93907.5,84473.9,-0.22771,-0.0490464
8|462|sample|3|292,1.0,54160,7,3,1,129563.0,32933.3,50035.2,52616.2,47071.2,0.0530867,0.271777
8|462|sample|3|292,5.0,30876,8,3,1,129563.0,14228.1,16709.7,17473.2,15771.5,1.32915,1.64829
8|462|sample|4|292,6.4e-05,104240,1,4,1,129563.0,79562.5,103718.0,103137.0,97299.6,0.0195615,0.130374
8|462|sample|4|292,0.00032,128947,2,4,1,129563.0,76171.0,128619.0,127984.0,119994.0,0.0137964,0.136675
8|462|sample|4|292,0.0016,136467,3,4,1,129563.0,71658.4,145405.0,144659.0,134898.0,-0.103909,0.0213332
8|462|sample|4|292,0.008,138746,4,4,1,129563.0,65657.0,153204.0,152329.0,141365.0,-0.163684,-0.033995
8|462|sample|4|292,0.04,119405,5,4,1,129563.0,57661.6,131819.0,130905.0,120875.0,-0.161067,-0.0222752
8|462|sample|4|292,0.2,86679,6,4,1,129563.0,47032.5,89460.4,88664.8,81433.9,-0.040888,0.117449
8|462|sample|4|292,1.0,49742,7,4,1,129563.0,32933.3,50035.2,49469.7,45284.9,0.00994713,0.177447
8|462|sample|4|292,5.0,30602,8,4,1,129563.0,14228.1,16709.7,16470.1,15212.9,1.4811,1.73657
8|462|sample|5|292,0.0006144,100518,1,5,1,129563.0,74465.2,93886.8,97430.0,89581.2,0.0579311,0.222916
8|462|sample|5|292,0.003072,130424,2,5,1,129563.0,69401.5,113204.0,118023.0,107599.0,0.192448,0.388157
8|462|sample|5|292,0.01536,129379,3,5,1,129563.0,62668.3,122966.0,128681.0,116449.0,0.0099442,0.203339
8|462|sample|5|292,0.0768,104544,4,5,1,129563.0,53717.8,121977.0,128025.0,115159.0,-0.336191,-0.168785
8|462|sample|5|292,0.384,71521,5,5,1,129563.0,41810.4,94340.6,99243.5,88817.2,-0.51068,-0.355527
8|462|sample|5|292,1.92,57664,6,5,1,129563.0,25993.6,50668.5,53305.4,47662.4,0.147983,0.378808
8|462|sample|5|292,9.6,30300,7,5,1,129563.0,5089.71,12042.9,12297.0,11765.4,2.47105,2.64845
8|462|sample|5|292,48.0,15085,8,5,1,129563.0,1886.9,4396.78,4409.04,4396.81,3.53311,3.54491
8|462|sample|6|292,0.0006144,102350,1,6,1,129563.0,74465.2,93886.8,92842.6,82425.0,0.187061,0.440876
8|462|sample|6|292,0.003072,113884,2,6,1,129563.0,69401.5,113204.0,111976.0,98461.2,0.0311897,0.286335
8|462|sample|6|292,0.01536,121365,3,6,1,129563.0,62668.3,122966.0,121568.0,106027.0,-0.00305357,0.26467
8|462|sample|6|292,0.0768,98102,4,6,1,129563.0,53717.8,121977.0,120498.0,104461.0,-0.340496,-0.11135
8|462|sample|6|292,0.384,76259,5,6,1,129563.0,41810.4,94340.6,93080.8,80315.5,-0.330136,-0.0920796
8|462|sample|6|292,1.92,51729,6,6,1,129563.0,25993.6,50668.5,49918.6,43123.1,0.06554,0.359342
8|462|sample|6|292,9.6,27657,7,6,1,129563.0,5089.71,12042.9,11983.5,11367.4,2.20252,2.40151
8|462|sample|6|292,48.0,13804,8,6,1,129563.0,1886.9,4396.78,4409.06,4396.95,3.10916,3.11992
8|462|sample|7|292,7.68e-05,94296,1,7,1,129563.0,79222.6,103016.0,74843.9,64004.8,0.473334,0.859645
8|462|sample|7|292,0.000384,117953,2,7,1,129563.0,75719.6,127518.0,91090.0,77536.2,0.538574,0.949833
8|462|sample|7|292,0.00192,127709,3,7,1,129563.0,71058.9,143802.0,101008.0,85739.9,0.48338,0.893224
8|462|sample|7|292,0.0096,104166,4,7,1,129563.0,64860.8,150973.0,104481.0,88633.8,-0.00551039,0.319919
8|462|sample|7|292,0.048,34555,5,7,1,129563.0,56604.5,129141.0,87736.1,74326.7,-1.10644,-0.974403
8|462|sample|7|292,0.24,2124,6,7,1,129563.0,45629.6,86688.6,57555.3,48644.6,-1.74584,-1.72723
8|462|sample|7|292,1.2,604,7,7,1,129563.0,31071.1,47292.6,31023.1,26345.1,-1.7474,-1.72997
8|462|sample|7|292,6.0,570,8,7,1,129563.0,11756.7,14195.0,10005.2,8936.93,-1.56037,-1.5298
8|462|sample|8|292,7.68e-05,101781,1,8,1,129563.0,79222.6,103016.0,76188.2,67315.5,0.611936,0.930833
8|462|sample|8|292,0.000384,127577,2,8,1,129563.0,75719.6,127518.0,92776.0,81603.2,0.685202,1.02735
8|462|sample|8|292,0.00192,127445,3,8,1,129563.0,71058.9,143802.0,102922.0,90265.9,0.435789,0.752118
8|462|sample|8|292,0.0096,110699,4,8,1,129563.0,64860.8,150973.0,106486.0,93285.0,0.0723806,0.341019
8|462|sample|8|292,0.048,35462,5,8,1,129563.0,56604.5,129141.0,89455.0,78237.9,-1.10203,-0.996393
8|462|sample|8|292,0.24,2200,6,8,1,129563.0,45629.6,86688.6,58716.6,51238.4,-1.74551,-1.73061
8|462|sample|8|292,1.2,518,7,8,1,129563.0,31071.1,47292.6,31644.4,27708.3,-1.75419,-1.74114
8|462|sample|8|292,6.0,538,8,8,1,129563.0,11756.7,14195.0,10153.0,9247.34,-1.56937,-1.54501
8|462|sample|9|292,0.0003648,110763,1,9,1,129563.0,75826.1,96381.3,72691.6,63798.5,0.95339,1.33705
8|462|sample|9|292,0.001824,99793,2,9,1,129563.0,71208.8,117115.0,87027.6,76030.0,0.267718,0.569349
8|462|sample|9|292,0.00912,104612,3,9,1,129563.0,65068.5,128659.0,94267.9,82146.1,0.200482,0.498761
8|462|sample|9|292,0.0456,29106,4,9,1,129563.0,56905.3,129900.0,94167.2,82067.1,-1.26231,-1.1769
8|462|sample|9|292,0.228,1898,5,9,1,129563.0,46042.4,103850.0,74466.4,64962.8,-1.77464,-1.76382
8|462|sample|9|292,1.14,602,6,9,1,129563.0,31610.6,60510.9,43108.8,37769.2,-1.77546,-1.76525
8|462|sample|9|292,5.7,556,7,9,1,129563.0,12464.0,21395.0,16271.8,14817.3,-1.66583,-1.64909
8|462|sample|9|292,28.5,492,8,9,1,129563.0,1886.91,4397.99,4432.09,4442.45,-1.29858,-1.2996
8|462|vc|1|2|292,0.0,109457,1,2,1,129563.0,89980.7,137354.0,138018.0,137354.0,-0.379566,-0.372523
8|462|vc|2|2|292,0.0,135900,2,2,1,129563.0,90006.6,181355.0,182534.0,181355.0,-0.469586,-0.460667
8|462|vc|3|2|292,0.0,145948,3,2,1,129563.0,90006.6,181355.0,182534.0,181355.0,-0.368407,-0.358834
8|462|vc|4|2|292,0.0,141437,4,2,1,129563.0,90006.6,181355.0,182534.0,181355.0,-0.413831,-0.404551
8|462|vc|5|2|292,0.0,134947,5,2,1,129563.0,90006.6,181355.0,182534.0,181355.0,-0.479183,-0.470325
8|462|vc|6|2|292,0.0,143094,6,2,1,129563.0,90006.6,181355.0,182534.0,181355.0,-0.397146,-0.387758
8|462|vc|7|2|292,0.0,130244,7,2,1,129563.0,90006.6,181355.0,182534.0,181355.0,-0.52654,-0.517988
8|462|vc|8|2|292,0.0,95477,8,2,1,129563.0,89980.7,137354.0,138018.0,137354.0,-0.565358,-0.559206
8|75|cc|1|1|65,0.0,476,1,1,0,11543.75,0.0,0.0,0.0,0.0,0.745691,0.745691
8|75|cc|2|1|65,0.0,506,2,1,0,11543.75,0.0,0.0,0.0,0.0,0.792688,0.792688
8|75|cc|3|1|65,0.0,530,3,1,0,11543.75,0.0,0.0,0.0,0.0,0.830286,0.830286
8|75|cc|4|1|65,0.0,516,4,1,0,11543.75,0.0,0.0,0.0,0.0,0.808354,0.808354
8|75|cc|5|1|65,0.0,544,5,1,0,11543.75,0.0,0.0,0.0,0.0,0.852218,0.852218
8|75|cc|6|1|65,0.0,508,6,1,0,11543.75,0.0,0.0,0.0,0.0,0.795821,0.795821
8|75|cc|7|1|65,0.0,588,7,1,0,11543.75,0.0,0.0,0.0,0.0,0.921148,0.921148
8|75|cc|8|1|65,0.0,520,8,1,0,11543.75,0.0,0.0,0.0,0.0,0.81462,0.81462
8|75|sample|10|65,0.0003648,9492,1,10,1,11543.75,75549.9,62303.6,19248.0,18000.8,-0.883451,-0.820612
8|75|sample|10|65,0.001824,15953,2,10,1,11543.75,70842.0,56779.8,16584.0,15492.9,-0.0657113,0.0510527
8|75|sample|10|65,0.00912,16247,3,10,1,11543.75,64581.1,50143.0,13817.9,12895.7,0.299607,0.440427
8|75|sample|10|65,0.0456,12740,4,10,1,11543.75,56241.7,42158.1,10942.5,10203.4,0.274284,0.412202
8|75|sample|10|65,0.228,11350,5,10,1,11543.75,45169.8,32574.8,7960.26,7419.13,0.685997,0.84556
8|75|sample|10|65,1.14,6674,6,10,1,11543.75,30470.0,21073.2,4887.35,4563.56,0.544669,0.679641
8|75|sample|10|65,5.7,4010,7,10,1,11543.75,10950.7,7269.87,1975.06,1887.21,1.19283,1.27995
8|75|sample|10|65,28.5,1556,8,10,1,11543.75,168.133,168.946,428.015,445.631,1.29698,1.2629
8|75|sample|11|65,0.0003712,11442,1,11,1,11543.75,75505.6,62249.0,10299.6,10046.9,0.184082,0.229861
8|75|sample|11|65,0.001856,13046,2,11,1,11543.75,70783.2,56714.2,8807.43,8590.66,0.785022,0.843477
8|75|sample|11|65,0.00928,11394,3,11,1,11543.75,64484.4,50049.9,7285.89,7106.58,0.897593,0.957041
8|75|sample|11|65,0.0464,7362,4,11,1,11543.75,56121.8,42051.5,5742.34,5602.02,0.432786,0.480007
8|75|sample|11|65,0.2319999999999999,2518,5,11,1,11543.75,45019.1,32452.0,4194.44,4094.64,-0.576951,-0.552869
8|75|sample|11|65,1.16,618,6,11,1,11543.75,30278.6,20931.0,2705.02,2646.12,-0.993553,-0.980373
8|75|sample|11|65,5.8,582,7,11,1,11543.75,10708.2,7107.0,1445.64,1422.29,-0.608286,-0.597148
8|75|sample|11|65,29.0,612,8,11,1,11543.75,168.13,168.835,651.31,647.765,-0.0396907,-0.0361809
8|75|sample|12|65,0.0003712,10454,1,12,1,11543.75,75505.6,62249.0,9993.59,8182.18,0.0762215,0.44886
8|75|sample|12|65,0.001856,10998,2,12,1,11543.75,70762.8,56697.8,8541.73,6988.95,0.467357,0.907786
8|75|sample|12|65,0.00928,9204,3,12,1,11543.75,64465.8,50035.4,7065.53,5782.76,0.479727,0.908874
8|75|sample|12|65,0.0464,4926,4,12,1,11543.75,56105.6,42039.3,5569.86,4571.82,-0.176439,0.113896
8|75|sample|12|65,0.2319999999999999,1482,5,12,1,11543.75,45006.1,32442.6,4073.43,3379.26,-0.912388,-0.76967
8|75|sample|12|65,1.16,542,6,12,1,11543.75,30269.8,20924.9,2639.27,2262.95,-1.01562,-0.924447
8|75|sample|12|65,5.8,592,7,12,1,11543.75,10705.1,7104.91,1430.39,1334.07,-0.593951,-0.545846
8|75|sample|12|65,29.0,536,8,12,1,11543.75,168.13,168.835,660.984,708.57,-0.125532,-0.168961
8|75|sample|3|65,6.4e-05,9174,1,3,1,11543.75,79359.3,67259.9,12479.4,11115.2,-0.447635,-0.292047
8|75|sample|3|65,0.00032,13782,2,3,1,11543.75,75901.0,62729.9,10950.3,9745.54,0.431818,0.683405
8|75|sample|3|65,0.0016,12730,3,3,1,11543.75,71299.7,57286.2,9390.23,8351.76,0.584454,0.849653
8|75|sample|3|65,0.008,12668,4,3,1,11543.75,65161.7,50731.2,7797.21,6932.78,1.00362,1.30764
8|75|sample|3|65,0.04,5898,5,3,1,11543.75,57012.4,42864.1,6177.42,5496.04,-0.0702477,0.111369
8|75|sample|3|65,0.2,1670,6,3,1,11543.75,46193.1,33422.1,4544.8,4058.58,-0.92883,-0.843353
8|75|sample|3|65,1.0,916,7,3,1,11543.75,31819.4,22083.6,2953.53,2675.48,-0.911687,-0.84404
8|75|sample|3|65,5.0,826,8,3,1,11543.75,12750.1,8485.53,1575.86,1492.35,-0.503201,-0.461127
8|75|sample|4|65,6.4e-05,9994,1,4,1,11543.75,79359.3,67259.9,11908.4,11038.4,-0.270565,-0.158121
8|75|sample|4|65,0.00032,12470,2,4,1,11543.75,75901.0,62729.9,10445.4,9677.83,0.322139,0.475685
8|75|sample|4|65,0.0016,13558,3,4,1,11543.75,71299.7,57286.2,8954.5,8293.45,0.840239,1.02794
8|75|sample|4|65,0.008,12398,4,4,1,11543.75,65180.5,50745.9,7436.16,6886.32,1.06522,1.26391
8|75|sample|4|65,0.04,5708,5,4,1,11543.75,57028.9,42876.4,5892.38,5459.54,-0.0482218,0.0692166
8|75|sample|4|65,0.2,2180,6,4,1,11543.75,46193.1,33422.1,4340.1,4031.59,-0.723792,-0.657139
8|75|sample|4|65,1.0,968,7,4,1,11543.75,31819.4,22083.6,2837.83,2660.41,-0.860738,-0.815049
8|75|sample|4|65,5.0,668,8,4,1,11543.75,12750.1,8485.53,1545.06,1488.32,-0.595207,-0.568539
8|75|sample|5|65,0.0006144,9826,1,5,1,11543.75,74162.5,60618.6,8202.24,7822.25,0.320134,0.411723
8|75|sample|5|65,0.003072,10274,2,5,1,11543.75,68999.4,54756.8,6946.35,6624.62,0.757443,0.864916
8|75|sample|5|65,0.01536,8880,3,5,1,11543.75,62134.1,47714.5,5676.01,5414.94,0.86441,0.971845
8|75|sample|5|65,0.0768,3258,4,5,1,11543.75,53008.2,39254.7,4402.2,4204.64,-0.379125,-0.325173
8|75|sample|5|65,0.384,1754,5,5,1,11543.75,40868.3,29085.1,3155.55,3024.17,-0.597905,-0.558787
8|75|sample|5|65,1.92,1028,6,5,1,11543.75,24743.4,16874.8,2015.41,1948.56,-0.571489,-0.544181
8|75|sample|5|65,9.6,926,7,5,1,11543.75,3432.43,2432.64,1120.03,1102.97,-0.155998,-0.143344
8|75|sample|5|65,48.0,608,8,5,1,11543.75,168.118,168.129,572.828,578.389,0.0371018,0.0311369
8|75|sample|6|65,0.0006144,8692,1,6,1,11543.75,74162.5,60618.6,10509.6,8382.02,-0.287622,0.0599647
8|75|sample|6|65,0.003072,13380,2,6,1,11543.75,68999.4,54756.8,8909.45,7099.15,0.819616,1.40327
8|75|sample|6|65,0.01536,8136,3,6,1,11543.75,62134.1,47714.5,7277.88,5800.07,0.187671,0.619014
8|75|sample|6|65,0.0768,3106,4,6,1,11543.75,53008.2,39254.7,5620.17,4494.76,-0.683872,-0.452656
8|75|sample|6|65,0.384,1780,5,6,1,11543.75,40868.3,29085.1,3959.11,3212.62,-0.784282,-0.603222
8|75|sample|6|65,1.92,1208,6,6,1,11543.75,24743.4,16874.8,2387.32,2034.56,-0.61142,-0.475543
8|75|sample|6|65,9.6,856,7,6,1,11543.75,3432.43,2432.64,1148.06,1109.72,-0.231992,-0.204913
8|75|sample|6|65,48.0,602,8,6,1,11543.75,168.118,168.129,481.736,554.263,0.133814,0.0508953
8|75|sample|7|65,7.68e-05,10480,1,7,1,11543.75,79012.7,66785.4,21362.6,19802.4,-0.893033,-0.82188
8|75|sample|7|65,0.000384,13258,2,7,1,11543.75,75440.7,62160.2,18831.8,17434.8,-0.515233,-0.41507
8|75|sample|7|65,0.00192,16339,3,7,1,11543.75,70688.5,56602.3,16205.9,14985.6,0.0141634,0.154864
8|75|sample|7|65,0.0096,16439,4,7,1,11543.75,64368.7,49924.8,13481.2,12452.1,0.373184,0.541005
8|75|sample|7|65,0.048,14116,5,7,1,11543.75,55951.2,41891.0,10651.2,9828.6,0.54172,0.720416
8|75|sample|7|65,0.24,12342,6,7,1,11543.75,44762.7,32239.7,7716.2,7116.99,0.961821,1.16487
8|75|sample|7|65,1.2,5688,7,7,1,11543.75,29920.9,20665.0,4700.0,4346.15,0.310791,0.449124
8|75|sample|7|65,6.0,2598,8,7,1,11543.75,10230.4,6786.81,1875.1,1785.6,0.437608,0.506623
8|75|sample|8|65,7.68e-05,10458,1,8,1,11543.75,79012.7,66785.4,21542.1,19326.1,-0.902381,-0.79999
8|75|sample|8|65,0.000384,12990,2,8,1,11543.75,75440.7,62160.2,18992.9,17008.9,-0.550464,-0.408729
8|75|sample|8|65,0.00192,16171,3,8,1,11543.75,70688.5,56602.3,16346.9,14614.0,-0.0185686,0.18236
8|75|sample|8|65,0.0096,15275,4,8,1,11543.75,64368.7,49924.8,13600.5,12138.8,0.209562,0.435572
8|75|sample|8|65,0.048,14237,5,8,1,11543.75,55951.2,41891.0,10746.9,9578.21,0.541294,0.801038
8|75|sample|8|65,0.24,10710,6,8,1,11543.75,44762.7,32239.7,7786.28,6934.49,0.603165,0.860641
8|75|sample|8|65,1.2,6990,7,8,1,11543.75,29920.9,20665.0,4741.64,4238.86,0.702288,0.939051
8|75|sample|8|65,6.0,2192,8,8,1,11543.75,10230.4,6786.81,1884.81,1760.94,0.185371,0.27107
8|75|sample|9|65,0.0003648,9810,1,9,1,11543.75,75549.9,62303.6,19877.7,18210.2,-0.884413,-0.801387
8|75|sample|9|65,0.001824,14515,2,9,1,11543.75,70842.0,56779.8,17136.6,15676.0,-0.264765,-0.127414
8|75|sample|9|65,0.00912,14010,3,9,1,11543.75,64581.1,50143.0,14286.5,13050.5,-0.0330722,0.124719
8|75|sample|9|65,0.0456,15117,4,9,1,11543.75,56257.9,42170.3,11323.1,10330.7,0.561303,0.769178
8|75|sample|9|65,0.228,12188,5,9,1,11543.75,45182.8,32584.3,8240.49,7512.53,0.775111,0.994926
8|75|sample|9|65,1.14,6778,6,9,1,11543.75,30470.0,21073.2,5054.88,4618.13,0.511189,0.689015
8|75|sample|9|65,5.7,3686,7,9,1,11543.75,10950.7,7269.87,2017.3,1900.8,0.965235,1.07166
8|75|sample|9|65,28.5,1722,8,9,1,11543.75,168.133,168.946,415.43,441.18,1.51416,1.46076
8|75|vc|1|2|65,0.0,10294,1,2,1,11543.75,89980.7,89980.7,90056.5,89980.7,-1.61726,-1.61707
8|75|vc|2|2|65,0.0,11198,2,2,1,11543.75,90006.6,90006.6,90082.7,90006.6,-1.59901,-1.5988
8|75|vc|3|2|65,0.0,11944,3,2,1,11543.75,90006.6,90006.6,90082.7,90006.6,-1.58389,-1.58366
8|75|vc|4|2|65,0.0,13524,4,2,1,11543.75,90006.6,90006.6,90082.7,90006.6,-1.55186,-1.55161
8|75|vc|5|2|65,0.0,13024,5,2,1,11543.75,90006.6,90006.6,90082.7,90006.6,-1.56199,-1.56175
8|75|vc|6|2|65,0.0,11948,6,2,1,11543.75,90006.6,90006.6,90082.7,90006.6,-1.5838,-1.58358
8|75|vc|7|2|65,0.0,11746,7,2,1,11543.75,90006.6,90006.6,90082.7,90006.6,-1.5879,-1.58768
8|75|vc|8|2|65,0.0,8672,8,2,1,11543.75,89980.7,89980.7,90056.5,89980.7,-1.65015,-1.64999
8|291|cc|1|1|103,0.0,528,1,1,0,98225.875,0.0,0.0,0.0,0.0,0.827153,0.827153
8|291|cc|2|1|103,0.0,646,2,1,0,98225.875,0.0,0.0,0.0,0.0,1.01201,1.01201
8|291|cc|3|1|103,0.0,582,3,1,0,98225.875,0.0,0.0,0.0,0.0,0.911748,0.911748
8|291|cc|4|1|103,0.0,620,4,1,0,98225.875,0.0,0.0,0.0,0.0,0.971278,0.971278
8|291|cc|5|1|103,0.0,622,5,1,0,98225.875,0.0,0.0,0.0,0.0,0.974411,0.974411
8|291|cc|6|1|103,0.0,604,6,1,0,98225.875,0.0,0.0,0.0,0.0,0.946213,0.946213
8|291|cc|7|1|103,0.0,640,7,1,0,98225.875,0.0,0.0,0.0,0.0,1.00261,1.00261
8|291|cc|8|1|103,0.0,614,8,1,0,98225.875,0.0,0.0,0.0,0.0,0.961879,0.961879
8|291|sample|10|103,0.0003648,76142,1,10,1,98225.875,75752.7,62692.6,57504.3,51981.4,0.587514,0.840735
8|291|sample|10|103,0.001824,78961,2,10,1,98225.875,71111.4,57246.9,52049.8,46670.3,0.935247,1.24836
8|291|sample|10|103,0.00912,61146,3,10,1,98225.875,64939.1,50704.0,45672.5,40609.6,0.610945,0.909077
8|291|sample|10|103,0.0456,26839,4,10,1,98225.875,56716.9,42831.4,38205.8,33684.1,-0.533879,-0.3632
8|291|sample|10|103,0.228,2248,5,10,1,98225.875,45800.7,33382.9,29484.3,25788.1,-1.64308,-1.61473
8|291|sample|10|103,1.14,632,6,10,1,98225.875,31307.7,22043.0,19297.4,16785.7,-1.68616,-1.66327
8|291|sample|10|103,5.7,498,7,10,1,98225.875,12062.2,8433.13,7403.96,6534.67,-1.48815,-1.44739
8|291|sample|10|103,28.5,558,8,10,1,98225.875,1430.53,1431.33,1425.81,1436.87,-0.615872,-0.621088
8|291|sample|11|103,0.0003712,73274,1,11,1,98225.875,75709.1,62638.7,54346.1,46835.3,0.630601,1.01861
8|291|sample|11|103,0.001856,69690,2,11,1,98225.875,71053.5,57182.2,48944.9,41751.7,0.765616,1.20384
8|291|sample|11|103,0.00928,51029,3,11,1,98225.875,64843.3,50611.6,42706.2,36052.3,0.350825,0.744116
8|291|sample|11|103,0.0464,18731,4,11,1,98225.875,56598.3,42725.7,35521.3,29679.8,-0.846296,-0.65632
8|291|sample|11|103,0.2319999999999999,1836,5,11,1,98225.875,45651.7,33261.2,27246.9,22554.6,-1.65361,-1.6148
8|291|sample|11|103,1.16,454,6,11,1,98225.875,31118.3,21902.2,17717.6,14587.8,-1.6899,-1.65813
8|291|sample|11|103,5.8,548,7,11,1,98225.875,11823.1,8272.56,6756.86,5711.73,-1.44701,-1.38591
8|291|sample|11|103,29.0,510,8,11,1,98225.875,1430.53,1431.22,1427.31,1443.19,-0.650629,-0.657885
8|291|sample|12|103,0.0003712,69558,1,12,1,98225.875,75709.1,62638.7,50331.0,47112.1,0.690495,0.859819
8|291|sample|12|103,0.001856,72538,2,12,1,98225.875,71032.9,57165.6,45057.4,42001.0,1.09946,1.30822
8|291|sample|12|103,0.00928,50948,3,12,1,98225.875,64824.5,50596.8,39083.7,36280.5,0.545097,0.724315
8|291|sample|12|103,0.0464,23756,4,12,1,98225.875,56581.8,42713.1,32317.0,29877.9,-0.472785,-0.364636
8|291|sample|12|103,0.2319999999999999,2516,5,12,1,98225.875,45638.3,33251.4,24652.1,22712.0,-1.58519,-1.5637
8|291|sample|12|103,1.16,468,6,12,1,98225.875,31109.1,21895.6,15969.6,14691.7,-1.67207,-1.65776
8|291|sample|12|103,5.8,510,7,12,1,98225.875,11819.4,8269.79,6157.5,5745.78,-1.42368,-1.39834
8|291|sample|12|103,29.0,486,8,12,1,98225.875,1430.53,1431.22,1431.25,1442.68,-0.669435,-0.674579
8|291|sample|3|103,6.4e-05,84948,1,3,1,98225.875,79508.6,67579.2,82055.8,79719.1,0.064278,0.119569
8|291|sample|3|103,0.00032,102466,2,3,1,98225.875,76099.3,63113.3,79068.6,76342.1,0.539363,0.623394
8|291|sample|3|103,0.0016,104314,3,3,1,98225.875,71563.1,57746.7,74946.2,71836.6,0.713652,0.822828
8|291|sample|3|103,0.008,106252,4,3,1,98225.875,65511.4,51283.9,69241.2,65809.3,0.972244,1.11682
8|291|sample|3|103,0.04,101815,5,3,1,98225.875,57476.8,43527.4,61389.5,57785.5,1.1952,1.38132
8|291|sample|3|103,0.2,73444,6,3,1,98225.875,46809.6,34218.2,50583.5,47103.8,0.816975,1.00917
8|291|sample|3|103,1.0,25577,7,3,1,98225.875,32637.5,23038.6,35701.1,32874.1,-0.507804,-0.396393
8|291|sample|3|103,5.0,2234,8,3,1,98225.875,13835.6,9631.01,15234.6,13944.9,-1.46509,-1.43228
8|291|sample|4|103,6.4e-05,78742,1,4,1,98225.875,79508.6,67579.2,80664.3,79442.6,-0.0434484,-0.0160762
8|291|sample|4|103,0.00032,104674,2,4,1,98225.875,76099.3,63113.3,77425.3,76023.4,0.641276,0.686511
8|291|sample|4|103,0.0016,109031,3,4,1,98225.875,71563.1,57746.7,73051.1,71477.8,0.896651,0.956123
8|291|sample|4|103,0.008,112435,4,4,1,98225.875,65530.4,51298.9,67147.2,65437.7,1.22613,1.30507
8|291|sample|4|103,0.04,96222,5,4,1,98225.875,57493.6,43540.1,59164.4,57397.6,1.13603,1.22609
8|291|sample|4|103,0.2,69267,6,4,1,98225.875,46809.6,34218.2,48395.3,46718.4,0.778827,0.870855
8|291|sample|4|103,1.0,26117,7,4,1,98225.875,32637.5,23038.6,33899.5,32564.3,-0.410405,-0.353444
8|291|sample|4|103,5.0,2412,8,4,1,98225.875,13835.6,9631.01,14384.7,13801.9,-1.42292,-1.40631
8|291|sample|5|103,0.0006144,76851,1,5,1,98225.875,74384.8,61031.2,75320.5,73340.9,0.0370108,0.0871358
8|291|sample|5|103,0.003072,101000,2,5,1,98225.875,69294.8,55252.4,70325.7,68140.8,0.793569,0.876885
8|291|sample|5|103,0.01536,101897,3,5,1,98225.875,62526.5,48309.6,63620.0,61299.4,1.09273,1.20202
8|291|sample|5|103,0.0768,93625,4,5,1,98225.875,53529.4,39969.4,54620.7,52301.3,1.29307,1.42937
8|291|sample|5|103,0.384,53214,5,5,1,98225.875,41560.3,29942.8,42533.5,40457.0,0.451982,0.56678
8|291|sample|5|103,1.92,8940,6,5,1,98225.875,25661.6,17903.6,26324.6,24889.8,-1.16923,-1.13177
8|291|sample|5|103,9.6,1202,7,5,1,98225.875,4649.66,3663.93,4697.02,4542.85,-1.09998,-1.07978
8|291|sample|5|103,48.0,628,8,5,1,98225.875,1430.52,1430.53,1423.14,1430.52,-0.564881,-0.568509
8|291|sample|6|103,0.0006144,76513,1,6,1,98225.875,74384.8,61031.2,74646.3,71928.6,0.0455416,0.116002
8|291|sample|6|103,0.003072,102272,2,6,1,98225.875,69294.8,55252.4,69572.1,66598.3,0.854981,0.97366
8|291|sample|6|103,0.01536,99267,3,6,1,98225.875,62526.5,48309.6,62809.8,59678.7,1.05395,1.20335
8|291|sample|6|103,0.0768,85522,4,6,1,98225.875,53529.4,39969.4,53800.8,50698.3,1.0673,1.24176
8|291|sample|6|103,0.384,49954,5,6,1,98225.875,41560.3,29942.8,41788.9,39034.2,0.351521,0.502323
8|291|sample|6|103,1.92,9548,6,6,1,98225.875,25661.6,17903.6,25798.3,23906.2,-1.11426,-1.05878
8|291|sample|6|103,9.6,1270,7,6,1,98225.875,4649.66,3663.93,4624.39,4409.47,-1.06892,-1.0389
8|291|sample|6|103,48.0,528,8,6,1,98225.875,1430.52,1430.53,1423.14,1430.52,-0.635922,-0.63935
8|291|sample|7|103,7.68e-05,74219,1,7,1,98225.875,79166.9,67111.3,67479.6,62875.0,0.18158,0.327613
8|291|sample|7|103,0.000384,94028,2,7,1,98225.875,75645.5,62551.6,62926.8,58202.8,0.897474,1.11603
8|291|sample|7|103,0.00192,88873,3,7,1,98225.875,70960.5,57072.4,57445.3,52716.2,0.991692,1.24102
8|291|sample|7|103,0.0096,71607,4,7,1,98225.875,64730.2,50489.4,50846.7,46274.2,0.738169,0.987544
8|291|sample|7|103,0.048,25271,5,7,1,98225.875,56431.1,42568.6,42891.8,38699.6,-0.739624,-0.622911
8|291|sample|7|103,0.24,2124,6,7,1,98225.875,45399.4,33052.5,33316.3,29805.8,-1.6727,-1.65263
8|291|sample|7|103,1.2,676,7,7,1,98225.875,30765.7,21639.9,21810.5,19380.9,-1.70052,-1.68287
8|291|sample|7|103,6.0,642,8,7,1,98225.875,11351.4,7956.16,7989.03,7168.99,-1.48218,-1.44607
8|291|sample|8|103,7.68e-05,72099,1,8,1,98225.875,79166.9,67111.3,68978.6,65211.7,0.0822776,0.191904
8|291|sample|8|103,0.000384,93669,2,8,1,98225.875,75645.5,62551.6,64493.8,60589.2,0.821807,0.990695
8|291|sample|8|103,0.00192,96224,3,8,1,98225.875,70960.5,57072.4,59043.7,55094.3,1.14207,1.35205
8|291|sample|8|103,0.0096,78234,4,8,1,98225.875,64730.2,50489.4,52421.6,48563.3,0.890836,1.10342
8|291|sample|8|103,0.048,29776,5,8,1,98225.875,56431.1,42568.6,44363.6,40789.7,-0.592521,-0.485449
8|291|sample|8|103,0.24,2672,6,8,1,98225.875,45399.4,33052.5,34573.6,31550.5,-1.65058,-1.63217
8|291|sample|8|103,1.2,586,7,8,1,98225.875,30765.7,21639.9,22700.8,20588.4,-1.71306,-1.69978
8|291|sample|8|103,6.0,506,8,8,1,98225.875,11351.4,7956.16,8304.39,7587.13,-1.52093,-1.49402
8|291|sample|9|103,0.0003648,67254,1,9,1,98225.875,75752.7,62692.6,57931.3,53695.7,0.291756,0.457062
8|291|sample|9|103,0.001824,84908,2,9,1,98225.875,71111.4,57246.9,52471.7,48328.2,1.11839,1.36682
8|291|sample|9|103,0.00912,66966,3,9,1,98225.875,64939.1,50704.0,46075.4,42159.0,0.817797,1.05887
8|291|sample|9|103,0.0456,29642,4,9,1,98225.875,56733.4,42844.0,38582.4,35069.0,-0.415939,-0.276953
8|291|sample|9|103,0.228,2230,5,9,1,98225.875,45814.1,33392.8,29796.5,26913.2,-1.64624,-1.62533
8|291|sample|9|103,1.14,562,6,9,1,98225.875,31307.7,22043.0,19507.2,17542.3,-1.69408,-1.67773
8|291|sample|9|103,5.7,484,7,9,1,98225.875,12062.2,8433.13,7479.44,6800.53,-1.4943,-1.46404
8|291|sample|9|103,28.5,548,8,9,1,98225.875,1430.53,1431.33,1425.6,1435.29,-0.622871,-0.627417
8|291|vc|1|2|103,0.0,87702,1,2,1,98225.875,89980.7,89980.6,90056.4,89980.6,-0.0477374,-0.0462388
8|291|vc|2|2|103,0.0,107225,2,2,1,98225.875,90006.6,90006.5,90082.5,90006.5,0.347481,0.349313
8|291|vc|3|2|103,0.0,103247,3,2,1,98225.875,90006.6,90006.5,90082.5,90006.5,0.266846,0.268611
8|291|vc|4|2|103,0.0,105493,4,2,1,98225.875,90006.6,90006.5,90082.5,90006.5,0.312373,0.314176
8|291|vc|5|2|103,0.0,108146,5,2,1,98225.875,90006.6,90006.5,90082.5,90006.5,0.36615,0.367997
8|291|vc|6|2|103,0.0,97541,6,2,1,98225.875,90006.6,90006.5,90082.5,90006.5,0.151185,0.152853
8|291|vc|7|2|103,0.0,95893,7,2,1,98225.875,90006.6,90006.5,90082.5,90006.5,0.117779,0.119419
8|291|vc|8|2|103,0.0,80560,8,2,1,98225.875,89980.7,89980.6,90056.4,89980.6,-0.192549,-0.191171
8|77|cc|1|1|218,0.0,474,1,1,0,42678.375,0.0,0.0,0.0,0.0,0.742558,0.742558
8|77|cc|2|1|218,0.0,504,2,1,0,42678.375,0.0,0.0,0.0,0.0,0.789555,0.789555
8|77|cc|3|1|218,0.0,490,3,1,0,42678.375,0.0,0.0,0.0,0.0,0.767623,0.767623
8|77|cc|4|1|218,0.0,528,4,1,0,42678.375,0.0,0.0,0.0,0.0,0.827153,0.827153
8|77|cc|5|1|218,0.0,460,5,1,0,42678.375,0.0,0.0,0.0,0.0,0.720626,0.720626
8|77|cc|6|1|218,0.0,446,6,1,0,42678.375,0.0,0.0,0.0,0.0,0.698694,0.698694
8|77|cc|7|1|218,0.0,412,7,1,0,42678.375,0.0,0.0,0.0,0.0,0.64543,0.64543
8|77|cc|8|1|218,0.0,498,8,1,0,42678.375,0.0,0.0,0.0,0.0,0.780156,0.780156
8|77|sample|10|218,0.0003648,35866,1,10,1,42678.375,75622.8,62460.2,31558.9,26088.3,0.243366,0.663316
8|77|sample|10|218,0.001824,34189,2,10,1,42678.375,70938.8,56977.0,27592.9,22690.2,0.424078,0.891123
8|77|sample|10|218,0.00912,29560,3,10,1,42678.375,64709.7,50383.0,23351.6,19106.3,0.468163,0.953249
8|77|sample|10|218,0.0456,18735,4,10,1,42678.375,56412.4,42432.4,18805.8,15318.1,-0.00655261,0.383116
8|77|sample|10|218,0.228,5920,5,10,1,42678.375,45396.4,32890.3,13950.8,11327.9,-0.98181,-0.799778
8|77|sample|10|218,1.14,1412,6,10,1,42678.375,30770.9,21438.2,8766.77,7129.23,-1.36774,-1.27272
8|77|sample|10|218,5.7,958,7,10,1,42678.375,11349.9,7691.94,3362.82,2894.19,-0.979103,-0.878958
8|77|sample|10|218,28.5,822,8,10,1,42678.375,621.564,622.707,707.88,765.896,0.111775,0.0533129
8|77|sample|11|218,0.0003712,46172,1,11,1,42678.375,75578.7,62405.8,31254.6,28564.5,0.8508,1.09504
8|77|sample|11|218,0.001856,35384,2,11,1,42678.375,70880.3,56911.7,27311.4,24895.8,0.524135,0.744058
8|77|sample|11|218,0.00928,31066,3,11,1,42678.375,64613.3,50277.6,23084.9,20990.7,0.608452,0.840655
8|77|sample|11|218,0.0464,17065,4,11,1,42678.375,56293.0,42315.6,18574.0,16851.6,-0.141308,0.0218967
8|77|sample|11|218,0.2319999999999999,3456,5,11,1,42678.375,45246.3,32759.7,13759.6,12464.4,-1.27579,-1.22129
8|77|sample|11|218,1.16,552,6,11,1,42678.375,30580.2,21291.0,8622.64,7816.73,-1.52293,-1.49365
8|77|sample|11|218,5.8,432,7,11,1,42678.375,11108.7,7529.82,3284.41,3056.69,-1.18173,-1.14582
8|77|sample|11|218,29.0,516,8,11,1,42678.375,621.561,622.597,705.922,730.71,-0.186211,-0.207785
8|77|sample|12|218,0.0003712,45444,1,12,1,42678.375,75578.7,62405.8,34029.7,29086.9,0.599697,0.999723
8|77|sample|12|218,0.001856,37090,2,12,1,42678.375,70859.8,56881.2,29807.7,25350.3,0.43473,0.818573
8|77|sample|12|218,0.00928,32149,3,12,1,42678.375,64594.6,50250.6,25267.8,21384.4,0.481303,0.882496
8|77|sample|12|218,0.0464,16881,4,12,1,42678.375,56276.7,42292.8,20385.8,17175.3,-0.300633,-0.0296547
8|77|sample|12|218,0.2319999999999999,2962,5,12,1,42678.375,45233.2,32742.0,15136.1,12708.0,-1.38023,-1.29812
8|77|sample|12|218,1.16,426,6,12,1,42678.375,30571.2,21279.4,9491.67,7968.74,-1.5714,-1.52504
8|77|sample|12|218,5.8,460,7,12,1,42678.375,11105.3,7525.49,3538.0,3098.82,-1.20666,-1.14065
8|77|sample|12|218,29.0,486,8,12,1,42678.375,621.561,622.597,683.739,725.214,-0.196182,-0.232167
8|77|sample|3|218,6.4e-05,43169,1,3,1,42678.375,79412.9,67392.7,26566.2,25772.3,1.10693,1.19402
8|77|sample|3|218,0.00032,39049,2,3,1,42678.375,75972.2,62900.0,23623.1,22904.5,1.15049,1.24001
8|77|sample|3|218,0.0016,29908,3,3,1,42678.375,71394.3,57495.5,20539.2,19904.3,0.797957,0.877687
8|77|sample|3|218,0.008,10350,4,3,1,42678.375,65287.3,50968.6,17298.3,16756.5,-0.695589,-0.66072
8|77|sample|3|218,0.04,1788,5,3,1,42678.375,57179.2,43135.3,13906.7,13467.6,-1.48591,-1.475
8|77|sample|3|218,0.2,944,6,3,1,42678.375,46414.5,33733.9,10357.5,10031.5,-1.50925,-1.49935
8|77|sample|3|218,1.0,862,7,3,1,42678.375,32113.3,22438.4,6646.51,6445.42,-1.36711,-1.35438
8|77|sample|3|218,5.0,850,8,3,1,42678.375,13140.0,8899.52,2949.67,2885.62,-0.940371,-0.926044
8|77|sample|4|218,6.4e-05,45568,1,4,1,42678.375,79412.9,67392.7,29557.9,27724.7,0.963527,1.14196
8|77|sample|4|218,0.00032,42519,2,4,1,42678.375,75972.2,62900.0,26348.3,24678.1,1.08665,1.27632
8|77|sample|4|218,0.0016,32499,3,4,1,42678.375,71394.3,57495.5,22963.5,21477.8,0.730608,0.899806
8|77|sample|4|218,0.008,11100,4,4,1,42678.375,65306.2,50996.0,19393.9,18116.1,-0.745724,-0.672608
8|77|sample|4|218,0.04,1742,5,4,1,42678.375,57195.8,43158.5,15621.1,14577.0,-1.52811,-1.50679
8|77|sample|4|218,0.2,908,6,4,1,42678.375,46414.5,33733.9,11640.9,10858.0,-1.54855,-1.52895
8|77|sample|4|218,1.0,792,7,4,1,42678.375,32113.3,22438.4,7457.16,6965.74,-1.42742,-1.40193
8|77|sample|4|218,5.0,628,8,4,1,42678.375,13140.0,8899.52,3205.2,3048.21,-1.08699,-1.05867
8|77|sample|5|218,0.0006144,34690,1,5,1,42678.375,74242.3,60783.2,19808.6,16837.4,1.31159,1.83292
8|77|sample|5|218,0.003072,18239,2,5,1,42678.375,69105.5,54963.2,16992.6,14415.5,0.12688,0.453518
8|77|sample|5|218,0.01536,4564,3,5,1,42678.375,62275.0,47964.8,14059.9,11910.3,-1.15261,-1.03811
8|77|sample|5|218,0.0768,1360,4,5,1,42678.375,53195.4,39551.5,11005.9,9319.39,-1.46423,-1.40228
8|77|sample|5|218,0.384,1130,5,5,1,42678.375,41116.8,29423.1,7823.53,6641.54,-1.37517,-1.30343
8|77|sample|5|218,1.92,728,6,5,1,42678.375,25073.2,17257.8,4553.54,3936.39,-1.23412,-1.15986
8|77|sample|5|218,9.6,752,7,5,1,42678.375,3869.63,2876.69,1717.56,1666.21,-0.616272,-0.594018
8|77|sample|5|218,48.0,878,8,5,1,42678.375,621.55,621.895,719.51,766.08,0.154282,0.106343
8|77|sample|6|218,0.0006144,31418,1,6,1,42678.375,74242.3,60783.2,18804.1,15406.4,1.16761,1.78573
8|77|sample|6|218,0.003072,16903,2,6,1,42678.375,69105.5,54963.2,16118.9,13179.6,0.0838474,0.479655
8|77|sample|6|218,0.01536,4450,3,6,1,42678.375,62275.0,47964.8,13328.9,10883.5,-1.13202,-0.986503
8|77|sample|6|218,0.0768,1342,4,6,1,42678.375,53195.4,39551.5,10430.3,8517.06,-1.44798,-1.36868
8|77|sample|6|218,0.384,938,5,6,1,42678.375,41116.8,29423.1,7417.99,6082.66,-1.39408,-1.31028
8|77|sample|6|218,1.92,712,6,6,1,42678.375,25073.2,17257.8,4339.81,3651.05,-1.21565,-1.12523
8|77|sample|6|218,9.6,794,7,6,1,42678.375,3869.63,2876.69,1702.57,1645.89,-0.582911,-0.557503
8|77|sample|6|218,48.0,626,8,6,1,42678.375,621.55,621.895,734.57,796.003,-0.104857,-0.159086
8|77|sample|7|218,7.68e-05,30832,1,7,1,42678.375,79068.1,66920.5,32085.0,32002.6,-0.0696788,-0.0652589
8|77|sample|7|218,0.000384,38389,2,7,1,42678.375,75514.3,62332.9,28610.2,28536.8,0.607228,0.613302
8|77|sample|7|218,0.00192,35394,3,7,1,42678.375,70786.2,56814.5,24921.6,24858.1,0.742201,0.748518
8|77|sample|7|218,0.0096,35666,4,7,1,42678.375,64498.6,50178.2,21006.0,20953.7,1.22235,1.2296
8|77|sample|7|218,0.048,22898,5,7,1,42678.375,56123.6,42177.1,16840.4,16800.6,0.621826,0.627295
8|77|sample|7|218,0.24,7590,6,7,1,42678.375,44991.4,32556.7,12417.4,12391.4,-0.656723,-0.654443
8|77|sample|7|218,1.2,1360,7,7,1,42678.375,30224.4,21026.2,7736.39,7725.58,-1.32281,-1.32217
8|77|sample|7|218,6.0,822,8,7,1,42678.375,10633.1,7208.91,2968.11,2965.43,-0.956897,-0.956321
8|77|sample|8|218,7.68e-05,34940,1,8,1,42678.375,79068.1,66920.5,32997.1,32210.1,0.10516,0.15124
8|77|sample|8|218,0.000384,36968,2,8,1,42678.375,75514.3,62332.9,29448.2,28727.3,0.454176,0.509719
8|77|sample|8|218,0.00192,37060,3,8,1,42678.375,70786.2,56814.5,25672.7,25028.7,0.784461,0.849194
8|77|sample|8|218,0.0096,34816,4,8,1,42678.375,64498.6,50178.2,21656.4,21101.3,1.066,1.13864
8|77|sample|8|218,0.048,23358,5,8,1,42678.375,56123.6,42177.1,17374.4,16921.7,0.596551,0.657736
8|77|sample|8|218,0.24,5846,6,8,1,42678.375,44991.4,32556.7,12818.0,12482.2,-0.92134,-0.898517
8|77|sample|8|218,1.2,1892,7,8,1,42678.375,30224.4,21026.2,7984.98,7781.88,-1.22974,-1.21568
8|77|sample|8|218,6.0,882,8,8,1,42678.375,10633.1,7208.91,3034.55,2980.54,-0.944641,-0.932892
8|77|sample|9|218,0.0003648,39501,1,9,1,42678.375,75622.8,62460.2,27072.1,26007.1,0.813813,0.918157
8|77|sample|9|218,0.001824,33817,2,9,1,42678.375,70938.8,56977.0,23565.2,22617.8,0.766393,0.870536
8|77|sample|9|218,0.00912,26621,3,9,1,42678.375,64709.7,50383.0,19857.7,19044.0,0.594701,0.69305
8|77|sample|9|218,0.0456,18897,4,9,1,42678.375,56428.7,42455.2,15938.4,15275.7,0.319714,0.407081
8|77|sample|9|218,0.228,6130,5,9,1,42678.375,45409.6,32908.1,11788.8,11296.2,-0.807142,-0.765974
8|77|sample|9|218,1.14,1632,6,9,1,42678.375,30770.9,21438.2,7407.06,7105.63,-1.24401,-1.22197
8|77|sample|9|218,5.7,948,7,9,1,42678.375,11349.9,7691.94,2972.2,2887.63,-0.901652,-0.881941
8|77|sample|9|218,28.5,518,8,9,1,42678.375,621.564,622.707,756.191,766.97,-0.227476,-0.236455
8|77|vc|1|2|218,0.0,44393,1,2,1,42678.375,89980.7,90004.9,90080.2,90004.9,-0.926113,-0.92535
8|77|vc|2|2|218,0.0,45576,2,2,1,42678.375,90006.6,90052.9,90128.1,90052.9,-0.90263,-0.901849
8|77|vc|3|2|218,0.0,43197,3,2,1,42678.375,90006.6,90052.9,90128.1,90052.9,-0.950829,-0.950088
8|77|vc|4|2|218,0.0,40982,4,2,1,42678.375,90006.6,90052.9,90128.1,90052.9,-0.995705,-0.995001
8|77|vc|5|2|218,0.0,41808,5,2,1,42678.375,90006.6,90052.9,90128.1,90052.9,-0.97897,-0.978252
8|77|vc|6|2|218,0.0,42921,6,2,1,42678.375,90006.6,90052.9,90128.1,90052.9,-0.956421,-0.955684
8|77|vc|7|2|218,0.0,40844,7,2,1,42678.375,90006.6,90052.9,90128.1,90052.9,-0.998501,-0.997799
8|77|vc|8|2|218,0.0,41706,8,2,1,42678.375,89980.7,90004.9,90080.2,90004.9,-0.980581,-0.979862
8|322|cc|1|1|174,0.0,458,1,1,0,57415.875,0.0,0.0,0.0,0.0,0.717492,0.717492
8|322|cc|2|1|174,0.0,448,2,1,0,57415.875,0.0,0.0,0.0,0.0,0.701827,0.701827
8|322|cc|3|1|174,0.0,402,3,1,0,57415.875,0.0,0.0,0.0,0.0,0.629764,0.629764
8|322|cc|4|1|174,0.0,478,4,1,0,57415.875,0.0,0.0,0.0,0.0,0.748824,0.748824
8|322|cc|5|1|174,0.0,488,5,1,0,57415.875,0.0,0.0,0.0,0.0,0.76449,0.76449
8|322|cc|6|1|174,0.0,550,6,1,0,57415.875,0.0,0.0,0.0,0.0,0.861618,0.861618
8|322|cc|7|1|174,0.0,526,7,1,0,57415.875,0.0,0.0,0.0,0.0,0.82402,0.82402
8|322|cc|8|1|174,0.0,562,8,1,0,57415.875,0.0,0.0,0.0,0.0,0.880417,0.880417
8|322|sample|10|174,0.0003648,59489,1,10,1,57415.875,75657.3,62537.8,43726.2,37632.3,0.649345,1.04175
8|322|sample|10|174,0.001824,58098,2,10,1,57415.875,70984.6,57053.7,38781.6,33139.0,0.894189,1.34536
8|322|sample|10|174,0.00912,33755,3,10,1,57415.875,64770.5,50464.4,33303.8,28255.6,0.0242023,0.34561
8|322|sample|10|174,0.0456,5730,4,10,1,57415.875,56493.2,42535.2,27227.2,22941.3,-1.39989,-1.31993
8|322|sample|10|174,0.228,522,5,10,1,57415.875,45503.7,33018.6,20501.1,17170.1,-1.70464,-1.67827
8|322|sample|10|174,1.14,508,6,10,1,57415.875,30913.3,21597.2,13056.0,10903.0,-1.63048,-1.59138
8|322|sample|10|174,5.7,466,7,10,1,57415.875,11538.9,7889.51,4857.54,4171.0,-1.34539,-1.28067
8|322|sample|10|174,28.5,506,8,10,1,57415.875,836.195,837.756,854.866,881.151,-0.317024,-0.336564
8|322|sample|11|174,0.0003712,53154,1,11,1,57415.875,75613.3,62483.6,42185.1,37274.1,0.467915,0.763922
8|322|sample|11|174,0.001856,50238,2,11,1,57415.875,70926.2,56988.6,37335.0,32802.6,0.619734,0.949116
8|322|sample|11|174,0.00928,51061,3,11,1,57415.875,64674.3,50370.8,31978.3,27938.7,1.06461,1.46893
8|322|sample|11|174,0.0464,11824,4,11,1,57415.875,56374.0,42428.3,26078.1,22661.4,-0.967353,-0.840879
8|322|sample|11|174,0.2319999999999999,1284,5,11,1,57415.875,45353.9,32895.9,19579.1,16935.9,-1.63028,-1.59824
8|322|sample|11|174,1.16,466,6,11,1,57415.875,30723.0,21455.3,12420.6,10724.0,-1.62594,-1.59402
8|322|sample|11|174,5.8,472,7,11,1,57415.875,11298.2,7727.78,4591.54,4066.88,-1.32022,-1.26726
8|322|sample|11|174,6.0,490,8,11,1,57415.875,10823.6,7409.32,4424.2,3928.28,-1.29846,-1.24494
8|322|sample|12|174,0.0003712,46716,1,12,1,57415.875,75613.3,62483.6,33392.7,30336.9,0.712894,0.961371
8|322|sample|12|174,0.001856,42028,2,12,1,57415.875,70905.7,56971.2,29252.1,26496.3,0.776613,1.03813
8|322|sample|12|174,0.00928,33001,3,12,1,57415.875,64655.6,50355.4,24809.1,22408.6,0.583088,0.83068
8|322|sample|12|174,0.0464,9910,4,12,1,57415.875,56357.6,42415.2,20041.7,18057.8,-0.88316,-0.783467
8|322|sample|12|174,0.2319999999999999,1086,5,12,1,57415.875,45340.7,32885.7,14926.2,13427.1,-1.58957,-1.56286
8|322|sample|12|174,1.16,452,6,12,1,57415.875,30713.9,21448.6,9437.89,8499.98,-1.56546,-1.5379
8|322|sample|12|174,5.8,472,7,12,1,57415.875,11294.7,7725.2,3672.08,3403.02,-1.21986,-1.18288
8|322|sample|12|174,29.0,506,8,12,1,57415.875,836.192,837.646,903.207,929.203,-0.35258,-0.371027
8|322|sample|3|174,6.4e-05,68369,1,3,1,57415.875,79438.3,67459.4,47995.1,42598.0,0.766434,1.08899
8|322|sample|3|174,0.00032,67810,2,3,1,57415.875,76005.9,62962.3,43590.2,38462.0,1.00075,1.36952
8|322|sample|3|174,0.0016,52285,3,3,1,57415.875,71439.1,57557.9,38718.7,33960.5,0.628998,0.964647
8|322|sample|3|174,0.008,24757,4,3,1,57415.875,65346.8,51048.5,33320.9,29052.4,-0.459183,-0.262829
8|322|sample|3|174,0.04,6502,5,3,1,57415.875,57258.2,43236.2,27356.7,23715.0,-1.35189,-1.27904
8|322|sample|3|174,0.2,1324,6,3,1,57415.875,46519.4,33860.0,20766.5,17910.8,-1.63879,-1.60721
8|322|sample|3|174,1.0,1184,7,3,1,57415.875,32252.4,22599.8,13480.3,11595.2,-1.55153,-1.50751
8|322|sample|3|174,5.0,732,8,3,1,57415.875,13324.6,9096.17,5460.98,4775.78,-1.31714,-1.25586
8|322|sample|4|174,6.4e-05,62415,1,4,1,57415.875,79438.3,67459.4,49749.7,44766.5,0.460037,0.710561
8|322|sample|4|174,0.00032,67704,2,4,1,57415.875,76005.9,62962.3,45276.7,40514.1,0.893048,1.20637
8|322|sample|4|174,0.0016,62973,3,4,1,57415.875,71439.1,57557.9,40301.7,35856.9,1.01103,1.35437
8|322|sample|4|174,0.008,31769,4,4,1,57415.875,65365.7,51064.2,34768.7,30756.6,-0.15436,0.0586397
8|322|sample|4|174,0.04,7024,5,4,1,57415.875,57274.8,43249.5,28606.4,25163.6,-1.34037,-1.27378
8|322|sample|4|174,0.2,2158,6,4,1,57415.875,46519.4,33860.0,21751.9,19037.5,-1.58059,-1.54443
8|322|sample|4|174,1.0,1208,7,4,1,57415.875,32252.4,22599.8,14140.5,12338.8,-1.56149,-1.52305
8|322|sample|4|174,5.0,738,8,4,1,57415.875,13324.6,9096.17,5709.36,5048.09,-1.33474,-1.28005
8|322|sample|5|174,0.0006144,57284,1,5,1,57415.875,74280.1,60864.5,36621.7,31570.4,1.01115,1.45241
8|322|sample|5|174,0.003072,45244,2,5,1,57415.875,69155.7,55044.9,31965.8,27406.1,0.741058,1.15433
8|322|sample|5|174,0.01536,15013,3,5,1,57415.875,62341.7,48052.8,26899.9,22941.1,-0.783093,-0.608013
8|322|sample|5|174,0.0768,3166,4,5,1,57415.875,53284.0,39653.0,21387.7,18154.0,-1.49362,-1.43403
8|322|sample|5|174,0.384,1700,5,5,1,57415.875,41234.5,29554.0,15385.5,13017.5,-1.52823,-1.47458
8|322|sample|5|174,1.92,1178,6,5,1,57415.875,25229.3,17428.0,8857.96,7515.64,-1.41524,-1.34815
8|322|sample|5|174,9.6,802,7,5,1,57415.875,4076.59,3086.06,2237.66,2128.71,-0.776902,-0.741579
8|322|sample|5|174,48.0,592,8,5,1,57415.875,836.18,836.945,839.108,852.009,-0.226305,-0.236609
8|322|sample|6|174,0.0006144,61466,1,6,1,57415.875,74280.1,60864.5,35492.3,32640.8,1.31021,1.57664
8|322|sample|6|174,0.003072,43953,2,6,1,57415.875,69155.7,55044.9,30939.9,28367.4,0.749466,0.975767
8|322|sample|6|174,0.01536,17317,3,6,1,57415.875,62341.7,48052.8,26003.3,23771.7,-0.591115,-0.478538
8|322|sample|6|174,0.0768,3170,4,6,1,57415.875,53284.0,39653.0,20650.3,18829.5,-1.48124,-1.4477
8|322|sample|6|174,0.384,1668,5,6,1,57415.875,41234.5,29554.0,14841.2,13510.5,-1.52099,-1.4912
8|322|sample|6|174,1.92,986,6,6,1,57415.875,25229.3,17428.0,8545.69,7795.02,-1.4378,-1.40334
8|322|sample|6|174,9.6,876,7,6,1,57415.875,4076.59,3086.06,2212.29,2150.9,-0.728537,-0.707874
8|322|sample|6|174,48.0,568,8,6,1,57415.875,836.18,836.945,840.658,849.389,-0.249513,-0.256395
8|322|sample|7|174,7.68e-05,65787,1,7,1,57415.875,79094.3,66988.2,54992.7,48529.1,0.355483,0.642243
8|322|sample|7|174,0.000384,73386,2,7,1,57415.875,75549.1,62396.6,50301.3,44034.8,0.829514,1.20086
8|322|sample|7|174,0.00192,64997,3,7,1,57415.875,70832.4,56878.7,44975.4,39047.7,0.802458,1.19329
8|322|sample|7|174,0.0096,39945,4,7,1,57415.875,64560.0,50248.8,38929.9,33514.2,0.0468157,0.342891
8|322|sample|7|174,0.048,8318,5,7,1,57415.875,56205.2,42270.9,32058.0,27366.1,-1.32126,-1.23437
8|322|sample|7|174,0.24,670,6,7,1,57415.875,45099.6,32685.9,24257.0,20543.6,-1.71533,-1.69232
8|322|sample|7|174,1.2,500,7,7,1,57415.875,30368.0,21191.1,15416.3,12985.2,-1.66258,-1.63043
8|322|sample|7|174,6.0,490,8,7,1,57415.875,10823.6,7409.32,5423.98,4660.04,-1.38194,-1.32073
8|322|sample|8|174,7.68e-05,62071,1,8,1,57415.875,79094.3,66988.2,56458.5,50415.1,0.180132,0.417911
8|322|sample|8|174,0.000384,68715,2,8,1,57415.875,75549.1,62396.6,51744.1,45850.1,0.593199,0.899375
8|322|sample|8|174,0.00192,70174,3,8,1,57415.875,70832.4,56878.7,46361.1,40752.5,0.926595,1.29795
8|322|sample|8|174,0.0096,40494,4,8,1,57415.875,64560.0,50248.8,40215.4,35060.7,0.0124515,0.277339
8|322|sample|8|174,0.048,8992,5,8,1,57415.875,56205.2,42270.9,33189.0,28696.8,-1.30238,-1.22006
8|322|sample|8|174,0.24,784,6,8,1,57415.875,45099.6,32685.9,25166.6,21590.4,-1.71197,-1.6903
8|322|sample|8|174,1.2,536,7,8,1,57415.875,30368.0,21191.1,16022.7,13668.0,-1.66531,-1.63603
8|322|sample|8|174,29.0,490,8,8,1,57415.875,836.192,837.646,838.775,850.905,-0.319466,-0.328603
8|322|sample|9|174,0.0003648,63211,1,9,1,57415.875,75657.3,62537.8,44091.9,39492.6,0.781243,1.07877
8|322|sample|9|174,0.001824,58837,2,9,1,57415.875,70984.6,57053.7,39123.9,34851.4,0.904799,1.23145
8|322|sample|9|174,0.00912,39073,3,9,1,57415.875,64770.5,50464.4,33613.5,29778.7,0.290266,0.55536
8|322|sample|9|174,0.0456,8670,4,9,1,57415.875,56509.6,42548.2,27501.7,24234.9,-1.21458,-1.13292
8|322|sample|9|174,0.228,700,5,9,1,57415.875,45516.9,33028.9,20716.7,18170.6,-1.69103,-1.67012
8|322|sample|9|174,1.14,472,6,9,1,57415.875,30913.3,21597.2,13193.0,11544.3,-1.6372,-1.60964
8|322|sample|9|174,5.7,500,7,9,1,57415.875,11538.9,7889.51,4902.84,4375.49,-1.33881,-1.2903
8|322|sample|9|174,28.5,482,8,9,1,57415.875,836.195,837.756,853.821,872.394,-0.338057,-0.351733
8|322|vc|1|2|174,0.0,64086,1,2,1,57415.875,89980.7,90021.2,90095.7,90021.2,-0.527146,-0.526066
8|322|vc|2|2|174,0.0,59601,2,2,1,57415.875,90006.6,90048.6,90123.3,90048.6,-0.618418,-0.617409
8|322|vc|3|2|174,0.0,60716,3,2,1,57415.875,90006.6,90048.6,90123.3,90048.6,-0.595827,-0.5948
8|322|vc|4|2|174,0.0,64995,4,2,1,57415.875,90006.6,90048.6,90123.3,90048.6,-0.509129,-0.508031
8|322|vc|5|2|174,0.0,56075,5,2,1,57415.875,90006.6,90048.6,90123.3,90048.6,-0.689859,-0.688909
8|322|vc|6|2|174,0.0,55557,6,2,1,57415.875,90006.6,90048.6,90123.3,90048.6,-0.700354,-0.699413
8|322|vc|7|2|174,0.0,54622,7,2,1,57415.875,90006.6,90048.6,90123.3,90048.6,-0.719298,-0.718372
8|322|vc|8|2|174,0.0,43675,8,2,1,57415.875,89980.7,90021.2,90095.7,90021.2,-0.940822,-0.94008
8|963|cc|1|1|319,0.0,464,1,1,0,44968.25,0.0,0.0,0.0,0.0,0.726892,0.726892
8|963|cc|2|1|319,0.0,386,2,1,0,44968.25,0.0,0.0,0.0,0.0,0.604699,0.604699
8|963|cc|3|1|319,0.0,462,3,1,0,44968.25,0.0,0.0,0.0,0.0,0.723759,0.723759
8|963|cc|4|1|319,0.0,444,4,1,0,44968.25,0.0,0.0,0.0,0.0,0.69556,0.69556
8|963|cc|5|1|319,0.0,462,5,1,0,44968.25,0.0,0.0,0.0,0.0,0.723759,0.723759
8|963|cc|6|1|319,0.0,502,6,1,0,44968.25,0.0,0.0,0.0,0.0,0.786422,0.786422
8|963|cc|7|1|319,0.0,480,7,1,0,44968.25,0.0,0.0,0.0,0.0,0.751957,0.751957
8|963|cc|8|1|319,0.0,366,8,1,0,44968.25,0.0,0.0,0.0,0.0,0.573367,0.573367
8|963|sample|10|319,0.0003648,28692,1,10,1,44968.25,75628.1,62476.8,25974.0,25679.3,0.185163,0.20749
8|963|sample|10|319,0.001824,38931,2,10,1,44968.25,70945.9,56991.9,22588.9,22328.8,1.27186,1.3064
8|963|sample|10|319,0.00912,30460,3,10,1,44968.25,64719.1,50397.3,19020.5,18799.2,1.04757,1.07965
8|963|sample|10|319,0.0456,5540,4,10,1,44968.25,56424.9,42449.8,15251.5,15073.8,-1.09331,-1.08503
8|963|sample|10|319,0.228,612,5,10,1,44968.25,45413.1,32911.4,11283.1,11153.8,-1.58383,-1.58104
8|963|sample|10|319,1.14,454,6,10,1,44968.25,30793.0,21463.6,7109.54,7033.9,-1.48512,-1.48176
8|963|sample|10|319,5.7,472,7,10,1,44968.25,11379.3,7723.08,2913.85,2891.94,-1.10319,-1.09917
8|963|sample|10|319,28.5,442,8,10,1,44968.25,654.913,656.205,804.277,805.184,-0.3376,-0.33829
8|963|sample|11|319,0.0003712,32971,1,11,1,44968.25,75584.1,62422.4,37959.2,33677.6,-0.235764,-0.0375015
8|963|sample|11|319,0.001856,45678,2,11,1,44968.25,70887.4,56926.6,33416.1,29508.6,0.655654,0.974675
8|963|sample|11|319,0.00928,41502,3,11,1,44968.25,64622.8,50294.8,28455.8,25012.4,0.814343,1.16459
8|963|sample|11|319,0.0464,26805,4,11,1,44968.25,56305.5,42335.3,23061.8,20182.4,0.285642,0.573481
8|963|sample|11|319,0.2319999999999999,8100,5,11,1,44968.25,45263.0,32782.6,17195.9,14993.6,-0.915656,-0.788447
8|963|sample|11|319,1.16,724,6,11,1,44968.25,30602.4,21317.7,10817.3,9420.21,-1.55623,-1.51752
8|963|sample|11|319,5.8,414,7,11,1,44968.25,11138.1,7561.01,3963.57,3545.05,-1.27642,-1.22563
8|963|sample|11|319,29.0,424,8,11,1,44968.25,654.91,656.095,693.775,719.468,-0.266217,-0.28763
8|963|sample|12|319,0.0003712,34774,1,12,1,44968.25,75584.1,62422.4,34328.8,29735.2,0.0231925,0.301508
8|963|sample|12|319,0.001856,39569,2,12,1,44968.25,70866.9,56899.3,30082.9,25935.6,0.561308,0.930094
8|963|sample|12|319,0.00928,35504,3,12,1,44968.25,64604.1,50270.6,25513.7,21896.5,0.692329,1.09081
8|963|sample|12|319,0.0464,22196,4,12,1,44968.25,56289.2,42314.9,20596.5,17602.8,0.135872,0.452371
8|963|sample|12|319,0.2319999999999999,7430,5,12,1,44968.25,45249.9,32766.7,15304.9,13038.4,-0.883673,-0.729654
8|963|sample|12|319,1.16,894,6,12,1,44968.25,30593.4,21307.3,9610.99,8188.14,-1.49426,-1.44024
8|963|sample|12|319,5.8,404,7,12,1,44968.25,11134.7,7557.1,3596.83,3184.97,-1.23627,-1.17837
8|963|sample|12|319,29.0,400,8,12,1,44968.25,654.91,656.095,715.118,752.426,-0.307463,-0.337228
8|963|sample|3|319,6.4e-05,38041,1,3,1,44968.25,79416.8,67408.0,25986.0,23681.8,0.820889,1.06841
8|963|sample|3|319,0.00032,35786,2,3,1,44968.25,75977.4,62913.0,23098.5,21015.4,0.966704,1.23104
8|963|sample|3|319,0.0016,28073,3,3,1,44968.25,71401.3,57507.1,20077.1,18238.4,0.695826,0.936864
8|963|sample|3|319,0.008,5340,4,3,1,44968.25,65296.5,50982.8,16907.4,15338.7,-1.18302,-1.11969
8|963|sample|3|319,0.04,754,5,3,1,44968.25,57191.5,43152.4,13594.3,12321.9,-1.60767,-1.58484
8|963|sample|3|319,0.2,712,6,3,1,44968.25,46430.8,33754.7,10131.8,9184.06,-1.54039,-1.51209
8|963|sample|3|319,1.0,546,7,3,1,44968.25,32134.9,22464.7,6517.6,5928.79,-1.43496,-1.4006
8|963|sample|3|319,5.0,670,8,3,1,44968.25,13168.7,8930.75,2932.98,2751.62,-1.01762,-0.979239
8|963|sample|4|319,6.4e-05,32065,1,4,1,44968.25,79416.8,67408.0,26132.8,22798.2,0.401779,0.714908
8|963|sample|4|319,0.00032,37511,2,4,1,44968.25,75977.4,62913.0,23231.7,20218.6,1.08205,1.49489
8|963|sample|4|319,0.0016,27141,3,4,1,44968.25,71401.3,57507.1,20195.1,17536.6,0.601116,0.949243
8|963|sample|4|319,0.008,4104,4,4,1,44968.25,65315.4,51007.3,17016.7,14748.3,-1.31268,-1.23617
8|963|sample|4|319,0.04,1172,5,4,1,44968.25,57208.1,43173.2,13683.4,11843.7,-1.5571,-1.51574
8|963|sample|4|319,0.2,588,6,4,1,44968.25,46430.8,33754.7,10193.4,8823.56,-1.56224,-1.52285
8|963|sample|4|319,1.0,672,7,4,1,44968.25,32134.9,22464.7,6556.27,5704.97,-1.40691,-1.35214
8|963|sample|4|319,5.0,534,8,4,1,44968.25,13168.7,8930.75,2944.86,2684.83,-1.081,-1.02928
8|963|sample|5|319,0.0006144,21356,1,5,1,44968.25,74248.2,60800.2,11290.4,10803.3,1.4931,1.62895
8|963|sample|5|319,0.003072,12368,2,5,1,44968.25,69113.3,54978.8,9649.52,9234.8,0.464341,0.556489
8|963|sample|5|319,0.01536,2146,3,5,1,44968.25,62285.4,47980.1,7974.24,7635.23,-1.17768,-1.15183
8|963|sample|5|319,0.0768,922,4,5,1,44968.25,53209.2,39567.8,6269.04,6009.76,-1.32775,-1.30892
8|963|sample|5|319,0.384,564,5,5,1,44968.25,41135.1,29443.9,4553.83,4379.29,-1.28706,-1.26939
8|963|sample|5|319,1.92,616,6,5,1,44968.25,25097.5,17284.8,2921.93,2835.17,-1.03973,-1.02223
8|963|sample|5|319,9.6,510,7,5,1,44968.25,3901.79,2909.41,1632.92,1617.42,-0.738262,-0.732105
8|963|sample|5|319,48.0,534,8,5,1,44968.25,654.898,655.393,952.638,962.869,-0.362993,-0.37009
8|963|sample|6|319,0.0006144,23222,1,6,1,44968.25,74248.2,60800.2,13091.2,10993.8,1.31315,1.85806
8|963|sample|6|319,0.003072,9404,2,6,1,44968.25,69113.3,54978.8,11191.1,9397.38,-0.267216,0.00115763
8|963|sample|6|319,0.01536,1486,3,6,1,44968.25,62285.4,47980.1,9242.56,7768.53,-1.37662,-1.29866
8|963|sample|6|319,0.0768,804,4,6,1,44968.25,53209.2,39567.8,7247.11,6111.99,-1.41425,-1.34644
8|963|sample|6|319,0.384,554,5,6,1,44968.25,41135.1,29443.9,5216.76,4447.82,-1.34828,-1.27974
8|963|sample|6|319,1.92,578,6,6,1,44968.25,25097.5,17284.8,3240.14,2867.51,-1.11395,-1.0462
8|963|sample|6|319,9.6,540,7,6,1,44968.25,3901.79,2909.41,1655.91,1619.83,-0.727711,-0.713253
8|963|sample|6|319,48.0,524,8,6,1,44968.25,654.898,655.393,895.066,956.146,-0.330668,-0.374091
8|963|sample|7|319,7.68e-05,38811,1,7,1,44968.25,79072.2,66935.8,31065.3,29514.2,0.444359,0.560298
8|963|sample|7|319,0.000384,39843,2,7,1,44968.25,75519.7,62346.1,27677.1,26261.6,0.779891,0.915542
8|963|sample|7|319,0.00192,42537,3,7,1,44968.25,70793.4,56826.4,24089.4,22829.4,1.35047,1.51842
8|963|sample|7|319,0.0096,19731,4,7,1,44968.25,64508.1,50189.9,20290.7,19207.9,-0.0482213,0.0474634
8|963|sample|7|319,0.048,5488,5,7,1,44968.25,56136.3,42192.3,16260.7,15379.2,-1.1426,-1.10495
8|963|sample|7|319,0.24,816,6,7,1,44968.25,45008.2,32577.9,11992.6,11338.2,-1.56951,-1.55485
8|963|sample|7|319,1.2,518,7,7,1,44968.25,30246.7,21053.0,7486.76,7088.19,-1.48734,-1.46986
8|963|sample|7|319,6.0,528,8,7,1,44968.25,10662.7,7240.61,2926.69,2821.87,-1.0803,-1.06015
8|963|sample|8|319,7.68e-05,42388,1,8,1,44968.25,79072.2,66935.8,38276.4,33004.9,0.192769,0.507758
8|963|sample|8|319,0.000384,47167,2,8,1,44968.25,75519.7,62346.1,34335.7,29458.9,0.668338,1.06915
8|963|sample|8|319,0.00192,41432,3,8,1,44968.25,70793.4,56826.4,30088.7,25687.0,0.67108,1.08408
8|963|sample|8|319,0.0096,29792,4,8,1,44968.25,64508.1,50189.9,25511.9,21675.0,0.296634,0.656984
8|963|sample|8|319,0.048,7130,5,8,1,44968.25,56136.3,42192.3,20569.9,17399.1,-1.14308,-1.02245
8|963|sample|8|319,0.24,546,6,8,1,44968.25,45008.2,32577.9,15243.0,12849.7,-1.65542,-1.62224
8|963|sample|8|319,1.2,530,7,8,1,44968.25,30246.7,21053.0,9515.77,8023.33,-1.55404,-1.50606
8|963|sample|8|319,6.0,510,8,8,1,44968.25,10662.7,7240.61,3482.74,3070.16,-1.17921,-1.11411
8|963|sample|9|319,0.0003648,31797,1,9,1,44968.25,75628.1,62476.8,28768.8,26276.0,0.187046,0.371981
8|963|sample|9|319,0.001824,42931,2,9,1,44968.25,70945.9,56991.9,25085.1,22859.9,1.2569,1.54446
8|963|sample|9|319,0.00912,26667,3,9,1,44968.25,64719.1,50397.3,21175.0,19256.2,0.454462,0.670817
8|963|sample|9|319,0.0456,5088,4,9,1,44968.25,56441.3,42470.3,17024.6,15454.5,-1.21292,-1.1528
8|963|sample|9|319,0.228,566,5,9,1,44968.25,45426.2,32927.3,12613.2,11438.5,-1.61566,-1.59385
8|963|sample|9|319,1.14,520,6,9,1,44968.25,30793.0,21463.6,7934.46,7207.09,-1.50474,-1.47481
8|963|sample|9|319,5.7,466,7,9,1,44968.25,11379.3,7723.08,3144.86,2939.95,-1.14563,-1.11061
8|963|sample|9|319,28.5,550,8,9,1,44968.25,654.913,656.205,769.557,797.243,-0.208244,-0.231221
8|963|vc|1|2|319,0.0,34792,1,2,1,44968.25,89980.7,90013.9,90088.9,90013.9,-1.1208,-1.1202
8|963|vc|2|2|319,0.0,46782,2,2,1,44968.25,90006.6,90057.0,90131.8,90057.0,-0.878236,-0.877439
8|963|vc|3|2|319,0.0,50148,3,2,1,44968.25,90006.6,90057.0,90131.8,90057.0,-0.810043,-0.80919
8|963|vc|4|2|319,0.0,48893,4,2,1,44968.25,90006.6,90057.0,90131.8,90057.0,-0.835468,-0.834637
8|963|vc|5|2|319,0.0,49292,5,2,1,44968.25,90006.6,90057.0,90131.8,90057.0,-0.827385,-0.826547
8|963|vc|6|2|319,0.0,45050,6,2,1,44968.25,90006.6,90057.0,90131.8,90057.0,-0.913325,-0.912557
8|963|vc|7|2|319,0.0,46782,7,2,1,44968.25,90006.6,90057.0,90131.8,90057.0,-0.878236,-0.877439
8|963|vc|8|2|319,0.0,38007,8,2,1,44968.25,89980.7,90013.9,90088.9,90013.9,-1.05564,-1.05498
8|1241|cc|1|1|69,0.0,692,1,1,0,143143.0,0.0,0.0,0.0,0.0,1.08407,1.08407
8|1241|cc|2|1|69,0.0,714,2,1,0,143143.0,0.0,0.0,0.0,0.0,1.11854,1.11854
8|1241|cc|3|1|69,0.0,742,3,1,0,143143.0,0.0,0.0,0.0,0.0,1.1624,1.1624
8|1241|cc|4|1|69,0.0,754,4,1,0,143143.0,0.0,0.0,0.0,0.0,1.1812,1.1812
8|1241|cc|5|1|69,0.0,770,5,1,0,143143.0,0.0,0.0,0.0,0.0,1.20626,1.20626
8|1241|cc|6|1|69,0.0,746,6,1,0,143143.0,0.0,0.0,0.0,0.0,1.16867,1.16867
8|1241|cc|7|1|69,0.0,752,7,1,0,143143.0,0.0,0.0,0.0,0.0,1.17807,1.17807
8|1241|cc|8|1|69,0.0,784,8,1,0,143143.0,0.0,0.0,0.0,0.0,1.2282,1.2282
8|1241|sample|3|69,0.0010624,130158,1,3,1,143143.0,72932.7,59396.5,81435.9,81191.1,1.09097,1.09971
8|1241|sample|3|69,0.005312,136763,2,3,1,143143.0,67366.4,53292.3,77201.6,76921.0,1.40573,1.41742
8|1241|sample|3|69,0.02656,145073,3,3,1,143143.0,59965.6,45959.0,70858.7,70548.5,1.90577,1.92202
8|1241|sample|3|69,0.1328,129359,4,3,1,143143.0,50113.9,37138.9,61345.7,61026.6,2.01226,2.03207
8|1241|sample|3|69,0.664,56804,5,3,1,143143.0,37034.1,26553.2,47128.6,46848.5,0.370503,0.38345
8|1241|sample|3|69,3.32,4212,6,3,1,143143.0,19668.6,13848.6,25881.3,25737.4,-1.48128,-1.47931
8|1241|sample|3|69,83.0,726,8,3,1,143143.0,2084.67,2084.12,2073.38,2084.12,-0.765938,-0.769505
8|1241|sample|4|69,0.0010624,125943,1,4,1,143143.0,72932.7,59396.5,81831.1,80909.1,0.983036,1.01486
8|1241|sample|4|69,0.005312,138587,2,4,1,143143.0,67366.4,53292.3,77692.3,76574.7,1.42825,1.47537
8|1241|sample|4|69,0.02656,140654,3,4,1,143143.0,59965.6,45959.0,71441.3,70141.5,1.76308,1.82892
8|1241|sample|4|69,0.1328,125268,4,4,1,143143.0,50128.6,37150.0,62007.1,60599.5,1.85207,1.93641
8|1241|sample|4|69,0.664,58098,5,4,1,143143.0,37045.1,26561.3,47761.3,46438.7,0.390708,0.45294
8|1241|sample|4|69,3.32,3740,6,4,1,143143.0,19668.6,13848.6,26289.5,25460.5,-1.51854,-1.50823
8|1241|sample|4|69,16.6,582,7,4,1,143143.0,2100.53,2154.05,2076.77,2088.02,-0.848842,-0.852286
8|1241|sample|4|69,83.0,692,8,4,1,143143.0,2084.67,2084.12,2073.38,2084.12,-0.785266,-0.788769
8|1241|sample|8|69,16.6,688,7,8,1,143143.0,2100.53,2154.05,2119.44,2147.35,-0.802368,-0.811153
8|1241|vc|1|2|69,0.0,134396,1,2,1,143143.0,89980.7,89968.8,90044.5,89968.8,0.899389,0.901673
8|1241|vc|2|2|69,0.0,143827,2,2,1,143143.0,90006.6,89994.7,90070.7,89994.7,1.08979,1.09224
8|1241|vc|3|2|69,0.0,147132,3,2,1,143143.0,90006.6,89994.7,90070.7,89994.7,1.1568,1.1593
8|1241|vc|4|2|69,0.0,155723,4,2,1,143143.0,90006.6,89994.7,90070.7,89994.7,1.33096,1.33361
8|1241|vc|5|2|69,0.0,155074,5,2,1,143143.0,90006.6,89994.7,90070.7,89994.7,1.3178,1.32044
8|1241|vc|6|2|69,0.0,152580,6,2,1,143143.0,90006.6,89994.7,90070.7,89994.7,1.26724,1.26984
8|1241|vc|7|2|69,0.0,142167,7,2,1,143143.0,90006.6,89994.7,90070.7,89994.7,1.05614,1.05856
8|1241|vc|8|2|69,0.0,114245,8,2,1,143143.0,89980.7,89968.8,90044.5,89968.8,0.490754,0.492698
8|1056|cc|1|1|276,0.0,686,1,1,0,122846.625,0.0,0.0,0.0,0.0,1.07467,1.07467
8|1056|cc|2|1|276,0.0,688,2,1,0,122846.625,0.0,0.0,0.0,0.0,1.07781,1.07781
8|1056|cc|3|1|276,0.0,708,3,1,0,122846.625,0.0,0.0,0.0,0.0,1.10914,1.10914
8|1056|cc|4|1|276,0.0,700,4,1,0,122846.625,0.0,0.0,0.0,0.0,1.0966,1.0966
8|1056|cc|5|1|276,0.0,734,5,1,0,122846.625,0.0,0.0,0.0,0.0,1.14987,1.14987
8|1056|cc|6|1|276,0.0,694,6,1,0,122846.625,0.0,0.0,0.0,0.0,1.0872,1.0872
8|1056|cc|7|1|276,0.0,744,7,1,0,122846.625,0.0,0.0,0.0,0.0,1.16553,1.16553
8|1056|cc|8|1|276,0.0,756,8,1,0,122846.625,0.0,0.0,0.0,0.0,1.18433,1.18433
8|1056|sample|3|276,0.0010624,130132,1,3,1,122846.625,72875.4,59256.1,75800.7,74121.2,1.30562,1.376
8|1056|sample|3|276,0.005312,127154,2,3,1,122846.625,67290.2,53094.1,70496.5,68625.7,1.46228,1.55105
8|1056|sample|3|276,0.02656,111063,3,3,1,122846.625,59864.4,45710.5,63241.3,61246.9,1.37323,1.4762
8|1056|sample|3|276,0.1328,53602,4,3,1,122846.625,49979.5,36879.4,53337.4,51359.4,0.00897864,0.0789626
8|1056|sample|3|276,0.664,5384,5,3,1,122846.625,36855.8,26280.4,39754.2,38051.2,-1.55325,-1.54037
8|1056|sample|3|276,3.32,738,6,3,1,122846.625,19431.9,13559.9,21125.0,20138.9,-1.69079,-1.68343
8|1056|sample|3|276,16.6,690,7,3,1,122846.625,1804.82,1853.55,1784.77,1796.57,-0.682902,-0.687527
8|1056|sample|3|276,83.0,842,8,3,1,122846.625,1789.09,1786.37,1777.13,1786.37,-0.584828,-0.588768
8|1056|sample|4|276,0.0010624,123910,1,4,1,122846.625,72875.4,59256.1,75202.4,73419.8,1.17965,1.25204
8|1056|sample|4|276,0.005312,126950,2,4,1,122846.625,67290.2,53094.1,69820.5,67848.0,1.4885,1.58389
8|1056|sample|4|276,0.02656,105914,3,4,1,122846.625,59864.4,45710.5,62510.9,60422.4,1.26065,1.3661
8|1056|sample|4|276,0.1328,55539,4,4,1,122846.625,49994.2,36861.5,52577.4,50521.5,0.101916,0.179528
8|1056|sample|4|276,0.664,6766,5,4,1,122846.625,36866.7,26267.4,39091.7,37333.5,-1.48489,-1.46822
8|1056|sample|4|276,3.32,686,6,4,1,122846.625,19431.9,13559.9,20738.5,19725.8,-1.69237,-1.68474
8|1056|sample|4|276,16.6,742,7,4,1,122846.625,1804.82,1853.55,1785.85,1798.03,-0.650903,-0.655805
8|1056|sample|4|276,83.0,876,8,4,1,122846.625,1789.09,1786.37,1777.13,1786.37,-0.563564,-0.56757
8|1056|vc|1|2|276,0.0,125929,1,2,1,122846.625,89980.7,89912.3,89987.2,89912.3,0.729309,0.731429
8|1056|vc|2|2|276,0.0,128067,2,2,1,122846.625,90006.6,89870.0,89944.1,89870.0,0.773933,0.77607
8|1056|vc|3|2|276,0.0,126059,3,2,1,122846.625,90006.6,89870.0,89944.1,89870.0,0.733168,0.735272
8|1056|vc|4|2|276,0.0,129668,4,2,1,122846.625,90006.6,89870.0,89944.1,89870.0,0.806435,0.808598
8|1056|vc|5|2|276,0.0,124889,5,2,1,122846.625,90006.6,89870.0,89944.1,89870.0,0.709416,0.711501
8|1056|vc|6|2|276,0.0,120436,6,2,1,122846.625,90006.6,89870.0,89944.1,89870.0,0.619016,0.621027
8|1056|vc|7|2|276,0.0,119889,7,2,1,122846.625,90006.6,89870.0,89944.1,89870.0,0.607911,0.609913
8|1056|vc|8|2|276,0.0,107836,8,2,1,122846.625,89980.7,89912.3,89987.2,89912.3,0.362177,0.363995
8|1159|cc|1|1|292,0.0,640,1,1,0,132841.25,0.0,0.0,0.0,0.0,1.00261,1.00261
8|1159|cc|2|1|292,0.0,616,2,1,0,132841.25,0.0,0.0,0.0,0.0,0.965012,0.965012
8|1159|cc|3|1|292,0.0,690,3,1,0,132841.25,0.0,0.0,0.0,0.0,1.08094,1.08094
8|1159|cc|4|1|292,0.0,614,4,1,0,132841.25,0.0,0.0,0.0,0.0,0.961879,0.961879
8|1159|cc|5|1|292,0.0,622,5,1,0,132841.25,0.0,0.0,0.0,0.0,0.974411,0.974411
8|1159|cc|6|1|292,0.0,654,6,1,0,132841.25,0.0,0.0,0.0,0.0,1.02454,1.02454
8|1159|cc|7|1|292,0.0,732,7,1,0,132841.25,0.0,0.0,0.0,0.0,1.14673,1.14673
8|1159|cc|8|1|292,0.0,670,8,1,0,132841.25,0.0,0.0,0.0,0.0,1.04961,1.04961
8|1159|sample|3|292,0.0010624,108512,1,3,1,132841.25,72903.6,59352.3,80342.7,78441.6,0.639218,0.698649
8|1159|sample|3|292,0.005312,131884,2,3,1,132841.25,67327.8,53236.8,75856.9,73608.3,1.34539,1.44146
8|1159|sample|3|292,0.02656,133282,3,3,1,132841.25,59914.3,45889.9,69275.4,66728.8,1.68058,1.81298
8|1159|sample|3|292,0.1328,105629,4,3,1,132841.25,50045.7,37053.6,59607.4,56924.7,1.40055,1.55062
8|1159|sample|3|292,0.664,36126,5,3,1,132841.25,36943.6,26448.5,45452.6,42996.0,-0.369984,-0.287683
8|1159|sample|3|292,3.32,2310,6,3,1,132841.25,19548.5,13720.6,24729.2,23207.3,-1.60069,-1.58513
8|1159|sample|3|292,16.6,688,7,3,1,132841.25,1950.44,2004.61,1929.21,1940.9,-0.738291,-0.742456
8|1159|sample|3|292,83.0,592,8,3,1,132841.25,1934.64,1934.64,1924.67,1934.64,-0.793854,-0.797234
8|1159|sample|4|292,0.0010624,112128,1,4,1,132841.25,72903.6,59352.3,80936.7,79119.5,0.702672,0.760436
8|1159|sample|4|292,0.005312,130767,2,4,1,132841.25,67327.8,53236.8,76580.4,74409.4,1.28909,1.37924
8|1159|sample|4|292,0.02656,137610,3,4,1,132841.25,59914.3,45889.9,70118.1,67634.1,1.75115,1.88114
8|1159|sample|4|292,0.1328,112132,4,4,1,132841.25,50060.4,37064.6,60537.8,57893.1,1.54646,1.69852
8|1159|sample|4|292,0.664,38749,5,4,1,132841.25,36954.6,26456.6,46327.4,43880.2,-0.295096,-0.210655
8|1159|sample|4|292,3.32,2926,6,4,1,132841.25,19548.5,13720.6,25286.5,23755.3,-1.56288,-1.54525
8|1159|sample|4|292,16.6,542,7,4,1,132841.25,1950.44,2004.61,1928.68,1940.13,-0.82496,-0.828722
8|1159|sample|4|292,83.0,574,8,4,1,132841.25,1934.64,1934.64,1924.67,1934.64,-0.804576,-0.807922
8|1159|vc|1|2|292,0.0,114165,1,2,1,132841.25,89980.7,89980.7,90056.5,89980.7,0.488824,0.490769
8|1159|vc|2|2|292,0.0,136148,2,2,1,132841.25,90006.6,90006.6,90082.6,90006.6,0.933754,0.936074
8|1159|vc|3|2|292,0.0,149475,3,2,1,132841.25,90006.6,90006.6,90082.6,90006.6,1.20389,1.20644
8|1159|vc|4|2|292,0.0,146290,4,2,1,132841.25,90006.6,90006.6,90082.6,90006.6,1.13933,1.14183
8|1159|vc|5|2|292,0.0,136813,5,2,1,132841.25,90006.6,90006.6,90082.6,90006.6,0.947233,0.949565
8|1159|vc|6|2|292,0.0,141806,6,2,1,132841.25,90006.6,90006.6,90082.6,90006.6,1.04844,1.05086
8|1159|vc|7|2|292,0.0,125865,7,2,1,132841.25,90006.6,90006.6,90082.6,90006.6,0.725315,0.727462
8|1159|vc|8|2|292,0.0,112168,8,2,1,132841.25,89980.7,89980.7,90056.5,89980.7,0.448333,0.450244
8|1017|cc|1|1|65,0.0,614,1,1,0,12137.0,0.0,0.0,0.0,0.0,0.961879,0.961879
8|1017|cc|2|1|65,0.0,574,2,1,0,12137.0,0.0,0.0,0.0,0.0,0.899215,0.899215
8|1017|cc|3|1|65,0.0,530,3,1,0,12137.0,0.0,0.0,0.0,0.0,0.830286,0.830286
8|1017|cc|4|1|65,0.0,626,4,1,0,12137.0,0.0,0.0,0.0,0.0,0.980677,0.980677
8|1017|cc|5|1|65,0.0,490,5,1,0,12137.0,0.0,0.0,0.0,0.0,0.767623,0.767623
8|1017|cc|6|1|65,0.0,480,6,1,0,12137.0,0.0,0.0,0.0,0.0,0.751957,0.751957
8|1017|cc|7|1|65,0.0,564,7,1,0,12137.0,0.0,0.0,0.0,0.0,0.88355,0.88355
8|1017|cc|8|1|65,0.0,546,8,1,0,12137.0,0.0,0.0,0.0,0.0,0.855351,0.855351
8|1017|sample|3|65,0.0010624,10506,1,3,1,12137.0,72562.7,6497.54,7260.38,6698.55,0.711289,0.893911
8|1017|sample|3|65,0.005312,11892,2,3,1,12137.0,66874.8,5820.94,6592.82,6022.11,1.26106,1.50755
8|1017|sample|3|65,0.02656,7480,3,3,1,12137.0,59312.6,5000.63,5747.85,5193.18,0.462474,0.663701
8|1017|sample|3|65,0.1328,2832,4,3,1,12137.0,49246.9,3995.75,4666.7,4166.69,-0.580423,-0.461721
8|1017|sample|3|65,0.664,740,5,3,1,12137.0,35883.0,2789.71,3314.24,2921.94,-1.05941,-0.983821
8|1017|sample|3|65,3.32,556,6,3,1,12137.0,18140.4,1342.26,1622.39,1412.51,-0.703731,-0.610971
8|1017|sample|3|65,83.0,548,8,3,1,12137.0,176.758,2.16675,2.16713,2.16675,0.853523,0.853524
8|1017|sample|4|65,0.0010624,9714,1,4,1,12137.0,72562.7,6497.54,7564.25,7014.84,0.454754,0.609251
8|1017|sample|4|65,0.005312,11992,2,4,1,12137.0,66874.8,5820.94,6911.33,6343.08,1.16148,1.38891
8|1017|sample|4|65,0.02656,9882,3,4,1,12137.0,59312.6,5000.63,6067.12,5504.68,0.973684,1.21123
8|1017|sample|4|65,0.1328,3414,4,4,1,12137.0,49261.1,4007.37,4978.03,4460.05,-0.469781,-0.343049
8|1017|sample|4|65,0.664,734,5,4,1,12137.0,35893.4,2797.83,3565.02,3151.03,-1.10352,-1.03219
8|1017|sample|4|65,3.32,542,6,4,1,12137.0,18140.4,1342.26,1755.97,1531.0,-0.764684,-0.674657
8|1017|sample|4|65,16.6,564,7,4,1,12137.0,191.83,9.98904,5.36499,7.2897,0.871187,0.866779
8|1017|sample|4|65,83.0,516,8,4,1,12137.0,176.758,2.16675,2.16713,2.16674,0.803484,0.803485
8|1017|sample|8|65,16.6,600,7,8,1,12137.0,191.83,9.98904,10.6447,10.2333,0.915022,0.915977
8|1017|vc|1|2|65,0.0,12754,1,2,1,12137.0,89980.7,9962.38,9997.46,9962.38,0.456186,0.463447
8|1017|vc|2|2|65,0.0,10974,2,2,1,12137.0,90006.6,9991.51,10026.8,9991.51,0.156342,0.162682
8|1017|vc|3|2|65,0.0,11326,3,2,1,12137.0,90006.6,9991.51,10026.8,9991.51,0.214442,0.220966
8|1017|vc|4|2|65,0.0,14058,4,2,1,12137.0,90006.6,9991.51,10026.8,9991.51,0.665384,0.673332
8|1017|vc|5|2|65,0.0,13090,5,2,1,12137.0,90006.6,9991.51,10026.8,9991.51,0.505606,0.51305
8|1017|vc|6|2|65,0.0,11930,6,2,1,12137.0,90006.6,9991.51,10026.8,9991.51,0.314138,0.320977
8|1017|vc|7|2|65,0.0,12278,7,2,1,12137.0,90006.6,9991.51,10026.8,9991.51,0.371579,0.378599
8|1017|vc|8|2|65,0.0,10686,8,2,1,12137.0,89980.7,9962.38,9997.46,9962.38,0.113947,0.120131
8|1197|cc|1|1|103,0.0,606,1,1,0,100839.375,0.0,0.0,0.0,0.0,0.949346,0.949346
8|1197|cc|2|1|103,0.0,666,2,1,0,100839.375,0.0,0.0,0.0,0.0,1.04334,1.04334
8|1197|cc|3|1|103,0.0,676,3,1,0,100839.375,0.0,0.0,0.0,0.0,1.05901,1.05901
8|1197|cc|4|1|103,0.0,624,4,1,0,100839.375,0.0,0.0,0.0,0.0,0.977544,0.977544
8|1197|cc|5|1|103,0.0,566,5,1,0,100839.375,0.0,0.0,0.0,0.0,0.886683,0.886683
8|1197|cc|6|1|103,0.0,622,6,1,0,100839.375,0.0,0.0,0.0,0.0,0.974411,0.974411
8|1197|cc|7|1|103,0.0,690,7,1,0,100839.375,0.0,0.0,0.0,0.0,1.08094,1.08094
8|1197|cc|8|1|103,0.0,642,8,1,0,100839.375,0.0,0.0,0.0,0.0,1.00574,1.00574
8|1197|sample|3|103,0.0010624,83416,1,3,1,100839.375,72813.2,59192.3,62148.1,57510.4,0.621267,0.816537
8|1197|sample|3|103,0.005312,89383,2,3,1,100839.375,67207.7,53043.5,55995.3,51381.0,1.08025,1.33749
8|1197|sample|3|103,0.02656,58909,3,3,1,100839.375,59754.7,45656.8,48475.2,44085.2,0.388711,0.605819
8|1197|sample|3|103,0.1328,9266,4,3,1,100839.375,49833.9,36773.6,39273.7,35391.8,-1.37221,-1.3215
8|1197|sample|3|103,0.664,850,5,3,1,100839.375,36662.4,26112.2,28038.7,25053.8,-1.72135,-1.70672
8|1197|sample|3|103,3.32,606,6,3,1,100839.375,19175.1,13316.6,14320.8,12759.8,-1.63669,-1.61281
8|1197|sample|3|103,16.6,578,7,3,1,100839.375,1484.18,1538.72,1517.33,1549.0,-0.64402,-0.65801
8|1197|sample|3|103,83.0,552,8,3,1,100839.375,1468.58,1468.69,1461.12,1468.69,-0.636567,-0.640033
8|1197|sample|4|103,0.0010624,79953,1,4,1,100839.375,72813.2,59192.3,62549.6,57268.2,0.505174,0.717979
8|1197|sample|4|103,0.005312,90004,2,4,1,100839.375,67207.7,53043.5,56401.5,51142.9,1.07953,1.37395
8|1197|sample|4|103,0.02656,58715,3,4,1,100839.375,59754.7,45656.8,48868.1,43861.2,0.363966,0.61006
8|1197|sample|4|103,0.1328,7962,4,4,1,100839.375,49848.5,36784.1,39638.5,35206.0,-1.43557,-1.3851
8|1197|sample|4|103,0.664,770,5,4,1,100839.375,36673.2,26119.7,28323.9,24911.7,-1.72761,-1.71161
8|1197|sample|4|103,3.32,568,6,4,1,100839.375,19175.1,13316.6,14469.7,12681.7,-1.64321,-1.61655
8|1197|sample|4|103,16.6,564,7,4,1,100839.375,1484.18,1538.72,1515.28,1550.55,-0.652707,-0.668168
8|1197|sample|4|103,83.0,596,8,4,1,100839.375,1468.58,1468.69,1461.12,1468.69,-0.605758,-0.609312
8|1197|vc|1|2|103,0.0,87946,1,2,1,100839.375,89980.7,89983.9,90059.7,89983.9,-0.0428567,-0.0413533
8|1197|vc|2|2|103,0.0,107862,2,2,1,100839.375,90006.6,90008.9,90084.9,90008.9,0.360335,0.362178
8|1197|vc|3|2|103,0.0,103669,3,2,1,100839.375,90006.6,90008.9,90084.9,90008.9,0.275344,0.277116
8|1197|vc|4|2|103,0.0,103811,4,2,1,100839.375,90006.6,90008.9,90084.9,90008.9,0.278223,0.279997
8|1197|vc|5|2|103,0.0,109061,5,2,1,100839.375,90006.6,90008.9,90084.9,90008.9,0.384639,0.386502
8|1197|vc|6|2|103,0.0,103883,6,2,1,100839.375,90006.6,90008.9,90084.9,90008.9,0.279682,0.281458
8|1197|vc|7|2|103,0.0,108538,7,2,1,100839.375,90006.6,90008.9,90084.9,90008.9,0.374037,0.375892
8|1197|vc|8|2|103,0.0,81945,8,2,1,100839.375,89980.7,89983.9,90059.7,89983.9,-0.164529,-0.163126
8|745|cc|1|1|218,0.0,424,1,1,0,41925.5,0.0,0.0,0.0,0.0,0.664229,0.664229
8|745|cc|2|1|218,0.0,424,2,1,0,41925.5,0.0,0.0,0.0,0.0,0.664229,0.664229
8|745|cc|3|1|218,0.0,442,3,1,0,41925.5,0.0,0.0,0.0,0.0,0.692427,0.692427
8|745|cc|4|1|218,0.0,476,4,1,0,41925.5,0.0,0.0,0.0,0.0,0.745691,0.745691
8|745|cc|5|1|218,0.0,500,5,1,0,41925.5,0.0,0.0,0.0,0.0,0.783289,0.783289
8|745|cc|6|1|218,0.0,514,6,1,0,41925.5,0.0,0.0,0.0,0.0,0.805221,0.805221
8|745|cc|7|1|218,0.0,472,7,1,0,41925.5,0.0,0.0,0.0,0.0,0.739425,0.739425
8|745|cc|8|1|218,0.0,496,8,1,0,41925.5,0.0,0.0,0.0,0.0,0.777022,0.777022
8|745|sample|3|218,0.0010624,37523,1,3,1,41925.5,72646.8,58891.7,33077.4,28445.7,0.24006,0.566797
8|745|sample|3|218,0.005312,37208,2,3,1,41925.5,66986.6,52683.7,28466.0,24354.0,0.545493,0.931238
8|745|sample|3|218,0.02656,26461,3,3,1,41925.5,59461.1,45225.7,23477.1,19986.7,0.223865,0.565822
8|745|sample|3|218,0.1328,7202,4,3,1,41925.5,49444.0,36256.5,18074.6,15320.8,-1.04456,-0.910163
8|745|sample|3|218,0.664,758,5,3,1,41925.5,36144.7,25491.8,12234.2,10344.4,-1.58256,-1.53872
8|745|sample|3|218,16.6,474,7,3,1,41925.5,625.835,680.827,934.651,993.409,-0.402819,-0.441925
8|745|sample|3|218,83.0,544,8,3,1,41925.5,610.585,610.585,608.833,614.656,-0.0670144,-0.072797
8|745|sample|4|218,0.0010624,34037,1,4,1,41925.5,72646.8,58891.7,31543.9,25878.2,0.140934,0.557789
8|745|sample|4|218,0.005312,36046,2,4,1,41925.5,66986.6,52683.7,27097.5,22096.0,0.585399,1.10868
8|745|sample|4|218,0.02656,26077,3,4,1,41925.5,59461.1,45225.7,22309.2,18087.6,0.296729,0.767046
8|745|sample|4|218,0.1328,8328,4,4,1,41925.5,49458.3,36267.0,17152.9,13839.6,-0.890456,-0.678808
8|745|sample|4|218,0.664,672,5,4,1,41925.5,36155.3,25499.3,11597.0,9335.37,-1.58168,-1.52399
8|745|sample|4|218,3.32,466,6,4,1,41925.5,18487.9,12572.3,5635.0,4604.81,-1.40294,-1.32335
8|745|sample|4|218,16.6,460,7,4,1,41925.5,625.835,680.827,955.543,1030.84,-0.429092,-0.477466
8|745|sample|4|218,83.0,550,8,4,1,41925.5,610.585,610.585,609.518,618.18,-0.0614976,-0.0701078
8|745|sample|5|218,3.32,492,6,5,1,41925.5,18487.9,12572.3,2830.64,1036.52,-1.07848,-0.454284
8|745|vc|1|2|218,0.0,40530,1,2,1,41925.5,89980.7,89980.7,90056.5,89980.7,-1.0042,-1.0035
8|745|vc|2|2|218,0.0,43557,2,2,1,41925.5,90006.6,90006.6,90082.7,90006.6,-0.943084,-0.942328
8|745|vc|3|2|218,0.0,43897,3,2,1,41925.5,90006.6,90006.6,90082.7,90006.6,-0.936192,-0.93543
8|745|vc|4|2|218,0.0,43871,4,2,1,41925.5,90006.6,90006.6,90082.7,90006.6,-0.936719,-0.935958
8|745|vc|5|2|218,0.0,42072,5,2,1,41925.5,90006.6,90006.6,90082.7,90006.6,-0.973185,-0.972454
8|745|vc|6|2|218,0.0,41786,6,2,1,41925.5,90006.6,90006.6,90082.7,90006.6,-0.978982,-0.978256
8|745|vc|7|2|218,0.0,38985,7,2,1,41925.5,90006.6,90006.6,90082.7,90006.6,-1.03576,-1.03508
8|745|vc|8|2|218,0.0,40706,8,2,1,41925.5,89980.7,89980.7,90056.5,89980.7,-1.00063,-0.999924
8|1043|cc|1|1|174,0.0,462,1,1,0,53952.0,0.0,0.0,0.0,0.0,0.723759,0.723759
8|1043|cc|2|1|174,0.0,482,2,1,0,53952.0,0.0,0.0,0.0,0.0,0.75509,0.75509
8|1043|cc|3|1|174,0.0,512,3,1,0,53952.0,0.0,0.0,0.0,0.0,0.802088,0.802088
8|1043|cc|4|1|174,0.0,514,4,1,0,53952.0,0.0,0.0,0.0,0.0,0.805221,0.805221
8|1043|cc|5|1|174,0.0,496,5,1,0,53952.0,0.0,0.0,0.0,0.0,0.777022,0.777022
8|1043|cc|6|1|174,0.0,482,6,1,0,53952.0,0.0,0.0,0.0,0.0,0.75509,0.75509
8|1043|cc|7|1|174,0.0,458,7,1,0,53952.0,0.0,0.0,0.0,0.0,0.717492,0.717492
8|1043|cc|8|1|174,0.0,474,8,1,0,53952.0,0.0,0.0,0.0,0.0,0.742558,0.742558
8|1043|sample|3|174,0.0010624,52337,1,3,1,53952.0,72680.8,58952.7,44101.2,35059.5,0.336461,0.881946
8|1043|sample|3|174,0.005312,52465,2,3,1,53952.0,67031.7,52756.9,38522.6,30267.9,0.64963,1.30571
8|1043|sample|3|174,0.02656,24983,3,3,1,53952.0,59521.0,45313.7,32260.3,25053.7,-0.402573,-0.00498571
8|1043|sample|3|174,0.1328,3902,4,3,1,53952.0,49523.6,36362.0,25223.6,19374.0,-1.49382,-1.39247
8|1043|sample|3|174,0.664,468,5,3,1,53952.0,36250.4,25618.4,17331.0,13198.0,-1.68515,-1.63779
8|1043|sample|3|174,3.32,434,6,3,1,53952.0,18628.2,12724.2,8480.08,6491.31,-1.5407,-1.46055
8|1043|sample|3|174,16.6,466,7,3,1,53952.0,801.055,855.942,977.419,1079.98,-0.438351,-0.502387
8|1043|sample|3|174,83.0,476,8,3,1,53952.0,785.734,785.735,781.742,786.472,-0.288187,-0.291942
8|1043|sample|4|174,0.0010624,51341,1,4,1,53952.0,72680.8,58952.7,39597.8,33251.0,0.53273,0.971929
8|1043|sample|4|174,0.005312,47213,2,4,1,53952.0,67031.7,52756.9,34377.5,28645.2,0.667771,1.15165
8|1043|sample|4|174,0.02656,25619,3,4,1,53952.0,59521.0,45313.7,28611.6,23661.3,-0.185822,0.145785
8|1043|sample|4|174,0.1328,3204,4,4,1,53952.0,49538.0,36372.6,22243.5,18268.3,-1.50364,-1.43286
8|1043|sample|4|174,0.664,534,5,4,1,53952.0,36261.0,25626.0,15205.9,12429.2,-1.65633,-1.61684
8|1043|sample|4|174,3.32,492,6,4,1,53952.0,18628.2,12724.2,7440.84,6125.94,-1.49099,-1.42639
8|1043|sample|4|174,16.6,542,7,4,1,53952.0,801.055,855.942,1027.52,1103.45,-0.406711,-0.454682
8|1043|sample|4|174,83.0,532,8,4,1,53952.0,785.734,785.735,781.915,786.944,-0.235545,-0.239671
8|1043|vc|1|2|174,0.0,50112,1,2,1,53952.0,89980.7,89980.7,90056.6,89980.7,-0.809915,-0.80905
8|1043|vc|2|2|174,0.0,56646,2,2,1,53952.0,90006.6,90006.8,90082.8,90006.8,-0.677769,-0.676792
8|1043|vc|3|2|174,0.0,62497,3,2,1,53952.0,90006.6,90006.8,90082.8,90006.8,-0.559168,-0.558092
8|1043|vc|4|2|174,0.0,57542,4,2,1,53952.0,90006.6,90006.8,90082.8,90006.8,-0.659607,-0.658615
8|1043|vc|5|2|174,0.0,52635,5,2,1,53952.0,90006.6,90006.8,90082.8,90006.8,-0.759073,-0.758163
8|1043|vc|6|2|174,0.0,56628,6,2,1,53952.0,90006.6,90006.8,90082.8,90006.8,-0.678134,-0.677157
8|1043|vc|7|2|174,0.0,50206,7,2,1,53952.0,90006.6,90006.8,90082.8,90006.8,-0.808309,-0.807441
8|1043|vc|8|2|174,0.0,45350,8,2,1,53952.0,89980.7,89980.7,90056.6,89980.7,-0.90647,-0.905685
8|1260|cc|1|1|319,0.0,514,1,1,0,42984.625,0.0,0.0,0.0,0.0,0.805221,0.805221
8|1260|cc|2|1|319,0.0,604,2,1,0,42984.625,0.0,0.0,0.0,0.0,0.946213,0.946213
8|1260|cc|3|1|319,0.0,546,3,1,0,42984.625,0.0,0.0,0.0,0.0,0.855351,0.855351
8|1260|cc|4|1|319,0.0,580,4,1,0,42984.625,0.0,0.0,0.0,0.0,0.908615,0.908615
8|1260|cc|5|1|319,0.0,564,5,1,0,42984.625,0.0,0.0,0.0,0.0,0.88355,0.88355
8|1260|cc|6|1|319,0.0,508,6,1,0,42984.625,0.0,0.0,0.0,0.0,0.795821,0.795821
8|1260|cc|7|1|319,0.0,466,7,1,0,42984.625,0.0,0.0,0.0,0.0,0.730025,0.730025
8|1260|cc|8|1|319,0.0,444,8,1,0,42984.625,0.0,0.0,0.0,0.0,0.69556,0.69556
8|1260|sample|3|319,0.0010624,37180,1,3,1,42984.625,72649.8,47399.1,46777.5,43366.3,-0.370211,-0.256903
8|1260|sample|3|319,0.005312,42284,2,3,1,42984.625,66990.6,31810.2,31362.0,28837.4,0.620874,0.828667
8|1260|sample|3|319,0.02656,29878,3,3,1,42984.625,59466.3,17982.6,17722.1,16141.0,1.18963,1.46708
8|1260|sample|3|319,0.1328,14579,4,3,1,42984.625,49451.0,14387.5,14150.8,12782.0,0.0516667,0.238089
8|1260|sample|3|319,0.664,2122,5,3,1,42984.625,36154.1,10072.7,9884.09,8853.17,-1.29773,-1.24099
8|1260|sample|3|319,3.32,498,6,3,1,42984.625,18500.2,4894.21,4786.59,4257.98,-1.32947,-1.27889
8|1260|sample|3|319,16.6,458,7,3,1,42984.625,641.266,271.585,275.596,291.598,0.231679,0.209058
8|1260|sample|3|319,83.0,484,8,3,1,42984.625,626.01,406.032,404.272,406.032,0.0930455,0.0908904
8|1260|sample|4|319,0.0010624,33661,1,4,1,42984.625,72649.8,47399.1,51755.2,49058.0,-0.632327,-0.566957
8|1260|sample|4|319,0.005312,36692,2,4,1,42984.625,66990.6,31810.2,35132.2,33056.6,0.079461,0.19643
8|1260|sample|4|319,0.02656,31084,3,4,1,42984.625,59466.3,17982.6,20123.9,18769.5,0.951681,1.14188
8|1260|sample|4|319,0.1328,13458,4,4,1,42984.625,49465.3,6767.5,7707.9,7097.57,1.19671,1.42132
8|1260|sample|4|319,0.664,1668,5,4,1,42984.625,36164.6,4730.45,5459.28,4985.95,-1.05624,-0.995321
8|1260|sample|4|319,3.32,526,6,4,1,42984.625,18500.2,4894.21,5683.77,5181.93,-1.38995,-1.35367
8|1260|sample|4|319,16.6,482,7,4,1,42984.625,641.266,271.585,255.438,264.636,0.291806,0.278178
8|1260|sample|4|319,83.0,570,8,4,1,42984.625,626.01,406.032,404.272,406.032,0.193411,0.191146
8|1260|vc|1|2|319,0.0,40866,1,2,1,42984.625,89980.7,72466.7,72557.7,72466.7,-0.79507,-0.793768
8|1260|vc|2|2|319,0.0,45338,2,2,1,42984.625,90006.6,54445.8,54550.2,54445.8,-0.305789,-0.302891
8|1260|vc|3|2|319,0.0,44073,3,2,1,42984.625,90006.6,54445.8,54550.2,54445.8,-0.347779,-0.34496
8|1260|vc|4|2|319,0.0,47115,4,2,1,42984.625,90006.6,54445.8,54550.2,54445.8,-0.246804,-0.243795
8|1260|vc|5|2|319,0.0,43457,5,2,1,42984.625,90006.6,54445.8,54550.2,54445.8,-0.368227,-0.365446
8|1260|vc|6|2|319,0.0,43107,6,2,1,42984.625,90006.6,54445.8,54550.2,54445.8,-0.379845,-0.377086
8|1260|vc|7|2|319,0.0,44409,7,2,1,42984.625,90006.6,54445.8,54550.2,54445.8,-0.336626,-0.333786
8|1260|vc|8|2|319,0.0,35512,8,2,1,42984.625,89980.7,72466.7,72557.7,72466.7,-0.92939,-0.928253
8|1042|cc|1|1|162,0.0,624,1,1,0,78994.875,0.0,0.0,0.0,0.0,0.977544,0.977544
8|1042|cc|2|1|162,0.0,714,2,1,0,78994.875,0.0,0.0,0.0,0.0,1.11854,1.11854
8|1042|cc|3|1|162,0.0,694,3,1,0,78994.875,0.0,0.0,0.0,0.0,1.0872,1.0872
8|1042|cc|4|1|162,0.0,700,4,1,0,78994.875,0.0,0.0,0.0,0.0,1.0966,1.0966
8|1042|cc|5|1|162,0.0,674,5,1,0,78994.875,0.0,0.0,0.0,0.0,1.05587,1.05587
8|1042|cc|6|1|162,0.0,730,6,1,0,78994.875,0.0,0.0,0.0,0.0,1.1436,1.1436
8|1042|cc|7|1|162,0.0,664,7,1,0,78994.875,0.0,0.0,0.0,0.0,1.04021,1.04021
8|1042|cc|8|1|162,0.0,778,8,1,0,78994.875,0.0,0.0,0.0,0.0,1.2188,1.2188
8|1042|sample|3|162,0.0010624,72910,1,3,1,78994.875,72751.5,59102.9,70576.6,66261.7,0.0601554,0.182361
8|1042|sample|3|162,0.005312,82674,2,3,1,78994.875,67125.7,52946.8,64765.2,60215.1,0.502381,0.676713
8|1042|sample|3|162,0.02656,79881,3,3,1,78994.875,59645.8,45543.1,57190.7,52601.9,0.71911,0.938302
8|1042|sample|3|162,0.1328,67396,4,3,1,78994.875,49689.3,36619.2,47294.3,42993.7,0.76713,1.02191
8|1042|sample|3|162,0.664,36552,5,3,1,78994.875,36470.5,25908.9,34431.0,30925.3,0.110178,0.324206
8|1042|sample|3|162,3.32,5516,6,3,1,78994.875,18920.3,13054.7,17711.5,15766.5,-1.19417,-1.11892
8|1042|sample|3|162,16.6,726,7,3,1,78994.875,1165.92,1222.25,1168.31,1187.5,-0.348308,-0.360478
8|1042|sample|3|162,83.0,688,8,3,1,78994.875,1150.45,1151.36,1145.43,1151.36,-0.363761,-0.367534
8|1042|sample|4|162,0.0010624,73625,1,4,1,78994.875,72751.5,59102.9,69099.3,66133.9,0.119127,0.205868
8|1042|sample|4|162,0.005312,80800,2,4,1,78994.875,67125.7,52946.8,63186.0,60082.3,0.506232,0.625599
8|1042|sample|4|162,0.02656,78030,3,4,1,78994.875,59645.8,45543.1,55576.4,52469.9,0.731846,0.881334
8|1042|sample|4|162,0.1328,66522,4,4,1,78994.875,49703.8,36641.4,45788.2,42897.8,0.816625,0.991481
8|1042|sample|4|162,0.664,38695,5,4,1,78994.875,36481.2,25924.8,33181.6,30846.0,0.296818,0.453372
8|1042|sample|4|162,3.32,6000,6,4,1,78994.875,18920.3,13054.7,16990.3,15712.2,-1.11887,-1.06357
8|1042|sample|4|162,16.6,662,7,4,1,78994.875,1165.92,1222.25,1172.88,1188.0,-0.401524,-0.41077
8|1042|sample|4|162,83.0,696,8,4,1,78994.875,1150.45,1151.36,1145.43,1151.36,-0.357399,-0.361189
8|1042|vc|1|2|162,0.0,79529,1,2,1,78994.875,89980.7,90016.2,90092.5,90016.2,-0.2141,-0.212732
8|1042|vc|2|2|162,0.0,77876,2,2,1,78994.875,90006.6,90069.9,90146.9,90069.9,-0.248558,-0.247207
8|1042|vc|3|2|162,0.0,85444,3,2,1,78994.875,90006.6,90069.9,90146.9,90069.9,-0.095261,-0.0937811
8|1042|vc|4|2|162,0.0,85154,4,2,1,78994.875,90006.6,90069.9,90146.9,90069.9,-0.101135,-0.0996603
8|1042|vc|5|2|162,0.0,85440,5,2,1,78994.875,90006.6,90069.9,90146.9,90069.9,-0.095342,-0.0938622
8|1042|vc|6|2|162,0.0,76072,6,2,1,78994.875,90006.6,90069.9,90146.9,90069.9,-0.2851,-0.28378
8|1042|vc|7|2|162,0.0,75138,7,2,1,78994.875,90006.6,90069.9,90146.9,90069.9,-0.304019,-0.302715
8|1042|vc|8|2|162,0.0,67306,8,2,1,78994.875,89980.7,90016.2,90092.5,90016.2,-0.461836,-0.460675
8|863|cc|1|1|274,0.0,622,1,1,0,79056.375,0.0,0.0,0.0,0.0,0.974411,0.974411
8|863|cc|2|1|274,0.0,702,2,1,0,79056.375,0.0,0.0,0.0,0.0,1.09974,1.09974
8|863|cc|3|1|274,0.0,724,3,1,0,79056.375,0.0,0.0,0.0,0.0,1.1342,1.1342
8|863|cc|4|1|274,0.0,660,4,1,0,79056.375,0.0,0.0,0.0,0.0,1.03394,1.03394
8|863|cc|5|1|274,0.0,644,5,1,0,79056.375,0.0,0.0,0.0,0.0,1.00888,1.00888
8|863|cc|6|1|274,0.0,642,6,1,0,79056.375,0.0,0.0,0.0,0.0,1.00574,1.00574
8|863|cc|7|1|274,0.0,664,7,1,0,79056.375,0.0,0.0,0.0,0.0,1.04021,1.04021
8|863|cc|8|1|274,0.0,710,8,1,0,79056.375,0.0,0.0,0.0,0.0,1.11227,1.11227
8|863|sample|3|274,0.0010624,89013,1,3,1,79056.375,72751.7,59080.0,64455.5,60533.8,0.692143,0.853678
8|863|sample|3|274,0.005312,83582,2,3,1,79056.375,67125.9,52909.7,58324.8,54359.5,0.785203,0.97334
8|863|sample|3|274,0.02656,75500,3,3,1,79056.375,59646.2,45497.1,50713.5,46879.6,0.883587,1.10165
8|863|sample|3|274,0.1328,35636,4,3,1,79056.375,49689.7,36582.1,41253.4,37808.3,-0.244893,-0.10307
8|863|sample|3|274,0.664,5534,5,3,1,79056.375,36471.0,25882.6,29521.7,26830.1,-1.44534,-1.40646
8|863|sample|3|274,3.32,752,6,3,1,79056.375,18921.0,13041.3,14972.8,13544.2,-1.62857,-1.6071
8|863|sample|3|274,16.6,620,7,3,1,79056.375,1166.81,1221.48,1190.03,1213.26,-0.444771,-0.458407
8|863|sample|3|274,83.0,590,8,3,1,79056.375,1151.34,1151.35,1145.42,1151.35,-0.441683,-0.445265
8|863|sample|4|274,0.0010624,89205,1,4,1,79056.375,72751.7,59080.0,63665.0,60180.7,0.728608,0.875024
8|863|sample|4|274,0.005312,81925,2,4,1,79056.375,67125.9,52909.7,57515.9,54006.2,0.769295,0.935866
8|863|sample|4|274,0.02656,72696,3,4,1,79056.375,59646.2,45497.1,49921.9,46541.7,0.824427,1.01385
8|863|sample|4|274,0.1328,39789,4,4,1,79056.375,49704.2,36592.8,40544.9,37518.7,-0.0335136,0.108528
8|863|sample|4|274,0.664,7098,5,4,1,79056.375,36481.7,25890.3,28959.2,26605.0,-1.34179,-1.29874
8|863|sample|4|274,3.32,652,6,4,1,79056.375,18921.0,13041.3,14662.1,13420.1,-1.63591,-1.61771
8|863|sample|4|274,16.6,586,7,4,1,79056.375,1166.81,1221.48,1193.67,1215.2,-0.473415,-0.485784
8|863|sample|4|274,83.0,700,8,4,1,79056.375,1151.34,1151.35,1145.42,1151.35,-0.354208,-0.358013
8|863|vc|1|2|274,0.0,84225,1,2,1,79056.375,89980.7,89981.0,90056.8,89981.0,-0.118244,-0.116804
8|863|vc|2|2|274,0.0,81106,2,2,1,79056.375,90006.6,90006.9,90082.9,90006.9,-0.181963,-0.180572
8|863|vc|3|2|274,0.0,81311,3,2,1,79056.375,90006.6,90006.9,90082.9,90006.9,-0.177807,-0.176413
8|863|vc|4|2|274,0.0,81469,4,2,1,79056.375,90006.6,90006.9,90082.9,90006.9,-0.174605,-0.173208
8|863|vc|5|2|274,0.0,80994,5,2,1,79056.375,90006.6,90006.9,90082.9,90006.9,-0.184233,-0.182844
8|863|vc|6|2|274,0.0,78472,6,2,1,79056.375,90006.6,90006.9,90082.9,90006.9,-0.235354,-0.234008
8|863|vc|7|2|274,0.0,76847,7,2,1,79056.375,90006.6,90006.9,90082.9,90006.9,-0.268293,-0.266975
8|863|vc|8|2|274,0.0,68027,8,2,1,79056.375,89980.7,89981.0,90056.8,89981.0,-0.446674,-0.445507
8|152|cc|1|1|322,0.0,712,1,1,0,94087.625,0.0,0.0,0.0,0.0,1.1154,1.1154
8|152|cc|2|1|322,0.0,712,2,1,0,94087.625,0.0,0.0,0.0,0.0,1.1154,1.1154
8|152|cc|3|1|322,0.0,642,3,1,0,94087.625,0.0,0.0,0.0,0.0,1.00574,1.00574
8|152|cc|4|1|322,0.0,720,4,1,0,94087.625,0.0,0.0,0.0,0.0,1.12794,1.12794
8|152|cc|5|1|322,0.0,666,5,1,0,94087.625,0.0,0.0,0.0,0.0,1.04334,1.04334
8|152|cc|6|1|322,0.0,674,6,1,0,94087.625,0.0,0.0,0.0,0.0,1.05587,1.05587
8|152|cc|7|1|322,0.0,722,7,1,0,94087.625,0.0,0.0,0.0,0.0,1.13107,1.13107
8|152|cc|8|1|322,0.0,714,8,1,0,94087.625,0.0,0.0,0.0,0.0,1.11854,1.11854
8|152|sample|3|322,0.0010624,87858,1,3,1,94087.625,72794.2,55880.7,66360.5,63579.4,0.588809,0.693539
8|152|sample|3|322,0.005312,88455,2,3,1,94087.625,67182.3,46968.1,56944.6,54335.9,1.00287,1.13692
8|152|sample|3|322,0.02656,77137,3,3,1,94087.625,59721.1,37712.3,46762.1,44425.4,1.17205,1.32688
8|152|sample|3|322,0.1328,46188,4,3,1,94087.625,49789.2,30320.2,38646.8,36404.0,0.350276,0.481567
8|152|sample|3|322,0.664,17047,5,3,1,94087.625,36603.1,21448.4,28114.3,26253.2,-0.698878,-0.620791
8|152|sample|3|322,3.32,3062,6,3,1,94087.625,19096.4,10800.7,14444.7,13407.6,-1.34761,-1.3119
8|152|sample|3|322,16.6,1382,7,3,1,94087.625,1385.81,1140.9,1080.74,1106.79,0.246424,0.222552
8|152|sample|3|322,83.0,840,8,3,1,94087.625,1370.25,1223.81,1210.88,1223.81,-0.286859,-0.295263
8|152|sample|4|322,0.0010624,92432,1,4,1,94087.625,72794.2,55880.7,67774.1,65167.1,0.661522,0.760205
8|152|sample|4|322,0.005312,90579,2,4,1,94087.625,67182.3,46968.1,58376.4,55908.5,1.00026,1.12347
8|152|sample|4|322,0.02656,76034,3,4,1,94087.625,59721.1,37712.3,48141.7,45907.9,1.04615,1.18354
8|152|sample|4|322,0.1328,50378,4,4,1,94087.625,49803.7,28146.6,36972.5,35099.9,0.649989,0.779016
8|152|sample|4|322,0.664,19217,5,4,1,94087.625,36613.9,19892.5,27014.1,25418.9,-0.511583,-0.431325
8|152|sample|4|322,3.32,3728,6,4,1,94087.625,19096.4,10800.7,15083.0,14044.4,-1.29157,-1.25348
8|152|sample|4|322,16.6,1054,7,4,1,94087.625,1385.81,1140.9,1077.07,1101.72,-0.0188977,-0.0386717
8|152|sample|4|322,83.0,902,8,4,1,94087.625,1370.25,1223.81,1210.88,1223.81,-0.238904,-0.247566
8|152|vc|1|2|322,0.0,94260,1,2,1,94087.625,89980.7,85036.5,84876.3,85036.5,0.201716,0.197905
8|152|vc|2|2|322,0.0,95803,2,2,1,94087.625,90006.6,79858.7,79463.9,79858.7,0.374806,0.363968
8|152|vc|3|2|322,0.0,99229,3,2,1,94087.625,90006.6,79858.7,79463.9,79858.7,0.453395,0.442175
8|152|vc|4|2|322,0.0,96260,4,2,1,94087.625,90006.6,79858.7,79463.9,79858.7,0.385289,0.3744
8|152|vc|5|2|322,0.0,93357,5,2,1,94087.625,90006.6,79858.7,79463.9,79858.7,0.318696,0.308132
8|152|vc|6|2|322,0.0,92328,6,2,1,94087.625,90006.6,79858.7,79463.9,79858.7,0.295092,0.284643
8|152|vc|7|2|322,0.0,91784,7,2,1,94087.625,90006.6,79858.7,79463.9,79858.7,0.282613,0.272225
8|152|vc|8|2|322,0.0,89680,8,2,1,94087.625,89980.7,85036.5,84876.3,85036.5,0.103262,0.0996343
9|411|cc|1|1|274,0.0,868,1,1,0,57906.875,0.0,0.0,0.0,0.0,1.35979,1.35979
9|411|cc|2|1|274,0.0,912,2,1,0,57906.875,0.0,0.0,0.0,0.0,1.42872,1.42872
9|411|cc|3|1|274,0.0,846,3,1,0,57906.875,0.0,0.0,0.0,0.0,1.32532,1.32532
9|411|cc|4|1|274,0.0,900,4,1,0,57906.875,0.0,0.0,0.0,0.0,1.40992,1.40992
9|411|cc|5|1|274,0.0,962,5,1,0,57906.875,0.0,0.0,0.0,0.0,1.50705,1.50705
9|411|cc|6|1|274,0.0,886,6,1,0,57906.875,0.0,0.0,0.0,0.0,1.38799,1.38799
9|411|cc|7|1|274,0.0,922,7,1,0,57906.875,0.0,0.0,0.0,0.0,1.44438,1.44438
9|411|cc|8|1|274,0.0,984,8,1,0,57906.875,0.0,0.0,0.0,0.0,1.54151,1.54151
9|411|sample|10|274,0.002286236854138,53166,1,10,1,57906.875,70194.0,56158.0,54011.8,51328.8,-0.0283499,0.0647241
9|411|sample|10|274,0.0068587105624142,61628,2,10,1,57906.875,65989.7,51686.6,49571.2,46960.2,0.439474,0.563644
9|411|sample|10|274,0.0205761316872428,54148,3,10,1,57906.875,60881.1,46617.3,44577.1,42091.9,0.386939,0.515404
9|411|sample|10|274,0.0617283950617284,54949,4,10,1,57906.875,54658.9,40858.6,38949.3,36656.4,0.737554,0.894355
9|411|sample|10|274,0.1851851851851852,46394,5,10,1,57906.875,47108.5,34336.0,32626.0,30604.7,0.753389,0.918943
9|411|sample|10|274,0.5555555555555556,30684,6,10,1,57906.875,37946.6,26948.3,25521.2,23866.8,0.357683,0.503493
9|411|sample|10|274,1.66666666666667,13846,7,10,1,57906.875,26821.3,18575.0,17532.9,16360.1,-0.36446,-0.265143
9|411|sample|10|274,5.0,3124,8,10,1,57906.875,13330.7,9098.22,8564.7,8010.06,-1.03277,-0.983455
9|411|sample|11|274,0.0457247370827617,54260,1,11,1,57906.875,56447.0,42478.8,38679.7,34769.0,0.72308,1.00298
9|411|sample|11|274,0.1371742112482853,45084,2,11,1,57906.875,49303.7,36188.6,32756.6,29288.1,0.671964,0.959054
9|411|sample|11|274,0.411522633744856,27045,3,11,1,57906.875,40615.9,29050.0,26136.9,23250.9,0.0614986,0.28728
9|411|sample|11|274,1.23456790123457,12392,4,11,1,57906.875,30073.8,20964.5,18752.7,16613.5,-0.590301,-0.438875
9|411|sample|11|274,3.7037037037037,3032,5,11,1,57906.875,17281.5,11806.7,10516.1,9316.93,-1.18364,-1.10753
9|411|sample|11|274,11.1111111111111,1264,6,11,1,57906.875,2224.7,2014.96,1963.43,1930.45,-0.411503,-0.396256
9|411|sample|11|274,33.3333333333333,860,7,11,1,57906.875,843.82,844.043,840.199,845.574,0.0181242,0.0131697
9|411|sample|11|274,100.0,802,8,11,1,57906.875,843.331,843.331,838.985,843.333,-0.0338737,-0.0377742
9|411|sample|12|274,0.0457247370827617,47309,1,12,1,57906.875,56447.0,42478.8,35298.1,31432.6,0.609097,0.900552
9|411|sample|12|274,0.1371742112482853,39899,2,12,1,57906.875,49289.4,36178.0,29741.0,26354.4,0.607711,0.909982
9|411|sample|12|274,0.411522633744856,26409,3,12,1,57906.875,40604.1,29041.4,23619.9,20835.6,0.208043,0.468299
9|411|sample|12|274,1.23456790123457,9114,4,12,1,57906.875,30065.0,20958.3,16877.6,14838.2,-0.795312,-0.661051
9|411|sample|12|274,3.7037037037037,2878,5,12,1,57906.875,17276.3,11803.0,9451.85,8322.52,-1.14375,-1.05983
9|411|sample|12|274,11.1111111111111,968,6,12,1,57906.875,2223.82,2014.14,1929.58,1897.72,-0.571896,-0.558671
9|411|sample|12|274,33.3333333333333,796,7,12,1,57906.875,843.333,843.556,840.701,847.241,-0.0409052,-0.046739
9|411|sample|12|274,100.0,796,8,12,1,57906.875,843.331,843.331,838.987,843.34,-0.0393702,-0.0432642
9|411|sample|3|274,0.0457247370827617,58138,1,3,1,57906.875,56447.0,42478.8,37862.8,34124.8,0.960657,1.25823
9|411|sample|3|274,0.1371742112482853,40956,2,3,1,57906.875,49303.7,36188.6,32026.8,28720.4,0.497429,0.756988
9|411|sample|3|274,0.411522633744856,25675,3,3,1,57906.875,40627.8,29058.5,25532.3,22788.1,0.00988364,0.22281
9|411|sample|3|274,1.23456790123457,7926,4,3,1,57906.875,30082.6,20970.8,18299.9,16271.6,-0.985124,-0.88462
9|411|sample|3|274,3.7037037037037,2156,5,3,1,57906.875,17286.7,11810.3,10257.9,9124.58,-1.31028,-1.25093
9|411|sample|3|274,11.1111111111111,986,6,3,1,57906.875,2225.58,2015.78,1956.0,1924.88,-0.572045,-0.559241
9|411|sample|3|274,33.3333333333333,960,7,3,1,57906.875,843.82,844.043,840.371,845.875,0.109489,0.104168
9|411|sample|3|274,100.0,882,8,3,1,57906.875,843.331,843.331,838.985,843.333,0.0393958,0.0353375
9|411|sample|4|274,0.0457247370827617,53482,1,4,1,57906.875,56447.0,42478.8,41368.8,37246.5,0.526644,0.781589
9|411|sample|4|274,0.1371742112482853,45186,2,4,1,57906.875,49303.7,36188.6,35175.7,31483.4,0.509353,0.776043
9|411|sample|4|274,0.411522633744856,36004,3,4,1,57906.875,40627.8,29058.5,28188.2,25084.7,0.492312,0.769065
9|411|sample|4|274,1.23456790123457,15537,4,4,1,57906.875,30091.5,20977.0,20304.7,17980.7,-0.410505,-0.235926
9|411|sample|4|274,3.7037037037037,4302,5,4,1,57906.875,17291.8,11813.9,11407.5,10091.3,-1.04419,-0.950109
9|411|sample|4|274,11.1111111111111,1258,6,4,1,57906.875,2225.58,2015.78,1992.58,1956.65,-0.428214,-0.411933
9|411|sample|4|274,33.3333333333333,948,7,4,1,57906.875,843.82,844.043,839.824,844.756,0.0990337,0.094289
9|411|sample|4|274,100.0,850,8,4,1,57906.875,843.331,843.331,838.985,843.332,0.0100883,0.00609433
9|411|sample|5|274,0.002286236854138,55169,1,5,1,57906.875,70194.0,56158.0,52870.8,49815.5,0.078655,0.1942
9|411|sample|5|274,0.0068587105624142,55989,2,5,1,57906.875,65989.7,51686.6,48456.0,45495.1,0.28075,0.415909
9|411|sample|5|274,0.0205761316872428,54885,3,5,1,57906.875,60881.1,46617.3,43510.7,40704.3,0.470818,0.626312
9|411|sample|5|274,0.0617283950617284,49434,4,5,1,57906.875,54674.7,40870.5,37971.8,35392.3,0.541581,0.710249
9|411|sample|5|274,0.1851851851851852,45208,5,5,1,57906.875,47122.2,34346.1,31758.8,29494.0,0.755324,0.947671
9|411|sample|5|274,0.5555555555555556,30556,6,5,1,57906.875,37946.6,26948.3,24798.4,22952.5,0.409985,0.582839
9|411|sample|5|274,1.66666666666667,13064,7,5,1,57906.875,26821.3,18575.0,17014.4,15710.1,-0.40164,-0.289804
9|411|sample|5|274,5.0,2918,8,5,1,57906.875,13330.7,9098.22,8310.99,7694.6,-1.05107,-0.995594
9|411|sample|6|274,0.002286236854138,62015,1,6,1,57906.875,70194.0,56158.0,54823.3,52672.3,0.237556,0.320934
9|411|sample|6|274,0.0068587105624142,61528,2,6,1,57906.875,65989.7,51686.6,50367.1,48267.0,0.400536,0.496114
9|411|sample|6|274,0.0205761316872428,61845,3,6,1,57906.875,60881.1,46617.3,45340.7,43335.5,0.656291,0.769184
9|411|sample|6|274,0.0617283950617284,54318,4,6,1,57906.875,54674.7,40870.5,39671.6,37815.1,0.663237,0.78288
9|411|sample|6|274,0.1851851851851852,48773,5,6,1,57906.875,47122.2,34346.1,33268.0,31626.7,0.832627,0.966832
9|411|sample|6|274,0.5555555555555556,29602,6,6,1,57906.875,37946.6,26948.3,26044.2,24698.0,0.241751,0.35056
9|411|sample|6|274,1.66666666666667,12240,7,6,1,57906.875,26821.3,18575.0,17909.3,16953.8,-0.549385,-0.480858
9|411|sample|6|274,5.0,3840,8,6,1,57906.875,13330.7,9098.22,8749.63,8299.76,-0.914603,-0.870221
9|411|sample|7|274,0.0457247370827617,51443,1,7,1,57906.875,56447.0,42478.8,39447.0,35005.2,0.546219,0.840342
9|411|sample|7|274,0.1371742112482853,47489,2,7,1,57906.875,49303.7,36188.6,33444.3,29496.5,0.750374,1.085
9|411|sample|7|274,0.411522633744856,28239,3,7,1,57906.875,40627.8,29058.5,26723.3,23430.6,0.100484,0.361429
9|411|sample|7|274,1.23456790123457,11458,4,7,1,57906.875,30091.5,20977.0,19198.6,16751.3,-0.702646,-0.546071
9|411|sample|7|274,3.7037037037037,2676,5,7,1,57906.875,17291.8,11813.9,10771.3,9394.81,-1.25297,-1.17527
9|411|sample|7|274,11.1111111111111,1026,6,7,1,57906.875,2225.58,2015.78,1972.13,1933.6,-0.555112,-0.539095
9|411|sample|7|274,33.3333333333333,928,7,7,1,57906.875,843.82,844.043,840.066,845.474,0.0804934,0.0753413
9|411|sample|7|274,100.0,848,8,7,1,57906.875,843.331,843.331,838.985,843.333,0.00825644,0.00426554
9|411|sample|8|274,0.0457247370827617,49844,1,8,1,57906.875,56447.0,42478.8,39499.7,34649.9,0.470399,0.784462
9|411|sample|8|274,0.1371742112482853,46084,2,8,1,57906.875,49303.7,36188.6,33491.6,29183.0,0.671861,1.0297
9|411|sample|8|274,0.411522633744856,29492,3,8,1,57906.875,40627.8,29058.5,26763.2,23170.8,0.180649,0.480203
9|411|sample|8|274,1.23456790123457,12168,4,8,1,57906.875,30091.5,20977.0,19228.6,16559.2,-0.639979,-0.457911
9|411|sample|8|274,3.7037037037037,3114,5,8,1,57906.875,17291.8,11813.9,10788.5,9286.5,-1.18613,-1.09088
9|411|sample|8|274,11.1111111111111,1024,6,8,1,57906.875,2225.58,2015.78,1972.67,1930.06,-0.55651,-0.538793
9|411|sample|8|274,33.3333333333333,882,7,8,1,57906.875,843.82,844.043,840.057,845.626,0.0383937,0.0332046
9|411|sample|8|274,100.0,778,8,8,1,57906.875,843.331,843.331,838.985,843.333,-0.0558545,-0.059708
9|411|sample|9|274,0.002286236854138,52761,1,9,1,57906.875,70194.0,56158.0,55466.9,50939.7,-0.0883655,0.0646451
9|411|sample|9|274,0.0068587105624142,58591,2,9,1,57906.875,65989.7,51686.6,51000.1,46582.7,0.269115,0.465092
9|411|sample|9|274,0.0205761316872428,53528,3,9,1,57906.875,60881.1,46617.3,45949.6,41733.7,0.29746,0.508417
9|411|sample|9|274,0.0617283950617284,55935,4,9,1,57906.875,54674.7,40870.5,40239.8,36337.5,0.700979,0.9663
9|411|sample|9|274,0.1851851851851852,49128,5,9,1,57906.875,47122.2,34346.1,33774.9,30323.6,0.812515,1.10418
9|411|sample|9|274,0.5555555555555556,28450,6,9,1,57906.875,37946.6,26948.3,26464.5,23629.5,0.132859,0.359428
9|411|sample|9|274,1.66666666666667,10662,7,9,1,57906.875,26821.3,18575.0,18212.7,16191.1,-0.720254,-0.588788
9|411|sample|9|274,5.0,3030,8,9,1,57906.875,13330.7,9098.22,8899.08,7927.87,-1.07713,-0.994727
9|411|vc|1|2|274,0.0,57888,1,2,1,57906.875,89980.7,89980.7,90056.5,89980.7,-0.652248,-0.651252
9|411|vc|2|2|274,0.0,57026,2,2,1,57906.875,90006.6,90006.6,90082.7,90006.6,-0.670065,-0.669081
9|411|vc|3|2|274,0.0,62361,3,2,1,57906.875,90006.6,90006.6,90082.7,90006.6,-0.561923,-0.56085
9|411|vc|4|2|274,0.0,58423,4,2,1,57906.875,90006.6,90006.6,90082.7,90006.6,-0.641747,-0.64074
9|411|vc|5|2|274,0.0,61789,5,2,1,57906.875,90006.6,90006.6,90082.7,90006.6,-0.573518,-0.572454
9|411|vc|6|2|274,0.0,57424,6,2,1,57906.875,90006.6,90006.6,90082.7,90006.6,-0.661997,-0.661007
9|411|vc|7|2|274,0.0,54022,7,2,1,57906.875,90006.6,90006.6,90082.7,90006.6,-0.730956,-0.730024
9|411|vc|8|2|274,0.0,54322,8,2,1,57906.875,89980.7,89980.7,90056.5,89980.7,-0.724553,-0.723617
