id,U_SAEM,L_SAEM,h_SAEM,f_SAEM,alpha_SAEM,k_SAEM,U_mode,L_mode,h_mode,f_mode,alpha_mode,k_mode,goes_down,mab_virus,run_id
9|411|9|411|sample|4|274|4|274|70.0,-1.01984,792.324,-0.580325,0.000567306,2.09183e-09,41.9645,-1.01984,792.324,-0.580325,0.000567306,2.09183e-09,41.9645,True,70.0|274,411
9|411|9|411|sample|3|274|3|274|70.0,-1.01984,792.324,-0.580325,0.000567306,2.09183e-09,41.9645,-1.01984,792.324,-0.580325,0.000567306,2.09183e-09,41.9645,True,70.0|274,411
9|411|9|411|sample|5|274|5|274|70.0,-1.01984,792.324,-0.580325,0.000567306,2.09183e-09,41.9645,-1.01984,792.324,-0.580325,0.000567306,2.09183e-09,41.9645,True,70.0|274,411
9|411|9|411|sample|6|274|6|274|70.0,-1.01984,792.324,-0.580325,0.000567306,2.09183e-09,41.9645,-1.01984,792.324,-0.580325,0.000567306,2.09183e-09,41.9645,True,70.0|274,411
9|411|9|411|sample|8|274|8|274|70.0,-1.01984,792.324,-0.580325,0.000567306,2.09183e-09,41.9645,-1.01984,792.324,-0.580325,0.000567306,2.09183e-09,41.9645,True,70.0|274,411
9|411|9|411|sample|7|274|7|274|70.0,-1.01984,792.324,-0.580325,0.000567306,2.09183e-09,41.9645,-1.01984,792.324,-0.580325,0.000567306,2.09183e-09,41.9645,True,70.0|274,411
9|411|9|411|sample|9|274|9|274|70.0,-1.01984,792.324,-0.580325,0.000567306,2.09183e-09,41.9645,-1.01984,792.324,-0.580325,0.000567306,2.09183e-09,41.9645,True,70.0|274,411
9|411|9|411|sample|10|274|10|274|70.0,-1.01984,792.324,-0.580325,0.000567306,2.09183e-09,41.9645,-1.01984,792.324,-0.580325,0.000567306,2.09183e-09,41.9645,True,70.0|274,411
9|411|9|411|sample|12|274|12|274|70.0,-1.01984,792.324,-0.580325,0.000567306,2.09183e-09,41.9645,-1.01984,792.324,-0.580325,0.000567306,2.09183e-09,41.9645,True,70.0|274,411
9|411|9|411|sample|11|274|11|274|70.0,-1.01984,792.324,-0.580325,0.000567306,2.09183e-09,41.9645,-1.01984,792.324,-0.580325,0.000567306,2.09183e-09,41.9645,True,70.0|274,411
9|411|9|411|cc|1|1|274|1|274|69.0,27.5284,788.152,1.17411,1.87225,2.09183e-09,41.9645,27.5284,788.152,1.17411,1.87225,2.09183e-09,41.9645,False,69.0|274,411
9|411|9|411|cc|2|1|274|1|274|69.0,27.5284,788.152,1.17411,1.87225,2.09183e-09,41.9645,27.5284,788.152,1.17411,1.87225,2.09183e-09,41.9645,False,69.0|274,411
9|411|9|411|cc|3|1|274|1|274|69.0,27.5284,788.152,1.17411,1.87225,2.09183e-09,41.9645,27.5284,788.152,1.17411,1.87225,2.09183e-09,41.9645,False,69.0|274,411
9|411|9|411|cc|4|1|274|1|274|69.0,27.5284,788.152,1.17411,1.87225,2.09183e-09,41.9645,27.5284,788.152,1.17411,1.87225,2.09183e-09,41.9645,False,69.0|274,411
9|411|9|411|cc|5|1|274|1|274|69.0,27.5284,788.152,1.17411,1.87225,2.09183e-09,41.9645,27.5284,788.152,1.17411,1.87225,2.09183e-09,41.9645,False,69.0|274,411
9|411|9|411|cc|6|1|274|1|274|69.0,27.5284,788.152,1.17411,1.87225,2.09183e-09,41.9645,27.5284,788.152,1.17411,1.87225,2.09183e-09,41.9645,False,69.0|274,411
9|411|9|411|cc|7|1|274|1|274|69.0,27.5284,788.152,1.17411,1.87225,2.09183e-09,41.9645,27.5284,788.152,1.17411,1.87225,2.09183e-09,41.9645,False,69.0|274,411
9|411|9|411|cc|8|1|274|1|274|69.0,27.5284,788.152,1.17411,1.87225,2.09183e-09,41.9645,27.5284,788.152,1.17411,1.87225,2.09183e-09,41.9645,False,69.0|274,411
9|411|9|411|vc|1|2|274|2|274|69.0,27.5284,788.152,1.17411,1.87225,2.09183e-09,41.9645,27.5284,788.152,1.17411,1.87225,2.09183e-09,41.9645,False,69.0|274,411
9|411|9|411|vc|2|2|274|2|274|69.0,27.5284,788.152,1.17411,1.87225,2.09183e-09,41.9645,27.5284,788.152,1.17411,1.87225,2.09183e-09,41.9645,False,69.0|274,411
9|411|9|411|vc|3|2|274|2|274|69.0,27.5284,788.152,1.17411,1.87225,2.09183e-09,41.9645,27.5284,788.152,1.17411,1.87225,2.09183e-09,41.9645,False,69.0|274,411
9|411|9|411|vc|4|2|274|2|274|69.0,27.5284,788.152,1.17411,1.87225,2.09183e-09,41.9645,27.5284,788.152,1.17411,1.87225,2.09183e-09,41.9645,False,69.0|274,411
9|411|9|411|vc|5|2|274|2|274|69.0,27.5284,788.152,1.17411,1.87225,2.09183e-09,41.9645,27.5284,788.152,1.17411,1.87225,2.09183e-09,41.9645,False,69.0|274,411
9|411|9|411|vc|6|2|274|2|274|69.0,27.5284,788.152,1.17411,1.87225,2.09183e-09,41.9645,27.5284,788.152,1.17411,1.87225,2.09183e-09,41.9645,False,69.0|274,411
9|411|9|411|vc|7|2|274|2|274|69.0,27.5284,788.152,1.17411,1.87225,2.09183e-09,41.9645,27.5284,788.152,1.17411,1.87225,2.09183e-09,41.9645,False,69.0|274,411
9|411|9|411|vc|8|2|274|2|274|69.0,27.5284,788.152,1.17411,1.87225,2.09183e-09,41.9645,27.5284,788.152,1.17411,1.87225,2.09183e-09,41.9645,False,69.0|274,411
14|783|14|783|sample|3|71|3|71|6.0,0.0651461,793.08,-0.343083,2.80727e-05,2.09198e-09,41.9632,0.0651461,793.08,-0.343083,2.80727e-05,2.09198e-09,41.9632,True,6.0|71,783
14|783|14|783|sample|4|71|4|71|6.0,0.0651461,793.08,-0.343083,2.80727e-05,2.09198e-09,41.9632,0.0651461,793.08,-0.343083,2.80727e-05,2.09198e-09,41.9632,True,6.0|71,783
14|783|14|783|sample|5|71|5|71|6.0,0.0651461,793.08,-0.343083,2.80727e-05,2.09198e-09,41.9632,0.0651461,793.08,-0.343083,2.80727e-05,2.09198e-09,41.9632,True,6.0|71,783
14|783|14|783|sample|6|71|6|71|6.0,0.0651461,793.08,-0.343083,2.80727e-05,2.09198e-09,41.9632,0.0651461,793.08,-0.343083,2.80727e-05,2.09198e-09,41.9632,True,6.0|71,783
14|783|14|783|sample|7|71|7|71|6.0,0.0651461,793.08,-0.343083,2.80727e-05,2.09198e-09,41.9632,0.0651461,793.08,-0.343083,2.80727e-05,2.09198e-09,41.9632,True,6.0|71,783
14|783|14|783|sample|8|71|8|71|6.0,0.0651461,793.08,-0.343083,2.80727e-05,2.09198e-09,41.9632,0.0651461,793.08,-0.343083,2.80727e-05,2.09198e-09,41.9632,True,6.0|71,783
14|783|14|783|sample|10|71|10|71|6.0,0.0651461,793.08,-0.343083,2.80727e-05,2.09198e-09,41.9632,0.0651461,793.08,-0.343083,2.80727e-05,2.09198e-09,41.9632,True,6.0|71,783
14|783|14|783|sample|9|71|9|71|6.0,0.0651461,793.08,-0.343083,2.80727e-05,2.09198e-09,41.9632,0.0651461,793.08,-0.343083,2.80727e-05,2.09198e-09,41.9632,True,6.0|71,783
14|783|14|783|sample|12|71|12|71|6.0,0.0651461,793.08,-0.343083,2.80727e-05,2.09198e-09,41.9632,0.0651461,793.08,-0.343083,2.80727e-05,2.09198e-09,41.9632,True,6.0|71,783
14|783|14|783|sample|11|71|11|71|6.0,0.0651461,793.08,-0.343083,2.80727e-05,2.09198e-09,41.9632,0.0651461,793.08,-0.343083,2.80727e-05,2.09198e-09,41.9632,True,6.0|71,783
14|783|14|783|cc|1|1|71|1|71|69.0,30.6514,788.542,2.15543,8.44763,2.09198e-09,41.9632,30.6514,788.542,2.15543,8.44763,2.09198e-09,41.9632,False,69.0|71,783
14|783|14|783|cc|2|1|71|1|71|69.0,30.6514,788.542,2.15543,8.44763,2.09198e-09,41.9632,30.6514,788.542,2.15543,8.44763,2.09198e-09,41.9632,False,69.0|71,783
14|783|14|783|cc|3|1|71|1|71|69.0,30.6514,788.542,2.15543,8.44763,2.09198e-09,41.9632,30.6514,788.542,2.15543,8.44763,2.09198e-09,41.9632,False,69.0|71,783
14|783|14|783|cc|4|1|71|1|71|69.0,30.6514,788.542,2.15543,8.44763,2.09198e-09,41.9632,30.6514,788.542,2.15543,8.44763,2.09198e-09,41.9632,False,69.0|71,783
14|783|14|783|cc|5|1|71|1|71|69.0,30.6514,788.542,2.15543,8.44763,2.09198e-09,41.9632,30.6514,788.542,2.15543,8.44763,2.09198e-09,41.9632,False,69.0|71,783
14|783|14|783|cc|6|1|71|1|71|69.0,30.6514,788.542,2.15543,8.44763,2.09198e-09,41.9632,30.6514,788.542,2.15543,8.44763,2.09198e-09,41.9632,False,69.0|71,783
14|783|14|783|cc|7|1|71|1|71|69.0,30.6514,788.542,2.15543,8.44763,2.09198e-09,41.9632,30.6514,788.542,2.15543,8.44763,2.09198e-09,41.9632,False,69.0|71,783
14|783|14|783|cc|8|1|71|1|71|69.0,30.6514,788.542,2.15543,8.44763,2.09198e-09,41.9632,30.6514,788.542,2.15543,8.44763,2.09198e-09,41.9632,False,69.0|71,783
14|783|14|783|vc|1|2|71|2|71|69.0,30.6514,788.542,2.15543,8.44763,2.09198e-09,41.9632,30.6514,788.542,2.15543,8.44763,2.09198e-09,41.9632,False,69.0|71,783
14|783|14|783|vc|2|2|71|2|71|69.0,30.6514,788.542,2.15543,8.44763,2.09198e-09,41.9632,30.6514,788.542,2.15543,8.44763,2.09198e-09,41.9632,False,69.0|71,783
14|783|14|783|vc|3|2|71|2|71|69.0,30.6514,788.542,2.15543,8.44763,2.09198e-09,41.9632,30.6514,788.542,2.15543,8.44763,2.09198e-09,41.9632,False,69.0|71,783
14|783|14|783|vc|4|2|71|2|71|69.0,30.6514,788.542,2.15543,8.44763,2.09198e-09,41.9632,30.6514,788.542,2.15543,8.44763,2.09198e-09,41.9632,False,69.0|71,783
14|783|14|783|vc|5|2|71|2|71|69.0,30.6514,788.542,2.15543,8.44763,2.09198e-09,41.9632,30.6514,788.542,2.15543,8.44763,2.09198e-09,41.9632,False,69.0|71,783
14|783|14|783|vc|6|2|71|2|71|69.0,30.6514,788.542,2.15543,8.44763,2.09198e-09,41.9632,30.6514,788.542,2.15543,8.44763,2.09198e-09,41.9632,False,69.0|71,783
14|783|14|783|vc|7|2|71|2|71|69.0,30.6514,788.542,2.15543,8.44763,2.09198e-09,41.9632,30.6514,788.542,2.15543,8.44763,2.09198e-09,41.9632,False,69.0|71,783
14|783|14|783|vc|8|2|71|2|71|69.0,30.6514,788.542,2.15543,8.44763,2.09198e-09,41.9632,30.6514,788.542,2.15543,8.44763,2.09198e-09,41.9632,False,69.0|71,783
14|491|14|491|sample|10|99|10|99|6.0,-1.27202,795.295,-0.408071,5.23684e-06,2.09188e-09,41.9595,-1.27202,795.295,-0.408071,5.23684e-06,2.09188e-09,41.9595,True,6.0|99,491
14|491|14|491|sample|9|99|9|99|6.0,-1.27202,795.295,-0.408071,5.23684e-06,2.09188e-09,41.9595,-1.27202,795.295,-0.408071,5.23684e-06,2.09188e-09,41.9595,True,6.0|99,491
14|491|14|491|sample|12|99|12|99|6.0,-1.27202,795.295,-0.408071,5.23684e-06,2.09188e-09,41.9595,-1.27202,795.295,-0.408071,5.23684e-06,2.09188e-09,41.9595,True,6.0|99,491
14|491|14|491|sample|11|99|11|99|6.0,-1.27202,795.295,-0.408071,5.23684e-06,2.09188e-09,41.9595,-1.27202,795.295,-0.408071,5.23684e-06,2.09188e-09,41.9595,True,6.0|99,491
14|491|14|491|sample|4|99|4|99|44.0,27.4556,798.265,-2.2045,5.21829e-15,2.09188e-09,41.9595,27.4556,798.265,-2.2045,5.21829e-15,2.09188e-09,41.9595,True,44.0|99,491
14|491|14|491|sample|3|99|3|99|44.0,27.4556,798.265,-2.2045,5.21829e-15,2.09188e-09,41.9595,27.4556,798.265,-2.2045,5.21829e-15,2.09188e-09,41.9595,True,44.0|99,491
14|491|14|491|sample|6|99|6|99|44.0,27.4556,798.265,-2.2045,5.21829e-15,2.09188e-09,41.9595,27.4556,798.265,-2.2045,5.21829e-15,2.09188e-09,41.9595,True,44.0|99,491
14|491|14|491|sample|5|99|5|99|44.0,27.4556,798.265,-2.2045,5.21829e-15,2.09188e-09,41.9595,27.4556,798.265,-2.2045,5.21829e-15,2.09188e-09,41.9595,True,44.0|99,491
14|491|14|491|sample|7|99|7|99|63.0,-0.488935,801.04,-0.639039,3.6189e-06,2.09188e-09,41.9595,-0.488935,801.04,-0.639039,3.6189e-06,2.09188e-09,41.9595,True,63.0|99,491
14|491|14|491|sample|8|99|8|99|63.0,-0.488935,801.04,-0.639039,3.6189e-06,2.09188e-09,41.9595,-0.488935,801.04,-0.639039,3.6189e-06,2.09188e-09,41.9595,True,63.0|99,491
14|491|14|491|cc|1|1|99|1|99|69.0,26.4155,785.827,-1.23657,0.168589,2.09188e-09,41.9595,26.4155,785.827,-1.23657,0.168589,2.09188e-09,41.9595,False,69.0|99,491
14|491|14|491|cc|2|1|99|1|99|69.0,26.4155,785.827,-1.23657,0.168589,2.09188e-09,41.9595,26.4155,785.827,-1.23657,0.168589,2.09188e-09,41.9595,False,69.0|99,491
14|491|14|491|cc|3|1|99|1|99|69.0,26.4155,785.827,-1.23657,0.168589,2.09188e-09,41.9595,26.4155,785.827,-1.23657,0.168589,2.09188e-09,41.9595,False,69.0|99,491
14|491|14|491|cc|4|1|99|1|99|69.0,26.4155,785.827,-1.23657,0.168589,2.09188e-09,41.9595,26.4155,785.827,-1.23657,0.168589,2.09188e-09,41.9595,False,69.0|99,491
14|491|14|491|cc|5|1|99|1|99|69.0,26.4155,785.827,-1.23657,0.168589,2.09188e-09,41.9595,26.4155,785.827,-1.23657,0.168589,2.09188e-09,41.9595,False,69.0|99,491
14|491|14|491|cc|6|1|99|1|99|69.0,26.4155,785.827,-1.23657,0.168589,2.09188e-09,41.9595,26.4155,785.827,-1.23657,0.168589,2.09188e-09,41.9595,False,69.0|99,491
14|491|14|491|cc|7|1|99|1|99|69.0,26.4155,785.827,-1.23657,0.168589,2.09188e-09,41.9595,26.4155,785.827,-1.23657,0.168589,2.09188e-09,41.9595,False,69.0|99,491
14|491|14|491|cc|8|1|99|1|99|69.0,26.4155,785.827,-1.23657,0.168589,2.09188e-09,41.9595,26.4155,785.827,-1.23657,0.168589,2.09188e-09,41.9595,False,69.0|99,491
14|491|14|491|vc|1|2|99|2|99|69.0,26.4155,785.827,-1.23657,0.168589,2.09188e-09,41.9595,26.4155,785.827,-1.23657,0.168589,2.09188e-09,41.9595,False,69.0|99,491
14|491|14|491|vc|2|2|99|2|99|69.0,26.4155,785.827,-1.23657,0.168589,2.09188e-09,41.9595,26.4155,785.827,-1.23657,0.168589,2.09188e-09,41.9595,False,69.0|99,491
14|491|14|491|vc|3|2|99|2|99|69.0,26.4155,785.827,-1.23657,0.168589,2.09188e-09,41.9595,26.4155,785.827,-1.23657,0.168589,2.09188e-09,41.9595,False,69.0|99,491
14|491|14|491|vc|4|2|99|2|99|69.0,26.4155,785.827,-1.23657,0.168589,2.09188e-09,41.9595,26.4155,785.827,-1.23657,0.168589,2.09188e-09,41.9595,False,69.0|99,491
14|491|14|491|vc|5|2|99|2|99|69.0,26.4155,785.827,-1.23657,0.168589,2.09188e-09,41.9595,26.4155,785.827,-1.23657,0.168589,2.09188e-09,41.9595,False,69.0|99,491
14|491|14|491|vc|6|2|99|2|99|69.0,26.4155,785.827,-1.23657,0.168589,2.09188e-09,41.9595,26.4155,785.827,-1.23657,0.168589,2.09188e-09,41.9595,False,69.0|99,491
14|491|14|491|vc|7|2|99|2|99|69.0,26.4155,785.827,-1.23657,0.168589,2.09188e-09,41.9595,26.4155,785.827,-1.23657,0.168589,2.09188e-09,41.9595,False,69.0|99,491
14|491|14|491|vc|8|2|99|2|99|69.0,26.4155,785.827,-1.23657,0.168589,2.09188e-09,41.9595,26.4155,785.827,-1.23657,0.168589,2.09188e-09,41.9595,False,69.0|99,491
14|433|14|433|sample|4|99|4|99|6.0,-0.665279,795.295,-0.408071,5.23684e-06,2.09183e-09,41.9645,-0.665279,795.295,-0.408071,5.23684e-06,2.09183e-09,41.9645,True,6.0|99,433
14|433|14|433|sample|3|99|3|99|6.0,-0.665279,795.295,-0.408071,5.23684e-06,2.09183e-09,41.9645,-0.665279,795.295,-0.408071,5.23684e-06,2.09183e-09,41.9645,True,6.0|99,433
14|433|14|433|sample|6|99|6|99|6.0,-0.665279,795.295,-0.408071,5.23684e-06,2.09183e-09,41.9645,-0.665279,795.295,-0.408071,5.23684e-06,2.09183e-09,41.9645,True,6.0|99,433
14|433|14|433|sample|5|99|5|99|6.0,-0.665279,795.295,-0.408071,5.23684e-06,2.09183e-09,41.9645,-0.665279,795.295,-0.408071,5.23684e-06,2.09183e-09,41.9645,True,6.0|99,433
14|433|14|433|sample|8|99|8|99|6.0,-0.665279,795.295,-0.408071,5.23684e-06,2.09183e-09,41.9645,-0.665279,795.295,-0.408071,5.23684e-06,2.09183e-09,41.9645,True,6.0|99,433
14|433|14|433|sample|7|99|7|99|6.0,-0.665279,795.295,-0.408071,5.23684e-06,2.09183e-09,41.9645,-0.665279,795.295,-0.408071,5.23684e-06,2.09183e-09,41.9645,True,6.0|99,433
14|433|14|433|sample|10|99|10|99|6.0,-0.665279,795.295,-0.408071,5.23684e-06,2.09183e-09,41.9645,-0.665279,795.295,-0.408071,5.23684e-06,2.09183e-09,41.9645,True,6.0|99,433
14|433|14|433|sample|9|99|9|99|6.0,-0.665279,795.295,-0.408071,5.23684e-06,2.09183e-09,41.9645,-0.665279,795.295,-0.408071,5.23684e-06,2.09183e-09,41.9645,True,6.0|99,433
14|433|14|433|sample|11|99|11|99|6.0,-0.665279,795.295,-0.408071,5.23684e-06,2.09183e-09,41.9645,-0.665279,795.295,-0.408071,5.23684e-06,2.09183e-09,41.9645,True,6.0|99,433
14|433|14|433|sample|12|99|12|99|6.0,-0.665279,795.295,-0.408071,5.23684e-06,2.09183e-09,41.9645,-0.665279,795.295,-0.408071,5.23684e-06,2.09183e-09,41.9645,True,6.0|99,433
14|433|14|433|cc|1|1|99|1|99|69.0,27.0222,785.827,-1.23657,0.168589,2.09183e-09,41.9645,27.0222,785.827,-1.23657,0.168589,2.09183e-09,41.9645,False,69.0|99,433
14|433|14|433|cc|2|1|99|1|99|69.0,27.0222,785.827,-1.23657,0.168589,2.09183e-09,41.9645,27.0222,785.827,-1.23657,0.168589,2.09183e-09,41.9645,False,69.0|99,433
14|433|14|433|cc|3|1|99|1|99|69.0,27.0222,785.827,-1.23657,0.168589,2.09183e-09,41.9645,27.0222,785.827,-1.23657,0.168589,2.09183e-09,41.9645,False,69.0|99,433
14|433|14|433|cc|4|1|99|1|99|69.0,27.0222,785.827,-1.23657,0.168589,2.09183e-09,41.9645,27.0222,785.827,-1.23657,0.168589,2.09183e-09,41.9645,False,69.0|99,433
14|433|14|433|cc|5|1|99|1|99|69.0,27.0222,785.827,-1.23657,0.168589,2.09183e-09,41.9645,27.0222,785.827,-1.23657,0.168589,2.09183e-09,41.9645,False,69.0|99,433
14|433|14|433|cc|6|1|99|1|99|69.0,27.0222,785.827,-1.23657,0.168589,2.09183e-09,41.9645,27.0222,785.827,-1.23657,0.168589,2.09183e-09,41.9645,False,69.0|99,433
14|433|14|433|cc|7|1|99|1|99|69.0,27.0222,785.827,-1.23657,0.168589,2.09183e-09,41.9645,27.0222,785.827,-1.23657,0.168589,2.09183e-09,41.9645,False,69.0|99,433
14|433|14|433|cc|8|1|99|1|99|69.0,27.0222,785.827,-1.23657,0.168589,2.09183e-09,41.9645,27.0222,785.827,-1.23657,0.168589,2.09183e-09,41.9645,False,69.0|99,433
14|433|14|433|vc|1|2|99|2|99|69.0,27.0222,785.827,-1.23657,0.168589,2.09183e-09,41.9645,27.0222,785.827,-1.23657,0.168589,2.09183e-09,41.9645,False,69.0|99,433
14|433|14|433|vc|2|2|99|2|99|69.0,27.0222,785.827,-1.23657,0.168589,2.09183e-09,41.9645,27.0222,785.827,-1.23657,0.168589,2.09183e-09,41.9645,False,69.0|99,433
14|433|14|433|vc|3|2|99|2|99|69.0,27.0222,785.827,-1.23657,0.168589,2.09183e-09,41.9645,27.0222,785.827,-1.23657,0.168589,2.09183e-09,41.9645,False,69.0|99,433
14|433|14|433|vc|4|2|99|2|99|69.0,27.0222,785.827,-1.23657,0.168589,2.09183e-09,41.9645,27.0222,785.827,-1.23657,0.168589,2.09183e-09,41.9645,False,69.0|99,433
14|433|14|433|vc|5|2|99|2|99|69.0,27.0222,785.827,-1.23657,0.168589,2.09183e-09,41.9645,27.0222,785.827,-1.23657,0.168589,2.09183e-09,41.9645,False,69.0|99,433
14|433|14|433|vc|6|2|99|2|99|69.0,27.0222,785.827,-1.23657,0.168589,2.09183e-09,41.9645,27.0222,785.827,-1.23657,0.168589,2.09183e-09,41.9645,False,69.0|99,433
14|433|14|433|vc|7|2|99|2|99|69.0,27.0222,785.827,-1.23657,0.168589,2.09183e-09,41.9645,27.0222,785.827,-1.23657,0.168589,2.09183e-09,41.9645,False,69.0|99,433
14|433|14|433|vc|8|2|99|2|99|69.0,27.0222,785.827,-1.23657,0.168589,2.09183e-09,41.9645,27.0222,785.827,-1.23657,0.168589,2.09183e-09,41.9645,False,69.0|99,433
14|297|14|297|sample|3|71|3|71|6.0,-1.36618,793.08,-0.343083,2.80727e-05,2.09184e-09,41.9645,-1.36618,793.08,-0.343083,2.80727e-05,2.09184e-09,41.9645,True,6.0|71,297
14|297|14|297|sample|4|71|4|71|6.0,-1.36618,793.08,-0.343083,2.80727e-05,2.09184e-09,41.9645,-1.36618,793.08,-0.343083,2.80727e-05,2.09184e-09,41.9645,True,6.0|71,297
14|297|14|297|sample|5|71|5|71|6.0,-1.36618,793.08,-0.343083,2.80727e-05,2.09184e-09,41.9645,-1.36618,793.08,-0.343083,2.80727e-05,2.09184e-09,41.9645,True,6.0|71,297
14|297|14|297|sample|6|71|6|71|6.0,-1.36618,793.08,-0.343083,2.80727e-05,2.09184e-09,41.9645,-1.36618,793.08,-0.343083,2.80727e-05,2.09184e-09,41.9645,True,6.0|71,297
14|297|14|297|sample|8|71|8|71|6.0,-1.36618,793.08,-0.343083,2.80727e-05,2.09184e-09,41.9645,-1.36618,793.08,-0.343083,2.80727e-05,2.09184e-09,41.9645,True,6.0|71,297
14|297|14|297|sample|7|71|7|71|6.0,-1.36618,793.08,-0.343083,2.80727e-05,2.09184e-09,41.9645,-1.36618,793.08,-0.343083,2.80727e-05,2.09184e-09,41.9645,True,6.0|71,297
14|297|14|297|sample|9|71|9|71|6.0,-1.36618,793.08,-0.343083,2.80727e-05,2.09184e-09,41.9645,-1.36618,793.08,-0.343083,2.80727e-05,2.09184e-09,41.9645,True,6.0|71,297
14|297|14|297|sample|10|71|10|71|6.0,-1.36618,793.08,-0.343083,2.80727e-05,2.09184e-09,41.9645,-1.36618,793.08,-0.343083,2.80727e-05,2.09184e-09,41.9645,True,6.0|71,297
14|297|14|297|sample|12|71|12|71|6.0,-1.36618,793.08,-0.343083,2.80727e-05,2.09184e-09,41.9645,-1.36618,793.08,-0.343083,2.80727e-05,2.09184e-09,41.9645,True,6.0|71,297
14|297|14|297|sample|11|71|11|71|6.0,-1.36618,793.08,-0.343083,2.80727e-05,2.09184e-09,41.9645,-1.36618,793.08,-0.343083,2.80727e-05,2.09184e-09,41.9645,True,6.0|71,297
14|297|14|297|cc|1|1|71|1|71|69.0,29.2201,788.542,2.15543,8.44763,2.09184e-09,41.9645,29.2201,788.542,2.15543,8.44763,2.09184e-09,41.9645,False,69.0|71,297
14|297|14|297|cc|2|1|71|1|71|69.0,29.2201,788.542,2.15543,8.44763,2.09184e-09,41.9645,29.2201,788.542,2.15543,8.44763,2.09184e-09,41.9645,False,69.0|71,297
14|297|14|297|cc|3|1|71|1|71|69.0,29.2201,788.542,2.15543,8.44763,2.09184e-09,41.9645,29.2201,788.542,2.15543,8.44763,2.09184e-09,41.9645,False,69.0|71,297
14|297|14|297|cc|4|1|71|1|71|69.0,29.2201,788.542,2.15543,8.44763,2.09184e-09,41.9645,29.2201,788.542,2.15543,8.44763,2.09184e-09,41.9645,False,69.0|71,297
14|297|14|297|cc|5|1|71|1|71|69.0,29.2201,788.542,2.15543,8.44763,2.09184e-09,41.9645,29.2201,788.542,2.15543,8.44763,2.09184e-09,41.9645,False,69.0|71,297
14|297|14|297|cc|6|1|71|1|71|69.0,29.2201,788.542,2.15543,8.44763,2.09184e-09,41.9645,29.2201,788.542,2.15543,8.44763,2.09184e-09,41.9645,False,69.0|71,297
14|297|14|297|cc|7|1|71|1|71|69.0,29.2201,788.542,2.15543,8.44763,2.09184e-09,41.9645,29.2201,788.542,2.15543,8.44763,2.09184e-09,41.9645,False,69.0|71,297
14|297|14|297|cc|8|1|71|1|71|69.0,29.2201,788.542,2.15543,8.44763,2.09184e-09,41.9645,29.2201,788.542,2.15543,8.44763,2.09184e-09,41.9645,False,69.0|71,297
14|297|14|297|vc|1|2|71|2|71|69.0,29.2201,788.542,2.15543,8.44763,2.09184e-09,41.9645,29.2201,788.542,2.15543,8.44763,2.09184e-09,41.9645,False,69.0|71,297
14|297|14|297|vc|2|2|71|2|71|69.0,29.2201,788.542,2.15543,8.44763,2.09184e-09,41.9645,29.2201,788.542,2.15543,8.44763,2.09184e-09,41.9645,False,69.0|71,297
14|297|14|297|vc|3|2|71|2|71|69.0,29.2201,788.542,2.15543,8.44763,2.09184e-09,41.9645,29.2201,788.542,2.15543,8.44763,2.09184e-09,41.9645,False,69.0|71,297
14|297|14|297|vc|4|2|71|2|71|69.0,29.2201,788.542,2.15543,8.44763,2.09184e-09,41.9645,29.2201,788.542,2.15543,8.44763,2.09184e-09,41.9645,False,69.0|71,297
14|297|14|297|vc|5|2|71|2|71|69.0,29.2201,788.542,2.15543,8.44763,2.09184e-09,41.9645,29.2201,788.542,2.15543,8.44763,2.09184e-09,41.9645,False,69.0|71,297
14|297|14|297|vc|6|2|71|2|71|69.0,29.2201,788.542,2.15543,8.44763,2.09184e-09,41.9645,29.2201,788.542,2.15543,8.44763,2.09184e-09,41.9645,False,69.0|71,297
14|297|14|297|vc|7|2|71|2|71|69.0,29.2201,788.542,2.15543,8.44763,2.09184e-09,41.9645,29.2201,788.542,2.15543,8.44763,2.09184e-09,41.9645,False,69.0|71,297
14|297|14|297|vc|8|2|71|2|71|69.0,29.2201,788.542,2.15543,8.44763,2.09184e-09,41.9645,29.2201,788.542,2.15543,8.44763,2.09184e-09,41.9645,False,69.0|71,297
14|183|14|183|sample|4|233|4|233|6.0,6.19563,792.662,-2.79049,2.11645e-09,2.09513e-09,41.9645,6.19563,792.662,-2.79049,2.11645e-09,2.09516e-09,41.9645,True,6.0|233,183
14|183|14|183|sample|3|233|3|233|6.0,6.19563,792.662,-2.79049,2.11645e-09,2.09513e-09,41.9645,6.19563,792.662,-2.79049,2.11645e-09,2.09516e-09,41.9645,True,6.0|233,183
14|183|14|183|sample|6|233|6|233|6.0,6.19563,792.662,-2.79049,2.11645e-09,2.09513e-09,41.9645,6.19563,792.662,-2.79049,2.11645e-09,2.09516e-09,41.9645,True,6.0|233,183
14|183|14|183|sample|5|233|5|233|6.0,6.19563,792.662,-2.79049,2.11645e-09,2.09513e-09,41.9645,6.19563,792.662,-2.79049,2.11645e-09,2.09516e-09,41.9645,True,6.0|233,183
14|183|14|183|sample|7|233|7|233|6.0,6.19563,792.662,-2.79049,2.11645e-09,2.09513e-09,41.9645,6.19563,792.662,-2.79049,2.11645e-09,2.09516e-09,41.9645,True,6.0|233,183
14|183|14|183|sample|8|233|8|233|6.0,6.19563,792.662,-2.79049,2.11645e-09,2.09513e-09,41.9645,6.19563,792.662,-2.79049,2.11645e-09,2.09516e-09,41.9645,True,6.0|233,183
14|183|14|183|sample|10|233|10|233|6.0,6.19563,792.662,-2.79049,2.11645e-09,2.09513e-09,41.9645,6.19563,792.662,-2.79049,2.11645e-09,2.09516e-09,41.9645,True,6.0|233,183
14|183|14|183|sample|9|233|9|233|6.0,6.19563,792.662,-2.79049,2.11645e-09,2.09513e-09,41.9645,6.19563,792.662,-2.79049,2.11645e-09,2.09516e-09,41.9645,True,6.0|233,183
14|183|14|183|sample|12|233|12|233|6.0,6.19563,792.662,-2.79049,2.11645e-09,2.09513e-09,41.9645,6.19563,792.662,-2.79049,2.11645e-09,2.09516e-09,41.9645,True,6.0|233,183
14|183|14|183|sample|11|233|11|233|6.0,6.19563,792.662,-2.79049,2.11645e-09,2.09513e-09,41.9645,6.19563,792.662,-2.79049,2.11645e-09,2.09516e-09,41.9645,True,6.0|233,183
14|183|14|183|cc|1|1|233|1|233|69.0,9.42134,789.957,0.324622,0.292309,2.09513e-09,41.9645,9.42134,789.957,0.324622,0.292309,2.09516e-09,41.9645,False,69.0|233,183
14|183|14|183|cc|2|1|233|1|233|69.0,9.42134,789.957,0.324622,0.292309,2.09513e-09,41.9645,9.42134,789.957,0.324622,0.292309,2.09516e-09,41.9645,False,69.0|233,183
14|183|14|183|cc|3|1|233|1|233|69.0,9.42134,789.957,0.324622,0.292309,2.09513e-09,41.9645,9.42134,789.957,0.324622,0.292309,2.09516e-09,41.9645,False,69.0|233,183
14|183|14|183|cc|4|1|233|1|233|69.0,9.42134,789.957,0.324622,0.292309,2.09513e-09,41.9645,9.42134,789.957,0.324622,0.292309,2.09516e-09,41.9645,False,69.0|233,183
14|183|14|183|cc|5|1|233|1|233|69.0,9.42134,789.957,0.324622,0.292309,2.09513e-09,41.9645,9.42134,789.957,0.324622,0.292309,2.09516e-09,41.9645,False,69.0|233,183
14|183|14|183|cc|6|1|233|1|233|69.0,9.42134,789.957,0.324622,0.292309,2.09513e-09,41.9645,9.42134,789.957,0.324622,0.292309,2.09516e-09,41.9645,False,69.0|233,183
14|183|14|183|cc|7|1|233|1|233|69.0,9.42134,789.957,0.324622,0.292309,2.09513e-09,41.9645,9.42134,789.957,0.324622,0.292309,2.09516e-09,41.9645,False,69.0|233,183
14|183|14|183|cc|8|1|233|1|233|69.0,9.42134,789.957,0.324622,0.292309,2.09513e-09,41.9645,9.42134,789.957,0.324622,0.292309,2.09516e-09,41.9645,False,69.0|233,183
14|183|14|183|vc|1|2|233|2|233|69.0,9.42134,789.957,0.324622,0.292309,2.09513e-09,41.9645,9.42134,789.957,0.324622,0.292309,2.09516e-09,41.9645,False,69.0|233,183
14|183|14|183|vc|2|2|233|2|233|69.0,9.42134,789.957,0.324622,0.292309,2.09513e-09,41.9645,9.42134,789.957,0.324622,0.292309,2.09516e-09,41.9645,False,69.0|233,183
14|183|14|183|vc|3|2|233|2|233|69.0,9.42134,789.957,0.324622,0.292309,2.09513e-09,41.9645,9.42134,789.957,0.324622,0.292309,2.09516e-09,41.9645,False,69.0|233,183
14|183|14|183|vc|4|2|233|2|233|69.0,9.42134,789.957,0.324622,0.292309,2.09513e-09,41.9645,9.42134,789.957,0.324622,0.292309,2.09516e-09,41.9645,False,69.0|233,183
14|183|14|183|vc|5|2|233|2|233|69.0,9.42134,789.957,0.324622,0.292309,2.09513e-09,41.9645,9.42134,789.957,0.324622,0.292309,2.09516e-09,41.9645,False,69.0|233,183
14|183|14|183|vc|6|2|233|2|233|69.0,9.42134,789.957,0.324622,0.292309,2.09513e-09,41.9645,9.42134,789.957,0.324622,0.292309,2.09516e-09,41.9645,False,69.0|233,183
14|183|14|183|vc|7|2|233|2|233|69.0,9.42134,789.957,0.324622,0.292309,2.09513e-09,41.9645,9.42134,789.957,0.324622,0.292309,2.09516e-09,41.9645,False,69.0|233,183
14|183|14|183|vc|8|2|233|2|233|69.0,9.42134,789.957,0.324622,0.292309,2.09513e-09,41.9645,9.42134,789.957,0.324622,0.292309,2.09516e-09,41.9645,False,69.0|233,183
14|705|14|705|sample|3|233|3|233|6.0,8.51113,790.959,9.86844,3.73469e+08,2.09183e-09,41.9645,8.51113,790.959,9.86844,3.73469e+08,2.09183e-09,41.9645,False,6.0|233,705
14|705|14|705|sample|4|233|4|233|6.0,8.51113,790.959,9.86844,3.73469e+08,2.09183e-09,41.9645,8.51113,790.959,9.86844,3.73469e+08,2.09183e-09,41.9645,False,6.0|233,705
14|705|14|705|sample|5|233|5|233|6.0,8.51113,790.959,9.86844,3.73469e+08,2.09183e-09,41.9645,8.51113,790.959,9.86844,3.73469e+08,2.09183e-09,41.9645,False,6.0|233,705
14|705|14|705|sample|6|233|6|233|6.0,8.51113,790.959,9.86844,3.73469e+08,2.09183e-09,41.9645,8.51113,790.959,9.86844,3.73469e+08,2.09183e-09,41.9645,False,6.0|233,705
14|705|14|705|sample|7|233|7|233|6.0,8.51113,790.959,9.86844,3.73469e+08,2.09183e-09,41.9645,8.51113,790.959,9.86844,3.73469e+08,2.09183e-09,41.9645,False,6.0|233,705
14|705|14|705|sample|8|233|8|233|6.0,8.51113,790.959,9.86844,3.73469e+08,2.09183e-09,41.9645,8.51113,790.959,9.86844,3.73469e+08,2.09183e-09,41.9645,False,6.0|233,705
14|705|14|705|sample|10|233|10|233|6.0,5.60761,792.662,-2.79049,2.11645e-09,2.09183e-09,41.9645,5.60761,792.662,-2.79049,2.11645e-09,2.09183e-09,41.9645,True,6.0|233,705
14|705|14|705|sample|9|233|9|233|6.0,5.60761,792.662,-2.79049,2.11645e-09,2.09183e-09,41.9645,5.60761,792.662,-2.79049,2.11645e-09,2.09183e-09,41.9645,True,6.0|233,705
14|705|14|705|sample|12|233|12|233|6.0,5.60761,792.662,-2.79049,2.11645e-09,2.09183e-09,41.9645,5.60761,792.662,-2.79049,2.11645e-09,2.09183e-09,41.9645,True,6.0|233,705
14|705|14|705|sample|11|233|11|233|6.0,5.60761,792.662,-2.79049,2.11645e-09,2.09183e-09,41.9645,5.60761,792.662,-2.79049,2.11645e-09,2.09183e-09,41.9645,True,6.0|233,705
14|705|14|705|cc|1|1|233|1|233|69.0,8.83332,789.957,0.324622,0.292309,2.09183e-09,41.9645,8.83332,789.957,0.324622,0.292309,2.09183e-09,41.9645,False,69.0|233,705
14|705|14|705|cc|2|1|233|1|233|69.0,8.83332,789.957,0.324622,0.292309,2.09183e-09,41.9645,8.83332,789.957,0.324622,0.292309,2.09183e-09,41.9645,False,69.0|233,705
14|705|14|705|cc|3|1|233|1|233|69.0,8.83332,789.957,0.324622,0.292309,2.09183e-09,41.9645,8.83332,789.957,0.324622,0.292309,2.09183e-09,41.9645,False,69.0|233,705
14|705|14|705|cc|4|1|233|1|233|69.0,8.83332,789.957,0.324622,0.292309,2.09183e-09,41.9645,8.83332,789.957,0.324622,0.292309,2.09183e-09,41.9645,False,69.0|233,705
14|705|14|705|cc|5|1|233|1|233|69.0,8.83332,789.957,0.324622,0.292309,2.09183e-09,41.9645,8.83332,789.957,0.324622,0.292309,2.09183e-09,41.9645,False,69.0|233,705
14|705|14|705|cc|6|1|233|1|233|69.0,8.83332,789.957,0.324622,0.292309,2.09183e-09,41.9645,8.83332,789.957,0.324622,0.292309,2.09183e-09,41.9645,False,69.0|233,705
14|705|14|705|cc|7|1|233|1|233|69.0,8.83332,789.957,0.324622,0.292309,2.09183e-09,41.9645,8.83332,789.957,0.324622,0.292309,2.09183e-09,41.9645,False,69.0|233,705
14|705|14|705|cc|8|1|233|1|233|69.0,8.83332,789.957,0.324622,0.292309,2.09183e-09,41.9645,8.83332,789.957,0.324622,0.292309,2.09183e-09,41.9645,False,69.0|233,705
14|705|14|705|vc|1|2|233|2|233|69.0,8.83332,789.957,0.324622,0.292309,2.09183e-09,41.9645,8.83332,789.957,0.324622,0.292309,2.09183e-09,41.9645,False,69.0|233,705
14|705|14|705|vc|2|2|233|2|233|69.0,8.83332,789.957,0.324622,0.292309,2.09183e-09,41.9645,8.83332,789.957,0.324622,0.292309,2.09183e-09,41.9645,False,69.0|233,705
14|705|14|705|vc|3|2|233|2|233|69.0,8.83332,789.957,0.324622,0.292309,2.09183e-09,41.9645,8.83332,789.957,0.324622,0.292309,2.09183e-09,41.9645,False,69.0|233,705
14|705|14|705|vc|4|2|233|2|233|69.0,8.83332,789.957,0.324622,0.292309,2.09183e-09,41.9645,8.83332,789.957,0.324622,0.292309,2.09183e-09,41.9645,False,69.0|233,705
14|705|14|705|vc|5|2|233|2|233|69.0,8.83332,789.957,0.324622,0.292309,2.09183e-09,41.9645,8.83332,789.957,0.324622,0.292309,2.09183e-09,41.9645,False,69.0|233,705
14|705|14|705|vc|6|2|233|2|233|69.0,8.83332,789.957,0.324622,0.292309,2.09183e-09,41.9645,8.83332,789.957,0.324622,0.292309,2.09183e-09,41.9645,False,69.0|233,705
14|705|14|705|vc|7|2|233|2|233|69.0,8.83332,789.957,0.324622,0.292309,2.09183e-09,41.9645,8.83332,789.957,0.324622,0.292309,2.09183e-09,41.9645,False,69.0|233,705
14|705|14|705|vc|8|2|233|2|233|69.0,8.83332,789.957,0.324622,0.292309,2.09183e-09,41.9645,8.83332,789.957,0.324622,0.292309,2.09183e-09,41.9645,False,69.0|233,705
14|555|14|555|sample|4|233|4|233|6.0,15.2465,792.662,-2.79049,2.11645e-09,2.09187e-09,41.962,15.2465,792.662,-2.79049,2.11645e-09,2.09187e-09,41.962,True,6.0|233,555
14|555|14|555|sample|3|233|3|233|6.0,15.2465,792.662,-2.79049,2.11645e-09,2.09187e-09,41.962,15.2465,792.662,-2.79049,2.11645e-09,2.09187e-09,41.962,True,6.0|233,555
14|555|14|555|sample|5|233|5|233|6.0,15.2465,792.662,-2.79049,2.11645e-09,2.09187e-09,41.962,15.2465,792.662,-2.79049,2.11645e-09,2.09187e-09,41.962,True,6.0|233,555
14|555|14|555|sample|6|233|6|233|6.0,15.2465,792.662,-2.79049,2.11645e-09,2.09187e-09,41.962,15.2465,792.662,-2.79049,2.11645e-09,2.09187e-09,41.962,True,6.0|233,555
14|555|14|555|sample|7|233|7|233|6.0,15.2465,792.662,-2.79049,2.11645e-09,2.09187e-09,41.962,15.2465,792.662,-2.79049,2.11645e-09,2.09187e-09,41.962,True,6.0|233,555
14|555|14|555|sample|8|233|8|233|6.0,15.2465,792.662,-2.79049,2.11645e-09,2.09187e-09,41.962,15.2465,792.662,-2.79049,2.11645e-09,2.09187e-09,41.962,True,6.0|233,555
14|555|14|555|sample|9|233|9|233|6.0,15.2465,792.662,-2.79049,2.11645e-09,2.09187e-09,41.962,15.2465,792.662,-2.79049,2.11645e-09,2.09187e-09,41.962,True,6.0|233,555
14|555|14|555|sample|10|233|10|233|6.0,15.2465,792.662,-2.79049,2.11645e-09,2.09187e-09,41.962,15.2465,792.662,-2.79049,2.11645e-09,2.09187e-09,41.962,True,6.0|233,555
14|555|14|555|sample|12|233|12|233|6.0,15.2465,792.662,-2.79049,2.11645e-09,2.09187e-09,41.962,15.2465,792.662,-2.79049,2.11645e-09,2.09187e-09,41.962,True,6.0|233,555
14|555|14|555|sample|11|233|11|233|6.0,15.2465,792.662,-2.79049,2.11645e-09,2.09187e-09,41.962,15.2465,792.662,-2.79049,2.11645e-09,2.09187e-09,41.962,True,6.0|233,555
14|555|14|555|cc|1|1|233|1|233|69.0,18.4722,789.957,0.324622,0.292309,2.09187e-09,41.962,18.4722,789.957,0.324622,0.292309,2.09187e-09,41.962,False,69.0|233,555
14|555|14|555|cc|2|1|233|1|233|69.0,18.4722,789.957,0.324622,0.292309,2.09187e-09,41.962,18.4722,789.957,0.324622,0.292309,2.09187e-09,41.962,False,69.0|233,555
14|555|14|555|cc|3|1|233|1|233|69.0,18.4722,789.957,0.324622,0.292309,2.09187e-09,41.962,18.4722,789.957,0.324622,0.292309,2.09187e-09,41.962,False,69.0|233,555
14|555|14|555|cc|4|1|233|1|233|69.0,18.4722,789.957,0.324622,0.292309,2.09187e-09,41.962,18.4722,789.957,0.324622,0.292309,2.09187e-09,41.962,False,69.0|233,555
14|555|14|555|cc|5|1|233|1|233|69.0,18.4722,789.957,0.324622,0.292309,2.09187e-09,41.962,18.4722,789.957,0.324622,0.292309,2.09187e-09,41.962,False,69.0|233,555
14|555|14|555|cc|6|1|233|1|233|69.0,18.4722,789.957,0.324622,0.292309,2.09187e-09,41.962,18.4722,789.957,0.324622,0.292309,2.09187e-09,41.962,False,69.0|233,555
14|555|14|555|cc|7|1|233|1|233|69.0,18.4722,789.957,0.324622,0.292309,2.09187e-09,41.962,18.4722,789.957,0.324622,0.292309,2.09187e-09,41.962,False,69.0|233,555
14|555|14|555|cc|8|1|233|1|233|69.0,18.4722,789.957,0.324622,0.292309,2.09187e-09,41.962,18.4722,789.957,0.324622,0.292309,2.09187e-09,41.962,False,69.0|233,555
14|555|14|555|vc|1|2|233|2|233|69.0,18.4722,789.957,0.324622,0.292309,2.09187e-09,41.962,18.4722,789.957,0.324622,0.292309,2.09187e-09,41.962,False,69.0|233,555
14|555|14|555|vc|2|2|233|2|233|69.0,18.4722,789.957,0.324622,0.292309,2.09187e-09,41.962,18.4722,789.957,0.324622,0.292309,2.09187e-09,41.962,False,69.0|233,555
14|555|14|555|vc|3|2|233|2|233|69.0,18.4722,789.957,0.324622,0.292309,2.09187e-09,41.962,18.4722,789.957,0.324622,0.292309,2.09187e-09,41.962,False,69.0|233,555
14|555|14|555|vc|4|2|233|2|233|69.0,18.4722,789.957,0.324622,0.292309,2.09187e-09,41.962,18.4722,789.957,0.324622,0.292309,2.09187e-09,41.962,False,69.0|233,555
14|555|14|555|vc|5|2|233|2|233|69.0,18.4722,789.957,0.324622,0.292309,2.09187e-09,41.962,18.4722,789.957,0.324622,0.292309,2.09187e-09,41.962,False,69.0|233,555
14|555|14|555|vc|6|2|233|2|233|69.0,18.4722,789.957,0.324622,0.292309,2.09187e-09,41.962,18.4722,789.957,0.324622,0.292309,2.09187e-09,41.962,False,69.0|233,555
14|555|14|555|vc|7|2|233|2|233|69.0,18.4722,789.957,0.324622,0.292309,2.09187e-09,41.962,18.4722,789.957,0.324622,0.292309,2.09187e-09,41.962,False,69.0|233,555
14|555|14|555|vc|8|2|233|2|233|69.0,18.4722,789.957,0.324622,0.292309,2.09187e-09,41.962,18.4722,789.957,0.324622,0.292309,2.09187e-09,41.962,False,69.0|233,555
14|394|14|394|sample|5|42|5|42|6.0,20.3032,791.855,1.50513,2.59163e+08,2.09183e-09,41.9645,20.3032,791.855,1.50513,2.59163e+08,2.09183e-09,41.9645,True,6.0|42,394
14|394|14|394|sample|6|42|6|42|6.0,20.3032,791.855,1.50513,2.59163e+08,2.09183e-09,41.9645,20.3032,791.855,1.50513,2.59163e+08,2.09183e-09,41.9645,True,6.0|42,394
14|394|14|394|sample|7|42|7|42|6.0,20.3032,791.855,1.50513,2.59163e+08,2.09183e-09,41.9645,20.3032,791.855,1.50513,2.59163e+08,2.09183e-09,41.9645,True,6.0|42,394
14|394|14|394|sample|8|42|8|42|6.0,20.3032,791.855,1.50513,2.59163e+08,2.09183e-09,41.9645,20.3032,791.855,1.50513,2.59163e+08,2.09183e-09,41.9645,True,6.0|42,394
14|394|14|394|sample|10|42|10|42|6.0,20.3032,791.855,1.50513,2.59163e+08,2.09183e-09,41.9645,20.3032,791.855,1.50513,2.59163e+08,2.09183e-09,41.9645,True,6.0|42,394
14|394|14|394|sample|9|42|9|42|6.0,20.3032,791.855,1.50513,2.59163e+08,2.09183e-09,41.9645,20.3032,791.855,1.50513,2.59163e+08,2.09183e-09,41.9645,True,6.0|42,394
14|394|14|394|sample|12|42|12|42|6.0,20.3032,791.855,1.50513,2.59163e+08,2.09183e-09,41.9645,20.3032,791.855,1.50513,2.59163e+08,2.09183e-09,41.9645,True,6.0|42,394
14|394|14|394|sample|11|42|11|42|6.0,20.3032,791.855,1.50513,2.59163e+08,2.09183e-09,41.9645,20.3032,791.855,1.50513,2.59163e+08,2.09183e-09,41.9645,True,6.0|42,394
14|394|14|394|sample|3|42|3|42|63.0,10.7765,795.29,9.71285,849.094,2.09183e-09,41.9645,10.7765,795.29,9.71285,849.094,2.09183e-09,41.9645,True,63.0|42,394
14|394|14|394|sample|4|42|4|42|63.0,10.7765,795.29,9.71285,849.094,2.09183e-09,41.9645,10.7765,795.29,9.71285,849.094,2.09183e-09,41.9645,True,63.0|42,394
14|394|14|394|cc|1|1|42|1|42|69.0,21.4816,791.538,5.10504,99476.2,2.09183e-09,41.9645,21.4816,791.538,5.10504,99476.2,2.09183e-09,41.9645,False,69.0|42,394
14|394|14|394|cc|2|1|42|1|42|69.0,21.4816,791.538,5.10504,99476.2,2.09183e-09,41.9645,21.4816,791.538,5.10504,99476.2,2.09183e-09,41.9645,False,69.0|42,394
14|394|14|394|cc|3|1|42|1|42|69.0,21.4816,791.538,5.10504,99476.2,2.09183e-09,41.9645,21.4816,791.538,5.10504,99476.2,2.09183e-09,41.9645,False,69.0|42,394
14|394|14|394|cc|4|1|42|1|42|69.0,21.4816,791.538,5.10504,99476.2,2.09183e-09,41.9645,21.4816,791.538,5.10504,99476.2,2.09183e-09,41.9645,False,69.0|42,394
14|394|14|394|cc|5|1|42|1|42|69.0,21.4816,791.538,5.10504,99476.2,2.09183e-09,41.9645,21.4816,791.538,5.10504,99476.2,2.09183e-09,41.9645,False,69.0|42,394
14|394|14|394|cc|6|1|42|1|42|69.0,21.4816,791.538,5.10504,99476.2,2.09183e-09,41.9645,21.4816,791.538,5.10504,99476.2,2.09183e-09,41.9645,False,69.0|42,394
14|394|14|394|cc|7|1|42|1|42|69.0,21.4816,791.538,5.10504,99476.2,2.09183e-09,41.9645,21.4816,791.538,5.10504,99476.2,2.09183e-09,41.9645,False,69.0|42,394
14|394|14|394|cc|8|1|42|1|42|69.0,21.4816,791.538,5.10504,99476.2,2.09183e-09,41.9645,21.4816,791.538,5.10504,99476.2,2.09183e-09,41.9645,False,69.0|42,394
14|394|14|394|vc|1|2|42|2|42|69.0,21.4816,791.538,5.10504,99476.2,2.09183e-09,41.9645,21.4816,791.538,5.10504,99476.2,2.09183e-09,41.9645,False,69.0|42,394
14|394|14|394|vc|2|2|42|2|42|69.0,21.4816,791.538,5.10504,99476.2,2.09183e-09,41.9645,21.4816,791.538,5.10504,99476.2,2.09183e-09,41.9645,False,69.0|42,394
14|394|14|394|vc|3|2|42|2|42|69.0,21.4816,791.538,5.10504,99476.2,2.09183e-09,41.9645,21.4816,791.538,5.10504,99476.2,2.09183e-09,41.9645,False,69.0|42,394
14|394|14|394|vc|4|2|42|2|42|69.0,21.4816,791.538,5.10504,99476.2,2.09183e-09,41.9645,21.4816,791.538,5.10504,99476.2,2.09183e-09,41.9645,False,69.0|42,394
14|394|14|394|vc|5|2|42|2|42|69.0,21.4816,791.538,5.10504,99476.2,2.09183e-09,41.9645,21.4816,791.538,5.10504,99476.2,2.09183e-09,41.9645,False,69.0|42,394
14|394|14|394|vc|6|2|42|2|42|69.0,21.4816,791.538,5.10504,99476.2,2.09183e-09,41.9645,21.4816,791.538,5.10504,99476.2,2.09183e-09,41.9645,False,69.0|42,394
14|394|14|394|vc|7|2|42|2|42|69.0,21.4816,791.538,5.10504,99476.2,2.09183e-09,41.9645,21.4816,791.538,5.10504,99476.2,2.09183e-09,41.9645,False,69.0|42,394
14|394|14|394|vc|8|2|42|2|42|69.0,21.4816,791.538,5.10504,99476.2,2.09183e-09,41.9645,21.4816,791.538,5.10504,99476.2,2.09183e-09,41.9645,False,69.0|42,394
14|1099|14|1099|sample|3|73|3|73|6.0,3.65298,793.789,2.9528,619619,2.09183e-09,41.9649,3.65298,793.789,2.9528,619619,2.09183e-09,41.9649,True,6.0|73,1099
14|1099|14|1099|sample|4|73|4|73|6.0,3.65298,793.789,2.9528,619619,2.09183e-09,41.9649,3.65298,793.789,2.9528,619619,2.09183e-09,41.9649,True,6.0|73,1099
14|1099|14|1099|sample|5|73|5|73|6.0,3.65298,793.789,2.9528,619619,2.09183e-09,41.9649,3.65298,793.789,2.9528,619619,2.09183e-09,41.9649,True,6.0|73,1099
14|1099|14|1099|sample|6|73|6|73|6.0,3.65298,793.789,2.9528,619619,2.09183e-09,41.9649,3.65298,793.789,2.9528,619619,2.09183e-09,41.9649,True,6.0|73,1099
14|1099|14|1099|sample|8|73|8|73|6.0,3.65298,793.789,2.9528,619619,2.09183e-09,41.9649,3.65298,793.789,2.9528,619619,2.09183e-09,41.9649,True,6.0|73,1099
14|1099|14|1099|sample|7|73|7|73|6.0,3.65298,793.789,2.9528,619619,2.09183e-09,41.9649,3.65298,793.789,2.9528,619619,2.09183e-09,41.9649,True,6.0|73,1099
14|1099|14|1099|sample|9|73|9|73|6.0,3.65298,793.789,2.9528,619619,2.09183e-09,41.9649,3.65298,793.789,2.9528,619619,2.09183e-09,41.9649,True,6.0|73,1099
14|1099|14|1099|sample|10|73|10|73|6.0,3.65298,793.789,2.9528,619619,2.09183e-09,41.9649,3.65298,793.789,2.9528,619619,2.09183e-09,41.9649,True,6.0|73,1099
14|1099|14|1099|sample|11|73|11|73|6.0,3.65298,793.789,2.9528,619619,2.09183e-09,41.9649,3.65298,793.789,2.9528,619619,2.09183e-09,41.9649,True,6.0|73,1099
14|1099|14|1099|sample|12|73|12|73|6.0,3.65298,793.789,2.9528,619619,2.09183e-09,41.9649,3.65298,793.789,2.9528,619619,2.09183e-09,41.9649,True,6.0|73,1099
14|1099|14|1099|cc|1|1|73|1|73|69.0,6.14737,787.346,4.07388,0.473054,2.09183e-09,41.9649,6.14737,787.346,4.07388,0.473054,2.09183e-09,41.9649,False,69.0|73,1099
14|1099|14|1099|cc|2|1|73|1|73|69.0,6.14737,787.346,4.07388,0.473054,2.09183e-09,41.9649,6.14737,787.346,4.07388,0.473054,2.09183e-09,41.9649,False,69.0|73,1099
14|1099|14|1099|cc|3|1|73|1|73|69.0,6.14737,787.346,4.07388,0.473054,2.09183e-09,41.9649,6.14737,787.346,4.07388,0.473054,2.09183e-09,41.9649,False,69.0|73,1099
14|1099|14|1099|cc|4|1|73|1|73|69.0,6.14737,787.346,4.07388,0.473054,2.09183e-09,41.9649,6.14737,787.346,4.07388,0.473054,2.09183e-09,41.9649,False,69.0|73,1099
14|1099|14|1099|cc|5|1|73|1|73|69.0,6.14737,787.346,4.07388,0.473054,2.09183e-09,41.9649,6.14737,787.346,4.07388,0.473054,2.09183e-09,41.9649,False,69.0|73,1099
14|1099|14|1099|cc|6|1|73|1|73|69.0,6.14737,787.346,4.07388,0.473054,2.09183e-09,41.9649,6.14737,787.346,4.07388,0.473054,2.09183e-09,41.9649,False,69.0|73,1099
14|1099|14|1099|cc|7|1|73|1|73|69.0,6.14737,787.346,4.07388,0.473054,2.09183e-09,41.9649,6.14737,787.346,4.07388,0.473054,2.09183e-09,41.9649,False,69.0|73,1099
14|1099|14|1099|cc|8|1|73|1|73|69.0,6.14737,787.346,4.07388,0.473054,2.09183e-09,41.9649,6.14737,787.346,4.07388,0.473054,2.09183e-09,41.9649,False,69.0|73,1099
14|1099|14|1099|vc|1|2|73|2|73|69.0,6.14737,787.346,4.07388,0.473054,2.09183e-09,41.9649,6.14737,787.346,4.07388,0.473054,2.09183e-09,41.9649,False,69.0|73,1099
14|1099|14|1099|vc|2|2|73|2|73|69.0,6.14737,787.346,4.07388,0.473054,2.09183e-09,41.9649,6.14737,787.346,4.07388,0.473054,2.09183e-09,41.9649,False,69.0|73,1099
14|1099|14|1099|vc|3|2|73|2|73|69.0,6.14737,787.346,4.07388,0.473054,2.09183e-09,41.9649,6.14737,787.346,4.07388,0.473054,2.09183e-09,41.9649,False,69.0|73,1099
14|1099|14|1099|vc|4|2|73|2|73|69.0,6.14737,787.346,4.07388,0.473054,2.09183e-09,41.9649,6.14737,787.346,4.07388,0.473054,2.09183e-09,41.9649,False,69.0|73,1099
14|1099|14|1099|vc|5|2|73|2|73|69.0,6.14737,787.346,4.07388,0.473054,2.09183e-09,41.9649,6.14737,787.346,4.07388,0.473054,2.09183e-09,41.9649,False,69.0|73,1099
14|1099|14|1099|vc|6|2|73|2|73|69.0,6.14737,787.346,4.07388,0.473054,2.09183e-09,41.9649,6.14737,787.346,4.07388,0.473054,2.09183e-09,41.9649,False,69.0|73,1099
14|1099|14|1099|vc|7|2|73|2|73|69.0,6.14737,787.346,4.07388,0.473054,2.09183e-09,41.9649,6.14737,787.346,4.07388,0.473054,2.09183e-09,41.9649,False,69.0|73,1099
14|1099|14|1099|vc|8|2|73|2|73|69.0,6.14737,787.346,4.07388,0.473054,2.09183e-09,41.9649,6.14737,787.346,4.07388,0.473054,2.09183e-09,41.9649,False,69.0|73,1099
14|611|14|611|sample|4|73|4|73|6.0,6.62577,793.789,2.9528,619619,2.09183e-09,41.9851,6.62577,793.789,2.9528,619619,2.09183e-09,41.9851,True,6.0|73,611
14|611|14|611|sample|3|73|3|73|6.0,6.62577,793.789,2.9528,619619,2.09183e-09,41.9851,6.62577,793.789,2.9528,619619,2.09183e-09,41.9851,True,6.0|73,611
14|611|14|611|sample|5|73|5|73|6.0,6.62577,793.789,2.9528,619619,2.09183e-09,41.9851,6.62577,793.789,2.9528,619619,2.09183e-09,41.9851,True,6.0|73,611
14|611|14|611|sample|6|73|6|73|6.0,6.62577,793.789,2.9528,619619,2.09183e-09,41.9851,6.62577,793.789,2.9528,619619,2.09183e-09,41.9851,True,6.0|73,611
14|611|14|611|sample|7|73|7|73|6.0,6.62577,793.789,2.9528,619619,2.09183e-09,41.9851,6.62577,793.789,2.9528,619619,2.09183e-09,41.9851,True,6.0|73,611
14|611|14|611|sample|8|73|8|73|6.0,6.62577,793.789,2.9528,619619,2.09183e-09,41.9851,6.62577,793.789,2.9528,619619,2.09183e-09,41.9851,True,6.0|73,611
14|611|14|611|sample|9|73|9|73|6.0,6.62577,793.789,2.9528,619619,2.09183e-09,41.9851,6.62577,793.789,2.9528,619619,2.09183e-09,41.9851,True,6.0|73,611
14|611|14|611|sample|10|73|10|73|6.0,6.62577,793.789,2.9528,619619,2.09183e-09,41.9851,6.62577,793.789,2.9528,619619,2.09183e-09,41.9851,True,6.0|73,611
14|611|14|611|sample|12|73|12|73|6.0,6.62577,793.789,2.9528,619619,2.09183e-09,41.9851,6.62577,793.789,2.9528,619619,2.09183e-09,41.9851,True,6.0|73,611
14|611|14|611|sample|11|73|11|73|6.0,6.62577,793.789,2.9528,619619,2.09183e-09,41.9851,6.62577,793.789,2.9528,619619,2.09183e-09,41.9851,True,6.0|73,611
14|611|14|611|cc|1|1|73|1|73|69.0,9.12016,787.346,4.07388,0.473054,2.09183e-09,41.9851,9.12016,787.346,4.07388,0.473054,2.09183e-09,41.9851,False,69.0|73,611
14|611|14|611|cc|2|1|73|1|73|69.0,9.12016,787.346,4.07388,0.473054,2.09183e-09,41.9851,9.12016,787.346,4.07388,0.473054,2.09183e-09,41.9851,False,69.0|73,611
14|611|14|611|cc|3|1|73|1|73|69.0,9.12016,787.346,4.07388,0.473054,2.09183e-09,41.9851,9.12016,787.346,4.07388,0.473054,2.09183e-09,41.9851,False,69.0|73,611
14|611|14|611|cc|4|1|73|1|73|69.0,9.12016,787.346,4.07388,0.473054,2.09183e-09,41.9851,9.12016,787.346,4.07388,0.473054,2.09183e-09,41.9851,False,69.0|73,611
14|611|14|611|cc|5|1|73|1|73|69.0,9.12016,787.346,4.07388,0.473054,2.09183e-09,41.9851,9.12016,787.346,4.07388,0.473054,2.09183e-09,41.9851,False,69.0|73,611
14|611|14|611|cc|6|1|73|1|73|69.0,9.12016,787.346,4.07388,0.473054,2.09183e-09,41.9851,9.12016,787.346,4.07388,0.473054,2.09183e-09,41.9851,False,69.0|73,611
14|611|14|611|cc|7|1|73|1|73|69.0,9.12016,787.346,4.07388,0.473054,2.09183e-09,41.9851,9.12016,787.346,4.07388,0.473054,2.09183e-09,41.9851,False,69.0|73,611
14|611|14|611|cc|8|1|73|1|73|69.0,9.12016,787.346,4.07388,0.473054,2.09183e-09,41.9851,9.12016,787.346,4.07388,0.473054,2.09183e-09,41.9851,False,69.0|73,611
14|611|14|611|vc|1|2|73|2|73|69.0,9.12016,787.346,4.07388,0.473054,2.09183e-09,41.9851,9.12016,787.346,4.07388,0.473054,2.09183e-09,41.9851,False,69.0|73,611
14|611|14|611|vc|2|2|73|2|73|69.0,9.12016,787.346,4.07388,0.473054,2.09183e-09,41.9851,9.12016,787.346,4.07388,0.473054,2.09183e-09,41.9851,False,69.0|73,611
14|611|14|611|vc|3|2|73|2|73|69.0,9.12016,787.346,4.07388,0.473054,2.09183e-09,41.9851,9.12016,787.346,4.07388,0.473054,2.09183e-09,41.9851,False,69.0|73,611
14|611|14|611|vc|4|2|73|2|73|69.0,9.12016,787.346,4.07388,0.473054,2.09183e-09,41.9851,9.12016,787.346,4.07388,0.473054,2.09183e-09,41.9851,False,69.0|73,611
14|611|14|611|vc|5|2|73|2|73|69.0,9.12016,787.346,4.07388,0.473054,2.09183e-09,41.9851,9.12016,787.346,4.07388,0.473054,2.09183e-09,41.9851,False,69.0|73,611
14|611|14|611|vc|6|2|73|2|73|69.0,9.12016,787.346,4.07388,0.473054,2.09183e-09,41.9851,9.12016,787.346,4.07388,0.473054,2.09183e-09,41.9851,False,69.0|73,611
14|611|14|611|vc|7|2|73|2|73|69.0,9.12016,787.346,4.07388,0.473054,2.09183e-09,41.9851,9.12016,787.346,4.07388,0.473054,2.09183e-09,41.9851,False,69.0|73,611
14|611|14|611|vc|8|2|73|2|73|69.0,9.12016,787.346,4.07388,0.473054,2.09183e-09,41.9851,9.12016,787.346,4.07388,0.473054,2.09183e-09,41.9851,False,69.0|73,611
8|84|8|84|sample|5|162|5|162|55.0,7.03974,792.299,-0.307798,3.68861e-06,2.09207e-09,41.9668,7.03974,792.299,-0.307798,3.68861e-06,2.09207e-09,41.9668,True,55.0|162,84
8|84|8|84|sample|6|162|6|162|55.0,7.03974,792.299,-0.307798,3.68861e-06,2.09207e-09,41.9668,7.03974,792.299,-0.307798,3.68861e-06,2.09207e-09,41.9668,True,55.0|162,84
8|84|8|84|sample|4|162|4|162|55.0,7.03974,792.299,-0.307798,3.68861e-06,2.09207e-09,41.9668,7.03974,792.299,-0.307798,3.68861e-06,2.09207e-09,41.9668,True,55.0|162,84
8|84|8|84|sample|3|162|3|162|55.0,7.03974,792.299,-0.307798,3.68861e-06,2.09207e-09,41.9668,7.03974,792.299,-0.307798,3.68861e-06,2.09207e-09,41.9668,True,55.0|162,84
8|84|8|84|sample|9|162|9|162|32.0,3.48915,795.558,-0.315598,2.43203e-06,2.09207e-09,41.9668,3.48915,795.558,-0.315598,2.43203e-06,2.09207e-09,41.9668,True,32.0|162,84
8|84|8|84|sample|10|162|10|162|32.0,3.48915,795.558,-0.315598,2.43203e-06,2.09207e-09,41.9668,3.48915,795.558,-0.315598,2.43203e-06,2.09207e-09,41.9668,True,32.0|162,84
8|84|8|84|sample|7|162|7|162|32.0,3.48915,795.558,-0.315598,2.43203e-06,2.09207e-09,41.9668,3.48915,795.558,-0.315598,2.43203e-06,2.09207e-09,41.9668,True,32.0|162,84
8|84|8|84|sample|8|162|8|162|32.0,3.48915,795.558,-0.315598,2.43203e-06,2.09207e-09,41.9668,3.48915,795.558,-0.315598,2.43203e-06,2.09207e-09,41.9668,True,32.0|162,84
8|84|8|84|sample|12|162|12|162|22.0,-2.87375,787.516,-0.511279,0.000383271,2.09207e-09,41.9668,-2.87375,787.516,-0.511279,0.000383271,2.09207e-09,41.9668,True,22.0|162,84
8|84|8|84|sample|11|162|11|162|22.0,-2.87375,787.516,-0.511279,0.000383271,2.09207e-09,41.9668,-2.87375,787.516,-0.511279,0.000383271,2.09207e-09,41.9668,True,22.0|162,84
8|84|8|84|cc|1|1|162|1|162|69.0,38.2375,790.548,1.33247,0.0243034,2.09207e-09,41.9668,38.2375,790.548,1.33247,0.0243034,2.09207e-09,41.9668,False,69.0|162,84
8|84|8|84|cc|2|1|162|1|162|69.0,38.2375,790.548,1.33247,0.0243034,2.09207e-09,41.9668,38.2375,790.548,1.33247,0.0243034,2.09207e-09,41.9668,False,69.0|162,84
8|84|8|84|cc|3|1|162|1|162|69.0,38.2375,790.548,1.33247,0.0243034,2.09207e-09,41.9668,38.2375,790.548,1.33247,0.0243034,2.09207e-09,41.9668,False,69.0|162,84
8|84|8|84|cc|4|1|162|1|162|69.0,38.2375,790.548,1.33247,0.0243034,2.09207e-09,41.9668,38.2375,790.548,1.33247,0.0243034,2.09207e-09,41.9668,False,69.0|162,84
8|84|8|84|cc|5|1|162|1|162|69.0,38.2375,790.548,1.33247,0.0243034,2.09207e-09,41.9668,38.2375,790.548,1.33247,0.0243034,2.09207e-09,41.9668,False,69.0|162,84
8|84|8|84|cc|6|1|162|1|162|69.0,38.2375,790.548,1.33247,0.0243034,2.09207e-09,41.9668,38.2375,790.548,1.33247,0.0243034,2.09207e-09,41.9668,False,69.0|162,84
8|84|8|84|cc|7|1|162|1|162|69.0,38.2375,790.548,1.33247,0.0243034,2.09207e-09,41.9668,38.2375,790.548,1.33247,0.0243034,2.09207e-09,41.9668,False,69.0|162,84
8|84|8|84|cc|8|1|162|1|162|69.0,38.2375,790.548,1.33247,0.0243034,2.09207e-09,41.9668,38.2375,790.548,1.33247,0.0243034,2.09207e-09,41.9668,False,69.0|162,84
8|84|8|84|vc|1|2|162|2|162|69.0,38.2375,790.548,1.33247,0.0243034,2.09207e-09,41.9668,38.2375,790.548,1.33247,0.0243034,2.09207e-09,41.9668,False,69.0|162,84
8|84|8|84|vc|2|2|162|2|162|69.0,38.2375,790.548,1.33247,0.0243034,2.09207e-09,41.9668,38.2375,790.548,1.33247,0.0243034,2.09207e-09,41.9668,False,69.0|162,84
8|84|8|84|vc|3|2|162|2|162|69.0,38.2375,790.548,1.33247,0.0243034,2.09207e-09,41.9668,38.2375,790.548,1.33247,0.0243034,2.09207e-09,41.9668,False,69.0|162,84
8|84|8|84|vc|4|2|162|2|162|69.0,38.2375,790.548,1.33247,0.0243034,2.09207e-09,41.9668,38.2375,790.548,1.33247,0.0243034,2.09207e-09,41.9668,False,69.0|162,84
8|84|8|84|vc|5|2|162|2|162|69.0,38.2375,790.548,1.33247,0.0243034,2.09207e-09,41.9668,38.2375,790.548,1.33247,0.0243034,2.09207e-09,41.9668,False,69.0|162,84
8|84|8|84|vc|6|2|162|2|162|69.0,38.2375,790.548,1.33247,0.0243034,2.09207e-09,41.9668,38.2375,790.548,1.33247,0.0243034,2.09207e-09,41.9668,False,69.0|162,84
8|84|8|84|vc|7|2|162|2|162|69.0,38.2375,790.548,1.33247,0.0243034,2.09207e-09,41.9668,38.2375,790.548,1.33247,0.0243034,2.09207e-09,41.9668,False,69.0|162,84
8|84|8|84|vc|8|2|162|2|162|69.0,38.2375,790.548,1.33247,0.0243034,2.09207e-09,41.9668,38.2375,790.548,1.33247,0.0243034,2.09207e-09,41.9668,False,69.0|162,84
8|1042|8|1042|sample|8|162|8|162|65.0,-1.76825,794.836,-0.445374,9.49888e-05,2.09183e-09,41.9645,-1.76825,794.836,-0.445374,9.49888e-05,2.09183e-09,41.9645,True,65.0|162,1042
8|1042|8|1042|sample|7|162|7|162|65.0,-1.76825,794.836,-0.445374,9.49888e-05,2.09183e-09,41.9645,-1.76825,794.836,-0.445374,9.49888e-05,2.09183e-09,41.9645,True,65.0|162,1042
8|1042|8|1042|sample|6|162|6|162|65.0,-1.76825,794.836,-0.445374,9.49888e-05,2.09183e-09,41.9645,-1.76825,794.836,-0.445374,9.49888e-05,2.09183e-09,41.9645,True,65.0|162,1042
8|1042|8|1042|sample|5|162|5|162|65.0,-1.76825,794.836,-0.445374,9.49888e-05,2.09183e-09,41.9645,-1.76825,794.836,-0.445374,9.49888e-05,2.09183e-09,41.9645,True,65.0|162,1042
8|1042|8|1042|sample|12|162|12|162|28.0,-1.84694,798.161,-0.467989,9.82009e-05,2.09183e-09,41.9645,-1.84694,798.161,-0.467989,9.82009e-05,2.09183e-09,41.9645,True,28.0|162,1042
8|1042|8|1042|sample|7|162|7|162|28.0,-1.84694,798.161,-0.467989,9.82009e-05,2.09183e-09,41.9645,-1.84694,798.161,-0.467989,9.82009e-05,2.09183e-09,41.9645,True,28.0|162,1042
8|1042|8|1042|sample|11|162|11|162|28.0,-1.84694,798.161,-0.467989,9.82009e-05,2.09183e-09,41.9645,-1.84694,798.161,-0.467989,9.82009e-05,2.09183e-09,41.9645,True,28.0|162,1042
8|1042|8|1042|sample|9|162|9|162|28.0,-1.84694,798.161,-0.467989,9.82009e-05,2.09183e-09,41.9645,-1.84694,798.161,-0.467989,9.82009e-05,2.09183e-09,41.9645,True,28.0|162,1042
8|1042|8|1042|sample|10|162|10|162|28.0,-1.84694,798.161,-0.467989,9.82009e-05,2.09183e-09,41.9645,-1.84694,798.161,-0.467989,9.82009e-05,2.09183e-09,41.9645,True,28.0|162,1042
8|1042|8|1042|sample|4|162|4|162|22.0,-1.91061,787.516,-0.511279,0.000383271,2.09183e-09,41.9645,-1.91061,787.516,-0.511279,0.000383271,2.09183e-09,41.9645,True,22.0|162,1042
8|1042|8|1042|sample|3|162|3|162|22.0,-1.91061,787.516,-0.511279,0.000383271,2.09183e-09,41.9645,-1.91061,787.516,-0.511279,0.000383271,2.09183e-09,41.9645,True,22.0|162,1042
8|1042|8|1042|sample|12|162|12|162|65.0,-1.76825,794.836,-0.445374,9.49888e-05,2.09183e-09,41.9645,-1.76825,794.836,-0.445374,9.49888e-05,2.09183e-09,41.9645,True,65.0|162,1042
8|1042|8|1042|cc|1|1|162|1|162|69.0,39.2006,790.548,1.33247,0.0243034,2.09183e-09,41.9645,39.2006,790.548,1.33247,0.0243034,2.09183e-09,41.9645,False,69.0|162,1042
8|1042|8|1042|cc|2|1|162|1|162|69.0,39.2006,790.548,1.33247,0.0243034,2.09183e-09,41.9645,39.2006,790.548,1.33247,0.0243034,2.09183e-09,41.9645,False,69.0|162,1042
8|1042|8|1042|cc|3|1|162|1|162|69.0,39.2006,790.548,1.33247,0.0243034,2.09183e-09,41.9645,39.2006,790.548,1.33247,0.0243034,2.09183e-09,41.9645,False,69.0|162,1042
8|1042|8|1042|cc|4|1|162|1|162|69.0,39.2006,790.548,1.33247,0.0243034,2.09183e-09,41.9645,39.2006,790.548,1.33247,0.0243034,2.09183e-09,41.9645,False,69.0|162,1042
8|1042|8|1042|cc|5|1|162|1|162|69.0,39.2006,790.548,1.33247,0.0243034,2.09183e-09,41.9645,39.2006,790.548,1.33247,0.0243034,2.09183e-09,41.9645,False,69.0|162,1042
8|1042|8|1042|cc|6|1|162|1|162|69.0,39.2006,790.548,1.33247,0.0243034,2.09183e-09,41.9645,39.2006,790.548,1.33247,0.0243034,2.09183e-09,41.9645,False,69.0|162,1042
8|1042|8|1042|cc|7|1|162|1|162|69.0,39.2006,790.548,1.33247,0.0243034,2.09183e-09,41.9645,39.2006,790.548,1.33247,0.0243034,2.09183e-09,41.9645,False,69.0|162,1042
8|1042|8|1042|cc|8|1|162|1|162|69.0,39.2006,790.548,1.33247,0.0243034,2.09183e-09,41.9645,39.2006,790.548,1.33247,0.0243034,2.09183e-09,41.9645,False,69.0|162,1042
8|1042|8|1042|vc|1|2|162|2|162|69.0,39.2006,790.548,1.33247,0.0243034,2.09183e-09,41.9645,39.2006,790.548,1.33247,0.0243034,2.09183e-09,41.9645,False,69.0|162,1042
8|1042|8|1042|vc|2|2|162|2|162|69.0,39.2006,790.548,1.33247,0.0243034,2.09183e-09,41.9645,39.2006,790.548,1.33247,0.0243034,2.09183e-09,41.9645,False,69.0|162,1042
8|1042|8|1042|vc|3|2|162|2|162|69.0,39.2006,790.548,1.33247,0.0243034,2.09183e-09,41.9645,39.2006,790.548,1.33247,0.0243034,2.09183e-09,41.9645,False,69.0|162,1042
8|1042|8|1042|vc|4|2|162|2|162|69.0,39.2006,790.548,1.33247,0.0243034,2.09183e-09,41.9645,39.2006,790.548,1.33247,0.0243034,2.09183e-09,41.9645,False,69.0|162,1042
8|1042|8|1042|vc|5|2|162|2|162|69.0,39.2006,790.548,1.33247,0.0243034,2.09183e-09,41.9645,39.2006,790.548,1.33247,0.0243034,2.09183e-09,41.9645,False,69.0|162,1042
8|1042|8|1042|vc|6|2|162|2|162|69.0,39.2006,790.548,1.33247,0.0243034,2.09183e-09,41.9645,39.2006,790.548,1.33247,0.0243034,2.09183e-09,41.9645,False,69.0|162,1042
8|1042|8|1042|vc|7|2|162|2|162|69.0,39.2006,790.548,1.33247,0.0243034,2.09183e-09,41.9645,39.2006,790.548,1.33247,0.0243034,2.09183e-09,41.9645,False,69.0|162,1042
8|1042|8|1042|vc|8|2|162|2|162|69.0,39.2006,790.548,1.33247,0.0243034,2.09183e-09,41.9645,39.2006,790.548,1.33247,0.0243034,2.09183e-09,41.9645,False,69.0|162,1042
8|719|8|719|sample|5|274|5|274|55.0,-4.36569,796.554,-0.214815,3.08526e-07,2.09183e-09,41.9645,-4.36569,796.554,-0.214815,3.08526e-07,2.09183e-09,41.9645,True,55.0|274,719
8|719|8|719|sample|6|274|6|274|55.0,-4.36569,796.554,-0.214815,3.08526e-07,2.09183e-09,41.9645,-4.36569,796.554,-0.214815,3.08526e-07,2.09183e-09,41.9645,True,55.0|274,719
8|719|8|719|sample|3|274|3|274|55.0,-4.36569,796.554,-0.214815,3.08526e-07,2.09183e-09,41.9645,-4.36569,796.554,-0.214815,3.08526e-07,2.09183e-09,41.9645,True,55.0|274,719
8|719|8|719|sample|4|274|4|274|55.0,-4.36569,796.554,-0.214815,3.08526e-07,2.09183e-09,41.9645,-4.36569,796.554,-0.214815,3.08526e-07,2.09183e-09,41.9645,True,55.0|274,719
8|719|8|719|sample|10|274|10|274|32.0,-3.91032,799.273,-0.420591,2.56349e-05,2.09183e-09,41.9645,-3.91032,799.273,-0.420591,2.56349e-05,2.09183e-09,41.9645,True,32.0|274,719
8|719|8|719|sample|9|274|9|274|32.0,-3.91032,799.273,-0.420591,2.56349e-05,2.09183e-09,41.9645,-3.91032,799.273,-0.420591,2.56349e-05,2.09183e-09,41.9645,True,32.0|274,719
8|719|8|719|sample|8|274|8|274|32.0,-3.91032,799.273,-0.420591,2.56349e-05,2.09183e-09,41.9645,-3.91032,799.273,-0.420591,2.56349e-05,2.09183e-09,41.9645,True,32.0|274,719
8|719|8|719|sample|7|274|7|274|32.0,-3.91032,799.273,-0.420591,2.56349e-05,2.09183e-09,41.9645,-3.91032,799.273,-0.420591,2.56349e-05,2.09183e-09,41.9645,True,32.0|274,719
8|719|8|719|sample|12|274|12|274|22.0,-1.11207,788.67,-0.725366,0.000855575,2.09183e-09,41.9645,-1.11207,788.67,-0.725366,0.000855575,2.09183e-09,41.9645,True,22.0|274,719
8|719|8|719|sample|11|274|11|274|22.0,-1.11207,788.67,-0.725366,0.000855575,2.09183e-09,41.9645,-1.11207,788.67,-0.725366,0.000855575,2.09183e-09,41.9645,True,22.0|274,719
8|719|8|719|cc|1|1|274|1|274|69.0,36.792,788.152,1.17411,1.87225,2.09183e-09,41.9645,36.792,788.152,1.17411,1.87225,2.09183e-09,41.9645,False,69.0|274,719
8|719|8|719|cc|2|1|274|1|274|69.0,36.792,788.152,1.17411,1.87225,2.09183e-09,41.9645,36.792,788.152,1.17411,1.87225,2.09183e-09,41.9645,False,69.0|274,719
8|719|8|719|cc|3|1|274|1|274|69.0,36.792,788.152,1.17411,1.87225,2.09183e-09,41.9645,36.792,788.152,1.17411,1.87225,2.09183e-09,41.9645,False,69.0|274,719
8|719|8|719|cc|4|1|274|1|274|69.0,36.792,788.152,1.17411,1.87225,2.09183e-09,41.9645,36.792,788.152,1.17411,1.87225,2.09183e-09,41.9645,False,69.0|274,719
8|719|8|719|cc|5|1|274|1|274|69.0,36.792,788.152,1.17411,1.87225,2.09183e-09,41.9645,36.792,788.152,1.17411,1.87225,2.09183e-09,41.9645,False,69.0|274,719
8|719|8|719|cc|6|1|274|1|274|69.0,36.792,788.152,1.17411,1.87225,2.09183e-09,41.9645,36.792,788.152,1.17411,1.87225,2.09183e-09,41.9645,False,69.0|274,719
8|719|8|719|cc|7|1|274|1|274|69.0,36.792,788.152,1.17411,1.87225,2.09183e-09,41.9645,36.792,788.152,1.17411,1.87225,2.09183e-09,41.9645,False,69.0|274,719
8|719|8|719|cc|8|1|274|1|274|69.0,36.792,788.152,1.17411,1.87225,2.09183e-09,41.9645,36.792,788.152,1.17411,1.87225,2.09183e-09,41.9645,False,69.0|274,719
8|719|8|719|vc|1|2|274|2|274|69.0,36.792,788.152,1.17411,1.87225,2.09183e-09,41.9645,36.792,788.152,1.17411,1.87225,2.09183e-09,41.9645,False,69.0|274,719
8|719|8|719|vc|2|2|274|2|274|69.0,36.792,788.152,1.17411,1.87225,2.09183e-09,41.9645,36.792,788.152,1.17411,1.87225,2.09183e-09,41.9645,False,69.0|274,719
8|719|8|719|vc|3|2|274|2|274|69.0,36.792,788.152,1.17411,1.87225,2.09183e-09,41.9645,36.792,788.152,1.17411,1.87225,2.09183e-09,41.9645,False,69.0|274,719
8|719|8|719|vc|4|2|274|2|274|69.0,36.792,788.152,1.17411,1.87225,2.09183e-09,41.9645,36.792,788.152,1.17411,1.87225,2.09183e-09,41.9645,False,69.0|274,719
8|719|8|719|vc|5|2|274|2|274|69.0,36.792,788.152,1.17411,1.87225,2.09183e-09,41.9645,36.792,788.152,1.17411,1.87225,2.09183e-09,41.9645,False,69.0|274,719
8|719|8|719|vc|6|2|274|2|274|69.0,36.792,788.152,1.17411,1.87225,2.09183e-09,41.9645,36.792,788.152,1.17411,1.87225,2.09183e-09,41.9645,False,69.0|274,719
8|719|8|719|vc|7|2|274|2|274|69.0,36.792,788.152,1.17411,1.87225,2.09183e-09,41.9645,36.792,788.152,1.17411,1.87225,2.09183e-09,41.9645,False,69.0|274,719
8|719|8|719|vc|8|2|274|2|274|69.0,36.792,788.152,1.17411,1.87225,2.09183e-09,41.9645,36.792,788.152,1.17411,1.87225,2.09183e-09,41.9645,False,69.0|274,719
8|863|8|863|sample|7|274|7|274|65.0,-2.92543,793.669,-0.39192,1.38012e-05,2.09192e-09,41.9654,-2.92543,793.669,-0.39192,1.38012e-05,2.09192e-09,41.9654,True,65.0|274,863
8|863|8|863|sample|8|274|8|274|65.0,-2.92543,793.669,-0.39192,1.38012e-05,2.09192e-09,41.9654,-2.92543,793.669,-0.39192,1.38012e-05,2.09192e-09,41.9654,True,65.0|274,863
8|863|8|863|sample|6|274|6|274|65.0,-2.92543,793.669,-0.39192,1.38012e-05,2.09192e-09,41.9654,-2.92543,793.669,-0.39192,1.38012e-05,2.09192e-09,41.9654,True,65.0|274,863
8|863|8|863|sample|5|274|5|274|65.0,-2.92543,793.669,-0.39192,1.38012e-05,2.09192e-09,41.9654,-2.92543,793.669,-0.39192,1.38012e-05,2.09192e-09,41.9654,True,65.0|274,863
8|863|8|863|sample|11|274|11|274|28.0,-1.91132,793.651,-0.532843,0.000102942,2.09192e-09,41.9654,-1.91132,793.651,-0.532843,0.000102942,2.09192e-09,41.9654,True,28.0|274,863
8|863|8|863|sample|12|274|12|274|28.0,-1.91132,793.651,-0.532843,0.000102942,2.09192e-09,41.9654,-1.91132,793.651,-0.532843,0.000102942,2.09192e-09,41.9654,True,28.0|274,863
8|863|8|863|sample|9|274|9|274|28.0,-1.91132,793.651,-0.532843,0.000102942,2.09192e-09,41.9654,-1.91132,793.651,-0.532843,0.000102942,2.09192e-09,41.9654,True,28.0|274,863
8|863|8|863|sample|10|274|10|274|28.0,-1.91132,793.651,-0.532843,0.000102942,2.09192e-09,41.9654,-1.91132,793.651,-0.532843,0.000102942,2.09192e-09,41.9654,True,28.0|274,863
8|863|8|863|sample|5|274|5|274|28.0,-1.91132,793.651,-0.532843,0.000102942,2.09192e-09,41.9654,-1.91132,793.651,-0.532843,0.000102942,2.09192e-09,41.9654,True,28.0|274,863
8|863|8|863|sample|3|274|3|274|22.0,-0.121892,788.67,-0.725366,0.000855575,2.09192e-09,41.9654,-0.121892,788.67,-0.725366,0.000855575,2.09192e-09,41.9654,True,22.0|274,863
8|863|8|863|sample|4|274|4|274|22.0,-0.121892,788.67,-0.725366,0.000855575,2.09192e-09,41.9654,-0.121892,788.67,-0.725366,0.000855575,2.09192e-09,41.9654,True,22.0|274,863
8|863|8|863|sample|10|274|10|274|65.0,-2.92543,793.669,-0.39192,1.38012e-05,2.09192e-09,41.9654,-2.92543,793.669,-0.39192,1.38012e-05,2.09192e-09,41.9654,True,65.0|274,863
8|863|8|863|cc|1|1|274|1|274|69.0,37.7822,788.152,1.17411,1.87225,2.09192e-09,41.9654,37.7822,788.152,1.17411,1.87225,2.09192e-09,41.9654,False,69.0|274,863
8|863|8|863|cc|2|1|274|1|274|69.0,37.7822,788.152,1.17411,1.87225,2.09192e-09,41.9654,37.7822,788.152,1.17411,1.87225,2.09192e-09,41.9654,False,69.0|274,863
8|863|8|863|cc|3|1|274|1|274|69.0,37.7822,788.152,1.17411,1.87225,2.09192e-09,41.9654,37.7822,788.152,1.17411,1.87225,2.09192e-09,41.9654,False,69.0|274,863
8|863|8|863|cc|4|1|274|1|274|69.0,37.7822,788.152,1.17411,1.87225,2.09192e-09,41.9654,37.7822,788.152,1.17411,1.87225,2.09192e-09,41.9654,False,69.0|274,863
8|863|8|863|cc|5|1|274|1|274|69.0,37.7822,788.152,1.17411,1.87225,2.09192e-09,41.9654,37.7822,788.152,1.17411,1.87225,2.09192e-09,41.9654,False,69.0|274,863
8|863|8|863|cc|6|1|274|1|274|69.0,37.7822,788.152,1.17411,1.87225,2.09192e-09,41.9654,37.7822,788.152,1.17411,1.87225,2.09192e-09,41.9654,False,69.0|274,863
8|863|8|863|cc|7|1|274|1|274|69.0,37.7822,788.152,1.17411,1.87225,2.09192e-09,41.9654,37.7822,788.152,1.17411,1.87225,2.09192e-09,41.9654,False,69.0|274,863
8|863|8|863|cc|8|1|274|1|274|69.0,37.7822,788.152,1.17411,1.87225,2.09192e-09,41.9654,37.7822,788.152,1.17411,1.87225,2.09192e-09,41.9654,False,69.0|274,863
8|863|8|863|vc|1|2|274|2|274|69.0,37.7822,788.152,1.17411,1.87225,2.09192e-09,41.9654,37.7822,788.152,1.17411,1.87225,2.09192e-09,41.9654,False,69.0|274,863
8|863|8|863|vc|2|2|274|2|274|69.0,37.7822,788.152,1.17411,1.87225,2.09192e-09,41.9654,37.7822,788.152,1.17411,1.87225,2.09192e-09,41.9654,False,69.0|274,863
8|863|8|863|vc|3|2|274|2|274|69.0,37.7822,788.152,1.17411,1.87225,2.09192e-09,41.9654,37.7822,788.152,1.17411,1.87225,2.09192e-09,41.9654,False,69.0|274,863
8|863|8|863|vc|4|2|274|2|274|69.0,37.7822,788.152,1.17411,1.87225,2.09192e-09,41.9654,37.7822,788.152,1.17411,1.87225,2.09192e-09,41.9654,False,69.0|274,863
8|863|8|863|vc|5|2|274|2|274|69.0,37.7822,788.152,1.17411,1.87225,2.09192e-09,41.9654,37.7822,788.152,1.17411,1.87225,2.09192e-09,41.9654,False,69.0|274,863
8|863|8|863|vc|6|2|274|2|274|69.0,37.7822,788.152,1.17411,1.87225,2.09192e-09,41.9654,37.7822,788.152,1.17411,1.87225,2.09192e-09,41.9654,False,69.0|274,863
8|863|8|863|vc|7|2|274|2|274|69.0,37.7822,788.152,1.17411,1.87225,2.09192e-09,41.9654,37.7822,788.152,1.17411,1.87225,2.09192e-09,41.9654,False,69.0|274,863
8|863|8|863|vc|8|2|274|2|274|69.0,37.7822,788.152,1.17411,1.87225,2.09192e-09,41.9654,37.7822,788.152,1.17411,1.87225,2.09192e-09,41.9654,False,69.0|274,863
8|488|8|488|sample|6|322|6|322|55.0,1.63641,797.314,-0.234884,2.49507e-06,2.09182e-09,41.9633,1.63641,797.314,-0.234884,2.49507e-06,2.09182e-09,41.9633,True,55.0|322,488
8|488|8|488|sample|5|322|5|322|55.0,1.63641,797.314,-0.234884,2.49507e-06,2.09182e-09,41.9633,1.63641,797.314,-0.234884,2.49507e-06,2.09182e-09,41.9633,True,55.0|322,488
8|488|8|488|sample|4|322|4|322|55.0,1.63641,797.314,-0.234884,2.49507e-06,2.09182e-09,41.9633,1.63641,797.314,-0.234884,2.49507e-06,2.09182e-09,41.9633,True,55.0|322,488
8|488|8|488|sample|3|322|3|322|55.0,1.63641,797.314,-0.234884,2.49507e-06,2.09182e-09,41.9633,1.63641,797.314,-0.234884,2.49507e-06,2.09182e-09,41.9633,True,55.0|322,488
8|488|8|488|sample|10|322|10|322|32.0,0.354955,788.565,-0.312884,1.60497e-06,2.09182e-09,41.9633,0.354955,788.565,-0.312884,1.60497e-06,2.09182e-09,41.9633,True,32.0|322,488
8|488|8|488|sample|9|322|9|322|32.0,0.354955,788.565,-0.312884,1.60497e-06,2.09182e-09,41.9633,0.354955,788.565,-0.312884,1.60497e-06,2.09182e-09,41.9633,True,32.0|322,488
8|488|8|488|sample|8|322|8|322|32.0,0.354955,788.565,-0.312884,1.60497e-06,2.09182e-09,41.9633,0.354955,788.565,-0.312884,1.60497e-06,2.09182e-09,41.9633,True,32.0|322,488
8|488|8|488|sample|7|322|7|322|32.0,0.354955,788.565,-0.312884,1.60497e-06,2.09182e-09,41.9633,0.354955,788.565,-0.312884,1.60497e-06,2.09182e-09,41.9633,True,32.0|322,488
8|488|8|488|sample|11|322|11|322|22.0,-0.579447,786.431,-0.47409,0.000127283,2.09182e-09,41.9633,-0.579447,786.431,-0.47409,0.000127283,2.09182e-09,41.9633,True,22.0|322,488
8|488|8|488|sample|12|322|12|322|22.0,-0.579447,786.431,-0.47409,0.000127283,2.09182e-09,41.9633,-0.579447,786.431,-0.47409,0.000127283,2.09182e-09,41.9633,True,22.0|322,488
8|488|8|488|cc|1|1|322|1|322|69.0,37.7739,789.019,2.77878,0.00389851,2.09182e-09,41.9633,37.7739,789.019,2.77878,0.00389851,2.09182e-09,41.9633,False,69.0|322,488
8|488|8|488|cc|2|1|322|1|322|69.0,37.7739,789.019,2.77878,0.00389851,2.09182e-09,41.9633,37.7739,789.019,2.77878,0.00389851,2.09182e-09,41.9633,False,69.0|322,488
8|488|8|488|cc|3|1|322|1|322|69.0,37.7739,789.019,2.77878,0.00389851,2.09182e-09,41.9633,37.7739,789.019,2.77878,0.00389851,2.09182e-09,41.9633,False,69.0|322,488
8|488|8|488|cc|4|1|322|1|322|69.0,37.7739,789.019,2.77878,0.00389851,2.09182e-09,41.9633,37.7739,789.019,2.77878,0.00389851,2.09182e-09,41.9633,False,69.0|322,488
8|488|8|488|cc|5|1|322|1|322|69.0,37.7739,789.019,2.77878,0.00389851,2.09182e-09,41.9633,37.7739,789.019,2.77878,0.00389851,2.09182e-09,41.9633,False,69.0|322,488
8|488|8|488|cc|6|1|322|1|322|69.0,37.7739,789.019,2.77878,0.00389851,2.09182e-09,41.9633,37.7739,789.019,2.77878,0.00389851,2.09182e-09,41.9633,False,69.0|322,488
8|488|8|488|cc|7|1|322|1|322|69.0,37.7739,789.019,2.77878,0.00389851,2.09182e-09,41.9633,37.7739,789.019,2.77878,0.00389851,2.09182e-09,41.9633,False,69.0|322,488
8|488|8|488|cc|8|1|322|1|322|69.0,37.7739,789.019,2.77878,0.00389851,2.09182e-09,41.9633,37.7739,789.019,2.77878,0.00389851,2.09182e-09,41.9633,False,69.0|322,488
8|488|8|488|vc|1|2|322|2|322|69.0,37.7739,789.019,2.77878,0.00389851,2.09182e-09,41.9633,37.7739,789.019,2.77878,0.00389851,2.09182e-09,41.9633,False,69.0|322,488
8|488|8|488|vc|2|2|322|2|322|69.0,37.7739,789.019,2.77878,0.00389851,2.09182e-09,41.9633,37.7739,789.019,2.77878,0.00389851,2.09182e-09,41.9633,False,69.0|322,488
8|488|8|488|vc|3|2|322|2|322|69.0,37.7739,789.019,2.77878,0.00389851,2.09182e-09,41.9633,37.7739,789.019,2.77878,0.00389851,2.09182e-09,41.9633,False,69.0|322,488
8|488|8|488|vc|4|2|322|2|322|69.0,37.7739,789.019,2.77878,0.00389851,2.09182e-09,41.9633,37.7739,789.019,2.77878,0.00389851,2.09182e-09,41.9633,False,69.0|322,488
8|488|8|488|vc|5|2|322|2|322|69.0,37.7739,789.019,2.77878,0.00389851,2.09182e-09,41.9633,37.7739,789.019,2.77878,0.00389851,2.09182e-09,41.9633,False,69.0|322,488
8|488|8|488|vc|6|2|322|2|322|69.0,37.7739,789.019,2.77878,0.00389851,2.09182e-09,41.9633,37.7739,789.019,2.77878,0.00389851,2.09182e-09,41.9633,False,69.0|322,488
8|488|8|488|vc|7|2|322|2|322|69.0,37.7739,789.019,2.77878,0.00389851,2.09182e-09,41.9633,37.7739,789.019,2.77878,0.00389851,2.09182e-09,41.9633,False,69.0|322,488
8|488|8|488|vc|8|2|322|2|322|69.0,37.7739,789.019,2.77878,0.00389851,2.09182e-09,41.9633,37.7739,789.019,2.77878,0.00389851,2.09182e-09,41.9633,False,69.0|322,488
8|152|8|152|sample|8|322|8|322|65.0,-2.15578,792.664,-0.431619,5.84766e-05,5.43552e+17,41.9645,-2.15578,792.664,-0.431619,5.84766e-05,5.43552e+17,41.9645,True,65.0|322,152
8|152|8|152|sample|7|322|7|322|65.0,-2.15578,792.664,-0.431619,5.84766e-05,5.43552e+17,41.9645,-2.15578,792.664,-0.431619,5.84766e-05,5.43552e+17,41.9645,True,65.0|322,152
8|152|8|152|sample|6|322|6|322|65.0,-2.15578,792.664,-0.431619,5.84766e-05,5.43552e+17,41.9645,-2.15578,792.664,-0.431619,5.84766e-05,5.43552e+17,41.9645,True,65.0|322,152
8|152|8|152|sample|5|322|5|322|65.0,-2.15578,792.664,-0.431619,5.84766e-05,5.43552e+17,41.9645,-2.15578,792.664,-0.431619,5.84766e-05,5.43552e+17,41.9645,True,65.0|322,152
8|152|8|152|sample|12|322|12|322|28.0,-0.348096,800.612,-0.651828,0.000482021,5.43552e+17,41.9645,-0.348096,800.612,-0.651828,0.000482021,5.43552e+17,41.9645,True,28.0|322,152
8|152|8|152|sample|11|322|11|322|28.0,-0.348096,800.612,-0.651828,0.000482021,5.43552e+17,41.9645,-0.348096,800.612,-0.651828,0.000482021,5.43552e+17,41.9645,True,28.0|322,152
8|152|8|152|sample|10|322|10|322|28.0,-0.348096,800.612,-0.651828,0.000482021,5.43552e+17,41.9645,-0.348096,800.612,-0.651828,0.000482021,5.43552e+17,41.9645,True,28.0|322,152
8|152|8|152|sample|9|322|9|322|28.0,-0.348096,800.612,-0.651828,0.000482021,5.43552e+17,41.9645,-0.348096,800.612,-0.651828,0.000482021,5.43552e+17,41.9645,True,28.0|322,152
8|152|8|152|sample|3|322|3|322|22.0,-2.55662,786.431,-0.47409,0.000127283,5.43552e+17,41.9645,-2.55662,786.431,-0.47409,0.000127283,5.43552e+17,41.9645,True,22.0|322,152
8|152|8|152|sample|4|322|4|322|22.0,-2.55662,786.431,-0.47409,0.000127283,5.43552e+17,41.9645,-2.55662,786.431,-0.47409,0.000127283,5.43552e+17,41.9645,True,22.0|322,152
8|152|8|152|cc|1|1|322|1|322|69.0,35.7967,789.019,2.77878,0.00389851,5.43552e+17,41.9645,35.7967,789.019,2.77878,0.00389851,5.43552e+17,41.9645,False,69.0|322,152
8|152|8|152|cc|2|1|322|1|322|69.0,35.7967,789.019,2.77878,0.00389851,5.43552e+17,41.9645,35.7967,789.019,2.77878,0.00389851,5.43552e+17,41.9645,False,69.0|322,152
8|152|8|152|cc|3|1|322|1|322|69.0,35.7967,789.019,2.77878,0.00389851,5.43552e+17,41.9645,35.7967,789.019,2.77878,0.00389851,5.43552e+17,41.9645,False,69.0|322,152
8|152|8|152|cc|4|1|322|1|322|69.0,35.7967,789.019,2.77878,0.00389851,5.43552e+17,41.9645,35.7967,789.019,2.77878,0.00389851,5.43552e+17,41.9645,False,69.0|322,152
8|152|8|152|cc|5|1|322|1|322|69.0,35.7967,789.019,2.77878,0.00389851,5.43552e+17,41.9645,35.7967,789.019,2.77878,0.00389851,5.43552e+17,41.9645,False,69.0|322,152
8|152|8|152|cc|6|1|322|1|322|69.0,35.7967,789.019,2.77878,0.00389851,5.43552e+17,41.9645,35.7967,789.019,2.77878,0.00389851,5.43552e+17,41.9645,False,69.0|322,152
8|152|8|152|cc|7|1|322|1|322|69.0,35.7967,789.019,2.77878,0.00389851,5.43552e+17,41.9645,35.7967,789.019,2.77878,0.00389851,5.43552e+17,41.9645,False,69.0|322,152
8|152|8|152|cc|8|1|322|1|322|69.0,35.7967,789.019,2.77878,0.00389851,5.43552e+17,41.9645,35.7967,789.019,2.77878,0.00389851,5.43552e+17,41.9645,False,69.0|322,152
8|152|8|152|vc|1|2|322|2|322|69.0,35.7967,789.019,2.77878,0.00389851,5.43552e+17,41.9645,35.7967,789.019,2.77878,0.00389851,5.43552e+17,41.9645,False,69.0|322,152
8|152|8|152|vc|2|2|322|2|322|69.0,35.7967,789.019,2.77878,0.00389851,5.43552e+17,41.9645,35.7967,789.019,2.77878,0.00389851,5.43552e+17,41.9645,False,69.0|322,152
8|152|8|152|vc|3|2|322|2|322|69.0,35.7967,789.019,2.77878,0.00389851,5.43552e+17,41.9645,35.7967,789.019,2.77878,0.00389851,5.43552e+17,41.9645,False,69.0|322,152
8|152|8|152|vc|4|2|322|2|322|69.0,35.7967,789.019,2.77878,0.00389851,5.43552e+17,41.9645,35.7967,789.019,2.77878,0.00389851,5.43552e+17,41.9645,False,69.0|322,152
8|152|8|152|vc|5|2|322|2|322|69.0,35.7967,789.019,2.77878,0.00389851,5.43552e+17,41.9645,35.7967,789.019,2.77878,0.00389851,5.43552e+17,41.9645,False,69.0|322,152
8|152|8|152|vc|6|2|322|2|322|69.0,35.7967,789.019,2.77878,0.00389851,5.43552e+17,41.9645,35.7967,789.019,2.77878,0.00389851,5.43552e+17,41.9645,False,69.0|322,152
8|152|8|152|vc|7|2|322|2|322|69.0,35.7967,789.019,2.77878,0.00389851,5.43552e+17,41.9645,35.7967,789.019,2.77878,0.00389851,5.43552e+17,41.9645,False,69.0|322,152
8|152|8|152|vc|8|2|322|2|322|69.0,35.7967,789.019,2.77878,0.00389851,5.43552e+17,41.9645,35.7967,789.019,2.77878,0.00389851,5.43552e+17,41.9645,False,69.0|322,152
8|847|8|847|sample|6|69|6|69|55.0,12.5885,800.683,0.0824331,1.05531e+09,2.09177e-09,41.9667,12.5885,800.683,0.0824331,1.05531e+09,2.09177e-09,41.9667,True,55.0|69,847
8|847|8|847|sample|3|69|3|69|55.0,12.5885,800.683,0.0824331,1.05531e+09,2.09177e-09,41.9667,12.5885,800.683,0.0824331,1.05531e+09,2.09177e-09,41.9667,True,55.0|69,847
8|847|8|847|sample|4|69|4|69|55.0,12.5885,800.683,0.0824331,1.05531e+09,2.09177e-09,41.9667,12.5885,800.683,0.0824331,1.05531e+09,2.09177e-09,41.9667,True,55.0|69,847
8|847|8|847|sample|10|69|10|69|32.0,-3.70714,792.393,-0.445283,3.64273e-05,2.09177e-09,41.9667,-3.70714,792.393,-0.445283,3.64273e-05,2.09177e-09,41.9667,True,32.0|69,847
8|847|8|847|sample|9|69|9|69|32.0,-3.70714,792.393,-0.445283,3.64273e-05,2.09177e-09,41.9667,-3.70714,792.393,-0.445283,3.64273e-05,2.09177e-09,41.9667,True,32.0|69,847
8|847|8|847|sample|7|69|7|69|32.0,-3.70714,792.393,-0.445283,3.64273e-05,2.09177e-09,41.9667,-3.70714,792.393,-0.445283,3.64273e-05,2.09177e-09,41.9667,True,32.0|69,847
8|847|8|847|sample|8|69|8|69|32.0,-3.70714,792.393,-0.445283,3.64273e-05,2.09177e-09,41.9667,-3.70714,792.393,-0.445283,3.64273e-05,2.09177e-09,41.9667,True,32.0|69,847
8|847|8|847|sample|12|69|12|69|22.0,-1.94498,791.616,-0.735596,0.00428875,2.09177e-09,41.9667,-1.94498,791.616,-0.735596,0.00428875,2.09177e-09,41.9667,True,22.0|69,847
8|847|8|847|sample|11|69|11|69|22.0,-1.94498,791.616,-0.735596,0.00428875,2.09177e-09,41.9667,-1.94498,791.616,-0.735596,0.00428875,2.09177e-09,41.9667,True,22.0|69,847
8|847|8|847|sample|5|69|5|69|55.0,12.5885,800.683,0.0824331,1.05531e+09,2.09177e-09,41.9667,12.5885,800.683,0.0824331,1.05531e+09,2.09177e-09,41.9667,True,55.0|69,847
8|847|8|847|cc|1|1|69|1|69|69.0,44.5261,787.477,1.87509,0.286419,2.09177e-09,41.9667,44.5261,787.477,1.87509,0.286419,2.09177e-09,41.9667,False,69.0|69,847
8|847|8|847|cc|2|1|69|1|69|69.0,44.5261,787.477,1.87509,0.286419,2.09177e-09,41.9667,44.5261,787.477,1.87509,0.286419,2.09177e-09,41.9667,False,69.0|69,847
8|847|8|847|cc|3|1|69|1|69|69.0,44.5261,787.477,1.87509,0.286419,2.09177e-09,41.9667,44.5261,787.477,1.87509,0.286419,2.09177e-09,41.9667,False,69.0|69,847
8|847|8|847|cc|4|1|69|1|69|69.0,44.5261,787.477,1.87509,0.286419,2.09177e-09,41.9667,44.5261,787.477,1.87509,0.286419,2.09177e-09,41.9667,False,69.0|69,847
8|847|8|847|cc|5|1|69|1|69|69.0,44.5261,787.477,1.87509,0.286419,2.09177e-09,41.9667,44.5261,787.477,1.87509,0.286419,2.09177e-09,41.9667,False,69.0|69,847
8|847|8|847|cc|6|1|69|1|69|69.0,44.5261,787.477,1.87509,0.286419,2.09177e-09,41.9667,44.5261,787.477,1.87509,0.286419,2.09177e-09,41.9667,False,69.0|69,847
8|847|8|847|cc|7|1|69|1|69|69.0,44.5261,787.477,1.87509,0.286419,2.09177e-09,41.9667,44.5261,787.477,1.87509,0.286419,2.09177e-09,41.9667,False,69.0|69,847
8|847|8|847|cc|8|1|69|1|69|69.0,44.5261,787.477,1.87509,0.286419,2.09177e-09,41.9667,44.5261,787.477,1.87509,0.286419,2.09177e-09,41.9667,False,69.0|69,847
8|847|8|847|vc|1|2|69|2|69|69.0,44.5261,787.477,1.87509,0.286419,2.09177e-09,41.9667,44.5261,787.477,1.87509,0.286419,2.09177e-09,41.9667,False,69.0|69,847
8|847|8|847|vc|2|2|69|2|69|69.0,44.5261,787.477,1.87509,0.286419,2.09177e-09,41.9667,44.5261,787.477,1.87509,0.286419,2.09177e-09,41.9667,False,69.0|69,847
8|847|8|847|vc|3|2|69|2|69|69.0,44.5261,787.477,1.87509,0.286419,2.09177e-09,41.9667,44.5261,787.477,1.87509,0.286419,2.09177e-09,41.9667,False,69.0|69,847
8|847|8|847|vc|4|2|69|2|69|69.0,44.5261,787.477,1.87509,0.286419,2.09177e-09,41.9667,44.5261,787.477,1.87509,0.286419,2.09177e-09,41.9667,False,69.0|69,847
8|847|8|847|vc|5|2|69|2|69|69.0,44.5261,787.477,1.87509,0.286419,2.09177e-09,41.9667,44.5261,787.477,1.87509,0.286419,2.09177e-09,41.9667,False,69.0|69,847
8|847|8|847|vc|6|2|69|2|69|69.0,44.5261,787.477,1.87509,0.286419,2.09177e-09,41.9667,44.5261,787.477,1.87509,0.286419,2.09177e-09,41.9667,False,69.0|69,847
8|847|8|847|vc|7|2|69|2|69|69.0,44.5261,787.477,1.87509,0.286419,2.09177e-09,41.9667,44.5261,787.477,1.87509,0.286419,2.09177e-09,41.9667,False,69.0|69,847
8|847|8|847|vc|8|2|69|2|69|69.0,44.5261,787.477,1.87509,0.286419,2.09177e-09,41.9667,44.5261,787.477,1.87509,0.286419,2.09177e-09,41.9667,False,69.0|69,847
8|1241|8|1241|sample|8|69|8|69|65.0,-1.97642,795.192,-0.563956,0.000942903,2.09183e-09,nan,-1.97642,795.192,-0.563956,0.000942903,2.09183e-09,inf,True,65.0|69,1241
8|1241|8|1241|sample|7|69|7|69|65.0,-1.97642,795.192,-0.563956,0.000942903,2.09183e-09,nan,-1.97642,795.192,-0.563956,0.000942903,2.09183e-09,inf,True,65.0|69,1241
8|1241|8|1241|sample|5|69|5|69|65.0,-1.97642,795.192,-0.563956,0.000942903,2.09183e-09,nan,-1.97642,795.192,-0.563956,0.000942903,2.09183e-09,inf,True,65.0|69,1241
8|1241|8|1241|sample|6|69|6|69|65.0,-1.97642,795.192,-0.563956,0.000942903,2.09183e-09,nan,-1.97642,795.192,-0.563956,0.000942903,2.09183e-09,inf,True,65.0|69,1241
8|1241|8|1241|sample|11|69|11|69|28.0,-0.910794,789.678,-0.662685,0.00104316,2.09183e-09,nan,-0.910794,789.678,-0.662685,0.00104316,2.09183e-09,inf,True,28.0|69,1241
8|1241|8|1241|sample|12|69|12|69|28.0,-0.910794,789.678,-0.662685,0.00104316,2.09183e-09,nan,-0.910794,789.678,-0.662685,0.00104316,2.09183e-09,inf,True,28.0|69,1241
8|1241|8|1241|sample|9|69|9|69|28.0,-0.910794,789.678,-0.662685,0.00104316,2.09183e-09,nan,-0.910794,789.678,-0.662685,0.00104316,2.09183e-09,inf,True,28.0|69,1241
8|1241|8|1241|sample|10|69|10|69|28.0,-0.910794,789.678,-0.662685,0.00104316,2.09183e-09,nan,-0.910794,789.678,-0.662685,0.00104316,2.09183e-09,inf,True,28.0|69,1241
8|1241|8|1241|sample|3|69|3|69|22.0,1.01068,791.616,-0.735596,0.00428875,2.09183e-09,nan,1.01068,791.616,-0.735596,0.00428875,2.09183e-09,inf,True,22.0|69,1241
8|1241|8|1241|sample|4|69|4|69|22.0,1.01068,791.616,-0.735596,0.00428875,2.09183e-09,nan,1.01068,791.616,-0.735596,0.00428875,2.09183e-09,inf,True,22.0|69,1241
8|1241|8|1241|sample|3|69|3|69|65.0,-1.97642,795.192,-0.563956,0.000942903,2.09183e-09,nan,-1.97642,795.192,-0.563956,0.000942903,2.09183e-09,inf,True,65.0|69,1241
8|1241|8|1241|sample|8|69|8|69|22.0,1.01068,791.616,-0.735596,0.00428875,2.09183e-09,nan,1.01068,791.616,-0.735596,0.00428875,2.09183e-09,inf,True,22.0|69,1241
8|1241|8|1241|cc|1|1|69|1|69|69.0,47.4818,787.477,1.87509,0.286419,2.09183e-09,nan,47.4818,787.477,1.87509,0.286419,2.09183e-09,inf,False,69.0|69,1241
8|1241|8|1241|cc|2|1|69|1|69|69.0,47.4818,787.477,1.87509,0.286419,2.09183e-09,nan,47.4818,787.477,1.87509,0.286419,2.09183e-09,inf,False,69.0|69,1241
8|1241|8|1241|cc|3|1|69|1|69|69.0,47.4818,787.477,1.87509,0.286419,2.09183e-09,nan,47.4818,787.477,1.87509,0.286419,2.09183e-09,inf,False,69.0|69,1241
8|1241|8|1241|cc|4|1|69|1|69|69.0,47.4818,787.477,1.87509,0.286419,2.09183e-09,nan,47.4818,787.477,1.87509,0.286419,2.09183e-09,inf,False,69.0|69,1241
8|1241|8|1241|cc|5|1|69|1|69|69.0,47.4818,787.477,1.87509,0.286419,2.09183e-09,nan,47.4818,787.477,1.87509,0.286419,2.09183e-09,inf,False,69.0|69,1241
8|1241|8|1241|cc|6|1|69|1|69|69.0,47.4818,787.477,1.87509,0.286419,2.09183e-09,nan,47.4818,787.477,1.87509,0.286419,2.09183e-09,inf,False,69.0|69,1241
8|1241|8|1241|cc|7|1|69|1|69|69.0,47.4818,787.477,1.87509,0.286419,2.09183e-09,nan,47.4818,787.477,1.87509,0.286419,2.09183e-09,inf,False,69.0|69,1241
8|1241|8|1241|cc|8|1|69|1|69|69.0,47.4818,787.477,1.87509,0.286419,2.09183e-09,nan,47.4818,787.477,1.87509,0.286419,2.09183e-09,inf,False,69.0|69,1241
8|1241|8|1241|vc|1|2|69|2|69|69.0,47.4818,787.477,1.87509,0.286419,2.09183e-09,nan,47.4818,787.477,1.87509,0.286419,2.09183e-09,inf,False,69.0|69,1241
8|1241|8|1241|vc|2|2|69|2|69|69.0,47.4818,787.477,1.87509,0.286419,2.09183e-09,nan,47.4818,787.477,1.87509,0.286419,2.09183e-09,inf,False,69.0|69,1241
8|1241|8|1241|vc|3|2|69|2|69|69.0,47.4818,787.477,1.87509,0.286419,2.09183e-09,nan,47.4818,787.477,1.87509,0.286419,2.09183e-09,inf,False,69.0|69,1241
8|1241|8|1241|vc|4|2|69|2|69|69.0,47.4818,787.477,1.87509,0.286419,2.09183e-09,nan,47.4818,787.477,1.87509,0.286419,2.09183e-09,inf,False,69.0|69,1241
8|1241|8|1241|vc|5|2|69|2|69|69.0,47.4818,787.477,1.87509,0.286419,2.09183e-09,nan,47.4818,787.477,1.87509,0.286419,2.09183e-09,inf,False,69.0|69,1241
8|1241|8|1241|vc|6|2|69|2|69|69.0,47.4818,787.477,1.87509,0.286419,2.09183e-09,nan,47.4818,787.477,1.87509,0.286419,2.09183e-09,inf,False,69.0|69,1241
8|1241|8|1241|vc|7|2|69|2|69|69.0,47.4818,787.477,1.87509,0.286419,2.09183e-09,nan,47.4818,787.477,1.87509,0.286419,2.09183e-09,inf,False,69.0|69,1241
8|1241|8|1241|vc|8|2|69|2|69|69.0,47.4818,787.477,1.87509,0.286419,2.09183e-09,nan,47.4818,787.477,1.87509,0.286419,2.09183e-09,inf,False,69.0|69,1241
8|474|8|474|sample|5|276|5|276|55.0,-3.65241,797.407,-0.261932,4.89985e-06,2.09189e-09,41.9638,-3.65241,797.407,-0.261932,4.89985e-06,2.09189e-09,41.9638,True,55.0|276,474
8|474|8|474|sample|6|276|6|276|55.0,-3.65241,797.407,-0.261932,4.89985e-06,2.09189e-09,41.9638,-3.65241,797.407,-0.261932,4.89985e-06,2.09189e-09,41.9638,True,55.0|276,474
8|474|8|474|sample|3|276|3|276|55.0,-3.65241,797.407,-0.261932,4.89985e-06,2.09189e-09,41.9638,-3.65241,797.407,-0.261932,4.89985e-06,2.09189e-09,41.9638,True,55.0|276,474
8|474|8|474|sample|4|276|4|276|55.0,-3.65241,797.407,-0.261932,4.89985e-06,2.09189e-09,41.9638,-3.65241,797.407,-0.261932,4.89985e-06,2.09189e-09,41.9638,True,55.0|276,474
8|474|8|474|sample|9|276|9|276|32.0,-1.07595,790.787,-0.701199,0.000143636,2.09189e-09,41.9638,-1.07595,790.787,-0.701199,0.000143636,2.09189e-09,41.9638,True,32.0|276,474
8|474|8|474|sample|10|276|10|276|32.0,-1.07595,790.787,-0.701199,0.000143636,2.09189e-09,41.9638,-1.07595,790.787,-0.701199,0.000143636,2.09189e-09,41.9638,True,32.0|276,474
8|474|8|474|sample|8|276|8|276|32.0,-1.07595,790.787,-0.701199,0.000143636,2.09189e-09,41.9638,-1.07595,790.787,-0.701199,0.000143636,2.09189e-09,41.9638,True,32.0|276,474
8|474|8|474|sample|7|276|7|276|32.0,-1.07595,790.787,-0.701199,0.000143636,2.09189e-09,41.9638,-1.07595,790.787,-0.701199,0.000143636,2.09189e-09,41.9638,True,32.0|276,474
8|474|8|474|sample|12|276|12|276|22.0,-4.22408,796.764,-0.502558,0.000252533,2.09189e-09,41.9638,-4.22408,796.764,-0.502558,0.000252533,2.09189e-09,41.9638,True,22.0|276,474
8|474|8|474|sample|11|276|11|276|22.0,-4.22408,796.764,-0.502558,0.000252533,2.09189e-09,41.9638,-4.22408,796.764,-0.502558,0.000252533,2.09189e-09,41.9638,True,22.0|276,474
8|474|8|474|cc|1|1|276|1|276|69.0,42.301,787.349,0.865957,0.092054,2.09189e-09,41.9638,42.301,787.349,0.865957,0.092054,2.09189e-09,41.9638,False,69.0|276,474
8|474|8|474|cc|2|1|276|1|276|69.0,42.301,787.349,0.865957,0.092054,2.09189e-09,41.9638,42.301,787.349,0.865957,0.092054,2.09189e-09,41.9638,False,69.0|276,474
8|474|8|474|cc|3|1|276|1|276|69.0,42.301,787.349,0.865957,0.092054,2.09189e-09,41.9638,42.301,787.349,0.865957,0.092054,2.09189e-09,41.9638,False,69.0|276,474
8|474|8|474|cc|4|1|276|1|276|69.0,42.301,787.349,0.865957,0.092054,2.09189e-09,41.9638,42.301,787.349,0.865957,0.092054,2.09189e-09,41.9638,False,69.0|276,474
8|474|8|474|cc|5|1|276|1|276|69.0,42.301,787.349,0.865957,0.092054,2.09189e-09,41.9638,42.301,787.349,0.865957,0.092054,2.09189e-09,41.9638,False,69.0|276,474
8|474|8|474|cc|6|1|276|1|276|69.0,42.301,787.349,0.865957,0.092054,2.09189e-09,41.9638,42.301,787.349,0.865957,0.092054,2.09189e-09,41.9638,False,69.0|276,474
8|474|8|474|cc|7|1|276|1|276|69.0,42.301,787.349,0.865957,0.092054,2.09189e-09,41.9638,42.301,787.349,0.865957,0.092054,2.09189e-09,41.9638,False,69.0|276,474
8|474|8|474|cc|8|1|276|1|276|69.0,42.301,787.349,0.865957,0.092054,2.09189e-09,41.9638,42.301,787.349,0.865957,0.092054,2.09189e-09,41.9638,False,69.0|276,474
8|474|8|474|vc|1|2|276|2|276|69.0,42.301,787.349,0.865957,0.092054,2.09189e-09,41.9638,42.301,787.349,0.865957,0.092054,2.09189e-09,41.9638,False,69.0|276,474
8|474|8|474|vc|2|2|276|2|276|69.0,42.301,787.349,0.865957,0.092054,2.09189e-09,41.9638,42.301,787.349,0.865957,0.092054,2.09189e-09,41.9638,False,69.0|276,474
8|474|8|474|vc|3|2|276|2|276|69.0,42.301,787.349,0.865957,0.092054,2.09189e-09,41.9638,42.301,787.349,0.865957,0.092054,2.09189e-09,41.9638,False,69.0|276,474
8|474|8|474|vc|4|2|276|2|276|69.0,42.301,787.349,0.865957,0.092054,2.09189e-09,41.9638,42.301,787.349,0.865957,0.092054,2.09189e-09,41.9638,False,69.0|276,474
8|474|8|474|vc|5|2|276|2|276|69.0,42.301,787.349,0.865957,0.092054,2.09189e-09,41.9638,42.301,787.349,0.865957,0.092054,2.09189e-09,41.9638,False,69.0|276,474
8|474|8|474|vc|6|2|276|2|276|69.0,42.301,787.349,0.865957,0.092054,2.09189e-09,41.9638,42.301,787.349,0.865957,0.092054,2.09189e-09,41.9638,False,69.0|276,474
8|474|8|474|vc|7|2|276|2|276|69.0,42.301,787.349,0.865957,0.092054,2.09189e-09,41.9638,42.301,787.349,0.865957,0.092054,2.09189e-09,41.9638,False,69.0|276,474
8|474|8|474|vc|8|2|276|2|276|69.0,42.301,787.349,0.865957,0.092054,2.09189e-09,41.9638,42.301,787.349,0.865957,0.092054,2.09189e-09,41.9638,False,69.0|276,474
8|1056|8|1056|sample|8|276|8|276|65.0,-0.982266,788.976,-0.771065,0.00187752,2.09183e-09,41.9645,-0.982266,788.976,-0.771065,0.00187752,2.09183e-09,41.9645,True,65.0|276,1056
8|1056|8|1056|sample|7|276|7|276|65.0,-0.982266,788.976,-0.771065,0.00187752,2.09183e-09,41.9645,-0.982266,788.976,-0.771065,0.00187752,2.09183e-09,41.9645,True,65.0|276,1056
8|1056|8|1056|sample|6|276|6|276|65.0,-0.982266,788.976,-0.771065,0.00187752,2.09183e-09,41.9645,-0.982266,788.976,-0.771065,0.00187752,2.09183e-09,41.9645,True,65.0|276,1056
8|1056|8|1056|sample|5|276|5|276|65.0,-0.982266,788.976,-0.771065,0.00187752,2.09183e-09,41.9645,-0.982266,788.976,-0.771065,0.00187752,2.09183e-09,41.9645,True,65.0|276,1056
8|1056|8|1056|sample|12|276|12|276|28.0,-0.47579,794.799,-0.814379,0.000957439,2.09183e-09,41.9645,-0.47579,794.799,-0.814379,0.000957439,2.09183e-09,41.9645,True,28.0|276,1056
8|1056|8|1056|sample|11|276|11|276|28.0,-0.47579,794.799,-0.814379,0.000957439,2.09183e-09,41.9645,-0.47579,794.799,-0.814379,0.000957439,2.09183e-09,41.9645,True,28.0|276,1056
8|1056|8|1056|sample|10|276|10|276|28.0,-0.47579,794.799,-0.814379,0.000957439,2.09183e-09,41.9645,-0.47579,794.799,-0.814379,0.000957439,2.09183e-09,41.9645,True,28.0|276,1056
8|1056|8|1056|sample|9|276|9|276|28.0,-0.47579,794.799,-0.814379,0.000957439,2.09183e-09,41.9645,-0.47579,794.799,-0.814379,0.000957439,2.09183e-09,41.9645,True,28.0|276,1056
8|1056|8|1056|sample|4|276|4|276|22.0,-6.95501,796.764,-0.502558,0.000252533,2.09183e-09,41.9645,-6.95501,796.764,-0.502558,0.000252533,2.09183e-09,41.9645,True,22.0|276,1056
8|1056|8|1056|sample|3|276|3|276|22.0,-6.95501,796.764,-0.502558,0.000252533,2.09183e-09,41.9645,-6.95501,796.764,-0.502558,0.000252533,2.09183e-09,41.9645,True,22.0|276,1056
8|1056|8|1056|cc|1|1|276|1|276|69.0,39.57,787.349,0.865957,0.092054,2.09183e-09,41.9645,39.57,787.349,0.865957,0.092054,2.09183e-09,41.9645,False,69.0|276,1056
8|1056|8|1056|cc|2|1|276|1|276|69.0,39.57,787.349,0.865957,0.092054,2.09183e-09,41.9645,39.57,787.349,0.865957,0.092054,2.09183e-09,41.9645,False,69.0|276,1056
8|1056|8|1056|cc|3|1|276|1|276|69.0,39.57,787.349,0.865957,0.092054,2.09183e-09,41.9645,39.57,787.349,0.865957,0.092054,2.09183e-09,41.9645,False,69.0|276,1056
8|1056|8|1056|cc|4|1|276|1|276|69.0,39.57,787.349,0.865957,0.092054,2.09183e-09,41.9645,39.57,787.349,0.865957,0.092054,2.09183e-09,41.9645,False,69.0|276,1056
8|1056|8|1056|cc|5|1|276|1|276|69.0,39.57,787.349,0.865957,0.092054,2.09183e-09,41.9645,39.57,787.349,0.865957,0.092054,2.09183e-09,41.9645,False,69.0|276,1056
8|1056|8|1056|cc|6|1|276|1|276|69.0,39.57,787.349,0.865957,0.092054,2.09183e-09,41.9645,39.57,787.349,0.865957,0.092054,2.09183e-09,41.9645,False,69.0|276,1056
8|1056|8|1056|cc|7|1|276|1|276|69.0,39.57,787.349,0.865957,0.092054,2.09183e-09,41.9645,39.57,787.349,0.865957,0.092054,2.09183e-09,41.9645,False,69.0|276,1056
8|1056|8|1056|cc|8|1|276|1|276|69.0,39.57,787.349,0.865957,0.092054,2.09183e-09,41.9645,39.57,787.349,0.865957,0.092054,2.09183e-09,41.9645,False,69.0|276,1056
8|1056|8|1056|vc|1|2|276|2|276|69.0,39.57,787.349,0.865957,0.092054,2.09183e-09,41.9645,39.57,787.349,0.865957,0.092054,2.09183e-09,41.9645,False,69.0|276,1056
8|1056|8|1056|vc|2|2|276|2|276|69.0,39.57,787.349,0.865957,0.092054,2.09183e-09,41.9645,39.57,787.349,0.865957,0.092054,2.09183e-09,41.9645,False,69.0|276,1056
8|1056|8|1056|vc|3|2|276|2|276|69.0,39.57,787.349,0.865957,0.092054,2.09183e-09,41.9645,39.57,787.349,0.865957,0.092054,2.09183e-09,41.9645,False,69.0|276,1056
8|1056|8|1056|vc|4|2|276|2|276|69.0,39.57,787.349,0.865957,0.092054,2.09183e-09,41.9645,39.57,787.349,0.865957,0.092054,2.09183e-09,41.9645,False,69.0|276,1056
8|1056|8|1056|vc|5|2|276|2|276|69.0,39.57,787.349,0.865957,0.092054,2.09183e-09,41.9645,39.57,787.349,0.865957,0.092054,2.09183e-09,41.9645,False,69.0|276,1056
8|1056|8|1056|vc|6|2|276|2|276|69.0,39.57,787.349,0.865957,0.092054,2.09183e-09,41.9645,39.57,787.349,0.865957,0.092054,2.09183e-09,41.9645,False,69.0|276,1056
8|1056|8|1056|vc|7|2|276|2|276|69.0,39.57,787.349,0.865957,0.092054,2.09183e-09,41.9645,39.57,787.349,0.865957,0.092054,2.09183e-09,41.9645,False,69.0|276,1056
8|1056|8|1056|vc|8|2|276|2|276|69.0,39.57,787.349,0.865957,0.092054,2.09183e-09,41.9645,39.57,787.349,0.865957,0.092054,2.09183e-09,41.9645,False,69.0|276,1056
8|462|8|462|sample|6|292|6|292|55.0,5.72616,790.671,0.0907807,1.7877e+08,2.09183e-09,41.9645,5.72616,790.671,0.0907807,1.7877e+08,2.09183e-09,41.9645,True,55.0|292,462
8|462|8|462|sample|5|292|5|292|55.0,5.72616,790.671,0.0907807,1.7877e+08,2.09183e-09,41.9645,5.72616,790.671,0.0907807,1.7877e+08,2.09183e-09,41.9645,True,55.0|292,462
8|462|8|462|sample|4|292|4|292|55.0,5.72616,790.671,0.0907807,1.7877e+08,2.09183e-09,41.9645,5.72616,790.671,0.0907807,1.7877e+08,2.09183e-09,41.9645,True,55.0|292,462
8|462|8|462|sample|3|292|3|292|55.0,5.72616,790.671,0.0907807,1.7877e+08,2.09183e-09,41.9645,5.72616,790.671,0.0907807,1.7877e+08,2.09183e-09,41.9645,True,55.0|292,462
8|462|8|462|sample|9|292|9|292|32.0,-0.219488,791.103,-0.980318,0.000789783,2.09183e-09,41.9645,-0.219488,791.103,-0.980318,0.000789783,2.09183e-09,41.9645,True,32.0|292,462
8|462|8|462|sample|10|292|10|292|32.0,-0.219488,791.103,-0.980318,0.000789783,2.09183e-09,41.9645,-0.219488,791.103,-0.980318,0.000789783,2.09183e-09,41.9645,True,32.0|292,462
8|462|8|462|sample|7|292|7|292|32.0,-0.219488,791.103,-0.980318,0.000789783,2.09183e-09,41.9645,-0.219488,791.103,-0.980318,0.000789783,2.09183e-09,41.9645,True,32.0|292,462
8|462|8|462|sample|8|292|8|292|32.0,-0.219488,791.103,-0.980318,0.000789783,2.09183e-09,41.9645,-0.219488,791.103,-0.980318,0.000789783,2.09183e-09,41.9645,True,32.0|292,462
8|462|8|462|sample|11|292|11|292|22.0,-1.84621,793.556,-0.609709,0.00146546,2.09183e-09,41.9645,-1.84621,793.556,-0.609709,0.00146546,2.09183e-09,41.9645,True,22.0|292,462
8|462|8|462|sample|12|292|12|292|22.0,-1.84621,793.556,-0.609709,0.00146546,2.09183e-09,41.9645,-1.84621,793.556,-0.609709,0.00146546,2.09183e-09,41.9645,True,22.0|292,462
8|462|8|462|cc|1|1|292|1|292|69.0,46.5319,790.195,-1.12591,0.828709,2.09183e-09,41.9645,46.5319,790.195,-1.12591,0.828709,2.09183e-09,41.9645,False,69.0|292,462
8|462|8|462|cc|2|1|292|1|292|69.0,46.5319,790.195,-1.12591,0.828709,2.09183e-09,41.9645,46.5319,790.195,-1.12591,0.828709,2.09183e-09,41.9645,False,69.0|292,462
8|462|8|462|cc|3|1|292|1|292|69.0,46.5319,790.195,-1.12591,0.828709,2.09183e-09,41.9645,46.5319,790.195,-1.12591,0.828709,2.09183e-09,41.9645,False,69.0|292,462
8|462|8|462|cc|4|1|292|1|292|69.0,46.5319,790.195,-1.12591,0.828709,2.09183e-09,41.9645,46.5319,790.195,-1.12591,0.828709,2.09183e-09,41.9645,False,69.0|292,462
8|462|8|462|cc|5|1|292|1|292|69.0,46.5319,790.195,-1.12591,0.828709,2.09183e-09,41.9645,46.5319,790.195,-1.12591,0.828709,2.09183e-09,41.9645,False,69.0|292,462
8|462|8|462|cc|6|1|292|1|292|69.0,46.5319,790.195,-1.12591,0.828709,2.09183e-09,41.9645,46.5319,790.195,-1.12591,0.828709,2.09183e-09,41.9645,False,69.0|292,462
8|462|8|462|cc|7|1|292|1|292|69.0,46.5319,790.195,-1.12591,0.828709,2.09183e-09,41.9645,46.5319,790.195,-1.12591,0.828709,2.09183e-09,41.9645,False,69.0|292,462
8|462|8|462|cc|8|1|292|1|292|69.0,46.5319,790.195,-1.12591,0.828709,2.09183e-09,41.9645,46.5319,790.195,-1.12591,0.828709,2.09183e-09,41.9645,False,69.0|292,462
8|462|8|462|vc|1|2|292|2|292|69.0,46.5319,790.195,-1.12591,0.828709,2.09183e-09,41.9645,46.5319,790.195,-1.12591,0.828709,2.09183e-09,41.9645,False,69.0|292,462
8|462|8|462|vc|2|2|292|2|292|69.0,46.5319,790.195,-1.12591,0.828709,2.09183e-09,41.9645,46.5319,790.195,-1.12591,0.828709,2.09183e-09,41.9645,False,69.0|292,462
8|462|8|462|vc|3|2|292|2|292|69.0,46.5319,790.195,-1.12591,0.828709,2.09183e-09,41.9645,46.5319,790.195,-1.12591,0.828709,2.09183e-09,41.9645,False,69.0|292,462
8|462|8|462|vc|4|2|292|2|292|69.0,46.5319,790.195,-1.12591,0.828709,2.09183e-09,41.9645,46.5319,790.195,-1.12591,0.828709,2.09183e-09,41.9645,False,69.0|292,462
8|462|8|462|vc|5|2|292|2|292|69.0,46.5319,790.195,-1.12591,0.828709,2.09183e-09,41.9645,46.5319,790.195,-1.12591,0.828709,2.09183e-09,41.9645,False,69.0|292,462
8|462|8|462|vc|6|2|292|2|292|69.0,46.5319,790.195,-1.12591,0.828709,2.09183e-09,41.9645,46.5319,790.195,-1.12591,0.828709,2.09183e-09,41.9645,False,69.0|292,462
8|462|8|462|vc|7|2|292|2|292|69.0,46.5319,790.195,-1.12591,0.828709,2.09183e-09,41.9645,46.5319,790.195,-1.12591,0.828709,2.09183e-09,41.9645,False,69.0|292,462
8|462|8|462|vc|8|2|292|2|292|69.0,46.5319,790.195,-1.12591,0.828709,2.09183e-09,41.9645,46.5319,790.195,-1.12591,0.828709,2.09183e-09,41.9645,False,69.0|292,462
8|1159|8|1159|sample|8|292|8|292|65.0,-1.01962,790.03,-0.675673,0.00217771,2.09183e-09,41.9695,-1.01962,790.03,-0.675673,0.00217771,2.09183e-09,41.9695,True,65.0|292,1159
8|1159|8|1159|sample|7|292|7|292|65.0,-1.01962,790.03,-0.675673,0.00217771,2.09183e-09,41.9695,-1.01962,790.03,-0.675673,0.00217771,2.09183e-09,41.9695,True,65.0|292,1159
8|1159|8|1159|sample|5|292|5|292|65.0,-1.01962,790.03,-0.675673,0.00217771,2.09183e-09,41.9695,-1.01962,790.03,-0.675673,0.00217771,2.09183e-09,41.9695,True,65.0|292,1159
8|1159|8|1159|sample|6|292|6|292|65.0,-1.01962,790.03,-0.675673,0.00217771,2.09183e-09,41.9695,-1.01962,790.03,-0.675673,0.00217771,2.09183e-09,41.9695,True,65.0|292,1159
8|1159|8|1159|sample|11|292|11|292|28.0,-0.317423,787.478,-0.993595,0.00337449,2.09183e-09,41.9695,-0.317423,787.478,-0.993595,0.00337449,2.09183e-09,41.9695,True,28.0|292,1159
8|1159|8|1159|sample|12|292|12|292|28.0,-0.317423,787.478,-0.993595,0.00337449,2.09183e-09,41.9695,-0.317423,787.478,-0.993595,0.00337449,2.09183e-09,41.9695,True,28.0|292,1159
8|1159|8|1159|sample|9|292|9|292|28.0,-0.317423,787.478,-0.993595,0.00337449,2.09183e-09,41.9695,-0.317423,787.478,-0.993595,0.00337449,2.09183e-09,41.9695,True,28.0|292,1159
8|1159|8|1159|sample|10|292|10|292|28.0,-0.317423,787.478,-0.993595,0.00337449,2.09183e-09,41.9695,-0.317423,787.478,-0.993595,0.00337449,2.09183e-09,41.9695,True,28.0|292,1159
8|1159|8|1159|sample|4|292|4|292|22.0,-2.73974,793.556,-0.609709,0.00146546,2.09183e-09,41.9695,-2.73974,793.556,-0.609709,0.00146546,2.09183e-09,41.9695,True,22.0|292,1159
8|1159|8|1159|sample|3|292|3|292|22.0,-2.73974,793.556,-0.609709,0.00146546,2.09183e-09,41.9695,-2.73974,793.556,-0.609709,0.00146546,2.09183e-09,41.9695,True,22.0|292,1159
8|1159|8|1159|cc|1|1|292|1|292|69.0,45.6383,790.195,-1.12591,0.828709,2.09183e-09,41.9695,45.6383,790.195,-1.12591,0.828709,2.09183e-09,41.9695,False,69.0|292,1159
8|1159|8|1159|cc|2|1|292|1|292|69.0,45.6383,790.195,-1.12591,0.828709,2.09183e-09,41.9695,45.6383,790.195,-1.12591,0.828709,2.09183e-09,41.9695,False,69.0|292,1159
8|1159|8|1159|cc|3|1|292|1|292|69.0,45.6383,790.195,-1.12591,0.828709,2.09183e-09,41.9695,45.6383,790.195,-1.12591,0.828709,2.09183e-09,41.9695,False,69.0|292,1159
8|1159|8|1159|cc|4|1|292|1|292|69.0,45.6383,790.195,-1.12591,0.828709,2.09183e-09,41.9695,45.6383,790.195,-1.12591,0.828709,2.09183e-09,41.9695,False,69.0|292,1159
8|1159|8|1159|cc|5|1|292|1|292|69.0,45.6383,790.195,-1.12591,0.828709,2.09183e-09,41.9695,45.6383,790.195,-1.12591,0.828709,2.09183e-09,41.9695,False,69.0|292,1159
8|1159|8|1159|cc|6|1|292|1|292|69.0,45.6383,790.195,-1.12591,0.828709,2.09183e-09,41.9695,45.6383,790.195,-1.12591,0.828709,2.09183e-09,41.9695,False,69.0|292,1159
8|1159|8|1159|cc|7|1|292|1|292|69.0,45.6383,790.195,-1.12591,0.828709,2.09183e-09,41.9695,45.6383,790.195,-1.12591,0.828709,2.09183e-09,41.9695,False,69.0|292,1159
8|1159|8|1159|cc|8|1|292|1|292|69.0,45.6383,790.195,-1.12591,0.828709,2.09183e-09,41.9695,45.6383,790.195,-1.12591,0.828709,2.09183e-09,41.9695,False,69.0|292,1159
8|1159|8|1159|vc|1|2|292|2|292|69.0,45.6383,790.195,-1.12591,0.828709,2.09183e-09,41.9695,45.6383,790.195,-1.12591,0.828709,2.09183e-09,41.9695,False,69.0|292,1159
8|1159|8|1159|vc|2|2|292|2|292|69.0,45.6383,790.195,-1.12591,0.828709,2.09183e-09,41.9695,45.6383,790.195,-1.12591,0.828709,2.09183e-09,41.9695,False,69.0|292,1159
8|1159|8|1159|vc|3|2|292|2|292|69.0,45.6383,790.195,-1.12591,0.828709,2.09183e-09,41.9695,45.6383,790.195,-1.12591,0.828709,2.09183e-09,41.9695,False,69.0|292,1159
8|1159|8|1159|vc|4|2|292|2|292|69.0,45.6383,790.195,-1.12591,0.828709,2.09183e-09,41.9695,45.6383,790.195,-1.12591,0.828709,2.09183e-09,41.9695,False,69.0|292,1159
8|1159|8|1159|vc|5|2|292|2|292|69.0,45.6383,790.195,-1.12591,0.828709,2.09183e-09,41.9695,45.6383,790.195,-1.12591,0.828709,2.09183e-09,41.9695,False,69.0|292,1159
8|1159|8|1159|vc|6|2|292|2|292|69.0,45.6383,790.195,-1.12591,0.828709,2.09183e-09,41.9695,45.6383,790.195,-1.12591,0.828709,2.09183e-09,41.9695,False,69.0|292,1159
8|1159|8|1159|vc|7|2|292|2|292|69.0,45.6383,790.195,-1.12591,0.828709,2.09183e-09,41.9695,45.6383,790.195,-1.12591,0.828709,2.09183e-09,41.9695,False,69.0|292,1159
8|1159|8|1159|vc|8|2|292|2|292|69.0,45.6383,790.195,-1.12591,0.828709,2.09183e-09,41.9695,45.6383,790.195,-1.12591,0.828709,2.09183e-09,41.9695,False,69.0|292,1159
8|75|8|75|sample|6|65|6|65|55.0,-6.00895,790.699,-2.54705,5.3217e-08,2.09183e-09,41.9645,-6.00895,790.699,-2.54705,5.3217e-08,2.09183e-09,41.9645,True,55.0|65,75
8|75|8|75|sample|5|65|5|65|55.0,-6.00895,790.699,-2.54705,5.3217e-08,2.09183e-09,41.9645,-6.00895,790.699,-2.54705,5.3217e-08,2.09183e-09,41.9645,True,55.0|65,75
8|75|8|75|sample|3|65|3|65|55.0,-6.00895,790.699,-2.54705,5.3217e-08,2.09183e-09,41.9645,-6.00895,790.699,-2.54705,5.3217e-08,2.09183e-09,41.9645,True,55.0|65,75
8|75|8|75|sample|4|65|4|65|55.0,-6.00895,790.699,-2.54705,5.3217e-08,2.09183e-09,41.9645,-6.00895,790.699,-2.54705,5.3217e-08,2.09183e-09,41.9645,True,55.0|65,75
8|75|8|75|sample|9|65|9|65|32.0,-7.94393,792.005,1.23765,1076.3,2.09183e-09,41.9645,-7.94393,792.005,1.23765,1076.3,2.09183e-09,41.9645,True,32.0|65,75
8|75|8|75|sample|10|65|10|65|32.0,-7.94393,792.005,1.23765,1076.3,2.09183e-09,41.9645,-7.94393,792.005,1.23765,1076.3,2.09183e-09,41.9645,True,32.0|65,75
8|75|8|75|sample|7|65|7|65|32.0,-7.94393,792.005,1.23765,1076.3,2.09183e-09,41.9645,-7.94393,792.005,1.23765,1076.3,2.09183e-09,41.9645,True,32.0|65,75
8|75|8|75|sample|8|65|8|65|32.0,-7.94393,792.005,1.23765,1076.3,2.09183e-09,41.9645,-7.94393,792.005,1.23765,1076.3,2.09183e-09,41.9645,True,32.0|65,75
8|75|8|75|sample|12|65|12|65|22.0,-6.17915,794.671,2.23864,1.84765e+09,2.09183e-09,41.9645,-6.17915,794.671,2.23864,1.84765e+09,2.09183e-09,41.9645,True,22.0|65,75
8|75|8|75|sample|11|65|11|65|22.0,-6.17915,794.671,2.23864,1.84765e+09,2.09183e-09,41.9645,-6.17915,794.671,2.23864,1.84765e+09,2.09183e-09,41.9645,True,22.0|65,75
8|75|8|75|cc|1|1|65|1|65|69.0,10.5298,787.213,3.11633,3.38638,2.09183e-09,41.9645,10.5298,787.213,3.11633,3.38638,2.09183e-09,41.9645,False,69.0|65,75
8|75|8|75|cc|2|1|65|1|65|69.0,10.5298,787.213,3.11633,3.38638,2.09183e-09,41.9645,10.5298,787.213,3.11633,3.38638,2.09183e-09,41.9645,False,69.0|65,75
8|75|8|75|cc|3|1|65|1|65|69.0,10.5298,787.213,3.11633,3.38638,2.09183e-09,41.9645,10.5298,787.213,3.11633,3.38638,2.09183e-09,41.9645,False,69.0|65,75
8|75|8|75|cc|4|1|65|1|65|69.0,10.5298,787.213,3.11633,3.38638,2.09183e-09,41.9645,10.5298,787.213,3.11633,3.38638,2.09183e-09,41.9645,False,69.0|65,75
8|75|8|75|cc|5|1|65|1|65|69.0,10.5298,787.213,3.11633,3.38638,2.09183e-09,41.9645,10.5298,787.213,3.11633,3.38638,2.09183e-09,41.9645,False,69.0|65,75
8|75|8|75|cc|6|1|65|1|65|69.0,10.5298,787.213,3.11633,3.38638,2.09183e-09,41.9645,10.5298,787.213,3.11633,3.38638,2.09183e-09,41.9645,False,69.0|65,75
8|75|8|75|cc|7|1|65|1|65|69.0,10.5298,787.213,3.11633,3.38638,2.09183e-09,41.9645,10.5298,787.213,3.11633,3.38638,2.09183e-09,41.9645,False,69.0|65,75
8|75|8|75|cc|8|1|65|1|65|69.0,10.5298,787.213,3.11633,3.38638,2.09183e-09,41.9645,10.5298,787.213,3.11633,3.38638,2.09183e-09,41.9645,False,69.0|65,75
8|75|8|75|vc|1|2|65|2|65|69.0,10.5298,787.213,3.11633,3.38638,2.09183e-09,41.9645,10.5298,787.213,3.11633,3.38638,2.09183e-09,41.9645,False,69.0|65,75
8|75|8|75|vc|2|2|65|2|65|69.0,10.5298,787.213,3.11633,3.38638,2.09183e-09,41.9645,10.5298,787.213,3.11633,3.38638,2.09183e-09,41.9645,False,69.0|65,75
8|75|8|75|vc|3|2|65|2|65|69.0,10.5298,787.213,3.11633,3.38638,2.09183e-09,41.9645,10.5298,787.213,3.11633,3.38638,2.09183e-09,41.9645,False,69.0|65,75
8|75|8|75|vc|4|2|65|2|65|69.0,10.5298,787.213,3.11633,3.38638,2.09183e-09,41.9645,10.5298,787.213,3.11633,3.38638,2.09183e-09,41.9645,False,69.0|65,75
8|75|8|75|vc|5|2|65|2|65|69.0,10.5298,787.213,3.11633,3.38638,2.09183e-09,41.9645,10.5298,787.213,3.11633,3.38638,2.09183e-09,41.9645,False,69.0|65,75
8|75|8|75|vc|6|2|65|2|65|69.0,10.5298,787.213,3.11633,3.38638,2.09183e-09,41.9645,10.5298,787.213,3.11633,3.38638,2.09183e-09,41.9645,False,69.0|65,75
8|75|8|75|vc|7|2|65|2|65|69.0,10.5298,787.213,3.11633,3.38638,2.09183e-09,41.9645,10.5298,787.213,3.11633,3.38638,2.09183e-09,41.9645,False,69.0|65,75
8|75|8|75|vc|8|2|65|2|65|69.0,10.5298,787.213,3.11633,3.38638,2.09183e-09,41.9645,10.5298,787.213,3.11633,3.38638,2.09183e-09,41.9645,False,69.0|65,75
8|1017|8|1017|sample|7|65|7|65|65.0,4.7535,788.15,4.65172,605025,2.09183e-09,41.9645,4.7535,788.15,4.65172,605025,2.09183e-09,41.9645,True,65.0|65,1017
8|1017|8|1017|sample|8|65|8|65|65.0,4.7535,788.15,4.65172,605025,2.09183e-09,41.9645,4.7535,788.15,4.65172,605025,2.09183e-09,41.9645,True,65.0|65,1017
8|1017|8|1017|sample|5|65|5|65|65.0,4.7535,788.15,4.65172,605025,2.09183e-09,41.9645,4.7535,788.15,4.65172,605025,2.09183e-09,41.9645,True,65.0|65,1017
8|1017|8|1017|sample|6|65|6|65|65.0,4.7535,788.15,4.65172,605025,2.09183e-09,41.9645,4.7535,788.15,4.65172,605025,2.09183e-09,41.9645,True,65.0|65,1017
8|1017|8|1017|sample|12|65|12|65|28.0,5.24901,793.298,4.88588,2.67755e+09,2.09183e-09,41.9645,5.24901,793.298,4.88588,2.67755e+09,2.09183e-09,41.9645,True,28.0|65,1017
8|1017|8|1017|sample|11|65|11|65|28.0,5.24901,793.298,4.88588,2.67755e+09,2.09183e-09,41.9645,5.24901,793.298,4.88588,2.67755e+09,2.09183e-09,41.9645,True,28.0|65,1017
8|1017|8|1017|sample|8|65|8|65|28.0,5.24901,793.298,4.88588,2.67755e+09,2.09183e-09,41.9645,5.24901,793.298,4.88588,2.67755e+09,2.09183e-09,41.9645,True,28.0|65,1017
8|1017|8|1017|sample|10|65|10|65|28.0,5.24901,793.298,4.88588,2.67755e+09,2.09183e-09,41.9645,5.24901,793.298,4.88588,2.67755e+09,2.09183e-09,41.9645,True,28.0|65,1017
8|1017|8|1017|sample|9|65|9|65|28.0,5.24901,793.298,4.88588,2.67755e+09,2.09183e-09,41.9645,5.24901,793.298,4.88588,2.67755e+09,2.09183e-09,41.9645,True,28.0|65,1017
8|1017|8|1017|sample|4|65|4|65|22.0,-7.02876,794.671,2.23864,1.84765e+09,2.09183e-09,41.9645,-7.02876,794.671,2.23864,1.84765e+09,2.09183e-09,41.9645,True,22.0|65,1017
8|1017|8|1017|sample|3|65|3|65|22.0,-7.02876,794.671,2.23864,1.84765e+09,2.09183e-09,41.9645,-7.02876,794.671,2.23864,1.84765e+09,2.09183e-09,41.9645,True,22.0|65,1017
8|1017|8|1017|sample|3|65|3|65|65.0,4.7535,788.15,4.65172,605025,2.09183e-09,41.9645,4.7535,788.15,4.65172,605025,2.09183e-09,41.9645,True,65.0|65,1017
8|1017|8|1017|sample|11|65|11|65|65.0,4.7535,788.15,4.65172,605025,2.09183e-09,41.9645,4.7535,788.15,4.65172,605025,2.09183e-09,41.9645,True,65.0|65,1017
8|1017|8|1017|sample|8|65|8|65|22.0,-7.02876,794.671,2.23864,1.84765e+09,2.09183e-09,41.9645,-7.02876,794.671,2.23864,1.84765e+09,2.09183e-09,41.9645,True,22.0|65,1017
8|1017|8|1017|cc|1|1|65|1|65|69.0,9.68015,787.213,3.11633,3.38638,2.09183e-09,41.9645,9.68015,787.213,3.11633,3.38638,2.09183e-09,41.9645,False,69.0|65,1017
8|1017|8|1017|cc|2|1|65|1|65|69.0,9.68015,787.213,3.11633,3.38638,2.09183e-09,41.9645,9.68015,787.213,3.11633,3.38638,2.09183e-09,41.9645,False,69.0|65,1017
8|1017|8|1017|cc|3|1|65|1|65|69.0,9.68015,787.213,3.11633,3.38638,2.09183e-09,41.9645,9.68015,787.213,3.11633,3.38638,2.09183e-09,41.9645,False,69.0|65,1017
8|1017|8|1017|cc|4|1|65|1|65|69.0,9.68015,787.213,3.11633,3.38638,2.09183e-09,41.9645,9.68015,787.213,3.11633,3.38638,2.09183e-09,41.9645,False,69.0|65,1017
8|1017|8|1017|cc|5|1|65|1|65|69.0,9.68015,787.213,3.11633,3.38638,2.09183e-09,41.9645,9.68015,787.213,3.11633,3.38638,2.09183e-09,41.9645,False,69.0|65,1017
8|1017|8|1017|cc|6|1|65|1|65|69.0,9.68015,787.213,3.11633,3.38638,2.09183e-09,41.9645,9.68015,787.213,3.11633,3.38638,2.09183e-09,41.9645,False,69.0|65,1017
8|1017|8|1017|cc|7|1|65|1|65|69.0,9.68015,787.213,3.11633,3.38638,2.09183e-09,41.9645,9.68015,787.213,3.11633,3.38638,2.09183e-09,41.9645,False,69.0|65,1017
8|1017|8|1017|cc|8|1|65|1|65|69.0,9.68015,787.213,3.11633,3.38638,2.09183e-09,41.9645,9.68015,787.213,3.11633,3.38638,2.09183e-09,41.9645,False,69.0|65,1017
8|1017|8|1017|vc|1|2|65|2|65|69.0,9.68015,787.213,3.11633,3.38638,2.09183e-09,41.9645,9.68015,787.213,3.11633,3.38638,2.09183e-09,41.9645,False,69.0|65,1017
8|1017|8|1017|vc|2|2|65|2|65|69.0,9.68015,787.213,3.11633,3.38638,2.09183e-09,41.9645,9.68015,787.213,3.11633,3.38638,2.09183e-09,41.9645,False,69.0|65,1017
8|1017|8|1017|vc|3|2|65|2|65|69.0,9.68015,787.213,3.11633,3.38638,2.09183e-09,41.9645,9.68015,787.213,3.11633,3.38638,2.09183e-09,41.9645,False,69.0|65,1017
8|1017|8|1017|vc|4|2|65|2|65|69.0,9.68015,787.213,3.11633,3.38638,2.09183e-09,41.9645,9.68015,787.213,3.11633,3.38638,2.09183e-09,41.9645,False,69.0|65,1017
8|1017|8|1017|vc|5|2|65|2|65|69.0,9.68015,787.213,3.11633,3.38638,2.09183e-09,41.9645,9.68015,787.213,3.11633,3.38638,2.09183e-09,41.9645,False,69.0|65,1017
8|1017|8|1017|vc|6|2|65|2|65|69.0,9.68015,787.213,3.11633,3.38638,2.09183e-09,41.9645,9.68015,787.213,3.11633,3.38638,2.09183e-09,41.9645,False,69.0|65,1017
8|1017|8|1017|vc|7|2|65|2|65|69.0,9.68015,787.213,3.11633,3.38638,2.09183e-09,41.9645,9.68015,787.213,3.11633,3.38638,2.09183e-09,41.9645,False,69.0|65,1017
8|1017|8|1017|vc|8|2|65|2|65|69.0,9.68015,787.213,3.11633,3.38638,2.09183e-09,41.9645,9.68015,787.213,3.11633,3.38638,2.09183e-09,41.9645,False,69.0|65,1017
8|291|8|291|sample|6|103|6|103|55.0,-3.17291,787.851,-0.410189,9.6325e-05,2.09188e-09,41.9645,-3.17291,787.851,-0.410189,9.6325e-05,2.09188e-09,41.9645,True,55.0|103,291
8|291|8|291|sample|5|103|5|103|55.0,-3.17291,787.851,-0.410189,9.6325e-05,2.09188e-09,41.9645,-3.17291,787.851,-0.410189,9.6325e-05,2.09188e-09,41.9645,True,55.0|103,291
8|291|8|291|sample|4|103|4|103|55.0,-3.17291,787.851,-0.410189,9.6325e-05,2.09188e-09,41.9645,-3.17291,787.851,-0.410189,9.6325e-05,2.09188e-09,41.9645,True,55.0|103,291
8|291|8|291|sample|3|103|3|103|55.0,-3.17291,787.851,-0.410189,9.6325e-05,2.09188e-09,41.9645,-3.17291,787.851,-0.410189,9.6325e-05,2.09188e-09,41.9645,True,55.0|103,291
8|291|8|291|sample|9|103|9|103|32.0,-1.40913,797.9,-0.803505,0.000373466,2.09188e-09,41.9645,-1.40913,797.9,-0.803505,0.000373466,2.09188e-09,41.9645,True,32.0|103,291
8|291|8|291|sample|10|103|10|103|32.0,-1.40913,797.9,-0.803505,0.000373466,2.09188e-09,41.9645,-1.40913,797.9,-0.803505,0.000373466,2.09188e-09,41.9645,True,32.0|103,291
8|291|8|291|sample|8|103|8|103|32.0,-1.40913,797.9,-0.803505,0.000373466,2.09188e-09,41.9645,-1.40913,797.9,-0.803505,0.000373466,2.09188e-09,41.9645,True,32.0|103,291
8|291|8|291|sample|7|103|7|103|32.0,-1.40913,797.9,-0.803505,0.000373466,2.09188e-09,41.9645,-1.40913,797.9,-0.803505,0.000373466,2.09188e-09,41.9645,True,32.0|103,291
8|291|8|291|sample|11|103|11|103|22.0,-0.796715,795.718,-0.688516,0.000144177,2.09188e-09,41.9645,-0.796715,795.718,-0.688516,0.000144177,2.09188e-09,41.9645,True,22.0|103,291
8|291|8|291|sample|12|103|12|103|22.0,-0.796715,795.718,-0.688516,0.000144177,2.09188e-09,41.9645,-0.796715,795.718,-0.688516,0.000144177,2.09188e-09,41.9645,True,22.0|103,291
8|291|8|291|cc|1|1|103|1|103|69.0,38.034,789.934,3.08675,90.4908,2.09188e-09,41.9645,38.034,789.934,3.08675,90.4908,2.09188e-09,41.9645,False,69.0|103,291
8|291|8|291|cc|2|1|103|1|103|69.0,38.034,789.934,3.08675,90.4908,2.09188e-09,41.9645,38.034,789.934,3.08675,90.4908,2.09188e-09,41.9645,False,69.0|103,291
8|291|8|291|cc|3|1|103|1|103|69.0,38.034,789.934,3.08675,90.4908,2.09188e-09,41.9645,38.034,789.934,3.08675,90.4908,2.09188e-09,41.9645,False,69.0|103,291
8|291|8|291|cc|4|1|103|1|103|69.0,38.034,789.934,3.08675,90.4908,2.09188e-09,41.9645,38.034,789.934,3.08675,90.4908,2.09188e-09,41.9645,False,69.0|103,291
8|291|8|291|cc|5|1|103|1|103|69.0,38.034,789.934,3.08675,90.4908,2.09188e-09,41.9645,38.034,789.934,3.08675,90.4908,2.09188e-09,41.9645,False,69.0|103,291
8|291|8|291|cc|6|1|103|1|103|69.0,38.034,789.934,3.08675,90.4908,2.09188e-09,41.9645,38.034,789.934,3.08675,90.4908,2.09188e-09,41.9645,False,69.0|103,291
8|291|8|291|cc|7|1|103|1|103|69.0,38.034,789.934,3.08675,90.4908,2.09188e-09,41.9645,38.034,789.934,3.08675,90.4908,2.09188e-09,41.9645,False,69.0|103,291
8|291|8|291|cc|8|1|103|1|103|69.0,38.034,789.934,3.08675,90.4908,2.09188e-09,41.9645,38.034,789.934,3.08675,90.4908,2.09188e-09,41.9645,False,69.0|103,291
8|291|8|291|vc|1|2|103|2|103|69.0,38.034,789.934,3.08675,90.4908,2.09188e-09,41.9645,38.034,789.934,3.08675,90.4908,2.09188e-09,41.9645,False,69.0|103,291
8|291|8|291|vc|2|2|103|2|103|69.0,38.034,789.934,3.08675,90.4908,2.09188e-09,41.9645,38.034,789.934,3.08675,90.4908,2.09188e-09,41.9645,False,69.0|103,291
8|291|8|291|vc|3|2|103|2|103|69.0,38.034,789.934,3.08675,90.4908,2.09188e-09,41.9645,38.034,789.934,3.08675,90.4908,2.09188e-09,41.9645,False,69.0|103,291
8|291|8|291|vc|4|2|103|2|103|69.0,38.034,789.934,3.08675,90.4908,2.09188e-09,41.9645,38.034,789.934,3.08675,90.4908,2.09188e-09,41.9645,False,69.0|103,291
8|291|8|291|vc|5|2|103|2|103|69.0,38.034,789.934,3.08675,90.4908,2.09188e-09,41.9645,38.034,789.934,3.08675,90.4908,2.09188e-09,41.9645,False,69.0|103,291
8|291|8|291|vc|6|2|103|2|103|69.0,38.034,789.934,3.08675,90.4908,2.09188e-09,41.9645,38.034,789.934,3.08675,90.4908,2.09188e-09,41.9645,False,69.0|103,291
8|291|8|291|vc|7|2|103|2|103|69.0,38.034,789.934,3.08675,90.4908,2.09188e-09,41.9645,38.034,789.934,3.08675,90.4908,2.09188e-09,41.9645,False,69.0|103,291
8|291|8|291|vc|8|2|103|2|103|69.0,38.034,789.934,3.08675,90.4908,2.09188e-09,41.9645,38.034,789.934,3.08675,90.4908,2.09188e-09,41.9645,False,69.0|103,291
8|1197|8|1197|sample|7|103|7|103|65.0,-0.623638,802.828,-0.849625,0.000464608,2.09183e-09,44.8888,-0.623638,802.828,-0.849625,0.000464608,2.09183e-09,44.8983,True,65.0|103,1197
8|1197|8|1197|sample|8|103|8|103|65.0,-0.623638,802.828,-0.849625,0.000464608,2.09183e-09,44.8888,-0.623638,802.828,-0.849625,0.000464608,2.09183e-09,44.8983,True,65.0|103,1197
8|1197|8|1197|sample|6|103|6|103|65.0,-0.623638,802.828,-0.849625,0.000464608,2.09183e-09,44.8888,-0.623638,802.828,-0.849625,0.000464608,2.09183e-09,44.8983,True,65.0|103,1197
8|1197|8|1197|sample|5|103|5|103|65.0,-0.623638,802.828,-0.849625,0.000464608,2.09183e-09,44.8888,-0.623638,802.828,-0.849625,0.000464608,2.09183e-09,44.8983,True,65.0|103,1197
8|1197|8|1197|sample|12|103|12|103|28.0,-0.479951,799.099,-0.680908,9.77888e-05,2.09183e-09,44.8888,-0.479951,799.099,-0.680908,9.77888e-05,2.09183e-09,44.8983,True,28.0|103,1197
8|1197|8|1197|sample|10|103|10|103|28.0,-0.479951,799.099,-0.680908,9.77888e-05,2.09183e-09,44.8888,-0.479951,799.099,-0.680908,9.77888e-05,2.09183e-09,44.8983,True,28.0|103,1197
8|1197|8|1197|sample|9|103|9|103|28.0,-0.479951,799.099,-0.680908,9.77888e-05,2.09183e-09,44.8888,-0.479951,799.099,-0.680908,9.77888e-05,2.09183e-09,44.8983,True,28.0|103,1197
8|1197|8|1197|sample|3|103|3|103|22.0,-0.151226,795.718,-0.688516,0.000144177,2.09183e-09,44.8888,-0.151226,795.718,-0.688516,0.000144177,2.09183e-09,44.8983,True,22.0|103,1197
8|1197|8|1197|sample|4|103|4|103|22.0,-0.151226,795.718,-0.688516,0.000144177,2.09183e-09,44.8888,-0.151226,795.718,-0.688516,0.000144177,2.09183e-09,44.8983,True,22.0|103,1197
8|1197|8|1197|sample|11|103|11|103|28.0,-0.479951,799.099,-0.680908,9.77888e-05,2.09183e-09,44.8888,-0.479951,799.099,-0.680908,9.77888e-05,2.09183e-09,44.8983,True,28.0|103,1197
8|1197|8|1197|cc|1|1|103|1|103|69.0,38.6795,789.934,3.08675,90.4908,2.09183e-09,44.8888,38.6795,789.934,3.08675,90.4908,2.09183e-09,44.8983,False,69.0|103,1197
8|1197|8|1197|cc|2|1|103|1|103|69.0,38.6795,789.934,3.08675,90.4908,2.09183e-09,44.8888,38.6795,789.934,3.08675,90.4908,2.09183e-09,44.8983,False,69.0|103,1197
8|1197|8|1197|cc|3|1|103|1|103|69.0,38.6795,789.934,3.08675,90.4908,2.09183e-09,44.8888,38.6795,789.934,3.08675,90.4908,2.09183e-09,44.8983,False,69.0|103,1197
8|1197|8|1197|cc|4|1|103|1|103|69.0,38.6795,789.934,3.08675,90.4908,2.09183e-09,44.8888,38.6795,789.934,3.08675,90.4908,2.09183e-09,44.8983,False,69.0|103,1197
8|1197|8|1197|cc|5|1|103|1|103|69.0,38.6795,789.934,3.08675,90.4908,2.09183e-09,44.8888,38.6795,789.934,3.08675,90.4908,2.09183e-09,44.8983,False,69.0|103,1197
8|1197|8|1197|cc|6|1|103|1|103|69.0,38.6795,789.934,3.08675,90.4908,2.09183e-09,44.8888,38.6795,789.934,3.08675,90.4908,2.09183e-09,44.8983,False,69.0|103,1197
8|1197|8|1197|cc|7|1|103|1|103|69.0,38.6795,789.934,3.08675,90.4908,2.09183e-09,44.8888,38.6795,789.934,3.08675,90.4908,2.09183e-09,44.8983,False,69.0|103,1197
8|1197|8|1197|cc|8|1|103|1|103|69.0,38.6795,789.934,3.08675,90.4908,2.09183e-09,44.8888,38.6795,789.934,3.08675,90.4908,2.09183e-09,44.8983,False,69.0|103,1197
8|1197|8|1197|vc|1|2|103|2|103|69.0,38.6795,789.934,3.08675,90.4908,2.09183e-09,44.8888,38.6795,789.934,3.08675,90.4908,2.09183e-09,44.8983,False,69.0|103,1197
8|1197|8|1197|vc|2|2|103|2|103|69.0,38.6795,789.934,3.08675,90.4908,2.09183e-09,44.8888,38.6795,789.934,3.08675,90.4908,2.09183e-09,44.8983,False,69.0|103,1197
8|1197|8|1197|vc|3|2|103|2|103|69.0,38.6795,789.934,3.08675,90.4908,2.09183e-09,44.8888,38.6795,789.934,3.08675,90.4908,2.09183e-09,44.8983,False,69.0|103,1197
8|1197|8|1197|vc|4|2|103|2|103|69.0,38.6795,789.934,3.08675,90.4908,2.09183e-09,44.8888,38.6795,789.934,3.08675,90.4908,2.09183e-09,44.8983,False,69.0|103,1197
8|1197|8|1197|vc|5|2|103|2|103|69.0,38.6795,789.934,3.08675,90.4908,2.09183e-09,44.8888,38.6795,789.934,3.08675,90.4908,2.09183e-09,44.8983,False,69.0|103,1197
8|1197|8|1197|vc|6|2|103|2|103|69.0,38.6795,789.934,3.08675,90.4908,2.09183e-09,44.8888,38.6795,789.934,3.08675,90.4908,2.09183e-09,44.8983,False,69.0|103,1197
8|1197|8|1197|vc|7|2|103|2|103|69.0,38.6795,789.934,3.08675,90.4908,2.09183e-09,44.8888,38.6795,789.934,3.08675,90.4908,2.09183e-09,44.8983,False,69.0|103,1197
8|1197|8|1197|vc|8|2|103|2|103|69.0,38.6795,789.934,3.08675,90.4908,2.09183e-09,44.8888,38.6795,789.934,3.08675,90.4908,2.09183e-09,44.8983,False,69.0|103,1197
8|77|8|77|sample|6|218|6|218|55.0,0.358101,794.452,-0.821511,1.62862e-05,2.0919e-09,41.9616,0.358101,794.452,-0.821511,1.62862e-05,2.0919e-09,41.9616,True,55.0|218,77
8|77|8|77|sample|5|218|5|218|55.0,0.358101,794.452,-0.821511,1.62862e-05,2.0919e-09,41.9616,0.358101,794.452,-0.821511,1.62862e-05,2.0919e-09,41.9616,True,55.0|218,77
8|77|8|77|sample|3|218|3|218|55.0,0.358101,794.452,-0.821511,1.62862e-05,2.0919e-09,41.9616,0.358101,794.452,-0.821511,1.62862e-05,2.0919e-09,41.9616,True,55.0|218,77
8|77|8|77|sample|4|218|4|218|55.0,0.358101,794.452,-0.821511,1.62862e-05,2.0919e-09,41.9616,0.358101,794.452,-0.821511,1.62862e-05,2.0919e-09,41.9616,True,55.0|218,77
8|77|8|77|sample|9|218|9|218|32.0,13.6573,790.628,-0.633477,3.81015e-06,2.0919e-09,41.9616,13.6573,790.628,-0.633477,3.81015e-06,2.0919e-09,41.9616,True,32.0|218,77
8|77|8|77|sample|10|218|10|218|32.0,13.6573,790.628,-0.633477,3.81015e-06,2.0919e-09,41.9616,13.6573,790.628,-0.633477,3.81015e-06,2.0919e-09,41.9616,True,32.0|218,77
8|77|8|77|sample|8|218|8|218|32.0,13.6573,790.628,-0.633477,3.81015e-06,2.0919e-09,41.9616,13.6573,790.628,-0.633477,3.81015e-06,2.0919e-09,41.9616,True,32.0|218,77
8|77|8|77|sample|7|218|7|218|32.0,13.6573,790.628,-0.633477,3.81015e-06,2.0919e-09,41.9616,13.6573,790.628,-0.633477,3.81015e-06,2.0919e-09,41.9616,True,32.0|218,77
8|77|8|77|sample|12|218|12|218|22.0,-1.07,787.224,-0.494303,6.76658e-06,2.0919e-09,41.9616,-1.07,787.224,-0.494303,6.76658e-06,2.0919e-09,41.9616,True,22.0|218,77
8|77|8|77|sample|11|218|11|218|22.0,-1.07,787.224,-0.494303,6.76658e-06,2.0919e-09,41.9616,-1.07,787.224,-0.494303,6.76658e-06,2.0919e-09,41.9616,True,22.0|218,77
8|77|8|77|cc|1|1|218|1|218|69.0,24.0221,790.024,2.3079,0.0191638,2.0919e-09,41.9616,24.0221,790.024,2.3079,0.0191638,2.0919e-09,41.9616,False,69.0|218,77
8|77|8|77|cc|2|1|218|1|218|69.0,24.0221,790.024,2.3079,0.0191638,2.0919e-09,41.9616,24.0221,790.024,2.3079,0.0191638,2.0919e-09,41.9616,False,69.0|218,77
8|77|8|77|cc|3|1|218|1|218|69.0,24.0221,790.024,2.3079,0.0191638,2.0919e-09,41.9616,24.0221,790.024,2.3079,0.0191638,2.0919e-09,41.9616,False,69.0|218,77
8|77|8|77|cc|4|1|218|1|218|69.0,24.0221,790.024,2.3079,0.0191638,2.0919e-09,41.9616,24.0221,790.024,2.3079,0.0191638,2.0919e-09,41.9616,False,69.0|218,77
8|77|8|77|cc|5|1|218|1|218|69.0,24.0221,790.024,2.3079,0.0191638,2.0919e-09,41.9616,24.0221,790.024,2.3079,0.0191638,2.0919e-09,41.9616,False,69.0|218,77
8|77|8|77|cc|6|1|218|1|218|69.0,24.0221,790.024,2.3079,0.0191638,2.0919e-09,41.9616,24.0221,790.024,2.3079,0.0191638,2.0919e-09,41.9616,False,69.0|218,77
8|77|8|77|cc|7|1|218|1|218|69.0,24.0221,790.024,2.3079,0.0191638,2.0919e-09,41.9616,24.0221,790.024,2.3079,0.0191638,2.0919e-09,41.9616,False,69.0|218,77
8|77|8|77|cc|8|1|218|1|218|69.0,24.0221,790.024,2.3079,0.0191638,2.0919e-09,41.9616,24.0221,790.024,2.3079,0.0191638,2.0919e-09,41.9616,False,69.0|218,77
8|77|8|77|vc|1|2|218|2|218|69.0,24.0221,790.024,2.3079,0.0191638,2.0919e-09,41.9616,24.0221,790.024,2.3079,0.0191638,2.0919e-09,41.9616,False,69.0|218,77
8|77|8|77|vc|2|2|218|2|218|69.0,24.0221,790.024,2.3079,0.0191638,2.0919e-09,41.9616,24.0221,790.024,2.3079,0.0191638,2.0919e-09,41.9616,False,69.0|218,77
8|77|8|77|vc|3|2|218|2|218|69.0,24.0221,790.024,2.3079,0.0191638,2.0919e-09,41.9616,24.0221,790.024,2.3079,0.0191638,2.0919e-09,41.9616,False,69.0|218,77
8|77|8|77|vc|4|2|218|2|218|69.0,24.0221,790.024,2.3079,0.0191638,2.0919e-09,41.9616,24.0221,790.024,2.3079,0.0191638,2.0919e-09,41.9616,False,69.0|218,77
8|77|8|77|vc|5|2|218|2|218|69.0,24.0221,790.024,2.3079,0.0191638,2.0919e-09,41.9616,24.0221,790.024,2.3079,0.0191638,2.0919e-09,41.9616,False,69.0|218,77
8|77|8|77|vc|6|2|218|2|218|69.0,24.0221,790.024,2.3079,0.0191638,2.0919e-09,41.9616,24.0221,790.024,2.3079,0.0191638,2.0919e-09,41.9616,False,69.0|218,77
8|77|8|77|vc|7|2|218|2|218|69.0,24.0221,790.024,2.3079,0.0191638,2.0919e-09,41.9616,24.0221,790.024,2.3079,0.0191638,2.0919e-09,41.9616,False,69.0|218,77
8|77|8|77|vc|8|2|218|2|218|69.0,24.0221,790.024,2.3079,0.0191638,2.0919e-09,41.9616,24.0221,790.024,2.3079,0.0191638,2.0919e-09,41.9616,False,69.0|218,77
8|745|8|745|sample|7|218|7|218|65.0,7.02619,788.373,5.15884,107971,2.09183e-09,41.9645,7.02619,788.373,5.15884,107971,2.09183e-09,41.9645,True,65.0|218,745
8|745|8|745|sample|8|218|8|218|65.0,7.02619,788.373,5.15884,107971,2.09183e-09,41.9645,7.02619,788.373,5.15884,107971,2.09183e-09,41.9645,True,65.0|218,745
8|745|8|745|sample|6|218|6|218|65.0,7.02619,788.373,5.15884,107971,2.09183e-09,41.9645,7.02619,788.373,5.15884,107971,2.09183e-09,41.9645,True,65.0|218,745
8|745|8|745|sample|5|218|5|218|65.0,7.02619,788.373,5.15884,107971,2.09183e-09,41.9645,7.02619,788.373,5.15884,107971,2.09183e-09,41.9645,True,65.0|218,745
8|745|8|745|sample|3|218|3|218|65.0,7.02619,788.373,5.15884,107971,2.09183e-09,41.9645,7.02619,788.373,5.15884,107971,2.09183e-09,41.9645,True,65.0|218,745
8|745|8|745|sample|11|218|11|218|28.0,16.4116,790.842,5.79734,6.54383e+06,2.09183e-09,41.9645,16.4116,790.842,5.79734,6.54383e+06,2.09183e-09,41.9645,True,28.0|218,745
8|745|8|745|sample|12|218|12|218|28.0,16.4116,790.842,5.79734,6.54383e+06,2.09183e-09,41.9645,16.4116,790.842,5.79734,6.54383e+06,2.09183e-09,41.9645,True,28.0|218,745
8|745|8|745|sample|10|218|10|218|28.0,16.4116,790.842,5.79734,6.54383e+06,2.09183e-09,41.9645,16.4116,790.842,5.79734,6.54383e+06,2.09183e-09,41.9645,True,28.0|218,745
8|745|8|745|sample|9|218|9|218|28.0,16.4116,790.842,5.79734,6.54383e+06,2.09183e-09,41.9645,16.4116,790.842,5.79734,6.54383e+06,2.09183e-09,41.9645,True,28.0|218,745
8|745|8|745|sample|4|218|4|218|22.0,-0.150125,787.224,-0.494303,6.76658e-06,2.09183e-09,41.9645,-0.150125,787.224,-0.494303,6.76658e-06,2.09183e-09,41.9645,True,22.0|218,745
8|745|8|745|sample|3|218|3|218|22.0,-0.150125,787.224,-0.494303,6.76658e-06,2.09183e-09,41.9645,-0.150125,787.224,-0.494303,6.76658e-06,2.09183e-09,41.9645,True,22.0|218,745
8|745|8|745|sample|5|218|5|218|22.0,-0.150125,787.224,-0.494303,6.76658e-06,2.09183e-09,41.9645,-0.150125,787.224,-0.494303,6.76658e-06,2.09183e-09,41.9645,True,22.0|218,745
8|745|8|745|cc|1|1|218|1|218|69.0,24.942,790.024,2.3079,0.0191638,2.09183e-09,41.9645,24.942,790.024,2.3079,0.0191638,2.09183e-09,41.9645,False,69.0|218,745
8|745|8|745|cc|2|1|218|1|218|69.0,24.942,790.024,2.3079,0.0191638,2.09183e-09,41.9645,24.942,790.024,2.3079,0.0191638,2.09183e-09,41.9645,False,69.0|218,745
8|745|8|745|cc|3|1|218|1|218|69.0,24.942,790.024,2.3079,0.0191638,2.09183e-09,41.9645,24.942,790.024,2.3079,0.0191638,2.09183e-09,41.9645,False,69.0|218,745
8|745|8|745|cc|4|1|218|1|218|69.0,24.942,790.024,2.3079,0.0191638,2.09183e-09,41.9645,24.942,790.024,2.3079,0.0191638,2.09183e-09,41.9645,False,69.0|218,745
8|745|8|745|cc|5|1|218|1|218|69.0,24.942,790.024,2.3079,0.0191638,2.09183e-09,41.9645,24.942,790.024,2.3079,0.0191638,2.09183e-09,41.9645,False,69.0|218,745
8|745|8|745|cc|6|1|218|1|218|69.0,24.942,790.024,2.3079,0.0191638,2.09183e-09,41.9645,24.942,790.024,2.3079,0.0191638,2.09183e-09,41.9645,False,69.0|218,745
8|745|8|745|cc|7|1|218|1|218|69.0,24.942,790.024,2.3079,0.0191638,2.09183e-09,41.9645,24.942,790.024,2.3079,0.0191638,2.09183e-09,41.9645,False,69.0|218,745
8|745|8|745|cc|8|1|218|1|218|69.0,24.942,790.024,2.3079,0.0191638,2.09183e-09,41.9645,24.942,790.024,2.3079,0.0191638,2.09183e-09,41.9645,False,69.0|218,745
8|745|8|745|vc|1|2|218|2|218|69.0,24.942,790.024,2.3079,0.0191638,2.09183e-09,41.9645,24.942,790.024,2.3079,0.0191638,2.09183e-09,41.9645,False,69.0|218,745
8|745|8|745|vc|2|2|218|2|218|69.0,24.942,790.024,2.3079,0.0191638,2.09183e-09,41.9645,24.942,790.024,2.3079,0.0191638,2.09183e-09,41.9645,False,69.0|218,745
8|745|8|745|vc|3|2|218|2|218|69.0,24.942,790.024,2.3079,0.0191638,2.09183e-09,41.9645,24.942,790.024,2.3079,0.0191638,2.09183e-09,41.9645,False,69.0|218,745
8|745|8|745|vc|4|2|218|2|218|69.0,24.942,790.024,2.3079,0.0191638,2.09183e-09,41.9645,24.942,790.024,2.3079,0.0191638,2.09183e-09,41.9645,False,69.0|218,745
8|745|8|745|vc|5|2|218|2|218|69.0,24.942,790.024,2.3079,0.0191638,2.09183e-09,41.9645,24.942,790.024,2.3079,0.0191638,2.09183e-09,41.9645,False,69.0|218,745
8|745|8|745|vc|6|2|218|2|218|69.0,24.942,790.024,2.3079,0.0191638,2.09183e-09,41.9645,24.942,790.024,2.3079,0.0191638,2.09183e-09,41.9645,False,69.0|218,745
8|745|8|745|vc|7|2|218|2|218|69.0,24.942,790.024,2.3079,0.0191638,2.09183e-09,41.9645,24.942,790.024,2.3079,0.0191638,2.09183e-09,41.9645,False,69.0|218,745
8|745|8|745|vc|8|2|218|2|218|69.0,24.942,790.024,2.3079,0.0191638,2.09183e-09,41.9645,24.942,790.024,2.3079,0.0191638,2.09183e-09,41.9645,False,69.0|218,745
8|322|8|322|sample|6|174|6|174|55.0,0.333478,795.656,-0.669577,1.51098e-05,2.09183e-09,41.9645,0.333478,795.656,-0.669577,1.51098e-05,2.09183e-09,41.9645,True,55.0|174,322
8|322|8|322|sample|5|174|5|174|55.0,0.333478,795.656,-0.669577,1.51098e-05,2.09183e-09,41.9645,0.333478,795.656,-0.669577,1.51098e-05,2.09183e-09,41.9645,True,55.0|174,322
8|322|8|322|sample|3|174|3|174|55.0,0.333478,795.656,-0.669577,1.51098e-05,2.09183e-09,41.9645,0.333478,795.656,-0.669577,1.51098e-05,2.09183e-09,41.9645,True,55.0|174,322
8|322|8|322|sample|4|174|4|174|55.0,0.333478,795.656,-0.669577,1.51098e-05,2.09183e-09,41.9645,0.333478,795.656,-0.669577,1.51098e-05,2.09183e-09,41.9645,True,55.0|174,322
8|322|8|322|sample|10|174|10|174|32.0,-1.62502,789.418,-0.455744,2.35444e-06,2.09183e-09,41.9645,-1.62502,789.418,-0.455744,2.35444e-06,2.09183e-09,41.9645,True,32.0|174,322
8|322|8|322|sample|9|174|9|174|32.0,-1.62502,789.418,-0.455744,2.35444e-06,2.09183e-09,41.9645,-1.62502,789.418,-0.455744,2.35444e-06,2.09183e-09,41.9645,True,32.0|174,322
8|322|8|322|sample|7|174|7|174|32.0,-1.62502,789.418,-0.455744,2.35444e-06,2.09183e-09,41.9645,-1.62502,789.418,-0.455744,2.35444e-06,2.09183e-09,41.9645,True,32.0|174,322
8|322|8|322|sample|8|174|8|174|32.0,-1.62502,789.418,-0.455744,2.35444e-06,2.09183e-09,41.9645,-1.62502,789.418,-0.455744,2.35444e-06,2.09183e-09,41.9645,True,32.0|174,322
8|322|8|322|sample|12|174|12|174|22.0,-0.195937,793.979,-0.697181,5.23811e-05,2.09183e-09,41.9645,-0.195937,793.979,-0.697181,5.23811e-05,2.09183e-09,41.9645,True,22.0|174,322
8|322|8|322|sample|8|174|8|174|22.0,-0.195937,793.979,-0.697181,5.23811e-05,2.09183e-09,41.9645,-0.195937,793.979,-0.697181,5.23811e-05,2.09183e-09,41.9645,True,22.0|174,322
8|322|8|322|sample|11|174|11|174|22.0,-0.195937,793.979,-0.697181,5.23811e-05,2.09183e-09,41.9645,-0.195937,793.979,-0.697181,5.23811e-05,2.09183e-09,41.9645,True,22.0|174,322
8|322|8|322|sample|11|174|11|174|32.0,-1.62502,789.418,-0.455744,2.35444e-06,2.09183e-09,41.9645,-1.62502,789.418,-0.455744,2.35444e-06,2.09183e-09,41.9645,True,32.0|174,322
8|322|8|322|cc|1|1|174|1|174|69.0,30.6641,789.389,1.38012,33.458,2.09183e-09,41.9645,30.6641,789.389,1.38012,33.458,2.09183e-09,41.9645,False,69.0|174,322
8|322|8|322|cc|2|1|174|1|174|69.0,30.6641,789.389,1.38012,33.458,2.09183e-09,41.9645,30.6641,789.389,1.38012,33.458,2.09183e-09,41.9645,False,69.0|174,322
8|322|8|322|cc|3|1|174|1|174|69.0,30.6641,789.389,1.38012,33.458,2.09183e-09,41.9645,30.6641,789.389,1.38012,33.458,2.09183e-09,41.9645,False,69.0|174,322
8|322|8|322|cc|4|1|174|1|174|69.0,30.6641,789.389,1.38012,33.458,2.09183e-09,41.9645,30.6641,789.389,1.38012,33.458,2.09183e-09,41.9645,False,69.0|174,322
8|322|8|322|cc|5|1|174|1|174|69.0,30.6641,789.389,1.38012,33.458,2.09183e-09,41.9645,30.6641,789.389,1.38012,33.458,2.09183e-09,41.9645,False,69.0|174,322
8|322|8|322|cc|6|1|174|1|174|69.0,30.6641,789.389,1.38012,33.458,2.09183e-09,41.9645,30.6641,789.389,1.38012,33.458,2.09183e-09,41.9645,False,69.0|174,322
8|322|8|322|cc|7|1|174|1|174|69.0,30.6641,789.389,1.38012,33.458,2.09183e-09,41.9645,30.6641,789.389,1.38012,33.458,2.09183e-09,41.9645,False,69.0|174,322
8|322|8|322|cc|8|1|174|1|174|69.0,30.6641,789.389,1.38012,33.458,2.09183e-09,41.9645,30.6641,789.389,1.38012,33.458,2.09183e-09,41.9645,False,69.0|174,322
8|322|8|322|vc|1|2|174|2|174|69.0,30.6641,789.389,1.38012,33.458,2.09183e-09,41.9645,30.6641,789.389,1.38012,33.458,2.09183e-09,41.9645,False,69.0|174,322
8|322|8|322|vc|2|2|174|2|174|69.0,30.6641,789.389,1.38012,33.458,2.09183e-09,41.9645,30.6641,789.389,1.38012,33.458,2.09183e-09,41.9645,False,69.0|174,322
8|322|8|322|vc|3|2|174|2|174|69.0,30.6641,789.389,1.38012,33.458,2.09183e-09,41.9645,30.6641,789.389,1.38012,33.458,2.09183e-09,41.9645,False,69.0|174,322
8|322|8|322|vc|4|2|174|2|174|69.0,30.6641,789.389,1.38012,33.458,2.09183e-09,41.9645,30.6641,789.389,1.38012,33.458,2.09183e-09,41.9645,False,69.0|174,322
8|322|8|322|vc|5|2|174|2|174|69.0,30.6641,789.389,1.38012,33.458,2.09183e-09,41.9645,30.6641,789.389,1.38012,33.458,2.09183e-09,41.9645,False,69.0|174,322
8|322|8|322|vc|6|2|174|2|174|69.0,30.6641,789.389,1.38012,33.458,2.09183e-09,41.9645,30.6641,789.389,1.38012,33.458,2.09183e-09,41.9645,False,69.0|174,322
8|322|8|322|vc|7|2|174|2|174|69.0,30.6641,789.389,1.38012,33.458,2.09183e-09,41.9645,30.6641,789.389,1.38012,33.458,2.09183e-09,41.9645,False,69.0|174,322
8|322|8|322|vc|8|2|174|2|174|69.0,30.6641,789.389,1.38012,33.458,2.09183e-09,41.9645,30.6641,789.389,1.38012,33.458,2.09183e-09,41.9645,False,69.0|174,322
8|1043|8|1043|sample|6|174|6|174|65.0,-0.206872,792.782,-0.881441,0.000127292,2.09183e-09,41.9645,-0.206872,792.782,-0.881441,0.000127292,2.09183e-09,41.9645,True,65.0|174,1043
8|1043|8|1043|sample|7|174|7|174|65.0,-0.206872,792.782,-0.881441,0.000127292,2.09183e-09,41.9645,-0.206872,792.782,-0.881441,0.000127292,2.09183e-09,41.9645,True,65.0|174,1043
8|1043|8|1043|sample|8|174|8|174|65.0,-0.206872,792.782,-0.881441,0.000127292,2.09183e-09,41.9645,-0.206872,792.782,-0.881441,0.000127292,2.09183e-09,41.9645,True,65.0|174,1043
8|1043|8|1043|sample|5|174|5|174|65.0,-0.206872,792.782,-0.881441,0.000127292,2.09183e-09,41.9645,-0.206872,792.782,-0.881441,0.000127292,2.09183e-09,41.9645,True,65.0|174,1043
8|1043|8|1043|sample|11|174|11|174|28.0,19.3191,792.741,1.5993,320906,2.09183e-09,41.9645,19.3191,792.741,1.5993,320906,2.09183e-09,41.9645,True,28.0|174,1043
8|1043|8|1043|sample|12|174|12|174|28.0,19.3191,792.741,1.5993,320906,2.09183e-09,41.9645,19.3191,792.741,1.5993,320906,2.09183e-09,41.9645,True,28.0|174,1043
8|1043|8|1043|sample|10|174|10|174|28.0,19.3191,792.741,1.5993,320906,2.09183e-09,41.9645,19.3191,792.741,1.5993,320906,2.09183e-09,41.9645,True,28.0|174,1043
8|1043|8|1043|sample|9|174|9|174|28.0,19.3191,792.741,1.5993,320906,2.09183e-09,41.9645,19.3191,792.741,1.5993,320906,2.09183e-09,41.9645,True,28.0|174,1043
8|1043|8|1043|sample|4|174|4|174|22.0,0.077015,793.979,-0.697181,5.23811e-05,2.09183e-09,41.9645,0.077015,793.979,-0.697181,5.23811e-05,2.09183e-09,41.9645,True,22.0|174,1043
8|1043|8|1043|sample|3|174|3|174|22.0,0.077015,793.979,-0.697181,5.23811e-05,2.09183e-09,41.9645,0.077015,793.979,-0.697181,5.23811e-05,2.09183e-09,41.9645,True,22.0|174,1043
8|1043|8|1043|cc|1|1|174|1|174|69.0,30.9371,789.389,1.38012,33.458,2.09183e-09,41.9645,30.9371,789.389,1.38012,33.458,2.09183e-09,41.9645,False,69.0|174,1043
8|1043|8|1043|cc|2|1|174|1|174|69.0,30.9371,789.389,1.38012,33.458,2.09183e-09,41.9645,30.9371,789.389,1.38012,33.458,2.09183e-09,41.9645,False,69.0|174,1043
8|1043|8|1043|cc|3|1|174|1|174|69.0,30.9371,789.389,1.38012,33.458,2.09183e-09,41.9645,30.9371,789.389,1.38012,33.458,2.09183e-09,41.9645,False,69.0|174,1043
8|1043|8|1043|cc|4|1|174|1|174|69.0,30.9371,789.389,1.38012,33.458,2.09183e-09,41.9645,30.9371,789.389,1.38012,33.458,2.09183e-09,41.9645,False,69.0|174,1043
8|1043|8|1043|cc|5|1|174|1|174|69.0,30.9371,789.389,1.38012,33.458,2.09183e-09,41.9645,30.9371,789.389,1.38012,33.458,2.09183e-09,41.9645,False,69.0|174,1043
8|1043|8|1043|cc|6|1|174|1|174|69.0,30.9371,789.389,1.38012,33.458,2.09183e-09,41.9645,30.9371,789.389,1.38012,33.458,2.09183e-09,41.9645,False,69.0|174,1043
8|1043|8|1043|cc|7|1|174|1|174|69.0,30.9371,789.389,1.38012,33.458,2.09183e-09,41.9645,30.9371,789.389,1.38012,33.458,2.09183e-09,41.9645,False,69.0|174,1043
8|1043|8|1043|cc|8|1|174|1|174|69.0,30.9371,789.389,1.38012,33.458,2.09183e-09,41.9645,30.9371,789.389,1.38012,33.458,2.09183e-09,41.9645,False,69.0|174,1043
8|1043|8|1043|vc|1|2|174|2|174|69.0,30.9371,789.389,1.38012,33.458,2.09183e-09,41.9645,30.9371,789.389,1.38012,33.458,2.09183e-09,41.9645,False,69.0|174,1043
8|1043|8|1043|vc|2|2|174|2|174|69.0,30.9371,789.389,1.38012,33.458,2.09183e-09,41.9645,30.9371,789.389,1.38012,33.458,2.09183e-09,41.9645,False,69.0|174,1043
8|1043|8|1043|vc|3|2|174|2|174|69.0,30.9371,789.389,1.38012,33.458,2.09183e-09,41.9645,30.9371,789.389,1.38012,33.458,2.09183e-09,41.9645,False,69.0|174,1043
8|1043|8|1043|vc|4|2|174|2|174|69.0,30.9371,789.389,1.38012,33.458,2.09183e-09,41.9645,30.9371,789.389,1.38012,33.458,2.09183e-09,41.9645,False,69.0|174,1043
8|1043|8|1043|vc|5|2|174|2|174|69.0,30.9371,789.389,1.38012,33.458,2.09183e-09,41.9645,30.9371,789.389,1.38012,33.458,2.09183e-09,41.9645,False,69.0|174,1043
8|1043|8|1043|vc|6|2|174|2|174|69.0,30.9371,789.389,1.38012,33.458,2.09183e-09,41.9645,30.9371,789.389,1.38012,33.458,2.09183e-09,41.9645,False,69.0|174,1043
8|1043|8|1043|vc|7|2|174|2|174|69.0,30.9371,789.389,1.38012,33.458,2.09183e-09,41.9645,30.9371,789.389,1.38012,33.458,2.09183e-09,41.9645,False,69.0|174,1043
8|1043|8|1043|vc|8|2|174|2|174|69.0,30.9371,789.389,1.38012,33.458,2.09183e-09,41.9645,30.9371,789.389,1.38012,33.458,2.09183e-09,41.9645,False,69.0|174,1043
8|963|8|963|sample|6|319|6|319|55.0,10.4009,794.124,3.29994,366594,2.09183e-09,41.9462,10.4009,794.124,3.29994,366594,2.09183e-09,41.9461,True,55.0|319,963
8|963|8|963|sample|5|319|5|319|55.0,10.4009,794.124,3.29994,366594,2.09183e-09,41.9462,10.4009,794.124,3.29994,366594,2.09183e-09,41.9461,True,55.0|319,963
8|963|8|963|sample|4|319|4|319|55.0,10.4009,794.124,3.29994,366594,2.09183e-09,41.9462,10.4009,794.124,3.29994,366594,2.09183e-09,41.9461,True,55.0|319,963
8|963|8|963|sample|3|319|3|319|55.0,10.4009,794.124,3.29994,366594,2.09183e-09,41.9462,10.4009,794.124,3.29994,366594,2.09183e-09,41.9461,True,55.0|319,963
8|963|8|963|sample|10|319|10|319|32.0,18.0465,793.941,6.27575,3945.19,2.09183e-09,41.9462,18.0465,793.941,6.27575,3945.19,2.09183e-09,41.9461,True,32.0|319,963
8|963|8|963|sample|9|319|9|319|32.0,18.0465,793.941,6.27575,3945.19,2.09183e-09,41.9462,18.0465,793.941,6.27575,3945.19,2.09183e-09,41.9461,True,32.0|319,963
8|963|8|963|sample|7|319|7|319|32.0,18.0465,793.941,6.27575,3945.19,2.09183e-09,41.9462,18.0465,793.941,6.27575,3945.19,2.09183e-09,41.9461,True,32.0|319,963
8|963|8|963|sample|8|319|8|319|32.0,18.0465,793.941,6.27575,3945.19,2.09183e-09,41.9462,18.0465,793.941,6.27575,3945.19,2.09183e-09,41.9461,True,32.0|319,963
8|963|8|963|sample|11|319|11|319|22.0,-0.685035,794.365,-0.493528,7.67676e-06,2.09183e-09,41.9462,-0.685035,794.365,-0.493528,7.67676e-06,2.09183e-09,41.9461,True,22.0|319,963
8|963|8|963|sample|12|319|12|319|22.0,-0.685035,794.365,-0.493528,7.67676e-06,2.09183e-09,41.9462,-0.685035,794.365,-0.493528,7.67676e-06,2.09183e-09,41.9461,True,22.0|319,963
8|963|8|963|cc|1|1|319|1|319|69.0,26.4619,788.306,1.54308,0.152589,2.09183e-09,41.9462,26.4619,788.306,1.54308,0.152589,2.09183e-09,41.9461,False,69.0|319,963
8|963|8|963|cc|2|1|319|1|319|69.0,26.4619,788.306,1.54308,0.152589,2.09183e-09,41.9462,26.4619,788.306,1.54308,0.152589,2.09183e-09,41.9461,False,69.0|319,963
8|963|8|963|cc|3|1|319|1|319|69.0,26.4619,788.306,1.54308,0.152589,2.09183e-09,41.9462,26.4619,788.306,1.54308,0.152589,2.09183e-09,41.9461,False,69.0|319,963
8|963|8|963|cc|4|1|319|1|319|69.0,26.4619,788.306,1.54308,0.152589,2.09183e-09,41.9462,26.4619,788.306,1.54308,0.152589,2.09183e-09,41.9461,False,69.0|319,963
8|963|8|963|cc|5|1|319|1|319|69.0,26.4619,788.306,1.54308,0.152589,2.09183e-09,41.9462,26.4619,788.306,1.54308,0.152589,2.09183e-09,41.9461,False,69.0|319,963
8|963|8|963|cc|6|1|319|1|319|69.0,26.4619,788.306,1.54308,0.152589,2.09183e-09,41.9462,26.4619,788.306,1.54308,0.152589,2.09183e-09,41.9461,False,69.0|319,963
8|963|8|963|cc|7|1|319|1|319|69.0,26.4619,788.306,1.54308,0.152589,2.09183e-09,41.9462,26.4619,788.306,1.54308,0.152589,2.09183e-09,41.9461,False,69.0|319,963
8|963|8|963|cc|8|1|319|1|319|69.0,26.4619,788.306,1.54308,0.152589,2.09183e-09,41.9462,26.4619,788.306,1.54308,0.152589,2.09183e-09,41.9461,False,69.0|319,963
8|963|8|963|vc|1|2|319|2|319|69.0,26.4619,788.306,1.54308,0.152589,2.09183e-09,41.9462,26.4619,788.306,1.54308,0.152589,2.09183e-09,41.9461,False,69.0|319,963
8|963|8|963|vc|2|2|319|2|319|69.0,26.4619,788.306,1.54308,0.152589,2.09183e-09,41.9462,26.4619,788.306,1.54308,0.152589,2.09183e-09,41.9461,False,69.0|319,963
8|963|8|963|vc|3|2|319|2|319|69.0,26.4619,788.306,1.54308,0.152589,2.09183e-09,41.9462,26.4619,788.306,1.54308,0.152589,2.09183e-09,41.9461,False,69.0|319,963
8|963|8|963|vc|4|2|319|2|319|69.0,26.4619,788.306,1.54308,0.152589,2.09183e-09,41.9462,26.4619,788.306,1.54308,0.152589,2.09183e-09,41.9461,False,69.0|319,963
8|963|8|963|vc|5|2|319|2|319|69.0,26.4619,788.306,1.54308,0.152589,2.09183e-09,41.9462,26.4619,788.306,1.54308,0.152589,2.09183e-09,41.9461,False,69.0|319,963
8|963|8|963|vc|6|2|319|2|319|69.0,26.4619,788.306,1.54308,0.152589,2.09183e-09,41.9462,26.4619,788.306,1.54308,0.152589,2.09183e-09,41.9461,False,69.0|319,963
8|963|8|963|vc|7|2|319|2|319|69.0,26.4619,788.306,1.54308,0.152589,2.09183e-09,41.9462,26.4619,788.306,1.54308,0.152589,2.09183e-09,41.9461,False,69.0|319,963
8|963|8|963|vc|8|2|319|2|319|69.0,26.4619,788.306,1.54308,0.152589,2.09183e-09,41.9462,26.4619,788.306,1.54308,0.152589,2.09183e-09,41.9461,False,69.0|319,963
8|1260|8|1260|sample|8|319|8|319|65.0,-10.712,792.113,0.297713,4.26396e+07,2.09183e-09,41.9645,-10.712,792.113,0.297713,4.26396e+07,2.09183e-09,41.9645,True,65.0|319,1260
8|1260|8|1260|sample|7|319|7|319|65.0,-10.712,792.113,0.297713,4.26396e+07,2.09183e-09,41.9645,-10.712,792.113,0.297713,4.26396e+07,2.09183e-09,41.9645,True,65.0|319,1260
8|1260|8|1260|sample|6|319|6|319|65.0,-10.712,792.113,0.297713,4.26396e+07,2.09183e-09,41.9645,-10.712,792.113,0.297713,4.26396e+07,2.09183e-09,41.9645,True,65.0|319,1260
8|1260|8|1260|sample|5|319|5|319|65.0,-10.712,792.113,0.297713,4.26396e+07,2.09183e-09,41.9645,-10.712,792.113,0.297713,4.26396e+07,2.09183e-09,41.9645,True,65.0|319,1260
8|1260|8|1260|sample|11|319|11|319|28.0,-0.286762,792.634,-0.613948,3.0128e-05,2.09183e-09,41.9645,-0.286762,792.634,-0.613949,3.0128e-05,2.09183e-09,41.9645,True,28.0|319,1260
8|1260|8|1260|sample|12|319|12|319|28.0,-0.286762,792.634,-0.613948,3.0128e-05,2.09183e-09,41.9645,-0.286762,792.634,-0.613949,3.0128e-05,2.09183e-09,41.9645,True,28.0|319,1260
8|1260|8|1260|sample|10|319|10|319|28.0,-0.286762,792.634,-0.613948,3.0128e-05,2.09183e-09,41.9645,-0.286762,792.634,-0.613949,3.0128e-05,2.09183e-09,41.9645,True,28.0|319,1260
8|1260|8|1260|sample|9|319|9|319|28.0,-0.286762,792.634,-0.613949,3.0128e-05,2.09183e-09,41.9645,-0.286762,792.634,-0.613949,3.0128e-05,2.09183e-09,41.9645,True,28.0|319,1260
8|1260|8|1260|sample|4|319|4|319|22.0,-1.05909,794.365,-0.493528,7.67676e-06,2.09183e-09,41.9645,-1.05909,794.365,-0.493528,7.67676e-06,2.09183e-09,41.9645,True,22.0|319,1260
8|1260|8|1260|sample|3|319|3|319|22.0,-1.05909,794.365,-0.493528,7.67676e-06,2.09183e-09,41.9645,-1.05909,794.365,-0.493528,7.67676e-06,2.09183e-09,41.9645,True,22.0|319,1260
8|1260|8|1260|cc|1|1|319|1|319|69.0,26.0879,788.306,1.54308,0.152589,2.09183e-09,41.9645,26.0879,788.306,1.54308,0.152589,2.09183e-09,41.9645,False,69.0|319,1260
8|1260|8|1260|cc|2|1|319|1|319|69.0,26.0879,788.306,1.54308,0.152589,2.09183e-09,41.9645,26.0879,788.306,1.54308,0.152589,2.09183e-09,41.9645,False,69.0|319,1260
8|1260|8|1260|cc|3|1|319|1|319|69.0,26.0879,788.306,1.54308,0.152589,2.09183e-09,41.9645,26.0879,788.306,1.54308,0.152589,2.09183e-09,41.9645,False,69.0|319,1260
8|1260|8|1260|cc|4|1|319|1|319|69.0,26.0879,788.306,1.54308,0.152589,2.09183e-09,41.9645,26.0879,788.306,1.54308,0.152589,2.09183e-09,41.9645,False,69.0|319,1260
8|1260|8|1260|cc|5|1|319|1|319|69.0,26.0879,788.306,1.54308,0.152589,2.09183e-09,41.9645,26.0879,788.306,1.54308,0.152589,2.09183e-09,41.9645,False,69.0|319,1260
8|1260|8|1260|cc|6|1|319|1|319|69.0,26.0879,788.306,1.54308,0.152589,2.09183e-09,41.9645,26.0879,788.306,1.54308,0.152589,2.09183e-09,41.9645,False,69.0|319,1260
8|1260|8|1260|cc|7|1|319|1|319|69.0,26.0879,788.306,1.54308,0.152589,2.09183e-09,41.9645,26.0879,788.306,1.54308,0.152589,2.09183e-09,41.9645,False,69.0|319,1260
8|1260|8|1260|cc|8|1|319|1|319|69.0,26.0879,788.306,1.54308,0.152589,2.09183e-09,41.9645,26.0879,788.306,1.54308,0.152589,2.09183e-09,41.9645,False,69.0|319,1260
8|1260|8|1260|vc|1|2|319|2|319|69.0,26.0879,788.306,1.54308,0.152589,2.09183e-09,41.9645,26.0879,788.306,1.54308,0.152589,2.09183e-09,41.9645,False,69.0|319,1260
8|1260|8|1260|vc|2|2|319|2|319|69.0,26.0879,788.306,1.54308,0.152589,2.09183e-09,41.9645,26.0879,788.306,1.54308,0.152589,2.09183e-09,41.9645,False,69.0|319,1260
8|1260|8|1260|vc|3|2|319|2|319|69.0,26.0879,788.306,1.54308,0.152589,2.09183e-09,41.9645,26.0879,788.306,1.54308,0.152589,2.09183e-09,41.9645,False,69.0|319,1260
8|1260|8|1260|vc|4|2|319|2|319|69.0,26.0879,788.306,1.54308,0.152589,2.09183e-09,41.9645,26.0879,788.306,1.54308,0.152589,2.09183e-09,41.9645,False,69.0|319,1260
8|1260|8|1260|vc|5|2|319|2|319|69.0,26.0879,788.306,1.54308,0.152589,2.09183e-09,41.9645,26.0879,788.306,1.54308,0.152589,2.09183e-09,41.9645,False,69.0|319,1260
8|1260|8|1260|vc|6|2|319|2|319|69.0,26.0879,788.306,1.54308,0.152589,2.09183e-09,41.9645,26.0879,788.306,1.54308,0.152589,2.09183e-09,41.9645,False,69.0|319,1260
8|1260|8|1260|vc|7|2|319|2|319|69.0,26.0879,788.306,1.54308,0.152589,2.09183e-09,41.9645,26.0879,788.306,1.54308,0.152589,2.09183e-09,41.9645,False,69.0|319,1260
8|1260|8|1260|vc|8|2|319|2|319|69.0,26.0879,788.306,1.54308,0.152589,2.09183e-09,41.9645,26.0879,788.306,1.54308,0.152589,2.09183e-09,41.9645,False,69.0|319,1260
