rep,id,eta_f,eta_h,eta_L_gap,mab_virus,run_id
1,9|411|9|411|sample|4|274|4|274|70.0,-0.53591,-1.53252e-08,6.11484e-08,70.0|274,411
2,9|411|9|411|sample|4|274|4|274|70.0,-0.516345,1.66115e-08,-8.63676e-09,70.0|274,411
3,9|411|9|411|sample|4|274|4|274|70.0,-0.516345,-2.92671e-08,-1.01537e-09,70.0|274,411
4,9|411|9|411|sample|4|274|4|274|70.0,-0.534211,-1.37912e-08,3.76396e-08,70.0|274,411
5,9|411|9|411|sample|4|274|4|274|70.0,-0.534211,-1.71957e-08,-3.04038e-08,70.0|274,411
6,9|411|9|411|sample|4|274|4|274|70.0,-0.700198,-1.01353e-08,2.36629e-08,70.0|274,411
7,9|411|9|411|sample|4|274|4|274|70.0,-0.700198,2.53284e-08,1.00073e-08,70.0|274,411
8,9|411|9|411|sample|4|274|4|274|70.0,-0.650833,1.5948e-08,2.50465e-08,70.0|274,411
9,9|411|9|411|sample|4|274|4|274|70.0,-0.535722,6.04801e-09,-3.22798e-08,70.0|274,411
1,9|411|9|411|sample|3|274|3|274|70.0,-1.23512,4.64614e-08,6.65547e-08,70.0|274,411
2,9|411|9|411|sample|3|274|3|274|70.0,-1.08337,-6.26437e-08,-7.08982e-09,70.0|274,411
3,9|411|9|411|sample|3|274|3|274|70.0,-1.35262,-1.69884e-08,-4.03633e-08,70.0|274,411
4,9|411|9|411|sample|3|274|3|274|70.0,-1.1543,-5.51143e-08,3.77204e-08,70.0|274,411
5,9|411|9|411|sample|3|274|3|274|70.0,-1.29992,-3.26726e-08,3.10824e-08,70.0|274,411
6,9|411|9|411|sample|3|274|3|274|70.0,-1.22471,-4.1412e-08,-8.79724e-09,70.0|274,411
7,9|411|9|411|sample|3|274|3|274|70.0,-1.2139,1.91113e-09,-4.78594e-09,70.0|274,411
8,9|411|9|411|sample|3|274|3|274|70.0,-1.33603,2.35788e-08,-5.31822e-08,70.0|274,411
9,9|411|9|411|sample|3|274|3|274|70.0,-1.33309,-1.0697e-08,1.81304e-09,70.0|274,411
1,9|411|9|411|sample|5|274|5|274|70.0,-0.628344,1.94486e-08,5.89245e-08,70.0|274,411
2,9|411|9|411|sample|5|274|5|274|70.0,-0.598249,-4.05273e-08,-2.03374e-09,70.0|274,411
3,9|411|9|411|sample|5|274|5|274|70.0,-0.526576,1.43373e-08,-4.25449e-08,70.0|274,411
4,9|411|9|411|sample|5|274|5|274|70.0,-0.482446,1.08693e-08,-3.23044e-08,70.0|274,411
5,9|411|9|411|sample|5|274|5|274|70.0,-0.680756,4.31393e-08,5.3384e-08,70.0|274,411
6,9|411|9|411|sample|5|274|5|274|70.0,-0.491144,3.24449e-08,2.40278e-08,70.0|274,411
7,9|411|9|411|sample|5|274|5|274|70.0,-0.491144,-3.30503e-09,-2.37035e-08,70.0|274,411
8,9|411|9|411|sample|5|274|5|274|70.0,-0.491144,1.00631e-08,-2.64404e-08,70.0|274,411
9,9|411|9|411|sample|5|274|5|274|70.0,-0.491144,1.26263e-08,-4.15599e-08,70.0|274,411
1,9|411|9|411|sample|6|274|6|274|70.0,-0.556547,2.03013e-08,2.49512e-08,70.0|274,411
2,9|411|9|411|sample|6|274|6|274|70.0,-0.434902,-4.72412e-08,-1.43714e-08,70.0|274,411
3,9|411|9|411|sample|6|274|6|274|70.0,-0.535724,-1.81313e-08,-2.05361e-08,70.0|274,411
4,9|411|9|411|sample|6|274|6|274|70.0,-0.45062,-1.03182e-08,1.14468e-08,70.0|274,411
5,9|411|9|411|sample|6|274|6|274|70.0,-0.521204,-4.38664e-08,-8.08149e-09,70.0|274,411
6,9|411|9|411|sample|6|274|6|274|70.0,-0.538187,-3.96508e-08,1.84984e-08,70.0|274,411
7,9|411|9|411|sample|6|274|6|274|70.0,-0.533558,-3.87919e-08,-8.06813e-09,70.0|274,411
8,9|411|9|411|sample|6|274|6|274|70.0,-0.387921,-4.36111e-08,-7.46836e-08,70.0|274,411
9,9|411|9|411|sample|6|274|6|274|70.0,-0.41763,4.64239e-08,-1.25103e-08,70.0|274,411
1,9|411|9|411|sample|8|274|8|274|70.0,-0.899597,1.47748e-08,9.03072e-09,70.0|274,411
2,9|411|9|411|sample|8|274|8|274|70.0,-0.899597,-2.42864e-08,3.39222e-08,70.0|274,411
3,9|411|9|411|sample|8|274|8|274|70.0,-0.899597,4.95518e-09,-9.31213e-09,70.0|274,411
4,9|411|9|411|sample|8|274|8|274|70.0,-0.928163,2.22944e-08,-1.96195e-08,70.0|274,411
5,9|411|9|411|sample|8|274|8|274|70.0,-0.928163,1.24152e-08,2.64866e-08,70.0|274,411
6,9|411|9|411|sample|8|274|8|274|70.0,-0.928163,3.31414e-08,4.70065e-08,70.0|274,411
7,9|411|9|411|sample|8|274|8|274|70.0,-0.928163,-2.45366e-08,-9.03382e-09,70.0|274,411
8,9|411|9|411|sample|8|274|8|274|70.0,-0.960737,-3.52615e-08,-4.66825e-08,70.0|274,411
9,9|411|9|411|sample|8|274|8|274|70.0,-0.960737,-7.82064e-09,-9.27193e-09,70.0|274,411
1,9|411|9|411|sample|7|274|7|274|70.0,-0.995752,2.36966e-08,4.61007e-08,70.0|274,411
2,9|411|9|411|sample|7|274|7|274|70.0,-0.995752,-1.77343e-08,-3.43551e-08,70.0|274,411
3,9|411|9|411|sample|7|274|7|274|70.0,-1.02305,1.23404e-08,-7.5321e-09,70.0|274,411
4,9|411|9|411|sample|7|274|7|274|70.0,-0.930493,-2.30976e-08,-1.73188e-08,70.0|274,411
5,9|411|9|411|sample|7|274|7|274|70.0,-1.02111,2.80849e-08,2.24014e-08,70.0|274,411
6,9|411|9|411|sample|7|274|7|274|70.0,-0.900888,-4.07017e-08,-6.58321e-09,70.0|274,411
7,9|411|9|411|sample|7|274|7|274|70.0,-0.864894,2.18753e-08,1.0499e-08,70.0|274,411
8,9|411|9|411|sample|7|274|7|274|70.0,-1.155,3.0065e-09,-2.05162e-08,70.0|274,411
9,9|411|9|411|sample|7|274|7|274|70.0,-0.814384,2.95465e-08,4.76526e-09,70.0|274,411
1,9|411|9|411|sample|9|274|9|274|70.0,-0.565275,5.69605e-09,-2.90868e-08,70.0|274,411
2,9|411|9|411|sample|9|274|9|274|70.0,-0.550379,5.69605e-09,-2.39609e-10,70.0|274,411
3,9|411|9|411|sample|9|274|9|274|70.0,-0.546368,-8.65196e-09,5.76134e-08,70.0|274,411
4,9|411|9|411|sample|9|274|9|274|70.0,-0.736992,-3.9638e-09,5.53591e-08,70.0|274,411
5,9|411|9|411|sample|9|274|9|274|70.0,-0.671377,-2.69132e-08,3.4271e-08,70.0|274,411
6,9|411|9|411|sample|9|274|9|274|70.0,-0.671377,-3.57111e-09,-4.93089e-08,70.0|274,411
7,9|411|9|411|sample|9|274|9|274|70.0,-0.671377,1.24917e-09,-1.73717e-09,70.0|274,411
8,9|411|9|411|sample|9|274|9|274|70.0,-0.566869,5.33536e-09,-4.52642e-08,70.0|274,411
9,9|411|9|411|sample|9|274|9|274|70.0,-0.617622,-1.56494e-10,1.3481e-08,70.0|274,411
1,9|411|9|411|sample|10|274|10|274|70.0,-0.387319,-4.47671e-08,-1.76948e-08,70.0|274,411
2,9|411|9|411|sample|10|274|10|274|70.0,-0.326723,-5.19328e-09,5.70651e-10,70.0|274,411
3,9|411|9|411|sample|10|274|10|274|70.0,-0.467769,-2.42859e-08,4.9295e-08,70.0|274,411
4,9|411|9|411|sample|10|274|10|274|70.0,-0.441706,-7.13322e-09,5.95651e-08,70.0|274,411
5,9|411|9|411|sample|10|274|10|274|70.0,-0.49039,-2.59864e-08,-6.72247e-08,70.0|274,411
6,9|411|9|411|sample|10|274|10|274|70.0,-0.49039,-1.46095e-08,5.56779e-08,70.0|274,411
7,9|411|9|411|sample|10|274|10|274|70.0,-0.177796,-1.22943e-09,-4.61924e-08,70.0|274,411
8,9|411|9|411|sample|10|274|10|274|70.0,-0.447334,-3.48408e-08,-2.32161e-08,70.0|274,411
9,9|411|9|411|sample|10|274|10|274|70.0,-0.411292,3.93023e-08,4.88995e-08,70.0|274,411
1,9|411|9|411|sample|12|274|12|274|70.0,-1.12832,-5.15857e-08,-1.47805e-08,70.0|274,411
2,9|411|9|411|sample|12|274|12|274|70.0,-1.13054,6.46561e-09,2.98761e-08,70.0|274,411
3,9|411|9|411|sample|12|274|12|274|70.0,-1.18332,1.94251e-09,-2.29659e-08,70.0|274,411
4,9|411|9|411|sample|12|274|12|274|70.0,-1.20928,5.08676e-09,2.97111e-08,70.0|274,411
5,9|411|9|411|sample|12|274|12|274|70.0,-1.01401,-4.66866e-08,-4.97445e-08,70.0|274,411
6,9|411|9|411|sample|12|274|12|274|70.0,-1.01401,-3.87279e-09,-4.72714e-09,70.0|274,411
7,9|411|9|411|sample|12|274|12|274|70.0,-1.01401,-1.89847e-08,5.50605e-08,70.0|274,411
8,9|411|9|411|sample|12|274|12|274|70.0,-1.0941,3.97074e-08,2.6439e-08,70.0|274,411
9,9|411|9|411|sample|12|274|12|274|70.0,-0.929571,3.82829e-08,-4.54248e-08,70.0|274,411
1,9|411|9|411|sample|11|274|11|274|70.0,-0.791568,-1.16548e-08,5.95328e-09,70.0|274,411
2,9|411|9|411|sample|11|274|11|274|70.0,-0.924549,7.15377e-09,4.0676e-08,70.0|274,411
3,9|411|9|411|sample|11|274|11|274|70.0,-0.924549,8.04973e-08,-7.8217e-09,70.0|274,411
4,9|411|9|411|sample|11|274|11|274|70.0,-0.733595,3.19086e-08,1.02256e-08,70.0|274,411
5,9|411|9|411|sample|11|274|11|274|70.0,-0.733595,1.10504e-08,1.66153e-08,70.0|274,411
6,9|411|9|411|sample|11|274|11|274|70.0,-0.92613,-4.52927e-08,-8.00126e-09,70.0|274,411
7,9|411|9|411|sample|11|274|11|274|70.0,-0.973896,1.43911e-08,5.33714e-09,70.0|274,411
8,9|411|9|411|sample|11|274|11|274|70.0,-0.973896,-4.43849e-08,4.04214e-09,70.0|274,411
9,9|411|9|411|sample|11|274|11|274|70.0,-0.943998,1.86431e-08,4.46986e-09,70.0|274,411
1,9|411|9|411|cc|1|1|274|1|274|69.0,3.60942,1.01332e-08,4.35757e-08,69.0|274,411
2,9|411|9|411|cc|1|1|274|1|274|69.0,-2.21873,2.59064e-08,-2.43225e-08,69.0|274,411
3,9|411|9|411|cc|1|1|274|1|274|69.0,1.22334,-6.17927e-08,-1.93236e-09,69.0|274,411
4,9|411|9|411|cc|1|1|274|1|274|69.0,-4.4748,-8.33278e-09,3.15595e-08,69.0|274,411
5,9|411|9|411|cc|1|1|274|1|274|69.0,-0.590514,1.93041e-08,-2.65632e-08,69.0|274,411
6,9|411|9|411|cc|1|1|274|1|274|69.0,-0.0624776,-1.58187e-10,-1.87585e-08,69.0|274,411
7,9|411|9|411|cc|1|1|274|1|274|69.0,-0.768458,4.23986e-09,-4.72893e-09,69.0|274,411
8,9|411|9|411|cc|1|1|274|1|274|69.0,0.0190822,-2.07212e-08,1.83653e-08,69.0|274,411
9,9|411|9|411|cc|1|1|274|1|274|69.0,-3.58035,-7.62613e-08,7.686e-08,69.0|274,411
1,9|411|9|411|cc|2|1|274|1|274|69.0,-2.47029,3.21314e-09,3.92606e-09,69.0|274,411
2,9|411|9|411|cc|2|1|274|1|274|69.0,6.49668,3.04283e-08,3.09359e-08,69.0|274,411
3,9|411|9|411|cc|2|1|274|1|274|69.0,-0.840395,-1.9402e-08,-1.45472e-08,69.0|274,411
4,9|411|9|411|cc|2|1|274|1|274|69.0,-2.18016,1.40732e-09,2.9138e-08,69.0|274,411
5,9|411|9|411|cc|2|1|274|1|274|69.0,-0.199046,1.734e-08,1.08165e-07,69.0|274,411
6,9|411|9|411|cc|2|1|274|1|274|69.0,-1.7468,-2.23321e-08,-5.44187e-08,69.0|274,411
7,9|411|9|411|cc|2|1|274|1|274|69.0,-1.41083,-1.59274e-08,3.97161e-09,69.0|274,411
8,9|411|9|411|cc|2|1|274|1|274|69.0,-1.82797,2.0226e-08,1.83516e-09,69.0|274,411
9,9|411|9|411|cc|2|1|274|1|274|69.0,0.531516,-6.68907e-08,1.96875e-08,69.0|274,411
1,9|411|9|411|cc|3|1|274|1|274|69.0,0.82316,4.68672e-08,1.42546e-08,69.0|274,411
2,9|411|9|411|cc|3|1|274|1|274|69.0,-0.307211,-3.35984e-08,3.26322e-08,69.0|274,411
3,9|411|9|411|cc|3|1|274|1|274|69.0,1.21579,5.26679e-09,-3.97538e-08,69.0|274,411
4,9|411|9|411|cc|3|1|274|1|274|69.0,1.99023,1.32989e-08,-3.70866e-08,69.0|274,411
5,9|411|9|411|cc|3|1|274|1|274|69.0,-1.29405,-2.04652e-08,-4.54505e-08,69.0|274,411
6,9|411|9|411|cc|3|1|274|1|274|69.0,3.01136,1.7371e-08,8.47943e-08,69.0|274,411
7,9|411|9|411|cc|3|1|274|1|274|69.0,1.30371,-3.18423e-10,-2.75119e-08,69.0|274,411
8,9|411|9|411|cc|3|1|274|1|274|69.0,1.41848,-3.52162e-08,-7.43132e-09,69.0|274,411
9,9|411|9|411|cc|3|1|274|1|274|69.0,6.55794,-4.58328e-08,-3.36672e-08,69.0|274,411
1,9|411|9|411|cc|4|1|274|1|274|69.0,-3.12801,-4.3921e-08,4.61753e-08,69.0|274,411
2,9|411|9|411|cc|4|1|274|1|274|69.0,2.21669,1.72915e-08,3.85435e-08,69.0|274,411
3,9|411|9|411|cc|4|1|274|1|274|69.0,-3.2919,-4.06178e-08,-2.84432e-08,69.0|274,411
4,9|411|9|411|cc|4|1|274|1|274|69.0,-3.95889,2.91064e-08,-4.00428e-08,69.0|274,411
5,9|411|9|411|cc|4|1|274|1|274|69.0,1.71919,1.45257e-08,-3.84569e-08,69.0|274,411
6,9|411|9|411|cc|4|1|274|1|274|69.0,-0.0807722,-6.18051e-10,3.29224e-09,69.0|274,411
7,9|411|9|411|cc|4|1|274|1|274|69.0,-1.72271,1.08832e-08,-4.91465e-09,69.0|274,411
8,9|411|9|411|cc|4|1|274|1|274|69.0,-5.21508,2.0542e-08,-1.32174e-08,69.0|274,411
9,9|411|9|411|cc|4|1|274|1|274|69.0,-2.08308,-4.63584e-09,3.65529e-08,69.0|274,411
1,9|411|9|411|cc|5|1|274|1|274|69.0,0.234953,-3.27404e-08,1.93908e-08,69.0|274,411
2,9|411|9|411|cc|5|1|274|1|274|69.0,1.89864,1.82873e-08,-2.14454e-08,69.0|274,411
3,9|411|9|411|cc|5|1|274|1|274|69.0,-4.64995,-5.19775e-09,-7.95096e-11,69.0|274,411
4,9|411|9|411|cc|5|1|274|1|274|69.0,1.5861,-1.63147e-08,-5.50034e-08,69.0|274,411
5,9|411|9|411|cc|5|1|274|1|274|69.0,-0.513354,-2.57906e-08,-1.12235e-08,69.0|274,411
6,9|411|9|411|cc|5|1|274|1|274|69.0,1.4488,-8.94057e-09,2.35849e-08,69.0|274,411
7,9|411|9|411|cc|5|1|274|1|274|69.0,-1.54264,7.0282e-08,-2.97617e-08,69.0|274,411
8,9|411|9|411|cc|5|1|274|1|274|69.0,-3.04404,2.22911e-08,1.57738e-08,69.0|274,411
9,9|411|9|411|cc|5|1|274|1|274|69.0,-2.46804,-9.14236e-09,-1.32659e-08,69.0|274,411
1,9|411|9|411|cc|6|1|274|1|274|69.0,-0.778048,-1.49696e-08,-1.0128e-08,69.0|274,411
2,9|411|9|411|cc|6|1|274|1|274|69.0,3.17494,2.27948e-08,-4.03058e-08,69.0|274,411
3,9|411|9|411|cc|6|1|274|1|274|69.0,3.77274,1.51607e-08,6.05389e-08,69.0|274,411
4,9|411|9|411|cc|6|1|274|1|274|69.0,3.64361,7.06147e-08,-5.39992e-08,69.0|274,411
5,9|411|9|411|cc|6|1|274|1|274|69.0,1.57135,-1.13604e-08,-2.57264e-08,69.0|274,411
6,9|411|9|411|cc|6|1|274|1|274|69.0,-4.88497,-3.04869e-08,1.56547e-08,69.0|274,411
7,9|411|9|411|cc|6|1|274|1|274|69.0,3.12071,1.23391e-08,-4.27453e-08,69.0|274,411
8,9|411|9|411|cc|6|1|274|1|274|69.0,-2.01372,1.76742e-08,-1.69844e-08,69.0|274,411
9,9|411|9|411|cc|6|1|274|1|274|69.0,0.65088,-1.75763e-08,1.84697e-08,69.0|274,411
1,9|411|9|411|cc|7|1|274|1|274|69.0,1.73915,7.23739e-09,2.81382e-09,69.0|274,411
2,9|411|9|411|cc|7|1|274|1|274|69.0,0.640533,-1.20182e-08,-6.13866e-08,69.0|274,411
3,9|411|9|411|cc|7|1|274|1|274|69.0,-4.04209,-8.17182e-09,-8.58384e-09,69.0|274,411
4,9|411|9|411|cc|7|1|274|1|274|69.0,0.248482,-2.31735e-08,2.16717e-09,69.0|274,411
5,9|411|9|411|cc|7|1|274|1|274|69.0,1.40403,4.75679e-08,5.37365e-08,69.0|274,411
6,9|411|9|411|cc|7|1|274|1|274|69.0,2.05256,-7.55346e-09,5.72515e-08,69.0|274,411
7,9|411|9|411|cc|7|1|274|1|274|69.0,3.4645,-4.47856e-09,2.55736e-08,69.0|274,411
8,9|411|9|411|cc|7|1|274|1|274|69.0,2.89962,2.34899e-08,2.58312e-08,69.0|274,411
9,9|411|9|411|cc|7|1|274|1|274|69.0,-1.20007,-4.74822e-08,5.07181e-08,69.0|274,411
1,9|411|9|411|cc|8|1|274|1|274|69.0,1.72012,3.05633e-08,-2.83903e-08,69.0|274,411
2,9|411|9|411|cc|8|1|274|1|274|69.0,-2.46074,-1.60978e-08,-1.60518e-08,69.0|274,411
3,9|411|9|411|cc|8|1|274|1|274|69.0,-0.63862,5.38486e-08,4.20557e-08,69.0|274,411
4,9|411|9|411|cc|8|1|274|1|274|69.0,-0.307055,-3.31568e-08,8.99582e-09,69.0|274,411
5,9|411|9|411|cc|8|1|274|1|274|69.0,-2.50736,2.90156e-08,-1.96736e-08,69.0|274,411
6,9|411|9|411|cc|8|1|274|1|274|69.0,-2.1232,2.52718e-08,-3.85934e-08,69.0|274,411
7,9|411|9|411|cc|8|1|274|1|274|69.0,0.0896966,1.54475e-09,4.34734e-08,69.0|274,411
8,9|411|9|411|cc|8|1|274|1|274|69.0,0.331298,2.60577e-08,1.95503e-09,69.0|274,411
9,9|411|9|411|cc|8|1|274|1|274|69.0,-0.126191,-1.89912e-08,2.03134e-08,69.0|274,411
1,9|411|9|411|vc|1|2|274|2|274|69.0,-1.85516,9.56722e-09,3.02152e-08,69.0|274,411
2,9|411|9|411|vc|1|2|274|2|274|69.0,-2.0867,4.17538e-08,4.26311e-09,69.0|274,411
3,9|411|9|411|vc|1|2|274|2|274|69.0,2.53223,3.11074e-08,8.14509e-09,69.0|274,411
4,9|411|9|411|vc|1|2|274|2|274|69.0,2.18619,1.86061e-08,6.95172e-08,69.0|274,411
5,9|411|9|411|vc|1|2|274|2|274|69.0,-6.50649,5.2632e-09,-9.75298e-09,69.0|274,411
6,9|411|9|411|vc|1|2|274|2|274|69.0,2.39471,-6.07494e-09,-2.96209e-08,69.0|274,411
7,9|411|9|411|vc|1|2|274|2|274|69.0,1.20427,1.85455e-08,-4.6127e-08,69.0|274,411
8,9|411|9|411|vc|1|2|274|2|274|69.0,-0.832622,2.41866e-08,1.63648e-08,69.0|274,411
9,9|411|9|411|vc|1|2|274|2|274|69.0,0.529202,-7.79997e-09,-6.60584e-09,69.0|274,411
1,9|411|9|411|vc|2|2|274|2|274|69.0,-0.524595,-3.36979e-08,8.9039e-09,69.0|274,411
2,9|411|9|411|vc|2|2|274|2|274|69.0,2.7837,-3.59743e-08,-6.49095e-09,69.0|274,411
3,9|411|9|411|vc|2|2|274|2|274|69.0,-1.9109,-6.51025e-09,2.31014e-08,69.0|274,411
4,9|411|9|411|vc|2|2|274|2|274|69.0,0.121301,3.23604e-08,3.26211e-09,69.0|274,411
5,9|411|9|411|vc|2|2|274|2|274|69.0,2.64187,4.75686e-08,2.36278e-08,69.0|274,411
6,9|411|9|411|vc|2|2|274|2|274|69.0,-4.17216,-5.24251e-09,3.49594e-08,69.0|274,411
7,9|411|9|411|vc|2|2|274|2|274|69.0,1.45095,-1.64378e-08,-2.1126e-08,69.0|274,411
8,9|411|9|411|vc|2|2|274|2|274|69.0,0.942068,7.29659e-09,-6.80089e-09,69.0|274,411
9,9|411|9|411|vc|2|2|274|2|274|69.0,-2.13019,2.62805e-08,9.2216e-09,69.0|274,411
1,9|411|9|411|vc|3|2|274|2|274|69.0,-1.4513,-3.64871e-10,-1.84058e-08,69.0|274,411
2,9|411|9|411|vc|3|2|274|2|274|69.0,-4.13683,-6.89925e-09,2.18169e-08,69.0|274,411
3,9|411|9|411|vc|3|2|274|2|274|69.0,-1.71965,-3.85761e-08,-1.48644e-08,69.0|274,411
4,9|411|9|411|vc|3|2|274|2|274|69.0,-2.63089,1.42332e-08,-9.55473e-10,69.0|274,411
5,9|411|9|411|vc|3|2|274|2|274|69.0,-0.446232,9.68401e-09,-2.9157e-08,69.0|274,411
6,9|411|9|411|vc|3|2|274|2|274|69.0,2.26372,1.62888e-08,3.76181e-08,69.0|274,411
7,9|411|9|411|vc|3|2|274|2|274|69.0,-2.06007,3.29051e-09,3.44683e-08,69.0|274,411
8,9|411|9|411|vc|3|2|274|2|274|69.0,1.12703,-1.10389e-09,-2.49014e-08,69.0|274,411
9,9|411|9|411|vc|3|2|274|2|274|69.0,-1.89521,2.28966e-08,-2.26985e-08,69.0|274,411
1,9|411|9|411|vc|4|2|274|2|274|69.0,2.34417,-8.37711e-09,3.30835e-08,69.0|274,411
2,9|411|9|411|vc|4|2|274|2|274|69.0,3.93988,2.19586e-08,-2.63923e-08,69.0|274,411
3,9|411|9|411|vc|4|2|274|2|274|69.0,-0.16121,1.2546e-08,8.67714e-10,69.0|274,411
4,9|411|9|411|vc|4|2|274|2|274|69.0,-2.30425,-1.7021e-08,-2.42615e-08,69.0|274,411
5,9|411|9|411|vc|4|2|274|2|274|69.0,-2.15728,-6.39198e-08,5.26043e-08,69.0|274,411
6,9|411|9|411|vc|4|2|274|2|274|69.0,2.53269,3.38064e-08,1.64267e-09,69.0|274,411
7,9|411|9|411|vc|4|2|274|2|274|69.0,3.72951,2.39869e-08,-5.3711e-10,69.0|274,411
8,9|411|9|411|vc|4|2|274|2|274|69.0,-0.687582,-4.02086e-09,1.86452e-08,69.0|274,411
9,9|411|9|411|vc|4|2|274|2|274|69.0,-0.491263,-1.24726e-08,-3.38049e-09,69.0|274,411
1,9|411|9|411|vc|5|2|274|2|274|69.0,-0.415571,4.25347e-08,-1.15038e-08,69.0|274,411
2,9|411|9|411|vc|5|2|274|2|274|69.0,-2.20867,3.75641e-08,9.71372e-08,69.0|274,411
3,9|411|9|411|vc|5|2|274|2|274|69.0,-3.84939,3.18443e-08,-2.19497e-08,69.0|274,411
4,9|411|9|411|vc|5|2|274|2|274|69.0,1.56776,-2.3943e-08,-2.94382e-08,69.0|274,411
5,9|411|9|411|vc|5|2|274|2|274|69.0,2.70087,2.22115e-08,3.13962e-08,69.0|274,411
6,9|411|9|411|vc|5|2|274|2|274|69.0,2.93875,-4.80136e-08,-2.92594e-08,69.0|274,411
7,9|411|9|411|vc|5|2|274|2|274|69.0,0.89274,-9.98797e-09,-1.91254e-08,69.0|274,411
8,9|411|9|411|vc|5|2|274|2|274|69.0,-0.0547871,-1.48892e-09,-2.04231e-08,69.0|274,411
9,9|411|9|411|vc|5|2|274|2|274|69.0,-1.98721,-3.73695e-09,-4.94864e-08,69.0|274,411
1,9|411|9|411|vc|6|2|274|2|274|69.0,-0.302066,-1.63948e-08,2.16086e-08,69.0|274,411
2,9|411|9|411|vc|6|2|274|2|274|69.0,-2.77072,-1.10545e-08,6.88378e-09,69.0|274,411
3,9|411|9|411|vc|6|2|274|2|274|69.0,-1.9256,-9.84196e-09,3.71215e-08,69.0|274,411
4,9|411|9|411|vc|6|2|274|2|274|69.0,-1.37042,7.67712e-09,2.46045e-08,69.0|274,411
5,9|411|9|411|vc|6|2|274|2|274|69.0,1.54296,-2.58782e-08,-1.23844e-08,69.0|274,411
6,9|411|9|411|vc|6|2|274|2|274|69.0,-2.78734,-2.91964e-08,-4.38828e-08,69.0|274,411
7,9|411|9|411|vc|6|2|274|2|274|69.0,-0.713655,3.55917e-08,1.88078e-08,69.0|274,411
8,9|411|9|411|vc|6|2|274|2|274|69.0,-0.286652,-1.10144e-08,-6.59189e-08,69.0|274,411
9,9|411|9|411|vc|6|2|274|2|274|69.0,0.101525,1.97852e-09,3.98691e-08,69.0|274,411
1,9|411|9|411|vc|7|2|274|2|274|69.0,0.732838,2.73206e-08,-2.70961e-08,69.0|274,411
2,9|411|9|411|vc|7|2|274|2|274|69.0,-4.71298,1.34397e-08,-2.26848e-08,69.0|274,411
3,9|411|9|411|vc|7|2|274|2|274|69.0,-0.130889,7.302e-09,2.88312e-08,69.0|274,411
4,9|411|9|411|vc|7|2|274|2|274|69.0,-0.561953,-6.34609e-09,-4.11595e-09,69.0|274,411
5,9|411|9|411|vc|7|2|274|2|274|69.0,1.4261,7.26077e-09,6.06246e-09,69.0|274,411
6,9|411|9|411|vc|7|2|274|2|274|69.0,1.4193,-3.61737e-08,-6.28835e-08,69.0|274,411
7,9|411|9|411|vc|7|2|274|2|274|69.0,-0.18926,-3.04441e-08,-3.34835e-08,69.0|274,411
8,9|411|9|411|vc|7|2|274|2|274|69.0,-2.79676,-1.32467e-08,-5.18505e-08,69.0|274,411
9,9|411|9|411|vc|7|2|274|2|274|69.0,-2.60196,-5.47066e-09,1.64199e-08,69.0|274,411
1,9|411|9|411|vc|8|2|274|2|274|69.0,-0.37461,-4.05623e-09,9.51948e-09,69.0|274,411
2,9|411|9|411|vc|8|2|274|2|274|69.0,-0.592247,4.83471e-08,-9.58407e-08,69.0|274,411
3,9|411|9|411|vc|8|2|274|2|274|69.0,-3.14459,2.74897e-08,-1.50799e-08,69.0|274,411
4,9|411|9|411|vc|8|2|274|2|274|69.0,-1.66071,-4.33802e-08,-1.45023e-08,69.0|274,411
5,9|411|9|411|vc|8|2|274|2|274|69.0,-2.13237,-6.61265e-09,-1.69041e-08,69.0|274,411
6,9|411|9|411|vc|8|2|274|2|274|69.0,-2.22626,-5.79116e-09,6.05825e-09,69.0|274,411
7,9|411|9|411|vc|8|2|274|2|274|69.0,1.68955,5.60408e-09,-7.03683e-11,69.0|274,411
8,9|411|9|411|vc|8|2|274|2|274|69.0,0.837665,-5.55739e-08,-4.17742e-09,69.0|274,411
9,9|411|9|411|vc|8|2|274|2|274|69.0,-2.31389,-5.02627e-08,2.04695e-08,69.0|274,411
1,8|152|8|152|sample|8|322|8|322|65.0,-1.51661,-1.73715e-08,-1.61512e-08,65.0|322,152
2,8|152|8|152|sample|8|322|8|322|65.0,-1.64517,1.75421e-08,-8.80569e-10,65.0|322,152
3,8|152|8|152|sample|8|322|8|322|65.0,-1.35938,2.16381e-08,1.02798e-08,65.0|322,152
4,8|152|8|152|sample|8|322|8|322|65.0,-1.4913,5.71e-08,2.45916e-08,65.0|322,152
5,8|152|8|152|sample|8|322|8|322|65.0,-1.4913,-8.27695e-09,-5.58116e-09,65.0|322,152
6,8|152|8|152|sample|8|322|8|322|65.0,-1.53414,-5.35996e-08,-3.14987e-08,65.0|322,152
7,8|152|8|152|sample|8|322|8|322|65.0,-1.61286,-8.80206e-09,4.82594e-08,65.0|322,152
8,8|152|8|152|sample|8|322|8|322|65.0,-1.55873,3.19266e-08,-5.2974e-09,65.0|322,152
9,8|152|8|152|sample|8|322|8|322|65.0,-1.76068,-4.5667e-09,-5.16509e-08,65.0|322,152
1,8|152|8|152|sample|7|322|7|322|65.0,-1.29988,2.32479e-08,5.76492e-08,65.0|322,152
2,8|152|8|152|sample|7|322|7|322|65.0,-1.53727,-2.26317e-08,-4.47489e-08,65.0|322,152
3,8|152|8|152|sample|7|322|7|322|65.0,-1.53727,6.07016e-09,-8.68413e-09,65.0|322,152
4,8|152|8|152|sample|7|322|7|322|65.0,-1.41581,2.21371e-08,4.9195e-08,65.0|322,152
5,8|152|8|152|sample|7|322|7|322|65.0,-1.41581,-7.69326e-08,4.53253e-09,65.0|322,152
6,8|152|8|152|sample|7|322|7|322|65.0,-1.38271,-1.49107e-08,2.64215e-08,65.0|322,152
7,8|152|8|152|sample|7|322|7|322|65.0,-1.38271,-3.23532e-08,-9.2586e-08,65.0|322,152
8,8|152|8|152|sample|7|322|7|322|65.0,-1.53711,-7.74215e-08,1.76618e-08,65.0|322,152
9,8|152|8|152|sample|7|322|7|322|65.0,-1.51083,-2.20737e-08,1.08736e-08,65.0|322,152
1,8|152|8|152|sample|6|322|6|322|65.0,-1.53542,2.22047e-08,-4.30213e-08,65.0|322,152
2,8|152|8|152|sample|6|322|6|322|65.0,-1.53542,-1.22137e-08,-2.82971e-08,65.0|322,152
3,8|152|8|152|sample|6|322|6|322|65.0,-1.53542,8.10407e-08,3.61447e-09,65.0|322,152
4,8|152|8|152|sample|6|322|6|322|65.0,-1.47342,4.32564e-09,-9.89833e-10,65.0|322,152
5,8|152|8|152|sample|6|322|6|322|65.0,-1.56064,-7.33582e-09,-4.60012e-08,65.0|322,152
6,8|152|8|152|sample|6|322|6|322|65.0,-1.54633,-3.18813e-08,-5.8692e-08,65.0|322,152
7,8|152|8|152|sample|6|322|6|322|65.0,-1.58341,1.36831e-08,-4.21688e-08,65.0|322,152
8,8|152|8|152|sample|6|322|6|322|65.0,-1.58341,-5.90741e-09,1.1015e-08,65.0|322,152
9,8|152|8|152|sample|6|322|6|322|65.0,-1.35733,4.10754e-09,2.63281e-08,65.0|322,152
1,8|152|8|152|sample|5|322|5|322|65.0,-1.66013,3.30532e-08,-2.7568e-08,65.0|322,152
2,8|152|8|152|sample|5|322|5|322|65.0,-1.75016,2.01827e-08,2.79475e-09,65.0|322,152
3,8|152|8|152|sample|5|322|5|322|65.0,-1.72663,-5.30189e-09,2.65011e-08,65.0|322,152
4,8|152|8|152|sample|5|322|5|322|65.0,-1.72663,-4.49236e-08,4.34419e-08,65.0|322,152
5,8|152|8|152|sample|5|322|5|322|65.0,-1.70774,1.9563e-08,-5.36852e-08,65.0|322,152
6,8|152|8|152|sample|5|322|5|322|65.0,-1.3797,9.35718e-09,3.5316e-08,65.0|322,152
7,8|152|8|152|sample|5|322|5|322|65.0,-1.66079,3.06085e-08,1.74531e-08,65.0|322,152
8,8|152|8|152|sample|5|322|5|322|65.0,-1.60333,-1.80226e-08,1.42091e-08,65.0|322,152
9,8|152|8|152|sample|5|322|5|322|65.0,-1.65156,9.12892e-09,8.70765e-10,65.0|322,152
1,8|152|8|152|sample|12|322|12|322|28.0,-2.76037,4.61634e-08,3.01328e-08,28.0|322,152
2,8|152|8|152|sample|12|322|12|322|28.0,-2.76037,-5.90913e-08,1.12784e-08,28.0|322,152
3,8|152|8|152|sample|12|322|12|322|28.0,-2.76037,4.46057e-09,5.7071e-08,28.0|322,152
4,8|152|8|152|sample|12|322|12|322|28.0,-2.75635,-4.35658e-08,4.16467e-08,28.0|322,152
5,8|152|8|152|sample|12|322|12|322|28.0,-2.75635,1.38436e-08,-3.76865e-08,28.0|322,152
6,8|152|8|152|sample|12|322|12|322|28.0,-2.75635,1.05617e-08,-3.88609e-08,28.0|322,152
7,8|152|8|152|sample|12|322|12|322|28.0,-2.95395,5.10709e-09,5.83965e-09,28.0|322,152
8,8|152|8|152|sample|12|322|12|322|28.0,-2.62451,-2.5552e-09,-1.90618e-09,28.0|322,152
9,8|152|8|152|sample|12|322|12|322|28.0,-2.62451,-2.95403e-08,5.25386e-08,28.0|322,152
1,8|152|8|152|sample|11|322|11|322|28.0,-2.70282,-1.03414e-09,-3.98656e-09,28.0|322,152
2,8|152|8|152|sample|11|322|11|322|28.0,-2.70282,1.55669e-08,2.99701e-09,28.0|322,152
3,8|152|8|152|sample|11|322|11|322|28.0,-2.75352,4.36938e-09,-3.09658e-08,28.0|322,152
4,8|152|8|152|sample|11|322|11|322|28.0,-2.72281,-1.46588e-09,8.93996e-09,28.0|322,152
5,8|152|8|152|sample|11|322|11|322|28.0,-2.55599,-4.49e-08,-8.58265e-09,28.0|322,152
6,8|152|8|152|sample|11|322|11|322|28.0,-2.55599,3.34885e-08,-6.97485e-09,28.0|322,152
7,8|152|8|152|sample|11|322|11|322|28.0,-2.55599,1.74356e-08,-1.01544e-08,28.0|322,152
8,8|152|8|152|sample|11|322|11|322|28.0,-2.55599,1.28672e-09,1.92809e-08,28.0|322,152
9,8|152|8|152|sample|11|322|11|322|28.0,-2.76924,1.08004e-08,4.02028e-09,28.0|322,152
1,8|152|8|152|sample|10|322|10|322|28.0,-2.831,6.98492e-09,-4.02378e-08,28.0|322,152
2,8|152|8|152|sample|10|322|10|322|28.0,-2.50202,6.02379e-08,3.14294e-08,28.0|322,152
3,8|152|8|152|sample|10|322|10|322|28.0,-2.48956,1.39925e-08,2.81798e-09,28.0|322,152
4,8|152|8|152|sample|10|322|10|322|28.0,-2.75152,-1.93134e-08,3.01062e-08,28.0|322,152
5,8|152|8|152|sample|10|322|10|322|28.0,-2.68292,2.2328e-08,-1.40106e-08,28.0|322,152
6,8|152|8|152|sample|10|322|10|322|28.0,-2.68292,-7.73663e-09,-1.02571e-08,28.0|322,152
7,8|152|8|152|sample|10|322|10|322|28.0,-2.70001,7.38891e-09,2.17385e-08,28.0|322,152
8,8|152|8|152|sample|10|322|10|322|28.0,-2.70001,3.38251e-09,1.46275e-08,28.0|322,152
9,8|152|8|152|sample|10|322|10|322|28.0,-2.66042,1.64622e-08,-5.02164e-09,28.0|322,152
1,8|152|8|152|sample|9|322|9|322|28.0,-2.44636,7.39827e-09,-4.47216e-08,28.0|322,152
2,8|152|8|152|sample|9|322|9|322|28.0,-2.5952,-1.46892e-08,-1.52458e-08,28.0|322,152
3,8|152|8|152|sample|9|322|9|322|28.0,-2.5952,5.0269e-08,1.55416e-08,28.0|322,152
4,8|152|8|152|sample|9|322|9|322|28.0,-2.5952,-4.40692e-09,2.54676e-08,28.0|322,152
5,8|152|8|152|sample|9|322|9|322|28.0,-2.2478,-2.2771e-08,-5.2443e-09,28.0|322,152
6,8|152|8|152|sample|9|322|9|322|28.0,-2.68964,-1.93028e-08,2.80746e-08,28.0|322,152
7,8|152|8|152|sample|9|322|9|322|28.0,-2.33903,4.51151e-09,-4.17784e-08,28.0|322,152
8,8|152|8|152|sample|9|322|9|322|28.0,-2.68059,1.82648e-08,3.83529e-08,28.0|322,152
9,8|152|8|152|sample|9|322|9|322|28.0,-2.59806,-5.86362e-10,-5.52986e-09,28.0|322,152
1,8|152|8|152|sample|3|322|3|322|22.0,-2.14583,4.72611e-10,1.62889e-09,22.0|322,152
2,8|152|8|152|sample|3|322|3|322|22.0,-2.14583,8.67045e-09,-7.70466e-10,22.0|322,152
3,8|152|8|152|sample|3|322|3|322|22.0,-1.95018,-8.35741e-08,4.05767e-09,22.0|322,152
4,8|152|8|152|sample|3|322|3|322|22.0,-2.0235,2.16956e-09,-2.95922e-08,22.0|322,152
5,8|152|8|152|sample|3|322|3|322|22.0,-2.0235,8.71063e-10,2.83753e-08,22.0|322,152
6,8|152|8|152|sample|3|322|3|322|22.0,-2.0235,2.53853e-08,-3.65293e-08,22.0|322,152
7,8|152|8|152|sample|3|322|3|322|22.0,-1.88109,-1.68999e-08,-5.08185e-08,22.0|322,152
8,8|152|8|152|sample|3|322|3|322|22.0,-1.89543,-1.88635e-08,-5.06096e-08,22.0|322,152
9,8|152|8|152|sample|3|322|3|322|22.0,-2.19461,2.14303e-08,-2.04284e-08,22.0|322,152
1,8|152|8|152|sample|4|322|4|322|22.0,-1.73629,1.85938e-08,3.06805e-08,22.0|322,152
2,8|152|8|152|sample|4|322|4|322|22.0,-1.98127,-1.52255e-08,-4.56042e-08,22.0|322,152
3,8|152|8|152|sample|4|322|4|322|22.0,-1.97043,-2.05093e-08,-1.30331e-08,22.0|322,152
4,8|152|8|152|sample|4|322|4|322|22.0,-1.74811,3.24447e-08,-1.83102e-08,22.0|322,152
5,8|152|8|152|sample|4|322|4|322|22.0,-1.88583,-3.78911e-08,-3.73801e-08,22.0|322,152
6,8|152|8|152|sample|4|322|4|322|22.0,-1.88583,1.43985e-08,1.41739e-08,22.0|322,152
7,8|152|8|152|sample|4|322|4|322|22.0,-1.78066,7.94937e-09,1.91106e-08,22.0|322,152
8,8|152|8|152|sample|4|322|4|322|22.0,-1.92962,-9.94093e-09,8.28485e-08,22.0|322,152
9,8|152|8|152|sample|4|322|4|322|22.0,-1.99976,5.79211e-08,-1.35735e-08,22.0|322,152
1,8|152|8|152|cc|1|1|322|1|322|69.0,6.88609,-3.18843e-08,-4.46356e-08,69.0|322,152
2,8|152|8|152|cc|1|1|322|1|322|69.0,0.613971,7.32309e-09,3.96528e-08,69.0|322,152
3,8|152|8|152|cc|1|1|322|1|322|69.0,1.70962,-1.49453e-08,2.72168e-08,69.0|322,152
4,8|152|8|152|cc|1|1|322|1|322|69.0,-1.44014,2.33487e-08,2.65495e-08,69.0|322,152
5,8|152|8|152|cc|1|1|322|1|322|69.0,-2.876,3.0039e-09,4.91879e-09,69.0|322,152
6,8|152|8|152|cc|1|1|322|1|322|69.0,1.75139,-2.25037e-08,-1.02261e-08,69.0|322,152
7,8|152|8|152|cc|1|1|322|1|322|69.0,2.14108,-2.43667e-09,2.9625e-09,69.0|322,152
8,8|152|8|152|cc|1|1|322|1|322|69.0,0.146685,-3.97394e-08,4.03138e-08,69.0|322,152
9,8|152|8|152|cc|1|1|322|1|322|69.0,-3.26037,1.82678e-08,-2.19268e-08,69.0|322,152
1,8|152|8|152|cc|2|1|322|1|322|69.0,2.34927,-3.09237e-09,4.82013e-09,69.0|322,152
2,8|152|8|152|cc|2|1|322|1|322|69.0,-0.322101,-1.17763e-08,1.44992e-09,69.0|322,152
3,8|152|8|152|cc|2|1|322|1|322|69.0,0.0219349,-9.69605e-09,-6.70832e-09,69.0|322,152
4,8|152|8|152|cc|2|1|322|1|322|69.0,-4.05366,3.1936e-09,-9.81744e-09,69.0|322,152
5,8|152|8|152|cc|2|1|322|1|322|69.0,1.64303,1.455e-08,-7.22738e-08,69.0|322,152
6,8|152|8|152|cc|2|1|322|1|322|69.0,-0.635226,5.34457e-09,-4.21906e-08,69.0|322,152
7,8|152|8|152|cc|2|1|322|1|322|69.0,-1.44581,-1.62828e-08,4.75331e-09,69.0|322,152
8,8|152|8|152|cc|2|1|322|1|322|69.0,-0.326076,8.27032e-08,-3.35922e-08,69.0|322,152
9,8|152|8|152|cc|2|1|322|1|322|69.0,1.90902,2.4177e-08,-1.44092e-08,69.0|322,152
1,8|152|8|152|cc|3|1|322|1|322|69.0,-0.847375,3.28019e-08,7.79606e-09,69.0|322,152
2,8|152|8|152|cc|3|1|322|1|322|69.0,2.69132,-3.40072e-08,-2.40691e-08,69.0|322,152
3,8|152|8|152|cc|3|1|322|1|322|69.0,2.29436,8.37917e-09,-5.90515e-08,69.0|322,152
4,8|152|8|152|cc|3|1|322|1|322|69.0,-1.99014,2.77744e-08,1.13127e-09,69.0|322,152
5,8|152|8|152|cc|3|1|322|1|322|69.0,3.27365,-2.25969e-08,2.90164e-08,69.0|322,152
6,8|152|8|152|cc|3|1|322|1|322|69.0,-0.396504,1.22079e-08,9.62967e-09,69.0|322,152
7,8|152|8|152|cc|3|1|322|1|322|69.0,-1.50598,-1.91009e-09,-2.93726e-09,69.0|322,152
8,8|152|8|152|cc|3|1|322|1|322|69.0,3.68167,2.14048e-08,-2.489e-08,69.0|322,152
9,8|152|8|152|cc|3|1|322|1|322|69.0,-0.942034,4.55299e-08,-6.55117e-09,69.0|322,152
1,8|152|8|152|cc|4|1|322|1|322|69.0,-0.0187543,-1.91094e-09,-9.55195e-08,69.0|322,152
2,8|152|8|152|cc|4|1|322|1|322|69.0,3.22856,-7.31356e-09,1.6079e-08,69.0|322,152
3,8|152|8|152|cc|4|1|322|1|322|69.0,1.28167,1.33081e-08,2.52549e-08,69.0|322,152
4,8|152|8|152|cc|4|1|322|1|322|69.0,0.430468,3.32322e-08,3.16667e-08,69.0|322,152
5,8|152|8|152|cc|4|1|322|1|322|69.0,0.0239829,1.96326e-08,3.46794e-08,69.0|322,152
6,8|152|8|152|cc|4|1|322|1|322|69.0,2.82267,3.86521e-08,2.82358e-08,69.0|322,152
7,8|152|8|152|cc|4|1|322|1|322|69.0,-0.932945,-6.22552e-08,6.54922e-08,69.0|322,152
8,8|152|8|152|cc|4|1|322|1|322|69.0,-0.369045,-2.51672e-08,3.0711e-08,69.0|322,152
9,8|152|8|152|cc|4|1|322|1|322|69.0,0.0288347,3.13146e-08,-1.17874e-08,69.0|322,152
1,8|152|8|152|cc|5|1|322|1|322|69.0,2.45997,-6.28544e-09,3.25703e-08,69.0|322,152
2,8|152|8|152|cc|5|1|322|1|322|69.0,1.73115,-4.98281e-08,-3.50825e-08,69.0|322,152
3,8|152|8|152|cc|5|1|322|1|322|69.0,2.05434,-2.17594e-08,-5.52903e-08,69.0|322,152
4,8|152|8|152|cc|5|1|322|1|322|69.0,-5.95969,1.20015e-08,2.29312e-08,69.0|322,152
5,8|152|8|152|cc|5|1|322|1|322|69.0,1.48518,-2.87538e-09,-1.18916e-08,69.0|322,152
6,8|152|8|152|cc|5|1|322|1|322|69.0,0.117532,-8.83377e-09,-6.03726e-09,69.0|322,152
7,8|152|8|152|cc|5|1|322|1|322|69.0,-2.46788,-1.4101e-08,-1.13683e-08,69.0|322,152
8,8|152|8|152|cc|5|1|322|1|322|69.0,-1.88475,-2.41435e-08,2.54825e-08,69.0|322,152
9,8|152|8|152|cc|5|1|322|1|322|69.0,5.13107,1.11217e-08,-3.89738e-08,69.0|322,152
1,8|152|8|152|cc|6|1|322|1|322|69.0,2.99091,-4.70098e-08,3.13902e-09,69.0|322,152
2,8|152|8|152|cc|6|1|322|1|322|69.0,-0.296031,-3.1965e-08,-5.6329e-10,69.0|322,152
3,8|152|8|152|cc|6|1|322|1|322|69.0,4.00595,-3.40787e-08,-3.91026e-08,69.0|322,152
4,8|152|8|152|cc|6|1|322|1|322|69.0,-1.33307,-5.58065e-08,9.23978e-09,69.0|322,152
5,8|152|8|152|cc|6|1|322|1|322|69.0,3.86123,-2.614e-08,-5.36667e-08,69.0|322,152
6,8|152|8|152|cc|6|1|322|1|322|69.0,0.212829,-1.22078e-08,-3.16954e-08,69.0|322,152
7,8|152|8|152|cc|6|1|322|1|322|69.0,-2.49729,2.91587e-08,-4.82615e-08,69.0|322,152
8,8|152|8|152|cc|6|1|322|1|322|69.0,-3.16432,-1.51477e-08,-4.47702e-08,69.0|322,152
9,8|152|8|152|cc|6|1|322|1|322|69.0,0.958162,3.442e-09,-2.54448e-08,69.0|322,152
1,8|152|8|152|cc|7|1|322|1|322|69.0,-2.60741,-1.44315e-09,4.09439e-10,69.0|322,152
2,8|152|8|152|cc|7|1|322|1|322|69.0,1.46796,2.16192e-09,-3.4914e-08,69.0|322,152
3,8|152|8|152|cc|7|1|322|1|322|69.0,-2.09147,-3.30049e-08,-3.26691e-08,69.0|322,152
4,8|152|8|152|cc|7|1|322|1|322|69.0,0.244715,2.88098e-09,1.64434e-08,69.0|322,152
5,8|152|8|152|cc|7|1|322|1|322|69.0,3.17451,4.74543e-09,-1.5674e-08,69.0|322,152
6,8|152|8|152|cc|7|1|322|1|322|69.0,1.36248,2.00157e-08,-2.73104e-08,69.0|322,152
7,8|152|8|152|cc|7|1|322|1|322|69.0,-1.92956,-2.90067e-08,3.51677e-08,69.0|322,152
8,8|152|8|152|cc|7|1|322|1|322|69.0,-1.29339,-5.48717e-08,6.46777e-09,69.0|322,152
9,8|152|8|152|cc|7|1|322|1|322|69.0,1.94038,2.24289e-08,6.85797e-08,69.0|322,152
1,8|152|8|152|cc|8|1|322|1|322|69.0,1.21871,-1.43893e-08,1.08693e-08,69.0|322,152
2,8|152|8|152|cc|8|1|322|1|322|69.0,3.3501,-4.33449e-08,-4.50951e-08,69.0|322,152
3,8|152|8|152|cc|8|1|322|1|322|69.0,1.44191,-1.90641e-09,3.37435e-08,69.0|322,152
4,8|152|8|152|cc|8|1|322|1|322|69.0,1.08694,-3.56399e-09,5.85193e-09,69.0|322,152
5,8|152|8|152|cc|8|1|322|1|322|69.0,-0.949329,4.89461e-09,3.58729e-08,69.0|322,152
6,8|152|8|152|cc|8|1|322|1|322|69.0,0.264229,5.16903e-09,3.09759e-08,69.0|322,152
7,8|152|8|152|cc|8|1|322|1|322|69.0,0.60081,-2.56631e-08,3.18698e-08,69.0|322,152
8,8|152|8|152|cc|8|1|322|1|322|69.0,2.60039,-1.48265e-09,8.71962e-09,69.0|322,152
9,8|152|8|152|cc|8|1|322|1|322|69.0,3.56484,-4.42035e-09,3.74842e-08,69.0|322,152
1,8|152|8|152|vc|1|2|322|2|322|69.0,-1.48786,1.40828e-09,5.97916e-08,69.0|322,152
2,8|152|8|152|vc|1|2|322|2|322|69.0,-2.1365,-6.43181e-09,-2.56952e-08,69.0|322,152
3,8|152|8|152|vc|1|2|322|2|322|69.0,1.68576,-1.86616e-08,-6.16476e-08,69.0|322,152
4,8|152|8|152|vc|1|2|322|2|322|69.0,6.86535,2.25982e-08,-2.748e-08,69.0|322,152
5,8|152|8|152|vc|1|2|322|2|322|69.0,4.66607,-7.5937e-09,3.49659e-08,69.0|322,152
6,8|152|8|152|vc|1|2|322|2|322|69.0,-2.42789,2.62897e-08,-1.66752e-08,69.0|322,152
7,8|152|8|152|vc|1|2|322|2|322|69.0,-0.937316,6.488e-08,6.88335e-09,69.0|322,152
8,8|152|8|152|vc|1|2|322|2|322|69.0,0.106782,-2.201e-08,2.68369e-08,69.0|322,152
9,8|152|8|152|vc|1|2|322|2|322|69.0,-0.285203,1.82348e-09,2.12262e-08,69.0|322,152
1,8|152|8|152|vc|2|2|322|2|322|69.0,0.880757,-4.08546e-09,1.0415e-08,69.0|322,152
2,8|152|8|152|vc|2|2|322|2|322|69.0,-2.07529,9.87879e-09,-5.39118e-08,69.0|322,152
3,8|152|8|152|vc|2|2|322|2|322|69.0,1.86316,1.82117e-08,3.12114e-08,69.0|322,152
4,8|152|8|152|vc|2|2|322|2|322|69.0,1.39937,5.1911e-08,5.278e-10,69.0|322,152
5,8|152|8|152|vc|2|2|322|2|322|69.0,3.83547,4.00161e-08,-7.42954e-08,69.0|322,152
6,8|152|8|152|vc|2|2|322|2|322|69.0,-2.06172,-5.53143e-09,-2.2083e-08,69.0|322,152
7,8|152|8|152|vc|2|2|322|2|322|69.0,0.630193,3.26832e-08,1.49969e-08,69.0|322,152
8,8|152|8|152|vc|2|2|322|2|322|69.0,5.14818,2.76391e-08,-7.92845e-08,69.0|322,152
9,8|152|8|152|vc|2|2|322|2|322|69.0,-0.730497,-1.0096e-08,3.15192e-08,69.0|322,152
1,8|152|8|152|vc|3|2|322|2|322|69.0,1.54733,-1.76788e-08,-1.32196e-08,69.0|322,152
2,8|152|8|152|vc|3|2|322|2|322|69.0,0.694811,3.9157e-08,-4.16587e-08,69.0|322,152
3,8|152|8|152|vc|3|2|322|2|322|69.0,-0.616571,-4.84981e-08,5.69618e-08,69.0|322,152
4,8|152|8|152|vc|3|2|322|2|322|69.0,-2.33734,5.74499e-10,-4.07917e-08,69.0|322,152
5,8|152|8|152|vc|3|2|322|2|322|69.0,0.714762,4.69301e-08,-1.00175e-08,69.0|322,152
6,8|152|8|152|vc|3|2|322|2|322|69.0,3.08452,4.00849e-08,-2.44078e-09,69.0|322,152
7,8|152|8|152|vc|3|2|322|2|322|69.0,-0.0480781,8.05431e-09,7.73647e-09,69.0|322,152
8,8|152|8|152|vc|3|2|322|2|322|69.0,-2.04414,7.07659e-09,-2.25871e-08,69.0|322,152
9,8|152|8|152|vc|3|2|322|2|322|69.0,0.0266349,1.52724e-08,1.43267e-08,69.0|322,152
1,8|152|8|152|vc|4|2|322|2|322|69.0,1.02187,-3.33666e-08,1.65265e-08,69.0|322,152
2,8|152|8|152|vc|4|2|322|2|322|69.0,-0.323525,2.82347e-08,-6.04006e-08,69.0|322,152
3,8|152|8|152|vc|4|2|322|2|322|69.0,-0.929855,1.07664e-10,-2.15835e-08,69.0|322,152
4,8|152|8|152|vc|4|2|322|2|322|69.0,1.2457,-2.25868e-08,3.62707e-08,69.0|322,152
5,8|152|8|152|vc|4|2|322|2|322|69.0,-0.901324,-5.04892e-09,-1.115e-08,69.0|322,152
6,8|152|8|152|vc|4|2|322|2|322|69.0,-3.82006,3.14979e-08,1.57666e-08,69.0|322,152
7,8|152|8|152|vc|4|2|322|2|322|69.0,1.26604,2.42415e-08,6.56912e-08,69.0|322,152
8,8|152|8|152|vc|4|2|322|2|322|69.0,0.931252,-1.28906e-08,3.47528e-10,69.0|322,152
9,8|152|8|152|vc|4|2|322|2|322|69.0,-1.92538,-9.79338e-09,1.89271e-08,69.0|322,152
1,8|152|8|152|vc|5|2|322|2|322|69.0,-0.709431,-2.66363e-08,-1.08911e-08,69.0|322,152
2,8|152|8|152|vc|5|2|322|2|322|69.0,-1.02795,2.26055e-08,1.19837e-08,69.0|322,152
3,8|152|8|152|vc|5|2|322|2|322|69.0,-2.40622,1.02077e-08,2.90829e-08,69.0|322,152
4,8|152|8|152|vc|5|2|322|2|322|69.0,-0.68074,1.09779e-08,-5.23349e-08,69.0|322,152
5,8|152|8|152|vc|5|2|322|2|322|69.0,-3.25003,2.37804e-08,2.16548e-08,69.0|322,152
6,8|152|8|152|vc|5|2|322|2|322|69.0,-3.90046,4.43373e-08,-9.21071e-08,69.0|322,152
7,8|152|8|152|vc|5|2|322|2|322|69.0,-0.479612,2.04158e-08,1.67405e-08,69.0|322,152
8,8|152|8|152|vc|5|2|322|2|322|69.0,0.781326,7.29769e-09,1.12767e-08,69.0|322,152
9,8|152|8|152|vc|5|2|322|2|322|69.0,-2.38464,3.10588e-08,5.56051e-09,69.0|322,152
1,8|152|8|152|vc|6|2|322|2|322|69.0,-1.63827,2.26065e-08,4.0466e-09,69.0|322,152
2,8|152|8|152|vc|6|2|322|2|322|69.0,1.92411,-4.40241e-08,-1.95946e-08,69.0|322,152
3,8|152|8|152|vc|6|2|322|2|322|69.0,-0.34319,4.99629e-09,2.26661e-08,69.0|322,152
4,8|152|8|152|vc|6|2|322|2|322|69.0,3.61334,-2.42021e-08,-2.40298e-08,69.0|322,152
5,8|152|8|152|vc|6|2|322|2|322|69.0,-0.314075,7.79979e-09,1.1253e-08,69.0|322,152
6,8|152|8|152|vc|6|2|322|2|322|69.0,-0.827236,1.60395e-08,2.85159e-08,69.0|322,152
7,8|152|8|152|vc|6|2|322|2|322|69.0,1.15906,-2.19142e-08,-1.36617e-08,69.0|322,152
8,8|152|8|152|vc|6|2|322|2|322|69.0,1.35372,9.46407e-09,-1.63418e-08,69.0|322,152
9,8|152|8|152|vc|6|2|322|2|322|69.0,4.65847,2.52615e-09,3.36362e-08,69.0|322,152
1,8|152|8|152|vc|7|2|322|2|322|69.0,0.17057,1.65988e-08,1.01898e-08,69.0|322,152
2,8|152|8|152|vc|7|2|322|2|322|69.0,-0.176649,2.40757e-08,-7.23728e-09,69.0|322,152
3,8|152|8|152|vc|7|2|322|2|322|69.0,2.13149,1.52961e-08,-1.36095e-08,69.0|322,152
4,8|152|8|152|vc|7|2|322|2|322|69.0,-1.44847,-3.69533e-08,-2.48359e-08,69.0|322,152
5,8|152|8|152|vc|7|2|322|2|322|69.0,4.23579,-1.14214e-08,-3.46069e-08,69.0|322,152
6,8|152|8|152|vc|7|2|322|2|322|69.0,-0.288988,-9.40456e-09,5.43457e-09,69.0|322,152
7,8|152|8|152|vc|7|2|322|2|322|69.0,-1.89356,4.01105e-09,-3.78595e-09,69.0|322,152
8,8|152|8|152|vc|7|2|322|2|322|69.0,-2.06869,-2.77638e-08,1.333e-08,69.0|322,152
9,8|152|8|152|vc|7|2|322|2|322|69.0,-0.946256,3.44539e-08,-3.14594e-08,69.0|322,152
1,8|152|8|152|vc|8|2|322|2|322|69.0,-0.21609,-1.73358e-08,1.10227e-08,69.0|322,152
2,8|152|8|152|vc|8|2|322|2|322|69.0,2.2793,6.07038e-10,-3.632e-08,69.0|322,152
3,8|152|8|152|vc|8|2|322|2|322|69.0,1.0744,1.30408e-08,4.54787e-08,69.0|322,152
4,8|152|8|152|vc|8|2|322|2|322|69.0,-3.74058,-2.26608e-08,-1.42261e-08,69.0|322,152
5,8|152|8|152|vc|8|2|322|2|322|69.0,3.27251,1.15018e-08,-2.99095e-08,69.0|322,152
6,8|152|8|152|vc|8|2|322|2|322|69.0,2.45428,-1.97633e-08,7.49439e-08,69.0|322,152
7,8|152|8|152|vc|8|2|322|2|322|69.0,-0.543075,-5.7142e-10,1.31726e-08,69.0|322,152
8,8|152|8|152|vc|8|2|322|2|322|69.0,-1.0902,3.35246e-09,-2.75827e-08,69.0|322,152
9,8|152|8|152|vc|8|2|322|2|322|69.0,3.78496,2.71299e-08,3.22819e-08,69.0|322,152
1,8|1056|8|1056|sample|8|276|8|276|65.0,-1.79377,-1.72793e-08,-2.73906e-08,65.0|276,1056
2,8|1056|8|1056|sample|8|276|8|276|65.0,-1.82676,-5.21187e-09,3.8545e-09,65.0|276,1056
3,8|1056|8|1056|sample|8|276|8|276|65.0,-1.81105,2.49457e-08,-1.22515e-08,65.0|276,1056
4,8|1056|8|1056|sample|8|276|8|276|65.0,-1.88316,2.68776e-11,-4.34602e-08,65.0|276,1056
5,8|1056|8|1056|sample|8|276|8|276|65.0,-2.01123,2.05536e-08,-3.37699e-08,65.0|276,1056
6,8|1056|8|1056|sample|8|276|8|276|65.0,-2.01123,-3.86495e-08,-3.67232e-08,65.0|276,1056
7,8|1056|8|1056|sample|8|276|8|276|65.0,-2.01123,-1.83044e-09,-1.29232e-08,65.0|276,1056
8,8|1056|8|1056|sample|8|276|8|276|65.0,-1.9427,-2.5684e-08,-2.26147e-08,65.0|276,1056
9,8|1056|8|1056|sample|8|276|8|276|65.0,-1.9427,-3.93634e-08,-3.66477e-09,65.0|276,1056
1,8|1056|8|1056|sample|7|276|7|276|65.0,-1.89429,-3.15297e-08,-5.24364e-08,65.0|276,1056
2,8|1056|8|1056|sample|7|276|7|276|65.0,-2.00607,1.47237e-09,-6.71018e-08,65.0|276,1056
3,8|1056|8|1056|sample|7|276|7|276|65.0,-1.85906,1.46458e-08,5.4146e-08,65.0|276,1056
4,8|1056|8|1056|sample|7|276|7|276|65.0,-1.85906,2.44951e-08,-8.52002e-09,65.0|276,1056
5,8|1056|8|1056|sample|7|276|7|276|65.0,-1.84864,-2.85705e-08,2.68464e-08,65.0|276,1056
6,8|1056|8|1056|sample|7|276|7|276|65.0,-1.84864,7.01662e-09,-2.91373e-09,65.0|276,1056
7,8|1056|8|1056|sample|7|276|7|276|65.0,-1.9798,3.03213e-08,-1.55596e-09,65.0|276,1056
8,8|1056|8|1056|sample|7|276|7|276|65.0,-1.87317,-2.09131e-08,-2.26698e-08,65.0|276,1056
9,8|1056|8|1056|sample|7|276|7|276|65.0,-1.87317,5.89493e-09,-3.85226e-09,65.0|276,1056
1,8|1056|8|1056|sample|6|276|6|276|65.0,-1.81121,-1.25986e-08,-1.95267e-08,65.0|276,1056
2,8|1056|8|1056|sample|6|276|6|276|65.0,-2.07045,-3.12813e-08,4.73221e-08,65.0|276,1056
3,8|1056|8|1056|sample|6|276|6|276|65.0,-2.07045,1.1284e-09,-7.25484e-08,65.0|276,1056
4,8|1056|8|1056|sample|6|276|6|276|65.0,-1.86167,-3.88461e-08,1.52041e-08,65.0|276,1056
5,8|1056|8|1056|sample|6|276|6|276|65.0,-1.84742,-3.19921e-09,-3.77018e-08,65.0|276,1056
6,8|1056|8|1056|sample|6|276|6|276|65.0,-1.86584,2.28012e-08,-6.82477e-10,65.0|276,1056
7,8|1056|8|1056|sample|6|276|6|276|65.0,-1.86584,-5.60397e-09,3.3046e-09,65.0|276,1056
8,8|1056|8|1056|sample|6|276|6|276|65.0,-1.90153,-1.18857e-08,1.64736e-08,65.0|276,1056
9,8|1056|8|1056|sample|6|276|6|276|65.0,-1.90153,-3.19537e-08,-2.57249e-08,65.0|276,1056
1,8|1056|8|1056|sample|5|276|5|276|65.0,-1.8873,5.71685e-08,6.24843e-08,65.0|276,1056
2,8|1056|8|1056|sample|5|276|5|276|65.0,-1.81192,1.40477e-08,1.34211e-08,65.0|276,1056
3,8|1056|8|1056|sample|5|276|5|276|65.0,-1.95985,-2.24907e-08,5.71246e-10,65.0|276,1056
4,8|1056|8|1056|sample|5|276|5|276|65.0,-2.01216,-7.41426e-09,-5.57448e-09,65.0|276,1056
5,8|1056|8|1056|sample|5|276|5|276|65.0,-1.91511,-6.28809e-09,2.03478e-08,65.0|276,1056
6,8|1056|8|1056|sample|5|276|5|276|65.0,-1.96603,2.76104e-08,-5.38627e-08,65.0|276,1056
7,8|1056|8|1056|sample|5|276|5|276|65.0,-1.96603,2.28517e-08,1.24064e-08,65.0|276,1056
8,8|1056|8|1056|sample|5|276|5|276|65.0,-1.96603,-6.48799e-09,-2.75573e-08,65.0|276,1056
9,8|1056|8|1056|sample|5|276|5|276|65.0,-1.96603,-1.3867e-08,1.64866e-08,65.0|276,1056
1,8|1056|8|1056|sample|12|276|12|276|28.0,-3.55865,-2.00796e-08,-1.71354e-08,28.0|276,1056
2,8|1056|8|1056|sample|12|276|12|276|28.0,-3.44616,1.05362e-08,-4.33542e-08,28.0|276,1056
3,8|1056|8|1056|sample|12|276|12|276|28.0,-3.5293,-1.28126e-08,4.50213e-08,28.0|276,1056
4,8|1056|8|1056|sample|12|276|12|276|28.0,-3.5293,2.68268e-08,2.35716e-08,28.0|276,1056
5,8|1056|8|1056|sample|12|276|12|276|28.0,-3.5293,4.34206e-09,2.92212e-08,28.0|276,1056
6,8|1056|8|1056|sample|12|276|12|276|28.0,-3.5293,1.25608e-08,-4.45596e-08,28.0|276,1056
7,8|1056|8|1056|sample|12|276|12|276|28.0,-3.51475,-1.02867e-09,8.38882e-09,28.0|276,1056
8,8|1056|8|1056|sample|12|276|12|276|28.0,-3.28777,1.44854e-08,-1.01594e-08,28.0|276,1056
9,8|1056|8|1056|sample|12|276|12|276|28.0,-3.39875,3.47804e-08,-9.07248e-08,28.0|276,1056
1,8|1056|8|1056|sample|11|276|11|276|28.0,-3.25801,3.71148e-08,4.05797e-08,28.0|276,1056
2,8|1056|8|1056|sample|11|276|11|276|28.0,-3.3727,-1.07637e-08,-4.01478e-08,28.0|276,1056
3,8|1056|8|1056|sample|11|276|11|276|28.0,-3.25586,2.82508e-09,-1.46259e-08,28.0|276,1056
4,8|1056|8|1056|sample|11|276|11|276|28.0,-3.25586,2.58353e-09,-2.7897e-08,28.0|276,1056
5,8|1056|8|1056|sample|11|276|11|276|28.0,-3.25586,3.85326e-08,-3.11566e-08,28.0|276,1056
6,8|1056|8|1056|sample|11|276|11|276|28.0,-3.24546,1.57849e-08,-1.29533e-08,28.0|276,1056
7,8|1056|8|1056|sample|11|276|11|276|28.0,-3.24546,1.893e-08,1.93372e-08,28.0|276,1056
8,8|1056|8|1056|sample|11|276|11|276|28.0,-3.20435,8.32976e-09,-2.64014e-08,28.0|276,1056
9,8|1056|8|1056|sample|11|276|11|276|28.0,-3.20435,-4.42191e-09,-6.04899e-09,28.0|276,1056
1,8|1056|8|1056|sample|10|276|10|276|28.0,-2.8538,2.09059e-08,3.11631e-08,28.0|276,1056
2,8|1056|8|1056|sample|10|276|10|276|28.0,-2.77331,-2.34787e-08,-2.27808e-08,28.0|276,1056
3,8|1056|8|1056|sample|10|276|10|276|28.0,-2.86062,-3.22897e-08,-1.38227e-08,28.0|276,1056
4,8|1056|8|1056|sample|10|276|10|276|28.0,-3.00858,-1.5934e-08,-3.06901e-08,28.0|276,1056
5,8|1056|8|1056|sample|10|276|10|276|28.0,-2.84318,-1.22312e-08,-4.99069e-08,28.0|276,1056
6,8|1056|8|1056|sample|10|276|10|276|28.0,-2.84318,5.25578e-09,-4.93617e-08,28.0|276,1056
7,8|1056|8|1056|sample|10|276|10|276|28.0,-2.84318,1.34966e-08,-1.42891e-08,28.0|276,1056
8,8|1056|8|1056|sample|10|276|10|276|28.0,-2.84849,-1.96058e-08,-4.17337e-08,28.0|276,1056
9,8|1056|8|1056|sample|10|276|10|276|28.0,-2.82629,5.28864e-08,-2.93046e-08,28.0|276,1056
1,8|1056|8|1056|sample|9|276|9|276|28.0,-2.76159,-1.78555e-09,-3.18995e-08,28.0|276,1056
2,8|1056|8|1056|sample|9|276|9|276|28.0,-2.83043,-4.47596e-08,-1.31782e-08,28.0|276,1056
3,8|1056|8|1056|sample|9|276|9|276|28.0,-2.65474,-8.91269e-09,1.61638e-08,28.0|276,1056
4,8|1056|8|1056|sample|9|276|9|276|28.0,-2.70363,2.05782e-08,-3.36248e-08,28.0|276,1056
5,8|1056|8|1056|sample|9|276|9|276|28.0,-2.70363,2.80091e-08,3.16286e-08,28.0|276,1056
6,8|1056|8|1056|sample|9|276|9|276|28.0,-2.86807,-1.65039e-08,-8.15603e-08,28.0|276,1056
7,8|1056|8|1056|sample|9|276|9|276|28.0,-2.86218,-1.73465e-08,-1.32991e-08,28.0|276,1056
8,8|1056|8|1056|sample|9|276|9|276|28.0,-2.86218,-6.72962e-10,-1.64279e-08,28.0|276,1056
9,8|1056|8|1056|sample|9|276|9|276|28.0,-2.86218,4.88823e-09,4.16423e-08,28.0|276,1056
1,8|1056|8|1056|sample|4|276|4|276|22.0,-2.11819,-2.29396e-08,-4.38772e-08,22.0|276,1056
2,8|1056|8|1056|sample|4|276|4|276|22.0,-2.09763,4.82324e-09,1.50322e-08,22.0|276,1056
3,8|1056|8|1056|sample|4|276|4|276|22.0,-2.13481,2.5445e-09,3.42194e-08,22.0|276,1056
4,8|1056|8|1056|sample|4|276|4|276|22.0,-2.1857,5.48358e-08,-7.43357e-08,22.0|276,1056
5,8|1056|8|1056|sample|4|276|4|276|22.0,-2.16902,5.15404e-08,2.18405e-08,22.0|276,1056
6,8|1056|8|1056|sample|4|276|4|276|22.0,-2.16902,2.83446e-08,-2.43881e-08,22.0|276,1056
7,8|1056|8|1056|sample|4|276|4|276|22.0,-2.12143,-4.21824e-08,3.54076e-08,22.0|276,1056
8,8|1056|8|1056|sample|4|276|4|276|22.0,-2.12143,-1.88395e-08,1.96323e-08,22.0|276,1056
9,8|1056|8|1056|sample|4|276|4|276|22.0,-2.12903,-1.42156e-08,9.70626e-09,22.0|276,1056
1,8|1056|8|1056|sample|3|276|3|276|22.0,-2.24129,1.91142e-08,2.71647e-08,22.0|276,1056
2,8|1056|8|1056|sample|3|276|3|276|22.0,-2.21303,1.75118e-08,8.64026e-09,22.0|276,1056
3,8|1056|8|1056|sample|3|276|3|276|22.0,-2.21303,-4.17538e-08,2.08883e-08,22.0|276,1056
4,8|1056|8|1056|sample|3|276|3|276|22.0,-2.21719,3.6281e-09,-3.97822e-08,22.0|276,1056
5,8|1056|8|1056|sample|3|276|3|276|22.0,-2.21719,-4.58976e-08,1.39935e-09,22.0|276,1056
6,8|1056|8|1056|sample|3|276|3|276|22.0,-2.16843,-4.3419e-08,-1.56111e-08,22.0|276,1056
7,8|1056|8|1056|sample|3|276|3|276|22.0,-2.16843,-2.62241e-09,2.32022e-08,22.0|276,1056
8,8|1056|8|1056|sample|3|276|3|276|22.0,-2.19328,-1.0141e-07,2.58984e-08,22.0|276,1056
9,8|1056|8|1056|sample|3|276|3|276|22.0,-2.21699,6.82814e-09,1.64868e-08,22.0|276,1056
1,8|1056|8|1056|cc|1|1|276|1|276|69.0,-2.04199,-2.08565e-08,-4.80413e-08,69.0|276,1056
2,8|1056|8|1056|cc|1|1|276|1|276|69.0,-2.0702,-2.37075e-08,-4.30944e-08,69.0|276,1056
3,8|1056|8|1056|cc|1|1|276|1|276|69.0,-2.01829,-3.61989e-08,3.32462e-08,69.0|276,1056
4,8|1056|8|1056|cc|1|1|276|1|276|69.0,0.26306,-3.56069e-08,1.53341e-08,69.0|276,1056
5,8|1056|8|1056|cc|1|1|276|1|276|69.0,0.476603,-1.72838e-08,1.25116e-08,69.0|276,1056
6,8|1056|8|1056|cc|1|1|276|1|276|69.0,-3.98633,-7.29139e-08,-2.77733e-08,69.0|276,1056
7,8|1056|8|1056|cc|1|1|276|1|276|69.0,-1.57818,-4.30323e-08,-3.39941e-08,69.0|276,1056
8,8|1056|8|1056|cc|1|1|276|1|276|69.0,-5.11769,-1.45804e-09,7.58276e-08,69.0|276,1056
9,8|1056|8|1056|cc|1|1|276|1|276|69.0,-2.39872,-3.84473e-08,1.17796e-08,69.0|276,1056
1,8|1056|8|1056|cc|2|1|276|1|276|69.0,-1.64758,3.91873e-08,-1.71562e-08,69.0|276,1056
2,8|1056|8|1056|cc|2|1|276|1|276|69.0,3.07103,4.64621e-08,-4.66996e-09,69.0|276,1056
3,8|1056|8|1056|cc|2|1|276|1|276|69.0,5.25958,7.73246e-09,-1.50493e-08,69.0|276,1056
4,8|1056|8|1056|cc|2|1|276|1|276|69.0,-1.70064,-6.89272e-10,1.10658e-08,69.0|276,1056
5,8|1056|8|1056|cc|2|1|276|1|276|69.0,1.04844,3.05558e-08,-9.03985e-08,69.0|276,1056
6,8|1056|8|1056|cc|2|1|276|1|276|69.0,3.46431,-2.14085e-08,-1.55464e-08,69.0|276,1056
7,8|1056|8|1056|cc|2|1|276|1|276|69.0,-0.779395,-1.40078e-08,3.39164e-08,69.0|276,1056
8,8|1056|8|1056|cc|2|1|276|1|276|69.0,1.09515,-1.1524e-08,-8.06643e-09,69.0|276,1056
9,8|1056|8|1056|cc|2|1|276|1|276|69.0,3.17524,1.83338e-08,-2.94143e-08,69.0|276,1056
1,8|1056|8|1056|cc|3|1|276|1|276|69.0,-1.56194,-9.4053e-10,-4.03591e-09,69.0|276,1056
2,8|1056|8|1056|cc|3|1|276|1|276|69.0,2.03954,7.25667e-09,2.94475e-09,69.0|276,1056
3,8|1056|8|1056|cc|3|1|276|1|276|69.0,1.70745,-1.05155e-08,-1.79875e-08,69.0|276,1056
4,8|1056|8|1056|cc|3|1|276|1|276|69.0,-0.982755,1.49756e-08,-3.2872e-08,69.0|276,1056
5,8|1056|8|1056|cc|3|1|276|1|276|69.0,-0.951666,6.23062e-09,-3.05128e-08,69.0|276,1056
6,8|1056|8|1056|cc|3|1|276|1|276|69.0,0.645064,-8.49055e-08,-2.89498e-08,69.0|276,1056
7,8|1056|8|1056|cc|3|1|276|1|276|69.0,-1.32533,-6.44961e-09,2.7124e-08,69.0|276,1056
8,8|1056|8|1056|cc|3|1|276|1|276|69.0,-2.03792,-2.52707e-08,3.18202e-08,69.0|276,1056
9,8|1056|8|1056|cc|3|1|276|1|276|69.0,2.84148,-7.65809e-09,2.76522e-09,69.0|276,1056
1,8|1056|8|1056|cc|4|1|276|1|276|69.0,1.92175,-2.40054e-08,-5.65197e-09,69.0|276,1056
2,8|1056|8|1056|cc|4|1|276|1|276|69.0,-0.727512,1.27285e-08,-3.77768e-08,69.0|276,1056
3,8|1056|8|1056|cc|4|1|276|1|276|69.0,-1.0286,2.92627e-08,-3.56097e-08,69.0|276,1056
4,8|1056|8|1056|cc|4|1|276|1|276|69.0,-0.197433,-5.40493e-09,-1.50165e-08,69.0|276,1056
5,8|1056|8|1056|cc|4|1|276|1|276|69.0,0.811547,5.9588e-09,-7.30339e-08,69.0|276,1056
6,8|1056|8|1056|cc|4|1|276|1|276|69.0,-0.63963,3.0252e-08,-1.76314e-08,69.0|276,1056
7,8|1056|8|1056|cc|4|1|276|1|276|69.0,-1.21896,1.13279e-08,-9.45594e-09,69.0|276,1056
8,8|1056|8|1056|cc|4|1|276|1|276|69.0,3.78767,-3.18872e-08,1.02538e-08,69.0|276,1056
9,8|1056|8|1056|cc|4|1|276|1|276|69.0,-1.20584,-7.45871e-09,4.21304e-08,69.0|276,1056
1,8|1056|8|1056|cc|5|1|276|1|276|69.0,-1.99717,2.03801e-08,-8.03923e-09,69.0|276,1056
2,8|1056|8|1056|cc|5|1|276|1|276|69.0,-0.514113,1.42533e-08,1.02917e-08,69.0|276,1056
3,8|1056|8|1056|cc|5|1|276|1|276|69.0,-5.52874,-9.63244e-09,5.87354e-09,69.0|276,1056
4,8|1056|8|1056|cc|5|1|276|1|276|69.0,0.505818,5.75597e-09,-4.65564e-08,69.0|276,1056
5,8|1056|8|1056|cc|5|1|276|1|276|69.0,2.21169,2.09986e-08,2.85824e-08,69.0|276,1056
6,8|1056|8|1056|cc|5|1|276|1|276|69.0,1.67566,-5.17156e-08,-1.55756e-08,69.0|276,1056
7,8|1056|8|1056|cc|5|1|276|1|276|69.0,0.541972,2.38026e-08,6.18787e-10,69.0|276,1056
8,8|1056|8|1056|cc|5|1|276|1|276|69.0,-2.54095,-2.49415e-09,2.46478e-08,69.0|276,1056
9,8|1056|8|1056|cc|5|1|276|1|276|69.0,1.58278,-5.05397e-09,3.5973e-08,69.0|276,1056
1,8|1056|8|1056|cc|6|1|276|1|276|69.0,-0.967608,-3.03301e-09,-1.58579e-08,69.0|276,1056
2,8|1056|8|1056|cc|6|1|276|1|276|69.0,-0.681636,6.01201e-08,-5.09408e-08,69.0|276,1056
3,8|1056|8|1056|cc|6|1|276|1|276|69.0,-2.56065,1.7556e-08,-3.8923e-08,69.0|276,1056
4,8|1056|8|1056|cc|6|1|276|1|276|69.0,1.27491,4.9726e-09,-2.37764e-08,69.0|276,1056
5,8|1056|8|1056|cc|6|1|276|1|276|69.0,-0.0827841,1.59612e-08,-2.48989e-08,69.0|276,1056
6,8|1056|8|1056|cc|6|1|276|1|276|69.0,-0.206862,4.25499e-08,2.43185e-09,69.0|276,1056
7,8|1056|8|1056|cc|6|1|276|1|276|69.0,0.047094,-1.31174e-09,1.71796e-09,69.0|276,1056
8,8|1056|8|1056|cc|6|1|276|1|276|69.0,-2.83345,1.90321e-09,-1.01329e-08,69.0|276,1056
9,8|1056|8|1056|cc|6|1|276|1|276|69.0,-1.30223,-4.34037e-08,-2.2698e-08,69.0|276,1056
1,8|1056|8|1056|cc|7|1|276|1|276|69.0,3.96025,2.68653e-08,-5.09434e-08,69.0|276,1056
2,8|1056|8|1056|cc|7|1|276|1|276|69.0,0.258889,-3.2036e-08,-2.60134e-08,69.0|276,1056
3,8|1056|8|1056|cc|7|1|276|1|276|69.0,-1.44821,3.53796e-08,-1.08703e-08,69.0|276,1056
4,8|1056|8|1056|cc|7|1|276|1|276|69.0,2.06273,7.3466e-09,-3.05636e-08,69.0|276,1056
5,8|1056|8|1056|cc|7|1|276|1|276|69.0,-2.24557,-1.08464e-08,1.32181e-08,69.0|276,1056
6,8|1056|8|1056|cc|7|1|276|1|276|69.0,1.22585,1.29123e-08,-2.56753e-08,69.0|276,1056
7,8|1056|8|1056|cc|7|1|276|1|276|69.0,2.05022,3.60471e-08,5.30405e-08,69.0|276,1056
8,8|1056|8|1056|cc|7|1|276|1|276|69.0,1.41255,6.03741e-09,-2.10738e-08,69.0|276,1056
9,8|1056|8|1056|cc|7|1|276|1|276|69.0,-1.90665,-2.04016e-08,1.06704e-08,69.0|276,1056
1,8|1056|8|1056|cc|8|1|276|1|276|69.0,1.8491,1.28053e-08,-4.98611e-09,69.0|276,1056
2,8|1056|8|1056|cc|8|1|276|1|276|69.0,-1.91456,-2.60288e-09,-2.31168e-08,69.0|276,1056
3,8|1056|8|1056|cc|8|1|276|1|276|69.0,-1.31166,-5.25132e-10,-1.16297e-08,69.0|276,1056
4,8|1056|8|1056|cc|8|1|276|1|276|69.0,-2.41827,-8.67427e-09,2.07975e-08,69.0|276,1056
5,8|1056|8|1056|cc|8|1|276|1|276|69.0,4.97716,3.85318e-08,-1.05567e-08,69.0|276,1056
6,8|1056|8|1056|cc|8|1|276|1|276|69.0,2.63121,4.28409e-08,-2.33787e-08,69.0|276,1056
7,8|1056|8|1056|cc|8|1|276|1|276|69.0,-1.75076,-2.24265e-08,-2.8126e-08,69.0|276,1056
8,8|1056|8|1056|cc|8|1|276|1|276|69.0,-0.183938,-2.90784e-09,-1.98038e-08,69.0|276,1056
9,8|1056|8|1056|cc|8|1|276|1|276|69.0,1.01221,4.00187e-08,-3.19048e-08,69.0|276,1056
1,8|1056|8|1056|vc|1|2|276|2|276|69.0,3.48475,1.58455e-08,2.11496e-08,69.0|276,1056
2,8|1056|8|1056|vc|1|2|276|2|276|69.0,-1.48492,6.41284e-11,-3.5424e-08,69.0|276,1056
3,8|1056|8|1056|vc|1|2|276|2|276|69.0,-2.62339,-2.23306e-08,9.23619e-09,69.0|276,1056
4,8|1056|8|1056|vc|1|2|276|2|276|69.0,-2.0111,-4.15068e-09,-1.58707e-08,69.0|276,1056
5,8|1056|8|1056|vc|1|2|276|2|276|69.0,-0.525628,-6.98241e-09,-2.25732e-08,69.0|276,1056
6,8|1056|8|1056|vc|1|2|276|2|276|69.0,1.63492,7.29774e-09,5.85915e-09,69.0|276,1056
7,8|1056|8|1056|vc|1|2|276|2|276|69.0,2.05787,2.78771e-08,-3.11996e-08,69.0|276,1056
8,8|1056|8|1056|vc|1|2|276|2|276|69.0,0.17857,-1.92777e-08,4.7491e-08,69.0|276,1056
9,8|1056|8|1056|vc|1|2|276|2|276|69.0,-1.73227,8.61117e-10,2.66021e-08,69.0|276,1056
1,8|1056|8|1056|vc|2|2|276|2|276|69.0,-0.500672,-3.04675e-08,-4.23876e-09,69.0|276,1056
2,8|1056|8|1056|vc|2|2|276|2|276|69.0,-3.57954,-6.16063e-11,9.47779e-08,69.0|276,1056
3,8|1056|8|1056|vc|2|2|276|2|276|69.0,-5.31561,-4.08646e-09,4.17738e-08,69.0|276,1056
4,8|1056|8|1056|vc|2|2|276|2|276|69.0,3.6421,1.74388e-08,3.27293e-08,69.0|276,1056
5,8|1056|8|1056|vc|2|2|276|2|276|69.0,4.6992,-1.21065e-08,6.68549e-09,69.0|276,1056
6,8|1056|8|1056|vc|2|2|276|2|276|69.0,4.13876,-1.94781e-08,4.85678e-08,69.0|276,1056
7,8|1056|8|1056|vc|2|2|276|2|276|69.0,-0.0323615,1.29422e-08,-1.31102e-08,69.0|276,1056
8,8|1056|8|1056|vc|2|2|276|2|276|69.0,-2.32583,2.49834e-08,-4.81304e-08,69.0|276,1056
9,8|1056|8|1056|vc|2|2|276|2|276|69.0,-1.14643,1.46523e-08,1.23906e-08,69.0|276,1056
1,8|1056|8|1056|vc|3|2|276|2|276|69.0,-1.31834,4.81146e-08,-7.94347e-09,69.0|276,1056
2,8|1056|8|1056|vc|3|2|276|2|276|69.0,-1.20523,-7.16468e-08,-4.11162e-08,69.0|276,1056
3,8|1056|8|1056|vc|3|2|276|2|276|69.0,-0.726148,1.95039e-08,8.44023e-08,69.0|276,1056
4,8|1056|8|1056|vc|3|2|276|2|276|69.0,0.838863,-3.86495e-09,6.562e-08,69.0|276,1056
5,8|1056|8|1056|vc|3|2|276|2|276|69.0,4.65744,-2.02768e-08,-3.15656e-08,69.0|276,1056
6,8|1056|8|1056|vc|3|2|276|2|276|69.0,2.34162,-5.6506e-08,-6.0257e-08,69.0|276,1056
7,8|1056|8|1056|vc|3|2|276|2|276|69.0,-0.641065,-1.70863e-08,1.12264e-08,69.0|276,1056
8,8|1056|8|1056|vc|3|2|276|2|276|69.0,0.818487,-3.01737e-08,3.39727e-08,69.0|276,1056
9,8|1056|8|1056|vc|3|2|276|2|276|69.0,4.83759,7.87504e-09,-2.1576e-08,69.0|276,1056
1,8|1056|8|1056|vc|4|2|276|2|276|69.0,-5.88045,-5.28124e-08,4.29789e-08,69.0|276,1056
2,8|1056|8|1056|vc|4|2|276|2|276|69.0,-2.42894,2.96434e-08,2.87805e-08,69.0|276,1056
3,8|1056|8|1056|vc|4|2|276|2|276|69.0,0.223872,3.50361e-08,-5.88572e-09,69.0|276,1056
4,8|1056|8|1056|vc|4|2|276|2|276|69.0,5.12005,1.31032e-08,1.24625e-08,69.0|276,1056
5,8|1056|8|1056|vc|4|2|276|2|276|69.0,1.6726,-6.5456e-09,3.21563e-08,69.0|276,1056
6,8|1056|8|1056|vc|4|2|276|2|276|69.0,-3.28126,-1.66761e-08,2.4412e-08,69.0|276,1056
7,8|1056|8|1056|vc|4|2|276|2|276|69.0,2.29128,3.67078e-08,1.36987e-08,69.0|276,1056
8,8|1056|8|1056|vc|4|2|276|2|276|69.0,-0.864837,3.4865e-08,-7.01182e-08,69.0|276,1056
9,8|1056|8|1056|vc|4|2|276|2|276|69.0,-0.26036,-6.91422e-09,7.16166e-08,69.0|276,1056
1,8|1056|8|1056|vc|5|2|276|2|276|69.0,-0.672826,1.9046e-09,-3.44486e-08,69.0|276,1056
2,8|1056|8|1056|vc|5|2|276|2|276|69.0,0.395287,1.89032e-08,1.68169e-08,69.0|276,1056
3,8|1056|8|1056|vc|5|2|276|2|276|69.0,6.38345,1.22149e-08,2.87279e-08,69.0|276,1056
4,8|1056|8|1056|vc|5|2|276|2|276|69.0,-4.42275,4.57227e-08,7.95425e-09,69.0|276,1056
5,8|1056|8|1056|vc|5|2|276|2|276|69.0,0.606117,5.79263e-10,3.89434e-08,69.0|276,1056
6,8|1056|8|1056|vc|5|2|276|2|276|69.0,0.0388866,4.60483e-09,-6.38951e-09,69.0|276,1056
7,8|1056|8|1056|vc|5|2|276|2|276|69.0,-1.16372,4.09228e-08,-2.22978e-08,69.0|276,1056
8,8|1056|8|1056|vc|5|2|276|2|276|69.0,-1.79707,4.50629e-08,3.45889e-08,69.0|276,1056
9,8|1056|8|1056|vc|5|2|276|2|276|69.0,3.58619,2.52773e-08,-5.58888e-08,69.0|276,1056
1,8|1056|8|1056|vc|6|2|276|2|276|69.0,-3.44489,-2.40909e-08,-2.15532e-08,69.0|276,1056
2,8|1056|8|1056|vc|6|2|276|2|276|69.0,-0.657556,9.19146e-09,4.17319e-08,69.0|276,1056
3,8|1056|8|1056|vc|6|2|276|2|276|69.0,-1.82596,2.62739e-10,1.02367e-08,69.0|276,1056
4,8|1056|8|1056|vc|6|2|276|2|276|69.0,0.284776,6.4651e-09,4.47609e-08,69.0|276,1056
5,8|1056|8|1056|vc|6|2|276|2|276|69.0,0.799836,-6.17769e-09,5.32856e-09,69.0|276,1056
6,8|1056|8|1056|vc|6|2|276|2|276|69.0,-3.66033,3.89608e-09,-1.58546e-08,69.0|276,1056
7,8|1056|8|1056|vc|6|2|276|2|276|69.0,5.86209,4.67517e-08,1.32392e-08,69.0|276,1056
8,8|1056|8|1056|vc|6|2|276|2|276|69.0,-2.14211,5.85651e-09,-2.06092e-08,69.0|276,1056
9,8|1056|8|1056|vc|6|2|276|2|276|69.0,0.601287,6.21209e-08,2.54627e-08,69.0|276,1056
1,8|1056|8|1056|vc|7|2|276|2|276|69.0,0.775072,8.84156e-09,-4.33253e-08,69.0|276,1056
2,8|1056|8|1056|vc|7|2|276|2|276|69.0,0.379463,9.61066e-09,-4.12915e-08,69.0|276,1056
3,8|1056|8|1056|vc|7|2|276|2|276|69.0,-2.19082,1.10108e-08,-1.54482e-08,69.0|276,1056
4,8|1056|8|1056|vc|7|2|276|2|276|69.0,0.051189,-2.48649e-08,1.83159e-08,69.0|276,1056
5,8|1056|8|1056|vc|7|2|276|2|276|69.0,-1.47939,2.39929e-08,-6.27722e-09,69.0|276,1056
6,8|1056|8|1056|vc|7|2|276|2|276|69.0,-0.083805,-3.39116e-09,-4.07122e-08,69.0|276,1056
7,8|1056|8|1056|vc|7|2|276|2|276|69.0,0.985528,1.20284e-08,-5.21832e-08,69.0|276,1056
8,8|1056|8|1056|vc|7|2|276|2|276|69.0,-1.14238,1.39433e-08,-9.49613e-09,69.0|276,1056
9,8|1056|8|1056|vc|7|2|276|2|276|69.0,-1.38203,-1.0349e-08,-6.17185e-08,69.0|276,1056
1,8|1056|8|1056|vc|8|2|276|2|276|69.0,0.778233,-1.19907e-08,1.71449e-08,69.0|276,1056
2,8|1056|8|1056|vc|8|2|276|2|276|69.0,8.07818,-3.74025e-08,8.53512e-09,69.0|276,1056
3,8|1056|8|1056|vc|8|2|276|2|276|69.0,3.58858,2.26927e-09,3.09556e-08,69.0|276,1056
4,8|1056|8|1056|vc|8|2|276|2|276|69.0,1.20588,2.52116e-08,1.1735e-09,69.0|276,1056
5,8|1056|8|1056|vc|8|2|276|2|276|69.0,-0.76419,1.18897e-08,-8.54523e-09,69.0|276,1056
6,8|1056|8|1056|vc|8|2|276|2|276|69.0,-2.56798,-2.86409e-08,-2.38107e-08,69.0|276,1056
7,8|1056|8|1056|vc|8|2|276|2|276|69.0,0.646097,-2.39409e-08,-1.77702e-08,69.0|276,1056
8,8|1056|8|1056|vc|8|2|276|2|276|69.0,-1.80639,4.92781e-08,8.50646e-09,69.0|276,1056
9,8|1056|8|1056|vc|8|2|276|2|276|69.0,0.941505,1.81073e-08,-1.1564e-08,69.0|276,1056
1,8|462|8|462|sample|6|292|6|292|55.0,-1.28896,-1.32164e-08,7.3762e-08,55.0|292,462
2,8|462|8|462|sample|6|292|6|292|55.0,-1.56539,1.21221e-08,2.10256e-08,55.0|292,462
3,8|462|8|462|sample|6|292|6|292|55.0,-1.62941,-5.16086e-09,3.24818e-08,55.0|292,462
4,8|462|8|462|sample|6|292|6|292|55.0,-1.07102,-6.24209e-09,-2.69878e-08,55.0|292,462
5,8|462|8|462|sample|6|292|6|292|55.0,-1.48794,-1.27695e-08,9.91177e-09,55.0|292,462
6,8|462|8|462|sample|6|292|6|292|55.0,-1.00494,5.05112e-09,-8.62192e-09,55.0|292,462
7,8|462|8|462|sample|6|292|6|292|55.0,-1.44554,1.51913e-08,-2.85653e-08,55.0|292,462
8,8|462|8|462|sample|6|292|6|292|55.0,-1.5921,2.21789e-09,-3.57613e-08,55.0|292,462
9,8|462|8|462|sample|6|292|6|292|55.0,-1.54064,-3.68438e-08,-3.29185e-08,55.0|292,462
1,8|462|8|462|sample|5|292|5|292|55.0,-1.17707,8.50713e-09,-4.8635e-08,55.0|292,462
2,8|462|8|462|sample|5|292|5|292|55.0,-1.07263,4.19179e-08,5.32563e-09,55.0|292,462
3,8|462|8|462|sample|5|292|5|292|55.0,-1.47428,-1.06892e-08,2.99995e-08,55.0|292,462
4,8|462|8|462|sample|5|292|5|292|55.0,-1.20694,-3.80746e-09,9.45477e-09,55.0|292,462
5,8|462|8|462|sample|5|292|5|292|55.0,-1.23723,-3.76114e-10,2.11792e-08,55.0|292,462
6,8|462|8|462|sample|5|292|5|292|55.0,-1.22974,-1.92062e-08,2.5931e-08,55.0|292,462
7,8|462|8|462|sample|5|292|5|292|55.0,-1.36432,2.30517e-08,-1.66247e-08,55.0|292,462
8,8|462|8|462|sample|5|292|5|292|55.0,-0.999412,-2.289e-09,-3.14914e-08,55.0|292,462
9,8|462|8|462|sample|5|292|5|292|55.0,-1.24755,-7.75819e-09,2.84924e-08,55.0|292,462
1,8|462|8|462|sample|4|292|4|292|55.0,-1.07339,-4.71607e-08,2.51506e-08,55.0|292,462
2,8|462|8|462|sample|4|292|4|292|55.0,-1.69071,2.44162e-08,-2.69178e-08,55.0|292,462
3,8|462|8|462|sample|4|292|4|292|55.0,-0.654645,-1.33128e-08,-2.02876e-08,55.0|292,462
4,8|462|8|462|sample|4|292|4|292|55.0,-1.25288,-2.23647e-08,2.45447e-08,55.0|292,462
5,8|462|8|462|sample|4|292|4|292|55.0,-1.6341,-2.08532e-08,8.43138e-08,55.0|292,462
6,8|462|8|462|sample|4|292|4|292|55.0,-1.02862,1.23144e-08,6.8338e-09,55.0|292,462
7,8|462|8|462|sample|4|292|4|292|55.0,-1.06639,2.94244e-08,2.79173e-09,55.0|292,462
8,8|462|8|462|sample|4|292|4|292|55.0,-1.66035,-2.98016e-08,-6.05007e-08,55.0|292,462
9,8|462|8|462|sample|4|292|4|292|55.0,-1.16932,-1.43713e-08,1.68073e-08,55.0|292,462
1,8|462|8|462|sample|3|292|3|292|55.0,-1.07261,1.13766e-08,-2.56998e-08,55.0|292,462
2,8|462|8|462|sample|3|292|3|292|55.0,-1.1705,1.54096e-08,4.66607e-08,55.0|292,462
3,8|462|8|462|sample|3|292|3|292|55.0,-1.15764,-1.5687e-08,1.34739e-08,55.0|292,462
4,8|462|8|462|sample|3|292|3|292|55.0,-1.22833,2.70109e-08,3.018e-08,55.0|292,462
5,8|462|8|462|sample|3|292|3|292|55.0,-1.17826,8.63916e-09,-2.52255e-08,55.0|292,462
6,8|462|8|462|sample|3|292|3|292|55.0,-1.33194,1.86626e-08,2.06142e-08,55.0|292,462
7,8|462|8|462|sample|3|292|3|292|55.0,-0.820899,-1.60126e-08,-3.16411e-08,55.0|292,462
8,8|462|8|462|sample|3|292|3|292|55.0,-1.28299,3.04435e-08,-6.42826e-08,55.0|292,462
9,8|462|8|462|sample|3|292|3|292|55.0,-0.465652,-3.38104e-08,-2.46793e-08,55.0|292,462
1,8|462|8|462|sample|9|292|9|292|32.0,-3.85649,2.18133e-08,2.32988e-08,32.0|292,462
2,8|462|8|462|sample|9|292|9|292|32.0,-3.87498,-2.1642e-08,2.78932e-08,32.0|292,462
3,8|462|8|462|sample|9|292|9|292|32.0,-3.91659,-1.18434e-09,-2.91212e-08,32.0|292,462
4,8|462|8|462|sample|9|292|9|292|32.0,-3.93497,2.55206e-08,1.20615e-08,32.0|292,462
5,8|462|8|462|sample|9|292|9|292|32.0,-3.93497,2.80602e-08,-5.17811e-08,32.0|292,462
6,8|462|8|462|sample|9|292|9|292|32.0,-3.85672,1.50278e-08,-8.34361e-09,32.0|292,462
7,8|462|8|462|sample|9|292|9|292|32.0,-3.85672,-5.78407e-09,6.19746e-09,32.0|292,462
8,8|462|8|462|sample|9|292|9|292|32.0,-3.85672,-1.81471e-10,5.04099e-08,32.0|292,462
9,8|462|8|462|sample|9|292|9|292|32.0,-3.85672,-1.39952e-08,1.58199e-08,32.0|292,462
1,8|462|8|462|sample|10|292|10|292|32.0,-3.77241,-3.92984e-09,-1.36646e-08,32.0|292,462
2,8|462|8|462|sample|10|292|10|292|32.0,-3.78199,7.05859e-09,1.19537e-08,32.0|292,462
3,8|462|8|462|sample|10|292|10|292|32.0,-3.89031,6.70456e-08,7.84781e-09,32.0|292,462
4,8|462|8|462|sample|10|292|10|292|32.0,-3.81331,-1.3743e-09,-7.00673e-09,32.0|292,462
5,8|462|8|462|sample|10|292|10|292|32.0,-3.81331,1.17449e-08,2.25027e-09,32.0|292,462
6,8|462|8|462|sample|10|292|10|292|32.0,-3.81331,1.74918e-08,-1.33274e-08,32.0|292,462
7,8|462|8|462|sample|10|292|10|292|32.0,-3.81331,7.32051e-09,1.14241e-08,32.0|292,462
8,8|462|8|462|sample|10|292|10|292|32.0,-3.81331,1.01424e-08,-9.09722e-09,32.0|292,462
9,8|462|8|462|sample|10|292|10|292|32.0,-3.93023,1.11889e-08,-1.98339e-08,32.0|292,462
1,8|462|8|462|sample|7|292|7|292|32.0,-3.79479,1.92607e-10,1.90405e-08,32.0|292,462
2,8|462|8|462|sample|7|292|7|292|32.0,-3.79479,-2.24692e-08,4.44192e-08,32.0|292,462
3,8|462|8|462|sample|7|292|7|292|32.0,-3.65918,8.69392e-09,1.09233e-08,32.0|292,462
4,8|462|8|462|sample|7|292|7|292|32.0,-3.65918,-2.10293e-08,2.81633e-09,32.0|292,462
5,8|462|8|462|sample|7|292|7|292|32.0,-3.7473,-1.50639e-08,3.81391e-08,32.0|292,462
6,8|462|8|462|sample|7|292|7|292|32.0,-3.7473,8.17704e-09,1.26042e-08,32.0|292,462
7,8|462|8|462|sample|7|292|7|292|32.0,-3.7473,4.59182e-08,-2.86849e-08,32.0|292,462
8,8|462|8|462|sample|7|292|7|292|32.0,-3.7473,2.69359e-08,1.04797e-09,32.0|292,462
9,8|462|8|462|sample|7|292|7|292|32.0,-3.7473,8.9358e-09,3.62029e-08,32.0|292,462
1,8|462|8|462|sample|8|292|8|292|32.0,-3.72741,-8.79145e-09,-2.18094e-08,32.0|292,462
2,8|462|8|462|sample|8|292|8|292|32.0,-3.72741,-3.66339e-09,4.93832e-09,32.0|292,462
3,8|462|8|462|sample|8|292|8|292|32.0,-3.72741,-3.15699e-08,-1.43397e-08,32.0|292,462
4,8|462|8|462|sample|8|292|8|292|32.0,-3.72741,9.68632e-09,6.07485e-08,32.0|292,462
5,8|462|8|462|sample|8|292|8|292|32.0,-3.68374,-3.9743e-08,-5.42015e-08,32.0|292,462
6,8|462|8|462|sample|8|292|8|292|32.0,-3.80622,-4.3695e-08,6.84064e-08,32.0|292,462
7,8|462|8|462|sample|8|292|8|292|32.0,-3.80622,-2.05641e-08,5.97826e-09,32.0|292,462
8,8|462|8|462|sample|8|292|8|292|32.0,-3.80622,2.78574e-08,8.71243e-08,32.0|292,462
9,8|462|8|462|sample|8|292|8|292|32.0,-3.80622,-2.76242e-08,-9.73379e-09,32.0|292,462
1,8|462|8|462|sample|11|292|11|292|22.0,-1.20999,-5.38726e-08,-2.38522e-09,22.0|292,462
2,8|462|8|462|sample|11|292|11|292|22.0,-1.20999,-9.19938e-09,-1.11021e-08,22.0|292,462
3,8|462|8|462|sample|11|292|11|292|22.0,-1.42447,-4.18426e-09,4.95419e-08,22.0|292,462
4,8|462|8|462|sample|11|292|11|292|22.0,-1.29623,-1.10641e-08,-3.66111e-08,22.0|292,462
5,8|462|8|462|sample|11|292|11|292|22.0,-1.3339,5.02982e-09,-3.6096e-08,22.0|292,462
6,8|462|8|462|sample|11|292|11|292|22.0,-1.27228,-3.24167e-08,5.50525e-08,22.0|292,462
7,8|462|8|462|sample|11|292|11|292|22.0,-1.27228,-4.21551e-08,-1.46633e-08,22.0|292,462
8,8|462|8|462|sample|11|292|11|292|22.0,-1.4737,1.64204e-08,2.24829e-08,22.0|292,462
9,8|462|8|462|sample|11|292|11|292|22.0,-1.17137,5.49035e-08,5.95315e-08,22.0|292,462
1,8|462|8|462|sample|12|292|12|292|22.0,-1.32708,2.15057e-08,-1.25888e-10,22.0|292,462
2,8|462|8|462|sample|12|292|12|292|22.0,-1.32708,-1.91172e-08,3.44853e-08,22.0|292,462
3,8|462|8|462|sample|12|292|12|292|22.0,-1.32708,-3.97001e-08,2.10053e-08,22.0|292,462
4,8|462|8|462|sample|12|292|12|292|22.0,-1.36537,-5.0763e-08,4.29411e-08,22.0|292,462
5,8|462|8|462|sample|12|292|12|292|22.0,-1.18613,3.85958e-08,-2.58016e-09,22.0|292,462
6,8|462|8|462|sample|12|292|12|292|22.0,-1.39083,3.52433e-08,-7.86446e-09,22.0|292,462
7,8|462|8|462|sample|12|292|12|292|22.0,-1.39083,2.65924e-08,2.12585e-08,22.0|292,462
8,8|462|8|462|sample|12|292|12|292|22.0,-1.33171,4.38286e-08,-4.92314e-08,22.0|292,462
9,8|462|8|462|sample|12|292|12|292|22.0,-1.33171,-1.563e-08,-3.21781e-09,22.0|292,462
1,8|462|8|462|cc|1|1|292|1|292|69.0,-1.27899,-3.8201e-08,1.50209e-08,69.0|292,462
2,8|462|8|462|cc|1|1|292|1|292|69.0,2.16277,-4.88206e-09,3.25773e-09,69.0|292,462
3,8|462|8|462|cc|1|1|292|1|292|69.0,1.1335,-2.24383e-08,1.57379e-08,69.0|292,462
4,8|462|8|462|cc|1|1|292|1|292|69.0,1.19141,1.29032e-08,-2.62177e-10,69.0|292,462
5,8|462|8|462|cc|1|1|292|1|292|69.0,-0.355869,-5.50659e-08,3.15837e-08,69.0|292,462
6,8|462|8|462|cc|1|1|292|1|292|69.0,-3.47081,3.72747e-09,-9.58279e-09,69.0|292,462
7,8|462|8|462|cc|1|1|292|1|292|69.0,1.99028,-1.9583e-08,3.63856e-08,69.0|292,462
8,8|462|8|462|cc|1|1|292|1|292|69.0,4.73407,-3.7807e-08,3.4951e-08,69.0|292,462
9,8|462|8|462|cc|1|1|292|1|292|69.0,4.46437,3.40516e-08,-2.31441e-08,69.0|292,462
1,8|462|8|462|cc|2|1|292|1|292|69.0,-3.17855,-4.87651e-08,2.54721e-08,69.0|292,462
2,8|462|8|462|cc|2|1|292|1|292|69.0,-1.19085,4.03722e-09,-2.60098e-08,69.0|292,462
3,8|462|8|462|cc|2|1|292|1|292|69.0,-1.20571,3.58628e-08,-5.51473e-08,69.0|292,462
4,8|462|8|462|cc|2|1|292|1|292|69.0,6.37935,1.64846e-08,2.98972e-08,69.0|292,462
5,8|462|8|462|cc|2|1|292|1|292|69.0,0.394799,-1.14982e-08,-3.35652e-08,69.0|292,462
6,8|462|8|462|cc|2|1|292|1|292|69.0,0.83204,4.04053e-08,-1.46117e-08,69.0|292,462
7,8|462|8|462|cc|2|1|292|1|292|69.0,1.33655,3.6005e-08,-5.08932e-09,69.0|292,462
8,8|462|8|462|cc|2|1|292|1|292|69.0,-1.76815,-1.95984e-08,-3.22907e-08,69.0|292,462
9,8|462|8|462|cc|2|1|292|1|292|69.0,4.31,3.99134e-08,-2.60547e-08,69.0|292,462
1,8|462|8|462|cc|3|1|292|1|292|69.0,2.18555,1.19887e-08,6.88368e-08,69.0|292,462
2,8|462|8|462|cc|3|1|292|1|292|69.0,1.04321,-3.39314e-08,-6.6524e-09,69.0|292,462
3,8|462|8|462|cc|3|1|292|1|292|69.0,4.8836,1.01019e-09,3.48654e-08,69.0|292,462
4,8|462|8|462|cc|3|1|292|1|292|69.0,-0.533938,-2.44784e-08,-3.60997e-08,69.0|292,462
5,8|462|8|462|cc|3|1|292|1|292|69.0,-0.393902,2.67692e-08,4.84388e-08,69.0|292,462
6,8|462|8|462|cc|3|1|292|1|292|69.0,-1.6482,-1.47466e-08,-2.07803e-08,69.0|292,462
7,8|462|8|462|cc|3|1|292|1|292|69.0,-5.33688,-4.16769e-08,-4.99504e-08,69.0|292,462
8,8|462|8|462|cc|3|1|292|1|292|69.0,3.82649,-2.84967e-08,-1.03651e-08,69.0|292,462
9,8|462|8|462|cc|3|1|292|1|292|69.0,3.03366,8.32676e-09,1.91438e-08,69.0|292,462
1,8|462|8|462|cc|4|1|292|1|292|69.0,-3.67517,-7.70492e-10,-6.14984e-09,69.0|292,462
2,8|462|8|462|cc|4|1|292|1|292|69.0,-2.33621,1.46205e-08,5.07707e-09,69.0|292,462
3,8|462|8|462|cc|4|1|292|1|292|69.0,1.23021,-3.5438e-09,-1.4637e-08,69.0|292,462
4,8|462|8|462|cc|4|1|292|1|292|69.0,-0.577108,-1.42616e-09,-1.4849e-09,69.0|292,462
5,8|462|8|462|cc|4|1|292|1|292|69.0,-3.47012,1.52457e-08,-1.28957e-08,69.0|292,462
6,8|462|8|462|cc|4|1|292|1|292|69.0,0.360795,-5.51507e-09,-1.96794e-08,69.0|292,462
7,8|462|8|462|cc|4|1|292|1|292|69.0,0.438298,-5.24817e-09,6.50591e-08,69.0|292,462
8,8|462|8|462|cc|4|1|292|1|292|69.0,3.98819,7.508e-09,3.40059e-08,69.0|292,462
9,8|462|8|462|cc|4|1|292|1|292|69.0,1.42309,-2.50654e-08,6.28499e-08,69.0|292,462
1,8|462|8|462|cc|5|1|292|1|292|69.0,-2.0442,2.37367e-09,5.4545e-08,69.0|292,462
2,8|462|8|462|cc|5|1|292|1|292|69.0,1.18837,5.59307e-09,1.52391e-08,69.0|292,462
3,8|462|8|462|cc|5|1|292|1|292|69.0,-0.338164,-3.44787e-09,2.12021e-08,69.0|292,462
4,8|462|8|462|cc|5|1|292|1|292|69.0,-2.78538,-1.00267e-08,-5.72251e-08,69.0|292,462
5,8|462|8|462|cc|5|1|292|1|292|69.0,-3.89678,-1.36774e-08,-3.23827e-09,69.0|292,462
6,8|462|8|462|cc|5|1|292|1|292|69.0,0.445674,2.62696e-08,7.35393e-09,69.0|292,462
7,8|462|8|462|cc|5|1|292|1|292|69.0,-1.90583,-2.78767e-08,3.17735e-08,69.0|292,462
8,8|462|8|462|cc|5|1|292|1|292|69.0,0.0665342,-2.36077e-08,6.84164e-08,69.0|292,462
9,8|462|8|462|cc|5|1|292|1|292|69.0,-0.150913,4.60321e-08,2.91771e-08,69.0|292,462
1,8|462|8|462|cc|6|1|292|1|292|69.0,0.798964,1.06779e-08,-4.36618e-09,69.0|292,462
2,8|462|8|462|cc|6|1|292|1|292|69.0,3.04676,-5.22172e-08,9.28915e-09,69.0|292,462
3,8|462|8|462|cc|6|1|292|1|292|69.0,4.02627,-6.004e-08,-1.76779e-08,69.0|292,462
4,8|462|8|462|cc|6|1|292|1|292|69.0,-0.942424,-1.69402e-08,2.47368e-08,69.0|292,462
5,8|462|8|462|cc|6|1|292|1|292|69.0,0.760131,5.12501e-08,1.71494e-08,69.0|292,462
6,8|462|8|462|cc|6|1|292|1|292|69.0,-2.59961,4.98371e-09,-3.12166e-08,69.0|292,462
7,8|462|8|462|cc|6|1|292|1|292|69.0,-2.00551,8.10323e-09,2.07684e-10,69.0|292,462
8,8|462|8|462|cc|6|1|292|1|292|69.0,3.77479,-1.06813e-08,1.20385e-08,69.0|292,462
9,8|462|8|462|cc|6|1|292|1|292|69.0,-6.68875,2.04705e-09,5.72984e-08,69.0|292,462
1,8|462|8|462|cc|7|1|292|1|292|69.0,-2.77813,-4.85085e-08,-1.46541e-08,69.0|292,462
2,8|462|8|462|cc|7|1|292|1|292|69.0,2.53252,5.81663e-08,4.98708e-10,69.0|292,462
3,8|462|8|462|cc|7|1|292|1|292|69.0,-0.0724723,-5.55829e-08,3.47444e-08,69.0|292,462
4,8|462|8|462|cc|7|1|292|1|292|69.0,1.54941,2.17108e-08,-1.19702e-08,69.0|292,462
5,8|462|8|462|cc|7|1|292|1|292|69.0,-3.2907,7.45436e-09,1.15058e-08,69.0|292,462
6,8|462|8|462|cc|7|1|292|1|292|69.0,1.86304,2.56414e-08,-3.58634e-08,69.0|292,462
7,8|462|8|462|cc|7|1|292|1|292|69.0,-3.3334,-2.47879e-08,6.93618e-08,69.0|292,462
8,8|462|8|462|cc|7|1|292|1|292|69.0,0.7305,-4.243e-08,-3.92464e-08,69.0|292,462
9,8|462|8|462|cc|7|1|292|1|292|69.0,-0.470821,-2.51856e-08,-3.71656e-08,69.0|292,462
1,8|462|8|462|cc|8|1|292|1|292|69.0,-3.58702,6.11634e-10,2.26216e-08,69.0|292,462
2,8|462|8|462|cc|8|1|292|1|292|69.0,1.22823,-2.44893e-08,-2.25629e-08,69.0|292,462
3,8|462|8|462|cc|8|1|292|1|292|69.0,-0.106152,2.04475e-09,2.75871e-10,69.0|292,462
4,8|462|8|462|cc|8|1|292|1|292|69.0,0.147563,1.86396e-08,5.11673e-08,69.0|292,462
5,8|462|8|462|cc|8|1|292|1|292|69.0,-1.12195,-4.01007e-08,1.79588e-08,69.0|292,462
6,8|462|8|462|cc|8|1|292|1|292|69.0,1.87056,-2.70693e-08,-3.16498e-08,69.0|292,462
7,8|462|8|462|cc|8|1|292|1|292|69.0,-5.69374,-4.27452e-08,-3.88053e-08,69.0|292,462
8,8|462|8|462|cc|8|1|292|1|292|69.0,-2.21528,7.04827e-09,8.74022e-08,69.0|292,462
9,8|462|8|462|cc|8|1|292|1|292|69.0,4.15031,-2.86287e-08,-4.81336e-08,69.0|292,462
1,8|462|8|462|vc|1|2|292|2|292|69.0,-0.705484,2.93942e-08,-3.44669e-08,69.0|292,462
2,8|462|8|462|vc|1|2|292|2|292|69.0,-0.40931,-1.6906e-08,-3.87411e-09,69.0|292,462
3,8|462|8|462|vc|1|2|292|2|292|69.0,-1.39492,-3.92228e-08,7.31484e-09,69.0|292,462
4,8|462|8|462|vc|1|2|292|2|292|69.0,1.04285,3.59922e-08,2.05351e-08,69.0|292,462
5,8|462|8|462|vc|1|2|292|2|292|69.0,0.245619,-1.48352e-08,-4.10833e-09,69.0|292,462
6,8|462|8|462|vc|1|2|292|2|292|69.0,0.442514,5.06049e-09,-2.65581e-08,69.0|292,462
7,8|462|8|462|vc|1|2|292|2|292|69.0,-3.50269,-1.56142e-08,-1.0782e-08,69.0|292,462
8,8|462|8|462|vc|1|2|292|2|292|69.0,3.04358,-2.15617e-08,4.05838e-08,69.0|292,462
9,8|462|8|462|vc|1|2|292|2|292|69.0,1.98448,1.04482e-08,-1.98284e-08,69.0|292,462
1,8|462|8|462|vc|2|2|292|2|292|69.0,-2.11422,8.00839e-11,-2.05388e-08,69.0|292,462
2,8|462|8|462|vc|2|2|292|2|292|69.0,1.43442,1.38664e-08,-1.44038e-08,69.0|292,462
3,8|462|8|462|vc|2|2|292|2|292|69.0,1.79249,-4.1704e-09,-2.00638e-08,69.0|292,462
4,8|462|8|462|vc|2|2|292|2|292|69.0,5.3586,-2.25692e-08,4.59716e-08,69.0|292,462
5,8|462|8|462|vc|2|2|292|2|292|69.0,-1.52912,-2.83317e-08,-3.04348e-08,69.0|292,462
6,8|462|8|462|vc|2|2|292|2|292|69.0,2.51601,2.1453e-08,-5.75465e-10,69.0|292,462
7,8|462|8|462|vc|2|2|292|2|292|69.0,4.09316,2.5348e-08,-2.68489e-08,69.0|292,462
8,8|462|8|462|vc|2|2|292|2|292|69.0,1.2028,2.10127e-08,4.51133e-08,69.0|292,462
9,8|462|8|462|vc|2|2|292|2|292|69.0,-0.808412,1.82474e-08,-2.37665e-08,69.0|292,462
1,8|462|8|462|vc|3|2|292|2|292|69.0,1.86788,3.19511e-08,2.69858e-08,69.0|292,462
2,8|462|8|462|vc|3|2|292|2|292|69.0,1.18038,2.67075e-08,4.69447e-08,69.0|292,462
3,8|462|8|462|vc|3|2|292|2|292|69.0,1.75277,1.17118e-08,-3.19028e-08,69.0|292,462
4,8|462|8|462|vc|3|2|292|2|292|69.0,-0.0325595,8.84468e-09,4.68352e-08,69.0|292,462
5,8|462|8|462|vc|3|2|292|2|292|69.0,0.0138239,-3.95757e-08,-2.01955e-08,69.0|292,462
6,8|462|8|462|vc|3|2|292|2|292|69.0,-3.89101,3.06878e-08,2.97282e-08,69.0|292,462
7,8|462|8|462|vc|3|2|292|2|292|69.0,3.31051,-1.96316e-08,-3.26195e-08,69.0|292,462
8,8|462|8|462|vc|3|2|292|2|292|69.0,0.288085,1.04262e-08,1.62647e-08,69.0|292,462
9,8|462|8|462|vc|3|2|292|2|292|69.0,-6.72959,-1.05342e-08,-3.99668e-10,69.0|292,462
1,8|462|8|462|vc|4|2|292|2|292|69.0,-2.58194,-3.37247e-08,1.66913e-08,69.0|292,462
2,8|462|8|462|vc|4|2|292|2|292|69.0,1.82536,-3.29988e-08,1.34826e-08,69.0|292,462
3,8|462|8|462|vc|4|2|292|2|292|69.0,-0.115431,-7.92845e-09,2.03763e-08,69.0|292,462
4,8|462|8|462|vc|4|2|292|2|292|69.0,4.46758,-1.17072e-08,-1.46542e-08,69.0|292,462
5,8|462|8|462|vc|4|2|292|2|292|69.0,-4.51287,3.1278e-10,2.15034e-08,69.0|292,462
6,8|462|8|462|vc|4|2|292|2|292|69.0,1.38772,4.20572e-09,3.37475e-08,69.0|292,462
7,8|462|8|462|vc|4|2|292|2|292|69.0,-3.11998,1.13111e-08,-1.48121e-08,69.0|292,462
8,8|462|8|462|vc|4|2|292|2|292|69.0,-1.95762,-1.73791e-08,-2.71542e-08,69.0|292,462
9,8|462|8|462|vc|4|2|292|2|292|69.0,-4.64563,5.88192e-10,2.38412e-10,69.0|292,462
1,8|462|8|462|vc|5|2|292|2|292|69.0,-1.2955,1.27923e-08,-2.4402e-08,69.0|292,462
2,8|462|8|462|vc|5|2|292|2|292|69.0,-4.29205,3.19968e-08,-8.1744e-09,69.0|292,462
3,8|462|8|462|vc|5|2|292|2|292|69.0,4.26211,2.86005e-08,-2.98061e-08,69.0|292,462
4,8|462|8|462|vc|5|2|292|2|292|69.0,-2.14921,-4.14146e-08,-6.78779e-09,69.0|292,462
5,8|462|8|462|vc|5|2|292|2|292|69.0,-0.146107,2.53946e-08,2.15379e-09,69.0|292,462
6,8|462|8|462|vc|5|2|292|2|292|69.0,-6.6642,-9.04176e-09,-4.75958e-08,69.0|292,462
7,8|462|8|462|vc|5|2|292|2|292|69.0,-0.0163257,2.58408e-09,-8.49953e-09,69.0|292,462
8,8|462|8|462|vc|5|2|292|2|292|69.0,-2.54429,-9.30543e-09,4.49049e-08,69.0|292,462
9,8|462|8|462|vc|5|2|292|2|292|69.0,-0.474741,3.57827e-08,-2.95904e-08,69.0|292,462
1,8|462|8|462|vc|6|2|292|2|292|69.0,-5.29509,5.48661e-08,-1.24689e-08,69.0|292,462
2,8|462|8|462|vc|6|2|292|2|292|69.0,-1.54398,-2.06785e-10,-4.58156e-08,69.0|292,462
3,8|462|8|462|vc|6|2|292|2|292|69.0,0.491831,6.0252e-08,-2.21415e-08,69.0|292,462
4,8|462|8|462|vc|6|2|292|2|292|69.0,0.519568,2.53192e-08,3.0686e-08,69.0|292,462
5,8|462|8|462|vc|6|2|292|2|292|69.0,-1.81059,-1.44344e-08,-1.66183e-08,69.0|292,462
6,8|462|8|462|vc|6|2|292|2|292|69.0,2.51023,-3.11695e-08,-8.14997e-09,69.0|292,462
7,8|462|8|462|vc|6|2|292|2|292|69.0,-0.139067,-1.03407e-08,8.79333e-11,69.0|292,462
8,8|462|8|462|vc|6|2|292|2|292|69.0,-0.0131706,2.70123e-08,3.55354e-10,69.0|292,462
9,8|462|8|462|vc|6|2|292|2|292|69.0,4.42999,5.91919e-09,-5.8955e-08,69.0|292,462
1,8|462|8|462|vc|7|2|292|2|292|69.0,-0.487945,3.93698e-08,-4.19546e-08,69.0|292,462
2,8|462|8|462|vc|7|2|292|2|292|69.0,4.79447,-2.01174e-08,-6.85614e-08,69.0|292,462
3,8|462|8|462|vc|7|2|292|2|292|69.0,1.70284,2.29985e-08,2.27781e-09,69.0|292,462
4,8|462|8|462|vc|7|2|292|2|292|69.0,2.53047,-3.35931e-09,-2.04478e-08,69.0|292,462
5,8|462|8|462|vc|7|2|292|2|292|69.0,2.50839,-1.18073e-08,2.23539e-08,69.0|292,462
6,8|462|8|462|vc|7|2|292|2|292|69.0,-2.59976,1.0653e-08,-2.63187e-08,69.0|292,462
7,8|462|8|462|vc|7|2|292|2|292|69.0,0.769456,6.6152e-09,-9.9944e-09,69.0|292,462
8,8|462|8|462|vc|7|2|292|2|292|69.0,3.80441,-2.39291e-08,2.52598e-08,69.0|292,462
9,8|462|8|462|vc|7|2|292|2|292|69.0,0.0464146,-3.64927e-08,2.99787e-08,69.0|292,462
1,8|462|8|462|vc|8|2|292|2|292|69.0,2.62528,-1.45156e-08,-2.71598e-08,69.0|292,462
2,8|462|8|462|vc|8|2|292|2|292|69.0,1.10198,4.65753e-08,-3.21526e-08,69.0|292,462
3,8|462|8|462|vc|8|2|292|2|292|69.0,2.06357,-1.19186e-08,-5.00227e-09,69.0|292,462
4,8|462|8|462|vc|8|2|292|2|292|69.0,-0.0113233,1.49094e-08,2.52347e-08,69.0|292,462
5,8|462|8|462|vc|8|2|292|2|292|69.0,-1.44522,-1.65426e-08,2.5819e-08,69.0|292,462
6,8|462|8|462|vc|8|2|292|2|292|69.0,0.749686,8.84808e-09,-3.39455e-08,69.0|292,462
7,8|462|8|462|vc|8|2|292|2|292|69.0,-1.01088,-5.60419e-09,-1.54099e-08,69.0|292,462
8,8|462|8|462|vc|8|2|292|2|292|69.0,-0.71267,-2.0127e-08,2.71419e-08,69.0|292,462
9,8|462|8|462|vc|8|2|292|2|292|69.0,1.23314,-1.34236e-08,-1.58672e-08,69.0|292,462
1,8|1159|8|1159|sample|8|292|8|292|65.0,-1.50008,3.98877e-08,1.18099e-08,65.0|292,1159
2,8|1159|8|1159|sample|8|292|8|292|65.0,-1.62219,-1.06605e-08,1.72226e-09,65.0|292,1159
3,8|1159|8|1159|sample|8|292|8|292|65.0,-1.55596,-2.02659e-08,-1.60009e-08,65.0|292,1159
4,8|1159|8|1159|sample|8|292|8|292|65.0,-1.55596,2.14735e-08,-2.71375e-08,65.0|292,1159
5,8|1159|8|1159|sample|8|292|8|292|65.0,-1.41867,-2.60156e-08,-2.66169e-08,65.0|292,1159
6,8|1159|8|1159|sample|8|292|8|292|65.0,-1.41867,-4.84213e-10,-8.72837e-10,65.0|292,1159
7,8|1159|8|1159|sample|8|292|8|292|65.0,-1.46688,2.78077e-08,2.74854e-08,65.0|292,1159
8,8|1159|8|1159|sample|8|292|8|292|65.0,-1.46688,5.64366e-08,1.02091e-08,65.0|292,1159
9,8|1159|8|1159|sample|8|292|8|292|65.0,-1.48903,-4.21364e-08,1.39082e-09,65.0|292,1159
1,8|1159|8|1159|sample|7|292|7|292|65.0,-1.3689,1.50866e-09,4.38956e-08,65.0|292,1159
2,8|1159|8|1159|sample|7|292|7|292|65.0,-1.3689,1.92888e-08,-3.017e-09,65.0|292,1159
3,8|1159|8|1159|sample|7|292|7|292|65.0,-1.3678,3.56437e-09,-1.71117e-08,65.0|292,1159
4,8|1159|8|1159|sample|7|292|7|292|65.0,-1.32305,4.08971e-09,-5.82819e-09,65.0|292,1159
5,8|1159|8|1159|sample|7|292|7|292|65.0,-1.28767,4.33558e-09,-3.82578e-08,65.0|292,1159
6,8|1159|8|1159|sample|7|292|7|292|65.0,-1.49137,-2.14513e-08,1.47888e-09,65.0|292,1159
7,8|1159|8|1159|sample|7|292|7|292|65.0,-1.49137,-1.88816e-08,2.2633e-08,65.0|292,1159
8,8|1159|8|1159|sample|7|292|7|292|65.0,-1.40706,-1.27259e-08,9.27567e-10,65.0|292,1159
9,8|1159|8|1159|sample|7|292|7|292|65.0,-1.34413,3.44929e-08,-6.60446e-08,65.0|292,1159
1,8|1159|8|1159|sample|5|292|5|292|65.0,-1.37947,1.72391e-08,-9.2522e-09,65.0|292,1159
2,8|1159|8|1159|sample|5|292|5|292|65.0,-1.38239,-2.61143e-09,-2.53277e-08,65.0|292,1159
3,8|1159|8|1159|sample|5|292|5|292|65.0,-1.35997,3.74457e-08,3.96337e-08,65.0|292,1159
4,8|1159|8|1159|sample|5|292|5|292|65.0,-1.34084,1.81419e-08,1.54524e-08,65.0|292,1159
5,8|1159|8|1159|sample|5|292|5|292|65.0,-1.49127,-1.08436e-08,-2.04549e-08,65.0|292,1159
6,8|1159|8|1159|sample|5|292|5|292|65.0,-1.44827,-5.8317e-09,-1.45435e-08,65.0|292,1159
7,8|1159|8|1159|sample|5|292|5|292|65.0,-1.53764,1.83534e-08,9.42833e-09,65.0|292,1159
8,8|1159|8|1159|sample|5|292|5|292|65.0,-1.53439,1.35663e-11,-2.52642e-08,65.0|292,1159
9,8|1159|8|1159|sample|5|292|5|292|65.0,-1.4227,-8.0132e-09,-1.21334e-08,65.0|292,1159
1,8|1159|8|1159|sample|6|292|6|292|65.0,-1.50264,-6.596e-11,1.77143e-08,65.0|292,1159
2,8|1159|8|1159|sample|6|292|6|292|65.0,-1.45445,-2.91178e-08,4.87673e-08,65.0|292,1159
3,8|1159|8|1159|sample|6|292|6|292|65.0,-1.47752,-6.02069e-09,-4.13946e-08,65.0|292,1159
4,8|1159|8|1159|sample|6|292|6|292|65.0,-1.47752,-6.29331e-09,3.472e-09,65.0|292,1159
5,8|1159|8|1159|sample|6|292|6|292|65.0,-1.38843,-6.36959e-08,-1.84928e-08,65.0|292,1159
6,8|1159|8|1159|sample|6|292|6|292|65.0,-1.38843,-5.76137e-09,8.7185e-09,65.0|292,1159
7,8|1159|8|1159|sample|6|292|6|292|65.0,-1.48196,-1.66562e-08,-1.74929e-08,65.0|292,1159
8,8|1159|8|1159|sample|6|292|6|292|65.0,-1.48196,-6.39889e-08,-4.43712e-08,65.0|292,1159
9,8|1159|8|1159|sample|6|292|6|292|65.0,-1.48196,-4.66576e-08,8.47457e-10,65.0|292,1159
1,8|1159|8|1159|sample|11|292|11|292|28.0,-2.97376,-4.69046e-08,3.8984e-09,28.0|292,1159
2,8|1159|8|1159|sample|11|292|11|292|28.0,-2.97376,5.69162e-09,-4.20807e-08,28.0|292,1159
3,8|1159|8|1159|sample|11|292|11|292|28.0,-2.97376,-9.8393e-09,-2.10722e-08,28.0|292,1159
4,8|1159|8|1159|sample|11|292|11|292|28.0,-2.96798,-2.62821e-08,-2.48575e-08,28.0|292,1159
5,8|1159|8|1159|sample|11|292|11|292|28.0,-2.97041,-3.52249e-08,-4.43165e-09,28.0|292,1159
6,8|1159|8|1159|sample|11|292|11|292|28.0,-2.97041,-1.0513e-08,1.75442e-08,28.0|292,1159
7,8|1159|8|1159|sample|11|292|11|292|28.0,-2.97041,3.01265e-08,-1.76957e-08,28.0|292,1159
8,8|1159|8|1159|sample|11|292|11|292|28.0,-2.97041,-7.61457e-09,-1.78524e-08,28.0|292,1159
9,8|1159|8|1159|sample|11|292|11|292|28.0,-2.97041,1.04248e-08,-3.55159e-08,28.0|292,1159
1,8|1159|8|1159|sample|12|292|12|292|28.0,-3.17499,3.17162e-08,1.96259e-08,28.0|292,1159
2,8|1159|8|1159|sample|12|292|12|292|28.0,-3.1817,1.95543e-08,-1.55985e-08,28.0|292,1159
3,8|1159|8|1159|sample|12|292|12|292|28.0,-3.1817,1.48931e-08,-1.84081e-08,28.0|292,1159
4,8|1159|8|1159|sample|12|292|12|292|28.0,-3.1817,-2.69013e-08,-1.12824e-08,28.0|292,1159
5,8|1159|8|1159|sample|12|292|12|292|28.0,-3.12308,6.08228e-09,-4.41073e-08,28.0|292,1159
6,8|1159|8|1159|sample|12|292|12|292|28.0,-3.12308,7.03803e-08,-6.87824e-08,28.0|292,1159
7,8|1159|8|1159|sample|12|292|12|292|28.0,-3.12308,-2.32463e-08,-1.8185e-08,28.0|292,1159
8,8|1159|8|1159|sample|12|292|12|292|28.0,-3.12308,-9.27459e-09,-3.01065e-08,28.0|292,1159
9,8|1159|8|1159|sample|12|292|12|292|28.0,-3.12308,-5.4381e-09,2.65798e-09,28.0|292,1159
1,8|1159|8|1159|sample|9|292|9|292|28.0,-2.36047,1.53612e-08,3.86318e-08,28.0|292,1159
2,8|1159|8|1159|sample|9|292|9|292|28.0,-2.53316,-1.25038e-08,-3.53837e-08,28.0|292,1159
3,8|1159|8|1159|sample|9|292|9|292|28.0,-2.53316,-1.20591e-08,5.15509e-09,28.0|292,1159
4,8|1159|8|1159|sample|9|292|9|292|28.0,-2.53316,8.10935e-09,-1.02622e-08,28.0|292,1159
5,8|1159|8|1159|sample|9|292|9|292|28.0,-2.53316,2.79587e-08,1.81401e-12,28.0|292,1159
6,8|1159|8|1159|sample|9|292|9|292|28.0,-2.53316,1.71188e-08,-6.12228e-08,28.0|292,1159
7,8|1159|8|1159|sample|9|292|9|292|28.0,-2.53316,2.73224e-08,-1.1882e-08,28.0|292,1159
8,8|1159|8|1159|sample|9|292|9|292|28.0,-2.49169,-2.67303e-08,-1.84611e-08,28.0|292,1159
9,8|1159|8|1159|sample|9|292|9|292|28.0,-2.45353,-2.47741e-08,-1.47316e-08,28.0|292,1159
1,8|1159|8|1159|sample|10|292|10|292|28.0,-2.57396,2.10439e-09,-2.14106e-08,28.0|292,1159
2,8|1159|8|1159|sample|10|292|10|292|28.0,-2.54009,6.86871e-08,1.43921e-08,28.0|292,1159
3,8|1159|8|1159|sample|10|292|10|292|28.0,-2.54009,2.77351e-08,2.00154e-08,28.0|292,1159
4,8|1159|8|1159|sample|10|292|10|292|28.0,-2.54009,-4.22037e-08,1.13706e-10,28.0|292,1159
5,8|1159|8|1159|sample|10|292|10|292|28.0,-2.57677,-1.21868e-08,-7.81328e-08,28.0|292,1159
6,8|1159|8|1159|sample|10|292|10|292|28.0,-2.35327,2.30447e-08,4.91097e-08,28.0|292,1159
7,8|1159|8|1159|sample|10|292|10|292|28.0,-2.50315,-3.31796e-08,1.76521e-08,28.0|292,1159
8,8|1159|8|1159|sample|10|292|10|292|28.0,-2.49135,-9.62889e-09,5.30121e-08,28.0|292,1159
9,8|1159|8|1159|sample|10|292|10|292|28.0,-2.4178,2.6103e-08,5.43834e-08,28.0|292,1159
1,8|1159|8|1159|sample|4|292|4|292|22.0,-1.1548,-5.71323e-09,-3.54823e-08,22.0|292,1159
2,8|1159|8|1159|sample|4|292|4|292|22.0,-1.1981,-3.26776e-08,-8.3422e-10,22.0|292,1159
3,8|1159|8|1159|sample|4|292|4|292|22.0,-1.12046,-5.35476e-08,9.13394e-09,22.0|292,1159
4,8|1159|8|1159|sample|4|292|4|292|22.0,-1.11211,1.87976e-08,2.19514e-08,22.0|292,1159
5,8|1159|8|1159|sample|4|292|4|292|22.0,-1.19581,-2.59449e-08,6.42385e-09,22.0|292,1159
6,8|1159|8|1159|sample|4|292|4|292|22.0,-1.19581,-4.1382e-09,2.11518e-08,22.0|292,1159
7,8|1159|8|1159|sample|4|292|4|292|22.0,-1.13869,1.60359e-08,2.1179e-08,22.0|292,1159
8,8|1159|8|1159|sample|4|292|4|292|22.0,-1.13869,-9.09451e-08,3.88852e-08,22.0|292,1159
9,8|1159|8|1159|sample|4|292|4|292|22.0,-1.13869,-1.55729e-09,-1.38083e-08,22.0|292,1159
1,8|1159|8|1159|sample|3|292|3|292|22.0,-1.08649,-1.13775e-08,3.74396e-08,22.0|292,1159
2,8|1159|8|1159|sample|3|292|3|292|22.0,-1.24132,2.97621e-08,-2.06601e-08,22.0|292,1159
3,8|1159|8|1159|sample|3|292|3|292|22.0,-1.24132,-8.73174e-09,-1.12001e-08,22.0|292,1159
4,8|1159|8|1159|sample|3|292|3|292|22.0,-0.938466,-1.29338e-08,3.80981e-08,22.0|292,1159
5,8|1159|8|1159|sample|3|292|3|292|22.0,-1.14209,4.89341e-08,3.21389e-08,22.0|292,1159
6,8|1159|8|1159|sample|3|292|3|292|22.0,-1.26979,7.9923e-09,3.09144e-08,22.0|292,1159
7,8|1159|8|1159|sample|3|292|3|292|22.0,-1.03595,1.81355e-08,-2.89007e-08,22.0|292,1159
8,8|1159|8|1159|sample|3|292|3|292|22.0,-1.15128,2.81562e-09,6.27098e-09,22.0|292,1159
9,8|1159|8|1159|sample|3|292|3|292|22.0,-1.2422,4.3137e-09,-2.19075e-10,22.0|292,1159
1,8|1159|8|1159|cc|1|1|292|1|292|69.0,2.10739,-3.33394e-09,3.48378e-08,69.0|292,1159
2,8|1159|8|1159|cc|1|1|292|1|292|69.0,0.375845,4.30052e-08,-3.36052e-08,69.0|292,1159
3,8|1159|8|1159|cc|1|1|292|1|292|69.0,-0.0211613,-1.67098e-08,4.97925e-08,69.0|292,1159
4,8|1159|8|1159|cc|1|1|292|1|292|69.0,1.01142,-7.47783e-09,-3.20945e-08,69.0|292,1159
5,8|1159|8|1159|cc|1|1|292|1|292|69.0,1.76163,-1.40204e-08,-3.38251e-08,69.0|292,1159
6,8|1159|8|1159|cc|1|1|292|1|292|69.0,0.475555,1.88914e-08,-4.02011e-08,69.0|292,1159
7,8|1159|8|1159|cc|1|1|292|1|292|69.0,-1.0921,-2.89037e-08,-1.21926e-08,69.0|292,1159
8,8|1159|8|1159|cc|1|1|292|1|292|69.0,1.69433,-6.50487e-08,-1.71512e-09,69.0|292,1159
9,8|1159|8|1159|cc|1|1|292|1|292|69.0,-1.45396,1.542e-08,-1.73291e-08,69.0|292,1159
1,8|1159|8|1159|cc|2|1|292|1|292|69.0,-3.64076,-7.08601e-08,-2.196e-08,69.0|292,1159
2,8|1159|8|1159|cc|2|1|292|1|292|69.0,0.771163,3.29952e-08,2.53333e-08,69.0|292,1159
3,8|1159|8|1159|cc|2|1|292|1|292|69.0,-2.09803,4.33641e-08,-1.98859e-08,69.0|292,1159
4,8|1159|8|1159|cc|2|1|292|1|292|69.0,1.90558,3.54993e-09,-2.46804e-08,69.0|292,1159
5,8|1159|8|1159|cc|2|1|292|1|292|69.0,-0.724059,-1.23496e-08,-4.26117e-08,69.0|292,1159
6,8|1159|8|1159|cc|2|1|292|1|292|69.0,-1.27734,-5.94093e-08,7.53979e-09,69.0|292,1159
7,8|1159|8|1159|cc|2|1|292|1|292|69.0,1.86487,7.31741e-09,-9.62723e-08,69.0|292,1159
8,8|1159|8|1159|cc|2|1|292|1|292|69.0,-2.75474,3.85879e-08,-2.07898e-08,69.0|292,1159
9,8|1159|8|1159|cc|2|1|292|1|292|69.0,-5.96056,2.38726e-08,-5.21713e-10,69.0|292,1159
1,8|1159|8|1159|cc|3|1|292|1|292|69.0,0.514041,8.30977e-09,7.77986e-08,69.0|292,1159
2,8|1159|8|1159|cc|3|1|292|1|292|69.0,2.82838,3.02898e-09,4.40027e-08,69.0|292,1159
3,8|1159|8|1159|cc|3|1|292|1|292|69.0,-0.366187,-5.23973e-09,-1.48768e-09,69.0|292,1159
4,8|1159|8|1159|cc|3|1|292|1|292|69.0,-0.4672,-5.41495e-08,2.33156e-08,69.0|292,1159
5,8|1159|8|1159|cc|3|1|292|1|292|69.0,-3.92581,3.34882e-09,1.00804e-08,69.0|292,1159
6,8|1159|8|1159|cc|3|1|292|1|292|69.0,1.90102,4.1456e-08,1.77255e-08,69.0|292,1159
7,8|1159|8|1159|cc|3|1|292|1|292|69.0,1.96362,-3.69522e-08,-1.16543e-09,69.0|292,1159
8,8|1159|8|1159|cc|3|1|292|1|292|69.0,-2.40076,-2.48048e-09,5.02832e-08,69.0|292,1159
9,8|1159|8|1159|cc|3|1|292|1|292|69.0,-2.49691,2.62831e-08,2.36382e-08,69.0|292,1159
1,8|1159|8|1159|cc|4|1|292|1|292|69.0,2.35576,6.43438e-09,-1.38551e-08,69.0|292,1159
2,8|1159|8|1159|cc|4|1|292|1|292|69.0,-2.91096,-1.12197e-08,5.72931e-08,69.0|292,1159
3,8|1159|8|1159|cc|4|1|292|1|292|69.0,3.46726,-2.34053e-08,8.57219e-10,69.0|292,1159
4,8|1159|8|1159|cc|4|1|292|1|292|69.0,-1.00284,1.48799e-08,9.26449e-10,69.0|292,1159
5,8|1159|8|1159|cc|4|1|292|1|292|69.0,-0.113785,5.52797e-08,-9.80918e-09,69.0|292,1159
6,8|1159|8|1159|cc|4|1|292|1|292|69.0,2.93775,5.08475e-09,1.93529e-09,69.0|292,1159
7,8|1159|8|1159|cc|4|1|292|1|292|69.0,2.55908,1.58592e-08,-5.86368e-08,69.0|292,1159
8,8|1159|8|1159|cc|4|1|292|1|292|69.0,-0.0825439,1.72575e-08,3.03424e-08,69.0|292,1159
9,8|1159|8|1159|cc|4|1|292|1|292|69.0,-3.59536,-3.03207e-08,-2.24089e-08,69.0|292,1159
1,8|1159|8|1159|cc|5|1|292|1|292|69.0,5.66901,-7.45287e-10,2.33023e-08,69.0|292,1159
2,8|1159|8|1159|cc|5|1|292|1|292|69.0,-2.03887,-1.99414e-09,1.07769e-08,69.0|292,1159
3,8|1159|8|1159|cc|5|1|292|1|292|69.0,-0.0891118,-2.94625e-08,-3.21658e-08,69.0|292,1159
4,8|1159|8|1159|cc|5|1|292|1|292|69.0,-2.1846,1.57099e-08,-2.39784e-08,69.0|292,1159
5,8|1159|8|1159|cc|5|1|292|1|292|69.0,1.47508,-3.1681e-08,9.92741e-09,69.0|292,1159
6,8|1159|8|1159|cc|5|1|292|1|292|69.0,-3.60389,1.00792e-08,2.01246e-09,69.0|292,1159
7,8|1159|8|1159|cc|5|1|292|1|292|69.0,0.293924,2.48694e-08,-6.19994e-09,69.0|292,1159
8,8|1159|8|1159|cc|5|1|292|1|292|69.0,5.2609,-1.68053e-08,-9.34678e-10,69.0|292,1159
9,8|1159|8|1159|cc|5|1|292|1|292|69.0,4.13459,2.01242e-09,-7.375e-09,69.0|292,1159
1,8|1159|8|1159|cc|6|1|292|1|292|69.0,2.19723,-2.70057e-08,6.8305e-09,69.0|292,1159
2,8|1159|8|1159|cc|6|1|292|1|292|69.0,-1.25348,-2.91011e-08,8.04393e-09,69.0|292,1159
3,8|1159|8|1159|cc|6|1|292|1|292|69.0,2.69723,-2.66004e-08,2.91042e-09,69.0|292,1159
4,8|1159|8|1159|cc|6|1|292|1|292|69.0,-0.456757,-2.60703e-08,-2.45276e-08,69.0|292,1159
5,8|1159|8|1159|cc|6|1|292|1|292|69.0,-1.14552,2.34639e-08,8.82856e-10,69.0|292,1159
6,8|1159|8|1159|cc|6|1|292|1|292|69.0,-1.23107,-1.00383e-08,-3.52113e-08,69.0|292,1159
7,8|1159|8|1159|cc|6|1|292|1|292|69.0,2.46731,-4.86148e-09,-1.06222e-09,69.0|292,1159
8,8|1159|8|1159|cc|6|1|292|1|292|69.0,-0.311369,-1.58583e-08,-3.03317e-08,69.0|292,1159
9,8|1159|8|1159|cc|6|1|292|1|292|69.0,-0.679101,2.40466e-08,-1.38228e-09,69.0|292,1159
1,8|1159|8|1159|cc|7|1|292|1|292|69.0,-0.484744,-2.22493e-08,-1.93486e-08,69.0|292,1159
2,8|1159|8|1159|cc|7|1|292|1|292|69.0,1.59759,-2.57584e-08,-3.25564e-08,69.0|292,1159
3,8|1159|8|1159|cc|7|1|292|1|292|69.0,2.58569,-8.00646e-09,9.6361e-09,69.0|292,1159
4,8|1159|8|1159|cc|7|1|292|1|292|69.0,2.42537,-1.4595e-08,-4.43558e-09,69.0|292,1159
5,8|1159|8|1159|cc|7|1|292|1|292|69.0,-0.572006,5.54168e-08,5.56543e-08,69.0|292,1159
6,8|1159|8|1159|cc|7|1|292|1|292|69.0,-2.82765,1.57892e-08,-3.73305e-08,69.0|292,1159
7,8|1159|8|1159|cc|7|1|292|1|292|69.0,-3.30173,1.04805e-08,2.13521e-08,69.0|292,1159
8,8|1159|8|1159|cc|7|1|292|1|292|69.0,0.42698,2.90921e-08,-3.99754e-08,69.0|292,1159
9,8|1159|8|1159|cc|7|1|292|1|292|69.0,1.71642,5.38558e-08,3.79782e-08,69.0|292,1159
1,8|1159|8|1159|cc|8|1|292|1|292|69.0,-0.395474,-4.13702e-08,5.31642e-08,69.0|292,1159
2,8|1159|8|1159|cc|8|1|292|1|292|69.0,2.41857,-2.63387e-08,-1.64346e-08,69.0|292,1159
3,8|1159|8|1159|cc|8|1|292|1|292|69.0,0.516466,2.85159e-08,-7.48516e-08,69.0|292,1159
4,8|1159|8|1159|cc|8|1|292|1|292|69.0,-1.76033,1.43557e-08,-2.95709e-08,69.0|292,1159
5,8|1159|8|1159|cc|8|1|292|1|292|69.0,-2.90467,6.05213e-08,-4.29557e-08,69.0|292,1159
6,8|1159|8|1159|cc|8|1|292|1|292|69.0,-3.13376,2.632e-08,-2.24156e-08,69.0|292,1159
7,8|1159|8|1159|cc|8|1|292|1|292|69.0,4.9678,4.61719e-08,-1.33971e-08,69.0|292,1159
8,8|1159|8|1159|cc|8|1|292|1|292|69.0,-0.233727,-3.79446e-08,3.71737e-08,69.0|292,1159
9,8|1159|8|1159|cc|8|1|292|1|292|69.0,3.18862,4.2422e-09,4.91643e-08,69.0|292,1159
1,8|1159|8|1159|vc|1|2|292|2|292|69.0,-0.121206,-6.52638e-09,2.67948e-09,69.0|292,1159
2,8|1159|8|1159|vc|1|2|292|2|292|69.0,1.95122,-4.6557e-09,-2.14584e-09,69.0|292,1159
3,8|1159|8|1159|vc|1|2|292|2|292|69.0,0.563056,-1.26571e-08,1.17517e-08,69.0|292,1159
4,8|1159|8|1159|vc|1|2|292|2|292|69.0,3.03498,-2.60421e-08,4.54844e-08,69.0|292,1159
5,8|1159|8|1159|vc|1|2|292|2|292|69.0,2.15496,2.1253e-08,-1.90948e-08,69.0|292,1159
6,8|1159|8|1159|vc|1|2|292|2|292|69.0,-1.95021,-6.60574e-08,-5.00692e-09,69.0|292,1159
7,8|1159|8|1159|vc|1|2|292|2|292|69.0,1.1279,1.14855e-09,-2.27024e-08,69.0|292,1159
8,8|1159|8|1159|vc|1|2|292|2|292|69.0,1.95344,-1.94155e-08,-2.94419e-09,69.0|292,1159
9,8|1159|8|1159|vc|1|2|292|2|292|69.0,-2.75207,3.6134e-09,4.68047e-09,69.0|292,1159
1,8|1159|8|1159|vc|2|2|292|2|292|69.0,-2.17095,-4.5636e-09,1.04392e-08,69.0|292,1159
2,8|1159|8|1159|vc|2|2|292|2|292|69.0,-0.216868,-3.96675e-08,3.04381e-08,69.0|292,1159
3,8|1159|8|1159|vc|2|2|292|2|292|69.0,3.91102,-1.10276e-08,-1.44631e-08,69.0|292,1159
4,8|1159|8|1159|vc|2|2|292|2|292|69.0,1.70677,6.90615e-09,1.89633e-08,69.0|292,1159
5,8|1159|8|1159|vc|2|2|292|2|292|69.0,0.164887,3.10099e-08,3.56686e-08,69.0|292,1159
6,8|1159|8|1159|vc|2|2|292|2|292|69.0,1.48788,3.3482e-11,2.74684e-08,69.0|292,1159
7,8|1159|8|1159|vc|2|2|292|2|292|69.0,3.44935,5.09844e-09,-1.38436e-08,69.0|292,1159
8,8|1159|8|1159|vc|2|2|292|2|292|69.0,-1.65762,-1.64757e-08,-5.80263e-09,69.0|292,1159
9,8|1159|8|1159|vc|2|2|292|2|292|69.0,-2.85985,4.63502e-08,-3.98337e-08,69.0|292,1159
1,8|1159|8|1159|vc|3|2|292|2|292|69.0,1.48665,-1.61166e-08,1.98759e-08,69.0|292,1159
2,8|1159|8|1159|vc|3|2|292|2|292|69.0,-2.79345,-1.88546e-08,4.72485e-08,69.0|292,1159
3,8|1159|8|1159|vc|3|2|292|2|292|69.0,-1.93292,2.33691e-09,-1.73028e-08,69.0|292,1159
4,8|1159|8|1159|vc|3|2|292|2|292|69.0,-1.02312,1.36785e-09,-1.21678e-08,69.0|292,1159
5,8|1159|8|1159|vc|3|2|292|2|292|69.0,5.2787,1.45685e-08,1.63229e-08,69.0|292,1159
6,8|1159|8|1159|vc|3|2|292|2|292|69.0,0.594747,5.14966e-08,1.49065e-08,69.0|292,1159
7,8|1159|8|1159|vc|3|2|292|2|292|69.0,5.00903,5.48725e-08,-1.47603e-08,69.0|292,1159
8,8|1159|8|1159|vc|3|2|292|2|292|69.0,0.757247,1.36374e-08,7.0033e-09,69.0|292,1159
9,8|1159|8|1159|vc|3|2|292|2|292|69.0,-1.35909,2.18526e-08,-4.28364e-08,69.0|292,1159
1,8|1159|8|1159|vc|4|2|292|2|292|69.0,-1.94212,-7.65555e-09,-4.12623e-09,69.0|292,1159
2,8|1159|8|1159|vc|4|2|292|2|292|69.0,0.99079,-5.49316e-08,-8.58334e-09,69.0|292,1159
3,8|1159|8|1159|vc|4|2|292|2|292|69.0,0.0103173,2.26314e-08,2.5695e-09,69.0|292,1159
4,8|1159|8|1159|vc|4|2|292|2|292|69.0,0.924877,-3.14108e-09,-2.98813e-08,69.0|292,1159
5,8|1159|8|1159|vc|4|2|292|2|292|69.0,-1.47377,-6.07152e-08,9.6343e-08,69.0|292,1159
6,8|1159|8|1159|vc|4|2|292|2|292|69.0,3.59788,1.47268e-08,-2.38355e-08,69.0|292,1159
7,8|1159|8|1159|vc|4|2|292|2|292|69.0,-0.59271,3.1806e-09,1.98732e-08,69.0|292,1159
8,8|1159|8|1159|vc|4|2|292|2|292|69.0,-0.18482,1.59284e-08,-6.24632e-09,69.0|292,1159
9,8|1159|8|1159|vc|4|2|292|2|292|69.0,2.56303,1.64874e-08,-4.73698e-09,69.0|292,1159
1,8|1159|8|1159|vc|5|2|292|2|292|69.0,-1.20446,-2.09611e-08,-8.67132e-09,69.0|292,1159
2,8|1159|8|1159|vc|5|2|292|2|292|69.0,1.00842,-2.37999e-08,1.01736e-08,69.0|292,1159
3,8|1159|8|1159|vc|5|2|292|2|292|69.0,-0.659836,1.20516e-08,1.10853e-08,69.0|292,1159
4,8|1159|8|1159|vc|5|2|292|2|292|69.0,-0.848796,-6.13919e-08,5.88805e-08,69.0|292,1159
5,8|1159|8|1159|vc|5|2|292|2|292|69.0,3.4317,-6.2446e-09,-4.41769e-08,69.0|292,1159
6,8|1159|8|1159|vc|5|2|292|2|292|69.0,1.32184,-6.4137e-08,5.6808e-09,69.0|292,1159
7,8|1159|8|1159|vc|5|2|292|2|292|69.0,1.63233,-1.51784e-08,1.49268e-09,69.0|292,1159
8,8|1159|8|1159|vc|5|2|292|2|292|69.0,-5.66917,-2.54341e-09,3.88535e-09,69.0|292,1159
9,8|1159|8|1159|vc|5|2|292|2|292|69.0,1.58471,1.44788e-08,-6.47388e-08,69.0|292,1159
1,8|1159|8|1159|vc|6|2|292|2|292|69.0,-0.970019,3.72276e-08,1.37424e-08,69.0|292,1159
2,8|1159|8|1159|vc|6|2|292|2|292|69.0,3.6035,2.13817e-08,1.64067e-08,69.0|292,1159
3,8|1159|8|1159|vc|6|2|292|2|292|69.0,-0.397652,8.2428e-08,5.42723e-08,69.0|292,1159
4,8|1159|8|1159|vc|6|2|292|2|292|69.0,-2.17238,4.21227e-08,9.74826e-09,69.0|292,1159
5,8|1159|8|1159|vc|6|2|292|2|292|69.0,-5.92851,-1.02448e-08,-1.69125e-08,69.0|292,1159
6,8|1159|8|1159|vc|6|2|292|2|292|69.0,-3.41855,8.06502e-09,5.14117e-09,69.0|292,1159
7,8|1159|8|1159|vc|6|2|292|2|292|69.0,0.441061,2.41966e-08,-2.06197e-08,69.0|292,1159
8,8|1159|8|1159|vc|6|2|292|2|292|69.0,1.15453,-1.10956e-08,1.11312e-08,69.0|292,1159
9,8|1159|8|1159|vc|6|2|292|2|292|69.0,2.74804,4.614e-08,-2.84074e-10,69.0|292,1159
1,8|1159|8|1159|vc|7|2|292|2|292|69.0,4.72748,-7.49382e-10,-4.63751e-09,69.0|292,1159
2,8|1159|8|1159|vc|7|2|292|2|292|69.0,0.573705,6.97583e-09,-4.79873e-08,69.0|292,1159
3,8|1159|8|1159|vc|7|2|292|2|292|69.0,-2.86995,3.45271e-08,6.2444e-09,69.0|292,1159
4,8|1159|8|1159|vc|7|2|292|2|292|69.0,-5.78327,1.92233e-08,1.52957e-08,69.0|292,1159
5,8|1159|8|1159|vc|7|2|292|2|292|69.0,6.35021,1.75863e-08,-2.5915e-08,69.0|292,1159
6,8|1159|8|1159|vc|7|2|292|2|292|69.0,-0.359747,5.581e-09,-7.47646e-08,69.0|292,1159
7,8|1159|8|1159|vc|7|2|292|2|292|69.0,-0.317999,-4.38446e-08,3.3446e-08,69.0|292,1159
8,8|1159|8|1159|vc|7|2|292|2|292|69.0,-1.01837,2.43245e-08,-1.59417e-08,69.0|292,1159
9,8|1159|8|1159|vc|7|2|292|2|292|69.0,0.229225,4.35149e-08,5.06623e-08,69.0|292,1159
1,8|1159|8|1159|vc|8|2|292|2|292|69.0,-1.05154,-3.28109e-09,1.65745e-08,69.0|292,1159
2,8|1159|8|1159|vc|8|2|292|2|292|69.0,-2.61464,3.90411e-09,3.17758e-08,69.0|292,1159
3,8|1159|8|1159|vc|8|2|292|2|292|69.0,-2.26378,-2.00262e-08,7.92461e-09,69.0|292,1159
4,8|1159|8|1159|vc|8|2|292|2|292|69.0,-0.664087,-2.28891e-08,4.42841e-08,69.0|292,1159
5,8|1159|8|1159|vc|8|2|292|2|292|69.0,-1.42565,3.41105e-08,1.64941e-08,69.0|292,1159
6,8|1159|8|1159|vc|8|2|292|2|292|69.0,-2.82017,1.29567e-08,2.1903e-09,69.0|292,1159
7,8|1159|8|1159|vc|8|2|292|2|292|69.0,2.28616,5.23656e-09,-7.96793e-08,69.0|292,1159
8,8|1159|8|1159|vc|8|2|292|2|292|69.0,4.29577,-9.16797e-09,-9.29919e-10,69.0|292,1159
9,8|1159|8|1159|vc|8|2|292|2|292|69.0,3.17091,1.19224e-08,-1.01754e-08,69.0|292,1159
1,8|1197|8|1197|sample|7|103|7|103|65.0,-3.65579,1.93288e-08,4.99855e-08,65.0|103,1197
2,8|1197|8|1197|sample|7|103|7|103|65.0,-3.46143,-1.64092e-09,1.50613e-08,65.0|103,1197
3,8|1197|8|1197|sample|7|103|7|103|65.0,-3.70399,-8.68301e-10,2.78635e-08,65.0|103,1197
4,8|1197|8|1197|sample|7|103|7|103|65.0,-3.70399,1.06659e-08,-1.24285e-08,65.0|103,1197
5,8|1197|8|1197|sample|7|103|7|103|65.0,-3.54962,2.89499e-08,-3.5246e-08,65.0|103,1197
6,8|1197|8|1197|sample|7|103|7|103|65.0,-3.54962,-4.19981e-09,2.21679e-08,65.0|103,1197
7,8|1197|8|1197|sample|7|103|7|103|65.0,-3.54962,1.46128e-08,1.11555e-08,65.0|103,1197
8,8|1197|8|1197|sample|7|103|7|103|65.0,-3.54962,-1.27209e-08,-1.90712e-08,65.0|103,1197
9,8|1197|8|1197|sample|7|103|7|103|65.0,-3.54962,-9.96688e-09,4.34683e-08,65.0|103,1197
1,8|1197|8|1197|sample|8|103|8|103|65.0,-3.58642,4.95694e-08,-5.0093e-08,65.0|103,1197
2,8|1197|8|1197|sample|8|103|8|103|65.0,-3.67414,1.04477e-08,6.77988e-08,65.0|103,1197
3,8|1197|8|1197|sample|8|103|8|103|65.0,-3.60517,6.03645e-09,-1.37717e-08,65.0|103,1197
4,8|1197|8|1197|sample|8|103|8|103|65.0,-3.60517,-1.37262e-08,-3.10551e-08,65.0|103,1197
5,8|1197|8|1197|sample|8|103|8|103|65.0,-3.60517,-1.36481e-08,-4.90568e-08,65.0|103,1197
6,8|1197|8|1197|sample|8|103|8|103|65.0,-3.60517,1.95871e-08,2.86188e-08,65.0|103,1197
7,8|1197|8|1197|sample|8|103|8|103|65.0,-3.58583,-1.74974e-08,-1.18419e-08,65.0|103,1197
8,8|1197|8|1197|sample|8|103|8|103|65.0,-3.56834,4.25622e-08,2.49839e-08,65.0|103,1197
9,8|1197|8|1197|sample|8|103|8|103|65.0,-3.56834,2.48918e-09,4.59222e-08,65.0|103,1197
1,8|1197|8|1197|sample|6|103|6|103|65.0,-3.7618,5.02383e-08,2.0546e-08,65.0|103,1197
2,8|1197|8|1197|sample|6|103|6|103|65.0,-3.7618,1.39983e-08,1.29531e-09,65.0|103,1197
3,8|1197|8|1197|sample|6|103|6|103|65.0,-3.62184,1.87711e-08,6.03739e-09,65.0|103,1197
4,8|1197|8|1197|sample|6|103|6|103|65.0,-3.61624,-7.80294e-09,-3.2869e-08,65.0|103,1197
5,8|1197|8|1197|sample|6|103|6|103|65.0,-3.61624,-5.31237e-08,1.53126e-08,65.0|103,1197
6,8|1197|8|1197|sample|6|103|6|103|65.0,-3.66562,-2.51989e-08,9.57953e-09,65.0|103,1197
7,8|1197|8|1197|sample|6|103|6|103|65.0,-3.60188,2.09015e-08,-3.7982e-08,65.0|103,1197
8,8|1197|8|1197|sample|6|103|6|103|65.0,-3.60188,4.91085e-08,2.25787e-08,65.0|103,1197
9,8|1197|8|1197|sample|6|103|6|103|65.0,-3.61112,5.37289e-08,2.60944e-08,65.0|103,1197
1,8|1197|8|1197|sample|5|103|5|103|65.0,-3.53022,7.81464e-09,-2.99054e-08,65.0|103,1197
2,8|1197|8|1197|sample|5|103|5|103|65.0,-3.40814,-1.2147e-08,1.90799e-08,65.0|103,1197
3,8|1197|8|1197|sample|5|103|5|103|65.0,-3.59414,2.93268e-08,-1.63028e-08,65.0|103,1197
4,8|1197|8|1197|sample|5|103|5|103|65.0,-3.53823,2.48488e-08,2.4466e-09,65.0|103,1197
5,8|1197|8|1197|sample|5|103|5|103|65.0,-3.53823,4.73321e-08,-3.93478e-09,65.0|103,1197
6,8|1197|8|1197|sample|5|103|5|103|65.0,-3.53823,2.0531e-08,-7.64293e-08,65.0|103,1197
7,8|1197|8|1197|sample|5|103|5|103|65.0,-3.61529,2.13705e-08,1.9986e-08,65.0|103,1197
8,8|1197|8|1197|sample|5|103|5|103|65.0,-3.61529,-2.37151e-08,-1.0403e-08,65.0|103,1197
9,8|1197|8|1197|sample|5|103|5|103|65.0,-3.57224,-1.14175e-08,2.06308e-08,65.0|103,1197
1,8|1197|8|1197|sample|12|103|12|103|28.0,-3.93565,8.2579e-09,-3.63094e-09,28.0|103,1197
2,8|1197|8|1197|sample|12|103|12|103|28.0,-3.93565,-9.40636e-10,5.87342e-08,28.0|103,1197
3,8|1197|8|1197|sample|12|103|12|103|28.0,-3.92938,-4.24617e-08,3.71297e-09,28.0|103,1197
4,8|1197|8|1197|sample|12|103|12|103|28.0,-3.97088,-1.87042e-08,-5.6068e-08,28.0|103,1197
5,8|1197|8|1197|sample|12|103|12|103|28.0,-3.97088,6.96936e-10,-7.20653e-08,28.0|103,1197
6,8|1197|8|1197|sample|12|103|12|103|28.0,-3.96978,-4.1218e-08,1.04291e-08,28.0|103,1197
7,8|1197|8|1197|sample|12|103|12|103|28.0,-3.92277,-2.17465e-09,-1.65997e-08,28.0|103,1197
8,8|1197|8|1197|sample|12|103|12|103|28.0,-3.6899,3.24015e-08,-3.19244e-08,28.0|103,1197
9,8|1197|8|1197|sample|12|103|12|103|28.0,-3.97002,1.5114e-09,-4.02288e-08,28.0|103,1197
1,8|1197|8|1197|sample|10|103|10|103|28.0,-3.73645,-1.73361e-08,-1.66569e-08,28.0|103,1197
2,8|1197|8|1197|sample|10|103|10|103|28.0,-3.73645,8.09491e-09,-1.24739e-08,28.0|103,1197
3,8|1197|8|1197|sample|10|103|10|103|28.0,-3.73645,4.4643e-08,2.53698e-08,28.0|103,1197
4,8|1197|8|1197|sample|10|103|10|103|28.0,-3.54289,-3.24712e-08,5.02716e-08,28.0|103,1197
5,8|1197|8|1197|sample|10|103|10|103|28.0,-3.54289,3.44745e-10,-3.20993e-08,28.0|103,1197
6,8|1197|8|1197|sample|10|103|10|103|28.0,-3.79467,2.69619e-08,-1.04673e-08,28.0|103,1197
7,8|1197|8|1197|sample|10|103|10|103|28.0,-3.70016,-5.57679e-09,5.59914e-08,28.0|103,1197
8,8|1197|8|1197|sample|10|103|10|103|28.0,-3.74946,-2.5167e-08,1.36825e-08,28.0|103,1197
9,8|1197|8|1197|sample|10|103|10|103|28.0,-3.74946,3.14508e-08,4.50606e-08,28.0|103,1197
1,8|1197|8|1197|sample|9|103|9|103|28.0,-3.6912,-4.8358e-08,1.84029e-09,28.0|103,1197
2,8|1197|8|1197|sample|9|103|9|103|28.0,-3.6912,-7.43419e-10,6.86309e-08,28.0|103,1197
3,8|1197|8|1197|sample|9|103|9|103|28.0,-3.79466,-1.28647e-08,-4.53132e-08,28.0|103,1197
4,8|1197|8|1197|sample|9|103|9|103|28.0,-3.79466,-1.42075e-08,-4.84779e-08,28.0|103,1197
5,8|1197|8|1197|sample|9|103|9|103|28.0,-3.64322,-5.91374e-08,-1.19065e-08,28.0|103,1197
6,8|1197|8|1197|sample|9|103|9|103|28.0,-3.64322,1.08643e-08,5.04012e-09,28.0|103,1197
7,8|1197|8|1197|sample|9|103|9|103|28.0,-3.71402,-5.69784e-09,4.70069e-08,28.0|103,1197
8,8|1197|8|1197|sample|9|103|9|103|28.0,-3.71402,3.5254e-08,1.87252e-08,28.0|103,1197
9,8|1197|8|1197|sample|9|103|9|103|28.0,-3.71402,-2.36734e-08,2.42331e-08,28.0|103,1197
1,8|1197|8|1197|sample|3|103|3|103|22.0,-3.72038,-2.43802e-08,3.87764e-08,22.0|103,1197
2,8|1197|8|1197|sample|3|103|3|103|22.0,-3.72038,4.23578e-09,2.96232e-08,22.0|103,1197
3,8|1197|8|1197|sample|3|103|3|103|22.0,-3.59773,-3.9716e-08,-1.09809e-10,22.0|103,1197
4,8|1197|8|1197|sample|3|103|3|103|22.0,-3.66019,-1.11299e-08,1.94169e-08,22.0|103,1197
5,8|1197|8|1197|sample|3|103|3|103|22.0,-3.508,5.18792e-09,2.27524e-08,22.0|103,1197
6,8|1197|8|1197|sample|3|103|3|103|22.0,-3.50933,-9.12893e-09,-3.22712e-08,22.0|103,1197
7,8|1197|8|1197|sample|3|103|3|103|22.0,-3.45773,1.87018e-08,-1.19894e-08,22.0|103,1197
8,8|1197|8|1197|sample|3|103|3|103|22.0,-3.45773,-1.30822e-08,-3.66881e-08,22.0|103,1197
9,8|1197|8|1197|sample|3|103|3|103|22.0,-3.5393,2.4325e-08,4.27226e-09,22.0|103,1197
1,8|1197|8|1197|sample|4|103|4|103|22.0,-3.70366,3.70488e-08,5.2974e-08,22.0|103,1197
2,8|1197|8|1197|sample|4|103|4|103|22.0,-3.70842,3.73555e-09,-2.50745e-09,22.0|103,1197
3,8|1197|8|1197|sample|4|103|4|103|22.0,-3.70842,-2.86503e-08,4.48087e-09,22.0|103,1197
4,8|1197|8|1197|sample|4|103|4|103|22.0,-3.70842,-1.65661e-09,3.43705e-08,22.0|103,1197
5,8|1197|8|1197|sample|4|103|4|103|22.0,-3.75026,3.4103e-08,-4.71341e-08,22.0|103,1197
6,8|1197|8|1197|sample|4|103|4|103|22.0,-3.75026,-6.27836e-08,5.87725e-08,22.0|103,1197
7,8|1197|8|1197|sample|4|103|4|103|22.0,-3.74832,-2.83989e-08,-3.25586e-09,22.0|103,1197
8,8|1197|8|1197|sample|4|103|4|103|22.0,-3.68221,-3.54153e-09,-5.20309e-08,22.0|103,1197
9,8|1197|8|1197|sample|4|103|4|103|22.0,-3.70115,-2.78595e-08,-2.2842e-08,22.0|103,1197
1,8|1197|8|1197|sample|11|103|11|103|28.0,-4.08933,3.18967e-08,-3.74072e-08,28.0|103,1197
2,8|1197|8|1197|sample|11|103|11|103|28.0,-4.02571,-1.34893e-09,-1.93611e-08,28.0|103,1197
3,8|1197|8|1197|sample|11|103|11|103|28.0,-4.02571,-2.90517e-08,-1.89513e-08,28.0|103,1197
4,8|1197|8|1197|sample|11|103|11|103|28.0,-3.95207,-1.58852e-08,-5.57638e-09,28.0|103,1197
5,8|1197|8|1197|sample|11|103|11|103|28.0,-3.95207,4.19612e-08,-2.95451e-08,28.0|103,1197
6,8|1197|8|1197|sample|11|103|11|103|28.0,-3.99924,6.6568e-09,-4.52823e-08,28.0|103,1197
7,8|1197|8|1197|sample|11|103|11|103|28.0,-3.9508,-7.3762e-09,4.83239e-08,28.0|103,1197
8,8|1197|8|1197|sample|11|103|11|103|28.0,-3.9508,-3.57035e-08,-8.86592e-09,28.0|103,1197
9,8|1197|8|1197|sample|11|103|11|103|28.0,-3.9508,5.44701e-10,6.9866e-08,28.0|103,1197
1,8|1197|8|1197|cc|1|1|103|1|103|69.0,4.02702,2.43576e-08,-1.4817e-09,69.0|103,1197
2,8|1197|8|1197|cc|1|1|103|1|103|69.0,-1.65439,-5.85231e-09,2.2629e-09,69.0|103,1197
3,8|1197|8|1197|cc|1|1|103|1|103|69.0,3.7555,2.45157e-10,1.53232e-10,69.0|103,1197
4,8|1197|8|1197|cc|1|1|103|1|103|69.0,0.415239,3.98589e-08,-1.45262e-08,69.0|103,1197
5,8|1197|8|1197|cc|1|1|103|1|103|69.0,-1.55163,-1.02357e-08,-4.41109e-08,69.0|103,1197
6,8|1197|8|1197|cc|1|1|103|1|103|69.0,-0.289059,-6.32312e-09,-2.4341e-08,69.0|103,1197
7,8|1197|8|1197|cc|1|1|103|1|103|69.0,1.93237,-1.10604e-08,-7.45768e-09,69.0|103,1197
8,8|1197|8|1197|cc|1|1|103|1|103|69.0,-0.617769,-5.25794e-09,-2.46719e-08,69.0|103,1197
9,8|1197|8|1197|cc|1|1|103|1|103|69.0,1.38111,-5.93755e-09,3.08764e-08,69.0|103,1197
1,8|1197|8|1197|cc|2|1|103|1|103|69.0,7.46801,3.89772e-08,-4.61394e-08,69.0|103,1197
2,8|1197|8|1197|cc|2|1|103|1|103|69.0,-1.74107,3.42985e-08,-1.00157e-08,69.0|103,1197
3,8|1197|8|1197|cc|2|1|103|1|103|69.0,-1.55938,-5.68896e-08,-7.91821e-09,69.0|103,1197
4,8|1197|8|1197|cc|2|1|103|1|103|69.0,2.18041,-2.44612e-08,2.96193e-08,69.0|103,1197
5,8|1197|8|1197|cc|2|1|103|1|103|69.0,-2.23115,-1.55723e-08,-4.01155e-09,69.0|103,1197
6,8|1197|8|1197|cc|2|1|103|1|103|69.0,0.0152705,-3.77768e-08,2.68891e-08,69.0|103,1197
7,8|1197|8|1197|cc|2|1|103|1|103|69.0,2.90503,-1.73606e-08,-1.71395e-08,69.0|103,1197
8,8|1197|8|1197|cc|2|1|103|1|103|69.0,-2.72162,4.78885e-08,-1.50892e-08,69.0|103,1197
9,8|1197|8|1197|cc|2|1|103|1|103|69.0,4.11331,-2.51865e-08,-8.69344e-09,69.0|103,1197
1,8|1197|8|1197|cc|3|1|103|1|103|69.0,-0.838972,-1.95377e-08,-4.46194e-08,69.0|103,1197
2,8|1197|8|1197|cc|3|1|103|1|103|69.0,3.59936,-4.37047e-08,-1.01337e-08,69.0|103,1197
3,8|1197|8|1197|cc|3|1|103|1|103|69.0,-0.327492,-1.12241e-08,-3.56263e-08,69.0|103,1197
4,8|1197|8|1197|cc|3|1|103|1|103|69.0,-0.179996,2.30036e-08,-2.30231e-08,69.0|103,1197
5,8|1197|8|1197|cc|3|1|103|1|103|69.0,0.900207,7.25399e-09,-2.04228e-08,69.0|103,1197
6,8|1197|8|1197|cc|3|1|103|1|103|69.0,-1.2151,-6.14393e-08,2.66174e-08,69.0|103,1197
7,8|1197|8|1197|cc|3|1|103|1|103|69.0,2.84785,4.43687e-08,4.02631e-08,69.0|103,1197
8,8|1197|8|1197|cc|3|1|103|1|103|69.0,-0.315614,-7.4634e-09,5.46339e-08,69.0|103,1197
9,8|1197|8|1197|cc|3|1|103|1|103|69.0,2.04599,3.22272e-08,-3.04879e-08,69.0|103,1197
1,8|1197|8|1197|cc|4|1|103|1|103|69.0,5.64894,9.61969e-09,-8.22725e-08,69.0|103,1197
2,8|1197|8|1197|cc|4|1|103|1|103|69.0,-3.13042,4.53529e-08,-3.59599e-09,69.0|103,1197
3,8|1197|8|1197|cc|4|1|103|1|103|69.0,-1.29415,6.94979e-09,4.778e-09,69.0|103,1197
4,8|1197|8|1197|cc|4|1|103|1|103|69.0,1.56744,1.98073e-08,6.15478e-08,69.0|103,1197
5,8|1197|8|1197|cc|4|1|103|1|103|69.0,-0.628954,-3.05742e-08,-5.83812e-08,69.0|103,1197
6,8|1197|8|1197|cc|4|1|103|1|103|69.0,0.329414,1.49923e-08,-2.13373e-08,69.0|103,1197
7,8|1197|8|1197|cc|4|1|103|1|103|69.0,1.08557,3.54022e-08,-1.57464e-08,69.0|103,1197
8,8|1197|8|1197|cc|4|1|103|1|103|69.0,3.79419,-4.62953e-08,-3.05031e-08,69.0|103,1197
9,8|1197|8|1197|cc|4|1|103|1|103|69.0,1.69464,-2.14296e-08,-1.01194e-08,69.0|103,1197
1,8|1197|8|1197|cc|5|1|103|1|103|69.0,-1.26874,3.27516e-09,1.04859e-07,69.0|103,1197
2,8|1197|8|1197|cc|5|1|103|1|103|69.0,0.084737,3.32244e-08,-2.10342e-08,69.0|103,1197
3,8|1197|8|1197|cc|5|1|103|1|103|69.0,-4.53231,8.51138e-09,1.53545e-08,69.0|103,1197
4,8|1197|8|1197|cc|5|1|103|1|103|69.0,1.01726,2.54338e-08,1.35789e-09,69.0|103,1197
5,8|1197|8|1197|cc|5|1|103|1|103|69.0,-1.75472,1.92206e-08,8.96875e-10,69.0|103,1197
6,8|1197|8|1197|cc|5|1|103|1|103|69.0,-0.899617,1.31642e-08,1.48263e-08,69.0|103,1197
7,8|1197|8|1197|cc|5|1|103|1|103|69.0,-0.824932,1.10521e-08,7.14963e-09,69.0|103,1197
8,8|1197|8|1197|cc|5|1|103|1|103|69.0,1.38136,-7.50034e-09,4.46397e-08,69.0|103,1197
9,8|1197|8|1197|cc|5|1|103|1|103|69.0,1.226,-1.50507e-08,2.674e-09,69.0|103,1197
1,8|1197|8|1197|cc|6|1|103|1|103|69.0,3.39907,2.86665e-08,3.78614e-09,69.0|103,1197
2,8|1197|8|1197|cc|6|1|103|1|103|69.0,-2.44708,-3.64234e-08,-2.47691e-08,69.0|103,1197
3,8|1197|8|1197|cc|6|1|103|1|103|69.0,4.56016,1.59544e-08,-2.46533e-08,69.0|103,1197
4,8|1197|8|1197|cc|6|1|103|1|103|69.0,4.29617,8.0372e-09,-2.77645e-08,69.0|103,1197
5,8|1197|8|1197|cc|6|1|103|1|103|69.0,-1.53785,6.05914e-08,-3.33664e-08,69.0|103,1197
6,8|1197|8|1197|cc|6|1|103|1|103|69.0,2.8354,-1.61468e-08,1.44457e-08,69.0|103,1197
7,8|1197|8|1197|cc|6|1|103|1|103|69.0,2.70556,8.5599e-09,5.13346e-09,69.0|103,1197
8,8|1197|8|1197|cc|6|1|103|1|103|69.0,-2.83838,3.3891e-08,-3.18225e-08,69.0|103,1197
9,8|1197|8|1197|cc|6|1|103|1|103|69.0,-1.85438,3.50618e-09,-8.47957e-09,69.0|103,1197
1,8|1197|8|1197|cc|7|1|103|1|103|69.0,-2.30506,-6.07167e-09,5.95894e-08,69.0|103,1197
2,8|1197|8|1197|cc|7|1|103|1|103|69.0,-4.90305,4.65396e-09,6.05363e-08,69.0|103,1197
3,8|1197|8|1197|cc|7|1|103|1|103|69.0,-0.797379,-4.48704e-08,-7.60025e-09,69.0|103,1197
4,8|1197|8|1197|cc|7|1|103|1|103|69.0,-1.51747,-1.4951e-08,3.95382e-08,69.0|103,1197
5,8|1197|8|1197|cc|7|1|103|1|103|69.0,-6.31344,-2.03387e-08,4.81771e-09,69.0|103,1197
6,8|1197|8|1197|cc|7|1|103|1|103|69.0,1.8478,1.18245e-09,-4.0352e-08,69.0|103,1197
7,8|1197|8|1197|cc|7|1|103|1|103|69.0,3.5043,-3.29412e-08,2.79647e-08,69.0|103,1197
8,8|1197|8|1197|cc|7|1|103|1|103|69.0,-2.87564,-2.65474e-08,7.54657e-09,69.0|103,1197
9,8|1197|8|1197|cc|7|1|103|1|103|69.0,0.402552,-8.16678e-09,1.29919e-08,69.0|103,1197
1,8|1197|8|1197|cc|8|1|103|1|103|69.0,-0.231981,-1.73386e-08,4.53256e-08,69.0|103,1197
2,8|1197|8|1197|cc|8|1|103|1|103|69.0,0.749766,3.86087e-08,2.57447e-09,69.0|103,1197
3,8|1197|8|1197|cc|8|1|103|1|103|69.0,-2.66785,-2.76628e-08,-6.57625e-09,69.0|103,1197
4,8|1197|8|1197|cc|8|1|103|1|103|69.0,3.62853,-1.77e-08,-1.89543e-09,69.0|103,1197
5,8|1197|8|1197|cc|8|1|103|1|103|69.0,2.78384,-5.72591e-09,3.91036e-08,69.0|103,1197
6,8|1197|8|1197|cc|8|1|103|1|103|69.0,-0.254402,2.29408e-09,2.69713e-08,69.0|103,1197
7,8|1197|8|1197|cc|8|1|103|1|103|69.0,4.27019,-2.16348e-08,-2.7973e-09,69.0|103,1197
8,8|1197|8|1197|cc|8|1|103|1|103|69.0,-0.983657,2.21859e-08,2.37945e-08,69.0|103,1197
9,8|1197|8|1197|cc|8|1|103|1|103|69.0,4.66318,1.22507e-08,-1.79928e-08,69.0|103,1197
1,8|1197|8|1197|vc|1|2|103|2|103|69.0,-4.31614,-8.98931e-10,1.61379e-08,69.0|103,1197
2,8|1197|8|1197|vc|1|2|103|2|103|69.0,1.07353,1.04474e-08,1.87574e-09,69.0|103,1197
3,8|1197|8|1197|vc|1|2|103|2|103|69.0,1.23917,5.92389e-08,-7.20884e-09,69.0|103,1197
4,8|1197|8|1197|vc|1|2|103|2|103|69.0,-3.72538,-8.21422e-08,-2.30153e-08,69.0|103,1197
5,8|1197|8|1197|vc|1|2|103|2|103|69.0,4.24293,-2.7009e-08,3.15337e-08,69.0|103,1197
6,8|1197|8|1197|vc|1|2|103|2|103|69.0,-2.75138,-2.16078e-08,-2.45233e-08,69.0|103,1197
7,8|1197|8|1197|vc|1|2|103|2|103|69.0,3.44174,3.37774e-09,-3.0536e-08,69.0|103,1197
8,8|1197|8|1197|vc|1|2|103|2|103|69.0,-1.30759,2.22837e-08,5.16457e-08,69.0|103,1197
9,8|1197|8|1197|vc|1|2|103|2|103|69.0,0.0362133,1.26111e-09,-3.78441e-08,69.0|103,1197
1,8|1197|8|1197|vc|2|2|103|2|103|69.0,3.56069,1.05218e-08,1.11338e-08,69.0|103,1197
2,8|1197|8|1197|vc|2|2|103|2|103|69.0,-6.20451,-1.28604e-09,5.56983e-09,69.0|103,1197
3,8|1197|8|1197|vc|2|2|103|2|103|69.0,2.5559,-4.61285e-09,1.39996e-09,69.0|103,1197
4,8|1197|8|1197|vc|2|2|103|2|103|69.0,3.47305,2.37597e-08,6.27441e-08,69.0|103,1197
5,8|1197|8|1197|vc|2|2|103|2|103|69.0,-2.72397,4.97351e-08,4.86656e-09,69.0|103,1197
6,8|1197|8|1197|vc|2|2|103|2|103|69.0,1.90492,-3.6923e-08,-4.85563e-08,69.0|103,1197
7,8|1197|8|1197|vc|2|2|103|2|103|69.0,2.36912,4.9482e-09,3.7722e-08,69.0|103,1197
8,8|1197|8|1197|vc|2|2|103|2|103|69.0,1.96709,-3.16173e-09,1.57195e-08,69.0|103,1197
9,8|1197|8|1197|vc|2|2|103|2|103|69.0,3.71664,-6.61334e-10,-6.39017e-09,69.0|103,1197
1,8|1197|8|1197|vc|3|2|103|2|103|69.0,-5.10371,-4.84532e-08,3.97211e-08,69.0|103,1197
2,8|1197|8|1197|vc|3|2|103|2|103|69.0,0.862718,-4.29972e-08,3.03906e-08,69.0|103,1197
3,8|1197|8|1197|vc|3|2|103|2|103|69.0,-1.21483,4.83872e-08,1.5085e-08,69.0|103,1197
4,8|1197|8|1197|vc|3|2|103|2|103|69.0,-3.18925,1.40197e-08,-7.83499e-09,69.0|103,1197
5,8|1197|8|1197|vc|3|2|103|2|103|69.0,-0.000196603,1.27555e-08,-5.77245e-09,69.0|103,1197
6,8|1197|8|1197|vc|3|2|103|2|103|69.0,1.25572,3.15332e-08,-9.93055e-09,69.0|103,1197
7,8|1197|8|1197|vc|3|2|103|2|103|69.0,-5.75652,3.38196e-08,4.01807e-08,69.0|103,1197
8,8|1197|8|1197|vc|3|2|103|2|103|69.0,-0.0709546,3.90804e-08,-1.21211e-08,69.0|103,1197
9,8|1197|8|1197|vc|3|2|103|2|103|69.0,2.0371,-2.48529e-08,4.59269e-10,69.0|103,1197
1,8|1197|8|1197|vc|4|2|103|2|103|69.0,0.342257,-4.26942e-08,2.42086e-08,69.0|103,1197
2,8|1197|8|1197|vc|4|2|103|2|103|69.0,2.90481,3.38189e-08,3.4726e-08,69.0|103,1197
3,8|1197|8|1197|vc|4|2|103|2|103|69.0,0.43807,-2.7357e-09,-3.48525e-08,69.0|103,1197
4,8|1197|8|1197|vc|4|2|103|2|103|69.0,-4.16022,-2.11742e-08,3.88389e-08,69.0|103,1197
5,8|1197|8|1197|vc|4|2|103|2|103|69.0,-1.15686,5.78736e-08,7.90657e-10,69.0|103,1197
6,8|1197|8|1197|vc|4|2|103|2|103|69.0,1.21035,5.81821e-09,4.89953e-08,69.0|103,1197
7,8|1197|8|1197|vc|4|2|103|2|103|69.0,-3.43246,6.71645e-09,-1.70009e-08,69.0|103,1197
8,8|1197|8|1197|vc|4|2|103|2|103|69.0,-0.320211,7.84008e-09,-4.12219e-08,69.0|103,1197
9,8|1197|8|1197|vc|4|2|103|2|103|69.0,-3.386,-2.49078e-08,-1.36324e-08,69.0|103,1197
1,8|1197|8|1197|vc|5|2|103|2|103|69.0,1.78915,5.63262e-08,-8.97095e-10,69.0|103,1197
2,8|1197|8|1197|vc|5|2|103|2|103|69.0,1.77815,-1.67585e-09,1.98738e-08,69.0|103,1197
3,8|1197|8|1197|vc|5|2|103|2|103|69.0,1.05724,-2.91278e-08,9.00262e-09,69.0|103,1197
4,8|1197|8|1197|vc|5|2|103|2|103|69.0,-2.53342,-5.11661e-08,3.21501e-08,69.0|103,1197
5,8|1197|8|1197|vc|5|2|103|2|103|69.0,-3.34675,-3.85696e-08,-5.37186e-08,69.0|103,1197
6,8|1197|8|1197|vc|5|2|103|2|103|69.0,3.75428,-2.77388e-10,-2.4057e-08,69.0|103,1197
7,8|1197|8|1197|vc|5|2|103|2|103|69.0,-2.88874,-4.45978e-08,8.08666e-08,69.0|103,1197
8,8|1197|8|1197|vc|5|2|103|2|103|69.0,-2.28124,6.44978e-09,2.59902e-08,69.0|103,1197
9,8|1197|8|1197|vc|5|2|103|2|103|69.0,0.17945,2.64004e-08,6.39798e-08,69.0|103,1197
1,8|1197|8|1197|vc|6|2|103|2|103|69.0,3.51186,-1.61207e-08,8.81714e-09,69.0|103,1197
2,8|1197|8|1197|vc|6|2|103|2|103|69.0,0.169749,-1.28251e-08,2.40997e-08,69.0|103,1197
3,8|1197|8|1197|vc|6|2|103|2|103|69.0,2.225,-1.30134e-08,-4.51319e-08,69.0|103,1197
4,8|1197|8|1197|vc|6|2|103|2|103|69.0,0.46233,2.67774e-08,-6.34382e-08,69.0|103,1197
5,8|1197|8|1197|vc|6|2|103|2|103|69.0,2.63694,-2.03235e-08,2.155e-08,69.0|103,1197
6,8|1197|8|1197|vc|6|2|103|2|103|69.0,0.358023,3.19164e-08,8.32718e-09,69.0|103,1197
7,8|1197|8|1197|vc|6|2|103|2|103|69.0,-4.88148,2.48387e-08,3.78631e-08,69.0|103,1197
8,8|1197|8|1197|vc|6|2|103|2|103|69.0,-1.44618,2.4916e-08,-1.85559e-08,69.0|103,1197
9,8|1197|8|1197|vc|6|2|103|2|103|69.0,-1.00847,5.48882e-09,2.06224e-08,69.0|103,1197
1,8|1197|8|1197|vc|7|2|103|2|103|69.0,-3.86508,2.59226e-08,3.46263e-08,69.0|103,1197
2,8|1197|8|1197|vc|7|2|103|2|103|69.0,-0.0369614,1.83994e-08,-1.00765e-08,69.0|103,1197
3,8|1197|8|1197|vc|7|2|103|2|103|69.0,0.494885,4.06464e-09,-1.99919e-08,69.0|103,1197
4,8|1197|8|1197|vc|7|2|103|2|103|69.0,-5.04439,1.31395e-08,-5.00037e-09,69.0|103,1197
5,8|1197|8|1197|vc|7|2|103|2|103|69.0,2.00439,1.74052e-08,-3.15343e-08,69.0|103,1197
6,8|1197|8|1197|vc|7|2|103|2|103|69.0,-1.5027,-2.5073e-08,-2.89261e-08,69.0|103,1197
7,8|1197|8|1197|vc|7|2|103|2|103|69.0,2.53603,-2.60632e-09,1.59993e-08,69.0|103,1197
8,8|1197|8|1197|vc|7|2|103|2|103|69.0,3.52522,2.7446e-08,2.33399e-08,69.0|103,1197
9,8|1197|8|1197|vc|7|2|103|2|103|69.0,-1.79344,-1.0519e-08,6.00432e-08,69.0|103,1197
1,8|1197|8|1197|vc|8|2|103|2|103|69.0,1.60863,3.59755e-08,3.56991e-08,69.0|103,1197
2,8|1197|8|1197|vc|8|2|103|2|103|69.0,-0.429024,1.78767e-08,-1.32211e-08,69.0|103,1197
3,8|1197|8|1197|vc|8|2|103|2|103|69.0,-1.04459,2.82026e-08,1.22511e-08,69.0|103,1197
4,8|1197|8|1197|vc|8|2|103|2|103|69.0,-1.81355,2.46396e-08,-5.48734e-08,69.0|103,1197
5,8|1197|8|1197|vc|8|2|103|2|103|69.0,-1.29533,4.97074e-08,4.04027e-08,69.0|103,1197
6,8|1197|8|1197|vc|8|2|103|2|103|69.0,-2.62209,-3.8774e-09,-2.62152e-08,69.0|103,1197
7,8|1197|8|1197|vc|8|2|103|2|103|69.0,-1.94993,1.76832e-08,1.94528e-08,69.0|103,1197
8,8|1197|8|1197|vc|8|2|103|2|103|69.0,1.79283,-1.85922e-08,-3.22469e-08,69.0|103,1197
9,8|1197|8|1197|vc|8|2|103|2|103|69.0,3.98389,2.44426e-08,1.10432e-08,69.0|103,1197
