id,time,rlu,plate_row,plate_col,virus_cc,mean_vc,popPred_medianCOV,popPred,indivPred_SAEM,indivPred_mode,indWRes_SAEM,indWRes_mode
9|411|sample|4|274,0.0457247370827617,53482.0,1,4,1,57906.875,51739.6,47915.9,47925.8,47915.9,0.26286,0.263381
9|411|sample|4|274,0.1371742112482853,45186.0,2,4,1,57906.875,40441.3,37485.7,37488.3,37485.7,0.458306,0.458488
9|411|sample|4|274,0.411522633744856,36004.0,3,4,1,57906.875,20908.7,19407.7,19394.0,19407.7,1.79186,1.78929
9|411|sample|4|274,1.23456790123457,15537.0,4,4,1,57906.875,7362.34,6870.16,6856.7,6870.16,2.1408,2.13454
9|411|sample|4|274,3.7037037037037,4302.0,5,4,1,57906.875,2502.31,2372.05,2366.07,2372.05,0.885285,0.881548
9|411|sample|4|274,11.1111111111111,1258.0,6,4,1,57906.875,1195.97,1163.0,1160.97,1163.0,0.057565,0.0563327
9|411|sample|4|274,33.3333333333333,948.0,7,4,1,57906.875,873.829,864.849,864.229,864.849,0.0536274,0.0532219
9|411|sample|4|274,100.0,850.0,8,4,1,57906.875,790.534,787.363,787.209,787.363,0.0410385,0.0409359
9|411|sample|3|274,0.0457247370827617,58138.0,1,3,1,57906.875,51739.6,47915.9,47925.8,47915.9,0.483131,0.483695
9|411|sample|3|274,0.1371742112482853,40956.0,2,3,1,57906.875,40441.3,37485.7,37488.3,37485.7,0.206461,0.206627
9|411|sample|3|274,0.411522633744856,25675.0,3,3,1,57906.875,20908.7,19407.7,19394.0,19407.7,0.677582,0.675692
9|411|sample|3|274,1.23456790123457,7926.0,4,3,1,57906.875,7362.34,6870.16,6856.7,6870.16,0.263719,0.260042
9|411|sample|3|274,3.7037037037037,2156.0,5,3,1,57906.875,2502.31,2372.05,2366.07,2372.05,-0.0960639,-0.0986865
9|411|sample|3|274,11.1111111111111,986.0,6,3,1,57906.875,1195.97,1163.0,1160.97,1163.0,-0.10381,-0.104961
9|411|sample|3|274,33.3333333333333,960.0,7,3,1,57906.875,873.829,864.849,864.229,864.849,0.0613094,0.0609027
9|411|sample|3|274,100.0,882.0,8,3,1,57906.875,790.534,787.363,787.209,787.363,0.0619529,0.0618494
9|411|sample|5|274,0.002286236854138,55169.0,1,5,1,57906.875,56992.5,52774.8,52778.5,52774.8,0.103236,0.1034
9|411|sample|5|274,0.0068587105624142,55989.0,2,5,1,57906.875,57391.1,53173.2,53175.0,53173.2,0.120662,0.120745
9|411|sample|5|274,0.0205761316872428,54885.0,3,5,1,57906.875,55842.5,51739.9,51744.6,51739.9,0.138185,0.138405
9|411|sample|5|274,0.0617283950617284,49434.0,4,5,1,57906.875,50199.0,46516.7,46524.2,46516.7,0.141563,0.14195
9|411|sample|5|274,0.1851851851851852,45208.0,5,5,1,57906.875,35390.2,32810.8,32809.0,32810.8,0.834968,0.834804
9|411|sample|5|274,0.5555555555555556,30556.0,6,5,1,57906.875,16153.2,15006.3,14990.7,15006.3,2.09266,2.08873
9|411|sample|5|274,1.66666666666667,13064.0,7,5,1,57906.875,5405.13,5058.71,5047.42,5058.71,2.42772,2.42086
9|411|sample|5|274,5.0,2918.0,8,5,1,57906.875,1933.18,1844.33,1839.95,1844.33,0.547804,0.545076
9|411|sample|6|274,0.002286236854138,62015.0,1,6,1,57906.875,56992.5,52774.8,52778.4,52774.8,0.398882,0.399066
9|411|sample|6|274,0.0068587105624142,61528.0,2,6,1,57906.875,57391.1,53173.2,53175.0,53173.2,0.358173,0.358263
9|411|sample|6|274,0.0205761316872428,61845.0,3,6,1,57906.875,55842.5,51739.9,51744.6,51739.9,0.444441,0.444688
9|411|sample|6|274,0.0617283950617284,54318.0,4,6,1,57906.875,50199.0,46516.7,46524.2,46516.7,0.379174,0.379597
9|411|sample|6|274,0.1851851851851852,48773.0,5,6,1,57906.875,35390.2,32810.8,32809.0,32810.8,1.07504,1.07486
9|411|sample|6|274,0.5555555555555556,29602.0,6,6,1,57906.875,16153.2,15006.3,14990.7,15006.3,1.9644,1.96058
9|411|sample|6|274,1.66666666666667,12240.0,7,6,1,57906.875,5405.13,5058.71,5047.42,5058.71,2.17818,2.17167
9|411|sample|6|274,5.0,3840.0,8,6,1,57906.875,1933.18,1844.33,1839.95,1844.33,1.01631,1.01315
9|411|sample|8|274,0.0457247370827617,49844.0,1,8,1,57906.875,51739.6,47915.9,47925.8,47915.9,0.0907494,0.0912366
9|411|sample|8|274,0.1371742112482853,46084.0,2,8,1,57906.875,40441.3,37485.7,37488.3,37485.7,0.511771,0.511956
9|411|sample|8|274,0.411522633744856,29492.0,3,8,1,57906.875,20908.7,19407.7,19394.0,19407.7,1.08935,1.08721
9|411|sample|8|274,1.23456790123457,12168.0,4,8,1,57906.875,7362.34,6870.16,6856.7,6870.16,1.30991,1.3048
9|411|sample|8|274,3.7037037037037,3114.0,5,8,1,57906.875,2502.31,2372.05,2366.07,2372.05,0.342022,0.338902
9|411|sample|8|274,11.1111111111111,1024.0,6,8,1,57906.875,1195.97,1163.0,1160.97,1163.0,-0.0812648,-0.0824275
9|411|sample|8|274,33.3333333333333,882.0,7,8,1,57906.875,873.829,864.849,864.229,864.849,0.0113762,0.0109777
9|411|sample|8|274,100.0,778.0,8,8,1,57906.875,790.534,787.363,787.209,787.363,-0.00601881,-0.00611945
9|411|sample|7|274,0.0457247370827617,51443.0,1,7,1,57906.875,51739.6,47915.9,47925.8,47915.9,0.166396,0.166899
9|411|sample|7|274,0.1371742112482853,47489.0,2,7,1,57906.875,40441.3,37485.7,37488.3,37485.7,0.595421,0.595612
9|411|sample|7|274,0.411522633744856,28239.0,3,7,1,57906.875,20908.7,19407.7,19394.0,19407.7,0.954182,0.952124
9|411|sample|7|274,1.23456790123457,11458.0,4,7,1,57906.875,7362.34,6870.16,6856.71,6870.16,1.13481,1.12993
9|411|sample|7|274,3.7037037037037,2676.0,5,7,1,57906.875,2502.31,2372.05,2366.07,2372.05,0.141728,0.138835
9|411|sample|7|274,11.1111111111111,1026.0,6,7,1,57906.875,1195.97,1163.0,1160.97,1163.0,-0.0800782,-0.0812416
9|411|sample|7|274,33.3333333333333,928.0,7,7,1,57906.875,873.829,864.849,864.229,864.849,0.040824,0.0404207
9|411|sample|7|274,100.0,848.0,8,7,1,57906.875,790.534,787.363,787.209,787.363,0.0397314,0.0396288
9|411|sample|9|274,0.002286236854138,52761.0,1,9,1,57906.875,56992.5,52774.8,52778.5,52774.8,-0.000753622,-0.000596263
9|411|sample|9|274,0.0068587105624142,58591.0,2,9,1,57906.875,57391.1,53173.2,53175.0,53173.2,0.232236,0.232322
9|411|sample|9|274,0.0205761316872428,53528.0,3,9,1,57906.875,55842.5,51739.9,51744.6,51739.9,0.0784737,0.0786885
9|411|sample|9|274,0.0617283950617284,55935.0,4,9,1,57906.875,50199.0,46516.7,46524.2,46516.7,0.457842,0.458277
9|411|sample|9|274,0.1851851851851852,49128.0,5,9,1,57906.875,35390.2,32810.8,32809.0,32810.8,1.09895,1.09877
9|411|sample|9|274,0.5555555555555556,28450.0,6,9,1,57906.875,16153.2,15006.3,14990.7,15006.3,1.80952,1.80583
9|411|sample|9|274,1.66666666666667,10662.0,7,9,1,57906.875,5405.13,5058.71,5047.42,5058.71,1.7003,1.69448
9|411|sample|9|274,5.0,3030.0,8,9,1,57906.875,1933.18,1844.33,1839.95,1844.33,0.604716,0.601935
9|411|sample|10|274,0.002286236854138,53166.0,1,10,1,57906.875,56992.5,52774.8,52778.4,52774.8,0.0167368,0.0168949
9|411|sample|10|274,0.0068587105624142,61628.0,2,10,1,57906.875,57391.1,53173.2,53175.0,53173.2,0.362462,0.362551
9|411|sample|10|274,0.0205761316872428,54148.0,3,10,1,57906.875,55842.5,51739.9,51744.6,51739.9,0.105756,0.105972
9|411|sample|10|274,0.0617283950617284,54949.0,4,10,1,57906.875,50199.0,46516.7,46524.2,46516.7,0.409873,0.4103
9|411|sample|10|274,0.1851851851851852,46394.0,5,10,1,57906.875,35390.2,32810.8,32809.0,32810.8,0.914835,0.914667
9|411|sample|10|274,0.5555555555555556,30684.0,6,10,1,57906.875,16153.2,15006.3,14990.7,15006.3,2.10987,2.10592
9|411|sample|10|274,1.66666666666667,13846.0,7,10,1,57906.875,5405.13,5058.71,5047.42,5058.71,2.66454,2.65734
9|411|sample|10|274,5.0,3124.0,8,10,1,57906.875,1933.18,1844.33,1839.95,1844.33,0.652482,0.649657
9|411|sample|12|274,0.0457247370827617,47309.0,1,12,1,57906.875,51739.6,47915.9,47925.8,47915.9,-0.029179,-0.0287153
9|411|sample|12|274,0.1371742112482853,39899.0,2,12,1,57906.875,39895.0,36959.5,36964.2,36959.5,0.17703,0.177332
9|411|sample|12|274,0.411522633744856,26409.0,3,12,1,57906.875,20628.8,19138.0,19125.7,19138.0,0.795296,0.793497
9|411|sample|12|274,1.23456790123457,9114.0,4,12,1,57906.875,7267.21,6778.37,6765.48,6778.37,0.584682,0.580698
9|411|sample|12|274,3.7037037037037,2878.0,5,12,1,57906.875,2473.46,2344.09,2338.31,2344.09,0.248108,0.245178
9|411|sample|12|274,11.1111111111111,968.0,6,12,1,57906.875,1184.94,1152.2,1150.24,1152.2,-0.108407,-0.109518
9|411|sample|12|274,33.3333333333333,796.0,7,12,1,57906.875,867.191,858.272,857.688,858.272,-0.0395597,-0.039928
9|411|sample|12|274,100.0,796.0,8,12,1,57906.875,790.534,787.363,787.209,787.363,0.00574553,0.00564439
9|411|sample|11|274,0.0457247370827617,54260.0,1,11,1,57906.875,51739.6,47915.9,47925.8,47915.9,0.299666,0.300194
9|411|sample|11|274,0.1371742112482853,45084.0,2,11,1,57906.875,40441.3,37485.7,37488.3,37485.7,0.452233,0.452415
9|411|sample|11|274,0.411522633744856,27045.0,3,11,1,57906.875,20908.7,19407.7,19394.0,19407.7,0.825375,0.823396
9|411|sample|11|274,1.23456790123457,12392.0,4,11,1,57906.875,7362.34,6870.15,6856.7,6870.15,1.36516,1.35997
9|411|sample|11|274,3.7037037037037,3032.0,5,11,1,57906.875,2502.31,2372.05,2366.07,2372.05,0.304524,0.301447
9|411|sample|11|274,11.1111111111111,1264.0,6,11,1,57906.875,1195.97,1163.0,1160.97,1163.0,0.0611247,0.0598907
9|411|sample|11|274,33.3333333333333,860.0,7,11,1,57906.875,873.829,864.849,864.229,864.849,-0.00270759,-0.00310372
9|411|sample|11|274,100.0,802.0,8,11,1,57906.875,790.534,787.363,787.209,787.363,0.00966697,0.00956567
9|411|cc|1|1|274,0.0,868.0,1,1,0,57906.875,0.0,0.0,0.0,0.0,0.721767,0.721767
9|411|cc|2|1|274,0.0,912.0,2,1,0,57906.875,0.0,0.0,0.0,0.0,0.758354,0.758354
9|411|cc|3|1|274,0.0,846.0,3,1,0,57906.875,0.0,0.0,0.0,0.0,0.703473,0.703473
9|411|cc|4|1|274,0.0,900.0,4,1,0,57906.875,0.0,0.0,0.0,0.0,0.748376,0.748376
9|411|cc|5|1|274,0.0,962.0,5,1,0,57906.875,0.0,0.0,0.0,0.0,0.799931,0.799931
9|411|cc|6|1|274,0.0,886.0,6,1,0,57906.875,0.0,0.0,0.0,0.0,0.736735,0.736735
9|411|cc|7|1|274,0.0,922.0,7,1,0,57906.875,0.0,0.0,0.0,0.0,0.76667,0.76667
9|411|cc|8|1|274,0.0,984.0,8,1,0,57906.875,0.0,0.0,0.0,0.0,0.818224,0.818224
9|411|vc|1|2|274,0.0,57888.0,1,2,1,57906.875,57112.9,51513.0,51516.1,51513.0,0.281558,0.281708
9|411|vc|2|2|274,0.0,57026.0,2,2,1,57906.875,57897.2,52259.0,52259.0,52259.0,0.207801,0.207801
9|411|vc|3|2|274,0.0,62361.0,3,2,1,57906.875,57897.2,52259.0,52259.0,52259.0,0.440363,0.440364
9|411|vc|4|2|274,0.0,58423.0,4,2,1,57906.875,57897.2,52259.0,52259.0,52259.0,0.268699,0.268699
9|411|vc|5|2|274,0.0,61789.0,5,2,1,57906.875,57897.2,52259.0,52259.0,52259.0,0.415429,0.415429
9|411|vc|6|2|274,0.0,57424.0,6,2,1,57906.875,57897.2,52259.0,52259.0,52259.0,0.22515,0.225151
9|411|vc|7|2|274,0.0,54022.0,7,2,1,57906.875,57897.2,52259.0,52259.0,52259.0,0.0768514,0.0768509
9|411|vc|8|2|274,0.0,54322.0,8,2,1,57906.875,57112.9,51513.0,51516.0,51513.0,0.123988,0.124128
14|783|sample|3|71,0.00128,68212.8,1,3,1,65466.9,64506.3,53411.0,53413.8,53411.0,0.631886,0.632038
14|783|sample|3|71,0.0064,68155.2,2,3,1,65466.9,64933.1,49112.6,49111.9,49112.6,0.880372,0.880331
14|783|sample|3|71,0.032,68608.8,3,3,1,65466.9,61437.2,42516.4,42515.1,42516.4,1.38157,1.38146
14|783|sample|3|71,0.16,64072.8,4,3,1,65466.9,42841.8,34755.7,34753.7,34755.7,1.8724,1.87217
14|783|sample|3|71,0.8,57218.4,5,3,1,65466.9,12837.8,26691.2,26688.7,26691.2,2.4813,2.48089
14|783|sample|3|71,4.0,44143.2,6,3,1,65466.9,2549.8,19323.3,19320.8,19323.3,2.68665,2.68607
14|783|sample|3|71,20.0,28238.4,7,3,1,65466.9,996.199,13342.7,13340.4,13342.7,2.20658,2.20593
14|783|sample|3|71,100.0,11044.8,8,3,1,65466.9,793.736,8819.22,8817.86,8819.22,0.457236,0.456902
14|783|sample|4|71,0.00128,69595.2,1,4,1,65466.9,64506.3,53411.0,53413.8,53411.0,0.690912,0.691067
14|783|sample|4|71,0.0064,69638.4,2,4,1,65466.9,64933.1,49112.6,49111.9,49112.6,0.94894,0.948898
14|783|sample|4|71,0.032,67262.4,3,4,1,65466.9,61437.2,42516.4,42515.1,42516.4,1.31028,1.31018
14|783|sample|4|71,0.16,63900.0,4,4,1,65466.9,42841.8,34755.7,34753.7,34755.7,1.86136,1.86114
14|783|sample|4|71,0.8,56001.6,5,4,1,65466.9,12837.8,26691.2,26688.7,26691.2,2.3824,2.38201
14|783|sample|4|71,4.0,42962.4,6,4,1,65466.9,2549.8,19323.3,19320.8,19323.3,2.55885,2.55828
14|783|sample|4|71,20.0,26215.2,7,4,1,65466.9,996.199,13342.7,13340.4,13342.7,1.90692,1.90631
14|783|sample|4|71,100.0,11448.0,8,4,1,65466.9,793.736,8819.22,8817.86,8819.22,0.540021,0.539678
14|783|sample|5|71,0.00128,67507.2,1,5,1,65466.9,64506.3,53411.0,53413.8,53411.0,0.601759,0.601909
14|783|sample|5|71,0.0064,64807.2,2,5,1,65466.9,64933.1,49112.6,49111.9,49112.6,0.725594,0.725555
14|783|sample|5|71,0.032,65296.8,3,5,1,65466.9,61437.2,42516.4,42515.1,42516.4,1.20621,1.20611
14|783|sample|5|71,0.16,59824.8,4,5,1,65466.9,42841.8,34755.7,34753.7,34755.7,1.60111,1.6009
14|783|sample|5|71,0.8,43956.0,5,5,1,65466.9,12837.8,26691.2,26688.7,26691.2,1.4034,1.40308
14|783|sample|5|71,4.0,33624.0,6,5,1,65466.9,2549.8,19323.3,19320.8,19323.3,1.54811,1.54765
14|783|sample|5|71,20.0,17287.2,7,5,1,65466.9,996.199,13342.7,13340.4,13342.7,0.584569,0.584145
14|783|sample|5|71,100.0,6449.76,8,5,1,65466.9,793.736,8819.22,8817.86,8819.22,-0.486218,-0.486442
14|783|sample|6|71,0.00128,72936.0,1,6,1,65466.9,64506.3,53411.0,53413.8,53411.0,0.833557,0.833719
14|783|sample|6|71,0.0064,71100.0,2,6,1,65466.9,64933.1,49112.6,49111.9,49112.6,1.01651,1.01647
14|783|sample|6|71,0.032,65887.2,3,6,1,65466.9,61437.2,42516.4,42515.1,42516.4,1.23747,1.23737
14|783|sample|6|71,0.16,59457.6,4,6,1,65466.9,42841.8,34755.7,34753.7,34755.7,1.57766,1.57745
14|783|sample|6|71,0.8,43984.8,5,6,1,65466.9,12837.8,26691.2,26688.7,26691.2,1.40574,1.40542
14|783|sample|6|71,4.0,31118.4,6,6,1,65466.9,2549.8,19323.3,19320.8,19323.3,1.27691,1.27649
14|783|sample|6|71,20.0,17712.0,7,6,1,65466.9,996.199,13342.7,13340.4,13342.7,0.647488,0.647055
14|783|sample|6|71,100.0,6401.52,8,6,1,65466.9,793.736,8819.22,8817.86,8819.22,-0.496123,-0.496346
14|783|sample|7|71,0.00128,67154.4,1,7,1,65466.9,64506.3,53411.0,53413.8,53411.0,0.586695,0.586844
14|783|sample|7|71,0.0064,54813.6,2,7,1,65466.9,64933.1,49112.6,49111.9,49112.6,0.26359,0.263556
14|783|sample|7|71,0.032,37951.2,3,7,1,65466.9,61437.2,42516.4,42515.1,42516.4,-0.241642,-0.241704
14|783|sample|7|71,0.16,14299.2,4,7,1,65466.9,42841.8,34755.7,34753.7,34755.7,-1.30628,-1.30634
14|783|sample|7|71,0.8,1840.32,5,7,1,65466.9,12837.8,26691.2,26688.7,26691.2,-2.01955,-2.01958
14|783|sample|7|71,4.0,763.2,6,7,1,65466.9,2549.8,19323.3,19320.8,19323.3,-2.00857,-2.00862
14|783|sample|7|71,20.0,651.672,7,7,1,65466.9,996.199,13342.7,13340.4,13342.7,-1.87936,-1.87944
14|783|sample|7|71,100.0,652.968,8,7,1,65466.9,793.736,8819.22,8817.86,8819.22,-1.67642,-1.6765
14|783|sample|8|71,0.00128,63050.4,1,8,1,65466.9,64506.3,53411.0,53413.8,53411.0,0.411463,0.411604
14|783|sample|8|71,0.0064,58111.2,2,8,1,65466.9,64933.1,49112.6,49111.9,49112.6,0.416037,0.416002
14|783|sample|8|71,0.032,39211.2,3,8,1,65466.9,61437.2,42516.4,42515.1,42516.4,-0.17493,-0.174994
14|783|sample|8|71,0.16,16286.4,4,8,1,65466.9,42841.8,34755.7,34753.7,34755.7,-1.17937,-1.17944
14|783|sample|8|71,0.8,2345.04,5,8,1,65466.9,12837.8,26691.2,26688.7,26691.2,-1.97853,-1.97856
14|783|sample|8|71,4.0,787.68,6,8,1,65466.9,2549.8,19323.3,19320.8,19323.3,-2.00592,-2.00597
14|783|sample|8|71,20.0,566.928,7,8,1,65466.9,996.199,13342.7,13340.4,13342.7,-1.89191,-1.89199
14|783|sample|8|71,100.0,548.928,8,8,1,65466.9,793.736,8819.22,8817.86,8819.22,-1.69778,-1.69786
14|783|sample|10|71,0.00128,76608.0,1,10,1,65466.9,64506.3,53411.0,53413.8,53411.0,0.990343,0.990513
14|783|sample|10|71,0.0064,70869.6,2,10,1,65466.9,64933.1,49112.6,49111.9,49112.6,1.00586,1.00582
14|783|sample|10|71,0.032,68104.8,3,10,1,65466.9,61437.2,42516.4,42515.1,42516.4,1.35488,1.35478
14|783|sample|10|71,0.16,65124.0,4,10,1,65466.9,42841.8,34755.7,34753.7,34755.7,1.93953,1.9393
14|783|sample|10|71,0.8,59119.2,5,10,1,65466.9,12837.8,26691.2,26688.7,26691.2,2.63578,2.63537
14|783|sample|10|71,4.0,42307.2,6,10,1,65466.9,2549.8,19323.3,19320.8,19323.3,2.48793,2.48737
14|783|sample|10|71,20.0,27712.8,7,10,1,65466.9,996.199,13342.7,13340.4,13342.7,2.12873,2.12809
14|783|sample|10|71,100.0,11037.6,8,10,1,65466.9,793.736,8819.22,8817.86,8819.22,0.455758,0.455424
14|783|sample|9|71,0.00128,74160.0,1,9,1,65466.9,64506.3,53411.0,53413.8,53411.0,0.885819,0.885984
14|783|sample|9|71,0.0064,70380.0,2,9,1,65466.9,64933.1,49112.6,49111.9,49112.6,0.983224,0.983182
14|783|sample|9|71,0.032,62517.6,3,9,1,65466.9,61437.2,42516.4,42515.1,42516.4,1.05906,1.05896
14|783|sample|9|71,0.16,69746.4,4,9,1,65466.9,42841.8,34755.7,34753.7,34755.7,2.23473,2.23448
14|783|sample|9|71,0.8,56138.4,5,9,1,65466.9,12837.8,26691.2,26688.7,26691.2,2.39352,2.39312
14|783|sample|9|71,4.0,43509.6,6,9,1,65466.9,2549.8,19323.3,19320.8,19323.3,2.61807,2.6175
14|783|sample|9|71,20.0,28951.2,7,9,1,65466.9,996.199,13342.7,13340.4,13342.7,2.31215,2.31149
14|783|sample|9|71,100.0,11426.4,8,9,1,65466.9,793.736,8819.22,8817.86,8819.22,0.535586,0.535243
14|783|sample|12|71,0.00128,56412.0,1,12,1,65466.9,64506.3,53411.0,53413.8,53411.0,0.128017,0.128144
14|783|sample|12|71,0.0064,44661.6,2,12,1,65466.9,64053.5,48440.6,48442.6,48440.6,-0.177076,-0.176986
14|783|sample|12|71,0.032,22356.0,3,12,1,65466.9,60605.2,41935.4,41936.5,41935.4,-1.0501,-1.05007
14|783|sample|12|71,0.16,2838.96,4,12,1,65466.9,42263.2,34281.7,34281.7,34281.7,-2.03351,-2.03351
14|783|sample|12|71,0.8,601.272,5,12,1,65466.9,12668.2,26328.4,26327.5,26328.4,-2.11674,-2.11675
14|783|sample|12|71,4.0,473.256,6,12,1,65466.9,2520.33,19062.2,19060.7,19062.2,-2.03564,-2.03566
14|783|sample|12|71,20.0,409.608,7,12,1,65466.9,987.895,13164.1,13162.5,13164.1,-1.9098,-1.90984
14|783|sample|12|71,100.0,416.808,8,12,1,65466.9,793.736,8819.22,8817.86,8819.22,-1.72491,-1.72498
14|783|sample|11|71,0.00128,65894.4,1,11,1,65466.9,64506.3,53411.0,53413.8,53411.0,0.532895,0.533042
14|783|sample|11|71,0.0064,47419.2,2,11,1,65466.9,64933.1,49112.6,49111.9,49112.6,-0.0782536,-0.0782827
14|783|sample|11|71,0.032,23608.8,3,11,1,65466.9,61437.2,42516.4,42515.1,42516.4,-1.00102,-1.00106
14|783|sample|11|71,0.16,2632.32,4,11,1,65466.9,42841.8,34755.7,34753.7,34755.7,-2.05136,-2.05138
14|783|sample|11|71,0.8,606.096,5,11,1,65466.9,12837.8,26691.2,26688.7,26691.2,-2.11986,-2.11989
14|783|sample|11|71,4.0,537.696,6,11,1,65466.9,2549.8,19323.3,19320.8,19323.3,-2.03298,-2.03302
14|783|sample|11|71,20.0,480.6,7,11,1,65466.9,996.199,13342.7,13340.4,13342.7,-1.9047,-1.90477
14|783|sample|11|71,100.0,448.488,8,11,1,65466.9,793.736,8819.22,8817.86,8819.22,-1.7184,-1.71848
14|783|cc|1|1|71,0.0,657.504,1,1,0,65466.9,0.0,0.0,0.0,0.0,0.546734,0.546734
14|783|cc|2|1|71,0.0,596.952,2,1,0,65466.9,0.0,0.0,0.0,0.0,0.496383,0.496383
14|783|cc|3|1|71,0.0,556.272,3,1,0,65466.9,0.0,0.0,0.0,0.0,0.462556,0.462556
14|783|cc|4|1|71,0.0,549.216,4,1,0,65466.9,0.0,0.0,0.0,0.0,0.456689,0.456689
14|783|cc|5|1|71,0.0,572.832,5,1,0,65466.9,0.0,0.0,0.0,0.0,0.476326,0.476326
14|783|cc|6|1|71,0.0,552.672,6,1,0,65466.9,0.0,0.0,0.0,0.0,0.459563,0.459563
14|783|cc|7|1|71,0.0,577.728,7,1,0,65466.9,0.0,0.0,0.0,0.0,0.480398,0.480398
14|783|cc|8|1|71,0.0,512.856,8,1,0,65466.9,0.0,0.0,0.0,0.0,0.426455,0.426455
14|783|vc|1|2|71,0.0,68788.8,1,2,1,65466.9,64570.5,64049.5,64053.1,64049.5,0.17007,0.170208
14|783|vc|2|2|71,0.0,70473.6,2,2,1,65466.9,65457.2,64932.6,64932.6,64932.6,0.196406,0.196406
14|783|vc|3|2|71,0.0,67924.8,3,2,1,65466.9,65457.2,64932.6,64932.6,64932.6,0.106061,0.106061
14|783|vc|4|2|71,0.0,68968.8,4,2,1,65466.9,65457.2,64932.6,64932.6,64932.6,0.143067,0.143067
14|783|vc|5|2|71,0.0,61610.4,5,2,1,65466.9,65457.2,64932.6,64932.7,64932.6,-0.117761,-0.117761
14|783|vc|6|2|71,0.0,63612.0,6,2,1,65466.9,65457.2,64932.6,64932.6,64932.6,-0.0468121,-0.0468121
14|783|vc|7|2|71,0.0,65966.4,7,2,1,65466.9,65457.2,64932.6,64932.6,64932.6,0.0366426,0.0366426
14|783|vc|8|2|71,0.0,56390.4,8,2,1,65466.9,64570.5,64049.5,64053.1,64049.5,-0.275182,-0.275068
14|491|sample|10|99,4.2624e-05,46100.6,1,10,1,49900.9875,49214.8,31656.3,31658.6,31656.3,1.00493,1.00515
14|491|sample|10|99,0.00021312,58358.3,2,10,1,49900.9875,49886.5,32209.4,32209.5,32209.4,1.79098,1.79099
14|491|sample|10|99,0.0010656,49385.7,3,10,1,49900.9875,49852.4,32187.6,32187.8,32187.6,1.17865,1.17867
14|491|sample|10|99,0.005328,29975.4,4,10,1,49900.9875,49577.2,32011.4,32012.3,32011.4,-0.1403,-0.140242
14|491|sample|10|99,0.02664,6151.6,5,10,1,49900.9875,47454.1,30652.4,30655.8,30652.4,-1.75606,-1.756
14|491|sample|10|99,0.1332,676.403,6,10,1,49900.9875,35277.4,22858.0,22859.8,22858.0,-2.07103,-2.07101
14|491|sample|10|99,0.666,423.514,7,10,1,49900.9875,11845.2,7858.93,7849.44,7858.93,-1.66217,-1.66282
14|491|sample|10|99,3.33,334.516,8,10,1,49900.9875,2444.43,1835.28,1831.54,1835.28,-0.762061,-0.763361
14|491|sample|9|99,4.2624e-05,41177.5,1,9,1,49900.9875,49214.8,31656.3,31658.6,31656.3,0.662364,0.662563
14|491|sample|9|99,0.00021312,52388.7,2,9,1,49900.9875,49886.5,32209.4,32209.4,32209.4,1.38212,1.38212
14|491|sample|9|99,0.0010656,46491.9,3,9,1,49900.9875,49852.4,32187.6,32187.7,32187.6,0.980328,0.980341
14|491|sample|9|99,0.005328,31322.2,4,9,1,49900.9875,49577.2,32011.4,32012.3,32011.4,-0.0475298,-0.0474738
14|491|sample|9|99,0.02664,6345.43,5,9,1,49900.9875,47454.1,30652.4,30655.7,30652.4,-1.74217,-1.74211
14|491|sample|9|99,0.1332,794.885,6,9,1,49900.9875,35277.4,22858.0,22859.7,22858.0,-2.05997,-2.05995
14|491|sample|9|99,0.666,427.518,7,9,1,49900.9875,11845.2,7858.93,7849.43,7858.93,-1.66127,-1.66192
14|491|sample|9|99,3.33,336.973,8,9,1,49900.9875,2444.43,1835.28,1831.54,1835.28,-0.76081,-0.762111
14|491|sample|12|99,4.2624e-05,41486.9,1,12,1,49900.9875,49214.8,31656.3,31658.6,31656.3,0.683894,0.684094
14|491|sample|12|99,0.00021312,52406.9,2,12,1,49900.9875,49210.7,31653.7,31655.9,31653.7,1.44404,1.44429
14|491|sample|12|99,0.0010656,49303.8,3,12,1,49900.9875,49177.0,31632.2,31634.6,31632.2,1.23034,1.2306
14|491|sample|12|99,0.005328,36736.7,4,12,1,49900.9875,48905.6,31459.2,31462.2,31459.2,0.369117,0.369363
14|491|sample|12|99,0.02664,18300.1,5,12,1,49900.9875,46811.5,30123.9,30129.4,30123.9,-0.861244,-0.860991
14|491|sample|12|99,0.1332,5950.49,6,12,1,49900.9875,34801.0,22466.0,22469.3,22466.0,-1.56594,-1.56583
14|491|sample|12|99,0.666,1494.22,7,12,1,49900.9875,11688.8,7729.57,7720.77,7729.57,-1.4106,-1.41143
14|491|sample|12|99,3.33,542.178,8,12,1,49900.9875,2444.43,1835.28,1831.54,1835.28,-0.65635,-0.657734
14|491|sample|11|99,4.2624e-05,44171.4,1,11,1,49900.9875,49214.8,31656.3,31658.6,31656.3,0.870684,0.870903
14|491|sample|11|99,0.00021312,56738.5,2,11,1,49900.9875,49886.5,32209.4,32209.5,32209.4,1.68003,1.68004
14|491|sample|11|99,0.0010656,49103.6,3,11,1,49900.9875,49852.4,32187.6,32187.8,32187.6,1.15931,1.15933
14|491|sample|11|99,0.005328,43780.1,4,11,1,49900.9875,49577.2,32011.4,32012.3,32011.4,0.810547,0.810631
14|491|sample|11|99,0.02664,23277.8,5,11,1,49900.9875,47454.1,30652.4,30655.8,30652.4,-0.528736,-0.528546
14|491|sample|11|99,0.1332,7411.04,6,11,1,49900.9875,35277.4,22858.0,22859.8,22858.0,-1.44229,-1.44222
14|491|sample|11|99,0.666,2003.82,7,11,1,49900.9875,11845.2,7858.93,7849.45,7858.93,-1.30844,-1.30941
14|491|sample|11|99,3.33,644.735,8,11,1,49900.9875,2444.43,1835.28,1831.54,1835.28,-0.604144,-0.605569
14|491|sample|4|99,4.2624e-05,35471.8,1,4,1,49900.9875,49214.8,38931.0,38933.4,38931.0,-0.198977,-0.198847
14|491|sample|4|99,0.00021312,52725.4,2,4,1,49900.9875,49886.5,39533.2,39533.2,39533.2,0.747571,0.747574
14|491|sample|4|99,0.0010656,53225.9,3,4,1,49900.9875,49852.4,39506.3,39506.5,39506.3,0.777942,0.777956
14|491|sample|4|99,0.005328,47875.1,4,4,1,49900.9875,49577.2,39289.1,39290.2,39289.1,0.489292,0.489364
14|491|sample|4|99,0.02664,39939.9,5,4,1,49900.9875,47454.1,37613.7,37617.8,37613.7,0.137809,0.138069
14|491|sample|4|99,0.1332,18218.2,6,4,1,49900.9875,35277.4,28004.3,28006.4,28004.3,-0.761609,-0.761494
14|491|sample|4|99,0.666,1977.43,7,4,1,49900.9875,11845.2,9512.48,9500.77,9512.48,-1.45957,-1.46046
14|491|sample|4|99,3.33,617.344,8,4,1,49900.9875,2444.43,2090.11,2085.47,2090.11,-0.709216,-0.710795
14|491|sample|3|99,4.2624e-05,38192.7,1,3,1,49900.9875,49214.8,38931.0,38933.4,38931.0,-0.0425783,-0.0424392
14|491|sample|3|99,0.00021312,53999.4,2,3,1,49900.9875,49886.5,39533.2,39533.2,39533.2,0.819766,0.819769
14|491|sample|3|99,0.0010656,53908.4,3,3,1,49900.9875,49852.4,39506.3,39506.5,39506.3,0.816642,0.816657
14|491|sample|3|99,0.005328,47765.9,4,3,1,49900.9875,49577.2,39289.1,39290.2,39289.1,0.483068,0.48314
14|491|sample|3|99,0.02664,42487.9,5,3,1,49900.9875,47454.1,37613.7,37617.8,37613.7,0.289026,0.289301
14|491|sample|3|99,0.1332,20165.6,6,3,1,49900.9875,35277.4,28004.3,28006.4,28004.3,-0.610084,-0.609959
14|491|sample|3|99,0.666,2372.37,7,3,1,49900.9875,11845.2,9512.48,9500.78,9512.48,-1.38295,-1.38391
14|491|sample|3|99,3.33,565.383,8,3,1,49900.9875,2444.43,2090.11,2085.47,2090.11,-0.734318,-0.735873
14|491|sample|6|99,4.2624e-05,36154.3,1,6,1,49900.9875,49214.8,38931.0,38933.4,38931.0,-0.159747,-0.159614
14|491|sample|6|99,0.00021312,48384.7,2,6,1,49900.9875,49886.5,39533.2,39533.3,39533.2,0.501593,0.501595
14|491|sample|6|99,0.0010656,49121.8,3,6,1,49900.9875,49852.4,39506.3,39506.5,39506.3,0.545224,0.545238
14|491|sample|6|99,0.005328,50359.4,4,6,1,49900.9875,49577.2,39289.1,39290.2,39289.1,0.630883,0.630959
14|491|sample|6|99,0.02664,38638.6,5,6,1,49900.9875,47454.1,37613.7,37617.8,37613.7,0.0605804,0.0608319
14|491|sample|6|99,0.1332,18918.9,6,6,1,49900.9875,35277.4,28004.3,28006.4,28004.3,-0.707088,-0.70697
14|491|sample|6|99,0.666,6082.44,7,6,1,49900.9875,11845.2,9512.48,9500.78,9512.48,-0.663174,-0.664817
14|491|sample|6|99,3.33,1701.7,8,6,1,49900.9875,2444.43,2090.11,2085.47,2090.11,-0.18539,-0.187456
14|491|sample|5|99,4.2624e-05,41359.5,1,5,1,49900.9875,49214.8,38931.0,38933.5,38931.0,0.13945,0.139601
14|491|sample|5|99,0.00021312,49767.9,2,5,1,49900.9875,49886.5,39533.2,39533.3,39533.2,0.579975,0.579978
14|491|sample|5|99,0.0010656,48857.9,3,5,1,49900.9875,49852.4,39506.3,39506.5,39506.3,0.530259,0.530274
14|491|sample|5|99,0.005328,47119.8,4,5,1,49900.9875,49577.2,39289.1,39290.2,39289.1,0.446243,0.446315
14|491|sample|5|99,0.02664,36381.8,5,5,1,49900.9875,47454.1,37613.7,37617.8,37613.7,-0.0733554,-0.0731169
14|491|sample|5|99,0.1332,16953.3,6,5,1,49900.9875,35277.4,28004.3,28006.4,28004.3,-0.860029,-0.859921
14|491|sample|5|99,0.666,5673.85,7,5,1,49900.9875,11845.2,9512.48,9500.78,9512.48,-0.742443,-0.744011
14|491|sample|5|99,3.33,1630.72,8,5,1,49900.9875,2444.43,2090.11,2085.47,2090.11,-0.219679,-0.221713
14|491|sample|7|99,4.2624e-05,35499.1,1,7,1,49900.9875,49214.8,30078.7,30080.9,30078.7,0.395058,0.39525
14|491|sample|7|99,0.00021312,44253.3,2,7,1,49900.9875,49886.5,30621.1,30621.1,30621.1,0.977942,0.977949
14|491|sample|7|99,0.0010656,33642.7,3,7,1,49900.9875,49852.4,30600.3,30600.5,30600.3,0.218374,0.218389
14|491|sample|7|99,0.005328,15679.3,4,7,1,49900.9875,49577.2,30433.1,30433.9,30433.1,-1.06441,-1.06438
14|491|sample|7|99,0.02664,1933.75,5,7,1,49900.9875,47454.1,29142.6,29145.8,29142.6,-2.04203,-2.042
14|491|sample|7|99,0.1332,456.638,6,7,1,49900.9875,35277.4,21741.3,21743.0,21741.3,-2.07738,-2.07736
14|491|sample|7|99,0.666,325.689,7,7,1,49900.9875,11845.2,7498.8,7489.8,7498.8,-1.65912,-1.65976
14|491|sample|7|99,3.33,292.383,8,7,1,49900.9875,2444.43,1778.14,1774.6,1778.14,-0.76373,-0.764976
14|491|sample|8|99,4.2624e-05,40840.8,1,8,1,49900.9875,49214.8,30078.7,30080.9,30078.7,0.784539,0.784757
14|491|sample|8|99,0.00021312,50404.9,2,8,1,49900.9875,49886.5,30621.1,30621.1,30621.1,1.41924,1.41925
14|491|sample|8|99,0.0010656,39821.6,3,8,1,49900.9875,49852.4,30600.3,30600.5,30600.3,0.661908,0.661926
14|491|sample|8|99,0.005328,16543.8,4,8,1,49900.9875,49577.2,30433.1,30433.9,30433.1,-1.00205,-1.00201
14|491|sample|8|99,0.02664,1856.4,5,8,1,49900.9875,47454.1,29142.6,29145.8,29142.6,-2.04784,-2.0478
14|491|sample|8|99,0.1332,467.194,6,8,1,49900.9875,35277.4,21741.3,21743.0,21741.3,-2.07635,-2.07633
14|491|sample|8|99,0.666,353.808,7,8,1,49900.9875,11845.2,7498.8,7489.8,7498.8,-1.6526,-1.65326
14|491|sample|8|99,3.33,309.764,8,8,1,49900.9875,2444.43,1778.14,1774.6,1778.14,-0.754774,-0.756027
14|491|cc|1|1|99,0.0,227.591,1,1,0,49900.9875,0.0,0.0,0.0,0.0,0.189248,0.189248
14|491|cc|2|1|99,0.0,260.442,2,1,0,49900.9875,0.0,0.0,0.0,0.0,0.216565,0.216565
14|491|cc|3|1|99,0.0,264.992,3,1,0,49900.9875,0.0,0.0,0.0,0.0,0.220349,0.220349
14|491|cc|4|1|99,0.0,244.335,4,1,0,49900.9875,0.0,0.0,0.0,0.0,0.203172,0.203172
14|491|cc|5|1|99,0.0,253.253,5,1,0,49900.9875,0.0,0.0,0.0,0.0,0.210587,0.210587
14|491|cc|6|1|99,0.0,262.808,6,1,0,49900.9875,0.0,0.0,0.0,0.0,0.218532,0.218532
14|491|cc|7|1|99,0.0,249.795,7,1,0,49900.9875,0.0,0.0,0.0,0.0,0.207712,0.207712
14|491|cc|8|1|99,0.0,270.543,8,1,0,49900.9875,0.0,0.0,0.0,0.0,0.224964,0.224964
14|491|vc|1|2|99,0.0,42023.8,1,2,1,49900.9875,49215.4,41862.1,41864.7,41862.1,0.00854848,0.00868534
14|491|vc|2|2|99,0.0,56483.7,2,2,1,49900.9875,49891.3,42487.7,42487.8,42487.7,0.741483,0.741484
14|491|vc|3|2|99,0.0,54518.1,3,2,1,49900.9875,49891.3,42487.7,42487.7,42487.7,0.637349,0.637349
14|491|vc|4|2|99,0.0,52652.6,4,2,1,49900.9875,49891.3,42487.7,42487.7,42487.7,0.538518,0.538518
14|491|vc|5|2|99,0.0,47975.2,5,2,1,49900.9875,49891.3,42487.7,42487.8,42487.7,0.290716,0.290717
14|491|vc|6|2|99,0.0,53107.6,6,2,1,49900.9875,49891.3,42487.7,42487.7,42487.7,0.562624,0.562623
14|491|vc|7|2|99,0.0,50341.2,7,2,1,49900.9875,49891.3,42487.7,42487.8,42487.7,0.416063,0.416064
14|491|vc|8|2|99,0.0,42105.7,8,2,1,49900.9875,49215.4,41862.1,41864.7,41862.1,0.0129474,0.0130849
14|433|sample|4|99,0.0004262399999999,18573.6,1,4,1,65832.0875,64915.3,47360.8,47364.1,47360.8,-1.37727,-1.37721
14|433|sample|4|99,0.0021311999999999,25709.1,2,4,1,65832.0875,65695.5,48051.2,48051.7,48051.2,-1.0544,-1.05438
14|433|sample|4|99,0.0106559999999999,25041.7,3,4,1,65832.0875,64807.2,47404.2,47406.8,47404.2,-1.06899,-1.06892
14|433|sample|4|99,0.0532799999999999,14086.4,4,4,1,65832.0875,58409.5,42745.2,42751.9,42745.2,-1.50986,-1.50973
14|433|sample|4|99,0.2663999999999999,4147.11,5,4,1,65832.0875,32607.3,23954.8,23947.8,23954.8,-1.77365,-1.77381
14|433|sample|4|99,1.332,1302.85,6,4,1,65832.0875,7645.24,5776.31,5764.73,5776.31,-1.23925,-1.2408
14|433|sample|4|99,6.66,645.816,7,4,1,65832.0875,1705.41,1450.61,1447.55,1450.61,-0.444242,-0.445626
14|433|sample|4|99,33.3,320.139,8,4,1,65832.0875,881.333,848.839,848.319,848.839,-0.339564,-0.339851
14|433|sample|3|99,0.0004262399999999,26170.6,1,3,1,65832.0875,64915.3,47360.8,47364.0,47360.8,-1.01385,-1.01376
14|433|sample|3|99,0.0021311999999999,45518.1,2,3,1,65832.0875,65695.5,48051.2,48051.7,48051.2,-0.119566,-0.119542
14|433|sample|3|99,0.0106559999999999,34442.1,3,3,1,65832.0875,64807.2,47404.2,47406.7,47404.2,-0.619674,-0.619586
14|433|sample|3|99,0.0532799999999999,16500.4,4,3,1,65832.0875,58409.5,42745.2,42751.9,42745.2,-1.38271,-1.38256
14|433|sample|3|99,0.2663999999999999,3434.27,5,3,1,65832.0875,32607.3,23954.8,23947.8,23954.8,-1.8375,-1.83765
14|433|sample|3|99,1.332,949.98,6,3,1,65832.0875,7645.24,5776.31,5764.73,5776.31,-1.33725,-1.33868
14|433|sample|3|99,6.66,539.103,7,3,1,65832.0875,1705.41,1450.61,1447.55,1450.61,-0.503372,-0.504714
14|433|sample|3|99,33.3,314.246,8,3,1,65832.0875,881.333,848.839,848.319,848.839,-0.343352,-0.343639
14|433|sample|6|99,0.0004262399999999,65149.6,1,6,1,65832.0875,64915.3,47360.8,47364.1,47360.8,0.850822,0.851033
14|433|sample|6|99,0.0021311999999999,73130.0,2,6,1,65832.0875,65695.5,48051.2,48051.7,48051.2,1.1835,1.18354
14|433|sample|6|99,0.0106559999999999,74976.0,3,6,1,65832.0875,64807.2,47404.2,47406.7,47404.2,1.31773,1.31792
14|433|sample|6|99,0.0532799999999999,61429.2,4,6,1,65832.0875,58409.5,42745.2,42751.9,42745.2,0.983768,0.984268
14|433|sample|6|99,0.2663999999999999,40541.0,5,6,1,65832.0875,32607.3,23954.8,23947.8,23954.8,1.48634,1.48532
14|433|sample|6|99,1.332,19603.1,6,6,1,65832.0875,7645.24,5776.31,5764.73,5776.31,3.84348,3.83514
14|433|sample|6|99,6.66,5439.31,7,6,1,65832.0875,1705.41,1450.61,1447.55,1450.61,2.21185,2.20859
14|433|sample|6|99,33.3,1010.33,8,6,1,65832.0875,881.333,848.839,848.319,848.839,0.104156,0.103807
14|433|sample|5|99,0.0004262399999999,40661.7,1,5,1,65832.0875,64915.3,47360.8,47364.1,47360.8,-0.320627,-0.320492
14|433|sample|5|99,0.0021311999999999,50843.1,2,5,1,65832.0875,65695.5,48051.2,48051.7,48051.2,0.131731,0.131758
14|433|sample|5|99,0.0106559999999999,60903.8,3,5,1,65832.0875,64807.2,47404.2,47406.8,47404.2,0.645121,0.645274
14|433|sample|5|99,0.0532799999999999,53569.5,4,5,1,65832.0875,58409.5,42745.2,42751.9,42745.2,0.569782,0.570222
14|433|sample|5|99,0.2663999999999999,35528.4,5,5,1,65832.0875,32607.3,23954.8,23947.8,23954.8,1.03733,1.03643
14|433|sample|5|99,1.332,17671.9,6,5,1,65832.0875,7645.24,5776.31,5764.73,5776.31,3.30711,3.29948
14|433|sample|5|99,6.66,5317.19,7,5,1,65832.0875,1705.41,1450.61,1447.55,1450.61,2.14418,2.14097
14|433|sample|5|99,33.3,1019.56,8,5,1,65832.0875,881.333,848.839,848.319,848.839,0.110089,0.10974
14|433|sample|8|99,0.0004262399999999,61280.1,1,8,1,65832.0875,64915.3,47360.8,47364.1,47360.8,0.665712,0.665912
14|433|sample|8|99,0.0021311999999999,55891.2,2,8,1,65832.0875,65695.5,48051.2,48051.7,48051.2,0.369961,0.369991
14|433|sample|8|99,0.0106559999999999,30586.8,3,8,1,65832.0875,64807.2,47404.2,47406.8,47404.2,-0.803948,-0.803868
14|433|sample|8|99,0.0532799999999999,6215.34,4,8,1,65832.0875,58409.5,42745.2,42751.9,42745.2,-1.92445,-1.92438
14|433|sample|8|99,0.2663999999999999,927.26,5,8,1,65832.0875,32607.3,23954.8,23947.8,23954.8,-2.06207,-2.06215
14|433|sample|8|99,1.332,454.755,6,8,1,65832.0875,7645.24,5776.31,5764.73,5776.31,-1.4748,-1.47604
14|433|sample|8|99,6.66,339.522,7,8,1,65832.0875,1705.41,1450.61,1447.55,1450.61,-0.613961,-0.615224
14|433|sample|8|99,33.3,323.334,8,8,1,65832.0875,881.333,848.839,848.319,848.839,-0.33751,-0.337797
14|433|sample|7|99,0.0004262399999999,54883.0,1,7,1,65832.0875,64915.3,47360.8,47364.0,47360.8,0.359691,0.359869
14|433|sample|7|99,0.0021311999999999,56111.3,2,7,1,65832.0875,65695.5,48051.2,48051.7,48051.2,0.38035,0.380378
14|433|sample|7|99,0.0106559999999999,33270.6,3,7,1,65832.0875,64807.2,47404.2,47406.7,47404.2,-0.675669,-0.675583
14|433|sample|7|99,0.0532799999999999,5974.65,4,7,1,65832.0875,58409.5,42745.2,42751.9,42745.2,-1.93712,-1.93705
14|433|sample|7|99,0.2663999999999999,577.869,5,7,1,65832.0875,32607.3,23954.8,23947.8,23954.8,-2.09336,-2.09344
14|433|sample|7|99,1.332,365.011,6,7,1,65832.0875,7645.24,5776.31,5764.73,5776.31,-1.49972,-1.50093
14|433|sample|7|99,6.66,424.367,7,7,1,65832.0875,1705.41,1450.61,1447.55,1450.61,-0.566947,-0.568245
14|433|sample|7|99,33.3,281.373,8,7,1,65832.0875,881.333,848.839,848.319,848.839,-0.364486,-0.36477
14|433|sample|10|99,0.0004262399999999,31360.7,1,10,1,65832.0875,64915.3,47360.8,47364.1,47360.8,-0.765567,-0.76546
14|433|sample|10|99,0.0021311999999999,58816.4,2,10,1,65832.0875,65695.5,48051.2,48051.7,48051.2,0.508008,0.508039
14|433|sample|10|99,0.0106559999999999,57680.4,3,10,1,65832.0875,64807.2,47404.2,47406.8,47404.2,0.491051,0.491196
14|433|sample|10|99,0.0532799999999999,37750.7,4,10,1,65832.0875,58409.5,42745.2,42751.9,42745.2,-0.263422,-0.263106
14|433|sample|10|99,0.2663999999999999,13788.2,5,10,1,65832.0875,32607.3,23954.8,23947.8,23954.8,-0.910047,-0.910437
14|433|sample|10|99,1.332,2433.88,6,10,1,65832.0875,7645.24,5776.31,5764.73,5776.31,-0.925114,-0.927089
14|433|sample|10|99,6.66,591.785,7,10,1,65832.0875,1705.41,1450.61,1447.55,1450.61,-0.474181,-0.475543
14|433|sample|10|99,33.3,301.324,8,10,1,65832.0875,881.333,848.839,848.319,848.839,-0.35166,-0.351945
14|433|sample|9|99,0.0004262399999999,46568.9,1,9,1,65832.0875,64915.3,47360.8,47364.0,47360.8,-0.0380375,-0.0378857
14|433|sample|9|99,0.0021311999999999,57119.5,2,9,1,65832.0875,65695.5,48051.2,48051.7,48051.2,0.42793,0.427958
14|433|sample|9|99,0.0106559999999999,58440.1,3,9,1,65832.0875,64807.2,47404.2,47406.7,47404.2,0.527365,0.52751
14|433|sample|9|99,0.0532799999999999,38737.6,4,9,1,65832.0875,58409.5,42745.2,42751.9,42745.2,-0.211439,-0.211116
14|433|sample|9|99,0.2663999999999999,12354.0,5,9,1,65832.0875,32607.3,23954.8,23947.8,23954.8,-1.03851,-1.03887
14|433|sample|9|99,1.332,2364.3,6,9,1,65832.0875,7645.24,5776.31,5764.73,5776.31,-0.944439,-0.946389
14|433|sample|9|99,6.66,789.52,7,9,1,65832.0875,1705.41,1450.61,1447.55,1450.61,-0.364615,-0.366055
14|433|sample|9|99,33.3,317.938,8,9,1,65832.0875,881.333,848.839,848.319,848.839,-0.340979,-0.341266
14|433|sample|11|99,0.0004262399999999,43515.9,1,11,1,65832.0875,64915.3,47360.8,47364.1,47360.8,-0.184089,-0.183944
14|433|sample|11|99,0.0021311999999999,62373.5,2,11,1,65832.0875,65695.5,48051.2,48051.7,48051.2,0.675873,0.675908
14|433|sample|11|99,0.0106559999999999,67521.0,3,11,1,65832.0875,64807.2,47404.2,47406.8,47404.2,0.961403,0.961574
14|433|sample|11|99,0.0532799999999999,55564.6,4,11,1,65832.0875,58409.5,42745.2,42751.9,42745.2,0.674867,0.675323
14|433|sample|11|99,0.2663999999999999,31311.0,5,11,1,65832.0875,32607.3,23954.8,23947.8,23954.8,0.659557,0.658759
14|433|sample|11|99,1.332,10174.3,6,11,1,65832.0875,7645.24,5776.31,5764.73,5776.31,1.22472,1.21987
14|433|sample|11|99,6.66,2837.16,7,11,1,65832.0875,1705.41,1450.61,1447.55,1450.61,0.769987,0.767746
14|433|sample|11|99,33.3,710.71,8,11,1,65832.0875,881.333,848.839,848.319,848.839,-0.0884683,-0.0887901
14|433|sample|12|99,0.0004262399999999,65518.8,1,12,1,65832.0875,64915.3,47360.8,47364.0,47360.8,0.868486,0.868695
14|433|sample|12|99,0.0021311999999999,57069.8,2,12,1,65832.0875,64805.6,47281.1,47284.7,47281.1,0.468836,0.469043
14|433|sample|12|99,0.0106559999999999,51766.1,3,12,1,65832.0875,63929.3,46644.7,46650.2,46644.7,0.248262,0.248557
14|433|sample|12|99,0.0532799999999999,43111.2,4,12,1,65832.0875,57618.8,42060.9,42070.3,42060.9,0.0556571,0.0561696
14|433|sample|12|99,0.2663999999999999,23955.4,5,12,1,65832.0875,32168.2,23574.5,23569.2,23574.5,0.0350918,0.0345963
14|433|sample|12|99,1.332,8768.5,6,12,1,65832.0875,7546.33,5690.1,5679.05,5690.1,0.866644,0.862435
14|433|sample|12|99,6.66,2399.8,7,12,1,65832.0875,1687.44,1434.38,1431.43,1434.38,0.53858,0.536573
14|433|sample|12|99,33.3,844.9,8,12,1,65832.0875,881.333,848.839,848.319,848.839,-0.00219827,-0.0025322
14|433|cc|1|1|99,0.0,319.642,1,1,0,65832.0875,0.0,0.0,0.0,0.0,0.265792,0.265792
14|433|cc|2|1|99,0.0,340.374,2,1,0,65832.0875,0.0,0.0,0.0,0.0,0.283031,0.283031
14|433|cc|3|1|99,0.0,348.752,3,1,0,65832.0875,0.0,0.0,0.0,0.0,0.289997,0.289997
14|433|cc|4|1|99,0.0,338.741,4,1,0,65832.0875,0.0,0.0,0.0,0.0,0.281673,0.281673
14|433|cc|5|1|99,0.0,329.724,5,1,0,65832.0875,0.0,0.0,0.0,0.0,0.274175,0.274175
14|433|cc|6|1|99,0.0,337.818,6,1,0,65832.0875,0.0,0.0,0.0,0.0,0.280905,0.280905
14|433|cc|7|1|99,0.0,329.582,7,1,0,65832.0875,0.0,0.0,0.0,0.0,0.274057,0.274057
14|433|cc|8|1|99,0.0,337.818,8,1,0,65832.0875,0.0,0.0,0.0,0.0,0.280905,0.280905
14|433|vc|1|2|99,0.0,52327.0,1,2,1,65832.0875,64930.7,57577.5,57580.9,57577.5,-0.208871,-0.208747
14|433|vc|2|2|99,0.0,69473.5,2,2,1,65832.0875,65822.4,58418.8,58418.8,58418.8,0.433478,0.433478
14|433|vc|3|2|99,0.0,77603.0,3,2,1,65832.0875,65822.4,58418.8,58418.8,58418.8,0.752254,0.752254
14|433|vc|4|2|99,0.0,71994.0,4,2,1,65832.0875,65822.4,58418.8,58418.8,58418.8,0.532312,0.532312
14|433|vc|5|2|99,0.0,73840.0,5,2,1,65832.0875,65822.4,58418.8,58418.8,58418.8,0.604698,0.604698
14|433|vc|6|2|99,0.0,76183.0,6,2,1,65832.0875,65822.4,58418.8,58418.8,58418.8,0.696572,0.696572
14|433|vc|7|2|99,0.0,65071.5,7,2,1,65832.0875,65822.4,58418.8,58418.9,58418.8,0.260865,0.260866
14|433|vc|8|2|99,0.0,40164.7,8,2,1,65832.0875,64930.7,57577.5,57580.9,57577.5,-0.69239,-0.692294
14|297|sample|3|71,0.0004262399999999,55309.0,1,3,1,70106.2875,69130.5,59998.4,60001.8,59998.4,-0.179384,-0.179265
14|297|sample|3|71,0.0021311999999999,72491.0,2,3,1,70106.2875,69961.4,56544.2,56543.9,56544.2,0.645048,0.645031
14|297|sample|3|71,0.0106559999999999,70659.2,3,3,1,70106.2875,69014.7,50592.8,50591.9,50592.8,0.902038,0.901982
14|297|sample|3|71,0.0532799999999999,52476.1,4,3,1,70106.2875,62196.7,43043.6,43042.0,43043.6,0.493773,0.49367
14|297|sample|3|71,0.2663999999999999,29912.3,5,3,1,70106.2875,34699.1,34492.3,34490.0,34492.3,-0.294405,-0.294536
14|297|sample|3|71,1.332,13830.8,6,3,1,70106.2875,8096.88,25963.4,25960.7,25963.4,-1.01073,-1.01086
14|297|sample|3|71,6.66,3814.83,7,3,1,70106.2875,1766.77,18471.2,18468.5,18471.2,-1.64932,-1.64941
14|297|sample|3|71,33.3,936.49,8,3,1,70106.2875,888.889,12421.0,12419.4,12421.0,-1.80307,-1.80314
14|297|sample|4|71,0.0004262399999999,51006.4,1,4,1,70106.2875,69130.5,59998.4,60001.8,59998.4,-0.343853,-0.343742
14|297|sample|4|71,0.0021311999999999,75118.0,2,4,1,70106.2875,69961.4,56544.2,56543.9,56544.2,0.751308,0.751291
14|297|sample|4|71,0.0106559999999999,72491.0,3,4,1,70106.2875,69014.7,50592.8,50591.9,50592.8,0.984379,0.984322
14|297|sample|4|71,0.0532799999999999,54251.1,4,4,1,70106.2875,62196.7,43043.6,43042.0,43043.6,0.586675,0.586569
14|297|sample|4|71,0.2663999999999999,30025.9,5,4,1,70106.2875,34699.1,34492.3,34490.0,34492.3,-0.287099,-0.28723
14|297|sample|4|71,1.332,13404.8,6,4,1,70106.2875,8096.88,25963.4,25960.7,25963.4,-1.04623,-1.04636
14|297|sample|4|71,6.66,4392.77,7,4,1,70106.2875,1766.77,18471.2,18468.5,18471.2,-1.58427,-1.58437
14|297|sample|4|71,33.3,942.88,8,4,1,70106.2875,888.889,12421.0,12419.4,12421.0,-1.80207,-1.80213
14|297|sample|5|71,0.0004262399999999,54400.2,1,5,1,70106.2875,69130.5,59998.4,60001.8,59998.4,-0.214124,-0.214006
14|297|sample|5|71,0.0021311999999999,68948.1,2,5,1,70106.2875,69961.4,56544.2,56543.9,56544.2,0.501741,0.501724
14|297|sample|5|71,0.0106559999999999,55351.6,3,5,1,70106.2875,69014.7,50592.8,50591.9,50592.8,0.213951,0.213907
14|297|sample|5|71,0.0532799999999999,17331.1,4,5,1,70106.2875,62196.7,43043.6,43042.0,43043.6,-1.34569,-1.34572
14|297|sample|5|71,0.2663999999999999,1604.6,5,5,1,70106.2875,34699.1,34492.3,34490.0,34492.3,-2.11496,-2.11498
14|297|sample|5|71,1.332,594.909,6,5,1,70106.2875,8096.88,25963.4,25960.7,25963.4,-2.11362,-2.11365
14|297|sample|5|71,6.66,373.886,7,5,1,70106.2875,1766.77,18471.2,18468.5,18471.2,-2.03661,-2.03665
14|297|sample|5|71,33.3,516.383,8,5,1,70106.2875,888.889,12421.0,12419.4,12421.0,-1.86904,-1.86909
14|297|sample|6|71,0.0004262399999999,58844.8,1,6,1,70106.2875,69130.5,59998.4,60001.8,59998.4,-0.0442276,-0.0441008
14|297|sample|6|71,0.0021311999999999,70254.5,2,6,1,70106.2875,69961.4,56544.2,56543.9,56544.2,0.554584,0.554567
14|297|sample|6|71,0.0106559999999999,54833.3,3,6,1,70106.2875,69014.7,50592.8,50591.9,50592.8,0.190653,0.190609
14|297|sample|6|71,0.0532799999999999,19312.0,4,6,1,70106.2875,62196.7,43043.6,43042.0,43043.6,-1.24201,-1.24205
14|297|sample|6|71,0.2663999999999999,1794.17,5,6,1,70106.2875,34699.1,34492.3,34490.0,34492.3,-2.10277,-2.10279
14|297|sample|6|71,1.332,462.352,6,6,1,70106.2875,8096.88,25963.4,25960.7,25963.4,-2.12467,-2.12469
14|297|sample|6|71,6.66,367.567,7,6,1,70106.2875,1766.77,18471.2,18468.5,18471.2,-2.03732,-2.03737
14|297|sample|6|71,33.3,426.71,8,6,1,70106.2875,888.889,12421.0,12419.4,12421.0,-1.88312,-1.88317
14|297|sample|8|71,0.0004262399999999,61294.3,1,8,1,70106.2875,69130.5,59998.4,60001.8,59998.4,0.0494052,0.049537
14|297|sample|8|71,0.0021311999999999,72846.0,2,8,1,70106.2875,69961.4,56544.2,56543.9,56544.2,0.659408,0.65939
14|297|sample|8|71,0.0106559999999999,68756.4,3,8,1,70106.2875,69014.7,50592.8,50591.9,50592.8,0.816506,0.816452
14|297|sample|8|71,0.0532799999999999,42181.1,4,8,1,70106.2875,62196.7,43043.6,43042.0,43043.6,-0.0450584,-0.0451421
14|297|sample|8|71,0.2663999999999999,9130.6,5,8,1,70106.2875,34699.1,34492.3,34490.0,34492.3,-1.63094,-1.63099
14|297|sample|8|71,1.332,410.451,6,8,1,70106.2875,8096.88,25963.4,25960.7,25963.4,-2.12899,-2.12902
14|297|sample|8|71,6.66,337.889,7,8,1,70106.2875,1766.77,18471.2,18468.5,18471.2,-2.04066,-2.04071
14|297|sample|8|71,33.3,468.103,8,8,1,70106.2875,888.889,12421.0,12419.4,12421.0,-1.87662,-1.87667
14|297|sample|7|71,0.0004262399999999,64979.2,1,7,1,70106.2875,69130.5,59998.4,60001.8,59998.4,0.190262,0.190401
14|297|sample|7|71,0.0021311999999999,77106.0,2,7,1,70106.2875,69961.4,56544.2,56543.9,56544.2,0.831721,0.831703
14|297|sample|7|71,0.0106559999999999,70815.4,3,7,1,70106.2875,69014.7,50592.8,50591.9,50592.8,0.909059,0.909003
14|297|sample|7|71,0.0532799999999999,42557.4,4,7,1,70106.2875,62196.7,43043.6,43042.0,43043.6,-0.0253631,-0.0254476
14|297|sample|7|71,0.2663999999999999,7114.2,5,7,1,70106.2875,34699.1,34492.3,34490.0,34492.3,-1.76062,-1.76066
14|297|sample|7|71,1.332,389.932,6,7,1,70106.2875,8096.88,25963.4,25960.7,25963.4,-2.1307,-2.13073
14|297|sample|7|71,6.66,352.728,7,7,1,70106.2875,1766.77,18471.2,18468.5,18471.2,-2.03899,-2.03904
14|297|sample|7|71,33.3,565.941,8,7,1,70106.2875,888.889,12421.0,12419.4,12421.0,-1.86126,-1.86131
14|297|sample|9|71,0.0004262399999999,53569.5,1,9,1,70106.2875,69130.5,59998.4,60001.8,59998.4,-0.245877,-0.245761
14|297|sample|9|71,0.0021311999999999,69849.8,2,9,1,70106.2875,69961.4,56544.2,56543.9,56544.2,0.538214,0.538197
14|297|sample|9|71,0.0106559999999999,60435.2,3,9,1,70106.2875,69014.7,50592.8,50591.9,50592.8,0.442462,0.442414
14|297|sample|9|71,0.0532799999999999,28172.8,4,9,1,70106.2875,62196.7,43043.6,43042.0,43043.6,-0.778241,-0.778298
14|297|sample|9|71,0.2663999999999999,1777.13,5,9,1,70106.2875,34699.1,34492.3,34490.0,34492.3,-2.10387,-2.10389
14|297|sample|9|71,1.332,364.656,6,9,1,70106.2875,8096.88,25963.4,25960.7,25963.4,-2.13281,-2.13283
14|297|sample|9|71,6.66,346.622,7,9,1,70106.2875,1766.77,18471.2,18468.5,18471.2,-2.03968,-2.03972
14|297|sample|9|71,33.3,410.167,8,9,1,70106.2875,888.889,12421.0,12419.4,12421.0,-1.88572,-1.88577
14|297|sample|10|71,0.0004262399999999,55458.1,1,10,1,70106.2875,69130.5,59998.4,60001.8,59998.4,-0.173685,-0.173565
14|297|sample|10|71,0.0021311999999999,69594.2,2,10,1,70106.2875,69961.4,56544.2,56543.9,56544.2,0.527875,0.527858
14|297|sample|10|71,0.0106559999999999,58702.8,3,10,1,70106.2875,69014.7,50592.8,50591.9,50592.8,0.364589,0.364543
14|297|sample|10|71,0.0532799999999999,24374.3,4,10,1,70106.2875,62196.7,43043.6,43042.0,43043.6,-0.977051,-0.977102
14|297|sample|10|71,0.2663999999999999,1924.81,5,10,1,70106.2875,34699.1,34492.3,34490.0,34492.3,-2.09437,-2.09439
14|297|sample|10|71,1.332,416.912,6,10,1,70106.2875,8096.88,25963.4,25960.7,25963.4,-2.12845,-2.12848
14|297|sample|10|71,6.66,340.019,7,10,1,70106.2875,1766.77,18471.2,18468.5,18471.2,-2.04042,-2.04047
14|297|sample|10|71,33.3,409.954,8,10,1,70106.2875,888.889,12421.0,12419.4,12421.0,-1.88575,-1.8858
14|297|sample|12|71,0.0004262399999999,52043.0,1,12,1,70106.2875,69130.5,59998.4,60001.8,59998.4,-0.304228,-0.304116
14|297|sample|12|71,0.0021311999999999,59427.0,2,12,1,70106.2875,69013.6,55770.7,55773.5,55770.7,0.149723,0.149846
14|297|sample|12|71,0.0106559999999999,57751.4,3,12,1,70106.2875,68079.8,49901.2,49903.2,49901.2,0.357386,0.357487
14|297|sample|12|71,0.0532799999999999,51957.8,4,12,1,70106.2875,61354.7,42456.0,42456.8,42456.0,0.50369,0.50374
14|297|sample|12|71,0.2663999999999999,42195.3,5,12,1,70106.2875,34231.7,34022.5,34022.1,34022.5,0.532305,0.532275
14|297|sample|12|71,1.332,25886.6,6,12,1,70106.2875,7991.85,25611.1,25609.9,25611.1,0.0233417,0.0232359
14|297|sample|12|71,6.66,11750.5,7,12,1,70106.2875,1747.97,18222.1,18220.4,18222.1,-0.73677,-0.736899
14|297|sample|12|71,33.3,2570.2,8,12,1,70106.2875,888.889,12421.0,12419.4,12421.0,-1.54654,-1.54663
14|297|sample|11|71,0.0004262399999999,49345.0,1,11,1,70106.2875,69130.5,59998.4,60001.8,59998.4,-0.40736,-0.407253
14|297|sample|11|71,0.0021311999999999,80443.0,2,11,1,70106.2875,69961.4,56544.2,56543.9,56544.2,0.9667,0.966681
14|297|sample|11|71,0.0106559999999999,76325.0,3,11,1,70106.2875,69014.7,50592.8,50591.9,50592.8,1.15672,1.15666
14|297|sample|11|71,0.0532799999999999,66349.5,4,11,1,70106.2875,62196.6,43043.6,43042.0,43043.6,1.21989,1.21977
14|297|sample|11|71,0.2663999999999999,59206.9,5,11,1,70106.2875,34699.1,34492.3,34490.0,34492.3,1.58963,1.58938
14|297|sample|11|71,1.332,36423.0,6,11,1,70106.2875,8096.88,25963.4,25960.7,25963.4,0.871778,0.871471
14|297|sample|11|71,6.66,14562.1,7,11,1,70106.2875,1766.77,18471.2,18468.5,18471.2,-0.439676,-0.439923
14|297|sample|11|71,33.3,2317.44,8,11,1,70106.2875,888.889,12421.0,12419.4,12421.0,-1.58623,-1.58632
14|297|cc|1|1|71,0.0,341.723,1,1,0,70106.2875,0.0,0.0,0.0,0.0,0.284153,0.284153
14|297|cc|2|1|71,0.0,365.792,2,1,0,70106.2875,0.0,0.0,0.0,0.0,0.304167,0.304167
14|297|cc|3|1|71,0.0,364.017,3,1,0,70106.2875,0.0,0.0,0.0,0.0,0.302691,0.302691
14|297|cc|4|1|71,0.0,347.687,4,1,0,70106.2875,0.0,0.0,0.0,0.0,0.289112,0.289112
14|297|cc|5|1|71,0.0,357.556,5,1,0,70106.2875,0.0,0.0,0.0,0.0,0.297318,0.297318
14|297|cc|6|1|71,0.0,363.236,6,1,0,70106.2875,0.0,0.0,0.0,0.0,0.302041,0.302041
14|297|cc|7|1|71,0.0,364.017,7,1,0,70106.2875,0.0,0.0,0.0,0.0,0.302691,0.302691
14|297|cc|8|1|71,0.0,393.908,8,1,0,70106.2875,0.0,0.0,0.0,0.0,0.327546,0.327546
14|297|vc|1|2|71,0.0,51475.0,1,2,1,70106.2875,69147.0,68626.0,68629.8,68626.0,-0.576642,-0.576544
14|297|vc|2|2|71,0.0,69892.4,2,2,1,70106.2875,70096.6,69572.0,69572.0,69572.0,0.0106287,0.0106287
14|297|vc|3|2|71,0.0,79662.0,3,2,1,70106.2875,70096.6,69572.0,69572.0,69572.0,0.334753,0.334753
14|297|vc|4|2|71,0.0,78881.0,4,2,1,70106.2875,70096.6,69572.0,69572.0,69572.0,0.308842,0.308842
14|297|vc|5|2|71,0.0,74408.0,5,2,1,70106.2875,70096.6,69572.0,69572.0,69572.0,0.160442,0.160442
14|297|vc|6|2|71,0.0,79733.0,6,2,1,70106.2875,70096.6,69572.0,69572.0,69572.0,0.337109,0.337109
14|297|vc|7|2|71,0.0,74408.0,7,2,1,70106.2875,70096.6,69572.0,69572.0,69572.0,0.160442,0.160442
14|297|vc|8|2|71,0.0,52390.9,8,2,1,70106.2875,69147.0,68626.0,68629.9,68626.0,-0.545855,-0.545755
14|183|sample|4|233,0.0004262399999999,10799.1,1,4,1,11487.8,11320.0,8698.98,8699.55,8698.98,0.43548,0.435619
14|183|sample|4|233,0.0021311999999999,12716.1,2,4,1,11487.8,11457.2,8285.5,8285.5,8285.5,0.953021,0.953022
14|183|sample|4|233,0.0106559999999999,13710.1,3,4,1,11487.8,11311.0,7486.75,7486.67,7486.75,1.4417,1.44167
14|183|sample|4|233,0.0532799999999999,12417.9,4,4,1,11487.8,10258.0,6426.92,6426.71,6426.92,1.54578,1.54569
14|183|sample|4|233,0.2663999999999999,7192.3,5,4,1,11487.8,6011.33,5195.83,5195.49,5195.83,0.593635,0.593511
14|183|sample|4|233,1.332,1275.16,6,4,1,11487.8,1902.9,3968.63,3968.22,3968.63,-0.943871,-0.943959
14|183|sample|4|233,6.66,376.939,7,4,1,11487.8,925.281,2918.36,2917.95,2918.36,-1.05159,-1.05169
14|183|sample|4|233,33.3,683.304,8,4,1,11487.8,785.26,2104.25,2104.01,2104.25,-0.683763,-0.683846
14|183|sample|3|233,0.0004262399999999,10309.2,1,3,1,11487.8,11320.0,8698.98,8699.56,8698.98,0.333865,0.334001
14|183|sample|3|233,0.0021311999999999,12936.2,2,3,1,11487.8,11457.2,8285.5,8285.51,8285.5,1.00036,1.00037
14|183|sample|3|233,0.0106559999999999,12659.3,3,3,1,11487.8,11311.0,7486.75,7486.67,7486.75,1.19827,1.19825
14|183|sample|3|233,0.0532799999999999,11864.1,4,3,1,11487.8,10258.0,6426.92,6426.72,6426.92,1.40289,1.40281
14|183|sample|3|233,0.2663999999999999,6753.52,5,3,1,11487.8,6011.33,5195.83,5195.49,5195.83,0.463188,0.46307
14|183|sample|3|233,1.332,1355.39,6,3,1,11487.8,1902.9,3968.63,3968.22,3968.63,-0.915752,-0.915842
14|183|sample|3|233,6.66,387.234,7,3,1,11487.8,925.281,2918.36,2917.95,2918.36,-1.04733,-1.04743
14|183|sample|3|233,33.3,858.39,8,3,1,11487.8,785.26,2104.25,2104.02,2104.25,-0.599498,-0.599584
14|183|sample|6|233,0.0004262399999999,9435.9,1,6,1,11487.8,11320.0,8698.98,8699.55,8698.98,0.152731,0.152856
14|183|sample|6|233,0.0021311999999999,11956.4,2,6,1,11487.8,11457.2,8285.5,8285.5,8285.5,0.789611,0.789611
14|183|sample|6|233,0.0106559999999999,13305.4,3,6,1,11487.8,11311.0,7486.75,7486.67,7486.75,1.34795,1.34792
14|183|sample|6|233,0.0532799999999999,10706.8,4,6,1,11487.8,10258.0,6426.92,6426.71,6426.92,1.1043,1.10422
14|183|sample|6|233,0.2663999999999999,3670.7,5,6,1,11487.8,6011.33,5195.83,5195.49,5195.83,-0.453308,-0.453389
14|183|sample|6|233,1.332,664.134,6,6,1,11487.8,1902.9,3968.63,3968.22,3968.63,-1.15802,-1.1581
14|183|sample|6|233,6.66,382.193,7,6,1,11487.8,925.281,2918.36,2917.95,2918.36,-1.04942,-1.04952
14|183|sample|6|233,33.3,570.698,8,6,1,11487.8,785.26,2104.25,2104.01,2104.25,-0.737958,-0.738038
14|183|sample|5|233,0.0004262399999999,11132.8,1,5,1,11487.8,11320.0,8698.98,8699.55,8698.98,0.504694,0.504837
14|183|sample|5|233,0.0021311999999999,12829.7,2,5,1,11487.8,11457.2,8285.5,8285.5,8285.5,0.977456,0.977457
14|183|sample|5|233,0.0106559999999999,12808.4,3,5,1,11487.8,11311.0,7486.75,7486.67,7486.75,1.23282,1.23279
14|183|sample|5|233,0.0532799999999999,10358.9,4,5,1,11487.8,10258.0,6426.92,6426.71,6426.92,1.01454,1.01447
14|183|sample|5|233,0.2663999999999999,3834.71,5,5,1,11487.8,6011.33,5195.83,5195.49,5195.83,-0.404549,-0.404632
14|183|sample|5|233,1.332,593.631,6,5,1,11487.8,1902.9,3968.63,3968.22,3968.63,-1.18274,-1.18281
14|183|sample|5|233,6.66,380.986,7,5,1,11487.8,925.281,2918.36,2917.95,2918.36,-1.04992,-1.05002
14|183|sample|5|233,33.3,581.135,8,5,1,11487.8,785.26,2104.25,2104.01,2104.25,-0.732936,-0.733015
14|183|sample|7|233,0.0004262399999999,10550.6,1,7,1,11487.8,11320.0,8698.98,8699.56,8698.98,0.383936,0.384074
14|183|sample|7|233,0.0021311999999999,11438.1,2,7,1,11487.8,11457.2,8285.5,8285.5,8285.5,0.678123,0.678124
14|183|sample|7|233,0.0106559999999999,13880.5,3,7,1,11487.8,11311.0,7486.75,7486.67,7486.75,1.48117,1.48115
14|183|sample|7|233,0.0532799999999999,13596.5,4,7,1,11487.8,10258.0,6426.92,6426.71,6426.92,1.84987,1.84978
14|183|sample|7|233,0.2663999999999999,9151.9,5,7,1,11487.8,6011.33,5195.83,5195.49,5195.83,1.17621,1.17606
14|183|sample|7|233,1.332,1552.06,6,7,1,11487.8,1902.9,3968.63,3968.22,3968.63,-0.846823,-0.846916
14|183|sample|7|233,6.66,370.833,7,7,1,11487.8,925.281,2918.36,2917.95,2918.36,-1.05412,-1.05422
14|183|sample|7|233,33.3,565.728,8,7,1,11487.8,785.26,2104.25,2104.01,2104.25,-0.740351,-0.74043
14|183|sample|8|233,0.0004262399999999,10990.8,1,8,1,11487.8,11320.0,8698.98,8699.55,8698.98,0.475241,0.475383
14|183|sample|8|233,0.0021311999999999,12240.4,2,8,1,11487.8,11457.2,8285.5,8285.5,8285.5,0.850697,0.850699
14|183|sample|8|233,0.0106559999999999,13298.3,3,8,1,11487.8,11311.0,7486.75,7486.67,7486.75,1.3463,1.34628
14|183|sample|8|233,0.0532799999999999,13497.1,4,8,1,11487.8,10258.0,6426.92,6426.71,6426.92,1.82422,1.82413
14|183|sample|8|233,0.2663999999999999,8938.9,5,8,1,11487.8,6011.33,5195.83,5195.49,5195.83,1.11288,1.11274
14|183|sample|8|233,1.332,1754.41,6,8,1,11487.8,1902.9,3968.63,3968.22,3968.63,-0.775903,-0.776001
14|183|sample|8|233,6.66,403.209,7,8,1,11487.8,925.281,2918.36,2917.95,2918.36,-1.04072,-1.04082
14|183|sample|8|233,33.3,660.726,8,8,1,11487.8,785.26,2104.25,2104.01,2104.25,-0.69463,-0.694712
14|183|sample|10|233,0.0004262399999999,8101.1,1,10,1,11487.8,11320.0,8698.98,8699.55,8698.98,-0.124128,-0.124017
14|183|sample|10|233,0.0021311999999999,12638.0,2,10,1,11487.8,11457.2,8285.5,8285.5,8285.5,0.936222,0.936223
14|183|sample|10|233,0.0106559999999999,10380.2,3,10,1,11487.8,11311.0,7486.75,7486.67,7486.75,0.670307,0.670283
14|183|sample|10|233,0.0532799999999999,8236.0,4,10,1,11487.8,10258.0,6426.92,6426.71,6426.92,0.466813,0.46675
14|183|sample|10|233,0.2663999999999999,2866.98,5,10,1,11487.8,6011.33,5195.83,5195.49,5195.83,-0.692247,-0.692319
14|183|sample|10|233,1.332,402.854,6,10,1,11487.8,1902.9,3968.63,3968.22,3968.63,-1.2496,-1.24967
14|183|sample|10|233,6.66,378.856,7,10,1,11487.8,925.281,2918.36,2917.95,2918.36,-1.0508,-1.0509
14|183|sample|10|233,33.3,574.674,8,10,1,11487.8,785.26,2104.25,2104.01,2104.25,-0.736045,-0.736125
14|183|sample|9|233,0.0004262399999999,8903.4,1,9,1,11487.8,11320.0,8698.98,8699.55,8698.98,0.0422812,0.0424013
14|183|sample|9|233,0.0021311999999999,12219.1,2,9,1,11487.8,11457.2,8285.5,8285.5,8285.5,0.846116,0.846117
14|183|sample|9|233,0.0106559999999999,12843.9,3,9,1,11487.8,11311.0,7486.75,7486.67,7486.75,1.24104,1.24101
14|183|sample|9|233,0.0532799999999999,9641.8,4,9,1,11487.8,10258.0,6426.92,6426.71,6426.92,0.829522,0.829451
14|183|sample|9|233,0.2663999999999999,3595.44,5,9,1,11487.8,6011.33,5195.83,5195.49,5195.83,-0.475682,-0.475762
14|183|sample|9|233,1.332,447.655,6,9,1,11487.8,1902.9,3968.63,3968.22,3968.63,-1.2339,-1.23397
14|183|sample|9|233,6.66,371.969,7,9,1,11487.8,925.281,2918.36,2917.95,2918.36,-1.05365,-1.05375
14|183|sample|9|233,33.3,589.655,8,9,1,11487.8,785.26,2104.25,2104.01,2104.25,-0.728835,-0.728915
14|183|sample|12|233,0.0004262399999999,6529.16,1,12,1,11487.8,11320.0,8698.98,8699.55,8698.98,-0.450174,-0.450078
14|183|sample|12|233,0.0021311999999999,7582.8,2,12,1,11487.8,11302.0,8163.73,8164.23,8163.73,-0.126438,-0.126335
14|183|sample|12|233,0.0106559999999999,8058.5,3,12,1,11487.8,11157.8,7377.37,7377.74,7377.37,0.159376,0.159468
14|183|sample|12|233,0.0532799999999999,6933.86,4,12,1,11487.8,10119.6,6333.97,6334.15,6333.97,0.156284,0.156333
14|183|sample|12|233,0.2663999999999999,6366.57,5,12,1,11487.8,5932.53,5121.97,5121.94,5121.97,0.373416,0.373406
14|183|sample|12|233,1.332,3312.15,6,12,1,11487.8,1881.77,3913.8,3913.62,3913.8,-0.212495,-0.212555
14|183|sample|12|233,6.66,877.56,7,12,1,11487.8,917.879,2879.81,2879.57,2879.81,-0.834038,-0.834106
14|183|sample|12|233,33.3,466.328,8,12,1,11487.8,785.26,2104.25,2104.01,2104.25,-0.78819,-0.788267
14|183|sample|11|233,0.0004262399999999,9471.4,1,11,1,11487.8,11320.0,8698.98,8699.55,8698.98,0.160094,0.160219
14|183|sample|11|233,0.0021311999999999,10699.7,2,11,1,11487.8,11457.2,8285.5,8285.5,8285.5,0.519294,0.519295
14|183|sample|11|233,0.0106559999999999,12659.3,3,11,1,11487.8,11311.0,7486.75,7486.67,7486.75,1.19828,1.19825
14|183|sample|11|233,0.0532799999999999,11189.6,4,11,1,11487.8,10258.0,6426.92,6426.71,6426.92,1.22887,1.22879
14|183|sample|11|233,0.2663999999999999,9812.2,5,11,1,11487.8,6011.33,5195.83,5195.49,5195.83,1.37251,1.37235
14|183|sample|11|233,1.332,5440.73,6,11,1,11487.8,1902.9,3968.63,3968.22,3968.63,0.516089,0.515913
14|183|sample|11|233,6.66,1136.71,7,11,1,11487.8,925.281,2918.36,2917.95,2918.36,-0.737164,-0.737283
14|183|sample|11|233,33.3,483.368,8,11,1,11487.8,785.26,2104.25,2104.01,2104.25,-0.779989,-0.780067
14|183|cc|1|1|233,0.0,326.316,1,1,0,11487.8,0.0,0.0,0.0,0.0,0.271341,0.271341
14|183|cc|2|1|233,0.0,349.888,2,1,0,11487.8,0.0,0.0,0.0,0.0,0.290942,0.290942
14|183|cc|3|1|233,0.0,343.924,3,1,0,11487.8,0.0,0.0,0.0,0.0,0.285983,0.285983
14|183|cc|4|1|233,0.0,346.338,4,1,0,11487.8,0.0,0.0,0.0,0.0,0.28799,0.28799
14|183|cc|5|1|233,0.0,361.603,5,1,0,11487.8,0.0,0.0,0.0,0.0,0.300683,0.300683
14|183|cc|6|1|233,0.0,360.396,6,1,0,11487.8,0.0,0.0,0.0,0.0,0.29968,0.29968
14|183|cc|7|1|233,0.0,355.994,7,1,0,11487.8,0.0,0.0,0.0,0.0,0.296019,0.296019
14|183|cc|8|1|233,0.0,462.92,8,1,0,11487.8,0.0,0.0,0.0,0.0,0.384931,0.384931
14|183|vc|1|2|233,0.0,8754.3,1,2,1,11487.8,11322.6,11324.3,11325.0,11324.3,-0.434729,-0.434641
14|183|vc|2|2|233,0.0,12332.7,2,2,1,11487.8,11478.1,11479.9,11479.9,11479.9,0.142661,0.142661
14|183|vc|3|2|233,0.0,12219.1,3,2,1,11487.8,11478.1,11479.9,11479.9,11479.9,0.123658,0.123658
14|183|vc|4|2|233,0.0,12197.8,4,2,1,11487.8,11478.1,11479.9,11479.9,11479.9,0.120094,0.120094
14|183|vc|5|2|233,0.0,12794.2,5,2,1,11487.8,11478.1,11479.9,11479.9,11479.9,0.219865,0.219865
14|183|vc|6|2|233,0.0,12297.2,6,2,1,11487.8,11478.1,11479.9,11479.9,11479.9,0.136723,0.136723
14|183|vc|7|2|233,0.0,11956.4,7,2,1,11487.8,11478.1,11479.9,11479.9,11479.9,0.0797112,0.0797112
14|183|vc|8|2|233,0.0,9350.7,8,2,1,11487.8,11322.6,11324.3,11325.0,11324.3,-0.333871,-0.333779
14|705|sample|3|233,0.0004262399999999,8569.7,1,3,1,11166.525,11003.2,10018.8,10019.5,10018.8,-0.26996,-0.26986
14|705|sample|3|233,0.0021311999999999,13170.5,2,3,1,11166.525,11136.6,9522.94,9522.95,9522.94,0.70638,0.706381
14|705|sample|3|233,0.0106559999999999,14214.2,3,3,1,11166.525,10994.8,8592.75,8592.66,8592.75,1.17685,1.17682
14|705|sample|3|233,0.0532799999999999,13220.2,4,3,1,11166.525,9973.38,7358.5,7358.26,7358.5,1.37497,1.37488
14|705|sample|3|233,0.2663999999999999,12020.3,5,3,1,11166.525,5854.1,5924.81,5924.42,5924.81,1.66241,1.66223
14|705|sample|3|233,1.332,12993.0,6,3,1,11166.525,1868.95,4495.66,4495.18,4495.66,2.76586,2.76552
14|705|sample|3|233,6.66,11949.3,7,3,1,11166.525,920.669,3272.55,3272.07,3272.55,3.38473,3.38428
14|705|sample|3|233,33.3,7039.65,8,3,1,11166.525,784.692,2327.6,2327.31,2327.6,2.17092,2.17067
14|705|sample|4|233,0.0004262399999999,8782.7,1,4,1,11166.525,11003.2,10018.8,10019.5,10018.8,-0.230297,-0.230195
14|705|sample|4|233,0.0021311999999999,13475.8,2,4,1,11166.525,11136.6,9522.94,9522.95,9522.94,0.765504,0.765505
14|705|sample|4|233,0.0106559999999999,13979.9,3,4,1,11166.525,10994.8,8592.75,8592.66,8592.75,1.1278,1.12777
14|705|sample|4|233,0.0532799999999999,13269.9,4,4,1,11166.525,9973.38,7358.5,7358.26,7358.5,1.38663,1.38654
14|705|sample|4|233,0.2663999999999999,13610.7,5,4,1,11166.525,5854.1,5924.81,5924.42,5924.81,2.09613,2.09593
14|705|sample|4|233,1.332,13220.2,6,4,1,11166.525,1868.95,4495.66,4495.18,4495.66,2.83981,2.83947
14|705|sample|4|233,6.66,11935.1,7,4,1,11166.525,920.669,3272.55,3272.07,3272.55,3.37919,3.37874
14|705|sample|4|233,33.3,8122.4,8,4,1,11166.525,784.692,2327.6,2327.31,2327.6,2.66973,2.66945
14|705|sample|5|233,0.0004262399999999,8470.3,1,5,1,11166.525,11003.2,10018.8,10019.5,10018.8,-0.288469,-0.28837
14|705|sample|5|233,0.0021311999999999,13064.0,2,5,1,11166.525,11136.6,9522.94,9522.95,9522.94,0.685755,0.685756
14|705|sample|5|233,0.0106559999999999,13880.5,3,5,1,11166.525,10994.8,8592.75,8592.66,8592.75,1.10699,1.10696
14|705|sample|5|233,0.0532799999999999,14611.8,4,5,1,11166.525,9973.38,7358.5,7358.26,7358.5,1.70139,1.70129
14|705|sample|5|233,0.2663999999999999,14164.5,5,5,1,11166.525,5854.1,5924.81,5924.42,5924.81,2.24715,2.24695
14|705|sample|5|233,1.332,14086.4,6,5,1,11166.525,1868.95,4495.66,4495.18,4495.66,3.12174,3.12138
14|705|sample|5|233,6.66,11246.4,7,5,1,11166.525,920.669,3272.55,3272.07,3272.55,3.11055,3.11012
14|705|sample|5|233,33.3,8030.1,8,5,1,11166.525,784.692,2327.6,2327.31,2327.6,2.62721,2.62693
14|705|sample|6|233,0.0004262399999999,9173.2,1,6,1,11166.525,11003.2,10018.8,10019.5,10018.8,-0.157581,-0.157476
14|705|sample|6|233,0.0021311999999999,13177.6,2,6,1,11166.525,11136.6,9522.94,9522.95,9522.94,0.707755,0.707756
14|705|sample|6|233,0.0106559999999999,13277.0,3,6,1,11166.525,10994.8,8592.75,8592.66,8592.75,0.980652,0.980624
14|705|sample|6|233,0.0532799999999999,14363.3,4,6,1,11166.525,9973.38,7358.5,7358.26,7358.5,1.6431,1.643
14|705|sample|6|233,0.2663999999999999,13639.1,5,6,1,11166.525,5854.1,5924.81,5924.42,5924.81,2.10387,2.10367
14|705|sample|6|233,1.332,14072.2,6,6,1,11166.525,1868.95,4495.66,4495.18,4495.66,3.11712,3.11676
14|705|sample|6|233,6.66,11864.1,7,6,1,11166.525,920.669,3272.55,3272.07,3272.55,3.3515,3.35105
14|705|sample|6|233,33.3,8058.5,8,6,1,11166.525,784.692,2327.6,2327.31,2327.6,2.64029,2.64001
14|705|sample|7|233,0.0004262399999999,7696.4,1,7,1,11166.525,11003.2,10018.8,10019.5,10018.8,-0.432578,-0.432486
14|705|sample|7|233,0.0021311999999999,13376.4,2,7,1,11166.525,11136.6,9522.94,9522.95,9522.94,0.746254,0.746255
14|705|sample|7|233,0.0106559999999999,14143.2,3,7,1,11166.525,10994.8,8592.75,8592.66,8592.75,1.16199,1.16196
14|705|sample|7|233,0.0532799999999999,14008.3,4,7,1,11166.525,9973.38,7358.5,7358.26,7358.5,1.55983,1.55974
14|705|sample|7|233,0.2663999999999999,15201.1,5,7,1,11166.525,5854.1,5924.81,5924.42,5924.81,2.52984,2.52962
14|705|sample|7|233,1.332,15243.7,6,7,1,11166.525,1868.95,4495.66,4495.18,4495.66,3.49841,3.49803
14|705|sample|7|233,6.66,11743.4,7,7,1,11166.525,920.669,3272.55,3272.07,3272.55,3.30442,3.30397
14|705|sample|7|233,33.3,6646.31,8,7,1,11166.525,784.692,2327.6,2327.31,2327.6,1.98971,1.98947
14|705|sample|8|233,0.0004262399999999,8392.2,1,8,1,11166.525,11003.2,10018.8,10019.5,10018.8,-0.303012,-0.302914
14|705|sample|8|233,0.0021311999999999,13362.2,2,8,1,11166.525,11136.6,9522.94,9522.95,9522.94,0.743504,0.743505
14|705|sample|8|233,0.0106559999999999,13610.7,3,8,1,11166.525,10994.8,8592.75,8592.66,8592.75,1.05051,1.05048
14|705|sample|8|233,0.0532799999999999,14682.8,4,8,1,11166.525,9973.38,7358.5,7358.26,7358.5,1.71804,1.71794
14|705|sample|8|233,0.2663999999999999,14377.5,5,8,1,11166.525,5854.1,5924.81,5924.42,5924.81,2.30524,2.30503
14|705|sample|8|233,1.332,14448.5,6,8,1,11166.525,1868.95,4495.66,4495.18,4495.66,3.23959,3.23923
14|705|sample|8|233,6.66,11296.1,7,8,1,11166.525,920.669,3272.55,3272.07,3272.55,3.12994,3.12951
14|705|sample|8|233,33.3,7973.3,8,8,1,11166.525,784.692,2327.6,2327.31,2327.6,2.60104,2.60076
14|705|sample|10|233,0.0004262399999999,7937.8,1,10,1,11166.525,11003.2,8412.12,8412.67,8412.12,-0.100996,-0.100883
14|705|sample|10|233,0.0021311999999999,13213.1,2,10,1,11166.525,11136.6,8014.31,8014.31,8014.31,1.14607,1.14607
14|705|sample|10|233,0.0106559999999999,14129.0,3,10,1,11166.525,10994.8,7244.38,7244.3,7244.38,1.63303,1.633
14|705|sample|10|233,0.0532799999999999,10529.3,4,10,1,11166.525,9973.38,6222.78,6222.59,6222.78,1.13606,1.13598
14|705|sample|10|233,0.2663999999999999,4592.28,5,10,1,11166.525,5854.1,5036.11,5035.79,5036.11,-0.134508,-0.1346
14|705|sample|10|233,1.332,624.871,6,10,1,11166.525,1868.95,3853.2,3852.8,3853.2,-1.1507,-1.15077
14|705|sample|10|233,6.66,342.007,7,10,1,11166.525,920.669,2840.82,2840.42,2840.82,-1.04795,-1.04805
14|705|sample|10|233,33.3,322.482,8,10,1,11166.525,784.692,2055.8,2055.57,2055.8,-0.842274,-0.842346
14|705|sample|9|233,0.0004262399999999,8811.1,1,9,1,11166.525,11003.2,8412.12,8412.67,8412.12,0.0847386,0.0848596
14|705|sample|9|233,0.0021311999999999,12531.5,2,9,1,11166.525,11136.6,8014.31,8014.31,8014.31,0.99581,0.99581
14|705|sample|9|233,0.0106559999999999,11991.9,3,9,1,11166.525,10994.8,7244.38,7244.3,7244.38,1.12612,1.12609
14|705|sample|9|233,0.0532799999999999,11558.8,4,9,1,11166.525,9973.38,6222.78,6222.58,6222.78,1.40763,1.40755
14|705|sample|9|233,0.2663999999999999,6037.13,5,9,1,11166.525,5854.1,5036.11,5035.79,5036.11,0.303689,0.303578
14|705|sample|9|233,1.332,493.095,6,9,1,11166.525,1868.95,3853.2,3852.8,3853.2,-1.19767,-1.19774
14|705|sample|9|233,6.66,340.871,7,9,1,11166.525,920.669,2840.82,2840.42,2840.82,-1.04843,-1.04852
14|705|sample|9|233,33.3,353.296,8,9,1,11166.525,784.692,2055.8,2055.57,2055.8,-0.827298,-0.827371
14|705|sample|12|233,0.0004262399999999,7476.3,1,12,1,11166.525,11003.2,8412.12,8412.67,8412.12,-0.199147,-0.199039
14|705|sample|12|233,0.0021311999999999,6678.97,2,12,1,11166.525,10985.7,7896.22,7896.7,7896.22,-0.271374,-0.271279
14|705|sample|12|233,0.0106559999999999,7568.6,3,12,1,11166.525,10845.8,7138.28,7138.64,7138.28,0.10306,0.103149
14|705|sample|12|233,0.0532799999999999,6813.87,4,12,1,11166.525,9838.82,6132.6,6132.77,6132.6,0.181453,0.181502
14|705|sample|12|233,0.2663999999999999,3670.7,5,12,1,11166.525,5777.43,4964.42,4964.39,4964.42,-0.395918,-0.395925
14|705|sample|12|233,1.332,964.89,6,12,1,11166.525,1848.29,3799.93,3799.75,3799.93,-1.01859,-1.01862
14|705|sample|12|233,6.66,295.644,7,12,1,11166.525,913.33,2803.32,2803.08,2803.32,-1.05863,-1.05869
14|705|sample|12|233,33.3,337.179,8,12,1,11166.525,784.692,2055.8,2055.57,2055.8,-0.835131,-0.835204
14|705|sample|11|233,0.0004262399999999,7646.7,1,11,1,11166.525,11003.2,8412.12,8412.67,8412.12,-0.162907,-0.162797
14|705|sample|11|233,0.0021311999999999,11416.8,2,11,1,11166.525,11136.6,8014.31,8014.31,8014.31,0.750074,0.750076
14|705|sample|11|233,0.0106559999999999,11999.0,3,11,1,11166.525,10994.8,7244.38,7244.3,7244.38,1.1278,1.12777
14|705|sample|11|233,0.0532799999999999,10380.2,4,11,1,11166.525,9973.38,6222.78,6222.59,6222.78,1.09673,1.09665
14|705|sample|11|233,0.2663999999999999,6246.58,5,11,1,11166.525,5854.1,5036.11,5035.79,5036.11,0.36721,0.367097
14|705|sample|11|233,1.332,978.38,6,11,1,11166.525,1868.95,3853.2,3852.8,3853.2,-1.02468,-1.02476
14|705|sample|11|233,6.66,338.528,7,11,1,11166.525,920.669,2840.82,2840.42,2840.82,-1.04941,-1.04951
14|705|sample|11|233,33.3,359.544,8,11,1,11166.525,784.692,2055.8,2055.57,2055.8,-0.824262,-0.824335
14|705|cc|1|1|233,0.0,381.412,1,1,0,11166.525,0.0,0.0,0.0,0.0,0.317155,0.317155
14|705|cc|2|1|233,0.0,368.419,2,1,0,11166.525,0.0,0.0,0.0,0.0,0.306351,0.306351
14|705|cc|3|1|233,0.0,363.378,3,1,0,11166.525,0.0,0.0,0.0,0.0,0.302159,0.302159
14|705|cc|4|1|233,0.0,366.573,4,1,0,11166.525,0.0,0.0,0.0,0.0,0.304816,0.304816
14|705|cc|5|1|233,0.0,367.922,5,1,0,11166.525,0.0,0.0,0.0,0.0,0.305938,0.305938
14|705|cc|6|1|233,0.0,383.968,6,1,0,11166.525,0.0,0.0,0.0,0.0,0.31928,0.31928
14|705|cc|7|1|233,0.0,385.317,7,1,0,11166.525,0.0,0.0,0.0,0.0,0.320402,0.320402
14|705|cc|8|1|233,0.0,399.588,8,1,0,11166.525,0.0,0.0,0.0,0.0,0.332269,0.332269
14|705|vc|1|2|233,0.0,8278.6,1,2,1,11166.525,11005.6,11007.4,11008.0,11007.4,-0.472102,-0.472017
14|705|vc|2|2|233,0.0,11360.0,2,2,1,11166.525,11156.8,11158.6,11158.6,11158.6,0.0344565,0.0344565
14|705|vc|3|2|233,0.0,12957.5,3,2,1,11166.525,11156.8,11158.6,11158.6,11158.6,0.307809,0.307809
14|705|vc|4|2|233,0.0,11835.7,4,2,1,11166.525,11156.8,11158.6,11158.6,11158.6,0.115855,0.115855
14|705|vc|5|2|233,0.0,12375.3,5,2,1,11166.525,11156.8,11158.6,11158.6,11158.6,0.208187,0.208187
14|705|vc|6|2|233,0.0,12176.5,6,2,1,11166.525,11156.8,11158.6,11158.6,11158.6,0.17417,0.17417
14|705|vc|7|2|233,0.0,12588.3,7,2,1,11166.525,11156.8,11158.6,11158.6,11158.6,0.244634,0.244634
14|705|vc|8|2|233,0.0,7760.3,8,2,1,11166.525,11005.6,11007.4,11008.0,11007.4,-0.561751,-0.56167
14|555|sample|4|233,0.00128,24786.1,1,4,1,28898.775,28469.8,23237.3,23238.7,23237.3,0.142372,0.142508
14|555|sample|4|233,0.0064,28968.0,2,4,1,28898.775,28661.3,21456.8,21456.7,21456.8,0.741663,0.741645
14|555|sample|4|233,0.032,30224.7,3,4,1,28898.775,27141.7,18555.6,18555.1,18555.6,1.30815,1.30807
14|555|sample|4|233,0.16,26994.2,4,4,1,28898.775,19058.6,15030.1,15029.2,15030.1,1.60516,1.60496
14|555|sample|4|233,0.8,19617.3,5,4,1,28898.775,6016.53,11337.5,11336.4,11337.5,1.39927,1.39896
14|555|sample|4|233,4.0,12261.7,6,4,1,28898.775,1544.54,8025.55,8024.3,8025.55,0.933275,0.932894
14|555|sample|4|233,20.0,3868.08,7,4,1,28898.775,869.22,5443.4,5442.29,5443.4,-0.454141,-0.4544
14|555|sample|4|233,100.0,1458.34,8,4,1,28898.775,778.248,3595.58,3594.91,3595.58,-0.79193,-0.792097
14|555|sample|3|233,0.00128,24608.6,1,3,1,28898.775,28469.8,23237.3,23238.7,23237.3,0.126041,0.126176
14|555|sample|3|233,0.0064,30317.0,2,3,1,28898.775,28661.3,21456.8,21456.7,21456.8,0.874862,0.874844
14|555|sample|3|233,0.032,30352.5,3,3,1,28898.775,27141.7,18555.6,18555.1,18555.6,1.32248,1.3224
14|555|sample|3|233,0.16,27001.3,4,3,1,28898.775,19058.6,15030.1,15029.2,15030.1,1.60611,1.60591
14|555|sample|3|233,0.8,19262.3,5,3,1,28898.775,6016.53,11337.5,11336.4,11337.5,1.33929,1.33898
14|555|sample|3|233,4.0,12503.1,6,3,1,28898.775,1544.54,8025.55,8024.3,8025.55,0.986442,0.986056
14|555|sample|3|233,20.0,4208.17,7,3,1,28898.775,869.22,5443.4,5442.29,5443.4,-0.356029,-0.356301
14|555|sample|3|233,100.0,1591.82,8,3,1,28898.775,778.248,3595.58,3594.91,3595.58,-0.742456,-0.742627
14|555|sample|5|233,0.00128,23770.8,1,5,1,28898.775,28469.8,23237.3,23238.7,23237.3,0.0489584,0.0490892
14|555|sample|5|233,0.0064,28151.5,2,5,1,28898.775,28661.3,21456.8,21456.7,21456.8,0.661042,0.661024
14|555|sample|5|233,0.032,28584.6,3,5,1,28898.775,27141.7,18555.6,18555.1,18555.6,1.1243,1.12422
14|555|sample|5|233,0.16,26270.0,4,5,1,28898.775,19058.6,15030.1,15029.2,15030.1,1.508,1.50781
14|555|sample|5|233,0.8,20440.9,5,5,1,28898.775,6016.53,11337.5,11336.4,11337.5,1.53844,1.53812
14|555|sample|5|233,4.0,12070.0,6,5,1,28898.775,1544.54,8025.55,8024.3,8025.55,0.891053,0.890677
14|555|sample|5|233,20.0,5130.46,7,5,1,28898.775,869.22,5443.4,5442.29,5443.4,-0.0899602,-0.0902677
14|555|sample|5|233,100.0,1508.04,8,5,1,28898.775,778.248,3595.58,3594.91,3595.58,-0.773509,-0.773677
14|555|sample|6|233,0.00128,23728.2,1,6,1,28898.775,28469.8,23237.3,23238.7,23237.3,0.0450391,0.0451695
14|555|sample|6|233,0.0064,28329.0,2,6,1,28898.775,28661.3,21456.8,21456.7,21456.8,0.678568,0.67855
14|555|sample|6|233,0.032,28769.2,3,6,1,28898.775,27141.7,18555.6,18555.1,18555.6,1.14499,1.14491
14|555|sample|6|233,0.16,26270.0,4,6,1,28898.775,19058.6,15030.1,15029.2,15030.1,1.508,1.50781
14|555|sample|6|233,0.8,18687.2,5,6,1,28898.775,6016.53,11337.5,11336.4,11337.5,1.24211,1.24181
14|555|sample|6|233,4.0,12261.7,6,6,1,28898.775,1544.54,8025.55,8024.3,8025.55,0.933275,0.932894
14|555|sample|6|233,20.0,5001.24,7,6,1,28898.775,869.22,5443.4,5442.29,5443.4,-0.127238,-0.127541
14|555|sample|6|233,100.0,1657.85,8,6,1,28898.775,778.248,3595.58,3594.91,3595.58,-0.717981,-0.718155
14|555|sample|7|233,0.00128,23266.7,1,7,1,28898.775,28469.8,23237.3,23238.7,23237.3,0.0025783,0.00270649
14|555|sample|7|233,0.0064,28897.0,2,7,1,28898.775,28661.3,21456.8,21456.7,21456.8,0.734652,0.734634
14|555|sample|7|233,0.032,29181.0,3,7,1,28898.775,27141.7,18555.6,18555.1,18555.6,1.19115,1.19107
14|555|sample|7|233,0.16,18176.0,4,7,1,28898.775,19058.6,15030.1,15029.2,15030.1,0.422157,0.422018
14|555|sample|7|233,0.8,4345.91,5,7,1,28898.775,6016.53,11337.5,11336.4,11337.5,-1.18121,-1.18131
14|555|sample|7|233,4.0,579.076,6,7,1,28898.775,1544.54,8025.55,8024.3,8025.55,-1.63979,-1.63988
14|555|sample|7|233,20.0,511.129,7,7,1,28898.775,869.22,5443.4,5442.29,5443.4,-1.42258,-1.42271
14|555|sample|7|233,100.0,514.679,8,7,1,28898.775,778.248,3595.58,3594.91,3595.58,-1.1417,-1.14183
14|555|sample|8|233,0.00128,24601.5,1,8,1,28898.775,28469.8,23237.3,23238.7,23237.3,0.125388,0.125523
14|555|sample|8|233,0.0064,25545.8,2,8,1,28898.775,28661.3,21456.8,21456.7,21456.8,0.403756,0.40374
14|555|sample|8|233,0.032,24601.5,3,8,1,28898.775,27141.7,18555.6,18555.1,18555.6,0.677798,0.677729
14|555|sample|8|233,0.16,17068.4,4,8,1,28898.775,19058.6,15030.1,15029.2,15030.1,0.273567,0.273436
14|555|sample|8|233,0.8,4732.86,5,8,1,28898.775,6016.53,11337.5,11336.4,11337.5,-1.11583,-1.11593
14|555|sample|8|233,4.0,664.347,6,8,1,28898.775,1544.54,8025.55,8024.3,8025.55,-1.62101,-1.6211
14|555|sample|8|233,20.0,531.648,7,8,1,28898.775,869.22,5443.4,5442.29,5443.4,-1.41666,-1.41679
14|555|sample|8|233,100.0,544.57,8,8,1,28898.775,778.248,3595.58,3594.91,3595.58,-1.13062,-1.13076
14|555|sample|9|233,0.00128,28400.0,1,9,1,28898.775,28469.8,23237.3,23238.7,23237.3,0.474872,0.475026
14|555|sample|9|233,0.0064,27789.4,2,9,1,28898.775,28661.3,21456.8,21456.7,21456.8,0.625288,0.625271
14|555|sample|9|233,0.032,29323.0,3,9,1,28898.775,27141.7,18555.6,18555.1,18555.6,1.20707,1.20699
14|555|sample|9|233,0.16,27988.2,4,9,1,28898.775,19058.6,15030.1,15029.2,15030.1,1.73851,1.73831
14|555|sample|9|233,0.8,19986.5,5,9,1,28898.775,6016.53,11337.5,11336.4,11337.5,1.46166,1.46134
14|555|sample|9|233,4.0,11686.6,6,9,1,28898.775,1544.54,8025.55,8024.3,8025.55,0.80661,0.806244
14|555|sample|9|233,20.0,4575.95,7,9,1,28898.775,869.22,5443.4,5442.29,5443.4,-0.249929,-0.250216
14|555|sample|9|233,100.0,1463.31,8,9,1,28898.775,778.248,3595.58,3594.91,3595.58,-0.790088,-0.790255
14|555|sample|10|233,0.00128,29102.9,1,10,1,28898.775,28469.8,23237.3,23238.7,23237.3,0.539543,0.5397
14|555|sample|10|233,0.0064,25950.5,2,10,1,28898.775,28661.3,21456.8,21456.7,21456.8,0.443716,0.443699
14|555|sample|10|233,0.032,29216.5,3,10,1,28898.775,27141.7,18555.6,18555.1,18555.6,1.19513,1.19505
14|555|sample|10|233,0.16,26092.5,4,10,1,28898.775,19058.6,15030.1,15029.2,15030.1,1.48419,1.484
14|555|sample|10|233,0.8,22734.2,5,10,1,28898.775,6016.53,11337.5,11336.4,11337.5,1.92595,1.9256
14|555|sample|10|233,4.0,12027.4,6,10,1,28898.775,1544.54,8025.55,8024.3,8025.55,0.881671,0.881296
14|555|sample|10|233,20.0,4408.39,7,10,1,28898.775,869.22,5443.4,5442.29,5443.4,-0.298268,-0.298548
14|555|sample|10|233,100.0,1568.39,8,10,1,28898.775,778.248,3595.58,3594.91,3595.58,-0.75114,-0.75131
14|555|sample|12|233,0.00128,21044.4,1,12,1,28898.775,28469.8,23237.3,23238.7,23237.3,-0.201886,-0.201769
14|555|sample|12|233,0.0064,21328.4,2,12,1,28898.775,28273.0,21157.7,21158.7,21157.7,0.016959,0.0170667
14|555|sample|12|233,0.032,18282.5,3,12,1,28898.775,26774.3,18297.6,18298.2,18297.6,-0.00177879,-0.00171421
14|555|sample|12|233,0.16,8733.0,4,12,1,28898.775,18802.2,14822.2,14822.2,14822.2,-0.826441,-0.826444
14|555|sample|12|233,0.8,1515.14,5,12,1,28898.775,5939.26,11182.1,11181.6,11182.1,-1.65136,-1.65138
14|555|sample|12|233,4.0,461.713,6,12,1,28898.775,1528.68,7917.22,7916.43,7917.22,-1.65827,-1.65832
14|555|sample|12|233,20.0,405.268,7,12,1,28898.775,862.636,5371.76,5370.96,5371.76,-1.44491,-1.445
14|555|sample|12|233,100.0,451.915,8,12,1,28898.775,778.248,3595.58,3594.91,3595.58,-1.16497,-1.16509
14|555|sample|11|233,0.00128,25631.0,1,11,1,28898.775,28469.8,23237.3,23238.7,23237.3,0.220108,0.220248
14|555|sample|11|233,0.0064,26092.5,2,11,1,28898.775,28661.3,21456.8,21456.7,21456.8,0.457736,0.45772
14|555|sample|11|233,0.032,21087.0,3,11,1,28898.775,27141.7,18555.6,18555.1,18555.6,0.283826,0.283766
14|555|sample|11|233,0.16,8406.4,4,11,1,28898.775,19058.6,15030.1,15029.2,15030.1,-0.88848,-0.888554
14|555|sample|11|233,0.8,1638.68,5,11,1,28898.775,6016.53,11337.5,11336.4,11337.5,-1.63867,-1.63873
14|555|sample|11|233,4.0,580.851,6,11,1,28898.775,1544.54,8025.55,8024.3,8025.55,-1.6394,-1.63948
14|555|sample|11|233,20.0,445.525,7,11,1,28898.775,869.22,5443.4,5442.29,5443.4,-1.4415,-1.44163
14|555|sample|11|233,100.0,520.004,8,11,1,28898.775,778.248,3595.58,3594.91,3595.58,-1.13973,-1.13986
14|555|cc|1|1|233,0.0,503.674,1,1,0,28898.775,0.0,0.0,0.0,0.0,0.418819,0.418819
14|555|cc|2|1|233,0.0,542.014,2,1,0,28898.775,0.0,0.0,0.0,0.0,0.4507,0.4507
14|555|cc|3|1|233,0.0,537.044,3,1,0,28898.775,0.0,0.0,0.0,0.0,0.446568,0.446568
14|555|cc|4|1|233,0.0,528.24,4,1,0,28898.775,0.0,0.0,0.0,0.0,0.439247,0.439247
14|555|cc|5|1|233,0.0,532.429,5,1,0,28898.775,0.0,0.0,0.0,0.0,0.44273,0.44273
14|555|cc|6|1|233,0.0,472.363,6,1,0,28898.775,0.0,0.0,0.0,0.0,0.392783,0.392783
14|555|cc|7|1|233,0.0,472.15,7,1,0,28898.775,0.0,0.0,0.0,0.0,0.392606,0.392606
14|555|cc|8|1|233,0.0,439.135,8,1,0,28898.775,0.0,0.0,0.0,0.0,0.365153,0.365153
14|555|vc|1|2|233,0.0,27768.1,1,2,1,28898.775,28497.7,28499.5,28501.1,28499.5,-0.0561321,-0.0560135
14|555|vc|2|2|233,0.0,28442.6,2,2,1,28898.775,28889.1,28890.9,28890.9,28890.9,-0.0339096,-0.0339096
14|555|vc|3|2|233,0.0,30267.3,3,2,1,28898.775,28889.1,28890.9,28890.9,28890.9,0.104117,0.104117
14|555|vc|4|2|233,0.0,29216.5,4,2,1,28898.775,28889.1,28890.9,28890.9,28890.9,0.0246308,0.0246308
14|555|vc|5|2|233,0.0,30246.0,5,2,1,28898.775,28889.1,28890.9,28890.9,28890.9,0.102506,0.102506
14|555|vc|6|2|233,0.0,30757.2,6,2,1,28898.775,28889.1,28890.9,28890.9,28890.9,0.141175,0.141175
14|555|vc|7|2|233,0.0,29692.2,7,2,1,28898.775,28889.1,28890.9,28890.9,28890.9,0.0606144,0.0606144
14|555|vc|8|2|233,0.0,24800.3,8,2,1,28898.775,28497.7,28499.5,28501.1,28499.5,-0.283414,-0.283307
14|394|sample|5|42,0.00128,37381.5,1,5,1,39545.1875,38961.4,31852.2,31854.3,31852.2,0.38244,0.382604
14|394|sample|5|42,0.0064,32480.5,2,5,1,39545.1875,39221.4,29292.0,29292.0,29292.0,0.238187,0.238184
14|394|sample|5|42,0.032,30270.5,3,5,1,39545.1875,37126.4,25587.8,25587.3,25587.8,0.395343,0.395296
14|394|sample|5|42,0.16,21814.0,4,5,1,39545.1875,25982.8,21385.7,21384.7,21385.7,0.0425172,0.0424161
14|394|sample|5|42,0.8,17010.5,5,5,1,39545.1875,8002.48,17057.4,17055.9,17057.4,-0.00547236,-0.00564729
14|394|sample|5|42,4.0,13721.5,6,5,1,39545.1875,1837.21,13020.6,13018.9,13020.6,0.106171,0.105901
14|394|sample|5|42,20.0,8372.0,7,5,1,39545.1875,906.189,9589.81,9588.08,9589.81,-0.234274,-0.234576
14|394|sample|5|42,100.0,3641.95,8,5,1,39545.1875,782.757,6807.76,6806.57,6807.76,-0.784519,-0.784717
14|394|sample|6|42,0.00128,38246.0,1,6,1,39545.1875,38961.4,31852.2,31854.3,31852.2,0.442257,0.442424
14|394|sample|6|42,0.0064,34905.0,2,6,1,39545.1875,39221.4,29292.0,29292.0,29292.0,0.419299,0.419296
14|394|sample|6|42,0.032,30316.0,3,6,1,39545.1875,37126.4,25587.8,25587.3,25587.8,0.399184,0.399137
14|394|sample|6|42,0.16,20819.5,4,6,1,39545.1875,25982.8,21385.7,21384.7,21385.7,-0.0559708,-0.0560678
14|394|sample|6|42,0.8,15775.5,5,6,1,39545.1875,8002.48,17057.4,17055.9,17057.4,-0.15432,-0.154484
14|394|sample|6|42,4.0,11706.5,6,6,1,39545.1875,1837.21,13020.6,13018.9,13020.6,-0.198307,-0.198544
14|394|sample|6|42,20.0,8404.5,7,6,1,39545.1875,906.189,9589.81,9588.08,9589.81,-0.228013,-0.228316
14|394|sample|6|42,100.0,3721.9,8,6,1,39545.1875,782.757,6807.76,6806.57,6807.76,-0.764699,-0.7649
14|394|sample|7|42,0.00128,38109.5,1,7,1,39545.1875,38961.4,31852.2,31854.3,31852.2,0.432812,0.432978
14|394|sample|7|42,0.0064,38857.0,2,7,1,39545.1875,39221.4,29292.0,29292.0,29292.0,0.714516,0.714513
14|394|sample|7|42,0.032,42445.0,3,7,1,39545.1875,37126.4,25587.8,25587.3,25587.8,1.42309,1.42303
14|394|sample|7|42,0.16,38883.0,4,7,1,39545.1875,25982.8,21385.7,21384.7,21385.7,1.73291,1.73273
14|394|sample|7|42,0.8,33826.0,5,7,1,39545.1875,8002.48,17057.4,17055.9,17057.4,2.0212,2.02088
14|394|sample|7|42,4.0,28483.0,6,7,1,39545.1875,1837.21,13020.6,13018.9,13020.6,2.33672,2.33621
14|394|sample|7|42,20.0,17907.5,7,7,1,39545.1875,906.189,9589.81,9588.08,9589.81,1.60272,1.60216
14|394|sample|7|42,100.0,11765.0,8,7,1,39545.1875,782.757,6807.76,6806.57,6807.76,1.22921,1.22877
14|394|sample|8|42,0.00128,42640.0,1,8,1,39545.1875,38961.4,31852.2,31854.3,31852.2,0.746286,0.746471
14|394|sample|8|42,0.0064,40423.5,2,8,1,39545.1875,39221.4,29292.0,29292.0,29292.0,0.831534,0.831531
14|394|sample|8|42,0.032,39806.0,3,8,1,39545.1875,37126.4,25587.8,25587.3,25587.8,1.20031,1.20025
14|394|sample|8|42,0.16,43758.0,4,8,1,39545.1875,25982.8,21385.7,21384.7,21385.7,2.21569,2.2155
14|394|sample|8|42,0.8,35867.0,5,8,1,39545.1875,8002.48,17057.4,17055.9,17057.4,2.26719,2.26685
14|394|sample|8|42,4.0,28834.0,6,8,1,39545.1875,1837.21,13020.6,13018.9,13020.6,2.38976,2.38924
14|394|sample|8|42,20.0,20111.0,7,8,1,39545.1875,906.189,9589.81,9588.08,9589.81,2.02722,2.0266
14|394|sample|8|42,100.0,11479.0,8,8,1,39545.1875,782.757,6807.76,6806.57,6807.76,1.15831,1.15787
14|394|sample|10|42,0.00128,33767.5,1,10,1,39545.1875,38961.4,31852.2,31854.3,31852.2,0.132381,0.13253
14|394|sample|10|42,0.0064,22964.5,2,10,1,39545.1875,39221.4,29292.0,29292.0,29292.0,-0.472665,-0.472667
14|394|sample|10|42,0.032,16341.0,3,10,1,39545.1875,37126.4,25587.8,25587.3,25587.8,-0.780559,-0.780586
14|394|sample|10|42,0.16,12766.0,4,10,1,39545.1875,25982.8,21385.7,21384.7,21385.7,-0.85353,-0.853594
14|394|sample|10|42,0.8,8833.5,5,10,1,39545.1875,8002.48,17057.4,17055.9,17057.4,-0.990997,-0.9911
14|394|sample|10|42,4.0,6669.0,6,10,1,39545.1875,1837.21,13020.6,13018.9,13020.6,-0.959503,-0.959658
14|394|sample|10|42,20.0,2575.3,7,10,1,39545.1875,906.189,9589.81,9588.08,9589.81,-1.351,-1.35114
14|394|sample|10|42,100.0,1574.95,8,10,1,39545.1875,782.757,6807.76,6806.57,6807.76,-1.29693,-1.29707
14|394|sample|9|42,0.00128,39286.0,1,9,1,39545.1875,38961.4,31852.2,31854.3,31852.2,0.514216,0.514387
14|394|sample|9|42,0.0064,30569.5,2,9,1,39545.1875,39221.4,29292.0,29292.0,29292.0,0.0954337,0.0954314
14|394|sample|9|42,0.032,18928.0,3,9,1,39545.1875,37126.4,25587.8,25587.3,25587.8,-0.562169,-0.5622
14|394|sample|9|42,0.16,14371.5,4,9,1,39545.1875,25982.8,21385.7,21384.7,21385.7,-0.694533,-0.694604
14|394|sample|9|42,0.8,8996.0,5,9,1,39545.1875,8002.48,17057.4,17055.9,17057.4,-0.971412,-0.971516
14|394|sample|9|42,4.0,5444.4,6,9,1,39545.1875,1837.21,13020.6,13018.9,13020.6,-1.14455,-1.14468
14|394|sample|9|42,20.0,3246.75,7,9,1,39545.1875,906.189,9589.81,9588.08,9589.81,-1.22164,-1.22181
14|394|sample|9|42,100.0,1693.25,8,9,1,39545.1875,782.757,6807.76,6806.57,6807.76,-1.26761,-1.26775
14|394|sample|12|42,0.00128,35041.5,1,12,1,39545.1875,38961.4,31852.2,31854.3,31852.2,0.220531,0.220685
14|394|sample|12|42,0.0064,35750.0,2,12,1,39545.1875,38690.1,28895.9,28897.5,28895.9,0.518236,0.518381
14|394|sample|12|42,0.032,33351.5,3,12,1,39545.1875,36623.8,25242.5,25243.5,25242.5,0.692831,0.692932
14|394|sample|12|42,0.16,24134.5,4,12,1,39545.1875,25632.7,21098.0,21098.1,21098.0,0.304289,0.304309
14|394|sample|12|42,0.8,18018.0,5,12,1,39545.1875,7898.3,16829.0,16828.5,16829.0,0.145023,0.144957
14|394|sample|12|42,4.0,12486.5,6,12,1,39545.1875,1817.39,12847.5,12846.5,12847.5,-0.0549957,-0.0551429
14|394|sample|12|42,20.0,8521.5,7,12,1,39545.1875,899.104,9463.73,9462.53,9463.73,-0.183131,-0.183346
14|394|sample|12|42,100.0,5012.8,8,12,1,39545.1875,782.757,6807.76,6806.57,6807.76,-0.444681,-0.444921
14|394|sample|11|42,0.00128,40612.0,1,11,1,39545.1875,38961.4,31852.2,31854.3,31852.2,0.605965,0.606141
14|394|sample|11|42,0.0064,40807.0,2,11,1,39545.1875,39221.4,29292.0,29292.0,29292.0,0.860182,0.860179
14|394|sample|11|42,0.032,33462.0,3,11,1,39545.1875,37126.4,25587.8,25587.3,25587.8,0.664763,0.664712
14|394|sample|11|42,0.16,24752.0,4,11,1,39545.1875,25982.8,21385.7,21384.7,21385.7,0.333475,0.333362
14|394|sample|11|42,0.8,18401.5,5,11,1,39545.1875,8002.48,17057.4,17055.9,17057.4,0.162177,0.161989
14|394|sample|11|42,4.0,15236.0,6,11,1,39545.1875,1837.21,13020.6,13018.9,13020.6,0.335021,0.334726
14|394|sample|11|42,20.0,8359.0,7,11,1,39545.1875,906.189,9589.81,9588.08,9589.81,-0.236779,-0.23708
14|394|sample|11|42,100.0,5257.2,8,11,1,39545.1875,782.757,6807.76,6806.57,6807.76,-0.384093,-0.384341
14|394|sample|3|42,0.00128,19714.5,1,3,1,39545.1875,38961.4,14962.7,14964.4,14962.7,0.639568,0.639849
14|394|sample|3|42,0.0064,18492.5,2,3,1,39545.1875,39221.4,15230.1,15230.7,15230.1,0.432727,0.43281
14|394|sample|3|42,0.032,11667.5,3,3,1,39545.1875,37126.4,14442.4,14444.1,14442.4,-0.38507,-0.384862
14|394|sample|3|42,0.16,9009.0,4,3,1,39545.1875,25982.8,10252.3,10252.4,10252.3,-0.227434,-0.227408
14|394|sample|3|42,0.8,6145.1,5,3,1,39545.1875,8002.48,3491.58,3487.27,3491.58,1.00176,0.99946
14|394|sample|3|42,4.0,4151.55,6,3,1,39545.1875,1837.21,1173.33,1171.8,1173.33,1.76315,1.76157
14|394|sample|3|42,20.0,1883.7,7,3,1,39545.1875,906.189,823.231,822.932,823.231,0.686623,0.686374
14|394|sample|3|42,100.0,672.75,8,3,1,39545.1875,782.757,773.463,773.436,773.463,-0.0660534,-0.0660701
14|394|sample|4|42,0.00128,18733.0,1,4,1,39545.1875,38961.4,14962.7,14964.3,14962.7,0.50743,0.507685
14|394|sample|4|42,0.0064,16620.5,2,4,1,39545.1875,39221.4,15230.1,15230.6,15230.1,0.184393,0.184457
14|394|sample|4|42,0.032,13377.0,3,4,1,39545.1875,37126.4,14442.4,14444.1,14442.4,-0.147982,-0.147761
14|394|sample|4|42,0.16,11953.5,4,4,1,39545.1875,25982.8,10252.3,10252.4,10252.3,0.311156,0.311179
14|394|sample|4|42,0.8,7020.0,5,4,1,39545.1875,8002.48,3491.58,3487.26,3491.58,1.33153,1.329
14|394|sample|4|42,4.0,5218.2,6,4,1,39545.1875,1837.21,1173.33,1171.79,1173.33,2.3943,2.39248
14|394|sample|4|42,20.0,1979.9,7,4,1,39545.1875,906.189,823.231,822.932,823.231,0.748892,0.748638
14|394|sample|4|42,100.0,718.25,8,4,1,39545.1875,782.757,773.463,773.436,773.463,-0.036204,-0.0362209
14|394|cc|1|1|42,0.0,279.305,1,1,0,39545.1875,0.0,0.0,0.0,0.0,0.23225,0.23225
14|394|cc|2|1|42,0.0,273.39,2,1,0,39545.1875,0.0,0.0,0.0,0.0,0.227332,0.227332
14|394|cc|3|1|42,0.0,270.53,3,1,0,39545.1875,0.0,0.0,0.0,0.0,0.224954,0.224954
14|394|cc|4|1|42,0.0,261.235,4,1,0,39545.1875,0.0,0.0,0.0,0.0,0.217224,0.217224
14|394|cc|5|1|42,0.0,261.495,5,1,0,39545.1875,0.0,0.0,0.0,0.0,0.217441,0.217441
14|394|cc|6|1|42,0.0,281.645,6,1,0,39545.1875,0.0,0.0,0.0,0.0,0.234196,0.234196
14|394|cc|7|1|42,0.0,244.27,7,1,0,39545.1875,0.0,0.0,0.0,0.0,0.203118,0.203118
14|394|cc|8|1|42,0.0,263.51,8,1,0,39545.1875,0.0,0.0,0.0,0.0,0.219116,0.219116
14|394|vc|1|2|42,0.0,40183.0,1,2,1,39545.1875,38999.9,38997.6,38999.7,38997.6,0.0679077,0.0680358
14|394|vc|2|2|42,0.0,39617.5,2,2,1,39545.1875,39535.5,39533.1,39533.1,39533.1,0.00478023,0.00478023
14|394|vc|3|2|42,0.0,39240.5,3,2,1,39545.1875,39535.5,39533.1,39533.1,39533.1,-0.0165836,-0.0165836
14|394|vc|4|2|42,0.0,41671.5,4,2,1,39545.1875,39535.5,39533.1,39533.1,39533.1,0.121176,0.121176
14|394|vc|5|2|42,0.0,40521.0,5,2,1,39545.1875,39535.5,39533.1,39533.1,39533.1,0.0559798,0.0559798
14|394|vc|6|2|42,0.0,39988.0,6,2,1,39545.1875,39535.5,39533.1,39533.1,39533.1,0.0257757,0.0257757
14|394|vc|7|2|42,0.0,36250.5,7,2,1,39545.1875,39535.5,39533.1,39533.1,39533.1,-0.186021,-0.186021
14|394|vc|8|2|42,0.0,38889.5,8,2,1,39545.1875,38999.9,38997.6,38999.7,38997.6,-0.00632579,-0.00620152
14|1099|sample|3|73,0.00128,7046.0,1,3,1,7869.875,7746.61,7581.91,7582.37,7581.91,-0.12312,-0.123018
14|1099|sample|3|73,0.0064,7702.5,2,3,1,7869.875,7802.75,7638.09,7638.31,7638.09,0.014656,0.0147073
14|1099|sample|3|73,0.032,6302.4,3,3,1,7869.875,7419.64,7263.93,7264.75,7263.93,-0.227806,-0.22763
14|1099|sample|3|73,0.16,4467.45,4,3,1,7869.875,5381.86,5273.72,5273.78,5273.72,-0.237417,-0.237402
14|1099|sample|3|73,0.8,3406.0,5,3,1,7869.875,2093.87,2062.49,2060.44,2062.49,0.653295,0.652027
14|1099|sample|3|73,4.0,2157.35,6,3,1,7869.875,966.452,961.393,960.663,961.393,0.746904,0.746307
14|1099|sample|3|73,20.0,1314.95,7,3,1,7869.875,796.2,795.115,794.973,795.115,0.339128,0.339022
14|1099|sample|3|73,100.0,977.6,8,3,1,7869.875,769.342,768.764,768.762,768.764,0.137179,0.137178
14|1099|sample|4|73,0.00128,7481.5,1,4,1,7869.875,7746.61,7581.91,7582.37,7581.91,-0.0231548,-0.0230484
14|1099|sample|4|73,0.0064,6643.0,2,4,1,7869.875,7802.75,7638.09,7638.31,7638.09,-0.22725,-0.227204
14|1099|sample|4|73,0.032,5935.8,3,4,1,7869.875,7419.64,7263.93,7264.75,7263.93,-0.314587,-0.314419
14|1099|sample|4|73,0.16,4124.9,4,4,1,7869.875,5381.86,5273.72,5273.78,5273.72,-0.338278,-0.338263
14|1099|sample|4|73,0.8,3175.25,5,4,1,7869.875,2093.87,2062.49,2060.44,2062.49,0.541262,0.54004
14|1099|sample|4|73,4.0,2295.8,6,4,1,7869.875,966.452,961.393,960.663,961.393,0.833316,0.832703
14|1099|sample|4|73,20.0,1472.9,7,4,1,7869.875,796.2,795.115,794.973,795.115,0.442143,0.442033
14|1099|sample|4|73,100.0,1016.6,8,4,1,7869.875,769.342,768.764,768.762,768.764,0.162797,0.162796
14|1099|sample|5|73,0.00128,2156.7,1,5,1,7869.875,7746.61,7581.91,7582.37,7581.91,-1.24541,-1.24536
14|1099|sample|5|73,0.0064,4521.4,2,5,1,7869.875,7802.75,7638.09,7638.31,7638.09,-0.711655,-0.71162
14|1099|sample|5|73,0.032,4678.7,3,5,1,7869.875,7419.64,7263.93,7264.75,7263.93,-0.612167,-0.612022
14|1099|sample|5|73,0.16,4338.1,4,5,1,7869.875,5381.86,5273.72,5273.78,5273.72,-0.275503,-0.275488
14|1099|sample|5|73,0.8,3880.5,5,5,1,7869.875,2093.87,2062.49,2060.44,2062.49,0.883674,0.88231
14|1099|sample|5|73,4.0,2618.2,6,5,1,7869.875,966.452,961.393,960.663,961.393,1.03454,1.03389
14|1099|sample|5|73,20.0,2187.25,7,5,1,7869.875,796.2,795.115,794.973,795.115,0.90804,0.907913
14|1099|sample|5|73,100.0,1243.45,8,5,1,7869.875,769.342,768.764,768.762,768.764,0.311807,0.311806
14|1099|sample|6|73,0.00128,2173.6,1,6,1,7869.875,7746.61,7581.91,7582.37,7581.91,-1.24153,-1.24148
14|1099|sample|6|73,0.0064,4706.0,2,6,1,7869.875,7802.75,7638.09,7638.31,7638.09,-0.669507,-0.669471
14|1099|sample|6|73,0.032,4895.8,3,6,1,7869.875,7419.64,7263.93,7264.75,7263.93,-0.560775,-0.560626
14|1099|sample|6|73,0.16,4835.35,4,6,1,7869.875,5381.86,5273.72,5273.78,5273.72,-0.129093,-0.129076
14|1099|sample|6|73,0.8,3753.1,5,6,1,7869.875,2093.87,2062.49,2060.44,2062.49,0.821819,0.820481
14|1099|sample|6|73,4.0,2828.8,6,6,1,7869.875,966.452,961.393,960.663,961.393,1.16598,1.16531
14|1099|sample|6|73,20.0,2241.2,7,6,1,7869.875,796.2,795.115,794.973,795.115,0.943226,0.943097
14|1099|sample|6|73,100.0,1610.7,8,6,1,7869.875,769.342,768.764,768.762,768.764,0.553042,0.553041
14|1099|sample|8|73,0.00128,3918.2,1,8,1,7869.875,7746.61,7581.91,7582.37,7581.91,-0.841075,-0.841006
14|1099|sample|8|73,0.0064,7462.0,2,8,1,7869.875,7802.75,7638.09,7638.31,7638.09,-0.0402551,-0.040205
14|1099|sample|8|73,0.032,7241.0,3,8,1,7869.875,7419.64,7263.93,7264.75,7263.93,-0.00562148,-0.00542798
14|1099|sample|8|73,0.16,6539.0,4,8,1,7869.875,5381.86,5273.72,5273.78,5273.72,0.372532,0.372553
14|1099|sample|8|73,0.8,6792.5,5,8,1,7869.875,2093.87,2062.49,2060.44,2062.49,2.2975,2.29555
14|1099|sample|8|73,4.0,6191.9,6,8,1,7869.875,966.452,961.393,960.663,961.393,3.26504,3.26397
14|1099|sample|8|73,20.0,4473.95,7,8,1,7869.875,796.2,795.115,794.973,795.115,2.39942,2.39924
14|1099|sample|8|73,100.0,2483.65,8,8,1,7869.875,769.342,768.764,768.762,768.764,1.12646,1.12645
14|1099|sample|7|73,0.00128,4726.8,1,7,1,7869.875,7746.61,7581.91,7582.37,7581.91,-0.655469,-0.655391
14|1099|sample|7|73,0.0064,5435.3,2,7,1,7869.875,7802.75,7638.09,7638.31,7638.09,-0.502993,-0.502953
14|1099|sample|7|73,0.032,5294.9,3,7,1,7869.875,7419.64,7263.93,7264.75,7263.93,-0.466301,-0.466144
14|1099|sample|7|73,0.16,6222.45,4,7,1,7869.875,5381.86,5273.72,5273.78,5273.72,0.279327,0.279347
14|1099|sample|7|73,0.8,5335.85,5,7,1,7869.875,2093.87,2062.49,2060.44,2062.49,1.59027,1.58862
14|1099|sample|7|73,4.0,4543.5,6,7,1,7869.875,966.452,961.393,960.663,961.393,2.2362,2.23532
14|1099|sample|7|73,20.0,3995.55,7,7,1,7869.875,796.2,795.115,794.973,795.115,2.08741,2.08724
14|1099|sample|7|73,100.0,2592.2,8,7,1,7869.875,769.342,768.764,768.762,768.764,1.19776,1.19776
14|1099|sample|9|73,0.00128,7325.5,1,9,1,7869.875,7746.61,7581.91,7582.37,7581.91,-0.058963,-0.0588582
14|1099|sample|9|73,0.0064,5971.55,2,9,1,7869.875,7802.75,7638.09,7638.31,7638.09,-0.380556,-0.380513
14|1099|sample|9|73,0.032,5183.75,3,9,1,7869.875,7419.64,7263.93,7264.75,7263.93,-0.492612,-0.492458
14|1099|sample|9|73,0.16,4508.4,4,9,1,7869.875,5381.86,5273.72,5273.78,5273.72,-0.22536,-0.225344
14|1099|sample|9|73,0.8,3333.85,5,9,1,7869.875,2093.87,2062.49,2060.44,2062.49,0.618265,0.617012
14|1099|sample|9|73,4.0,2406.3,6,9,1,7869.875,966.452,961.393,960.663,961.393,0.902284,0.901658
14|1099|sample|9|73,20.0,1592.5,7,9,1,7869.875,796.2,795.115,794.973,795.115,0.520146,0.520033
14|1099|sample|9|73,100.0,912.6,8,9,1,7869.875,769.342,768.764,768.762,768.764,0.0944824,0.0944813
14|1099|sample|10|73,0.00128,7078.5,1,10,1,7869.875,7746.61,7581.91,7582.37,7581.91,-0.115659,-0.115557
14|1099|sample|10|73,0.0064,6256.25,2,10,1,7869.875,7802.75,7638.09,7638.31,7638.09,-0.315553,-0.315509
14|1099|sample|10|73,0.032,5591.3,3,10,1,7869.875,7419.64,7263.93,7264.75,7263.93,-0.396137,-0.395975
14|1099|sample|10|73,0.16,4080.05,4,10,1,7869.875,5381.86,5273.72,5273.78,5273.72,-0.351484,-0.351469
14|1099|sample|10|73,0.8,3553.55,5,10,1,7869.875,2093.87,2062.49,2060.44,2062.49,0.724934,0.723636
14|1099|sample|10|73,4.0,1853.8,6,10,1,7869.875,966.452,961.393,960.663,961.393,0.557445,0.556884
14|1099|sample|10|73,20.0,1829.75,7,10,1,7869.875,796.2,795.115,794.973,795.115,0.674879,0.674761
14|1099|sample|10|73,100.0,1097.2,8,10,1,7869.875,769.342,768.764,768.762,768.764,0.21574,0.215739
14|1099|sample|11|73,0.00128,7644.0,1,11,1,7869.875,7746.61,7581.91,7582.37,7581.91,0.0141456,0.0142536
14|1099|sample|11|73,0.0064,7397.0,2,11,1,7869.875,7802.75,7638.09,7638.31,7638.09,-0.055096,-0.0550462
14|1099|sample|11|73,0.032,6766.5,3,11,1,7869.875,7419.64,7263.93,7264.75,7263.93,-0.117945,-0.11776
14|1099|sample|11|73,0.16,7202.0,4,11,1,7869.875,5381.86,5273.72,5273.78,5273.72,0.567747,0.567769
14|1099|sample|11|73,0.8,6379.75,5,11,1,7869.875,2093.87,2062.49,2060.44,2062.49,2.09711,2.09524
14|1099|sample|11|73,4.0,5507.45,6,11,1,7869.875,966.452,961.393,960.663,961.393,2.83785,2.83685
14|1099|sample|11|73,20.0,4337.45,7,11,1,7869.875,796.2,795.115,794.973,795.115,2.3104,2.31021
14|1099|sample|11|73,100.0,2754.05,8,11,1,7869.875,769.342,768.764,768.762,768.764,1.30407,1.30407
14|1099|sample|12|73,0.00128,8274.5,1,12,1,7869.875,7746.61,7581.91,7582.37,7581.91,0.158871,0.158985
14|1099|sample|12|73,0.0064,6929.0,2,12,1,7869.875,7697.03,7533.49,7534.13,7533.49,-0.139545,-0.139405
14|1099|sample|12|73,0.032,7247.5,3,12,1,7869.875,7319.4,7164.74,7165.95,7164.74,0.0194933,0.0197848
14|1099|sample|12|73,0.16,7312.5,4,12,1,7869.875,5310.74,5203.33,5203.68,5203.33,0.626302,0.62643
14|1099|sample|12|73,0.8,6961.5,5,12,1,7869.875,2069.73,2038.57,2036.64,2038.57,2.40266,2.40078
14|1099|sample|12|73,4.0,4681.95,6,12,1,7869.875,958.424,953.399,952.712,953.399,2.33239,2.33155
14|1099|sample|12|73,20.0,3630.9,7,12,1,7869.875,790.604,789.527,789.409,789.527,1.85601,1.85588
14|1099|sample|12|73,100.0,3244.15,8,12,1,7869.875,769.342,768.764,768.762,768.764,1.626,1.626
14|1099|cc|1|1|73,0.0,283.465,1,1,0,7869.875,0.0,0.0,0.0,0.0,0.235709,0.235709
14|1099|cc|2|1|73,0.0,291.915,2,1,0,7869.875,0.0,0.0,0.0,0.0,0.242736,0.242736
14|1099|cc|3|1|73,0.0,306.605,3,1,0,7869.875,0.0,0.0,0.0,0.0,0.254951,0.254951
14|1099|cc|4|1|73,0.0,277.095,4,1,0,7869.875,0.0,0.0,0.0,0.0,0.230412,0.230412
14|1099|cc|5|1|73,0.0,283.14,5,1,0,7869.875,0.0,0.0,0.0,0.0,0.235439,0.235439
14|1099|cc|6|1|73,0.0,296.92,6,1,0,7869.875,0.0,0.0,0.0,0.0,0.246898,0.246898
14|1099|cc|7|1|73,0.0,290.745,7,1,0,7869.875,0.0,0.0,0.0,0.0,0.241763,0.241763
14|1099|cc|8|1|73,0.0,331.89,8,1,0,7869.875,0.0,0.0,0.0,0.0,0.275976,0.275976
14|1099|vc|1|2|73,0.0,7826.0,1,2,1,7869.875,7753.64,7761.0,7761.43,7761.0,0.0145725,0.0146706
14|1099|vc|2|2|73,0.0,7676.5,2,2,1,7869.875,7860.18,7867.59,7867.59,7867.59,-0.042699,-0.042699
14|1099|vc|3|2|73,0.0,7787.0,3,2,1,7869.875,7860.18,7867.59,7867.59,7867.59,-0.0180072,-0.0180072
14|1099|vc|4|2|73,0.0,8339.5,4,2,1,7869.875,7860.18,7867.59,7867.59,7867.59,0.105452,0.105452
14|1099|vc|5|2|73,0.0,7150.0,5,2,1,7869.875,7860.18,7867.59,7867.59,7867.59,-0.160348,-0.160348
14|1099|vc|6|2|73,0.0,7995.0,6,2,1,7869.875,7860.18,7867.59,7867.59,7867.59,0.0284715,0.0284715
14|1099|vc|7|2|73,0.0,8664.5,7,2,1,7869.875,7860.18,7867.59,7867.59,7867.59,0.178075,0.178075
14|1099|vc|8|2|73,0.0,7520.5,8,2,1,7869.875,7753.64,7761.0,7761.43,7761.0,-0.0543734,-0.0542781
14|611|sample|4|73,0.00128,8222.5,1,4,1,9355.125,9210.27,9045.56,9046.12,9045.56,-0.165873,-0.165768
14|611|sample|4|73,0.0064,9906.0,2,4,1,9355.125,9275.96,9111.3,9111.57,9111.3,0.15912,0.159178
14|611|sample|4|73,0.032,10530.0,3,4,1,9355.125,8812.59,8656.87,8657.87,8656.87,0.389711,0.389952
14|611|sample|4|73,0.16,10068.5,4,4,1,9355.125,6347.84,6239.7,6239.77,6239.7,1.00807,1.0081
14|611|sample|4|73,0.8,9295.0,5,4,1,9355.125,2370.92,2339.55,2337.05,2339.55,3.19948,3.19681
14|611|sample|4|73,4.0,8489.0,6,4,1,9355.125,1007.28,1002.22,1001.34,1002.22,4.62454,4.62294
14|611|sample|4|73,20.0,7923.5,7,4,1,9355.125,801.357,800.272,800.1,800.272,4.63941,4.63908
14|611|sample|4|73,100.0,6156.15,8,4,1,9355.125,769.971,769.393,769.386,769.393,3.53779,3.53778
14|611|sample|3|73,0.00128,9132.5,1,3,1,9355.125,9210.27,9045.56,9046.12,9045.56,0.0173962,0.0175093
14|611|sample|3|73,0.0064,10361.0,2,3,1,9355.125,9275.96,9111.3,9111.57,9111.3,0.250255,0.250315
14|611|sample|3|73,0.032,10159.5,3,3,1,9355.125,8812.59,8656.87,8657.87,8656.87,0.312586,0.31282
14|611|sample|3|73,0.16,10634.0,4,3,1,9355.125,6347.84,6239.7,6239.77,6239.7,1.15696,1.15699
14|611|sample|3|73,0.8,10543.0,5,3,1,9355.125,2370.92,2339.55,2337.05,2339.55,3.77335,3.7704
14|611|sample|3|73,4.0,9542.0,6,3,1,9355.125,1007.28,1002.22,1001.34,1002.22,5.2749,5.27315
14|611|sample|3|73,20.0,8385.0,7,3,1,9355.125,801.357,800.272,800.1,800.272,4.93998,4.93964
14|611|sample|3|73,100.0,5422.95,8,3,1,9355.125,769.971,769.393,769.386,769.393,3.05626,3.05625
14|611|sample|5|73,0.00128,7332.0,1,5,1,9355.125,9210.27,9045.56,9046.12,9045.56,-0.345214,-0.345118
14|611|sample|5|73,0.0064,11089.0,2,5,1,9355.125,9275.96,9111.3,9111.57,9111.3,0.39607,0.396134
14|611|sample|5|73,0.032,11245.0,3,5,1,9355.125,8812.59,8656.87,8657.87,8656.87,0.538549,0.538802
14|611|sample|5|73,0.16,11004.5,4,5,1,9355.125,6347.84,6239.7,6239.77,6239.7,1.25451,1.25454
14|611|sample|5|73,0.8,9509.5,5,5,1,9355.125,2370.92,2339.55,2337.05,2339.55,3.29811,3.29539
14|611|sample|5|73,4.0,7117.5,6,5,1,9355.125,1007.28,1002.22,1001.34,1002.22,3.77747,3.77606
14|611|sample|5|73,20.0,5870.8,7,5,1,9355.125,801.357,800.272,800.1,800.272,3.30251,3.30224
14|611|sample|5|73,100.0,2986.75,8,5,1,9355.125,769.971,769.393,769.386,769.393,1.45627,1.45626
14|611|sample|6|73,0.00128,8183.5,1,6,1,9355.125,9210.27,9045.56,9046.12,9045.56,-0.173727,-0.173623
14|611|sample|6|73,0.0064,11836.5,2,6,1,9355.125,9275.96,9111.3,9111.57,9111.3,0.545791,0.545858
14|611|sample|6|73,0.032,11141.0,3,6,1,9355.125,8812.59,8656.87,8657.87,8656.87,0.5169,0.517151
14|611|sample|6|73,0.16,10679.5,4,6,1,9355.125,6347.84,6239.7,6239.77,6239.7,1.16894,1.16897
14|611|sample|6|73,0.8,9431.5,5,6,1,9355.125,2370.92,2339.55,2337.05,2339.55,3.26225,3.25954
14|611|sample|6|73,4.0,8131.5,6,6,1,9355.125,1007.28,1002.22,1001.34,1002.22,4.40374,4.40219
14|611|sample|6|73,20.0,6818.5,7,6,1,9355.125,801.357,800.272,800.1,800.272,3.91974,3.91944
14|611|sample|6|73,100.0,3272.1,8,6,1,9355.125,769.971,769.393,769.386,769.393,1.64367,1.64367
14|611|sample|7|73,0.00128,8190.0,1,7,1,9355.125,9210.27,9045.56,9046.12,9045.56,-0.172418,-0.172313
14|611|sample|7|73,0.0064,11719.5,2,7,1,9355.125,9275.96,9111.3,9111.57,9111.3,0.522357,0.522423
14|611|sample|7|73,0.032,11687.0,3,7,1,9355.125,8812.59,8656.87,8657.87,8656.87,0.630557,0.630819
14|611|sample|7|73,0.16,10393.5,4,7,1,9355.125,6347.84,6239.7,6239.77,6239.7,1.09364,1.09367
14|611|sample|7|73,0.8,10146.5,5,7,1,9355.125,2370.92,2339.55,2337.05,2339.55,3.59102,3.58816
14|611|sample|7|73,4.0,8924.5,6,7,1,9355.125,1007.28,1002.22,1001.34,1002.22,4.89351,4.89185
14|611|sample|7|73,20.0,7598.5,7,7,1,9355.125,801.357,800.272,800.1,800.272,4.42774,4.42742
14|611|sample|7|73,100.0,5283.85,8,7,1,9355.125,769.971,769.393,769.386,769.393,2.9649,2.96489
14|611|sample|8|73,0.00128,9054.5,1,8,1,9355.125,9210.27,9045.56,9046.12,9045.56,0.00168733,0.00179987
14|611|sample|8|73,0.0064,10913.5,2,8,1,9355.125,9275.96,9111.3,9111.57,9111.3,0.360918,0.360981
14|611|sample|8|73,0.032,12870.0,3,8,1,9355.125,8812.59,8656.87,8657.87,8656.87,0.876816,0.877099
14|611|sample|8|73,0.16,11030.5,4,8,1,9355.125,6347.84,6239.7,6239.77,6239.7,1.26136,1.26139
14|611|sample|8|73,0.8,10770.5,5,8,1,9355.125,2370.92,2339.55,2337.05,2339.55,3.87796,3.87496
14|611|sample|8|73,4.0,10413.0,6,8,1,9355.125,1007.28,1002.22,1001.34,1002.22,5.81284,5.81097
14|611|sample|8|73,20.0,8690.5,7,8,1,9355.125,801.357,800.272,800.1,800.272,5.13895,5.1386
14|611|sample|8|73,100.0,6922.5,8,8,1,9355.125,769.971,769.393,769.386,769.393,4.0411,4.04109
14|611|sample|9|73,0.00128,10101.0,1,9,1,9355.125,9210.27,9045.56,9046.12,9045.56,0.212446,0.212569
14|611|sample|9|73,0.0064,9516.0,2,9,1,9355.125,9275.96,9111.3,9111.57,9111.3,0.0810049,0.0810612
14|611|sample|9|73,0.032,9340.5,3,9,1,9355.125,8812.59,8656.87,8657.87,8656.87,0.142099,0.142319
14|611|sample|9|73,0.16,7949.5,4,9,1,9355.125,6347.84,6239.7,6239.77,6239.7,0.450157,0.45018
14|611|sample|9|73,0.8,5449.6,5,9,1,9355.125,2370.92,2339.55,2337.05,2339.55,1.43125,1.42942
14|611|sample|9|73,4.0,3717.35,6,9,1,9355.125,1007.28,1002.22,1001.34,1002.22,1.67747,1.67654
14|611|sample|9|73,20.0,2372.5,7,9,1,9355.125,801.357,800.272,800.1,800.272,1.02409,1.02393
14|611|sample|9|73,100.0,865.15,8,9,1,9355.125,769.971,769.393,769.386,769.393,0.0628934,0.0628889
14|611|sample|10|73,0.00128,9191.0,1,10,1,9355.125,9210.27,9045.56,9046.12,9045.56,0.0291777,0.0292914
14|611|sample|10|73,0.0064,10439.0,2,10,1,9355.125,9275.96,9111.3,9111.57,9111.3,0.265878,0.265938
14|611|sample|10|73,0.032,8762.0,3,10,1,9355.125,8812.59,8656.87,8657.87,8656.87,0.0216763,0.0218854
14|611|sample|10|73,0.16,7709.0,4,10,1,9355.125,6347.84,6239.7,6239.77,6239.7,0.386835,0.386858
14|611|sample|10|73,0.8,5874.7,5,10,1,9355.125,2370.92,2339.55,2337.05,2339.55,1.62672,1.6248
14|611|sample|10|73,4.0,4806.1,6,10,1,9355.125,1007.28,1002.22,1001.34,1002.22,2.3499,2.34882
14|611|sample|10|73,20.0,2637.7,7,10,1,9355.125,801.357,800.272,800.1,800.272,1.19681,1.19665
14|611|sample|10|73,100.0,1036.75,8,10,1,9355.125,769.971,769.393,769.386,769.393,0.175593,0.175588
14|611|sample|12|73,0.00128,9633.0,1,12,1,9355.125,9210.27,9045.56,9046.12,9045.56,0.118194,0.118312
14|611|sample|12|73,0.0064,10757.5,2,12,1,9355.125,9150.29,8986.75,8987.52,8986.75,0.358222,0.358402
14|611|sample|12|73,0.032,11349.0,3,12,1,9355.125,8693.48,8538.82,8540.28,8538.82,0.59069,0.591072
14|611|sample|12|73,0.16,9652.5,4,12,1,9355.125,6263.63,6156.23,6156.64,6156.23,0.928889,0.92904
14|611|sample|12|73,0.8,9555.0,5,12,1,9355.125,2343.03,2311.87,2309.52,2311.87,3.34933,3.34674
14|611|sample|12|73,4.0,8632.0,6,12,1,9355.125,998.7,993.676,992.836,993.676,4.72843,4.72689
14|611|sample|12|73,20.0,7735.0,7,12,1,9355.125,795.692,794.614,794.467,794.614,4.52722,4.52694
14|611|sample|12|73,100.0,5118.75,8,12,1,9355.125,769.971,769.393,769.386,769.393,2.85647,2.85646
14|611|sample|11|73,0.00128,9834.5,1,11,1,9355.125,9210.27,9045.56,9046.12,9045.56,0.158775,0.158895
14|611|sample|11|73,0.0064,11843.0,2,11,1,9355.125,9275.96,9111.3,9111.57,9111.3,0.547093,0.54716
14|611|sample|11|73,0.032,10634.0,3,11,1,9355.125,8812.59,8656.87,8657.87,8656.87,0.41136,0.411603
14|611|sample|11|73,0.16,11056.5,4,11,1,9355.125,6347.84,6239.7,6239.77,6239.7,1.2682,1.26823
14|611|sample|11|73,0.8,10107.5,5,11,1,9355.125,2370.92,2339.55,2337.05,2339.55,3.57309,3.57024
14|611|sample|11|73,4.0,8976.5,6,11,1,9355.125,1007.28,1002.22,1001.34,1002.22,4.92563,4.92396
14|611|sample|11|73,20.0,9022.0,7,11,1,9355.125,801.357,800.272,800.1,800.272,5.35486,5.35449
14|611|sample|11|73,100.0,5258.5,8,11,1,9355.125,769.971,769.393,769.386,769.393,2.94825,2.94824
14|611|cc|1|1|73,0.0,395.135,1,1,0,9355.125,0.0,0.0,0.0,0.0,0.328566,0.328566
14|611|cc|2|1|73,0.0,393.25,2,1,0,9355.125,0.0,0.0,0.0,0.0,0.326999,0.326999
14|611|cc|3|1|73,0.0,376.025,3,1,0,9355.125,0.0,0.0,0.0,0.0,0.312676,0.312676
14|611|cc|4|1|73,0.0,369.525,4,1,0,9355.125,0.0,0.0,0.0,0.0,0.307271,0.307271
14|611|cc|5|1|73,0.0,397.475,5,1,0,9355.125,0.0,0.0,0.0,0.0,0.330512,0.330512
14|611|cc|6|1|73,0.0,381.03,6,1,0,9355.125,0.0,0.0,0.0,0.0,0.316837,0.316837
14|611|cc|7|1|73,0.0,395.655,7,1,0,9355.125,0.0,0.0,0.0,0.0,0.328999,0.328999
14|611|cc|8|1|73,0.0,408.33,8,1,0,9355.125,0.0,0.0,0.0,0.0,0.339538,0.339538
14|611|vc|1|2|73,0.0,7962.5,1,2,1,9355.125,9218.77,9226.13,9226.64,9226.13,-0.250798,-0.250707
14|611|vc|2|2|73,0.0,10426.0,2,2,1,9355.125,9345.43,9352.84,9352.84,9352.84,0.210715,0.210715
14|611|vc|3|2|73,0.0,10127.0,3,2,1,9355.125,9345.43,9352.84,9352.84,9352.84,0.152007,0.152007
14|611|vc|4|2|73,0.0,9197.5,4,2,1,9355.125,9345.43,9352.84,9352.84,9352.84,-0.0305,-0.0305
14|611|vc|5|2|73,0.0,10419.5,5,2,1,9355.125,9345.43,9352.84,9352.84,9352.84,0.209439,0.209439
14|611|vc|6|2|73,0.0,8911.5,6,2,1,9355.125,9345.43,9352.84,9352.84,9352.84,-0.0866558,-0.0866558
14|611|vc|7|2|73,0.0,9847.5,7,2,1,9355.125,9345.43,9352.84,9352.84,9352.84,0.097127,0.097127
14|611|vc|8|2|73,0.0,7949.5,8,2,1,9355.125,9218.77,9226.13,9226.64,9226.13,-0.253377,-0.253286
8|84|sample|5|162,0.0006144,72824.0,1,5,1,78856.625,77749.0,75239.7,75243.2,75239.7,-0.0744372,-0.0743321
8|84|sample|5|162,0.003072,78360.0,2,5,1,78856.625,78602.2,72914.4,72912.9,72914.4,0.172752,0.172701
8|84|sample|5|162,0.01536,80614.0,3,5,1,78856.625,76904.9,65685.3,65682.4,65685.3,0.523483,0.523361
8|84|sample|5|162,0.0768,74089.0,4,5,1,78856.625,65460.8,52669.0,52664.6,52669.0,0.927111,0.92685
8|84|sample|5|162,0.384,55821.0,5,5,1,78856.625,29918.6,35326.7,35322.1,35326.7,1.28965,1.2892
8|84|sample|5|162,1.92,24346.0,6,5,1,78856.625,6112.66,19588.5,19585.3,19588.5,0.509207,0.508787
8|84|sample|5|162,9.6,9438.0,7,5,1,78856.625,1471.99,9564.88,9563.2,9564.88,-0.0241682,-0.0244887
8|84|sample|5|162,48.0,4872.0,8,5,1,78856.625,852.18,4483.77,4483.28,4483.77,0.126724,0.126556
8|84|sample|6|162,0.0006144,70835.0,1,6,1,78856.625,77749.0,75239.7,75243.2,75239.7,-0.135636,-0.135534
8|84|sample|6|162,0.003072,80058.0,2,6,1,78856.625,78602.2,72914.4,72912.9,72914.4,0.226603,0.226552
8|84|sample|6|162,0.01536,79421.0,3,6,1,78856.625,76904.9,65685.3,65682.4,65685.3,0.481658,0.481538
8|84|sample|6|162,0.0768,77554.0,4,6,1,78856.625,65460.8,52669.0,52664.6,52669.0,1.07705,1.07678
8|84|sample|6|162,0.384,55427.0,5,6,1,78856.625,29918.6,35326.7,35322.1,35326.7,1.26486,1.26442
8|84|sample|6|162,1.92,28310.0,6,6,1,78856.625,6112.66,19588.5,19585.3,19588.5,0.9332,0.932719
8|84|sample|6|162,9.6,13006.0,7,6,1,78856.625,1471.99,9564.88,9563.2,9564.88,0.664572,0.664159
8|84|sample|6|162,48.0,4250.0,8,6,1,78856.625,852.18,4483.77,4483.28,4483.77,-0.0760505,-0.0762047
8|84|sample|4|162,6.4e-05,74113.0,1,4,1,78856.625,77777.2,76950.0,76954.1,76950.0,-0.0855429,-0.0854243
8|84|sample|4|162,0.00032,84517.0,2,4,1,78856.625,78834.0,77007.4,77006.9,77007.4,0.225976,0.22596
8|84|sample|4|162,0.0016,82608.0,3,4,1,78856.625,78742.0,74613.6,74612.6,74613.6,0.248012,0.247975
8|84|sample|4|162,0.008,81228.0,4,4,1,78856.625,78003.6,69233.2,69231.0,69233.2,0.399905,0.399818
8|84|sample|4|162,0.04,77037.0,5,4,1,78856.625,72493.8,58673.6,58669.7,58673.6,0.717286,0.717092
8|84|sample|4|162,0.2,64814.0,6,4,1,78856.625,46201.5,42546.3,42541.5,42546.3,1.17856,1.17819
8|84|sample|4|162,1.0,39177.0,7,4,1,78856.625,12203.8,25386.5,25382.6,25386.5,1.17293,1.17243
8|84|sample|4|162,5.0,12834.0,8,4,1,78856.625,2361.14,12737.9,12736.4,12737.9,0.0150199,0.0147828
8|84|sample|3|162,6.4e-05,75994.0,1,3,1,78856.625,77777.2,76950.0,76954.1,76950.0,-0.0289069,-0.0287854
8|84|sample|3|162,0.00032,82778.0,2,3,1,78856.625,78834.0,77007.4,77006.9,77007.4,0.17365,0.173634
8|84|sample|3|162,0.0016,84235.0,3,3,1,78856.625,78742.0,74613.6,74612.6,74613.6,0.298481,0.298443
8|84|sample|3|162,0.008,86421.0,4,3,1,78856.625,78003.6,69233.2,69231.0,69233.2,0.573007,0.572915
8|84|sample|3|162,0.04,77403.0,5,3,1,78856.625,72493.8,58673.6,58669.7,58673.6,0.731579,0.731385
8|84|sample|3|162,0.2,68219.0,6,3,1,78856.625,46201.5,42546.3,42541.5,42546.3,1.35874,1.35835
8|84|sample|3|162,1.0,41754.0,7,3,1,78856.625,12203.8,25386.5,25382.6,25386.5,1.39205,1.39152
8|84|sample|3|162,5.0,13774.0,8,3,1,78856.625,2361.14,12737.9,12736.4,12737.9,0.159627,0.159376
8|84|sample|9|162,0.0003648,74429.0,1,9,1,78856.625,77763.7,74621.7,74626.1,74621.7,-0.00611134,-0.00597612
8|84|sample|9|162,0.001824,81503.0,2,9,1,78856.625,78722.5,75563.4,75564.1,75563.4,0.181984,0.182007
8|84|sample|9|162,0.00912,79111.0,3,9,1,78856.625,77848.9,74725.3,74728.7,74725.3,0.135732,0.135844
8|84|sample|9|162,0.0456,74577.0,4,9,1,78856.625,71425.5,68562.2,68572.5,68562.2,0.201998,0.202373
8|84|sample|9|162,0.228,48083.0,5,9,1,78856.625,42926.4,41217.5,41210.1,41217.5,0.374664,0.374195
8|84|sample|9|162,1.14,14006.0,6,9,1,78856.625,10638.9,10237.8,10218.0,10237.8,0.694686,0.690012
8|84|sample|9|162,5.7,1510.0,7,9,1,78856.625,2139.49,2082.85,2077.2,2082.85,-0.274456,-0.276876
8|84|sample|9|162,28.5,600.0,8,9,1,78856.625,935.262,927.197,926.199,927.197,-0.205433,-0.206008
8|84|sample|10|162,0.0003648,68673.0,1,10,1,78856.625,77763.7,74621.7,74626.0,74621.7,-0.184627,-0.184502
8|84|sample|10|162,0.001824,77369.0,2,10,1,78856.625,78722.5,75563.4,75564.1,75563.4,0.0553065,0.0553279
8|84|sample|10|162,0.00912,78012.0,3,10,1,78856.625,77848.9,74725.3,74728.7,74725.3,0.101693,0.101803
8|84|sample|10|162,0.0456,65967.0,4,10,1,78856.625,71425.5,68562.2,68572.5,68562.2,-0.0876507,-0.0873173
8|84|sample|10|162,0.228,47827.0,5,10,1,78856.625,42926.4,41217.5,41210.1,41217.5,0.360709,0.360242
8|84|sample|10|162,1.14,13678.0,6,10,1,78856.625,10638.9,10237.8,10218.0,10237.8,0.634533,0.629951
8|84|sample|10|162,5.7,1798.0,7,10,1,78856.625,2139.49,2082.85,2077.2,2082.85,-0.135099,-0.137676
8|84|sample|10|162,28.5,586.0,8,10,1,78856.625,935.262,927.197,926.199,927.197,-0.21425,-0.214822
8|84|sample|7|162,7.68e-05,69948.0,1,7,1,78856.625,77776.8,74634.3,74638.6,74634.3,-0.145449,-0.145324
8|84|sample|7|162,0.000384,87626.0,2,7,1,78856.625,78830.5,75667.1,75667.2,75667.1,0.365972,0.365977
8|84|sample|7|162,0.00192,79963.0,3,7,1,78856.625,78713.9,75555.2,75555.9,75555.2,0.135059,0.135082
8|84|sample|7|162,0.0096,76543.0,4,7,1,78856.625,77781.0,74660.1,74663.7,74660.1,0.0582561,0.0583695
8|84|sample|7|162,0.048,74241.0,5,7,1,78856.625,70965.1,68120.5,68130.9,68120.5,0.206826,0.207209
8|84|sample|7|162,0.24,46730.0,6,7,1,78856.625,41629.5,39973.2,39964.5,39973.2,0.379529,0.378965
8|84|sample|7|162,1.2,16917.0,7,7,1,78856.625,10077.9,9699.6,9680.27,9699.6,1.38392,1.3781
8|84|sample|7|162,6.0,1596.0,8,7,1,78856.625,2029.97,1977.21,1972.0,1977.21,-0.185876,-0.188249
8|84|sample|8|162,7.68e-05,70881.0,1,8,1,78856.625,77776.8,74634.3,74638.6,74634.3,-0.116518,-0.116392
8|84|sample|8|162,0.000384,79033.0,2,8,1,78856.625,78830.5,75667.1,75667.2,75667.1,0.103003,0.103007
8|84|sample|8|162,0.00192,84181.0,3,8,1,78856.625,78713.9,75555.2,75555.9,75555.2,0.264325,0.264349
8|84|sample|8|162,0.0096,79555.0,4,8,1,78856.625,77781.0,74660.1,74663.7,74660.1,0.151624,0.151742
8|84|sample|8|162,0.048,69015.0,5,8,1,78856.625,70965.1,68120.5,68130.9,68120.5,0.0299259,0.0302829
8|84|sample|8|162,0.24,49350.0,6,8,1,78856.625,41629.5,39973.2,39964.5,39973.2,0.526505,0.525912
8|84|sample|8|162,1.2,14789.0,7,8,1,78856.625,10077.9,9699.6,9680.27,9699.6,0.976969,0.971778
8|84|sample|8|162,6.0,1804.0,8,8,1,78856.625,2029.97,1977.21,1972.0,1977.21,-0.0830513,-0.0855352
8|84|sample|12|162,0.0003712,63850.0,1,12,1,78856.625,77763.3,72389.0,72393.3,72389.0,-0.272819,-0.272697
8|84|sample|12|162,0.001856,63754.0,2,12,1,78856.625,77653.3,72286.7,72291.5,72286.7,-0.273002,-0.272866
8|84|sample|12|162,0.00928,61492.0,3,12,1,78856.625,76772.2,71467.1,71474.5,71467.1,-0.322715,-0.322507
8|84|sample|12|162,0.0464,55297.0,4,12,1,78856.625,70307.2,65453.3,65467.0,65453.3,-0.35767,-0.357262
8|84|sample|12|162,0.2319999999999999,41168.0,5,12,1,78856.625,41914.2,39042.3,39037.0,39042.3,0.12219,0.121871
8|84|sample|12|162,1.16,15633.0,6,12,1,78856.625,10308.6,9642.83,9624.58,9642.83,1.15413,1.14895
8|84|sample|12|162,5.8,1442.0,7,12,1,78856.625,2085.96,1994.16,1988.93,1994.16,-0.269438,-0.271719
8|84|sample|12|162,29.0,668.0,8,12,1,78856.625,931.492,920.263,919.314,920.263,-0.158558,-0.159117
8|84|sample|11|162,0.0003712,69151.0,1,11,1,78856.625,77763.3,72389.0,72393.3,72389.0,-0.10354,-0.103408
8|84|sample|11|162,0.001856,78893.0,2,11,1,78856.625,78719.7,73316.3,73317.0,73316.3,0.175903,0.175926
8|84|sample|11|162,0.00928,82686.0,3,11,1,78856.625,77826.4,72485.0,72488.3,72485.0,0.325237,0.325359
8|84|sample|11|162,0.0464,67678.0,4,11,1,78856.625,71272.2,66385.1,66395.1,66385.1,0.0445131,0.0448672
8|84|sample|11|162,0.2319999999999999,52077.0,5,11,1,78856.625,42487.3,39595.8,39588.1,39595.8,0.706804,0.706245
8|84|sample|11|162,1.16,21332.0,6,11,1,78856.625,10445.5,9775.21,9756.16,9775.21,2.20042,2.1935
8|84|sample|11|162,5.8,1872.0,7,11,1,78856.625,2109.42,2016.98,2011.59,2016.98,-0.068451,-0.0710152
8|84|sample|11|162,29.0,564.0,8,11,1,78856.625,931.492,920.263,919.314,920.263,-0.224173,-0.224716
8|84|cc|1|1|162,0.0,658.0,1,1,0,78856.625,0.0,0.0,0.0,0.0,0.547146,0.547146
8|84|cc|2|1|162,0.0,644.0,2,1,0,78856.625,0.0,0.0,0.0,0.0,0.535505,0.535505
8|84|cc|3|1|162,0.0,660.0,3,1,0,78856.625,0.0,0.0,0.0,0.0,0.548809,0.548809
8|84|cc|4|1|162,0.0,680.0,4,1,0,78856.625,0.0,0.0,0.0,0.0,0.56544,0.56544
8|84|cc|5|1|162,0.0,698.0,5,1,0,78856.625,0.0,0.0,0.0,0.0,0.580407,0.580407
8|84|cc|6|1|162,0.0,694.0,6,1,0,78856.625,0.0,0.0,0.0,0.0,0.577081,0.577081
8|84|cc|7|1|162,0.0,694.0,7,1,0,78856.625,0.0,0.0,0.0,0.0,0.577081,0.577081
8|84|cc|8|1|162,0.0,636.0,8,1,0,78856.625,0.0,0.0,0.0,0.0,0.528852,0.528852
8|84|vc|1|2|162,0.0,73943.0,1,2,1,78856.625,77778.8,77761.3,77765.7,77761.3,-0.11394,-0.113817
8|84|vc|2|2|162,0.0,83068.0,2,2,1,78856.625,78846.9,78829.3,78829.3,78829.3,0.124696,0.124696
8|84|vc|3|2|162,0.0,83256.0,3,2,1,78856.625,78846.9,78829.3,78829.3,78829.3,0.130227,0.130227
8|84|vc|4|2|162,0.0,81859.0,4,2,1,78856.625,78846.9,78829.3,78829.3,78829.3,0.089129,0.089129
8|84|vc|5|2|162,0.0,83236.0,5,2,1,78856.625,78846.9,78829.3,78829.3,78829.3,0.129638,0.129638
8|84|vc|6|2|162,0.0,85784.0,6,2,1,78856.625,78846.9,78829.3,78829.3,78829.3,0.204597,0.204597
8|84|vc|7|2|162,0.0,78995.0,7,2,1,78856.625,78846.9,78829.3,78829.3,78829.3,0.00487416,0.00487416
8|84|vc|8|2|162,0.0,60712.0,8,2,1,78856.625,77778.8,77761.3,77765.7,77761.3,-0.508311,-0.508209
8|1042|sample|8|162,0.0016767999999999,72142.0,1,8,1,78994.875,77805.0,73119.4,73124.1,73119.4,-0.031062,-0.0309123
8|1042|sample|8|162,0.0083839999999999,73484.0,2,8,1,78994.875,78087.9,73417.6,73420.7,73417.6,0.00199408,0.00209125
8|1042|sample|8|162,0.04192,70719.0,3,8,1,78994.875,72255.0,67937.1,67946.9,67937.1,0.0940795,0.0944257
8|1042|sample|8|162,0.2096,53892.0,4,8,1,78994.875,45116.1,42437.4,42432.1,42437.4,0.607874,0.607519
8|1042|sample|8|162,1.048,23686.0,5,8,1,78994.875,11640.7,10984.0,10963.9,10984.0,2.20752,2.20082
8|1042|sample|8|162,5.24,2550.0,6,8,1,78994.875,2297.31,2204.93,2198.92,2204.93,0.16582,0.162788
8|1042|sample|8|162,26.2,636.0,7,8,1,78994.875,962.934,951.141,950.018,951.141,-0.196535,-0.197181
8|1042|sample|8|162,131.0,646.0,8,8,1,78994.875,789.658,788.005,787.847,788.005,-0.0926915,-0.0927907
8|1042|sample|7|162,0.0016767999999999,71919.0,1,7,1,78994.875,77805.0,73119.4,73124.1,73119.4,-0.0381144,-0.0379654
8|1042|sample|7|162,0.0083839999999999,77373.0,2,7,1,78994.875,78087.9,73417.6,73420.7,73417.6,0.124512,0.124614
8|1042|sample|7|162,0.04192,72552.0,3,7,1,78994.875,72255.0,67937.1,67946.9,67937.1,0.156288,0.156643
8|1042|sample|7|162,0.2096,57582.0,4,7,1,78994.875,45116.1,42437.4,42432.1,42437.4,0.803605,0.803226
8|1042|sample|7|162,1.048,23988.0,5,7,1,78994.875,11640.7,10984.0,10963.9,10984.0,2.25992,2.25315
8|1042|sample|7|162,5.24,1698.0,6,7,1,78994.875,2297.31,2204.93,2198.92,2204.93,-0.236587,-0.239145
8|1042|sample|7|162,22.3,678.0,7,7,1,78994.875,1007.43,992.947,991.608,992.947,-0.194176,-0.194938
8|1042|sample|7|162,131.0,706.0,8,7,1,78994.875,789.658,788.005,787.847,788.005,-0.0534839,-0.0535847
8|1042|sample|6|162,0.0004351999999999,71021.0,1,6,1,78994.875,77896.1,73204.9,73209.3,73204.9,-0.0691304,-0.068997
8|1042|sample|6|162,0.0021759999999999,73274.0,2,6,1,78994.875,78828.4,74113.5,74114.3,74113.5,-0.0262334,-0.0262088
8|1042|sample|6|162,0.0108799999999999,77614.0,3,6,1,78994.875,77731.6,73082.9,73086.8,73082.9,0.14325,0.143381
8|1042|sample|6|162,0.0543999999999999,74099.0,4,6,1,78994.875,69856.4,65683.4,65693.8,65683.4,0.294627,0.295037
8|1042|sample|6|162,0.2719999999999999,56265.0,5,6,1,78994.875,38520.4,36240.2,36228.8,36240.2,1.23132,1.23026
8|1042|sample|6|162,1.36,18863.0,6,6,1,78994.875,8838.23,8350.79,8333.04,8350.79,2.2554,2.24804
8|1042|sample|6|162,6.8,2218.0,7,6,1,78994.875,1864.81,1798.55,1793.89,1798.55,0.217627,0.215023
8|1042|sample|6|162,34.0,670.0,8,6,1,78994.875,900.918,892.499,891.697,892.499,-0.140893,-0.141373
8|1042|sample|5|162,0.0004351999999999,71127.0,1,5,1,78994.875,77896.1,73204.9,73209.3,73204.9,-0.0657817,-0.0656482
8|1042|sample|5|162,0.0021759999999999,80354.0,2,5,1,78994.875,78828.4,74113.5,74114.3,74113.5,0.194804,0.19483
8|1042|sample|5|162,0.0108799999999999,79323.0,3,5,1,78994.875,77731.6,73082.9,73086.8,73082.9,0.197327,0.197461
8|1042|sample|5|162,0.0543999999999999,79391.0,4,5,1,78994.875,69856.4,65683.4,65693.8,65683.4,0.480127,0.480566
8|1042|sample|5|162,0.2719999999999999,54965.0,5,5,1,78994.875,38520.4,36240.2,36228.8,36240.2,1.15142,1.15039
8|1042|sample|5|162,1.36,18145.0,6,5,1,78994.875,8838.23,8350.79,8333.04,8350.79,2.10161,2.0945
8|1042|sample|5|162,6.8,1850.0,7,5,1,78994.875,1864.81,1798.55,1793.89,1798.55,0.0287915,0.0263747
8|1042|sample|5|162,34.0,714.0,8,5,1,78994.875,900.918,892.499,891.697,892.499,-0.11293,-0.113416
8|1042|sample|12|162,0.0014272,63207.0,1,12,1,78994.875,77825.8,68140.5,68145.0,68140.5,-0.167118,-0.166976
8|1042|sample|12|162,0.007136,60308.0,2,12,1,78994.875,77195.9,67589.8,67596.3,67589.8,-0.24858,-0.248383
8|1042|sample|12|162,0.03568,52653.0,3,12,1,78994.875,72443.1,63434.6,63446.8,63434.6,-0.391171,-0.3908
8|1042|sample|12|162,0.1784,38581.0,4,12,1,78994.875,48408.9,42421.8,42422.8,42421.8,-0.203822,-0.203775
8|1042|sample|12|162,0.892,14795.0,5,12,1,78994.875,13572.9,11964.7,11945.9,11964.7,0.461653,0.458018
8|1042|sample|12|162,4.46,1358.0,6,12,1,78994.875,2613.89,2383.52,2377.2,2383.52,-0.465089,-0.467411
8|1042|sample|12|162,26.2,678.0,7,12,1,78994.875,955.085,933.328,932.328,933.328,-0.159913,-0.1605
8|1042|sample|12|162,111.5,622.0,8,12,1,78994.875,795.094,793.463,793.284,793.463,-0.111762,-0.111874
8|1042|sample|11|162,0.0014272,69426.0,1,11,1,78994.875,77825.8,68140.5,68145.0,68140.5,0.0433539,0.0435091
8|1042|sample|11|162,0.007136,69786.0,2,11,1,78994.875,78256.0,68584.2,68586.6,68584.2,0.040341,0.0404245
8|1042|sample|11|162,0.03568,64780.0,3,11,1,78994.875,73437.5,64367.5,64376.0,64367.5,0.0144386,0.0147459
8|1042|sample|11|162,0.1784,51077.0,4,11,1,78994.875,49071.6,43043.6,43042.0,43043.6,0.420544,0.420448
8|1042|sample|11|162,0.892,19557.0,5,11,1,78994.875,13754.9,12135.7,12115.9,12135.7,1.19205,1.18731
8|1042|sample|11|162,4.46,1636.0,6,11,1,78994.875,2644.63,2412.69,2406.16,2412.69,-0.349521,-0.352051
8|1042|sample|11|162,22.3,686.0,7,11,1,78994.875,1007.43,979.963,978.715,979.963,-0.181844,-0.18256
8|1042|sample|11|162,111.5,610.0,8,11,1,78994.875,795.094,793.463,793.284,793.463,-0.119592,-0.119703
8|1042|sample|9|162,0.0004479999999999,70018.0,1,9,1,78994.875,77895.4,68201.3,68205.5,68201.3,0.0612887,0.0614346
8|1042|sample|9|162,0.00224,68995.0,2,9,1,78994.875,78822.4,69079.9,69080.6,69079.9,-0.00286035,-0.00283463
8|1042|sample|9|162,0.0111999999999999,73322.0,3,9,1,78994.875,77684.2,68083.8,68087.6,68083.8,0.177294,0.17743
8|1042|sample|9|162,0.0559999999999999,64897.0,4,9,1,78994.875,69548.0,60963.6,60973.3,60963.6,0.147703,0.148093
8|1042|sample|9|162,0.2799999999999999,46953.0,5,9,1,78994.875,37784.7,33165.6,33154.4,33165.6,0.920311,0.91928
8|1042|sample|9|162,1.4,15423.0,6,9,1,78994.875,8569.5,7597.72,7581.45,7597.72,1.80011,1.79359
8|1042|sample|9|162,7.0,1484.0,7,9,1,78994.875,1824.9,1695.33,1691.12,1695.33,-0.108664,-0.110774
8|1042|sample|9|162,35.0,592.0,8,9,1,78994.875,895.947,881.629,880.908,881.629,-0.184132,-0.184557
8|1042|sample|10|162,0.0004479999999999,71249.0,1,10,1,78994.875,77895.4,68201.3,68205.5,68201.3,0.102914,0.103063
8|1042|sample|10|162,0.00224,76383.0,2,10,1,78994.875,78822.4,69079.9,69080.6,69079.9,0.243924,0.243952
8|1042|sample|10|162,0.0111999999999999,71091.0,3,10,1,78994.875,77684.2,68083.8,68087.6,68083.8,0.101728,0.101861
8|1042|sample|10|162,0.0559999999999999,64036.0,4,10,1,78994.875,69548.0,60963.6,60973.3,60963.6,0.115292,0.115676
8|1042|sample|10|162,0.2799999999999999,45000.0,5,10,1,78994.875,37784.7,33165.6,33154.4,33165.6,0.790053,0.789063
8|1042|sample|10|162,1.4,13696.0,6,10,1,78994.875,8569.5,7597.72,7581.45,7597.72,1.40366,1.39775
8|1042|sample|10|162,7.0,1282.0,7,10,1,78994.875,1824.9,1695.33,1691.12,1695.33,-0.214643,-0.216656
8|1042|sample|10|162,35.0,628.0,8,10,1,78994.875,895.947,881.629,880.908,881.629,-0.161188,-0.161617
8|1042|sample|4|162,0.0010624,73625.0,1,4,1,78994.875,77854.3,72483.2,72487.7,72483.2,0.0362728,0.0364198
8|1042|sample|4|162,0.005312,80800.0,2,4,1,78994.875,78487.0,73109.3,73111.3,73109.3,0.243209,0.243277
8|1042|sample|4|162,0.02656,78030.0,3,4,1,78994.875,75118.9,69974.3,69982.0,69974.3,0.265505,0.265789
8|1042|sample|4|162,0.1328,66522.0,4,4,1,78994.875,55779.2,51973.0,51977.1,51973.0,0.6373,0.637526
8|1042|sample|4|162,0.664,38695.0,5,4,1,78994.875,18457.7,17234.2,17212.2,17234.2,2.56906,2.56363
8|1042|sample|4|162,3.32,6000.0,6,4,1,78994.875,3490.85,3302.99,3293.92,3302.99,1.05183,1.04677
8|1042|sample|4|162,16.6,662.0,7,4,1,78994.875,1117.33,1093.7,1091.88,1093.7,-0.259467,-0.260449
8|1042|sample|4|162,83.0,696.0,8,4,1,78994.875,808.545,805.901,805.624,805.901,-0.0712903,-0.0714656
8|1042|sample|3|162,0.0010624,72910.0,1,3,1,78994.875,77854.3,72483.2,72487.7,72483.2,0.0134687,0.0136145
8|1042|sample|3|162,0.005312,82674.0,2,3,1,78994.875,78487.0,73109.3,73111.3,73109.3,0.302487,0.302557
8|1042|sample|3|162,0.02656,79881.0,3,3,1,78994.875,75118.9,69974.3,69982.0,69974.3,0.32657,0.32686
8|1042|sample|3|162,0.1328,67396.0,4,3,1,78994.875,55779.2,51973.0,51977.1,51973.0,0.675594,0.675824
8|1042|sample|3|162,0.664,36552.0,5,3,1,78994.875,18457.7,17234.2,17212.2,17234.2,2.31279,2.30763
8|1042|sample|3|162,3.32,5516.0,6,3,1,78994.875,3490.85,3302.99,3293.92,3302.99,0.863706,0.858918
8|1042|sample|3|162,16.6,726.0,7,3,1,78994.875,1117.33,1093.7,1091.88,1093.7,-0.220837,-0.221838
8|1042|sample|3|162,83.0,688.0,8,3,1,78994.875,808.545,805.901,805.624,805.901,-0.0764928,-0.0766677
8|1042|cc|1|1|162,0.0,624.0,1,1,0,78994.875,0.0,0.0,0.0,0.0,0.518874,0.518874
8|1042|cc|2|1|162,0.0,714.0,2,1,0,78994.875,0.0,0.0,0.0,0.0,0.593712,0.593712
8|1042|cc|3|1|162,0.0,694.0,3,1,0,78994.875,0.0,0.0,0.0,0.0,0.577081,0.577081
8|1042|cc|4|1|162,0.0,700.0,4,1,0,78994.875,0.0,0.0,0.0,0.0,0.58207,0.58207
8|1042|cc|5|1|162,0.0,674.0,5,1,0,78994.875,0.0,0.0,0.0,0.0,0.56045,0.56045
8|1042|cc|6|1|162,0.0,730.0,6,1,0,78994.875,0.0,0.0,0.0,0.0,0.607016,0.607016
8|1042|cc|7|1|162,0.0,664.0,7,1,0,78994.875,0.0,0.0,0.0,0.0,0.552135,0.552135
8|1042|cc|8|1|162,0.0,778.0,8,1,0,78994.875,0.0,0.0,0.0,0.0,0.646929,0.646929
8|1042|vc|1|2|162,0.0,79529.0,1,2,1,78994.875,77915.2,77897.7,77902.0,77897.7,0.0484124,0.048544
8|1042|vc|2|2|162,0.0,77876.0,2,2,1,78994.875,78985.2,78967.6,78967.6,78967.6,-0.0320581,-0.0320581
8|1042|vc|3|2|162,0.0,85444.0,3,2,1,78994.875,78985.2,78967.6,78967.6,78967.6,0.190206,0.190206
8|1042|vc|4|2|162,0.0,85154.0,4,2,1,78994.875,78985.2,78967.6,78967.6,78967.6,0.181689,0.181689
8|1042|vc|5|2|162,0.0,85440.0,5,2,1,78994.875,78985.2,78967.6,78967.6,78967.6,0.190088,0.190088
8|1042|vc|6|2|162,0.0,76072.0,6,2,1,78994.875,78985.2,78967.6,78967.6,78967.6,-0.0850397,-0.0850397
8|1042|vc|7|2|162,0.0,75138.0,7,2,1,78994.875,78985.2,78967.6,78967.6,78967.6,-0.11247,-0.11247
8|1042|vc|8|2|162,0.0,67306.0,8,2,1,78994.875,77915.2,77897.7,77902.0,77897.7,-0.315298,-0.315186
8|719|sample|5|274,0.0006144,90234.0,1,5,1,84741.625,83552.0,81774.4,81777.2,81774.4,0.240124,0.240213
8|719|sample|5|274,0.003072,91037.0,2,5,1,84741.625,84468.8,80237.3,80233.5,80237.3,0.312456,0.312331
8|719|sample|5|274,0.01536,85896.0,3,5,1,84741.625,82643.5,73337.9,73331.0,73337.9,0.39631,0.396055
8|719|sample|5|274,0.0768,84081.0,4,5,1,84741.625,70336.8,58610.6,58602.1,58610.6,0.996104,0.995638
8|719|sample|5|274,0.384,66810.0,5,5,1,84741.625,32115.5,37029.7,37025.2,37029.7,1.79389,1.79341
8|719|sample|5|274,1.92,28534.0,6,5,1,84741.625,6515.25,18084.6,18085.0,18084.6,1.19757,1.19764
8|719|sample|5|274,9.6,4934.0,7,5,1,84741.625,1524.78,7608.11,7609.88,7608.11,-0.612613,-0.612312
8|719|sample|5|274,48.0,870.0,8,5,1,84741.625,858.65,3196.47,3197.89,3196.47,-0.919103,-0.918757
8|719|sample|6|274,0.0006144,90599.0,1,6,1,84741.625,83552.0,81774.4,81777.2,81774.4,0.250488,0.250577
8|719|sample|6|274,0.003072,100276.0,2,6,1,84741.625,84468.8,80237.3,80233.5,80237.3,0.579663,0.579526
8|719|sample|6|274,0.01536,89109.0,3,6,1,84741.625,82643.5,73337.9,73331.0,73337.9,0.49765,0.497386
8|719|sample|6|274,0.0768,84595.0,4,6,1,84741.625,70336.8,58610.6,58602.1,58610.6,1.0162,1.01573
8|719|sample|6|274,0.384,66428.0,5,6,1,84741.625,32115.5,37029.7,37025.2,37029.7,1.77089,1.77041
8|719|sample|6|274,1.92,28310.0,6,6,1,84741.625,6515.25,18084.6,18085.0,18084.6,1.17189,1.17196
8|719|sample|6|274,9.6,3504.0,7,6,1,84741.625,1524.78,7608.11,7609.88,7608.11,-0.939996,-0.93975
8|719|sample|6|274,48.0,772.0,8,6,1,84741.625,858.65,3196.47,3197.89,3196.47,-0.957795,-0.957459
8|719|sample|3|274,6.4e-05,94588.0,1,3,1,84741.625,83582.4,82884.1,82888.2,82884.1,0.327904,0.328035
8|719|sample|3|274,0.00032,87222.0,2,3,1,84741.625,84718.0,83406.2,83404.9,83406.2,0.106339,0.106303
8|719|sample|3|274,0.0016,85600.0,3,3,1,84741.625,84619.1,81643.4,81640.6,81643.4,0.112607,0.112522
8|719|sample|3|274,0.008,88953.0,4,3,1,84741.625,83825.0,76881.9,76876.3,76881.9,0.363979,0.363784
8|719|sample|3|274,0.04,78809.0,5,3,1,84741.625,77899.9,65674.9,65666.6,65674.9,0.460862,0.460513
8|719|sample|3|274,0.2,76136.0,6,3,1,84741.625,49625.8,46100.4,46093.7,46100.4,1.47443,1.4739
8|719|sample|3|274,1.0,50010.0,7,3,1,84741.625,13065.6,24825.0,24823.8,24825.0,2.18474,2.18454
8|719|sample|3|274,5.0,9930.0,8,3,1,84741.625,2481.36,10749.5,10751.7,10749.5,-0.144798,-0.144441
8|719|sample|4|274,6.4e-05,96662.0,1,4,1,84741.625,83582.4,82884.1,82888.2,82884.1,0.386031,0.386165
8|719|sample|4|274,0.00032,85208.0,2,4,1,84741.625,84718.0,83406.2,83404.9,83406.2,0.0502315,0.0501962
8|719|sample|4|274,0.0016,85066.0,3,4,1,84741.625,84619.1,81643.4,81640.6,81643.4,0.0974195,0.0973359
8|719|sample|4|274,0.008,87029.0,4,4,1,84741.625,83825.0,76881.9,76876.3,76881.9,0.305992,0.305801
8|719|sample|4|274,0.04,80898.0,5,4,1,84741.625,77899.9,65674.9,65666.6,65674.9,0.534117,0.533759
8|719|sample|4|274,0.2,71071.0,6,4,1,84741.625,49625.8,46100.4,46093.7,46100.4,1.22585,1.22535
8|719|sample|4|274,1.0,50818.0,7,4,1,84741.625,13065.6,24825.0,24823.8,24825.0,2.25483,2.25463
8|719|sample|4|274,5.0,10376.0,8,4,1,84741.625,2481.36,10749.5,10751.7,10749.5,-0.0662054,-0.065836
8|719|sample|10|274,0.0003648,94350.0,1,10,1,84741.625,83567.8,73709.6,73714.0,73709.6,0.647621,0.647794
8|719|sample|10|274,0.001824,93025.0,2,10,1,84741.625,84598.1,74788.6,74788.6,74788.6,0.564397,0.564396
8|719|sample|10|274,0.00912,89279.0,3,10,1,84741.625,83658.7,74744.3,74744.1,74744.3,0.450097,0.450091
8|719|sample|10|274,0.0456,68995.0,4,10,1,84741.625,76751.1,73218.8,73215.7,73218.8,-0.133324,-0.133418
8|719|sample|10|274,0.228,32223.0,5,10,1,84741.625,46103.8,42783.2,42764.7,42783.2,-0.555094,-0.555842
8|719|sample|10|274,1.14,4210.0,6,10,1,84741.625,11382.6,3434.05,3434.01,3434.05,0.294939,0.294924
8|719|sample|10|274,5.7,632.0,7,10,1,84741.625,2242.6,846.273,846.351,846.273,-0.137877,-0.13783
8|719|sample|10|274,28.5,612.0,8,10,1,84741.625,947.995,764.608,764.634,764.608,-0.100374,-0.100358
8|719|sample|9|274,0.0003648,99893.0,1,9,1,84741.625,83567.8,73709.6,73714.0,73709.6,0.821577,0.821761
8|719|sample|9|274,0.001824,90396.0,2,9,1,84741.625,84598.1,74788.6,74788.6,74788.6,0.483032,0.483031
8|719|sample|9|274,0.00912,87530.0,3,9,1,84741.625,83658.7,74744.3,74744.1,74744.3,0.395936,0.395931
8|719|sample|9|274,0.0456,67618.0,4,9,1,84741.625,76751.1,73218.8,73215.7,73218.8,-0.176822,-0.176914
8|719|sample|9|274,0.228,32029.0,5,9,1,84741.625,46103.8,42783.2,42764.7,42783.2,-0.565309,-0.566054
8|719|sample|9|274,1.14,4042.0,6,9,1,84741.625,11382.6,3434.05,3434.01,3434.05,0.231085,0.231071
8|719|sample|9|274,5.7,674.0,7,9,1,84741.625,2242.6,846.273,846.351,846.273,-0.110861,-0.110814
8|719|sample|9|274,28.5,644.0,8,9,1,84741.625,947.995,764.608,764.634,764.608,-0.0793303,-0.0793139
8|719|sample|8|274,7.68e-05,95369.0,1,8,1,84741.625,83582.0,73709.7,73714.0,73709.7,0.679598,0.679774
8|719|sample|8|274,0.000384,92759.0,2,8,1,84741.625,84714.3,74789.9,74789.9,74789.9,0.556115,0.556115
8|719|sample|8|274,0.00192,84653.0,3,8,1,84741.625,84588.9,74788.5,74788.5,74788.5,0.305297,0.305297
8|719|sample|8|274,0.0096,85030.0,4,8,1,84741.625,83585.7,74738.8,74738.6,74738.8,0.318712,0.318706
8|719|sample|8|274,0.048,63826.0,5,8,1,84741.625,76256.1,73034.6,73031.2,73034.6,-0.291484,-0.291579
8|719|sample|8|274,0.24,29936.0,6,8,1,84741.625,44709.2,40708.8,40690.7,40708.8,-0.593261,-0.594013
8|719|sample|8|274,1.2,4124.0,7,8,1,84741.625,10779.4,3157.36,3157.4,3157.36,0.38419,0.384211
8|719|sample|8|274,6.0,680.0,8,8,1,84741.625,2125.22,831.61,831.706,831.61,-0.0979659,-0.0979064
8|719|sample|7|274,7.68e-05,96784.0,1,7,1,84741.625,83582.0,73709.7,73714.0,73709.7,0.724006,0.724184
8|719|sample|7|274,0.000384,90264.0,2,7,1,84741.625,84714.3,74789.9,74789.8,74789.9,0.4789,0.478899
8|719|sample|7|274,0.00192,93457.0,3,7,1,84741.625,84588.9,74788.5,74788.4,74788.5,0.577773,0.577771
8|719|sample|7|274,0.0096,84890.0,4,7,1,84741.625,83585.7,74738.8,74738.6,74738.8,0.314377,0.314371
8|719|sample|7|274,0.048,65169.0,5,7,1,84741.625,76256.1,73034.6,73031.1,73034.6,-0.248956,-0.249054
8|719|sample|7|274,0.24,30352.0,6,7,1,84741.625,44709.2,40708.8,40690.7,40708.8,-0.570312,-0.571075
8|719|sample|7|274,1.2,4196.0,7,7,1,84741.625,10779.4,3157.36,3157.4,3157.36,0.412808,0.412828
8|719|sample|7|274,6.0,676.0,8,7,1,84741.625,2125.22,831.61,831.706,831.61,-0.100549,-0.10049
8|719|sample|12|274,0.0003712,94222.0,1,12,1,84741.625,83567.4,74573.5,74577.9,74573.5,0.609618,0.609788
8|719|sample|12|274,0.001856,91978.0,2,12,1,84741.625,83449.1,74573.4,74577.8,74573.4,0.539982,0.540148
8|719|sample|12|274,0.00928,89439.0,3,12,1,84741.625,82501.6,74567.6,74572.0,74567.6,0.461404,0.461565
8|719|sample|12|274,0.0464,65541.0,4,12,1,84741.625,75549.2,74011.7,74014.2,74011.7,-0.264877,-0.264807
8|719|sample|12|274,0.2319999999999999,22932.0,5,12,1,84741.625,45015.9,43164.9,43143.3,43164.9,-1.05552,-1.05615
8|719|sample|12|274,1.16,1534.0,6,12,1,84741.625,11027.9,1783.99,1784.68,1783.99,-0.128889,-0.12855
8|719|sample|12|274,5.8,634.0,7,12,1,84741.625,2185.43,777.322,777.371,777.322,-0.093955,-0.0939239
8|719|sample|12|274,29.0,568.0,8,12,1,84741.625,943.941,766.753,766.775,766.753,-0.13064,-0.130626
8|719|sample|11|274,0.0003712,89357.0,1,11,1,84741.625,83567.4,74573.5,74577.9,74573.5,0.458642,0.458804
8|719|sample|11|274,0.001856,92891.0,2,11,1,84741.625,84595.1,75659.6,75659.6,75659.6,0.52738,0.527379
8|719|sample|11|274,0.00928,86253.0,3,11,1,84741.625,83634.5,75653.7,75653.7,75653.7,0.324425,0.324423
8|719|sample|11|274,0.0464,67865.0,4,11,1,84741.625,76586.2,75089.6,75087.8,75089.6,-0.222679,-0.222731
8|719|sample|11|274,0.2319999999999999,24977.0,5,11,1,84741.625,45631.6,43791.1,43766.6,43791.1,-0.968159,-0.968911
8|719|sample|11|274,1.16,2348.0,6,11,1,84741.625,11174.7,1804.13,1804.76,1804.13,0.278116,0.278472
8|719|sample|11|274,5.8,638.0,7,11,1,84741.625,2210.26,782.724,782.752,782.724,-0.0947208,-0.0947033
8|719|sample|11|274,29.0,584.0,8,11,1,84741.625,943.941,766.753,766.775,766.753,-0.120124,-0.120111
8|719|cc|1|1|274,0.0,640.0,1,1,0,84741.625,0.0,0.0,0.0,0.0,0.532178,0.532178
8|719|cc|2|1|274,0.0,658.0,2,1,0,84741.625,0.0,0.0,0.0,0.0,0.547146,0.547146
8|719|cc|3|1|274,0.0,684.0,3,1,0,84741.625,0.0,0.0,0.0,0.0,0.568766,0.568766
8|719|cc|4|1|274,0.0,730.0,4,1,0,84741.625,0.0,0.0,0.0,0.0,0.607016,0.607016
8|719|cc|5|1|274,0.0,706.0,5,1,0,84741.625,0.0,0.0,0.0,0.0,0.587059,0.587059
8|719|cc|6|1|274,0.0,732.0,6,1,0,84741.625,0.0,0.0,0.0,0.0,0.608679,0.608679
8|719|cc|7|1|274,0.0,746.0,7,1,0,84741.625,0.0,0.0,0.0,0.0,0.620321,0.620321
8|719|cc|8|1|274,0.0,716.0,8,1,0,84741.625,0.0,0.0,0.0,0.0,0.595375,0.595375
8|719|vc|1|2|274,0.0,95775.0,1,2,1,84741.625,83584.1,77984.3,77988.8,77984.3,0.528684,0.528847
8|719|vc|2|2|274,0.0,90514.0,2,2,1,84741.625,84731.9,79093.8,79093.8,79093.8,0.334883,0.334883
8|719|vc|3|2|274,0.0,86615.0,3,2,1,84741.625,84731.9,79093.8,79093.8,79093.8,0.22055,0.22055
8|719|vc|4|2|274,0.0,84683.0,4,2,1,84741.625,84731.9,79093.8,79093.8,79093.8,0.163897,0.163896
8|719|vc|5|2|274,0.0,87250.0,5,2,1,84741.625,84731.9,79093.8,79093.8,79093.8,0.23917,0.23917
8|719|vc|6|2|274,0.0,81493.0,6,2,1,84741.625,84731.9,79093.8,79093.8,79093.8,0.0703532,0.0703538
8|719|vc|7|2|274,0.0,76517.0,7,2,1,84741.625,84731.9,79093.8,79093.8,79093.8,-0.075561,-0.0755609
8|719|vc|8|2|274,0.0,75086.0,8,2,1,84741.625,83584.1,77984.3,77988.8,77984.3,-0.0862828,-0.0861542
8|863|sample|7|274,0.0016767999999999,82319.0,1,7,1,79056.375,77865.6,65403.9,65407.9,65403.9,0.595263,0.595439
8|863|sample|7|274,0.0083839999999999,83542.0,2,7,1,79056.375,78148.7,66364.4,66364.0,66364.4,0.596313,0.596295
8|863|sample|7|274,0.04192,65069.0,3,7,1,79056.375,72311.2,65396.1,65385.9,65396.1,-0.0111588,-0.0115151
8|863|sample|7|274,0.2096,36554.0,4,7,1,79056.375,45151.0,41248.2,41216.5,41248.2,-0.254129,-0.255676
8|863|sample|7|274,1.048,4884.0,5,7,1,79056.375,11649.3,3286.13,3301.38,3286.13,0.614414,0.621865
8|863|sample|7|274,5.24,624.0,6,7,1,79056.375,2298.51,836.858,837.809,836.858,-0.137844,-0.137266
8|863|sample|7|274,26.2,626.0,7,7,1,79056.375,963.084,773.839,773.876,773.839,-0.0969993,-0.0969759
8|863|sample|7|274,131.0,654.0,8,7,1,79056.375,789.676,767.029,767.051,767.029,-0.0742947,-0.0742803
8|863|sample|8|274,0.0016767999999999,81813.0,1,8,1,79056.375,77865.6,65403.9,65407.9,65403.9,0.577453,0.577627
8|863|sample|8|274,0.0083839999999999,80278.0,2,8,1,79056.375,78148.7,66364.4,66363.9,66364.4,0.483009,0.48299
8|863|sample|8|274,0.04192,68381.0,3,8,1,79056.375,72311.2,65396.1,65385.9,65396.1,0.105461,0.105086
8|863|sample|8|274,0.2096,34726.0,4,8,1,79056.375,45151.0,41248.2,41216.4,41248.2,-0.353764,-0.35524
8|863|sample|8|274,1.048,4740.0,5,8,1,79056.375,11649.3,3286.13,3301.37,3286.13,0.55851,0.565822
8|863|sample|8|274,5.24,706.0,6,8,1,79056.375,2298.51,836.858,837.809,836.858,-0.0849779,-0.0843863
8|863|sample|8|274,26.2,686.0,7,8,1,79056.375,963.084,773.839,773.876,773.839,-0.0576422,-0.0576184
8|863|sample|8|274,131.0,674.0,8,8,1,79056.375,789.676,767.029,767.051,767.029,-0.0611511,-0.0611367
8|863|sample|6|274,0.0004351999999999,84201.0,1,6,1,79056.375,77956.8,65404.5,65408.5,65404.5,0.661483,0.661662
8|863|sample|6|274,0.0021759999999999,83262.0,2,6,1,79056.375,78889.8,66388.2,66388.2,66388.2,0.585548,0.585547
8|863|sample|6|274,0.0108799999999999,73877.0,3,6,1,79056.375,77792.1,66343.9,66343.2,66343.9,0.261606,0.261576
8|863|sample|6|274,0.0543999999999999,56720.0,4,6,1,79056.375,69910.7,64603.5,64587.8,64603.5,-0.280309,-0.280805
8|863|sample|6|274,0.2719999999999999,26035.0,5,6,1,79056.375,38550.1,31569.5,31558.0,31569.5,-0.385436,-0.386104
8|863|sample|6|274,1.36,1998.0,6,6,1,79056.375,8844.57,2177.58,2188.12,2177.58,-0.089986,-0.0851726
8|863|sample|6|274,6.8,596.0,7,6,1,79056.375,1865.67,807.754,808.326,807.754,-0.137979,-0.137629
8|863|sample|6|274,34.0,680.0,8,6,1,79056.375,901.024,767.856,767.899,767.856,-0.0577515,-0.0577241
8|863|sample|5|274,0.0004351999999999,83981.0,1,5,1,79056.375,77956.8,65404.5,65408.5,65404.5,0.65374,0.653918
8|863|sample|5|274,0.0021759999999999,84944.0,2,5,1,79056.375,78889.8,66388.2,66388.2,66388.2,0.643916,0.643915
8|863|sample|5|274,0.0108799999999999,76489.0,3,5,1,79056.375,77792.1,66343.9,66343.1,66343.9,0.352306,0.352274
8|863|sample|5|274,0.0543999999999999,61614.0,4,5,1,79056.375,69910.7,64603.5,64587.8,64603.5,-0.105948,-0.106485
8|863|sample|5|274,0.2719999999999999,25403.0,5,5,1,79056.375,38550.1,31569.5,31558.0,31569.5,-0.429541,-0.430195
8|863|sample|5|274,1.36,2262.0,6,5,1,79056.375,8844.57,2177.58,2188.12,2177.58,0.0349688,0.040042
8|863|sample|5|274,7.0,652.0,7,5,1,79056.375,1825.73,805.466,806.006,805.466,-0.100143,-0.0998063
8|863|sample|5|274,34.0,676.0,8,5,1,79056.375,901.024,767.856,767.899,767.856,-0.0603796,-0.0603523
8|863|sample|11|274,0.0014272,78983.0,1,11,1,79056.375,77886.4,62014.4,62018.7,62014.4,0.628317,0.628519
8|863|sample|11|274,0.007136,77552.0,2,11,1,79056.375,78316.9,62466.9,62469.2,62466.9,0.554782,0.554884
8|863|sample|11|274,0.03568,64390.0,3,11,1,79056.375,73494.7,58630.3,58638.1,58630.3,0.224741,0.225075
8|863|sample|11|274,0.1784,28760.0,4,11,1,79056.375,49109.6,39228.7,39227.3,39228.7,-0.597467,-0.597527
8|863|sample|11|274,0.892,3118.0,5,11,1,79056.375,13765.1,11107.1,11089.0,11107.1,-1.37074,-1.37207
8|863|sample|11|274,4.46,660.0,6,11,1,79056.375,2646.1,2260.5,2254.56,2260.5,-0.744983,-0.746895
8|863|sample|11|274,22.3,624.0,7,11,1,79056.375,1007.61,956.915,955.78,956.915,-0.207341,-0.207989
8|863|sample|11|274,111.5,676.0,8,11,1,79056.375,795.117,786.763,786.602,786.763,-0.0722984,-0.0724005
8|863|sample|12|274,0.0014272,82748.0,1,12,1,79056.375,77886.4,62014.4,62018.6,62014.4,0.767766,0.767975
8|863|sample|12|274,0.007136,77620.0,2,12,1,79056.375,77256.0,61513.7,61519.8,61513.7,0.600933,0.601214
8|863|sample|12|274,0.03568,62159.0,3,12,1,79056.375,72499.4,57736.1,57747.3,57736.1,0.174908,0.175386
8|863|sample|12|274,0.1784,27297.0,4,12,1,79056.375,48446.3,38632.5,38633.5,38632.5,-0.656336,-0.656295
8|863|sample|12|274,0.892,3754.0,5,12,1,79056.375,13583.0,10943.0,10925.9,10943.0,-1.24788,-1.2493
8|863|sample|12|274,4.46,602.0,6,12,1,79056.375,2615.34,2232.36,2226.62,2232.36,-0.763171,-0.765008
8|863|sample|12|274,22.3,652.0,7,12,1,79056.375,999.156,948.803,947.718,948.803,-0.185193,-0.18582
8|863|sample|12|274,111.5,620.0,8,12,1,79056.375,795.117,786.763,786.602,786.763,-0.108905,-0.109005
8|863|sample|9|274,0.0004479999999999,81052.0,1,9,1,79056.375,77956.0,62069.6,62073.6,62069.6,0.702318,0.702508
8|863|sample|9|274,0.00224,80554.0,2,9,1,79056.375,78883.8,62917.9,62918.6,62917.9,0.644241,0.644272
8|863|sample|9|274,0.0111999999999999,77564.0,3,9,1,79056.375,77744.7,62011.7,62015.0,62011.7,0.575928,0.576083
8|863|sample|9|274,0.0559999999999999,56662.0,4,9,1,79056.375,69602.1,55533.2,55542.0,55533.2,0.0460783,0.0464482
8|863|sample|9|274,0.2799999999999999,21150.0,5,9,1,79056.375,37813.8,30241.2,30231.0,30241.2,-0.659124,-0.659661
8|863|sample|9|274,1.4,1734.0,6,9,1,79056.375,8575.64,6978.15,6963.35,6978.15,-1.27575,-1.27744
8|863|sample|9|274,7.0,666.0,7,9,1,79056.375,1825.73,1607.81,1603.97,1607.81,-0.501647,-0.503269
8|863|sample|9|274,35.0,660.0,8,9,1,79056.375,896.049,866.919,866.266,866.919,-0.131974,-0.132368
8|863|sample|10|274,0.0004479999999999,87360.0,1,10,1,79056.375,77956.0,62069.6,62073.7,62069.6,0.93575,0.935958
8|863|sample|10|274,0.00224,83548.0,2,10,1,79056.375,78883.8,62917.9,62918.6,62917.9,0.753612,0.753647
8|863|sample|10|274,0.0111999999999999,78230.0,3,10,1,79056.375,77744.7,62011.7,62015.1,62011.7,0.600594,0.600753
8|863|sample|10|274,0.0559999999999999,58709.0,4,10,1,79056.375,69602.1,55533.2,55542.1,55533.2,0.130295,0.13068
8|863|sample|10|274,0.2799999999999999,20498.0,5,10,1,79056.375,37813.8,30241.2,30231.0,30241.2,-0.70645,-0.706971
8|863|sample|10|274,1.4,2190.0,6,10,1,79056.375,8575.64,6978.15,6963.35,6978.15,-1.1645,-1.16636
8|863|sample|10|274,6.8,652.0,7,10,1,79056.375,1865.67,1639.58,1635.63,1639.58,-0.522389,-0.524028
8|863|sample|10|274,35.0,698.0,8,10,1,79056.375,896.049,866.919,866.266,866.919,-0.10766,-0.108059
8|863|sample|3|274,0.0010624,89013.0,1,3,1,79056.375,77914.9,68965.2,68969.3,68965.2,0.670564,0.670739
8|863|sample|3|274,0.005312,83582.0,2,3,1,79056.375,78548.1,69973.3,69973.3,69973.3,0.449009,0.449008
8|863|sample|3|274,0.02656,75500.0,3,3,1,79056.375,75177.3,69865.7,69865.3,69865.7,0.186189,0.186173
8|863|sample|3|274,0.1328,35636.0,4,3,1,79056.375,55822.5,60846.9,60831.0,60846.9,-0.950553,-0.950917
8|863|sample|3|274,0.664,5534.0,5,3,1,79056.375,18471.6,5186.91,5186.66,5186.91,0.103376,0.103295
8|863|sample|3|274,3.32,752.0,6,3,1,79056.375,3492.99,820.682,820.773,820.682,-0.0445421,-0.0444837
8|863|sample|3|274,16.6,620.0,7,3,1,79056.375,1117.6,772.394,772.396,772.394,-0.100005,-0.100004
8|863|sample|3|274,83.0,590.0,8,3,1,79056.375,808.578,766.648,766.669,766.648,-0.116115,-0.116101
8|863|sample|4|274,0.0010624,89205.0,1,4,1,79056.375,77914.9,68965.2,68969.3,68965.2,0.676987,0.677162
8|863|sample|4|274,0.005312,81925.0,2,4,1,79056.375,78548.1,69973.3,69973.3,69973.3,0.394337,0.394337
8|863|sample|4|274,0.02656,72696.0,3,4,1,79056.375,75177.3,69865.7,69865.3,69865.7,0.0935352,0.0935207
8|863|sample|4|274,0.1328,39789.0,4,4,1,79056.375,55822.5,60846.9,60831.0,60846.9,-0.79387,-0.794272
8|863|sample|4|274,0.664,7098.0,5,4,1,79056.375,18471.6,5186.91,5186.66,5186.91,0.568848,0.568753
8|863|sample|4|274,3.32,652.0,6,4,1,79056.375,3492.99,820.682,820.773,820.682,-0.109309,-0.109252
8|863|sample|4|274,16.6,586.0,7,4,1,79056.375,1117.6,772.394,772.396,772.394,-0.122316,-0.122315
8|863|sample|4|274,83.0,700.0,8,4,1,79056.375,808.578,766.648,766.669,766.648,-0.043818,-0.0438042
8|863|cc|1|1|274,0.0,622.0,1,1,0,79056.375,0.0,0.0,0.0,0.0,0.517211,0.517211
8|863|cc|2|1|274,0.0,702.0,2,1,0,79056.375,0.0,0.0,0.0,0.0,0.583733,0.583733
8|863|cc|3|1|274,0.0,724.0,3,1,0,79056.375,0.0,0.0,0.0,0.0,0.602027,0.602027
8|863|cc|4|1|274,0.0,660.0,4,1,0,79056.375,0.0,0.0,0.0,0.0,0.548809,0.548809
8|863|cc|5|1|274,0.0,644.0,5,1,0,79056.375,0.0,0.0,0.0,0.0,0.535505,0.535505
8|863|cc|6|1|274,0.0,642.0,6,1,0,79056.375,0.0,0.0,0.0,0.0,0.533842,0.533842
8|863|cc|7|1|274,0.0,664.0,7,1,0,79056.375,0.0,0.0,0.0,0.0,0.552135,0.552135
8|863|cc|8|1|274,0.0,710.0,8,1,0,79056.375,0.0,0.0,0.0,0.0,0.590386,0.590386
8|863|vc|1|2|274,0.0,84225.0,1,2,1,79056.375,77975.9,72376.0,72380.2,72376.0,0.378312,0.378467
8|863|vc|2|2|274,0.0,81106.0,2,2,1,79056.375,79046.7,73408.5,73408.5,73408.5,0.242537,0.242537
8|863|vc|3|2|274,0.0,81311.0,3,2,1,79056.375,79046.7,73408.5,73408.5,73408.5,0.248996,0.248996
8|863|vc|4|2|274,0.0,81469.0,4,2,1,79056.375,79046.7,73408.5,73408.5,73408.5,0.253975,0.253975
8|863|vc|5|2|274,0.0,80994.0,5,2,1,79056.375,79046.7,73408.5,73408.5,73408.5,0.239008,0.239008
8|863|vc|6|2|274,0.0,78472.0,6,2,1,79056.375,79046.7,73408.5,73408.5,73408.5,0.159543,0.159543
8|863|vc|7|2|274,0.0,76847.0,7,2,1,79056.375,79046.7,73408.5,73408.5,73408.5,0.108342,0.108341
8|863|vc|8|2|274,0.0,68027.0,8,2,1,79056.375,77975.9,72376.0,72380.2,72376.0,-0.139038,-0.138912
8|488|sample|6|322,0.0006144,96232.0,1,6,1,92253.875,90959.6,79455.8,79459.2,79455.8,0.489658,0.489777
8|488|sample|6|322,0.003072,95307.0,2,6,1,92253.875,91957.5,74333.6,74331.9,74333.6,0.652995,0.652929
8|488|sample|6|322,0.01536,103629.0,3,6,1,92253.875,89968.9,65772.7,65770.4,65772.7,1.32558,1.32545
8|488|sample|6|322,0.0768,97373.0,4,6,1,92253.875,76561.0,55088.1,55085.2,55088.1,1.75355,1.75334
8|488|sample|6|322,0.384,87530.0,5,6,1,92253.875,34920.0,43278.1,43274.9,43278.1,2.30458,2.30426
8|488|sample|6|322,1.92,63970.0,6,6,1,92253.875,7029.16,31854.8,31851.7,31854.8,2.22249,2.22208
8|488|sample|6|322,9.6,23620.0,7,6,1,92253.875,1592.17,22145.8,22143.3,22145.8,0.141813,0.141554
8|488|sample|6|322,48.0,5018.0,8,6,1,92253.875,866.91,14564.5,14563.4,14564.5,-1.31473,-1.3148
8|488|sample|5|322,0.0006144,97119.0,1,5,1,92253.875,90959.6,79455.8,79459.2,79455.8,0.515553,0.515673
8|488|sample|5|322,0.003072,96198.0,2,5,1,92253.875,91957.5,74333.6,74331.9,74333.6,0.680733,0.680667
8|488|sample|5|322,0.01536,101181.0,3,5,1,92253.875,89968.9,65772.7,65770.4,65772.7,1.23986,1.23974
8|488|sample|5|322,0.0768,100658.0,4,5,1,92253.875,76561.0,55088.1,55085.2,55088.1,1.88976,1.88955
8|488|sample|5|322,0.384,92386.0,5,5,1,92253.875,34920.0,43278.1,43274.9,43278.1,2.55746,2.55712
8|488|sample|5|322,1.92,64050.0,6,5,1,92253.875,7029.16,31854.8,31851.7,31854.8,2.22802,2.22762
8|488|sample|5|322,9.6,21984.0,7,5,1,92253.875,1592.17,22145.8,22143.3,22145.8,-0.0152952,-0.0155384
8|488|sample|5|322,48.0,4784.0,8,5,1,92253.875,866.91,14564.5,14563.4,14564.5,-1.34696,-1.34703
8|488|sample|4|322,6.4e-05,90076.0,1,4,1,92253.875,90992.7,84824.7,84829.0,84824.7,0.143803,0.143926
8|488|sample|4|322,0.00032,95871.0,2,4,1,92253.875,92229.0,82466.2,82465.3,82466.2,0.377576,0.377547
8|488|sample|4|322,0.0016,100086.0,3,4,1,92253.875,92121.2,77125.4,77124.0,77125.4,0.689908,0.689854
8|488|sample|4|322,0.008,105205.0,4,4,1,92253.875,91256.2,69527.5,69525.5,69527.5,1.1845,1.18439
8|488|sample|4|322,0.04,98822.0,5,4,1,92253.875,84800.8,59628.0,59625.3,59628.0,1.50733,1.50716
8|488|sample|4|322,0.2,88433.0,6,4,1,92253.875,53997.0,48107.9,48104.8,48107.9,1.90119,1.90093
8|488|sample|4|322,1.0,78354.0,7,4,1,92253.875,14165.5,36340.4,36337.2,36340.4,2.57499,2.57459
8|488|sample|4|322,5.0,36320.0,8,4,1,92253.875,2634.82,25469.8,25468.5,25469.8,0.919905,0.919749
8|488|sample|3|322,6.4e-05,94358.0,1,3,1,92253.875,90992.7,84824.7,84829.0,84824.7,0.261158,0.261286
8|488|sample|3|322,0.00032,92993.0,2,3,1,92253.875,92229.0,82466.2,82465.3,82466.2,0.296516,0.296488
8|488|sample|3|322,0.0016,99499.0,3,3,1,92253.875,92121.2,77125.4,77124.0,77125.4,0.672271,0.672217
8|488|sample|3|322,0.008,102432.0,4,3,1,92253.875,91256.2,69527.5,69525.5,69527.5,1.09244,1.09234
8|488|sample|3|322,0.04,102826.0,5,3,1,92253.875,84800.8,59628.0,59625.3,59628.0,1.6613,1.66113
8|488|sample|3|322,0.2,85912.0,6,3,1,92253.875,53997.0,48107.9,48104.8,48107.9,1.78235,1.78209
8|488|sample|3|322,1.0,75884.0,7,3,1,92253.875,14165.5,36340.4,36337.2,36340.4,2.42362,2.42323
8|488|sample|3|322,5.0,33601.0,8,3,1,92253.875,2634.82,25469.8,25468.5,25469.8,0.68941,0.689265
8|488|sample|10|322,0.0003648,81577.0,1,10,1,92253.875,90976.8,71510.3,71514.7,71510.3,0.325121,0.325283
8|488|sample|10|322,0.001824,77221.0,2,10,1,92253.875,92098.4,71062.2,71061.9,71062.2,0.200225,0.200212
8|488|sample|10|322,0.00912,73813.0,3,10,1,92253.875,91074.9,66749.5,66748.3,66749.5,0.24389,0.243845
8|488|sample|10|322,0.0456,47917.0,4,10,1,92253.875,83549.3,56448.1,56444.9,56448.1,-0.345523,-0.345633
8|488|sample|10|322,0.228,23762.0,5,10,1,92253.875,50159.9,38625.1,38619.9,38625.1,-0.86049,-0.860684
8|488|sample|10|322,1.14,14795.0,6,10,1,92253.875,12332.0,20031.3,20026.6,20031.3,-0.548802,-0.549185
8|488|sample|10|322,5.7,9720.0,7,10,1,92253.875,2374.21,8532.3,8529.65,8532.3,0.25057,0.249955
8|488|sample|10|322,28.5,5400.0,8,10,1,92253.875,964.25,3493.32,3492.39,3493.32,0.71842,0.717965
8|488|sample|9|322,0.0003648,88000.0,1,9,1,92253.875,90976.8,71510.3,71514.6,71510.3,0.532653,0.532826
8|488|sample|9|322,0.001824,81172.0,2,9,1,92253.875,92098.4,71062.2,71061.8,71062.2,0.328666,0.328653
8|488|sample|9|322,0.00912,76271.0,3,9,1,92253.875,91074.9,66749.5,66748.2,66749.5,0.328746,0.328699
8|488|sample|9|322,0.0456,48779.0,4,9,1,92253.875,83549.3,56448.1,56444.9,56448.1,-0.310597,-0.310709
8|488|sample|9|322,0.228,28900.0,5,9,1,92253.875,50159.9,38625.1,38619.9,38625.1,-0.562923,-0.563156
8|488|sample|9|322,1.14,16823.0,6,9,1,92253.875,12332.0,20031.3,20026.6,20031.3,-0.336062,-0.33649
8|488|sample|9|322,5.7,9274.0,7,9,1,92253.875,2374.21,8532.3,8529.65,8532.3,0.156686,0.156094
8|488|sample|9|322,28.5,5678.0,8,9,1,92253.875,964.25,3493.32,3492.39,3493.32,0.823117,0.822647
8|488|sample|8|322,7.68e-05,96152.0,1,8,1,92253.875,90992.3,72024.5,72029.0,72024.5,0.774078,0.774269
8|488|sample|8|322,0.000384,86213.0,2,8,1,92253.875,92224.9,72591.4,72591.2,72591.4,0.433851,0.433847
8|488|sample|8|322,0.00192,94198.0,3,8,1,92253.875,92088.4,70980.7,70980.3,70980.7,0.755606,0.75559
8|488|sample|8|322,0.0096,85402.0,4,8,1,92253.875,90995.3,66533.3,66532.1,66533.3,0.653459,0.653404
8|488|sample|8|322,0.048,55227.0,5,8,1,92253.875,83009.9,55986.3,55983.0,55986.3,-0.0308722,-0.0310027
8|488|sample|8|322,0.24,28203.0,6,8,1,92253.875,48640.5,37986.9,37981.6,37986.9,-0.575171,-0.575407
8|488|sample|8|322,1.2,15833.0,7,8,1,92253.875,11674.8,19537.5,19532.8,19537.5,-0.396664,-0.397083
8|488|sample|8|322,6.0,10222.0,8,8,1,92253.875,2246.81,8170.89,8168.84,8170.89,0.446294,0.445765
8|488|sample|7|322,7.68e-05,88102.0,1,7,1,92253.875,90992.3,72024.5,72029.0,72024.5,0.515763,0.515938
8|488|sample|7|322,0.000384,97131.0,2,7,1,92253.875,92224.9,72591.4,72591.2,72591.4,0.781587,0.781582
8|488|sample|7|322,0.00192,94452.0,3,7,1,92253.875,92088.4,70980.7,70980.3,70980.7,0.763872,0.763856
8|488|sample|7|322,0.0096,82610.0,4,7,1,92253.875,90995.3,66533.3,66532.1,66533.3,0.556773,0.55672
8|488|sample|7|322,0.048,53340.0,5,7,1,92253.875,83009.9,55986.3,55983.0,55986.3,-0.107927,-0.108053
8|488|sample|7|322,0.24,30010.0,6,7,1,92253.875,48640.5,37986.9,37981.6,37986.9,-0.468885,-0.469134
8|488|sample|7|322,1.2,17535.0,7,7,1,92253.875,11674.8,19537.5,19532.8,19537.5,-0.21419,-0.214648
8|488|sample|7|322,6.0,10208.0,8,7,1,92253.875,2246.81,8170.89,8168.84,8170.89,0.44325,0.442722
8|488|sample|11|322,0.0003712,81357.0,1,11,1,92253.875,90976.4,65564.1,65568.5,65564.1,0.554447,0.554635
8|488|sample|11|322,0.001856,80376.0,2,11,1,92253.875,92095.1,66545.4,66545.9,66545.4,0.478835,0.478855
8|488|sample|11|322,0.00928,77900.0,3,11,1,92253.875,91048.5,65791.7,65794.6,65791.7,0.423707,0.423827
8|488|sample|11|322,0.0464,59219.0,4,11,1,92253.875,83369.6,60261.1,60270.1,60261.1,-0.0400066,-0.039671
8|488|sample|11|322,0.2319999999999999,31458.0,5,11,1,92253.875,49645.4,35971.9,35964.9,35971.9,-0.278849,-0.279231
8|488|sample|11|322,1.16,7890.0,6,11,1,92253.875,12105.5,8934.32,8917.03,8934.32,-0.209098,-0.212308
8|488|sample|11|322,5.8,2100.0,7,11,1,92253.875,2338.98,1900.15,1895.26,1900.15,0.102833,0.100276
8|488|sample|11|322,29.0,842.0,8,11,1,92253.875,959.832,905.006,904.15,905.006,-0.0393682,-0.0399012
8|488|sample|12|322,0.0003712,85678.0,1,12,1,92253.875,90976.4,65564.1,65568.6,65564.1,0.706182,0.706385
8|488|sample|12|322,0.001856,78320.0,2,12,1,92253.875,90847.5,65471.5,65476.5,65471.5,0.451634,0.451841
8|488|sample|12|322,0.00928,75748.0,3,12,1,92253.875,89815.2,64730.0,64737.3,64730.0,0.391416,0.391718
8|488|sample|12|322,0.0464,56968.0,4,12,1,92253.875,82240.8,59289.3,59302.2,59289.3,-0.0902279,-0.0897486
8|488|sample|12|322,0.2319999999999999,26171.0,5,12,1,92253.875,48975.4,35394.7,35390.2,35394.7,-0.578975,-0.579188
8|488|sample|12|322,1.16,6422.0,6,12,1,92253.875,11946.1,8796.44,8780.01,8796.44,-0.485717,-0.488415
8|488|sample|12|322,5.8,1454.0,7,12,1,92253.875,2312.41,1876.57,1871.86,1876.57,-0.21091,-0.213077
8|488|sample|12|322,29.0,1264.0,8,12,1,92253.875,959.832,905.006,904.151,905.006,0.227942,0.227349
8|488|cc|1|1|322,0.0,690.0,1,1,0,92253.875,0.0,0.0,0.0,0.0,0.573755,0.573755
8|488|cc|2|1|322,0.0,744.0,2,1,0,92253.875,0.0,0.0,0.0,0.0,0.618657,0.618657
8|488|cc|3|1|322,0.0,678.0,3,1,0,92253.875,0.0,0.0,0.0,0.0,0.563777,0.563777
8|488|cc|4|1|322,0.0,658.0,4,1,0,92253.875,0.0,0.0,0.0,0.0,0.547146,0.547146
8|488|cc|5|1|322,0.0,652.0,5,1,0,92253.875,0.0,0.0,0.0,0.0,0.542157,0.542157
8|488|cc|6|1|322,0.0,686.0,6,1,0,92253.875,0.0,0.0,0.0,0.0,0.570429,0.570429
8|488|cc|7|1|322,0.0,710.0,7,1,0,92253.875,0.0,0.0,0.0,0.0,0.590386,0.590386
8|488|cc|8|1|322,0.0,678.0,8,1,0,92253.875,0.0,0.0,0.0,0.0,0.563777,0.563777
8|488|vc|1|2|322,0.0,94917.0,1,2,1,92253.875,90994.6,90996.3,91001.4,90996.3,0.100259,0.100395
8|488|vc|2|2|322,0.0,99297.0,2,2,1,92253.875,92244.2,92245.9,92245.9,92245.9,0.178181,0.178181
8|488|vc|3|2|322,0.0,94280.0,3,2,1,92253.875,92244.2,92245.9,92245.9,92245.9,0.0514019,0.0514019
8|488|vc|4|2|322,0.0,91878.0,4,2,1,92253.875,92244.2,92245.9,92245.9,92245.9,-0.00929634,-0.00929634
8|488|vc|5|2|322,0.0,91882.0,5,2,1,92253.875,92244.2,92245.9,92245.9,92245.9,-0.00919526,-0.00919526
8|488|vc|6|2|322,0.0,90577.0,6,2,1,92253.875,92244.2,92245.9,92245.9,92245.9,-0.0421725,-0.0421725
8|488|vc|7|2|322,0.0,89724.0,7,2,1,92253.875,92244.2,92245.9,92245.9,92245.9,-0.0637277,-0.0637277
8|488|vc|8|2|322,0.0,85476.0,8,2,1,92253.875,90994.6,90996.3,91001.4,90996.3,-0.141476,-0.141354
8|152|sample|8|322,0.0016767999999999,93531.0,1,8,1,94087.625,92672.0,80712.0,80717.5,80712.0,0.368444,0.368626
8|152|sample|8|322,0.0083839999999999,89173.0,2,8,1,94087.625,93007.5,81086.7,81090.1,81086.7,0.231385,0.231493
8|152|sample|8|322,0.04192,74809.0,3,8,1,94087.625,86049.1,75027.8,75038.7,75027.8,-0.00708625,-0.00675202
8|152|sample|8|322,0.2096,45160.0,4,8,1,94087.625,53673.2,46837.2,46831.3,46837.2,-0.0808082,-0.0810841
8|152|sample|8|322,1.048,15135.0,5,8,1,94087.625,13738.1,12064.5,12042.3,12064.5,0.497893,0.493574
8|152|sample|8|322,5.24,2264.0,6,8,1,94087.625,2591.73,2359.01,2352.36,2359.01,-0.0405125,-0.0435051
8|152|sample|8|322,26.2,818.0,7,8,1,94087.625,999.858,972.917,971.675,972.917,-0.0956419,-0.0963837
8|152|sample|8|322,131.0,656.0,8,8,1,94087.625,794.158,793.087,792.911,793.087,-0.0893427,-0.0894536
8|152|sample|7|322,0.0016767999999999,91095.0,1,7,1,94087.625,92672.0,80712.0,80717.5,80712.0,0.298398,0.298576
8|152|sample|7|322,0.0083839999999999,90851.0,2,7,1,94087.625,93007.5,81086.7,81090.2,81086.7,0.27942,0.27953
8|152|sample|7|322,0.04192,78819.0,3,7,1,94087.625,86049.1,75027.8,75038.7,75027.8,0.11662,0.116972
8|152|sample|7|322,0.2096,44579.0,4,7,1,94087.625,53673.2,46837.2,46831.3,46837.2,-0.108901,-0.109172
8|152|sample|7|322,1.048,16869.0,5,7,1,94087.625,13738.1,12064.5,12042.3,12064.5,0.777045,0.772311
8|152|sample|7|322,5.24,2542.0,6,7,1,94087.625,2591.73,2359.01,2352.36,2359.01,0.086947,0.0837932
8|152|sample|7|322,26.2,990.0,7,7,1,94087.625,999.858,972.917,971.675,972.917,0.0114046,0.0106284
8|152|sample|7|322,131.0,662.0,8,7,1,94087.625,794.158,793.087,792.911,793.087,-0.0854274,-0.0855384
8|152|sample|6|322,0.0004351999999999,97021.0,1,6,1,94087.625,92780.7,80806.5,80811.5,80806.5,0.465568,0.465739
8|152|sample|6|322,0.0021759999999999,93823.0,2,6,1,94087.625,93891.0,81856.0,81856.9,81856.0,0.339451,0.339479
8|152|sample|6|322,0.0108799999999999,90270.0,3,6,1,94087.625,92582.5,80716.7,80721.0,80716.7,0.274563,0.274702
8|152|sample|6|322,0.0543999999999999,68233.0,4,6,1,94087.625,83187.6,72536.3,72547.8,72536.3,-0.137505,-0.137159
8|152|sample|6|322,0.2719999999999999,39599.0,5,6,1,94087.625,45804.8,39986.0,39973.4,39986.0,-0.0209983,-0.021697
8|152|sample|6|322,1.36,10738.0,6,6,1,94087.625,10394.8,9153.42,9133.79,9153.42,0.320723,0.316282
8|152|sample|6|322,6.8,2696.0,7,6,1,94087.625,2075.77,1909.75,1904.6,1909.75,0.396727,0.393722
8|152|sample|6|322,34.0,918.0,8,6,1,94087.625,926.889,908.542,907.654,908.542,0.00654763,0.00598423
8|152|sample|5|322,0.0004351999999999,94324.0,1,5,1,94087.625,92780.7,80806.5,80811.5,80806.5,0.388105,0.388271
8|152|sample|5|322,0.0021759999999999,94458.0,2,5,1,94087.625,93891.0,81856.0,81856.9,81856.0,0.357464,0.357493
8|152|sample|5|322,0.0108799999999999,93359.0,3,5,1,94087.625,92582.5,80716.7,80721.0,80716.7,0.363382,0.363525
8|152|sample|5|322,0.0543999999999999,70654.0,4,5,1,94087.625,83187.6,72536.3,72547.8,72536.3,-0.0603521,-0.0599942
8|152|sample|5|322,0.2719999999999999,40370.0,5,5,1,94087.625,45804.8,39986.0,39973.4,39986.0,0.0222441,0.0215327
8|152|sample|5|322,1.36,8986.0,6,5,1,94087.625,10394.8,9153.42,9133.79,9153.42,-0.0295472,-0.0334173
8|152|sample|5|322,6.8,2416.0,7,5,1,94087.625,2075.77,1909.75,1904.6,1909.75,0.256364,0.25351
8|152|sample|5|322,34.0,924.0,8,5,1,94087.625,926.889,908.542,907.654,908.542,0.0103447,0.00978046
8|152|sample|12|322,0.0014272,79697.0,1,12,1,94087.625,92696.9,63267.9,63272.6,63267.9,0.59679,0.597003
8|152|sample|12|322,0.007136,67002.0,2,12,1,94087.625,91945.4,62757.0,62763.5,62757.0,0.155204,0.155457
8|152|sample|12|322,0.03568,48627.0,3,12,1,94087.625,86275.4,58901.7,58913.5,58901.7,-0.400128,-0.399746
8|152|sample|12|322,0.1784,20494.0,4,12,1,94087.625,57603.0,39406.1,39407.3,39406.1,-1.07497,-1.07493
8|152|sample|12|322,0.892,5710.0,5,12,1,94087.625,16044.3,11148.4,11131.0,11148.4,-0.929435,-0.931261
8|152|sample|12|322,4.46,1250.0,6,12,1,94087.625,2970.43,2258.9,2253.06,2258.9,-0.468768,-0.470964
8|152|sample|12|322,22.3,570.0,7,12,1,94087.625,1043.87,948.954,947.847,948.954,-0.236618,-0.237242
8|152|sample|12|322,111.5,678.0,8,12,1,94087.625,800.643,783.577,783.412,783.577,-0.068966,-0.0690707
8|152|sample|11|322,0.0014272,86935.0,1,11,1,94087.625,92696.9,63267.9,63272.7,63267.9,0.859784,0.860019
8|152|sample|11|322,0.007136,80844.0,2,11,1,94087.625,93208.0,63819.9,63822.2,63819.9,0.613404,0.613508
8|152|sample|11|322,0.03568,56954.0,3,11,1,94087.625,87459.8,59898.8,59906.8,59898.8,-0.113042,-0.112751
8|152|sample|11|322,0.1784,26467.0,4,11,1,94087.625,58392.0,40070.6,40069.2,40070.6,-0.76119,-0.761245
8|152|sample|11|322,0.892,6328.0,5,11,1,94087.625,16260.3,11330.9,11312.4,11330.9,-0.843666,-0.845687
8|152|sample|11|322,4.46,1324.0,6,11,1,94087.625,3006.07,2289.67,2283.6,2289.67,-0.445813,-0.448106
8|152|sample|11|322,22.3,672.0,7,11,1,94087.625,1052.94,957.375,956.215,957.375,-0.177596,-0.178267
8|152|sample|11|322,111.5,632.0,8,11,1,94087.625,800.643,783.577,783.412,783.577,-0.0990615,-0.0991649
8|152|sample|10|322,0.0004479999999999,91021.0,1,10,1,94087.625,92779.9,63324.4,63328.8,63324.4,1.00536,1.00559
8|152|sample|10|322,0.00224,88793.0,2,10,1,94087.625,93883.8,64280.8,64281.5,64280.8,0.877263,0.877296
8|152|sample|10|322,0.0111999999999999,78376.0,3,10,1,94087.625,92525.9,63354.6,63358.1,63354.6,0.544982,0.545136
8|152|sample|10|322,0.0559999999999999,50978.0,4,10,1,94087.625,82819.6,56733.6,56742.6,56733.6,-0.232398,-0.232069
8|152|sample|10|322,0.2799999999999999,18817.0,5,10,1,94087.625,44927.0,30885.6,30875.2,30885.6,-0.85852,-0.858997
8|152|sample|10|322,1.4,3464.0,6,10,1,94087.625,10074.3,7111.14,7096.01,7111.14,-0.874292,-0.876606
8|152|sample|10|322,7.0,1220.0,7,10,1,94087.625,2028.16,1622.61,1618.69,1622.61,-0.21253,-0.214434
8|152|sample|10|322,35.0,690.0,8,10,1,94087.625,920.958,865.384,864.717,865.384,-0.111834,-0.112241
8|152|sample|9|322,0.0004479999999999,92933.0,1,9,1,94087.625,92779.9,63324.4,63328.8,63324.4,1.07477,1.07501
8|152|sample|9|322,0.00224,84649.0,2,9,1,94087.625,93883.8,64280.8,64281.5,64280.8,0.728949,0.728982
8|152|sample|9|322,0.0111999999999999,78182.0,3,9,1,94087.625,92525.9,63354.6,63358.1,63354.6,0.537942,0.538095
8|152|sample|9|322,0.0559999999999999,55239.0,4,9,1,94087.625,82819.6,56733.6,56742.6,56733.6,-0.0606187,-0.0602635
8|152|sample|9|322,0.2799999999999999,20004.0,5,9,1,94087.625,44927.0,30885.6,30875.2,30885.6,-0.774008,-0.77451
8|152|sample|9|322,1.4,4986.0,6,9,1,94087.625,10074.3,7111.14,7096.01,7111.14,-0.507919,-0.510787
8|152|sample|9|322,7.0,1028.0,7,9,1,94087.625,2028.16,1622.61,1618.69,1622.61,-0.314881,-0.316695
8|152|sample|9|322,35.0,722.0,8,9,1,94087.625,920.958,865.384,864.717,865.384,-0.0913516,-0.0917618
8|152|sample|3|322,0.0010624,87858.0,1,3,1,94087.625,92730.8,67333.5,67338.3,67333.5,0.702433,0.702647
8|152|sample|3|322,0.005312,88455.0,2,3,1,94087.625,93483.6,68055.3,68057.1,68055.3,0.691187,0.691269
8|152|sample|3|322,0.02656,77137.0,3,3,1,94087.625,89465.5,65139.2,65146.5,65139.2,0.423684,0.423985
8|152|sample|3|322,0.1328,46188.0,4,3,1,94087.625,66394.0,48395.5,48399.4,48395.5,-0.103651,-0.103479
8|152|sample|3|322,0.664,17047.0,5,3,1,94087.625,21870.6,16083.5,16063.1,16083.5,0.1248,0.122077
8|152|sample|3|322,3.32,3062.0,6,3,1,94087.625,4015.58,3125.54,3117.1,3125.54,-0.0220461,-0.0253875
8|152|sample|3|322,16.6,1382.0,7,3,1,94087.625,1184.04,1070.6,1068.9,1070.6,0.190079,0.188967
8|152|sample|3|322,83.0,840.0,8,3,1,94087.625,816.689,802.464,802.208,802.464,0.0245995,0.0244312
8|152|sample|4|322,0.0010624,92432.0,1,4,1,94087.625,92730.8,67333.5,67338.2,67333.5,0.859015,0.859235
8|152|sample|4|322,0.005312,90579.0,2,4,1,94087.625,93483.6,68055.3,68057.0,68055.3,0.763164,0.763243
8|152|sample|4|322,0.02656,76034.0,3,4,1,94087.625,89465.5,65139.2,65146.4,65139.2,0.384714,0.385006
8|152|sample|4|322,0.1328,50378.0,4,4,1,94087.625,66394.0,48395.5,48399.3,48395.5,0.0927475,0.0929306
8|152|sample|4|322,0.664,19217.0,5,4,1,94087.625,21870.6,16083.5,16063.0,16083.5,0.40004,0.397017
8|152|sample|4|322,3.32,3728.0,6,4,1,94087.625,4015.58,3125.54,3117.09,3125.54,0.244443,0.240726
8|152|sample|4|322,16.6,1054.0,7,4,1,94087.625,1184.04,1070.6,1068.9,1070.6,-0.00904453,-0.0100716
8|152|sample|4|322,83.0,902.0,8,4,1,94087.625,816.689,802.464,802.208,802.464,0.0649566,0.0647854
8|152|cc|1|1|322,0.0,712.0,1,1,0,94087.625,0.0,0.0,0.0,0.0,0.592049,0.592049
8|152|cc|2|1|322,0.0,712.0,2,1,0,94087.625,0.0,0.0,0.0,0.0,0.592049,0.592049
8|152|cc|3|1|322,0.0,642.0,3,1,0,94087.625,0.0,0.0,0.0,0.0,0.533842,0.533842
8|152|cc|4|1|322,0.0,720.0,4,1,0,94087.625,0.0,0.0,0.0,0.0,0.598701,0.598701
8|152|cc|5|1|322,0.0,666.0,5,1,0,94087.625,0.0,0.0,0.0,0.0,0.553798,0.553798
8|152|cc|6|1|322,0.0,674.0,6,1,0,94087.625,0.0,0.0,0.0,0.0,0.56045,0.56045
8|152|cc|7|1|322,0.0,722.0,7,1,0,94087.625,0.0,0.0,0.0,0.0,0.600364,0.600364
8|152|cc|8|1|322,0.0,714.0,8,1,0,94087.625,0.0,0.0,0.0,0.0,0.593712,0.593712
8|152|vc|1|2|322,0.0,94260.0,1,2,1,94087.625,92803.5,92805.2,92810.4,92805.2,0.0364164,0.0365482
8|152|vc|2|2|322,0.0,95803.0,2,2,1,94087.625,94077.9,94079.6,94079.6,94079.6,0.0427258,0.0427258
8|152|vc|3|2|322,0.0,99229.0,3,2,1,94087.625,94077.9,94079.6,94079.6,94079.6,0.127663,0.127663
8|152|vc|4|2|322,0.0,96260.0,4,2,1,94087.625,94077.9,94079.6,94079.6,94079.6,0.0540557,0.0540557
8|152|vc|5|2|322,0.0,93357.0,5,2,1,94087.625,94077.9,94079.6,94079.6,94079.6,-0.0179155,-0.0179155
8|152|vc|6|2|322,0.0,92328.0,6,2,1,94087.625,94077.9,94079.6,94079.6,94079.6,-0.0434265,-0.0434265
8|152|vc|7|2|322,0.0,91784.0,7,2,1,94087.625,94077.9,94079.6,94079.6,94079.6,-0.0569134,-0.0569134
8|152|vc|8|2|322,0.0,89680.0,8,2,1,94087.625,92803.5,92805.2,92810.4,92805.2,-0.078637,-0.0785115
8|847|sample|6|69,0.0006144,127160.0,1,6,1,136227.125,134320.0,130634.0,130642.0,130634.0,-0.0626846,-0.0625556
8|847|sample|6|69,0.003072,130753.0,2,6,1,136227.125,135793.0,126988.0,126988.0,126988.0,0.0696991,0.0696909
8|847|sample|6|69,0.01536,115206.0,3,6,1,136227.125,132848.0,114736.0,114734.0,114736.0,0.00965208,0.00960618
8|847|sample|6|69,0.0768,93986.0,4,6,1,136227.125,112995.0,91759.4,91753.5,91759.4,0.056708,0.0565549
8|847|sample|6|69,0.384,45894.0,5,6,1,136227.125,51336.0,60456.2,60447.2,60456.2,-0.552387,-0.552651
8|847|sample|6|69,1.92,27093.0,6,6,1,136227.125,10037.3,32267.6,32259.3,32267.6,-0.353346,-0.353831
8|847|sample|6|69,9.6,17839.0,7,6,1,136227.125,1986.65,14903.9,14898.7,14903.9,0.397355,0.396524
8|847|sample|6|69,48.0,9360.0,8,6,1,136227.125,915.259,6493.17,6490.82,6493.17,0.735215,0.734431
8|847|sample|3|69,6.4e-05,141928.0,1,3,1,136227.125,134369.0,133271.0,133278.0,133271.0,0.152716,0.152857
8|847|sample|3|69,0.00032,138654.0,2,3,1,136227.125,136195.0,133577.0,133578.0,133577.0,0.0894293,0.0894316
8|847|sample|3|69,0.0016,135457.0,3,3,1,136227.125,136035.0,129770.0,129770.0,129770.0,0.103062,0.10306
8|847|sample|3|69,0.008,145249.0,4,3,1,136227.125,134754.0,120817.0,120816.0,120817.0,0.47483,0.4748
8|847|sample|3|69,0.04,131047.0,5,3,1,136227.125,125196.0,102458.0,102454.0,102458.0,0.652533,0.65241
8|847|sample|3|69,0.2,70406.0,6,3,1,136227.125,79583.9,73516.6,73508.5,73516.6,-0.0976277,-0.0978724
8|847|sample|3|69,1.0,35020.0,7,3,1,136227.125,20604.4,42569.4,42560.3,42569.4,-0.398836,-0.399237
8|847|sample|3|69,5.0,19157.0,8,3,1,136227.125,3533.1,20337.1,20331.7,20337.1,-0.121609,-0.122135
8|847|sample|4|69,6.4e-05,137164.0,1,4,1,136227.125,134369.0,133271.0,133278.0,133271.0,0.0686061,0.068743
8|847|sample|4|69,0.00032,143262.0,2,4,1,136227.125,136195.0,133577.0,133578.0,133577.0,0.170606,0.170609
8|847|sample|4|69,0.0016,134282.0,3,4,1,136227.125,136035.0,129770.0,129770.0,129770.0,0.0817685,0.081766
8|847|sample|4|69,0.008,148754.0,4,4,1,136227.125,134754.0,120817.0,120816.0,120817.0,0.542945,0.542915
8|847|sample|4|69,0.04,120142.0,5,4,1,136227.125,125196.0,102458.0,102454.0,102458.0,0.403667,0.403554
8|847|sample|4|69,0.2,68131.0,6,4,1,136227.125,79583.9,73516.6,73508.5,73516.6,-0.169216,-0.169453
8|847|sample|4|69,1.0,33891.0,7,4,1,136227.125,20604.4,42569.4,42560.3,42569.4,-0.458553,-0.458942
8|847|sample|4|69,5.0,19357.0,8,4,1,136227.125,3533.1,20337.1,20331.7,20337.1,-0.100905,-0.101436
8|847|sample|10|69,0.0003648,119901.0,1,10,1,136227.125,134346.0,94993.0,94999.4,94993.0,0.611562,0.611759
8|847|sample|10|69,0.001824,119010.0,2,10,1,136227.125,136002.0,96434.6,96435.3,96434.6,0.546399,0.546421
8|847|sample|10|69,0.00912,106506.0,3,10,1,136227.125,134486.0,95362.4,95366.7,95362.4,0.27255,0.272664
8|847|sample|10|69,0.0456,64608.0,4,10,1,136227.125,123343.0,87479.2,87492.2,87479.2,-0.608696,-0.608437
8|847|sample|10|69,0.228,13842.0,5,10,1,136227.125,73902.1,52503.3,52493.7,52503.3,-1.67776,-1.67789
8|847|sample|10|69,1.14,918.0,6,10,1,136227.125,17889.4,12878.0,12852.7,12878.0,-1.82244,-1.82337
8|847|sample|10|69,5.7,610.0,7,10,1,136227.125,3144.64,2447.0,2439.77,2447.0,-0.825172,-0.82731
8|847|sample|10|69,28.5,526.0,8,10,1,136227.125,1059.39,969.714,968.436,969.714,-0.275587,-0.276292
8|847|sample|9|69,0.0003648,122535.0,1,9,1,136227.125,134346.0,94993.0,94999.2,94993.0,0.676254,0.676452
8|847|sample|9|69,0.001824,114457.0,2,9,1,136227.125,136002.0,96434.6,96435.2,96434.6,0.436202,0.436219
8|847|sample|9|69,0.00912,103659.0,3,9,1,136227.125,134486.0,95362.4,95366.5,95362.4,0.202895,0.203003
8|847|sample|9|69,0.0456,70963.0,4,9,1,136227.125,123343.0,87479.2,87492.1,87479.2,-0.439657,-0.439377
8|847|sample|9|69,0.228,15485.0,5,9,1,136227.125,73902.1,52503.3,52493.7,52503.3,-1.60644,-1.60658
8|847|sample|9|69,1.14,998.0,6,9,1,136227.125,17889.4,12878.0,12852.6,12878.0,-1.81022,-1.81117
8|847|sample|9|69,5.7,588.0,7,9,1,136227.125,3144.64,2447.0,2439.77,2447.0,-0.835092,-0.837218
8|847|sample|9|69,28.5,600.0,8,9,1,136227.125,1059.39,969.714,968.435,969.714,-0.229493,-0.230213
8|847|sample|7|69,7.68e-05,124621.0,1,7,1,136227.125,134369.0,95009.1,95015.4,95009.1,0.726968,0.727171
8|847|sample|7|69,0.000384,124263.0,2,7,1,136227.125,136189.0,96567.1,96567.2,96567.1,0.669461,0.669464
8|847|sample|7|69,0.00192,127505.0,3,7,1,136227.125,135987.0,96424.1,96424.9,96424.1,0.752343,0.75237
8|847|sample|7|69,0.0096,128418.0,4,7,1,136227.125,134368.0,95279.1,95283.6,95279.1,0.811396,0.811542
8|847|sample|7|69,0.048,77472.0,5,7,1,136227.125,122544.0,86914.2,86927.5,86914.2,-0.253087,-0.25277
8|847|sample|7|69,0.24,19051.0,6,7,1,136227.125,71652.3,50911.7,50900.6,50911.7,-1.42345,-1.42365
8|847|sample|7|69,1.2,998.0,7,7,1,136227.125,16916.3,12189.6,12164.9,12189.6,-1.78309,-1.78411
8|847|sample|7|69,6.0,632.0,8,7,1,136227.125,2958.56,2309.44,2302.8,2309.44,-0.773351,-0.775432
8|847|sample|8|69,7.68e-05,130681.0,1,8,1,136227.125,134369.0,95009.1,95015.3,95009.1,0.875776,0.875984
8|847|sample|8|69,0.000384,131502.0,2,8,1,136227.125,136189.0,96567.1,96567.1,96567.1,0.844446,0.844445
8|847|sample|8|69,0.00192,123225.0,3,8,1,136227.125,135987.0,96424.1,96424.8,96424.1,0.648743,0.648765
8|847|sample|8|69,0.0096,120550.0,4,8,1,136227.125,134368.0,95279.1,95283.4,95279.1,0.618728,0.618862
8|847|sample|8|69,0.048,74924.0,5,8,1,136227.125,122544.0,86914.2,86927.4,86914.2,-0.321285,-0.32098
8|847|sample|8|69,0.24,17541.0,6,8,1,136227.125,71652.3,50911.7,50900.5,50911.7,-1.49093,-1.49112
8|847|sample|8|69,1.2,1000.0,7,8,1,136227.125,16916.3,12189.6,12164.9,12189.6,-1.78277,-1.78379
8|847|sample|8|69,6.0,620.0,8,8,1,136227.125,2958.56,2309.44,2302.8,2309.44,-0.778905,-0.78098
8|847|sample|12|69,0.0003712,124911.0,1,12,1,136227.125,134345.0,115931.0,115938.0,115931.0,0.181531,0.181687
8|847|sample|12|69,0.001856,113518.0,2,12,1,136227.125,134154.0,115767.0,115775.0,115767.0,-0.0457182,-0.0455581
8|847|sample|12|69,0.00928,110811.0,3,12,1,136227.125,132626.0,114449.0,114461.0,114449.0,-0.0747749,-0.0745322
8|847|sample|12|69,0.0464,95553.0,4,12,1,136227.125,121410.0,104779.0,104802.0,104779.0,-0.206464,-0.206011
8|847|sample|12|69,0.2319999999999999,71057.0,5,12,1,136227.125,72152.0,62312.0,62303.7,62312.0,0.322785,0.322436
8|847|sample|12|69,1.16,17709.0,6,12,1,136227.125,17320.7,15039.3,15010.0,15039.3,0.362479,0.357954
8|847|sample|12|69,5.8,964.0,7,12,1,136227.125,3055.69,2741.08,2732.68,2741.08,-0.756078,-0.758537
8|847|sample|12|69,29.0,514.0,8,12,1,136227.125,1052.85,1014.46,1012.92,1014.46,-0.307228,-0.308054
8|847|sample|11|69,0.0003712,133212.0,1,11,1,136227.125,134345.0,115931.0,115938.0,115931.0,0.349474,0.349639
8|847|sample|11|69,0.001856,105958.0,2,11,1,136227.125,135997.0,117483.0,117484.0,117483.0,-0.230193,-0.230174
8|847|sample|11|69,0.00928,119951.0,3,11,1,136227.125,134447.0,116145.0,116151.0,116145.0,0.076746,0.0768582
8|847|sample|11|69,0.0464,102632.0,4,11,1,136227.125,123077.0,106332.0,106348.0,106332.0,-0.0817881,-0.0814455
8|847|sample|11|69,0.2319999999999999,66738.0,5,11,1,136227.125,73140.4,63232.9,63220.7,63232.9,0.127905,0.127435
8|847|sample|11|69,1.16,18073.0,6,11,1,136227.125,17554.0,15256.9,15226.2,15256.9,0.377756,0.373057
8|847|sample|11|69,5.8,1002.0,7,11,1,136227.125,3092.47,2775.69,2767.02,2775.69,-0.749937,-0.752468
8|847|sample|11|69,29.0,630.0,8,11,1,136227.125,1052.85,1014.46,1012.92,1014.46,-0.235796,-0.23665
8|847|sample|5|69,0.0006144,138978.0,1,5,1,136227.125,134320.0,130634.0,130642.0,130634.0,0.150085,0.150225
8|847|sample|5|69,0.003072,131680.0,2,5,1,136227.125,135793.0,126988.0,126988.0,126988.0,0.0868582,0.0868499
8|847|sample|5|69,0.01536,120056.0,3,5,1,136227.125,132848.0,114736.0,114734.0,114736.0,0.10878,0.108732
8|847|sample|5|69,0.0768,103047.0,4,5,1,136227.125,112995.0,91759.4,91753.5,91759.4,0.28687,0.286702
8|847|sample|5|69,0.384,56782.0,5,5,1,136227.125,51336.0,60456.2,60447.2,60456.2,-0.139117,-0.139439
8|847|sample|5|69,1.92,28614.0,6,5,1,136227.125,10037.3,32267.6,32259.3,32267.6,-0.249318,-0.249827
8|847|sample|5|69,9.6,20034.0,7,5,1,136227.125,1986.65,14903.9,14898.7,14903.9,0.693985,0.693066
8|847|sample|5|69,48.0,9472.0,8,5,1,136227.125,915.259,6493.17,6490.82,6493.17,0.763915,0.763123
8|847|cc|1|1|69,0.0,676.0,1,1,0,136227.125,0.0,0.0,0.0,0.0,0.562114,0.562114
8|847|cc|2|1|69,0.0,738.0,2,1,0,136227.125,0.0,0.0,0.0,0.0,0.613668,0.613668
8|847|cc|3|1|69,0.0,778.0,3,1,0,136227.125,0.0,0.0,0.0,0.0,0.646929,0.646929
8|847|cc|4|1|69,0.0,704.0,4,1,0,136227.125,0.0,0.0,0.0,0.0,0.585396,0.585396
8|847|cc|5|1|69,0.0,732.0,5,1,0,136227.125,0.0,0.0,0.0,0.0,0.608679,0.608679
8|847|cc|6|1|69,0.0,732.0,6,1,0,136227.125,0.0,0.0,0.0,0.0,0.608679,0.608679
8|847|cc|7|1|69,0.0,698.0,7,1,0,136227.125,0.0,0.0,0.0,0.0,0.580407,0.580407
8|847|cc|8|1|69,0.0,842.0,8,1,0,136227.125,0.0,0.0,0.0,0.0,0.700147,0.700147
8|847|vc|1|2|69,0.0,128428.0,1,2,1,136227.125,134372.0,134369.0,134377.0,134369.0,-0.104182,-0.104057
8|847|vc|2|2|69,0.0,140797.0,2,2,1,136227.125,136217.0,136214.0,136214.0,136214.0,0.0792043,0.0792043
8|847|vc|3|2|69,0.0,133543.0,3,2,1,136227.125,136217.0,136214.0,136214.0,136214.0,-0.0461637,-0.0461637
8|847|vc|4|2|69,0.0,145073.0,4,2,1,136227.125,136217.0,136214.0,136214.0,136214.0,0.153105,0.153105
8|847|vc|5|2|69,0.0,153047.0,5,2,1,136227.125,136217.0,136214.0,136214.0,136214.0,0.290916,0.290916
8|847|vc|6|2|69,0.0,143667.0,6,2,1,136227.125,136217.0,136214.0,136214.0,136214.0,0.128805,0.128805
8|847|vc|7|2|69,0.0,129385.0,7,2,1,136227.125,136217.0,136214.0,136214.0,136214.0,-0.118025,-0.118025
8|847|vc|8|2|69,0.0,115877.0,8,2,1,136227.125,134372.0,134369.0,134377.0,134369.0,-0.324,-0.323887
8|1241|sample|8|69,0.0016767999999999,121770.0,1,8,1,143143.0,140994.0,105984.0,105976.0,105984.0,0.348768,0.348571
8|1241|sample|8|69,0.0083839999999999,123321.0,2,8,1,143143.0,141500.0,107066.0,106962.0,107066.0,0.358001,0.355396
8|1241|sample|8|69,0.04192,107730.0,3,8,1,143143.0,130883.0,100877.0,100372.0,100877.0,0.171313,0.158765
8|1241|sample|8|69,0.2096,71467.0,4,8,1,143143.0,81485.9,62368.1,62127.1,62368.1,0.345351,0.335195
8|1241|sample|8|69,1.048,15643.0,5,8,1,143143.0,20555.2,12778.0,13406.3,12778.0,0.329939,0.439576
8|1241|sample|8|69,5.24,1224.0,6,8,1,143143.0,3548.66,2017.31,2180.21,2017.31,-0.453293,-0.388553
8|1241|sample|8|69,16.6,688.0,7,8,1,143143.0,1400.89,1001.98,1045.05,1001.98,-0.218072,-0.19389
8|1241|sample|8|69,131.0,698.0,8,8,1,143143.0,808.783,778.056,781.246,778.056,-0.0544955,-0.0524531
8|1241|sample|7|69,0.0016767999999999,108612.0,1,7,1,143143.0,140994.0,105984.0,105976.0,105984.0,0.0582048,0.0580261
8|1241|sample|7|69,0.0083839999999999,132043.0,2,7,1,143143.0,141500.0,107066.0,106962.0,107066.0,0.548881,0.546094
8|1241|sample|7|69,0.04192,103837.0,3,7,1,143143.0,130883.0,100877.0,100372.0,100877.0,0.0806813,0.0685717
8|1241|sample|7|69,0.2096,67344.0,4,7,1,143143.0,81485.9,62368.1,62127.0,62368.1,0.192902,0.183307
8|1241|sample|7|69,1.048,16545.0,5,7,1,143143.0,20555.2,12778.0,13406.3,12778.0,0.462998,0.577969
8|1241|sample|7|69,5.24,1080.0,6,7,1,143143.0,3548.66,2017.31,2180.21,2017.31,-0.521556,-0.459081
8|1241|sample|7|69,26.2,630.0,7,7,1,143143.0,1119.87,889.718,914.399,889.718,-0.179664,-0.165143
8|1241|sample|7|69,131.0,742.0,8,7,1,143143.0,808.783,778.056,781.246,778.056,-0.0256915,-0.0236241
8|1241|sample|5|69,0.0004351999999999,121832.0,1,5,1,143143.0,141160.0,106038.0,106042.0,106038.0,0.348471,0.348574
8|1241|sample|5|69,0.0021759999999999,140835.0,2,5,1,143143.0,142848.0,107652.0,107631.0,107652.0,0.722258,0.721671
8|1241|sample|5|69,0.0108799999999999,137897.0,3,5,1,143143.0,140852.0,106751.0,106612.0,106751.0,0.686864,0.682939
8|1241|sample|5|69,0.0543999999999999,135431.0,4,5,1,143143.0,126517.0,97953.0,97356.6,97953.0,0.913086,0.893467
8|1241|sample|5|69,0.2719999999999999,82387.0,5,5,1,143143.0,69480.8,52153.2,52196.1,52153.2,1.31758,1.32048
8|1241|sample|5|69,1.36,13976.0,6,5,1,143143.0,15454.2,9250.52,9800.71,9250.52,0.790885,0.935664
8|1241|sample|5|69,6.8,886.0,7,5,1,143143.0,2761.44,1623.25,1745.43,1623.25,-0.445619,-0.392615
8|1241|sample|5|69,34.0,672.0,8,5,1,143143.0,1011.3,845.845,863.459,845.845,-0.122591,-0.111838
8|1241|sample|6|69,0.0004351999999999,111866.0,1,6,1,143143.0,141160.0,106038.0,106042.0,106038.0,0.128524,0.128621
8|1241|sample|6|69,0.0021759999999999,142701.0,2,6,1,143143.0,142848.0,107652.0,107631.0,107652.0,0.762843,0.762252
8|1241|sample|6|69,0.0108799999999999,125759.0,3,6,1,143143.0,140852.0,106751.0,106612.0,106751.0,0.420373,0.416791
8|1241|sample|6|69,0.0543999999999999,131940.0,4,6,1,143143.0,126517.0,97953.0,97356.7,97953.0,0.829362,0.810242
8|1241|sample|6|69,0.2719999999999999,82195.0,5,6,1,143143.0,69480.8,52153.2,52196.2,52153.2,1.3092,1.3121
8|1241|sample|6|69,1.36,13458.0,6,6,1,143143.0,15454.2,9250.52,9800.72,9250.52,0.692762,0.833098
8|1241|sample|6|69,6.8,1074.0,7,6,1,143143.0,2761.44,1623.25,1745.43,1623.25,-0.348141,-0.292498
8|1241|sample|6|69,34.0,706.0,8,6,1,143143.0,1011.3,845.845,863.459,845.845,-0.100821,-0.0899649
8|1241|sample|11|69,0.0014272,134163.0,1,11,1,143143.0,141032.0,96876.8,96883.6,96876.8,0.89826,0.898482
8|1241|sample|11|69,0.007136,125008.0,2,11,1,143143.0,141806.0,98482.6,98482.6,98482.6,0.629057,0.629057
8|1241|sample|11|69,0.03568,97499.0,3,11,1,143143.0,133036.0,97378.5,97376.1,97378.5,0.00294751,0.00288898
8|1241|sample|11|69,0.1784,48649.0,4,11,1,143143.0,88685.7,68786.8,68762.1,68786.8,-0.674833,-0.675429
8|1241|sample|11|69,0.892,4542.0,5,11,1,143143.0,24403.4,6433.66,6432.91,6433.66,-0.487549,-0.487701
8|1241|sample|11|69,4.46,750.0,6,11,1,143143.0,4180.84,931.902,932.05,931.902,-0.114475,-0.114387
8|1241|sample|11|69,22.3,594.0,7,11,1,143143.0,1200.86,774.93,774.938,774.93,-0.118652,-0.118647
8|1241|sample|11|69,111.5,630.0,8,11,1,143143.0,818.677,765.464,765.486,765.464,-0.0890761,-0.0890624
8|1241|sample|12|69,0.0014272,111500.0,1,12,1,143143.0,141032.0,96876.8,96883.5,96876.8,0.352189,0.352373
8|1241|sample|12|69,0.007136,107277.0,2,12,1,143143.0,139885.0,96847.3,96853.9,96847.3,0.251223,0.251398
8|1241|sample|12|69,0.03568,90454.0,3,12,1,143143.0,131234.0,95761.7,95765.8,95761.7,-0.129439,-0.129344
8|1241|sample|12|69,0.1784,42485.0,4,12,1,143143.0,87486.3,67647.0,67627.3,67647.0,-0.857146,-0.857578
8|1241|sample|12|69,0.892,4900.0,5,12,1,143143.0,24077.1,6333.95,6333.62,6333.95,-0.37362,-0.373692
8|1241|sample|12|69,4.46,576.0,6,12,1,143143.0,4129.29,923.974,924.151,923.974,-0.219376,-0.219274
8|1241|sample|12|69,22.3,596.0,7,12,1,143143.0,1189.78,769.62,769.65,769.62,-0.114038,-0.114019
8|1241|sample|12|69,111.5,724.0,8,12,1,143143.0,818.677,765.464,765.486,765.464,-0.0272751,-0.0272611
8|1241|sample|9|69,0.0004479999999999,120464.0,1,9,1,143143.0,141158.0,96877.6,96884.1,96877.6,0.568162,0.568356
8|1241|sample|9|69,0.00224,125146.0,2,9,1,143143.0,142837.0,98511.1,98511.0,98511.1,0.631478,0.631474
8|1241|sample|9|69,0.0111999999999999,122270.0,3,9,1,143143.0,140765.0,98428.5,98428.1,98428.5,0.565719,0.565708
8|1241|sample|9|69,0.0559999999999999,109131.0,4,9,1,143143.0,125956.0,95450.8,95444.9,95450.8,0.334595,0.33443
8|1241|sample|9|69,0.2799999999999999,54272.0,5,9,1,143143.0,68141.5,45130.6,45108.7,45130.6,0.458951,0.457646
8|1241|sample|9|69,1.4,5582.0,6,9,1,143143.0,14965.1,2906.09,2906.42,2906.09,1.10949,1.10969
8|1241|sample|9|69,7.0,630.0,7,9,1,143143.0,2688.8,829.235,829.306,829.235,-0.128787,-0.128744
8|1241|sample|9|69,35.0,696.0,8,9,1,143143.0,1002.25,766.9,766.925,766.9,-0.046612,-0.0465959
8|1241|sample|10|69,0.0004479999999999,119437.0,1,10,1,143143.0,141158.0,96877.6,96884.2,96877.6,0.543413,0.543608
8|1241|sample|10|69,0.00224,128019.0,2,10,1,143143.0,142837.0,98511.1,98511.1,98511.1,0.69959,0.699589
8|1241|sample|10|69,0.0111999999999999,115226.0,3,10,1,143143.0,140765.0,98428.5,98428.2,98428.5,0.398576,0.398569
8|1241|sample|10|69,0.0559999999999999,98666.0,4,10,1,143143.0,125956.0,95450.8,95445.0,95450.8,0.0787464,0.0785991
8|1241|sample|10|69,0.2799999999999999,43315.0,5,10,1,143143.0,68141.5,45130.6,45108.7,45130.6,-0.0898394,-0.0908918
8|1241|sample|10|69,1.4,4672.0,6,10,1,143143.0,14965.1,2906.09,2906.42,2906.09,0.732138,0.732314
8|1241|sample|10|69,7.0,726.0,7,10,1,143143.0,2688.8,829.235,829.306,829.235,-0.066754,-0.0667093
8|1241|sample|10|69,35.0,620.0,8,10,1,143143.0,1002.25,766.9,766.925,766.9,-0.0965591,-0.0965433
8|1241|sample|3|69,0.0010624,130158.0,1,3,1,143143.0,141084.0,122680.0,122688.0,122680.0,0.143009,0.14317
8|1241|sample|3|69,0.005312,136763.0,2,3,1,143143.0,142227.0,123801.0,123804.0,123801.0,0.245904,0.245973
8|1241|sample|3|69,0.02656,145073.0,3,3,1,143143.0,136096.0,118469.0,118482.0,118469.0,0.526699,0.527017
8|1241|sample|3|69,0.1328,129359.0,4,3,1,143143.0,100895.0,87853.4,87860.3,87853.4,1.09934,1.09961
8|1241|sample|3|69,0.664,56804.0,5,3,1,143143.0,32963.3,28770.5,28733.1,28770.5,2.13397,2.12861
8|1241|sample|3|69,3.32,4212.0,6,3,1,143143.0,5721.1,5077.25,5061.81,5077.25,-0.256887,-0.261048
8|1241|sample|3|69,26.2,688.0,7,3,1,143143.0,1119.87,1075.6,1073.71,1075.6,-0.233875,-0.23491
8|1241|sample|3|69,83.0,726.0,8,3,1,143143.0,843.16,834.201,833.714,834.201,-0.0695201,-0.0698254
8|1241|sample|4|69,0.0010624,125943.0,1,4,1,143143.0,141084.0,122680.0,122688.0,122680.0,0.0623158,0.0624725
8|1241|sample|4|69,0.005312,138587.0,2,4,1,143143.0,142227.0,123801.0,123804.0,123801.0,0.280514,0.280586
8|1241|sample|4|69,0.02656,140654.0,3,4,1,143143.0,136096.0,118469.0,118482.0,118469.0,0.439169,0.439478
8|1241|sample|4|69,0.1328,125268.0,4,4,1,143143.0,100895.0,87853.4,87860.4,87853.4,0.990967,0.991228
8|1241|sample|4|69,0.664,58098.0,5,4,1,143143.0,32963.3,28770.5,28733.1,28770.5,2.23234,2.22687
8|1241|sample|4|69,3.32,3740.0,6,4,1,143143.0,5721.1,5077.25,5061.81,5077.25,-0.399568,-0.403452
8|1241|sample|4|69,16.6,582.0,7,4,1,143143.0,1400.89,1320.0,1316.89,1320.0,-0.419849,-0.421313
8|1241|sample|4|69,83.0,692.0,8,4,1,143143.0,843.16,834.201,833.714,834.201,-0.0914642,-0.0917666
8|1241|cc|1|1|69,0.0,692.0,1,1,0,143143.0,0.0,0.0,0.0,0.0,0.575418,0.575418
8|1241|cc|2|1|69,0.0,714.0,2,1,0,143143.0,0.0,0.0,0.0,0.0,0.593712,0.593712
8|1241|cc|3|1|69,0.0,742.0,3,1,0,143143.0,0.0,0.0,0.0,0.0,0.616994,0.616994
8|1241|cc|4|1|69,0.0,754.0,4,1,0,143143.0,0.0,0.0,0.0,0.0,0.626973,0.626973
8|1241|cc|5|1|69,0.0,770.0,5,1,0,143143.0,0.0,0.0,0.0,0.0,0.640277,0.640277
8|1241|cc|6|1|69,0.0,746.0,6,1,0,143143.0,0.0,0.0,0.0,0.0,0.620321,0.620321
8|1241|cc|7|1|69,0.0,752.0,7,1,0,143143.0,0.0,0.0,0.0,0.0,0.62531,0.62531
8|1241|cc|8|1|69,0.0,784.0,8,1,0,143143.0,0.0,0.0,0.0,0.0,0.651919,0.651919
8|1241|vc|1|2|69,0.0,134396.0,1,2,1,143143.0,141194.0,141191.0,141199.0,141191.0,-0.113504,-0.113379
8|1241|vc|2|2|69,0.0,143827.0,2,2,1,143143.0,143133.0,143130.0,143130.0,143130.0,0.0114757,0.0114757
8|1241|vc|3|2|69,0.0,147132.0,3,2,1,143143.0,143133.0,143130.0,143130.0,143130.0,0.0658895,0.0658895
8|1241|vc|4|2|69,0.0,155723.0,4,2,1,143143.0,143133.0,143130.0,143130.0,143130.0,0.207332,0.207332
8|1241|vc|5|2|69,0.0,155074.0,5,2,1,143143.0,143133.0,143130.0,143130.0,143130.0,0.196647,0.196647
8|1241|vc|6|2|69,0.0,152580.0,6,2,1,143143.0,143133.0,143130.0,143130.0,143130.0,0.155586,0.155586
8|1241|vc|7|2|69,0.0,142167.0,7,2,1,143143.0,143133.0,143130.0,143130.0,143130.0,-0.0158546,-0.0158546
8|1241|vc|8|2|69,0.0,114245.0,8,2,1,143143.0,141194.0,141191.0,141199.0,141191.0,-0.449718,-0.449611
8|474|sample|5|276,0.0006144,132239.0,1,5,1,126520.0,124749.0,120417.0,120424.0,120417.0,0.230349,0.230486
8|474|sample|5|276,0.003072,134624.0,2,5,1,126520.0,126116.0,120867.0,120865.0,120867.0,0.267281,0.267245
8|474|sample|5|276,0.01536,128618.0,3,5,1,126520.0,123383.0,115230.0,115225.0,115230.0,0.272603,0.272474
8|474|sample|5|276,0.0768,115873.0,4,5,1,126520.0,104952.0,94008.3,93995.3,94008.3,0.542865,0.542469
8|474|sample|5|276,0.384,72562.0,5,5,1,126520.0,47712.2,49863.6,49853.1,49863.6,1.03508,1.0344
8|474|sample|5|276,1.92,20404.0,6,5,1,126520.0,9373.27,15664.8,15663.3,15664.8,0.614251,0.614002
8|474|sample|5|276,9.6,3584.0,7,5,1,126520.0,1899.57,4173.03,4173.44,4173.03,-0.200587,-0.200461
8|474|sample|5|276,48.0,1678.0,8,5,1,126520.0,904.586,1473.73,1474.05,1473.73,0.112325,0.112508
8|474|sample|6|276,0.0006144,136505.0,1,6,1,126520.0,124749.0,120417.0,120424.0,120417.0,0.313518,0.313658
8|474|sample|6|276,0.003072,126395.0,2,6,1,126520.0,126116.0,120867.0,120865.0,120867.0,0.107424,0.10739
8|474|sample|6|276,0.01536,119521.0,3,6,1,126520.0,123383.0,115230.0,115225.0,115230.0,0.0874447,0.0873249
8|474|sample|6|276,0.0768,112647.0,4,6,1,126520.0,104952.0,94008.3,93995.3,94008.3,0.462817,0.462431
8|474|sample|6|276,0.384,74357.0,5,6,1,126520.0,47712.2,49863.6,49853.1,49863.6,1.1169,1.1162
8|474|sample|6|276,1.92,20760.0,6,6,1,126520.0,9373.27,15664.8,15663.3,15664.8,0.660378,0.660125
8|474|sample|6|276,9.6,3528.0,7,6,1,126520.0,1899.57,4173.03,4173.44,4173.03,-0.219644,-0.219519
8|474|sample|6|276,48.0,1762.0,8,6,1,126520.0,904.586,1473.73,1474.05,1473.73,0.158587,0.158773
8|474|sample|3|276,6.4e-05,140286.0,1,3,1,126520.0,124794.0,120702.0,120709.0,120702.0,0.38079,0.380942
8|474|sample|3|276,0.00032,140390.0,2,3,1,126520.0,126489.0,122252.0,122251.0,122252.0,0.348458,0.348453
8|474|sample|3|276,0.0016,126011.0,3,3,1,126520.0,126341.0,121597.0,121596.0,121597.0,0.0852553,0.0852362
8|474|sample|3|276,0.008,136248.0,4,3,1,126520.0,125152.0,118521.0,118518.0,118521.0,0.351091,0.351011
8|474|sample|3|276,0.04,123688.0,5,3,1,126520.0,116279.0,105580.0,105570.0,105580.0,0.401598,0.401337
8|474|sample|3|276,0.2,100688.0,6,3,1,126520.0,73935.5,69138.9,69125.3,69138.9,1.05365,1.053
8|474|sample|3|276,1.0,44295.0,7,3,1,126520.0,19183.0,26222.3,26218.0,26222.3,1.49296,1.49238
8|474|sample|3|276,5.0,6292.0,8,3,1,126520.0,3334.8,6972.22,6972.75,6972.22,-0.165916,-0.165797
8|474|sample|4|276,6.4e-05,137562.0,1,4,1,126520.0,124794.0,120702.0,120709.0,120702.0,0.327806,0.327956
8|474|sample|4|276,0.00032,134604.0,2,4,1,126520.0,126489.0,122252.0,122251.0,122252.0,0.237303,0.237298
8|474|sample|4|276,0.0016,133116.0,3,4,1,126520.0,126341.0,121597.0,121596.0,121597.0,0.222467,0.222447
8|474|sample|4|276,0.008,133348.0,4,4,1,126520.0,125152.0,118521.0,118518.0,118521.0,0.293666,0.293588
8|474|sample|4|276,0.04,121193.0,5,4,1,126520.0,116279.0,105580.0,105570.0,105580.0,0.346295,0.346039
8|474|sample|4|276,0.2,98200.0,6,4,1,126520.0,73935.5,69138.9,69125.3,69138.9,0.970593,0.969955
8|474|sample|4|276,1.0,38819.0,7,4,1,126520.0,19183.0,26222.3,26218.0,26222.3,1.0407,1.04019
8|474|sample|4|276,5.0,6826.0,8,4,1,126520.0,3334.8,6972.22,6972.74,6972.22,-0.0357657,-0.0356396
8|474|sample|9|276,0.0003648,135511.0,1,9,1,126520.0,124772.0,91680.0,91686.0,91680.0,1.11401,1.11423
8|474|sample|9|276,0.001824,117258.0,2,9,1,126520.0,126310.0,93037.9,93038.6,93037.9,0.606964,0.606986
8|474|sample|9|276,0.00912,89772.0,3,9,1,126520.0,124903.0,92003.9,92008.0,92003.9,-0.0566452,-0.0565447
8|474|sample|9|276,0.0456,24875.0,4,9,1,126520.0,114558.0,84401.2,84413.7,84401.2,-1.63951,-1.6394
8|474|sample|9|276,0.228,1858.0,5,9,1,126520.0,68661.0,50668.5,50659.2,50668.5,-2.19089,-2.19093
8|474|sample|9|276,1.14,680.0,6,9,1,126520.0,16662.6,12451.4,12427.0,12451.4,-1.84362,-1.84452
8|474|sample|9|276,5.7,720.0,7,9,1,126520.0,2974.56,2391.47,2384.49,2391.47,-0.758503,-0.760674
8|474|sample|9|276,28.5,790.0,8,9,1,126520.0,1038.39,966.645,965.412,966.645,-0.109348,-0.110081
8|474|sample|10|276,0.0003648,136491.0,1,10,1,126520.0,124772.0,91680.0,91686.0,91680.0,1.13892,1.13915
8|474|sample|10|276,0.001824,112487.0,2,10,1,126520.0,126310.0,93037.9,93038.6,93037.9,0.487399,0.487419
8|474|sample|10|276,0.00912,87404.0,3,10,1,126520.0,124903.0,92003.9,92008.0,92003.9,-0.116633,-0.116536
8|474|sample|10|276,0.0456,26053.0,4,10,1,126520.0,114558.0,84401.2,84413.7,84401.2,-1.60707,-1.60696
8|474|sample|10|276,0.228,1910.0,5,10,1,126520.0,68661.0,50668.5,50659.2,50668.5,-2.18856,-2.18859
8|474|sample|10|276,1.14,702.0,6,10,1,126520.0,16662.6,12451.4,12427.0,12451.4,-1.84017,-1.84107
8|474|sample|10|276,5.7,688.0,7,10,1,126520.0,2974.56,2391.47,2384.49,2391.47,-0.773085,-0.775237
8|474|sample|10|276,28.5,768.0,8,10,1,126520.0,1038.39,966.645,965.412,966.645,-0.123062,-0.123791
8|474|sample|8|276,7.68e-05,139337.0,1,8,1,126520.0,124793.0,91695.5,91701.5,91695.5,1.21067,1.2109
8|474|sample|8|276,0.000384,129049.0,2,8,1,126520.0,126484.0,93165.7,93165.8,93165.7,0.89808,0.898084
8|474|sample|8|276,0.00192,112244.0,3,8,1,126520.0,126296.0,93027.7,93028.6,93027.7,0.48161,0.481634
8|474|sample|8|276,0.0096,86461.0,4,8,1,126520.0,124794.0,91923.6,91927.9,91923.6,-0.138611,-0.138508
8|474|sample|8|276,0.048,30862.0,5,8,1,126520.0,113817.0,83856.3,83869.1,83856.3,-1.46881,-1.46867
8|474|sample|8|276,0.24,2300.0,6,8,1,126520.0,66572.4,49133.4,49122.6,49133.4,-2.16416,-2.16421
8|474|sample|8|276,1.2,754.0,7,8,1,126520.0,15759.3,11787.5,11763.6,11787.5,-1.80612,-1.80709
8|474|sample|8|276,6.0,720.0,8,8,1,126520.0,2801.44,2259.12,2252.72,2259.12,-0.716346,-0.718444
8|474|sample|7|276,7.68e-05,132990.0,1,7,1,126520.0,124793.0,91695.5,91701.5,91695.5,1.04936,1.04958
8|474|sample|7|276,0.000384,129527.0,2,7,1,126520.0,126484.0,93165.7,93165.8,93165.7,0.910045,0.910047
8|474|sample|7|276,0.00192,112032.0,3,7,1,126520.0,126296.0,93027.7,93028.5,93027.7,0.476298,0.476321
8|474|sample|7|276,0.0096,80668.0,4,7,1,126520.0,124794.0,91923.6,91927.8,91923.6,-0.285489,-0.285394
8|474|sample|7|276,0.048,30208.0,5,7,1,126520.0,113817.0,83856.3,83869.0,83856.3,-1.48693,-1.4868
8|474|sample|7|276,0.24,1942.0,6,7,1,126520.0,66572.4,49133.4,49122.6,49133.4,-2.18071,-2.18076
8|474|sample|7|276,1.2,666.0,7,7,1,126520.0,15759.3,11787.5,11763.6,11787.5,-1.82055,-1.8215
8|474|sample|7|276,6.0,798.0,8,7,1,126520.0,2801.44,2259.12,2252.72,2259.12,-0.679891,-0.682035
8|474|sample|12|276,0.0003712,121914.0,1,12,1,126520.0,124772.0,98884.6,98890.8,98884.6,0.543811,0.54399
8|474|sample|12|276,0.001856,119881.0,2,12,1,126520.0,124594.0,98884.6,98890.8,98884.6,0.495791,0.495968
8|474|sample|12|276,0.00928,117603.0,3,12,1,126520.0,123175.0,98882.5,98888.7,98882.5,0.442045,0.442218
8|474|sample|12|276,0.0464,87318.0,4,12,1,126520.0,112763.0,98499.6,98504.4,98499.6,-0.265231,-0.265131
8|474|sample|12|276,0.2319999999999999,26931.0,5,12,1,126520.0,67035.8,58112.0,58079.6,58112.0,-1.2282,-1.22883
8|474|sample|12|276,1.16,1852.0,6,12,1,126520.0,16134.3,1525.54,1526.11,1525.54,0.177367,0.177699
8|474|sample|12|276,5.8,644.0,7,12,1,126520.0,2891.62,771.175,771.209,771.175,-0.0835038,-0.0834825
8|474|sample|12|276,29.0,664.0,8,12,1,126520.0,1032.32,766.964,766.985,766.964,-0.0676806,-0.0676669
8|474|sample|11|276,0.0003712,134430.0,1,11,1,126520.0,124772.0,98884.6,98890.8,98884.6,0.839441,0.839638
8|474|sample|11|276,0.001856,130150.0,2,11,1,126520.0,126305.0,100421.0,100421.0,100421.0,0.691803,0.691801
8|474|sample|11|276,0.00928,116133.0,3,11,1,126520.0,124867.0,100419.0,100419.0,100419.0,0.365682,0.36568
8|474|sample|11|276,0.0464,92512.0,4,11,1,126520.0,114311.0,100030.0,100029.0,100030.0,-0.17558,-0.175612
8|474|sample|11|276,0.2319999999999999,31016.0,5,11,1,126520.0,67953.9,59012.2,58975.5,59012.2,-1.08649,-1.08727
8|474|sample|11|276,1.16,1746.0,6,11,1,126520.0,16351.2,1542.62,1543.13,1542.62,0.109988,0.110275
8|474|sample|11|276,5.8,650.0,7,11,1,126520.0,2926.13,776.489,776.502,776.489,-0.0829195,-0.0829118
8|474|sample|11|276,29.0,692.0,8,11,1,126520.0,1032.32,766.964,766.985,766.964,-0.0492793,-0.0492655
8|474|cc|1|1|276,0.0,688.0,1,1,0,126520.0,0.0,0.0,0.0,0.0,0.572092,0.572092
8|474|cc|2|1|276,0.0,722.0,2,1,0,126520.0,0.0,0.0,0.0,0.0,0.600364,0.600364
8|474|cc|3|1|276,0.0,726.0,3,1,0,126520.0,0.0,0.0,0.0,0.0,0.60369,0.60369
8|474|cc|4|1|276,0.0,740.0,4,1,0,126520.0,0.0,0.0,0.0,0.0,0.615331,0.615331
8|474|cc|5|1|276,0.0,730.0,5,1,0,126520.0,0.0,0.0,0.0,0.0,0.607016,0.607016
8|474|cc|6|1|276,0.0,798.0,6,1,0,126520.0,0.0,0.0,0.0,0.0,0.66356,0.66356
8|474|cc|7|1|276,0.0,812.0,7,1,0,126520.0,0.0,0.0,0.0,0.0,0.675201,0.675201
8|474|cc|8|1|276,0.0,708.0,8,1,0,126520.0,0.0,0.0,0.0,0.0,0.588722,0.588722
8|474|vc|1|2|276,0.0,128388.0,1,2,1,126520.0,124797.0,124792.0,124799.0,124792.0,0.0675704,0.0677049
8|474|vc|2|2|276,0.0,126824.0,2,2,1,126520.0,126510.0,126506.0,126506.0,126506.0,0.00591064,0.00591064
8|474|vc|3|2|276,0.0,135976.0,3,2,1,126520.0,126510.0,126506.0,126506.0,126506.0,0.175948,0.175948
8|474|vc|4|2|276,0.0,130086.0,4,2,1,126520.0,126510.0,126506.0,126506.0,126506.0,0.0665162,0.0665162
8|474|vc|5|2|276,0.0,126830.0,5,2,1,126520.0,126510.0,126506.0,126506.0,126506.0,0.00602212,0.00602212
8|474|vc|6|2|276,0.0,130250.0,6,2,1,126520.0,126510.0,126506.0,126506.0,126506.0,0.0695632,0.0695632
8|474|vc|7|2|276,0.0,124477.0,7,2,1,126520.0,126510.0,126506.0,126506.0,126506.0,-0.0376949,-0.0376949
8|474|vc|8|2|276,0.0,109329.0,8,2,1,126520.0,124797.0,124792.0,124799.0,124792.0,-0.291265,-0.29115
8|1056|sample|8|276,0.0016767999999999,118740.0,1,8,1,122846.625,121001.0,96526.9,96533.7,96526.9,0.53695,0.537151
8|1056|sample|8|276,0.0083839999999999,113636.0,2,8,1,122846.625,121437.0,97042.9,97046.9,97042.9,0.399065,0.399178
8|1056|sample|8|276,0.04192,84503.0,3,8,1,122846.625,112333.0,89780.0,89793.0,89780.0,-0.137215,-0.136898
8|1056|sample|8|276,0.2096,42717.0,4,8,1,122846.625,69978.6,55987.1,55980.0,55987.1,-0.541617,-0.541842
8|1056|sample|8|276,1.048,4102.0,5,8,1,122846.625,17734.7,14304.1,14277.4,14304.1,-1.42485,-1.42637
8|1056|sample|8|276,5.24,716.0,6,8,1,122846.625,3152.73,2669.85,2661.89,2669.85,-0.842436,-0.844675
8|1056|sample|8|276,26.2,656.0,7,8,1,122846.625,1070.22,1008.34,1006.85,1008.34,-0.216384,-0.21722
8|1056|sample|8|276,131.0,828.0,8,8,1,122846.625,802.732,793.827,793.611,793.827,0.0224365,0.0222944
8|1056|sample|7|276,0.0016767999999999,121659.0,1,7,1,122846.625,121001.0,96526.9,96533.9,96526.9,0.607527,0.607737
8|1056|sample|7|276,0.0083839999999999,115654.0,2,7,1,122846.625,121437.0,97042.9,97047.1,97042.9,0.447606,0.447725
8|1056|sample|7|276,0.04192,88699.0,3,7,1,122846.625,112333.0,89780.0,89793.1,89780.0,-0.0283802,-0.0280445
8|1056|sample|7|276,0.2096,41994.0,4,7,1,122846.625,69978.6,55987.1,55980.1,55987.1,-0.571144,-0.571363
8|1056|sample|7|276,1.048,3906.0,5,7,1,122846.625,17734.7,14304.1,14277.4,14304.1,-1.4523,-1.45377
8|1056|sample|7|276,5.24,700.0,6,7,1,122846.625,3152.73,2669.85,2661.89,2669.85,-0.849364,-0.851592
8|1056|sample|7|276,26.2,682.0,7,7,1,122846.625,1070.22,1008.34,1006.85,1008.34,-0.200349,-0.20119
8|1056|sample|7|276,131.0,978.0,8,7,1,122846.625,802.732,793.827,793.611,793.827,0.120302,0.120154
8|1056|sample|6|276,0.0004351999999999,124775.0,1,6,1,122846.625,121143.0,96640.2,96646.6,96640.2,0.679375,0.679574
8|1056|sample|6|276,0.0021759999999999,126207.0,2,6,1,122846.625,122592.0,97965.1,97966.3,97965.1,0.673164,0.673201
8|1056|sample|6|276,0.0108799999999999,119281.0,3,6,1,122846.625,120881.0,96599.3,96604.7,96599.3,0.547925,0.548083
8|1056|sample|6|276,0.0543999999999999,96692.0,4,6,1,122846.625,108590.0,86793.4,86807.3,86793.4,0.26493,0.265345
8|1056|sample|6|276,0.2719999999999999,31741.0,5,6,1,122846.625,59685.0,47774.3,47759.3,47774.3,-0.760303,-0.760789
8|1056|sample|6|276,1.36,2592.0,6,6,1,122846.625,13360.9,10814.4,10790.9,10814.4,-1.44065,-1.4423
8|1056|sample|6|276,6.8,696.0,7,6,1,122846.625,2477.75,2131.32,2125.15,2131.32,-0.684927,-0.687039
8|1056|sample|6|276,34.0,792.0,8,6,1,122846.625,976.376,932.124,931.057,932.124,-0.0874637,-0.0881104
8|1056|sample|5|276,0.0004351999999999,127222.0,1,5,1,122846.625,121143.0,96640.2,96646.5,96640.2,0.738482,0.73868
8|1056|sample|5|276,0.0021759999999999,128464.0,2,5,1,122846.625,122592.0,97965.1,97966.1,97965.1,0.726968,0.727001
8|1056|sample|5|276,0.0108799999999999,127679.0,3,5,1,122846.625,120881.0,96599.3,96604.5,96599.3,0.750849,0.751014
8|1056|sample|5|276,0.0543999999999999,99273.0,4,5,1,122846.625,108590.0,86793.4,86807.2,86793.4,0.33411,0.334532
8|1056|sample|5|276,0.2719999999999999,30808.0,5,5,1,122846.625,59685.0,47774.3,47759.3,47774.3,-0.804585,-0.80506
8|1056|sample|5|276,1.36,2194.0,6,5,1,122846.625,13360.9,10814.4,10790.9,10814.4,-1.51058,-1.51211
8|1056|sample|5|276,6.8,672.0,7,5,1,122846.625,2477.75,2131.32,2125.15,2131.32,-0.696428,-0.698527
8|1056|sample|5|276,34.0,838.0,8,5,1,122846.625,976.376,932.124,931.057,932.124,-0.0585305,-0.0591855
8|1056|sample|12|276,0.0014272,103621.0,1,12,1,122846.625,121033.0,83509.5,83515.9,83509.5,0.559382,0.559602
8|1056|sample|12|276,0.007136,90392.0,2,12,1,122846.625,120050.0,82833.2,82842.0,82833.2,0.211715,0.211983
8|1056|sample|12|276,0.03568,45926.0,3,12,1,122846.625,112633.0,77729.8,77745.6,77729.8,-0.948668,-0.948383
8|1056|sample|12|276,0.1784,8166.0,4,12,1,122846.625,75122.3,51922.4,51924.2,51922.4,-1.91915,-1.91914
8|1056|sample|12|276,0.892,754.0,5,12,1,122846.625,20753.6,14516.2,14493.2,14516.2,-1.90001,-1.90067
8|1056|sample|12|276,4.46,634.0,6,12,1,122846.625,3649.82,2748.7,2740.96,2748.7,-0.899364,-0.901429
8|1056|sample|12|276,22.3,642.0,7,12,1,122846.625,1129.41,1014.67,1013.2,1014.67,-0.228562,-0.229382
8|1056|sample|12|276,111.5,824.0,8,12,1,122846.625,811.216,795.754,795.529,795.754,0.0185661,0.0184183
8|1056|sample|11|276,0.0014272,105151.0,1,11,1,122846.625,121033.0,83509.5,83515.9,83509.5,0.601952,0.602174
8|1056|sample|11|276,0.007136,95978.0,2,11,1,122846.625,121699.0,84227.1,84230.2,84227.1,0.324177,0.324276
8|1056|sample|11|276,0.03568,58120.0,3,11,1,122846.625,114179.0,79037.3,79048.0,79037.3,-0.614029,-0.613796
8|1056|sample|11|276,0.1784,10642.0,4,11,1,122846.625,76151.9,52793.3,52791.4,52793.3,-1.81981,-1.81983
8|1056|sample|11|276,0.892,906.0,5,11,1,122846.625,21034.2,14754.1,14729.8,14754.1,-1.88604,-1.88675
8|1056|sample|11|276,4.46,610.0,6,11,1,122846.625,3694.79,2787.5,2779.47,2787.5,-0.919758,-0.921857
8|1056|sample|11|276,22.3,712.0,7,11,1,122846.625,1139.66,1024.13,1022.59,1024.13,-0.190786,-0.191654
8|1056|sample|11|276,111.5,888.0,8,11,1,122846.625,811.216,795.754,795.529,795.754,0.0603004,0.0601501
8|1056|sample|10|276,0.0004479999999999,119885.0,1,10,1,122846.625,121142.0,83584.3,83590.3,83584.3,1.00896,1.0092
8|1056|sample|10|276,0.00224,122847.0,2,10,1,122846.625,122583.0,84837.2,84838.3,84837.2,1.04158,1.04162
8|1056|sample|10|276,0.0111999999999999,100100.0,3,10,1,122846.625,120807.0,83611.3,83616.0,83611.3,0.458102,0.458259
8|1056|sample|10|276,0.0559999999999999,61989.0,4,10,1,122846.625,108109.0,74848.0,74860.1,74848.0,-0.397979,-0.397667
8|1056|sample|10|276,0.2799999999999999,9934.0,5,10,1,122846.625,58536.7,40636.2,40622.5,40636.2,-1.69552,-1.69574
8|1056|sample|10|276,1.4,774.0,6,10,1,122846.625,12941.5,9169.02,9149.01,9169.02,-1.67226,-1.67348
8|1056|sample|10|276,7.0,638.0,7,10,1,122846.625,2415.46,1904.6,1899.41,1904.6,-0.633025,-0.63494
8|1056|sample|10|276,35.0,822.0,8,10,1,122846.625,968.617,904.043,903.155,904.043,-0.0514198,-0.0519707
8|1056|sample|9|276,0.0004479999999999,120198.0,1,9,1,122846.625,121142.0,83584.3,83590.1,83584.3,1.01767,1.0179
8|1056|sample|9|276,0.00224,115424.0,2,9,1,122846.625,122583.0,84837.2,84838.1,84837.2,0.838165,0.838199
8|1056|sample|9|276,0.0111999999999999,104040.0,3,9,1,122846.625,120807.0,83611.3,83615.9,83611.3,0.567604,0.567761
8|1056|sample|9|276,0.0559999999999999,62803.0,4,9,1,122846.625,108109.0,74848.0,74859.9,74848.0,-0.372806,-0.372494
8|1056|sample|9|276,0.2799999999999999,11416.0,5,9,1,122846.625,58536.7,40636.2,40622.5,40636.2,-1.61364,-1.61389
8|1056|sample|9|276,1.4,788.0,6,9,1,122846.625,12941.5,9169.02,9149.0,9169.02,-1.66947,-1.67069
8|1056|sample|9|276,7.0,614.0,7,9,1,122846.625,2415.46,1904.6,1899.41,1904.6,-0.645068,-0.646971
8|1056|sample|9|276,35.0,832.0,8,9,1,122846.625,968.617,904.043,903.154,904.043,-0.0450836,-0.0456362
8|1056|sample|4|276,0.0010624,123910.0,1,4,1,122846.625,121078.0,95261.0,95266.9,95261.0,0.70153,0.701719
8|1056|sample|4|276,0.005312,126950.0,2,4,1,122846.625,122059.0,96747.3,96747.3,96747.3,0.72874,0.728738
8|1056|sample|4|276,0.02656,105914.0,3,4,1,122846.625,116803.0,96685.3,96684.9,96685.3,0.22282,0.222812
8|1056|sample|4|276,0.1328,55539.0,4,4,1,122846.625,86620.2,86663.6,86643.1,86663.6,-0.835182,-0.835542
8|1056|sample|4|276,0.664,6766.0,5,4,1,122846.625,28373.8,5096.91,5096.53,5096.91,0.502469,0.502329
8|1056|sample|4|276,3.32,686.0,6,4,1,122846.625,5015.45,797.271,797.323,797.271,-0.0725585,-0.0725254
8|1056|sample|4|276,16.6,742.0,7,4,1,122846.625,1311.17,772.327,772.328,772.327,-0.0199019,-0.0199015
8|1056|sample|4|276,83.0,876.0,8,4,1,122846.625,832.208,766.941,766.962,766.941,0.0716586,0.0716731
8|1056|sample|3|276,0.0010624,130132.0,1,3,1,122846.625,121078.0,95261.0,95267.0,95261.0,0.853919,0.854118
8|1056|sample|3|276,0.005312,127154.0,2,3,1,122846.625,122059.0,96747.3,96747.3,96747.3,0.73366,0.73366
8|1056|sample|3|276,0.02656,111063.0,3,3,1,122846.625,116803.0,96685.3,96685.0,96685.3,0.347133,0.347125
8|1056|sample|3|276,0.1328,53602.0,4,3,1,122846.625,86620.2,86663.6,86643.1,86663.6,-0.887193,-0.887541
8|1056|sample|3|276,0.664,5384.0,5,3,1,122846.625,28373.8,5096.91,5096.53,5096.91,0.0865206,0.0864018
8|1056|sample|3|276,3.32,738.0,6,3,1,122846.625,5015.45,797.271,797.323,797.271,-0.0386658,-0.0386322
8|1056|sample|3|276,16.6,690.0,7,3,1,122846.625,1311.17,772.327,772.328,772.327,-0.0540258,-0.0540254
8|1056|sample|3|276,83.0,842.0,8,3,1,122846.625,832.208,766.941,766.962,766.941,0.0493141,0.0493284
8|1056|cc|1|1|276,0.0,686.0,1,1,0,122846.625,0.0,0.0,0.0,0.0,0.570429,0.570429
8|1056|cc|2|1|276,0.0,688.0,2,1,0,122846.625,0.0,0.0,0.0,0.0,0.572092,0.572092
8|1056|cc|3|1|276,0.0,708.0,3,1,0,122846.625,0.0,0.0,0.0,0.0,0.588722,0.588722
8|1056|cc|4|1|276,0.0,700.0,4,1,0,122846.625,0.0,0.0,0.0,0.0,0.58207,0.58207
8|1056|cc|5|1|276,0.0,734.0,5,1,0,122846.625,0.0,0.0,0.0,0.0,0.610342,0.610342
8|1056|cc|6|1|276,0.0,694.0,6,1,0,122846.625,0.0,0.0,0.0,0.0,0.577081,0.577081
8|1056|cc|7|1|276,0.0,744.0,7,1,0,122846.625,0.0,0.0,0.0,0.0,0.618657,0.618657
8|1056|cc|8|1|276,0.0,756.0,8,1,0,122846.625,0.0,0.0,0.0,0.0,0.628636,0.628636
8|1056|vc|1|2|276,0.0,125929.0,1,2,1,122846.625,121173.0,121169.0,121175.0,121169.0,0.0921155,0.0922512
8|1056|vc|2|2|276,0.0,128067.0,2,2,1,122846.625,122837.0,122832.0,122832.0,122832.0,0.100095,0.100095
8|1056|vc|3|2|276,0.0,126059.0,3,2,1,122846.625,122837.0,122832.0,122832.0,122832.0,0.0616976,0.0616976
8|1056|vc|4|2|276,0.0,129668.0,4,2,1,122846.625,122837.0,122832.0,122832.0,122832.0,0.130709,0.130709
8|1056|vc|5|2|276,0.0,124889.0,5,2,1,122846.625,122837.0,122832.0,122832.0,122832.0,0.0393247,0.0393247
8|1056|vc|6|2|276,0.0,120436.0,6,2,1,122846.625,122837.0,122832.0,122832.0,122832.0,-0.045826,-0.045826
8|1056|vc|7|2|276,0.0,119889.0,7,2,1,122846.625,122837.0,122832.0,122832.0,122832.0,-0.0562858,-0.0562858
8|1056|vc|8|2|276,0.0,107836.0,8,2,1,122846.625,121173.0,121169.0,121175.0,121169.0,-0.258482,-0.258366
8|462|sample|6|292,0.0006144,102350.0,1,6,1,129563.0,127749.0,118746.0,118748.0,118746.0,-0.324094,-0.324062
8|462|sample|6|292,0.003072,113884.0,2,6,1,129563.0,129150.0,112575.0,112568.0,112575.0,0.0273984,0.0272557
8|462|sample|6|292,0.01536,121365.0,3,6,1,129563.0,126350.0,99751.1,99742.8,99751.1,0.506478,0.506245
8|462|sample|6|292,0.0768,98102.0,4,6,1,129563.0,107473.0,81385.7,81377.9,81385.7,0.477119,0.476854
8|462|sample|6|292,0.384,76259.0,5,6,1,129563.0,48848.2,59677.0,59672.0,59677.0,0.637385,0.637143
8|462|sample|6|292,1.92,51729.0,6,6,1,129563.0,9581.44,39149.7,39148.3,39149.7,0.719453,0.719344
8|462|sample|6|292,9.6,27657.0,7,6,1,129563.0,1926.86,23451.7,23452.5,23451.7,0.383694,0.383788
8|462|sample|6|292,48.0,13804.0,8,6,1,129563.0,907.931,13109.9,13112.2,13109.9,0.103919,0.104291
8|462|sample|5|292,0.0006144,100518.0,1,5,1,129563.0,127749.0,118746.0,118748.0,118746.0,-0.360302,-0.36027
8|462|sample|5|292,0.003072,130424.0,2,5,1,129563.0,129150.0,112575.0,112568.0,112575.0,0.371795,0.371633
8|462|sample|5|292,0.01536,129379.0,3,5,1,129563.0,126350.0,99751.1,99742.8,99751.1,0.694199,0.69395
8|462|sample|5|292,0.0768,104544.0,4,5,1,129563.0,107473.0,81385.7,81377.9,81385.7,0.660902,0.66062
8|462|sample|5|292,0.384,71521.0,5,5,1,129563.0,48848.2,59677.0,59672.0,59677.0,0.455319,0.455091
8|462|sample|5|292,1.92,57664.0,6,5,1,129563.0,9581.44,39149.7,39148.3,39149.7,1.05886,1.05874
8|462|sample|5|292,9.6,30300.0,7,5,1,129563.0,1926.86,23451.7,23452.5,23451.7,0.624892,0.624993
8|462|sample|5|292,48.0,15085.0,8,5,1,129563.0,907.931,13109.9,13112.2,13109.9,0.296357,0.296757
8|462|sample|4|292,6.4e-05,104240.0,1,4,1,129563.0,127796.0,124148.0,124153.0,124148.0,-0.376816,-0.376745
8|462|sample|4|292,0.00032,128947.0,2,4,1,129563.0,129532.0,122468.0,122464.0,122468.0,0.12434,0.124259
8|462|sample|4|292,0.0016,136467.0,3,4,1,129563.0,129380.0,116259.0,116253.0,116259.0,0.407884,0.407743
8|462|sample|4|292,0.008,138746.0,4,4,1,129563.0,128162.0,105633.0,105625.0,105633.0,0.733777,0.733552
8|462|sample|4|292,0.04,119405.0,5,4,1,129563.0,119074.0,89430.0,89421.8,89430.0,0.780852,0.780567
8|462|sample|4|292,0.2,86679.0,6,4,1,129563.0,75706.2,68610.4,68604.1,68610.4,0.607789,0.607522
8|462|sample|4|292,1.0,49742.0,7,4,1,129563.0,19628.6,47033.1,47030.3,47033.1,0.130591,0.130447
8|462|sample|4|292,5.0,30602.0,8,4,1,129563.0,3396.96,28731.9,28733.7,28731.9,0.142031,0.142169
8|462|sample|3|292,6.4e-05,108562.0,1,3,1,129563.0,127796.0,124148.0,124153.0,124148.0,-0.295029,-0.294955
8|462|sample|3|292,0.00032,130392.0,2,3,1,129563.0,129532.0,122468.0,122464.0,122468.0,0.152053,0.151971
8|462|sample|3|292,0.0016,132645.0,3,3,1,129563.0,129380.0,116259.0,116253.0,116259.0,0.330763,0.330627
8|462|sample|3|292,0.008,136907.0,4,3,1,129563.0,128162.0,105633.0,105625.0,105633.0,0.693035,0.692813
8|462|sample|3|292,0.04,113528.0,5,3,1,129563.0,119074.0,89430.0,89421.8,89430.0,0.627797,0.627526
8|462|sample|3|292,0.2,82203.0,6,3,1,129563.0,75706.2,68610.4,68604.1,68610.4,0.457278,0.457025
8|462|sample|3|292,1.0,54160.0,7,3,1,129563.0,19628.6,47033.1,47030.3,47033.1,0.343352,0.343196
8|462|sample|3|292,5.0,30876.0,8,3,1,129563.0,3396.96,28731.9,28733.7,28731.9,0.16286,0.162999
8|462|sample|9|292,0.0003648,110763.0,1,9,1,129563.0,127773.0,82066.6,82072.5,82066.6,0.811815,0.81204
8|462|sample|9|292,0.001824,99793.0,2,9,1,129563.0,129348.0,83392.9,83393.6,83392.9,0.456927,0.456951
8|462|sample|9|292,0.00912,104612.0,3,9,1,129563.0,127907.0,82467.0,82470.7,82467.0,0.62358,0.623713
8|462|sample|9|292,0.0456,29106.0,4,9,1,129563.0,117312.0,75658.9,75670.2,75658.9,-1.42494,-1.4248
8|462|sample|9|292,0.228,1898.0,5,9,1,129563.0,70304.0,45453.2,45445.0,45453.2,-2.1659,-2.16594
8|462|sample|9|292,1.14,602.0,6,9,1,129563.0,17047.2,11232.3,11210.4,11232.3,-1.80857,-1.80949
8|462|sample|9|292,5.7,556.0,7,9,1,129563.0,3027.88,2223.89,2217.65,2223.89,-0.781935,-0.783915
8|462|sample|9|292,28.5,492.0,8,9,1,129563.0,1044.98,947.155,946.056,947.155,-0.284474,-0.285081
8|462|sample|10|292,0.0003648,102838.0,1,10,1,129563.0,127773.0,82066.6,82072.7,82066.6,0.587566,0.587782
8|462|sample|10|292,0.001824,109527.0,2,10,1,129563.0,129348.0,83392.9,83393.8,83392.9,0.728134,0.728166
8|462|sample|10|292,0.00912,75302.0,3,10,1,129563.0,127907.0,82467.0,82470.9,82467.0,-0.201901,-0.2018
8|462|sample|10|292,0.0456,30834.0,4,10,1,129563.0,117312.0,75658.9,75670.3,75658.9,-1.37206,-1.37191
8|462|sample|10|292,0.228,1866.0,5,10,1,129563.0,70304.0,45453.2,45445.1,45453.2,-2.16749,-2.16753
8|462|sample|10|292,1.14,542.0,6,10,1,129563.0,17047.2,11232.3,11210.4,11232.3,-1.8188,-1.8197
8|462|sample|10|292,5.7,526.0,7,10,1,129563.0,3027.88,2223.89,2217.65,2223.89,-0.796053,-0.798015
8|462|sample|10|292,28.5,550.0,8,10,1,129563.0,1044.98,947.155,946.056,947.155,-0.248137,-0.248754
8|462|sample|7|292,7.68e-05,94296.0,1,7,1,129563.0,127795.0,82080.5,82086.4,82080.5,0.345421,0.345614
8|462|sample|7|292,0.000384,117953.0,2,7,1,129563.0,129526.0,83507.3,83507.6,83507.3,0.958467,0.958476
8|462|sample|7|292,0.00192,127709.0,3,7,1,129563.0,129334.0,83383.8,83384.7,83383.8,1.23511,1.23515
8|462|sample|7|292,0.0096,104166.0,4,7,1,129563.0,127795.0,82395.0,82399.0,82395.0,0.613554,0.613696
8|462|sample|7|292,0.048,34555.0,5,7,1,129563.0,116553.0,75171.0,75182.5,75171.0,-1.25103,-1.25086
8|462|sample|7|292,0.24,2124.0,6,7,1,129563.0,68164.8,44078.7,44069.1,44078.7,-2.14735,-2.14741
8|462|sample|7|292,1.2,604.0,7,7,1,129563.0,16122.0,10637.8,10616.4,10637.8,-1.78202,-1.78301
8|462|sample|7|292,6.0,570.0,8,7,1,129563.0,2850.69,2103.02,2097.3,2103.02,-0.736053,-0.737962
8|462|sample|8|292,7.68e-05,101781.0,1,8,1,129563.0,127795.0,82080.5,82086.3,82080.5,0.557185,0.557387
8|462|sample|8|292,0.000384,127577.0,2,8,1,129563.0,129526.0,83507.3,83507.4,83507.3,1.22627,1.22627
8|462|sample|8|292,0.00192,127445.0,3,8,1,129563.0,129334.0,83383.8,83384.5,83383.8,1.22776,1.22779
8|462|sample|8|292,0.0096,110699.0,4,8,1,129563.0,127795.0,82395.0,82398.8,82395.0,0.797708,0.797853
8|462|sample|8|292,0.048,35462.0,5,8,1,129563.0,116553.0,75171.0,75182.4,75171.0,-1.2231,-1.22293
8|462|sample|8|292,0.24,2200.0,6,8,1,129563.0,68164.8,44078.7,44069.1,44078.7,-2.14346,-2.14352
8|462|sample|8|292,1.2,518.0,7,8,1,129563.0,16122.0,10637.8,10616.4,10637.8,-1.79733,-1.79829
8|462|sample|8|292,6.0,538.0,8,8,1,129563.0,2850.69,2103.02,2097.3,2103.02,-0.751474,-0.753366
8|462|sample|11|292,0.0003712,100654.0,1,11,1,129563.0,127773.0,92790.4,92796.8,92790.4,0.197407,0.197581
8|462|sample|11|292,0.001856,107033.0,2,11,1,129563.0,129343.0,94172.0,94173.0,94172.0,0.31852,0.318546
8|462|sample|11|292,0.00928,111878.0,3,11,1,129563.0,127870.0,93101.7,93106.1,93101.7,0.470112,0.470243
8|462|sample|11|292,0.0464,96908.0,4,11,1,129563.0,117059.0,85248.4,85261.4,85248.4,0.317628,0.318028
8|462|sample|11|292,0.2319999999999999,62831.0,5,11,1,129563.0,69579.7,50756.4,50746.6,50756.4,0.541635,0.541098
8|462|sample|11|292,1.16,11954.0,6,11,1,129563.0,16728.3,12361.5,12337.0,12361.5,-0.0604625,-0.0642297
8|462|sample|11|292,5.8,712.0,7,11,1,129563.0,2978.28,2373.02,2366.09,2373.02,-0.756399,-0.75857
8|462|sample|11|292,29.0,526.0,8,11,1,129563.0,1038.76,962.222,960.999,962.222,-0.271478,-0.272155
8|462|sample|12|292,0.0003712,92444.0,1,12,1,129563.0,127773.0,92790.4,92796.7,92790.4,-0.00886096,-0.00870443
8|462|sample|12|292,0.001856,89758.0,2,12,1,129563.0,127591.0,92658.9,92665.9,92658.9,-0.0731587,-0.0729895
8|462|sample|12|292,0.00928,86511.0,3,12,1,129563.0,126138.0,91605.9,91616.2,91605.9,-0.129867,-0.12962
8|462|sample|12|292,0.0464,76016.0,4,12,1,129563.0,115474.0,83879.4,83897.6,83879.4,-0.218325,-0.217866
8|462|sample|12|292,0.2319999999999999,48569.0,5,12,1,129563.0,68639.6,49944.2,49937.8,49944.2,-0.0622902,-0.062574
8|462|sample|12|292,1.16,9584.0,6,12,1,129563.0,16506.2,12169.1,12145.8,12169.1,-0.409576,-0.41267
8|462|sample|12|292,5.8,838.0,7,12,1,129563.0,2943.05,2341.91,2335.21,2341.91,-0.688706,-0.690902
8|462|sample|12|292,29.0,604.0,8,12,1,129563.0,1038.76,962.222,960.999,962.222,-0.222799,-0.223492
8|462|cc|1|1|292,0.0,566.0,1,1,0,129563.0,0.0,0.0,0.0,0.0,0.470645,0.470645
8|462|cc|2|1|292,0.0,562.0,2,1,0,129563.0,0.0,0.0,0.0,0.0,0.467319,0.467319
8|462|cc|3|1|292,0.0,584.0,3,1,0,129563.0,0.0,0.0,0.0,0.0,0.485613,0.485613
8|462|cc|4|1|292,0.0,656.0,4,1,0,129563.0,0.0,0.0,0.0,0.0,0.545483,0.545483
8|462|cc|5|1|292,0.0,696.0,5,1,0,129563.0,0.0,0.0,0.0,0.0,0.578744,0.578744
8|462|cc|6|1|292,0.0,706.0,6,1,0,129563.0,0.0,0.0,0.0,0.0,0.587059,0.587059
8|462|cc|7|1|292,0.0,668.0,7,1,0,129563.0,0.0,0.0,0.0,0.0,0.555461,0.555461
8|462|cc|8|1|292,0.0,710.0,8,1,0,129563.0,0.0,0.0,0.0,0.0,0.590386,0.590386
8|462|vc|1|2|292,0.0,109457.0,1,2,1,129563.0,127798.0,127789.0,127796.0,127789.0,-0.337366,-0.337254
8|462|vc|2|2|292,0.0,135900.0,2,2,1,129563.0,129553.0,129544.0,129544.0,129544.0,0.115379,0.115379
8|462|vc|3|2|292,0.0,145948.0,3,2,1,129563.0,129553.0,129544.0,129544.0,129544.0,0.297781,0.297781
8|462|vc|4|2|292,0.0,141437.0,4,2,1,129563.0,129553.0,129544.0,129544.0,129544.0,0.215892,0.215892
8|462|vc|5|2|292,0.0,134947.0,5,2,1,129563.0,129553.0,129544.0,129544.0,129544.0,0.0980791,0.0980791
8|462|vc|6|2|292,0.0,143094.0,6,2,1,129563.0,129553.0,129544.0,129544.0,129544.0,0.245972,0.245972
8|462|vc|7|2|292,0.0,130244.0,7,2,1,129563.0,129553.0,129544.0,129544.0,129544.0,0.0127054,0.0127054
8|462|vc|8|2|292,0.0,95477.0,8,2,1,129563.0,127798.0,127789.0,127796.0,127789.0,-0.59454,-0.594441
8|1159|sample|8|292,0.0016767999999999,99593.0,1,8,1,132841.25,130846.0,104863.0,104870.0,104863.0,-0.117718,-0.117583
8|1159|sample|8|292,0.0083839999999999,116325.0,2,8,1,132841.25,131316.0,106069.0,106068.0,106069.0,0.226315,0.226296
8|1159|sample|8|292,0.04192,106706.0,3,8,1,132841.25,121468.0,100968.0,100963.0,100968.0,0.132952,0.132811
8|1159|sample|8|292,0.2096,68255.0,4,8,1,132841.25,75645.2,62290.6,62271.9,62290.6,0.220739,0.219987
8|1159|sample|8|292,1.048,14589.0,5,8,1,132841.25,19123.6,11006.8,11003.4,11006.8,0.620394,0.619659
8|1159|sample|8|292,5.24,848.0,6,8,1,132841.25,3347.7,1637.58,1637.58,1637.58,-0.419149,-0.419151
8|1159|sample|8|292,26.2,548.0,7,8,1,132841.25,1094.67,838.929,838.953,838.929,-0.187522,-0.187507
8|1159|sample|8|292,131.0,584.0,8,8,1,132841.25,805.711,771.572,771.597,771.572,-0.123131,-0.123115
8|1159|sample|7|292,0.0016767999999999,101433.0,1,7,1,132841.25,130846.0,104863.0,104870.0,104863.0,-0.07667,-0.0765305
8|1159|sample|7|292,0.0083839999999999,119429.0,2,7,1,132841.25,131316.0,106069.0,106068.0,106069.0,0.294801,0.294783
8|1159|sample|7|292,0.04192,110627.0,3,7,1,132841.25,121468.0,100968.0,100963.0,100968.0,0.223718,0.223573
8|1159|sample|7|292,0.2096,72057.0,4,7,1,132841.25,75645.2,62290.6,62271.9,62290.6,0.361007,0.360217
8|1159|sample|7|292,1.048,16805.0,5,7,1,132841.25,19123.6,11006.8,11003.4,11006.8,1.00381,1.00299
8|1159|sample|7|292,5.24,794.0,6,7,1,132841.25,3347.7,1637.58,1637.58,1637.58,-0.447815,-0.447817
8|1159|sample|7|292,26.2,548.0,7,7,1,132841.25,1094.67,838.929,838.953,838.929,-0.187522,-0.187507
8|1159|sample|7|292,131.0,586.0,8,7,1,132841.25,805.711,771.572,771.597,771.572,-0.121818,-0.121803
8|1159|sample|5|292,0.0004351999999999,97161.0,1,5,1,132841.25,131000.0,104893.0,104900.0,104893.0,-0.172601,-0.172469
8|1159|sample|5|292,0.0021759999999999,125765.0,2,5,1,132841.25,132567.0,106465.0,106465.0,106465.0,0.424291,0.424285
8|1159|sample|5|292,0.0108799999999999,136220.0,3,5,1,132841.25,130715.0,105839.0,105838.0,105839.0,0.671776,0.671745
8|1159|sample|5|292,0.0543999999999999,114517.0,4,5,1,132841.25,117418.0,98334.3,98326.4,98334.3,0.384556,0.384339
8|1159|sample|5|292,0.2719999999999999,61943.0,5,5,1,132841.25,64508.8,51397.2,51379.6,51397.2,0.467943,0.46701
8|1159|sample|5|292,1.36,9970.0,6,5,1,132841.25,14391.7,7759.63,7757.62,7759.63,0.499472,0.498925
8|1159|sample|5|292,6.8,728.0,7,5,1,132841.25,2617.44,1345.04,1345.07,1345.04,-0.350189,-0.350175
8|1159|sample|5|292,34.0,602.0,8,5,1,132841.25,993.574,810.183,810.225,810.183,-0.135244,-0.135218
8|1159|sample|6|292,0.0004351999999999,95565.0,1,6,1,132841.25,131000.0,104893.0,104900.0,104893.0,-0.208198,-0.208067
8|1159|sample|6|292,0.0021759999999999,128566.0,2,6,1,132841.25,132567.0,106465.0,106465.0,106465.0,0.485868,0.485862
8|1159|sample|6|292,0.0108799999999999,138726.0,3,6,1,132841.25,130715.0,105839.0,105838.0,105839.0,0.727186,0.727155
8|1159|sample|6|292,0.0543999999999999,118728.0,4,6,1,132841.25,117418.0,98334.3,98326.4,98334.3,0.484575,0.48435
8|1159|sample|6|292,0.2719999999999999,63450.0,5,6,1,132841.25,64508.8,51397.2,51379.6,51397.2,0.5347,0.533746
8|1159|sample|6|292,1.36,9870.0,6,6,1,132841.25,14391.7,7759.63,7757.63,7759.63,0.476895,0.476353
8|1159|sample|6|292,6.8,754.0,7,6,1,132841.25,2617.44,1345.04,1345.07,1345.04,-0.335434,-0.33542
8|1159|sample|6|292,34.0,622.0,8,6,1,132841.25,993.574,810.183,810.225,810.183,-0.122254,-0.122228
8|1159|sample|11|292,0.0014272,100576.0,1,11,1,132841.25,130881.0,72920.2,72926.3,72920.2,0.876747,0.877012
8|1159|sample|11|292,0.007136,102398.0,2,11,1,132841.25,131600.0,73719.8,73722.4,73719.8,0.899829,0.899941
8|1159|sample|11|292,0.03568,72564.0,3,11,1,132841.25,123465.0,69183.7,69192.9,69183.7,0.112432,0.112752
8|1159|sample|11|292,0.1784,17511.0,4,11,1,132841.25,82323.9,46244.0,46242.3,46244.0,-1.40582,-1.40586
8|1159|sample|11|292,0.892,1002.0,5,11,1,132841.25,22693.3,12993.8,12972.5,12993.8,-1.8141,-1.81489
8|1159|sample|11|292,4.46,496.0,6,11,1,132841.25,3934.14,2534.18,2527.16,2534.18,-0.901221,-0.903165
8|1159|sample|11|292,22.3,576.0,7,11,1,132841.25,1169.79,992.959,991.618,992.959,-0.257337,-0.258078
8|1159|sample|11|292,111.5,544.0,8,11,1,132841.25,814.89,792.636,792.443,792.636,-0.162145,-0.162263
8|1159|sample|12|292,0.0014272,84673.0,1,12,1,132841.25,130881.0,72920.2,72926.7,72920.2,0.372464,0.372702
8|1159|sample|12|292,0.007136,82237.0,2,12,1,132841.25,129818.0,72330.5,72339.0,72330.5,0.316307,0.316616
8|1159|sample|12|292,0.03568,57156.0,3,12,1,132841.25,121793.0,67880.4,67895.0,67880.4,-0.364728,-0.364307
8|1159|sample|12|292,0.1784,11396.0,4,12,1,132841.25,81210.8,45376.0,45378.0,45376.0,-1.69251,-1.69248
8|1159|sample|12|292,0.892,752.0,5,12,1,132841.25,22390.2,12756.7,12736.8,12756.7,-1.84366,-1.84437
8|1159|sample|12|292,4.46,502.0,6,12,1,132841.25,3885.93,2495.49,2488.77,2495.49,-0.887814,-0.889706
8|1159|sample|12|292,22.3,554.0,7,12,1,132841.25,1159.14,983.508,982.231,983.508,-0.265789,-0.266494
8|1159|sample|12|292,111.5,626.0,8,12,1,132841.25,814.89,792.636,792.443,792.636,-0.108629,-0.108749
8|1159|sample|9|292,0.0004479999999999,95841.0,1,9,1,132841.25,130999.0,72985.3,72991.3,72985.3,0.723924,0.72417
8|1159|sample|9|292,0.00224,110983.0,2,9,1,132841.25,132557.0,74253.0,74254.0,74253.0,1.1446,1.14464
8|1159|sample|9|292,0.0111999999999999,117579.0,3,9,1,132841.25,130635.0,73181.6,73185.7,73181.6,1.40287,1.40308
8|1159|sample|9|292,0.0559999999999999,86107.0,4,9,1,132841.25,116897.0,65521.9,65532.5,65521.9,0.722897,0.723381
8|1159|sample|9|292,0.2799999999999999,21584.0,5,9,1,132841.25,63266.4,35617.4,35605.5,35617.4,-0.875635,-0.87611
8|1159|sample|9|292,1.4,1152.0,6,9,1,132841.25,13938.0,8112.01,8094.53,8112.01,-1.5193,-1.5207
8|1159|sample|9|292,7.0,622.0,7,9,1,132841.25,2550.06,1762.5,1757.97,1762.5,-0.587417,-0.589185
8|1159|sample|9|292,35.0,558.0,8,9,1,132841.25,985.18,887.053,886.283,887.053,-0.20893,-0.209378
8|1159|sample|10|292,0.0004479999999999,85632.0,1,10,1,132841.25,130999.0,72985.3,72991.2,72985.3,0.400484,0.400704
8|1159|sample|10|292,0.00224,112052.0,2,10,1,132841.25,132557.0,74253.0,74254.0,74253.0,1.17791,1.17796
8|1159|sample|10|292,0.0111999999999999,106618.0,3,10,1,132841.25,130635.0,73181.6,73185.7,73181.6,1.05649,1.05668
8|1159|sample|10|292,0.0559999999999999,72910.0,4,10,1,132841.25,116897.0,65521.9,65532.5,65521.9,0.259214,0.259625
8|1159|sample|10|292,0.2799999999999999,19961.0,5,10,1,132841.25,63266.4,35617.4,35605.4,35617.4,-0.976991,-0.977434
8|1159|sample|10|292,1.4,1398.0,6,10,1,132841.25,13938.0,8112.01,8094.52,8112.01,-1.46546,-1.46695
8|1159|sample|10|292,7.0,482.0,7,10,1,132841.25,2550.06,1762.5,1757.97,1762.5,-0.659811,-0.66151
8|1159|sample|10|292,35.0,578.0,8,10,1,132841.25,985.18,887.053,886.283,887.053,-0.196201,-0.196652
8|1159|sample|4|292,0.0010624,112128.0,1,4,1,132841.25,130929.0,95967.5,95974.4,95967.5,0.392806,0.393
8|1159|sample|4|292,0.005312,130767.0,2,4,1,132841.25,131990.0,96986.0,96988.7,96986.0,0.813041,0.813127
8|1159|sample|4|292,0.02656,137610.0,3,4,1,132841.25,126303.0,92816.4,92826.7,92816.4,1.1248,1.12518
8|1159|sample|4|292,0.1328,112132.0,4,4,1,132841.25,93649.4,68873.0,68878.5,68873.0,1.44888,1.44918
8|1159|sample|4|292,0.664,38749.0,5,4,1,132841.25,30633.8,22666.1,22636.8,22666.1,1.51736,1.51288
8|1159|sample|4|292,3.32,2926.0,6,4,1,132841.25,5362.94,4136.46,4124.39,4136.46,-0.410665,-0.414088
8|1159|sample|4|292,16.6,542.0,7,4,1,132841.25,1355.35,1198.09,1195.67,1198.09,-0.384521,-0.38572
8|1159|sample|4|292,83.0,574.0,8,4,1,132841.25,837.601,816.976,816.601,816.976,-0.157301,-0.157528
8|1159|sample|3|292,0.0010624,108512.0,1,3,1,132841.25,130929.0,95967.5,95974.2,95967.5,0.30488,0.305064
8|1159|sample|3|292,0.005312,131884.0,2,3,1,132841.25,131990.0,96986.0,96988.6,96986.0,0.839932,0.840014
8|1159|sample|3|292,0.02656,133282.0,3,3,1,132841.25,126303.0,92816.4,92826.6,92816.4,1.0161,1.01647
8|1159|sample|3|292,0.1328,105629.0,4,3,1,132841.25,93649.4,68873.0,68878.4,68873.0,1.23105,1.23133
8|1159|sample|3|292,0.664,36126.0,5,3,1,132841.25,30633.8,22666.1,22636.8,22666.1,1.27035,1.26614
8|1159|sample|3|292,3.32,2310.0,6,3,1,132841.25,5362.94,4136.46,4124.38,4136.46,-0.621755,-0.624817
8|1159|sample|3|292,16.6,688.0,7,3,1,132841.25,1355.35,1198.09,1195.67,1198.09,-0.298636,-0.299886
8|1159|sample|3|292,83.0,592.0,8,3,1,132841.25,837.601,816.976,816.601,816.976,-0.14563,-0.145858
8|1159|cc|1|1|292,0.0,640.0,1,1,0,132841.25,0.0,0.0,0.0,0.0,0.532178,0.532178
8|1159|cc|2|1|292,0.0,616.0,2,1,0,132841.25,0.0,0.0,0.0,0.0,0.512222,0.512222
8|1159|cc|3|1|292,0.0,690.0,3,1,0,132841.25,0.0,0.0,0.0,0.0,0.573755,0.573755
8|1159|cc|4|1|292,0.0,614.0,4,1,0,132841.25,0.0,0.0,0.0,0.0,0.510559,0.510559
8|1159|cc|5|1|292,0.0,622.0,5,1,0,132841.25,0.0,0.0,0.0,0.0,0.517211,0.517211
8|1159|cc|6|1|292,0.0,654.0,6,1,0,132841.25,0.0,0.0,0.0,0.0,0.54382,0.54382
8|1159|cc|7|1|292,0.0,732.0,7,1,0,132841.25,0.0,0.0,0.0,0.0,0.608679,0.608679
8|1159|cc|8|1|292,0.0,670.0,8,1,0,132841.25,0.0,0.0,0.0,0.0,0.557124,0.557124
8|1159|vc|1|2|292,0.0,114165.0,1,2,1,132841.25,131032.0,131023.0,131030.0,131023.0,-0.302758,-0.302644
8|1159|vc|2|2|292,0.0,136148.0,2,2,1,132841.25,132832.0,132822.0,132822.0,132822.0,0.0589124,0.0589124
8|1159|vc|3|2|292,0.0,149475.0,3,2,1,132841.25,132832.0,132822.0,132822.0,132822.0,0.294994,0.294994
8|1159|vc|4|2|292,0.0,146290.0,4,2,1,132841.25,132832.0,132822.0,132822.0,132822.0,0.238573,0.238573
8|1159|vc|5|2|292,0.0,136813.0,5,2,1,132841.25,132832.0,132822.0,132822.0,132822.0,0.0706926,0.0706926
8|1159|vc|6|2|292,0.0,141806.0,6,2,1,132841.25,132832.0,132822.0,132822.0,132822.0,0.159141,0.159141
8|1159|vc|7|2|292,0.0,125865.0,7,2,1,132841.25,132832.0,132822.0,132822.0,132822.0,-0.123246,-0.123246
8|1159|vc|8|2|292,0.0,112168.0,8,2,1,132841.25,131032.0,131023.0,131030.0,131023.0,-0.338608,-0.338495
8|75|sample|6|65,0.0006144,8692.0,1,6,1,11543.75,11373.6,8777.48,8778.08,8777.48,-0.0177334,-0.0176116
8|75|sample|6|65,0.003072,13380.0,2,6,1,11543.75,11500.3,8893.59,8893.73,8893.59,0.915193,0.915232
8|75|sample|6|65,0.01536,8136.0,3,6,1,11543.75,11266.4,8716.53,8717.12,8716.53,-0.120352,-0.120235
8|75|sample|6|65,0.0768,3106.0,4,6,1,11543.75,9688.81,7522.76,7523.86,7522.76,-1.01977,-1.01963
8|75|sample|6|65,0.384,1780.0,5,6,1,11543.75,4789.42,3815.33,3813.34,3815.33,-0.729113,-0.72961
8|75|sample|6|65,1.92,1208.0,6,6,1,11543.75,1507.84,1332.09,1330.52,1332.09,-0.0697687,-0.0706398
8|75|sample|6|65,9.6,856.0,7,6,1,11543.75,868.134,847.999,847.635,847.999,0.00537888,0.00514451
8|75|sample|6|65,48.0,602.0,8,6,1,11543.75,778.169,778.596,778.556,778.596,-0.115665,-0.11569
8|75|sample|5|65,0.0006144,9826.0,1,5,1,11543.75,11373.6,8777.48,8778.07,8777.48,0.215894,0.216027
8|75|sample|5|65,0.003072,10274.0,2,5,1,11543.75,11500.3,8893.59,8893.72,8893.59,0.281574,0.281605
8|75|sample|5|65,0.01536,8880.0,3,5,1,11543.75,11266.4,8716.53,8717.12,8716.53,0.0337326,0.0338566
8|75|sample|5|65,0.0768,3258.0,4,5,1,11543.75,9688.81,7522.76,7523.86,7522.76,-0.984688,-0.984538
8|75|sample|5|65,0.384,1754.0,5,5,1,11543.75,4789.42,3815.33,3813.34,3815.33,-0.738436,-0.73893
8|75|sample|5|65,1.92,1028.0,6,5,1,11543.75,1507.84,1332.09,1330.52,1332.09,-0.172272,-0.173105
8|75|sample|5|65,9.6,926.0,7,5,1,11543.75,868.134,847.999,847.635,847.999,0.0503897,0.0501509
8|75|sample|5|65,48.0,608.0,8,5,1,11543.75,778.169,778.596,778.556,778.596,-0.111734,-0.111759
8|75|sample|3|65,6.4e-05,9174.0,1,3,1,11543.75,11377.5,8780.42,8780.99,8780.42,0.080947,0.081069
8|75|sample|3|65,0.00032,13782.0,2,3,1,11543.75,11532.3,8917.77,8917.79,8917.77,0.99027,0.990276
8|75|sample|3|65,0.0016,12730.0,3,3,1,11543.75,11519.6,8908.17,8908.24,8908.17,0.778673,0.778693
8|75|sample|3|65,0.008,12668.0,4,3,1,11543.75,11417.8,8831.14,8831.48,8831.14,0.7868,0.786891
8|75|sample|3|65,0.04,5898.0,5,3,1,11543.75,10658.3,8256.39,8257.46,8256.39,-0.508796,-0.508613
8|75|sample|3|65,0.2,1670.0,6,3,1,11543.75,7033.98,5513.81,5513.34,5513.81,-1.09938,-1.09945
8|75|sample|3|65,1.0,916.0,7,3,1,11543.75,2347.49,1967.48,1965.21,1967.48,-0.5194,-0.520281
8|75|sample|3|65,5.0,826.0,8,3,1,11543.75,986.086,935.57,934.917,935.57,-0.068437,-0.0688355
8|75|sample|4|65,6.4e-05,9994.0,1,4,1,11543.75,11377.5,8780.42,8780.99,8780.42,0.249841,0.249972
8|75|sample|4|65,0.00032,12470.0,2,4,1,11543.75,11532.3,8917.77,8917.79,8917.77,0.723169,0.723175
8|75|sample|4|65,0.0016,13558.0,3,4,1,11543.75,11519.6,8908.17,8908.24,8908.17,0.947376,0.947397
8|75|sample|4|65,0.008,12398.0,4,4,1,11543.75,11417.8,8831.14,8831.48,8831.14,0.731428,0.731518
8|75|sample|4|65,0.04,5708.0,5,4,1,11543.75,10658.3,8256.39,8257.46,8256.39,-0.549768,-0.549589
8|75|sample|4|65,0.2,2180.0,6,4,1,11543.75,7033.98,5513.81,5513.34,5513.81,-0.953498,-0.953578
8|75|sample|4|65,1.0,968.0,7,4,1,11543.75,2347.49,1967.48,1965.21,1967.48,-0.493658,-0.494551
8|75|sample|4|65,5.0,668.0,8,4,1,11543.75,986.086,935.57,934.917,935.57,-0.167715,-0.168097
8|75|sample|9|65,0.0003648,9810.0,1,9,1,11543.75,11375.7,11073.3,11073.9,11073.3,-0.217589,-0.217489
8|75|sample|9|65,0.001824,14515.0,2,9,1,11543.75,11516.9,11212.9,11213.0,11212.9,0.562838,0.562858
8|75|sample|9|65,0.00912,14010.0,3,9,1,11543.75,11396.5,11095.9,11096.3,11095.9,0.500786,0.500885
8|75|sample|9|65,0.0456,15117.0,4,9,1,11543.75,10511.0,10235.4,10236.8,10235.4,0.893701,0.894061
8|75|sample|9|65,0.228,12188.0,5,9,1,11543.75,6582.51,6417.94,6416.89,6417.94,1.49057,1.49013
8|75|sample|9|65,1.14,6778.0,6,9,1,11543.75,2131.76,2093.07,2090.3,2093.07,2.26232,2.25973
8|75|sample|9|65,5.7,3686.0,7,9,1,11543.75,960.147,954.499,953.71,954.499,1.70842,1.70758
8|75|sample|9|65,28.5,1722.0,8,9,1,11543.75,789.617,788.612,788.491,788.612,0.609905,0.609806
8|75|sample|10|65,0.0003648,9492.0,1,10,1,11543.75,11375.7,11073.3,11073.9,11073.3,-0.272333,-0.272235
8|75|sample|10|65,0.001824,15953.0,2,10,1,11543.75,11516.9,11212.9,11213.0,11212.9,0.80795,0.807971
8|75|sample|10|65,0.00912,16247.0,3,10,1,11543.75,11396.5,11095.9,11096.3,11095.9,0.88527,0.885382
8|75|sample|10|65,0.0456,12740.0,4,10,1,11543.75,10511.0,10235.4,10236.8,10235.4,0.458406,0.458718
8|75|sample|10|65,0.228,11350.0,5,10,1,11543.75,6582.51,6417.94,6416.89,6417.94,1.27413,1.27372
8|75|sample|10|65,1.14,6674.0,6,10,1,11543.75,2131.76,2093.07,2090.3,2093.07,2.21213,2.20956
8|75|sample|10|65,5.7,4010.0,7,10,1,11543.75,960.147,954.499,953.71,954.499,1.91101,1.91013
8|75|sample|10|65,28.5,1556.0,8,10,1,11543.75,789.617,788.612,788.491,788.612,0.501449,0.501354
8|75|sample|7|65,7.68e-05,10480.0,1,7,1,11543.75,11377.5,11075.1,11075.7,11075.1,-0.102536,-0.102433
8|75|sample|7|65,0.000384,13258.0,2,7,1,11543.75,11531.8,11227.4,11227.4,11227.4,0.345772,0.345775
8|75|sample|7|65,0.00192,16339.0,3,7,1,11543.75,11515.7,11211.8,11211.8,11211.8,0.874011,0.874033
8|75|sample|7|65,0.0096,16439.0,4,7,1,11543.75,11387.1,11086.8,11087.3,11086.8,0.920427,0.920545
8|75|sample|7|65,0.048,14116.0,5,7,1,11543.75,10447.6,10173.7,10175.2,10173.7,0.725084,0.725432
8|75|sample|7|65,0.24,12342.0,6,7,1,11543.75,6403.73,6244.22,6243.01,6244.22,1.60524,1.60471
8|75|sample|7|65,1.2,5688.0,7,7,1,11543.75,2054.44,2017.93,2015.23,2017.93,1.79963,1.79731
8|75|sample|7|65,6.0,2598.0,8,7,1,11543.75,940.455,935.179,934.47,935.179,1.04539,1.04475
8|75|sample|8|65,7.68e-05,10458.0,1,8,1,11543.75,11377.5,11075.1,11075.7,11075.1,-0.106323,-0.10622
8|75|sample|8|65,0.000384,12990.0,2,8,1,11543.75,11531.8,11227.4,11227.4,11227.4,0.300137,0.30014
8|75|sample|8|65,0.00192,16171.0,3,8,1,11543.75,11515.7,11211.8,11211.8,11211.8,0.845372,0.845395
8|75|sample|8|65,0.0096,15275.0,4,8,1,11543.75,11387.1,11086.8,11087.3,11086.8,0.720235,0.720346
8|75|sample|8|65,0.048,14237.0,5,8,1,11543.75,10447.6,10173.7,10175.2,10173.7,0.747347,0.747697
8|75|sample|8|65,0.24,10710.0,6,8,1,11543.75,6403.73,6244.22,6243.01,6244.22,1.1757,1.17523
8|75|sample|8|65,1.2,6990.0,7,8,1,11543.75,2054.44,2017.93,2015.23,2017.93,2.43759,2.43493
8|75|sample|8|65,6.0,2192.0,8,8,1,11543.75,940.455,935.179,934.47,935.179,0.790252,0.78966
8|75|sample|12|65,0.0003712,10454.0,1,12,1,11543.75,11375.6,7518.16,7518.68,7518.16,0.677897,0.678051
8|75|sample|12|65,0.001856,10998.0,2,12,1,11543.75,11360.5,7508.51,7509.08,7508.51,0.806491,0.806668
8|75|sample|12|65,0.00928,9204.0,3,12,1,11543.75,11239.0,7431.24,7432.06,7431.24,0.412655,0.412878
8|75|sample|12|65,0.0464,4926.0,4,12,1,11543.75,10348.2,6864.31,6865.7,6864.31,-0.477944,-0.477669
8|75|sample|12|65,0.2319999999999999,1482.0,5,12,1,11543.75,6436.02,4374.48,4374.05,4374.48,-0.956995,-0.95708
8|75|sample|12|65,1.16,542.0,6,12,1,11543.75,2081.15,1602.93,1601.24,1602.93,-0.56685,-0.56754
8|75|sample|12|65,5.8,592.0,7,12,1,11543.75,948.169,881.872,881.401,881.872,-0.184422,-0.1847
8|75|sample|12|65,29.0,536.0,8,12,1,11543.75,789.097,780.632,780.562,780.632,-0.160129,-0.160172
8|75|sample|11|65,0.0003712,11442.0,1,11,1,11543.75,11375.6,7518.16,7518.68,7518.16,0.906071,0.906236
8|75|sample|11|65,0.001856,13046.0,2,11,1,11543.75,11516.5,7638.21,7638.25,7638.21,1.23471,1.23472
8|75|sample|11|65,0.00928,11394.0,3,11,1,11543.75,11393.4,7559.51,7559.81,7559.51,0.882,0.882094
8|75|sample|11|65,0.0464,7362.0,4,11,1,11543.75,10489.9,6982.12,6983.05,6982.12,0.0922642,0.0924995
8|75|sample|11|65,0.2319999999999999,2518.0,5,11,1,11543.75,6521.98,4446.33,4445.6,4446.33,-0.631631,-0.631808
8|75|sample|11|65,1.16,618.0,6,11,1,11543.75,2105.11,1623.62,1621.82,1623.62,-0.534739,-0.535487
8|75|sample|11|65,5.8,582.0,7,11,1,11543.75,956.002,889.25,888.74,889.25,-0.195092,-0.195391
8|75|sample|11|65,29.0,612.0,8,11,1,11543.75,789.097,780.632,780.562,780.632,-0.110367,-0.110411
8|75|cc|1|1|65,0.0,476.0,1,1,0,11543.75,0.0,0.0,0.0,0.0,0.395808,0.395808
8|75|cc|2|1|65,0.0,506.0,2,1,0,11543.75,0.0,0.0,0.0,0.0,0.420754,0.420754
8|75|cc|3|1|65,0.0,530.0,3,1,0,11543.75,0.0,0.0,0.0,0.0,0.44071,0.44071
8|75|cc|4|1|65,0.0,516.0,4,1,0,11543.75,0.0,0.0,0.0,0.0,0.429069,0.429069
8|75|cc|5|1|65,0.0,544.0,5,1,0,11543.75,0.0,0.0,0.0,0.0,0.452352,0.452352
8|75|cc|6|1|65,0.0,508.0,6,1,0,11543.75,0.0,0.0,0.0,0.0,0.422417,0.422417
8|75|cc|7|1|65,0.0,588.0,7,1,0,11543.75,0.0,0.0,0.0,0.0,0.488939,0.488939
8|75|cc|8|1|65,0.0,520.0,8,1,0,11543.75,0.0,0.0,0.0,0.0,0.432395,0.432395
8|75|vc|1|2|65,0.0,10294.0,1,2,1,11543.75,11377.8,11335.5,11336.1,11335.5,-0.176092,-0.175993
8|75|vc|2|2|65,0.0,11198.0,2,2,1,11543.75,11534.1,11491.5,11491.5,11491.5,-0.0490564,-0.0490564
8|75|vc|3|2|65,0.0,11944.0,3,2,1,11543.75,11534.1,11491.5,11491.5,11491.5,0.0756396,0.0756396
8|75|vc|4|2|65,0.0,13524.0,4,2,1,11543.75,11534.1,11491.5,11491.5,11491.5,0.339741,0.339741
8|75|vc|5|2|65,0.0,13024.0,5,2,1,11543.75,11534.1,11491.5,11491.5,11491.5,0.256165,0.256165
8|75|vc|6|2|65,0.0,11948.0,6,2,1,11543.75,11534.1,11491.5,11491.5,11491.5,0.0763082,0.0763082
8|75|vc|7|2|65,0.0,11746.0,7,2,1,11543.75,11534.1,11491.5,11491.5,11491.5,0.0425434,0.0425434
8|75|vc|8|2|65,0.0,8672.0,8,2,1,11543.75,11377.8,11335.5,11336.1,11335.5,-0.450175,-0.450088
8|1017|sample|7|65,0.0016767999999999,10494.0,1,7,1,12137.0,11947.0,6299.06,6299.63,6299.06,1.09715,1.09737
8|1017|sample|7|65,0.0083839999999999,10606.0,2,7,1,12137.0,11997.0,6367.63,6367.89,6367.63,1.10042,1.10052
8|1017|sample|7|65,0.04192,5238.0,3,7,1,12137.0,11150.2,5945.23,5946.0,5945.23,-0.192607,-0.192413
8|1017|sample|7|65,0.2096,1052.0,4,7,1,12137.0,7209.9,3979.9,3979.49,3979.9,-1.02435,-1.02443
8|1017|sample|7|65,1.048,592.0,5,7,1,12137.0,2349.66,1555.7,1554.15,1555.7,-0.520347,-0.521004
8|1017|sample|7|65,5.24,558.0,6,7,1,12137.0,993.103,879.067,878.604,879.067,-0.204458,-0.204729
8|1017|sample|7|65,26.2,594.0,7,7,1,12137.0,799.367,782.431,782.344,782.431,-0.12326,-0.123314
8|1017|sample|7|65,131.0,636.0,8,7,1,12137.0,769.726,765.025,765.033,765.025,-0.0848441,-0.0848393
8|1017|sample|8|65,0.0016767999999999,10766.0,1,8,1,12137.0,11947.0,6299.06,6299.63,6299.06,1.1683,1.16852
8|1017|sample|8|65,0.0083839999999999,11542.0,2,8,1,12137.0,11997.0,6367.63,6367.89,6367.63,1.34345,1.34355
8|1017|sample|8|65,0.04192,5274.0,3,8,1,12137.0,11150.2,5945.23,5946.0,5945.23,-0.182813,-0.182619
8|1017|sample|8|65,0.2096,1390.0,4,8,1,12137.0,7209.9,3979.9,3979.49,3979.9,-0.906084,-0.906172
8|1017|sample|8|65,1.048,624.0,5,8,1,12137.0,2349.66,1555.7,1554.15,1555.7,-0.503041,-0.503703
8|1017|sample|8|65,4.46,582.0,6,8,1,12137.0,1043.53,904.22,903.68,904.22,-0.203789,-0.204102
8|1017|sample|8|65,16.6,600.0,7,8,1,12137.0,821.783,793.612,793.47,793.612,-0.126232,-0.12632
8|1017|sample|8|65,131.0,552.0,8,8,1,12137.0,769.726,765.025,765.033,765.025,-0.140077,-0.140073
8|1017|sample|5|65,0.0004351999999999,10556.0,1,5,1,12137.0,11960.2,6305.61,6306.14,6305.61,1.11088,1.11108
8|1017|sample|5|65,0.0021759999999999,10084.0,2,5,1,12137.0,12104.6,6421.27,6421.34,6421.27,0.945546,0.945571
8|1017|sample|5|65,0.0108799999999999,10022.0,3,5,1,12137.0,11945.3,6341.83,6342.14,6341.83,0.958133,0.958246
8|1017|sample|5|65,0.0543999999999999,5610.0,4,5,1,12137.0,10801.9,5771.52,5772.33,5771.52,-0.0450475,-0.0448264
8|1017|sample|5|65,0.2719999999999999,1302.0,5,5,1,12137.0,6252.29,3502.26,3501.39,3502.26,-0.827141,-0.827356
8|1017|sample|5|65,1.36,572.0,6,5,1,12137.0,1942.77,1352.75,1351.39,1352.75,-0.441648,-0.442281
8|1017|sample|5|65,6.8,578.0,7,5,1,12137.0,930.309,847.745,847.387,847.745,-0.17323,-0.173444
8|1017|sample|5|65,34.0,612.0,8,5,1,12137.0,785.873,773.021,772.979,773.021,-0.10562,-0.105646
8|1017|sample|6|65,0.0004351999999999,9474.0,1,6,1,12137.0,11960.2,6305.61,6306.13,6305.61,0.828055,0.828239
8|1017|sample|6|65,0.0021759999999999,13580.0,2,6,1,12137.0,12104.6,6421.27,6421.33,6421.27,1.84807,1.8481
8|1017|sample|6|65,0.0108799999999999,10900.0,3,6,1,12137.0,11945.3,6341.83,6342.14,6341.83,1.18674,1.18686
8|1017|sample|6|65,0.0543999999999999,5064.0,4,6,1,12137.0,10801.9,5771.52,5772.33,5771.52,-0.19656,-0.196354
8|1017|sample|6|65,0.2719999999999999,1104.0,5,6,1,12137.0,6252.29,3502.26,3501.39,3502.26,-0.901604,-0.901809
8|1017|sample|6|65,1.36,532.0,6,6,1,12137.0,1942.77,1352.75,1351.39,1352.75,-0.464314,-0.46494
8|1017|sample|6|65,6.8,556.0,7,6,1,12137.0,930.309,847.745,847.386,847.745,-0.187377,-0.18759
8|1017|sample|6|65,34.0,534.0,8,6,1,12137.0,785.873,773.021,772.979,773.021,-0.156797,-0.156823
8|1017|sample|12|65,0.0014272,9766.0,1,12,1,12137.0,11950.0,9201.04,9201.7,9201.04,0.112185,0.112322
8|1017|sample|12|65,0.007136,11476.0,2,12,1,12137.0,11858.6,9132.08,9132.98,9132.08,0.468463,0.468678
8|1017|sample|12|65,0.03568,7314.0,3,12,1,12137.0,11168.8,8611.7,8613.32,8611.7,-0.27152,-0.27122
8|1017|sample|12|65,0.1784,2258.0,4,12,1,12137.0,7680.71,5980.28,5980.47,5980.28,-1.00874,-1.00871
8|1017|sample|12|65,0.892,702.0,5,12,1,12137.0,2624.96,2166.21,2163.88,2166.21,-0.695246,-0.696032
8|1017|sample|12|65,4.46,612.0,6,12,1,12137.0,1034.48,966.336,965.566,966.336,-0.220395,-0.220831
8|1017|sample|12|65,22.3,526.0,7,12,1,12137.0,800.103,789.524,789.393,789.524,-0.172044,-0.172124
8|1017|sample|12|65,111.5,626.0,8,12,1,12137.0,770.514,767.201,767.198,767.201,-0.0927879,-0.0927903
8|1017|sample|11|65,0.0014272,11078.0,1,11,1,12137.0,11950.0,9201.04,9201.69,9201.04,0.373018,0.373166
8|1017|sample|11|65,0.007136,12576.0,2,11,1,12137.0,12021.4,9276.28,9276.58,9276.28,0.651897,0.651974
8|1017|sample|11|65,0.03568,8090.0,3,11,1,12137.0,11321.9,8747.26,8748.33,8747.26,-0.135977,-0.135768
8|1017|sample|11|65,0.1784,3278.0,4,11,1,12137.0,7784.2,6072.14,6071.94,6072.14,-0.749395,-0.749432
8|1017|sample|11|65,0.892,676.0,5,11,1,12137.0,2656.61,2194.72,2192.24,2194.72,-0.717074,-0.717899
8|1017|sample|11|65,5.24,582.0,6,11,1,12137.0,993.103,936.791,936.089,936.791,-0.222421,-0.222822
8|1017|sample|11|65,22.3,524.0,7,11,1,12137.0,805.827,795.175,795.018,795.175,-0.176755,-0.17685
8|1017|sample|11|65,111.5,578.0,8,11,1,12137.0,770.514,767.201,767.198,767.201,-0.124331,-0.124333
8|1017|sample|10|65,0.0004479999999999,10692.0,1,10,1,12137.0,11960.1,9208.66,9209.27,9208.66,0.294586,0.294724
8|1017|sample|10|65,0.00224,12886.0,2,10,1,12137.0,12103.7,9338.47,9338.58,9338.47,0.697346,0.697373
8|1017|sample|10|65,0.0111999999999999,12124.0,3,10,1,12137.0,11938.4,9213.51,9213.99,9213.51,0.577933,0.578051
8|1017|sample|10|65,0.0559999999999999,7640.0,4,10,1,12137.0,10757.1,8320.23,8321.46,8320.23,-0.146111,-0.145864
8|1017|sample|10|65,0.2799999999999999,2316.0,5,10,1,12137.0,6145.46,4832.95,4831.55,4832.95,-0.783095,-0.783389
8|1017|sample|10|65,1.4,630.0,6,10,1,12137.0,1903.75,1625.42,1623.38,1625.42,-0.528995,-0.529842
8|1017|sample|10|65,7.0,578.0,7,10,1,12137.0,924.515,884.926,884.397,884.926,-0.195099,-0.195408
8|1017|sample|10|65,35.0,576.0,8,10,1,12137.0,785.151,778.243,778.172,778.243,-0.13246,-0.132504
8|1017|sample|9|65,0.0004479999999999,10986.0,1,9,1,12137.0,11960.1,9208.66,9209.27,9208.66,0.352998,0.353138
8|1017|sample|9|65,0.00224,12902.0,2,9,1,12137.0,12103.7,9338.47,9338.58,9338.47,0.700491,0.700518
8|1017|sample|9|65,0.0111999999999999,13070.0,3,9,1,12137.0,11938.4,9213.51,9213.98,9213.51,0.76581,0.765935
8|1017|sample|9|65,0.0559999999999999,8680.0,4,9,1,12137.0,10757.1,8320.23,8321.46,8320.23,0.0768751,0.0771472
8|1017|sample|9|65,0.2799999999999999,2074.0,5,9,1,12137.0,6145.46,4832.95,4831.55,4832.95,-0.85843,-0.85871
8|1017|sample|9|65,1.4,634.0,6,9,1,12137.0,1903.75,1625.42,1623.38,1625.42,-0.526865,-0.527713
8|1017|sample|9|65,7.0,576.0,7,9,1,12137.0,924.515,884.926,884.397,884.926,-0.196372,-0.196681
8|1017|sample|9|65,35.0,628.0,8,9,1,12137.0,785.151,778.243,778.172,778.243,-0.0983902,-0.0984352
8|1017|sample|4|65,0.0010624,9714.0,1,4,1,12137.0,11954.1,8098.94,8099.51,8098.94,0.353153,0.353297
8|1017|sample|4|65,0.005312,11992.0,2,4,1,12137.0,12055.0,8195.08,8195.26,8195.08,0.823325,0.823378
8|1017|sample|4|65,0.02656,9882.0,3,4,1,12137.0,11566.0,7873.34,7874.11,7873.34,0.4484,0.448606
8|1017|sample|4|65,0.1328,3414.0,4,4,1,12137.0,8758.07,6025.94,6026.35,6025.94,-0.70427,-0.704193
8|1017|sample|4|65,0.664,734.0,5,4,1,12137.0,3339.41,2460.85,2458.59,2460.85,-0.775005,-0.775693
8|1017|sample|4|65,3.32,542.0,6,4,1,12137.0,1166.39,1031.15,1030.22,1031.15,-0.299314,-0.299814
8|1017|sample|4|65,16.6,564.0,7,4,1,12137.0,821.783,804.419,804.232,804.419,-0.156286,-0.1564
8|1017|sample|4|65,83.0,516.0,8,4,1,12137.0,772.467,770.164,770.155,770.164,-0.166883,-0.166888
8|1017|sample|3|65,0.0010624,10506.0,1,3,1,12137.0,11954.1,8098.94,8099.52,8098.94,0.526392,0.526549
8|1017|sample|3|65,0.005312,11892.0,2,3,1,12137.0,12055.0,8195.08,8195.27,8195.08,0.801637,0.801693
8|1017|sample|3|65,0.02656,7480.0,3,3,1,12137.0,11566.0,7873.34,7874.13,7873.34,-0.0880158,-0.0878469
8|1017|sample|3|65,0.1328,2832.0,4,3,1,12137.0,8758.07,6025.94,6026.36,6025.94,-0.861175,-0.861103
8|1017|sample|3|65,0.664,740.0,5,3,1,12137.0,3339.41,2460.85,2458.6,2460.85,-0.772309,-0.772997
8|1017|sample|3|65,3.32,556.0,6,3,1,12137.0,1166.39,1031.15,1030.22,1031.15,-0.290731,-0.291233
8|1017|sample|3|65,26.2,600.0,7,3,1,12137.0,799.367,789.671,789.557,789.671,-0.12381,-0.123881
8|1017|sample|3|65,83.0,548.0,8,3,1,12137.0,772.467,770.164,770.155,770.164,-0.145871,-0.145877
8|1017|cc|1|1|65,0.0,614.0,1,1,0,12137.0,0.0,0.0,0.0,0.0,0.510559,0.510559
8|1017|cc|2|1|65,0.0,574.0,2,1,0,12137.0,0.0,0.0,0.0,0.0,0.477298,0.477298
8|1017|cc|3|1|65,0.0,530.0,3,1,0,12137.0,0.0,0.0,0.0,0.0,0.44071,0.44071
8|1017|cc|4|1|65,0.0,626.0,4,1,0,12137.0,0.0,0.0,0.0,0.0,0.520537,0.520537
8|1017|cc|5|1|65,0.0,490.0,5,1,0,12137.0,0.0,0.0,0.0,0.0,0.407449,0.407449
8|1017|cc|6|1|65,0.0,480.0,6,1,0,12137.0,0.0,0.0,0.0,0.0,0.399134,0.399134
8|1017|cc|7|1|65,0.0,564.0,7,1,0,12137.0,0.0,0.0,0.0,0.0,0.468982,0.468982
8|1017|cc|8|1|65,0.0,546.0,8,1,0,12137.0,0.0,0.0,0.0,0.0,0.454015,0.454015
8|1017|vc|1|2|65,0.0,12754.0,1,2,1,12137.0,11963.0,11920.7,11921.3,11920.7,0.135141,0.135255
8|1017|vc|2|2|65,0.0,10974.0,2,2,1,12137.0,12127.3,12084.7,12084.7,12084.7,-0.178307,-0.178307
8|1017|vc|3|2|65,0.0,11326.0,3,2,1,12137.0,12127.3,12084.7,12084.7,12084.7,-0.1218,-0.1218
8|1017|vc|4|2|65,0.0,14058.0,4,2,1,12137.0,12127.3,12084.7,12084.7,12084.7,0.316771,0.316771
8|1017|vc|5|2|65,0.0,13090.0,5,2,1,12137.0,12127.3,12084.7,12084.7,12084.7,0.161377,0.161377
8|1017|vc|6|2|65,0.0,11930.0,6,2,1,12137.0,12127.3,12084.7,12084.7,12084.7,-0.0248393,-0.0248394
8|1017|vc|7|2|65,0.0,12278.0,7,2,1,12137.0,12127.3,12084.7,12084.7,12084.7,0.0310255,0.0310255
8|1017|vc|8|2|65,0.0,10686.0,8,2,1,12137.0,11963.0,11920.7,11921.3,11920.7,-0.200499,-0.2004
8|291|sample|6|103,0.0006144,76513.0,1,6,1,98225.875,96848.5,93941.0,93946.5,93941.0,-0.432806,-0.432693
8|291|sample|6|103,0.003072,102272.0,2,6,1,98225.875,97910.7,94992.5,94993.9,94992.5,0.178752,0.178791
8|291|sample|6|103,0.01536,99267.0,3,6,1,98225.875,95792.4,92937.8,92944.5,92937.8,0.158603,0.158783
8|291|sample|6|103,0.0768,85522.0,4,6,1,98225.875,81509.1,79083.4,79096.1,79083.4,0.188425,0.188827
8|291|sample|6|103,0.384,49954.0,5,6,1,98225.875,37149.5,36054.2,36031.0,36054.2,0.859978,0.858037
8|291|sample|6|103,1.92,9548.0,6,6,1,98225.875,7437.7,7233.82,7215.51,7233.82,0.554835,0.549484
8|291|sample|6|103,9.6,1270.0,7,6,1,98225.875,1645.74,1615.86,1611.64,1615.86,-0.182404,-0.184486
8|291|sample|6|103,48.0,528.0,8,6,1,98225.875,873.476,866.662,865.961,866.662,-0.216253,-0.216661
8|291|sample|5|103,0.0006144,76851.0,1,5,1,98225.875,96848.5,93941.0,93946.5,93941.0,-0.424415,-0.424302
8|291|sample|5|103,0.003072,101000.0,2,5,1,98225.875,97910.7,94992.5,94993.9,94992.5,0.147512,0.147549
8|291|sample|5|103,0.01536,101897.0,3,5,1,98225.875,95792.4,92937.8,92944.5,92937.8,0.224578,0.224763
8|291|sample|5|103,0.0768,93625.0,4,5,1,98225.875,81509.1,79083.4,79096.1,79083.4,0.426028,0.426467
8|291|sample|5|103,0.384,53214.0,5,5,1,98225.875,37149.5,36054.2,36031.0,36054.2,1.06134,1.05928
8|291|sample|5|103,1.92,8940.0,6,5,1,98225.875,7437.7,7233.82,7215.51,7233.82,0.410208,0.405119
8|291|sample|5|103,9.6,1202.0,7,5,1,98225.875,1645.74,1615.86,1611.64,1615.86,-0.218709,-0.220757
8|291|sample|5|103,48.0,628.0,8,5,1,98225.875,873.476,866.662,865.961,866.662,-0.152266,-0.152685
8|291|sample|4|103,6.4e-05,78742.0,1,4,1,98225.875,96883.7,93975.2,93980.5,93975.2,-0.37818,-0.378069
8|291|sample|4|103,0.00032,104674.0,2,4,1,98225.875,98200.0,95273.1,95273.2,95273.1,0.230232,0.230235
8|291|sample|4|103,0.0016,109031.0,3,4,1,98225.875,98085.2,95161.7,95162.4,95161.7,0.340033,0.340053
8|291|sample|4|103,0.008,112435.0,4,4,1,98225.875,97163.7,94267.9,94271.7,94267.9,0.449416,0.449527
8|291|sample|4|103,0.04,96222.0,5,4,1,98225.875,90286.9,87597.7,87610.1,87597.7,0.228769,0.22913
8|291|sample|4|103,0.2,69267.0,6,4,1,98225.875,57472.0,55767.3,55761.8,55767.3,0.553561,0.553284
8|291|sample|4|103,1.0,26117.0,7,4,1,98225.875,15040.0,14607.9,14581.6,14607.9,1.58718,1.58117
8|291|sample|4|103,5.0,2412.0,8,4,1,98225.875,2756.81,2692.96,2685.11,2692.96,-0.117747,-0.120961
8|291|sample|3|103,6.4e-05,84948.0,1,3,1,98225.875,96883.7,93975.2,93980.5,93975.2,-0.224163,-0.224043
8|291|sample|3|103,0.00032,102466.0,2,3,1,98225.875,98200.0,95273.1,95273.2,95273.1,0.176157,0.17616
8|291|sample|3|103,0.0016,104314.0,3,3,1,98225.875,98085.2,95161.7,95162.4,95161.7,0.224381,0.2244
8|291|sample|3|103,0.008,106252.0,4,3,1,98225.875,97163.7,94267.9,94271.7,94267.9,0.29643,0.296535
8|291|sample|3|103,0.04,101815.0,5,3,1,98225.875,90286.9,87597.7,87610.1,87597.7,0.377343,0.377724
8|291|sample|3|103,0.2,73444.0,6,3,1,98225.875,57472.0,55767.3,55761.8,55767.3,0.72477,0.724478
8|291|sample|3|103,1.0,25577.0,7,3,1,98225.875,15040.0,14607.9,14581.6,14607.9,1.51288,1.50698
8|291|sample|3|103,5.0,2234.0,8,3,1,98225.875,2756.81,2692.96,2685.11,2692.96,-0.194488,-0.197594
8|291|sample|9|103,0.0003648,67254.0,1,9,1,98225.875,96866.8,54052.4,54056.5,54052.4,0.557145,0.557357
8|291|sample|9|103,0.001824,84908.0,2,9,1,98225.875,98060.9,55014.7,55014.9,55014.7,1.24108,1.2411
8|291|sample|9|103,0.00912,66966.0,3,9,1,98225.875,96970.6,54406.8,54409.0,54406.8,0.526843,0.526959
8|291|sample|9|103,0.0456,29642.0,4,9,1,98225.875,88953.6,49937.1,49944.3,49937.1,-0.923789,-0.923586
8|291|sample|9|103,0.228,2230.0,5,9,1,98225.875,53384.3,30105.9,30100.4,30105.9,-2.03092,-2.03098
8|291|sample|9|103,1.14,562.0,6,9,1,98225.875,13086.8,7638.55,7624.16,7638.55,-1.61461,-1.61569
8|291|sample|9|103,5.7,484.0,7,9,1,98225.875,2478.84,1724.28,1720.17,1724.28,-0.644472,-0.646035
8|291|sample|9|103,28.5,548.0,8,9,1,98225.875,977.171,884.075,883.362,884.075,-0.213601,-0.214014
8|291|sample|10|103,0.0003648,76142.0,1,10,1,98225.875,96866.8,54052.4,54056.6,54052.4,0.932354,0.9326
8|291|sample|10|103,0.001824,78961.0,2,10,1,98225.875,98060.9,55014.7,55015.1,55014.7,0.994167,0.994191
8|291|sample|10|103,0.00912,61146.0,3,10,1,98225.875,96970.6,54406.8,54409.2,54406.8,0.282652,0.282764
8|291|sample|10|103,0.0456,26839.0,4,10,1,98225.875,88953.6,49937.1,49944.4,49937.1,-1.05133,-1.05114
8|291|sample|10|103,0.228,2248.0,5,10,1,98225.875,53384.3,30105.9,30100.5,30105.9,-2.02961,-2.02967
8|291|sample|10|103,1.14,632.0,6,10,1,98225.875,13086.8,7638.55,7624.18,7638.55,-1.59861,-1.5997
8|291|sample|10|103,5.7,498.0,7,10,1,98225.875,2478.84,1724.28,1720.18,1724.28,-0.637174,-0.638743
8|291|sample|10|103,28.5,558.0,8,10,1,98225.875,977.171,884.075,883.362,884.075,-0.207231,-0.207646
8|291|sample|8|103,7.68e-05,72099.0,1,8,1,98225.875,96883.2,54061.5,54065.5,54061.5,0.761183,0.761403
8|291|sample|8|103,0.000384,93669.0,2,8,1,98225.875,98195.7,55089.8,55089.6,55089.8,1.59965,1.59963
8|291|sample|8|103,0.00192,96224.0,3,8,1,98225.875,98050.2,55008.7,55008.9,55008.7,1.71131,1.71133
8|291|sample|8|103,0.0096,78234.0,4,8,1,98225.875,96885.8,54359.5,54361.8,54359.5,1.00241,1.00255
8|291|sample|8|103,0.048,29776.0,5,8,1,98225.875,88379.1,49616.7,49624.0,49616.7,-0.908627,-0.908418
8|291|sample|8|103,0.24,2672.0,6,8,1,98225.875,51765.7,29203.5,29197.0,29203.5,-1.9873,-1.98738
8|291|sample|8|103,1.2,586.0,7,8,1,98225.875,12386.7,7248.23,7234.18,7248.23,-1.5785,-1.57965
8|291|sample|8|103,6.0,506.0,8,8,1,98225.875,2343.48,1641.65,1637.91,1641.65,-0.600833,-0.60232
8|291|sample|7|103,7.68e-05,74219.0,1,7,1,98225.875,96883.2,54061.5,54065.7,54061.5,0.850652,0.850892
8|291|sample|7|103,0.000384,94028.0,2,7,1,98225.875,98195.7,55089.8,55089.9,55089.8,1.61451,1.61452
8|291|sample|7|103,0.00192,88873.0,3,7,1,98225.875,98050.2,55008.7,55009.2,55008.7,1.40607,1.4061
8|291|sample|7|103,0.0096,71607.0,4,7,1,98225.875,96885.8,54359.5,54362.1,54359.5,0.724126,0.724266
8|291|sample|7|103,0.048,25271.0,5,7,1,98225.875,88379.1,49616.7,49624.3,49616.7,-1.11487,-1.11468
8|291|sample|7|103,0.24,2124.0,6,7,1,98225.875,51765.7,29203.5,29197.2,29203.5,-2.02836,-2.02843
8|291|sample|7|103,1.2,676.0,7,7,1,98225.875,12386.7,7248.23,7234.21,7248.23,-1.55714,-1.55831
8|291|sample|7|103,6.0,642.0,8,7,1,98225.875,2343.48,1641.65,1637.91,1641.65,-0.528644,-0.530189
8|291|sample|11|103,0.0003712,73274.0,1,11,1,98225.875,96866.4,50485.9,50490.2,50485.9,1.0261,1.02637
8|291|sample|11|103,0.001856,69690.0,2,11,1,98225.875,98057.3,51427.1,51427.7,51427.1,0.808271,0.808305
8|291|sample|11|103,0.00928,51029.0,3,11,1,98225.875,96942.4,50846.7,50849.2,50846.7,0.00804559,0.00815525
8|291|sample|11|103,0.0464,18731.0,4,11,1,98225.875,88762.2,46587.4,46594.5,46587.4,-1.35366,-1.35351
8|291|sample|11|103,0.2319999999999999,1836.0,5,11,1,98225.875,52836.3,27879.4,27874.1,27879.4,-2.03471,-2.03477
8|291|sample|11|103,1.16,454.0,6,11,1,98225.875,12845.4,7054.4,7041.12,7054.4,-1.5944,-1.59549
8|291|sample|11|103,5.8,548.0,7,11,1,98225.875,2441.31,1637.07,1633.31,1637.07,-0.576683,-0.578199
8|291|sample|11|103,29.0,510.0,8,11,1,98225.875,972.466,869.174,868.525,869.174,-0.229255,-0.22963
8|291|sample|12|103,0.0003712,69558.0,1,12,1,98225.875,96866.4,50485.9,50490.2,50485.9,0.858745,0.859005
8|291|sample|12|103,0.001856,72538.0,2,12,1,98225.875,96729.0,50414.9,50419.5,50414.9,0.997457,0.997751
8|291|sample|12|103,0.00928,50948.0,3,12,1,98225.875,95629.3,49846.0,49852.4,49846.0,0.0499381,0.0502362
8|291|sample|12|103,0.0464,23756.0,4,12,1,98225.875,87560.3,45671.4,45682.0,45671.4,-1.08522,-1.08493
8|291|sample|12|103,0.2319999999999999,2516.0,5,12,1,98225.875,52123.0,27335.2,27332.3,27335.2,-1.97399,-1.97403
8|291|sample|12|103,1.16,468.0,6,12,1,98225.875,12676.0,6924.21,6911.71,6924.21,-1.58028,-1.58133
8|291|sample|12|103,5.8,510.0,7,12,1,98225.875,2413.36,1614.57,1610.97,1614.57,-0.587908,-0.589356
8|291|sample|12|103,29.0,486.0,8,12,1,98225.875,972.466,869.174,868.525,869.174,-0.244601,-0.244974
8|291|cc|1|1|103,0.0,528.0,1,1,0,98225.875,0.0,0.0,0.0,0.0,0.439047,0.439047
8|291|cc|2|1|103,0.0,646.0,2,1,0,98225.875,0.0,0.0,0.0,0.0,0.537168,0.537168
8|291|cc|3|1|103,0.0,582.0,3,1,0,98225.875,0.0,0.0,0.0,0.0,0.48395,0.48395
8|291|cc|4|1|103,0.0,620.0,4,1,0,98225.875,0.0,0.0,0.0,0.0,0.515548,0.515548
8|291|cc|5|1|103,0.0,622.0,5,1,0,98225.875,0.0,0.0,0.0,0.0,0.517211,0.517211
8|291|cc|6|1|103,0.0,604.0,6,1,0,98225.875,0.0,0.0,0.0,0.0,0.502243,0.502243
8|291|cc|7|1|103,0.0,640.0,7,1,0,98225.875,0.0,0.0,0.0,0.0,0.532178,0.532178
8|291|cc|8|1|103,0.0,614.0,8,1,0,98225.875,0.0,0.0,0.0,0.0,0.510559,0.510559
8|291|vc|1|2|103,0.0,87702.0,1,2,1,98225.875,96885.7,95754.0,95759.4,95754.0,-0.196357,-0.196237
8|291|vc|2|2|103,0.0,107225.0,2,2,1,98225.875,98216.2,97077.8,97077.8,97077.8,0.244024,0.244024
8|291|vc|3|2|103,0.0,103247.0,3,2,1,98225.875,98216.2,97077.8,97077.8,97077.8,0.148359,0.148359
8|291|vc|4|2|103,0.0,105493.0,4,2,1,98225.875,98216.2,97077.8,97077.8,97077.8,0.202372,0.202372
8|291|vc|5|2|103,0.0,108146.0,5,2,1,98225.875,98216.2,97077.8,97077.8,97077.8,0.266172,0.266172
8|291|vc|6|2|103,0.0,97541.0,6,2,1,98225.875,98216.2,97077.8,97077.8,97077.8,0.0111383,0.0111384
8|291|vc|7|2|103,0.0,95893.0,7,2,1,98225.875,98216.2,97077.8,97077.8,97077.8,-0.0284936,-0.0284935
8|291|vc|8|2|103,0.0,80560.0,8,2,1,98225.875,96885.7,95754.0,95759.4,95754.0,-0.370407,-0.370297
8|1197|sample|7|103,0.0016767999999999,74837.0,1,7,1,100839.375,99322.8,56222.3,56226.6,56222.3,0.756814,0.757047
8|1197|sample|7|103,0.0083839999999999,71977.0,2,7,1,100839.375,99681.7,57292.3,57292.3,57292.3,0.586597,0.586598
8|1197|sample|7|103,0.04192,42847.0,3,7,1,100839.375,92219.8,57292.3,57292.3,57292.3,-0.577036,-0.577036
8|1197|sample|7|103,0.2096,5272.0,4,7,1,100839.375,57501.2,57292.3,57292.3,57292.3,-2.07801,-2.07801
8|1197|sample|7|103,1.048,660.0,5,7,1,100839.375,14676.4,769.869,769.869,769.869,-0.0721477,-0.0721477
8|1197|sample|7|103,5.24,592.0,6,7,1,100839.375,2723.43,769.869,769.869,769.869,-0.116801,-0.116801
8|1197|sample|7|103,26.2,544.0,7,7,1,100839.375,1016.38,769.869,769.869,769.869,-0.148321,-0.148321
8|1197|sample|7|103,131.0,580.0,8,7,1,100839.375,796.171,764.637,764.658,764.637,-0.121432,-0.121419
8|1197|sample|8|103,0.0016767999999999,74846.0,1,8,1,100839.375,99322.8,56222.3,56226.6,56222.3,0.757182,0.757413
8|1197|sample|8|103,0.0083839999999999,76735.0,2,8,1,100839.375,99681.7,57292.3,57292.3,57292.3,0.776663,0.776662
8|1197|sample|8|103,0.04192,41404.0,3,8,1,100839.375,92219.8,57292.3,57292.3,57292.3,-0.634677,-0.634678
8|1197|sample|8|103,0.2096,5378.0,4,8,1,100839.375,57501.2,57292.3,57292.3,57292.3,-2.07378,-2.07378
8|1197|sample|8|103,1.048,706.0,5,8,1,100839.375,14676.4,769.869,769.869,769.869,-0.0419409,-0.0419409
8|1197|sample|8|103,5.24,542.0,6,8,1,100839.375,2723.43,769.869,769.869,769.869,-0.149635,-0.149635
8|1197|sample|8|103,26.2,550.0,7,8,1,100839.375,1016.38,769.869,769.869,769.869,-0.144381,-0.144381
8|1197|sample|8|103,131.0,550.0,8,8,1,100839.375,796.171,764.637,764.658,764.637,-0.141161,-0.141147
8|1197|sample|6|103,0.0004351999999999,82107.0,1,6,1,100839.375,99439.4,56222.3,56226.5,56222.3,1.05247,1.05271
8|1197|sample|6|103,0.0021759999999999,94216.0,2,6,1,100839.375,100629.0,57292.3,57292.2,57292.3,1.47497,1.47496
8|1197|sample|6|103,0.0108799999999999,78272.0,3,6,1,100839.375,99226.0,57292.3,57292.2,57292.3,0.838066,0.838059
8|1197|sample|6|103,0.0543999999999999,33061.0,4,6,1,100839.375,89151.3,57292.3,57292.2,57292.3,-0.967946,-0.967949
8|1197|sample|6|103,0.2719999999999999,2724.0,5,6,1,100839.375,49063.4,2077.26,2071.04,2077.26,0.316348,0.312939
8|1197|sample|6|103,1.36,578.0,6,6,1,100839.375,11091.2,769.869,769.869,769.869,-0.125995,-0.125995
8|1197|sample|6|103,6.8,604.0,7,6,1,100839.375,2170.14,769.869,769.869,769.869,-0.108921,-0.108921
8|1197|sample|6|103,34.0,546.0,8,6,1,100839.375,938.507,764.637,764.658,764.637,-0.143791,-0.143778
8|1197|sample|5|103,0.0004351999999999,85902.0,1,5,1,100839.375,99439.4,56222.3,56226.6,56222.3,1.20679,1.20705
8|1197|sample|5|103,0.0021759999999999,97095.0,2,5,1,100839.375,100629.0,57292.3,57292.3,57292.3,1.58997,1.58997
8|1197|sample|5|103,0.0108799999999999,87358.0,3,5,1,100839.375,99226.0,57292.3,57292.3,57292.3,1.20101,1.20101
8|1197|sample|5|103,0.0543999999999999,36940.0,4,5,1,100839.375,89151.3,57292.3,57292.3,57292.3,-0.812996,-0.812998
8|1197|sample|5|103,0.2719999999999999,2878.0,5,5,1,100839.375,49063.4,2077.26,2071.04,2077.26,0.390957,0.387455
8|1197|sample|5|103,1.36,646.0,6,5,1,100839.375,11091.2,769.869,769.869,769.869,-0.0813411,-0.0813411
8|1197|sample|5|103,6.8,580.0,7,5,1,100839.375,2170.14,769.869,769.869,769.869,-0.124681,-0.124681
8|1197|sample|5|103,34.0,628.0,8,5,1,100839.375,938.507,764.637,764.658,764.637,-0.0898673,-0.0898538
8|1197|sample|12|103,0.0014272,64032.0,1,12,1,100839.375,99349.4,44348.3,44352.9,44348.3,1.00141,1.00174
8|1197|sample|12|103,0.007136,55335.0,2,12,1,100839.375,98543.6,43992.0,43997.8,43992.0,0.581282,0.581652
8|1197|sample|12|103,0.03568,22894.0,3,12,1,100839.375,92463.3,41303.7,41313.1,41303.7,-1.00174,-1.00145
8|1197|sample|12|103,0.1784,2488.0,4,12,1,100839.375,61716.0,27709.2,27710.8,27709.2,-1.98151,-1.98149
8|1197|sample|12|103,0.892,422.0,5,12,1,100839.375,17149.9,8004.82,7992.92,8004.82,-1.67228,-1.67308
8|1197|sample|12|103,4.46,484.0,6,12,1,100839.375,3129.93,1806.05,1802.01,1806.05,-0.675156,-0.676642
8|1197|sample|12|103,22.3,418.0,7,12,1,100839.375,1063.95,892.606,891.844,892.606,-0.301127,-0.30155
8|1197|sample|12|103,111.5,586.0,8,12,1,100839.375,803.125,777.286,777.178,777.286,-0.125291,-0.125358
8|1197|sample|10|103,0.0004479999999999,78110.0,1,10,1,100839.375,99438.4,44387.6,44391.7,44387.6,1.71441,1.71476
8|1197|sample|10|103,0.00224,84573.0,2,10,1,100839.375,100621.0,45295.1,45295.6,45295.1,1.9596,1.95965
8|1197|sample|10|103,0.0111999999999999,58621.0,3,10,1,100839.375,99165.4,44645.8,44648.2,44645.8,0.706615,0.706774
8|1197|sample|10|103,0.0559999999999999,24817.0,4,10,1,100839.375,88756.7,40004.0,40010.3,40004.0,-0.851398,-0.851169
8|1197|sample|10|103,0.2799999999999999,1870.0,5,10,1,100839.375,48122.2,21882.6,21875.3,21882.6,-1.94193,-1.94207
8|1197|sample|10|103,1.4,510.0,6,10,1,100839.375,10747.4,5215.02,5204.42,5215.02,-1.39407,-1.3954
8|1197|sample|10|103,7.0,484.0,7,10,1,100839.375,2119.09,1367.16,1364.41,1367.16,-0.497368,-0.498598
8|1197|sample|10|103,111.5,602.0,8,10,1,100839.375,803.125,777.286,777.178,777.286,-0.114805,-0.114872
8|1197|sample|9|103,0.0004479999999999,78594.0,1,9,1,100839.375,99438.4,44387.6,44391.9,44387.6,1.739,1.73937
8|1197|sample|9|103,0.00224,83899.0,2,9,1,100839.375,100621.0,45295.1,45295.8,45295.1,1.92596,1.92602
8|1197|sample|9|103,0.0111999999999999,69732.0,3,9,1,100839.375,99165.4,44645.8,44648.4,44645.8,1.2685,1.26869
8|1197|sample|9|103,0.0559999999999999,27611.0,4,9,1,100839.375,88756.7,40004.0,40010.4,40004.0,-0.694834,-0.694576
8|1197|sample|9|103,0.2799999999999999,1566.0,5,9,1,100839.375,48122.2,21882.6,21875.4,21882.6,-1.97144,-1.97157
8|1197|sample|9|103,1.4,560.0,6,9,1,100839.375,10747.4,5215.02,5204.43,5215.02,-1.37923,-1.38057
8|1197|sample|9|103,7.0,566.0,7,9,1,100839.375,2119.09,1367.16,1364.41,1367.16,-0.451045,-0.452304
8|1197|sample|9|103,35.0,568.0,8,9,1,100839.375,932.147,834.331,833.875,834.331,-0.171592,-0.171866
8|1197|sample|3|103,0.0010624,83416.0,1,3,1,100839.375,99385.9,53033.6,53038.1,53033.6,1.30578,1.30609
8|1197|sample|3|103,0.005312,89383.0,2,3,1,100839.375,100192.0,53783.6,53785.0,53783.6,1.51,1.5101
8|1197|sample|3|103,0.02656,58909.0,3,3,1,100839.375,95883.5,51486.2,51491.9,51486.2,0.327886,0.328172
8|1197|sample|3|103,0.1328,9266.0,4,3,1,100839.375,71142.5,38293.3,38296.3,38293.3,-1.69449,-1.69444
8|1197|sample|3|103,0.664,850.0,5,3,1,100839.375,23397.3,12832.3,12816.2,12832.3,-1.83149,-1.83208
8|1197|sample|3|103,3.32,606.0,6,3,1,100839.375,4250.32,2622.49,2615.84,2622.49,-0.877401,-0.879241
8|1197|sample|3|103,16.6,578.0,7,3,1,100839.375,1213.89,1003.57,1002.23,1003.57,-0.261955,-0.26269
8|1197|sample|3|103,83.0,552.0,8,3,1,100839.375,820.332,791.167,790.971,791.167,-0.156026,-0.156145
8|1197|sample|4|103,0.0010624,79953.0,1,4,1,100839.375,99385.9,53033.6,53038.2,53033.6,1.15692,1.15722
8|1197|sample|4|103,0.005312,90004.0,2,4,1,100839.375,100192.0,53783.6,53785.1,53783.6,1.53634,1.53645
8|1197|sample|4|103,0.02656,58715.0,3,4,1,100839.375,95883.5,51486.2,51492.0,51486.2,0.319304,0.319595
8|1197|sample|4|103,0.1328,7962.0,4,4,1,100839.375,71142.5,38293.3,38296.4,38293.3,-1.77061,-1.77056
8|1197|sample|4|103,0.664,770.0,5,4,1,100839.375,23397.3,12832.3,12816.2,12832.3,-1.84374,-1.84431
8|1197|sample|4|103,3.32,568.0,6,4,1,100839.375,4250.32,2622.49,2615.85,2622.49,-0.893991,-0.89581
8|1197|sample|4|103,16.6,564.0,7,4,1,100839.375,1213.89,1003.57,1002.23,1003.57,-0.2706,-0.271332
8|1197|sample|4|103,83.0,596.0,8,4,1,100839.375,820.332,791.167,790.971,791.167,-0.127298,-0.127419
8|1197|sample|11|103,0.0014272,67698.0,1,11,1,100839.375,99349.4,44348.3,44352.7,44348.3,1.18797,1.18831
8|1197|sample|11|103,0.007136,59779.0,2,11,1,100839.375,99896.8,44971.9,44973.7,44972.0,0.743626,0.743739
8|1197|sample|11|103,0.03568,23906.0,3,11,1,100839.375,93732.6,42223.0,42228.7,42223.0,-0.97628,-0.9761
8|1197|sample|11|103,0.1784,2906.0,4,11,1,100839.375,62561.5,28322.0,28321.0,28322.0,-1.95758,-1.95759
8|1197|sample|11|103,0.892,526.0,5,11,1,100839.375,17381.1,8173.36,8160.46,8173.36,-1.66075,-1.66162
8|1197|sample|11|103,4.46,512.0,6,11,1,100839.375,3167.76,1834.82,1830.57,1834.82,-0.671355,-0.672914
8|1197|sample|11|103,22.3,520.0,7,11,1,100839.375,1073.3,900.78,899.967,900.78,-0.24095,-0.241414
8|1197|sample|11|103,35.0,602.0,8,11,1,100839.375,932.147,834.331,833.875,834.331,-0.149649,-0.149925
8|1197|cc|1|1|103,0.0,606.0,1,1,0,100839.375,0.0,0.0,0.0,0.0,0.503907,0.503907
8|1197|cc|2|1|103,0.0,666.0,2,1,0,100839.375,0.0,0.0,0.0,0.0,0.553798,0.553798
8|1197|cc|3|1|103,0.0,676.0,3,1,0,100839.375,0.0,0.0,0.0,0.0,0.562114,0.562114
8|1197|cc|4|1|103,0.0,624.0,4,1,0,100839.375,0.0,0.0,0.0,0.0,0.518874,0.518874
8|1197|cc|5|1|103,0.0,566.0,5,1,0,100839.375,0.0,0.0,0.0,0.0,0.470645,0.470645
8|1197|cc|6|1|103,0.0,622.0,6,1,0,100839.375,0.0,0.0,0.0,0.0,0.517211,0.517211
8|1197|cc|7|1|103,0.0,690.0,7,1,0,100839.375,0.0,0.0,0.0,0.0,0.573755,0.573755
8|1197|cc|8|1|103,0.0,642.0,8,1,0,100839.375,0.0,0.0,0.0,0.0,0.533842,0.533842
8|1197|vc|1|2|103,0.0,87946.0,1,2,1,100839.375,99463.8,98333.2,98338.7,98333.2,-0.246815,-0.246698
8|1197|vc|2|2|103,0.0,107862.0,2,2,1,100839.375,100830.0,99691.3,99691.3,99691.3,0.191486,0.191486
8|1197|vc|3|2|103,0.0,103669.0,3,2,1,100839.375,100830.0,99691.3,99691.3,99691.3,0.0932196,0.0932197
8|1197|vc|4|2|103,0.0,103811.0,4,2,1,100839.375,100830.0,99691.3,99691.3,99691.3,0.0965476,0.0965476
8|1197|vc|5|2|103,0.0,109061.0,5,2,1,100839.375,100830.0,99691.3,99691.3,99691.3,0.219585,0.219585
8|1197|vc|6|2|103,0.0,103883.0,6,2,1,100839.375,100830.0,99691.3,99691.3,99691.3,0.0982349,0.0982349
8|1197|vc|7|2|103,0.0,108538.0,7,2,1,100839.375,100830.0,99691.3,99691.3,99691.3,0.207329,0.207329
8|1197|vc|8|2|103,0.0,81945.0,8,2,1,100839.375,99463.8,98333.2,98338.7,98333.2,-0.389333,-0.389223
8|77|sample|6|218,0.0006144,31418.0,1,6,1,42678.375,42074.6,22294.3,22296.3,22294.3,0.870656,0.870906
8|77|sample|6|218,0.003072,16903.0,2,6,1,42678.375,42537.4,22736.9,22737.1,22736.9,-0.547274,-0.547265
8|77|sample|6|218,0.01536,4450.0,3,6,1,42678.375,41626.5,22736.9,22737.1,22736.9,-1.71545,-1.71545
8|77|sample|6|218,0.0768,1342.0,4,6,1,42678.375,35485.4,22736.9,22737.0,22736.9,-2.007,-2.007
8|77|sample|6|218,0.384,938.0,5,6,1,42678.375,16412.5,966.844,968.712,966.844,-0.0191288,-0.0179742
8|77|sample|6|218,1.92,712.0,6,6,1,42678.375,3637.73,766.821,766.821,766.821,-0.0360292,-0.0360292
8|77|sample|6|218,9.6,794.0,7,6,1,42678.375,1147.44,766.821,766.821,766.821,0.0178626,0.0178626
8|77|sample|6|218,48.0,626.0,8,6,1,42678.375,812.402,761.61,761.631,761.61,-0.0892655,-0.089252
8|77|sample|5|218,0.0006144,34690.0,1,5,1,42678.375,42074.6,22294.3,22296.3,22294.3,1.18296,1.18324
8|77|sample|5|218,0.003072,18239.0,2,5,1,42678.375,42537.4,22736.9,22737.1,22736.9,-0.42195,-0.421938
8|77|sample|5|218,0.01536,4564.0,3,5,1,42678.375,41626.5,22736.9,22737.1,22736.9,-1.70476,-1.70475
8|77|sample|5|218,0.0768,1360.0,4,5,1,42678.375,35485.4,22736.9,22737.1,22736.9,-2.00531,-2.00531
8|77|sample|5|218,0.384,1130.0,5,5,1,42678.375,16412.5,966.844,968.712,966.844,0.100457,0.101669
8|77|sample|5|218,1.92,728.0,6,5,1,42678.375,3637.73,766.821,766.821,766.821,-0.0255137,-0.0255137
8|77|sample|5|218,9.6,752.0,7,5,1,42678.375,1147.44,766.821,766.821,766.821,-0.00974053,-0.00974053
8|77|sample|5|218,48.0,878.0,8,5,1,42678.375,812.402,761.61,761.631,761.61,0.0765885,0.0766029
8|77|sample|3|218,6.4e-05,43169.0,1,3,1,42678.375,42089.8,22294.3,22296.3,22294.3,1.99227,1.99261
8|77|sample|3|218,0.00032,39049.0,2,3,1,42678.375,42661.7,22736.9,22737.1,22736.9,1.53017,1.53019
8|77|sample|3|218,0.0016,29908.0,3,3,1,42678.375,42612.4,22736.9,22737.1,22736.9,0.672682,0.672698
8|77|sample|3|218,0.008,10350.0,4,3,1,42678.375,42216.1,22736.9,22737.1,22736.9,-1.16199,-1.16198
8|77|sample|3|218,0.04,1788.0,5,3,1,42678.375,39259.4,22736.9,22737.1,22736.9,-1.96516,-1.96516
8|77|sample|3|218,0.2,944.0,6,3,1,42678.375,25150.4,21687.0,21672.9,21687.0,-2.02875,-2.02897
8|77|sample|3|218,1.0,862.0,7,3,1,42678.375,6906.4,766.823,766.824,766.823,0.0625515,0.0625516
8|77|sample|3|218,5.0,850.0,8,3,1,42678.375,1622.1,761.61,761.631,761.61,0.0581603,0.0581746
8|77|sample|4|218,6.4e-05,45568.0,1,4,1,42678.375,42089.8,22294.3,22296.2,22294.3,2.22126,2.22161
8|77|sample|4|218,0.00032,42519.0,2,4,1,42678.375,42661.7,22736.9,22737.0,22736.9,1.85568,1.8557
8|77|sample|4|218,0.0016,32499.0,3,4,1,42678.375,42612.4,22736.9,22737.0,22736.9,0.915739,0.915753
8|77|sample|4|218,0.008,11100.0,4,4,1,42678.375,42216.1,22736.9,22737.0,22736.9,-1.09163,-1.09163
8|77|sample|4|218,0.04,1742.0,5,4,1,42678.375,39259.4,22736.9,22737.0,22736.9,-1.96948,-1.96948
8|77|sample|4|218,0.2,908.0,6,4,1,42678.375,25150.4,21687.0,21672.8,21687.0,-2.03227,-2.03249
8|77|sample|4|218,1.0,792.0,7,4,1,42678.375,6906.4,766.823,766.824,766.823,0.0165464,0.0165465
8|77|sample|4|218,5.0,628.0,8,4,1,42678.375,1622.1,761.61,761.631,761.61,-0.0879492,-0.0879357
8|77|sample|9|218,0.0003648,39501.0,1,9,1,42678.375,42082.5,25840.6,25842.6,25840.6,1.14277,1.14302
8|77|sample|9|218,0.001824,33817.0,2,9,1,42678.375,42601.9,26271.7,26272.1,26271.7,0.621976,0.62201
8|77|sample|9|218,0.00912,26621.0,3,9,1,42678.375,42133.1,25986.0,25987.2,25986.0,0.0527627,0.0528694
8|77|sample|9|218,0.0456,18897.0,4,9,1,42678.375,38686.2,23884.7,23888.3,23884.7,-0.448091,-0.447829
8|77|sample|9|218,0.228,6130.0,5,9,1,42678.375,23392.9,14562.3,14559.8,14562.3,-1.16132,-1.1615
8|77|sample|9|218,1.14,1632.0,6,9,1,42678.375,6066.6,4000.69,3993.95,4000.69,-0.824729,-0.826273
8|77|sample|9|218,5.7,948.0,7,9,1,42678.375,1505.63,1220.4,1218.47,1220.4,-0.158223,-0.159275
8|77|sample|9|218,28.5,518.0,8,9,1,42678.375,856.983,822.679,822.355,822.679,-0.197036,-0.197228
8|77|sample|10|218,0.0003648,35866.0,1,10,1,42678.375,42082.5,25840.6,25842.6,25840.6,0.838638,0.838865
8|77|sample|10|218,0.001824,34189.0,2,10,1,42678.375,42601.9,26271.7,26272.0,26271.7,0.652643,0.652676
8|77|sample|10|218,0.00912,29560.0,3,10,1,42678.375,42133.1,25986.0,25987.2,25986.0,0.297433,0.297549
8|77|sample|10|218,0.0456,18735.0,4,10,1,42678.375,38686.2,23884.7,23888.3,23884.7,-0.462634,-0.462374
8|77|sample|10|218,0.228,5920.0,5,10,1,42678.375,23392.9,14562.3,14559.8,14562.3,-1.19025,-1.19042
8|77|sample|10|218,1.14,1412.0,6,10,1,42678.375,6066.6,4000.69,3993.95,4000.69,-0.901547,-0.903016
8|77|sample|10|218,5.7,958.0,7,10,1,42678.375,1505.63,1220.4,1218.47,1220.4,-0.152373,-0.153427
8|77|sample|10|218,28.5,822.0,8,10,1,42678.375,856.983,822.679,822.355,822.679,-0.00022983,-0.000439399
8|77|sample|8|218,7.68e-05,34940.0,1,8,1,42678.375,42089.6,25844.9,25846.8,25844.9,0.760698,0.760911
8|77|sample|8|218,0.000384,36968.0,2,8,1,42678.375,42659.9,26307.1,26307.1,26307.1,0.877784,0.877793
8|77|sample|8|218,0.00192,37060.0,3,8,1,42678.375,42597.3,26268.9,26269.2,26268.9,0.889638,0.88967
8|77|sample|8|218,0.0096,34816.0,4,8,1,42678.375,42096.7,25963.7,25965.0,25963.7,0.737407,0.737543
8|77|sample|8|218,0.048,23358.0,5,8,1,42678.375,38439.1,23734.2,23737.7,23734.2,-0.034283,-0.0339645
8|77|sample|8|218,0.24,5846.0,6,8,1,42678.375,22696.9,14138.1,14135.2,14138.1,-1.17042,-1.17063
8|77|sample|8|218,1.2,1892.0,7,8,1,42678.375,5765.59,3817.2,3810.62,3817.2,-0.688256,-0.68994
8|77|sample|8|218,6.0,882.0,8,8,1,42678.375,1444.39,1179.16,1177.42,1179.16,-0.174559,-0.175516
8|77|sample|7|218,7.68e-05,30832.0,1,7,1,42678.375,42089.6,25844.9,25846.9,25844.9,0.417035,0.41723
8|77|sample|7|218,0.000384,38389.0,2,7,1,42678.375,42659.9,26307.1,26307.2,26307.1,0.99478,0.994794
8|77|sample|7|218,0.00192,35394.0,3,7,1,42678.375,42597.3,26268.9,26269.2,26268.9,0.752281,0.752316
8|77|sample|7|218,0.0096,35666.0,4,7,1,42678.375,42096.7,25963.7,25965.0,25963.7,0.808219,0.808363
8|77|sample|7|218,0.048,22898.0,5,7,1,42678.375,38439.1,23734.2,23737.8,23734.2,-0.0758162,-0.0754996
8|77|sample|7|218,0.24,7590.0,6,7,1,42678.375,22696.9,14138.1,14135.2,14138.1,-0.924173,-0.924426
8|77|sample|7|218,1.2,1360.0,7,7,1,42678.375,5765.59,3817.2,3810.62,3817.2,-0.879099,-0.880594
8|77|sample|7|218,6.0,822.0,8,7,1,42678.375,1444.39,1179.16,1177.42,1179.16,-0.210013,-0.210954
8|77|sample|12|218,0.0003712,45444.0,1,12,1,42678.375,42082.3,29075.5,29077.6,29075.5,1.23078,1.23102
8|77|sample|12|218,0.001856,37090.0,2,12,1,42678.375,42023.3,29035.0,29037.4,29035.0,0.606335,0.606553
8|77|sample|12|218,0.00928,32149.0,3,12,1,42678.375,41550.5,28711.1,28714.4,28711.1,0.261255,0.261536
8|77|sample|12|218,0.0464,16881.0,4,12,1,42678.375,38081.4,26334.1,26339.9,26334.1,-0.777942,-0.777622
8|77|sample|12|218,0.2319999999999999,2962.0,5,12,1,42678.375,22845.9,15895.0,15893.1,15895.0,-1.65498,-1.65506
8|77|sample|12|218,1.16,426.0,6,12,1,42678.375,5886.62,4274.67,4267.52,4274.67,-1.2901,-1.29121
8|77|sample|12|218,5.8,460.0,7,12,1,42678.375,1474.44,1251.48,1249.43,1251.48,-0.458356,-0.459316
8|77|sample|12|218,29.0,486.0,8,12,1,42678.375,854.96,827.009,826.647,827.009,-0.220277,-0.220489
8|77|sample|11|218,0.0003712,46172.0,1,11,1,42678.375,42082.3,29075.5,29077.6,29075.5,1.28553,1.28577
8|77|sample|11|218,0.001856,35384.0,2,11,1,42678.375,42600.4,29523.3,29523.6,29523.3,0.434647,0.434675
8|77|sample|11|218,0.00928,31066.0,3,11,1,42678.375,42121.0,29193.8,29195.2,29193.8,0.140174,0.140284
8|77|sample|11|218,0.0464,17065.0,4,11,1,42678.375,38603.9,26776.2,26780.2,26776.2,-0.787168,-0.786949
8|77|sample|11|218,0.2319999999999999,3456.0,5,11,1,42678.375,23157.2,16158.7,16155.7,16158.7,-1.60296,-1.60309
8|77|sample|11|218,1.16,552.0,6,11,1,42678.375,5962.84,4339.86,4332.32,4339.86,-1.25815,-1.25935
8|77|sample|11|218,5.8,432.0,7,11,1,42678.375,1489.5,1265.01,1262.87,1265.01,-0.480857,-0.481845
8|77|sample|11|218,29.0,516.0,8,11,1,42678.375,854.96,827.009,826.647,827.009,-0.200877,-0.201092
8|77|cc|1|1|218,0.0,474.0,1,1,0,42678.375,0.0,0.0,0.0,0.0,0.394145,0.394145
8|77|cc|2|1|218,0.0,504.0,2,1,0,42678.375,0.0,0.0,0.0,0.0,0.419091,0.419091
8|77|cc|3|1|218,0.0,490.0,3,1,0,42678.375,0.0,0.0,0.0,0.0,0.407449,0.407449
8|77|cc|4|1|218,0.0,528.0,4,1,0,42678.375,0.0,0.0,0.0,0.0,0.439047,0.439047
8|77|cc|5|1|218,0.0,460.0,5,1,0,42678.375,0.0,0.0,0.0,0.0,0.382503,0.382503
8|77|cc|6|1|218,0.0,446.0,6,1,0,42678.375,0.0,0.0,0.0,0.0,0.370862,0.370862
8|77|cc|7|1|218,0.0,412.0,7,1,0,42678.375,0.0,0.0,0.0,0.0,0.34259,0.34259
8|77|cc|8|1|218,0.0,498.0,8,1,0,42678.375,0.0,0.0,0.0,0.0,0.414101,0.414101
8|77|vc|1|2|218,0.0,44393.0,1,2,1,42678.375,42090.6,41829.3,41831.6,41829.3,0.137688,0.137821
8|77|vc|2|2|218,0.0,45576.0,2,2,1,42678.375,42668.7,42405.6,42405.6,42405.6,0.16827,0.16827
8|77|vc|3|2|218,0.0,43197.0,3,2,1,42678.375,42668.7,42405.6,42405.6,42405.6,0.0420054,0.0420054
8|77|vc|4|2|218,0.0,40982.0,4,2,1,42678.375,42668.7,42405.6,42405.6,42405.6,-0.0755547,-0.0755547
8|77|vc|5|2|218,0.0,41808.0,5,2,1,42678.375,42668.7,42405.6,42405.6,42405.6,-0.0317151,-0.0317151
8|77|vc|6|2|218,0.0,42921.0,6,2,1,42678.375,42668.7,42405.6,42405.6,42405.6,0.0273568,0.0273568
8|77|vc|7|2|218,0.0,40844.0,7,2,1,42678.375,42668.7,42405.6,42405.6,42405.6,-0.082879,-0.082879
8|77|vc|8|2|218,0.0,41706.0,8,2,1,42678.375,42090.6,41829.3,41831.6,41829.3,-0.00675344,-0.00662825
8|745|sample|7|218,0.0016767999999999,14036.0,1,7,1,41925.5,41290.0,11063.3,11064.8,11063.3,0.511819,0.512151
8|745|sample|7|218,0.0083839999999999,8654.0,2,7,1,41925.5,41443.8,11316.3,11316.8,11316.3,-0.450572,-0.450504
8|745|sample|7|218,0.04192,2340.0,3,7,1,41925.5,38375.4,10520.9,10522.3,10520.9,-1.46652,-1.46642
8|745|sample|7|218,0.2096,544.0,4,7,1,41925.5,24099.0,6819.75,6819.0,6819.75,-1.5536,-1.55367
8|745|sample|7|218,1.048,500.0,5,7,1,41925.5,6489.29,2254.48,2251.57,2254.48,-0.818812,-0.819711
8|745|sample|7|218,5.24,446.0,6,7,1,41925.5,1574.19,980.248,979.376,980.248,-0.331293,-0.33176
8|745|sample|7|218,26.2,530.0,7,7,1,41925.5,872.244,798.266,798.103,798.266,-0.174708,-0.174806
8|745|sample|7|218,131.0,486.0,8,7,1,41925.5,778.606,770.038,770.035,770.038,-0.186508,-0.186511
8|745|sample|8|218,0.0016767999999999,19753.0,1,8,1,41925.5,41290.0,11063.3,11065.0,11063.3,1.4966,1.49709
8|745|sample|8|218,0.0083839999999999,15397.0,2,8,1,41925.5,41443.8,11316.3,11317.0,11316.3,0.690362,0.690501
8|745|sample|8|218,0.04192,2644.0,3,8,1,41925.5,38375.4,10520.9,10522.5,10520.9,-1.41204,-1.41192
8|745|sample|8|218,0.2096,626.0,4,8,1,41925.5,24099.0,6819.75,6819.09,6819.75,-1.53331,-1.53337
8|745|sample|8|218,1.048,466.0,5,8,1,41925.5,6489.29,2254.48,2251.59,2254.48,-0.834713,-0.835596
8|745|sample|8|218,5.24,480.0,6,8,1,41925.5,1574.19,980.248,979.379,980.248,-0.310177,-0.310647
8|745|sample|8|218,26.2,496.0,7,8,1,41925.5,872.244,798.266,798.104,798.266,-0.196864,-0.196961
8|745|sample|8|218,131.0,504.0,8,8,1,41925.5,778.606,770.038,770.035,770.038,-0.174689,-0.174691
8|745|sample|6|218,0.0004351999999999,15921.0,1,6,1,41925.5,41337.9,11075.4,11077.1,11075.4,0.833694,0.834077
8|745|sample|6|218,0.0021759999999999,19539.0,2,6,1,41925.5,41833.4,11417.3,11417.6,11417.3,1.36451,1.36459
8|745|sample|6|218,0.0108799999999999,15797.0,3,6,1,41925.5,41256.4,11267.8,11268.5,11267.8,0.768871,0.769037
8|745|sample|6|218,0.0543999999999999,4440.0,4,6,1,41925.5,37113.6,10193.8,10195.4,10193.8,-1.05731,-1.05714
8|745|sample|6|218,0.2719999999999999,686.0,5,6,1,41925.5,20629.4,5920.26,5918.7,5920.26,-1.42794,-1.42811
8|745|sample|6|218,1.36,510.0,6,6,1,41925.5,5015.04,1872.29,1869.73,1872.29,-0.686617,-0.68754
8|745|sample|6|218,6.8,482.0,7,6,1,41925.5,1346.68,921.264,920.59,921.264,-0.276621,-0.276997
8|745|sample|6|218,34.0,442.0,8,6,1,41925.5,837.131,784.909,784.815,784.909,-0.224201,-0.224257
8|745|sample|5|218,0.0004351999999999,22410.0,1,5,1,41925.5,41337.9,11075.4,11077.2,11075.4,1.95051,1.95104
8|745|sample|5|218,0.0021759999999999,20920.0,2,5,1,41925.5,41833.4,11417.3,11417.7,11417.3,1.59652,1.59662
8|745|sample|5|218,0.0108799999999999,19255.0,3,5,1,41925.5,41256.4,11267.8,11268.6,11267.8,1.35597,1.35618
8|745|sample|5|218,0.0543999999999999,5578.0,4,5,1,41925.5,37113.6,10193.8,10195.5,10193.8,-0.848261,-0.848056
8|745|sample|5|218,0.2719999999999999,778.0,5,5,1,41925.5,20629.4,5920.26,5918.73,5920.26,-1.40283,-1.40301
8|745|sample|5|218,3.32,492.0,6,5,1,41925.5,2202.05,1143.02,1141.7,1143.02,-0.387303,-0.387963
8|745|sample|5|218,6.8,448.0,7,5,1,41925.5,1346.68,921.264,920.591,921.264,-0.298065,-0.298437
8|745|sample|5|218,34.0,514.0,8,5,1,41925.5,837.131,784.909,784.815,784.909,-0.177113,-0.17717
8|745|sample|3|218,0.0010624,37523.0,1,3,1,41925.5,41315.9,28316.7,28318.9,28316.7,0.708989,0.709204
8|745|sample|3|218,0.005312,37208.0,2,3,1,41925.5,41653.7,28638.7,28639.6,28638.7,0.653313,0.653395
8|745|sample|3|218,0.02656,26461.0,3,3,1,41925.5,39881.9,27431.0,27434.0,27431.0,-0.0771384,-0.0769032
8|745|sample|3|218,0.1328,7202.0,4,3,1,41925.5,29708.3,20496.2,20497.8,20496.2,-1.36665,-1.36657
8|745|sample|3|218,0.664,758.0,5,3,1,41925.5,10075.4,7113.47,7105.02,7113.47,-1.52647,-1.52721
8|745|sample|3|218,1.36,492.0,6,3,1,41925.5,5015.04,3664.1,3657.33,3664.1,-1.16206,-1.16334
8|745|sample|3|218,16.6,474.0,7,3,1,41925.5,953.463,895.51,894.806,895.51,-0.267212,-0.267609
8|745|sample|3|218,83.0,544.0,8,3,1,41925.5,788.541,781.37,781.277,781.37,-0.155328,-0.155386
8|745|sample|11|218,0.0014272,34041.0,1,11,1,41925.5,41300.9,26135.1,26137.1,26135.1,0.654595,0.654811
8|745|sample|11|218,0.007136,31669.0,2,11,1,41925.5,41532.2,26387.4,26388.3,26387.4,0.433593,0.433682
8|745|sample|11|218,0.03568,15013.0,3,11,1,41925.5,38997.5,24794.3,24797.5,24794.3,-0.849554,-0.849372
8|745|sample|11|218,0.1784,2764.0,4,11,1,41925.5,26179.8,16738.7,16738.1,16738.7,-1.71148,-1.7115
8|745|sample|11|218,0.892,588.0,5,11,1,41925.5,7601.45,5062.52,5055.03,5062.52,-1.35149,-1.35248
8|745|sample|11|218,4.46,514.0,6,11,1,41925.5,1756.9,1389.29,1386.83,1389.29,-0.490501,-0.491603
8|745|sample|11|218,22.3,488.0,7,11,1,41925.5,895.65,848.002,847.531,848.002,-0.231189,-0.231463
8|745|sample|11|218,111.5,454.0,8,11,1,41925.5,781.466,774.261,774.207,774.261,-0.210021,-0.210054
8|745|sample|12|218,0.0014272,35658.0,1,12,1,41925.5,41300.9,26135.1,26137.1,26135.1,0.788516,0.788739
8|745|sample|12|218,0.007136,33363.0,2,12,1,41925.5,40969.6,25927.7,25930.4,25927.7,0.619974,0.620263
8|745|sample|12|218,0.03568,19647.0,3,12,1,41925.5,38469.5,24362.9,24367.8,24362.9,-0.41635,-0.415992
8|745|sample|12|218,0.1784,2970.0,4,12,1,41925.5,25827.1,16450.1,16450.7,16450.1,-1.67559,-1.67556
8|745|sample|12|218,0.892,516.0,5,12,1,41925.5,7502.82,4981.13,4974.11,4981.13,-1.36266,-1.36359
8|745|sample|12|218,4.46,476.0,6,12,1,41925.5,1738.18,1373.07,1370.72,1373.07,-0.504702,-0.505752
8|745|sample|12|218,22.3,430.0,7,12,1,41925.5,888.71,841.386,840.949,841.386,-0.264718,-0.264969
8|745|sample|12|218,111.5,508.0,8,12,1,41925.5,781.466,774.261,774.207,774.261,-0.174603,-0.174636
8|745|sample|10|218,0.0004479999999999,30856.0,1,10,1,41925.5,41337.5,26158.0,26159.9,26158.0,0.38862,0.388809
8|745|sample|10|218,0.00224,33967.0,2,10,1,41925.5,41830.2,26574.7,26575.0,26574.7,0.603105,0.603138
8|745|sample|10|218,0.0111999999999999,30390.0,3,10,1,41925.5,41231.4,26198.3,26199.8,26198.3,0.346283,0.346419
8|745|sample|10|218,0.0559999999999999,15487.0,4,10,1,41925.5,36951.4,23508.4,23512.1,23508.4,-0.73071,-0.730475
8|745|sample|10|218,0.2799999999999999,2782.0,5,10,1,41925.5,20242.3,13007.1,13002.8,13007.1,-1.54599,-1.54621
8|745|sample|10|218,1.4,586.0,6,10,1,41925.5,4873.68,3348.15,3342.01,3348.15,-1.06297,-1.0643
8|745|sample|10|218,7.0,518.0,7,10,1,41925.5,1325.68,1118.28,1116.68,1118.28,-0.359118,-0.35993
8|745|sample|10|218,35.0,628.0,8,10,1,41925.5,834.516,807.465,807.208,807.465,-0.116492,-0.116652
8|745|sample|9|218,0.0004479999999999,34245.0,1,9,1,41925.5,41337.5,26158.0,26159.9,26158.0,0.669073,0.669282
8|745|sample|9|218,0.00224,30544.0,2,9,1,41925.5,41830.2,26574.7,26575.0,26574.7,0.323826,0.323857
8|745|sample|9|218,0.0111999999999999,32845.0,3,9,1,41925.5,41231.4,26198.3,26199.8,26198.3,0.549165,0.549313
8|745|sample|9|218,0.0559999999999999,16947.0,4,9,1,41925.5,36951.4,23508.4,23512.1,23508.4,-0.597773,-0.597518
8|745|sample|9|218,0.2799999999999999,2844.0,5,9,1,41925.5,20242.3,13007.1,13002.8,13007.1,-1.53661,-1.53684
8|745|sample|9|218,1.4,526.0,6,9,1,41925.5,4873.68,3348.15,3342.01,3348.15,-1.08612,-1.08741
8|745|sample|9|218,7.0,504.0,7,9,1,41925.5,1325.68,1118.28,1116.68,1118.28,-0.367516,-0.368325
8|745|sample|9|218,35.0,506.0,8,9,1,41925.5,834.516,807.465,807.208,807.465,-0.195797,-0.195951
8|745|sample|4|218,0.0010624,34037.0,1,4,1,41925.5,41315.9,28316.7,28318.9,28316.7,0.440466,0.44066
8|745|sample|4|218,0.005312,36046.0,2,4,1,41925.5,41653.7,28638.7,28639.5,28638.7,0.564717,0.564794
8|745|sample|4|218,0.02656,26077.0,3,4,1,41925.5,39881.9,27431.0,27434.0,27431.0,-0.107579,-0.107349
8|745|sample|4|218,0.1328,8328.0,4,4,1,41925.5,29708.3,20496.2,20497.8,20496.2,-1.25091,-1.25083
8|745|sample|4|218,0.664,672.0,5,4,1,41925.5,10075.4,7113.47,7105.01,7113.47,-1.54715,-1.54787
8|745|sample|4|218,3.32,466.0,6,4,1,41925.5,2202.05,1746.62,1743.13,1746.62,-0.662525,-0.663837
8|745|sample|4|218,16.6,460.0,7,4,1,41925.5,953.463,895.51,894.806,895.51,-0.276102,-0.276497
8|745|sample|4|218,83.0,550.0,8,4,1,41925.5,788.541,781.37,781.277,781.37,-0.151401,-0.151458
8|745|cc|1|1|218,0.0,424.0,1,1,0,41925.5,0.0,0.0,0.0,0.0,0.352568,0.352568
8|745|cc|2|1|218,0.0,424.0,2,1,0,41925.5,0.0,0.0,0.0,0.0,0.352568,0.352568
8|745|cc|3|1|218,0.0,442.0,3,1,0,41925.5,0.0,0.0,0.0,0.0,0.367536,0.367536
8|745|cc|4|1|218,0.0,476.0,4,1,0,41925.5,0.0,0.0,0.0,0.0,0.395808,0.395808
8|745|cc|5|1|218,0.0,500.0,5,1,0,41925.5,0.0,0.0,0.0,0.0,0.415764,0.415764
8|745|cc|6|1|218,0.0,514.0,6,1,0,41925.5,0.0,0.0,0.0,0.0,0.427406,0.427406
8|745|cc|7|1|218,0.0,472.0,7,1,0,41925.5,0.0,0.0,0.0,0.0,0.392482,0.392482
8|745|cc|8|1|218,0.0,496.0,8,1,0,41925.5,0.0,0.0,0.0,0.0,0.412438,0.412438
8|745|vc|1|2|218,0.0,40530.0,1,2,1,41925.5,41348.0,41086.6,41088.9,41086.6,-0.0305516,-0.0304278
8|745|vc|2|2|218,0.0,43557.0,2,2,1,41925.5,41915.8,41652.7,41652.7,41652.7,0.102779,0.102779
8|745|vc|3|2|218,0.0,43897.0,3,2,1,41925.5,41915.8,41652.7,41652.7,41652.7,0.121129,0.121129
8|745|vc|4|2|218,0.0,43871.0,4,2,1,41925.5,41915.8,41652.7,41652.7,41652.7,0.119726,0.119726
8|745|vc|5|2|218,0.0,42072.0,5,2,1,41925.5,41915.8,41652.7,41652.7,41652.7,0.0226312,0.0226312
8|745|vc|6|2|218,0.0,41786.0,6,2,1,41925.5,41915.8,41652.7,41652.7,41652.7,0.00719533,0.00719532
8|745|vc|7|2|218,0.0,38985.0,7,2,1,41925.5,41915.8,41652.7,41652.7,41652.7,-0.143979,-0.143979
8|745|vc|8|2|218,0.0,40706.0,8,2,1,41925.5,41348.0,41086.6,41088.9,41086.6,-0.0209308,-0.0208065
8|322|sample|6|174,0.0006144,61466.0,1,6,1,57415.875,56606.9,39825.9,39828.7,39825.9,1.21766,1.21789
8|322|sample|6|174,0.003072,43953.0,2,6,1,57415.875,57228.7,40379.4,40379.9,40379.4,0.198516,0.198551
8|322|sample|6|174,0.01536,17317.0,3,6,1,57415.875,55997.5,39515.7,39518.5,39515.7,-1.25855,-1.25847
8|322|sample|6|174,0.0768,3170.0,4,6,1,57415.875,47696.1,33692.2,33697.5,33692.2,-2.00585,-2.00579
8|322|sample|6|174,0.384,1668.0,5,6,1,57415.875,21914.3,15606.4,15596.6,15606.4,-1.81124,-1.81155
8|322|sample|6|174,1.92,986.0,6,6,1,57415.875,4645.91,3492.52,3484.83,3492.52,-0.942193,-0.943956
8|322|sample|6|174,9.6,876.0,7,6,1,57415.875,1279.64,1131.04,1129.27,1131.04,-0.151446,-0.15244
8|322|sample|6|174,48.0,568.0,8,6,1,57415.875,828.606,812.913,812.633,812.913,-0.158788,-0.158958
8|322|sample|5|174,0.0006144,57284.0,1,5,1,57415.875,56606.9,39825.9,39828.6,39825.9,0.982318,0.982533
8|322|sample|5|174,0.003072,45244.0,2,5,1,57415.875,57228.7,40379.4,40379.9,40379.4,0.270246,0.270279
8|322|sample|5|174,0.01536,15013.0,3,5,1,57415.875,55997.5,39515.7,39518.4,39515.7,-1.38916,-1.38909
8|322|sample|5|174,0.0768,3166.0,4,5,1,57415.875,47696.1,33692.2,33697.5,33692.2,-2.00611,-2.00605
8|322|sample|5|174,0.384,1700.0,5,5,1,57415.875,21914.3,15606.4,15596.6,15606.4,-1.80708,-1.80739
8|322|sample|5|174,1.92,1178.0,6,5,1,57415.875,4645.91,3492.52,3484.82,3492.52,-0.869798,-0.871649
8|322|sample|5|174,9.6,802.0,7,5,1,57415.875,1279.64,1131.04,1129.27,1131.04,-0.195695,-0.19667
8|322|sample|5|174,48.0,592.0,8,5,1,57415.875,828.606,812.913,812.633,812.913,-0.14321,-0.143381
8|322|sample|3|174,6.4e-05,68369.0,1,3,1,57415.875,56627.4,39840.3,39842.9,39840.3,1.6048,1.60505
8|322|sample|3|174,0.00032,67810.0,2,3,1,57415.875,57396.8,40497.3,40497.3,40497.3,1.51336,1.51336
8|322|sample|3|174,0.0016,52285.0,3,3,1,57415.875,57330.1,40450.5,40450.7,40450.5,0.656427,0.656444
8|322|sample|3|174,0.008,24757.0,4,3,1,57415.875,56794.5,40074.8,40076.3,40074.8,-0.85714,-0.857085
8|322|sample|3|174,0.04,6502.0,5,3,1,57415.875,52797.7,37271.0,37276.2,37271.0,-1.8419,-1.84183
8|322|sample|3|174,0.2,1324.0,6,3,1,57415.875,33725.7,23892.0,23889.7,23892.0,-2.02571,-2.02574
8|322|sample|3|174,1.0,1184.0,7,3,1,57415.875,9064.36,6592.08,6580.99,6592.08,-1.36979,-1.371
8|322|sample|3|174,5.0,732.0,8,3,1,57415.875,1923.15,1578.49,1575.22,1578.49,-0.453876,-0.455303
8|322|sample|4|174,6.4e-05,62415.0,1,4,1,57415.875,56627.4,39840.3,39842.9,39840.3,1.26984,1.27007
8|322|sample|4|174,0.00032,67704.0,2,4,1,57415.875,57396.8,40497.3,40497.3,40497.3,1.50749,1.50749
8|322|sample|4|174,0.0016,62973.0,3,4,1,57415.875,57330.1,40450.5,40450.7,40450.5,1.24927,1.24929
8|322|sample|4|174,0.008,31769.0,4,4,1,57415.875,56794.5,40074.8,40076.3,40074.8,-0.464807,-0.464738
8|322|sample|4|174,0.04,7024.0,5,4,1,57415.875,52797.7,37271.0,37276.2,37271.0,-1.81066,-1.81058
8|322|sample|4|174,0.2,2158.0,6,4,1,57415.875,33725.7,23892.0,23889.7,23892.0,-1.95084,-1.95088
8|322|sample|4|174,1.0,1208.0,7,4,1,57415.875,9064.36,6592.08,6580.99,6592.08,-1.3637,-1.36492
8|322|sample|4|174,5.0,738.0,8,4,1,57415.875,1923.15,1578.49,1575.22,1578.49,-0.450647,-0.452076
8|322|sample|10|174,0.0003648,59489.0,1,10,1,57415.875,56617.5,46588.5,46591.5,46588.5,0.626624,0.626803
8|322|sample|10|174,0.001824,58098.0,2,10,1,57415.875,57315.9,47232.4,47232.8,47232.4,0.521127,0.52115
8|322|sample|10|174,0.00912,33755.0,3,10,1,57415.875,56682.2,46711.7,46713.8,46711.7,-0.628048,-0.627973
8|322|sample|10|174,0.0456,5730.0,4,10,1,57415.875,52022.8,42882.9,42889.3,42882.9,-1.95137,-1.95131
8|322|sample|10|174,0.228,522.0,5,10,1,57415.875,31350.0,25895.9,25891.2,25895.9,-2.11901,-2.11906
8|322|sample|10|174,1.14,508.0,6,10,1,57415.875,7929.14,6650.67,6638.37,6650.67,-1.54656,-1.54767
8|322|sample|10|174,5.7,466.0,7,10,1,57415.875,1763.84,1584.5,1580.99,1584.5,-0.599385,-0.600801
8|322|sample|10|174,28.5,506.0,8,10,1,57415.875,888.871,864.441,863.83,864.441,-0.229096,-0.22945
8|322|sample|9|174,0.0003648,63211.0,1,9,1,57415.875,56617.5,46588.5,46591.5,46588.5,0.807456,0.807647
8|322|sample|9|174,0.001824,58837.0,2,9,1,57415.875,57315.9,47232.4,47232.8,47232.4,0.556571,0.556595
8|322|sample|9|174,0.00912,39073.0,3,9,1,57415.875,56682.2,46711.7,46713.8,46711.7,-0.370311,-0.370225
8|322|sample|9|174,0.0456,8670.0,4,9,1,57415.875,52022.8,42882.9,42889.3,42882.9,-1.79698,-1.7969
8|322|sample|9|174,0.228,700.0,5,9,1,57415.875,31350.0,25895.9,25891.2,25895.9,-2.10414,-2.10419
8|322|sample|9|174,1.14,472.0,6,9,1,57415.875,7929.14,6650.67,6638.37,6650.67,-1.55564,-1.55674
8|322|sample|9|174,5.7,500.0,7,9,1,57415.875,1763.84,1584.5,1580.99,1584.5,-0.581108,-0.582538
8|322|sample|9|174,28.5,482.0,8,9,1,57415.875,888.871,864.441,863.83,864.441,-0.244462,-0.244813
8|322|sample|7|174,7.68e-05,65787.0,1,7,1,57415.875,56627.1,46596.4,46599.3,46596.4,0.932085,0.932281
8|322|sample|7|174,0.000384,73386.0,2,7,1,57415.875,57394.3,47296.8,47296.9,47296.8,1.24972,1.24972
8|322|sample|7|174,0.00192,64997.0,3,7,1,57415.875,57309.7,47227.3,47227.8,47227.3,0.852352,0.852382
8|322|sample|7|174,0.0096,39945.0,4,7,1,57415.875,56633.0,46671.2,46673.5,46671.2,-0.32636,-0.326266
8|322|sample|7|174,0.048,8318.0,5,7,1,57415.875,51688.9,42608.6,42615.0,42608.6,-1.81192,-1.81184
8|322|sample|7|174,0.24,670.0,6,7,1,57415.875,30409.3,25122.9,25117.5,25122.9,-2.09843,-2.09849
8|322|sample|7|174,1.2,500.0,7,7,1,57415.875,7522.26,6316.32,6304.32,6316.32,-1.5175,-1.51866
8|322|sample|7|174,6.0,490.0,8,7,1,57415.875,1682.93,1515.97,1512.75,1515.97,-0.558317,-0.559665
8|322|sample|8|174,7.68e-05,62071.0,1,8,1,57415.875,56627.1,46596.4,46599.3,46596.4,0.751572,0.751757
8|322|sample|8|174,0.000384,68715.0,2,8,1,57415.875,57394.3,47296.8,47296.9,47296.8,1.02597,1.02597
8|322|sample|8|174,0.00192,70174.0,3,8,1,57415.875,57309.7,47227.3,47227.8,47227.3,1.10068,1.10071
8|322|sample|8|174,0.0096,40494.0,4,8,1,57415.875,56633.0,46671.2,46673.5,46671.2,-0.299731,-0.299636
8|322|sample|8|174,0.048,8992.0,5,8,1,57415.875,51688.9,42608.6,42615.0,42608.6,-1.77631,-1.77622
8|322|sample|8|174,0.24,784.0,6,8,1,57415.875,30409.3,25122.9,25117.5,25122.9,-2.08865,-2.08871
8|322|sample|8|174,1.2,536.0,7,8,1,57415.875,7522.26,6316.32,6304.32,6316.32,-1.50809,-1.50926
8|322|sample|8|174,29.0,490.0,8,8,1,57415.875,886.136,862.197,861.598,862.197,-0.238053,-0.238398
8|322|sample|12|174,0.0003712,46716.0,1,12,1,57415.875,56617.3,38974.5,38977.2,38974.5,0.444363,0.444549
8|322|sample|12|174,0.001856,42028.0,2,12,1,57415.875,56537.4,38919.9,38922.9,38919.9,0.178526,0.178713
8|322|sample|12|174,0.00928,33001.0,3,12,1,57415.875,55898.3,38482.7,38487.1,38482.7,-0.318744,-0.318522
8|322|sample|12|174,0.0464,9910.0,4,12,1,57415.875,51208.8,35274.4,35282.1,35274.4,-1.5979,-1.59774
8|322|sample|12|174,0.2319999999999999,1086.0,5,12,1,57415.875,30613.5,21184.0,21181.4,21184.0,-2.00691,-2.00695
8|322|sample|12|174,1.16,452.0,6,12,1,57415.875,7687.93,5499.18,5489.51,5499.18,-1.44507,-1.44618
8|322|sample|12|174,5.8,472.0,7,12,1,57415.875,1723.55,1418.67,1415.9,1418.67,-0.526862,-0.528068
8|322|sample|12|174,29.0,506.0,8,12,1,57415.875,886.136,845.775,845.28,845.775,-0.218298,-0.218588
8|322|sample|11|174,0.0003712,53154.0,1,11,1,57415.875,56617.3,38974.5,38977.3,38974.5,0.814034,0.814246
8|322|sample|11|174,0.001856,50238.0,2,11,1,57415.875,57313.9,39575.8,39576.2,39575.8,0.603573,0.6036
8|322|sample|11|174,0.00928,51061.0,3,11,1,57415.875,56665.9,39131.1,39132.9,39131.1,0.68238,0.682513
8|322|sample|11|174,0.0464,11824.0,4,11,1,57415.875,51911.6,35868.1,35873.5,35868.1,-1.4915,-1.49137
8|322|sample|11|174,0.2319999999999999,1284.0,5,11,1,57415.875,31031.5,21537.4,21533.3,21537.4,-1.99314,-1.99321
8|322|sample|11|174,1.16,466.0,6,11,1,57415.875,7788.88,5585.15,5574.97,5585.15,-1.45078,-1.45192
8|322|sample|11|174,5.8,472.0,7,11,1,57415.875,1742.03,1435.06,1432.18,1435.06,-0.533931,-0.535177
8|322|sample|11|174,6.0,490.0,8,11,1,57415.875,1682.93,1390.89,1388.21,1390.89,-0.504601,-0.505789
8|322|cc|1|1|174,0.0,458.0,1,1,0,57415.875,0.0,0.0,0.0,0.0,0.38084,0.38084
8|322|cc|2|1|174,0.0,448.0,2,1,0,57415.875,0.0,0.0,0.0,0.0,0.372525,0.372525
8|322|cc|3|1|174,0.0,402.0,3,1,0,57415.875,0.0,0.0,0.0,0.0,0.334275,0.334275
8|322|cc|4|1|174,0.0,478.0,4,1,0,57415.875,0.0,0.0,0.0,0.0,0.397471,0.397471
8|322|cc|5|1|174,0.0,488.0,5,1,0,57415.875,0.0,0.0,0.0,0.0,0.405786,0.405786
8|322|cc|6|1|174,0.0,550.0,6,1,0,57415.875,0.0,0.0,0.0,0.0,0.457341,0.457341
8|322|cc|7|1|174,0.0,526.0,7,1,0,57415.875,0.0,0.0,0.0,0.0,0.437384,0.437384
8|322|cc|8|1|174,0.0,562.0,8,1,0,57415.875,0.0,0.0,0.0,0.0,0.467319,0.467319
8|322|vc|1|2|174,0.0,64086.0,1,2,1,57415.875,56628.5,56634.7,56637.9,56634.7,0.300796,0.300939
8|322|vc|2|2|174,0.0,59601.0,2,2,1,57415.875,57406.2,57412.4,57412.4,57412.4,0.0872505,0.0872505
8|322|vc|3|2|174,0.0,60716.0,3,2,1,57415.875,57406.2,57412.4,57412.4,57412.4,0.131702,0.131702
8|322|vc|4|2|174,0.0,64995.0,4,2,1,57415.875,57406.2,57412.4,57412.4,57412.4,0.302291,0.302291
8|322|vc|5|2|174,0.0,56075.0,5,2,1,57415.875,57406.2,57412.4,57412.4,57412.4,-0.0533193,-0.0533193
8|322|vc|6|2|174,0.0,55557.0,6,2,1,57415.875,57406.2,57412.4,57412.4,57412.4,-0.0739702,-0.0739702
8|322|vc|7|2|174,0.0,54622.0,7,2,1,57415.875,57406.2,57412.4,57412.4,57412.4,-0.111245,-0.111245
8|322|vc|8|2|174,0.0,43675.0,8,2,1,57415.875,56628.5,56634.7,56637.9,56634.7,-0.52351,-0.52341
8|1043|sample|6|174,0.0004351999999999,53834.0,1,6,1,53952.0,53198.6,24612.2,24614.5,24612.2,2.5539,2.55431
8|1043|sample|6|174,0.0021759999999999,53832.0,2,6,1,53952.0,53835.8,25104.3,25104.7,25104.3,2.46691,2.46697
8|1043|sample|6|174,0.0108799999999999,37408.0,3,6,1,53952.0,53090.1,24762.4,24763.7,24762.4,1.09919,1.09937
8|1043|sample|6|174,0.0543999999999999,8112.0,4,6,1,53952.0,47736.4,22307.0,22310.5,22307.0,-1.35446,-1.35431
8|1043|sample|6|174,0.2719999999999999,562.0,5,6,1,53952.0,26433.8,12536.9,12533.2,12536.9,-1.86588,-1.86601
8|1043|sample|6|174,1.36,452.0,6,6,1,53952.0,6255.4,3282.42,3276.53,3282.42,-1.10097,-1.10221
8|1043|sample|6|174,6.8,476.0,7,6,1,53952.0,1514.78,1108.2,1106.65,1108.2,-0.379244,-0.380027
8|1043|sample|6|174,131.0,498.0,8,6,1,53952.0,782.192,769.341,769.303,769.341,-0.178184,-0.178207
8|1043|sample|7|174,0.0016767999999999,37150.0,1,7,1,53952.0,53136.6,24584.0,24586.3,24584.0,1.09924,1.09953
8|1043|sample|7|174,0.0083839999999999,21354.0,2,7,1,53952.0,53332.3,24873.4,24874.4,24873.4,-0.304815,-0.304744
8|1043|sample|7|174,0.04192,3898.0,3,7,1,53952.0,49367.0,23054.8,23058.0,23054.8,-1.77511,-1.77503
8|1043|sample|7|174,0.2096,538.0,4,7,1,53952.0,30917.6,14593.3,14591.5,14593.3,-1.93254,-1.93259
8|1043|sample|7|174,1.048,474.0,5,7,1,53952.0,8160.58,4156.19,4149.5,4156.19,-1.25503,-1.25612
8|1043|sample|7|174,5.24,484.0,6,7,1,53952.0,1808.8,1243.05,1241.05,1243.05,-0.440446,-0.441395
8|1043|sample|7|174,26.2,498.0,7,7,1,53952.0,901.667,827.006,826.633,827.006,-0.212508,-0.212728
8|1043|sample|7|174,131.0,562.0,8,7,1,53952.0,782.192,769.341,769.303,769.341,-0.136151,-0.136174
8|1043|sample|8|174,0.0016767999999999,42907.0,1,8,1,53952.0,53136.6,24584.0,24586.4,24584.0,1.60293,1.60328
8|1043|sample|8|174,0.0083839999999999,30010.0,2,8,1,53952.0,53332.3,24873.4,24874.5,24873.4,0.44466,0.444768
8|1043|sample|8|174,0.04192,6668.0,3,8,1,53952.0,49367.0,23054.8,23058.1,23054.8,-1.51848,-1.51837
8|1043|sample|8|174,0.2096,608.0,4,8,1,53952.0,30917.6,14593.3,14591.6,14593.3,-1.92292,-1.92297
8|1043|sample|8|174,1.048,452.0,5,8,1,53952.0,8160.58,4156.19,4149.52,4156.19,-1.26255,-1.26363
8|1043|sample|8|174,5.24,462.0,6,8,1,53952.0,1808.8,1243.05,1241.05,1243.05,-0.453246,-0.454188
8|1043|sample|8|174,26.2,470.0,7,8,1,53952.0,901.667,827.006,826.633,827.006,-0.230614,-0.230832
8|1043|sample|8|174,34.0,498.0,8,8,1,53952.0,857.826,803.745,803.496,803.745,-0.198784,-0.198932
8|1043|sample|5|174,0.0004351999999999,40066.0,1,5,1,53952.0,53198.6,24612.2,24614.5,24612.2,1.35052,1.35083
8|1043|sample|5|174,0.0021759999999999,35532.0,2,5,1,53952.0,53835.8,25104.3,25104.7,25104.3,0.895427,0.89547
8|1043|sample|5|174,0.0108799999999999,26577.0,3,5,1,53952.0,53090.1,24762.4,24763.8,24762.4,0.157629,0.157758
8|1043|sample|5|174,0.0543999999999999,7608.0,4,5,1,53952.0,47736.4,22307.0,22310.5,22307.0,-1.40254,-1.4024
8|1043|sample|5|174,0.2719999999999999,586.0,5,5,1,53952.0,26433.8,12536.9,12533.2,12536.9,-1.86214,-1.86227
8|1043|sample|5|174,1.36,472.0,6,5,1,53952.0,6255.4,3282.42,3276.53,3282.42,-1.09317,-1.09442
8|1043|sample|5|174,6.8,462.0,7,5,1,53952.0,1514.78,1108.2,1106.65,1108.2,-0.387663,-0.388442
8|1043|sample|5|174,34.0,504.0,8,5,1,53952.0,857.826,803.745,803.496,803.745,-0.19488,-0.195029
8|1043|sample|11|174,0.0014272,37302.0,1,11,1,53952.0,53150.8,28337.4,28339.9,28337.4,0.689887,0.690134
8|1043|sample|11|174,0.007136,24945.0,2,11,1,53952.0,53446.6,28667.6,28668.7,28667.6,-0.283653,-0.283583
8|1043|sample|11|174,0.03568,8204.0,3,11,1,53952.0,50170.9,26932.9,26936.4,26932.9,-1.50983,-1.50972
8|1043|sample|11|174,0.1784,666.0,4,11,1,53952.0,33606.7,18160.6,18159.9,18160.6,-1.99786,-1.99787
8|1043|sample|11|174,0.892,476.0,5,11,1,53952.0,9597.83,5445.68,5437.54,5445.68,-1.43216,-1.43311
8|1043|sample|11|174,4.46,454.0,6,11,1,53952.0,2044.91,1445.7,1443.02,1445.7,-0.548591,-0.54974
8|1043|sample|11|174,22.3,504.0,7,11,1,53952.0,931.914,856.268,855.755,856.268,-0.225692,-0.22599
8|1043|sample|11|174,111.5,614.0,8,11,1,53952.0,785.887,776.404,776.343,776.404,-0.106418,-0.106456
8|1043|sample|12|174,0.0014272,41296.0,1,12,1,53952.0,53150.8,28337.4,28339.8,28337.4,0.99734,0.997609
8|1043|sample|12|174,0.007136,29404.0,2,12,1,53952.0,52722.6,28112.0,28115.3,28112.0,0.0999236,0.100186
8|1043|sample|12|174,0.03568,8528.0,3,12,1,53952.0,49491.6,26411.5,26417.0,26411.5,-1.46741,-1.46723
8|1043|sample|12|174,0.1784,660.0,4,12,1,53952.0,33153.4,17812.2,17813.0,17812.2,-1.99175,-1.99174
8|1043|sample|12|174,0.892,452.0,5,12,1,53952.0,9472.15,5348.22,5340.63,5348.22,-1.42773,-1.42862
8|1043|sample|12|174,4.46,528.0,6,12,1,53952.0,2022.29,1427.16,1424.6,1427.16,-0.499451,-0.500578
8|1043|sample|12|174,22.3,452.0,7,12,1,53952.0,924.483,849.35,848.875,849.35,-0.255111,-0.255384
8|1043|sample|12|174,111.5,496.0,8,12,1,53952.0,785.887,776.404,776.343,776.404,-0.183768,-0.183804
8|1043|sample|10|174,0.0004479999999999,48855.0,1,10,1,53952.0,53198.1,28362.3,28364.6,28362.3,1.57606,1.57636
8|1043|sample|10|174,0.00224,48559.0,2,10,1,53952.0,53831.7,28871.5,28871.8,28871.5,1.49009,1.49013
8|1043|sample|10|174,0.0111999999999999,34900.0,3,10,1,53952.0,53057.9,28461.8,28463.3,28461.8,0.493534,0.493675
8|1043|sample|10|174,0.0559999999999999,9316.0,4,10,1,53952.0,47526.8,25532.5,25536.5,25532.5,-1.37175,-1.37161
8|1043|sample|10|174,0.2799999999999999,602.0,5,10,1,53952.0,25933.6,14097.0,14092.4,14097.0,-1.90963,-1.90976
8|1043|sample|10|174,1.4,496.0,6,10,1,53952.0,6072.72,3578.81,3572.11,3578.81,-1.1442,-1.1455
8|1043|sample|10|174,7.0,490.0,7,10,1,53952.0,1487.65,1150.58,1148.85,1150.58,-0.39206,-0.392924
8|1043|sample|10|174,35.0,514.0,8,10,1,53952.0,854.446,812.488,812.207,812.488,-0.193585,-0.193753
8|1043|sample|9|174,0.0004479999999999,56634.0,1,9,1,53952.0,53198.1,28362.3,28364.6,28362.3,2.17439,2.17474
8|1043|sample|9|174,0.00224,53714.0,2,9,1,53952.0,53831.7,28871.5,28871.9,28871.5,1.88026,1.88031
8|1043|sample|9|174,0.0111999999999999,39723.0,3,9,1,53952.0,53057.9,28461.8,28463.4,28461.8,0.863331,0.863497
8|1043|sample|9|174,0.0559999999999999,10710.0,4,9,1,53952.0,47526.8,25532.5,25536.6,25532.5,-1.25387,-1.2537
8|1043|sample|9|174,0.2799999999999999,828.0,5,9,1,53952.0,25933.6,14097.0,14092.4,14097.0,-1.87764,-1.87778
8|1043|sample|9|174,1.4,508.0,6,9,1,53952.0,6072.72,3578.81,3572.12,3578.81,-1.13974,-1.14104
8|1043|sample|9|174,7.0,462.0,7,9,1,53952.0,1487.65,1150.58,1148.85,1150.58,-0.408723,-0.409578
8|1043|sample|9|174,35.0,546.0,8,9,1,53952.0,854.446,812.488,812.207,812.488,-0.172812,-0.172981
8|1043|sample|4|174,0.0010624,51341.0,1,4,1,53952.0,53170.1,35537.8,35540.5,35537.8,0.988407,0.988645
8|1043|sample|4|174,0.005312,47213.0,2,4,1,53952.0,53603.6,35949.8,35950.8,35949.8,0.69707,0.697151
8|1043|sample|4|174,0.02656,25619.0,3,4,1,53952.0,51313.9,34425.1,34428.9,34425.1,-0.567521,-0.567333
8|1043|sample|4|174,0.1328,3204.0,4,4,1,53952.0,38166.6,25670.3,25672.4,25670.3,-1.89109,-1.89105
8|1043|sample|4|174,0.664,534.0,5,4,1,53952.0,12794.9,8775.25,8764.57,8775.25,-1.69763,-1.69828
8|1043|sample|4|174,3.32,492.0,6,4,1,53952.0,2620.18,1999.98,1995.57,1999.98,-0.739701,-0.741202
8|1043|sample|4|174,16.6,542.0,7,4,1,53952.0,1006.63,925.553,924.665,925.553,-0.241091,-0.241594
8|1043|sample|4|174,83.0,532.0,8,4,1,53952.0,795.031,782.859,782.736,782.859,-0.164074,-0.164149
8|1043|sample|3|174,0.0010624,52337.0,1,3,1,53952.0,53170.1,35537.8,35540.5,35537.8,1.05071,1.05095
8|1043|sample|3|174,0.005312,52465.0,2,3,1,53952.0,53603.6,35949.8,35950.8,35949.8,1.02214,1.02223
8|1043|sample|3|174,0.02656,24983.0,3,3,1,53952.0,51313.9,34425.1,34428.9,34425.1,-0.608491,-0.608307
8|1043|sample|3|174,0.1328,3902.0,4,3,1,53952.0,38166.6,25670.3,25672.4,25670.3,-1.83234,-1.8323
8|1043|sample|3|174,0.664,468.0,5,3,1,53952.0,12794.9,8775.25,8764.57,8775.25,-1.71124,-1.71188
8|1043|sample|3|174,3.32,434.0,6,3,1,53952.0,2620.18,1999.98,1995.57,1999.98,-0.768235,-0.76971
8|1043|sample|3|174,16.6,466.0,7,3,1,53952.0,1006.63,925.553,924.665,925.553,-0.288973,-0.289465
8|1043|sample|3|174,83.0,476.0,8,3,1,53952.0,795.031,782.859,782.736,782.859,-0.200719,-0.200793
8|1043|cc|1|1|174,0.0,462.0,1,1,0,53952.0,0.0,0.0,0.0,0.0,0.384166,0.384166
8|1043|cc|2|1|174,0.0,482.0,2,1,0,53952.0,0.0,0.0,0.0,0.0,0.400797,0.400797
8|1043|cc|3|1|174,0.0,512.0,3,1,0,53952.0,0.0,0.0,0.0,0.0,0.425743,0.425743
8|1043|cc|4|1|174,0.0,514.0,4,1,0,53952.0,0.0,0.0,0.0,0.0,0.427406,0.427406
8|1043|cc|5|1|174,0.0,496.0,5,1,0,53952.0,0.0,0.0,0.0,0.0,0.412438,0.412438
8|1043|cc|6|1|174,0.0,482.0,6,1,0,53952.0,0.0,0.0,0.0,0.0,0.400797,0.400797
8|1043|cc|7|1|174,0.0,458.0,7,1,0,53952.0,0.0,0.0,0.0,0.0,0.38084,0.38084
8|1043|cc|8|1|174,0.0,474.0,8,1,0,53952.0,0.0,0.0,0.0,0.0,0.394145,0.394145
8|1043|vc|1|2|174,0.0,50112.0,1,2,1,53952.0,53211.5,53217.8,53220.7,53217.8,-0.133192,-0.133073
8|1043|vc|2|2|174,0.0,56646.0,2,2,1,53952.0,53942.3,53948.6,53948.6,53948.6,0.114091,0.114091
8|1043|vc|3|2|174,0.0,62497.0,3,2,1,53952.0,53942.3,53948.6,53948.6,53948.6,0.361566,0.361566
8|1043|vc|4|2|174,0.0,57542.0,4,2,1,53952.0,53942.3,53948.6,53948.6,53948.6,0.151988,0.151988
8|1043|vc|5|2|174,0.0,52635.0,5,2,1,53952.0,53942.3,53948.6,53948.6,53948.6,-0.0555588,-0.0555588
8|1043|vc|6|2|174,0.0,56628.0,6,2,1,53952.0,53942.3,53948.6,53948.6,53948.6,0.11333,0.11333
8|1043|vc|7|2|174,0.0,50206.0,7,2,1,53952.0,53942.3,53948.6,53948.6,53948.6,-0.158296,-0.158296
8|1043|vc|8|2|174,0.0,45350.0,8,2,1,53952.0,53211.5,53217.8,53220.7,53217.8,-0.337219,-0.33711
8|963|sample|6|319,0.0006144,23222.0,1,6,1,44968.25,44332.6,18751.1,18753.0,18751.1,0.496387,0.496649
8|963|sample|6|319,0.003072,9404.0,2,6,1,44968.25,44820.0,19134.2,19134.7,19134.2,-1.0621,-1.06207
8|963|sample|6|319,0.01536,1486.0,3,6,1,44968.25,43859.5,18733.8,18735.3,18733.8,-1.91751,-1.91748
8|963|sample|6|319,0.0768,804.0,4,6,1,44968.25,37382.6,16034.0,16036.6,16034.0,-1.93476,-1.9347
8|963|sample|6|319,0.384,554.0,5,6,1,44968.25,17267.4,7649.09,7644.64,7649.09,-1.61797,-1.6183
8|963|sample|6|319,1.92,578.0,6,6,1,44968.25,3794.38,2032.93,2029.37,2032.93,-0.709116,-0.71034
8|963|sample|6|319,9.6,540.0,7,6,1,44968.25,1167.98,938.105,937.284,938.105,-0.249476,-0.249938
8|963|sample|6|319,48.0,524.0,8,6,1,44968.25,814.919,787.666,787.549,787.666,-0.172233,-0.172304
8|963|sample|5|319,0.0006144,21356.0,1,5,1,44968.25,44332.6,18751.1,18752.9,18751.1,0.289135,0.289367
8|963|sample|5|319,0.003072,12368.0,2,5,1,44968.25,44820.0,19134.2,19134.6,19134.2,-0.73857,-0.738544
8|963|sample|5|319,0.01536,2146.0,3,5,1,44968.25,43859.5,18733.8,18735.2,18733.8,-1.84414,-1.84411
8|963|sample|5|319,0.0768,922.0,4,5,1,44968.25,37382.6,16034.0,16036.5,16034.0,-1.91977,-1.91971
8|963|sample|5|319,0.384,564.0,5,5,1,44968.25,17267.4,7649.09,7644.6,7649.09,-1.61568,-1.61602
8|963|sample|5|319,1.92,616.0,6,5,1,44968.25,3794.38,2032.93,2029.36,2032.93,-0.690548,-0.691787
8|963|sample|5|319,9.6,510.0,7,5,1,44968.25,1167.98,938.105,937.283,938.105,-0.268314,-0.268773
8|963|sample|5|319,48.0,534.0,8,5,1,44968.25,814.919,787.666,787.549,787.666,-0.165698,-0.165769
8|963|sample|4|319,6.4e-05,32065.0,1,4,1,44968.25,44348.6,18757.7,18759.5,18757.7,1.47745,1.47778
8|963|sample|4|319,0.00032,37511.0,2,4,1,44968.25,44951.2,19188.9,19189.0,19188.9,1.99491,1.99492
8|963|sample|4|319,0.0016,27141.0,3,4,1,44968.25,44899.2,19167.2,19167.4,19167.2,0.869018,0.869046
8|963|sample|4|319,0.008,4104.0,4,4,1,44968.25,44481.3,18993.0,18993.8,18993.0,-1.63567,-1.63564
8|963|sample|4|319,0.04,1172.0,5,4,1,44968.25,41363.0,17693.2,17695.6,17693.2,-1.92961,-1.92955
8|963|sample|4|319,0.2,588.0,6,4,1,44968.25,26482.8,11490.5,11489.4,11490.5,-1.82246,-1.82251
8|963|sample|4|319,1.0,672.0,7,4,1,44968.25,7241.7,3469.93,3464.8,3469.93,-1.05636,-1.05744
8|963|sample|4|319,5.0,534.0,8,4,1,44968.25,1668.88,1140.17,1138.69,1140.17,-0.360742,-0.361493
8|963|sample|3|319,6.4e-05,38041.0,1,3,1,44968.25,44348.6,18757.7,18759.5,18757.7,2.14102,2.14141
8|963|sample|3|319,0.00032,35786.0,2,3,1,44968.25,44951.2,19188.9,19189.1,19188.9,1.80708,1.8071
8|963|sample|3|319,0.0016,28073.0,3,3,1,44968.25,44899.2,19167.2,19167.5,19167.2,0.970586,0.970623
8|963|sample|3|319,0.008,5340.0,4,3,1,44968.25,44481.3,18993.0,18993.9,18993.0,-1.4999,-1.49986
8|963|sample|3|319,0.04,754.0,5,3,1,44968.25,41363.0,17693.2,17695.7,17693.2,-1.97842,-1.97837
8|963|sample|3|319,0.2,712.0,6,3,1,44968.25,26482.8,11490.5,11489.4,11490.5,-1.80174,-1.80178
8|963|sample|3|319,1.0,546.0,7,3,1,44968.25,7241.7,3469.93,3464.81,3469.93,-1.10402,-1.10506
8|963|sample|3|319,5.0,670.0,8,3,1,44968.25,1668.88,1140.17,1138.69,1140.17,-0.279609,-0.280389
8|963|sample|10|319,0.0003648,28692.0,1,10,1,44968.25,44340.9,25675.7,25677.7,25675.7,0.253655,0.253845
8|963|sample|10|319,0.001824,38931.0,2,10,1,44968.25,44888.1,26121.4,26121.7,26121.4,1.06142,1.06145
8|963|sample|10|319,0.00912,30460.0,3,10,1,44968.25,44393.7,25837.3,25838.5,25837.3,0.386728,0.386845
8|963|sample|10|319,0.0456,5540.0,4,10,1,44968.25,40758.4,23748.0,23751.6,23748.0,-1.64332,-1.64322
8|963|sample|10|319,0.228,612.0,5,10,1,44968.25,24629.2,14478.6,14476.1,14478.6,-1.91917,-1.91924
8|963|sample|10|319,1.14,454.0,6,10,1,44968.25,6355.99,3976.94,3970.24,3976.94,-1.23202,-1.23316
8|963|sample|10|319,5.7,472.0,7,10,1,44968.25,1545.75,1212.47,1210.56,1212.47,-0.432881,-0.4338
8|963|sample|10|319,28.5,442.0,8,10,1,44968.25,861.938,816.988,816.667,816.988,-0.242927,-0.243115
8|963|sample|9|319,0.0003648,31797.0,1,9,1,44968.25,44340.9,25675.7,25677.7,25675.7,0.514945,0.515152
8|963|sample|9|319,0.001824,42931.0,2,9,1,44968.25,44888.1,26121.4,26121.7,26121.4,1.39287,1.39291
8|963|sample|9|319,0.00912,26667.0,3,9,1,44968.25,44393.7,25837.3,25838.5,25837.3,0.0693305,0.069433
8|963|sample|9|319,0.0456,5088.0,4,9,1,44968.25,40758.4,23748.0,23751.6,23748.0,-1.6841,-1.68401
8|963|sample|9|319,0.228,566.0,5,9,1,44968.25,24629.2,14478.6,14476.1,14478.6,-1.92553,-1.9256
8|963|sample|9|319,1.14,520.0,6,9,1,44968.25,6355.99,3976.94,3970.24,3976.94,-1.20889,-1.21006
8|963|sample|9|319,5.7,466.0,7,9,1,44968.25,1545.75,1212.47,1210.56,1212.47,-0.436397,-0.437315
8|963|sample|9|319,28.5,550.0,8,9,1,44968.25,861.938,816.988,816.667,816.988,-0.172902,-0.173095
8|963|sample|7|319,7.68e-05,38811.0,1,7,1,44968.25,44348.4,25679.9,25682.0,25679.9,1.10466,1.10491
8|963|sample|7|319,0.000384,39843.0,2,7,1,44968.25,44949.3,26156.6,26156.7,26156.6,1.13273,1.13274
8|963|sample|7|319,0.00192,42537.0,3,7,1,44968.25,44883.3,26118.6,26119.0,26118.6,1.36058,1.36062
8|963|sample|7|319,0.0096,19731.0,4,7,1,44968.25,44355.3,25815.2,25816.5,25815.2,-0.509625,-0.50954
8|963|sample|7|319,0.048,5488.0,5,7,1,44968.25,40497.8,23598.3,23601.9,23598.3,-1.64374,-1.64363
8|963|sample|7|319,0.24,816.0,6,7,1,44968.25,23895.2,14056.8,14053.9,14056.8,-1.87814,-1.87823
8|963|sample|7|319,1.2,518.0,7,7,1,44968.25,6038.54,3794.5,3787.96,3794.5,-1.17699,-1.1782
8|963|sample|7|319,6.0,528.0,8,7,1,44968.25,1481.46,1171.2,1169.46,1171.2,-0.379778,-0.380642
8|963|sample|8|319,7.68e-05,42388.0,1,8,1,44968.25,44348.4,25679.9,25682.0,25679.9,1.40562,1.40589
8|963|sample|8|319,0.000384,47167.0,2,8,1,44968.25,44949.3,26156.6,26156.7,26156.6,1.73889,1.7389
8|963|sample|8|319,0.00192,41432.0,3,8,1,44968.25,44883.3,26118.6,26119.0,26118.6,1.26901,1.26905
8|963|sample|8|319,0.0096,29792.0,4,8,1,44968.25,44355.3,25815.2,25816.5,25815.2,0.332927,0.333049
8|963|sample|8|319,0.048,7130.0,5,8,1,44968.25,40497.8,23598.3,23601.9,23598.3,-1.49474,-1.49461
8|963|sample|8|319,0.24,546.0,6,8,1,44968.25,23895.2,14056.8,14053.9,14056.8,-1.91645,-1.91653
8|963|sample|8|319,1.2,530.0,7,8,1,44968.25,6038.54,3794.5,3787.96,3794.5,-1.17268,-1.17388
8|963|sample|8|319,6.0,510.0,8,8,1,44968.25,1481.46,1171.2,1169.46,1171.2,-0.390435,-0.391295
8|963|sample|11|319,0.0003712,32971.0,1,11,1,44968.25,44340.7,27842.9,27845.0,27842.9,0.400946,0.40113
8|963|sample|11|319,0.001856,45678.0,2,11,1,44968.25,44886.5,28299.6,28299.8,28299.6,1.33946,1.33948
8|963|sample|11|319,0.00928,41502.0,3,11,1,44968.25,44381.0,27984.1,27985.3,27984.1,1.05243,1.05257
8|963|sample|11|319,0.0464,26805.0,4,11,1,44968.25,40671.6,25669.4,25673.1,25669.4,0.095263,0.095592
8|963|sample|11|319,0.2319999999999999,8100.0,5,11,1,44968.25,24380.7,15503.6,15500.7,15503.6,-0.967385,-0.967613
8|963|sample|11|319,1.16,724.0,6,11,1,44968.25,6246.56,4187.61,4180.37,4187.61,-1.17506,-1.17631
8|963|sample|11|319,5.8,414.0,7,11,1,44968.25,1528.73,1243.56,1241.52,1243.56,-0.481389,-0.48234
8|963|sample|11|319,29.0,424.0,8,11,1,44968.25,859.804,823.914,823.569,823.914,-0.258592,-0.258791
8|963|sample|12|319,0.0003712,34774.0,1,12,1,44968.25,44340.7,27842.9,27845.0,27842.9,0.54197,0.542165
8|963|sample|12|319,0.001856,39569.0,2,12,1,44968.25,44278.5,27804.2,27806.5,27804.2,0.921188,0.921429
8|963|sample|12|319,0.00928,35504.0,3,12,1,44968.25,43779.8,27494.4,27497.6,27494.4,0.6334,0.63372
8|963|sample|12|319,0.0464,22196.0,4,12,1,44968.25,40121.1,25220.8,25226.4,25220.8,-0.259103,-0.258681
8|963|sample|12|319,0.2319999999999999,7430.0,5,12,1,44968.25,24052.8,15236.1,15234.3,15236.1,-1.03514,-1.03527
8|963|sample|12|319,1.16,894.0,6,12,1,44968.25,6166.5,4121.54,4114.7,4121.54,-1.1052,-1.10647
8|963|sample|12|319,5.8,404.0,7,12,1,44968.25,1513.14,1229.91,1227.96,1229.91,-0.480896,-0.481807
8|963|sample|12|319,29.0,400.0,8,12,1,44968.25,859.804,823.914,823.569,823.914,-0.274124,-0.274322
8|963|cc|1|1|319,0.0,464.0,1,1,0,44968.25,0.0,0.0,0.0,0.0,0.385829,0.385829
8|963|cc|2|1|319,0.0,386.0,2,1,0,44968.25,0.0,0.0,0.0,0.0,0.32097,0.32097
8|963|cc|3|1|319,0.0,462.0,3,1,0,44968.25,0.0,0.0,0.0,0.0,0.384166,0.384166
8|963|cc|4|1|319,0.0,444.0,4,1,0,44968.25,0.0,0.0,0.0,0.0,0.369199,0.369199
8|963|cc|5|1|319,0.0,462.0,5,1,0,44968.25,0.0,0.0,0.0,0.0,0.384166,0.384166
8|963|cc|6|1|319,0.0,502.0,6,1,0,44968.25,0.0,0.0,0.0,0.0,0.417428,0.417428
8|963|cc|7|1|319,0.0,480.0,7,1,0,44968.25,0.0,0.0,0.0,0.0,0.399134,0.399134
8|963|cc|8|1|319,0.0,366.0,8,1,0,44968.25,0.0,0.0,0.0,0.0,0.30434,0.30434
8|963|vc|1|2|319,0.0,34792.0,1,2,1,44968.25,44349.5,43069.2,43071.7,43069.2,-0.43307,-0.432966
8|963|vc|2|2|319,0.0,46782.0,2,2,1,44968.25,44958.6,43669.5,43669.5,43669.5,0.160708,0.160709
8|963|vc|3|2|319,0.0,50148.0,3,2,1,44968.25,44958.6,43669.5,43669.5,43669.5,0.334508,0.334508
8|963|vc|4|2|319,0.0,48893.0,4,2,1,44968.25,44958.6,43669.5,43669.5,43669.5,0.269707,0.269707
8|963|vc|5|2|319,0.0,49292.0,5,2,1,44968.25,44958.6,43669.5,43669.5,43669.5,0.290309,0.290309
8|963|vc|6|2|319,0.0,45050.0,6,2,1,44968.25,44958.6,43669.5,43669.5,43669.5,0.071279,0.0712789
8|963|vc|7|2|319,0.0,46782.0,7,2,1,44968.25,44958.6,43669.5,43669.5,43669.5,0.160709,0.160709
8|963|vc|8|2|319,0.0,38007.0,8,2,1,44968.25,44349.5,43069.2,43071.7,43069.2,-0.264909,-0.264795
8|1260|sample|8|319,0.0016767999999999,16259.0,1,8,1,42984.625,42333.3,13314.1,13315.7,13314.1,0.436597,0.436884
8|1260|sample|8|319,0.0083839999999999,5866.0,2,8,1,42984.625,42490.7,13566.9,13567.4,13566.9,-1.12494,-1.1249
8|1260|sample|8|319,0.04192,1238.0,3,8,1,42984.625,39343.4,12601.3,12603.1,12601.3,-1.76341,-1.76334
8|1260|sample|8|319,0.2096,526.0,4,8,1,42984.625,24699.5,8108.98,8108.02,8108.98,-1.65721,-1.65727
8|1260|sample|8|319,1.048,496.0,5,8,1,42984.625,6636.47,2567.71,2564.17,2567.71,-0.911414,-0.912385
8|1260|sample|8|319,5.24,496.0,6,8,1,42984.625,1594.85,1021.07,1020.01,1021.07,-0.322094,-0.322658
8|1260|sample|8|319,26.2,472.0,7,8,1,42984.625,874.835,800.183,799.985,800.183,-0.21362,-0.213738
8|1260|sample|8|319,131.0,502.0,8,8,1,42984.625,778.922,767.084,767.074,767.084,-0.174199,-0.174205
8|1260|sample|7|319,0.0016767999999999,10418.0,1,7,1,42984.625,42333.3,13314.1,13315.8,13314.1,-0.429849,-0.429646
8|1260|sample|7|319,0.0083839999999999,4402.0,2,7,1,42984.625,42490.7,13566.9,13567.4,13566.9,-1.33879,-1.33875
8|1260|sample|7|319,0.04192,880.0,3,7,1,42984.625,39343.4,12601.3,12603.1,12601.3,-1.81896,-1.8189
8|1260|sample|7|319,0.2096,570.0,4,7,1,42984.625,24699.5,8108.98,8108.04,8108.98,-1.64759,-1.64766
8|1260|sample|7|319,1.048,526.0,5,7,1,42984.625,6636.47,2567.71,2564.17,2567.71,-0.898195,-0.899173
8|1260|sample|7|319,5.24,528.0,6,7,1,42984.625,1594.85,1021.07,1020.01,1021.07,-0.302424,-0.302993
8|1260|sample|7|319,26.2,462.0,7,7,1,42984.625,874.835,800.183,799.985,800.183,-0.220134,-0.220251
8|1260|sample|7|319,131.0,518.0,8,7,1,42984.625,778.922,767.084,767.074,767.084,-0.163684,-0.16369
8|1260|sample|6|319,0.0004351999999999,26067.0,1,6,1,42984.625,42382.4,13329.0,13330.6,13329.0,1.88757,1.888
8|1260|sample|6|319,0.0021759999999999,26271.0,2,6,1,42984.625,42890.4,13689.5,13689.6,13689.5,1.82421,1.82425
8|1260|sample|6|319,0.0108799999999999,15545.0,3,6,1,42984.625,42298.5,13507.9,13508.6,13507.9,0.298521,0.298638
8|1260|sample|6|319,0.0543999999999999,2518.0,4,6,1,42984.625,38049.1,12204.3,12206.2,12204.3,-1.54274,-1.54264
8|1260|sample|6|319,0.2719999999999999,634.0,5,6,1,42984.625,21140.5,7017.19,7015.19,7017.19,-1.5486,-1.54878
8|1260|sample|6|319,1.36,518.0,6,6,1,42984.625,5124.27,2103.81,2100.68,2103.81,-0.762227,-0.763254
8|1260|sample|6|319,6.8,488.0,7,6,1,42984.625,1361.48,949.475,948.654,949.475,-0.288413,-0.288865
8|1260|sample|6|319,34.0,530.0,8,6,1,42984.625,838.954,785.21,785.09,785.21,-0.166816,-0.166889
8|1260|sample|5|319,0.0004351999999999,32187.0,1,5,1,42984.625,42382.4,13329.0,13330.5,13329.0,2.79459,2.79509
8|1260|sample|5|319,0.0021759999999999,29372.0,2,5,1,42984.625,42890.4,13689.5,13689.6,13689.5,2.27385,2.27388
8|1260|sample|5|319,0.0108799999999999,17625.0,3,5,1,42984.625,42298.5,13507.9,13508.6,13507.9,0.603443,0.603565
8|1260|sample|5|319,0.0543999999999999,2370.0,4,5,1,42984.625,38049.1,12204.3,12206.1,12204.3,-1.56631,-1.56621
8|1260|sample|5|319,0.2719999999999999,648.0,5,5,1,42984.625,21140.5,7017.19,7015.17,7017.19,-1.5452,-1.54538
8|1260|sample|5|319,1.36,632.0,6,5,1,42984.625,5124.27,2103.81,2100.68,2103.81,-0.707322,-0.708386
8|1260|sample|5|319,6.8,538.0,7,5,1,42984.625,1361.48,949.475,948.654,949.475,-0.257108,-0.257567
8|1260|sample|5|319,34.0,494.0,8,5,1,42984.625,838.954,785.21,785.09,785.21,-0.190358,-0.190431
8|1260|sample|11|319,0.0014272,27917.0,1,11,1,42984.625,42344.5,24530.9,24533.0,24530.9,0.296653,0.296856
8|1260|sample|11|319,0.007136,27045.0,2,11,1,42984.625,42581.5,24792.6,24793.5,24792.6,0.195515,0.195601
8|1260|sample|11|319,0.03568,12328.0,3,11,1,42984.625,39981.5,23298.8,23301.9,23298.8,-1.00723,-1.00706
8|1260|sample|11|319,0.1784,1804.0,4,11,1,42984.625,26833.9,15745.0,15744.5,15745.0,-1.7984,-1.79842
8|1260|sample|11|319,0.892,508.0,5,11,1,42984.625,7777.27,4796.33,4789.32,4796.33,-1.34011,-1.34108
8|1260|sample|11|319,4.46,460.0,6,11,1,42984.625,1782.26,1351.97,1349.66,1351.97,-0.504343,-0.505378
8|1260|sample|11|319,22.3,450.0,7,11,1,42984.625,898.843,844.414,843.972,844.414,-0.253577,-0.253831
8|1260|sample|11|319,111.5,542.0,8,11,1,42984.625,781.855,774.924,774.875,774.924,-0.152713,-0.152743
8|1260|sample|12|319,0.0014272,35926.0,1,12,1,42984.625,42344.5,24530.9,24533.0,24530.9,0.998747,0.999007
8|1260|sample|12|319,0.007136,28728.0,2,12,1,42984.625,42004.6,24336.7,24339.5,24336.7,0.387449,0.387734
8|1260|sample|12|319,0.03568,13590.0,3,12,1,42984.625,39440.2,22870.9,22875.7,22870.9,-0.866375,-0.86609
8|1260|sample|12|319,0.1784,1822.0,4,12,1,42984.625,26472.3,15458.9,15459.5,15458.9,-1.78663,-1.78661
8|1260|sample|12|319,0.892,512.0,5,12,1,42984.625,7676.25,4715.57,4709.03,4715.57,-1.32761,-1.32853
8|1260|sample|12|319,4.46,458.0,6,12,1,42984.625,1763.2,1335.84,1333.64,1335.84,-0.498274,-0.499267
8|1260|sample|12|319,22.3,414.0,7,12,1,42984.625,891.86,837.8,837.394,837.8,-0.272995,-0.273227
8|1260|sample|12|319,111.5,436.0,8,12,1,42984.625,781.855,774.924,774.875,774.924,-0.222225,-0.222254
8|1260|sample|10|319,0.0004479999999999,35498.0,1,10,1,42984.625,42382.0,24552.4,24554.4,24552.4,0.958612,0.958853
8|1260|sample|10|319,0.00224,40710.0,2,10,1,42984.625,42887.1,24968.2,24968.5,24968.2,1.35838,1.35842
8|1260|sample|10|319,0.0111999999999999,38631.0,3,10,1,42984.625,42273.0,24615.4,24616.7,24615.4,1.2248,1.22498
8|1260|sample|10|319,0.0559999999999999,16665.0,4,10,1,42984.625,37882.7,22093.0,22096.5,22093.0,-0.522573,-0.52231
8|1260|sample|10|319,0.2799999999999999,1606.0,5,10,1,42984.625,20743.5,12245.9,12242.0,12245.9,-1.68967,-1.68985
8|1260|sample|10|319,1.4,480.0,6,10,1,42984.625,4979.27,3188.78,3183.02,3188.78,-1.06983,-1.07109
8|1260|sample|10|319,7.0,440.0,7,10,1,42984.625,1339.95,1097.85,1096.35,1097.85,-0.395718,-0.396469
8|1260|sample|10|319,35.0,500.0,8,10,1,42984.625,836.271,806.027,805.788,806.027,-0.198851,-0.198993
8|1260|sample|9|319,0.0004479999999999,41082.0,1,9,1,42984.625,42382.0,24552.4,24554.4,24552.4,1.44775,1.44802
8|1260|sample|9|319,0.00224,44794.0,2,9,1,42984.625,42887.1,24968.2,24968.5,24968.2,1.7108,1.71085
8|1260|sample|9|319,0.0111999999999999,38687.0,3,9,1,42984.625,42273.0,24615.4,24616.7,24615.4,1.2297,1.22988
8|1260|sample|9|319,0.0559999999999999,19775.0,4,9,1,42984.625,37882.7,22093.0,22096.5,22093.0,-0.223355,-0.22305
8|1260|sample|9|319,0.2799999999999999,2028.0,5,9,1,42984.625,20743.5,12245.9,12242.0,12245.9,-1.62263,-1.62283
8|1260|sample|9|319,1.4,514.0,6,9,1,42984.625,4979.27,3188.78,3183.02,3188.78,-1.05637,-1.05765
8|1260|sample|9|319,7.0,518.0,7,9,1,42984.625,1339.95,1097.85,1096.35,1097.85,-0.348691,-0.34946
8|1260|sample|9|319,35.0,494.0,8,9,1,42984.625,836.271,806.027,805.788,806.027,-0.202752,-0.202895
8|1260|sample|4|319,0.0010624,33661.0,1,4,1,42984.625,42359.9,25871.8,25873.8,25871.8,0.650834,0.651047
8|1260|sample|4|319,0.005312,36692.0,2,4,1,42984.625,42706.1,26197.9,26198.6,26197.9,0.867219,0.867295
8|1260|sample|4|319,0.02656,31084.0,3,4,1,42984.625,40888.7,25095.9,25098.6,25095.9,0.514096,0.514378
8|1260|sample|4|319,0.1328,13458.0,4,4,1,42984.625,30453.2,18768.4,18769.8,18768.4,-0.589547,-0.589428
8|1260|sample|4|319,0.664,1668.0,5,4,1,42984.625,10314.9,6557.66,6549.93,6557.66,-1.24314,-1.24409
8|1260|sample|4|319,3.32,526.0,6,4,1,42984.625,2238.88,1660.78,1657.59,1660.78,-0.598065,-0.599331
8|1260|sample|4|319,16.6,482.0,7,4,1,42984.625,958.145,884.198,883.556,884.198,-0.255748,-0.256113
8|1260|sample|4|319,83.0,570.0,8,4,1,42984.625,789.113,779.579,779.496,779.579,-0.137209,-0.13726
8|1260|sample|3|319,0.0010624,37180.0,1,3,1,42984.625,42359.9,25871.8,25873.8,25871.8,0.944945,0.945176
8|1260|sample|3|319,0.005312,42284.0,2,3,1,42984.625,42706.1,26197.9,26198.6,26197.9,1.32937,1.32945
8|1260|sample|3|319,0.02656,29878.0,3,3,1,42984.625,40888.7,25095.9,25098.6,25095.9,0.410512,0.410782
8|1260|sample|3|319,0.1328,14579.0,4,3,1,42984.625,30453.2,18768.4,18769.8,18768.4,-0.465129,-0.465003
8|1260|sample|3|319,0.664,2122.0,5,3,1,42984.625,10314.9,6557.66,6549.93,6557.66,-1.12754,-1.12858
8|1260|sample|3|319,3.32,498.0,6,3,1,42984.625,2238.88,1660.78,1657.59,1660.78,-0.612863,-0.614119
8|1260|sample|3|319,16.6,458.0,7,3,1,42984.625,958.145,884.198,883.556,884.198,-0.271033,-0.271396
8|1260|sample|3|319,83.0,484.0,8,3,1,42984.625,789.113,779.579,779.496,779.579,-0.193534,-0.193584
8|1260|cc|1|1|319,0.0,514.0,1,1,0,42984.625,0.0,0.0,0.0,0.0,0.427406,0.427406
8|1260|cc|2|1|319,0.0,604.0,2,1,0,42984.625,0.0,0.0,0.0,0.0,0.502243,0.502243
8|1260|cc|3|1|319,0.0,546.0,3,1,0,42984.625,0.0,0.0,0.0,0.0,0.454015,0.454015
8|1260|cc|4|1|319,0.0,580.0,4,1,0,42984.625,0.0,0.0,0.0,0.0,0.482287,0.482287
8|1260|cc|5|1|319,0.0,564.0,5,1,0,42984.625,0.0,0.0,0.0,0.0,0.468982,0.468982
8|1260|cc|6|1|319,0.0,508.0,6,1,0,42984.625,0.0,0.0,0.0,0.0,0.422417,0.422417
8|1260|cc|7|1|319,0.0,466.0,7,1,0,42984.625,0.0,0.0,0.0,0.0,0.387492,0.387492
8|1260|cc|8|1|319,0.0,444.0,8,1,0,42984.625,0.0,0.0,0.0,0.0,0.369199,0.369199
8|1260|vc|1|2|319,0.0,40866.0,1,2,1,42984.625,42392.7,41112.5,41114.8,41112.5,-0.0135916,-0.0134654
8|1260|vc|2|2|319,0.0,45338.0,2,2,1,42984.625,42974.9,41685.9,41685.9,41685.9,0.196962,0.196963
8|1260|vc|3|2|319,0.0,44073.0,3,2,1,42984.625,42974.9,41685.9,41685.9,41685.9,0.12874,0.128739
8|1260|vc|4|2|319,0.0,47115.0,4,2,1,42984.625,42974.9,41685.9,41685.9,41685.9,0.292799,0.292799
8|1260|vc|5|2|319,0.0,43457.0,5,2,1,42984.625,42974.9,41685.9,41685.9,41685.9,0.0955177,0.0955177
8|1260|vc|6|2|319,0.0,43107.0,6,2,1,42984.625,42974.9,41685.9,41685.9,41685.9,0.0766417,0.0766417
8|1260|vc|7|2|319,0.0,44409.0,7,2,1,42984.625,42974.9,41685.9,41685.9,41685.9,0.14686,0.14686
8|1260|vc|8|2|319,0.0,35512.0,8,2,1,42984.625,42392.7,41112.5,41114.8,41112.5,-0.306087,-0.305977
