id,eta_U_SAEM,eta_L_SAEM,eta_L_gap_SAEM,eta_h_SAEM,eta_f_SAEM,eta_alpha_SAEM,eta_k_SAEM,eta_U_mode,eta_L_mode,eta_L_gap_mode,eta_h_mode,eta_f_mode,eta_alpha_mode,eta_k_mode,goes_down,mab_virus,run_id
9|411|9|411|sample|4|274|4|274|70.0,0,0,4.2288e-09,-1.37912,-0.784528,0,0,0,0,-4.08562e-14,-1.12392,-1.13321,0,0,True,70.0|274,411
9|411|9|411|sample|3|274|3|274|70.0,0,0,5.83375e-09,-1.3482,-1.3733,0,0,0,0,3.55271e-15,-1.1211,-1.64181,0,0,True,70.0|274,411
9|411|9|411|sample|5|274|5|274|70.0,0,0,-7.01842e-11,-1.15577,-0.478526,0,0,0,0,-1.24345e-14,-0.988347,-1.16802,0,0,True,70.0|274,411
9|411|9|411|sample|6|274|6|274|70.0,0,0,5.19183e-09,-0.792974,-0.836206,0,0,0,0,5.50671e-14,-0.94645,-1.16331,0,0,True,70.0|274,411
9|411|9|411|sample|8|274|8|274|70.0,0,0,6.7748e-09,-1.29403,-1.03336,0,0,0,0,-1.95399e-14,-1.15793,-1.35402,0,0,True,70.0|274,411
9|411|9|411|sample|7|274|7|274|70.0,0,0,1.48029e-08,-1.45999,-1.02972,0,0,0,0,7.28306e-14,-1.13457,-1.43415,0,0,True,70.0|274,411
9|411|9|411|sample|9|274|9|274|70.0,0,0,-1.83329e-08,-1.01725,-0.444005,0,0,0,0,-2.30926e-14,-1.0264,-1.2001,0,0,True,70.0|274,411
9|411|9|411|sample|10|274|10|274|70.0,0,0,4.77565e-10,-1.01695,-0.125342,0,0,0,0,-3.55271e-15,-0.998781,-1.0708,0,0,True,70.0|274,411
9|411|9|411|sample|12|274|12|274|70.0,0,0,-1.02836e-08,-1.62539,-0.642136,0,0,0,0,1.77636e-15,-1.25658,-1.07144,0,0,True,70.0|274,411
9|411|9|411|sample|11|274|11|274|70.0,0,0,-8.20336e-09,-1.31506,-1.10367,0,0,0,0,-1.42109e-14,-1.13543,-1.30953,0,0,True,70.0|274,411
9|411|9|411|cc|1|1|274|1|274|69.0,0,0,-9.61834e-09,0.106359,0.0948578,0,0,0,0,-3.55271e-15,-5.02345e-08,-2.26479e-07,0,0,False,69.0|274,411
9|411|9|411|cc|2|1|274|1|274|69.0,0,0,9.92698e-09,-0.268308,0.067415,0,0,0,0,-7.10543e-15,-1.43853e-07,4.03236e-08,0,0,False,69.0|274,411
9|411|9|411|cc|3|1|274|1|274|69.0,0,0,-1.97262e-09,-0.121361,-0.0550887,0,0,0,0,7.99361e-15,-8.4405e-08,1.65141e-07,0,0,False,69.0|274,411
9|411|9|411|cc|4|1|274|1|274|69.0,0,0,-3.26513e-09,0.257759,-0.288329,0,0,0,0,-8.88178e-16,-2.65978e-07,3.45567e-08,0,0,False,69.0|274,411
9|411|9|411|cc|5|1|274|1|274|69.0,0,0,-3.96913e-09,-0.0427696,0.140205,0,0,0,0,1.06581e-14,-2.85166e-07,-4.78586e-07,0,0,False,69.0|274,411
9|411|9|411|cc|6|1|274|1|274|69.0,0,0,5.05311e-09,-0.0161894,0.400751,0,0,0,0,5.32907e-15,-7.56407e-08,2.32729e-07,0,0,False,69.0|274,411
9|411|9|411|cc|7|1|274|1|274|69.0,0,0,1.11578e-08,0.199705,0.283254,0,0,0,0,-5.32907e-15,-7.26284e-08,2.3214e-07,0,0,False,69.0|274,411
9|411|9|411|cc|8|1|274|1|274|69.0,0,0,1.08677e-08,-0.0546591,0.636427,0,0,0,0,-1.77636e-15,3.01279e-07,-1.03057e-08,0,0,False,69.0|274,411
9|411|9|411|vc|1|2|274|2|274|69.0,0,0,8.63078e-09,0.147791,0.0411917,0,0,0,0,-1.77636e-15,-8.8749e-08,-2.76472e-07,0,0,False,69.0|274,411
9|411|9|411|vc|2|2|274|2|274|69.0,0,0,7.6963e-09,0.111752,-0.202954,0,0,0,0,-5.32907e-15,2.78939e-07,-5.68399e-08,0,0,False,69.0|274,411
9|411|9|411|vc|3|2|274|2|274|69.0,0,0,8.10973e-09,-0.119895,0.144853,0,0,0,0,6.21725e-15,1.15077e-07,-2.53226e-07,0,0,False,69.0|274,411
9|411|9|411|vc|4|2|274|2|274|69.0,0,0,-1.05569e-09,-0.0132331,-0.172412,0,0,0,0,1.77636e-15,1.53853e-07,8.03627e-07,0,0,False,69.0|274,411
9|411|9|411|vc|5|2|274|2|274|69.0,0,0,-7.28401e-09,-0.0159663,-0.175115,0,0,0,0,-1.77636e-15,2.25108e-07,-3.57827e-08,0,0,False,69.0|274,411
9|411|9|411|vc|6|2|274|2|274|69.0,0,0,1.40623e-08,-0.189088,-0.219953,0,0,0,0,8.88178e-15,5.63226e-08,-5.59212e-08,0,0,False,69.0|274,411
9|411|9|411|vc|7|2|274|2|274|69.0,0,0,2.35537e-09,-0.18451,-0.656615,0,0,0,0,1.15463e-14,1.37934e-07,6.92996e-08,0,0,False,69.0|274,411
9|411|9|411|vc|8|2|274|2|274|69.0,0,0,-6.24578e-09,-0.304569,-0.582194,0,0,0,0,3.55271e-15,-1.43493e-07,4.60977e-07,0,0,False,69.0|274,411
14|783|14|783|sample|3|71|3|71|6.0,0,0,2.00958e-09,-0.947537,2.46522,0,0,0,0,3.01981e-14,-0.492903,1.80329,0,0,True,6.0|71,783
14|783|14|783|sample|4|71|4|71|6.0,0,0,1.27377e-08,-0.613259,2.14403,0,0,0,0,-5.32907e-15,-0.468713,1.63539,0,0,True,6.0|71,783
14|783|14|783|sample|5|71|5|71|6.0,0,0,-3.75044e-10,-0.698962,1.31315,0,0,0,0,-1.59872e-14,-0.519883,0.663324,0,0,True,6.0|71,783
14|783|14|783|sample|6|71|6|71|6.0,0,0,9.25257e-09,-0.84212,2.0673,0,0,0,0,-1.95399e-14,-0.519923,0.632829,0,0,True,6.0|71,783
14|783|14|783|sample|7|71|7|71|6.0,0,0,7.73054e-09,-1.73696,-2.52835,0,0,0,0,-1.59872e-14,-1.30456,-3.09536,0,0,True,6.0|71,783
14|783|14|783|sample|8|71|8|71|6.0,0,0,-3.62913e-09,-1.53932,-2.66648,0,0,0,0,1.77636e-15,-1.29329,-2.95991,0,0,True,6.0|71,783
14|783|14|783|sample|10|71|10|71|6.0,0,0,3.80831e-09,-0.592969,2.53901,0,0,0,0,5.32907e-15,-0.503627,1.80385,0,0,True,6.0|71,783
14|783|14|783|sample|9|71|9|71|6.0,0,0,-4.59197e-09,-0.864638,2.93939,0,0,0,0,2.30926e-14,-0.484919,1.79994,0,0,True,6.0|71,783
14|783|14|783|sample|12|71|12|71|6.0,0,0,5.2223e-09,-1.91561,-3.36027,0,0,0,0,3.19744e-14,-1.6455,-3.6962,0,0,True,6.0|71,783
14|783|14|783|sample|11|71|11|71|6.0,0,0,-1.60915e-08,-2.27113,-3.27245,0,0,0,0,1.24345e-14,-1.62466,-3.91699,0,0,True,6.0|71,783
14|783|14|783|cc|1|1|71|1|71|69.0,0,0,6.1906e-09,-0.00448488,-0.384715,0,0,0,0,-3.55271e-15,3.1986e-07,-3.49411e-07,0,0,False,69.0|71,783
14|783|14|783|cc|2|1|71|1|71|69.0,0,0,2.3102e-09,0.00304105,-0.423157,0,0,0,0,3.55271e-15,1.6046e-07,2.85714e-07,0,0,False,69.0|71,783
14|783|14|783|cc|3|1|71|1|71|69.0,0,0,-7.57757e-09,0.0504347,-0.0517974,0,0,0,0,1.24345e-14,-1.40499e-07,9.1182e-08,0,0,False,69.0|71,783
14|783|14|783|cc|4|1|71|1|71|69.0,0,0,2.27349e-09,0.0973519,0.0179504,0,0,0,0,7.10543e-15,2.75239e-07,-1.06618e-07,0,0,False,69.0|71,783
14|783|14|783|cc|5|1|71|1|71|69.0,0,0,-4.15356e-09,-0.113056,0.233784,0,0,0,0,0,-3.62214e-07,9.75015e-08,0,0,False,69.0|71,783
14|783|14|783|cc|6|1|71|1|71|69.0,0,0,6.03137e-09,0.0188799,-0.118978,0,0,0,0,7.10543e-15,6.56894e-08,1.69291e-07,0,0,False,69.0|71,783
14|783|14|783|cc|7|1|71|1|71|69.0,0,0,5.56088e-09,-0.145692,0.178089,0,0,0,0,-1.77636e-14,1.51937e-07,-2.34888e-07,0,0,False,69.0|71,783
14|783|14|783|cc|8|1|71|1|71|69.0,0,0,9.12282e-09,-0.0525052,-0.142063,0,0,0,0,8.88178e-15,-2.0219e-07,-8.62804e-08,0,0,False,69.0|71,783
14|783|14|783|vc|1|2|71|2|71|69.0,0,0,-2.38516e-08,-0.100962,0.00741686,0,0,0,0,-3.55271e-15,6.47879e-08,2.96955e-07,0,0,False,69.0|71,783
14|783|14|783|vc|2|2|71|2|71|69.0,0,0,3.1089e-09,0.0864178,-0.162473,0,0,0,0,0,1.80206e-07,2.80425e-07,0,0,False,69.0|71,783
14|783|14|783|vc|3|2|71|2|71|69.0,0,0,-9.99591e-10,0.0425028,-0.115417,0,0,0,0,0,-3.31472e-07,-4.34287e-08,0,0,False,69.0|71,783
14|783|14|783|vc|4|2|71|2|71|69.0,0,0,-3.87602e-09,-0.052018,-0.254645,0,0,0,0,7.10543e-15,-1.51797e-07,2.01742e-07,0,0,False,69.0|71,783
14|783|14|783|vc|5|2|71|2|71|69.0,0,0,-7.95643e-09,0.136329,0.18484,0,0,0,0,-3.55271e-15,3.71141e-07,3.55711e-07,0,0,False,69.0|71,783
14|783|14|783|vc|6|2|71|2|71|69.0,0,0,-1.59735e-09,0.017486,-0.00651499,0,0,0,0,-8.88178e-15,1.98057e-07,1.13544e-07,0,0,False,69.0|71,783
14|783|14|783|vc|7|2|71|2|71|69.0,0,0,-2.28993e-09,-0.14095,0.496842,0,0,0,0,1.06581e-14,3.16792e-07,-7.64281e-08,0,0,False,69.0|71,783
14|783|14|783|vc|8|2|71|2|71|69.0,0,0,4.145e-10,0.104484,0.198675,0,0,0,0,-3.55271e-15,1.76365e-07,-1.47041e-07,0,0,False,69.0|71,783
14|491|14|491|sample|10|99|10|99|6.0,0,0,-7.46135e-09,-1.81533,-5.26163,0,0,0,0,9.76996e-14,-1.5697,-5.3491,0,0,True,6.0|99,491
14|491|14|491|sample|9|99|9|99|6.0,0,0,-1.82075e-08,-2.59135,-4.19712,0,0,0,0,3.73035e-14,-1.5565,-5.33559,0,0,True,6.0|99,491
14|491|14|491|sample|12|99|12|99|6.0,0,0,-8.07633e-09,-1.3817,-3.7134,0,0,0,0,-5.32907e-14,-1.13783,-4.08211,0,0,True,6.0|99,491
14|491|14|491|sample|11|99|11|99|6.0,0,0,2.24115e-08,-1.21705,-3.76057,0,0,0,0,3.37508e-14,-1.08091,-4.17332,0,0,True,6.0|99,491
14|491|14|491|sample|4|99|4|99|44.0,0,0,-4.2175e-09,-1.3123,-2.75924,0,0,0,0,4.26326e-14,-1.47233,-2.96435,0,0,True,44.0|99,491
14|491|14|491|sample|3|99|3|99|44.0,0,0,5.03544e-09,-1.82944,-2.29415,0,0,0,0,-1.42109e-14,-1.47718,-2.83759,0,0,True,44.0|99,491
14|491|14|491|sample|6|99|6|99|44.0,0,0,-6.21853e-09,-1.11391,-2.35294,0,0,0,0,1.24345e-14,-0.858283,-3.34064,0,0,True,44.0|99,491
14|491|14|491|sample|5|99|5|99|44.0,0,0,8.99215e-10,-0.970866,-2.98027,0,0,0,0,8.88178e-16,-0.835695,-3.53848,0,0,True,44.0|99,491
14|491|14|491|sample|7|99|7|99|63.0,0,0,-1.52187e-08,-2.14494,-5.28104,0,0,0,0,-1.15463e-14,-1.38039,-6.29022,0,0,True,63.0|99,491
14|491|14|491|sample|8|99|8|99|63.0,0,0,5.0863e-09,-1.60463,-5.95229,0,0,0,0,-1.09246e-13,-1.43084,-6.1869,0,0,True,63.0|99,491
14|491|14|491|cc|1|1|99|1|99|69.0,0,0,3.24806e-09,0.11526,-0.452106,0,0,0,0,7.10543e-15,-2.21509e-08,-1.53595e-07,0,0,False,69.0|99,491
14|491|14|491|cc|2|1|99|1|99|69.0,0,0,-1.66405e-09,-0.303141,0.0336352,0,0,0,0,3.55271e-15,2.53062e-09,-2.65451e-07,0,0,False,69.0|99,491
14|491|14|491|cc|3|1|99|1|99|69.0,0,0,-5.43281e-09,-0.166357,-0.14389,0,0,0,0,1.24345e-14,-1.90959e-07,-4.48119e-07,0,0,False,69.0|99,491
14|491|14|491|cc|4|1|99|1|99|69.0,0,0,8.27843e-09,0.172449,0.51587,0,0,0,0,1.77636e-15,1.41828e-07,3.70634e-07,0,0,False,69.0|99,491
14|491|14|491|cc|5|1|99|1|99|69.0,0,0,-4.09085e-09,0.0360711,0.151274,0,0,0,0,-1.24345e-14,-7.67693e-08,2.66115e-07,0,0,False,69.0|99,491
14|491|14|491|cc|6|1|99|1|99|69.0,0,0,6.14993e-09,-0.0323576,0.624615,0,0,0,0,-7.10543e-15,2.09846e-07,-6.19969e-08,0,0,False,69.0|99,491
14|491|14|491|cc|7|1|99|1|99|69.0,0,0,-4.91848e-09,-0.105222,0.0335323,0,0,0,0,-7.10543e-15,-3.75006e-08,-1.10114e-07,0,0,False,69.0|99,491
14|491|14|491|cc|8|1|99|1|99|69.0,0,0,-3.69991e-09,0.0712142,0.244141,0,0,0,0,-8.88178e-15,-1.70296e-07,8.87816e-08,0,0,False,69.0|99,491
14|491|14|491|vc|1|2|99|2|99|69.0,0,0,2.23949e-09,0.000307119,-0.125006,0,0,0,0,-3.55271e-15,-2.62717e-08,1.51581e-07,0,0,False,69.0|99,491
14|491|14|491|vc|2|2|99|2|99|69.0,0,0,6.63288e-11,-0.0576113,-0.18058,0,0,0,0,-1.77636e-15,-2.94479e-07,1.98036e-07,0,0,False,69.0|99,491
14|491|14|491|vc|3|2|99|2|99|69.0,0,0,-2.77169e-09,-0.000928914,-0.236026,0,0,0,0,1.42109e-14,1.04633e-07,-1.00965e-07,0,0,False,69.0|99,491
14|491|14|491|vc|4|2|99|2|99|69.0,0,0,-1.79588e-11,0.0677606,-0.125306,0,0,0,0,3.55271e-15,-7.06588e-08,5.35023e-07,0,0,False,69.0|99,491
14|491|14|491|vc|5|2|99|2|99|69.0,0,0,-1.19269e-09,-0.19871,0.670695,0,0,0,0,0,2.62857e-07,-3.55499e-07,0,0,False,69.0|99,491
14|491|14|491|vc|6|2|99|2|99|69.0,0,0,-6.61303e-09,0.0026832,0.170094,0,0,0,0,3.55271e-15,-5.40639e-08,-1.43085e-07,0,0,False,69.0|99,491
14|491|14|491|vc|7|2|99|2|99|69.0,0,0,1.1339e-08,-0.40383,0.57949,0,0,0,0,3.55271e-15,1.99652e-08,2.89366e-07,0,0,False,69.0|99,491
14|491|14|491|vc|8|2|99|2|99|69.0,0,0,9.03763e-09,0.0440912,0.769321,0,0,0,0,-8.88178e-15,-1.81702e-07,-2.89456e-08,0,0,False,69.0|99,491
14|433|14|433|sample|4|99|4|99|6.0,0,0,2.13535e-09,-1.28264,-3.669,0,0,0,0,-5.32907e-15,-0.854632,-4.85679,0,0,True,6.0|99,433
14|433|14|433|sample|3|99|3|99|6.0,0,0,6.81888e-09,-1.46189,-3.79032,0,0,0,0,-2.66454e-14,-1.1131,-4.15682,0,0,True,6.0|99,433
14|433|14|433|sample|6|99|6|99|6.0,0,0,-5.29102e-09,-1.39215,-0.309901,0,0,0,0,1.06581e-14,-0.983072,-0.847917,0,0,True,6.0|99,433
14|433|14|433|sample|5|99|5|99|6.0,0,0,-1.1407e-08,-1.26133,-0.517361,0,0,0,0,8.88178e-15,-0.891255,-1.1718,0,0,True,6.0|99,433
14|433|14|433|sample|8|99|8|99|6.0,0,0,5.08256e-09,-1.68066,-4.34113,0,0,0,0,3.37508e-14,-1.45807,-4.66692,0,0,True,6.0|99,433
14|433|14|433|sample|7|99|7|99|6.0,0,0,1.05951e-09,-2.39446,-3.97183,0,0,0,0,1.24345e-14,-1.65977,-4.53108,0,0,True,6.0|99,433
14|433|14|433|sample|10|99|10|99|6.0,0,0,2.63323e-09,-2.17895,-1.51865,0,0,0,0,-8.88178e-15,-1.26517,-2.58465,0,0,True,6.0|99,433
14|433|14|433|sample|9|99|9|99|6.0,0,0,-4.49613e-09,-1.4152,-2.3797,0,0,0,0,3.37508e-14,-1.18364,-2.75096,0,0,True,6.0|99,433
14|433|14|433|sample|11|99|11|99|6.0,0,0,1.06813e-08,-1.25175,-0.886564,0,0,0,0,-3.01981e-14,-1.0007,-1.49645,0,0,True,6.0|99,433
14|433|14|433|sample|12|99|12|99|6.0,0,0,-2.34494e-08,-1.03365,-1.12329,0,0,0,0,1.24345e-14,-0.931341,-1.54828,0,0,True,6.0|99,433
14|433|14|433|cc|1|1|99|1|99|69.0,0,0,3.29991e-09,-0.0996647,0.133625,0,0,0,0,7.10543e-15,-1.92611e-07,-1.77036e-07,0,0,False,69.0|99,433
14|433|14|433|cc|2|1|99|1|99|69.0,0,0,4.42877e-09,-0.013943,0.0092782,0,0,0,0,-1.06581e-14,-6.56236e-09,-5.92229e-07,0,0,False,69.0|99,433
14|433|14|433|cc|3|1|99|1|99|69.0,0,0,-4.02156e-09,-0.225764,0.250466,0,0,0,0,0,4.23753e-07,-4.29016e-07,0,0,False,69.0|99,433
14|433|14|433|cc|4|1|99|1|99|69.0,0,0,-2.6324e-09,0.0423277,0.59127,0,0,0,0,-8.88178e-15,-3.56379e-08,-7.14696e-08,0,0,False,69.0|99,433
14|433|14|433|cc|5|1|99|1|99|69.0,0,0,-6.19029e-09,-0.0227624,-0.175978,0,0,0,0,3.55271e-15,2.12389e-07,-6.61921e-08,0,0,False,69.0|99,433
14|433|14|433|cc|6|1|99|1|99|69.0,0,0,4.02922e-09,-0.155557,0.456082,0,0,0,0,-1.77636e-15,-1.5492e-09,-8.43517e-07,0,0,False,69.0|99,433
14|433|14|433|cc|7|1|99|1|99|69.0,0,0,-7.55008e-09,0.0229419,0.0582832,0,0,0,0,0,-4.70178e-08,3.79314e-07,0,0,False,69.0|99,433
14|433|14|433|cc|8|1|99|1|99|69.0,0,0,1.19492e-08,0.00867924,-0.300533,0,0,0,0,-5.32907e-15,-1.20248e-07,2.51077e-07,0,0,False,69.0|99,433
14|433|14|433|vc|1|2|99|2|99|69.0,0,0,-5.26184e-09,0.0359643,-0.0263886,0,0,0,0,0,8.12185e-09,-4.37983e-07,0,0,False,69.0|99,433
14|433|14|433|vc|2|2|99|2|99|69.0,0,0,-1.46914e-09,0.106357,0.300891,0,0,0,0,-7.10543e-15,-8.92197e-08,1.76648e-07,0,0,False,69.0|99,433
14|433|14|433|vc|3|2|99|2|99|69.0,0,0,-2.15104e-10,0.219289,0.148563,0,0,0,0,3.55271e-15,7.10471e-08,-3.16981e-07,0,0,False,69.0|99,433
14|433|14|433|vc|4|2|99|2|99|69.0,0,0,-7.06326e-09,0.149722,-0.45613,0,0,0,0,0,3.06151e-07,-2.14575e-07,0,0,False,69.0|99,433
14|433|14|433|vc|5|2|99|2|99|69.0,0,0,3.4432e-09,-0.149318,0.0491709,0,0,0,0,-3.55271e-15,2.74297e-07,6.98455e-08,0,0,False,69.0|99,433
14|433|14|433|vc|6|2|99|2|99|69.0,0,0,7.29918e-09,0.123219,-0.0929162,0,0,0,0,-3.55271e-15,1.44197e-07,-5.30267e-07,0,0,False,69.0|99,433
14|433|14|433|vc|7|2|99|2|99|69.0,0,0,2.65262e-09,-0.0348707,0.381622,0,0,0,0,-7.10543e-15,-1.91124e-07,-4.78278e-08,0,0,False,69.0|99,433
14|433|14|433|vc|8|2|99|2|99|69.0,0,0,5.03223e-09,0.00116937,-0.52596,0,0,0,0,-3.55271e-15,-2.84164e-07,1.20594e-07,0,0,False,69.0|99,433
14|297|14|297|sample|3|71|3|71|6.0,0,0,-1.99552e-08,-1.20016,-0.75977,0,0,0,0,2.66454e-14,-0.900791,-1.48275,0,0,True,6.0|71,297
14|297|14|297|sample|4|71|4|71|6.0,0,0,-8.03823e-11,-0.941328,-1.24743,0,0,0,0,-2.13163e-14,-0.876369,-1.4993,0,0,True,6.0|71,297
14|297|14|297|sample|5|71|5|71|6.0,0,0,-1.65897e-09,-1.89188,-3.38887,0,0,0,0,-8.88178e-15,-1.61337,-3.74852,0,0,True,6.0|71,297
14|297|14|297|sample|6|71|6|71|6.0,0,0,-1.99159e-08,-1.64775,-3.60824,0,0,0,0,6.57252e-14,-1.67147,-3.6371,0,0,True,6.0|71,297
14|297|14|297|sample|8|71|8|71|6.0,0,0,7.52648e-09,-2.58301,-2.03348,0,0,0,0,-1.24345e-14,-1.84895,-2.53784,0,0,True,6.0|71,297
14|297|14|297|sample|7|71|7|71|6.0,0,0,1.21005e-08,-2.6391,-2.14456,0,0,0,0,1.24345e-14,-1.83949,-2.67633,0,0,True,6.0|71,297
14|297|14|297|sample|9|71|9|71|6.0,0,0,-1.11768e-08,-2.27921,-2.77824,0,0,0,0,-1.24345e-14,-1.9244,-3.30404,0,0,True,6.0|71,297
14|297|14|297|sample|10|71|10|71|6.0,0,0,-3.05743e-09,-1.86019,-3.28787,0,0,0,0,2.66454e-14,-1.78997,-3.41708,0,0,True,6.0|71,297
14|297|14|297|sample|12|71|12|71|6.0,0,0,3.14582e-09,-0.918692,1.29433,0,0,0,0,2.13163e-14,-0.797298,0.161917,0,0,True,6.0|71,297
14|297|14|297|sample|11|71|11|71|6.0,0,0,6.40021e-09,-1.03284,0.86795,0,0,0,0,1.59872e-14,-0.989192,0.390053,0,0,True,6.0|71,297
14|297|14|297|cc|1|1|71|1|71|69.0,0,0,1.20454e-09,0.00364911,0.23682,0,0,0,0,3.55271e-15,7.309e-09,-2.4701e-07,0,0,False,69.0|71,297
14|297|14|297|cc|2|1|71|1|71|69.0,0,0,-4.94205e-09,0.512887,-0.15246,0,0,0,0,-1.06581e-14,1.40165e-08,-1.17279e-07,0,0,False,69.0|71,297
14|297|14|297|cc|3|1|71|1|71|69.0,0,0,-4.02965e-09,-0.0785905,-0.531771,0,0,0,0,0,3.20387e-07,-1.6299e-07,0,0,False,69.0|71,297
14|297|14|297|cc|4|1|71|1|71|69.0,0,0,2.56503e-09,0.147304,0.274008,0,0,0,0,1.42109e-14,-1.26379e-07,9.4569e-08,0,0,False,69.0|71,297
14|297|14|297|cc|5|1|71|1|71|69.0,0,0,-1.3228e-08,-0.0646453,-0.18654,0,0,0,0,0,-1.51427e-07,3.15855e-07,0,0,False,69.0|71,297
14|297|14|297|cc|6|1|71|1|71|69.0,0,0,3.23013e-09,0.0303826,0.479418,0,0,0,0,-1.06581e-14,1.10371e-07,-1.29815e-07,0,0,False,69.0|71,297
14|297|14|297|cc|7|1|71|1|71|69.0,0,0,-9.03865e-10,-0.196456,0.0661328,0,0,0,0,0,1.0662e-07,-2.70262e-07,0,0,False,69.0|71,297
14|297|14|297|cc|8|1|71|1|71|69.0,0,0,-1.01313e-08,0.208598,0.451923,0,0,0,0,7.10543e-15,2.01537e-07,-2.98893e-07,0,0,False,69.0|71,297
14|297|14|297|vc|1|2|71|2|71|69.0,0,0,1.46233e-09,0.201331,-0.298672,0,0,0,0,3.55271e-15,-1.90116e-07,-1.43737e-07,0,0,False,69.0|71,297
14|297|14|297|vc|2|2|71|2|71|69.0,0,0,8.79778e-09,-0.0355102,-0.411566,0,0,0,0,-1.77636e-15,-2.05982e-07,5.26906e-07,0,0,False,69.0|71,297
14|297|14|297|vc|3|2|71|2|71|69.0,0,0,-1.28791e-09,-0.123267,0.155731,0,0,0,0,-3.55271e-15,2.92915e-07,-4.69377e-08,0,0,False,69.0|71,297
14|297|14|297|vc|4|2|71|2|71|69.0,0,0,-8.79497e-09,-0.106151,-0.344024,0,0,0,0,0,4.08313e-08,-2.50565e-07,0,0,False,69.0|71,297
14|297|14|297|vc|5|2|71|2|71|69.0,0,0,-2.23091e-09,-0.235461,-0.161866,0,0,0,0,7.10543e-15,3.10861e-07,6.2732e-07,0,0,False,69.0|71,297
14|297|14|297|vc|6|2|71|2|71|69.0,0,0,-9.70387e-09,0.0773104,-0.102988,0,0,0,0,0,-4.49935e-07,-1.67959e-07,0,0,False,69.0|71,297
14|297|14|297|vc|7|2|71|2|71|69.0,0,0,8.69587e-09,-0.0674701,0.0618036,0,0,0,0,-3.55271e-15,1.08736e-07,1.55943e-07,0,0,False,69.0|71,297
14|297|14|297|vc|8|2|71|2|71|69.0,0,0,6.19146e-09,0.142659,0.3324,0,0,0,0,1.06581e-14,8.05998e-08,9.06643e-09,0,0,False,69.0|71,297
14|183|14|183|sample|4|233|4|233|6.0,0,0,-1.52947e-08,-0.871586,-4.93901,0,0,0,0,-8.88178e-15,-0.662817,-5.5707,0,0,True,6.0|233,183
14|183|14|183|sample|3|233|3|233|6.0,0,0,1.82277e-09,-0.918115,-4.89406,0,0,0,0,-1.77636e-15,-0.597917,-6.04985,0,0,True,6.0|233,183
14|183|14|183|sample|6|233|6|233|6.0,0,0,-2.65267e-08,-0.834144,-5.76186,0,0,0,0,-5.32907e-15,-0.761693,-5.78302,0,0,True,6.0|233,183
14|183|14|183|sample|5|233|5|233|6.0,0,0,1.07124e-09,-1.09267,-4.92272,0,0,0,0,7.10543e-15,-0.749104,-5.85322,0,0,True,6.0|233,183
14|183|14|183|sample|7|233|7|233|6.0,0,0,1.03035e-08,-1.29682,-3.16136,0,0,0,0,-5.32907e-15,-0.71379,-4.95942,0,0,True,6.0|233,183
14|183|14|183|sample|8|233|8|233|6.0,0,0,-1.163e-08,-1.06715,-4.40343,0,0,0,0,1.77636e-15,-0.655897,-5.2861,0,0,True,6.0|233,183
14|183|14|183|sample|10|233|10|233|6.0,0,0,-1.36837e-08,-1.20538,-5.29692,0,0,0,0,-1.24345e-14,-0.728362,-6.38408,0,0,True,6.0|233,183
14|183|14|183|sample|9|233|9|233|6.0,0,0,8.67126e-09,-1.54375,-4.36369,0,0,0,0,-1.42109e-14,-0.7496,-5.96341,0,0,True,6.0|233,183
14|183|14|183|sample|12|233|12|233|6.0,0,0,1.03569e-08,-0.674796,-4.93889,0,0,0,0,-1.24345e-14,-0.465465,-6.71905,0,0,True,6.0|233,183
14|183|14|183|sample|11|233|11|233|6.0,0,0,1.65627e-08,-0.463221,-6.28555,0,0,0,0,1.77636e-14,-0.483639,-5.90731,0,0,True,6.0|233,183
14|183|14|183|cc|1|1|233|1|233|69.0,0,0,-7.75514e-10,-0.178193,0.531008,0,0,0,0,-6.21725e-15,-8.19881e-08,-3.39031e-07,0,0,False,69.0|233,183
14|183|14|183|cc|2|1|233|1|233|69.0,0,0,-3.86063e-09,-0.164873,0.583776,0,0,0,0,8.88178e-15,5.92977e-07,-3.71496e-07,0,0,False,69.0|233,183
14|183|14|183|cc|3|1|233|1|233|69.0,0,0,9.2397e-09,0.0714472,0.0920827,0,0,0,0,7.10543e-15,1.57454e-09,3.63296e-07,0,0,False,69.0|233,183
14|183|14|183|cc|4|1|233|1|233|69.0,0,0,8.01817e-09,-0.0204455,-0.201915,0,0,0,0,3.55271e-15,2.98705e-07,2.48443e-09,0,0,False,69.0|233,183
14|183|14|183|cc|5|1|233|1|233|69.0,0,0,-1.75679e-09,-0.122269,0.341259,0,0,0,0,4.44089e-15,-5.82542e-08,-3.04481e-07,0,0,False,69.0|233,183
14|183|14|183|cc|6|1|233|1|233|69.0,0,0,-4.36618e-10,-0.0313569,0.249709,0,0,0,0,-1.77636e-15,-8.91009e-08,-1.36372e-06,0,0,False,69.0|233,183
14|183|14|183|cc|7|1|233|1|233|69.0,0,0,1.03075e-08,0.116912,0.397025,0,0,0,0,-7.10543e-15,3.96895e-08,-6.92082e-08,0,0,False,69.0|233,183
14|183|14|183|cc|8|1|233|1|233|69.0,0,0,-7.0406e-09,0.00865325,-0.353766,0,0,0,0,7.10543e-15,-8.18725e-08,3.21427e-07,0,0,False,69.0|233,183
14|183|14|183|vc|1|2|233|2|233|69.0,0,0,-3.1507e-09,-0.145455,0.32188,0,0,0,0,1.77636e-15,2.60171e-07,-2.63673e-08,0,0,False,69.0|233,183
14|183|14|183|vc|2|2|233|2|233|69.0,0,0,-4.616e-09,-0.0888827,0.157073,0,0,0,0,6.21725e-15,-2.05153e-07,1.11426e-06,0,0,False,69.0|233,183
14|183|14|183|vc|3|2|233|2|233|69.0,0,0,4.78809e-09,-0.00636623,0.0691466,0,0,0,0,-1.42109e-14,-6.1081e-07,1.49867e-06,0,0,False,69.0|233,183
14|183|14|183|vc|4|2|233|2|233|69.0,0,0,1.02626e-08,0.0685024,-0.104129,0,0,0,0,1.77636e-15,-4.97691e-08,-3.68785e-07,0,0,False,69.0|233,183
14|183|14|183|vc|5|2|233|2|233|69.0,0,0,2.14299e-09,-0.180844,0.246888,0,0,0,0,-5.32907e-15,-1.92579e-07,6.3266e-07,0,0,False,69.0|233,183
14|183|14|183|vc|6|2|233|2|233|69.0,0,0,1.15227e-09,0.0851755,-0.251415,0,0,0,0,-1.77636e-15,-2.5847e-07,-8.98549e-08,0,0,False,69.0|233,183
14|183|14|183|vc|7|2|233|2|233|69.0,0,0,4.00752e-09,-0.00191863,0.105158,0,0,0,0,-8.88178e-16,-1.25319e-08,3.02532e-07,0,0,False,69.0|233,183
14|183|14|183|vc|8|2|233|2|233|69.0,0,0,-1.71529e-09,-0.00657164,-0.0581833,0,0,0,0,5.32907e-15,-2.48295e-08,1.11237e-07,0,0,False,69.0|233,183
14|705|14|705|sample|3|233|3|233|6.0,0,0,-4.53871e-09,-0.0546284,0.494293,0,0,0,0,8.88178e-15,0.169088,3.92905,0,0,False,6.0|233,705
14|705|14|705|sample|4|233|4|233|6.0,0,0,-4.59535e-09,-0.0241938,-0.764225,0,0,0,0,-3.55271e-15,0.168789,3.88064,0,0,False,6.0|233,705
14|705|14|705|sample|5|233|5|233|6.0,0,0,-4.34493e-09,0.078375,3.05944,0,0,0,0,-1.77636e-14,0.171645,3.83204,0,0,False,6.0|233,705
14|705|14|705|sample|6|233|6|233|6.0,0,0,-5.58813e-09,-0.031321,-1.55418,0,0,0,0,-9.76996e-15,0.168151,3.86239,0,0,False,6.0|233,705
14|705|14|705|sample|7|233|7|233|6.0,0,0,-4.20247e-09,0.0618391,0.485951,0,0,0,0,4.44089e-15,0.175344,3.77803,0,0,False,6.0|233,705
14|705|14|705|sample|8|233|8|233|6.0,0,0,1.06235e-08,0.0676995,4.14821,0,0,0,0,2.30926e-14,0.171672,3.81244,0,0,False,6.0|233,705
14|705|14|705|sample|10|233|10|233|6.0,0,0,1.80348e-08,-1.54222,-4.25001,0,0,0,0,3.37508e-14,-0.779325,-5.53325,0,0,True,6.0|233,705
14|705|14|705|sample|9|233|9|233|6.0,0,0,2.82042e-09,-1.65533,-4.19657,0,0,0,0,7.10543e-15,-0.768775,-5.32166,0,0,True,6.0|233,705
14|705|14|705|sample|12|233|12|233|6.0,0,0,3.92898e-10,-0.927293,-6.19656,0,0,0,0,-3.55271e-15,-0.619938,-6.58378,0,0,True,6.0|233,705
14|705|14|705|sample|11|233|11|233|6.0,0,0,5.71453e-09,-1.19523,-4.32599,0,0,0,0,1.77636e-15,-0.698986,-5.5857,0,0,True,6.0|233,705
14|705|14|705|cc|1|1|233|1|233|69.0,0,0,-4.90204e-09,-0.0497424,0.0649575,0,0,0,0,-2.66454e-15,2.83485e-07,-1.01269e-06,0,0,False,69.0|233,705
14|705|14|705|cc|2|1|233|1|233|69.0,0,0,-9.82859e-09,-0.134951,-0.738838,0,0,0,0,-1.77636e-15,-2.065e-07,-1.18574e-07,0,0,False,69.0|233,705
14|705|14|705|cc|3|1|233|1|233|69.0,0,0,1.26732e-09,-0.106647,-0.360191,0,0,0,0,1.59872e-14,-2.40007e-07,2.63011e-07,0,0,False,69.0|233,705
14|705|14|705|cc|4|1|233|1|233|69.0,0,0,4.47813e-09,-0.131202,-0.146321,0,0,0,0,-3.55271e-15,2.15327e-08,4.04157e-07,0,0,False,69.0|233,705
14|705|14|705|cc|5|1|233|1|233|69.0,0,0,1.14844e-09,-0.1662,-0.138738,0,0,0,0,3.55271e-15,3.80078e-07,-5.30247e-07,0,0,False,69.0|233,705
14|705|14|705|cc|6|1|233|1|233|69.0,0,0,-7.80914e-09,-0.188766,0.00277064,0,0,0,0,8.88178e-15,-5.85786e-08,-2.45131e-07,0,0,False,69.0|233,705
14|705|14|705|cc|7|1|233|1|233|69.0,0,0,3.79061e-09,-0.0242688,0.342492,0,0,0,0,9.76996e-15,-1.54459e-07,1.74052e-07,0,0,False,69.0|233,705
14|705|14|705|cc|8|1|233|1|233|69.0,0,0,-4.46412e-09,0.154638,0.156419,0,0,0,0,5.32907e-15,-1.70449e-07,-2.64553e-07,0,0,False,69.0|233,705
14|705|14|705|vc|1|2|233|2|233|69.0,0,0,-1.89275e-09,-0.160218,0.250244,0,0,0,0,7.10543e-15,3.46364e-08,-2.70776e-07,0,0,False,69.0|233,705
14|705|14|705|vc|2|2|233|2|233|69.0,0,0,3.01794e-09,0.0730082,-0.103072,0,0,0,0,7.10543e-15,1.04984e-07,3.45355e-07,0,0,False,69.0|233,705
14|705|14|705|vc|3|2|233|2|233|69.0,0,0,2.14875e-09,-0.0412309,0.430299,0,0,0,0,8.88178e-16,3.81015e-08,3.66926e-07,0,0,False,69.0|233,705
14|705|14|705|vc|4|2|233|2|233|69.0,0,0,-5.62611e-09,-0.0418932,-0.138108,0,0,0,0,-7.99361e-15,1.22668e-07,2.55261e-07,0,0,False,69.0|233,705
14|705|14|705|vc|5|2|233|2|233|69.0,0,0,-1.624e-08,-0.10324,-0.133519,0,0,0,0,1.24345e-14,-2.10014e-09,-2.99636e-07,0,0,False,69.0|233,705
14|705|14|705|vc|6|2|233|2|233|69.0,0,0,-2.77708e-09,0.00704862,-0.108928,0,0,0,0,5.32907e-15,-1.2238e-08,2.50832e-07,0,0,False,69.0|233,705
14|705|14|705|vc|7|2|233|2|233|69.0,0,0,4.77912e-09,-0.00463042,0.185554,0,0,0,0,1.06581e-14,-2.40733e-08,7.8032e-08,0,0,False,69.0|233,705
14|705|14|705|vc|8|2|233|2|233|69.0,0,0,-1.04784e-09,0.358676,-0.200849,0,0,0,0,3.55271e-15,-1.20664e-08,-3.838e-07,0,0,False,69.0|233,705
14|555|14|555|sample|4|233|4|233|6.0,0,0,-1.96971e-08,-0.488474,-2.99458,0,0,0,0,2.30926e-14,-0.487842,-2.70398,0,0,True,6.0|233,555
14|555|14|555|sample|3|233|3|233|6.0,0,0,3.18573e-09,-0.523514,-2.10771,0,0,0,0,-1.95399e-14,-0.470295,-2.75114,0,0,True,6.0|233,555
14|555|14|555|sample|5|233|5|233|6.0,0,0,1.43966e-08,-0.595103,-1.28082,0,0,0,0,-8.88178e-15,-0.447587,-2.91309,0,0,True,6.0|233,555
14|555|14|555|sample|6|233|6|233|6.0,0,0,8.03698e-09,-0.613059,-1.32051,0,0,0,0,3.37508e-14,-0.434458,-3.07286,0,0,True,6.0|233,555
14|555|14|555|sample|7|233|7|233|6.0,0,0,-1.58367e-08,-1.35997,-2.67687,0,0,0,0,1.95399e-14,-1.12123,-3.00326,0,0,True,6.0|233,555
14|555|14|555|sample|8|233|8|233|6.0,0,0,1.07137e-08,-1.7174,-2.23255,0,0,0,0,-2.66454e-14,-0.999835,-3.2727,0,0,True,6.0|233,555
14|555|14|555|sample|9|233|9|233|6.0,0,0,1.34917e-08,-0.566993,-1.83879,0,0,0,0,1.42109e-14,-0.477109,-2.73524,0,0,True,6.0|233,555
14|555|14|555|sample|10|233|10|233|6.0,0,0,-5.87683e-09,-0.508384,-2.35032,0,0,0,0,-1.24345e-14,-0.480732,-2.58901,0,0,True,6.0|233,555
14|555|14|555|sample|12|233|12|233|6.0,0,0,-5.58416e-09,-1.48263,-3.01078,0,0,0,0,3.55271e-15,-1.11996,-3.64342,0,0,True,6.0|233,555
14|555|14|555|sample|11|233|11|233|6.0,0,0,7.16485e-09,-1.30438,-3.64597,0,0,0,0,5.32907e-14,-1.03098,-4.07222,0,0,True,6.0|233,555
14|555|14|555|cc|1|1|233|1|233|69.0,0,0,1.16619e-09,-0.166541,0.459889,0,0,0,0,7.10543e-15,2.97676e-08,2.87176e-07,0,0,False,69.0|233,555
14|555|14|555|cc|2|1|233|1|233|69.0,0,0,3.79279e-09,0.0273263,-0.420173,0,0,0,0,2.66454e-15,9.10984e-08,2.717e-07,0,0,False,69.0|233,555
14|555|14|555|cc|3|1|233|1|233|69.0,0,0,5.07852e-09,0.248195,-0.589958,0,0,0,0,3.55271e-15,-2.97774e-09,4.46434e-07,0,0,False,69.0|233,555
14|555|14|555|cc|4|1|233|1|233|69.0,0,0,-4.04159e-09,0.145149,-0.263695,0,0,0,0,7.10543e-15,-1.2662e-08,-3.3483e-07,0,0,False,69.0|233,555
14|555|14|555|cc|5|1|233|1|233|69.0,0,0,5.49067e-09,0.0124719,0.239839,0,0,0,0,1.77636e-15,-2.18672e-07,-2.54719e-07,0,0,False,69.0|233,555
14|555|14|555|cc|6|1|233|1|233|69.0,0,0,5.33563e-09,0.0646011,-0.57294,0,0,0,0,4.44089e-15,-5.43542e-08,-3.5341e-08,0,0,False,69.0|233,555
14|555|14|555|cc|7|1|233|1|233|69.0,0,0,-1.08339e-08,-0.213415,-0.279427,0,0,0,0,-6.21725e-15,2.48727e-07,-8.6169e-07,0,0,False,69.0|233,555
14|555|14|555|cc|8|1|233|1|233|69.0,0,0,-1.11247e-09,0.068836,0.554669,0,0,0,0,-1.24345e-14,1.5673e-07,2.00409e-07,0,0,False,69.0|233,555
14|555|14|555|vc|1|2|233|2|233|69.0,0,0,-1.35987e-09,0.0529842,-0.139413,0,0,0,0,3.55271e-15,7.08313e-08,2.29695e-07,0,0,False,69.0|233,555
14|555|14|555|vc|2|2|233|2|233|69.0,0,0,5.35786e-09,0.0189971,0.371473,0,0,0,0,-5.32907e-15,7.34115e-08,2.81027e-07,0,0,False,69.0|233,555
14|555|14|555|vc|3|2|233|2|233|69.0,0,0,5.52589e-10,-0.0863982,0.0364852,0,0,0,0,1.77636e-15,-7.66195e-08,4.43322e-07,0,0,False,69.0|233,555
14|555|14|555|vc|4|2|233|2|233|69.0,0,0,-9.00552e-10,0.0868827,-0.388022,0,0,0,0,1.06581e-14,1.93871e-07,-1.0349e-07,0,0,False,69.0|233,555
14|555|14|555|vc|5|2|233|2|233|69.0,0,0,-5.22002e-09,-0.318092,0.809313,0,0,0,0,0,-1.23795e-07,2.2644e-07,0,0,False,69.0|233,555
14|555|14|555|vc|6|2|233|2|233|69.0,0,0,-5.14622e-09,0.207761,-0.329346,0,0,0,0,0,1.99206e-08,-3.14766e-07,0,0,False,69.0|233,555
14|555|14|555|vc|7|2|233|2|233|69.0,0,0,-1.08188e-08,-0.217907,0.207198,0,0,0,0,-7.10543e-15,-3.24128e-08,-1.45736e-07,0,0,False,69.0|233,555
14|555|14|555|vc|8|2|233|2|233|69.0,0,0,-6.70411e-09,-0.0683716,-0.039403,0,0,0,0,-6.21725e-15,7.73312e-08,1.49191e-07,0,0,False,69.0|233,555
14|394|14|394|sample|5|42|5|42|6.0,0,0,-6.90741e-09,-0.30276,-3.03619,0,0,0,0,2.13163e-14,-0.329931,-3.38899,0,0,True,6.0|42,394
14|394|14|394|sample|6|42|6|42|6.0,0,0,6.2021e-09,-0.32291,-2.6978,0,0,0,0,-2.4869e-14,-0.330173,-3.52175,0,0,True,6.0|42,394
14|394|14|394|sample|7|42|7|42|6.0,0,0,-7.97978e-09,-0.258306,0.0381148,0,0,0,0,-1.59872e-14,-0.217413,-1.21814,0,0,True,6.0|42,394
14|394|14|394|sample|8|42|8|42|6.0,0,0,3.5484e-09,-0.252814,-0.0680488,0,0,0,0,1.77636e-15,-0.226477,-0.876266,0,0,True,6.0|42,394
14|394|14|394|sample|10|42|10|42|6.0,0,0,8.11465e-09,-0.623823,-2.80828,0,0,0,0,-2.13163e-14,-0.39506,-5.01868,0,0,True,6.0|42,394
14|394|14|394|sample|9|42|9|42|6.0,0,0,-8.17877e-09,-0.442882,-4.11241,0,0,0,0,8.88178e-15,-0.406301,-4.70377,0,0,True,6.0|42,394
14|394|14|394|sample|12|42|12|42|6.0,0,0,-2.82153e-09,-0.327054,-0.093647,0,0,0,0,2.13163e-14,-0.322655,-1.77248,0,0,True,6.0|42,394
14|394|14|394|sample|11|42|11|42|6.0,0,0,3.36347e-09,-0.299135,-2.08106,0,0,0,0,-8.88178e-16,-0.320738,-2.66901,0,0,True,6.0|42,394
14|394|14|394|sample|3|42|3|42|63.0,0,0,6.63201e-09,-0.480109,-5.83697,0,0,0,0,-3.01981e-14,-0.446869,-5.89555,0,0,True,63.0|42,394
14|394|14|394|sample|4|42|4|42|63.0,0,0,4.18997e-09,-0.565055,-4.21893,0,0,0,0,1.59872e-14,-0.439789,-5.55924,0,0,True,63.0|42,394
14|394|14|394|cc|1|1|42|1|42|69.0,0,0,-1.0894e-09,0.114879,-0.337826,0,0,0,0,-1.06581e-14,3.59495e-07,-1.38468e-07,0,0,False,69.0|42,394
14|394|14|394|cc|2|1|42|1|42|69.0,0,0,1.38473e-08,0.114269,-0.0449292,0,0,0,0,7.10543e-15,8.66751e-08,6.10577e-07,0,0,False,69.0|42,394
14|394|14|394|cc|3|1|42|1|42|69.0,0,0,-8.3411e-09,0.146955,0.35557,0,0,0,0,3.55271e-15,1.35381e-08,-2.37298e-07,0,0,False,69.0|42,394
14|394|14|394|cc|4|1|42|1|42|69.0,0,0,-2.08282e-10,0.0186119,-0.510417,0,0,0,0,0,2.2916e-07,-9.21122e-08,0,0,False,69.0|42,394
14|394|14|394|cc|5|1|42|1|42|69.0,0,0,-8.97491e-10,0.00320669,-0.187595,0,0,0,0,0,5.39573e-08,-2.99777e-07,0,0,False,69.0|42,394
14|394|14|394|cc|6|1|42|1|42|69.0,0,0,1.78147e-09,-0.109812,0.23416,0,0,0,0,-3.55271e-15,-1.05082e-07,-2.56796e-07,0,0,False,69.0|42,394
14|394|14|394|cc|7|1|42|1|42|69.0,0,0,2.64783e-09,-0.125668,0.061933,0,0,0,0,-1.06581e-14,-5.13274e-07,-6.44524e-08,0,0,False,69.0|42,394
14|394|14|394|cc|8|1|42|1|42|69.0,0,0,-6.16559e-09,0.129603,0.0199503,0,0,0,0,7.10543e-15,-2.29745e-08,8.70747e-08,0,0,False,69.0|42,394
14|394|14|394|vc|1|2|42|2|42|69.0,0,0,-3.48593e-09,0.192475,-0.308273,0,0,0,0,-1.06581e-14,-3.65911e-08,-2.22897e-07,0,0,False,69.0|42,394
14|394|14|394|vc|2|2|42|2|42|69.0,0,0,-8.07942e-09,0.190334,-0.213383,0,0,0,0,-1.77636e-14,-1.55058e-07,4.89665e-07,0,0,False,69.0|42,394
14|394|14|394|vc|3|2|42|2|42|69.0,0,0,-4.9998e-09,-0.023204,0.0988011,0,0,0,0,3.55271e-15,-4.22342e-08,2.55083e-07,0,0,False,69.0|42,394
14|394|14|394|vc|4|2|42|2|42|69.0,0,0,7.06283e-09,0.24541,0.323271,0,0,0,0,-1.06581e-14,-1.76036e-08,3.67441e-07,0,0,False,69.0|42,394
14|394|14|394|vc|5|2|42|2|42|69.0,0,0,-1.73284e-09,0.289967,0.234778,0,0,0,0,0,3.41388e-07,-6.77892e-07,0,0,False,69.0|42,394
14|394|14|394|vc|6|2|42|2|42|69.0,0,0,2.61075e-09,0.20157,-0.36071,0,0,0,0,-7.10543e-15,-1.03551e-07,-6.82489e-07,0,0,False,69.0|42,394
14|394|14|394|vc|7|2|42|2|42|69.0,0,0,9.73162e-09,0.234158,-0.388127,0,0,0,0,-8.88178e-15,3.42589e-07,-2.31984e-08,0,0,False,69.0|42,394
14|394|14|394|vc|8|2|42|2|42|69.0,0,0,-5.18902e-09,0.154152,-0.308235,0,0,0,0,-7.10543e-15,2.6136e-07,-1.19586e-07,0,0,False,69.0|42,394
14|1099|14|1099|sample|3|73|3|73|6.0,0,0,-8.90785e-09,-0.621063,-2.45919,0,0,0,0,-1.15463e-14,-1.14637,-7.64111,0,0,True,6.0|73,1099
14|1099|14|1099|sample|4|73|4|73|6.0,0,0,-9.80536e-09,0.805408,3.02917,0,0,0,0,2.13163e-14,1.78586,6.67912,0,0,True,6.0|73,1099
14|1099|14|1099|sample|5|73|5|73|6.0,0,0,1.27012e-08,1.83163,6.48596,0,0,0,0,-2.04281e-14,1.77574,6.66737,0,0,True,6.0|73,1099
14|1099|14|1099|sample|6|73|6|73|6.0,0,0,-4.72386e-09,2.37564,7.18381,0,0,0,0,-3.64153e-14,1.76671,6.64615,0,0,True,6.0|73,1099
14|1099|14|1099|sample|8|73|8|73|6.0,0,0,1.00212e-08,1.45165,4.54185,0,0,0,0,7.10543e-15,1.67432,6.5623,0,0,True,6.0|73,1099
14|1099|14|1099|sample|7|73|7|73|6.0,0,0,1.94757e-08,1.24593,4.03008,0,0,0,0,-5.32907e-15,1.69466,6.55468,0,0,True,6.0|73,1099
14|1099|14|1099|sample|9|73|9|73|6.0,0,0,1.45298e-08,-0.743853,-3.11805,0,0,0,0,1.59872e-14,-1.40025,-7.8174,0,0,True,6.0|73,1099
14|1099|14|1099|sample|10|73|10|73|6.0,0,0,-1.14649e-08,0.512562,1.57927,0,0,0,0,3.55271e-15,1.78156,6.67348,0,0,True,6.0|73,1099
14|1099|14|1099|sample|11|73|11|73|6.0,0,0,9.81893e-09,-1.28117,-6.60342,0,0,0,0,2.30926e-14,-0.886491,-7.57267,0,0,True,6.0|73,1099
14|1099|14|1099|sample|12|73|12|73|6.0,0,0,-1.9385e-08,-1.20434,-6.53211,0,0,0,0,1.5099e-14,-0.530248,-6.89197,0,0,True,6.0|73,1099
14|1099|14|1099|cc|1|1|73|1|73|69.0,0,0,1.09026e-09,0.139375,0.0349826,0,0,0,0,-1.06581e-14,-8.94375e-08,-1.65999e-07,0,0,False,69.0|73,1099
14|1099|14|1099|cc|2|1|73|1|73|69.0,0,0,4.43275e-09,0.0535155,0.0977112,0,0,0,0,0,-1.28489e-07,-2.6328e-07,0,0,False,69.0|73,1099
14|1099|14|1099|cc|3|1|73|1|73|69.0,0,0,1.77015e-09,0.134255,-0.414438,0,0,0,0,1.77636e-15,-2.78859e-08,-3.23489e-07,0,0,False,69.0|73,1099
14|1099|14|1099|cc|4|1|73|1|73|69.0,0,0,-5.92802e-09,0.00206497,0.183414,0,0,0,0,3.55271e-15,2.20217e-07,1.20451e-07,0,0,False,69.0|73,1099
14|1099|14|1099|cc|5|1|73|1|73|69.0,0,0,4.38593e-09,0.0861831,-0.180759,0,0,0,0,-3.55271e-15,1.81782e-07,-1.65281e-08,0,0,False,69.0|73,1099
14|1099|14|1099|cc|6|1|73|1|73|69.0,0,0,1.16769e-08,0.148643,-0.189864,0,0,0,0,0,7.513e-08,2.74575e-07,0,0,False,69.0|73,1099
14|1099|14|1099|cc|7|1|73|1|73|69.0,0,0,7.51e-09,-0.0140219,0.144989,0,0,0,0,-3.55271e-15,-2.03948e-07,3.17912e-07,0,0,False,69.0|73,1099
14|1099|14|1099|cc|8|1|73|1|73|69.0,0,0,1.39452e-08,0.227112,-0.111723,0,0,0,0,1.06581e-14,2.14717e-07,-4.62813e-07,0,0,False,69.0|73,1099
14|1099|14|1099|vc|1|2|73|2|73|69.0,0,0,1.53375e-11,-0.11276,-0.173197,0,0,0,0,3.55271e-15,-6.15945e-08,-3.19205e-07,0,0,False,69.0|73,1099
14|1099|14|1099|vc|2|2|73|2|73|69.0,0,0,-2.28203e-09,-0.181932,-0.283862,0,0,0,0,1.42109e-14,-2.69822e-08,3.18805e-07,0,0,False,69.0|73,1099
14|1099|14|1099|vc|3|2|73|2|73|69.0,0,0,-4.84134e-10,0.0614263,-0.329045,0,0,0,0,3.55271e-15,-2.72463e-09,-1.3011e-07,0,0,False,69.0|73,1099
14|1099|14|1099|vc|4|2|73|2|73|69.0,0,0,4.01977e-09,-0.0517066,0.0718568,0,0,0,0,-1.77636e-15,2.61392e-07,-3.9695e-08,0,0,False,69.0|73,1099
14|1099|14|1099|vc|5|2|73|2|73|69.0,0,0,-7.7673e-09,0.0864339,0.231575,0,0,0,0,-1.06581e-14,-1.6407e-08,5.53185e-07,0,0,False,69.0|73,1099
14|1099|14|1099|vc|6|2|73|2|73|69.0,0,0,9.48863e-09,-0.0506758,-0.235032,0,0,0,0,-8.88178e-15,-1.25707e-08,-1.08037e-07,0,0,False,69.0|73,1099
14|1099|14|1099|vc|7|2|73|2|73|69.0,0,0,-6.18654e-09,-0.0939253,-0.30291,0,0,0,0,1.06581e-14,2.06771e-07,8.13974e-07,0,0,False,69.0|73,1099
14|1099|14|1099|vc|8|2|73|2|73|69.0,0,0,-2.23888e-09,0.0934373,0.308344,0,0,0,0,1.77636e-15,-6.3581e-08,1.92094e-07,0,0,False,69.0|73,1099
14|611|14|611|sample|4|73|4|73|6.0,0,0,3.93955e-09,0.0994209,3.84512,0,0,0,0,-7.10543e-15,0.189601,5.22452,0,0,True,6.0|73,611
14|611|14|611|sample|3|73|3|73|6.0,0,0,-9.21484e-09,-0.109296,-1.93154,0,0,0,0,-1.68754e-14,-0.237656,-6.26348,0,0,True,6.0|73,611
14|611|14|611|sample|5|73|5|73|6.0,0,0,-5.23408e-09,-0.254618,-5.34478,0,0,0,0,2.4869e-14,-0.284392,-6.56547,0,0,True,6.0|73,611
14|611|14|611|sample|6|73|6|73|6.0,0,0,7.88734e-09,-0.15438,-4.88828,0,0,0,0,-1.42109e-14,-0.273198,-6.46494,0,0,True,6.0|73,611
14|611|14|611|sample|7|73|7|73|6.0,0,0,2.68373e-09,-0.0132243,-0.25329,0,0,0,0,1.77636e-15,0.185332,5.01962,0,0,True,6.0|73,611
14|611|14|611|sample|8|73|8|73|6.0,0,0,1.98662e-08,-0.0618807,-1.13956,0,0,0,0,3.55271e-15,-0.224243,-6.07626,0,0,True,6.0|73,611
14|611|14|611|sample|9|73|9|73|6.0,0,0,-8.60006e-09,-0.349117,-7.66522,0,0,0,0,-2.13163e-14,-0.386148,-7.03449,0,0,True,6.0|73,611
14|611|14|611|sample|10|73|10|73|6.0,0,0,2.69376e-08,-0.556712,-4.09468,0,0,0,0,-2.39808e-14,-0.364258,-7.01688,0,0,True,6.0|73,611
14|611|14|611|sample|12|73|12|73|6.0,0,0,-8.64401e-09,-0.0778845,-0.192419,0,0,0,0,0,0.145954,4.02809,0,0,True,6.0|73,611
14|611|14|611|sample|11|73|11|73|6.0,0,0,-5.18429e-09,-0.116767,-2.64118,0,0,0,0,-5.32907e-15,-0.235121,-6.06574,0,0,True,6.0|73,611
14|611|14|611|cc|1|1|73|1|73|69.0,0,0,-6.53612e-09,-0.0563739,0.346297,0,0,0,0,-1.77636e-15,-3.2297e-07,-4.09376e-08,0,0,False,69.0|73,611
14|611|14|611|cc|2|1|73|1|73|69.0,0,0,2.11912e-09,-0.153542,0.308993,0,0,0,0,5.32907e-15,3.26245e-07,2.44334e-07,0,0,False,69.0|73,611
14|611|14|611|cc|3|1|73|1|73|69.0,0,0,-1.58347e-08,-0.317121,-0.469189,0,0,0,0,5.32907e-15,-1.71054e-07,-2.5875e-07,0,0,False,69.0|73,611
14|611|14|611|cc|4|1|73|1|73|69.0,0,0,1.5454e-09,0.218498,0.821534,0,0,0,0,-1.77636e-15,1.99059e-07,1.62119e-07,0,0,False,69.0|73,611
14|611|14|611|cc|5|1|73|1|73|69.0,0,0,-6.68172e-10,-0.447177,-0.661587,0,0,0,0,3.55271e-15,2.64829e-07,-4.38179e-08,0,0,False,69.0|73,611
14|611|14|611|cc|6|1|73|1|73|69.0,0,0,-1.42248e-08,-0.178035,-0.0937719,0,0,0,0,3.55271e-15,8.01514e-08,-1.66445e-07,0,0,False,69.0|73,611
14|611|14|611|cc|7|1|73|1|73|69.0,0,0,9.44738e-09,-0.155425,-0.178203,0,0,0,0,-3.55271e-15,-3.11897e-07,2.45124e-08,0,0,False,69.0|73,611
14|611|14|611|cc|8|1|73|1|73|69.0,0,0,-4.86185e-09,0.215732,0.207229,0,0,0,0,5.32907e-15,-1.63639e-07,-2.50591e-07,0,0,False,69.0|73,611
14|611|14|611|vc|1|2|73|2|73|69.0,0,0,-1.12434e-08,-0.105626,0.0982103,0,0,0,0,7.10543e-15,-1.03947e-08,-3.43039e-07,0,0,False,69.0|73,611
14|611|14|611|vc|2|2|73|2|73|69.0,0,0,-4.40721e-09,0.161033,0.160571,0,0,0,0,-3.55271e-15,-8.72745e-08,-2.49035e-07,0,0,False,69.0|73,611
14|611|14|611|vc|3|2|73|2|73|69.0,0,0,-3.01631e-09,-0.129854,0.216712,0,0,0,0,7.10543e-15,1.66929e-07,5.37483e-07,0,0,False,69.0|73,611
14|611|14|611|vc|4|2|73|2|73|69.0,0,0,4.87302e-09,0.168735,-0.00382951,0,0,0,0,1.06581e-14,-2.47601e-07,1.1334e-06,0,0,False,69.0|73,611
14|611|14|611|vc|5|2|73|2|73|69.0,0,0,5.5174e-09,-0.024947,0.768665,0,0,0,0,-1.06581e-14,1.95095e-08,-2.33451e-07,0,0,False,69.0|73,611
14|611|14|611|vc|6|2|73|2|73|69.0,0,0,-1.47772e-08,-0.123727,-0.275562,0,0,0,0,-1.77636e-15,2.95394e-07,1.50489e-07,0,0,False,69.0|73,611
14|611|14|611|vc|7|2|73|2|73|69.0,0,0,-9.66e-09,0.0820014,-0.199842,0,0,0,0,-5.32907e-15,2.01732e-07,-2.41175e-07,0,0,False,69.0|73,611
14|611|14|611|vc|8|2|73|2|73|69.0,0,0,7.60724e-09,-0.206428,-0.238728,0,0,0,0,1.77636e-15,1.16447e-07,-1.31659e-07,0,0,False,69.0|73,611
8|84|8|84|sample|5|162|5|162|55.0,0,0,-1.00761e-08,-0.812407,1.03159,0,0,0,0,4.61853e-14,-0.623554,0.00553716,0,0,True,55.0|162,84
8|84|8|84|sample|6|162|6|162|55.0,0,0,-2.35765e-08,-0.830213,1.54019,0,0,0,0,1.86517e-14,-0.674279,0.246786,0,0,True,55.0|162,84
8|84|8|84|sample|4|162|4|162|55.0,0,0,7.9689e-09,-1.2024,2.55847,0,0,0,0,1.5099e-14,-0.79754,0.221505,0,0,True,55.0|162,84
8|84|8|84|sample|3|162|3|162|55.0,0,0,5.63474e-09,-1.49718,2.5253,0,0,0,0,8.88178e-15,-0.823285,0.39602,0,0,True,55.0|162,84
8|84|8|84|sample|9|162|9|162|32.0,0,0,1.24635e-08,-1.44081,-1.17546,0,0,0,0,-2.30926e-14,-1.44508,-0.999113,0,0,True,32.0|162,84
8|84|8|84|sample|10|162|10|162|32.0,0,0,4.32582e-09,-1.57407,-0.664412,0,0,0,0,2.66454e-14,-1.3704,-1.04195,0,0,True,32.0|162,84
8|84|8|84|sample|7|162|7|162|32.0,0,0,3.64522e-09,-1.25293,-0.142173,0,0,0,0,-1.95399e-14,-1.35827,-0.839333,0,0,True,32.0|162,84
8|84|8|84|sample|8|162|8|162|32.0,0,0,8.274e-09,-1.54267,-0.309241,0,0,0,0,6.21725e-14,-1.28551,-0.950055,0,0,True,32.0|162,84
8|84|8|84|sample|12|162|12|162|22.0,0,0,-1.5205e-09,-1.79208,-0.218754,0,0,0,0,-3.01981e-14,-1.51114,-0.601053,0,0,True,22.0|162,84
8|84|8|84|sample|11|162|11|162|22.0,0,0,-1.71966e-08,-1.71527,-0.369248,0,0,0,0,5.32907e-14,-1.44484,-0.589681,0,0,True,22.0|162,84
8|84|8|84|cc|1|1|162|1|162|69.0,0,0,-9.38194e-09,0.0822534,0.055538,0,0,0,0,-5.32907e-15,-1.09194e-07,-2.21053e-09,0,0,False,69.0|162,84
8|84|8|84|cc|2|1|162|1|162|69.0,0,0,3.64463e-09,0.0496028,-0.2151,0,0,0,0,8.88178e-16,-6.30878e-07,9.68955e-07,0,0,False,69.0|162,84
8|84|8|84|cc|3|1|162|1|162|69.0,0,0,3.17541e-09,-0.0946356,0.0955656,0,0,0,0,5.32907e-15,2.88543e-07,7.65207e-09,0,0,False,69.0|162,84
8|84|8|84|cc|4|1|162|1|162|69.0,0,0,1.33854e-09,-0.0188929,0.164328,0,0,0,0,7.10543e-15,2.69624e-08,9.84501e-08,0,0,False,69.0|162,84
8|84|8|84|cc|5|1|162|1|162|69.0,0,0,9.10973e-09,-0.274904,-0.13825,0,0,0,0,0,-2.0955e-07,-2.35877e-07,0,0,False,69.0|162,84
8|84|8|84|cc|6|1|162|1|162|69.0,0,0,-2.80978e-09,0.0891785,-0.0180501,0,0,0,0,-5.32907e-15,-3.16122e-07,6.14536e-08,0,0,False,69.0|162,84
8|84|8|84|cc|7|1|162|1|162|69.0,0,0,-1.01758e-08,0.0639787,0.576305,0,0,0,0,-3.55271e-15,-3.4457e-07,-2.13361e-07,0,0,False,69.0|162,84
8|84|8|84|cc|8|1|162|1|162|69.0,0,0,-3.47617e-09,0.0417396,-0.00735348,0,0,0,0,1.77636e-15,1.47952e-07,-3.37349e-07,0,0,False,69.0|162,84
8|84|8|84|vc|1|2|162|2|162|69.0,0,0,7.35683e-10,0.079139,0.141889,0,0,0,0,1.42109e-14,-1.246e-07,-4.46062e-08,0,0,False,69.0|162,84
8|84|8|84|vc|2|2|162|2|162|69.0,0,0,7.40743e-09,0.18307,0.243108,0,0,0,0,-3.55271e-15,4.71358e-07,-4.06433e-07,0,0,False,69.0|162,84
8|84|8|84|vc|3|2|162|2|162|69.0,0,0,-1.29322e-08,-0.108593,-0.148214,0,0,0,0,5.32907e-15,1.07538e-07,-8.49867e-08,0,0,False,69.0|162,84
8|84|8|84|vc|4|2|162|2|162|69.0,0,0,-6.59554e-09,-0.00395577,-0.200273,0,0,0,0,4.44089e-15,-3.33352e-07,2.40225e-07,0,0,False,69.0|162,84
8|84|8|84|vc|5|2|162|2|162|69.0,0,0,-1.12216e-08,0.107258,-0.590983,0,0,0,0,8.88178e-15,-1.45664e-07,4.37735e-07,0,0,False,69.0|162,84
8|84|8|84|vc|6|2|162|2|162|69.0,0,0,9.4867e-09,0.217526,-0.0539863,0,0,0,0,3.55271e-15,6.17622e-07,-2.21081e-07,0,0,False,69.0|162,84
8|84|8|84|vc|7|2|162|2|162|69.0,0,0,7.22744e-10,0.205268,0.182486,0,0,0,0,-3.55271e-15,-2.50808e-07,-9.37303e-08,0,0,False,69.0|162,84
8|84|8|84|vc|8|2|162|2|162|69.0,0,0,5.34416e-09,-0.225728,0.383989,0,0,0,0,5.32907e-15,1.67891e-08,2.52547e-07,0,0,False,69.0|162,84
8|1042|8|1042|sample|8|162|8|162|65.0,0,0,2.1395e-08,-2.10465,0.118715,0,0,0,0,-5.32907e-15,-1.47175,-0.640884,0,0,True,65.0|162,1042
8|1042|8|1042|sample|7|162|7|162|65.0,0,0,1.09787e-08,-2.11838,0.170954,0,0,0,0,-1.95399e-14,-1.67928,-0.569575,0,0,True,65.0|162,1042
8|1042|8|1042|sample|6|162|6|162|65.0,0,0,-1.28815e-08,-1.4429,-0.380855,0,0,0,0,-1.24345e-14,-1.4022,-0.576033,0,0,True,65.0|162,1042
8|1042|8|1042|sample|5|162|5|162|65.0,0,0,6.16995e-09,-1.47492,-0.690771,0,0,0,0,-8.88178e-15,-1.42466,-0.616968,0,0,True,65.0|162,1042
8|1042|8|1042|sample|12|162|12|162|28.0,0,0,1.79599e-08,-1.68239,-0.536203,0,0,0,0,-1.06581e-14,-1.50596,-0.960572,0,0,True,28.0|162,1042
8|1042|8|1042|sample|7|162|7|162|28.0,0,0,6.66174e-09,-1.06183,-1.45855,0,0,0,0,7.10543e-15,-1.21962,-1.48993,0,0,True,28.0|162,1042
8|1042|8|1042|sample|11|162|11|162|28.0,0,0,-8.89676e-09,-1.6668,-0.731643,0,0,0,0,2.66454e-14,-1.52739,-0.913932,0,0,True,28.0|162,1042
8|1042|8|1042|sample|9|162|9|162|28.0,0,0,-9.64096e-09,-1.83435,-0.291371,0,0,0,0,2.66454e-14,-1.45124,-0.749453,0,0,True,28.0|162,1042
8|1042|8|1042|sample|10|162|10|162|28.0,0,0,3.74474e-09,-1.71491,-0.517861,0,0,0,0,4.08562e-14,-1.44054,-0.85059,0,0,True,28.0|162,1042
8|1042|8|1042|sample|4|162|4|162|22.0,0,0,1.09924e-08,-1.64079,-0.264346,0,0,0,0,-3.01981e-14,-1.47692,-0.479644,0,0,True,22.0|162,1042
8|1042|8|1042|sample|3|162|3|162|22.0,0,0,7.58105e-09,-1.76402,-0.217313,0,0,0,0,-3.9968e-14,-1.42427,-0.55827,0,0,True,22.0|162,1042
8|1042|8|1042|sample|12|162|12|162|65.0,0,0,-8.44223e-09,-1.61392,-1.29552,0,0,0,0,-8.88178e-15,-1.1507,-1.32685,0,0,True,65.0|162,1042
8|1042|8|1042|cc|1|1|162|1|162|69.0,0,0,-1.4388e-08,-0.0302428,-0.517111,0,0,0,0,-3.55271e-15,-1.89812e-07,-4.10658e-07,0,0,False,69.0|162,1042
8|1042|8|1042|cc|2|1|162|1|162|69.0,0,0,-4.70665e-09,-0.262632,0.0562096,0,0,0,0,-7.10543e-15,-1.83582e-07,2.77029e-07,0,0,False,69.0|162,1042
8|1042|8|1042|cc|3|1|162|1|162|69.0,0,0,-2.20862e-09,-0.00855368,0.214659,0,0,0,0,-8.88178e-15,-3.81018e-07,4.05893e-07,0,0,False,69.0|162,1042
8|1042|8|1042|cc|4|1|162|1|162|69.0,0,0,-4.24295e-09,-0.0307339,-0.141784,0,0,0,0,1.77636e-15,8.04359e-08,4.57611e-07,0,0,False,69.0|162,1042
8|1042|8|1042|cc|5|1|162|1|162|69.0,0,0,8.54747e-09,-0.0920736,-0.294192,0,0,0,0,8.88178e-16,3.1786e-07,1.47071e-07,0,0,False,69.0|162,1042
8|1042|8|1042|cc|6|1|162|1|162|69.0,0,0,2.76654e-09,-0.156882,0.448594,0,0,0,0,8.88178e-16,1.33943e-07,2.04504e-07,0,0,False,69.0|162,1042
8|1042|8|1042|cc|7|1|162|1|162|69.0,0,0,8.49951e-10,-0.139418,-0.45083,0,0,0,0,-8.88178e-16,1.63758e-07,-2.16468e-07,0,0,False,69.0|162,1042
8|1042|8|1042|cc|8|1|162|1|162|69.0,0,0,-8.25704e-09,0.0727286,0.265331,0,0,0,0,-3.55271e-15,-2.48503e-08,3.12113e-07,0,0,False,69.0|162,1042
8|1042|8|1042|vc|1|2|162|2|162|69.0,0,0,6.87481e-09,0.0273736,0.206514,0,0,0,0,1.15463e-14,-1.11327e-07,2.13061e-07,0,0,False,69.0|162,1042
8|1042|8|1042|vc|2|2|162|2|162|69.0,0,0,3.05609e-09,-0.0512515,-0.105619,0,0,0,0,3.55271e-15,4.56022e-07,6.38839e-07,0,0,False,69.0|162,1042
8|1042|8|1042|vc|3|2|162|2|162|69.0,0,0,-2.24309e-09,-0.112631,0.367658,0,0,0,0,-3.55271e-15,-1.03484e-07,-1.0398e-06,0,0,False,69.0|162,1042
8|1042|8|1042|vc|4|2|162|2|162|69.0,0,0,-1.72769e-08,0.271522,-0.610212,0,0,0,0,1.77636e-15,-1.96422e-07,3.00377e-07,0,0,False,69.0|162,1042
8|1042|8|1042|vc|5|2|162|2|162|69.0,0,0,2.70392e-09,0.0477573,-0.0272462,0,0,0,0,-1.24345e-14,-4.79065e-07,5.1823e-07,0,0,False,69.0|162,1042
8|1042|8|1042|vc|6|2|162|2|162|69.0,0,0,1.36677e-08,0.197411,0.175865,0,0,0,0,0,8.08959e-08,-8.08053e-08,0,0,False,69.0|162,1042
8|1042|8|1042|vc|7|2|162|2|162|69.0,0,0,4.6695e-09,-0.34881,0.368439,0,0,0,0,0,6.01138e-07,-3.98023e-07,0,0,False,69.0|162,1042
8|1042|8|1042|vc|8|2|162|2|162|69.0,0,0,8.45776e-09,-0.288884,-0.32373,0,0,0,0,-1.06581e-14,1.34835e-07,-1.44383e-07,0,0,False,69.0|162,1042
8|719|8|719|sample|5|274|5|274|55.0,0,0,3.12586e-09,-1.4372,0.747023,0,0,0,0,5.86198e-14,-1.33721,0.222983,0,0,True,55.0|274,719
8|719|8|719|sample|6|274|6|274|55.0,0,0,-2.95585e-09,-1.88323,0.563785,0,0,0,0,4.61853e-14,-1.45718,0.182899,0,0,True,55.0|274,719
8|719|8|719|sample|3|274|3|274|55.0,0,0,-1.17595e-08,-1.37784,2.20742,0,0,0,0,2.30926e-14,-1.13453,0.376116,0,0,True,55.0|274,719
8|719|8|719|sample|4|274|4|274|55.0,0,0,-9.85032e-10,-1.44285,2.40096,0,0,0,0,3.90799e-14,-1.09178,0.370208,0,0,True,55.0|274,719
8|719|8|719|sample|10|274|10|274|32.0,0,0,-5.21667e-09,-1.8988,-1.22953,0,0,0,0,3.01981e-14,-1.62013,-1.69492,0,0,True,32.0|274,719
8|719|8|719|sample|9|274|9|274|32.0,0,0,1.35901e-08,-2.13688,-1.33033,0,0,0,0,6.57252e-14,-1.60193,-1.73326,0,0,True,32.0|274,719
8|719|8|719|sample|8|274|8|274|32.0,0,0,-7.54765e-09,-1.97089,-1.29107,0,0,0,0,4.08562e-14,-1.5035,-1.75629,0,0,True,32.0|274,719
8|719|8|719|sample|7|274|7|274|32.0,0,0,5.34542e-09,-1.66161,-1.42941,0,0,0,0,-3.73035e-14,-1.51172,-1.73545,0,0,True,32.0|274,719
8|719|8|719|sample|12|274|12|274|22.0,0,0,4.33129e-09,-2.07915,-1.24738,0,0,0,0,-2.66454e-14,-1.90448,-1.75777,0,0,True,22.0|274,719
8|719|8|719|sample|11|274|11|274|22.0,0,0,8.21567e-10,-1.89913,-1.70057,0,0,0,0,2.30926e-14,-1.69955,-1.89821,0,0,True,22.0|274,719
8|719|8|719|cc|1|1|274|1|274|69.0,0,0,1.64021e-10,-0.176541,-0.241514,0,0,0,0,1.42109e-14,1.91337e-07,-2.06874e-07,0,0,False,69.0|274,719
8|719|8|719|cc|2|1|274|1|274|69.0,0,0,5.21349e-10,-0.122374,0.0818314,0,0,0,0,-8.88178e-15,-1.5999e-08,2.09018e-09,0,0,False,69.0|274,719
8|719|8|719|cc|3|1|274|1|274|69.0,0,0,-8.95673e-10,0.0356496,0.214066,0,0,0,0,7.10543e-15,-1.82244e-07,4.19956e-07,0,0,False,69.0|274,719
8|719|8|719|cc|4|1|274|1|274|69.0,0,0,-3.08795e-09,0.0307946,-0.610271,0,0,0,0,1.42109e-14,-2.66467e-07,1.4925e-07,0,0,False,69.0|274,719
8|719|8|719|cc|5|1|274|1|274|69.0,0,0,5.40653e-09,-0.0483025,0.353027,0,0,0,0,-2.66454e-15,-4.49672e-08,-6.22556e-07,0,0,False,69.0|274,719
8|719|8|719|cc|6|1|274|1|274|69.0,0,0,-1.66763e-09,0.000851095,-0.133984,0,0,0,0,5.32907e-15,3.65335e-07,3.73581e-07,0,0,False,69.0|274,719
8|719|8|719|cc|7|1|274|1|274|69.0,0,0,-2.20166e-09,0.0901374,0.117261,0,0,0,0,1.42109e-14,1.15894e-07,1.32098e-06,0,0,False,69.0|274,719
8|719|8|719|cc|8|1|274|1|274|69.0,0,0,4.91236e-09,0.0146706,0.405517,0,0,0,0,-1.77636e-15,1.76776e-07,-7.50051e-08,0,0,False,69.0|274,719
8|719|8|719|vc|1|2|274|2|274|69.0,0,0,3.81009e-09,0.148781,-0.142117,0,0,0,0,-1.77636e-15,-5.70061e-08,-3.55452e-07,0,0,False,69.0|274,719
8|719|8|719|vc|2|2|274|2|274|69.0,0,0,-5.15692e-09,0.027861,-0.0534047,0,0,0,0,-7.10543e-15,5.86455e-08,4.33071e-08,0,0,False,69.0|274,719
8|719|8|719|vc|3|2|274|2|274|69.0,0,0,-1.03249e-08,0.216591,-0.148747,0,0,0,0,7.10543e-15,-1.17953e-07,1.61195e-07,0,0,False,69.0|274,719
8|719|8|719|vc|4|2|274|2|274|69.0,0,0,3.95716e-09,-0.0440843,0.020875,0,0,0,0,8.88178e-15,-1.97998e-07,1.71188e-07,0,0,False,69.0|274,719
8|719|8|719|vc|5|2|274|2|274|69.0,0,0,-1.2793e-08,0.162277,0.20724,0,0,0,0,3.55271e-15,3.38449e-07,5.20343e-08,0,0,False,69.0|274,719
8|719|8|719|vc|6|2|274|2|274|69.0,0,0,-3.40339e-09,0.0237762,-0.578429,0,0,0,0,-2.13163e-14,-4.46227e-07,5.30842e-07,0,0,False,69.0|274,719
8|719|8|719|vc|7|2|274|2|274|69.0,0,0,3.94388e-09,-0.187901,0.269866,0,0,0,0,1.24345e-14,-1.79752e-07,-6.91252e-07,0,0,False,69.0|274,719
8|719|8|719|vc|8|2|274|2|274|69.0,0,0,7.36179e-09,-0.0723252,-0.484718,0,0,0,0,-3.55271e-15,1.58973e-07,-4.74609e-08,0,0,False,69.0|274,719
8|863|8|863|sample|7|274|7|274|65.0,0,0,-8.80556e-09,-2.02579,-1.15644,0,0,0,0,-4.79616e-14,-1.57769,-1.6821,0,0,True,65.0|274,863
8|863|8|863|sample|8|274|8|274|65.0,0,0,2.42237e-08,-1.72132,-1.52909,0,0,0,0,-8.88178e-15,-1.52534,-1.73785,0,0,True,65.0|274,863
8|863|8|863|sample|6|274|6|274|65.0,0,0,4.5735e-09,-1.96871,-1.39599,0,0,0,0,2.66454e-14,-1.56464,-1.87226,0,0,True,65.0|274,863
8|863|8|863|sample|5|274|5|274|65.0,0,0,-1.11102e-08,-1.74637,-1.43631,0,0,0,0,1.77636e-15,-1.57581,-1.84784,0,0,True,65.0|274,863
8|863|8|863|sample|11|274|11|274|28.0,0,0,2.72739e-08,-1.95553,-1.60879,0,0,0,0,4.08562e-14,-1.65977,-2.03884,0,0,True,28.0|274,863
8|863|8|863|sample|12|274|12|274|28.0,0,0,-2.13331e-08,-2.34846,-1.14656,0,0,0,0,5.32907e-15,-1.66972,-1.78159,0,0,True,28.0|274,863
8|863|8|863|sample|9|274|9|274|28.0,0,0,3.1324e-10,-1.88371,-1.61143,0,0,0,0,-7.10543e-15,-1.66844,-1.95794,0,0,True,28.0|274,863
8|863|8|863|sample|10|274|10|274|28.0,0,0,4.79621e-09,-1.73707,-1.43677,0,0,0,0,-4.08562e-14,-1.50847,-2.00811,0,0,True,28.0|274,863
8|863|8|863|sample|5|274|5|274|28.0,0,0,-8.34674e-10,-0.90289,-1.36261,0,0,0,0,-1.77636e-15,-1.39881,-2.18162,0,0,True,28.0|274,863
8|863|8|863|sample|3|274|3|274|22.0,0,0,-5.20727e-09,-2.15013,-1.56636,0,0,0,0,-1.59872e-14,-1.61009,-2.06929,0,0,True,22.0|274,863
8|863|8|863|sample|4|274|4|274|22.0,0,0,-2.32545e-08,-1.96936,-1.56952,0,0,0,0,5.32907e-15,-1.66096,-1.8982,0,0,True,22.0|274,863
8|863|8|863|sample|10|274|10|274|65.0,0,0,-6.72706e-10,-1.08743,-1.39368,0,0,0,0,-8.88178e-15,-1.32612,-2.04351,0,0,True,65.0|274,863
8|863|8|863|cc|1|1|274|1|274|69.0,0,0,-1.32366e-10,-0.123859,0.455718,0,0,0,0,-1.06581e-14,3.34568e-08,5.66614e-09,0,0,False,69.0|274,863
8|863|8|863|cc|2|1|274|1|274|69.0,0,0,2.3548e-09,-0.102329,0.17703,0,0,0,0,-1.24345e-14,7.24844e-08,-1.02277e-07,0,0,False,69.0|274,863
8|863|8|863|cc|3|1|274|1|274|69.0,0,0,8.57294e-09,0.0978638,0.0943033,0,0,0,0,7.10543e-15,2.02209e-07,2.03935e-07,0,0,False,69.0|274,863
8|863|8|863|cc|4|1|274|1|274|69.0,0,0,-3.21183e-10,-0.191424,0.443931,0,0,0,0,6.21725e-15,-7.57414e-08,7.22355e-07,0,0,False,69.0|274,863
8|863|8|863|cc|5|1|274|1|274|69.0,0,0,-1.0315e-09,0.00838416,0.162097,0,0,0,0,-5.32907e-15,2.32069e-07,-1.20412e-07,0,0,False,69.0|274,863
8|863|8|863|cc|6|1|274|1|274|69.0,0,0,2.02147e-09,0.1687,-0.57681,0,0,0,0,6.21725e-15,-1.5066e-07,6.32366e-08,0,0,False,69.0|274,863
8|863|8|863|cc|7|1|274|1|274|69.0,0,0,1.68421e-09,0.0755118,-0.160398,0,0,0,0,0,4.52016e-08,4.79355e-07,0,0,False,69.0|274,863
8|863|8|863|cc|8|1|274|1|274|69.0,0,0,-1.81523e-08,0.0155753,-0.260328,0,0,0,0,-1.06581e-14,1.17816e-07,-1.20683e-07,0,0,False,69.0|274,863
8|863|8|863|vc|1|2|274|2|274|69.0,0,0,-9.796e-09,0.0698031,0.17621,0,0,0,0,-3.55271e-15,-3.15067e-08,2.64305e-07,0,0,False,69.0|274,863
8|863|8|863|vc|2|2|274|2|274|69.0,0,0,2.39498e-09,0.123775,-0.280503,0,0,0,0,-7.99361e-15,7.61181e-08,-7.00086e-08,0,0,False,69.0|274,863
8|863|8|863|vc|3|2|274|2|274|69.0,0,0,-5.77752e-09,0.0146422,-0.401446,0,0,0,0,-2.66454e-15,-1.61648e-07,-1.86932e-07,0,0,False,69.0|274,863
8|863|8|863|vc|4|2|274|2|274|69.0,0,0,-6.4985e-09,0.194428,-0.08202,0,0,0,0,-1.24345e-14,3.35989e-07,-3.44501e-07,0,0,False,69.0|274,863
8|863|8|863|vc|5|2|274|2|274|69.0,0,0,3.4863e-09,-0.238268,0.265399,0,0,0,0,8.88178e-16,-2.30399e-07,1.54168e-07,0,0,False,69.0|274,863
8|863|8|863|vc|6|2|274|2|274|69.0,0,0,-1.6514e-09,0.375065,0.209029,0,0,0,0,8.88178e-15,-2.29162e-07,-7.43747e-09,0,0,False,69.0|274,863
8|863|8|863|vc|7|2|274|2|274|69.0,0,0,2.2985e-09,-0.118413,0.0465162,0,0,0,0,5.32907e-15,-1.40513e-07,-3.55117e-07,0,0,False,69.0|274,863
8|863|8|863|vc|8|2|274|2|274|69.0,0,0,5.79435e-09,0.0566544,-0.186862,0,0,0,0,-5.32907e-15,5.91177e-08,1.90105e-08,0,0,False,69.0|274,863
8|488|8|488|sample|6|322|6|322|55.0,0,0,-2.02258e-08,-1.61472,1.91236,0,0,0,0,-5.32907e-14,-1.28608,1.35675,0,0,True,55.0|322,488
8|488|8|488|sample|5|322|5|322|55.0,0,0,3.17861e-09,-1.83732,2.17799,0,0,0,0,1.42109e-14,-1.32756,1.3173,0,0,True,55.0|322,488
8|488|8|488|sample|4|322|4|322|55.0,0,0,-8.9472e-09,-1.58231,3.57487,0,0,0,0,8.88178e-15,-0.915701,1.97322,0,0,True,55.0|322,488
8|488|8|488|sample|3|322|3|322|55.0,0,0,7.94921e-09,-1.83486,4.34279,0,0,0,0,-1.77636e-15,-0.91717,1.84955,0,0,True,55.0|322,488
8|488|8|488|sample|10|322|10|322|32.0,0,0,-9.23732e-09,-1.63686,-1.36456,0,0,0,0,1.59872e-14,-0.866085,-2.28206,0,0,True,32.0|322,488
8|488|8|488|sample|9|322|9|322|32.0,0,0,-5.25137e-09,-1.40938,-1.17979,0,0,0,0,3.01981e-14,-0.871598,-2.02526,0,0,True,32.0|322,488
8|488|8|488|sample|8|322|8|322|32.0,0,0,1.67535e-08,-1.42283,-1.13007,0,0,0,0,7.10543e-15,-0.781835,-1.77307,0,0,True,32.0|322,488
8|488|8|488|sample|7|322|7|322|32.0,0,0,-7.58928e-09,-1.21138,-0.49837,0,0,0,0,3.37508e-14,-0.760281,-1.69116,0,0,True,32.0|322,488
8|488|8|488|sample|11|322|11|322|22.0,0,0,6.03233e-10,-1.69326,-1.42749,0,0,0,0,2.84217e-14,-1.3981,-1.93158,0,0,True,22.0|322,488
8|488|8|488|sample|12|322|12|322|22.0,0,0,1.21858e-08,-2.24771,-1.29123,0,0,0,0,3.55271e-15,-1.50164,-1.76911,0,0,True,22.0|322,488
8|488|8|488|cc|1|1|322|1|322|69.0,0,0,-3.05162e-09,-0.258528,-0.404391,0,0,0,0,-3.55271e-15,-1.23626e-07,-1.9731e-07,0,0,False,69.0|322,488
8|488|8|488|cc|2|1|322|1|322|69.0,0,0,-4.37187e-09,0.0792674,-0.135474,0,0,0,0,-3.55271e-15,4.14463e-07,4.90268e-07,0,0,False,69.0|322,488
8|488|8|488|cc|3|1|322|1|322|69.0,0,0,-4.76584e-09,-0.135707,0.596475,0,0,0,0,0,5.95207e-08,-3.52561e-07,0,0,False,69.0|322,488
8|488|8|488|cc|4|1|322|1|322|69.0,0,0,7.60787e-10,-0.0524832,0.437485,0,0,0,0,-7.10543e-15,7.96883e-08,1.32689e-07,0,0,False,69.0|322,488
8|488|8|488|cc|5|1|322|1|322|69.0,0,0,1.80308e-09,0.0827981,-0.193665,0,0,0,0,1.59872e-14,6.04514e-08,-7.19499e-07,0,0,False,69.0|322,488
8|488|8|488|cc|6|1|322|1|322|69.0,0,0,-3.00306e-09,-0.18678,0.0757696,0,0,0,0,-1.77636e-14,-1.40995e-07,8.77121e-08,0,0,False,69.0|322,488
8|488|8|488|cc|7|1|322|1|322|69.0,0,0,-3.00058e-09,0.137845,-0.493744,0,0,0,0,-7.10543e-15,-1.33933e-07,6.3001e-07,0,0,False,69.0|322,488
8|488|8|488|cc|8|1|322|1|322|69.0,0,0,-9.14043e-10,-0.0678094,0.0963392,0,0,0,0,1.06581e-14,1.1785e-07,-2.75547e-07,0,0,False,69.0|322,488
8|488|8|488|vc|1|2|322|2|322|69.0,0,0,-2.18976e-08,-0.165334,0.404625,0,0,0,0,5.32907e-15,2.63725e-08,-2.15812e-07,0,0,False,69.0|322,488
8|488|8|488|vc|2|2|322|2|322|69.0,0,0,7.82037e-09,0.00560469,-0.514535,0,0,0,0,3.55271e-15,2.34479e-08,-4.8055e-07,0,0,False,69.0|322,488
8|488|8|488|vc|3|2|322|2|322|69.0,0,0,5.15661e-09,-0.0962291,0.434996,0,0,0,0,-1.77636e-15,-3.36068e-08,8.70186e-09,0,0,False,69.0|322,488
8|488|8|488|vc|4|2|322|2|322|69.0,0,0,-2.26156e-09,0.249538,0.196795,0,0,0,0,-1.06581e-14,-3.44984e-07,2.40557e-07,0,0,False,69.0|322,488
8|488|8|488|vc|5|2|322|2|322|69.0,0,0,9.05286e-09,-0.134076,-0.407659,0,0,0,0,0,-6.93985e-09,3.0102e-07,0,0,False,69.0|322,488
8|488|8|488|vc|6|2|322|2|322|69.0,0,0,-6.4805e-10,-0.153697,0.0820269,0,0,0,0,-5.32907e-15,-1.16799e-08,-1.1645e-07,0,0,False,69.0|322,488
8|488|8|488|vc|7|2|322|2|322|69.0,0,0,-1.95911e-09,-0.257219,0.184752,0,0,0,0,-5.32907e-15,-5.90301e-08,3.49393e-07,0,0,False,69.0|322,488
8|488|8|488|vc|8|2|322|2|322|69.0,0,0,4.26094e-10,-0.0902858,-0.30503,0,0,0,0,-3.55271e-15,-1.20938e-07,1.7189e-07,0,0,False,69.0|322,488
8|152|8|152|sample|8|322|8|322|65.0,0,0,5.17251e-09,-1.2221,-1.18923,0,0,0,0,2.66454e-14,-1.23743,-1.16328,0,0,True,65.0|322,152
8|152|8|152|sample|7|322|7|322|65.0,0,0,-2.65346e-09,-1.49303,-0.636079,0,0,0,0,8.88178e-15,-1.16842,-1.12879,0,0,True,65.0|322,152
8|152|8|152|sample|6|322|6|322|65.0,0,0,-2.02097e-08,-1.3824,-0.259038,0,0,0,0,-1.59872e-14,-1.05978,-1.27608,0,0,True,65.0|322,152
8|152|8|152|sample|5|322|5|322|65.0,0,0,1.02619e-08,-1.33206,-0.632821,0,0,0,0,3.37508e-14,-1.08152,-1.33194,0,0,True,65.0|322,152
8|152|8|152|sample|12|322|12|322|28.0,0,0,-1.55713e-08,-1.5039,-1.62192,0,0,0,0,8.88178e-15,-1.21463,-1.98532,0,0,True,28.0|322,152
8|152|8|152|sample|11|322|11|322|28.0,0,0,1.8282e-08,-1.40785,-1.79294,0,0,0,0,5.32907e-15,-1.20066,-2.09606,0,0,True,28.0|322,152
8|152|8|152|sample|10|322|10|322|28.0,0,0,9.31094e-09,-1.51828,-1.34282,0,0,0,0,4.44089e-14,-1.12421,-2.23912,0,0,True,28.0|322,152
8|152|8|152|sample|9|322|9|322|28.0,0,0,1.41623e-08,-1.53331,-1.41698,0,0,0,0,2.30926e-14,-1.15363,-2.05857,0,0,True,28.0|322,152
8|152|8|152|sample|3|322|3|322|22.0,0,0,8.4733e-09,-1.16821,-1.0185,0,0,0,0,-1.77636e-15,-0.991206,-1.64267,0,0,True,22.0|322,152
8|152|8|152|sample|4|322|4|322|22.0,0,0,1.23405e-09,-1.27037,-0.954879,0,0,0,0,-1.24345e-14,-1.05371,-1.4783,0,0,True,22.0|322,152
8|152|8|152|cc|1|1|322|1|322|69.0,0,0,3.04995e-09,-0.130581,-0.313357,0,0,0,0,-3.55271e-15,-8.30974e-08,-3.39627e-07,0,0,False,69.0|322,152
8|152|8|152|cc|2|1|322|1|322|69.0,0,0,1.42983e-09,0.345244,0.122739,0,0,0,0,-3.55271e-15,1.44353e-07,1.53257e-07,0,0,False,69.0|322,152
8|152|8|152|cc|3|1|322|1|322|69.0,0,0,6.9828e-09,-0.0399672,0.11875,0,0,0,0,3.55271e-15,-6.55023e-09,2.93522e-07,0,0,False,69.0|322,152
8|152|8|152|cc|4|1|322|1|322|69.0,0,0,7.03319e-09,0.133886,0.248971,0,0,0,0,7.10543e-15,3.73781e-07,-3.25223e-09,0,0,False,69.0|322,152
8|152|8|152|cc|5|1|322|1|322|69.0,0,0,1.01401e-09,0.284197,-0.432829,0,0,0,0,0,-1.87361e-07,-3.485e-07,0,0,False,69.0|322,152
8|152|8|152|cc|6|1|322|1|322|69.0,0,0,-3.43673e-11,0.0600071,-0.15001,0,0,0,0,-8.88178e-15,-5.98905e-08,-2.1184e-07,0,0,False,69.0|322,152
8|152|8|152|cc|7|1|322|1|322|69.0,0,0,-4.72445e-09,0.0906329,0.57287,0,0,0,0,3.55271e-15,-1.17865e-07,3.31715e-07,0,0,False,69.0|322,152
8|152|8|152|cc|8|1|322|1|322|69.0,0,0,4.9542e-09,-0.0312341,0.409878,0,0,0,0,7.10543e-15,1.36248e-07,-1.87739e-07,0,0,False,69.0|322,152
8|152|8|152|vc|1|2|322|2|322|69.0,0,0,3.61685e-09,-0.0936635,-0.181848,0,0,0,0,1.77636e-15,-2.82056e-07,-3.23086e-07,0,0,False,69.0|322,152
8|152|8|152|vc|2|2|322|2|322|69.0,0,0,2.39842e-09,-0.0872286,0.797749,0,0,0,0,3.55271e-15,2.09536e-07,1.67312e-07,0,0,False,69.0|322,152
8|152|8|152|vc|3|2|322|2|322|69.0,0,0,1.13606e-08,0.252818,-0.119152,0,0,0,0,-7.10543e-15,1.9084e-07,1.74424e-06,0,0,False,69.0|322,152
8|152|8|152|vc|4|2|322|2|322|69.0,0,0,-4.35845e-09,0.0550001,-0.694404,0,0,0,0,0,-2.61972e-08,-3.87315e-07,0,0,False,69.0|322,152
8|152|8|152|vc|5|2|322|2|322|69.0,0,0,2.62345e-09,0.172001,0.394932,0,0,0,0,1.77636e-15,-5.1379e-08,-3.7019e-07,0,0,False,69.0|322,152
8|152|8|152|vc|6|2|322|2|322|69.0,0,0,-6.5166e-10,0.0699575,-0.486619,0,0,0,0,-3.55271e-15,-1.27315e-07,-2.53709e-07,0,0,False,69.0|322,152
8|152|8|152|vc|7|2|322|2|322|69.0,0,0,-4.30336e-09,0.0357305,0.304252,0,0,0,0,-1.06581e-14,1.585e-08,1.59942e-07,0,0,False,69.0|322,152
8|152|8|152|vc|8|2|322|2|322|69.0,0,0,-1.13984e-09,0.361486,0.124966,0,0,0,0,7.10543e-15,1.8435e-07,-3.81134e-07,0,0,False,69.0|322,152
8|847|8|847|sample|6|69|6|69|55.0,0,0,1.93286e-09,-0.632288,0.873323,0,0,0,0,-2.4869e-14,-0.479433,-1.07529,0,0,True,55.0|69,847
8|847|8|847|sample|3|69|3|69|55.0,0,0,-6.4519e-10,-1.13402,1.5628,0,0,0,0,-2.66454e-14,-0.648006,-0.61873,0,0,True,55.0|69,847
8|847|8|847|sample|4|69|4|69|55.0,0,0,-1.53295e-09,-0.862817,1.59158,0,0,0,0,2.30926e-14,-0.619247,-0.741532,0,0,True,55.0|69,847
8|847|8|847|sample|10|69|10|69|32.0,0,0,3.67977e-09,-2.49095,-1.97207,0,0,0,0,1.95399e-14,-1.67186,-2.85824,0,0,True,32.0|69,847
8|847|8|847|sample|9|69|9|69|32.0,0,0,-7.7872e-09,-2.1339,-2.24594,0,0,0,0,-1.59872e-14,-1.70429,-2.7589,0,0,True,32.0|69,847
8|847|8|847|sample|7|69|7|69|32.0,0,0,6.69349e-09,-1.90647,-1.97314,0,0,0,0,1.95399e-14,-1.77331,-2.5236,0,0,True,32.0|69,847
8|847|8|847|sample|8|69|8|69|32.0,0,0,2.7017e-09,-1.9846,-2.33526,0,0,0,0,-5.50671e-14,-1.73452,-2.60007,0,0,True,32.0|69,847
8|847|8|847|sample|12|69|12|69|22.0,0,0,2.92901e-09,-2.38014,-0.188754,0,0,0,0,-4.52971e-14,-1.80765,-0.773025,0,0,True,22.0|69,847
8|847|8|847|sample|11|69|11|69|22.0,0,0,3.09529e-09,-2.03205,-0.775612,0,0,0,0,3.4639e-14,-1.60745,-1.08876,0,0,True,22.0|69,847
8|847|8|847|sample|5|69|5|69|55.0,0,0,-1.41825e-08,-0.487355,-0.113941,0,0,0,0,-2.66454e-15,-0.50694,-0.719853,0,0,True,55.0|69,847
8|847|8|847|cc|1|1|69|1|69|69.0,0,0,-9.35813e-09,-0.492155,-0.0919899,0,0,0,0,6.21725e-15,4.05514e-07,1.73605e-07,0,0,False,69.0|69,847
8|847|8|847|cc|2|1|69|1|69|69.0,0,0,-8.59913e-09,-0.0423583,0.0257323,0,0,0,0,-1.77636e-15,5.57059e-08,4.48752e-07,0,0,False,69.0|69,847
8|847|8|847|cc|3|1|69|1|69|69.0,0,0,-2.51759e-09,-0.0191584,0.26628,0,0,0,0,5.32907e-15,-2.93622e-08,-3.47512e-07,0,0,False,69.0|69,847
8|847|8|847|cc|4|1|69|1|69|69.0,0,0,6.25599e-09,0.0599197,0.0479371,0,0,0,0,5.32907e-15,2.77173e-07,2.90183e-07,0,0,False,69.0|69,847
8|847|8|847|cc|5|1|69|1|69|69.0,0,0,1.81864e-09,-0.324537,-0.397586,0,0,0,0,1.42109e-14,-1.42012e-07,2.03866e-07,0,0,False,69.0|69,847
8|847|8|847|cc|6|1|69|1|69|69.0,0,0,1.66756e-09,0.0276688,-0.169746,0,0,0,0,0,1.17535e-07,3.5999e-07,0,0,False,69.0|69,847
8|847|8|847|cc|7|1|69|1|69|69.0,0,0,1.35514e-09,-0.105827,-0.0972041,0,0,0,0,7.99361e-15,2.581e-07,2.17298e-07,0,0,False,69.0|69,847
8|847|8|847|cc|8|1|69|1|69|69.0,0,0,8.3564e-10,-0.0617116,-0.399808,0,0,0,0,0,2.88856e-08,2.23656e-07,0,0,False,69.0|69,847
8|847|8|847|vc|1|2|69|2|69|69.0,0,0,-7.52945e-09,0.0532594,0.000265159,0,0,0,0,4.44089e-15,1.6136e-07,0.000527327,0,0,False,69.0|69,847
8|847|8|847|vc|2|2|69|2|69|69.0,0,0,-7.57325e-09,-0.40063,0.150366,0,0,0,0,-3.55271e-15,-2.19991e-07,5.96336e-08,0,0,False,69.0|69,847
8|847|8|847|vc|3|2|69|2|69|69.0,0,0,4.91714e-09,0.105108,-0.0491177,0,0,0,0,1.77636e-15,1.3614e-07,4.13258e-07,0,0,False,69.0|69,847
8|847|8|847|vc|4|2|69|2|69|69.0,0,0,2.19019e-09,0.272704,0.336679,0,0,0,0,0,-2.88564e-09,3.74574e-07,0,0,False,69.0|69,847
8|847|8|847|vc|5|2|69|2|69|69.0,0,0,1.94623e-10,-0.367058,0.0790767,0,0,0,0,-2.66454e-15,-1.05188e-07,3.5019e-07,0,0,False,69.0|69,847
8|847|8|847|vc|6|2|69|2|69|69.0,0,0,1.09516e-08,-0.203756,0.0328925,0,0,0,0,3.55271e-15,-2.65643e-07,-5.0295e-07,0,0,False,69.0|69,847
8|847|8|847|vc|7|2|69|2|69|69.0,0,0,2.18238e-09,0.298421,0.427846,0,0,0,0,1.59872e-14,7.57466e-08,1.42723e-07,0,0,False,69.0|69,847
8|847|8|847|vc|8|2|69|2|69|69.0,0,0,-9.67905e-10,-0.102179,0.378017,0,0,0,0,5.32907e-15,-1.11019e-07,-3.24524e-07,0,0,False,69.0|69,847
8|1241|8|1241|sample|8|69|8|69|65.0,0,0,-1.13046e-08,-2.06807,-0.523592,0,0,0,0,-2.30926e-14,-1.81118,-0.756983,0,0,True,65.0|69,1241
8|1241|8|1241|sample|7|69|7|69|65.0,0,0,-8.84855e-09,-2.09354,-0.514434,0,0,0,0,4.44089e-14,-1.8672,-0.730173,0,0,True,65.0|69,1241
8|1241|8|1241|sample|5|69|5|69|65.0,0,0,1.07939e-08,-2.11841,-0.22172,0,0,0,0,-1.59872e-14,-2.00101,-0.473185,0,0,True,65.0|69,1241
8|1241|8|1241|sample|6|69|6|69|65.0,0,0,1.21238e-08,-2.01002,-0.47103,0,0,0,0,3.55271e-14,-1.90785,-0.503492,0,0,True,65.0|69,1241
8|1241|8|1241|sample|11|69|11|69|28.0,0,0,-4.34833e-09,-2.16422,-1.09907,0,0,0,0,-5.15143e-14,-1.89027,-1.53634,0,0,True,28.0|69,1241
8|1241|8|1241|sample|12|69|12|69|28.0,0,0,-3.29127e-09,-2.36809,-1.00746,0,0,0,0,2.66454e-14,-1.93466,-1.36563,0,0,True,28.0|69,1241
8|1241|8|1241|sample|9|69|9|69|28.0,0,0,-2.8484e-09,-2.33279,-0.61319,0,0,0,0,-4.44089e-14,-1.91792,-1.0082,0,0,True,28.0|69,1241
8|1241|8|1241|sample|10|69|10|69|28.0,0,0,-1.51686e-08,-1.84481,-1.02128,0,0,0,0,5.32907e-15,-1.7929,-1.20406,0,0,True,28.0|69,1241
8|1241|8|1241|sample|3|69|3|69|22.0,0,0,-5.19321e-09,-2.16935,0.146267,0,0,0,0,-3.37508e-14,-1.91931,-0.183824,0,0,True,22.0|69,1241
8|1241|8|1241|sample|4|69|4|69|22.0,0,0,-1.97737e-09,-2.18815,0.174661,0,0,0,0,2.84217e-14,-2.08354,-0.194409,0,0,True,22.0|69,1241
8|1241|8|1241|sample|3|69|3|69|65.0,0,0,-5.63912e-10,-1.42641,-1.90632,0,0,0,0,5.32907e-15,-1.23473,-1.47879,0,0,True,65.0|69,1241
8|1241|8|1241|sample|8|69|8|69|22.0,0,0,-6.37465e-09,-1.39762,-1.65663,0,0,0,0,6.21725e-15,-1.27409,-1.66837,0,0,True,22.0|69,1241
8|1241|8|1241|cc|1|1|69|1|69|69.0,0,0,1.7754e-08,-0.00556782,0.331296,0,0,0,0,2.66454e-15,1.90541e-07,-1.57044e-07,0,0,False,69.0|69,1241
8|1241|8|1241|cc|2|1|69|1|69|69.0,0,0,-1.04811e-08,-0.329965,0.422368,0,0,0,0,5.32907e-15,-1.17078e-07,-1.89787e-07,0,0,False,69.0|69,1241
8|1241|8|1241|cc|3|1|69|1|69|69.0,0,0,-3.88594e-09,-0.0187343,-0.381099,0,0,0,0,-3.55271e-15,-1.50444e-07,-6.98309e-08,0,0,False,69.0|69,1241
8|1241|8|1241|cc|4|1|69|1|69|69.0,0,0,-1.00647e-09,-0.0527588,-0.302487,0,0,0,0,7.10543e-15,-1.39938e-08,-1.67513e-07,0,0,False,69.0|69,1241
8|1241|8|1241|cc|5|1|69|1|69|69.0,0,0,9.78761e-09,-0.272763,-0.089236,0,0,0,0,-3.55271e-15,6.71974e-08,1.48222e-08,0,0,False,69.0|69,1241
8|1241|8|1241|cc|6|1|69|1|69|69.0,0,0,4.53707e-09,-0.17795,-0.441462,0,0,0,0,1.59872e-14,-9.99308e-08,5.09336e-07,0,0,False,69.0|69,1241
8|1241|8|1241|cc|7|1|69|1|69|69.0,0,0,-5.40162e-09,0.15871,0.19088,0,0,0,0,7.10543e-15,1.90187e-07,-3.63324e-07,0,0,False,69.0|69,1241
8|1241|8|1241|cc|8|1|69|1|69|69.0,0,0,-8.34843e-09,0.131653,-0.00823376,0,0,0,0,1.77636e-14,5.05509e-08,5.1299e-07,0,0,False,69.0|69,1241
8|1241|8|1241|vc|1|2|69|2|69|69.0,0,0,3.84021e-09,-0.109868,0.0448568,0,0,0,0,8.88178e-15,1.04337e-08,-1.79674e-07,0,0,False,69.0|69,1241
8|1241|8|1241|vc|2|2|69|2|69|69.0,0,0,-1.1248e-08,-0.164623,0.535216,0,0,0,0,0,-4.57522e-08,2.88287e-07,0,0,False,69.0|69,1241
8|1241|8|1241|vc|3|2|69|2|69|69.0,0,0,-1.5016e-09,-0.0827119,-0.252244,0,0,0,0,1.77636e-15,2.16831e-07,-1.49515e-07,0,0,False,69.0|69,1241
8|1241|8|1241|vc|4|2|69|2|69|69.0,0,0,1.01708e-09,0.145232,0.0330421,0,0,0,0,-7.10543e-15,-3.78884e-08,-2.62172e-07,0,0,False,69.0|69,1241
8|1241|8|1241|vc|5|2|69|2|69|69.0,0,0,6.27418e-09,-0.186973,0.292805,0,0,0,0,3.55271e-15,-5.4294e-08,-4.43533e-07,0,0,False,69.0|69,1241
8|1241|8|1241|vc|6|2|69|2|69|69.0,0,0,2.8219e-10,-0.184145,-0.22997,0,0,0,0,5.32907e-15,4.34003e-08,-5.96452e-07,0,0,False,69.0|69,1241
8|1241|8|1241|vc|7|2|69|2|69|69.0,0,0,2.99711e-09,0.0333633,-0.160299,0,0,0,0,-4.44089e-15,1.53022e-07,-7.48901e-08,0,0,False,69.0|69,1241
8|1241|8|1241|vc|8|2|69|2|69|69.0,0,0,-7.68301e-09,0.0848244,-0.0344943,0,0,0,0,0,-2.70094e-07,4.2745e-07,0,0,False,69.0|69,1241
8|474|8|474|sample|5|276|5|276|55.0,0,0,1.4105e-08,-1.23093,0.388549,0,0,0,0,4.61853e-14,-1.00621,0.0312448,0,0,True,55.0|276,474
8|474|8|474|sample|6|276|6|276|55.0,0,0,4.03462e-09,-1.29922,0.516927,0,0,0,0,1.24345e-14,-0.994624,0.0427233,0,0,True,55.0|276,474
8|474|8|474|sample|3|276|3|276|55.0,0,0,1.86539e-09,-1.43504,1.70873,0,0,0,0,-5.77316e-14,-1.42413,0.24199,0,0,True,55.0|276,474
8|474|8|474|sample|4|276|4|276|55.0,0,0,5.51294e-09,-1.63368,1.3746,0,0,0,0,1.68754e-14,-1.32469,0.167984,0,0,True,55.0|276,474
8|474|8|474|sample|9|276|9|276|32.0,0,0,-5.16693e-09,-2.12437,-3.08648,0,0,0,0,-2.4869e-14,-1.72152,-3.48467,0,0,True,32.0|276,474
8|474|8|474|sample|10|276|10|276|32.0,0,0,3.18993e-09,-2.08844,-3.03402,0,0,0,0,-3.37508e-14,-1.72291,-3.45593,0,0,True,32.0|276,474
8|474|8|474|sample|8|276|8|276|32.0,0,0,-5.95296e-10,-1.79698,-3.12538,0,0,0,0,-1.42109e-14,-1.71084,-3.30447,0,0,True,32.0|276,474
8|474|8|474|sample|7|276|7|276|32.0,0,0,6.43892e-09,-2.17007,-2.87555,0,0,0,0,-4.26326e-14,-1.73032,-3.3534,0,0,True,32.0|276,474
8|474|8|474|sample|12|276|12|276|22.0,0,0,-2.00095e-08,-2.28691,-1.03917,0,0,0,0,6.39488e-14,-1.8612,-1.58831,0,0,True,22.0|276,474
8|474|8|474|sample|11|276|11|276|22.0,0,0,-2.88321e-09,-2.1861,-1.46147,0,0,0,0,8.88178e-15,-2.01104,-1.68646,0,0,True,22.0|276,474
8|474|8|474|cc|1|1|276|1|276|69.0,0,0,-7.674e-09,-0.091686,0.323768,0,0,0,0,-3.55271e-15,-5.98443e-08,2.57128e-07,0,0,False,69.0|276,474
8|474|8|474|cc|2|1|276|1|276|69.0,0,0,8.73394e-09,-0.139663,-0.7913,0,0,0,0,3.55271e-15,-1.27328e-07,2.62562e-07,0,0,False,69.0|276,474
8|474|8|474|cc|3|1|276|1|276|69.0,0,0,-2.14536e-09,-0.177876,0.696599,0,0,0,0,0,-2.01628e-08,4.58879e-07,0,0,False,69.0|276,474
8|474|8|474|cc|4|1|276|1|276|69.0,0,0,-2.69991e-09,-0.103852,0.224802,0,0,0,0,1.06581e-14,-2.19543e-07,-4.65064e-07,0,0,False,69.0|276,474
8|474|8|474|cc|5|1|276|1|276|69.0,0,0,-7.15543e-09,-0.316984,-0.18076,0,0,0,0,1.06581e-14,2.49035e-07,1.25923e-07,0,0,False,69.0|276,474
8|474|8|474|cc|6|1|276|1|276|69.0,0,0,-1.15383e-08,-0.0291409,0.46498,0,0,0,0,0,8.49766e-08,3.26712e-07,0,0,False,69.0|276,474
8|474|8|474|cc|7|1|276|1|276|69.0,0,0,-2.86068e-09,-0.229572,-0.500116,0,0,0,0,0,-2.17772e-07,-3.74138e-07,0,0,False,69.0|276,474
8|474|8|474|cc|8|1|276|1|276|69.0,0,0,8.60143e-09,0.20956,0.0423148,0,0,0,0,0,1.17049e-08,-5.75578e-07,0,0,False,69.0|276,474
8|474|8|474|vc|1|2|276|2|276|69.0,0,0,-5.23454e-09,-0.0160625,-0.113661,0,0,0,0,-3.55271e-15,5.3877e-08,-3.26756e-07,0,0,False,69.0|276,474
8|474|8|474|vc|2|2|276|2|276|69.0,0,0,-1.01739e-08,0.0472864,0.079351,0,0,0,0,0,2.57799e-08,5.37874e-07,0,0,False,69.0|276,474
8|474|8|474|vc|3|2|276|2|276|69.0,0,0,3.95928e-09,0.159739,0.345595,0,0,0,0,8.88178e-15,-3.48749e-08,1.35302e-07,0,0,False,69.0|276,474
8|474|8|474|vc|4|2|276|2|276|69.0,0,0,9.22677e-09,0.284607,0.907181,0,0,0,0,-3.55271e-15,-1.05223e-07,2.45413e-07,0,0,False,69.0|276,474
8|474|8|474|vc|5|2|276|2|276|69.0,0,0,-2.01614e-09,-0.0125085,-0.0476595,0,0,0,0,0,-1.55544e-07,-5.60011e-08,0,0,False,69.0|276,474
8|474|8|474|vc|6|2|276|2|276|69.0,0,0,-1.76551e-09,-0.0533342,0.161424,0,0,0,0,1.06581e-14,5.50121e-07,-1.27357e-06,0,0,False,69.0|276,474
8|474|8|474|vc|7|2|276|2|276|69.0,0,0,-2.30954e-09,0.109155,0.0585232,0,0,0,0,-7.10543e-15,7.50355e-08,-1.4912e-07,0,0,False,69.0|276,474
8|474|8|474|vc|8|2|276|2|276|69.0,0,0,-3.0159e-09,-0.0804562,-0.938358,0,0,0,0,7.10543e-15,5.17019e-08,3.56674e-07,0,0,False,69.0|276,474
8|1056|8|1056|sample|8|276|8|276|65.0,0,0,-5.12572e-09,-2.13024,-1.15676,0,0,0,0,1.77636e-15,-1.73181,-1.5733,0,0,True,65.0|276,1056
8|1056|8|1056|sample|7|276|7|276|65.0,0,0,5.54442e-09,-2.1201,-1.05608,0,0,0,0,1.42109e-14,-1.79138,-1.56845,0,0,True,65.0|276,1056
8|1056|8|1056|sample|6|276|6|276|65.0,0,0,-4.09882e-10,-2.05333,-1.0959,0,0,0,0,-6.21725e-14,-1.78597,-1.54505,0,0,True,65.0|276,1056
8|1056|8|1056|sample|5|276|5|276|65.0,0,0,-1.32278e-08,-2.22437,-1.08708,0,0,0,0,3.37508e-14,-1.85531,-1.57003,0,0,True,65.0|276,1056
8|1056|8|1056|sample|12|276|12|276|28.0,0,0,7.10261e-09,-1.77953,-2.56625,0,0,0,0,-1.42109e-14,-1.64835,-2.6952,0,0,True,28.0|276,1056
8|1056|8|1056|sample|11|276|11|276|28.0,0,0,-1.14235e-08,-1.80925,-2.44263,0,0,0,0,-7.28306e-14,-1.58467,-2.7306,0,0,True,28.0|276,1056
8|1056|8|1056|sample|10|276|10|276|28.0,0,0,-4.76126e-09,-2.16159,-1.99739,0,0,0,0,-3.01981e-14,-1.8858,-2.2769,0,0,True,28.0|276,1056
8|1056|8|1056|sample|9|276|9|276|28.0,0,0,1.53677e-08,-2.46169,-1.74547,0,0,0,0,-1.42109e-14,-1.63921,-2.27394,0,0,True,28.0|276,1056
8|1056|8|1056|sample|4|276|4|276|22.0,0,0,1.28015e-08,-2.24787,-1.46208,0,0,0,0,5.32907e-14,-1.84559,-1.66543,0,0,True,22.0|276,1056
8|1056|8|1056|sample|3|276|3|276|22.0,0,0,-5.04891e-09,-1.99492,-1.50745,0,0,0,0,-1.86517e-14,-1.81329,-1.7543,0,0,True,22.0|276,1056
8|1056|8|1056|cc|1|1|276|1|276|69.0,0,0,1.03335e-08,-0.101621,0.364123,0,0,0,0,0,-1.37987e-07,3.01308e-07,0,0,False,69.0|276,1056
8|1056|8|1056|cc|2|1|276|1|276|69.0,0,0,-6.80402e-09,-0.0726762,0.429805,0,0,0,0,-3.55271e-15,-2.88483e-08,-6.072e-08,0,0,False,69.0|276,1056
8|1056|8|1056|cc|3|1|276|1|276|69.0,0,0,-2.39656e-09,0.0649115,0.296217,0,0,0,0,-1.24345e-14,8.93096e-08,-1.83601e-07,0,0,False,69.0|276,1056
8|1056|8|1056|cc|4|1|276|1|276|69.0,0,0,5.56901e-10,0.105422,-0.317478,0,0,0,0,7.10543e-15,-7.00281e-08,3.42079e-07,0,0,False,69.0|276,1056
8|1056|8|1056|cc|5|1|276|1|276|69.0,0,0,5.34646e-09,-0.424357,-0.187181,0,0,0,0,1.77636e-15,-1.73857e-07,1.30135e-07,0,0,False,69.0|276,1056
8|1056|8|1056|cc|6|1|276|1|276|69.0,0,0,1.95322e-09,-0.312155,0.0181305,0,0,0,0,-3.55271e-15,8.49491e-08,-2.41441e-07,0,0,False,69.0|276,1056
8|1056|8|1056|cc|7|1|276|1|276|69.0,0,0,2.6409e-09,0.264814,-0.0667605,0,0,0,0,3.55271e-15,1.41298e-07,1.12916e-07,0,0,False,69.0|276,1056
8|1056|8|1056|cc|8|1|276|1|276|69.0,0,0,-1.97881e-09,-0.0931641,-0.0374898,0,0,0,0,-7.10543e-15,1.02973e-07,-2.76369e-07,0,0,False,69.0|276,1056
8|1056|8|1056|vc|1|2|276|2|276|69.0,0,0,-7.3811e-09,-0.132972,0.430586,0,0,0,0,3.55271e-15,-5.23945e-08,3.90223e-07,0,0,False,69.0|276,1056
8|1056|8|1056|vc|2|2|276|2|276|69.0,0,0,-5.61349e-09,-0.300962,-0.241293,0,0,0,0,-1.77636e-15,1.16031e-07,-8.23457e-07,0,0,False,69.0|276,1056
8|1056|8|1056|vc|3|2|276|2|276|69.0,0,0,-5.99905e-09,-0.11782,-0.124865,0,0,0,0,3.55271e-15,-1.38527e-07,-5.70765e-07,0,0,False,69.0|276,1056
8|1056|8|1056|vc|4|2|276|2|276|69.0,0,0,-2.73896e-09,0.286268,-0.0898002,0,0,0,0,-7.10543e-15,6.21435e-08,2.90093e-07,0,0,False,69.0|276,1056
8|1056|8|1056|vc|5|2|276|2|276|69.0,0,0,1.92544e-09,-0.22558,-0.757899,0,0,0,0,7.10543e-15,-2.58433e-07,-2.67464e-07,0,0,False,69.0|276,1056
8|1056|8|1056|vc|6|2|276|2|276|69.0,0,0,3.61373e-09,0.145121,-0.013508,0,0,0,0,0,-2.24371e-07,-3.31079e-07,0,0,False,69.0|276,1056
8|1056|8|1056|vc|7|2|276|2|276|69.0,0,0,6.75482e-09,0.303727,0.0162628,0,0,0,0,3.55271e-15,1.4791e-07,-2.43473e-07,0,0,False,69.0|276,1056
8|1056|8|1056|vc|8|2|276|2|276|69.0,0,0,6.95364e-09,0.14953,0.234223,0,0,0,0,-5.32907e-15,1.74019e-07,2.3805e-07,0,0,False,69.0|276,1056
8|462|8|462|sample|6|292|6|292|55.0,0,0,2.89775e-09,-1.32996,4.05589,0,0,0,0,3.64153e-14,-0.678378,1.94905,0,0,True,55.0|292,462
8|462|8|462|sample|5|292|5|292|55.0,0,0,-1.13766e-08,-1.14495,3.17686,0,0,0,0,8.88178e-16,-0.693862,2.1672,0,0,True,55.0|292,462
8|462|8|462|sample|4|292|4|292|55.0,0,0,4.76478e-09,-1.40936,3.57605,0,0,0,0,-2.13163e-14,-0.851513,1.61842,0,0,True,55.0|292,462
8|462|8|462|sample|3|292|3|292|55.0,0,0,4.9741e-10,-1.45654,2.78531,0,0,0,0,-3.55271e-15,-0.849919,1.68719,0,0,True,55.0|292,462
8|462|8|462|sample|9|292|9|292|32.0,0,0,1.38482e-08,-2.6169,-2.65365,0,0,0,0,-3.37508e-14,-1.97937,-3.35545,0,0,True,32.0|292,462
8|462|8|462|sample|10|292|10|292|32.0,0,0,-1.81589e-08,-2.03021,-3.31918,0,0,0,0,-1.24345e-14,-1.96372,-3.36305,0,0,True,32.0|292,462
8|462|8|462|sample|7|292|7|292|32.0,0,0,-7.12907e-09,-2.41685,-2.82537,0,0,0,0,-1.59872e-14,-1.99402,-3.19961,0,0,True,32.0|292,462
8|462|8|462|sample|8|292|8|292|32.0,0,0,7.17098e-09,-2.54492,-2.67929,0,0,0,0,-7.10543e-15,-2.03928,-3.16392,0,0,True,32.0|292,462
8|462|8|462|sample|11|292|11|292|22.0,0,0,9.45821e-09,-2.21634,-0.314456,0,0,0,0,-1.06581e-14,-1.84024,-0.771617,0,0,True,22.0|292,462
8|462|8|462|sample|12|292|12|292|22.0,0,0,-1.44819e-08,-2.40342,-0.284064,0,0,0,0,-8.88178e-15,-1.70539,-0.796772,0,0,True,22.0|292,462
8|462|8|462|cc|1|1|292|1|292|69.0,0,0,7.69504e-09,0.0297808,-0.434095,0,0,0,0,0,1.2533e-07,4.45509e-07,0,0,False,69.0|292,462
8|462|8|462|cc|2|1|292|1|292|69.0,0,0,-4.01439e-09,-0.397098,0.376944,0,0,0,0,-1.59872e-14,1.32192e-07,3.21768e-07,0,0,False,69.0|292,462
8|462|8|462|cc|3|1|292|1|292|69.0,0,0,-4.05562e-10,-0.171253,0.308527,0,0,0,0,0,-2.22546e-07,-4.34229e-07,0,0,False,69.0|292,462
8|462|8|462|cc|4|1|292|1|292|69.0,0,0,-3.1434e-09,-0.0571717,0.658141,0,0,0,0,1.06581e-14,-1.31277e-07,7.18654e-08,0,0,False,69.0|292,462
8|462|8|462|cc|5|1|292|1|292|69.0,0,0,1.1704e-09,0.401943,0.507362,0,0,0,0,0,-2.8948e-07,7.85807e-08,0,0,False,69.0|292,462
8|462|8|462|cc|6|1|292|1|292|69.0,0,0,7.81669e-10,0.00450601,0.115002,0,0,0,0,-1.06581e-14,2.34796e-07,-2.24172e-07,0,0,False,69.0|292,462
8|462|8|462|cc|7|1|292|1|292|69.0,0,0,3.15593e-09,0.329842,0.190854,0,0,0,0,-7.10543e-15,-4.52853e-07,-5.0916e-09,0,0,False,69.0|292,462
8|462|8|462|cc|8|1|292|1|292|69.0,0,0,-3.5005e-09,-0.20915,-0.0872856,0,0,0,0,-1.06581e-14,-9.32435e-08,-7.20253e-08,0,0,False,69.0|292,462
8|462|8|462|vc|1|2|292|2|292|69.0,0,0,-5.27554e-10,-0.00792743,-0.103153,0,0,0,0,3.55271e-15,2.83664e-08,-2.28665e-07,0,0,False,69.0|292,462
8|462|8|462|vc|2|2|292|2|292|69.0,0,0,5.37177e-09,-0.0427153,-0.294645,0,0,0,0,3.55271e-15,-8.5678e-08,1.51438e-07,0,0,False,69.0|292,462
8|462|8|462|vc|3|2|292|2|292|69.0,0,0,7.55299e-09,-0.0397846,0.493717,0,0,0,0,8.88178e-15,2.54486e-07,6.00815e-08,0,0,False,69.0|292,462
8|462|8|462|vc|4|2|292|2|292|69.0,0,0,-1.19072e-08,0.0922948,0.213362,0,0,0,0,3.55271e-15,-2.3447e-07,-5.32442e-07,0,0,False,69.0|292,462
8|462|8|462|vc|5|2|292|2|292|69.0,0,0,3.46422e-09,0.259885,0.214689,0,0,0,0,3.55271e-15,-1.93173e-07,3.11402e-07,0,0,False,69.0|292,462
8|462|8|462|vc|6|2|292|2|292|69.0,0,0,-8.54856e-09,0.061603,-0.143559,0,0,0,0,-3.55271e-15,-1.90588e-07,2.80943e-07,0,0,False,69.0|292,462
8|462|8|462|vc|7|2|292|2|292|69.0,0,0,-2.17733e-09,-0.107606,0.280244,0,0,0,0,0,-1.16742e-07,-3.01401e-07,0,0,False,69.0|292,462
8|462|8|462|vc|8|2|292|2|292|69.0,0,0,-2.25086e-09,-0.277546,0.832851,0,0,0,0,3.55271e-15,-4.08034e-08,-1.19956e-07,0,0,False,69.0|292,462
8|1159|8|1159|sample|8|292|8|292|65.0,0,0,-2.14255e-09,-2.19959,-0.771475,0,0,0,0,6.92779e-14,-1.63492,-1.22373,0,0,True,65.0|292,1159
8|1159|8|1159|sample|7|292|7|292|65.0,0,0,1.97032e-09,-1.93013,-0.960827,0,0,0,0,1.95399e-14,-1.73596,-1.07569,0,0,True,65.0|292,1159
8|1159|8|1159|sample|5|292|5|292|65.0,0,0,-1.31496e-08,-2.29358,-0.585108,0,0,0,0,4.26326e-14,-1.61431,-1.18618,0,0,True,65.0|292,1159
8|1159|8|1159|sample|6|292|6|292|65.0,0,0,-1.38707e-08,-2.51094,-0.348194,0,0,0,0,1.86517e-14,-1.61618,-1.17635,0,0,True,65.0|292,1159
8|1159|8|1159|sample|11|292|11|292|28.0,0,0,2.94244e-09,-1.58949,-2.931,0,0,0,0,1.95399e-14,-1.8508,-2.69337,0,0,True,28.0|292,1159
8|1159|8|1159|sample|12|292|12|292|28.0,0,0,-2.39098e-10,-2.37488,-2.33992,0,0,0,0,4.26326e-14,-1.8411,-2.80586,0,0,True,28.0|292,1159
8|1159|8|1159|sample|9|292|9|292|28.0,0,0,-1.37871e-08,-2.13966,-1.83052,0,0,0,0,-1.59872e-14,-1.82519,-2.15684,0,0,True,28.0|292,1159
8|1159|8|1159|sample|10|292|10|292|28.0,0,0,-2.15872e-08,-2.10662,-1.88018,0,0,0,0,-1.77636e-14,-1.72264,-2.25587,0,0,True,28.0|292,1159
8|1159|8|1159|sample|4|292|4|292|22.0,0,0,3.12632e-09,-1.80464,-0.70707,0,0,0,0,-4.35207e-14,-1.62218,-0.90698,0,0,True,22.0|292,1159
8|1159|8|1159|sample|3|292|3|292|22.0,0,0,2.4586e-09,-1.97119,-0.539145,0,0,0,0,-2.66454e-15,-1.75197,-0.927481,0,0,True,22.0|292,1159
8|1159|8|1159|cc|1|1|292|1|292|69.0,0,0,6.33813e-09,0.0204016,0.716847,0,0,0,0,5.32907e-15,1.33556e-07,-2.20906e-07,0,0,False,69.0|292,1159
8|1159|8|1159|cc|2|1|292|1|292|69.0,0,0,-1.06478e-09,0.147136,0.155916,0,0,0,0,1.06581e-14,-2.0049e-07,-8.78758e-07,0,0,False,69.0|292,1159
8|1159|8|1159|cc|3|1|292|1|292|69.0,0,0,-3.44496e-10,-0.0782194,0.578302,0,0,0,0,-1.77636e-15,1.14939e-08,-2.91452e-07,0,0,False,69.0|292,1159
8|1159|8|1159|cc|4|1|292|1|292|69.0,0,0,1.42011e-08,0.138936,0.42887,0,0,0,0,-8.88178e-15,-3.8172e-07,1.17885e-07,0,0,False,69.0|292,1159
8|1159|8|1159|cc|5|1|292|1|292|69.0,0,0,-5.97086e-09,0.0643205,0.50496,0,0,0,0,0,-1.73968e-07,3.38248e-07,0,0,False,69.0|292,1159
8|1159|8|1159|cc|6|1|292|1|292|69.0,0,0,2.55962e-09,0.0321782,-0.121486,0,0,0,0,1.77636e-15,1.03394e-07,-2.31327e-07,0,0,False,69.0|292,1159
8|1159|8|1159|cc|7|1|292|1|292|69.0,0,0,-1.28096e-09,0.22928,-0.0433309,0,0,0,0,1.06581e-14,-1.48405e-08,-3.16935e-07,0,0,False,69.0|292,1159
8|1159|8|1159|cc|8|1|292|1|292|69.0,0,0,-1.04887e-08,-0.116271,0.762167,0,0,0,0,8.88178e-15,-4.402e-08,2.98688e-08,0,0,False,69.0|292,1159
8|1159|8|1159|vc|1|2|292|2|292|69.0,0,0,8.94428e-10,0.0109903,0.101384,0,0,0,0,-1.77636e-15,4.56926e-07,1.32518e-07,0,0,False,69.0|292,1159
8|1159|8|1159|vc|2|2|292|2|292|69.0,0,0,9.53611e-09,-0.157494,-0.0266087,0,0,0,0,3.55271e-15,2.04235e-07,3.30195e-07,0,0,False,69.0|292,1159
8|1159|8|1159|vc|3|2|292|2|292|69.0,0,0,-6.75573e-09,0.168717,-0.76596,0,0,0,0,7.10543e-15,2.51324e-07,6.21943e-07,0,0,False,69.0|292,1159
8|1159|8|1159|vc|4|2|292|2|292|69.0,0,0,8.11224e-09,-0.0106114,-0.394884,0,0,0,0,0,-1.51003e-07,-1.01795e-07,0,0,False,69.0|292,1159
8|1159|8|1159|vc|5|2|292|2|292|69.0,0,0,-5.90975e-09,-0.13914,-0.390394,0,0,0,0,3.55271e-15,3.49556e-07,-1.42239e-07,0,0,False,69.0|292,1159
8|1159|8|1159|vc|6|2|292|2|292|69.0,0,0,3.3052e-09,-0.234517,0.339416,0,0,0,0,-3.55271e-15,-8.61476e-08,1.96168e-07,0,0,False,69.0|292,1159
8|1159|8|1159|vc|7|2|292|2|292|69.0,0,0,7.79692e-09,-0.116876,0.157899,0,0,0,0,-5.32907e-15,-1.13233e-07,3.38144e-07,0,0,False,69.0|292,1159
8|1159|8|1159|vc|8|2|292|2|292|69.0,0,0,-2.59551e-09,0.109482,0.230243,0,0,0,0,0,-4.7615e-08,-3.74125e-07,0,0,False,69.0|292,1159
8|75|8|75|sample|6|65|6|65|55.0,0,0,-4.39659e-09,-0.629904,-6.97504,0,0,0,0,1.77636e-15,-0.558138,-7.72608,0,0,True,55.0|65,75
8|75|8|75|sample|5|65|5|65|55.0,0,0,-7.8743e-09,-1.08592,-5.76022,0,0,0,0,2.30926e-14,-1.50735,-5.02104,0,0,True,55.0|65,75
8|75|8|75|sample|3|65|3|65|55.0,0,0,1.91085e-08,-0.884886,-6.78297,0,0,0,0,-4.08562e-14,-0.837408,-6.52406,0,0,True,55.0|65,75
8|75|8|75|sample|4|65|4|65|55.0,0,0,-2.27288e-09,-0.876084,-6.8847,0,0,0,0,1.95399e-14,-0.826602,-6.50769,0,0,True,55.0|65,75
8|75|8|75|sample|9|65|9|65|32.0,0,0,-1.00059e-08,-0.49124,-4.20835,0,0,0,0,6.21725e-15,-0.387114,-6.3393,0,0,True,32.0|65,75
8|75|8|75|sample|10|65|10|65|32.0,0,0,-4.85618e-09,-0.464958,-5.12637,0,0,0,0,-5.32907e-15,-0.384614,-6.43355,0,0,True,32.0|65,75
8|75|8|75|sample|7|65|7|65|32.0,0,0,4.72085e-09,-0.173503,-1.40454,0,0,0,0,-3.55271e-15,0.146082,3.17411,0,0,True,32.0|65,75
8|75|8|75|sample|8|65|8|65|32.0,0,0,1.65886e-09,-0.260052,-2.95387,0,0,0,0,1.06581e-14,-0.352359,-7.0589,0,0,True,32.0|65,75
8|75|8|75|sample|12|65|12|65|22.0,0,0,9.20422e-10,-1.72952,-4.79862,0,0,0,0,-2.30926e-14,-0.803236,-6.62126,0,0,True,22.0|65,75
8|75|8|75|sample|11|65|11|65|22.0,0,0,-6.98307e-09,-1.23533,-5.45316,0,0,0,0,4.79616e-14,-0.749648,-6.58749,0,0,True,22.0|65,75
8|75|8|75|cc|1|1|65|1|65|69.0,0,0,8.18354e-09,0.115903,0.0758078,0,0,0,0,3.55271e-15,-1.16089e-08,-3.29793e-07,0,0,False,69.0|65,75
8|75|8|75|cc|2|1|65|1|65|69.0,0,0,2.77817e-09,0.295231,0.563553,0,0,0,0,-3.55271e-15,8.52497e-08,-2.98232e-07,0,0,False,69.0|65,75
8|75|8|75|cc|3|1|65|1|65|69.0,0,0,-9.61727e-09,0.0822705,-0.238489,0,0,0,0,-3.55271e-15,2.91404e-07,1.1615e-07,0,0,False,69.0|65,75
8|75|8|75|cc|4|1|65|1|65|69.0,0,0,5.61858e-09,-0.091164,0.0411899,0,0,0,0,-3.55271e-15,1.61544e-07,1.86087e-07,0,0,False,69.0|65,75
8|75|8|75|cc|5|1|65|1|65|69.0,0,0,1.32991e-08,-0.24757,0.145733,0,0,0,0,-1.42109e-14,6.64579e-08,5.32402e-07,0,0,False,69.0|65,75
8|75|8|75|cc|6|1|65|1|65|69.0,0,0,-9.70736e-09,0.187439,-0.577152,0,0,0,0,3.55271e-15,2.19427e-07,3.363e-08,0,0,False,69.0|65,75
8|75|8|75|cc|7|1|65|1|65|69.0,0,0,-6.21288e-09,0.0901797,-0.525212,0,0,0,0,-1.42109e-14,-5.64429e-08,7.17229e-07,0,0,False,69.0|65,75
8|75|8|75|cc|8|1|65|1|65|69.0,0,0,-1.85893e-09,0.443884,0.0484226,0,0,0,0,0,-3.34229e-08,-2.72973e-07,0,0,False,69.0|65,75
8|75|8|75|vc|1|2|65|2|65|69.0,0,0,9.09349e-09,0.290881,-0.180196,0,0,0,0,0,-8.86828e-08,-4.53802e-07,0,0,False,69.0|65,75
8|75|8|75|vc|2|2|65|2|65|69.0,0,0,8.19706e-09,0.123196,-0.062692,0,0,0,0,7.10543e-15,-6.73321e-08,6.78461e-09,0,0,False,69.0|65,75
8|75|8|75|vc|3|2|65|2|65|69.0,0,0,7.3047e-09,-0.0671866,0.283935,0,0,0,0,1.06581e-14,-7.76452e-08,3.16138e-08,0,0,False,69.0|65,75
8|75|8|75|vc|4|2|65|2|65|69.0,0,0,-7.17308e-09,0.040326,0.116752,0,0,0,0,-7.10543e-15,6.78926e-08,2.24282e-07,0,0,False,69.0|65,75
8|75|8|75|vc|5|2|65|2|65|69.0,0,0,-8.82634e-09,-0.16968,-0.109268,0,0,0,0,-3.55271e-15,2.42897e-07,2.74072e-07,0,0,False,69.0|65,75
8|75|8|75|vc|6|2|65|2|65|69.0,0,0,-3.13436e-10,-0.0895292,0.375321,0,0,0,0,-3.55271e-15,7.11449e-08,-1.92328e-07,0,0,False,69.0|65,75
8|75|8|75|vc|7|2|65|2|65|69.0,0,0,4.14435e-09,-0.0162811,0.248502,0,0,0,0,3.55271e-15,-3.62548e-07,1.12675e-07,0,0,False,69.0|65,75
8|75|8|75|vc|8|2|65|2|65|69.0,0,0,1.53937e-08,0.139211,0.253841,0,0,0,0,-3.55271e-15,-4.29072e-09,4.29166e-07,0,0,False,69.0|65,75
8|1017|8|1017|sample|7|65|7|65|65.0,0,0,-5.48435e-09,-1.1928,-6.00777,0,0,0,0,3.19744e-14,-0.90616,-6.42978,0,0,True,65.0|65,1017
8|1017|8|1017|sample|8|65|8|65|65.0,0,0,-7.98155e-09,-0.836814,-6.72433,0,0,0,0,0,-0.8697,-6.44444,0,0,True,65.0|65,1017
8|1017|8|1017|sample|5|65|5|65|65.0,0,0,-1.95591e-08,-1.69317,-4.71382,0,0,0,0,5.32907e-15,-0.724403,-7.01958,0,0,True,65.0|65,1017
8|1017|8|1017|sample|6|65|6|65|65.0,0,0,-6.17512e-09,-1.2407,-5.37488,0,0,0,0,7.99361e-15,-0.793158,-6.75257,0,0,True,65.0|65,1017
8|1017|8|1017|sample|12|65|12|65|28.0,0,0,1.18571e-08,-1.02762,-5.28238,0,0,0,0,-2.13163e-14,-0.804191,-5.95236,0,0,True,28.0|65,1017
8|1017|8|1017|sample|11|65|11|65|28.0,0,0,-1.17031e-08,-1.12511,-5.29908,0,0,0,0,1.95399e-14,-0.755345,-6.21929,0,0,True,28.0|65,1017
8|1017|8|1017|sample|8|65|8|65|28.0,0,0,1.923e-08,-0.499467,-0.669232,0,0,0,0,8.88178e-15,-1.42746,-2.40461,0,0,True,28.0|65,1017
8|1017|8|1017|sample|10|65|10|65|28.0,0,0,3.21395e-09,-0.773429,-6.01136,0,0,0,0,-7.10543e-15,-0.698822,-6.52209,0,0,True,28.0|65,1017
8|1017|8|1017|sample|9|65|9|65|28.0,0,0,-7.65821e-10,-1.06266,-4.8575,0,0,0,0,3.55271e-15,-0.741225,-6.21696,0,0,True,28.0|65,1017
8|1017|8|1017|sample|4|65|4|65|22.0,0,0,-7.94984e-09,-0.949479,-5.99834,0,0,0,0,-2.30926e-14,-0.82857,-6.18546,0,0,True,22.0|65,1017
8|1017|8|1017|sample|3|65|3|65|22.0,0,0,-7.73961e-10,-1.21308,-5.8854,0,0,0,0,8.88178e-15,-0.802349,-6.58766,0,0,True,22.0|65,1017
8|1017|8|1017|sample|3|65|3|65|65.0,0,0,8.01613e-09,-1.38098,-1.52682,0,0,0,0,-2.66454e-15,-1.20887,-1.4317,0,0,True,65.0|65,1017
8|1017|8|1017|sample|11|65|11|65|65.0,0,0,1.63114e-09,-0.381771,-1.0445,0,0,0,0,3.55271e-15,-1.41397,-2.31618,0,0,True,65.0|65,1017
8|1017|8|1017|sample|8|65|8|65|22.0,0,0,-4.37208e-10,-1.30308,-2.40582,0,0,0,0,0,-1.29522,-1.70876,0,0,True,22.0|65,1017
8|1017|8|1017|cc|1|1|65|1|65|69.0,0,0,-3.04538e-10,-0.187944,0.243337,0,0,0,0,1.77636e-15,-1.0783e-07,3.04166e-07,0,0,False,69.0|65,1017
8|1017|8|1017|cc|2|1|65|1|65|69.0,0,0,2.82561e-09,-0.0255981,0.340816,0,0,0,0,7.10543e-15,3.83825e-08,1.2835e-07,0,0,False,69.0|65,1017
8|1017|8|1017|cc|3|1|65|1|65|69.0,0,0,-3.25282e-09,0.269754,-0.41823,0,0,0,0,-7.10543e-15,-5.85439e-08,-3.43221e-07,0,0,False,69.0|65,1017
8|1017|8|1017|cc|4|1|65|1|65|69.0,0,0,-4.72958e-09,-0.192839,-0.49032,0,0,0,0,0,-4.1566e-07,-2.13351e-08,0,0,False,69.0|65,1017
8|1017|8|1017|cc|5|1|65|1|65|69.0,0,0,2.21934e-09,0.12356,0.6065,0,0,0,0,-3.55271e-15,1.32027e-08,5.28818e-07,0,0,False,69.0|65,1017
8|1017|8|1017|cc|6|1|65|1|65|69.0,0,0,4.58503e-09,-0.255733,-0.0927904,0,0,0,0,-3.55271e-15,-1.24963e-07,-4.34114e-07,0,0,False,69.0|65,1017
8|1017|8|1017|cc|7|1|65|1|65|69.0,0,0,8.46381e-09,-0.0234799,0.509664,0,0,0,0,-1.77636e-15,4.21405e-08,-3.277e-07,0,0,False,69.0|65,1017
8|1017|8|1017|cc|8|1|65|1|65|69.0,0,0,1.2541e-08,-0.0352167,-0.464935,0,0,0,0,0,-9.28893e-08,-2.74667e-07,0,0,False,69.0|65,1017
8|1017|8|1017|vc|1|2|65|2|65|69.0,0,0,7.82348e-09,0.230961,0.0239338,0,0,0,0,3.55271e-15,-2.9075e-07,2.62557e-07,0,0,False,69.0|65,1017
8|1017|8|1017|vc|2|2|65|2|65|69.0,0,0,-1.01255e-09,-0.208154,0.181542,0,0,0,0,0,-2.83515e-07,2.61894e-08,0,0,False,69.0|65,1017
8|1017|8|1017|vc|3|2|65|2|65|69.0,0,0,1.2118e-08,0.000911355,-0.0941031,0,0,0,0,8.88178e-15,1.15479e-07,1.89486e-07,0,0,False,69.0|65,1017
8|1017|8|1017|vc|4|2|65|2|65|69.0,0,0,-3.15271e-10,-0.160607,-0.143426,0,0,0,0,0,1.46352e-07,2.14831e-08,0,0,False,69.0|65,1017
8|1017|8|1017|vc|5|2|65|2|65|69.0,0,0,1.98273e-09,-0.175026,0.212384,0,0,0,0,-1.77636e-15,-1.94538e-07,2.01517e-07,0,0,False,69.0|65,1017
8|1017|8|1017|vc|6|2|65|2|65|69.0,0,0,3.26134e-09,-0.240264,0.214973,0,0,0,0,-1.42109e-14,5.3691e-08,7.03029e-07,0,0,False,69.0|65,1017
8|1017|8|1017|vc|7|2|65|2|65|69.0,0,0,5.32594e-10,0.210417,0.349943,0,0,0,0,5.32907e-15,-8.95822e-08,-4.14919e-07,0,0,False,69.0|65,1017
8|1017|8|1017|vc|8|2|65|2|65|69.0,0,0,8.31683e-09,0.192989,-0.0842472,0,0,0,0,0,-1.98196e-07,-2.71738e-07,0,0,False,69.0|65,1017
8|291|8|291|sample|6|103|6|103|55.0,0,0,-8.8143e-09,-2.17096,0.256083,0,0,0,0,7.99361e-15,-1.35625,-0.694422,0,0,True,55.0|103,291
8|291|8|291|sample|5|103|5|103|55.0,0,0,2.4046e-08,-1.6282,-0.201345,0,0,0,0,5.15143e-14,-1.42533,-0.639852,0,0,True,55.0|103,291
8|291|8|291|sample|4|103|4|103|55.0,0,0,-4.73919e-09,-1.65019,0.594844,0,0,0,0,2.66454e-14,-1.46587,-0.458041,0,0,True,55.0|103,291
8|291|8|291|sample|3|103|3|103|55.0,0,0,-1.04133e-08,-1.5304,1.61852,0,0,0,0,-7.99361e-15,-1.51987,-0.437088,0,0,True,55.0|103,291
8|291|8|291|sample|9|103|9|103|32.0,0,0,1.80813e-09,-1.49949,-3.52923,0,0,0,0,3.90799e-14,-1.67802,-3.45295,0,0,True,32.0|103,291
8|291|8|291|sample|10|103|10|103|32.0,0,0,-1.39354e-08,-2.02113,-3.00347,0,0,0,0,1.42109e-14,-1.67116,-3.51328,0,0,True,32.0|103,291
8|291|8|291|sample|8|103|8|103|32.0,0,0,8.56107e-09,-2.14313,-2.81766,0,0,0,0,1.06581e-14,-1.68626,-3.33694,0,0,True,32.0|103,291
8|291|8|291|sample|7|103|7|103|32.0,0,0,1.00533e-08,-1.69378,-3.28739,0,0,0,0,-2.66454e-14,-1.71894,-3.47329,0,0,True,32.0|103,291
8|291|8|291|sample|11|103|11|103|22.0,0,0,4.11693e-09,-1.92525,-3.45916,0,0,0,0,-5.32907e-15,-1.6715,-3.7412,0,0,True,22.0|103,291
8|291|8|291|sample|12|103|12|103|22.0,0,0,7.30859e-09,-2.00682,-2.9412,0,0,0,0,1.59872e-14,-1.73756,-3.29308,0,0,True,22.0|103,291
8|291|8|291|cc|1|1|103|1|103|69.0,0,0,-3.84969e-09,-0.331816,0.162573,0,0,0,0,1.77636e-15,1.35878e-07,2.2033e-07,0,0,False,69.0|103,291
8|291|8|291|cc|2|1|103|1|103|69.0,0,0,-4.30537e-09,0.00101284,0.170434,0,0,0,0,7.10543e-15,-3.6018e-07,1.01722e-07,0,0,False,69.0|103,291
8|291|8|291|cc|3|1|103|1|103|69.0,0,0,-1.76332e-09,-0.192187,-0.0474403,0,0,0,0,-7.10543e-15,-2.57773e-09,1.34725e-07,0,0,False,69.0|103,291
8|291|8|291|cc|4|1|103|1|103|69.0,0,0,-2.12213e-10,0.00754881,-0.450134,0,0,0,0,-1.77636e-15,1.21165e-07,3.54243e-07,0,0,False,69.0|103,291
8|291|8|291|cc|5|1|103|1|103|69.0,0,0,1.33783e-09,0.0075499,-0.0199313,0,0,0,0,0,3.66444e-08,-3.48646e-07,0,0,False,69.0|103,291
8|291|8|291|cc|6|1|103|1|103|69.0,0,0,-1.05506e-08,0.0666056,0.32693,0,0,0,0,1.06581e-14,2.05778e-07,-3.91396e-08,0,0,False,69.0|103,291
8|291|8|291|cc|7|1|103|1|103|69.0,0,0,2.07159e-09,0.000376052,0.393322,0,0,0,0,-1.77636e-15,-7.85275e-08,-1.55766e-06,0,0,False,69.0|103,291
8|291|8|291|cc|8|1|103|1|103|69.0,0,0,4.58768e-09,-0.250711,-0.118852,0,0,0,0,-2.13163e-14,-3.18328e-07,-4.67507e-08,0,0,False,69.0|103,291
8|291|8|291|vc|1|2|103|2|103|69.0,0,0,1.21225e-08,-0.191006,0.0784163,0,0,0,0,0,-3.36201e-08,-4.23254e-07,0,0,False,69.0|103,291
8|291|8|291|vc|2|2|103|2|103|69.0,0,0,-3.15147e-09,0.0638285,-0.505111,0,0,0,0,5.32907e-15,7.66536e-08,3.66044e-07,0,0,False,69.0|103,291
8|291|8|291|vc|3|2|103|2|103|69.0,0,0,1.00734e-08,-0.0483083,0.105734,0,0,0,0,3.55271e-15,-7.10423e-07,-5.15903e-07,0,0,False,69.0|103,291
8|291|8|291|vc|4|2|103|2|103|69.0,0,0,9.3923e-09,0.214576,0.0485361,0,0,0,0,5.32907e-15,-2.84879e-07,1.06062e-07,0,0,False,69.0|103,291
8|291|8|291|vc|5|2|103|2|103|69.0,0,0,1.11303e-08,0.0923343,-0.0770972,0,0,0,0,-5.32907e-15,2.28731e-07,-6.25832e-07,0,0,False,69.0|103,291
8|291|8|291|vc|6|2|103|2|103|69.0,0,0,-9.61345e-10,-0.10916,0.27236,0,0,0,0,0,-2.68839e-07,1.73334e-07,0,0,False,69.0|103,291
8|291|8|291|vc|7|2|103|2|103|69.0,0,0,-4.32087e-09,-0.0754536,-0.275292,0,0,0,0,5.32907e-15,2.19419e-07,1.51179e-07,0,0,False,69.0|103,291
8|291|8|291|vc|8|2|103|2|103|69.0,0,0,-4.59823e-09,0.0840407,0.224314,0,0,0,0,-3.55271e-15,-5.00232e-07,1.75166e-06,0,0,False,69.0|103,291
8|1197|8|1197|sample|7|103|7|103|65.0,0,0,-8.18686e-10,-2.46016,-2.43867,0,0,0,0,7.10543e-15,-1.74927,-3.07294,0,0,True,65.0|103,1197
8|1197|8|1197|sample|8|103|8|103|65.0,0,0,1.0162e-08,-2.21829,-2.56321,0,0,0,0,-7.10543e-15,-1.70565,-3.09261,0,0,True,65.0|103,1197
8|1197|8|1197|sample|6|103|6|103|65.0,0,0,-5.32262e-09,-2.21952,-2.57067,0,0,0,0,4.26326e-14,-1.80741,-3.12666,0,0,True,65.0|103,1197
8|1197|8|1197|sample|5|103|5|103|65.0,0,0,-7.40946e-09,-2.05951,-2.88158,0,0,0,0,5.50671e-14,-1.82321,-3.03793,0,0,True,65.0|103,1197
8|1197|8|1197|sample|12|103|12|103|28.0,0,0,-1.15419e-09,-2.40698,-2.82474,0,0,0,0,4.79616e-14,-1.7859,-3.52752,0,0,True,28.0|103,1197
8|1197|8|1197|sample|10|103|10|103|28.0,0,0,-5.42868e-09,-1.97956,-3.02935,0,0,0,0,-1.95399e-14,-1.78622,-3.36045,0,0,True,28.0|103,1197
8|1197|8|1197|sample|9|103|9|103|28.0,0,0,1.77056e-08,-2.15841,-2.84536,0,0,0,0,-4.9738e-14,-1.92613,-3.27067,0,0,True,28.0|103,1197
8|1197|8|1197|sample|3|103|3|103|22.0,0,0,1.24675e-08,-2.05818,-2.86622,0,0,0,0,1.24345e-14,-1.80983,-3.10955,0,0,True,22.0|103,1197
8|1197|8|1197|sample|4|103|4|103|22.0,0,0,2.72266e-11,-2.07082,-2.95932,0,0,0,0,1.59872e-14,-1.85335,-3.17437,0,0,True,22.0|103,1197
8|1197|8|1197|sample|11|103|11|103|28.0,0,0,-7.28135e-09,-1.82117,-3.43207,0,0,0,0,3.37508e-14,-1.64913,-3.72726,0,0,True,28.0|103,1197
8|1197|8|1197|cc|1|1|103|1|103|69.0,0,0,-6.53275e-09,0.319675,-0.202191,0,0,0,0,-3.55271e-15,5.79465e-08,-3.60496e-07,0,0,False,69.0|103,1197
8|1197|8|1197|cc|2|1|103|1|103|69.0,0,0,9.97463e-09,0.0482864,0.513437,0,0,0,0,7.10543e-15,-2.06064e-07,1.26362e-07,0,0,False,69.0|103,1197
8|1197|8|1197|cc|3|1|103|1|103|69.0,0,0,4.64703e-09,0.0175233,0.0246767,0,0,0,0,-3.55271e-15,-1.32975e-07,-2.30654e-07,0,0,False,69.0|103,1197
8|1197|8|1197|cc|4|1|103|1|103|69.0,0,0,2.25417e-09,-0.104174,-0.0193624,0,0,0,0,3.55271e-15,1.10673e-07,-4.11512e-07,0,0,False,69.0|103,1197
8|1197|8|1197|cc|5|1|103|1|103|69.0,0,0,4.39902e-09,-0.0605806,0.0556399,0,0,0,0,-1.77636e-15,-2.60765e-07,4.22482e-07,0,0,False,69.0|103,1197
8|1197|8|1197|cc|6|1|103|1|103|69.0,0,0,-7.13436e-09,-0.140413,-0.430662,0,0,0,0,-1.06581e-14,4.92627e-09,-1.44879e-07,0,0,False,69.0|103,1197
8|1197|8|1197|cc|7|1|103|1|103|69.0,0,0,-7.53199e-09,0.0711115,-0.0475077,0,0,0,0,-1.42109e-14,-7.50464e-08,3.64173e-07,0,0,False,69.0|103,1197
8|1197|8|1197|cc|8|1|103|1|103|69.0,0,0,-7.4299e-09,-0.321333,0.539289,0,0,0,0,-3.55271e-15,-1.72534e-08,-2.47791e-07,0,0,False,69.0|103,1197
8|1197|8|1197|vc|1|2|103|2|103|69.0,0,0,-7.7743e-09,0.255236,-0.710651,0,0,0,0,0,-1.68107e-07,-3.4737e-07,0,0,False,69.0|103,1197
8|1197|8|1197|vc|2|2|103|2|103|69.0,0,0,4.06103e-09,0.383056,-0.0754255,0,0,0,0,-8.88178e-15,-2.46753e-07,2.73671e-07,0,0,False,69.0|103,1197
8|1197|8|1197|vc|3|2|103|2|103|69.0,0,0,-2.83608e-10,0.00644434,0.496866,0,0,0,0,-7.10543e-15,6.84329e-08,1.68922e-07,0,0,False,69.0|103,1197
8|1197|8|1197|vc|4|2|103|2|103|69.0,0,0,-9.2131e-09,-0.132044,-0.447014,0,0,0,0,-3.55271e-15,5.93193e-08,2.46553e-07,0,0,False,69.0|103,1197
8|1197|8|1197|vc|5|2|103|2|103|69.0,0,0,4.38558e-09,-0.0258248,-0.061244,0,0,0,0,-3.55271e-15,-1.64173e-07,-1.81773e-07,0,0,False,69.0|103,1197
8|1197|8|1197|vc|6|2|103|2|103|69.0,0,0,8.89258e-10,-0.0454855,0.441224,0,0,0,0,1.06581e-14,1.50704e-07,1.06935e-08,0,0,False,69.0|103,1197
8|1197|8|1197|vc|7|2|103|2|103|69.0,0,0,1.62891e-09,-0.168174,0.0924554,0,0,0,0,7.10543e-15,1.66473e-08,1.01113e-06,0,0,False,69.0|103,1197
8|1197|8|1197|vc|8|2|103|2|103|69.0,0,0,-5.24189e-09,-0.216232,0.036969,0,0,0,0,3.55271e-15,-7.37865e-08,3.32795e-07,0,0,False,69.0|103,1197
8|77|8|77|sample|6|218|6|218|55.0,0,0,-9.46641e-09,-1.31639,-6.1835,0,0,0,0,-2.93099e-14,-0.973343,-6.85409,0,0,True,55.0|218,77
8|77|8|77|sample|5|218|5|218|55.0,0,0,-1.60388e-09,-1.09776,-6.22518,0,0,0,0,1.24345e-14,-0.929705,-6.80569,0,0,True,55.0|218,77
8|77|8|77|sample|3|218|3|218|55.0,0,0,2.11664e-08,-1.71823,-5.397,0,0,0,0,-5.68434e-14,-1.00971,-6.6841,0,0,True,55.0|218,77
8|77|8|77|sample|4|218|4|218|55.0,0,0,-4.86645e-10,-1.2015,-6.34303,0,0,0,0,-1.59872e-14,-1.06923,-6.52786,0,0,True,55.0|218,77
8|77|8|77|sample|9|218|9|218|32.0,0,0,5.39182e-09,-1.1723,-3.61418,0,0,0,0,-1.95399e-14,-0.82809,-4.57847,0,0,True,32.0|218,77
8|77|8|77|sample|10|218|10|218|32.0,0,0,-1.18743e-08,-1.13397,-3.50314,0,0,0,0,-1.24345e-14,-0.796225,-4.6763,0,0,True,32.0|218,77
8|77|8|77|sample|8|218|8|218|32.0,0,0,-1.28078e-08,-0.993087,-3.48675,0,0,0,0,-1.77636e-15,-0.854215,-4.23678,0,0,True,32.0|218,77
8|77|8|77|sample|7|218|7|218|32.0,0,0,8.96225e-09,-1.41741,-3.38818,0,0,0,0,-1.77636e-14,-0.927618,-4.00507,0,0,True,32.0|218,77
8|77|8|77|sample|12|218|12|218|22.0,0,0,1.87785e-08,-1.6302,-3.24939,0,0,0,0,-5.15143e-14,-1.43034,-3.67612,0,0,True,22.0|218,77
8|77|8|77|sample|11|218|11|218|22.0,0,0,3.47977e-09,-1.23155,-3.802,0,0,0,0,-7.63833e-14,-1.2647,-4.04419,0,0,True,22.0|218,77
8|77|8|77|cc|1|1|218|1|218|69.0,0,0,-4.08503e-09,0.148268,0.110241,0,0,0,0,-3.55271e-15,5.20594e-08,1.38142e-07,0,0,False,69.0|218,77
8|77|8|77|cc|2|1|218|1|218|69.0,0,0,3.45876e-09,-0.172555,0.443972,0,0,0,0,7.10543e-15,-3.55463e-08,3.47863e-07,0,0,False,69.0|218,77
8|77|8|77|cc|3|1|218|1|218|69.0,0,0,-6.24467e-09,0.149552,0.15082,0,0,0,0,3.55271e-15,-1.61644e-07,-2.94914e-07,0,0,False,69.0|218,77
8|77|8|77|cc|4|1|218|1|218|69.0,0,0,1.3796e-08,0.0821827,-0.456664,0,0,0,0,-1.77636e-15,1.92955e-07,-2.79677e-07,0,0,False,69.0|218,77
8|77|8|77|cc|5|1|218|1|218|69.0,0,0,1.23121e-09,0.305456,-0.308108,0,0,0,0,-3.55271e-15,1.1272e-07,-4.99007e-07,0,0,False,69.0|218,77
8|77|8|77|cc|6|1|218|1|218|69.0,0,0,2.01246e-09,-0.10846,-0.393179,0,0,0,0,-1.77636e-15,-1.6022e-07,-4.41629e-07,0,0,False,69.0|218,77
8|77|8|77|cc|7|1|218|1|218|69.0,0,0,-1.95643e-10,-0.0703491,0.0216503,0,0,0,0,1.77636e-15,-7.92257e-08,3.90141e-07,0,0,False,69.0|218,77
8|77|8|77|cc|8|1|218|1|218|69.0,0,0,-2.23481e-09,-0.324093,0.81657,0,0,0,0,-7.10543e-15,8.36856e-08,9.01508e-08,0,0,False,69.0|218,77
8|77|8|77|vc|1|2|218|2|218|69.0,0,0,2.01926e-09,0.108452,0.00412429,0,0,0,0,2.13163e-14,-1.52698e-08,8.12461e-07,0,0,False,69.0|218,77
8|77|8|77|vc|2|2|218|2|218|69.0,0,0,-5.7084e-09,0.0700325,0.104748,0,0,0,0,7.10543e-15,-1.17496e-07,-9.32537e-08,0,0,False,69.0|218,77
8|77|8|77|vc|3|2|218|2|218|69.0,0,0,-1.16132e-09,0.0917454,-0.355302,0,0,0,0,-7.10543e-15,-2.31786e-07,4.84908e-08,0,0,False,69.0|218,77
8|77|8|77|vc|4|2|218|2|218|69.0,0,0,3.97533e-09,0.145963,0.00869057,0,0,0,0,3.55271e-15,-1.70029e-07,3.99026e-07,0,0,False,69.0|218,77
8|77|8|77|vc|5|2|218|2|218|69.0,0,0,3.76409e-09,0.0260856,0.517986,0,0,0,0,0,-3.25084e-07,-4.63959e-08,0,0,False,69.0|218,77
8|77|8|77|vc|6|2|218|2|218|69.0,0,0,4.65123e-09,-0.0873994,0.761676,0,0,0,0,-7.10543e-15,1.1122e-07,-1.49526e-07,0,0,False,69.0|218,77
8|77|8|77|vc|7|2|218|2|218|69.0,0,0,-3.491e-09,0.0155702,-0.399748,0,0,0,0,-1.06581e-14,2.20213e-07,6.69633e-08,0,0,False,69.0|218,77
8|77|8|77|vc|8|2|218|2|218|69.0,0,0,-5.29002e-09,-0.0286836,0.359503,0,0,0,0,3.55271e-15,-3.31715e-07,-1.3952e-08,0,0,False,69.0|218,77
8|745|8|745|sample|7|218|7|218|65.0,0,0,-1.61783e-09,-1.14554,-6.71466,0,0,0,0,8.88178e-15,-1.05973,-6.65138,0,0,True,65.0|218,745
8|745|8|745|sample|8|218|8|218|65.0,0,0,1.27148e-09,-1.82472,-5.0265,0,0,0,0,6.21725e-15,-1.21161,-5.93822,0,0,True,65.0|218,745
8|745|8|745|sample|6|218|6|218|65.0,0,0,-5.91546e-09,-1.20555,-5.52778,0,0,0,0,-7.10543e-15,-0.962589,-6.03309,0,0,True,65.0|218,745
8|745|8|745|sample|5|218|5|218|65.0,0,0,7.01858e-09,-1.27897,-5.65184,0,0,0,0,-2.13163e-14,-1.02987,-5.6035,0,0,True,65.0|218,745
8|745|8|745|sample|3|218|3|218|65.0,0,0,-9.76474e-09,-0.371614,-0.79315,0,0,0,0,1.24345e-14,-1.59412,-3.26949,0,0,True,65.0|218,745
8|745|8|745|sample|11|218|11|218|28.0,0,0,-8.41677e-09,-1.77929,-3.75498,0,0,0,0,-6.57252e-14,-1.27733,-4.4254,0,0,True,28.0|218,745
8|745|8|745|sample|12|218|12|218|28.0,0,0,-3.14061e-09,-1.54562,-3.47766,0,0,0,0,5.32907e-15,-1.51311,-3.76156,0,0,True,28.0|218,745
8|745|8|745|sample|10|218|10|218|28.0,0,0,1.1457e-08,-1.68656,-3.26471,0,0,0,0,-5.68434e-14,-1.2036,-4.15198,0,0,True,28.0|218,745
8|745|8|745|sample|9|218|9|218|28.0,0,0,-1.61068e-08,-2.20784,-2.77273,0,0,0,0,2.30926e-14,-1.28352,-3.9761,0,0,True,28.0|218,745
8|745|8|745|sample|4|218|4|218|22.0,0,0,1.39991e-08,-1.40434,-3.81217,0,0,0,0,4.08562e-14,-1.41749,-3.73758,0,0,True,22.0|218,745
8|745|8|745|sample|3|218|3|218|22.0,0,0,6.29559e-09,-2.00277,-3.16458,0,0,0,0,-6.39488e-14,-1.32698,-3.91839,0,0,True,22.0|218,745
8|745|8|745|sample|5|218|5|218|22.0,0,0,-1.63237e-08,-0.733257,-1.36734,0,0,0,0,1.24345e-14,-1.53989,-2.7575,0,0,True,22.0|218,745
8|745|8|745|cc|1|1|218|1|218|69.0,0,0,-2.3133e-09,0.334229,-0.329308,0,0,0,0,3.55271e-15,2.12256e-07,-2.40652e-07,0,0,False,69.0|218,745
8|745|8|745|cc|2|1|218|1|218|69.0,0,0,1.69522e-08,-0.207005,-0.300855,0,0,0,0,-1.77636e-15,1.97176e-07,-2.01037e-07,0,0,False,69.0|218,745
8|745|8|745|cc|3|1|218|1|218|69.0,0,0,-1.45617e-08,0.157565,-0.483005,0,0,0,0,-1.06581e-14,-6.02366e-09,-4.72324e-07,0,0,False,69.0|218,745
8|745|8|745|cc|4|1|218|1|218|69.0,0,0,7.38349e-09,-0.0689959,-0.257871,0,0,0,0,3.55271e-15,2.54167e-07,-1.32299e-07,0,0,False,69.0|218,745
8|745|8|745|cc|5|1|218|1|218|69.0,0,0,8.43905e-09,0.359699,0.208378,0,0,0,0,5.32907e-15,-1.22915e-07,-2.1574e-08,0,0,False,69.0|218,745
8|745|8|745|cc|6|1|218|1|218|69.0,0,0,-8.49027e-09,-0.049109,-0.0997876,0,0,0,0,-3.55271e-15,2.12466e-07,2.01805e-07,0,0,False,69.0|218,745
8|745|8|745|cc|7|1|218|1|218|69.0,0,0,-2.13873e-11,0.33013,1.06328,0,0,0,0,-3.55271e-15,-2.13302e-08,2.90175e-07,0,0,False,69.0|218,745
8|745|8|745|cc|8|1|218|1|218|69.0,0,0,-1.05649e-09,-0.0803102,-0.12658,0,0,0,0,0,-1.68783e-07,2.08314e-07,0,0,False,69.0|218,745
8|745|8|745|vc|1|2|218|2|218|69.0,0,0,-4.90627e-09,0.0181981,0.26306,0,0,0,0,-3.55271e-15,-1.64692e-07,-1.93561e-08,0,0,False,69.0|218,745
8|745|8|745|vc|2|2|218|2|218|69.0,0,0,1.10466e-09,0.165734,0.152637,0,0,0,0,-3.55271e-15,-1.61305e-07,1.23366e-07,0,0,False,69.0|218,745
8|745|8|745|vc|3|2|218|2|218|69.0,0,0,3.3178e-09,-0.0437546,-0.0842134,0,0,0,0,3.55271e-15,2.02925e-07,-1.11123e-07,0,0,False,69.0|218,745
8|745|8|745|vc|4|2|218|2|218|69.0,0,0,5.65337e-10,0.357631,-0.114458,0,0,0,0,3.55271e-15,2.46001e-07,-3.91667e-07,0,0,False,69.0|218,745
8|745|8|745|vc|5|2|218|2|218|69.0,0,0,4.01581e-09,0.200215,-0.0620924,0,0,0,0,0,-3.74146e-07,7.94543e-08,0,0,False,69.0|218,745
8|745|8|745|vc|6|2|218|2|218|69.0,0,0,6.37192e-09,-0.0191873,0.0636736,0,0,0,0,-1.77636e-15,3.25289e-08,5.89215e-08,0,0,False,69.0|218,745
8|745|8|745|vc|7|2|218|2|218|69.0,0,0,1.23944e-08,-0.0168013,-0.264826,0,0,0,0,1.06581e-14,-4.26927e-07,-5.43288e-08,0,0,False,69.0|218,745
8|745|8|745|vc|8|2|218|2|218|69.0,0,0,-4.47069e-09,0.20924,-0.26541,0,0,0,0,5.32907e-15,-1.97833e-07,-2.00516e-07,0,0,False,69.0|218,745
8|322|8|322|sample|6|174|6|174|55.0,0,0,1.21578e-09,-1.36942,-4.60911,0,0,0,0,-2.66454e-14,-1.06265,-5.22835,0,0,True,55.0|174,322
8|322|8|322|sample|5|174|5|174|55.0,0,0,-1.4788e-08,-1.49698,-4.2602,0,0,0,0,-2.4869e-14,-0.999765,-5.3623,0,0,True,55.0|174,322
8|322|8|322|sample|3|174|3|174|55.0,0,0,1.88486e-08,-1.41654,-4.78629,0,0,0,0,4.26326e-14,-1.10879,-5.35353,0,0,True,55.0|174,322
8|322|8|322|sample|4|174|4|174|55.0,0,0,-1.23984e-08,-1.46669,-4.10236,0,0,0,0,-2.30926e-14,-1.07365,-5.0968,0,0,True,55.0|174,322
8|322|8|322|sample|10|174|10|174|32.0,0,0,9.87004e-09,-1.93838,-4.43716,0,0,0,0,1.77636e-15,-1.70344,-4.67962,0,0,True,32.0|174,322
8|322|8|322|sample|9|174|9|174|32.0,0,0,-1.39116e-08,-2.36279,-3.89462,0,0,0,0,-6.39488e-14,-1.72234,-4.40016,0,0,True,32.0|174,322
8|322|8|322|sample|7|174|7|174|32.0,0,0,9.84822e-10,-2.06308,-4.1255,0,0,0,0,1.77636e-14,-1.72833,-4.36885,0,0,True,32.0|174,322
8|322|8|322|sample|8|174|8|174|32.0,0,0,-1.25726e-08,-1.88359,-4.17106,0,0,0,0,-2.84217e-14,-1.70258,-4.32849,0,0,True,32.0|174,322
8|322|8|322|sample|12|174|12|174|22.0,0,0,-1.2292e-08,-1.74315,-3.76463,0,0,0,0,6.03961e-14,-1.55409,-4.14694,0,0,True,22.0|174,322
8|322|8|322|sample|8|174|8|174|22.0,0,0,-1.3215e-09,-1.06946,-0.401399,0,0,0,0,-1.77636e-14,-1.24339,-1.47066,0,0,True,22.0|174,322
8|322|8|322|sample|11|174|11|174|22.0,0,0,-4.88318e-09,-1.39484,-4.31741,0,0,0,0,5.86198e-14,-1.61041,-4.09487,0,0,True,22.0|174,322
8|322|8|322|sample|11|174|11|174|32.0,0,0,-2.60419e-09,0.0657496,0.791219,0,0,0,0,8.88178e-15,-1.43667,-2.31371,0,0,True,32.0|174,322
8|322|8|322|cc|1|1|174|1|174|69.0,0,0,7.39893e-09,0.00465588,-0.312603,0,0,0,0,7.10543e-15,2.52466e-08,-2.05218e-07,0,0,False,69.0|174,322
8|322|8|322|cc|2|1|174|1|174|69.0,0,0,-1.03144e-09,0.00177599,-0.588144,0,0,0,0,-3.55271e-15,-7.80698e-08,6.00964e-07,0,0,False,69.0|174,322
8|322|8|322|cc|3|1|174|1|174|69.0,0,0,9.10584e-09,0.150989,-0.0257297,0,0,0,0,3.55271e-15,9.78757e-08,-3.38899e-07,0,0,False,69.0|174,322
8|322|8|322|cc|4|1|174|1|174|69.0,0,0,-1.95227e-08,-0.100336,-0.117083,0,0,0,0,-8.88178e-15,8.86292e-08,-1.88322e-08,0,0,False,69.0|174,322
8|322|8|322|cc|5|1|174|1|174|69.0,0,0,6.07131e-09,-0.0172036,-0.153052,0,0,0,0,-1.77636e-15,-3.21011e-07,1.89708e-07,0,0,False,69.0|174,322
8|322|8|322|cc|6|1|174|1|174|69.0,0,0,-2.10473e-09,-0.0824104,-0.0992532,0,0,0,0,0,-2.51697e-07,1.26304e-07,0,0,False,69.0|174,322
8|322|8|322|cc|7|1|174|1|174|69.0,0,0,1.47286e-09,0.00187026,-0.298978,0,0,0,0,-1.06581e-14,-2.19022e-07,-6.06074e-07,0,0,False,69.0|174,322
8|322|8|322|cc|8|1|174|1|174|69.0,0,0,-7.17982e-09,-0.103285,0.301056,0,0,0,0,-7.10543e-15,-1.44961e-08,1.04019e-07,0,0,False,69.0|174,322
8|322|8|322|vc|1|2|174|2|174|69.0,0,0,-2.92871e-09,-0.018434,-0.120108,0,0,0,0,4.44089e-15,-1.29245e-07,-1.3437e-07,0,0,False,69.0|174,322
8|322|8|322|vc|2|2|174|2|174|69.0,0,0,7.15079e-09,-0.056343,-0.385054,0,0,0,0,8.88178e-16,-4.77926e-07,6.14513e-07,0,0,False,69.0|174,322
8|322|8|322|vc|3|2|174|2|174|69.0,0,0,-1.4735e-09,-0.113477,0.342522,0,0,0,0,7.99361e-15,-9.30612e-08,4.05919e-09,0,0,False,69.0|174,322
8|322|8|322|vc|4|2|174|2|174|69.0,0,0,-5.06801e-09,-0.0921201,-0.245202,0,0,0,0,1.77636e-15,-1.22551e-07,1.62602e-07,0,0,False,69.0|174,322
8|322|8|322|vc|5|2|174|2|174|69.0,0,0,3.35111e-09,-0.341046,0.309256,0,0,0,0,-8.88178e-16,-4.82784e-07,-8.16646e-08,0,0,False,69.0|174,322
8|322|8|322|vc|6|2|174|2|174|69.0,0,0,4.87596e-09,0.0503619,0.123669,0,0,0,0,-5.32907e-15,-8.20521e-08,-9.49302e-08,0,0,False,69.0|174,322
8|322|8|322|vc|7|2|174|2|174|69.0,0,0,1.60172e-09,-0.062887,0.114439,0,0,0,0,2.22045e-14,7.02765e-08,3.56574e-07,0,0,False,69.0|174,322
8|322|8|322|vc|8|2|174|2|174|69.0,0,0,-1.28003e-08,0.239109,0.393166,0,0,0,0,3.55271e-15,-2.71477e-08,3.72613e-07,0,0,False,69.0|174,322
8|1043|8|1043|sample|6|174|6|174|65.0,0,0,-3.90136e-09,-1.68457,-4.34655,0,0,0,0,-1.77636e-15,-1.64844,-4.32174,0,0,True,65.0|174,1043
8|1043|8|1043|sample|7|174|7|174|65.0,0,0,-1.92929e-08,-2.25353,-4.51353,0,0,0,0,-3.90799e-14,-1.46437,-5.28464,0,0,True,65.0|174,1043
8|1043|8|1043|sample|8|174|8|174|65.0,0,0,-5.56631e-09,-2.46232,-4.09203,0,0,0,0,1.95399e-14,-1.53753,-4.81147,0,0,True,65.0|174,1043
8|1043|8|1043|sample|5|174|5|174|65.0,0,0,1.23989e-09,-1.73235,-4.2739,0,0,0,0,-3.9968e-14,-1.45063,-4.63295,0,0,True,65.0|174,1043
8|1043|8|1043|sample|11|174|11|174|28.0,0,0,-3.2663e-09,-2.49691,-4.06458,0,0,0,0,-3.90799e-14,-1.55082,-4.83181,0,0,True,28.0|174,1043
8|1043|8|1043|sample|12|174|12|174|28.0,0,0,-7.11817e-09,-2.53638,-3.96532,0,0,0,0,-2.66454e-15,-1.76358,-4.41187,0,0,True,28.0|174,1043
8|1043|8|1043|sample|10|174|10|174|28.0,0,0,8.04788e-09,-1.7895,-4.09606,0,0,0,0,-7.10543e-15,-1.68205,-4.198,0,0,True,28.0|174,1043
8|1043|8|1043|sample|9|174|9|174|28.0,0,0,1.16629e-08,-2.25701,-3.61248,0,0,0,0,9.76996e-14,-1.68068,-4.08102,0,0,True,28.0|174,1043
8|1043|8|1043|sample|4|174|4|174|22.0,0,0,-9.20288e-09,-1.85739,-3.68183,0,0,0,0,-2.22045e-14,-1.53898,-4.09631,0,0,True,22.0|174,1043
8|1043|8|1043|sample|3|174|3|174|22.0,0,0,6.62389e-09,-1.97734,-3.73683,0,0,0,0,5.50671e-14,-1.52874,-4.02778,0,0,True,22.0|174,1043
8|1043|8|1043|cc|1|1|174|1|174|69.0,0,0,-2.9769e-09,0.0774575,0.372003,0,0,0,0,8.88178e-15,-3.60394e-07,2.48417e-07,0,0,False,69.0|174,1043
8|1043|8|1043|cc|2|1|174|1|174|69.0,0,0,7.09869e-09,0.0123832,-0.335518,0,0,0,0,-7.10543e-15,-1.46935e-07,-1.64079e-07,0,0,False,69.0|174,1043
8|1043|8|1043|cc|3|1|174|1|174|69.0,0,0,-2.97506e-09,0.120919,0.408916,0,0,0,0,5.32907e-15,1.1306e-07,-5.56278e-08,0,0,False,69.0|174,1043
8|1043|8|1043|cc|4|1|174|1|174|69.0,0,0,4.49831e-09,0.159407,0.190527,0,0,0,0,-1.77636e-14,2.54786e-07,-9.49975e-07,0,0,False,69.0|174,1043
8|1043|8|1043|cc|5|1|174|1|174|69.0,0,0,-2.47025e-09,0.145227,0.257075,0,0,0,0,0,-4.85066e-08,-2.09707e-08,0,0,False,69.0|174,1043
8|1043|8|1043|cc|6|1|174|1|174|69.0,0,0,5.1647e-09,0.0830408,-0.0386025,0,0,0,0,8.88178e-16,1.12769e-07,-5.85394e-07,0,0,False,69.0|174,1043
8|1043|8|1043|cc|7|1|174|1|174|69.0,0,0,-2.18502e-09,-0.0574875,-0.202306,0,0,0,0,-5.32907e-15,2.7346e-07,-8.78666e-08,0,0,False,69.0|174,1043
8|1043|8|1043|cc|8|1|174|1|174|69.0,0,0,-5.04508e-09,-0.203638,0.155288,0,0,0,0,1.77636e-15,4.59988e-08,-4.81813e-07,0,0,False,69.0|174,1043
8|1043|8|1043|vc|1|2|174|2|174|69.0,0,0,-7.97763e-09,-0.155066,-0.432991,0,0,0,0,0,-2.01231e-08,3.34037e-07,0,0,False,69.0|174,1043
8|1043|8|1043|vc|2|2|174|2|174|69.0,0,0,4.79325e-09,-0.0934221,0.0610801,0,0,0,0,7.99361e-15,3.06813e-07,-9.70016e-09,0,0,False,69.0|174,1043
8|1043|8|1043|vc|3|2|174|2|174|69.0,0,0,7.08092e-09,0.0277352,-0.474436,0,0,0,0,1.77636e-15,-1.93837e-07,1.65418e-07,0,0,False,69.0|174,1043
8|1043|8|1043|vc|4|2|174|2|174|69.0,0,0,4.71515e-09,-0.0383915,-0.0664677,0,0,0,0,-7.10543e-15,-4.88416e-08,3.71818e-07,0,0,False,69.0|174,1043
8|1043|8|1043|vc|5|2|174|2|174|69.0,0,0,1.75424e-08,-0.02024,-0.444043,0,0,0,0,1.15463e-14,1.97431e-07,1.77402e-07,0,0,False,69.0|174,1043
8|1043|8|1043|vc|6|2|174|2|174|69.0,0,0,-3.05727e-09,0.401834,-0.642609,0,0,0,0,5.32907e-15,1.43513e-07,7.96083e-08,0,0,False,69.0|174,1043
8|1043|8|1043|vc|7|2|174|2|174|69.0,0,0,6.86991e-09,0.126117,-0.163083,0,0,0,0,5.32907e-15,3.48846e-07,-5.7173e-07,0,0,False,69.0|174,1043
8|1043|8|1043|vc|8|2|174|2|174|69.0,0,0,-1.64983e-08,0.0982888,0.481918,0,0,0,0,-2.66454e-15,1.05183e-08,-2.53984e-07,0,0,False,69.0|174,1043
8|963|8|963|sample|6|319|6|319|55.0,0,0,6.43495e-10,-1.75897,-6.64988,0,0,0,0,5.68434e-14,-1.22758,-7.32265,0,0,True,55.0|319,963
8|963|8|963|sample|5|319|5|319|55.0,0,0,-1.6751e-08,-1.82604,-6.01853,0,0,0,0,-5.86198e-14,-1.15225,-7.16974,0,0,True,55.0|319,963
8|963|8|963|sample|4|319|4|319|55.0,0,0,-1.07097e-08,-1.46531,-6.6536,0,0,0,0,8.88178e-15,-1.243,-6.95748,0,0,True,55.0|319,963
8|963|8|963|sample|3|319|3|319|55.0,0,0,3.18109e-09,-1.84223,-6.16066,0,0,0,0,1.06581e-14,-1.49545,-6.62961,0,0,True,55.0|319,963
8|963|8|963|sample|10|319|10|319|32.0,0,0,7.87841e-09,-2.26146,-4.2725,0,0,0,0,1.24345e-14,-1.55503,-4.84068,0,0,True,32.0|319,963
8|963|8|963|sample|9|319|9|319|32.0,0,0,-8.55436e-09,-1.64211,-4.85674,0,0,0,0,5.15143e-14,-1.50107,-4.98949,0,0,True,32.0|319,963
8|963|8|963|sample|7|319|7|319|32.0,0,0,1.50482e-08,-1.25186,-5.50652,0,0,0,0,1.42109e-14,-1.24069,-5.30906,0,0,True,32.0|319,963
8|963|8|963|sample|8|319|8|319|32.0,0,0,-2.68318e-08,-1.88577,-4.51797,0,0,0,0,-4.44089e-14,-1.5273,-4.69758,0,0,True,32.0|319,963
8|963|8|963|sample|11|319|11|319|22.0,0,0,-8.16036e-09,-1.83992,-2.69616,0,0,0,0,-1.59872e-14,-1.43013,-3.12738,0,0,True,22.0|319,963
8|963|8|963|sample|12|319|12|319|22.0,0,0,3.89435e-09,-2.17007,-2.05625,0,0,0,0,3.01981e-14,-1.3555,-3.07193,0,0,True,22.0|319,963
8|963|8|963|cc|1|1|319|1|319|69.0,0,0,-3.55409e-09,-0.422836,-0.470003,0,0,0,0,7.10543e-15,-3.70443e-09,-2.43765e-08,0,0,False,69.0|319,963
8|963|8|963|cc|2|1|319|1|319|69.0,0,0,7.11615e-09,-0.250521,-0.015989,0,0,0,0,-1.06581e-14,1.0021e-07,-5.77459e-08,0,0,False,69.0|319,963
8|963|8|963|cc|3|1|319|1|319|69.0,0,0,-4.53785e-09,0.0591706,0.0371132,0,0,0,0,-7.10543e-15,-1.80135e-07,1.57465e-07,0,0,False,69.0|319,963
8|963|8|963|cc|4|1|319|1|319|69.0,0,0,9.63326e-09,0.0222103,-0.165293,0,0,0,0,3.55271e-15,2.53309e-07,-1.82737e-07,0,0,False,69.0|319,963
8|963|8|963|cc|5|1|319|1|319|69.0,0,0,-1.47161e-08,-0.310791,-0.724776,0,0,0,0,-1.77636e-14,5.23413e-08,2.43222e-08,0,0,False,69.0|319,963
8|963|8|963|cc|6|1|319|1|319|69.0,0,0,4.44352e-09,-0.263106,0.5282,0,0,0,0,-1.06581e-14,-4.39295e-07,-1.75018e-07,0,0,False,69.0|319,963
8|963|8|963|cc|7|1|319|1|319|69.0,0,0,2.04312e-09,0.177538,-1.02263,0,0,0,0,0,-1.01653e-07,-3.40191e-07,0,0,False,69.0|319,963
8|963|8|963|cc|8|1|319|1|319|69.0,0,0,-4.25128e-09,-0.038055,-0.300992,0,0,0,0,0,-7.86358e-08,4.49281e-07,0,0,False,69.0|319,963
8|963|8|963|vc|1|2|319|2|319|69.0,0,0,-1.16092e-08,0.251336,-0.259244,0,0,0,0,8.88178e-15,-2.0551e-07,-5.58921e-07,0,0,False,69.0|319,963
8|963|8|963|vc|2|2|319|2|319|69.0,0,0,8.6911e-09,0.179388,0.278615,0,0,0,0,3.55271e-15,3.73974e-08,-4.41093e-07,0,0,False,69.0|319,963
8|963|8|963|vc|3|2|319|2|319|69.0,0,0,1.12537e-08,-0.0811871,0.222596,0,0,0,0,0,-1.52036e-07,-5.42417e-07,0,0,False,69.0|319,963
8|963|8|963|vc|4|2|319|2|319|69.0,0,0,-1.22922e-09,0.142622,-0.387849,0,0,0,0,0,-1.52406e-07,2.24283e-07,0,0,False,69.0|319,963
8|963|8|963|vc|5|2|319|2|319|69.0,0,0,6.65037e-09,0.101289,-0.2872,0,0,0,0,5.32907e-15,-2.50071e-08,3.42191e-07,0,0,False,69.0|319,963
8|963|8|963|vc|6|2|319|2|319|69.0,0,0,3.71725e-10,-0.0171499,-0.280504,0,0,0,0,5.32907e-15,1.39909e-07,-3.82527e-07,0,0,False,69.0|319,963
8|963|8|963|vc|7|2|319|2|319|69.0,0,0,-8.9252e-09,0.054252,-0.502195,0,0,0,0,-1.77636e-15,3.89747e-07,9.68053e-08,0,0,False,69.0|319,963
8|963|8|963|vc|8|2|319|2|319|69.0,0,0,3.28094e-09,-0.124418,-0.416201,0,0,0,0,-1.77636e-15,1.07624e-07,3.95894e-07,0,0,False,69.0|319,963
8|1260|8|1260|sample|8|319|8|319|65.0,0,0,1.24349e-08,-2.4221,-5.09772,0,0,0,0,-1.77636e-14,-1.26431,-6.73788,0,0,True,65.0|319,1260
8|1260|8|1260|sample|7|319|7|319|65.0,0,0,-1.05745e-08,-1.49898,-7.03126,0,0,0,0,7.99361e-15,-1.24575,-7.12333,0,0,True,65.0|319,1260
8|1260|8|1260|sample|6|319|6|319|65.0,0,0,-2.62127e-08,-1.40585,-5.78829,0,0,0,0,4.9738e-14,-1.22336,-5.75832,0,0,True,65.0|319,1260
8|1260|8|1260|sample|5|319|5|319|65.0,0,0,1.73104e-09,-1.17432,-5.66958,0,0,0,0,-3.64153e-14,-1.34804,-5.51249,0,0,True,65.0|319,1260
8|1260|8|1260|sample|11|319|11|319|28.0,0,0,2.35721e-09,-1.34159,-4.869,0,0,0,0,3.55271e-14,-1.28059,-4.70855,0,0,True,28.0|319,1260
8|1260|8|1260|sample|12|319|12|319|28.0,0,0,-3.4897e-08,-1.79969,-3.63787,0,0,0,0,-4.44089e-14,-1.44485,-4.19836,0,0,True,28.0|319,1260
8|1260|8|1260|sample|10|319|10|319|28.0,0,0,2.34289e-09,-1.79696,-3.66589,0,0,0,0,-5.32907e-15,-1.52842,-3.83731,0,0,True,28.0|319,1260
8|1260|8|1260|sample|9|319|9|319|28.0,0,0,-2.5304e-08,-2.24678,-3.05408,0,0,0,0,-7.10543e-15,-1.5193,-3.697,0,0,True,28.0|319,1260
8|1260|8|1260|sample|4|319|4|319|22.0,0,0,-8.92885e-09,-1.68587,-2.86753,0,0,0,0,-2.30926e-14,-1.32072,-3.38129,0,0,True,22.0|319,1260
8|1260|8|1260|sample|3|319|3|319|22.0,0,0,3.83704e-09,-1.71329,-2.8198,0,0,0,0,1.59872e-14,-1.29588,-3.29671,0,0,True,22.0|319,1260
8|1260|8|1260|cc|1|1|319|1|319|69.0,0,0,-8.7027e-09,-0.0495225,-0.541788,0,0,0,0,1.24345e-14,1.91531e-07,2.61654e-08,0,0,False,69.0|319,1260
8|1260|8|1260|cc|2|1|319|1|319|69.0,0,0,8.17101e-10,0.142978,-0.166575,0,0,0,0,5.32907e-15,-3.60738e-07,-4.7627e-07,0,0,False,69.0|319,1260
8|1260|8|1260|cc|3|1|319|1|319|69.0,0,0,2.99304e-09,0.0285301,0.157821,0,0,0,0,-1.06581e-14,1.66543e-07,7.90504e-08,0,0,False,69.0|319,1260
8|1260|8|1260|cc|4|1|319|1|319|69.0,0,0,-3.72523e-09,0.183618,-0.0632899,0,0,0,0,3.55271e-15,3.23442e-07,-3.75183e-07,0,0,False,69.0|319,1260
8|1260|8|1260|cc|5|1|319|1|319|69.0,0,0,-1.0534e-08,-0.00802904,-0.269018,0,0,0,0,-3.55271e-15,2.27088e-07,4.07395e-07,0,0,False,69.0|319,1260
8|1260|8|1260|cc|6|1|319|1|319|69.0,0,0,-7.58125e-09,0.186063,-0.405479,0,0,0,0,8.88178e-15,-2.48995e-07,1.46433e-07,0,0,False,69.0|319,1260
8|1260|8|1260|cc|7|1|319|1|319|69.0,0,0,-8.858e-09,-0.207371,0.0891514,0,0,0,0,-1.77636e-15,2.85098e-08,3.32863e-07,0,0,False,69.0|319,1260
8|1260|8|1260|cc|8|1|319|1|319|69.0,0,0,3.07212e-09,0.233678,-0.12295,0,0,0,0,1.06581e-14,-3.84447e-07,6.69362e-08,0,0,False,69.0|319,1260
8|1260|8|1260|vc|1|2|319|2|319|69.0,0,0,-7.92801e-09,-0.0568692,-0.0956458,0,0,0,0,-3.55271e-15,-2.35706e-07,-1.10681e-07,0,0,False,69.0|319,1260
8|1260|8|1260|vc|2|2|319|2|319|69.0,0,0,-8.92766e-09,0.00818849,-0.0452884,0,0,0,0,-7.10543e-15,-1.40948e-07,-2.22675e-09,0,0,False,69.0|319,1260
8|1260|8|1260|vc|3|2|319|2|319|69.0,0,0,3.45222e-09,0.00974157,0.00197993,0,0,0,0,-1.77636e-14,-3.5798e-07,2.79961e-07,0,0,False,69.0|319,1260
8|1260|8|1260|vc|4|2|319|2|319|69.0,0,0,6.90377e-09,0.127054,-0.633546,0,0,0,0,3.55271e-15,-1.56187e-07,-4.23186e-07,0,0,False,69.0|319,1260
8|1260|8|1260|vc|5|2|319|2|319|69.0,0,0,1.12917e-08,-0.127448,0.100977,0,0,0,0,1.77636e-15,4.16678e-08,5.56933e-07,0,0,False,69.0|319,1260
8|1260|8|1260|vc|6|2|319|2|319|69.0,0,0,-7.89454e-09,-0.00340778,0.390832,0,0,0,0,-3.55271e-15,1.29382e-07,-5.88435e-08,0,0,False,69.0|319,1260
8|1260|8|1260|vc|7|2|319|2|319|69.0,0,0,-4.3269e-09,0.307428,0.032799,0,0,0,0,1.06581e-14,4.14628e-08,3.39721e-07,0,0,False,69.0|319,1260
8|1260|8|1260|vc|8|2|319|2|319|69.0,0,0,-5.45067e-10,0.101056,-0.047601,0,0,0,0,-7.10543e-15,1.73689e-07,2.55297e-07,0,0,False,69.0|319,1260
