id,time,rlu,plate_row,plate_col,virus_cc,mean_vc,popPred_medianCOV,popPred,indivPred_SAEM,indivPred_mode,indWRes_SAEM,indWRes_mode
8|84|cc|1|1|162,0.0,658,1,1,0,78856.625,0.0,0.0,0.0,0.0,1.02416,1.02416
8|84|cc|2|1|162,0.0,644,2,1,0,78856.625,0.0,0.0,0.0,0.0,1.00237,1.00237
8|84|cc|3|1|162,0.0,660,3,1,0,78856.625,0.0,0.0,0.0,0.0,1.02728,1.02728
8|84|cc|4|1|162,0.0,680,4,1,0,78856.625,0.0,0.0,0.0,0.0,1.05841,1.05841
8|84|cc|5|1|162,0.0,698,5,1,0,78856.625,0.0,0.0,0.0,0.0,1.08642,1.08642
8|84|cc|6|1|162,0.0,694,6,1,0,78856.625,0.0,0.0,0.0,0.0,1.0802,1.0802
8|84|cc|7|1|162,0.0,694,7,1,0,78856.625,0.0,0.0,0.0,0.0,1.0802,1.0802
8|84|cc|8|1|162,0.0,636,8,1,0,78856.625,0.0,0.0,0.0,0.0,0.989921,0.989921
8|84|sample|10|162,0.0003648,68673,1,10,1,78856.625,36936.4,41609.2,42769.2,42629.5,0.750472,0.756948
8|84|sample|10|162,0.001824,77369,2,10,1,78856.625,44029.7,52567.0,58015.4,56442.9,0.415386,0.461472
8|84|sample|10|162,0.00912,78012,3,10,1,78856.625,44158.7,44395.1,45304.5,44879.7,0.895492,0.915556
8|84|sample|10|162,0.0456,65967,4,10,1,78856.625,44158.7,44153.3,44283.1,44153.3,0.607127,0.612522
8|84|sample|10|162,0.228,47827,5,10,1,78856.625,44158.7,44153.3,44283.0,44153.3,0.0992271,0.103156
8|84|sample|10|162,1.14,13678,6,10,1,78856.625,44158.7,44153.3,44283.0,44153.3,-0.85691,-0.85574
8|84|sample|10|162,5.7,1798,7,10,1,78856.625,44029.7,43873.3,44017.0,43873.3,-1.1891,-1.18887
8|84|sample|10|162,28.5,586,8,10,1,78856.625,36938.8,33468.3,33483.8,33468.3,-1.21115,-1.21113
8|84|sample|11|162,0.0003712,69151,1,11,1,78856.625,36936.4,45269.0,44791.0,43698.7,0.674456,0.721995
8|84|sample|11|162,0.001856,78893,2,11,1,78856.625,44029.7,77586.5,75821.4,69279.2,0.0506082,0.17318
8|84|sample|11|162,0.00928,82686,3,11,1,78856.625,44029.7,76943.4,72827.6,62893.7,0.16903,0.392273
8|84|sample|11|162,0.0464,67678,4,11,1,78856.625,44029.7,74701.0,66395.0,54621.2,0.0241043,0.297396
8|84|sample|11|162,0.2319999999999999,52077,5,11,1,78856.625,44029.7,67771.6,55841.7,47433.8,-0.0839019,0.121514
8|84|sample|11|162,1.16,21332,6,11,1,78856.625,44029.7,53533.3,46494.5,44324.1,-0.671589,-0.64317
8|84|sample|11|162,5.8,1872,7,11,1,78856.625,44029.7,44342.8,44086.1,43885.1,-1.18714,-1.1868
8|84|sample|11|162,29.0,564,8,11,1,78856.625,36939.5,33468.3,33483.8,33468.3,-1.21196,-1.21194
8|84|sample|12|162,0.0003712,63850,1,12,1,78856.625,36936.4,45269.0,45022.2,45167.2,0.518659,0.513041
8|84|sample|12|162,0.001856,63754,2,12,1,78856.625,36936.4,45206.9,44911.2,44933.9,0.520331,0.519446
8|84|sample|12|162,0.00928,61492,3,12,1,78856.625,36936.4,44983.0,44554.0,44286.2,0.471414,0.481711
8|84|sample|12|162,0.0464,55297,4,12,1,78856.625,36936.4,44202.2,43459.0,42619.4,0.337622,0.368556
8|84|sample|12|162,0.2319999999999999,41168,5,12,1,78856.625,36936.4,41789.4,40589.4,39148.4,0.0176457,0.0638116
8|84|sample|12|162,1.16,15633,6,12,1,78856.625,36936.4,36831.8,35895.7,34979.8,-0.696969,-0.682494
8|84|sample|12|162,5.8,1442,7,12,1,78856.625,36936.4,33631.8,33580.0,33517.1,-1.17987,-1.17972
8|84|sample|12|162,29.0,668,8,12,1,78856.625,36939.5,33468.3,33483.8,33468.3,-1.20814,-1.20811
8|84|sample|3|162,6.4e-05,75994,1,3,1,78856.625,36936.4,45255.8,44991.3,45092.1,0.854621,0.849972
8|84|sample|3|162,0.00032,82778,2,3,1,78856.625,44029.7,77449.6,77123.8,76160.7,0.0916022,0.108545
8|84|sample|3|162,0.0016,84235,3,3,1,78856.625,44158.7,77422.6,76321.9,74027.9,0.129529,0.172203
8|84|sample|3|162,0.008,86421,4,3,1,78856.625,44158.7,73964.3,71210.3,66494.7,0.266655,0.373798
8|84|sample|3|162,0.04,77403,5,3,1,78856.625,44158.7,64137.1,59469.7,53668.8,0.375616,0.550049
8|84|sample|3|162,0.2,68219,6,3,1,78856.625,44158.7,48850.8,46620.0,44949.8,0.574955,0.642022
8|84|sample|3|162,1.0,41754,7,3,1,78856.625,44029.7,43900.8,44022.9,43874.0,-0.0638966,-0.0599022
8|84|sample|3|162,5.0,13774,8,3,1,78856.625,36936.4,33468.3,33483.8,33468.3,-0.725629,-0.725386
8|84|sample|4|162,6.4e-05,74113,1,4,1,78856.625,36936.4,45255.8,44985.9,45009.2,0.803011,0.801963
8|84|sample|4|162,0.00032,84517,2,4,1,78856.625,44029.7,77449.6,77079.3,75582.1,0.120563,0.147672
8|84|sample|4|162,0.0016,82608,3,4,1,78856.625,44158.7,77422.6,76200.7,72720.7,0.105046,0.169771
8|84|sample|4|162,0.008,81228,4,4,1,78856.625,44161.0,73988.5,70951.7,64237.5,0.1808,0.329784
8|84|sample|4|162,0.04,77037,5,4,1,78856.625,44161.0,64155.8,59075.0,51602.3,0.378698,0.612698
8|84|sample|4|162,0.2,64814,6,4,1,78856.625,44158.7,48850.8,46469.9,44626.0,0.489859,0.560977
8|84|sample|4|162,1.0,39177,7,4,1,78856.625,44029.7,43900.8,44022.2,43873.6,-0.136449,-0.132705
8|84|sample|4|162,5.0,12834,8,4,1,78856.625,36936.4,33468.3,33483.8,33468.3,-0.760236,-0.760009
8|84|sample|5|162,0.0006144,72824,1,5,1,78856.625,36936.4,45068.0,44790.3,44494.4,0.776186,0.789502
8|84|sample|5|162,0.003072,78360,2,5,1,78856.625,44029.7,75536.9,75087.8,71403.9,0.0544345,0.121619
8|84|sample|5|162,0.01536,80614,3,5,1,78856.625,44158.7,71012.5,69791.8,62633.9,0.193533,0.357814
8|84|sample|5|162,0.0768,74089,4,5,1,78856.625,44161.0,57849.8,56221.0,49457.3,0.395566,0.618672
8|84|sample|5|162,0.384,55821,5,5,1,78856.625,44161.0,45369.4,45147.9,44296.1,0.293212,0.322592
8|84|sample|5|162,1.92,24346,6,5,1,78856.625,44158.7,44153.6,44283.2,44153.3,-0.558219,-0.556185
8|84|sample|5|162,9.6,9438,7,5,1,78856.625,44029.7,43873.3,44017.0,43873.3,-0.973923,-0.972995
8|84|sample|5|162,48.0,4872,8,5,1,78856.625,37305.1,33468.3,33483.8,33468.3,-1.05336,-1.05327
8|84|sample|6|162,0.0006144,70835,1,6,1,78856.625,36936.4,45068.0,44504.4,44603.0,0.733629,0.729294
8|84|sample|6|162,0.003072,80058,2,6,1,78856.625,44029.7,75536.9,72928.7,72108.5,0.12207,0.137645
8|84|sample|6|162,0.01536,79421,3,6,1,78856.625,44158.7,71012.5,65252.2,63833.5,0.270793,0.304443
8|84|sample|6|162,0.0768,77554,4,6,1,78856.625,44161.0,57849.8,51485.5,50302.6,0.62937,0.673153
8|84|sample|6|162,0.384,55427,5,6,1,78856.625,44161.0,45369.4,44552.7,44346.1,0.302659,0.30982
8|84|sample|6|162,1.92,28310,6,6,1,78856.625,44158.7,44153.6,44283.1,44153.3,-0.447229,-0.444877
8|84|sample|6|162,9.6,13006,7,6,1,78856.625,44029.7,43873.3,44017.0,43873.3,-0.87343,-0.872178
8|84|sample|6|162,48.0,4250,8,6,1,78856.625,37305.1,33468.3,33483.8,33468.3,-1.07626,-1.07618
8|84|sample|7|162,7.68e-05,69948,1,7,1,78856.625,36936.4,44097.9,44095.8,44222.6,0.726854,0.721252
8|84|sample|7|162,0.000384,87626,2,7,1,78856.625,44029.7,66889.2,68362.5,67748.7,0.351608,0.366058
8|84|sample|7|162,0.00192,79963,3,7,1,78856.625,44158.7,52535.4,54283.7,53527.3,0.588486,0.614253
8|84|sample|7|162,0.0096,76543,4,7,1,78856.625,44161.0,44357.2,44621.3,44432.8,0.88712,0.896077
8|84|sample|7|162,0.048,74241,5,7,1,78856.625,44161.0,44160.9,44289.8,44160.9,0.838479,0.844502
8|84|sample|7|162,0.24,46730,6,7,1,78856.625,44158.7,44153.3,44283.0,44153.3,0.0685122,0.0723524
8|84|sample|7|162,1.2,16917,7,7,1,78856.625,44029.7,43873.3,44017.0,43873.3,-0.763276,-0.76167
8|84|sample|7|162,6.0,1596,8,7,1,78856.625,36936.4,33468.3,33483.8,33468.3,-1.17397,-1.17393
8|84|sample|8|162,7.68e-05,70881,1,8,1,78856.625,36936.4,44097.9,44627.0,44333.5,0.729519,0.742472
8|84|sample|8|162,0.000384,79033,2,8,1,78856.625,44029.7,66889.2,72730.6,68545.4,0.108201,0.190921
8|84|sample|8|162,0.00192,84181,3,8,1,78856.625,44158.7,52535.4,61469.9,54532.1,0.460411,0.676406
8|84|sample|8|162,0.0096,79555,4,8,1,78856.625,44161.0,44357.2,46102.2,44528.5,0.900326,0.975397
8|84|sample|8|162,0.048,69015,5,8,1,78856.625,44161.0,44160.9,44289.9,44160.9,0.692172,0.697781
8|84|sample|8|162,0.24,49350,6,8,1,78856.625,44158.7,44153.3,44283.0,44153.3,0.14187,0.145921
8|84|sample|8|162,1.2,14789,7,8,1,78856.625,44029.7,43873.3,44017.0,43873.3,-0.823211,-0.821798
8|84|sample|8|162,6.0,1804,8,8,1,78856.625,36936.4,33468.3,33483.8,33468.3,-1.16631,-1.16627
8|84|sample|9|162,0.0003648,74429,1,9,1,78856.625,36936.4,41609.2,44079.5,43390.8,0.853606,0.886581
8|84|sample|9|162,0.001824,81503,2,9,1,78856.625,44029.7,52567.0,66351.3,60271.2,0.284838,0.438868
8|84|sample|9|162,0.00912,79111,3,9,1,78856.625,44158.7,44395.1,49261.7,45847.0,0.752653,0.900139
8|84|sample|9|162,0.0456,74577,4,9,1,78856.625,44161.0,44160.9,44294.1,44161.0,0.847682,0.853928
8|84|sample|9|162,0.228,48083,5,9,1,78856.625,44161.0,44160.9,44289.8,44160.9,0.106191,0.110114
8|84|sample|9|162,1.14,14006,6,9,1,78856.625,44158.7,44153.3,44283.0,44153.3,-0.847727,-0.84653
8|84|sample|9|162,5.7,1510,7,9,1,78856.625,44029.7,43873.3,44017.0,43873.3,-1.19722,-1.19701
8|84|sample|9|162,28.5,600,8,9,1,78856.625,36938.8,33468.3,33483.8,33468.3,-1.21064,-1.21062
8|84|vc|1|2|162,0.0,73943,1,2,1,78856.625,36936.4,33468.3,33483.8,33468.3,1.48953,1.49078
8|84|vc|2|2|162,0.0,83068,2,2,1,78856.625,44029.7,43873.3,44017.0,43873.3,1.09988,1.10747
8|84|vc|3|2|162,0.0,83256,3,2,1,78856.625,44029.7,43873.3,44017.0,43873.3,1.10517,1.11279
8|84|vc|4|2|162,0.0,81859,4,2,1,78856.625,44029.7,43873.3,44017.0,43873.3,1.06583,1.07331
8|84|vc|5|2|162,0.0,83236,5,2,1,78856.625,44029.7,43873.3,44017.0,43873.3,1.10461,1.11222
8|84|vc|6|2|162,0.0,85784,6,2,1,78856.625,44029.7,43873.3,44017.0,43873.3,1.17637,1.18422
8|84|vc|7|2|162,0.0,78995,7,2,1,78856.625,44029.7,43873.3,44017.0,43873.3,0.98516,0.992388
8|84|vc|8|2|162,0.0,60712,8,2,1,78856.625,36936.4,33468.3,33483.8,33468.3,1.00243,1.00345
8|719|cc|1|1|274,0.0,640,1,1,0,84741.625,0.0,0.0,0.0,0.0,0.996147,0.996147
8|719|cc|2|1|274,0.0,658,2,1,0,84741.625,0.0,0.0,0.0,0.0,1.02416,1.02416
8|719|cc|3|1|274,0.0,684,3,1,0,84741.625,0.0,0.0,0.0,0.0,1.06463,1.06463
8|719|cc|4|1|274,0.0,730,4,1,0,84741.625,0.0,0.0,0.0,0.0,1.13623,1.13623
8|719|cc|5|1|274,0.0,706,5,1,0,84741.625,0.0,0.0,0.0,0.0,1.09887,1.09887
8|719|cc|6|1|274,0.0,732,6,1,0,84741.625,0.0,0.0,0.0,0.0,1.13934,1.13934
8|719|cc|7|1|274,0.0,746,7,1,0,84741.625,0.0,0.0,0.0,0.0,1.16113,1.16113
8|719|cc|8|1|274,0.0,716,8,1,0,84741.625,0.0,0.0,0.0,0.0,1.11444,1.11444
8|719|sample|10|274,0.0003648,94350,1,10,1,84741.625,36936.4,59130.9,58428.1,57254.0,0.765621,0.806631
8|719|sample|10|274,0.001824,93025,2,10,1,84741.625,44029.7,83241.8,80263.0,74899.1,0.198746,0.30228
8|719|sample|10|274,0.00912,89279,3,10,1,84741.625,44158.7,81178.5,73506.1,63641.9,0.267969,0.502214
8|719|sample|10|274,0.0456,68995,4,10,1,84741.625,44158.7,73187.5,59096.6,49458.7,0.208615,0.490678
8|719|sample|10|274,0.228,32223,5,10,1,84741.625,44158.7,56103.6,46103.9,44302.3,-0.373567,-0.338064
8|719|sample|10|274,1.14,4210,6,10,1,84741.625,44158.7,44626.6,44290.6,44158.7,-1.12203,-1.12162
8|719|sample|10|274,5.7,632,7,10,1,84741.625,44029.7,44029.7,44166.0,44029.7,-1.22208,-1.22196
8|719|sample|10|274,28.5,612,8,10,1,84741.625,36939.4,36936.8,37009.0,36936.8,-1.21508,-1.21499
8|719|sample|11|274,0.0003712,89357,1,11,1,84741.625,36936.4,52767.2,58084.0,57268.2,0.670429,0.697583
8|719|sample|11|274,0.001856,92891,2,11,1,84741.625,44029.7,55452.5,75204.1,70132.9,0.293774,0.405027
8|719|sample|11|274,0.00928,86253,3,11,1,84741.625,44029.7,44440.2,55032.3,49623.2,0.705882,0.917004
8|719|sample|11|274,0.0464,67865,4,11,1,84741.625,44029.7,44029.7,44218.9,44034.9,0.66301,0.670912
8|719|sample|11|274,0.2319999999999999,24977,5,11,1,84741.625,44029.7,44029.7,44166.0,44029.7,-0.538671,-0.536471
8|719|sample|11|274,1.16,2348,6,11,1,84741.625,44029.7,44029.7,44166.0,44029.7,-1.17391,-1.17364
8|719|sample|11|274,5.8,638,7,11,1,84741.625,44029.7,44029.7,44166.0,44029.7,-1.22191,-1.22179
8|719|sample|11|274,29.0,584,8,11,1,84741.625,36940.2,36936.8,37009.0,36936.8,-1.21602,-1.21593
8|719|sample|12|274,0.0003712,94222,1,12,1,84741.625,36936.4,52767.2,58808.0,58746.0,0.749986,0.75208
8|719|sample|12|274,0.001856,91978,2,12,1,84741.625,36936.4,43285.3,57023.0,56347.5,0.76311,0.787051
8|719|sample|12|274,0.00928,89439,3,12,1,84741.625,36936.4,37164.9,48807.9,46837.2,1.03388,1.12887
8|719|sample|12|274,0.0464,65541,4,12,1,84741.625,36936.4,36936.8,37461.9,37141.6,0.926305,0.944777
8|719|sample|12|274,0.2319999999999999,22932,5,12,1,84741.625,36936.4,36936.8,37009.0,36936.8,-0.469947,-0.468432
8|719|sample|12|274,1.16,1534,6,12,1,84741.625,36936.4,36936.8,37009.0,36936.8,-1.1843,-1.18415
8|719|sample|12|274,5.8,634,7,12,1,84741.625,36936.4,36936.8,37009.0,36936.8,-1.21435,-1.21425
8|719|sample|12|274,29.0,568,8,12,1,84741.625,36940.2,36936.8,37009.0,36936.8,-1.21655,-1.21646
8|719|sample|3|274,6.4e-05,94588,1,3,1,84741.625,36936.4,59076.2,58965.4,58871.4,0.752415,0.755588
8|719|sample|3|274,0.00032,87222,2,3,1,84741.625,44029.7,82890.4,82932.1,81862.0,0.064679,0.0818587
8|719|sample|3|274,0.0016,85600,3,3,1,84741.625,44158.7,79987.2,80025.7,77414.0,0.0870652,0.132127
8|719|sample|3|274,0.008,88953,4,3,1,84741.625,44158.7,69977.6,70070.2,65418.3,0.336355,0.448663
8|719|sample|3|274,0.04,78809,5,3,1,84741.625,44158.7,52180.7,52318.7,49289.7,0.629523,0.743915
8|719|sample|3|274,0.2,76136,6,3,1,84741.625,44158.7,44315.0,44444.9,44231.8,0.884146,0.894303
8|719|sample|3|274,1.0,50010,7,3,1,84741.625,44029.7,44029.7,44166.0,44029.7,0.164051,0.168388
8|719|sample|3|274,5.0,9930,8,3,1,84741.625,36936.4,36936.8,37009.0,36936.8,-0.904008,-0.903322
8|719|sample|4|274,6.4e-05,96662,1,4,1,84741.625,36936.4,59076.2,58888.8,58875.5,0.798864,0.799322
8|719|sample|4|274,0.00032,85208,2,4,1,84741.625,44029.7,82890.4,82528.9,81881.4,0.0405875,0.0507922
8|719|sample|4|274,0.0016,85066,3,4,1,84741.625,44158.7,79987.2,78966.6,77459.1,0.0965306,0.122708
8|719|sample|4|274,0.008,87029,4,4,1,84741.625,44161.0,69984.2,68064.9,65495.6,0.347639,0.410032
8|719|sample|4|274,0.04,80898,5,4,1,84741.625,44161.0,52184.3,50909.2,49330.5,0.732085,0.794884
8|719|sample|4|274,0.2,71071,6,4,1,84741.625,44158.7,44315.0,44399.5,44232.6,0.744851,0.752288
8|719|sample|4|274,1.0,50818,7,4,1,84741.625,44029.7,44029.7,44166.0,44029.7,0.186733,0.191139
8|719|sample|4|274,5.0,10376,8,4,1,84741.625,36936.4,36936.8,37009.0,36936.8,-0.889118,-0.888404
8|719|sample|5|274,0.0006144,90234,1,5,1,84741.625,36936.4,58032.5,58485.4,58038.1,0.676017,0.690754
8|719|sample|5|274,0.003072,91037,2,5,1,84741.625,44029.7,76622.3,79392.0,76647.0,0.18332,0.234562
8|719|sample|5|274,0.01536,85896,3,5,1,84741.625,44158.7,63124.7,68018.6,63163.0,0.327937,0.448659
8|719|sample|5|274,0.0768,84081,4,5,1,84741.625,44161.0,46904.7,48997.4,46917.1,0.889333,0.983125
8|719|sample|5|274,0.384,66810,5,5,1,84741.625,44161.0,44166.6,44302.3,44166.6,0.629923,0.635634
8|719|sample|5|274,1.92,28534,6,5,1,84741.625,44158.7,44158.7,44287.8,44158.7,-0.441044,-0.438685
8|719|sample|5|274,9.6,4934,7,5,1,84741.625,44029.7,44029.7,44166.0,44029.7,-1.10131,-1.10082
8|719|sample|5|274,48.0,870,8,5,1,84741.625,37388.4,36936.8,37009.0,36936.8,-1.20647,-1.20636
8|719|sample|6|274,0.0006144,90599,1,6,1,84741.625,36936.4,58032.5,58608.1,58299.2,0.679772,0.689922
8|719|sample|6|274,0.003072,100276,2,6,1,84741.625,44029.7,76622.3,80069.6,77857.5,0.315433,0.359805
8|719|sample|6|274,0.01536,89109,3,6,1,84741.625,44158.7,63124.7,69459.9,65153.3,0.353045,0.458523
8|719|sample|6|274,0.0768,84595,4,6,1,84741.625,44161.0,46904.7,49783.7,47627.5,0.868714,0.963586
8|719|sample|6|274,0.384,66428,5,6,1,84741.625,44161.0,44166.6,44305.9,44168.8,0.619083,0.624819
8|719|sample|6|274,1.92,28310,6,6,1,84741.625,44158.7,44158.7,44287.8,44158.7,-0.447316,-0.444974
8|719|sample|6|274,9.6,3504,7,6,1,84741.625,44029.7,44029.7,44166.0,44029.7,-1.14146,-1.14109
8|719|sample|6|274,48.0,772,8,6,1,84741.625,37388.4,36936.8,37009.0,36936.8,-1.20974,-1.20964
8|719|sample|7|274,7.68e-05,96784,1,7,1,84741.625,36936.4,59240.1,58665.2,58095.3,0.809202,0.829246
8|719|sample|7|274,0.000384,90264,2,7,1,84741.625,44029.7,83951.5,81684.3,78790.5,0.131313,0.181985
8|719|sample|7|274,0.00192,93457,3,7,1,84741.625,44158.7,83685.1,77648.7,71689.3,0.25439,0.379085
8|719|sample|7|274,0.0096,84890,4,7,1,84741.625,44161.0,81044.2,67470.6,58605.5,0.322101,0.55854
8|719|sample|7|274,0.048,65169,5,7,1,84741.625,44161.0,72787.7,52379.9,46754.1,0.303574,0.488813
8|719|sample|7|274,0.24,30352,6,7,1,84741.625,44158.7,55503.7,44674.7,44185.6,-0.397568,-0.388166
8|719|sample|7|274,1.2,4196,7,7,1,84741.625,44029.7,44414.0,44166.1,44029.7,-1.12203,-1.1216
8|719|sample|7|274,6.0,676,8,7,1,84741.625,36936.4,36936.8,37009.0,36936.8,-1.21294,-1.21285
8|719|sample|8|274,7.68e-05,95369,1,8,1,84741.625,36936.4,59240.1,59035.1,57874.3,0.766547,0.806681
8|719|sample|8|274,0.000384,92759,2,8,1,84741.625,44029.7,83951.5,83473.7,77928.8,0.139094,0.237801
8|719|sample|8|274,0.00192,84653,3,8,1,84741.625,44158.7,83685.1,82164.5,70103.0,0.0378656,0.259056
8|719|sample|8|274,0.0096,85030,4,8,1,84741.625,44161.0,81044.2,76908.0,56739.3,0.131946,0.620667
8|719|sample|8|274,0.048,63826,5,8,1,84741.625,44161.0,72787.7,64260.0,46050.3,-0.00842157,0.478931
8|719|sample|8|274,0.24,29936,6,8,1,84741.625,44158.7,55503.7,48286.1,44172.0,-0.471893,-0.399577
8|719|sample|8|274,1.2,4124,7,8,1,84741.625,44029.7,44414.0,44186.5,44029.7,-1.12412,-1.12363
8|719|sample|8|274,6.0,680,8,8,1,84741.625,36936.4,36936.8,37009.0,36936.8,-1.21281,-1.21272
8|719|sample|9|274,0.0003648,99893,1,9,1,84741.625,36936.4,59130.9,58253.0,57116.7,0.890123,0.93235
8|719|sample|9|274,0.001824,90396,2,9,1,84741.625,44029.7,83241.8,79461.7,74385.0,0.171984,0.268834
8|719|sample|9|274,0.00912,87530,3,9,1,84741.625,44158.7,81178.5,71788.7,62859.0,0.273758,0.489231
8|719|sample|9|274,0.0456,67618,4,9,1,84741.625,44161.0,73194.6,56903.9,48965.3,0.234384,0.473129
8|719|sample|9|274,0.228,32029,5,9,1,84741.625,44161.0,56107.9,45488.9,44275.1,-0.367049,-0.34294
8|719|sample|9|274,1.14,4042,6,9,1,84741.625,44158.7,44626.6,44288.8,44158.7,-1.12673,-1.12633
8|719|sample|9|274,5.7,674,7,9,1,84741.625,44029.7,44029.7,44166.0,44029.7,-1.2209,-1.22077
8|719|sample|9|274,28.5,644,8,9,1,84741.625,36939.4,36936.8,37009.0,36936.8,-1.21401,-1.21392
8|719|vc|1|2|274,0.0,95775,1,2,1,84741.625,36936.4,36936.8,37009.0,36936.8,1.96185,1.96802
8|719|vc|2|2|274,0.0,90514,2,2,1,84741.625,44029.7,44029.7,44166.0,44029.7,1.30107,1.30887
8|719|vc|3|2|274,0.0,86615,3,2,1,84741.625,44029.7,44029.7,44166.0,44029.7,1.19162,1.19908
8|719|vc|4|2|274,0.0,84683,4,2,1,84741.625,44029.7,44029.7,44166.0,44029.7,1.13739,1.14468
8|719|vc|5|2|274,0.0,87250,5,2,1,84741.625,44029.7,44029.7,44166.0,44029.7,1.20945,1.21696
8|719|vc|6|2|274,0.0,81493,6,2,1,84741.625,44029.7,44029.7,44166.0,44029.7,1.04784,1.05486
8|719|vc|7|2|274,0.0,76517,7,2,1,84741.625,44029.7,44029.7,44166.0,44029.7,0.908151,0.91475
8|719|vc|8|2|274,0.0,75086,8,2,1,84741.625,36936.4,36936.8,37009.0,36936.8,1.27117,1.27601
8|488|cc|1|1|322,0.0,690,1,1,0,92253.875,0.0,0.0,0.0,0.0,1.07397,1.07397
8|488|cc|2|1|322,0.0,744,2,1,0,92253.875,0.0,0.0,0.0,0.0,1.15802,1.15802
8|488|cc|3|1|322,0.0,678,3,1,0,92253.875,0.0,0.0,0.0,0.0,1.05529,1.05529
8|488|cc|4|1|322,0.0,658,4,1,0,92253.875,0.0,0.0,0.0,0.0,1.02416,1.02416
8|488|cc|5|1|322,0.0,652,5,1,0,92253.875,0.0,0.0,0.0,0.0,1.01482,1.01482
8|488|cc|6|1|322,0.0,686,6,1,0,92253.875,0.0,0.0,0.0,0.0,1.06775,1.06775
8|488|cc|7|1|322,0.0,710,7,1,0,92253.875,0.0,0.0,0.0,0.0,1.1051,1.1051
8|488|cc|8|1|322,0.0,678,8,1,0,92253.875,0.0,0.0,0.0,0.0,1.05529,1.05529
8|488|sample|10|322,0.0003648,81577,1,10,1,92253.875,36936.4,56092.5,54544.7,55445.1,0.61657,0.586494
8|488|sample|10|322,0.001824,77221,2,10,1,92253.875,44029.7,56586.9,53998.5,55350.7,0.534952,0.491673
8|488|sample|10|322,0.00912,73813,3,10,1,92253.875,44158.7,44530.2,44473.3,44434.2,0.818031,0.819828
8|488|sample|10|322,0.0456,47917,4,10,1,92253.875,44158.7,44158.7,44287.8,44158.7,0.101602,0.10552
8|488|sample|10|322,0.228,23762,5,10,1,92253.875,44158.7,44158.7,44287.8,44158.7,-0.574641,-0.572666
8|488|sample|10|322,1.14,14795,6,10,1,92253.875,44158.7,44158.7,44287.8,44158.7,-0.825682,-0.824427
8|488|sample|10|322,5.7,9720,7,10,1,92253.875,44029.7,44029.8,44166.1,44029.8,-0.966963,-0.966065
8|488|sample|10|322,28.5,5400,8,10,1,92253.875,36940.1,36937.7,37009.8,36937.7,-1.05524,-1.05485
8|488|sample|11|322,0.0003712,81357,1,11,1,92253.875,36936.4,64376.6,62151.4,57102.3,0.385132,0.528786
8|488|sample|11|322,0.001856,80376,2,11,1,92253.875,44029.7,90667.8,82231.7,68064.1,-0.0282138,0.225696
8|488|sample|11|322,0.00928,77900,3,11,1,92253.875,44029.7,88022.5,70928.3,54761.0,0.122701,0.525717
8|488|sample|11|322,0.0464,59219,4,11,1,92253.875,44029.7,79580.0,54983.0,45906.5,0.0958592,0.359783
8|488|sample|11|322,0.2319999999999999,31458,5,11,1,92253.875,44029.7,60402.0,45238.3,44074.9,-0.377831,-0.354898
8|488|sample|11|322,1.16,7890,6,11,1,92253.875,44029.7,45032.3,44169.4,44029.8,-1.01835,-1.01759
8|488|sample|11|322,5.8,2100,7,11,1,92253.875,44029.7,44029.8,44166.1,44029.7,-1.18087,-1.18062
8|488|sample|11|322,29.0,842,8,11,1,92253.875,36941.1,36937.7,37009.8,36937.7,-1.2074,-1.2073
8|488|sample|12|322,0.0003712,85678,1,12,1,92253.875,36936.4,64376.6,63795.3,62423.5,0.427649,0.464317
8|488|sample|12|322,0.001856,78320,2,12,1,92253.875,36936.4,63941.3,62551.4,59350.4,0.314213,0.39811
8|488|sample|12|322,0.00928,75748,3,12,1,92253.875,36936.4,62409.7,59085.2,52973.8,0.351246,0.534621
8|488|sample|12|322,0.0464,56968,4,12,1,92253.875,36936.4,57521.4,51133.8,43657.9,0.141809,0.37791
8|488|sample|12|322,0.2319999999999999,26171,5,12,1,92253.875,36936.4,46417.3,40631.2,37651.3,-0.440548,-0.376858
8|488|sample|12|322,1.16,6422,6,12,1,92253.875,36936.4,37518.2,37070.5,36940.2,-1.02151,-1.02068
8|488|sample|12|322,5.8,1454,7,12,1,92253.875,36936.4,36937.8,37009.8,36937.7,-1.18697,-1.18683
8|488|sample|12|322,29.0,1264,8,12,1,92253.875,36941.1,36937.7,37009.8,36937.7,-1.19332,-1.19318
8|488|sample|3|322,6.4e-05,94358,1,3,1,92253.875,36936.4,64485.3,64375.9,64446.1,0.580717,0.578733
8|488|sample|3|322,0.00032,92993,2,3,1,92253.875,44029.7,91346.3,91457.0,91152.1,0.021018,0.025274
8|488|sample|3|322,0.0016,99499,3,3,1,92253.875,44158.7,90934.6,91166.9,90406.4,0.114375,0.125856
8|488|sample|3|322,0.008,102432,4,3,1,92253.875,44158.7,87666.9,88263.9,86425.0,0.200825,0.231674
8|488|sample|3|322,0.04,102826,5,3,1,92253.875,44158.7,77876.6,78978.1,75834.3,0.377371,0.444638
8|488|sample|3|322,0.2,85912,6,3,1,92253.875,44158.7,58957.0,59746.9,57730.8,0.545525,0.607794
8|488|sample|3|322,1.0,75884,7,3,1,92253.875,44029.7,45761.5,45877.6,45790.9,0.811454,0.815313
8|488|sample|3|322,5.0,33601,8,3,1,92253.875,36936.4,36958.5,37026.9,36966.8,-0.114315,-0.11249
8|488|sample|4|322,6.4e-05,90076,1,4,1,92253.875,36936.4,64485.3,64376.9,64446.2,0.497753,0.495883
8|488|sample|4|322,0.00032,95871,2,4,1,92253.875,44029.7,91346.3,91462.7,91152.6,0.0603197,0.0647801
8|488|sample|4|322,0.0016,100086,3,4,1,92253.875,44158.7,90934.6,91183.9,90407.6,0.122177,0.133962
8|488|sample|4|322,0.008,105205,4,4,1,92253.875,44161.0,87676.0,88317.1,86436.6,0.239234,0.271603
8|488|sample|4|322,0.04,98822,5,4,1,92253.875,44161.0,77884.2,79070.3,75845.8,0.312192,0.378433
8|488|sample|4|322,0.2,88433,6,4,1,92253.875,44158.7,58957.0,59805.3,57733.2,0.596292,0.662086
8|488|sample|4|322,1.0,78354,7,4,1,92253.875,44029.7,45761.5,45876.3,45790.9,0.878311,0.882235
8|488|sample|4|322,5.0,36320,8,4,1,92253.875,36936.4,36958.5,37026.6,36966.8,-0.023578,-0.021617
8|488|sample|5|322,0.0006144,97119,1,5,1,92253.875,36936.4,64191.4,64201.9,64146.7,0.639268,0.640885
8|488|sample|5|322,0.003072,96198,2,5,1,92253.875,44029.7,89536.5,90235.7,89329.0,0.0826829,0.0962142
8|488|sample|5|322,0.01536,101181,3,5,1,92253.875,44158.7,84815.5,86440.7,84352.3,0.213302,0.249494
8|488|sample|5|322,0.0768,100658,4,5,1,92253.875,44161.0,70967.7,73314.2,70368.7,0.465752,0.537274
8|488|sample|5|322,0.384,92386,5,5,1,92253.875,44161.0,51790.6,52538.7,51633.6,0.943037,0.981103
8|488|sample|5|322,1.92,64050,6,5,1,92253.875,44158.7,44600.2,44666.3,44617.1,0.538152,0.540099
8|488|sample|5|322,9.6,21984,7,5,1,92253.875,44029.7,44034.8,44168.8,44035.7,-0.622729,-0.62083
8|488|sample|5|322,48.0,4784,8,5,1,92253.875,37494.7,36937.7,37009.8,36937.7,-1.07581,-1.07545
8|488|sample|6|322,0.0006144,96232,1,6,1,92253.875,36936.4,64191.4,64132.7,64101.3,0.624051,0.624964
8|488|sample|6|322,0.003072,95307,2,6,1,92253.875,44029.7,89536.5,89879.6,89124.3,0.07556,0.0867975
8|488|sample|6|322,0.01536,103629,3,6,1,92253.875,44158.7,84815.5,85550.8,83910.8,0.264299,0.293856
8|488|sample|6|322,0.0768,97373,4,6,1,92253.875,44161.0,70967.7,71999.5,69819.2,0.439995,0.492553
8|488|sample|6|322,0.384,87530,5,6,1,92253.875,44161.0,51790.6,52163.3,51492.8,0.842931,0.869919
8|488|sample|6|322,1.92,63970,6,6,1,92253.875,44158.7,44600.2,44701.2,44633.0,0.534549,0.537247
8|488|sample|6|322,9.6,23620,7,6,1,92253.875,44029.7,44034.8,44170.0,44036.6,-0.576825,-0.574785
8|488|sample|6|322,48.0,5018,8,6,1,92253.875,37494.7,36937.7,37009.8,36937.7,-1.06799,-1.06762
8|488|sample|7|322,7.68e-05,88102,1,7,1,92253.875,36936.4,61809.1,63500.5,63043.4,0.482985,0.495483
8|488|sample|7|322,0.000384,97131,2,7,1,92253.875,44029.7,76606.5,85268.8,82169.8,0.17399,0.227642
8|488|sample|7|322,0.00192,94452,3,7,1,92253.875,44158.7,56131.5,69897.9,63871.2,0.438443,0.596933
8|488|sample|7|322,0.0096,82610,4,7,1,92253.875,44161.0,44463.9,47547.0,45530.4,0.915467,1.01025
8|488|sample|7|322,0.048,53340,5,7,1,92253.875,44161.0,44161.0,44290.4,44161.1,0.253338,0.257698
8|488|sample|7|322,0.24,30010,6,7,1,92253.875,44158.7,44158.7,44287.8,44158.7,-0.399722,-0.397244
8|488|sample|7|322,1.2,17535,7,7,1,92253.875,44029.7,44029.8,44166.1,44029.8,-0.747582,-0.746016
8|488|sample|7|322,6.0,10208,8,7,1,92253.875,36936.4,36937.7,37009.8,36937.7,-0.894735,-0.894033
8|488|sample|8|322,7.68e-05,96152,1,8,1,92253.875,36936.4,61809.1,63824.6,63028.4,0.631481,0.655104
8|488|sample|8|322,0.000384,86213,2,8,1,92253.875,44029.7,76606.5,87204.3,82095.2,-0.0142199,0.0627108
8|488|sample|8|322,0.00192,94198,3,8,1,92253.875,44158.7,56131.5,74617.9,63743.6,0.327748,0.595641
8|488|sample|8|322,0.0096,85402,4,8,1,92253.875,44161.0,44463.9,50198.0,45502.5,0.871378,1.08773
8|488|sample|8|322,0.048,55227,5,8,1,92253.875,44161.0,44161.0,44293.4,44161.1,0.306061,0.310676
8|488|sample|8|322,0.24,28203,6,8,1,92253.875,44158.7,44158.7,44287.8,44158.7,-0.450311,-0.447978
8|488|sample|8|322,1.2,15833,7,8,1,92253.875,44029.7,44029.8,44166.1,44029.8,-0.79536,-0.79394
8|488|sample|8|322,6.0,10222,8,8,1,92253.875,36936.4,36937.7,37009.8,36937.7,-0.894268,-0.893564
8|488|sample|9|322,0.0003648,88000,1,9,1,92253.875,36936.4,56092.5,59934.6,57337.7,0.583336,0.665773
8|488|sample|9|322,0.001824,81172,2,9,1,92253.875,44029.7,56586.9,66966.3,59279.3,0.264631,0.459998
8|488|sample|9|322,0.00912,76271,3,9,1,92253.875,44158.7,44530.2,46616.4,44817.7,0.789449,0.870341
8|488|sample|9|322,0.0456,48779,4,9,1,92253.875,44161.0,44161.0,44290.1,44161.0,0.125665,0.129649
8|488|sample|9|322,0.228,28900,5,9,1,92253.875,44161.0,44161.0,44289.9,44161.0,-0.430836,-0.428453
8|488|sample|9|322,1.14,16823,6,9,1,92253.875,44158.7,44158.7,44287.8,44158.7,-0.768906,-0.767488
8|488|sample|9|322,5.7,9274,7,9,1,92253.875,44029.7,44029.8,44166.1,44029.8,-0.979483,-0.978623
8|488|sample|9|322,28.5,5678,8,9,1,92253.875,36940.1,36937.7,37009.8,36937.7,-1.04596,-1.04555
8|488|vc|1|2|322,0.0,94917,1,2,1,92253.875,36936.4,36937.7,37009.8,36937.7,1.93314,1.93924
8|488|vc|2|2|322,0.0,99297,2,2,1,92253.875,44029.7,44029.7,44166.1,44029.7,1.54763,1.55617
8|488|vc|3|2|322,0.0,94280,3,2,1,92253.875,44029.7,44029.7,44166.1,44029.7,1.40679,1.4149
8|488|vc|4|2|322,0.0,91878,4,2,1,92253.875,44029.7,44029.7,44166.1,44029.7,1.33936,1.34727
8|488|vc|5|2|322,0.0,91882,5,2,1,92253.875,44029.7,44029.7,44166.1,44029.7,1.33947,1.34738
8|488|vc|6|2|322,0.0,90577,6,2,1,92253.875,44029.7,44029.7,44166.1,44029.7,1.30284,1.31064
8|488|vc|7|2|322,0.0,89724,7,2,1,92253.875,44029.7,44029.7,44166.1,44029.7,1.27889,1.28662
8|488|vc|8|2|322,0.0,85476,8,2,1,92253.875,36936.4,36937.7,37009.8,36937.7,1.61796,1.62347
8|847|cc|1|1|69,0.0,676,1,1,0,136227.125,0.0,0.0,0.0,0.0,1.05218,1.05218
8|847|cc|2|1|69,0.0,738,2,1,0,136227.125,0.0,0.0,0.0,0.0,1.14868,1.14868
8|847|cc|3|1|69,0.0,778,3,1,0,136227.125,0.0,0.0,0.0,0.0,1.21094,1.21094
8|847|cc|4|1|69,0.0,704,4,1,0,136227.125,0.0,0.0,0.0,0.0,1.09576,1.09576
8|847|cc|5|1|69,0.0,732,5,1,0,136227.125,0.0,0.0,0.0,0.0,1.13934,1.13934
8|847|cc|6|1|69,0.0,732,6,1,0,136227.125,0.0,0.0,0.0,0.0,1.13934,1.13934
8|847|cc|7|1|69,0.0,698,7,1,0,136227.125,0.0,0.0,0.0,0.0,1.08642,1.08642
8|847|cc|8|1|69,0.0,842,8,1,0,136227.125,0.0,0.0,0.0,0.0,1.31056,1.31056
8|847|sample|10|69,0.0003648,119901,1,10,1,136227.125,36936.4,95226.7,87414.0,76696.9,0.464922,0.703786
8|847|sample|10|69,0.001824,119010,2,10,1,136227.125,44029.7,135000.0,112633.0,90099.1,0.0709701,0.401524
8|847|sample|10|69,0.00912,106506,3,10,1,136227.125,44158.7,134685.0,95685.1,71363.3,0.141585,0.614772
8|847|sample|10|69,0.0456,64608,4,10,1,136227.125,44158.7,130756.0,72807.7,54788.6,-0.140629,0.222986
8|847|sample|10|69,0.228,13842,5,10,1,136227.125,44158.7,117829.0,53147.0,46237.3,-0.919716,-0.86936
8|847|sample|10|69,1.14,918,6,10,1,136227.125,44158.7,85188.7,45199.2,44288.6,-1.21514,-1.21418
8|847|sample|10|69,5.7,610,7,10,1,136227.125,44029.7,49165.0,44178.8,44031.1,-1.22271,-1.22258
8|847|sample|10|69,28.5,526,8,10,1,136227.125,36944.3,36940.0,37008.5,36936.3,-1.21795,-1.21787
8|847|sample|11|69,0.0003712,133212,1,11,1,136227.125,36936.4,94742.0,94283.7,89732.5,0.516859,0.606303
8|847|sample|11|69,0.001856,105958,2,11,1,136227.125,44029.7,132271.0,131115.0,116229.0,-0.240763,-0.110804
8|847|sample|11|69,0.00928,119951,3,11,1,136227.125,44029.7,124482.0,121616.0,96788.6,-0.0171696,0.299639
8|847|sample|11|69,0.0464,102632,4,11,1,136227.125,44029.7,101818.0,96982.1,70038.9,0.0729454,0.58083
8|847|sample|11|69,0.2319999999999999,66738,5,11,1,136227.125,44029.7,62733.5,60025.8,49793.6,0.139304,0.422764
8|847|sample|11|69,1.16,18073,6,11,1,136227.125,44029.7,44699.8,44758.1,44349.4,-0.739367,-0.734632
8|847|sample|11|69,5.8,1002,7,11,1,136227.125,44029.7,44030.2,44166.7,44032.5,-1.21169,-1.21154
8|847|sample|11|69,29.0,630,8,11,1,136227.125,36946.3,36936.3,37008.5,36936.4,-1.21448,-1.21439
8|847|sample|12|69,0.0003712,124911,1,12,1,136227.125,36936.4,94742.0,94681.5,94376.4,0.399691,0.405019
8|847|sample|12|69,0.001856,113518,2,12,1,136227.125,36936.4,93290.2,93472.7,92289.8,0.268434,0.287887
8|847|sample|12|69,0.00928,110811,3,12,1,136227.125,36936.4,88316.1,89101.2,85925.1,0.304859,0.362255
8|847|sample|12|69,0.0464,95553,4,12,1,136227.125,36936.4,73841.6,75503.0,69892.0,0.331721,0.458245
8|847|sample|12|69,0.2319999999999999,71057,5,12,1,136227.125,36936.4,48881.2,50042.8,46654.0,0.521737,0.64913
8|847|sample|12|69,1.16,17709,6,12,1,136227.125,36936.4,37364.3,37466.7,37303.5,-0.651706,-0.649091
8|847|sample|12|69,5.8,964,7,12,1,136227.125,36936.4,36936.6,37008.7,36936.8,-1.20333,-1.20322
8|847|sample|12|69,29.0,514,8,12,1,136227.125,36946.3,36936.3,37008.5,36936.3,-1.21835,-1.21827
8|847|sample|3|69,6.4e-05,141928,1,3,1,136227.125,36936.4,95214.0,94991.9,93990.2,0.618572,0.63845
8|847|sample|3|69,0.00032,138654,2,3,1,136227.125,44029.7,134927.0,134791.0,130502.0,0.0359661,0.0783848
8|847|sample|3|69,0.0016,135457,3,3,1,136227.125,44158.7,134422.0,133890.0,124636.0,0.0146868,0.108906
8|847|sample|3|69,0.008,145249,4,3,1,136227.125,44158.7,129855.0,128453.0,110687.0,0.164052,0.391376
8|847|sample|3|69,0.04,131047,5,3,1,136227.125,44158.7,115217.0,112291.0,86605.9,0.209385,0.641877
8|847|sample|3|69,0.2,70406,6,3,1,136227.125,44158.7,81072.9,77969.5,59525.0,-0.121217,0.227695
8|847|sample|3|69,1.0,35020,7,3,1,136227.125,44029.7,48638.6,48276.9,45886.5,-0.34098,-0.293804
8|847|sample|3|69,5.0,19157,8,3,1,136227.125,36936.4,36953.3,37026.5,36963.6,-0.596282,-0.595172
8|847|sample|4|69,6.4e-05,137164,1,4,1,136227.125,36936.4,95214.0,94943.2,93541.1,0.556713,0.583748
8|847|sample|4|69,0.00032,143262,2,4,1,136227.125,44029.7,134927.0,134573.0,129129.0,0.0810366,0.13733
8|847|sample|4|69,0.0016,134282,3,4,1,136227.125,44158.7,134422.0,133291.0,122157.0,0.009334,0.124496
8|847|sample|4|69,0.008,148754,4,4,1,136227.125,44161.0,129869.0,126983.0,106961.0,0.215095,0.489627
8|847|sample|4|69,0.04,120142,5,4,1,136227.125,44161.0,115229.0,109436.0,82702.7,0.122604,0.566022
8|847|sample|4|69,0.2,68131,6,4,1,136227.125,44158.7,81072.9,75188.0,57614.9,-0.117239,0.227254
8|847|sample|4|69,1.0,33891,7,4,1,136227.125,44029.7,48638.6,47876.2,45689.9,-0.362672,-0.320363
8|847|sample|4|69,5.0,19357,8,4,1,136227.125,36936.4,36953.3,37027.6,36965.0,-0.589627,-0.588512
8|847|sample|5|69,0.0006144,138978,1,5,1,136227.125,36936.4,94771.4,93898.2,89768.0,0.600968,0.685944
8|847|sample|5|69,0.003072,131680,2,5,1,136227.125,44029.7,132435.0,129637.0,116546.0,0.0197785,0.162818
8|847|sample|5|69,0.01536,120056,3,5,1,136227.125,44158.7,125748.0,119217.0,98205.7,0.00882176,0.278619
8|847|sample|5|69,0.0768,103047,4,5,1,136227.125,44161.0,103831.0,93538.5,71827.2,0.127243,0.54266
8|847|sample|5|69,0.384,56782,5,5,1,136227.125,44161.0,64747.9,59068.1,50944.5,-0.0482037,0.142408
8|847|sample|5|69,1.92,28614,6,5,1,136227.125,44158.7,45069.5,45016.4,44634.4,-0.451902,-0.445086
8|847|sample|5|69,9.6,20034,7,5,1,136227.125,44029.7,44030.8,44168.1,44036.1,-0.677457,-0.675734
8|847|sample|5|69,48.0,9472,8,5,1,136227.125,38117.0,36936.3,37008.5,36936.4,-0.919293,-0.918637
8|847|sample|6|69,0.0006144,127160,1,6,1,136227.125,36936.4,94771.4,93624.6,87141.3,0.448363,0.574484
8|847|sample|6|69,0.003072,130753,2,6,1,136227.125,44029.7,132435.0,128621.0,110191.0,0.0207955,0.233881
8|847|sample|6|69,0.01536,115206,3,6,1,136227.125,44158.7,125748.0,117163.0,90513.6,-0.0209485,0.341381
8|847|sample|6|69,0.0768,93986,4,6,1,136227.125,44161.0,103831.0,90798.3,66238.2,0.0439333,0.522514
8|847|sample|6|69,0.384,45894,5,6,1,136227.125,44161.0,64747.9,57803.3,49424.7,-0.256534,-0.0887378
8|847|sample|6|69,1.92,27093,6,6,1,136227.125,44158.7,45069.5,44977.4,44580.8,-0.493152,-0.486429
8|847|sample|6|69,9.6,17839,7,6,1,136227.125,44029.7,44030.8,44168.4,44038.2,-0.739076,-0.737556
8|847|sample|6|69,48.0,9360,8,6,1,136227.125,38117.0,36936.3,37008.5,36936.4,-0.923032,-0.922384
8|847|sample|7|69,7.68e-05,124621,1,7,1,136227.125,36936.4,95279.0,93216.2,86538.4,0.421701,0.550465
8|847|sample|7|69,0.000384,124263,2,7,1,136227.125,44029.7,135299.0,129005.0,111691.0,-0.0461212,0.141097
8|847|sample|7|69,0.00192,127505,3,7,1,136227.125,44158.7,135774.0,122473.0,97016.5,0.0515369,0.393493
8|847|sample|7|69,0.0096,128418,4,7,1,136227.125,44161.0,134635.0,108642.0,77319.6,0.22812,0.82575
8|847|sample|7|69,0.048,77472,5,7,1,136227.125,44161.0,130547.0,86275.9,58334.8,-0.127639,0.408524
8|847|sample|7|69,0.24,19051,6,7,1,136227.125,44158.7,117143.0,60886.9,47230.4,-0.856132,-0.74059
8|847|sample|7|69,1.2,998,7,7,1,136227.125,44029.7,83412.4,46444.9,44236.6,-1.21425,-1.21189
8|847|sample|7|69,6.0,632,8,7,1,136227.125,36936.4,39853.5,37033.4,36937.7,-1.21444,-1.21432
8|847|sample|8|69,7.68e-05,130681,1,8,1,136227.125,36936.4,95279.0,90254.2,85645.9,0.560506,0.657679
8|847|sample|8|69,0.000384,131502,2,8,1,136227.125,44029.7,135299.0,120949.0,109717.0,0.109425,0.24885
8|847|sample|8|69,0.00192,123225,3,8,1,136227.125,44158.7,135774.0,109537.0,94571.5,0.156618,0.379289
8|847|sample|8|69,0.0096,120550,4,8,1,136227.125,44161.0,134635.0,90997.9,74959.0,0.406412,0.759704
8|847|sample|8|69,0.048,74924,5,8,1,136227.125,44161.0,130547.0,68539.9,56846.4,0.116228,0.395864
8|847|sample|8|69,0.24,17541,6,8,1,136227.125,44158.7,117143.0,51093.7,46783.1,-0.816173,-0.775741
8|847|sample|8|69,1.2,1000,7,8,1,136227.125,44029.7,83412.4,44772.4,44198.5,-1.21243,-1.21179
8|847|sample|8|69,6.0,620,8,8,1,136227.125,36936.4,39853.5,37013.2,36937.4,-1.21482,-1.21472
8|847|sample|9|69,0.0003648,122535,1,9,1,136227.125,36936.4,95226.7,90003.7,76791.7,0.45228,0.744239
8|847|sample|9|69,0.001824,114457,2,9,1,136227.125,44029.7,135000.0,119151.0,90270.4,-0.0494049,0.335281
8|847|sample|9|69,0.00912,103659,3,9,1,136227.125,44158.7,134685.0,104677.0,71516.9,-0.0121895,0.561086
8|847|sample|9|69,0.0456,70963,4,9,1,136227.125,44161.0,130770.0,81890.1,54880.2,-0.166822,0.364618
8|847|sample|9|69,0.228,15485,5,9,1,136227.125,44161.0,117841.0,58170.6,46263.7,-0.913749,-0.825513
8|847|sample|9|69,1.14,998,6,9,1,136227.125,44158.7,85188.7,46064.1,44290.5,-1.21386,-1.21195
8|847|sample|9|69,5.7,588,7,9,1,136227.125,44029.7,49165.0,44195.7,44031.1,-1.22334,-1.2232
8|847|sample|9|69,28.5,600,8,9,1,136227.125,36944.3,36940.0,37008.5,36936.3,-1.21548,-1.21539
8|847|vc|1|2|69,0.0,128428,1,2,1,136227.125,36936.4,36936.3,37008.5,36936.3,3.052,3.06024
8|847|vc|2|2|69,0.0,140797,2,2,1,136227.125,44029.7,44029.7,44166.0,44029.7,2.71261,2.72469
8|847|vc|3|2|69,0.0,133543,3,2,1,136227.125,44029.7,44029.7,44166.0,44029.7,2.50898,2.52044
8|847|vc|4|2|69,0.0,145073,4,2,1,136227.125,44029.7,44029.7,44166.0,44029.7,2.83264,2.84509
8|847|vc|5|2|69,0.0,153047,5,2,1,136227.125,44029.7,44029.7,44166.0,44029.7,3.05649,3.06962
8|847|vc|6|2|69,0.0,143667,6,2,1,136227.125,44029.7,44029.7,44166.0,44029.7,2.79317,2.8055
8|847|vc|7|2|69,0.0,129385,7,2,1,136227.125,44029.7,44029.7,44166.0,44029.7,2.39225,2.40336
8|847|vc|8|2|69,0.0,115877,8,2,1,136227.125,36936.4,36936.3,37008.5,36936.3,2.63299,2.64043
8|474|cc|1|1|276,0.0,688,1,1,0,126520.0,0.0,0.0,0.0,0.0,1.07086,1.07086
8|474|cc|2|1|276,0.0,722,2,1,0,126520.0,0.0,0.0,0.0,0.0,1.12378,1.12378
8|474|cc|3|1|276,0.0,726,3,1,0,126520.0,0.0,0.0,0.0,0.0,1.13,1.13
8|474|cc|4|1|276,0.0,740,4,1,0,126520.0,0.0,0.0,0.0,0.0,1.15179,1.15179
8|474|cc|5|1|276,0.0,730,5,1,0,126520.0,0.0,0.0,0.0,0.0,1.13623,1.13623
8|474|cc|6|1|276,0.0,798,6,1,0,126520.0,0.0,0.0,0.0,0.0,1.24207,1.24207
8|474|cc|7|1|276,0.0,812,7,1,0,126520.0,0.0,0.0,0.0,0.0,1.26386,1.26386
8|474|cc|8|1|276,0.0,708,8,1,0,126520.0,0.0,0.0,0.0,0.0,1.10199,1.10199
8|474|sample|10|276,0.0003648,136491,1,10,1,126520.0,36936.4,94350.2,95738.5,91797.5,0.532926,0.609335
8|474|sample|10|276,0.001824,112487,2,10,1,126520.0,44029.7,97492.7,103911.0,90805.5,0.103396,0.298799
8|474|sample|10|276,0.00912,87404,3,10,1,126520.0,44158.7,61453.2,67989.3,56364.1,0.356289,0.68545
8|474|sample|10|276,0.0456,26053,4,10,1,126520.0,44158.7,44478.9,44971.4,44306.8,-0.521732,-0.510819
8|474|sample|10|276,0.228,1910,5,10,1,126520.0,44158.7,44160.4,44289.3,44160.4,-1.18641,-1.18619
8|474|sample|10|276,1.14,702,6,10,1,126520.0,44158.7,44160.4,44289.3,44160.4,-1.22023,-1.22011
8|474|sample|10|276,5.7,688,7,10,1,126520.0,44029.7,44106.4,44235.6,44106.4,-1.22057,-1.22045
8|474|sample|10|276,28.5,768,8,10,1,126520.0,36943.4,39500.3,39467.0,39500.3,-1.21309,-1.21313
8|474|sample|11|276,0.0003712,134430,1,11,1,126520.0,36936.4,100444.0,99242.5,95960.8,0.444036,0.501911
8|474|sample|11|276,0.001856,130150,2,11,1,126520.0,44029.7,122487.0,120797.0,109108.0,0.097112,0.2417
8|474|sample|11|276,0.00928,116133,3,11,1,126520.0,44029.7,113441.0,109371.0,88744.0,0.077486,0.386144
8|474|sample|11|276,0.0464,92512,4,11,1,126520.0,44029.7,88613.1,82246.6,61139.9,0.156048,0.639378
8|474|sample|11|276,0.2319999999999999,31016,5,11,1,126520.0,44029.7,53454.6,50887.1,45683.8,-0.485299,-0.398311
8|474|sample|11|276,1.16,1746,6,11,1,126520.0,44029.7,44166.9,44273.3,44113.5,-1.19098,-1.19072
8|474|sample|11|276,5.8,650,7,11,1,126520.0,44029.7,44106.4,44235.6,44106.4,-1.22164,-1.22152
8|474|sample|11|276,29.0,692,8,11,1,126520.0,36945.1,39500.3,39467.0,39500.3,-1.21547,-1.21551
8|474|sample|12|276,0.0003712,121914,1,12,1,126520.0,36936.4,100444.0,99864.4,98518.1,0.276528,0.297389
8|474|sample|12|276,0.001856,119881,2,12,1,126520.0,36936.4,98426.7,98207.8,93586.9,0.276355,0.351689
8|474|sample|12|276,0.00928,117603,3,12,1,126520.0,36936.4,91626.1,92316.2,81374.7,0.34283,0.556563
8|474|sample|12|276,0.0464,87318,4,12,1,126520.0,36936.4,72960.3,74930.7,59448.0,0.206493,0.583953
8|474|sample|12|276,0.2319999999999999,26931,5,12,1,126520.0,36936.4,46528.3,47635.3,41998.7,-0.539587,-0.444391
8|474|sample|12|276,1.16,1852,6,12,1,126520.0,36936.4,39545.8,39524.2,39512.3,-1.17923,-1.1792
8|474|sample|12|276,5.8,644,7,12,1,126520.0,36936.4,39500.3,39467.0,39500.3,-1.21698,-1.21701
8|474|sample|12|276,29.0,664,8,12,1,126520.0,36945.1,39500.3,39467.0,39500.3,-1.21635,-1.21639
8|474|sample|3|276,6.4e-05,140286,1,3,1,126520.0,36936.4,101009.0,100392.0,101041.0,0.497715,0.486488
8|474|sample|3|276,0.00032,140390,2,3,1,126520.0,44029.7,125171.0,125780.0,125303.0,0.145715,0.151045
8|474|sample|3|276,0.0016,126011,3,3,1,126520.0,44158.7,122789.0,124666.0,123170.0,0.0135351,0.0289314
8|474|sample|3|276,0.008,136248,4,3,1,126520.0,44158.7,113769.0,118813.0,114710.0,0.184015,0.235406
8|474|sample|3|276,0.04,123688,5,3,1,126520.0,44158.7,89313.4,98327.9,90803.4,0.322975,0.453201
8|474|sample|3|276,0.2,100688,6,3,1,126520.0,44158.7,54879.6,59236.7,55491.7,0.871574,1.01353
8|474|sample|3|276,1.0,44295,7,3,1,126520.0,44029.7,44306.5,44458.6,44310.0,-0.00456244,-0.000419725
8|474|sample|3|276,5.0,6292,8,3,1,126520.0,36936.4,39500.4,39467.0,39500.3,-1.03993,-1.04011
8|474|sample|4|276,6.4e-05,137562,1,4,1,126520.0,36936.4,101009.0,100392.0,101001.0,0.463723,0.453399
8|474|sample|4|276,0.00032,134604,2,4,1,126520.0,44029.7,125171.0,125782.0,125139.0,0.0879853,0.0948836
8|474|sample|4|276,0.0016,133116,3,4,1,126520.0,44158.7,122789.0,124673.0,122698.0,0.0849524,0.106496
8|474|sample|4|276,0.008,133348,4,4,1,126520.0,44161.0,113772.0,118838.0,113554.0,0.153116,0.218529
8|474|sample|4|276,0.04,121193,5,4,1,126520.0,44161.0,89315.6,98374.7,88980.0,0.290466,0.452961
8|474|sample|4|276,0.2,98200,6,4,1,126520.0,44158.7,54879.6,59261.6,54746.1,0.818395,0.987532
8|474|sample|4|276,1.0,38819,7,4,1,126520.0,44029.7,44306.5,44458.7,44305.8,-0.157294,-0.153547
8|474|sample|4|276,5.0,6826,8,4,1,126520.0,36936.4,39500.4,39467.0,39500.4,-1.02319,-1.02339
8|474|sample|5|276,0.0006144,132239,1,5,1,126520.0,36936.4,99912.7,100016.0,99700.4,0.403515,0.40874
8|474|sample|5|276,0.003072,134624,2,5,1,126520.0,44029.7,120033.0,123483.0,119283.0,0.113168,0.161283
8|474|sample|5|276,0.01536,128618,3,5,1,126520.0,44158.7,106238.0,114797.0,104671.0,0.150949,0.286634
8|474|sample|5|276,0.0768,115873,4,5,1,126520.0,44161.0,74586.1,85755.5,72981.3,0.439269,0.73388
8|474|sample|5|276,0.384,72562,5,5,1,126520.0,44161.0,47396.1,49261.0,47189.6,0.587545,0.667383
8|474|sample|5|276,1.92,20404,6,5,1,126520.0,44158.7,44173.8,44298.7,44174.4,-0.668796,-0.667155
8|474|sample|5|276,9.6,3584,7,5,1,126520.0,44029.7,44106.4,44235.6,44106.4,-1.1394,-1.13905
8|474|sample|5|276,48.0,1678,8,5,1,126520.0,37979.7,39500.3,39467.0,39500.3,-1.18456,-1.18463
8|474|sample|6|276,0.0006144,136505,1,6,1,126520.0,36936.4,99912.7,99591.4,99373.4,0.4642,0.467957
8|474|sample|6|276,0.003072,126395,2,6,1,126520.0,44029.7,120033.0,121651.0,118181.0,0.0489135,0.0871605
8|474|sample|6|276,0.01536,119521,3,6,1,126520.0,44158.7,106238.0,109924.0,102496.0,0.109418,0.208077
8|474|sample|6|276,0.0768,112647,4,6,1,126520.0,44161.0,74586.1,78857.7,70910.7,0.535493,0.734726
8|474|sample|6|276,0.384,74357,5,6,1,126520.0,44161.0,47396.1,48106.7,46936.4,0.677533,0.725084
8|474|sample|6|276,1.92,20760,6,6,1,126520.0,44158.7,44173.8,44301.0,44175.3,-0.658862,-0.657175
8|474|sample|6|276,9.6,3528,7,6,1,126520.0,44029.7,44106.4,44235.6,44106.4,-1.14097,-1.14062
8|474|sample|6|276,48.0,1762,8,6,1,126520.0,37979.7,39500.3,39467.0,39500.3,-1.18193,-1.182
8|474|sample|7|276,7.68e-05,132990,1,7,1,126520.0,36936.4,99178.0,97926.6,96589.3,0.448367,0.471859
8|474|sample|7|276,0.000384,129527,2,7,1,126520.0,44029.7,116703.0,114842.0,108211.0,0.160312,0.246867
8|474|sample|7|276,0.00192,112032,3,7,1,126520.0,44158.7,96752.8,93017.5,81814.9,0.255866,0.461741
8|474|sample|7|276,0.0096,80668,4,7,1,126520.0,44161.0,60364.5,57573.0,51218.2,0.499443,0.714655
8|474|sample|7|276,0.048,30208,5,7,1,126520.0,44161.0,44415.2,44452.8,44204.7,-0.397343,-0.392575
8|474|sample|7|276,0.24,1942,6,7,1,126520.0,44158.7,44160.4,44289.3,44160.4,-1.18552,-1.1853
8|474|sample|7|276,1.2,666,7,7,1,126520.0,44029.7,44106.4,44235.6,44106.4,-1.22119,-1.22107
8|474|sample|7|276,6.0,798,8,7,1,126520.0,36936.4,39500.3,39467.0,39500.3,-1.21215,-1.21219
8|474|sample|8|276,7.68e-05,139337,1,8,1,126520.0,36936.4,99178.0,98952.5,97450.9,0.5111,0.538204
8|474|sample|8|276,0.000384,129049,2,8,1,126520.0,44029.7,116703.0,118681.0,110840.0,0.109556,0.205917
8|474|sample|8|276,0.00192,112244,3,8,1,126520.0,44158.7,96752.8,101142.0,85901.8,0.137489,0.383557
8|474|sample|8|276,0.0096,86461,4,8,1,126520.0,44161.0,60364.5,64435.4,53168.2,0.426219,0.778728
8|474|sample|8|276,0.048,30862,5,8,1,126520.0,44161.0,44415.2,44715.6,44232.3,-0.384202,-0.374776
8|474|sample|8|276,0.24,2300,6,8,1,126520.0,44158.7,44160.4,44289.3,44160.4,-1.17549,-1.17525
8|474|sample|8|276,1.2,754,7,8,1,126520.0,44029.7,44106.4,44235.6,44106.4,-1.21872,-1.2186
8|474|sample|8|276,6.0,720,8,8,1,126520.0,36936.4,39500.3,39467.0,39500.3,-1.21459,-1.21463
8|474|sample|9|276,0.0003648,135511,1,9,1,126520.0,36936.4,94350.2,95980.0,92663.1,0.515663,0.578763
8|474|sample|9|276,0.001824,117258,2,9,1,126520.0,44029.7,97492.7,104725.0,92958.9,0.149944,0.327181
8|474|sample|9|276,0.00912,89772,3,9,1,126520.0,44158.7,61453.2,68951.6,57847.6,0.376814,0.687153
8|474|sample|9|276,0.0456,24875,4,9,1,126520.0,44161.0,44479.5,45044.2,44349.0,-0.555344,-0.544455
8|474|sample|9|276,0.228,1858,5,9,1,126520.0,44161.0,44161.1,44289.9,44161.1,-1.18787,-1.18766
8|474|sample|9|276,1.14,680,6,9,1,126520.0,44158.7,44160.4,44289.3,44160.4,-1.22085,-1.22073
8|474|sample|9|276,5.7,720,7,9,1,126520.0,44029.7,44106.4,44235.6,44106.4,-1.21968,-1.21955
8|474|sample|9|276,28.5,790,8,9,1,126520.0,36943.4,39500.3,39467.0,39500.3,-1.2124,-1.21244
8|474|vc|1|2|276,0.0,128388,1,2,1,126520.0,36936.4,39500.3,39467.0,39500.3,2.78739,2.78404
8|474|vc|2|2|276,0.0,126824,2,2,1,126520.0,44029.7,44106.4,44235.6,44106.4,2.31483,2.32512
8|474|vc|3|2|276,0.0,135976,3,2,1,126520.0,44029.7,44106.4,44235.6,44106.4,2.57135,2.58237
8|474|vc|4|2|276,0.0,130086,4,2,1,126520.0,44029.7,44106.4,44235.6,44106.4,2.40626,2.41681
8|474|vc|5|2|276,0.0,126830,5,2,1,126520.0,44029.7,44106.4,44235.6,44106.4,2.315,2.32529
8|474|vc|6|2|276,0.0,130250,6,2,1,126520.0,44029.7,44106.4,44235.6,44106.4,2.41085,2.42142
8|474|vc|7|2|276,0.0,124477,7,2,1,126520.0,44029.7,44106.4,44235.6,44106.4,2.24905,2.25914
8|474|vc|8|2|276,0.0,109329,8,2,1,126520.0,36936.4,39500.3,39467.0,39500.3,2.18995,2.1871
8|462|cc|1|1|292,0.0,566,1,1,0,129563.0,0.0,0.0,0.0,0.0,0.880967,0.880967
8|462|cc|2|1|292,0.0,562,2,1,0,129563.0,0.0,0.0,0.0,0.0,0.874742,0.874742
8|462|cc|3|1|292,0.0,584,3,1,0,129563.0,0.0,0.0,0.0,0.0,0.908984,0.908984
8|462|cc|4|1|292,0.0,656,4,1,0,129563.0,0.0,0.0,0.0,0.0,1.02105,1.02105
8|462|cc|5|1|292,0.0,696,5,1,0,129563.0,0.0,0.0,0.0,0.0,1.08331,1.08331
8|462|cc|6|1|292,0.0,706,6,1,0,129563.0,0.0,0.0,0.0,0.0,1.09887,1.09887
8|462|cc|7|1|292,0.0,668,7,1,0,129563.0,0.0,0.0,0.0,0.0,1.03973,1.03973
8|462|cc|8|1|292,0.0,710,8,1,0,129563.0,0.0,0.0,0.0,0.0,1.1051,1.1051
8|462|sample|10|292,0.0003648,102838,1,10,1,129563.0,36936.4,90628.4,75007.7,63146.0,0.463451,0.783568
8|462|sample|10|292,0.001824,109527,2,10,1,129563.0,44029.7,128742.0,91822.1,71722.5,0.241318,0.658061
8|462|sample|10|292,0.00912,75302,3,10,1,129563.0,44158.7,129359.0,76712.3,59124.4,-0.0229682,0.340794
8|462|sample|10|292,0.0456,30834,4,10,1,129563.0,44158.7,128859.0,61116.1,49878.8,-0.617401,-0.474371
8|462|sample|10|292,0.228,1866,5,10,1,129563.0,44158.7,127055.0,49941.1,45467.6,-1.19599,-1.18955
8|462|sample|10|292,1.14,542,6,10,1,129563.0,44158.7,120791.0,45225.0,44298.4,-1.22548,-1.22472
8|462|sample|10|292,5.7,526,7,10,1,129563.0,44029.7,101169.0,44216.4,44034.6,-1.2251,-1.22495
8|462|sample|10|292,28.5,550,8,10,1,129563.0,36943.7,49809.5,37008.7,36936.3,-1.21715,-1.21706
8|462|sample|11|292,0.0003712,100654,1,11,1,129563.0,36936.4,67792.4,88218.4,87903.3,0.176358,0.18147
8|462|sample|11|292,0.001856,107033,2,11,1,129563.0,44029.7,55303.3,108641.0,105700.0,-0.018544,0.0158065
8|462|sample|11|292,0.00928,111878,3,11,1,129563.0,44029.7,44088.0,59228.6,56330.6,1.10718,1.22736
8|462|sample|11|292,0.0464,96908,4,11,1,129563.0,44029.7,44029.7,44167.8,44030.6,1.48045,1.48885
8|462|sample|11|292,0.2319999999999999,62831,5,11,1,129563.0,44029.7,44029.7,44166.0,44029.7,0.52396,0.529391
8|462|sample|11|292,1.16,11954,6,11,1,129563.0,44029.7,44029.7,44166.0,44029.7,-0.90425,-0.903161
8|462|sample|11|292,5.8,712,7,11,1,129563.0,44029.7,44029.7,44166.0,44029.7,-1.21983,-1.2197
8|462|sample|11|292,29.0,526,8,11,1,129563.0,36945.5,36936.2,37008.4,36936.2,-1.21795,-1.21787
8|462|sample|12|292,0.0003712,92444,1,12,1,129563.0,36936.4,67792.4,84656.0,86170.5,0.115052,0.0910636
8|462|sample|12|292,0.001856,89758,2,12,1,129563.0,36936.4,44078.5,66643.8,70384.1,0.43264,0.343582
8|462|sample|12|292,0.00928,86511,3,12,1,129563.0,36936.4,36973.2,39637.5,41041.7,1.46314,1.37169
8|462|sample|12|292,0.0464,76016,4,12,1,129563.0,36936.4,36936.2,37008.4,36936.3,1.30225,1.30715
8|462|sample|12|292,0.2319999999999999,48569,5,12,1,129563.0,36936.4,36936.2,37008.4,36936.2,0.385947,0.389098
8|462|sample|12|292,1.16,9584,6,12,1,129563.0,36936.4,36936.2,37008.4,36936.2,-0.915553,-0.91489
8|462|sample|12|292,5.8,838,7,12,1,129563.0,36936.4,36936.2,37008.4,36936.2,-1.20754,-1.20743
8|462|sample|12|292,29.0,604,8,12,1,129563.0,36945.5,36936.2,37008.4,36936.2,-1.21535,-1.21526
8|462|sample|3|292,6.4e-05,108562,1,3,1,129563.0,36936.4,90607.6,90073.4,87899.8,0.256849,0.294078
8|462|sample|3|292,0.00032,130392,2,3,1,129563.0,44029.7,128622.0,127227.0,120210.0,0.0312053,0.106231
8|462|sample|3|292,0.0016,132645,3,3,1,129563.0,44158.7,128921.0,125356.0,112861.0,0.0729405,0.219741
8|462|sample|3|292,0.008,136907,4,3,1,129563.0,44158.7,127279.0,118992.0,99093.6,0.188799,0.477883
8|462|sample|3|292,0.04,113528,5,3,1,129563.0,44158.7,121564.0,104682.0,79305.4,0.105873,0.53933
8|462|sample|3|292,0.2,82203,6,3,1,129563.0,44158.7,104006.0,79333.8,58856.3,0.0452007,0.494026
8|462|sample|3|292,1.0,54160,7,3,1,129563.0,44029.7,68129.3,53291.1,46881.7,0.0202773,0.192681
8|462|sample|3|292,5.0,30876,8,3,1,129563.0,36936.4,37791.1,37290.5,37040.8,-0.212561,-0.205633
8|462|sample|4|292,6.4e-05,104240,1,4,1,129563.0,36936.4,90607.6,90129.6,88484.6,0.195905,0.222772
8|462|sample|4|292,0.00032,128947,2,4,1,129563.0,44029.7,128622.0,127431.0,121794.0,0.0149254,0.0736565
8|462|sample|4|292,0.0016,136467,3,4,1,129563.0,44158.7,128921.0,125806.0,115396.0,0.106307,0.228932
8|462|sample|4|292,0.008,138746,4,4,1,129563.0,44161.0,127292.0,119913.0,102584.0,0.196961,0.441585
8|462|sample|4|292,0.04,119405,5,4,1,129563.0,44161.0,121576.0,106228.0,82939.5,0.155427,0.54974
8|462|sample|4|292,0.2,86679,6,4,1,129563.0,44158.7,104006.0,81039.7,61100.7,0.0869886,0.521627
8|462|sample|4|292,1.0,49742,7,4,1,129563.0,44029.7,68129.3,53997.1,47412.8,-0.0980219,0.0609827
8|462|sample|4|292,5.0,30602,8,4,1,129563.0,36936.4,37791.1,37311.9,37055.6,-0.222225,-0.215183
8|462|sample|5|292,0.0006144,100518,1,5,1,129563.0,36936.4,90454.2,89491.6,84828.3,0.154168,0.231316
8|462|sample|5|292,0.003072,130424,2,5,1,129563.0,44029.7,127742.0,124586.0,110632.0,0.0587809,0.224227
8|462|sample|5|292,0.01536,129379,3,5,1,129563.0,44158.7,125749.0,118078.0,95672.4,0.120013,0.441088
8|462|sample|5|292,0.0768,104544,4,5,1,129563.0,44161.0,116529.0,101285.0,74081.1,0.0402997,0.513567
8|462|sample|5|292,0.384,71521,5,5,1,129563.0,44161.0,91225.5,72513.8,54263.2,-0.0170944,0.395639
8|462|sample|5|292,1.92,57664,6,5,1,129563.0,44158.7,54978.8,48907.3,45450.5,0.222376,0.333334
8|462|sample|5|292,9.6,30300,7,5,1,129563.0,44029.7,44166.5,44240.2,44065.9,-0.390682,-0.387296
8|462|sample|5|292,48.0,15085,8,5,1,129563.0,38022.7,36936.2,37008.4,36936.3,-0.731904,-0.730891
8|462|sample|6|292,0.0006144,102350,1,6,1,129563.0,36936.4,90454.2,88696.6,83093.8,0.192595,0.289765
8|462|sample|6|292,0.003072,113884,2,6,1,129563.0,44029.7,127742.0,121871.0,106516.0,-0.0821945,0.0866806
8|462|sample|6|292,0.01536,121365,3,6,1,129563.0,44158.7,125749.0,112790.0,90511.7,0.0953103,0.426564
8|462|sample|6|292,0.0768,98102,4,6,1,129563.0,44161.0,116529.0,93297.5,69593.4,0.064459,0.511255
8|462|sample|6|292,0.384,76259,5,6,1,129563.0,44161.0,91225.5,65796.9,52264.3,0.198314,0.570801
8|462|sample|6|292,1.92,51729,6,6,1,129563.0,44158.7,54978.8,47456.5,45182.2,0.111759,0.179719
8|462|sample|6|292,9.6,27657,7,6,1,129563.0,44029.7,44166.5,44224.9,44062.0,-0.464482,-0.461586
8|462|sample|6|292,48.0,13804,8,6,1,129563.0,38022.7,36936.2,37008.4,36936.4,-0.77467,-0.773739
8|462|sample|7|292,7.68e-05,94296,1,7,1,129563.0,36936.4,90634.8,80277.6,74453.9,0.218274,0.332858
8|462|sample|7|292,0.000384,117953,2,7,1,129563.0,44029.7,128779.0,103510.0,91778.8,0.174796,0.356922
8|462|sample|7|292,0.00192,127709,3,7,1,129563.0,44158.7,129495.0,91214.5,78275.4,0.500705,0.789193
8|462|sample|7|292,0.0096,104166,4,7,1,129563.0,44161.0,129365.0,75601.0,63912.5,0.471992,0.785243
8|462|sample|7|292,0.048,34555,5,7,1,129563.0,44161.0,128843.0,60228.3,52467.4,-0.531048,-0.424486
8|462|sample|7|292,0.24,2124,6,7,1,129563.0,44158.7,126951.0,49488.2,46283.6,-1.18891,-1.1839
8|462|sample|7|292,1.2,604,7,7,1,129563.0,44029.7,119753.0,44986.7,44282.2,-1.22358,-1.22297
8|462|sample|7|292,6.0,570,8,7,1,129563.0,36936.4,72541.4,37034.8,36942.4,-1.21651,-1.2164
8|462|sample|8|292,7.68e-05,101781,1,8,1,129563.0,36936.4,90634.8,88999.4,76048.8,0.179688,0.422706
8|462|sample|8|292,0.000384,127577,2,8,1,129563.0,44029.7,128779.0,124200.0,94768.2,0.0341094,0.433401
8|462|sample|8|292,0.00192,127445,3,8,1,129563.0,44158.7,129495.0,120338.0,81394.1,0.0740666,0.707296
8|462|sample|8|292,0.0096,110699,4,8,1,129563.0,44161.0,129365.0,111912.0,66519.8,-0.0135892,0.828451
8|462|sample|8|292,0.048,35462,5,8,1,129563.0,44161.0,128843.0,97590.1,54026.2,-0.797169,-0.427429
8|462|sample|8|292,0.24,2200,6,8,1,129563.0,44158.7,126951.0,77254.8,46837.3,-1.21389,-1.1828
8|462|sample|8|292,1.2,518,7,8,1,129563.0,44029.7,119753.0,56657.6,44370.1,-1.23339,-1.22545
8|462|sample|8|292,6.0,538,8,8,1,129563.0,36936.4,72541.4,38176.2,36945.1,-1.2189,-1.21748
8|462|sample|9|292,0.0003648,110763,1,9,1,129563.0,36936.4,90628.4,76220.6,67267.2,0.566168,0.80668
8|462|sample|9|292,0.001824,99793,2,9,1,129563.0,44029.7,128742.0,94150.8,78071.5,0.0750181,0.347674
8|462|sample|9|292,0.00912,104612,3,9,1,129563.0,44158.7,129359.0,79109.7,64100.5,0.402885,0.787987
8|462|sample|9|292,0.0456,29106,4,9,1,129563.0,44161.0,128872.0,62974.0,52616.2,-0.670398,-0.555591
8|462|sample|9|292,0.228,1898,5,9,1,129563.0,44161.0,127068.0,50850.7,46354.4,-1.19638,-1.19007
8|462|sample|9|292,1.14,602,6,9,1,129563.0,44158.7,120791.0,45436.3,44427.3,-1.22401,-1.22315
8|462|sample|9|292,5.7,556,7,9,1,129563.0,44029.7,101169.0,44231.5,44040.4,-1.22427,-1.22411
8|462|sample|9|292,28.5,492,8,9,1,129563.0,36943.7,49809.5,37008.8,36936.3,-1.21909,-1.219
8|462|vc|1|2|292,0.0,109457,1,2,1,129563.0,36936.4,36936.2,37008.4,36936.2,2.41867,2.42571
8|462|vc|2|2|292,0.0,135900,2,2,1,129563.0,44029.7,44029.7,44166.0,44029.7,2.57514,2.58681
8|462|vc|3|2|292,0.0,145948,3,2,1,129563.0,44029.7,44029.7,44166.0,44029.7,2.85721,2.86973
8|462|vc|4|2|292,0.0,141437,4,2,1,129563.0,44029.7,44029.7,44166.0,44029.7,2.73057,2.74271
8|462|vc|5|2|292,0.0,134947,5,2,1,129563.0,44029.7,44029.7,44166.0,44029.7,2.54839,2.55997
8|462|vc|6|2|292,0.0,143094,6,2,1,129563.0,44029.7,44029.7,44166.0,44029.7,2.77709,2.78937
8|462|vc|7|2|292,0.0,130244,7,2,1,129563.0,44029.7,44029.7,44166.0,44029.7,2.41637,2.42755
8|462|vc|8|2|292,0.0,95477,8,2,1,129563.0,36936.4,36936.2,37008.4,36936.2,1.95195,1.9581
8|75|cc|1|1|65,0.0,476,1,1,0,11543.75,0.0,0.0,0.0,0.0,0.740884,0.740884
8|75|cc|2|1|65,0.0,506,2,1,0,11543.75,0.0,0.0,0.0,0.0,0.787579,0.787579
8|75|cc|3|1|65,0.0,530,3,1,0,11543.75,0.0,0.0,0.0,0.0,0.824934,0.824934
8|75|cc|4|1|65,0.0,516,4,1,0,11543.75,0.0,0.0,0.0,0.0,0.803143,0.803143
8|75|cc|5|1|65,0.0,544,5,1,0,11543.75,0.0,0.0,0.0,0.0,0.846725,0.846725
8|75|cc|6|1|65,0.0,508,6,1,0,11543.75,0.0,0.0,0.0,0.0,0.790692,0.790692
8|75|cc|7|1|65,0.0,588,7,1,0,11543.75,0.0,0.0,0.0,0.0,0.91521,0.91521
8|75|cc|8|1|65,0.0,520,8,1,0,11543.75,0.0,0.0,0.0,0.0,0.809369,0.809369
8|75|sample|10|65,0.0003648,9492,1,10,1,11543.75,36936.4,21441.6,5907.7,5966.38,0.67355,0.656788
8|75|sample|10|65,0.001824,15953,2,10,1,11543.75,44029.7,43042.4,18278.0,18675.5,-0.153782,-0.176397
8|75|sample|10|65,0.00912,16247,3,10,1,11543.75,44158.7,44141.1,39334.6,39692.4,-0.726109,-0.730848
8|75|sample|10|65,0.0456,12740,4,10,1,11543.75,44158.7,44141.1,44272.7,44141.1,-0.883086,-0.881975
8|75|sample|10|65,0.228,11350,5,10,1,11543.75,44158.7,44141.1,44272.7,44141.1,-0.922014,-0.921017
8|75|sample|10|65,1.14,6674,6,10,1,11543.75,44158.7,44141.1,44272.7,44141.1,-1.05297,-1.05235
8|75|sample|10|65,5.7,4010,7,10,1,11543.75,44029.7,43620.7,43786.6,43620.7,-1.1261,-1.12559
8|75|sample|10|65,28.5,1556,8,10,1,11543.75,36932.5,29507.7,29614.7,29507.7,-1.16436,-1.16401
8|75|sample|11|65,0.0003712,11442,1,11,1,11543.75,36936.4,5709.5,5163.33,5157.57,1.32687,1.32937
8|75|sample|11|65,0.001856,13046,2,11,1,11543.75,44029.7,13878.2,11306.6,11300.7,0.181236,0.181943
8|75|sample|11|65,0.00928,11394,3,11,1,11543.75,44029.7,19830.8,11483.3,11555.7,-0.00917281,-0.0165069
8|75|sample|11|65,0.0464,7362,4,11,1,11543.75,44029.7,33063.2,12942.4,13476.4,-0.512284,-0.540329
8|75|sample|11|65,0.2319999999999999,2518,5,11,1,11543.75,44029.7,43053.7,22922.3,24981.5,-1.08548,-1.09962
8|75|sample|11|65,1.16,618,6,11,1,11543.75,44029.7,43620.7,42989.1,43154.3,-1.22139,-1.22155
8|75|sample|11|65,5.8,582,7,11,1,11543.75,44029.7,43620.7,43786.6,43620.7,-1.22315,-1.223
8|75|sample|11|65,29.0,612,8,11,1,11543.75,36931.5,29507.7,29614.7,29507.7,-1.20353,-1.20333
8|75|sample|12|65,0.0003712,10454,1,12,1,11543.75,36936.4,5709.5,5163.12,5156.51,1.11816,1.1208
8|75|sample|12|65,0.001856,10998,2,12,1,11543.75,36936.4,7122.3,5177.54,5175.09,1.22712,1.22814
8|75|sample|12|65,0.00928,9204,3,12,1,11543.75,36936.4,11602.4,5301.35,5327.14,0.806125,0.797433
8|75|sample|12|65,0.0464,4926,4,12,1,11543.75,36936.4,21561.7,6341.26,6540.63,-0.24983,-0.277295
8|75|sample|12|65,0.2319999999999999,1482,5,12,1,11543.75,36936.4,29080.9,13629.6,14450.6,-1.06209,-1.07288
8|75|sample|12|65,1.16,542,6,12,1,11543.75,36936.4,29507.7,28955.5,29013.4,-1.2052,-1.20531
8|75|sample|12|65,5.8,592,7,12,1,11543.75,36936.4,29507.7,29614.7,29507.7,-1.20436,-1.20416
8|75|sample|12|65,29.0,536,8,12,1,11543.75,36931.5,29507.7,29614.7,29507.7,-1.20669,-1.20649
8|75|sample|3|65,6.4e-05,9174,1,3,1,11543.75,36936.4,5155.84,5161.22,5153.95,0.848318,0.850892
8|75|sample|3|65,0.00032,13782,2,3,1,11543.75,44029.7,11272.2,11282.9,11263.1,0.2609,0.263401
8|75|sample|3|65,0.0016,12730,3,3,1,11543.75,44158.7,11567.3,11535.1,11534.0,0.122201,0.122319
8|75|sample|3|65,0.008,12668,4,3,1,11543.75,44158.7,11657.1,11536.9,11537.5,0.11566,0.11559
8|75|sample|3|65,0.04,5898,5,3,1,11543.75,44158.7,11983.0,11549.1,11558.9,-0.577258,-0.577796
8|75|sample|3|65,0.2,1670,6,3,1,11543.75,44158.7,13144.5,11633.0,11690.2,-1.01085,-1.012
8|75|sample|3|65,1.0,916,7,3,1,11543.75,44029.7,16711.7,11943.9,12209.0,-1.09162,-1.0951
8|75|sample|3|65,5.0,826,8,3,1,11543.75,36936.4,16975.1,8355.93,9204.02,-1.0371,-1.0562
8|75|sample|4|65,6.4e-05,9994,1,4,1,11543.75,36936.4,5155.84,5161.22,5153.95,1.02167,1.02445
8|75|sample|4|65,0.00032,12470,2,4,1,11543.75,44029.7,11272.2,11282.9,11263.1,0.123933,0.126206
8|75|sample|4|65,0.0016,13558,3,4,1,11543.75,44158.7,11567.3,11534.9,11534.0,0.206892,0.207
8|75|sample|4|65,0.008,12398,4,4,1,11543.75,44161.0,11667.2,11544.8,11547.6,0.0871872,0.0868803
8|75|sample|4|65,0.04,5708,5,4,1,11543.75,44161.0,11993.2,11553.2,11569.2,-0.596884,-0.597747
8|75|sample|4|65,0.2,2180,6,4,1,11543.75,44158.7,13144.5,11606.2,11691.9,-0.958451,-0.960535
8|75|sample|4|65,1.0,968,7,4,1,11543.75,44029.7,16711.7,11799.8,12216.8,-1.08446,-1.09016
8|75|sample|4|65,5.0,668,8,4,1,11543.75,36936.4,16975.1,7867.99,9225.97,-1.04741,-1.07652
8|75|sample|5|65,0.0006144,9826,1,5,1,11543.75,36936.4,5165.67,5161.28,5154.05,0.986133,0.988859
8|75|sample|5|65,0.003072,10274,2,5,1,11543.75,44029.7,11319.9,11283.4,11263.9,-0.105376,-0.103507
8|75|sample|5|65,0.01536,8880,3,5,1,11543.75,44158.7,11742.3,11538.7,11539.5,-0.271811,-0.271879
8|75|sample|5|65,0.0768,3258,4,5,1,11543.75,44161.0,12300.0,11571.0,11583.6,-0.847664,-0.848086
8|75|sample|5|65,0.384,1754,5,5,1,11543.75,44161.0,14218.6,11736.2,11804.3,-1.00447,-1.00586
8|75|sample|5|65,1.92,1028,6,5,1,11543.75,44158.7,20239.7,12861.1,13191.5,-1.09275,-1.09676
8|75|sample|5|65,9.6,926,7,5,1,11543.75,44029.7,32944.5,19416.9,20515.6,-1.15416,-1.15975
8|75|sample|5|65,48.0,608,8,5,1,11543.75,36352.5,28934.4,26052.5,26474.8,-1.19589,-1.19692
8|75|sample|6|65,0.0006144,8692,1,6,1,11543.75,36936.4,5165.67,5161.31,5154.05,0.746392,0.748839
8|75|sample|6|65,0.003072,13380,2,6,1,11543.75,44029.7,11319.9,11283.7,11263.9,0.21884,0.221262
8|75|sample|6|65,0.01536,8136,3,6,1,11543.75,44158.7,11742.3,11540.1,11539.5,-0.347979,-0.347935
8|75|sample|6|65,0.0768,3106,4,6,1,11543.75,44161.0,12300.0,11579.1,11583.5,-0.863425,-0.863567
8|75|sample|6|65,0.384,1780,5,6,1,11543.75,44161.0,14218.6,11780.5,11803.8,-1.00277,-1.00325
8|75|sample|6|65,1.92,1208,6,6,1,11543.75,44158.7,20239.7,13080.8,13189.4,-1.07908,-1.0805
8|75|sample|6|65,9.6,856,7,6,1,11543.75,44029.7,32944.5,20185.1,20508.8,-1.16234,-1.16386
8|75|sample|6|65,48.0,602,8,6,1,11543.75,36352.5,28934.4,26405.5,26472.0,-1.19703,-1.19719
8|75|sample|7|65,7.68e-05,10480,1,7,1,11543.75,36936.4,11743.6,5221.09,5234.71,1.10072,1.0954
8|75|sample|7|65,0.000384,13258,2,7,1,11543.75,44029.7,33390.9,11961.7,12128.4,0.128135,0.110218
8|75|sample|7|65,0.00192,16339,3,7,1,11543.75,44158.7,43648.9,16974.4,18004.0,-0.0451055,-0.111728
8|75|sample|7|65,0.0096,16439,4,7,1,11543.75,44161.0,44160.3,37424.3,38780.1,-0.692967,-0.712473
8|75|sample|7|65,0.048,14116,5,7,1,11543.75,44161.0,44160.3,44289.3,44160.3,-0.844705,-0.843506
8|75|sample|7|65,0.24,12342,6,7,1,11543.75,44158.7,44141.1,44272.7,44141.1,-0.894232,-0.893154
8|75|sample|7|65,1.2,5688,7,7,1,11543.75,44029.7,43620.7,43786.6,43620.7,-1.0786,-1.07791
8|75|sample|7|65,6.0,2598,8,7,1,11543.75,36936.4,29507.7,29614.7,29507.7,-1.12112,-1.12062
8|75|sample|8|65,7.68e-05,10458,1,8,1,11543.75,36936.4,11743.6,5239.23,5232.69,1.08905,1.09159
8|75|sample|8|65,0.000384,12990,2,8,1,11543.75,44029.7,33390.9,12125.1,12110.8,0.0844134,0.0859072
8|75|sample|8|65,0.00192,16171,3,8,1,11543.75,44158.7,43648.9,17886.3,17909.7,-0.115827,-0.117266
8|75|sample|8|65,0.0096,15275,4,8,1,11543.75,44161.0,44160.3,38708.3,38664.1,-0.748662,-0.748086
8|75|sample|8|65,0.048,14237,5,8,1,11543.75,44161.0,44160.3,44289.3,44160.3,-0.841317,-0.840109
8|75|sample|8|65,0.24,10710,6,8,1,11543.75,44158.7,44141.1,44272.7,44141.1,-0.939937,-0.938993
8|75|sample|8|65,1.2,6990,7,8,1,11543.75,44029.7,43620.7,43786.6,43620.7,-1.04174,-1.04091
8|75|sample|8|65,6.0,2192,8,8,1,11543.75,36936.4,29507.7,29614.7,29507.7,-1.13797,-1.13753
8|75|sample|9|65,0.0003648,9810,1,9,1,11543.75,36936.4,21441.6,5720.31,5969.66,0.79057,0.71507
8|75|sample|9|65,0.001824,14515,2,9,1,11543.75,44029.7,43042.4,16972.8,18696.5,-0.174496,-0.270637
8|75|sample|9|65,0.00912,14010,3,9,1,11543.75,44158.7,44141.1,37657.2,39713.2,-0.776138,-0.800818
8|75|sample|9|65,0.0456,15117,4,9,1,11543.75,44161.0,44160.3,44289.3,44160.3,-0.816681,-0.815403
8|75|sample|9|65,0.228,12188,5,9,1,11543.75,44161.0,44160.3,44289.3,44160.3,-0.89868,-0.897636
8|75|sample|9|65,1.14,6778,6,9,1,11543.75,44158.7,44141.1,44272.7,44141.1,-1.05005,-1.04943
8|75|sample|9|65,5.7,3686,7,9,1,11543.75,44029.7,43620.7,43786.6,43620.7,-1.13527,-1.1348
8|75|sample|9|65,28.5,1722,8,9,1,11543.75,36932.5,29507.7,29614.7,29507.7,-1.15747,-1.1571
8|75|vc|1|2|65,0.0,10294,1,2,1,11543.75,36936.4,29507.7,29614.7,29507.7,-0.801758,-0.800131
8|75|vc|2|2|65,0.0,11198,2,2,1,11543.75,44029.7,43620.7,43786.6,43620.7,-0.922605,-0.921335
8|75|vc|3|2|65,0.0,11944,3,2,1,11543.75,44029.7,43620.7,43786.6,43620.7,-0.901485,-0.900137
8|75|vc|4|2|65,0.0,13524,4,2,1,11543.75,44029.7,43620.7,43786.6,43620.7,-0.856754,-0.855239
8|75|vc|5|2|65,0.0,13024,5,2,1,11543.75,44029.7,43620.7,43786.6,43620.7,-0.870909,-0.869447
8|75|vc|6|2|65,0.0,11948,6,2,1,11543.75,44029.7,43620.7,43786.6,43620.7,-0.901372,-0.900023
8|75|vc|7|2|65,0.0,11746,7,2,1,11543.75,44029.7,43620.7,43786.6,43620.7,-0.90709,-0.905763
8|75|vc|8|2|65,0.0,8672,8,2,1,11543.75,36936.4,29507.7,29614.7,29507.7,-0.869066,-0.867677
8|291|cc|1|1|103,0.0,528,1,1,0,98225.875,0.0,0.0,0.0,0.0,0.821821,0.821821
8|291|cc|2|1|103,0.0,646,2,1,0,98225.875,0.0,0.0,0.0,0.0,1.00549,1.00549
8|291|cc|3|1|103,0.0,582,3,1,0,98225.875,0.0,0.0,0.0,0.0,0.905871,0.905871
8|291|cc|4|1|103,0.0,620,4,1,0,98225.875,0.0,0.0,0.0,0.0,0.965017,0.965017
8|291|cc|5|1|103,0.0,622,5,1,0,98225.875,0.0,0.0,0.0,0.0,0.96813,0.96813
8|291|cc|6|1|103,0.0,604,6,1,0,98225.875,0.0,0.0,0.0,0.0,0.940114,0.940114
8|291|cc|7|1|103,0.0,640,7,1,0,98225.875,0.0,0.0,0.0,0.0,0.996147,0.996147
8|291|cc|8|1|103,0.0,614,8,1,0,98225.875,0.0,0.0,0.0,0.0,0.955678,0.955678
8|291|sample|10|103,0.0003648,76142,1,10,1,98225.875,36936.4,67988.0,46783.9,55546.9,0.778805,0.461394
8|291|sample|10|103,0.001824,78961,2,10,1,98225.875,44029.7,93297.8,48477.0,58953.9,0.780893,0.422668
8|291|sample|10|103,0.00912,61146,3,10,1,98225.875,44158.7,83861.5,44531.7,46714.0,0.462633,0.383412
8|291|sample|10|103,0.0456,26839,4,10,1,98225.875,44158.7,61690.5,44288.4,44196.8,-0.488507,-0.486932
8|291|sample|10|103,0.228,2248,5,10,1,98225.875,44158.7,45058.3,44287.8,44158.7,-1.17695,-1.1767
8|291|sample|10|103,1.14,632,6,10,1,98225.875,44158.7,44158.7,44287.8,44158.7,-1.22219,-1.22207
8|291|sample|10|103,5.7,498,7,10,1,98225.875,44029.7,44029.7,44166.0,44029.7,-1.22584,-1.22573
8|291|sample|10|103,28.5,558,8,10,1,98225.875,36940.7,36936.1,37008.3,36936.1,-1.21688,-1.2168
8|291|sample|11|103,0.0003712,73274,1,11,1,98225.875,36936.4,55455.7,46340.6,52092.5,0.721202,0.505514
8|291|sample|11|103,0.001856,69690,2,11,1,98225.875,44029.7,51491.3,45208.9,48098.4,0.671657,0.557385
8|291|sample|11|103,0.00928,51029,3,11,1,98225.875,44029.7,44069.8,44166.2,44036.5,0.192651,0.196859
8|291|sample|11|103,0.0464,18731,4,11,1,98225.875,44029.7,44029.7,44166.0,44029.7,-0.714008,-0.71234
8|291|sample|11|103,0.2319999999999999,1836,5,11,1,98225.875,44029.7,44029.7,44166.0,44029.7,-1.18828,-1.18806
8|291|sample|11|103,1.16,454,6,11,1,98225.875,44029.7,44029.7,44166.0,44029.7,-1.22708,-1.22697
8|291|sample|11|103,5.8,548,7,11,1,98225.875,44029.7,44029.7,44166.0,44029.7,-1.22444,-1.22432
8|291|sample|11|103,29.0,510,8,11,1,98225.875,36941.8,36936.1,37008.3,36936.1,-1.21849,-1.2184
8|291|sample|12|103,0.0003712,69558,1,12,1,98225.875,36936.4,55455.7,43536.6,58976.3,0.740837,0.223465
8|291|sample|12|103,0.001856,72538,2,12,1,98225.875,36936.4,41359.0,37243.7,44640.8,1.171,0.774943
8|291|sample|12|103,0.00928,50948,3,12,1,98225.875,36936.4,36959.9,37008.3,37068.1,0.465373,0.462645
8|291|sample|12|103,0.0464,23756,4,12,1,98225.875,36936.4,36936.1,37008.3,36936.1,-0.442424,-0.440857
8|291|sample|12|103,0.2319999999999999,2516,5,12,1,98225.875,36936.4,36936.1,37008.3,36936.1,-1.15152,-1.1513
8|291|sample|12|103,1.16,468,6,12,1,98225.875,36936.4,36936.1,37008.3,36936.1,-1.21989,-1.21981
8|291|sample|12|103,5.8,510,7,12,1,98225.875,36936.4,36936.1,37008.3,36936.1,-1.21849,-1.2184
8|291|sample|12|103,29.0,486,8,12,1,98225.875,36941.8,36936.1,37008.3,36936.1,-1.21929,-1.2192
8|291|sample|3|103,6.4e-05,84948,1,3,1,98225.875,36936.4,68703.3,68430.8,67085.3,0.301183,0.332172
8|291|sample|3|103,0.00032,102466,2,3,1,98225.875,44029.7,97571.6,96994.3,92313.5,0.0706349,0.137649
8|291|sample|3|103,0.0016,104314,3,3,1,98225.875,44158.7,97955.3,96403.5,88069.4,0.10274,0.230762
8|291|sample|3|103,0.008,106252,4,3,1,98225.875,44158.7,97272.1,93526.5,79983.6,0.170315,0.410501
8|291|sample|3|103,0.04,101815,5,3,1,98225.875,44158.7,94854.1,86653.7,68231.8,0.218859,0.614136
8|291|sample|3|103,0.2,73444,6,3,1,98225.875,44158.7,86970.8,72868.4,55389.8,0.00986401,0.405599
8|291|sample|3|103,1.0,25577,7,3,1,98225.875,44029.7,67287.5,54577.4,46738.6,-0.661069,-0.561905
8|291|sample|3|103,5.0,2234,8,3,1,98225.875,36936.4,38771.4,37572.5,37071.0,-1.16242,-1.1611
8|291|sample|4|103,6.4e-05,78742,1,4,1,98225.875,36936.4,68703.3,68481.5,66878.1,0.186957,0.221294
8|291|sample|4|103,0.00032,104674,2,4,1,98225.875,44029.7,97571.6,97199.0,91740.8,0.0962949,0.176435
8|291|sample|4|103,0.0016,109031,3,4,1,98225.875,44158.7,97955.3,96878.7,87192.1,0.157062,0.313326
8|291|sample|4|103,0.008,112435,4,4,1,98225.875,44161.0,97282.4,94566.3,78827.1,0.236543,0.532823
8|291|sample|4|103,0.04,96222,5,4,1,98225.875,44161.0,94864.0,88626.0,67031.3,0.107233,0.543259
8|291|sample|4|103,0.2,69267,6,4,1,98225.875,44158.7,86970.8,75627.6,54591.6,-0.105062,0.334443
8|291|sample|4|103,1.0,26117,7,4,1,98225.875,44029.7,67287.5,56418.8,46501.6,-0.66851,-0.543985
8|291|sample|4|103,5.0,2412,8,4,1,98225.875,36936.4,38771.4,37703.8,37060.0,-1.15693,-1.15513
8|291|sample|5|103,0.0006144,76851,1,5,1,98225.875,36936.4,68643.9,68041.0,64640.3,0.161555,0.23555
8|291|sample|5|103,0.003072,101000,2,5,1,98225.875,44029.7,97207.3,95233.3,84855.6,0.0758082,0.237944
8|291|sample|5|103,0.01536,101897,3,5,1,98225.875,44158.7,96631.1,91828.2,75700.2,0.137229,0.432301
8|291|sample|5|103,0.0768,93625,4,5,1,98225.875,44161.0,92672.8,82733.1,62961.3,0.164608,0.607091
8|291|sample|5|103,0.384,53214,5,5,1,98225.875,44161.0,80685.1,66241.1,51198.3,-0.245299,0.0489348
8|291|sample|5|103,1.92,8940,6,5,1,98225.875,44158.7,57672.7,49594.6,45334.7,-1.01834,-0.995792
8|291|sample|5|103,9.6,1202,7,5,1,98225.875,44029.7,44596.6,44363.2,44085.4,-1.20633,-1.20598
8|291|sample|5|103,48.0,628,8,5,1,98225.875,37579.2,36936.3,37008.5,36936.4,-1.21455,-1.21445
8|291|sample|6|103,0.0006144,76513,1,6,1,98225.875,36936.4,68643.9,67800.2,63406.1,0.160333,0.257697
8|291|sample|6|103,0.003072,102272,2,6,1,98225.875,44029.7,97207.3,94351.2,81901.1,0.105092,0.31096
8|291|sample|6|103,0.01536,99267,3,6,1,98225.875,44158.7,96631.1,90069.4,72158.6,0.127782,0.469055
8|291|sample|6|103,0.0768,85522,4,6,1,98225.875,44161.0,92672.8,79872.2,59901.0,0.0884121,0.532825
8|291|sample|6|103,0.384,49954,5,6,1,98225.875,44161.0,80685.1,63291.3,49699.9,-0.262698,0.00635125
8|291|sample|6|103,1.92,9548,6,6,1,98225.875,44158.7,57672.7,48536.6,45058.5,-0.997547,-0.977449
8|291|sample|6|103,9.6,1270,7,6,1,98225.875,44029.7,44596.6,44325.5,44075.6,-1.20438,-1.20405
8|291|sample|6|103,48.0,528,8,6,1,98225.875,37579.2,36936.3,37008.5,36936.5,-1.21788,-1.2178
8|291|sample|7|103,7.68e-05,74219,1,7,1,98225.875,36936.4,68505.7,65499.6,63186.8,0.166022,0.217651
8|291|sample|7|103,0.000384,94028,2,7,1,98225.875,44029.7,96365.1,84993.2,77629.6,0.132946,0.263951
8|291|sample|7|103,0.00192,88873,3,7,1,98225.875,44158.7,93658.1,70745.9,61415.2,0.319845,0.557128
8|291|sample|7|103,0.0096,71607,4,7,1,98225.875,44161.0,83356.8,52582.5,47493.7,0.449868,0.630274
8|291|sample|7|103,0.048,25271,5,7,1,98225.875,44161.0,60883.9,44687.5,44222.7,-0.53881,-0.531339
8|291|sample|7|103,0.24,2124,6,7,1,98225.875,44158.7,44916.5,44288.0,44158.7,-1.18042,-1.18018
8|291|sample|7|103,1.2,676,7,7,1,98225.875,44029.7,44029.7,44166.0,44029.7,-1.22084,-1.22072
8|291|sample|7|103,6.0,642,8,7,1,98225.875,36936.4,36936.1,37008.3,36936.1,-1.21408,-1.21399
8|291|sample|8|103,7.68e-05,72099,1,8,1,98225.875,36936.4,68505.7,66844.6,64936.8,0.0980585,0.13754
8|291|sample|8|103,0.000384,93669,2,8,1,98225.875,44029.7,96365.1,89761.8,82763.3,0.0544664,0.164756
8|291|sample|8|103,0.00192,96224,3,8,1,98225.875,44158.7,93658.1,78590.6,67622.5,0.280394,0.527693
8|291|sample|8|103,0.0096,78234,4,8,1,98225.875,44161.0,83356.8,59318.8,50521.1,0.397177,0.681638
8|291|sample|8|103,0.048,29776,5,8,1,98225.875,44161.0,60883.9,45761.9,44388.2,-0.433376,-0.408176
8|291|sample|8|103,0.24,2672,6,8,1,98225.875,44158.7,44916.5,44290.1,44158.7,-1.16508,-1.1648
8|291|sample|8|103,1.2,586,7,8,1,98225.875,44029.7,44029.7,44166.0,44029.7,-1.22337,-1.22325
8|291|sample|8|103,6.0,506,8,8,1,98225.875,36936.4,36936.1,37008.3,36936.1,-1.21862,-1.21853
8|291|sample|9|103,0.0003648,67254,1,9,1,98225.875,36936.4,67988.0,56299.0,56542.7,0.242193,0.235798
8|291|sample|9|103,0.001824,84908,2,9,1,98225.875,44029.7,93297.8,60431.4,60663.2,0.504615,0.497951
8|291|sample|9|103,0.00912,66966,3,9,1,98225.875,44158.7,83861.5,47333.1,47341.1,0.514876,0.51458
8|291|sample|9|103,0.0456,29642,4,9,1,98225.875,44161.0,61695.4,44343.6,44219.4,-0.411077,-0.408729
8|291|sample|9|103,0.228,2230,5,9,1,98225.875,44161.0,45060.8,44289.9,44161.0,-1.17746,-1.17721
8|291|sample|9|103,1.14,562,6,9,1,98225.875,44158.7,44158.7,44287.8,44158.7,-1.22415,-1.22404
8|291|sample|9|103,5.7,484,7,9,1,98225.875,44029.7,44029.7,44166.0,44029.7,-1.22623,-1.22612
8|291|sample|9|103,28.5,548,8,9,1,98225.875,36940.7,36936.1,37008.3,36936.1,-1.21722,-1.21713
8|291|vc|1|2|103,0.0,87702,1,2,1,98225.875,36936.4,36936.1,37008.3,36936.1,1.6924,1.69804
8|291|vc|2|2|103,0.0,107225,2,2,1,98225.875,44029.7,44029.7,44166.0,44029.7,1.77018,1.7794
8|291|vc|3|2|103,0.0,103247,3,2,1,98225.875,44029.7,44029.7,44166.0,44029.7,1.65851,1.66739
8|291|vc|4|2|103,0.0,105493,4,2,1,98225.875,44029.7,44029.7,44166.0,44029.7,1.72156,1.73063
8|291|vc|5|2|103,0.0,108146,5,2,1,98225.875,44029.7,44029.7,44166.0,44029.7,1.79604,1.80533
8|291|vc|6|2|103,0.0,97541,6,2,1,98225.875,44029.7,44029.7,44166.0,44029.7,1.49833,1.50673
8|291|vc|7|2|103,0.0,95893,7,2,1,98225.875,44029.7,44029.7,44166.0,44029.7,1.45207,1.46032
8|291|vc|8|2|103,0.0,80560,8,2,1,98225.875,36936.4,36936.1,37008.3,36936.1,1.45396,1.45915
8|77|cc|1|1|218,0.0,474,1,1,0,42678.375,0.0,0.0,0.0,0.0,0.737771,0.737771
8|77|cc|2|1|218,0.0,504,2,1,0,42678.375,0.0,0.0,0.0,0.0,0.784466,0.784466
8|77|cc|3|1|218,0.0,490,3,1,0,42678.375,0.0,0.0,0.0,0.0,0.762675,0.762675
8|77|cc|4|1|218,0.0,528,4,1,0,42678.375,0.0,0.0,0.0,0.0,0.821821,0.821821
8|77|cc|5|1|218,0.0,460,5,1,0,42678.375,0.0,0.0,0.0,0.0,0.715981,0.715981
8|77|cc|6|1|218,0.0,446,6,1,0,42678.375,0.0,0.0,0.0,0.0,0.69419,0.69419
8|77|cc|7|1|218,0.0,412,7,1,0,42678.375,0.0,0.0,0.0,0.0,0.64127,0.64127
8|77|cc|8|1|218,0.0,498,8,1,0,42678.375,0.0,0.0,0.0,0.0,0.775127,0.775127
8|77|sample|10|218,0.0003648,35866,1,10,1,42678.375,36936.4,29864.1,29806.9,29862.2,0.249859,0.24713
8|77|sample|10|218,0.001824,34189,2,10,1,42678.375,44029.7,42431.1,42446.7,42429.8,-0.241023,-0.240623
8|77|sample|10|218,0.00912,29560,3,10,1,42678.375,44158.7,42694.9,42697.5,42690.9,-0.381242,-0.381108
8|77|sample|10|218,0.0456,18735,4,10,1,42678.375,44158.7,42749.6,42757.3,42737.6,-0.696154,-0.695897
8|77|sample|10|218,0.228,5920,5,10,1,42678.375,44158.7,42932.1,42956.6,42900.5,-1.06841,-1.06817
8|77|sample|10|218,1.14,1412,6,10,1,42678.375,44158.7,43417.0,43484.5,43362.3,-1.19922,-1.19905
8|77|sample|10|218,5.7,958,7,10,1,42678.375,44029.7,43896.1,44023.4,43870.5,-1.21277,-1.2126
8|77|sample|10|218,28.5,822,8,10,1,42678.375,36935.4,36935.0,37007.1,36934.4,-1.20807,-1.20796
8|77|sample|11|218,0.0003712,46172,1,11,1,42678.375,36936.4,29954.9,29916.4,29921.0,0.667943,0.667649
8|77|sample|11|218,0.001856,35384,2,11,1,42678.375,44029.7,42504.8,42538.3,42480.6,-0.208376,-0.20697
8|77|sample|11|218,0.00928,31066,3,11,1,42678.375,44029.7,42698.2,42767.0,42629.3,-0.339014,-0.336086
8|77|sample|11|218,0.0464,17065,4,11,1,42678.375,44029.7,43217.9,43351.9,43080.5,-0.751525,-0.748365
8|77|sample|11|218,0.2319999999999999,3456,5,11,1,42678.375,44029.7,43895.7,44047.9,43817.1,-1.14249,-1.14187
8|77|sample|11|218,1.16,552,6,11,1,42678.375,44029.7,44029.5,44165.9,44029.0,-1.22433,-1.22421
8|77|sample|11|218,5.8,432,7,11,1,42678.375,44029.7,44029.7,44166.0,44029.7,-1.22769,-1.22759
8|77|sample|11|218,29.0,516,8,11,1,42678.375,36935.2,36936.4,37008.6,36936.4,-1.21829,-1.2182
8|77|sample|12|218,0.0003712,45444,1,12,1,42678.375,36936.4,29954.9,29815.4,29872.5,0.644293,0.640745
8|77|sample|12|218,0.001856,37090,2,12,1,42678.375,36936.4,30209.3,29874.3,29930.2,0.296899,0.294064
8|77|sample|12|218,0.00928,32149,3,12,1,42678.375,36936.4,31062.2,30139.5,30190.0,0.0819752,0.0797827
8|77|sample|12|218,0.0464,16881,4,12,1,42678.375,36936.4,33354.9,31239.9,31269.0,-0.565641,-0.566273
8|77|sample|12|218,0.2319999999999999,2962,5,12,1,42678.375,36936.4,36345.2,34426.1,34396.4,-1.1274,-1.12728
8|77|sample|12|218,1.16,426,6,12,1,42678.375,36936.4,36935.5,36943.5,36872.2,-1.22122,-1.22114
8|77|sample|12|218,5.8,460,7,12,1,42678.375,36936.4,36936.4,37008.6,36936.4,-1.22015,-1.22007
8|77|sample|12|218,29.0,486,8,12,1,42678.375,36935.2,36936.4,37008.6,36936.4,-1.21929,-1.2192
8|77|sample|3|218,6.4e-05,43169,1,3,1,42678.375,36936.4,29879.9,29814.7,29871.7,0.550547,0.547179
8|77|sample|3|218,0.00032,39049,2,3,1,42678.375,44029.7,42444.1,42454.2,42438.1,-0.0993729,-0.0989383
8|77|sample|3|218,0.0016,29908,3,3,1,42678.375,44158.7,42737.9,42725.0,42720.0,-0.371705,-0.371604
8|77|sample|3|218,0.008,10350,4,3,1,42678.375,44158.7,42895.0,42859.8,42843.4,-0.939906,-0.939785
8|77|sample|3|218,0.04,1788,5,3,1,42678.375,44158.7,43334.8,43276.4,43225.4,-1.18816,-1.18807
8|77|sample|3|218,0.2,944,6,3,1,42678.375,44158.7,43985.3,44016.9,43907.3,-1.21316,-1.21304
8|77|sample|3|218,1.0,862,7,3,1,42678.375,44029.7,44029.0,44164.1,44027.9,-1.21562,-1.21548
8|77|sample|3|218,5.0,850,8,3,1,42678.375,36936.4,36936.4,37008.6,36936.4,-1.20713,-1.20703
8|77|sample|4|218,6.4e-05,45568,1,4,1,42678.375,36936.4,29879.9,29828.1,29871.8,0.648617,0.645892
8|77|sample|4|218,0.00032,42519,2,4,1,42678.375,44029.7,42444.1,42464.6,42438.1,0.0015873,0.00236113
8|77|sample|4|218,0.0016,32499,3,4,1,42678.375,44158.7,42737.9,42755.3,42720.2,-0.297236,-0.296458
8|77|sample|4|218,0.008,11100,4,4,1,42678.375,44161.0,42899.2,42949.2,42848.2,-0.918926,-0.918131
8|77|sample|4|218,0.04,1742,5,4,1,42678.375,44161.0,43338.3,43454.7,43230.3,-1.18977,-1.1894
8|77|sample|4|218,0.2,908,6,4,1,42678.375,44158.7,43985.3,44133.0,43908.3,-1.2143,-1.21405
8|77|sample|4|218,1.0,792,7,4,1,42678.375,44029.7,44029.0,44165.6,44027.9,-1.21759,-1.21745
8|77|sample|4|218,5.0,628,8,4,1,42678.375,36936.4,36936.4,37008.6,36936.4,-1.21455,-1.21445
8|77|sample|5|218,0.0006144,34690,1,5,1,42678.375,36936.4,29999.8,29861.3,29953.7,0.198767,0.194379
8|77|sample|5|218,0.003072,18239,2,5,1,42678.375,44029.7,42540.3,42500.1,42508.0,-0.707249,-0.70735
8|77|sample|5|218,0.01536,4564,3,5,1,42678.375,44158.7,43028.2,42892.2,42948.4,-1.1073,-1.1075
8|77|sample|5|218,0.0768,1360,4,5,1,42678.375,44161.0,43613.0,43399.2,43485.3,-1.20059,-1.20071
8|77|sample|5|218,0.384,1130,5,5,1,42678.375,44161.0,44121.5,44146.5,44088.2,-1.20808,-1.20801
8|77|sample|5|218,1.92,728,6,5,1,42678.375,44158.7,44158.7,44287.7,44158.7,-1.2195,-1.21938
8|77|sample|5|218,9.6,752,7,5,1,42678.375,44029.7,44029.7,44166.0,44029.7,-1.21871,-1.21858
8|77|sample|5|218,48.0,878,8,5,1,42678.375,36793.2,36936.4,37008.6,36936.4,-1.2062,-1.20609
8|77|sample|6|218,0.0006144,31418,1,6,1,42678.375,36936.4,29999.8,29880.0,29952.7,0.063272,0.0601396
8|77|sample|6|218,0.003072,16903,2,6,1,42678.375,44029.7,42540.3,42515.2,42507.2,-0.746376,-0.746281
8|77|sample|6|218,0.01536,4450,3,6,1,42678.375,44158.7,43028.2,42934.9,42946.4,-1.11075,-1.11079
8|77|sample|6|218,0.0768,1342,4,6,1,42678.375,44161.0,43613.0,43485.9,43481.9,-1.20122,-1.20122
8|77|sample|6|218,0.384,938,5,6,1,42678.375,44161.0,44121.5,44185.8,44087.1,-1.21351,-1.2134
8|77|sample|6|218,1.92,712,6,6,1,42678.375,44158.7,44158.7,44287.8,44158.7,-1.21995,-1.21983
8|77|sample|6|218,9.6,794,7,6,1,42678.375,44029.7,44029.7,44166.0,44029.7,-1.21753,-1.2174
8|77|sample|6|218,48.0,626,8,6,1,42678.375,36793.2,36936.4,37008.6,36936.4,-1.21461,-1.21452
8|77|sample|7|218,7.68e-05,30832,1,7,1,42678.375,36936.4,29858.6,29800.2,29857.7,0.0425581,0.0401105
8|77|sample|7|218,0.000384,38389,2,7,1,42678.375,44029.7,42426.7,42441.0,42425.9,-0.118283,-0.117885
8|77|sample|7|218,0.00192,35394,3,7,1,42678.375,44158.7,42679.8,42678.3,42677.6,-0.211478,-0.211463
8|77|sample|7|218,0.0096,35666,4,7,1,42678.375,44161.0,42700.3,42693.7,42693.3,-0.203958,-0.203948
8|77|sample|7|218,0.048,22898,5,7,1,42678.375,44161.0,42757.1,42737.9,42735.8,-0.575207,-0.575174
8|77|sample|7|218,0.24,7590,6,7,1,42678.375,44158.7,42941.9,42896.0,42885.2,-1.0199,-1.01984
8|77|sample|7|218,1.2,1360,7,7,1,42678.375,44029.7,43251.0,43196.7,43143.9,-1.2003,-1.20023
8|77|sample|7|218,6.0,822,8,7,1,42678.375,36936.4,36403.9,36227.8,36203.0,-1.20692,-1.20688
8|77|sample|8|218,7.68e-05,34940,1,8,1,42678.375,36936.4,29858.6,29800.0,29857.7,0.212006,0.209231
8|77|sample|8|218,0.000384,36968,2,8,1,42678.375,44029.7,42426.7,42440.8,42425.9,-0.159759,-0.15938
8|77|sample|8|218,0.00192,37060,3,8,1,42678.375,44158.7,42679.8,42677.7,42677.6,-0.163096,-0.163095
8|77|sample|8|218,0.0096,34816,4,8,1,42678.375,44161.0,42700.3,42691.8,42693.3,-0.228581,-0.228616
8|77|sample|8|218,0.048,23358,5,8,1,42678.375,44161.0,42757.1,42731.8,42735.8,-0.561771,-0.561836
8|77|sample|8|218,0.24,5846,6,8,1,42678.375,44158.7,42941.9,42878.2,42885.2,-1.0702,-1.07024
8|77|sample|8|218,1.2,1892,7,8,1,42678.375,44029.7,43251.0,43159.3,43143.9,-1.18497,-1.18494
8|77|sample|8|218,6.0,882,8,8,1,42678.375,36936.4,36403.9,36146.1,36203.0,-1.20475,-1.20484
8|77|sample|9|218,0.0003648,39501,1,9,1,42678.375,36936.4,29864.1,29803.7,29862.2,0.399927,0.396755
8|77|sample|9|218,0.001824,33817,2,9,1,42678.375,44029.7,42431.1,42444.2,42429.8,-0.251822,-0.251485
8|77|sample|9|218,0.00912,26621,3,9,1,42678.375,44158.7,42694.9,42690.0,42690.9,-0.466392,-0.466409
8|77|sample|9|218,0.0456,18897,4,9,1,42678.375,44161.0,42754.0,42738.4,42742.0,-0.691212,-0.691259
8|77|sample|9|218,0.228,6130,5,9,1,42678.375,44161.0,42936.2,42899.3,42904.7,-1.06209,-1.06212
8|77|sample|9|218,1.14,1632,6,9,1,42678.375,44158.7,43417.0,43375.6,43362.3,-1.19278,-1.19276
8|77|sample|9|218,5.7,948,7,9,1,42678.375,44029.7,43896.1,43970.2,43870.5,-1.21299,-1.21288
8|77|sample|9|218,28.5,518,8,9,1,42678.375,36935.4,36935.0,37006.0,36934.4,-1.21822,-1.21813
8|77|vc|1|2|218,0.0,44393,1,2,1,42678.375,36936.4,36936.4,37008.6,36936.4,0.246525,0.24941
8|77|vc|2|2|218,0.0,45576,2,2,1,42678.375,44029.7,44029.7,44166.0,44029.7,0.0395806,0.0435391
8|77|vc|3|2|218,0.0,43197,3,2,1,42678.375,44029.7,44029.7,44166.0,44029.7,-0.0272023,-0.0234468
8|77|vc|4|2|218,0.0,40982,4,2,1,42678.375,44029.7,44029.7,44166.0,44029.7,-0.0893814,-0.0858149
8|77|vc|5|2|218,0.0,41808,5,2,1,42678.375,44029.7,44029.7,44166.0,44029.7,-0.0661941,-0.0625571
8|77|vc|6|2|218,0.0,42921,6,2,1,42678.375,44029.7,44029.7,44166.0,44029.7,-0.0349501,-0.0312182
8|77|vc|7|2|218,0.0,40844,7,2,1,42678.375,44029.7,44029.7,44166.0,44029.7,-0.0932553,-0.0897006
8|77|vc|8|2|218,0.0,41706,8,2,1,42678.375,36936.4,36936.4,37008.6,36936.4,0.156821,0.159534
8|322|cc|1|1|174,0.0,458,1,1,0,57415.875,0.0,0.0,0.0,0.0,0.712868,0.712868
8|322|cc|2|1|174,0.0,448,2,1,0,57415.875,0.0,0.0,0.0,0.0,0.697303,0.697303
8|322|cc|3|1|174,0.0,402,3,1,0,57415.875,0.0,0.0,0.0,0.0,0.625705,0.625705
8|322|cc|4|1|174,0.0,478,4,1,0,57415.875,0.0,0.0,0.0,0.0,0.743997,0.743997
8|322|cc|5|1|174,0.0,488,5,1,0,57415.875,0.0,0.0,0.0,0.0,0.759562,0.759562
8|322|cc|6|1|174,0.0,550,6,1,0,57415.875,0.0,0.0,0.0,0.0,0.856064,0.856064
8|322|cc|7|1|174,0.0,526,7,1,0,57415.875,0.0,0.0,0.0,0.0,0.818708,0.818708
8|322|cc|8|1|174,0.0,562,8,1,0,57415.875,0.0,0.0,0.0,0.0,0.874742,0.874742
8|322|sample|10|174,0.0003648,59489,1,10,1,57415.875,36936.4,37551.0,37442.0,37642.9,0.727688,0.717291
8|322|sample|10|174,0.001824,58098,2,10,1,57415.875,44029.7,44060.4,44178.9,44076.0,0.390624,0.394414
8|322|sample|10|174,0.00912,33755,3,10,1,57415.875,44158.7,44158.7,44287.8,44158.7,-0.294877,-0.292098
8|322|sample|10|174,0.0456,5730,4,10,1,57415.875,44158.7,44158.7,44287.8,44158.7,-1.07947,-1.07894
8|322|sample|10|174,0.228,522,5,10,1,57415.875,44158.7,44158.7,44287.8,44158.7,-1.22527,-1.22516
8|322|sample|10|174,1.14,508,6,10,1,57415.875,44158.7,44158.7,44287.8,44158.7,-1.22566,-1.22555
8|322|sample|10|174,5.7,466,7,10,1,57415.875,44029.7,44029.7,44166.0,44029.7,-1.22674,-1.22663
8|322|sample|10|174,28.5,506,8,10,1,57415.875,36936.8,36936.8,37008.9,36936.8,-1.21862,-1.21854
8|322|sample|11|174,0.0003712,53154,1,11,1,57415.875,36936.4,38762.6,38728.5,38359.4,0.460639,0.476877
8|322|sample|11|174,0.001856,50238,2,11,1,57415.875,44029.7,45656.9,45719.9,44826.9,0.122597,0.149699
8|322|sample|11|174,0.00928,51061,3,11,1,57415.875,44029.7,44036.5,44172.0,44030.7,0.19336,0.197949
8|322|sample|11|174,0.0464,11824,4,11,1,57415.875,44029.7,44029.7,44166.0,44029.7,-0.9079,-0.906822
8|322|sample|11|174,0.2319999999999999,1284,5,11,1,57415.875,44029.7,44029.7,44166.0,44029.7,-1.20378,-1.2036
8|322|sample|11|174,1.16,466,6,11,1,57415.875,44029.7,44029.7,44166.0,44029.7,-1.22674,-1.22663
8|322|sample|11|174,5.8,472,7,11,1,57415.875,44029.7,44029.7,44166.0,44029.7,-1.22657,-1.22646
8|322|sample|11|174,6.0,490,8,11,1,57415.875,36936.4,36936.8,37008.9,36936.8,-1.21915,-1.21907
8|322|sample|12|174,0.0003712,46716,1,12,1,57415.875,36936.4,38762.6,39203.6,38460.5,0.237038,0.265414
8|322|sample|12|174,0.001856,42028,2,12,1,57415.875,36936.4,37339.7,37796.5,37175.9,0.138383,0.161271
8|322|sample|12|174,0.00928,33001,3,12,1,57415.875,36936.4,36938.5,37021.9,36937.2,-0.134187,-0.131656
8|322|sample|12|174,0.0464,9910,4,12,1,57415.875,36936.4,36936.8,37008.9,36936.8,-0.904675,-0.903991
8|322|sample|12|174,0.2319999999999999,1086,5,12,1,57415.875,36936.4,36936.8,37008.9,36936.8,-1.19926,-1.19914
8|322|sample|12|174,1.16,452,6,12,1,57415.875,36936.4,36936.8,37008.9,36936.8,-1.22042,-1.22034
8|322|sample|12|174,5.8,472,7,12,1,57415.875,36936.4,36936.8,37008.9,36936.8,-1.21975,-1.21967
8|322|sample|12|174,29.0,506,8,12,1,57415.875,36936.9,36936.8,37008.9,36936.8,-1.21862,-1.21854
8|322|sample|3|174,6.4e-05,68369,1,3,1,57415.875,36936.4,39209.8,38051.7,39264.8,0.984962,0.916929
8|322|sample|3|174,0.00032,67810,2,3,1,57415.875,44029.7,47644.6,44649.8,47919.6,0.64323,0.515352
8|322|sample|3|174,0.0016,52285,3,3,1,57415.875,44158.7,44281.7,44288.5,44311.3,0.223868,0.223116
8|322|sample|3|174,0.008,24757,4,3,1,57415.875,44158.7,44158.7,44287.8,44158.7,-0.546785,-0.54473
8|322|sample|3|174,0.04,6502,5,3,1,57415.875,44158.7,44158.7,44287.8,44158.7,-1.05785,-1.05726
8|322|sample|3|174,0.2,1324,6,3,1,57415.875,44158.7,44158.7,44287.8,44158.7,-1.20282,-1.20264
8|322|sample|3|174,1.0,1184,7,3,1,57415.875,44029.7,44029.7,44166.0,44029.7,-1.20658,-1.20641
8|322|sample|3|174,5.0,732,8,3,1,57415.875,36936.4,36936.8,37008.9,36936.8,-1.21107,-1.21098
8|322|sample|4|174,6.4e-05,62415,1,4,1,57415.875,36936.4,39209.8,39262.8,39232.4,0.729448,0.73096
8|322|sample|4|174,0.00032,67704,2,4,1,57415.875,44029.7,47644.6,48204.9,47755.5,0.502274,0.518602
8|322|sample|4|174,0.0016,62973,3,4,1,57415.875,44158.7,44281.7,44461.4,44293.1,0.516265,0.522902
8|322|sample|4|174,0.008,31769,4,4,1,57415.875,44161.0,44161.0,44289.9,44161.0,-0.350519,-0.347906
8|322|sample|4|174,0.04,7024,5,4,1,57415.875,44161.0,44161.0,44289.9,44161.0,-1.04325,-1.04262
8|322|sample|4|174,0.2,2158,6,4,1,57415.875,44158.7,44158.7,44287.8,44158.7,-1.17947,-1.17923
8|322|sample|4|174,1.0,1208,7,4,1,57415.875,44029.7,44029.7,44166.0,44029.7,-1.20591,-1.20574
8|322|sample|4|174,5.0,738,8,4,1,57415.875,36936.4,36936.8,37008.9,36936.8,-1.21087,-1.21078
8|322|sample|5|174,0.0006144,57284,1,5,1,57415.875,36936.4,37306.1,37191.7,37337.9,0.667537,0.66014
8|322|sample|5|174,0.003072,45244,2,5,1,57415.875,44029.7,44034.6,44166.8,44035.9,0.0302381,0.0340131
8|322|sample|5|174,0.01536,15013,3,5,1,57415.875,44158.7,44158.7,44287.8,44158.7,-0.819579,-0.818306
8|322|sample|5|174,0.0768,3166,4,5,1,57415.875,44161.0,44161.0,44289.9,44161.0,-1.15125,-1.15093
8|322|sample|5|174,0.384,1700,5,5,1,57415.875,44161.0,44161.0,44289.9,44161.0,-1.19229,-1.19209
8|322|sample|5|174,1.92,1178,6,5,1,57415.875,44158.7,44158.7,44287.8,44158.7,-1.2069,-1.20674
8|322|sample|5|174,9.6,802,7,5,1,57415.875,44029.7,44029.7,44166.0,44029.7,-1.21731,-1.21717
8|322|sample|5|174,48.0,592,8,5,1,57415.875,37001.7,36936.8,37008.9,36936.8,-1.21575,-1.21566
8|322|sample|6|174,0.0006144,61466,1,6,1,57415.875,36936.4,37306.1,37257.5,37394.8,0.802902,0.79548
8|322|sample|6|174,0.003072,43953,2,6,1,57415.875,44029.7,44034.6,44167.8,44038.7,-0.0060306,-0.00241375
8|322|sample|6|174,0.01536,17317,3,6,1,57415.875,44158.7,44158.7,44287.8,44158.7,-0.755076,-0.753618
8|322|sample|6|174,0.0768,3170,4,6,1,57415.875,44161.0,44161.0,44289.9,44161.0,-1.15114,-1.15082
8|322|sample|6|174,0.384,1668,5,6,1,57415.875,44161.0,44161.0,44289.9,44161.0,-1.19319,-1.19299
8|322|sample|6|174,1.92,986,6,6,1,57415.875,44158.7,44158.7,44287.8,44158.7,-1.21228,-1.21213
8|322|sample|6|174,9.6,876,7,6,1,57415.875,44029.7,44029.7,44166.0,44029.7,-1.21523,-1.21509
8|322|sample|6|174,48.0,568,8,6,1,57415.875,37001.7,36936.8,37008.9,36936.8,-1.21655,-1.21646
8|322|sample|7|174,7.68e-05,65787,1,7,1,57415.875,36936.4,38948.1,39031.5,39315.8,0.847869,0.832916
8|322|sample|7|174,0.000384,73386,2,7,1,57415.875,44029.7,46342.8,46862.9,47951.0,0.702434,0.658585
8|322|sample|7|174,0.00192,64997,3,7,1,57415.875,44158.7,44182.9,44326.4,44277.2,0.578199,0.58021
8|322|sample|7|174,0.0096,39945,4,7,1,57415.875,44161.0,44161.0,44289.9,44161.0,-0.121634,-0.118365
8|322|sample|7|174,0.048,8318,5,7,1,57415.875,44161.0,44161.0,44289.9,44161.0,-1.00702,-1.00629
8|322|sample|7|174,0.24,670,6,7,1,57415.875,44158.7,44158.7,44287.8,44158.7,-1.22113,-1.22101
8|322|sample|7|174,1.2,500,7,7,1,57415.875,44029.7,44029.7,44166.0,44029.7,-1.22579,-1.22567
8|322|sample|7|174,6.0,490,8,7,1,57415.875,36936.4,36936.8,37008.9,36936.8,-1.21915,-1.21907
8|322|sample|8|174,7.68e-05,62071,1,8,1,57415.875,36936.4,38948.1,38751.6,39119.7,0.744209,0.725708
8|322|sample|8|174,0.000384,68715,2,8,1,57415.875,44029.7,46342.8,45886.6,47007.5,0.617222,0.573159
8|322|sample|8|174,0.00192,70174,3,8,1,57415.875,44158.7,44182.9,44298.4,44209.7,0.724245,0.728159
8|322|sample|8|174,0.0096,40494,4,8,1,57415.875,44161.0,44161.0,44289.9,44161.0,-0.106265,-0.102952
8|322|sample|8|174,0.048,8992,5,8,1,57415.875,44161.0,44161.0,44289.9,44161.0,-0.988155,-0.987369
8|322|sample|8|174,0.24,784,6,8,1,57415.875,44158.7,44158.7,44287.8,44158.7,-1.21793,-1.21781
8|322|sample|8|174,1.2,536,7,8,1,57415.875,44029.7,44029.7,44166.0,44029.7,-1.22477,-1.22466
8|322|sample|8|174,29.0,490,8,8,1,57415.875,36936.9,36936.8,37008.9,36936.8,-1.21915,-1.21907
8|322|sample|9|174,0.0003648,63211,1,9,1,57415.875,36936.4,37551.0,37735.6,37734.7,0.834439,0.83449
8|322|sample|9|174,0.001824,58837,2,9,1,57415.875,44029.7,44060.4,44223.5,44096.4,0.409703,0.414439
8|322|sample|9|174,0.00912,39073,3,9,1,57415.875,44158.7,44158.7,44287.8,44158.7,-0.145994,-0.142788
8|322|sample|9|174,0.0456,8670,4,9,1,57415.875,44161.0,44161.0,44289.9,44161.0,-0.997169,-0.996409
8|322|sample|9|174,0.228,700,5,9,1,57415.875,44161.0,44161.0,44289.9,44161.0,-1.22029,-1.22017
8|322|sample|9|174,1.14,472,6,9,1,57415.875,44158.7,44158.7,44287.8,44158.7,-1.22667,-1.22657
8|322|sample|9|174,5.7,500,7,9,1,57415.875,44029.7,44029.7,44166.0,44029.7,-1.22579,-1.22567
8|322|sample|9|174,28.5,482,8,9,1,57415.875,36936.8,36936.8,37008.9,36936.8,-1.21942,-1.21934
8|322|vc|1|2|174,0.0,64086,1,2,1,57415.875,36936.4,36936.8,37008.9,36936.8,0.903947,0.908086
8|322|vc|2|2|174,0.0,59601,2,2,1,57415.875,44029.7,44029.7,44166.0,44029.7,0.433288,0.438443
8|322|vc|3|2|174,0.0,60716,3,2,1,57415.875,44029.7,44029.7,44166.0,44029.7,0.464588,0.469838
8|322|vc|4|2|174,0.0,64995,4,2,1,57415.875,44029.7,44029.7,44166.0,44029.7,0.584707,0.590323
8|322|vc|5|2|174,0.0,56075,5,2,1,57415.875,44029.7,44029.7,44166.0,44029.7,0.334307,0.339161
8|322|vc|6|2|174,0.0,55557,6,2,1,57415.875,44029.7,44029.7,44166.0,44029.7,0.319765,0.324576
8|322|vc|7|2|174,0.0,54622,7,2,1,57415.875,44029.7,44029.7,44166.0,44029.7,0.293518,0.298249
8|322|vc|8|2|174,0.0,43675,8,2,1,57415.875,36936.4,36936.8,37008.9,36936.8,0.222543,0.22538
8|963|cc|1|1|319,0.0,464,1,1,0,44968.25,0.0,0.0,0.0,0.0,0.722207,0.722207
8|963|cc|2|1|319,0.0,386,2,1,0,44968.25,0.0,0.0,0.0,0.0,0.600801,0.600801
8|963|cc|3|1|319,0.0,462,3,1,0,44968.25,0.0,0.0,0.0,0.0,0.719094,0.719094
8|963|cc|4|1|319,0.0,444,4,1,0,44968.25,0.0,0.0,0.0,0.0,0.691077,0.691077
8|963|cc|5|1|319,0.0,462,5,1,0,44968.25,0.0,0.0,0.0,0.0,0.719094,0.719094
8|963|cc|6|1|319,0.0,502,6,1,0,44968.25,0.0,0.0,0.0,0.0,0.781353,0.781353
8|963|cc|7|1|319,0.0,480,7,1,0,44968.25,0.0,0.0,0.0,0.0,0.74711,0.74711
8|963|cc|8|1|319,0.0,366,8,1,0,44968.25,0.0,0.0,0.0,0.0,0.569672,0.569672
8|963|sample|10|319,0.0003648,28692,1,10,1,44968.25,36936.4,16243.0,16321.6,16265.4,0.911633,0.918782
8|963|sample|10|319,0.001824,38931,2,10,1,44968.25,44029.7,43380.3,43505.1,43380.2,-0.130318,-0.127119
8|963|sample|10|319,0.00912,30460,3,10,1,44968.25,44158.7,44826.8,44872.9,44812.4,-0.398337,-0.39719
8|963|sample|10|319,0.0456,5540,4,10,1,44968.25,44158.7,44670.1,44779.0,44638.1,-1.0867,-1.08616
8|963|sample|10|319,0.228,612,5,10,1,44968.25,44158.7,44342.9,44525.5,44309.4,-1.22296,-1.22277
8|963|sample|10|319,1.14,454,6,10,1,44968.25,44158.7,44134.1,44278.4,44131.3,-1.22717,-1.22705
8|963|sample|10|319,5.7,472,7,10,1,44968.25,44029.7,43374.4,43563.0,43374.4,-1.22608,-1.22593
8|963|sample|10|319,28.5,442,8,10,1,44968.25,36935.6,26481.0,26654.5,26481.0,-1.20498,-1.20462
8|963|sample|11|319,0.0003712,32971,1,11,1,44968.25,36936.4,23832.0,25294.4,23258.1,0.371276,0.509506
8|963|sample|11|319,0.001856,45678,2,11,1,44968.25,44029.7,43374.4,43563.0,43374.5,0.0601792,0.0658224
8|963|sample|11|319,0.00928,41502,3,11,1,44968.25,44029.7,43374.4,43563.0,43374.4,-0.0586435,-0.0535035
8|963|sample|11|319,0.0464,26805,4,11,1,44968.25,44029.7,43374.4,43563.0,43374.4,-0.476821,-0.473467
8|963|sample|11|319,0.2319999999999999,8100,5,11,1,44968.25,44029.7,43374.4,43563.0,43374.4,-1.00904,-1.00796
8|963|sample|11|319,1.16,724,6,11,1,44968.25,44029.7,43374.4,43563.0,43374.4,-1.21891,-1.21873
8|963|sample|11|319,5.8,414,7,11,1,44968.25,44029.7,43374.4,43563.0,43374.4,-1.22773,-1.22758
8|963|sample|11|319,29.0,424,8,11,1,44968.25,36935.4,26481.0,26654.5,26481.0,-1.20581,-1.20545
8|963|sample|12|319,0.0003712,34774,1,12,1,44968.25,36936.4,23832.0,26204.6,23919.9,0.400492,0.554135
8|963|sample|12|319,0.001856,39569,2,12,1,44968.25,36936.4,26408.6,26654.0,26415.5,0.593714,0.609972
8|963|sample|12|319,0.00928,35504,3,12,1,44968.25,36936.4,26481.0,26654.5,26481.0,0.406809,0.417424
8|963|sample|12|319,0.0464,22196,4,12,1,44968.25,36936.4,26481.0,26654.5,26481.0,-0.204957,-0.198232
8|963|sample|12|319,0.2319999999999999,7430,5,12,1,44968.25,36936.4,26481.0,26654.5,26481.0,-0.883747,-0.881338
8|963|sample|12|319,1.16,894,6,12,1,44968.25,36936.4,26481.0,26654.5,26481.0,-1.18421,-1.18371
8|963|sample|12|319,5.8,404,7,12,1,44968.25,36936.4,26481.0,26654.5,26481.0,-1.20673,-1.20638
8|963|sample|12|319,29.0,400,8,12,1,44968.25,36935.4,26481.0,26654.5,26481.0,-1.20691,-1.20656
8|963|sample|3|319,6.4e-05,38041,1,3,1,44968.25,36936.4,19935.9,22291.8,23257.3,0.860703,0.775529
8|963|sample|3|319,0.00032,35786,2,3,1,44968.25,44029.7,43375.6,43559.5,43374.6,-0.221199,-0.216841
8|963|sample|3|319,0.0016,28073,3,3,1,44968.25,44158.7,44127.9,44260.1,44126.1,-0.453452,-0.45104
8|963|sample|3|319,0.008,5340,4,3,1,44968.25,44158.7,44126.1,44260.0,44126.1,-1.09028,-1.08976
8|963|sample|3|319,0.04,754,5,3,1,44968.25,44158.7,44126.1,44260.0,44126.1,-1.21875,-1.21862
8|963|sample|3|319,0.2,712,6,3,1,44968.25,44158.7,44126.1,44260.0,44126.1,-1.21992,-1.2198
8|963|sample|3|319,1.0,546,7,3,1,44968.25,44029.7,43374.4,43563.0,43374.4,-1.22398,-1.22381
8|963|sample|3|319,5.0,670,8,3,1,44968.25,36936.4,26481.0,26654.5,26481.0,-1.1945,-1.19407
8|963|sample|4|319,6.4e-05,32065,1,4,1,44968.25,36936.4,19935.9,19629.1,21052.0,0.76816,0.636
8|963|sample|4|319,0.00032,37511,2,4,1,44968.25,44029.7,43375.6,43549.4,43375.1,-0.171866,-0.167562
8|963|sample|4|319,0.0016,27141,3,4,1,44968.25,44158.7,44127.9,44262.7,44126.5,-0.479607,-0.477233
8|963|sample|4|319,0.008,4104,4,4,1,44968.25,44161.0,44159.5,44288.7,44159.5,-1.12499,-1.12459
8|963|sample|4|319,0.04,1172,5,4,1,44968.25,44161.0,44159.5,44288.7,44159.5,-1.20707,-1.20691
8|963|sample|4|319,0.2,588,6,4,1,44968.25,44158.7,44126.1,44260.0,44126.1,-1.2234,-1.22328
8|963|sample|4|319,1.0,672,7,4,1,44968.25,44029.7,43374.4,43563.0,43374.4,-1.22039,-1.22021
8|963|sample|4|319,5.0,534,8,4,1,44968.25,36936.4,26481.0,26654.5,26481.0,-1.20075,-1.20036
8|963|sample|5|319,0.0006144,21356,1,5,1,44968.25,36936.4,25854.7,25819.3,22780.9,-0.21161,-0.0762552
8|963|sample|5|319,0.003072,12368,2,5,1,44968.25,44029.7,43374.4,43563.0,43374.5,-0.887601,-0.886001
8|963|sample|5|319,0.01536,2146,3,5,1,44968.25,44158.7,44126.1,44260.0,44126.1,-1.17975,-1.17951
8|963|sample|5|319,0.0768,922,4,5,1,44968.25,44161.0,44159.5,44288.7,44159.5,-1.21407,-1.21393
8|963|sample|5|319,0.384,564,5,5,1,44968.25,44161.0,44159.5,44288.7,44159.5,-1.22409,-1.22398
8|963|sample|5|319,1.92,616,6,5,1,44968.25,44158.7,44126.1,44260.0,44126.1,-1.22261,-1.22249
8|963|sample|5|319,9.6,510,7,5,1,44968.25,44029.7,43374.4,43563.0,43374.4,-1.225,-1.22484
8|963|sample|5|319,48.0,534,8,5,1,44968.25,36825.6,26481.0,26654.5,26481.0,-1.20075,-1.20036
8|963|sample|6|319,0.0006144,23222,1,6,1,44968.25,36936.4,25854.7,25081.2,23193.9,-0.0906604,0.00147727
8|963|sample|6|319,0.003072,9404,2,6,1,44968.25,44029.7,43374.4,43563.0,43374.4,-0.971937,-0.970696
8|963|sample|6|319,0.01536,1486,3,6,1,44968.25,44158.7,44126.1,44260.0,44126.1,-1.19824,-1.19805
8|963|sample|6|319,0.0768,804,4,6,1,44968.25,44161.0,44159.5,44288.7,44159.5,-1.21737,-1.21724
8|963|sample|6|319,0.384,554,5,6,1,44968.25,44161.0,44159.5,44288.7,44159.5,-1.22437,-1.22426
8|963|sample|6|319,1.92,578,6,6,1,44968.25,44158.7,44126.1,44260.0,44126.1,-1.22368,-1.22356
8|963|sample|6|319,9.6,540,7,6,1,44968.25,44029.7,43374.4,43563.0,43374.4,-1.22415,-1.22398
8|963|sample|6|319,48.0,524,8,6,1,44968.25,36825.6,26481.0,26654.5,26481.0,-1.20121,-1.20082
8|963|sample|7|319,7.68e-05,38811,1,7,1,44968.25,36936.4,16190.5,16371.4,16199.9,1.64888,1.67824
8|963|sample|7|319,0.000384,39843,2,7,1,44968.25,44029.7,43380.4,43505.8,43380.4,-0.104353,-0.101066
8|963|sample|7|319,0.00192,42537,3,7,1,44968.25,44158.7,44876.3,44858.4,44869.6,-0.0641786,-0.0644719
8|963|sample|7|319,0.0096,19731,4,7,1,44968.25,44161.0,44888.8,44819.2,44869.4,-0.69419,-0.694815
8|963|sample|7|319,0.048,5488,5,7,1,44968.25,44161.0,44719.7,44607.0,44677.5,-1.08748,-1.08775
8|963|sample|7|319,0.24,816,6,7,1,44968.25,44158.7,44331.7,44323.2,44291.8,-1.21707,-1.21704
8|963|sample|7|319,1.2,518,7,7,1,44968.25,44029.7,43374.5,43563.0,43374.4,-1.22477,-1.22461
8|963|sample|7|319,6.0,528,8,7,1,44968.25,36936.4,26481.0,26654.5,26481.0,-1.20103,-1.20064
8|963|sample|8|319,7.68e-05,42388,1,8,1,44968.25,36936.4,16190.5,16327.6,16202.5,1.91984,1.94324
8|963|sample|8|319,0.000384,47167,2,8,1,44968.25,44029.7,43380.4,43505.1,43380.4,0.10433,0.108188
8|963|sample|8|319,0.00192,41432,3,8,1,44968.25,44158.7,44876.3,44879.0,44867.9,-0.0952525,-0.094969
8|963|sample|8|319,0.0096,29792,4,8,1,44968.25,44161.0,44888.8,44870.3,44864.5,-0.416749,-0.416643
8|963|sample|8|319,0.048,7130,5,8,1,44968.25,44161.0,44719.7,44694.0,44667.5,-1.04226,-1.04213
8|963|sample|8|319,0.24,546,6,8,1,44968.25,44158.7,44331.7,44375.2,44283.4,-1.22467,-1.22459
8|963|sample|8|319,1.2,530,7,8,1,44968.25,44029.7,43374.5,43562.9,43374.4,-1.22443,-1.22427
8|963|sample|8|319,6.0,510,8,8,1,44968.25,36936.4,26481.0,26654.5,26481.0,-1.20186,-1.20147
8|963|sample|9|319,0.0003648,31797,1,9,1,44968.25,36936.4,16243.0,16432.3,16277.1,1.12502,1.14672
8|963|sample|9|319,0.001824,42931,2,9,1,44968.25,44029.7,43380.3,43507.0,43380.2,-0.0164101,-0.0128345
8|963|sample|9|319,0.00912,26667,3,9,1,44968.25,44158.7,44826.8,44813.2,44805.5,-0.502172,-0.502042
8|963|sample|9|319,0.0456,5088,4,9,1,44968.25,44161.0,44728.0,44689.7,44679.2,-1.0989,-1.09886
8|963|sample|9|319,0.228,566,5,9,1,44968.25,44161.0,44386.1,44407.6,44336.6,-1.22414,-1.22408
8|963|sample|9|319,1.14,520,6,9,1,44968.25,44158.7,44134.1,44262.1,44130.4,-1.2253,-1.22519
8|963|sample|9|319,5.7,466,7,9,1,44968.25,44029.7,43374.4,43563.0,43374.4,-1.22625,-1.2261
8|963|sample|9|319,28.5,550,8,9,1,44968.25,36935.6,26481.0,26654.5,26481.0,-1.20002,-1.19962
8|963|vc|1|2|319,0.0,34792,1,2,1,44968.25,36936.4,26481.0,26654.5,26481.0,0.374078,0.384486
8|963|vc|2|2|319,0.0,46782,2,2,1,44968.25,44029.7,43374.4,43563.0,43374.4,0.0915898,0.0973713
8|963|vc|3|2|319,0.0,50148,3,2,1,44968.25,44029.7,43374.4,43563.0,43374.4,0.187364,0.193554
8|963|vc|4|2|319,0.0,48893,4,2,1,44968.25,44029.7,43374.4,43563.0,43374.4,0.151655,0.157693
8|963|vc|5|2|319,0.0,49292,5,2,1,44968.25,44029.7,43374.4,43563.0,43374.4,0.163008,0.169094
8|963|vc|6|2|319,0.0,45050,6,2,1,44968.25,44029.7,43374.4,43563.0,43374.4,0.0423087,0.0478798
8|963|vc|7|2|319,0.0,46782,7,2,1,44968.25,44029.7,43374.4,43563.0,43374.4,0.0915898,0.0973713
8|963|vc|8|2|319,0.0,38007,8,2,1,44968.25,36936.4,26481.0,26654.5,26481.0,0.521871,0.533219
8|1241|cc|1|1|69,0.0,692,1,1,0,143143.0,0.0,0.0,0.0,0.0,1.07708,1.07708
8|1241|cc|2|1|69,0.0,714,2,1,0,143143.0,0.0,0.0,0.0,0.0,1.11133,1.11133
8|1241|cc|3|1|69,0.0,742,3,1,0,143143.0,0.0,0.0,0.0,0.0,1.15491,1.15491
8|1241|cc|4|1|69,0.0,754,4,1,0,143143.0,0.0,0.0,0.0,0.0,1.17359,1.17359
8|1241|cc|5|1|69,0.0,770,5,1,0,143143.0,0.0,0.0,0.0,0.0,1.19849,1.19849
8|1241|cc|6|1|69,0.0,746,6,1,0,143143.0,0.0,0.0,0.0,0.0,1.16113,1.16113
8|1241|cc|7|1|69,0.0,752,7,1,0,143143.0,0.0,0.0,0.0,0.0,1.17047,1.17047
8|1241|cc|8|1|69,0.0,784,8,1,0,143143.0,0.0,0.0,0.0,0.0,1.22028,1.22028
8|1241|sample|3|69,0.0010624,130158,1,3,1,143143.0,36936.4,98740.4,99243.8,98616.4,0.390106,0.400534
8|1241|sample|3|69,0.005312,136763,2,3,1,143143.0,44029.7,134601.0,137805.0,134085.0,-0.00948952,0.0250625
8|1241|sample|3|69,0.02656,145073,3,3,1,143143.0,44158.7,117860.0,125336.0,116773.0,0.197551,0.303873
8|1241|sample|3|69,0.1328,129359,4,3,1,143143.0,44158.7,79160.6,88074.4,78061.6,0.586436,0.821167
8|1241|sample|3|69,0.664,56804,5,3,1,143143.0,44158.7,47505.3,48826.3,47374.6,0.202924,0.247076
8|1241|sample|3|69,3.32,4212,6,3,1,143143.0,44158.7,44168.9,44296.1,44169.2,-1.12199,-1.12159
8|1241|sample|3|69,83.0,726,8,3,1,143143.0,51611.8,36936.5,37008.7,36936.5,-1.21127,-1.21118
8|1241|sample|4|69,0.0010624,125943,1,4,1,143143.0,36936.4,98740.4,99363.2,98384.0,0.33501,0.35078
8|1241|sample|4|69,0.005312,138587,2,4,1,143143.0,44029.7,134601.0,138415.0,133148.0,0.00155607,0.0512665
8|1241|sample|4|69,0.02656,140654,3,4,1,143143.0,44158.7,117860.0,126994.0,114871.0,0.134946,0.281403
8|1241|sample|4|69,0.1328,125268,4,4,1,143143.0,44161.0,79167.5,90443.9,76236.0,0.481822,0.8035
8|1241|sample|4|69,0.664,58098,5,4,1,143143.0,44161.0,47508.1,49201.1,47166.8,0.224607,0.287665
8|1241|sample|4|69,3.32,3740,6,4,1,143143.0,44158.7,44168.9,44295.6,44169.7,-1.1352,-1.13484
8|1241|sample|4|69,16.6,582,7,4,1,143143.0,44029.7,44029.7,44166.0,44029.7,-1.22348,-1.22336
8|1241|sample|4|69,83.0,692,8,4,1,143143.0,51611.8,36936.5,37008.7,36936.5,-1.21241,-1.21231
8|1241|sample|8|69,16.6,688,7,8,1,143143.0,44029.7,44029.7,44166.0,44029.7,-1.22051,-1.22038
8|1241|vc|1|2|69,0.0,134396,1,2,1,143143.0,36936.4,36936.5,37008.7,36936.5,3.25122,3.25984
8|1241|vc|2|2|69,0.0,143827,2,2,1,143143.0,44029.7,44029.7,44166.0,44029.7,2.79767,2.81001
8|1241|vc|3|2|69,0.0,147132,3,2,1,143143.0,44029.7,44029.7,44166.0,44029.7,2.89044,2.90307
8|1241|vc|4|2|69,0.0,155723,4,2,1,143143.0,44029.7,44029.7,44166.0,44029.7,3.13161,3.14497
8|1241|vc|5|2|69,0.0,155074,5,2,1,143143.0,44029.7,44029.7,44166.0,44029.7,3.11339,3.12669
8|1241|vc|6|2|69,0.0,152580,6,2,1,143143.0,44029.7,44029.7,44166.0,44029.7,3.04338,3.05647
8|1241|vc|7|2|69,0.0,142167,7,2,1,143143.0,44029.7,44029.7,44166.0,44029.7,2.75107,2.76327
8|1241|vc|8|2|69,0.0,114245,8,2,1,143143.0,36936.4,36936.5,37008.7,36936.5,2.57849,2.58583
8|1056|cc|1|1|276,0.0,686,1,1,0,122846.625,0.0,0.0,0.0,0.0,1.06775,1.06775
8|1056|cc|2|1|276,0.0,688,2,1,0,122846.625,0.0,0.0,0.0,0.0,1.07086,1.07086
8|1056|cc|3|1|276,0.0,708,3,1,0,122846.625,0.0,0.0,0.0,0.0,1.10199,1.10199
8|1056|cc|4|1|276,0.0,700,4,1,0,122846.625,0.0,0.0,0.0,0.0,1.08954,1.08954
8|1056|cc|5|1|276,0.0,734,5,1,0,122846.625,0.0,0.0,0.0,0.0,1.14246,1.14246
8|1056|cc|6|1|276,0.0,694,6,1,0,122846.625,0.0,0.0,0.0,0.0,1.0802,1.0802
8|1056|cc|7|1|276,0.0,744,7,1,0,122846.625,0.0,0.0,0.0,0.0,1.15802,1.15802
8|1056|cc|8|1|276,0.0,756,8,1,0,122846.625,0.0,0.0,0.0,0.0,1.1767,1.1767
8|1056|sample|3|276,0.0010624,130132,1,3,1,122846.625,36936.4,84510.4,83114.4,80588.1,0.707341,0.768481
8|1056|sample|3|276,0.005312,127154,2,3,1,122846.625,44029.7,114124.0,109245.0,100464.0,0.205454,0.332736
8|1056|sample|3|276,0.02656,111063,3,3,1,122846.625,44158.7,97299.6,88208.4,75965.7,0.324154,0.577174
8|1056|sample|3|276,0.1328,53602,4,3,1,122846.625,44158.7,63431.5,56797.5,50752.6,-0.070034,0.0697694
8|1056|sample|3|276,0.664,5384,5,3,1,122846.625,44158.7,44793.8,44595.5,44279.5,-1.09033,-1.08912
8|1056|sample|3|276,3.32,738,6,3,1,122846.625,44158.7,44158.7,44287.9,44158.7,-1.21922,-1.2191
8|1056|sample|3|276,16.6,690,7,3,1,122846.625,44029.7,44029.7,44166.0,44029.7,-1.22045,-1.22032
8|1056|sample|3|276,83.0,842,8,3,1,122846.625,48314.9,36936.4,37008.6,36936.4,-1.2074,-1.2073
8|1056|sample|4|276,0.0010624,123910,1,4,1,122846.625,36936.4,84510.4,84045.7,80000.6,0.593143,0.686035
8|1056|sample|4|276,0.005312,126950,2,4,1,122846.625,44029.7,114124.0,112875.0,98776.6,0.156313,0.357188
8|1056|sample|4|276,0.02656,105914,3,4,1,122846.625,44158.7,97299.6,94708.6,74011.4,0.148115,0.538341
8|1056|sample|4|276,0.1328,55539,4,4,1,122846.625,44161.0,63436.4,61327.6,50035.7,-0.117617,0.136655
8|1056|sample|4|276,0.664,6766,5,4,1,122846.625,44161.0,44796.3,44801.7,44264.5,-1.05285,-1.05035
8|1056|sample|4|276,3.32,686,6,4,1,122846.625,44158.7,44158.7,44287.9,44158.7,-1.22068,-1.22056
8|1056|sample|4|276,16.6,742,7,4,1,122846.625,44029.7,44029.7,44166.0,44029.7,-1.21899,-1.21886
8|1056|sample|4|276,83.0,876,8,4,1,122846.625,48314.9,36936.4,37008.6,36936.4,-1.20627,-1.20616
8|1056|vc|1|2|276,0.0,125929,1,2,1,122846.625,36936.4,36936.4,37008.6,36936.4,2.96856,2.97665
8|1056|vc|2|2|276,0.0,128067,2,2,1,122846.625,44029.7,44029.7,44166.0,44029.7,2.35525,2.36625
8|1056|vc|3|2|276,0.0,126059,3,2,1,122846.625,44029.7,44029.7,44166.0,44029.7,2.29889,2.30971
8|1056|vc|4|2|276,0.0,129668,4,2,1,122846.625,44029.7,44029.7,44166.0,44029.7,2.4002,2.41133
8|1056|vc|5|2|276,0.0,124889,5,2,1,122846.625,44029.7,44029.7,44166.0,44029.7,2.26604,2.27677
8|1056|vc|6|2|276,0.0,120436,6,2,1,122846.625,44029.7,44029.7,44166.0,44029.7,2.14104,2.15138
8|1056|vc|7|2|276,0.0,119889,7,2,1,122846.625,44029.7,44029.7,44166.0,44029.7,2.12568,2.13598
8|1056|vc|8|2|276,0.0,107836,8,2,1,122846.625,36936.4,36936.4,37008.6,36936.4,2.36454,2.37147
8|1159|cc|1|1|292,0.0,640,1,1,0,132841.25,0.0,0.0,0.0,0.0,0.996147,0.996147
8|1159|cc|2|1|292,0.0,616,2,1,0,132841.25,0.0,0.0,0.0,0.0,0.958791,0.958791
8|1159|cc|3|1|292,0.0,690,3,1,0,132841.25,0.0,0.0,0.0,0.0,1.07397,1.07397
8|1159|cc|4|1|292,0.0,614,4,1,0,132841.25,0.0,0.0,0.0,0.0,0.955678,0.955678
8|1159|cc|5|1|292,0.0,622,5,1,0,132841.25,0.0,0.0,0.0,0.0,0.96813,0.96813
8|1159|cc|6|1|292,0.0,654,6,1,0,132841.25,0.0,0.0,0.0,0.0,1.01794,1.01794
8|1159|cc|7|1|292,0.0,732,7,1,0,132841.25,0.0,0.0,0.0,0.0,1.13934,1.13934
8|1159|cc|8|1|292,0.0,670,8,1,0,132841.25,0.0,0.0,0.0,0.0,1.04284,1.04284
8|1159|sample|3|292,0.0010624,108512,1,3,1,132841.25,36936.4,52355.4,89378.7,91954.0,0.267852,0.225366
8|1159|sample|3|292,0.005312,131884,2,3,1,132841.25,44029.7,44850.5,98086.3,116830.0,0.431484,0.161565
8|1159|sample|3|292,0.02656,133282,3,3,1,132841.25,44158.7,44158.7,46256.2,55690.4,2.33448,1.73387
8|1159|sample|3|292,0.1328,105629,4,3,1,132841.25,44158.7,44158.7,44287.8,44158.7,1.71731,1.72587
8|1159|sample|3|292,0.664,36126,5,3,1,132841.25,44158.7,44158.7,44287.8,44158.7,-0.228499,-0.225529
8|1159|sample|3|292,3.32,2310,6,3,1,132841.25,44158.7,44158.7,44287.8,44158.7,-1.17521,-1.17496
8|1159|sample|3|292,16.6,688,7,3,1,132841.25,44029.7,44029.7,44166.0,44029.7,-1.22051,-1.22038
8|1159|sample|3|292,83.0,592,8,3,1,132841.25,49938.4,36936.3,37008.5,36936.3,-1.21575,-1.21566
8|1159|sample|4|292,0.0010624,112128,1,4,1,132841.25,36936.4,52355.4,91104.4,92108.0,0.288789,0.272033
8|1159|sample|4|292,0.005312,130767,2,4,1,132841.25,44029.7,44850.5,110434.0,118526.0,0.230774,0.129509
8|1159|sample|4|292,0.02656,137610,3,4,1,132841.25,44158.7,44158.7,50520.8,57785.4,2.1421,1.72
8|1159|sample|4|292,0.1328,112132,4,4,1,132841.25,44161.0,44161.0,44289.9,44161.0,1.89922,1.90828
8|1159|sample|4|292,0.664,38749,5,4,1,132841.25,44161.0,44161.0,44289.9,44161.0,-0.155116,-0.151942
8|1159|sample|4|292,3.32,2926,6,4,1,132841.25,44158.7,44158.7,44287.8,44158.7,-1.15797,-1.15767
8|1159|sample|4|292,16.6,542,7,4,1,132841.25,44029.7,44029.7,44166.0,44029.7,-1.22461,-1.22449
8|1159|sample|4|292,83.0,574,8,4,1,132841.25,49938.4,36936.3,37008.5,36936.3,-1.21635,-1.21626
8|1159|vc|1|2|292,0.0,114165,1,2,1,132841.25,36936.4,36936.3,37008.5,36936.3,2.57584,2.58317
8|1159|vc|2|2|292,0.0,136148,2,2,1,132841.25,44029.7,44029.7,44166.0,44029.7,2.5821,2.59379
8|1159|vc|3|2|292,0.0,149475,3,2,1,132841.25,44029.7,44029.7,44166.0,44029.7,2.95622,2.96904
8|1159|vc|4|2|292,0.0,146290,4,2,1,132841.25,44029.7,44029.7,44166.0,44029.7,2.86681,2.87936
8|1159|vc|5|2|292,0.0,136813,5,2,1,132841.25,44029.7,44029.7,44166.0,44029.7,2.60077,2.61251
8|1159|vc|6|2|292,0.0,141806,6,2,1,132841.25,44029.7,44029.7,44166.0,44029.7,2.74093,2.7531
8|1159|vc|7|2|292,0.0,125865,7,2,1,132841.25,44029.7,44029.7,44166.0,44029.7,2.29344,2.30425
8|1159|vc|8|2|292,0.0,112168,8,2,1,132841.25,36936.4,36936.3,37008.5,36936.3,2.50917,2.51638
8|1017|cc|1|1|65,0.0,614,1,1,0,12137.0,0.0,0.0,0.0,0.0,0.955678,0.955678
8|1017|cc|2|1|65,0.0,574,2,1,0,12137.0,0.0,0.0,0.0,0.0,0.893419,0.893419
8|1017|cc|3|1|65,0.0,530,3,1,0,12137.0,0.0,0.0,0.0,0.0,0.824934,0.824934
8|1017|cc|4|1|65,0.0,626,4,1,0,12137.0,0.0,0.0,0.0,0.0,0.974356,0.974356
8|1017|cc|5|1|65,0.0,490,5,1,0,12137.0,0.0,0.0,0.0,0.0,0.762675,0.762675
8|1017|cc|6|1|65,0.0,480,6,1,0,12137.0,0.0,0.0,0.0,0.0,0.74711,0.74711
8|1017|cc|7|1|65,0.0,564,7,1,0,12137.0,0.0,0.0,0.0,0.0,0.877854,0.877854
8|1017|cc|8|1|65,0.0,546,8,1,0,12137.0,0.0,0.0,0.0,0.0,0.849838,0.849838
8|1017|sample|3|65,0.0010624,10506,1,3,1,12137.0,36936.4,9979.99,8487.84,8508.55,0.27402,0.270605
8|1017|sample|3|65,0.005312,11892,2,3,1,12137.0,44029.7,17764.6,12194.6,12221.7,-0.0293737,-0.0319427
8|1017|sample|3|65,0.02656,7480,3,3,1,12137.0,44158.7,28508.2,13127.8,13317.7,-0.511575,-0.521672
8|1017|sample|3|65,0.1328,2832,4,3,1,12137.0,44158.7,41770.5,19263.8,20133.1,-1.03346,-1.04297
8|1017|sample|3|65,0.664,740,5,3,1,12137.0,44158.7,44155.6,39904.3,40542.2,-1.21449,-1.21523
8|1017|sample|3|65,3.32,556,6,3,1,12137.0,44158.7,44158.7,44287.8,44158.7,-1.22432,-1.22421
8|1017|sample|3|65,83.0,548,8,3,1,12137.0,30331.3,36935.5,37007.6,36935.5,-1.21722,-1.21713
8|1017|sample|4|65,0.0010624,9714,1,4,1,12137.0,36936.4,9979.99,8485.99,8508.59,0.166769,0.163302
8|1017|sample|4|65,0.005312,11992,2,4,1,12137.0,44029.7,17764.6,12180.6,12222.0,-0.0183279,-0.022285
8|1017|sample|4|65,0.02656,9882,3,4,1,12137.0,44158.7,28508.2,13039.4,13319.6,-0.287822,-0.307149
8|1017|sample|4|65,0.1328,3414,4,4,1,12137.0,44161.0,41772.8,18832.1,20143.0,-0.991014,-1.008
8|1017|sample|4|65,0.664,734,5,4,1,12137.0,44161.0,44157.9,39487.3,40550.7,-1.21418,-1.21543
8|1017|sample|4|65,3.32,542,6,4,1,12137.0,44158.7,44158.7,44287.8,44158.7,-1.22471,-1.2246
8|1017|sample|4|65,16.6,564,7,4,1,12137.0,44029.7,44029.7,44166.0,44029.7,-1.22399,-1.22387
8|1017|sample|4|65,83.0,516,8,4,1,12137.0,30331.3,36935.5,37007.6,36935.5,-1.21828,-1.2182
8|1017|sample|8|65,16.6,600,7,8,1,12137.0,44029.7,44029.7,44166.0,44029.7,-1.22298,-1.22286
8|1017|vc|1|2|65,0.0,12754,1,2,1,12137.0,36936.4,36935.5,37007.6,36935.5,-0.809714,-0.80885
8|1017|vc|2|2|65,0.0,10974,2,2,1,12137.0,44029.7,44029.7,44166.0,44029.7,-0.931761,-0.930755
8|1017|vc|3|2|65,0.0,11326,3,2,1,12137.0,44029.7,44029.7,44166.0,44029.7,-0.921879,-0.920844
8|1017|vc|4|2|65,0.0,14058,4,2,1,12137.0,44029.7,44029.7,44166.0,44029.7,-0.845187,-0.843918
8|1017|vc|5|2|65,0.0,13090,5,2,1,12137.0,44029.7,44029.7,44166.0,44029.7,-0.872361,-0.871174
8|1017|vc|6|2|65,0.0,11930,6,2,1,12137.0,44029.7,44029.7,44166.0,44029.7,-0.904924,-0.903837
8|1017|vc|7|2|65,0.0,12278,7,2,1,12137.0,44029.7,44029.7,44166.0,44029.7,-0.895155,-0.894038
8|1017|vc|8|2|65,0.0,10686,8,2,1,12137.0,36936.4,36935.5,37007.6,36935.5,-0.878755,-0.878023
8|1197|cc|1|1|103,0.0,606,1,1,0,100839.375,0.0,0.0,0.0,0.0,0.943227,0.943227
8|1197|cc|2|1|103,0.0,666,2,1,0,100839.375,0.0,0.0,0.0,0.0,1.03662,1.03662
8|1197|cc|3|1|103,0.0,676,3,1,0,100839.375,0.0,0.0,0.0,0.0,1.05218,1.05218
8|1197|cc|4|1|103,0.0,624,4,1,0,100839.375,0.0,0.0,0.0,0.0,0.971243,0.971243
8|1197|cc|5|1|103,0.0,566,5,1,0,100839.375,0.0,0.0,0.0,0.0,0.880967,0.880967
8|1197|cc|6|1|103,0.0,622,6,1,0,100839.375,0.0,0.0,0.0,0.0,0.96813,0.96813
8|1197|cc|7|1|103,0.0,690,7,1,0,100839.375,0.0,0.0,0.0,0.0,1.07397,1.07397
8|1197|cc|8|1|103,0.0,642,8,1,0,100839.375,0.0,0.0,0.0,0.0,0.99926,0.99926
8|1197|sample|3|103,0.0010624,83416,1,3,1,100839.375,36936.4,46481.4,55682.9,60829.1,0.619811,0.462651
8|1197|sample|3|103,0.005312,89383,2,3,1,100839.375,44029.7,44597.3,49181.4,55974.4,1.01531,0.742818
8|1197|sample|3|103,0.02656,58909,3,3,1,100839.375,44158.7,44158.7,44290.3,44209.0,0.409241,0.412261
8|1197|sample|3|103,0.1328,9266,4,3,1,100839.375,44158.7,44158.7,44287.8,44158.7,-0.980472,-0.979661
8|1197|sample|3|103,0.664,850,5,3,1,100839.375,44158.7,44158.7,44287.8,44158.7,-1.21609,-1.21595
8|1197|sample|3|103,3.32,606,6,3,1,100839.375,44158.7,44158.7,44287.8,44158.7,-1.22292,-1.2228
8|1197|sample|3|103,16.6,578,7,3,1,100839.375,44029.7,44029.7,44166.0,44029.7,-1.2236,-1.22348
8|1197|sample|3|103,83.0,552,8,3,1,100839.375,44740.0,36936.3,37008.4,36936.3,-1.21708,-1.217
8|1197|sample|4|103,0.0010624,79953,1,4,1,100839.375,36936.4,46481.4,56724.9,60670.9,0.509725,0.395977
8|1197|sample|4|103,0.005312,90004,2,4,1,100839.375,44029.7,44597.3,50227.4,55678.3,0.983992,0.767211
8|1197|sample|4|103,0.02656,58715,3,4,1,100839.375,44158.7,44158.7,44292.6,44204.6,0.403728,0.406983
8|1197|sample|4|103,0.1328,7962,4,4,1,100839.375,44161.0,44161.0,44289.9,44161.0,-1.01699,-1.01629
8|1197|sample|4|103,0.664,770,5,4,1,100839.375,44161.0,44161.0,44289.9,44161.0,-1.21833,-1.2182
8|1197|sample|4|103,3.32,568,6,4,1,100839.375,44158.7,44158.7,44287.8,44158.7,-1.22398,-1.22387
8|1197|sample|4|103,16.6,564,7,4,1,100839.375,44029.7,44029.7,44166.0,44029.7,-1.22399,-1.22387
8|1197|sample|4|103,83.0,596,8,4,1,100839.375,44740.0,36936.3,37008.4,36936.3,-1.21561,-1.21552
8|1197|vc|1|2|103,0.0,87946,1,2,1,100839.375,36936.4,36936.3,37008.4,36936.3,1.70053,1.70619
8|1197|vc|2|2|103,0.0,107862,2,2,1,100839.375,44029.7,44029.7,44166.0,44029.7,1.78806,1.79734
8|1197|vc|3|2|103,0.0,103669,3,2,1,100839.375,44029.7,44029.7,44166.0,44029.7,1.67036,1.67927
8|1197|vc|4|2|103,0.0,103811,4,2,1,100839.375,44029.7,44029.7,44166.0,44029.7,1.67434,1.68327
8|1197|vc|5|2|103,0.0,109061,5,2,1,100839.375,44029.7,44029.7,44166.0,44029.7,1.82172,1.8311
8|1197|vc|6|2|103,0.0,103883,6,2,1,100839.375,44029.7,44029.7,44166.0,44029.7,1.67637,1.6853
8|1197|vc|7|2|103,0.0,108538,7,2,1,100839.375,44029.7,44029.7,44166.0,44029.7,1.80704,1.81637
8|1197|vc|8|2|103,0.0,81945,8,2,1,100839.375,36936.4,36936.3,37008.4,36936.3,1.50019,1.50547
8|745|cc|1|1|218,0.0,424,1,1,0,41925.5,0.0,0.0,0.0,0.0,0.659947,0.659947
8|745|cc|2|1|218,0.0,424,2,1,0,41925.5,0.0,0.0,0.0,0.0,0.659947,0.659947
8|745|cc|3|1|218,0.0,442,3,1,0,41925.5,0.0,0.0,0.0,0.0,0.687964,0.687964
8|745|cc|4|1|218,0.0,476,4,1,0,41925.5,0.0,0.0,0.0,0.0,0.740884,0.740884
8|745|cc|5|1|218,0.0,500,5,1,0,41925.5,0.0,0.0,0.0,0.0,0.77824,0.77824
8|745|cc|6|1|218,0.0,514,6,1,0,41925.5,0.0,0.0,0.0,0.0,0.800031,0.800031
8|745|cc|7|1|218,0.0,472,7,1,0,41925.5,0.0,0.0,0.0,0.0,0.734658,0.734658
8|745|cc|8|1|218,0.0,496,8,1,0,41925.5,0.0,0.0,0.0,0.0,0.772014,0.772014
8|745|sample|3|218,0.0010624,37523,1,3,1,41925.5,36936.4,29573.4,29312.6,29470.3,0.344126,0.335759
8|745|sample|3|218,0.005312,37208,2,3,1,41925.5,44029.7,41940.8,41750.9,41844.1,-0.134765,-0.137228
8|745|sample|3|218,0.02656,26461,3,3,1,41925.5,44158.7,42710.4,42179.5,42487.1,-0.461637,-0.467327
8|745|sample|3|218,0.1328,7202,4,3,1,41925.5,44158.7,43700.8,42916.2,43450.3,-1.03122,-1.03401
8|745|sample|3|218,0.664,758,5,3,1,41925.5,44158.7,44151.6,44106.8,44134.3,-1.21848,-1.21851
8|745|sample|3|218,16.6,474,7,3,1,41925.5,44029.7,44029.7,44166.0,44029.7,-1.22652,-1.22641
8|745|sample|3|218,83.0,544,8,3,1,41925.5,35170.1,36936.1,37008.2,36936.1,-1.21735,-1.21726
8|745|sample|4|218,0.0010624,34037,1,4,1,41925.5,36936.4,29573.4,29332.0,29466.9,0.197075,0.19057
8|745|sample|4|218,0.005312,36046,2,4,1,41925.5,44029.7,41940.8,41774.9,41840.8,-0.16985,-0.171538
8|745|sample|4|218,0.02656,26077,3,4,1,41925.5,44158.7,42710.4,42258.8,42478.7,-0.474368,-0.478372
8|745|sample|4|218,0.1328,8328,4,4,1,41925.5,44161.0,43703.6,43100.3,43441.9,-0.999813,-1.00184
8|745|sample|4|218,0.664,672,5,4,1,41925.5,44161.0,44154.0,44179.1,44135.5,-1.22097,-1.22093
8|745|sample|4|218,3.32,466,6,4,1,41925.5,44158.7,44158.7,44287.8,44158.7,-1.22684,-1.22673
8|745|sample|4|218,16.6,460,7,4,1,41925.5,44029.7,44029.7,44166.0,44029.7,-1.22691,-1.2268
8|745|sample|4|218,83.0,550,8,4,1,41925.5,35170.1,36936.1,37008.2,36936.1,-1.21715,-1.21706
8|745|sample|5|218,3.32,492,6,5,1,41925.5,44158.7,44158.7,44287.8,44158.7,-1.22611,-1.226
8|745|vc|1|2|218,0.0,40530,1,2,1,41925.5,36936.4,36936.1,37008.2,36936.1,0.117576,0.120212
8|745|vc|2|2|218,0.0,43557,2,2,1,41925.5,44029.7,44029.7,44166.0,44029.7,-0.0170961,-0.0133099
8|745|vc|3|2|218,0.0,43897,3,2,1,41925.5,44029.7,44029.7,44166.0,44029.7,-0.00755167,-0.00373644
8|745|vc|4|2|218,0.0,43871,4,2,1,41925.5,44029.7,44029.7,44166.0,44029.7,-0.00828154,-0.00446852
8|745|vc|5|2|218,0.0,42072,5,2,1,41925.5,44029.7,44029.7,44166.0,44029.7,-0.0587828,-0.0551233
8|745|vc|6|2|218,0.0,41786,6,2,1,41925.5,44029.7,44029.7,44166.0,44029.7,-0.0668113,-0.0631762
8|745|vc|7|2|218,0.0,38985,7,2,1,41925.5,44029.7,44029.7,44166.0,44029.7,-0.145441,-0.142044
8|745|vc|8|2|218,0.0,40706,8,2,1,41925.5,36936.4,36936.1,37008.2,36936.1,0.123452,0.126099
8|1043|cc|1|1|174,0.0,462,1,1,0,53952.0,0.0,0.0,0.0,0.0,0.719094,0.719094
8|1043|cc|2|1|174,0.0,482,2,1,0,53952.0,0.0,0.0,0.0,0.0,0.750223,0.750223
8|1043|cc|3|1|174,0.0,512,3,1,0,53952.0,0.0,0.0,0.0,0.0,0.796918,0.796918
8|1043|cc|4|1|174,0.0,514,4,1,0,53952.0,0.0,0.0,0.0,0.0,0.800031,0.800031
8|1043|cc|5|1|174,0.0,496,5,1,0,53952.0,0.0,0.0,0.0,0.0,0.772014,0.772014
8|1043|cc|6|1|174,0.0,482,6,1,0,53952.0,0.0,0.0,0.0,0.0,0.750223,0.750223
8|1043|cc|7|1|174,0.0,458,7,1,0,53952.0,0.0,0.0,0.0,0.0,0.712868,0.712868
8|1043|cc|8|1|174,0.0,474,8,1,0,53952.0,0.0,0.0,0.0,0.0,0.737771,0.737771
8|1043|sample|3|174,0.0010624,52337,1,3,1,53952.0,36936.4,37150.0,37021.0,37140.2,0.511147,0.505576
8|1043|sample|3|174,0.005312,52465,2,3,1,53952.0,44029.7,44105.5,44166.1,44096.0,0.232964,0.235298
8|1043|sample|3|174,0.02656,24983,3,3,1,53952.0,44158.7,44158.7,44287.8,44158.7,-0.540458,-0.538384
8|1043|sample|3|174,0.1328,3902,4,3,1,53952.0,44158.7,44158.7,44287.8,44158.7,-1.13064,-1.13026
8|1043|sample|3|174,0.664,468,5,3,1,53952.0,44158.7,44158.7,44287.8,44158.7,-1.22678,-1.22668
8|1043|sample|3|174,3.32,434,6,3,1,53952.0,44158.7,44158.7,44287.8,44158.7,-1.22773,-1.22763
8|1043|sample|3|174,16.6,466,7,3,1,53952.0,44029.7,44029.7,44166.0,44029.7,-1.22674,-1.22663
8|1043|sample|3|174,83.0,476,8,3,1,53952.0,37123.7,36936.5,37008.6,36936.5,-1.21962,-1.21954
8|1043|sample|4|174,0.0010624,51341,1,4,1,53952.0,36936.4,37150.0,37146.7,37136.6,0.472145,0.472606
8|1043|sample|4|174,0.005312,47213,2,4,1,53952.0,44029.7,44105.5,44204.4,44092.7,0.0843861,0.0877342
8|1043|sample|4|174,0.02656,25619,3,4,1,53952.0,44158.7,44158.7,44287.8,44158.7,-0.522653,-0.520528
8|1043|sample|4|174,0.1328,3204,4,4,1,53952.0,44161.0,44161.0,44289.9,44161.0,-1.15019,-1.14987
8|1043|sample|4|174,0.664,534,5,4,1,53952.0,44161.0,44161.0,44289.9,44161.0,-1.22493,-1.22483
8|1043|sample|4|174,3.32,492,6,4,1,53952.0,44158.7,44158.7,44287.8,44158.7,-1.22611,-1.226
8|1043|sample|4|174,16.6,542,7,4,1,53952.0,44029.7,44029.7,44166.0,44029.7,-1.22461,-1.22449
8|1043|sample|4|174,83.0,532,8,4,1,53952.0,37123.7,36936.5,37008.6,36936.5,-1.21775,-1.21767
8|1043|vc|1|2|174,0.0,50112,1,2,1,53952.0,36936.4,36936.5,37008.6,36936.5,0.437448,0.440697
8|1043|vc|2|2|174,0.0,56646,2,2,1,53952.0,44029.7,44029.7,44166.0,44029.7,0.350336,0.355239
8|1043|vc|3|2|174,0.0,62497,3,2,1,53952.0,44029.7,44029.7,44166.0,44029.7,0.514584,0.519986
8|1043|vc|4|2|174,0.0,57542,4,2,1,53952.0,44029.7,44029.7,44166.0,44029.7,0.375488,0.380468
8|1043|vc|5|2|174,0.0,52635,5,2,1,53952.0,44029.7,44029.7,44166.0,44029.7,0.23774,0.2423
8|1043|vc|6|2|174,0.0,56628,6,2,1,53952.0,44029.7,44029.7,44166.0,44029.7,0.34983,0.354732
8|1043|vc|7|2|174,0.0,50206,7,2,1,53952.0,44029.7,44029.7,44166.0,44029.7,0.169553,0.173907
8|1043|vc|8|2|174,0.0,45350,8,2,1,53952.0,36936.4,36936.5,37008.6,36936.5,0.278472,0.281417
8|1260|cc|1|1|319,0.0,514,1,1,0,42984.625,0.0,0.0,0.0,0.0,0.800031,0.800031
8|1260|cc|2|1|319,0.0,604,2,1,0,42984.625,0.0,0.0,0.0,0.0,0.940114,0.940114
8|1260|cc|3|1|319,0.0,546,3,1,0,42984.625,0.0,0.0,0.0,0.0,0.849838,0.849838
8|1260|cc|4|1|319,0.0,580,4,1,0,42984.625,0.0,0.0,0.0,0.0,0.902758,0.902758
8|1260|cc|5|1|319,0.0,564,5,1,0,42984.625,0.0,0.0,0.0,0.0,0.877854,0.877854
8|1260|cc|6|1|319,0.0,508,6,1,0,42984.625,0.0,0.0,0.0,0.0,0.790692,0.790692
8|1260|cc|7|1|319,0.0,466,7,1,0,42984.625,0.0,0.0,0.0,0.0,0.725319,0.725319
8|1260|cc|8|1|319,0.0,444,8,1,0,42984.625,0.0,0.0,0.0,0.0,0.691077,0.691077
8|1260|sample|3|319,0.0010624,37180,1,3,1,42984.625,36936.4,36646.4,35759.4,36227.2,0.0490455,0.0324793
8|1260|sample|3|319,0.005312,42284,2,3,1,42984.625,44029.7,44029.7,44164.9,44029.5,-0.0528007,-0.0491486
8|1260|sample|3|319,0.02656,29878,3,3,1,42984.625,44158.7,44158.7,44287.8,44158.7,-0.403418,-0.40095
8|1260|sample|3|319,0.1328,14579,4,3,1,42984.625,44158.7,44158.7,44287.8,44158.7,-0.831729,-0.830491
8|1260|sample|3|319,0.664,2122,5,3,1,42984.625,44158.7,44158.7,44287.8,44158.7,-1.18048,-1.18024
8|1260|sample|3|319,3.32,498,6,3,1,42984.625,44158.7,44158.7,44287.8,44158.7,-1.22594,-1.22584
8|1260|sample|3|319,16.6,458,7,3,1,42984.625,44029.7,44029.7,44166.0,44029.7,-1.22696,-1.22686
8|1260|sample|3|319,83.0,484,8,3,1,42984.625,35342.1,36935.7,37007.8,36935.7,-1.21935,-1.21927
8|1260|sample|4|319,0.0010624,33661,1,4,1,42984.625,36936.4,36646.4,36005.3,36065.2,-0.0803961,-0.0823174
8|1260|sample|4|319,0.005312,36692,2,4,1,42984.625,44029.7,44029.7,44165.4,44029.3,-0.209796,-0.2066
8|1260|sample|4|319,0.02656,31084,3,4,1,42984.625,44158.7,44158.7,44287.8,44158.7,-0.369655,-0.36709
8|1260|sample|4|319,0.1328,13458,4,4,1,42984.625,44161.0,44161.0,44289.9,44161.0,-0.863131,-0.861986
8|1260|sample|4|319,0.664,1668,5,4,1,42984.625,44161.0,44161.0,44289.9,44161.0,-1.19319,-1.19299
8|1260|sample|4|319,3.32,526,6,4,1,42984.625,44158.7,44158.7,44287.8,44158.7,-1.22516,-1.22505
8|1260|sample|4|319,16.6,482,7,4,1,42984.625,44029.7,44029.7,44166.0,44029.7,-1.22629,-1.22618
8|1260|sample|4|319,83.0,570,8,4,1,42984.625,35342.1,36935.7,37007.8,36935.7,-1.21648,-1.21639
8|1260|vc|1|2|319,0.0,40866,1,2,1,42984.625,36936.4,36935.7,37007.8,36935.7,0.128806,0.131464
8|1260|vc|2|2|319,0.0,45338,2,2,1,42984.625,44029.7,44029.7,44166.0,44029.7,0.0329002,0.0368385
8|1260|vc|3|2|319,0.0,44073,3,2,1,42984.625,44029.7,44029.7,44166.0,44029.7,-0.00261066,0.00121963
8|1260|vc|4|2|319,0.0,47115,4,2,1,42984.625,44029.7,44029.7,44166.0,44029.7,0.0827839,0.0868738
8|1260|vc|5|2|319,0.0,43457,5,2,1,42984.625,44029.7,44029.7,44166.0,44029.7,-0.0199029,-0.0161252
8|1260|vc|6|2|319,0.0,43107,6,2,1,42984.625,44029.7,44029.7,44166.0,44029.7,-0.0297281,-0.0259802
8|1260|vc|7|2|319,0.0,44409,7,2,1,42984.625,44029.7,44029.7,44166.0,44029.7,0.00682148,0.0106804
8|1260|vc|8|2|319,0.0,35512,8,2,1,42984.625,36936.4,36935.7,37007.8,36935.7,-0.0499385,-0.0476215
8|1042|cc|1|1|162,0.0,624,1,1,0,78994.875,0.0,0.0,0.0,0.0,0.971243,0.971243
8|1042|cc|2|1|162,0.0,714,2,1,0,78994.875,0.0,0.0,0.0,0.0,1.11133,1.11133
8|1042|cc|3|1|162,0.0,694,3,1,0,78994.875,0.0,0.0,0.0,0.0,1.0802,1.0802
8|1042|cc|4|1|162,0.0,700,4,1,0,78994.875,0.0,0.0,0.0,0.0,1.08954,1.08954
8|1042|cc|5|1|162,0.0,674,5,1,0,78994.875,0.0,0.0,0.0,0.0,1.04907,1.04907
8|1042|cc|6|1|162,0.0,730,6,1,0,78994.875,0.0,0.0,0.0,0.0,1.13623,1.13623
8|1042|cc|7|1|162,0.0,664,7,1,0,78994.875,0.0,0.0,0.0,0.0,1.0335,1.0335
8|1042|cc|8|1|162,0.0,778,8,1,0,78994.875,0.0,0.0,0.0,0.0,1.21094,1.21094
8|1042|sample|3|162,0.0010624,72910,1,3,1,78994.875,36936.4,55177.1,54112.7,52831.4,0.432114,0.472591
8|1042|sample|3|162,0.005312,82674,2,3,1,78994.875,44029.7,77946.4,73879.2,69419.9,0.148671,0.238279
8|1042|sample|3|162,0.02656,79881,3,3,1,78994.875,44158.7,76899.5,68506.2,62207.2,0.207188,0.3541
8|1042|sample|3|162,0.1328,67396,4,3,1,78994.875,44158.7,71972.5,58695.2,52769.9,0.184612,0.344653
8|1042|sample|3|162,0.664,36552,5,3,1,78994.875,44158.7,59643.0,48480.9,46042.7,-0.305553,-0.255751
8|1042|sample|3|162,3.32,5516,6,3,1,78994.875,44158.7,46220.8,44546.7,44255.8,-1.08647,-1.08533
8|1042|sample|3|162,16.6,726,7,3,1,78994.875,44029.7,44034.3,44166.9,44030.2,-1.21944,-1.21931
8|1042|sample|3|162,83.0,688,8,3,1,78994.875,41191.6,36936.3,37008.4,36936.3,-1.21254,-1.21245
8|1042|sample|4|162,0.0010624,73625,1,4,1,78994.875,36936.4,55177.1,54321.2,52611.5,0.442077,0.496634
8|1042|sample|4|162,0.005312,80800,2,4,1,78994.875,44029.7,77946.4,74653.6,68789.6,0.102835,0.217875
8|1042|sample|4|162,0.02656,78030,3,4,1,78994.875,44158.7,76899.5,69813.0,61439.2,0.146899,0.336504
8|1042|sample|4|162,0.1328,66522,4,4,1,78994.875,44161.0,71979.6,60227.4,52189.0,0.130206,0.341448
8|1042|sample|4|162,0.664,38695,5,4,1,78994.875,44161.0,59648.1,49271.7,45864.5,-0.266639,-0.193937
8|1042|sample|4|162,3.32,6000,6,4,1,78994.875,44158.7,46220.8,44614.1,44245.3,-1.07328,-1.07173
8|1042|sample|4|162,16.6,662,7,4,1,78994.875,44029.7,44034.3,44167.1,44030.2,-1.22124,-1.22111
8|1042|sample|4|162,83.0,696,8,4,1,78994.875,41191.6,36936.3,37008.4,36936.3,-1.21228,-1.21218
8|1042|vc|1|2|162,0.0,79529,1,2,1,78994.875,36936.4,36936.3,37008.4,36936.3,1.41953,1.42466
8|1042|vc|2|2|162,0.0,77876,2,2,1,78994.875,44029.7,44029.7,44166.0,44029.7,0.946301,0.953016
8|1042|vc|3|2|162,0.0,85444,3,2,1,78994.875,44029.7,44029.7,44166.0,44029.7,1.15875,1.16611
8|1042|vc|4|2|162,0.0,85154,4,2,1,78994.875,44029.7,44029.7,44166.0,44029.7,1.15061,1.15794
8|1042|vc|5|2|162,0.0,85440,5,2,1,78994.875,44029.7,44029.7,44166.0,44029.7,1.15864,1.166
8|1042|vc|6|2|162,0.0,76072,6,2,1,78994.875,44029.7,44029.7,44166.0,44029.7,0.895659,0.90222
8|1042|vc|7|2|162,0.0,75138,7,2,1,78994.875,44029.7,44029.7,44166.0,44029.7,0.86944,0.875922
8|1042|vc|8|2|162,0.0,67306,8,2,1,78994.875,36936.4,36936.3,37008.4,36936.3,1.01147,1.01582
8|863|cc|1|1|274,0.0,622,1,1,0,79056.375,0.0,0.0,0.0,0.0,0.96813,0.96813
8|863|cc|2|1|274,0.0,702,2,1,0,79056.375,0.0,0.0,0.0,0.0,1.09265,1.09265
8|863|cc|3|1|274,0.0,724,3,1,0,79056.375,0.0,0.0,0.0,0.0,1.12689,1.12689
8|863|cc|4|1|274,0.0,660,4,1,0,79056.375,0.0,0.0,0.0,0.0,1.02728,1.02728
8|863|cc|5|1|274,0.0,644,5,1,0,79056.375,0.0,0.0,0.0,0.0,1.00237,1.00237
8|863|cc|6|1|274,0.0,642,6,1,0,79056.375,0.0,0.0,0.0,0.0,0.99926,0.99926
8|863|cc|7|1|274,0.0,664,7,1,0,79056.375,0.0,0.0,0.0,0.0,1.0335,1.0335
8|863|cc|8|1|274,0.0,710,8,1,0,79056.375,0.0,0.0,0.0,0.0,1.1051,1.1051
8|863|sample|3|274,0.0010624,89013,1,3,1,79056.375,36936.4,45161.8,50031.7,51169.3,0.96803,0.919213
8|863|sample|3|274,0.005312,83582,2,3,1,79056.375,44029.7,45875.1,52263.6,54803.8,0.745031,0.653333
8|863|sample|3|274,0.02656,75500,3,3,1,79056.375,44158.7,44159.5,44354.7,44331.1,0.870655,0.871766
8|863|sample|3|274,0.1328,35636,4,3,1,79056.375,44158.7,44158.7,44287.8,44158.7,-0.242217,-0.239286
8|863|sample|3|274,0.664,5534,5,3,1,79056.375,44158.7,44158.7,44287.8,44158.7,-1.08495,-1.08444
8|863|sample|3|274,3.32,752,6,3,1,79056.375,44158.7,44158.7,44287.8,44158.7,-1.21883,-1.2187
8|863|sample|3|274,16.6,620,7,3,1,79056.375,44029.7,44029.7,44166.0,44029.7,-1.22242,-1.22229
8|863|sample|3|274,83.0,590,8,3,1,79056.375,41201.6,36936.6,37008.7,36936.6,-1.21582,-1.21573
8|863|sample|4|274,0.0010624,89205,1,4,1,79056.375,36936.4,45161.8,48409.2,50963.4,1.04649,0.932572
8|863|sample|4|274,0.005312,81925,2,4,1,79056.375,44029.7,45875.1,49341.6,54245.3,0.820284,0.634768
8|863|sample|4|274,0.02656,72696,3,4,1,79056.375,44158.7,44159.5,44304.2,44302.5,0.79457,0.794648
8|863|sample|4|274,0.1328,39789,4,4,1,79056.375,44161.0,44161.0,44289.9,44161.0,-0.126002,-0.122744
8|863|sample|4|274,0.664,7098,5,4,1,79056.375,44161.0,44161.0,44289.9,44161.0,-1.04118,-1.04054
8|863|sample|4|274,3.32,652,6,4,1,79056.375,44158.7,44158.7,44287.8,44158.7,-1.22163,-1.22151
8|863|sample|4|274,16.6,586,7,4,1,79056.375,44029.7,44029.7,44166.0,44029.7,-1.22337,-1.22325
8|863|sample|4|274,83.0,700,8,4,1,79056.375,41201.6,36936.6,37008.7,36936.6,-1.21214,-1.21205
8|863|vc|1|2|274,0.0,84225,1,2,1,79056.375,36936.4,36936.6,37008.7,36936.6,1.57628,1.58171
8|863|vc|2|2|274,0.0,81106,2,2,1,79056.375,44029.7,44029.7,44166.0,44029.7,1.03697,1.04396
8|863|vc|3|2|274,0.0,81311,3,2,1,79056.375,44029.7,44029.7,44166.0,44029.7,1.04273,1.04974
8|863|vc|4|2|274,0.0,81469,4,2,1,79056.375,44029.7,44029.7,44166.0,44029.7,1.04716,1.05418
8|863|vc|5|2|274,0.0,80994,5,2,1,79056.375,44029.7,44029.7,44166.0,44029.7,1.03383,1.04081
8|863|vc|6|2|274,0.0,78472,6,2,1,79056.375,44029.7,44029.7,44166.0,44029.7,0.963031,0.969797
8|863|vc|7|2|274,0.0,76847,7,2,1,79056.375,44029.7,44029.7,44166.0,44029.7,0.917415,0.924042
8|863|vc|8|2|274,0.0,68027,8,2,1,79056.375,36936.4,36936.6,37008.7,36936.6,1.03552,1.03992
8|152|cc|1|1|322,0.0,712,1,1,0,94087.625,0.0,0.0,0.0,0.0,1.10821,1.10821
8|152|cc|2|1|322,0.0,712,2,1,0,94087.625,0.0,0.0,0.0,0.0,1.10821,1.10821
8|152|cc|3|1|322,0.0,642,3,1,0,94087.625,0.0,0.0,0.0,0.0,0.99926,0.99926
8|152|cc|4|1|322,0.0,720,4,1,0,94087.625,0.0,0.0,0.0,0.0,1.12067,1.12067
8|152|cc|5|1|322,0.0,666,5,1,0,94087.625,0.0,0.0,0.0,0.0,1.03662,1.03662
8|152|cc|6|1|322,0.0,674,6,1,0,94087.625,0.0,0.0,0.0,0.0,1.04907,1.04907
8|152|cc|7|1|322,0.0,722,7,1,0,94087.625,0.0,0.0,0.0,0.0,1.12378,1.12378
8|152|cc|8|1|322,0.0,714,8,1,0,94087.625,0.0,0.0,0.0,0.0,1.11133,1.11133
8|152|sample|3|322,0.0010624,87858,1,3,1,94087.625,36936.4,65417.2,62228.1,59150.2,0.513332,0.604492
8|152|sample|3|322,0.005312,88455,2,3,1,94087.625,44029.7,91052.3,79219.9,70349.7,0.145696,0.321239
8|152|sample|3|322,0.02656,77137,3,3,1,94087.625,44158.7,85547.5,64282.2,55116.3,0.249339,0.497129
8|152|sample|3|322,0.1328,46188,4,3,1,94087.625,44158.7,69368.0,48723.5,45491.7,-0.0646286,0.0189859
8|152|sample|3|322,0.664,17047,5,3,1,94087.625,44158.7,48346.8,44375.0,44168.3,-0.763599,-0.761305
8|152|sample|3|322,3.32,3062,6,3,1,94087.625,44158.7,44166.0,44287.8,44158.7,-1.15416,-1.15385
8|152|sample|3|322,16.6,1382,7,3,1,94087.625,44029.7,44029.7,44166.0,44029.7,-1.20103,-1.20084
8|152|sample|3|322,83.0,840,8,3,1,94087.625,43643.3,36936.3,37008.4,36936.3,-1.20747,-1.20736
8|152|sample|4|322,0.0010624,92432,1,4,1,94087.625,36936.4,65417.2,63723.9,59593.7,0.561659,0.686392
8|152|sample|4|322,0.005312,90579,2,4,1,94087.625,44029.7,91052.3,84356.1,71450.1,0.0922538,0.334232
8|152|sample|4|322,0.02656,76034,3,4,1,94087.625,44158.7,85547.5,71686.0,56055.3,0.0757236,0.443582
8|152|sample|4|322,0.1328,50378,4,4,1,94087.625,44161.0,69374.2,53161.3,45721.0,-0.0651105,0.126362
8|152|sample|4|322,0.664,19217,5,4,1,94087.625,44161.0,48349.8,44645.7,44173.6,-0.706298,-0.70046
8|152|sample|4|322,3.32,3728,6,4,1,94087.625,44158.7,44166.0,44287.9,44158.7,-1.13551,-1.13515
8|152|sample|4|322,16.6,1054,7,4,1,94087.625,44029.7,44029.7,44166.0,44029.7,-1.21023,-1.21007
8|152|sample|4|322,83.0,902,8,4,1,94087.625,43643.3,36936.3,37008.4,36936.3,-1.2054,-1.20529
8|152|vc|1|2|322,0.0,94260,1,2,1,94087.625,36936.4,36936.3,37008.4,36936.3,1.91132,1.91739
8|152|vc|2|2|322,0.0,95803,2,2,1,94087.625,44029.7,44029.7,44166.0,44029.7,1.44954,1.45779
8|152|vc|3|2|322,0.0,99229,3,2,1,94087.625,44029.7,44029.7,44166.0,44029.7,1.54572,1.55426
8|152|vc|4|2|322,0.0,96260,4,2,1,94087.625,44029.7,44029.7,44166.0,44029.7,1.46237,1.47066
8|152|vc|5|2|322,0.0,93357,5,2,1,94087.625,44029.7,44029.7,44166.0,44029.7,1.38088,1.38892
8|152|vc|6|2|322,0.0,92328,6,2,1,94087.625,44029.7,44029.7,44166.0,44029.7,1.352,1.35994
8|152|vc|7|2|322,0.0,91784,7,2,1,94087.625,44029.7,44029.7,44166.0,44029.7,1.33672,1.34463
8|152|vc|8|2|322,0.0,89680,8,2,1,94087.625,36936.4,36936.3,37008.4,36936.3,1.75842,1.7642
9|411|cc|1|1|274,0.0,868,1,1,0,57906.875,0.0,0.0,0.0,0.0,1.35102,1.35102
9|411|cc|2|1|274,0.0,912,2,1,0,57906.875,0.0,0.0,0.0,0.0,1.41951,1.41951
9|411|cc|3|1|274,0.0,846,3,1,0,57906.875,0.0,0.0,0.0,0.0,1.31678,1.31678
9|411|cc|4|1|274,0.0,900,4,1,0,57906.875,0.0,0.0,0.0,0.0,1.40083,1.40083
9|411|cc|5|1|274,0.0,962,5,1,0,57906.875,0.0,0.0,0.0,0.0,1.49733,1.49733
9|411|cc|6|1|274,0.0,886,6,1,0,57906.875,0.0,0.0,0.0,0.0,1.37904,1.37904
9|411|cc|7|1|274,0.0,922,7,1,0,57906.875,0.0,0.0,0.0,0.0,1.43507,1.43507
9|411|cc|8|1|274,0.0,984,8,1,0,57906.875,0.0,0.0,0.0,0.0,1.53158,1.53158
9|411|sample|10|274,0.002286236854138,53166,1,10,1,57906.875,36936.4,39222.3,38782.7,38766.0,0.458664,0.459388
9|411|sample|10|274,0.0068587105624142,61628,2,10,1,57906.875,44029.7,48623.9,47145.4,46964.4,0.381294,0.387523
9|411|sample|10|274,0.0205761316872428,54148,3,10,1,57906.875,44158.7,45171.5,44725.4,44580.9,0.261259,0.26611
9|411|sample|10|274,0.0617283950617284,54949,4,10,1,57906.875,44158.7,44184.8,44293.3,44163.8,0.29828,0.302775
9|411|sample|10|274,0.1851851851851852,46394,5,10,1,57906.875,44158.7,44158.7,44287.8,44158.7,0.0589643,0.0627597
9|411|sample|10|274,0.5555555555555556,30684,6,10,1,57906.875,44158.7,44158.7,44287.8,44158.7,-0.380853,-0.378321
9|411|sample|10|274,1.66666666666667,13846,7,10,1,57906.875,44029.7,44029.7,44166.0,44029.7,-0.851139,-0.849888
9|411|sample|10|274,5.0,3124,8,10,1,57906.875,36936.4,36936.4,37008.5,36936.4,-1.13122,-1.13097
9|411|sample|11|274,0.0457247370827617,54260,1,11,1,57906.875,36936.4,36962.1,37040.4,36962.1,0.574385,0.57819
9|411|sample|11|274,0.1371742112482853,45084,2,11,1,57906.875,44029.7,44029.8,44166.2,44029.8,0.0257646,0.0296828
9|411|sample|11|274,0.411522633744856,27045,3,11,1,57906.875,44029.7,44029.7,44166.0,44029.7,-0.480618,-0.478241
9|411|sample|11|274,1.23456790123457,12392,4,11,1,57906.875,44029.7,44029.7,44166.0,44029.7,-0.891955,-0.890828
9|411|sample|11|274,3.7037037037037,3032,5,11,1,57906.875,44029.7,44029.7,44166.0,44029.7,-1.15471,-1.15438
9|411|sample|11|274,11.1111111111111,1264,6,11,1,57906.875,44029.7,44029.7,44166.0,44029.7,-1.20434,-1.20416
9|411|sample|11|274,33.3333333333333,860,7,11,1,57906.875,44041.4,44029.7,44166.0,44029.7,-1.21568,-1.21554
9|411|sample|11|274,100.0,802,8,11,1,57906.875,38213.1,36936.4,37008.5,36936.4,-1.20874,-1.20863
9|411|sample|12|274,0.0457247370827617,47309,1,12,1,57906.875,36936.4,36962.1,37053.9,36961.5,0.341951,0.345877
9|411|sample|12|274,0.1371742112482853,39899,2,12,1,57906.875,36936.4,36936.4,37008.6,36936.4,0.0964946,0.099094
9|411|sample|12|274,0.411522633744856,26409,3,12,1,57906.875,36936.4,36936.4,37008.5,36936.4,-0.35386,-0.352123
9|411|sample|12|274,1.23456790123457,9114,4,12,1,57906.875,36936.4,36936.4,37008.5,36936.4,-0.931245,-0.930612
9|411|sample|12|274,3.7037037037037,2878,5,12,1,57906.875,36936.4,36936.4,37008.5,36936.4,-1.13943,-1.1392
9|411|sample|12|274,11.1111111111111,968,6,12,1,57906.875,36936.4,36936.4,37008.5,36936.4,-1.2032,-1.20308
9|411|sample|12|274,33.3333333333333,796,7,12,1,57906.875,36939.5,36936.4,37008.5,36936.4,-1.20894,-1.20883
9|411|sample|12|274,100.0,796,8,12,1,57906.875,38213.1,36936.4,37008.5,36936.4,-1.20894,-1.20883
9|411|sample|3|274,0.0457247370827617,58138,1,3,1,57906.875,36936.4,36962.1,37086.9,36962.6,0.701325,0.707791
9|411|sample|3|274,0.1371742112482853,40956,2,3,1,57906.875,44029.7,44029.8,44166.9,44029.8,-0.0901348,-0.0865498
9|411|sample|3|274,0.411522633744856,25675,3,3,1,57906.875,44158.7,44158.7,44287.8,44158.7,-0.521085,-0.518956
9|411|sample|3|274,1.23456790123457,7926,4,3,1,57906.875,44158.7,44158.7,44287.8,44158.7,-1.01799,-1.01728
9|411|sample|3|274,3.7037037037037,2156,5,3,1,57906.875,44158.7,44158.7,44287.8,44158.7,-1.17952,-1.17928
9|411|sample|3|274,11.1111111111111,986,6,3,1,57906.875,44158.7,44158.7,44287.8,44158.7,-1.21228,-1.21213
9|411|sample|3|274,33.3333333333333,960,7,3,1,57906.875,44041.4,44029.7,44166.0,44029.7,-1.21287,-1.21272
9|411|sample|3|274,100.0,882,8,3,1,57906.875,38213.1,36936.4,37008.5,36936.4,-1.20607,-1.20596
9|411|sample|4|274,0.0457247370827617,53482,1,4,1,57906.875,36936.4,36962.1,37043.6,36962.1,0.54828,0.552189
9|411|sample|4|274,0.1371742112482853,45186,2,4,1,57906.875,44029.7,44029.8,44166.2,44029.8,0.028627,0.0325549
9|411|sample|4|274,0.411522633744856,36004,3,4,1,57906.875,44158.7,44158.7,44287.8,44158.7,-0.231914,-0.228954
9|411|sample|4|274,1.23456790123457,15537,4,4,1,57906.875,44161.0,44161.0,44289.9,44161.0,-0.80493,-0.803618
9|411|sample|4|274,3.7037037037037,4302,5,4,1,57906.875,44161.0,44161.0,44289.9,44161.0,-1.11945,-1.11904
9|411|sample|4|274,11.1111111111111,1258,6,4,1,57906.875,44158.7,44158.7,44287.8,44158.7,-1.20466,-1.2045
9|411|sample|4|274,33.3333333333333,948,7,4,1,57906.875,44041.4,44029.7,44166.0,44029.7,-1.21321,-1.21306
9|411|sample|4|274,100.0,850,8,4,1,57906.875,38213.1,36936.4,37008.5,36936.4,-1.20713,-1.20703
9|411|sample|5|274,0.002286236854138,55169,1,5,1,57906.875,36936.4,39222.3,39188.5,38650.5,0.504426,0.528515
9|411|sample|5|274,0.0068587105624142,55989,2,5,1,57906.875,44029.7,48623.9,48678.2,46614.6,0.186516,0.249569
9|411|sample|5|274,0.0205761316872428,54885,3,5,1,57906.875,44158.7,45171.5,45272.4,44491.1,0.263367,0.289683
9|411|sample|5|274,0.0617283950617284,49434,4,5,1,57906.875,44161.0,44187.1,44314.8,44164.4,0.143231,0.147934
9|411|sample|5|274,0.1851851851851852,45208,5,5,1,57906.875,44161.0,44161.0,44289.9,44161.0,0.0257017,0.0293938
9|411|sample|5|274,0.5555555555555556,30556,6,5,1,57906.875,44158.7,44158.7,44287.8,44158.7,-0.384437,-0.381915
9|411|sample|5|274,1.66666666666667,13064,7,5,1,57906.875,44029.7,44029.7,44166.0,44029.7,-0.873091,-0.871907
9|411|sample|5|274,5.0,2918,8,5,1,57906.875,36936.4,36936.4,37008.5,36936.4,-1.1381,-1.13786
9|411|sample|6|274,0.002286236854138,62015,1,6,1,57906.875,36936.4,39222.3,39089.4,38974.7,0.725448,0.731175
9|411|sample|6|274,0.0068587105624142,61528,2,6,1,57906.875,44029.7,48623.9,48266.0,47665.6,0.341188,0.361051
9|411|sample|6|274,0.0205761316872428,61845,3,6,1,57906.875,44158.7,45171.5,45101.0,44796.1,0.460462,0.471981
9|411|sample|6|274,0.0617283950617284,54318,4,6,1,57906.875,44161.0,44187.1,44307.2,44171.9,0.280141,0.284782
9|411|sample|6|274,0.1851851851851852,48773,5,6,1,57906.875,44161.0,44161.0,44289.9,44161.0,0.125503,0.129481
9|411|sample|6|274,0.5555555555555556,29602,6,6,1,57906.875,44158.7,44158.7,44287.8,44158.7,-0.411145,-0.408699
9|411|sample|6|274,1.66666666666667,12240,7,6,1,57906.875,44029.7,44029.7,44166.0,44029.7,-0.896222,-0.895108
9|411|sample|6|274,5.0,3840,8,6,1,57906.875,36936.4,36936.4,37008.5,36936.4,-1.10732,-1.10702
9|411|sample|7|274,0.0457247370827617,51443,1,7,1,57906.875,36936.4,36962.1,37014.6,36961.8,0.481609,0.484044
9|411|sample|7|274,0.1371742112482853,47489,2,7,1,57906.875,44029.7,44029.8,44166.0,44029.8,0.0932818,0.0974007
9|411|sample|7|274,0.411522633744856,28239,3,7,1,57906.875,44158.7,44158.7,44287.8,44158.7,-0.449303,-0.446968
9|411|sample|7|274,1.23456790123457,11458,4,7,1,57906.875,44161.0,44161.0,44289.9,44161.0,-0.91912,-0.918136
9|411|sample|7|274,3.7037037037037,2676,5,7,1,57906.875,44161.0,44161.0,44289.9,44161.0,-1.16497,-1.16469
9|411|sample|7|274,11.1111111111111,1026,6,7,1,57906.875,44158.7,44158.7,44287.8,44158.7,-1.21116,-1.21101
9|411|sample|7|274,33.3333333333333,928,7,7,1,57906.875,44041.4,44029.7,44166.0,44029.7,-1.21377,-1.21362
9|411|sample|7|274,100.0,848,8,7,1,57906.875,38213.1,36936.4,37008.5,36936.4,-1.2072,-1.2071
9|411|sample|8|274,0.0457247370827617,49844,1,8,1,57906.875,36936.4,36962.1,37035.3,36961.7,0.427311,0.430602
9|411|sample|8|274,0.1371742112482853,46084,2,8,1,57906.875,44029.7,44029.8,44166.1,44029.8,0.0538376,0.05784
9|411|sample|8|274,0.411522633744856,29492,3,8,1,57906.875,44158.7,44158.7,44287.8,44158.7,-0.414224,-0.411788
9|411|sample|8|274,1.23456790123457,12168,4,8,1,57906.875,44161.0,44161.0,44289.9,44161.0,-0.899244,-0.898203
9|411|sample|8|274,3.7037037037037,3114,5,8,1,57906.875,44161.0,44161.0,44289.9,44161.0,-1.15271,-1.15239
9|411|sample|8|274,11.1111111111111,1024,6,8,1,57906.875,44158.7,44158.7,44287.8,44158.7,-1.21121,-1.21107
9|411|sample|8|274,33.3333333333333,882,7,8,1,57906.875,44041.4,44029.7,44166.0,44029.7,-1.21506,-1.21492
9|411|sample|8|274,100.0,778,8,8,1,57906.875,38213.1,36936.4,37008.5,36936.4,-1.20954,-1.20944
9|411|sample|9|274,0.002286236854138,52761,1,9,1,57906.875,36936.4,39222.3,38729.8,38671.4,0.448035,0.450565
9|411|sample|9|274,0.0068587105624142,58591,2,9,1,57906.875,44029.7,48623.9,46974.0,46675.8,0.306947,0.316804
9|411|sample|9|274,0.0205761316872428,53528,3,9,1,57906.875,44158.7,45171.5,44678.9,44506.0,0.245609,0.251365
9|411|sample|9|274,0.0617283950617284,55935,4,9,1,57906.875,44161.0,44187.1,44294.4,44164.6,0.325843,0.330426
9|411|sample|9|274,0.1851851851851852,49128,5,9,1,57906.875,44161.0,44161.0,44289.9,44161.0,0.135441,0.139448
9|411|sample|9|274,0.5555555555555556,28450,6,9,1,57906.875,44158.7,44158.7,44287.8,44158.7,-0.443396,-0.441043
9|411|sample|9|274,1.66666666666667,10662,7,9,1,57906.875,44029.7,44029.7,44166.0,44029.7,-0.940519,-0.93954
9|411|sample|9|274,5.0,3030,8,9,1,57906.875,36936.4,36936.4,37008.5,36936.4,-1.13436,-1.13411
9|411|vc|1|2|274,0.0,57888,1,2,1,57906.875,36936.4,36936.4,37008.5,36936.4,0.697052,0.700797
9|411|vc|2|2|274,0.0,57026,2,2,1,57906.875,44029.7,44029.7,44166.0,44029.7,0.361003,0.365939
9|411|vc|3|2|274,0.0,62361,3,2,1,57906.875,44029.7,44029.7,44166.0,44029.7,0.510766,0.516157
9|411|vc|4|2|274,0.0,58423,4,2,1,57906.875,44029.7,44029.7,44166.0,44029.7,0.400219,0.405274
9|411|vc|5|2|274,0.0,61789,5,2,1,57906.875,44029.7,44029.7,44166.0,44029.7,0.494709,0.500051
9|411|vc|6|2|274,0.0,57424,6,2,1,57906.875,44029.7,44029.7,44166.0,44029.7,0.372176,0.377145
9|411|vc|7|2|274,0.0,54022,7,2,1,57906.875,44029.7,44029.7,44166.0,44029.7,0.276675,0.281355
9|411|vc|8|2|274,0.0,54322,8,2,1,57906.875,36936.4,36936.4,37008.5,36936.4,0.578002,0.58152
