id,time,rlu,plate_row,plate_col,mean_vc,mean_cc,binary_vc,binary_cc,binary_sample,popPred_medianCOV,popPred,indivPred_SAEM,indivPred_mode,indWRes_SAEM,indWRes_mode
9|411|9|411|sample|4|274|4|274|70.0,0.0457247370827617,53482,1,4,57906.875,910,0,0,1,25288.4,25289.1,35056.1,34939.7,1.32583,1.33865
9|411|9|411|sample|4|274|4|274|70.0,0.1371742112482853,45186,2,4,57906.875,910,0,0,1,28175.8,28176.6,27697.3,27721.8,1.59273,1.5891
9|411|9|411|sample|4|274|4|274|70.0,0.411522633744856,36004,3,4,57906.875,910,0,0,1,29039.7,29040.6,17029.1,17176.8,2.81067,2.76481
9|411|9|411|sample|4|274|4|274|70.0,1.23456790123457,15537,4,4,57906.875,910,0,0,1,29298.3,29299.1,9041,9206.51,1.81239,1.73446
9|411|9|411|sample|4|274|4|274|70.0,3.7037037037037,4302,5,4,57906.875,910,0,0,1,29298.3,29299.1,4602,4722.06,-0.164436,-0.224388
9|411|9|411|sample|4|274|4|274|70.0,11.1111111111111,1258,6,4,57906.875,910,0,0,1,29039.7,29040.6,2484.44,2555.02,-1.2452,-1.28048
9|411|9|411|sample|4|274|4|274|70.0,33.3333333333333,948,7,4,57906.875,910,0,0,1,28175.8,28176.6,1524.35,1560.81,-0.953724,-0.990372
9|411|9|411|sample|4|274|4|274|70.0,100,850,8,4,57906.875,910,0,0,1,25288.4,25289.1,1029.75,1045.61,-0.440315,-0.471899
9|411|9|411|sample|3|274|3|274|70.0,0.0457247370827617,58138,1,3,57906.875,910,0,0,1,25288.4,25289.1,37230.9,37556.3,1.41649,1.38236
9|411|9|411|sample|3|274|3|274|70.0,0.1371742112482853,40956,2,3,57906.875,910,0,0,1,28175.8,28176.6,27570.2,27575.7,1.22469,1.22395
9|411|9|411|sample|3|274|3|274|70.0,0.411522633744856,25675,3,3,57906.875,910,0,0,1,29039.7,29040.6,14420.8,14045.9,1.96856,2.08844
9|411|9|411|sample|3|274|3|274|70.0,1.23456790123457,7926,4,3,57906.875,910,0,0,1,29039.7,29040.6,6227.75,5879.52,0.687847,0.877985
9|411|9|411|sample|3|274|3|274|70.0,3.7037037037037,2156,5,3,57906.875,910,0,0,1,29039.7,29040.6,2781.31,2588.03,-0.567109,-0.421085
9|411|9|411|sample|3|274|3|274|70.0,11.1111111111111,986,6,3,57906.875,910,0,0,1,29039.7,29040.6,1536.81,1449.29,-0.904079,-0.806348
9|411|9|411|sample|3|274|3|274|70.0,33.3333333333333,960,7,3,57906.875,910,0,0,1,28175.8,28176.6,1079.74,1044.58,-0.279742,-0.204237
9|411|9|411|sample|3|274|3|274|70.0,100,882,8,3,57906.875,910,0,0,1,25288.4,25289.1,846.239,833.264,0.106595,0.147532
9|411|9|411|sample|5|274|5|274|70.0,0.002286236854138,55169,1,5,57906.875,910,0,0,1,25288.4,25289.1,45793.1,45681,0.516456,0.523918
9|411|9|411|sample|5|274|5|274|70.0,0.0068587105624142,55989,2,5,57906.875,910,0,0,1,28175.8,28176.6,47448.7,47341.1,0.454016,0.460784
9|411|9|411|sample|5|274|5|274|70.0,0.0205761316872428,54885,3,5,57906.875,910,0,0,1,29039.7,29040.6,43155,43063.2,0.685627,0.692468
9|411|9|411|sample|5|274|5|274|70.0,0.0617283950617284,49434,4,5,57906.875,910,0,0,1,29298.3,29299.1,35565.2,35528.5,0.983636,0.987265
9|411|9|411|sample|5|274|5|274|70.0,0.1851851851851852,45208,5,5,57906.875,910,0,0,1,29298.3,29299.1,26398.4,26442,1.79732,1.79019
9|411|9|411|sample|5|274|5|274|70.0,0.5555555555555556,30556,6,5,57906.875,910,0,0,1,29039.7,29040.6,17648.1,17752.7,1.84494,1.8192
9|411|9|411|sample|5|274|5|274|70.0,1.66666666666667,13064,7,5,57906.875,910,0,0,1,28175.8,28176.6,10733.4,10851.2,0.547716,0.514374
9|411|9|411|sample|5|274|5|274|70.0,5,2918,8,5,57906.875,910,0,0,1,25288.4,25289.1,5826.4,5915.52,-1.25915,-1.27818
9|411|9|411|sample|6|274|6|274|70.0,0.002286236854138,62015,1,6,57906.875,910,0,0,1,25288.4,25289.1,46466.4,46217.7,0.844063,0.862176
9|411|9|411|sample|6|274|6|274|70.0,0.0068587105624142,61528,2,6,57906.875,910,0,0,1,28175.8,28176.6,48384.6,48077.6,0.68521,0.705692
9|411|9|411|sample|6|274|6|274|70.0,0.0205761316872428,61845,3,6,57906.875,910,0,0,1,29039.7,29040.6,44083,43785,1.01635,1.04044
9|411|9|411|sample|6|274|6|274|70.0,0.0617283950617284,54318,4,6,57906.875,910,0,0,1,29298.3,29299.1,36058.8,35909.9,1.2773,1.29306
9|411|9|411|sample|6|274|6|274|70.0,0.1851851851851852,48773,5,6,57906.875,910,0,0,1,29298.3,29299.1,26163,26262,2.1799,2.16217
9|411|9|411|sample|6|274|6|274|70.0,0.5555555555555556,29602,6,6,57906.875,910,0,0,1,29039.7,29040.6,16833.7,17122.7,1.91327,1.83841
9|411|9|411|sample|6|274|6|274|70.0,1.66666666666667,12240,7,6,57906.875,910,0,0,1,28175.8,28176.6,9773.07,10099.1,0.636719,0.534738
9|411|9|411|sample|6|274|6|274|70.0,5,3840,8,6,57906.875,910,0,0,1,25288.4,25289.1,5079.51,5322.54,-0.615532,-0.702603
9|411|9|411|sample|8|274|8|274|70.0,0.0457247370827617,49844,1,8,57906.875,910,0,0,1,25288.4,25289.1,35801.9,36104.3,0.989348,0.95993
9|411|9|411|sample|8|274|8|274|70.0,0.1371742112482853,46084,2,8,57906.875,910,0,0,1,28175.8,28176.6,27655.1,27658.9,1.68092,1.68034
9|411|9|411|sample|8|274|8|274|70.0,0.411522633744856,29492,3,8,57906.875,910,0,0,1,29039.7,29040.6,16130,15776.2,2.08957,2.193
9|411|9|411|sample|8|274|8|274|70.0,1.23456790123457,12168,4,8,57906.875,910,0,0,1,29298.3,29299.1,8013.91,7621.32,1.30754,1.50483
9|411|9|411|sample|8|274|8|274|70.0,3.7037037037037,3114,5,8,57906.875,910,0,0,1,29298.3,29299.1,3876.39,3614.12,-0.496101,-0.349055
9|411|9|411|sample|8|274|8|274|70.0,11.1111111111111,1024,6,8,57906.875,910,0,0,1,29039.7,29040.6,2072.55,1932.18,-1.27616,-1.18563
9|411|9|411|sample|8|274|8|274|70.0,33.3333333333333,882,7,8,57906.875,910,0,0,1,28175.8,28176.6,1318.2,1251.73,-0.834687,-0.745071
9|411|9|411|sample|8|274|8|274|70.0,100,778,8,8,57906.875,910,0,0,1,25288.4,25289.1,939.563,911.469,-0.433748,-0.369369
9|411|9|411|sample|7|274|7|274|70.0,0.0457247370827617,51443,1,7,57906.875,910,0,0,1,25288.4,25289.1,36557.4,36384.3,1.0271,1.04399
9|411|9|411|sample|7|274|7|274|70.0,0.1371742112482853,47489,2,7,57906.875,910,0,0,1,28175.8,28176.6,27610.9,27643.3,1.816,1.81092
9|411|9|411|sample|7|274|7|274|70.0,0.411522633744856,28239,3,7,57906.875,910,0,0,1,29039.7,29040.6,15224.1,15441.1,2.15642,2.09065
9|411|9|411|sample|7|274|7|274|70.0,1.23456790123457,11458,4,7,57906.875,910,0,0,1,29298.3,29299.1,7060.55,7271.11,1.57103,1.45249
9|411|9|411|sample|7|274|7|274|70.0,3.7037037037037,2676,5,7,57906.875,910,0,0,1,29298.3,29299.1,3262.7,3390.84,-0.45359,-0.531771
9|411|9|411|sample|7|274|7|274|70.0,11.1111111111111,1026,6,7,57906.875,910,0,0,1,29039.7,29040.6,1754.07,1817.48,-1.047,-1.09848
9|411|9|411|sample|7|274|7|274|70.0,33.3333333333333,928,7,7,57906.875,910,0,0,1,28175.8,28176.6,1171.74,1199.53,-0.524712,-0.570991
9|411|9|411|sample|7|274|7|274|70.0,100,848,8,7,57906.875,910,0,0,1,25288.4,25289.1,880.498,890.647,-0.0931014,-0.120783
9|411|9|411|sample|9|274|9|274|70.0,0.002286236854138,52761,1,9,57906.875,910,0,0,1,25288.4,25289.1,45878,46680.3,0.37844,0.328579
9|411|9|411|sample|9|274|9|274|70.0,0.0068587105624142,58591,2,9,57906.875,910,0,0,1,28175.8,28176.6,47563.5,48743.9,0.584827,0.509578
9|411|9|411|sample|9|274|9|274|70.0,0.0205761316872428,53528,3,9,57906.875,910,0,0,1,29039.7,29040.6,43266,44467.1,0.598282,0.513989
9|411|9|411|sample|9|274|9|274|70.0,0.0617283950617284,55935,4,9,57906.875,910,0,0,1,29298.3,29299.1,35623.3,36281.1,1.43825,1.36644
9|411|9|411|sample|9|274|9|274|70.0,0.1851851851851852,49128,5,9,57906.875,910,0,0,1,29298.3,29299.1,26370.8,26085.8,2.17681,2.22813
9|411|9|411|sample|9|274|9|274|70.0,0.5555555555555556,28450,6,9,57906.875,910,0,0,1,29039.7,29040.6,17551.4,16519.2,1.56633,1.82182
9|411|9|411|sample|9|274|9|274|70.0,1.66666666666667,10662,7,9,57906.875,910,0,0,1,28175.8,28176.6,10616.8,9406.65,0.0107446,0.336629
9|411|9|411|sample|9|274|9|274|70.0,5,3030,8,9,57906.875,910,0,0,1,25288.4,25289.1,5733.23,4801.99,-1.18934,-0.930813
9|411|9|411|sample|10|274|10|274|70.0,0.002286236854138,53166,1,10,57906.875,910,0,0,1,25288.4,25289.1,46327.1,45554.9,0.372372,0.421437
9|411|9|411|sample|10|274|10|274|70.0,0.0068587105624142,61628,2,10,57906.875,910,0,0,1,28175.8,28176.6,48185.9,47173.1,0.703672,0.772935
9|411|9|411|sample|10|274|10|274|70.0,0.0205761316872428,54148,3,10,57906.875,910,0,0,1,29039.7,29040.6,43881.5,42902.9,0.590152,0.661151
9|411|9|411|sample|10|274|10|274|70.0,0.0617283950617284,54949,4,10,57906.875,910,0,0,1,29039.7,29040.6,35634,35132.4,1.36727,1.4228
9|411|9|411|sample|10|274|10|274|70.0,0.1851851851851852,46394,5,10,57906.875,910,0,0,1,29039.7,29040.6,25984.6,26247.5,1.98124,1.93613
9|411|9|411|sample|10|274|10|274|70.0,0.5555555555555556,30684,6,10,57906.875,910,0,0,1,29039.7,29040.6,17011.7,17891.5,2.02728,1.80355
9|411|9|411|sample|10|274|10|274|70.0,1.66666666666667,13846,7,10,57906.875,910,0,0,1,28175.8,28176.6,9978.79,11021,0.977557,0.646587
9|411|9|411|sample|10|274|10|274|70.0,5,3124,8,10,57906.875,910,0,0,1,25288.4,25289.1,5235.58,6053.21,-1.01734,-1.22064
9|411|9|411|sample|12|274|12|274|70.0,0.0457247370827617,47309,1,12,57906.875,910,0,0,1,25288.4,25289.1,36163,36293.7,0.777459,0.765579
9|411|9|411|sample|12|274|12|274|70.0,0.1371742112482853,39899,2,12,57906.875,910,0,0,1,25288.4,25289.1,24817.7,24815.1,1.53286,1.53328
9|411|9|411|sample|12|274|12|274|70.0,0.411522633744856,26409,3,12,57906.875,910,0,0,1,25288.4,25289.1,13679.1,13540.9,2.34741,2.39712
9|411|9|411|sample|12|274|12|274|70.0,1.23456790123457,9114,4,12,57906.875,910,0,0,1,25288.4,25289.1,6519.6,6372.73,1.00378,1.08505
9|411|9|411|sample|12|274|12|274|70.0,3.7037037037037,2878,5,12,57906.875,910,0,0,1,25288.4,25289.1,3082.8,2987.71,-0.167573,-0.0926273
9|411|9|411|sample|12|274|12|274|70.0,11.1111111111111,968,6,12,57906.875,910,0,0,1,25288.4,25289.1,1663.92,1613.93,-1.05499,-1.00954
9|411|9|411|sample|12|274|12|274|70.0,33.3333333333333,796,7,12,57906.875,910,0,0,1,25288.4,25289.1,1115.01,1091.09,-0.721694,-0.68221
9|411|9|411|sample|12|274|12|274|70.0,100,796,8,12,57906.875,910,0,0,1,25288.4,25289.1,908.047,897.016,-0.311252,-0.284061
9|411|9|411|sample|11|274|11|274|70.0,0.0457247370827617,54260,1,11,57906.875,910,0,0,1,25288.4,25289.1,35468.2,36033.7,1.33644,1.27589
9|411|9|411|sample|11|274|11|274|70.0,0.1371742112482853,45084,2,11,57906.875,910,0,0,1,28175.8,28176.6,27674.2,27662.8,1.58688,1.58856
9|411|9|411|sample|11|274|11|274|70.0,0.411522633744856,27045,3,11,57906.875,910,0,0,1,28175.8,28176.6,16042.1,15389,1.73009,1.91057
9|411|9|411|sample|11|274|11|274|70.0,1.23456790123457,12392,4,11,57906.875,910,0,0,1,28175.8,28176.6,8139.94,7416.06,1.31765,1.69248
9|411|9|411|sample|11|274|11|274|70.0,3.7037037037037,3032,5,11,57906.875,910,0,0,1,28175.8,28176.6,4025.7,3532.18,-0.622641,-0.357195
9|411|9|411|sample|11|274|11|274|70.0,11.1111111111111,1264,6,11,57906.875,910,0,0,1,28175.8,28176.6,2177.03,1904.61,-1.0579,-0.848422
9|411|9|411|sample|11|274|11|274|70.0,33.3333333333333,860,7,11,57906.875,910,0,0,1,28175.8,28176.6,1401.64,1266.04,-0.97476,-0.808995
9|411|9|411|sample|11|274|11|274|70.0,100,802,8,11,57906.875,910,0,0,1,25288.4,25289.1,975.195,917.286,-0.447988,-0.317026
9|411|9|411|cc|1|1|274|1|274|69.0,0,868,1,1,57906.875,910,0,1,0,nan,nan,783.136,782.506,0.273343,0.275596
9|411|9|411|cc|2|1|274|1|274|69.0,0,912,2,1,57906.875,910,0,1,0,nan,nan,783.136,782.506,0.415066,0.417432
9|411|9|411|cc|3|1|274|1|274|69.0,0,846,3,1,57906.875,910,0,1,0,nan,nan,783.136,782.506,0.202482,0.204678
9|411|9|411|cc|4|1|274|1|274|69.0,0,900,4,1,57906.875,910,0,1,0,nan,nan,783.136,782.506,0.376414,0.37875
9|411|9|411|cc|5|1|274|1|274|69.0,0,962,5,1,57906.875,910,0,1,0,nan,nan,783.136,782.506,0.576114,0.57861
9|411|9|411|cc|6|1|274|1|274|69.0,0,886,6,1,57906.875,910,0,1,0,nan,nan,783.136,782.506,0.331321,0.33362
9|411|9|411|cc|7|1|274|1|274|69.0,0,922,7,1,57906.875,910,0,1,0,nan,nan,783.136,782.506,0.447275,0.449668
9|411|9|411|cc|8|1|274|1|274|69.0,0,984,8,1,57906.875,910,0,1,0,nan,nan,783.136,782.506,0.646975,0.649528
9|411|9|411|vc|1|2|274|2|274|69.0,0,57888,1,2,57906.875,910,1,0,0,nan,nan,49834,49793.9,0.407668,0.410029
9|411|9|411|vc|2|2|274|2|274|69.0,0,57026,2,2,57906.875,910,1,0,0,nan,nan,55489.6,55479.2,0.0698413,0.070326
9|411|9|411|vc|3|2|274|2|274|69.0,0,62361,3,2,57906.875,910,1,0,0,nan,nan,55489.6,55479.2,0.31236,0.31289
9|411|9|411|vc|4|2|274|2|274|69.0,0,58423,4,2,57906.875,910,1,0,0,nan,nan,55489.6,55479.2,0.133346,0.133843
9|411|9|411|vc|5|2|274|2|274|69.0,0,61789,5,2,57906.875,910,1,0,0,nan,nan,55489.6,55479.2,0.286358,0.286883
9|411|9|411|vc|6|2|274|2|274|69.0,0,57424,6,2,57906.875,910,1,0,0,nan,nan,55489.6,55479.2,0.0879336,0.0884217
9|411|9|411|vc|7|2|274|2|274|69.0,0,54022,7,2,57906.875,910,1,0,0,nan,nan,55489.6,55479.2,-0.0667148,-0.0662555
9|411|9|411|vc|8|2|274|2|274|69.0,0,54322,8,2,57906.875,910,1,0,0,nan,nan,49834,49793.9,0.227168,0.229383
14|783|14|783|sample|3|71|3|71|6.0,0.00128,68212.8,1,3,65466.9,572.004,0,0,1,28393.5,31690.5,40992.6,41902.3,1.67497,1.58385
14|783|14|783|sample|3|71|3|71|6.0,0.0064,68155.2,2,3,65466.9,572.004,0,0,1,31635.4,32905.6,39285.3,39974.2,1.85369,1.77828
14|783|14|783|sample|3|71|3|71|6.0,0.032,68608.8,3,3,65466.9,572.004,0,0,1,32605.5,33010,36027.7,36367.8,2.28114,2.23622
14|783|14|783|sample|3|71|3|71|6.0,0.16,64072.8,4,3,65466.9,572.004,0,0,1,32605.5,33010,32585.5,32542.3,2.43743,2.44403
14|783|14|783|sample|3|71|3|71|6.0,0.8,57218.4,5,3,65466.9,572.004,0,0,1,32605.5,33010,29153,28729.7,2.42835,2.50128
14|783|14|783|sample|3|71|3|71|6.0,4,44143.2,6,3,65466.9,572.004,0,0,1,32605.5,33010,25805.9,25033.9,1.79242,1.92548
14|783|14|783|sample|3|71|3|71|6.0,20,28238.4,7,3,65466.9,572.004,0,0,1,31635.4,32905.6,22545.4,21477.9,0.636953,0.793987
14|783|14|783|sample|3|71|3|71|6.0,100,11044.8,8,3,65466.9,572.004,0,0,1,28393.5,31690.5,18871.2,17603.9,-1.04613,-0.939849
14|783|14|783|sample|4|71|4|71|6.0,0.00128,69595.2,1,4,65466.9,572.004,0,0,1,28393.5,31690.5,44329.9,42721.5,1.43764,1.58673
14|783|14|783|sample|4|71|4|71|6.0,0.0064,69638.4,2,4,65466.9,572.004,0,0,1,31635.4,32905.6,41720,40569.8,1.68798,1.80735
14|783|14|783|sample|4|71|4|71|6.0,0.032,67262.4,3,4,65466.9,572.004,0,0,1,32605.5,33010,37220.6,36659,2.03594,2.10577
14|783|14|783|sample|4|71|4|71|6.0,0.16,63900,4,4,65466.9,572.004,0,0,1,32895.7,33019,32423.8,32510.2,2.44873,2.43552
14|783|14|783|sample|4|71|4|71|6.0,0.8,56001.6,5,4,65466.9,572.004,0,0,1,32895.7,33019,27643.7,28368.1,2.58761,2.45713
14|783|14|783|sample|4|71|4|71|6.0,4,42962.4,6,4,65466.9,572.004,0,0,1,32605.5,33010,23086.4,24368.6,2.17167,1.92469
14|783|14|783|sample|4|71|4|71|6.0,20,26215.2,7,4,65466.9,572.004,0,0,1,31635.4,32905.6,18873.3,20574.6,0.981266,0.691539
14|783|14|783|sample|4|71|4|71|6.0,100,11448,8,4,65466.9,572.004,0,0,1,28393.5,31690.5,14684,16568.3,-0.555891,-0.779544
14|783|14|783|sample|5|71|5|71|6.0,0.00128,67507.2,1,5,65466.9,572.004,0,0,1,28393.5,31690.5,49290.1,47861.7,0.932269,1.03537
14|783|14|783|sample|5|71|5|71|6.0,0.0064,64807.2,2,5,65466.9,572.004,0,0,1,31635.4,32905.6,45630.2,44505.9,1.06011,1.15061
14|783|14|783|sample|5|71|5|71|6.0,0.032,65296.8,3,5,65466.9,572.004,0,0,1,32605.5,33010,39231,38646.5,1.67596,1.73946
14|783|14|783|sample|5|71|5|71|6.0,0.16,59824.8,4,5,65466.9,572.004,0,0,1,32895.7,33019,32133.6,32228.5,2.17373,2.1599
14|783|14|783|sample|5|71|5|71|6.0,0.8,43956,5,5,65466.9,572.004,0,0,1,32895.7,33019,25110.4,25861.4,1.89312,1.76489
14|783|14|783|sample|5|71|5|71|6.0,4,33624,6,5,65466.9,572.004,0,0,1,32605.5,33010,18791,20020,1.99113,1.71405
14|783|14|783|sample|5|71|5|71|6.0,20,17287.2,7,5,65466.9,572.004,0,0,1,31635.4,32905.6,13538.4,14992.5,0.698474,0.386074
14|783|14|783|sample|5|71|5|71|6.0,100,6449.76,8,5,65466.9,572.004,0,0,1,28393.5,31690.5,9200.59,10600.2,-0.754172,-0.987642
14|783|14|783|sample|6|71|6|71|6.0,0.00128,72936,1,6,65466.9,572.004,0,0,1,28393.5,31690.5,48974.9,48674.8,1.23411,1.25727
14|783|14|783|sample|6|71|6|71|6.0,0.0064,71100,2,6,65466.9,572.004,0,0,1,31635.4,32905.6,45367.5,45170.1,1.43074,1.44801
14|783|14|783|sample|6|71|6|71|6.0,0.032,65887.2,3,6,65466.9,572.004,0,0,1,32605.5,33010,39091.2,38995.6,1.72908,1.7395
14|783|14|783|sample|6|71|6|71|6.0,0.16,59457.6,4,6,65466.9,572.004,0,0,1,32895.7,33019,32154,32178.4,2.14194,2.1384
14|783|14|783|sample|6|71|6|71|6.0,0.8,43984.8,5,6,65466.9,572.004,0,0,1,32895.7,33019,25285.5,25424.3,1.86541,1.84146
14|783|14|783|sample|6|71|6|71|6.0,4,31118.4,6,6,65466.9,572.004,0,0,1,32605.5,33010,19076.2,19296.2,1.59234,1.54542
14|783|14|783|sample|6|71|6|71|6.0,20,17712,7,6,65466.9,572.004,0,0,1,31635.4,32905.6,13871.9,14126,0.698281,0.64034
14|783|14|783|sample|6|71|6|71|6.0,100,6401.52,8,6,65466.9,572.004,0,0,1,28393.5,31690.5,9518.78,9751.12,-0.826066,-0.866484
14|783|14|783|sample|7|71|7|71|6.0,0.00128,67154.4,1,7,65466.9,572.004,0,0,1,28393.5,31690.5,62919.1,62829.4,0.169796,0.173639
14|783|14|783|sample|7|71|7|71|6.0,0.0064,54813.6,2,7,65466.9,572.004,0,0,1,31635.4,32905.6,65173,65170.9,-0.40095,-0.400881
14|783|14|783|sample|7|71|7|71|6.0,0.032,37951.2,3,7,65466.9,572.004,0,0,1,32605.5,33010,62704.8,62898.1,-0.995773,-1.00047
14|783|14|783|sample|7|71|7|71|6.0,0.16,14299.2,4,7,65466.9,572.004,0,0,1,32895.7,33019,26014.9,25935.8,-1.13597,-1.13174
14|783|14|783|sample|7|71|7|71|6.0,0.8,1840.32,5,7,65466.9,572.004,0,0,1,32895.7,33019,1743.44,1647.45,0.140175,0.295314
14|783|14|783|sample|7|71|7|71|6.0,4,763.2,6,7,65466.9,572.004,0,0,1,32605.5,33010,606.625,601.335,0.651066,0.678982
14|783|14|783|sample|7|71|7|71|6.0,20,651.672,7,7,65466.9,572.004,0,0,1,31635.4,32905.6,571.953,571.616,0.35158,0.353275
14|783|14|783|sample|7|71|7|71|6.0,100,652.968,8,7,65466.9,572.004,0,0,1,28393.5,31690.5,550.601,549.805,0.46897,0.473304
14|783|14|783|sample|8|71|8|71|6.0,0.00128,63050.4,1,8,65466.9,572.004,0,0,1,28393.5,31690.5,62914,62826.6,0.00546785,0.0089869
14|783|14|783|sample|8|71|8|71|6.0,0.0064,58111.2,2,8,65466.9,572.004,0,0,1,31635.4,32905.6,65078.9,65110.9,-0.270068,-0.271175
14|783|14|783|sample|8|71|8|71|6.0,0.032,39211.2,3,8,65466.9,572.004,0,0,1,32605.5,33010,61586.7,62079.2,-0.91645,-0.92919
14|783|14|783|sample|8|71|8|71|6.0,0.16,16286.4,4,8,65466.9,572.004,0,0,1,32895.7,33019,26801.7,26564.3,-0.98965,-0.975953
14|783|14|783|sample|8|71|8|71|6.0,0.8,2345.04,5,8,65466.9,572.004,0,0,1,32895.7,33019,2409.81,2121.39,-0.0677925,0.265928
14|783|14|783|sample|8|71|8|71|6.0,4,787.68,6,8,65466.9,572.004,0,0,1,32605.5,33010,653.757,630.656,0.516727,0.62805
14|783|14|783|sample|8|71|8|71|6.0,20,566.928,7,8,65466.9,572.004,0,0,1,31635.4,32905.6,574.464,572.982,-0.0330894,-0.0266532
14|783|14|783|sample|8|71|8|71|6.0,100,548.928,8,8,65466.9,572.004,0,0,1,28393.5,31690.5,550.718,549.86,-0.00820095,-0.00427608
14|783|14|783|sample|10|71|10|71|6.0,0.00128,76608,1,10,65466.9,572.004,0,0,1,28393.5,31690.5,41406.9,42825.1,2.1444,1.98986
14|783|14|783|sample|10|71|10|71|6.0,0.0064,70869.6,2,10,65466.9,572.004,0,0,1,31635.4,32905.6,39581.5,40645.6,1.99393,1.87569
14|783|14|783|sample|10|71|10|71|6.0,0.032,68104.8,3,10,65466.9,572.004,0,0,1,32605.5,33010,36171,36696.2,2.22696,2.15899
14|783|14|783|sample|10|71|10|71|6.0,0.16,65124,4,10,65466.9,572.004,0,0,1,32605.5,33010,32565.2,32496.1,2.52195,2.53267
14|783|14|783|sample|10|71|10|71|6.0,0.8,59119.2,5,10,65466.9,572.004,0,0,1,32605.5,33010,28970.4,28313.3,2.62505,2.74452
14|783|14|783|sample|10|71|10|71|6.0,4,42307.2,6,10,65466.9,572.004,0,0,1,32605.5,33010,25473.6,24284.1,1.66689,1.87211
14|783|14|783|sample|10|71|10|71|6.0,20,27712.8,7,10,65466.9,572.004,0,0,1,31635.4,32905.6,22086.8,20460.7,0.642527,0.894063
14|783|14|783|sample|10|71|10|71|6.0,100,11037.6,8,10,65466.9,572.004,0,0,1,28393.5,31690.5,18333.3,16438.9,-1.0038,-0.828798
14|783|14|783|sample|9|71|9|71|6.0,0.00128,74160,1,9,65466.9,572.004,0,0,1,28393.5,31690.5,42012.3,42199.3,1.93018,1.91045
14|783|14|783|sample|9|71|9|71|6.0,0.0064,70380,2,9,65466.9,572.004,0,0,1,31635.4,32905.6,40017.1,40189.3,1.91391,1.89489
14|783|14|783|sample|9|71|9|71|6.0,0.032,62517.6,3,9,65466.9,572.004,0,0,1,32605.5,33010,36382.6,36472.7,1.81197,1.80126
14|783|14|783|sample|9|71|9|71|6.0,0.16,69746.4,4,9,65466.9,572.004,0,0,1,32895.7,33019,32543.2,32536.4,2.88364,2.88478
14|783|14|783|sample|9|71|9|71|6.0,0.8,56138.4,5,9,65466.9,572.004,0,0,1,32895.7,33019,28708.2,28604.4,2.41017,2.42806
14|783|14|783|sample|9|71|9|71|6.0,4,43509.6,6,9,65466.9,572.004,0,0,1,32605.5,33010,24985.7,24793.4,1.8701,1.90416
14|783|14|783|sample|9|71|9|71|6.0,20,28951.2,7,9,65466.9,572.004,0,0,1,31635.4,32905.6,21417.9,21150.1,0.887221,0.930395
14|783|14|783|sample|9|71|9|71|6.0,100,11426.4,8,9,65466.9,572.004,0,0,1,28393.5,31690.5,17555.8,17226.2,-0.88068,-0.849268
14|783|14|783|sample|12|71|12|71|6.0,0.00128,56412,1,12,65466.9,572.004,0,0,1,28393.5,31690.5,62921.3,62831.1,-0.260951,-0.257706
14|783|14|783|sample|12|71|12|71|6.0,0.0064,44661.6,2,12,65466.9,572.004,0,0,1,28393.5,31690.5,62921.3,62831,-0.732013,-0.729438
14|783|14|783|sample|12|71|12|71|6.0,0.032,22356,3,12,65466.9,572.004,0,0,1,28393.5,31690.5,62915,62676,-1.62613,-1.62271
14|783|14|783|sample|12|71|12|71|6.0,0.16,2838.96,4,12,65466.9,572.004,0,0,1,28393.5,31690.5,13983.3,19435.5,-2.01033,-2.15399
14|783|14|783|sample|12|71|12|71|6.0,0.8,601.272,5,12,65466.9,572.004,0,0,1,28393.5,31690.5,551.052,579.219,0.229884,0.0960378
14|783|14|783|sample|12|71|12|71|6.0,4,473.256,6,12,65466.9,572.004,0,0,1,28393.5,31690.5,550.575,549.818,-0.354234,-0.351249
14|783|14|783|sample|12|71|12|71|6.0,20,409.608,7,12,65466.9,572.004,0,0,1,28393.5,31690.5,550.575,549.786,-0.645836,-0.643143
14|783|14|783|sample|12|71|12|71|6.0,100,416.808,8,12,65466.9,572.004,0,0,1,28393.5,31690.5,550.575,549.786,-0.61285,-0.610109
14|783|14|783|sample|11|71|11|71|6.0,0.00128,65894.4,1,11,65466.9,572.004,0,0,1,28393.5,31690.5,62921.3,62831.1,0.119188,0.12298
14|783|14|783|sample|11|71|11|71|6.0,0.0064,47419.2,2,11,65466.9,572.004,0,0,1,31635.4,32905.6,65254.3,65240.1,-0.689428,-0.689029
14|783|14|783|sample|11|71|11|71|6.0,0.032,23608.8,3,11,65466.9,572.004,0,0,1,31635.4,32905.6,65244.1,65087.7,-1.60969,-1.6075
14|783|14|783|sample|11|71|11|71|6.0,0.16,2632.32,4,11,65466.9,572.004,0,0,1,31635.4,32905.6,15196.6,20078.2,-2.08552,-2.19175
14|783|14|783|sample|11|71|11|71|6.0,0.8,606.096,5,11,65466.9,572.004,0,0,1,31635.4,32905.6,571.863,599.388,0.150999,0.0282297
14|783|14|783|sample|11|71|11|71|6.0,4,537.696,6,11,65466.9,572.004,0,0,1,31635.4,32905.6,570.989,570.895,-0.147077,-0.146687
14|783|14|783|sample|11|71|11|71|6.0,20,480.6,7,11,65466.9,572.004,0,0,1,31635.4,32905.6,570.989,570.866,-0.39931,-0.398852
14|783|14|783|sample|11|71|11|71|6.0,100,448.488,8,11,65466.9,572.004,0,0,1,28393.5,31690.5,550.575,549.786,-0.467708,-0.464759
14|783|14|783|cc|1|1|71|1|71|69.0,0,657.504,1,1,65466.9,572.004,0,1,0,nan,nan,549.762,548.974,0.494346,0.498676
14|783|14|783|cc|2|1|71|1|71|69.0,0,596.952,2,1,65466.9,572.004,0,1,0,nan,nan,549.762,548.974,0.216518,0.220449
14|783|14|783|cc|3|1|71|1|71|69.0,0,556.272,3,1,65466.9,572.004,0,1,0,nan,nan,549.762,548.974,0.0298679,0.0335309
14|783|14|783|cc|4|1|71|1|71|69.0,0,549.216,4,1,65466.9,572.004,0,1,0,nan,nan,549.762,548.974,-0.00250682,0.00110975
14|783|14|783|cc|5|1|71|1|71|69.0,0,572.832,5,1,65466.9,572.004,0,1,0,nan,nan,549.762,548.974,0.105849,0.109621
14|783|14|783|cc|6|1|71|1|71|69.0,0,552.672,6,1,65466.9,572.004,0,1,0,nan,nan,549.762,548.974,0.0133502,0.0169895
14|783|14|783|cc|7|1|71|1|71|69.0,0,577.728,7,1,65466.9,572.004,0,1,0,nan,nan,549.762,548.974,0.128314,0.132118
14|783|14|783|cc|8|1|71|1|71|69.0,0,512.856,8,1,65466.9,572.004,0,1,0,nan,nan,549.762,548.974,-0.169336,-0.165959
14|783|14|783|vc|1|2|71|2|71|69.0,0,68788.8,1,2,65466.9,572.004,1,0,0,nan,nan,62921.3,62831.1,0.235222,0.23918
14|783|14|783|vc|2|2|71|2|71|69.0,0,70473.6,2,2,65466.9,572.004,1,0,0,nan,nan,65254.3,65240.3,0.201756,0.202342
14|783|14|783|vc|3|2|71|2|71|69.0,0,67924.8,3,2,65466.9,572.004,1,0,0,nan,nan,65254.3,65240.3,0.10323,0.103795
14|783|14|783|vc|4|2|71|2|71|69.0,0,68968.8,4,2,65466.9,572.004,1,0,0,nan,nan,65254.3,65240.3,0.143586,0.144161
14|783|14|783|vc|5|2|71|2|71|69.0,0,61610.4,5,2,65466.9,572.004,1,0,0,nan,nan,65254.3,65240.3,-0.140858,-0.140345
14|783|14|783|vc|6|2|71|2|71|69.0,0,63612,6,2,65466.9,572.004,1,0,0,nan,nan,65254.3,65240.3,-0.0634843,-0.0629548
14|783|14|783|vc|7|2|71|2|71|69.0,0,65966.4,7,2,65466.9,572.004,1,0,0,nan,nan,65254.3,65240.3,0.0275266,0.0280757
14|783|14|783|vc|8|2|71|2|71|69.0,0,56390.4,8,2,65466.9,572.004,1,0,0,nan,nan,62921.3,62831.1,-0.261817,-0.258573
14|491|14|491|sample|10|99|10|99|6.0,0.000042624,46100.6,1,10,49900.9875,254.219875,0,0,1,21564.3,21564.6,42944.2,42909.7,0.185398,0.187579
14|491|14|491|sample|10|99|10|99|6.0,0.00021312,58358.3,2,10,49900.9875,254.219875,0,0,1,24026.5,24026.8,47817.9,47809,0.556017,0.556593
14|491|14|491|sample|10|99|10|99|6.0,0.0010656,49385.7,3,10,49900.9875,254.219875,0,0,1,24763.2,24763.5,49277.3,49275,0.00555143,0.00566719
14|491|14|491|sample|10|99|10|99|6.0,0.005328,29975.4,4,10,49900.9875,254.219875,0,0,1,24763.2,24763.5,49277.2,49274.4,-0.988039,-0.987954
14|491|14|491|sample|10|99|10|99|6.0,0.02664,6151.6,5,10,49900.9875,254.219875,0,0,1,24763.2,24763.5,49218.3,49108,-2.20718,-2.20647
14|491|14|491|sample|10|99|10|99|6.0,0.1332,676.403,6,10,49900.9875,254.219875,0,0,1,24763.2,24763.5,23985.8,24202.6,-2.45132,-2.45195
14|491|14|491|sample|10|99|10|99|6.0,0.666,423.514,7,10,49900.9875,254.219875,0,0,1,24026.5,24026.8,294.99,392.433,1.099,0.199783
14|491|14|491|sample|10|99|10|99|6.0,3.33,334.516,8,10,49900.9875,254.219875,0,0,1,21564.3,21564.6,219.743,219.949,1.3175,1.31389
14|491|14|491|sample|9|99|9|99|6.0,0.000042624,41177.5,1,9,49900.9875,254.219875,0,0,1,21564.3,21564.6,42944.2,42909.7,-0.103774,-0.101826
14|491|14|491|sample|9|99|9|99|6.0,0.00021312,52388.7,2,9,49900.9875,254.219875,0,0,1,24026.5,24026.8,47817.9,47809,0.241114,0.241631
14|491|14|491|sample|9|99|9|99|6.0,0.0010656,46491.9,3,9,49900.9875,254.219875,0,0,1,24763.2,24763.5,49277.3,49275,-0.142579,-0.14247
14|491|14|491|sample|9|99|9|99|6.0,0.005328,31322.2,4,9,49900.9875,254.219875,0,0,1,24983.7,24984,49714.2,49713.1,-0.933192,-0.933157
14|491|14|491|sample|9|99|9|99|6.0,0.02664,6345.43,5,9,49900.9875,254.219875,0,0,1,24983.7,24984,49679.6,49541.3,-2.20026,-2.19937
14|491|14|491|sample|9|99|9|99|6.0,0.1332,794.885,6,9,49900.9875,254.219875,0,0,1,24763.2,24763.5,23923.1,24204.9,-2.43864,-2.43961
14|491|14|491|sample|9|99|9|99|6.0,0.666,427.518,7,9,49900.9875,254.219875,0,0,1,24026.5,24026.8,273.639,395.921,1.41849,0.201307
14|491|14|491|sample|9|99|9|99|6.0,3.33,336.973,8,9,49900.9875,254.219875,0,0,1,21564.3,21564.6,219.709,219.97,1.3463,1.3417
14|491|14|491|sample|12|99|12|99|6.0,0.000042624,41486.9,1,12,49900.9875,254.219875,0,0,1,21564.3,21564.6,42944.1,42909.6,-0.0855953,-0.0836347
14|491|14|491|sample|12|99|12|99|6.0,0.00021312,52406.9,2,12,49900.9875,254.219875,0,0,1,21564.3,21564.6,42942.9,42908.9,0.555911,0.558351
14|491|14|491|sample|12|99|12|99|6.0,0.0010656,49303.8,3,12,49900.9875,254.219875,0,0,1,21564.3,21564.6,42926.3,42897.8,0.374756,0.376685
14|491|14|491|sample|12|99|12|99|6.0,0.005328,36736.7,4,12,49900.9875,254.219875,0,0,1,21564.3,21564.6,42704.1,42726.8,-0.352484,-0.353635
14|491|14|491|sample|12|99|12|99|6.0,0.02664,18300.1,5,12,49900.9875,254.219875,0,0,1,21564.3,21564.6,39922.8,40254.7,-1.36619,-1.37573
14|491|14|491|sample|12|99|12|99|6.0,0.1332,5950.49,6,12,49900.9875,254.219875,0,0,1,21564.3,21564.6,21321.8,21331.2,-1.81849,-1.81879
14|491|14|491|sample|12|99|12|99|6.0,0.666,1494.22,7,12,49900.9875,254.219875,0,0,1,21564.3,21564.6,3107.2,2767.58,-1.30943,-1.16058
14|491|14|491|sample|12|99|12|99|6.0,3.33,542.178,8,12,49900.9875,254.219875,0,0,1,21564.3,21564.6,448.459,394.606,0.527141,0.943328
14|491|14|491|sample|11|99|11|99|6.0,0.000042624,44171.4,1,11,49900.9875,254.219875,0,0,1,21564.3,21564.6,42944.1,42909.5,0.072088,0.0741796
14|491|14|491|sample|11|99|11|99|6.0,0.00021312,56738.5,2,11,49900.9875,254.219875,0,0,1,24026.5,24026.8,47816.2,47807,0.470679,0.471254
14|491|14|491|sample|11|99|11|99|6.0,0.0010656,49103.6,3,11,49900.9875,254.219875,0,0,1,24026.5,24026.8,47795.6,47784.4,0.0690313,0.0696398
14|491|14|491|sample|11|99|11|99|6.0,0.005328,43780.1,4,11,49900.9875,254.219875,0,0,1,24026.5,24026.8,47530,47502.3,-0.199008,-0.197653
14|491|14|491|sample|11|99|11|99|6.0,0.02664,23277.8,5,11,49900.9875,254.219875,0,0,1,24026.5,24026.8,44335.7,44229.5,-1.19807,-1.19489
14|491|14|491|sample|11|99|11|99|6.0,0.1332,7411.04,6,11,49900.9875,254.219875,0,0,1,24026.5,24026.8,23745.8,23786.3,-1.7352,-1.73654
14|491|14|491|sample|11|99|11|99|6.0,0.666,2003.82,7,11,49900.9875,254.219875,0,0,1,24026.5,24026.8,3575.07,3692.49,-1.10862,-1.15358
14|491|14|491|sample|11|99|11|99|6.0,3.33,644.735,8,11,49900.9875,254.219875,0,0,1,21564.3,21564.6,466.243,483.951,0.965668,0.838037
14|491|14|491|sample|4|99|4|99|44.0,0.000042624,35471.8,1,4,49900.9875,254.219875,0,0,1,21564.3,21611.6,42944.2,42909.7,-0.438914,-0.437235
14|491|14|491|sample|4|99|4|99|44.0,0.00021312,52725.4,2,4,49900.9875,254.219875,0,0,1,24026.5,24079.2,47817.8,47808.6,0.258885,0.259416
14|491|14|491|sample|4|99|4|99|44.0,0.0010656,53225.9,3,4,49900.9875,254.219875,0,0,1,24763.2,24817.5,49273.3,49267.9,0.202348,0.202642
14|491|14|491|sample|4|99|4|99|44.0,0.005328,47875.1,4,4,49900.9875,254.219875,0,0,1,24983.7,25038.5,49620.6,49577.3,-0.0887336,-0.0866066
14|491|14|491|sample|4|99|4|99|44.0,0.02664,39939.9,5,4,49900.9875,254.219875,0,0,1,24983.7,25038.5,47623.6,47217.9,-0.406977,-0.388803
14|491|14|491|sample|4|99|4|99|44.0,0.1332,18218.2,6,4,49900.9875,254.219875,0,0,1,24763.2,24817.5,24458.1,24528.5,-0.643545,-0.648935
14|491|14|491|sample|4|99|4|99|44.0,0.666,1977.43,7,4,49900.9875,254.219875,0,0,1,24026.5,24079.2,2249.79,2644.04,-0.305367,-0.635954
14|491|14|491|sample|4|99|4|99|44.0,3.33,617.344,8,4,49900.9875,254.219875,0,0,1,21564.3,21611.6,390.055,425.864,1.46985,1.13416
14|491|14|491|sample|3|99|3|99|44.0,0.000042624,38192.7,1,3,49900.9875,254.219875,0,0,1,21564.3,21611.6,42944.2,42909.7,-0.279094,-0.277287
14|491|14|491|sample|3|99|3|99|44.0,0.00021312,53999.4,2,3,49900.9875,254.219875,0,0,1,24026.5,24079.2,47817.7,47808.7,0.326093,0.326631
14|491|14|491|sample|3|99|3|99|44.0,0.0010656,53908.4,3,3,49900.9875,254.219875,0,0,1,24763.2,24817.5,49272.5,49268.8,0.237328,0.237539
14|491|14|491|sample|3|99|3|99|44.0,0.005328,47765.9,4,3,49900.9875,254.219875,0,0,1,24763.2,24817.5,49173.6,49150.4,-0.0722121,-0.0710521
14|491|14|491|sample|3|99|3|99|44.0,0.02664,42487.9,5,3,49900.9875,254.219875,0,0,1,24763.2,24817.5,47092.7,46894.7,-0.246649,-0.23704
14|491|14|491|sample|3|99|3|99|44.0,0.1332,20165.6,6,3,49900.9875,254.219875,0,0,1,24763.2,24817.5,24464.5,24524.5,-0.443245,-0.448332
14|491|14|491|sample|3|99|3|99|44.0,0.666,2372.37,7,3,49900.9875,254.219875,0,0,1,24026.5,24079.2,2355.03,2555.8,0.0185704,-0.181038
14|491|14|491|sample|3|99|3|99|44.0,3.33,565.383,8,3,49900.9875,254.219875,0,0,1,21564.3,21611.6,399.063,417.046,1.0513,0.8972
14|491|14|491|sample|6|99|6|99|44.0,0.000042624,36154.3,1,6,49900.9875,254.219875,0,0,1,21564.3,21611.6,42940.1,42904.8,-0.39862,-0.396872
14|491|14|491|sample|6|99|6|99|44.0,0.00021312,48384.7,2,6,49900.9875,254.219875,0,0,1,24026.5,24079.2,47788.5,47775.3,0.0314722,0.032174
14|491|14|491|sample|6|99|6|99|44.0,0.0010656,49121.8,3,6,49900.9875,254.219875,0,0,1,24763.2,24817.5,49084.7,49062.5,0.00190586,0.00304987
14|491|14|491|sample|6|99|6|99|44.0,0.005328,50359.4,4,6,49900.9875,254.219875,0,0,1,24983.7,25038.5,48504,48424.1,0.0964901,0.100813
14|491|14|491|sample|6|99|6|99|44.0,0.02664,38638.6,5,6,49900.9875,254.219875,0,0,1,24983.7,25038.5,42909.6,42724.1,-0.251073,-0.24121
14|491|14|491|sample|6|99|6|99|44.0,0.1332,18918.9,6,6,49900.9875,254.219875,0,0,1,24763.2,24817.5,24606.7,24639.9,-0.583062,-0.585676
14|491|14|491|sample|6|99|6|99|44.0,0.666,6082.44,7,6,49900.9875,254.219875,0,0,1,24026.5,24079.2,6701.33,6905.29,-0.232956,-0.300582
14|491|14|491|sample|6|99|6|99|44.0,3.33,1701.7,8,6,49900.9875,254.219875,0,0,1,21564.3,21611.6,1324.47,1395.62,0.718424,0.553209
14|491|14|491|sample|5|99|5|99|44.0,0.000042624,41359.5,1,5,49900.9875,254.219875,0,0,1,21564.3,21611.6,42938.4,42905.5,-0.0927524,-0.0908901
14|491|14|491|sample|5|99|5|99|44.0,0.00021312,49767.9,2,5,49900.9875,254.219875,0,0,1,24026.5,24079.2,47779.2,47779.4,0.104993,0.104979
14|491|14|491|sample|5|99|5|99|44.0,0.0010656,48857.9,3,5,49900.9875,254.219875,0,0,1,24763.2,24817.5,49041,49082.2,-0.00941967,-0.011525
14|491|14|491|sample|5|99|5|99|44.0,0.005328,47119.8,4,5,49900.9875,254.219875,0,0,1,24983.7,25038.5,48331.7,48503.2,-0.0632498,-0.0719439
14|491|14|491|sample|5|99|5|99|44.0,0.02664,36381.8,5,5,49900.9875,254.219875,0,0,1,24983.7,25038.5,42500.7,42915.9,-0.36316,-0.384053
14|491|14|491|sample|5|99|5|99|44.0,0.1332,16953.3,6,5,49900.9875,254.219875,0,0,1,24763.2,24817.5,24614.6,24636.7,-0.785112,-0.786675
14|491|14|491|sample|5|99|5|99|44.0,0.666,5673.85,7,5,49900.9875,254.219875,0,0,1,24026.5,24079.2,7092.42,6721.79,-0.504522,-0.393254
14|491|14|491|sample|5|99|5|99|44.0,3.33,1630.72,8,5,49900.9875,254.219875,0,0,1,21564.3,21611.6,1469.94,1328.68,0.275906,0.573408
14|491|14|491|sample|7|99|7|99|63.0,0.000042624,35499.1,1,7,49900.9875,254.219875,0,0,1,21564.3,21564.2,42944.2,42909.7,-0.437311,-0.435631
14|491|14|491|sample|7|99|7|99|63.0,0.00021312,44253.3,2,7,49900.9875,254.219875,0,0,1,24026.5,24026.3,47817.9,47809,-0.188038,-0.187601
14|491|14|491|sample|7|99|7|99|63.0,0.0010656,33642.7,3,7,49900.9875,254.219875,0,0,1,24763.2,24763,49277.3,49275,-0.800316,-0.800237
14|491|14|491|sample|7|99|7|99|63.0,0.005328,15679.3,4,7,49900.9875,254.219875,0,0,1,24983.7,24983.5,49714.2,49713.5,-1.7269,-1.72689
14|491|14|491|sample|7|99|7|99|63.0,0.02664,1933.75,5,7,49900.9875,254.219875,0,0,1,24983.7,24983.5,49701.3,49631.8,-2.42431,-2.42417
14|491|14|491|sample|7|99|7|99|63.0,0.1332,456.638,6,7,49900.9875,254.219875,0,0,1,24763.2,24763,23808.5,24130.7,-2.47407,-2.47472
14|491|14|491|sample|7|99|7|99|63.0,0.666,325.689,7,7,49900.9875,254.219875,0,0,1,24026.5,24026.3,254.302,314.648,0.708098,0.0885127
14|491|14|491|sample|7|99|7|99|63.0,3.33,292.383,8,7,49900.9875,254.219875,0,0,1,21564.3,21564.2,218.835,218.757,0.847765,0.848966
14|491|14|491|sample|8|99|8|99|63.0,0.000042624,40840.8,1,8,49900.9875,254.219875,0,0,1,21564.3,21564.2,42944.2,42909.7,-0.123551,-0.121619
14|491|14|491|sample|8|99|8|99|63.0,0.00021312,50404.9,2,8,49900.9875,254.219875,0,0,1,24026.5,24026.3,47817.9,47809,0.136466,0.136964
14|491|14|491|sample|8|99|8|99|63.0,0.0010656,39821.6,3,8,49900.9875,254.219875,0,0,1,24763.2,24763,49277.3,49275,-0.484025,-0.483931
14|491|14|491|sample|8|99|8|99|63.0,0.005328,16543.8,4,8,49900.9875,254.219875,0,0,1,24983.7,24983.5,49714.2,49713.5,-1.68303,-1.68302
14|491|14|491|sample|8|99|8|99|63.0,0.02664,1856.4,5,8,49900.9875,254.219875,0,0,1,24983.7,24983.5,49688.8,49608.8,-2.42821,-2.42806
14|491|14|491|sample|8|99|8|99|63.0,0.1332,467.194,6,8,49900.9875,254.219875,0,0,1,24763.2,24763,23886.7,24155.2,-2.47311,-2.47366
14|491|14|491|sample|8|99|8|99|63.0,0.666,353.808,7,8,49900.9875,254.219875,0,0,1,24026.5,24026.3,264.831,335.002,0.84749,0.141605
14|491|14|491|sample|8|99|8|99|63.0,3.33,309.764,8,8,49900.9875,254.219875,0,0,1,21564.3,21564.2,218.842,218.823,1.048,1.04831
14|491|14|491|cc|1|1|99|1|99|69.0,0,227.591,1,1,49900.9875,254.219875,0,1,0,nan,nan,218.779,218.603,0.101602,0.103716
14|491|14|491|cc|2|1|99|1|99|69.0,0,260.442,2,1,49900.9875,254.219875,0,1,0,nan,nan,218.779,218.603,0.480363,0.482782
14|491|14|491|cc|3|1|99|1|99|69.0,0,264.992,3,1,49900.9875,254.219875,0,1,0,nan,nan,218.779,218.603,0.532823,0.535285
14|491|14|491|cc|4|1|99|1|99|69.0,0,244.335,4,1,49900.9875,254.219875,0,1,0,nan,nan,218.779,218.603,0.294655,0.296924
14|491|14|491|cc|5|1|99|1|99|69.0,0,253.253,5,1,49900.9875,254.219875,0,1,0,nan,nan,218.779,218.603,0.397476,0.399829
14|491|14|491|cc|6|1|99|1|99|69.0,0,262.808,6,1,49900.9875,254.219875,0,1,0,nan,nan,218.779,218.603,0.507642,0.510084
14|491|14|491|cc|7|1|99|1|99|69.0,0,249.795,7,1,49900.9875,254.219875,0,1,0,nan,nan,218.779,218.603,0.357607,0.359927
14|491|14|491|cc|8|1|99|1|99|69.0,0,270.543,8,1,49900.9875,254.219875,0,1,0,nan,nan,218.779,218.603,0.596825,0.599338
14|491|14|491|vc|1|2|99|2|99|69.0,0,42023.8,1,2,49900.9875,254.219875,1,0,0,nan,nan,42944.2,42909.7,-0.0540645,-0.0520759
14|491|14|491|vc|2|2|99|2|99|69.0,0,56483.7,2,2,49900.9875,254.219875,1,0,0,nan,nan,47817.9,47809,0.45713,0.457687
14|491|14|491|vc|3|2|99|2|99|69.0,0,54518.1,3,2,49900.9875,254.219875,1,0,0,nan,nan,47817.9,47809,0.353442,0.35398
14|491|14|491|vc|4|2|99|2|99|69.0,0,52652.6,4,2,49900.9875,254.219875,1,0,0,nan,nan,47817.9,47809,0.255035,0.255554
14|491|14|491|vc|5|2|99|2|99|69.0,0,47975.2,5,2,49900.9875,254.219875,1,0,0,nan,nan,47817.9,47809,0.00829686,0.00877011
14|491|14|491|vc|6|2|99|2|99|69.0,0,53107.6,6,2,49900.9875,254.219875,1,0,0,nan,nan,47817.9,47809,0.279037,0.279561
14|491|14|491|vc|7|2|99|2|99|69.0,0,50341.2,7,2,49900.9875,254.219875,1,0,0,nan,nan,47817.9,47809,0.133106,0.133603
14|491|14|491|vc|8|2|99|2|99|69.0,0,42105.7,8,2,49900.9875,254.219875,1,0,0,nan,nan,42944.2,42909.7,-0.0492539,-0.0472614
14|433|14|433|sample|4|99|4|99|6.0,0.0004262399999999,18573.6,1,4,65832.0875,335.306375,0,0,1,28448.7,28449,56651.7,56605.5,-1.69545,-1.69477
14|433|14|433|sample|4|99|4|99|6.0,0.0021311999999999,25709.1,2,4,65832.0875,335.306375,0,0,1,31696.9,31697.2,63035.5,63015.7,-1.49367,-1.49334
14|433|14|433|sample|4|99|4|99|6.0,0.0106559999999999,25041.7,3,4,65832.0875,335.306375,0,0,1,32668.9,32669.2,64197.9,64118.6,-1.53852,-1.5373
14|433|14|433|sample|4|99|4|99|6.0,0.0532799999999999,14086.4,4,4,65832.0875,335.306375,0,0,1,32959.7,32960,54322,54036.1,-1.86835,-1.86488
14|433|14|433|sample|4|99|4|99|6.0,0.2663999999999999,4147.11,5,4,65832.0875,335.306375,0,0,1,32959.7,32960,15075.8,15426.9,-1.82857,-1.84436
14|433|14|433|sample|4|99|4|99|6.0,1.332,1302.85,6,4,65832.0875,335.306375,0,0,1,32668.9,32669.2,1461.38,1567.28,-0.273637,-0.425582
14|433|14|433|sample|4|99|4|99|6.0,6.66,645.816,7,4,65832.0875,335.306375,0,0,1,31696.9,31697.2,390.158,401.221,1.65288,1.53776
14|433|14|433|sample|4|99|4|99|6.0,33.3,320.139,8,4,65832.0875,335.306375,0,0,1,28448.7,28449,293.187,293.832,0.231886,0.225841
14|433|14|433|sample|3|99|3|99|6.0,0.0004262399999999,26170.6,1,3,65832.0875,335.306375,0,0,1,28448.7,28449,56653.6,56608.4,-1.35723,-1.3563
14|433|14|433|sample|3|99|3|99|6.0,0.0021311999999999,45518.1,2,3,65832.0875,335.306375,0,0,1,31696.9,31697.2,63063.6,63060.5,-0.701795,-0.701706
14|433|14|433|sample|3|99|3|99|6.0,0.0106559999999999,34442.1,3,3,65832.0875,335.306375,0,0,1,32668.9,32669.2,64528.9,64664.3,-1.1761,-1.17892
14|433|14|433|sample|3|99|3|99|6.0,0.0532799999999999,16500.4,4,3,65832.0875,335.306375,0,0,1,32668.9,32669.2,55492.3,56465.5,-1.77241,-1.78534
14|433|14|433|sample|3|99|3|99|6.0,0.2663999999999999,3434.27,5,3,65832.0875,335.306375,0,0,1,32668.9,32669.2,13323.7,12408.1,-1.87227,-1.8243
14|433|14|433|sample|3|99|3|99|6.0,1.332,949.98,6,3,65832.0875,335.306375,0,0,1,32668.9,32669.2,1029.58,846.71,-0.195023,0.307652
14|433|14|433|sample|3|99|3|99|6.0,6.66,539.103,7,3,65832.0875,335.306375,0,0,1,31696.9,31697.2,351.981,339.84,1.341,1.47902
14|433|14|433|sample|3|99|3|99|6.0,33.3,314.246,8,3,65832.0875,335.306375,0,0,1,28448.7,28449,290.629,289.792,0.204977,0.212858
14|433|14|433|sample|6|99|6|99|6.0,0.0004262399999999,65149.6,1,6,65832.0875,335.306375,0,0,1,28448.7,28449,54267,55354.8,0.505848,0.446336
14|433|14|433|sample|6|99|6|99|6.0,0.0021311999999999,73130,2,6,65832.0875,335.306375,0,0,1,31696.9,31697.2,57058.5,59194.8,0.710491,0.593817
14|433|14|433|sample|6|99|6|99|6.0,0.0106559999999999,74976,3,6,65832.0875,335.306375,0,0,1,32668.9,32669.2,51867.3,54657.9,1.12384,0.937674
14|433|14|433|sample|6|99|6|99|6.0,0.0532799999999999,61429.2,4,6,65832.0875,335.306375,0,0,1,32959.7,32960,40805.1,42406.5,1.27492,1.13152
14|433|14|433|sample|6|99|6|99|6.0,0.2663999999999999,40541,5,6,65832.0875,335.306375,0,0,1,32959.7,32960,26749.2,25494.9,1.30056,1.48866
14|433|14|433|sample|6|99|6|99|6.0,1.332,19603.1,6,6,65832.0875,335.306375,0,0,1,32668.9,32669.2,14608.3,11863.5,0.862457,1.64562
14|433|14|433|sample|6|99|6|99|6.0,6.66,5439.31,7,6,65832.0875,335.306375,0,0,1,31696.9,31697.2,6944.74,4701.49,-0.546799,0.395858
14|433|14|433|sample|6|99|6|99|6.0,33.3,1010.33,8,6,65832.0875,335.306375,0,0,1,28448.7,28449,2928.88,1713.23,-1.65232,-1.0349
14|433|14|433|sample|5|99|5|99|6.0,0.0004262399999999,40661.7,1,5,65832.0875,335.306375,0,0,1,28448.7,28449,55597.5,55458.1,-0.677634,-0.672998
14|433|14|433|sample|5|99|5|99|6.0,0.0021311999999999,50843.1,2,5,65832.0875,335.306375,0,0,1,31696.9,31697.2,59638.8,59418.3,-0.372016,-0.364039
14|433|14|433|sample|5|99|5|99|6.0,0.0106559999999999,60903.8,3,5,65832.0875,335.306375,0,0,1,32668.9,32669.2,55304.3,54988.3,0.255394,0.271359
14|433|14|433|sample|5|99|5|99|6.0,0.0532799999999999,53569.5,4,5,65832.0875,335.306375,0,0,1,32959.7,32960,42799.4,42613,0.634756,0.648563
14|433|14|433|sample|5|99|5|99|6.0,0.2663999999999999,35528.4,5,5,65832.0875,335.306375,0,0,1,32959.7,32960,25135.8,25327.8,1.04293,1.0159
14|433|14|433|sample|5|99|5|99|6.0,1.332,17671.9,6,5,65832.0875,335.306375,0,0,1,32668.9,32669.2,11188.7,11531.1,1.46163,1.34331
14|433|14|433|sample|5|99|5|99|6.0,6.66,5317.19,7,5,65832.0875,335.306375,0,0,1,31696.9,31697.2,4228.28,4462.73,0.64961,0.482964
14|433|14|433|sample|5|99|5|99|6.0,33.3,1019.56,8,5,65832.0875,335.306375,0,0,1,28448.7,28449,1493.85,1600.13,-0.800868,-0.915216
14|433|14|433|sample|8|99|8|99|6.0,0.0004262399999999,61280.1,1,8,65832.0875,335.306375,0,0,1,28448.7,28449,56654.4,56608.8,0.205954,0.208152
14|433|14|433|sample|8|99|8|99|6.0,0.0021311999999999,55891.2,2,8,65832.0875,335.306375,0,0,1,31696.9,31697.2,63084,63072.2,-0.287608,-0.28719
14|433|14|433|sample|8|99|8|99|6.0,0.0106559999999999,30586.8,3,8,65832.0875,335.306375,0,0,1,32668.9,32669.2,65009.2,65006.2,-1.33564,-1.33558
14|433|14|433|sample|8|99|8|99|6.0,0.0532799999999999,6215.34,4,8,65832.0875,335.306375,0,0,1,32959.7,32960,65310.9,65422,-2.2824,-2.28281
14|433|14|433|sample|8|99|8|99|6.0,0.2663999999999999,927.26,5,8,65832.0875,335.306375,0,0,1,32959.7,32960,1212.81,934.499,-0.5939,-0.0195407
14|433|14|433|sample|8|99|8|99|6.0,1.332,454.755,6,8,65832.0875,335.306375,0,0,1,32668.9,32669.2,332.213,332.161,0.930441,0.930983
14|433|14|433|sample|8|99|8|99|6.0,6.66,339.522,7,8,65832.0875,335.306375,0,0,1,31696.9,31697.2,322.326,322.265,0.134575,0.135072
14|433|14|433|sample|8|99|8|99|6.0,33.3,323.334,8,8,65832.0875,335.306375,0,0,1,28448.7,28449,289.474,289.241,0.295056,0.297326
14|433|14|433|sample|7|99|7|99|6.0,0.0004262399999999,54883,1,7,65832.0875,335.306375,0,0,1,28448.7,28449,56654.4,56608.8,-0.0788674,-0.0768987
14|433|14|433|sample|7|99|7|99|6.0,0.0021311999999999,56111.3,2,7,65832.0875,335.306375,0,0,1,31696.9,31697.2,63084,63072.2,-0.278807,-0.278388
14|433|14|433|sample|7|99|7|99|6.0,0.0106559999999999,33270.6,3,7,65832.0875,335.306375,0,0,1,32668.9,32669.2,65009.2,65006.2,-1.2315,-1.23144
14|433|14|433|sample|7|99|7|99|6.0,0.0532799999999999,5974.65,4,7,65832.0875,335.306375,0,0,1,32959.7,32960,65472.8,65515.4,-2.29227,-2.29242
14|433|14|433|sample|7|99|7|99|6.0,0.2663999999999999,577.869,5,7,65832.0875,335.306375,0,0,1,32959.7,32960,773.565,644.094,-0.638129,-0.259354
14|433|14|433|sample|7|99|7|99|6.0,1.332,365.011,6,7,65832.0875,335.306375,0,0,1,32668.9,32669.2,332.168,332.149,0.249409,0.249566
14|433|14|433|sample|7|99|7|99|6.0,6.66,424.367,7,7,65832.0875,335.306375,0,0,1,31696.9,31697.2,322.326,322.265,0.798553,0.799175
14|433|14|433|sample|7|99|7|99|6.0,33.3,281.373,8,7,65832.0875,335.306375,0,0,1,28448.7,28449,289.474,289.241,-0.0705886,-0.0686132
14|433|14|433|sample|10|99|10|99|6.0,0.0004262399999999,31360.7,1,10,65832.0875,335.306375,0,0,1,28448.7,28449,56642.2,56599.5,-1.12586,-1.12481
14|433|14|433|sample|10|99|10|99|6.0,0.0021311999999999,58816.4,2,10,65832.0875,335.306375,0,0,1,31696.9,31697.2,62939.3,62953.7,-0.165237,-0.165774
14|433|14|433|sample|10|99|10|99|6.0,0.0106559999999999,57680.4,3,10,65832.0875,335.306375,0,0,1,32668.9,32669.2,63447.4,63621.4,-0.229276,-0.235547
14|433|14|433|sample|10|99|10|99|6.0,0.0532799999999999,37750.7,4,10,65832.0875,335.306375,0,0,1,32668.9,32669.2,51458.1,51945,-0.671929,-0.689275
14|433|14|433|sample|10|99|10|99|6.0,0.2663999999999999,13788.2,5,10,65832.0875,335.306375,0,0,1,32668.9,32669.2,17179.3,16802.6,-0.497914,-0.452532
14|433|14|433|sample|10|99|10|99|6.0,1.332,2433.88,6,10,65832.0875,335.306375,0,0,1,32668.9,32669.2,2391.3,2188.09,0.0449185,0.283346
14|433|14|433|sample|10|99|10|99|6.0,6.66,591.785,7,10,65832.0875,335.306375,0,0,1,31696.9,31697.2,514.418,482.162,0.37937,0.573499
14|433|14|433|sample|10|99|10|99|6.0,33.3,301.324,8,10,65832.0875,335.306375,0,0,1,28448.7,28449,305.624,301.679,-0.0354929,-0.0029651
14|433|14|433|sample|9|99|9|99|6.0,0.0004262399999999,46568.9,1,9,65832.0875,335.306375,0,0,1,28448.7,28449,56635.1,56591.6,-0.448334,-0.446742
14|433|14|433|sample|9|99|9|99|6.0,0.0021311999999999,57119.5,2,9,65832.0875,335.306375,0,0,1,31696.9,31697.2,62882.4,62887.3,-0.231173,-0.231349
14|433|14|433|sample|9|99|9|99|6.0,0.0106559999999999,58440.1,3,9,65832.0875,335.306375,0,0,1,32668.9,32669.2,63106.8,63200.7,-0.186534,-0.190003
14|433|14|433|sample|9|99|9|99|6.0,0.0532799999999999,38737.6,4,9,65832.0875,335.306375,0,0,1,32959.7,32960,51111.5,51349.3,-0.610677,-0.619529
14|433|14|433|sample|9|99|9|99|6.0,0.2663999999999999,12354,5,9,65832.0875,335.306375,0,0,1,32959.7,32960,18060,17916.1,-0.796961,-0.783101
14|433|14|433|sample|9|99|9|99|6.0,1.332,2364.3,6,9,65832.0875,335.306375,0,0,1,32668.9,32669.2,2798.8,2697.28,-0.391597,-0.311395
14|433|14|433|sample|9|99|9|99|6.0,6.66,789.52,7,9,65832.0875,335.306375,0,0,1,31696.9,31697.2,585.774,566.451,0.877366,0.993343
14|433|14|433|sample|9|99|9|99|6.0,33.3,317.938,8,9,65832.0875,335.306375,0,0,1,28448.7,28449,314.722,311.876,0.0257774,0.0490323
14|433|14|433|sample|11|99|11|99|6.0,0.0004262399999999,43515.9,1,11,65832.0875,335.306375,0,0,1,28448.7,28449,56055,56204.4,-0.564255,-0.569459
14|433|14|433|sample|11|99|11|99|6.0,0.0021311999999999,62373.5,2,11,65832.0875,335.306375,0,0,1,31696.9,31697.2,60763.1,61311.8,0.0668509,0.0436811
14|433|14|433|sample|11|99|11|99|6.0,0.0106559999999999,67521,3,11,65832.0875,335.306375,0,0,1,31696.9,31697.2,55512.4,56589.9,0.545666,0.487246
14|433|14|433|sample|11|99|11|99|6.0,0.0532799999999999,55564.6,4,11,65832.0875,335.306375,0,0,1,31696.9,31697.2,42439.7,43307.2,0.780093,0.71394
14|433|14|433|sample|11|99|11|99|6.0,0.2663999999999999,31311,5,11,65832.0875,335.306375,0,0,1,31696.9,31697.2,23134.4,22454.5,0.891538,0.994906
14|433|14|433|sample|11|99|11|99|6.0,1.332,10174.3,6,11,65832.0875,335.306375,0,0,1,31696.9,31697.2,8970.88,7859.92,0.338379,0.742745
14|433|14|433|sample|11|99|11|99|6.0,6.66,2837.16,7,11,65832.0875,335.306375,0,0,1,31696.9,31697.2,3009.65,2397.65,-0.144567,0.462391
14|433|14|433|sample|11|99|11|99|6.0,33.3,710.71,8,11,65832.0875,335.306375,0,0,1,28448.7,28449,986.462,767.799,-0.705117,-0.187555
14|433|14|433|sample|12|99|12|99|6.0,0.0004262399999999,65518.8,1,12,65832.0875,335.306375,0,0,1,28448.7,28449,56277.9,56196.6,0.414187,0.418438
14|433|14|433|sample|12|99|12|99|6.0,0.0021311999999999,57069.8,2,12,65832.0875,335.306375,0,0,1,28448.7,28449,55150.9,55007.4,0.0877632,0.0945761
14|433|14|433|sample|12|99|12|99|6.0,0.0106559999999999,51766.1,3,12,65832.0875,335.306375,0,0,1,28448.7,28449,50991,50746.6,0.0383431,0.0506751
14|433|14|433|sample|12|99|12|99|6.0,0.0532799999999999,43111.2,4,12,65832.0875,335.306375,0,0,1,28448.7,28449,39020.4,38832.4,0.264449,0.277942
14|433|14|433|sample|12|99|12|99|6.0,0.2663999999999999,23955.4,5,12,65832.0875,335.306375,0,0,1,28448.7,28449,20026.4,20183.9,0.494876,0.471341
14|433|14|433|sample|12|99|12|99|6.0,1.332,8768.5,6,12,65832.0875,335.306375,0,0,1,28448.7,28449,6870.82,7100.81,0.696686,0.592419
14|433|14|433|sample|12|99|12|99|6.0,6.66,2399.8,7,12,65832.0875,335.306375,0,0,1,28448.7,28449,2060.14,2175.79,0.415884,0.259696
14|433|14|433|sample|12|99|12|99|6.0,33.3,844.9,8,12,65832.0875,335.306375,0,0,1,28448.7,28449,734.43,776.685,0.379417,0.221541
14|433|14|433|cc|1|1|99|1|99|69.0,0,319.642,1,1,65832.0875,335.306375,0,1,0,nan,nan,288.561,288.329,0.271694,0.273945
14|433|14|433|cc|2|1|99|1|99|69.0,0,340.374,2,1,65832.0875,335.306375,0,1,0,nan,nan,288.561,288.329,0.452923,0.45532
14|433|14|433|cc|3|1|99|1|99|69.0,0,348.752,3,1,65832.0875,335.306375,0,1,0,nan,nan,288.561,288.329,0.526159,0.528615
14|433|14|433|cc|4|1|99|1|99|69.0,0,338.741,4,1,65832.0875,335.306375,0,1,0,nan,nan,288.561,288.329,0.438648,0.441033
14|433|14|433|cc|5|1|99|1|99|69.0,0,329.724,5,1,65832.0875,335.306375,0,1,0,nan,nan,288.561,288.329,0.359826,0.362148
14|433|14|433|cc|6|1|99|1|99|69.0,0,337.818,6,1,65832.0875,335.306375,0,1,0,nan,nan,288.561,288.329,0.430579,0.432959
14|433|14|433|cc|7|1|99|1|99|69.0,0,329.582,7,1,65832.0875,335.306375,0,1,0,nan,nan,288.561,288.329,0.358585,0.360906
14|433|14|433|cc|8|1|99|1|99|69.0,0,337.818,8,1,65832.0875,335.306375,0,1,0,nan,nan,288.561,288.329,0.430579,0.432959
14|433|14|433|vc|1|2|99|2|99|69.0,0,52327,1,2,65832.0875,335.306375,1,0,0,nan,nan,56654.4,56608.8,-0.192669,-0.190792
14|433|14|433|vc|2|2|99|2|99|69.0,0,69473.5,2,2,65832.0875,335.306375,1,0,0,nan,nan,63084,63072.2,0.255488,0.256008
14|433|14|433|vc|3|2|99|2|99|69.0,0,77603,3,2,65832.0875,335.306375,1,0,0,nan,nan,63084,63072.2,0.580551,0.581131
14|433|14|433|vc|4|2|99|2|99|69.0,0,71994,4,2,65832.0875,335.306375,1,0,0,nan,nan,63084,63072.2,0.356272,0.35681
14|433|14|433|vc|5|2|99|2|99|69.0,0,73840,5,2,65832.0875,335.306375,1,0,0,nan,nan,63084,63072.2,0.430085,0.430637
14|433|14|433|vc|6|2|99|2|99|69.0,0,76183,6,2,65832.0875,335.306375,1,0,0,nan,nan,63084,63072.2,0.523771,0.524341
14|433|14|433|vc|7|2|99|2|99|69.0,0,65071.5,7,2,65832.0875,335.306375,1,0,0,nan,nan,63084,63072.2,0.0794717,0.0799583
14|433|14|433|vc|8|2|99|2|99|69.0,0,40164.7,8,2,65832.0875,335.306375,1,0,0,nan,nan,56654.4,56608.8,-0.734177,-0.732737
14|297|14|297|sample|3|71|3|71|6.0,0.0004262399999999,55309,1,3,70106.2875,362.242,0,0,1,30298,30298.2,59693.4,59642.5,-0.185269,-0.183275
14|297|14|297|sample|3|71|3|71|6.0,0.0021311999999999,72491,2,3,70106.2875,362.242,0,0,1,33757.4,33757.5,64705.3,64686.8,0.303514,0.304325
14|297|14|297|sample|3|71|3|71|6.0,0.0106559999999999,70659.2,3,3,70106.2875,362.242,0,0,1,34792.5,34792.7,60915.5,60905.6,0.403475,0.403952
14|297|14|297|sample|3|71|3|71|6.0,0.0532799999999999,52476.1,4,3,70106.2875,362.242,0,0,1,34792.5,34792.7,46571.7,46581.2,0.319797,0.319216
14|297|14|297|sample|3|71|3|71|6.0,0.2663999999999999,29912.3,5,3,70106.2875,362.242,0,0,1,34792.5,34792.7,25394.8,25433.7,0.448716,0.444179
14|297|14|297|sample|3|71|3|71|6.0,1.332,13830.8,6,3,70106.2875,362.242,0,0,1,34792.5,34792.7,9854.96,9889.38,1.01765,1.00532
14|297|14|297|sample|3|71|3|71|6.0,6.66,3814.83,7,3,70106.2875,362.242,0,0,1,33757.4,33757.5,3212.89,3228.78,0.472581,0.457848
14|297|14|297|sample|3|71|3|71|6.0,33.3,936.49,8,3,70106.2875,362.242,0,0,1,30298,30298.2,1055.93,1060.78,-0.285318,-0.295545
14|297|14|297|sample|4|71|4|71|6.0,0.0004262399999999,51006.4,1,4,70106.2875,362.242,0,0,1,30298,30298.2,59482.8,59576.3,-0.359452,-0.362849
14|297|14|297|sample|4|71|4|71|6.0,0.0021311999999999,75118,2,4,70106.2875,362.242,0,0,1,33757.4,33757.5,64161.1,64510.5,0.430763,0.414767
14|297|14|297|sample|4|71|4|71|6.0,0.0106559999999999,72491,3,4,70106.2875,362.242,0,0,1,34792.5,34792.7,59946.9,60582,0.52783,0.495855
14|297|14|297|sample|4|71|4|71|6.0,0.0532799999999999,54251.1,4,4,70106.2875,362.242,0,0,1,35102.2,35102.4,46283.9,46755.4,0.43421,0.404391
14|297|14|297|sample|4|71|4|71|6.0,0.2663999999999999,30025.9,5,4,70106.2875,362.242,0,0,1,35102.2,35102.4,26195.6,25857.1,0.368828,0.406681
14|297|14|297|sample|4|71|4|71|6.0,1.332,13404.8,6,4,70106.2875,362.242,0,0,1,34792.5,34792.7,10850.6,10223.4,0.593787,0.784947
14|297|14|297|sample|4|71|4|71|6.0,6.66,4392.77,7,4,70106.2875,362.242,0,0,1,33757.4,33757.5,3806.39,3422.06,0.388589,0.715524
14|297|14|297|sample|4|71|4|71|6.0,33.3,942.88,8,4,70106.2875,362.242,0,0,1,30298,30298.2,1290.86,1135.03,-0.67998,-0.427028
14|297|14|297|sample|5|71|5|71|6.0,0.0004262399999999,54400.2,1,5,70106.2875,362.242,0,0,1,30298,30298.2,60332.7,60284.1,-0.248032,-0.2462
14|297|14|297|sample|5|71|5|71|6.0,0.0021311999999999,68948.1,2,5,70106.2875,362.242,0,0,1,33757.4,33757.5,67179.8,67167.2,0.0663968,0.0668809
14|297|14|297|sample|5|71|5|71|6.0,0.0106559999999999,55351.6,3,5,70106.2875,362.242,0,0,1,34792.5,34792.7,69229.9,69226.8,-0.505669,-0.505577
14|297|14|297|sample|5|71|5|71|6.0,0.0532799999999999,17331.1,4,5,70106.2875,362.242,0,0,1,35102.2,35102.4,69411.9,69454,-1.89263,-1.89301
14|297|14|297|sample|5|71|5|71|6.0,0.2663999999999999,1604.6,5,5,70106.2875,362.242,0,0,1,35102.2,35102.4,1626.91,1554.35,-0.0345898,0.0815538
14|297|14|297|sample|5|71|5|71|6.0,1.332,594.909,6,5,70106.2875,362.242,0,0,1,34792.5,34792.7,358.697,358.651,1.6611,1.66165
14|297|14|297|sample|5|71|5|71|6.0,6.66,373.886,7,5,70106.2875,362.242,0,0,1,33757.4,33757.5,347.93,347.865,0.188175,0.188682
14|297|14|297|sample|5|71|5|71|6.0,33.3,516.383,8,5,70106.2875,362.242,0,0,1,30298,30298.2,312.469,312.217,1.64613,1.64949
14|297|14|297|sample|6|71|6|71|6.0,0.0004262399999999,58844.8,1,6,70106.2875,362.242,0,0,1,30298,30298.2,60332.7,60284.1,-0.0622079,-0.0602258
14|297|14|297|sample|6|71|6|71|6.0,0.0021311999999999,70254.5,2,6,70106.2875,362.242,0,0,1,33757.4,33757.5,67179.8,67167.2,0.115449,0.115942
14|297|14|297|sample|6|71|6|71|6.0,0.0106559999999999,54833.3,3,6,70106.2875,362.242,0,0,1,34792.5,34792.7,69229.7,69226.8,-0.524547,-0.524462
14|297|14|297|sample|6|71|6|71|6.0,0.0532799999999999,19312,4,6,70106.2875,362.242,0,0,1,35102.2,35102.4,69048.8,69379.7,-1.81696,-1.82032
14|297|14|297|sample|6|71|6|71|6.0,0.2663999999999999,1794.17,5,6,70106.2875,362.242,0,0,1,35102.2,35102.4,2390.52,1726.51,-0.629259,0.0988481
14|297|14|297|sample|6|71|6|71|6.0,1.332,462.352,6,6,70106.2875,362.242,0,0,1,34792.5,34792.7,359.27,358.718,0.723744,0.728739
14|297|14|297|sample|6|71|6|71|6.0,6.66,367.567,7,6,70106.2875,362.242,0,0,1,33757.4,33757.5,347.931,347.865,0.142361,0.142861
14|297|14|297|sample|6|71|6|71|6.0,33.3,426.71,8,6,70106.2875,362.242,0,0,1,30298,30298.2,312.469,312.217,0.922229,0.925004
14|297|14|297|sample|8|71|8|71|6.0,0.0004262399999999,61294.3,1,8,70106.2875,362.242,0,0,1,30298,30298.2,60332.7,60284.1,0.0402034,0.0422679
14|297|14|297|sample|8|71|8|71|6.0,0.0021311999999999,72846,2,8,70106.2875,362.242,0,0,1,33757.4,33757.5,67179.3,67166.9,0.212773,0.213278
14|297|14|297|sample|8|71|8|71|6.0,0.0106559999999999,68756.4,3,8,70106.2875,362.242,0,0,1,34792.5,34792.7,69180.8,69189.2,-0.0154743,-0.0157786
14|297|14|297|sample|8|71|8|71|6.0,0.0532799999999999,42181.1,4,8,70106.2875,362.242,0,0,1,35102.2,35102.4,65040.3,65469.9,-0.886546,-0.89728
14|297|14|297|sample|8|71|8|71|6.0,0.2663999999999999,9130.6,5,8,70106.2875,362.242,0,0,1,35102.2,35102.4,8333.65,7871.58,0.241222,0.403454
14|297|14|297|sample|8|71|8|71|6.0,1.332,410.451,6,8,70106.2875,362.242,0,0,1,34792.5,34792.7,444.358,426.396,-0.192475,-0.0943253
14|297|14|297|sample|8|71|8|71|6.0,6.66,337.889,7,8,70106.2875,362.242,0,0,1,33757.4,33757.5,348.733,348.402,-0.0784357,-0.0761134
14|297|14|297|sample|8|71|8|71|6.0,33.3,468.103,8,8,70106.2875,362.242,0,0,1,30298,30298.2,312.476,312.221,1.2563,1.25938
14|297|14|297|sample|7|71|7|71|6.0,0.0004262399999999,64979.2,1,7,70106.2875,362.242,0,0,1,30298,30298.2,60332.7,60284.1,0.194265,0.196454
14|297|14|297|sample|7|71|7|71|6.0,0.0021311999999999,77106,2,7,70106.2875,362.242,0,0,1,33757.4,33757.5,67179.6,67167.1,0.372716,0.373252
14|297|14|297|sample|7|71|7|71|6.0,0.0106559999999999,70815.4,3,7,70106.2875,362.242,0,0,1,34792.5,34792.7,69201.3,69210.6,0.0588372,0.0584891
14|297|14|297|sample|7|71|7|71|6.0,0.0532799999999999,42557.4,4,7,70106.2875,362.242,0,0,1,35102.2,35102.4,65834.8,66556.4,-0.891869,-0.90955
14|297|14|297|sample|7|71|7|71|6.0,0.2663999999999999,7114.2,5,7,70106.2875,362.242,0,0,1,35102.2,35102.4,7324.24,6429.95,-0.0723382,0.268431
14|297|14|297|sample|7|71|7|71|6.0,1.332,389.932,6,7,70106.2875,362.242,0,0,1,34792.5,34792.7,410.812,389.831,-0.128206,0.000656591
14|297|14|297|sample|7|71|7|71|6.0,6.66,352.728,7,7,70106.2875,362.242,0,0,1,33757.4,33757.5,348.276,348.01,0.0322408,0.0341994
14|297|14|297|sample|7|71|7|71|6.0,33.3,565.941,8,7,70106.2875,362.242,0,0,1,30298,30298.2,312.471,312.218,2.04616,2.04986
14|297|14|297|sample|9|71|9|71|6.0,0.0004262399999999,53569.5,1,9,70106.2875,362.242,0,0,1,30298,30298.2,60332.7,60284.1,-0.282763,-0.280958
14|297|14|297|sample|9|71|9|71|6.0,0.0021311999999999,69849.8,2,9,70106.2875,362.242,0,0,1,33757.4,33757.5,67179.8,67167.2,0.100254,0.100744
14|297|14|297|sample|9|71|9|71|6.0,0.0106559999999999,60435.2,3,9,70106.2875,362.242,0,0,1,34792.5,34792.7,69229.8,69226.8,-0.32044,-0.320343
14|297|14|297|sample|9|71|9|71|6.0,0.0532799999999999,28172.8,4,9,70106.2875,362.242,0,0,1,35102.2,35102.4,69193.6,69386.8,-1.49541,-1.49827
14|297|14|297|sample|9|71|9|71|6.0,0.2663999999999999,1777.13,5,9,70106.2875,362.242,0,0,1,35102.2,35102.4,2098.66,1710.45,-0.386459,0.098341
14|297|14|297|sample|9|71|9|71|6.0,1.332,364.656,6,9,70106.2875,362.242,0,0,1,34792.5,34792.7,358.976,358.711,0.0399091,0.0418072
14|297|14|297|sample|9|71|9|71|6.0,6.66,346.622,7,9,70106.2875,362.242,0,0,1,33757.4,33757.5,347.93,347.865,-0.00948638,-0.00901587
14|297|14|297|sample|9|71|9|71|6.0,33.3,410.167,8,9,70106.2875,362.242,0,0,1,30298,30298.2,312.469,312.217,0.788683,0.791351
14|297|14|297|sample|10|71|10|71|6.0,0.0004262399999999,55458.1,1,10,70106.2875,362.242,0,0,1,30298,30298.2,60332.7,60284.1,-0.203802,-0.201934
14|297|14|297|sample|10|71|10|71|6.0,0.0021311999999999,69594.2,2,10,70106.2875,362.242,0,0,1,33757.4,33757.5,67179.8,67167.2,0.0906564,0.091145
14|297|14|297|sample|10|71|10|71|6.0,0.0106559999999999,58702.8,3,10,70106.2875,362.242,0,0,1,34792.5,34792.7,69229.8,69226.7,-0.38356,-0.383466
14|297|14|297|sample|10|71|10|71|6.0,0.0532799999999999,24374.3,4,10,70106.2875,362.242,0,0,1,34792.5,34792.7,68496.6,68707.6,-1.62484,-1.6276
14|297|14|297|sample|10|71|10|71|6.0,0.2663999999999999,1924.81,5,10,70106.2875,362.242,0,0,1,34792.5,34792.7,2260.81,1845.31,-0.374889,0.108675
14|297|14|297|sample|10|71|10|71|6.0,1.332,416.912,6,10,70106.2875,362.242,0,0,1,34792.5,34792.7,359.147,358.787,0.405711,0.408648
14|297|14|297|sample|10|71|10|71|6.0,6.66,340.019,7,10,70106.2875,362.242,0,0,1,33757.4,33757.5,347.931,347.865,-0.0573578,-0.0568958
14|297|14|297|sample|10|71|10|71|6.0,33.3,409.954,8,10,70106.2875,362.242,0,0,1,30298,30298.2,312.469,312.217,0.786964,0.78963
14|297|14|297|sample|12|71|12|71|6.0,0.0004262399999999,52043,1,12,70106.2875,362.242,0,0,1,30298,30298.2,54836.4,55775.4,-0.128494,-0.168797
14|297|14|297|sample|12|71|12|71|6.0,0.0021311999999999,59427,2,12,70106.2875,362.242,0,0,1,30298,30298.2,50663,51813.4,0.436349,0.370656
14|297|14|297|sample|12|71|12|71|6.0,0.0106559999999999,57751.4,3,12,70106.2875,362.242,0,0,1,30298,30298.2,44255.2,45309.9,0.769256,0.692632
14|297|14|297|sample|12|71|12|71|6.0,0.0532799999999999,51957.8,4,12,70106.2875,362.242,0,0,1,30298,30298.2,35680.1,36152.8,1.15077,1.10274
14|297|14|297|sample|12|71|12|71|6.0,0.2663999999999999,42195.3,5,12,70106.2875,362.242,0,0,1,30298,30298.2,26095,25699.9,1.55632,1.61903
14|297|14|297|sample|12|71|12|71|6.0,1.332,25886.6,6,12,70106.2875,362.242,0,0,1,30298,30298.2,17315.9,16278.4,1.24851,1.48885
14|297|14|297|sample|12|71|12|71|6.0,6.66,11750.5,7,12,70106.2875,362.242,0,0,1,30298,30298.2,10625.7,9431.42,0.267025,0.620244
14|297|14|297|sample|12|71|12|71|6.0,33.3,2570.2,8,12,70106.2875,362.242,0,0,1,30298,30298.2,6207.09,5194.9,-1.47797,-1.27446
14|297|14|297|sample|11|71|11|71|6.0,0.0004262399999999,49345,1,11,70106.2875,362.242,0,0,1,30298,30298.2,53628.1,54069.7,-0.20146,-0.220415
14|297|14|297|sample|11|71|11|71|6.0,0.0021311999999999,80443,2,11,70106.2875,362.242,0,0,1,33757.4,33757.5,54898,55485.1,1.17374,1.13463
14|297|14|297|sample|11|71|11|71|6.0,0.0106559999999999,76325,3,11,70106.2875,362.242,0,0,1,33757.4,33757.5,47979.5,48477.4,1.49022,1.44901
14|297|14|297|sample|11|71|11|71|6.0,0.0532799999999999,66349.5,4,11,70106.2875,362.242,0,0,1,33757.4,33757.5,39165.1,39384.3,1.75082,1.72704
14|297|14|297|sample|11|71|11|71|6.0,0.2663999999999999,59206.9,5,11,70106.2875,362.242,0,0,1,33757.4,33757.5,29505,29343.9,2.53929,2.56707
14|297|14|297|sample|11|71|11|71|6.0,1.332,36423,6,11,70106.2875,362.242,0,0,1,33757.4,33757.5,20518,20054.2,1.95534,2.0589
14|297|14|297|sample|11|71|11|71|6.0,6.66,14562.1,7,11,70106.2875,362.242,0,0,1,33757.4,33757.5,13345.4,12763.7,0.229979,0.355405
14|297|14|297|sample|11|71|11|71|6.0,33.3,2317.44,8,11,70106.2875,362.242,0,0,1,30298,30298.2,7444.45,6952.97,-1.73722,-1.68171
14|297|14|297|cc|1|1|71|1|71|69.0,0,341.723,1,1,70106.2875,362.242,0,1,0,nan,nan,311.742,311.491,0.242595,0.244822
14|297|14|297|cc|2|1|71|1|71|69.0,0,365.792,2,1,70106.2875,362.242,0,1,0,nan,nan,311.742,311.491,0.437348,0.439733
14|297|14|297|cc|3|1|71|1|71|69.0,0,364.017,3,1,70106.2875,362.242,0,1,0,nan,nan,311.742,311.491,0.422986,0.425359
14|297|14|297|cc|4|1|71|1|71|69.0,0,347.687,4,1,70106.2875,362.242,0,1,0,nan,nan,311.742,311.491,0.290852,0.293119
14|297|14|297|cc|5|1|71|1|71|69.0,0,357.556,5,1,70106.2875,362.242,0,1,0,nan,nan,311.742,311.491,0.370707,0.373038
14|297|14|297|cc|6|1|71|1|71|69.0,0,363.236,6,1,70106.2875,362.242,0,1,0,nan,nan,311.742,311.491,0.416666,0.419034
14|297|14|297|cc|7|1|71|1|71|69.0,0,364.017,7,1,70106.2875,362.242,0,1,0,nan,nan,311.742,311.491,0.422986,0.425359
14|297|14|297|cc|8|1|71|1|71|69.0,0,393.908,8,1,70106.2875,362.242,0,1,0,nan,nan,311.742,311.491,0.664848,0.667416
14|297|14|297|vc|1|2|71|2|71|69.0,0,51475,1,2,70106.2875,362.242,1,0,0,nan,nan,60332.7,60284.1,-0.370332,-0.368598
14|297|14|297|vc|2|2|71|2|71|69.0,0,69892.4,2,2,70106.2875,362.242,1,0,0,nan,nan,67179.8,67167.2,0.101853,0.102344
14|297|14|297|vc|3|2|71|2|71|69.0,0,79662,3,2,70106.2875,362.242,1,0,0,nan,nan,67179.8,67167.2,0.46868,0.469239
14|297|14|297|vc|4|2|71|2|71|69.0,0,78881,4,2,70106.2875,362.242,1,0,0,nan,nan,67179.8,67167.2,0.439355,0.439909
14|297|14|297|vc|5|2|71|2|71|69.0,0,74408,5,2,70106.2875,362.242,1,0,0,nan,nan,67179.8,67167.2,0.271404,0.271926
14|297|14|297|vc|6|2|71|2|71|69.0,0,79733,6,2,70106.2875,362.242,1,0,0,nan,nan,67179.8,67167.2,0.471346,0.471905
14|297|14|297|vc|7|2|71|2|71|69.0,0,74408,7,2,70106.2875,362.242,1,0,0,nan,nan,67179.8,67167.2,0.271404,0.271926
14|297|14|297|vc|8|2|71|2|71|69.0,0,52390.9,8,2,70106.2875,362.242,1,0,0,nan,nan,60332.7,60284.1,-0.332039,-0.330274
14|183|14|183|sample|4|233|4|233|6.0,0.0004262399999999,10799.1,1,4,11487.8,363.422375,0,0,1,5095.61,5095.66,9812.92,9801.34,0.253501,0.25678
14|183|14|183|sample|4|233|4|233|6.0,0.0021311999999999,12716.1,2,4,11487.8,363.422375,0,0,1,5677.41,5677.47,10695.1,10682.3,0.476666,0.480262
14|183|14|183|sample|4|233|4|233|6.0,0.0106559999999999,13710.1,3,4,11487.8,363.422375,0,0,1,5851.5,5851.57,10178.8,10156.7,0.875097,0.882487
14|183|14|183|sample|4|233|4|233|6.0,0.0532799999999999,12417.9,4,4,11487.8,363.422375,0,0,1,5903.59,5903.66,7925.65,7910.65,1.42972,1.43722
14|183|14|183|sample|4|233|4|233|6.0,0.2663999999999999,7192.3,5,4,11487.8,363.422375,0,0,1,5903.59,5903.66,4286.46,4307.19,1.70999,1.68963
14|183|14|183|sample|4|233|4|233|6.0,1.332,1275.16,6,4,11487.8,363.422375,0,0,1,5851.5,5851.57,1706.86,1733.69,-0.637977,-0.667144
14|183|14|183|sample|4|233|4|233|6.0,6.66,376.939,7,4,11487.8,363.422375,0,0,1,5677.41,5677.47,715.844,729.035,-1.19421,-1.21825
14|183|14|183|sample|4|233|4|233|6.0,33.3,683.304,8,4,11487.8,363.422375,0,0,1,5095.61,5095.66,399.553,403.731,1.79137,1.74673
14|183|14|183|sample|3|233|3|233|6.0,0.0004262399999999,10309.2,1,3,11487.8,363.422375,0,0,1,5095.61,5095.66,9741.85,9675.62,0.146905,0.165175
14|183|14|183|sample|3|233|3|233|6.0,0.0021311999999999,12936.2,2,3,11487.8,363.422375,0,0,1,5677.41,5677.47,10505.1,10369.8,0.583752,0.624284
14|183|14|183|sample|3|233|3|233|6.0,0.0106559999999999,12659.3,3,3,11487.8,363.422375,0,0,1,5851.5,5851.57,9827.15,9618.62,0.726963,0.797407
14|183|14|183|sample|3|233|3|233|6.0,0.0532799999999999,11864.1,4,3,11487.8,363.422375,0,0,1,5851.5,5851.57,7594.58,7461.83,1.41807,1.48817
14|183|14|183|sample|3|233|3|233|6.0,0.2663999999999999,6753.52,5,3,11487.8,363.422375,0,0,1,5851.5,5851.57,4464.06,4578.67,1.29367,1.19815
14|183|14|183|sample|3|233|3|233|6.0,1.332,1355.39,6,3,11487.8,363.422375,0,0,1,5851.5,5851.57,2070.12,2285.27,-0.870898,-1.02639
14|183|14|183|sample|3|233|3|233|6.0,6.66,387.234,7,3,11487.8,363.422375,0,0,1,5677.41,5677.47,923.933,1068.92,-1.46525,-1.60865
14|183|14|183|sample|3|233|3|233|6.0,33.3,858.39,8,3,11487.8,363.422375,0,0,1,5095.61,5095.66,479.143,543.617,1.99655,1.46059
14|183|14|183|sample|6|233|6|233|6.0,0.0004262399999999,9435.9,1,6,11487.8,363.422375,0,0,1,5095.61,5095.66,9884.94,9877.41,-0.114587,-0.112751
14|183|14|183|sample|6|233|6|233|6.0,0.0021311999999999,11956.4,2,6,11487.8,363.422375,0,0,1,5677.41,5677.47,10990.4,10992.6,0.221717,0.22115
14|183|14|183|sample|6|233|6|233|6.0,0.0106559999999999,13305.4,3,6,11487.8,363.422375,0,0,1,5851.5,5851.57,11124.8,11158.1,0.494429,0.485426
14|183|14|183|sample|6|233|6|233|6.0,0.0532799999999999,10706.8,4,6,11487.8,363.422375,0,0,1,5903.59,5903.66,9248.16,9357.73,0.397847,0.363654
14|183|14|183|sample|6|233|6|233|6.0,0.2663999999999999,3670.7,5,6,11487.8,363.422375,0,0,1,5903.59,5903.66,3134,3044.51,0.431971,0.51881
14|183|14|183|sample|6|233|6|233|6.0,1.332,664.134,6,6,11487.8,363.422375,0,0,1,5851.5,5851.57,653.357,613.211,0.0416062,0.209471
14|183|14|183|sample|6|233|6|233|6.0,6.66,382.193,7,6,11487.8,363.422375,0,0,1,5677.41,5677.47,372.923,367.392,0.0627015,0.10162
14|183|14|183|sample|6|233|6|233|6.0,33.3,570.698,8,6,11487.8,363.422375,0,0,1,5095.61,5095.66,315.057,314.258,2.04675,2.05837
14|183|14|183|sample|5|233|5|233|6.0,0.0004262399999999,11132.8,1,5,11487.8,363.422375,0,0,1,5095.61,5095.66,9885.48,9877.61,0.318274,0.320538
14|183|14|183|sample|5|233|5|233|6.0,0.0021311999999999,12829.7,2,5,11487.8,363.422375,0,0,1,5677.41,5677.47,10996,10994.9,0.42065,0.420933
14|183|14|183|sample|5|233|5|233|6.0,0.0106559999999999,12808.4,3,5,11487.8,363.422375,0,0,1,5851.5,5851.57,11169.1,11177.5,0.370214,0.368036
14|183|14|183|sample|5|233|5|233|6.0,0.0532799999999999,10358.9,4,5,11487.8,363.422375,0,0,1,5903.59,5903.66,9389.82,9425.35,0.260331,0.249841
14|183|14|183|sample|5|233|5|233|6.0,0.2663999999999999,3834.71,5,5,11487.8,363.422375,0,0,1,5903.59,5903.66,3001.48,2980.81,0.700245,0.722593
14|183|14|183|sample|5|233|5|233|6.0,1.332,593.631,6,5,11487.8,363.422375,0,0,1,5851.5,5851.57,598.408,588.755,-0.0201376,0.0208892
14|183|14|183|sample|5|233|5|233|6.0,6.66,380.986,7,5,11487.8,363.422375,0,0,1,5677.41,5677.47,365.658,364.395,0.105739,0.11485
14|183|14|183|sample|5|233|5|233|6.0,33.3,581.135,8,5,11487.8,363.422375,0,0,1,5095.61,5095.66,314.346,313.985,2.14083,2.14619
14|183|14|183|sample|7|233|7|233|6.0,0.0004262399999999,10550.6,1,7,11487.8,363.422375,0,0,1,5095.61,5095.66,9833.9,9809.65,0.183836,0.190527
14|183|14|183|sample|7|233|7|233|6.0,0.0021311999999999,11438.1,2,7,11487.8,363.422375,0,0,1,5677.41,5677.47,10761.3,10707.3,0.158649,0.172171
14|183|14|183|sample|7|233|7|233|6.0,0.0106559999999999,13880.5,3,7,11487.8,363.422375,0,0,1,5851.5,5851.57,10324.8,10209.1,0.868682,0.907118
14|183|14|183|sample|7|233|7|233|6.0,0.0532799999999999,13596.5,4,7,11487.8,363.422375,0,0,1,5903.59,5903.66,8052.5,7954.18,1.73666,1.78931
14|183|14|183|sample|7|233|7|233|6.0,0.2663999999999999,9151.9,5,7,11487.8,363.422375,0,0,1,5903.59,5903.66,4180.87,4271.24,2.99918,2.88236
14|183|14|183|sample|7|233|7|233|6.0,1.332,1552.06,6,7,11487.8,363.422375,0,0,1,5851.5,5851.57,1552.89,1678.75,-0.0013509,-0.190357
14|183|14|183|sample|7|233|7|233|6.0,6.66,370.833,7,7,11487.8,363.422375,0,0,1,5677.41,5677.47,641.809,701.162,-1.06499,-1.18837
14|183|14|183|sample|7|233|7|233|6.0,33.3,565.728,8,7,11487.8,363.422375,0,0,1,5095.61,5095.66,375.599,394.269,1.27687,1.09695
14|183|14|183|sample|8|233|8|233|6.0,0.0004262399999999,10990.8,1,8,11487.8,363.422375,0,0,1,5095.61,5095.66,9781.25,9764.74,0.311926,0.316717
14|183|14|183|sample|8|233|8|233|6.0,0.0021311999999999,12240.4,2,8,11487.8,363.422375,0,0,1,5677.41,5677.47,10605.4,10580.7,0.388885,0.395675
14|183|14|183|sample|8|233|8|233|6.0,0.0106559999999999,13298.3,3,8,11487.8,363.422375,0,0,1,5851.5,5851.57,10002.8,9961.69,0.831039,0.844879
14|183|14|183|sample|8|233|8|233|6.0,0.0532799999999999,13497.1,4,8,11487.8,363.422375,0,0,1,5903.59,5903.66,7787.39,7759.94,1.84946,1.86492
14|183|14|183|sample|8|233|8|233|6.0,0.2663999999999999,8938.9,5,8,11487.8,363.422375,0,0,1,5903.59,5903.66,4400.7,4430.97,2.60127,2.56626
14|183|14|183|sample|8|233|8|233|6.0,1.332,1754.41,6,8,11487.8,363.422375,0,0,1,5851.5,5851.57,1889.9,1936.14,-0.180834,-0.236761
14|183|14|183|sample|8|233|8|233|6.0,6.66,403.209,7,8,11487.8,363.422375,0,0,1,5677.41,5677.47,814.776,841.007,-1.27416,-1.3131
14|183|14|183|sample|8|233|8|233|6.0,33.3,660.726,8,8,11487.8,363.422375,0,0,1,5095.61,5095.66,435.263,445.005,1.30661,1.22278
14|183|14|183|sample|10|233|10|233|6.0,0.0004262399999999,8101.1,1,10,11487.8,363.422375,0,0,1,5095.61,5095.66,9886.17,9878.26,-0.455459,-0.453804
14|183|14|183|sample|10|233|10|233|6.0,0.0021311999999999,12638,2,10,11487.8,363.422375,0,0,1,5677.41,5677.47,11005.4,11004.4,0.374197,0.374457
14|183|14|183|sample|10|233|10|233|6.0,0.0106559999999999,10380.2,3,10,11487.8,363.422375,0,0,1,5851.5,5851.57,11271.4,11289,-0.199452,-0.203063
14|183|14|183|sample|10|233|10|233|6.0,0.0532799999999999,8236,4,10,11487.8,363.422375,0,0,1,5851.5,5851.57,9783.99,9920.13,-0.399093,-0.428233
14|183|14|183|sample|10|233|10|233|6.0,0.2663999999999999,2866.98,5,10,11487.8,363.422375,0,0,1,5851.5,5851.57,2509.25,2382.41,0.359613,0.513051
14|183|14|183|sample|10|233|10|233|6.0,1.332,402.854,6,10,11487.8,363.422375,0,0,1,5851.5,5851.57,466.092,442.17,-0.342239,-0.224288
14|183|14|183|sample|10|233|10|233|6.0,6.66,378.856,7,10,11487.8,363.422375,0,0,1,5677.41,5677.47,353.028,351.474,0.184543,0.196518
14|183|14|183|sample|10|233|10|233|6.0,33.3,574.674,8,10,11487.8,363.422375,0,0,1,5095.61,5095.66,313.421,313.099,2.1026,2.10736
14|183|14|183|sample|9|233|9|233|6.0,0.0004262399999999,8903.4,1,9,11487.8,363.422375,0,0,1,5095.61,5095.66,9885.96,9878.08,-0.250704,-0.248893
14|183|14|183|sample|9|233|9|233|6.0,0.0021311999999999,12219.1,2,9,11487.8,363.422375,0,0,1,5677.41,5677.47,11001.9,11001.1,0.279071,0.279271
14|183|14|183|sample|9|233|9|233|6.0,0.0106559999999999,12843.9,3,9,11487.8,363.422375,0,0,1,5851.5,5851.57,11226.5,11241,0.363417,0.359684
14|183|14|183|sample|9|233|9|233|6.0,0.0532799999999999,9641.8,4,9,11487.8,363.422375,0,0,1,5903.59,5903.66,9620.52,9698.62,0.00557931,-0.0147769
14|183|14|183|sample|9|233|9|233|6.0,0.2663999999999999,3595.44,5,9,11487.8,363.422375,0,0,1,5903.59,5903.66,2780.28,2717.1,0.739569,0.815418
14|183|14|183|sample|9|233|9|233|6.0,1.332,447.655,6,9,11487.8,363.422375,0,0,1,5851.5,5851.57,525.443,506.95,-0.373432,-0.295035
14|183|14|183|sample|9|233|9|233|6.0,6.66,371.969,7,9,11487.8,363.422375,0,0,1,5677.41,5677.47,357.805,356.07,0.0998522,0.112632
14|183|14|183|sample|9|233|9|233|6.0,33.3,589.655,8,9,11487.8,363.422375,0,0,1,5095.61,5095.66,313.713,313.348,2.21875,2.22427
14|183|14|183|sample|12|233|12|233|6.0,0.0004262399999999,6529.16,1,12,11487.8,363.422375,0,0,1,5095.61,5095.66,9655.07,9618.72,-0.816665,-0.810218
14|183|14|183|sample|12|233|12|233|6.0,0.0021311999999999,7582.8,2,12,11487.8,363.422375,0,0,1,5095.61,5095.66,9260.39,9200.94,-0.456961,-0.443616
14|183|14|183|sample|12|233|12|233|6.0,0.0106559999999999,8058.5,3,12,11487.8,363.422375,0,0,1,5095.61,5095.66,8305.92,8229.91,-0.0751408,-0.0525382
14|183|14|183|sample|12|233|12|233|6.0,0.0532799999999999,6933.86,4,12,11487.8,363.422375,0,0,1,5095.61,5095.66,6454.23,6410.07,0.187451,0.20612
14|183|14|183|sample|12|233|12|233|6.0,0.2663999999999999,6366.57,5,12,11487.8,363.422375,0,0,1,5095.61,5095.66,4024.18,4058.12,1.46827,1.43489
14|183|14|183|sample|12|233|12|233|6.0,1.332,3312.15,6,12,11487.8,363.422375,0,0,1,5095.61,5095.66,2064.94,2136.44,1.52354,1.38813
14|183|14|183|sample|12|233|12|233|6.0,6.66,877.56,7,12,11487.8,363.422375,0,0,1,5095.61,5095.66,1016.1,1072.19,-0.343914,-0.457899
14|183|14|183|sample|12|233|12|233|6.0,33.3,466.328,8,12,11487.8,363.422375,0,0,1,5095.61,5095.66,574.306,605.621,-0.474257,-0.580166
14|183|14|183|sample|11|233|11|233|6.0,0.0004262399999999,9471.4,1,11,11487.8,363.422375,0,0,1,5095.61,5095.66,9275.59,9330.44,0.0532504,0.0381091
14|183|14|183|sample|11|233|11|233|6.0,0.0021311999999999,10699.7,2,11,11487.8,363.422375,0,0,1,5677.41,5677.47,9659.1,9751.82,0.271749,0.245183
14|183|14|183|sample|11|233|11|233|6.0,0.0106559999999999,12659.3,3,11,11487.8,363.422375,0,0,1,5677.41,5677.47,8497.14,8591.82,1.23558,1.19416
14|183|14|183|sample|11|233|11|233|6.0,0.0532799999999999,11189.6,4,11,11487.8,363.422375,0,0,1,5677.41,5677.47,6788.04,6834.96,1.63563,1.60709
14|183|14|183|sample|11|233|11|233|6.0,0.2663999999999999,9812.2,5,11,11487.8,363.422375,0,0,1,5677.41,5677.47,4801.74,4767.28,2.6321,2.66936
14|183|14|183|sample|11|233|11|233|6.0,1.332,5440.73,6,11,11487.8,363.422375,0,0,1,5677.41,5677.47,3037.75,2948,1.99535,2.1329
14|183|14|183|sample|11|233|11|233|6.0,6.66,1136.71,7,11,11487.8,363.422375,0,0,1,5677.41,5677.47,1808.24,1713.89,-0.93677,-0.849472
14|183|14|183|sample|11|233|11|233|6.0,33.3,483.368,8,11,11487.8,363.422375,0,0,1,5095.61,5095.66,977.769,912.894,-1.27546,-1.18684
14|183|14|183|cc|1|1|233|1|233|69.0,0,326.316,1,1,11487.8,363.422375,0,1,0,nan,nan,312.757,312.505,0.109355,0.111475
14|183|14|183|cc|2|1|233|1|233|69.0,0,349.888,2,1,11487.8,363.422375,0,1,0,nan,nan,312.757,312.505,0.299468,0.301742
14|183|14|183|cc|3|1|233|1|233|69.0,0,343.924,3,1,11487.8,363.422375,0,1,0,nan,nan,312.757,312.505,0.251367,0.253602
14|183|14|183|cc|4|1|233|1|233|69.0,0,346.338,4,1,11487.8,363.422375,0,1,0,nan,nan,312.757,312.505,0.270837,0.273087
14|183|14|183|cc|5|1|233|1|233|69.0,0,361.603,5,1,11487.8,363.422375,0,1,0,nan,nan,312.757,312.505,0.393952,0.396302
14|183|14|183|cc|6|1|233|1|233|69.0,0,360.396,6,1,11487.8,363.422375,0,1,0,nan,nan,312.757,312.505,0.384217,0.386559
14|183|14|183|cc|7|1|233|1|233|69.0,0,355.994,7,1,11487.8,363.422375,0,1,0,nan,nan,312.757,312.505,0.348714,0.351027
14|183|14|183|cc|8|1|233|1|233|69.0,0,462.92,8,1,11487.8,363.422375,0,1,0,nan,nan,312.757,312.505,1.21109,1.2141
14|183|14|183|vc|1|2|233|2|233|69.0,0,8754.3,1,2,11487.8,363.422375,1,0,0,nan,nan,9886.27,9878.31,-0.288818,-0.287019
14|183|14|183|vc|2|2|233|2|233|69.0,0,12332.7,2,2,11487.8,363.422375,1,0,0,nan,nan,11008.3,11006.2,0.303486,0.304015
14|183|14|183|vc|3|2|233|2|233|69.0,0,12219.1,3,2,11487.8,363.422375,1,0,0,nan,nan,11008.3,11006.2,0.277456,0.27798
14|183|14|183|vc|4|2|233|2|233|69.0,0,12197.8,4,2,11487.8,363.422375,1,0,0,nan,nan,11008.3,11006.2,0.272575,0.273098
14|183|14|183|vc|5|2|233|2|233|69.0,0,12794.2,5,2,11487.8,363.422375,1,0,0,nan,nan,11008.3,11006.2,0.409235,0.409784
14|183|14|183|vc|6|2|233|2|233|69.0,0,12297.2,6,2,11487.8,363.422375,1,0,0,nan,nan,11008.3,11006.2,0.295352,0.295879
14|183|14|183|vc|7|2|233|2|233|69.0,0,11956.4,7,2,11487.8,363.422375,1,0,0,nan,nan,11008.3,11006.2,0.21726,0.217773
14|183|14|183|vc|8|2|233|2|233|69.0,0,9350.7,8,2,11487.8,363.422375,1,0,0,nan,nan,9886.27,9878.31,-0.136649,-0.134727
14|705|14|705|sample|3|233|3|233|6.0,0.0004262399999999,8569.7,1,3,11166.525,377.072125,0,0,1,4963.34,4963.46,9609.79,9602.05,-0.273011,-0.271198
14|705|14|705|sample|3|233|3|233|6.0,0.0021311999999999,13170.5,2,3,11166.525,377.072125,0,0,1,5530.04,5530.17,10700.4,10698.4,0.58229,0.582872
14|705|14|705|sample|3|233|3|233|6.0,0.0106559999999999,14214.2,3,3,11166.525,377.072125,0,0,1,5699.62,5699.75,11026.9,11026.4,0.729094,0.729255
14|705|14|705|sample|3|233|3|233|6.0,0.0532799999999999,13220.2,4,3,11166.525,377.072125,0,0,1,5699.62,5699.75,11026.9,11026,0.501713,0.501979
14|705|14|705|sample|3|233|3|233|6.0,0.2663999999999999,12020.3,5,3,11166.525,377.072125,0,0,1,5699.62,5699.75,11026.9,11021.2,0.227232,0.228661
14|705|14|705|sample|3|233|3|233|6.0,1.332,12993,6,3,11166.525,377.072125,0,0,1,5699.62,5699.75,11026.8,10968.2,0.449771,0.465666
14|705|14|705|sample|3|233|3|233|6.0,6.66,11949.3,7,3,11166.525,377.072125,0,0,1,5530.04,5530.17,10678,10098.2,0.300309,0.462392
14|705|14|705|sample|3|233|3|233|6.0,33.3,7039.65,8,3,11166.525,377.072125,0,0,1,4963.34,4963.46,6763.39,5810.97,0.103033,0.533353
14|705|14|705|sample|4|233|4|233|6.0,0.0004262399999999,8782.7,1,4,11166.525,377.072125,0,0,1,4963.34,4963.46,9609.79,9602.05,-0.217101,-0.215243
14|705|14|705|sample|4|233|4|233|6.0,0.0021311999999999,13475.8,2,4,11166.525,377.072125,0,0,1,5530.04,5530.17,10700.4,10698.4,0.65426,0.654854
14|705|14|705|sample|4|233|4|233|6.0,0.0106559999999999,13979.9,3,4,11166.525,377.072125,0,0,1,5699.62,5699.75,11026.9,11026.4,0.675497,0.675643
14|705|14|705|sample|4|233|4|233|6.0,0.0532799999999999,13269.9,4,4,11166.525,377.072125,0,0,1,5750.36,5750.49,11124.7,11124.6,0.486401,0.486436
14|705|14|705|sample|4|233|4|233|6.0,0.2663999999999999,13610.7,5,4,11166.525,377.072125,0,0,1,5750.36,5750.49,11124.7,11124.4,0.563675,0.563773
14|705|14|705|sample|4|233|4|233|6.0,1.332,13220.2,6,4,11166.525,377.072125,0,0,1,5699.62,5699.75,11026.9,11019.5,0.501725,0.503759
14|705|14|705|sample|4|233|4|233|6.0,6.66,11935.1,7,4,11166.525,377.072125,0,0,1,5530.04,5530.17,10687,10498.8,0.29458,0.345095
14|705|14|705|sample|4|233|4|233|6.0,33.3,8122.4,8,4,11166.525,377.072125,0,0,1,4963.34,4963.46,6897.07,6145.03,0.448136,0.811683
14|705|14|705|sample|5|233|5|233|6.0,0.0004262399999999,8470.3,1,5,11166.525,377.072125,0,0,1,4963.34,4963.46,9609.79,9602.05,-0.299102,-0.297311
14|705|14|705|sample|5|233|5|233|6.0,0.0021311999999999,13064,2,5,11166.525,377.072125,0,0,1,5530.04,5530.17,10700.4,10698.4,0.557184,0.55776
14|705|14|705|sample|5|233|5|233|6.0,0.0106559999999999,13880.5,3,5,11166.525,377.072125,0,0,1,5699.62,5699.75,11026.9,11026.4,0.652759,0.652904
14|705|14|705|sample|5|233|5|233|6.0,0.0532799999999999,14611.8,4,5,11166.525,377.072125,0,0,1,5750.36,5750.49,11124.7,11124.6,0.790667,0.79071
14|705|14|705|sample|5|233|5|233|6.0,0.2663999999999999,14164.5,5,5,11166.525,377.072125,0,0,1,5750.36,5750.49,11124.7,11124.1,0.689245,0.689428
14|705|14|705|sample|5|233|5|233|6.0,1.332,14086.4,6,5,11166.525,377.072125,0,0,1,5699.62,5699.75,11026.9,11014.5,0.699877,0.703491
14|705|14|705|sample|5|233|5|233|6.0,6.66,11246.4,7,5,11166.525,377.072125,0,0,1,5530.04,5530.17,10684.2,10433.7,0.132721,0.196481
14|705|14|705|sample|5|233|5|233|6.0,33.3,8030.1,8,5,11166.525,377.072125,0,0,1,4963.34,4963.46,6848.19,6061.61,0.43534,0.819158
14|705|14|705|sample|6|233|6|233|6.0,0.0004262399999999,9173.2,1,6,11166.525,377.072125,0,0,1,4963.34,4963.46,9609.79,9602.05,-0.114599,-0.112659
14|705|14|705|sample|6|233|6|233|6.0,0.0021311999999999,13177.6,2,6,11166.525,377.072125,0,0,1,5530.04,5530.17,10700.4,10698.4,0.583964,0.584545
14|705|14|705|sample|6|233|6|233|6.0,0.0106559999999999,13277,3,6,11166.525,377.072125,0,0,1,5699.62,5699.75,11026.9,11026.4,0.514706,0.514845
14|705|14|705|sample|6|233|6|233|6.0,0.0532799999999999,14363.3,4,6,11166.525,377.072125,0,0,1,5750.36,5750.49,11124.7,11124.6,0.734321,0.73436
14|705|14|705|sample|6|233|6|233|6.0,0.2663999999999999,13639.1,5,6,11166.525,377.072125,0,0,1,5750.36,5750.49,11124.7,11124.3,0.570114,0.57023
14|705|14|705|sample|6|233|6|233|6.0,1.332,14072.2,6,6,11166.525,377.072125,0,0,1,5699.62,5699.75,11026.9,11018.3,0.696617,0.699134
14|705|14|705|sample|6|233|6|233|6.0,6.66,11864.1,7,6,11166.525,377.072125,0,0,1,5530.04,5530.17,10691.1,10481.6,0.276765,0.332693
14|705|14|705|sample|6|233|6|233|6.0,33.3,8058.5,8,6,11166.525,377.072125,0,0,1,4963.34,4963.46,6988.16,6120.84,0.386352,0.798528
14|705|14|705|sample|7|233|7|233|6.0,0.0004262399999999,7696.4,1,7,11166.525,377.072125,0,0,1,4963.34,4963.46,9609.79,9602.05,-0.502241,-0.500613
14|705|14|705|sample|7|233|7|233|6.0,0.0021311999999999,13376.4,2,7,11166.525,377.072125,0,0,1,5530.04,5530.17,10700.4,10698.4,0.630828,0.631419
14|705|14|705|sample|7|233|7|233|6.0,0.0106559999999999,14143.2,3,7,11166.525,377.072125,0,0,1,5699.62,5699.75,11026.9,11026.4,0.712852,0.71302
14|705|14|705|sample|7|233|7|233|6.0,0.0532799999999999,14008.3,4,7,11166.525,377.072125,0,0,1,5750.36,5750.49,11124.7,11123.9,0.653828,0.654058
14|705|14|705|sample|7|233|7|233|6.0,0.2663999999999999,15201.1,5,7,11166.525,377.072125,0,0,1,5750.36,5750.49,11124.7,11117.6,0.924287,0.926492
14|705|14|705|sample|7|233|7|233|6.0,1.332,15243.7,6,7,11166.525,377.072125,0,0,1,5699.62,5699.75,11026.6,10955.8,0.964714,0.987229
14|705|14|705|sample|7|233|7|233|6.0,6.66,11743.4,7,7,11166.525,377.072125,0,0,1,5530.04,5530.17,10658,10036.9,0.256892,0.428868
14|705|14|705|sample|7|233|7|233|6.0,33.3,6646.31,8,7,11166.525,377.072125,0,0,1,4963.34,4963.46,6591.92,5780.14,0.0208126,0.377994
14|705|14|705|sample|8|233|8|233|6.0,0.0004262399999999,8392.2,1,8,11166.525,377.072125,0,0,1,4963.34,4963.46,9609.79,9602.05,-0.319602,-0.317827
14|705|14|705|sample|8|233|8|233|6.0,0.0021311999999999,13362.2,2,8,11166.525,377.072125,0,0,1,5530.04,5530.17,10700.4,10698.4,0.62748,0.628069
14|705|14|705|sample|8|233|8|233|6.0,0.0106559999999999,13610.7,3,8,11166.525,377.072125,0,0,1,5699.62,5699.75,11026.9,11026.4,0.591041,0.591184
14|705|14|705|sample|8|233|8|233|6.0,0.0532799999999999,14682.8,4,8,11166.525,377.072125,0,0,1,5750.36,5750.49,11124.7,11124.6,0.806765,0.80681
14|705|14|705|sample|8|233|8|233|6.0,0.2663999999999999,14377.5,5,8,11166.525,377.072125,0,0,1,5750.36,5750.49,11124.7,11124,0.737541,0.73775
14|705|14|705|sample|8|233|8|233|6.0,1.332,14448.5,6,8,11166.525,377.072125,0,0,1,5699.62,5699.75,11026.9,11013.3,0.782706,0.786781
14|705|14|705|sample|8|233|8|233|6.0,6.66,11296.1,7,8,11166.525,377.072125,0,0,1,5530.04,5530.17,10685.6,10419.9,0.144126,0.212102
14|705|14|705|sample|8|233|8|233|6.0,33.3,7973.3,8,8,11166.525,377.072125,0,0,1,4963.34,4963.46,6870.12,6046.49,0.405045,0.803819
14|705|14|705|sample|10|233|10|233|6.0,0.0004262399999999,7937.8,1,10,11166.525,377.072125,0,0,1,4963.34,4963.4,9608.71,9600.74,-0.438641,-0.436912
14|705|14|705|sample|10|233|10|233|6.0,0.0021311999999999,13213.1,2,10,11166.525,377.072125,0,0,1,5530.04,5530.11,10685.1,10680.8,0.596804,0.598059
14|705|14|705|sample|10|233|10|233|6.0,0.0106559999999999,14129,3,10,11166.525,377.072125,0,0,1,5699.62,5699.69,10829.2,10811.8,0.768617,0.773932
14|705|14|705|sample|10|233|10|233|6.0,0.0532799999999999,10529.3,4,10,11166.525,377.072125,0,0,1,5699.62,5699.69,8960.3,8912.94,0.441696,0.457444
14|705|14|705|sample|10|233|10|233|6.0,0.2663999999999999,4592.28,5,10,11166.525,377.072125,0,0,1,5699.62,5699.69,2995.26,3050.96,1.34493,1.27432
14|705|14|705|sample|10|233|10|233|6.0,1.332,624.871,6,10,11166.525,377.072125,0,0,1,5699.62,5699.69,639.431,662.131,-0.0574381,-0.141947
14|705|14|705|sample|10|233|10|233|6.0,6.66,342.007,7,10,11166.525,377.072125,0,0,1,5530.04,5530.11,382.7,385.747,-0.268214,-0.28602
14|705|14|705|sample|10|233|10|233|6.0,33.3,322.482,8,10,11166.525,377.072125,0,0,1,4963.34,4963.4,326.486,326.541,-0.0309366,-0.0313585
14|705|14|705|sample|9|233|9|233|6.0,0.0004262399999999,8811.1,1,9,11166.525,377.072125,0,0,1,4963.34,4963.4,9606.26,9598.87,-0.208796,-0.207015
14|705|14|705|sample|9|233|9|233|6.0,0.0021311999999999,12531.5,2,9,11166.525,377.072125,0,0,1,5530.04,5530.11,10664.6,10665.2,0.441569,0.441415
14|705|14|705|sample|9|233|9|233|6.0,0.0106559999999999,11991.9,3,9,11166.525,377.072125,0,0,1,5699.62,5699.69,10699.3,10713.2,0.304736,0.301063
14|705|14|705|sample|9|233|9|233|6.0,0.0532799999999999,11558.8,4,9,11166.525,377.072125,0,0,1,5750.36,5750.43,8709.78,8744.35,0.825109,0.811874
14|705|14|705|sample|9|233|9|233|6.0,0.2663999999999999,6037.13,5,9,11166.525,377.072125,0,0,1,5750.36,5750.43,3323.6,3304.05,2.05944,2.08655
14|705|14|705|sample|9|233|9|233|6.0,1.332,493.095,6,9,11166.525,377.072125,0,0,1,5699.62,5699.69,796.137,781.36,-0.960148,-0.930601
14|705|14|705|sample|9|233|9|233|6.0,6.66,340.871,7,9,11166.525,377.072125,0,0,1,5530.04,5530.11,408.511,405.529,-0.417659,-0.402185
14|705|14|705|sample|9|233|9|233|6.0,33.3,353.296,8,9,11166.525,377.072125,0,0,1,4963.34,4963.4,329.617,328.946,0.181206,0.186721
14|705|14|705|sample|12|233|12|233|6.0,0.0004262399999999,7476.3,1,12,11166.525,377.072125,0,0,1,4963.34,4963.4,9600.2,9595.1,-0.558054,-0.55701
14|705|14|705|sample|12|233|12|233|6.0,0.0021311999999999,6678.97,2,12,11166.525,377.072125,0,0,1,4963.34,4963.4,9544.05,9549.87,-0.757229,-0.758304
14|705|14|705|sample|12|233|12|233|6.0,0.0106559999999999,7568.6,3,12,11166.525,377.072125,0,0,1,4963.34,4963.4,9174.6,9222.48,-0.441551,-0.452355
14|705|14|705|sample|12|233|12|233|6.0,0.0532799999999999,6813.87,4,12,11166.525,377.072125,0,0,1,4963.34,4963.4,7258.32,7343.92,-0.154459,-0.182059
14|705|14|705|sample|12|233|12|233|6.0,0.2663999999999999,3670.7,5,12,11166.525,377.072125,0,0,1,4963.34,4963.4,3105.68,3032.56,0.458909,0.530794
14|705|14|705|sample|12|233|12|233|6.0,1.332,964.89,6,12,11166.525,377.072125,0,0,1,4963.34,4963.4,866.981,805.535,0.284861,0.499003
14|705|14|705|sample|12|233|12|233|6.0,6.66,295.644,7,12,11166.525,377.072125,0,0,1,4963.34,4963.4,407.727,391.507,-0.693415,-0.61764
14|705|14|705|sample|12|233|12|233|6.0,33.3,337.179,8,12,11166.525,377.072125,0,0,1,4963.34,4963.4,337.101,333.661,0.000585467,0.0265931
14|705|14|705|sample|11|233|11|233|6.0,0.0004262399999999,7646.7,1,11,11166.525,377.072125,0,0,1,4963.34,4963.4,9600.4,9591.86,-0.513323,-0.511536
14|705|14|705|sample|11|233|11|233|6.0,0.0021311999999999,11416.8,2,11,11166.525,377.072125,0,0,1,5530.04,5530.11,10628.3,10622,0.187147,0.188751
14|705|14|705|sample|11|233|11|233|6.0,0.0106559999999999,11999,3,11,11166.525,377.072125,0,0,1,5530.04,5530.11,10220,10202,0.439096,0.444313
14|705|14|705|sample|11|233|11|233|6.0,0.0532799999999999,10380.2,4,11,11166.525,377.072125,0,0,1,5530.04,5530.11,8088.38,8065.92,0.714727,0.723745
14|705|14|705|sample|11|233|11|233|6.0,0.2663999999999999,6246.58,5,11,11166.525,377.072125,0,0,1,5530.04,5530.11,3452.63,3480.43,2.04123,2.00477
14|705|14|705|sample|11|233|11|233|6.0,1.332,978.38,6,11,11166.525,377.072125,0,0,1,5530.04,5530.11,960.66,981.639,0.0465272,-0.00837407
14|705|14|705|sample|11|233|11|233|6.0,6.66,338.528,7,11,11166.525,377.072125,0,0,1,5530.04,5530.11,452.721,458.267,-0.636254,-0.659083
14|705|14|705|sample|11|233|11|233|6.0,33.3,359.544,8,11,11166.525,377.072125,0,0,1,4963.34,4963.4,336.863,337.635,0.169836,0.163684
14|705|14|705|cc|1|1|233|1|233|69.0,0,381.412,1,1,11166.525,377.072125,0,1,0,nan,nan,324.504,324.243,0.442358,0.444747
14|705|14|705|cc|2|1|233|1|233|69.0,0,368.419,2,1,11166.525,377.072125,0,1,0,nan,nan,324.504,324.243,0.341361,0.343668
14|705|14|705|cc|3|1|233|1|233|69.0,0,363.378,3,1,11166.525,377.072125,0,1,0,nan,nan,324.504,324.243,0.302176,0.304451
14|705|14|705|cc|4|1|233|1|233|69.0,0,366.573,4,1,11166.525,377.072125,0,1,0,nan,nan,324.504,324.243,0.327011,0.329307
14|705|14|705|cc|5|1|233|1|233|69.0,0,367.922,5,1,11166.525,377.072125,0,1,0,nan,nan,324.504,324.243,0.337497,0.339802
14|705|14|705|cc|6|1|233|1|233|69.0,0,383.968,6,1,11166.525,377.072125,0,1,0,nan,nan,324.504,324.243,0.462227,0.464631
14|705|14|705|cc|7|1|233|1|233|69.0,0,385.317,7,1,11166.525,377.072125,0,1,0,nan,nan,324.504,324.243,0.472713,0.475126
14|705|14|705|cc|8|1|233|1|233|69.0,0,399.588,8,1,11166.525,377.072125,0,1,0,nan,nan,324.504,324.243,0.583645,0.586147
14|705|14|705|vc|1|2|233|2|233|69.0,0,8278.6,1,2,11166.525,377.072125,1,0,0,nan,nan,9609.79,9602.05,-0.349421,-0.34767
14|705|14|705|vc|2|2|233|2|233|69.0,0,11360,2,2,11166.525,377.072125,1,0,0,nan,nan,10700.4,10698.4,0.155493,0.155994
14|705|14|705|vc|3|2|233|2|233|69.0,0,12957.5,3,2,11166.525,377.072125,1,0,0,nan,nan,10700.4,10698.4,0.532079,0.53265
14|705|14|705|vc|4|2|233|2|233|69.0,0,11835.7,4,2,11166.525,377.072125,1,0,0,nan,nan,10700.4,10698.4,0.267632,0.268153
14|705|14|705|vc|5|2|233|2|233|69.0,0,12375.3,5,2,11166.525,377.072125,1,0,0,nan,nan,10700.4,10698.4,0.394834,0.395379
14|705|14|705|vc|6|2|233|2|233|69.0,0,12176.5,6,2,11166.525,377.072125,1,0,0,nan,nan,10700.4,10698.4,0.34797,0.348507
14|705|14|705|vc|7|2|233|2|233|69.0,0,12588.3,7,2,11166.525,377.072125,1,0,0,nan,nan,10700.4,10698.4,0.445045,0.4456
14|705|14|705|vc|8|2|233|2|233|69.0,0,7760.3,8,2,11166.525,377.072125,1,0,0,nan,nan,9609.79,9602.05,-0.485468,-0.483827
14|555|14|555|sample|4|233|4|233|6.0,0.00128,24786.1,1,4,28898.775,503.381125,0,0,1,12641.6,12641.7,20985.3,20576.7,0.456861,0.516016
14|555|14|555|sample|4|233|4|233|6.0,0.0064,28968,2,4,28898.775,503.381125,0,0,1,14085,14085,20829.6,20433.7,0.985551,1.05352
14|555|14|555|sample|4|233|4|233|6.0,0.032,30224.7,3,4,28898.775,503.381125,0,0,1,14516.9,14517,18002.1,17772.4,1.71263,1.76736
14|555|14|555|sample|4|233|4|233|6.0,0.16,26994.2,4,4,28898.775,503.381125,0,0,1,14646.1,14646.2,14141.7,14181.9,2.29249,2.27884
14|555|14|555|sample|4|233|4|233|6.0,0.8,19617.3,5,4,28898.775,503.381125,0,0,1,14646.1,14646.2,10201.7,10497.4,2.32808,2.19145
14|555|14|555|sample|4|233|4|233|6.0,4,12261.7,6,4,28898.775,503.381125,0,0,1,14516.9,14517,6841.87,7275.91,1.99818,1.7285
14|555|14|555|sample|4|233|4|233|6.0,20,3868.08,7,4,28898.775,503.381125,0,0,1,14085,14085,4314.01,4749.87,-0.260742,-0.468282
14|555|14|555|sample|4|233|4|233|6.0,100,1458.34,8,4,28898.775,503.381125,0,0,1,12641.6,12641.7,2489.07,2824.19,-1.04455,-1.21992
14|555|14|555|sample|3|233|3|233|6.0,0.00128,24608.6,1,3,28898.775,503.381125,0,0,1,12641.6,12641.7,20710.1,20492.1,0.474829,0.506711
14|555|14|555|sample|3|233|3|233|6.0,0.0064,30317,2,3,28898.775,503.381125,0,0,1,14085,14085,20551.7,20350.7,1.19856,1.23531
14|555|14|555|sample|3|233|3|233|6.0,0.032,30352.5,3,3,28898.775,503.381125,0,0,1,14516.9,14517,17837.4,17724.2,1.76981,1.79722
14|555|14|555|sample|3|233|3|233|6.0,0.16,27001.3,4,3,28898.775,503.381125,0,0,1,14516.9,14517,14042,14063.8,2.32796,2.32042
14|555|14|555|sample|3|233|3|233|6.0,0.8,19262.3,5,3,28898.775,503.381125,0,0,1,14516.9,14517,10315.1,10464.3,2.18793,2.12078
14|555|14|555|sample|3|233|3|233|6.0,4,12503.1,6,3,28898.775,503.381125,0,0,1,14516.9,14517,7143.58,7366.55,1.89248,1.75885
14|555|14|555|sample|3|233|3|233|6.0,20,4208.17,7,3,28898.775,503.381125,0,0,1,14085,14085,4616.24,4843.63,-0.222982,-0.330935
14|555|14|555|sample|3|233|3|233|6.0,100,1591.82,8,3,28898.775,503.381125,0,0,1,12641.6,12641.7,2721.18,2898.76,-1.04688,-1.13728
14|555|14|555|sample|5|233|5|233|6.0,0.00128,23770.8,1,5,28898.775,503.381125,0,0,1,12641.6,12641.7,19573,20170.7,0.540979,0.450216
14|555|14|555|sample|5|233|5|233|6.0,0.0064,28151.5,2,5,28898.775,503.381125,0,0,1,14085,14085,19476.7,20041.4,1.12348,1.02075
14|555|14|555|sample|5|233|5|233|6.0,0.032,28584.6,3,5,28898.775,503.381125,0,0,1,14516.9,14517,17227.5,17546.7,1.66289,1.58677
14|555|14|555|sample|5|233|5|233|6.0,0.16,26270,4,5,28898.775,503.381125,0,0,1,14646.1,14646.2,14257.1,14215.2,2.12538,2.1391
14|555|14|555|sample|5|233|5|233|6.0,0.8,20440.9,5,5,28898.775,503.381125,0,0,1,14646.1,14646.2,11171.5,10779.2,2.09297,2.26096
14|555|14|555|sample|5|233|5|233|6.0,4,12070,6,5,28898.775,503.381125,0,0,1,14516.9,14517,8327.96,7705.91,1.13342,1.42854
14|555|14|555|sample|5|233|5|233|6.0,20,5130.46,7,5,28898.775,503.381125,0,0,1,14085,14085,5888.27,5201.76,-0.324634,-0.0345731
14|555|14|555|sample|5|233|5|233|6.0,100,1508.04,8,5,28898.775,503.381125,0,0,1,12641.6,12641.7,3779.07,3190.13,-1.51586,-1.33004
14|555|14|555|sample|6|233|6|233|6.0,0.00128,23728.2,1,6,28898.775,503.381125,0,0,1,12641.6,12641.7,20947.5,20338,0.334846,0.420479
14|555|14|555|sample|6|233|6|233|6.0,0.0064,28329,2,6,28898.775,503.381125,0,0,1,14085,14085,20791,20201.3,0.914545,1.01488
14|555|14|555|sample|6|233|6|233|6.0,0.032,28769.2,3,6,28898.775,503.381125,0,0,1,14516.9,14517,17979,17638,1.51386,1.5919
14|555|14|555|sample|6|233|6|233|6.0,0.16,26270,4,6,28898.775,503.381125,0,0,1,14646.1,14646.2,14145.2,14201.8,2.16216,2.1435
14|555|14|555|sample|6|233|6|233|6.0,0.8,18687.2,5,6,28898.775,503.381125,0,0,1,14646.1,14646.2,10230.4,10665,2.08515,1.89736
14|555|14|555|sample|6|233|6|233|6.0,4,12261.7,6,6,28898.775,503.381125,0,0,1,14516.9,14517,6883.71,7530.27,1.9707,1.58491
14|555|14|555|sample|6|233|6|233|6.0,20,5001.24,7,6,28898.775,503.381125,0,0,1,14085,14085,4355.37,5015.01,0.374058,-0.00692779
14|555|14|555|sample|6|233|6|233|6.0,100,1657.85,8,6,28898.775,503.381125,0,0,1,12641.6,12641.7,2520.37,3036.91,-0.863232,-1.14545
14|555|14|555|sample|7|233|7|233|6.0,0.00128,23266.7,1,7,28898.775,503.381125,0,0,1,12641.6,12641.7,24805.6,24782,-0.156489,-0.154234
14|555|14|555|sample|7|233|7|233|6.0,0.0064,28897,2,7,28898.775,503.381125,0,0,1,14085,14085,27138.1,27113.6,0.163491,0.165917
14|555|14|555|sample|7|233|7|233|6.0,0.032,29181,3,7,28898.775,503.381125,0,0,1,14516.9,14517,24591.6,24539.6,0.470753,0.477097
14|555|14|555|sample|7|233|7|233|6.0,0.16,18176,4,7,28898.775,503.381125,0,0,1,14646.1,14646.2,12856.9,12893.6,1.04357,1.03342
14|555|14|555|sample|7|233|7|233|6.0,0.8,4345.91,5,7,28898.775,503.381125,0,0,1,14646.1,14646.2,3037.86,3097.35,1.08613,1.01682
14|555|14|555|sample|7|233|7|233|6.0,4,579.076,6,7,28898.775,503.381125,0,0,1,14516.9,14517,843.959,859.917,-0.79169,-0.823808
14|555|14|555|sample|7|233|7|233|6.0,20,511.129,7,7,28898.775,503.381125,0,0,1,14085,14085,526.075,528.912,-0.0716618,-0.0848093
14|555|14|555|sample|7|233|7|233|6.0,100,514.679,8,7,28898.775,503.381125,0,0,1,12641.6,12641.7,438.642,438.732,0.437255,0.436649
14|555|14|555|sample|8|233|8|233|6.0,0.00128,24601.5,1,8,28898.775,503.381125,0,0,1,12641.6,12641.7,24744.2,24760.5,-0.0145508,-0.0161958
14|555|14|555|sample|8|233|8|233|6.0,0.0064,25545.8,2,8,28898.775,503.381125,0,0,1,14085,14085,26842.5,27003.3,-0.121856,-0.13615
14|555|14|555|sample|8|233|8|233|6.0,0.032,24601.5,3,8,28898.775,503.381125,0,0,1,14516.9,14517,23844.7,24242.5,0.0800555,0.0373584
14|555|14|555|sample|8|233|8|233|6.0,0.16,17068.4,4,8,28898.775,503.381125,0,0,1,14646.1,14646.2,13057.7,12975,0.774782,0.795787
14|555|14|555|sample|8|233|8|233|6.0,0.8,4732.86,5,8,28898.775,503.381125,0,0,1,14646.1,14646.2,3712.44,3362.12,0.693335,1.02841
14|555|14|555|sample|8|233|8|233|6.0,4,664.347,6,8,28898.775,503.381125,0,0,1,14516.9,14517,1061.88,940.308,-0.944318,-0.740288
14|555|14|555|sample|8|233|8|233|6.0,20,531.648,7,8,28898.775,503.381125,0,0,1,14085,14085,572.27,544.939,-0.179052,-0.0615209
14|555|14|555|sample|8|233|8|233|6.0,100,544.57,8,8,28898.775,503.381125,0,0,1,12641.6,12641.7,446.621,441.33,0.553204,0.590074
14|555|14|555|sample|9|233|9|233|6.0,0.00128,28400,1,9,28898.775,503.381125,0,0,1,12641.6,12641.7,20206.1,20558.4,1.0229,0.962143
14|555|14|555|sample|9|233|9|233|6.0,0.0064,27789.4,2,9,28898.775,503.381125,0,0,1,14085,14085,20062,20415.6,0.971584,0.911063
14|555|14|555|sample|9|233|9|233|6.0,0.032,29323,3,9,28898.775,503.381125,0,0,1,14516.9,14517,17554.6,17761.9,1.69102,1.64185
14|555|14|555|sample|9|233|9|233|6.0,0.16,27988.2,4,9,28898.775,503.381125,0,0,1,14646.1,14646.2,14208.8,14183.5,2.44623,2.45509
14|555|14|555|sample|9|233|9|233|6.0,0.8,19986.5,5,9,28898.775,503.381125,0,0,1,14646.1,14646.2,10760.1,10510.5,2.1629,2.27418
14|555|14|555|sample|9|233|9|233|6.0,4,11686.6,6,9,28898.775,503.381125,0,0,1,14516.9,14517,7679.9,7295.62,1.31599,1.51817
14|555|14|555|sample|9|233|9|233|6.0,20,4575.95,7,9,28898.775,503.381125,0,0,1,14085,14085,5175.77,4770.2,-0.292326,-0.102717
14|555|14|555|sample|9|233|9|233|6.0,100,1463.31,8,9,28898.775,503.381125,0,0,1,12641.6,12641.7,3170.93,2840.29,-1.3584,-1.22289
14|555|14|555|sample|10|233|10|233|6.0,0.00128,29102.9,1,10,28898.775,503.381125,0,0,1,12641.6,12641.7,20214,20155.2,1.10923,1.11982
14|555|14|555|sample|10|233|10|233|6.0,0.0064,25950.5,2,10,28898.775,503.381125,0,0,1,14085,14085,20069.5,20026.8,0.739152,0.746118
14|555|14|555|sample|10|233|10|233|6.0,0.032,29216.5,3,10,28898.775,503.381125,0,0,1,14516.9,14517,17558.9,17538.3,1.67469,1.67961
14|555|14|555|sample|10|233|10|233|6.0,0.16,26092.5,4,10,28898.775,503.381125,0,0,1,14516.9,14517,14083.2,14091,2.15098,2.14842
14|555|14|555|sample|10|233|10|233|6.0,0.8,22734.2,5,10,28898.775,503.381125,0,0,1,14516.9,14517,10660.2,10694.4,2.85697,2.83979
14|555|14|555|sample|10|233|10|233|6.0,4,12027.4,6,10,28898.775,503.381125,0,0,1,14516.9,14517,7671.63,7722.06,1.43219,1.40636
14|555|14|555|sample|10|233|10|233|6.0,20,4408.39,7,10,28898.775,503.381125,0,0,1,14085,14085,5166.92,5219.07,-0.370309,-0.391814
14|555|14|555|sample|10|233|10|233|6.0,100,1568.39,8,10,28898.775,503.381125,0,0,1,12641.6,12641.7,3163.62,3204.47,-1.27193,-1.28787
14|555|14|555|sample|12|233|12|233|6.0,0.00128,21044.4,1,12,28898.775,503.381125,0,0,1,12641.6,12641.7,24866,24844.9,-0.387667,-0.385858
14|555|14|555|sample|12|233|12|233|6.0,0.0064,21328.4,2,12,28898.775,503.381125,0,0,1,12641.6,12641.7,24787.4,24754.3,-0.352001,-0.349097
14|555|14|555|sample|12|233|12|233|6.0,0.032,18282.5,3,12,28898.775,503.381125,0,0,1,12641.6,12641.7,23267.6,23145.2,-0.540434,-0.529951
14|555|14|555|sample|12|233|12|233|6.0,0.16,8733,4,12,28898.775,503.381125,0,0,1,12641.6,12641.7,10396,10470.7,-0.403501,-0.418622
14|555|14|555|sample|12|233|12|233|6.0,0.8,1515.14,5,12,28898.775,503.381125,0,0,1,12641.6,12641.7,1219.97,1294.9,0.610299,0.42903
14|555|14|555|sample|12|233|12|233|6.0,4,461.713,6,12,28898.775,503.381125,0,0,1,12641.6,12641.7,472.893,480.07,-0.0596359,-0.096453
14|555|14|555|sample|12|233|12|233|6.0,20,405.268,7,12,28898.775,503.381125,0,0,1,12641.6,12641.7,435.611,435.818,-0.175705,-0.176821
14|555|14|555|sample|12|233|12|233|6.0,100,451.915,8,12,28898.775,503.381125,0,0,1,12641.6,12641.7,433.808,433.495,0.105289,0.107182
14|555|14|555|sample|11|233|11|233|6.0,0.00128,25631,1,11,28898.775,503.381125,0,0,1,12641.6,12641.7,24864.1,24845.1,0.0777975,0.0797887
14|555|14|555|sample|11|233|11|233|6.0,0.0064,26092.5,2,11,28898.775,503.381125,0,0,1,14085,14085,27575,27583.3,-0.135611,-0.136335
14|555|14|555|sample|11|233|11|233|6.0,0.032,21087,3,11,28898.775,503.381125,0,0,1,14085,14085,25706.7,25808.8,-0.453302,-0.461487
14|555|14|555|sample|11|233|11|233|6.0,0.16,8406.4,4,11,28898.775,503.381125,0,0,1,14085,14085,11682.2,11655.3,-0.707313,-0.703132
14|555|14|555|sample|11|233|11|233|6.0,0.8,1638.68,5,11,28898.775,503.381125,0,0,1,14085,14085,1492.19,1428.73,0.24763,0.370663
14|555|14|555|sample|11|233|11|233|6.0,4,580.851,6,11,28898.775,503.381125,0,0,1,14085,14085,540.535,533.407,0.188139,0.224359
14|555|14|555|sample|11|233|11|233|6.0,20,445.525,7,11,28898.775,503.381125,0,0,1,14085,14085,486.116,485.465,-0.210625,-0.207528
14|555|14|555|sample|11|233|11|233|6.0,100,520.004,8,11,28898.775,503.381125,0,0,1,12641.6,12641.7,433.873,433.488,0.500747,0.503431
14|555|14|555|cc|1|1|233|1|233|69.0,0,503.674,1,1,28898.775,503.381125,0,1,0,nan,nan,433.204,432.856,0.410329,0.412692
14|555|14|555|cc|2|1|233|1|233|69.0,0,542.014,2,1,28898.775,503.381125,0,1,0,nan,nan,433.204,432.856,0.633574,0.636117
14|555|14|555|cc|3|1|233|1|233|69.0,0,537.044,3,1,28898.775,503.381125,0,1,0,nan,nan,433.204,432.856,0.604635,0.607154
14|555|14|555|cc|4|1|233|1|233|69.0,0,528.24,4,1,28898.775,503.381125,0,1,0,nan,nan,433.204,432.856,0.553371,0.555849
14|555|14|555|cc|5|1|233|1|233|69.0,0,532.429,5,1,28898.775,503.381125,0,1,0,nan,nan,433.204,432.856,0.577763,0.58026
14|555|14|555|cc|6|1|233|1|233|69.0,0,472.363,6,1,28898.775,503.381125,0,1,0,nan,nan,433.204,432.856,0.228012,0.230228
14|555|14|555|cc|7|1|233|1|233|69.0,0,472.15,7,1,28898.775,503.381125,0,1,0,nan,nan,433.204,432.856,0.226772,0.228987
14|555|14|555|cc|8|1|233|1|233|69.0,0,439.135,8,1,28898.775,503.381125,0,1,0,nan,nan,433.204,432.856,0.0345329,0.036593
14|555|14|555|vc|1|2|233|2|233|69.0,0,27768.1,1,2,28898.775,503.381125,1,0,0,nan,nan,24870,24850,0.293944,0.296213
14|555|14|555|vc|2|2|233|2|233|69.0,0,28442.6,2,2,28898.775,503.381125,1,0,0,nan,nan,27692.4,27687.2,0.068332,0.0688165
14|555|14|555|vc|3|2|233|2|233|69.0,0,30267.3,3,2,28898.775,503.381125,1,0,0,nan,nan,27692.4,27687.2,0.23454,0.235056
14|555|14|555|vc|4|2|233|2|233|69.0,0,29216.5,4,2,28898.775,503.381125,1,0,0,nan,nan,27692.4,27687.2,0.138825,0.139323
14|555|14|555|vc|5|2|233|2|233|69.0,0,30246,5,2,28898.775,503.381125,1,0,0,nan,nan,27692.4,27687.2,0.2326,0.233115
14|555|14|555|vc|6|2|233|2|233|69.0,0,30757.2,6,2,28898.775,503.381125,1,0,0,nan,nan,27692.4,27687.2,0.279165,0.279688
14|555|14|555|vc|7|2|233|2|233|69.0,0,29692.2,7,2,28898.775,503.381125,1,0,0,nan,nan,27692.4,27687.2,0.182156,0.182661
14|555|14|555|vc|8|2|233|2|233|69.0,0,24800.3,8,2,28898.775,503.381125,1,0,0,nan,nan,24870,24850,-0.00706655,-0.00503998
14|394|14|394|sample|5|42|5|42|6.0,0.00128,37381.5,1,5,39545.1875,266.9225,0,0,1,17117.3,17117.4,27734.6,27689.1,0.877383,0.882968
14|394|14|394|sample|5|42|5|42|6.0,0.0064,32480.5,2,5,39545.1875,266.9225,0,0,1,19071.7,19071.8,27486.3,27460.8,0.45832,0.461088
14|394|14|394|sample|5|42|5|42|6.0,0.032,30270.5,3,5,39545.1875,266.9225,0,0,1,19656.6,19656.7,23942.3,23933,0.666715,0.667954
14|394|14|394|sample|5|42|5|42|6.0,0.16,21814,4,5,39545.1875,266.9225,0,0,1,19831.6,19831.6,19214.1,19222.9,0.341319,0.340006
14|394|14|394|sample|5|42|5|42|6.0,0.8,17010.5,5,5,39545.1875,266.9225,0,0,1,19831.6,19831.6,14351.2,14375.8,0.467408,0.462307
14|394|14|394|sample|5|42|5|42|6.0,4,13721.5,6,5,39545.1875,266.9225,0,0,1,19656.6,19656.7,10037.7,10070.5,0.925734,0.914487
14|394|14|394|sample|5|42|5|42|6.0,20,8372,7,5,39545.1875,266.9225,0,0,1,19071.7,19071.8,6576.08,6608.38,0.688878,0.673181
14|394|14|394|sample|5|42|5|42|6.0,100,3641.95,8,5,39545.1875,266.9225,0,0,1,17117.3,17117.4,3875.48,3899.02,-0.151999,-0.16631
14|394|14|394|sample|6|42|6|42|6.0,0.00128,38246,1,6,39545.1875,266.9225,0,0,1,17117.3,17117.4,27523.7,27953.1,0.982665,0.92882
14|394|14|394|sample|6|42|6|42|6.0,0.0064,34905,2,6,39545.1875,266.9225,0,0,1,19071.7,19071.8,27285.5,27715.9,0.704396,0.654283
14|394|14|394|sample|6|42|6|42|6.0,0.032,30316,3,6,39545.1875,266.9225,0,0,1,19656.6,19656.7,23827.9,24079.8,0.686843,0.653266
14|394|14|394|sample|6|42|6|42|6.0,0.16,20819.5,4,6,39545.1875,266.9225,0,0,1,19831.6,19831.6,19231.1,19201.3,0.208341,0.212585
14|394|14|394|sample|6|42|6|42|6.0,0.8,15775.5,5,6,39545.1875,266.9225,0,0,1,19831.6,19831.6,14494.6,14192.5,0.222909,0.281352
14|394|14|394|sample|6|42|6|42|6.0,4,11706.5,6,6,39545.1875,266.9225,0,0,1,19656.6,19656.7,10258.6,9790.91,0.356012,0.493518
14|394|14|394|sample|6|42|6|42|6.0,20,8404.5,7,6,39545.1875,266.9225,0,0,1,19071.7,19071.8,6811.53,6314.65,0.589908,0.83481
14|394|14|394|sample|6|42|6|42|6.0,100,3721.9,8,6,39545.1875,266.9225,0,0,1,17117.3,17117.4,4069.3,3661.3,-0.215346,0.0417491
14|394|14|394|sample|7|42|7|42|6.0,0.00128,38109.5,1,7,39545.1875,266.9225,0,0,1,17117.3,17117.4,20502.6,21521.2,2.16618,1.94427
14|394|14|394|sample|7|42|7|42|6.0,0.0064,38857,2,7,39545.1875,266.9225,0,0,1,19071.7,19071.8,21543.5,22316.6,2.02718,1.86957
14|394|14|394|sample|7|42|7|42|6.0,0.032,42445,3,7,39545.1875,266.9225,0,0,1,19656.6,19656.7,20851.1,21232.6,2.61231,2.52006
14|394|14|394|sample|7|42|7|42|6.0,0.16,38883,4,7,39545.1875,266.9225,0,0,1,19831.6,19831.6,19662.4,19610.5,2.46578,2.47899
14|394|14|394|sample|7|42|7|42|6.0,0.8,33826,5,7,39545.1875,266.9225,0,0,1,19831.6,19831.6,18290.4,17803.1,2.14254,2.27022
14|394|14|394|sample|7|42|7|42|6.0,4,28483,6,7,39545.1875,266.9225,0,0,1,19656.6,19656.7,16784.6,15888.6,1.75807,1.99946
14|394|14|394|sample|7|42|7|42|6.0,20,17907.5,7,7,39545.1875,266.9225,0,0,1,19071.7,19071.8,15009.3,13771,0.487074,0.757679
14|394|14|394|sample|7|42|7|42|6.0,100,11765,8,7,39545.1875,266.9225,0,0,1,17117.3,17117.4,12365.8,10958.5,-0.122551,0.18565
14|394|14|394|sample|8|42|8|42|6.0,0.00128,42640,1,8,39545.1875,266.9225,0,0,1,17117.3,17117.4,20489.5,21427.6,2.72692,2.49712
14|394|14|394|sample|8|42|8|42|6.0,0.0064,40423.5,2,8,39545.1875,266.9225,0,0,1,19071.7,19071.8,21533.7,22245.8,2.21273,2.06117
14|394|14|394|sample|8|42|8|42|6.0,0.032,39806,3,8,39545.1875,266.9225,0,0,1,19656.6,19656.7,20846.3,21197.6,2.29416,2.21433
14|394|14|394|sample|8|42|8|42|6.0,0.16,43758,4,8,39545.1875,266.9225,0,0,1,19831.6,19831.6,19663,19615.4,3.091,3.10464
14|394|14|394|sample|8|42|8|42|6.0,0.8,35867,5,8,39545.1875,266.9225,0,0,1,19831.6,19831.6,18296.5,17847.9,2.42236,2.54664
14|394|14|394|sample|8|42|8|42|6.0,4,28834,6,8,39545.1875,266.9225,0,0,1,19656.6,19656.7,16795.9,15970.4,1.8079,2.03174
14|394|14|394|sample|8|42|8|42|6.0,20,20111,7,8,39545.1875,266.9225,0,0,1,19071.7,19071.8,15025,13882.8,0.853856,1.13164
14|394|14|394|sample|8|42|8|42|6.0,100,11479,8,8,39545.1875,266.9225,0,0,1,17117.3,17117.4,12383.8,11083.4,-0.184296,0.0900421
14|394|14|394|sample|10|42|10|42|6.0,0.00128,33767.5,1,10,39545.1875,266.9225,0,0,1,17117.3,17117.4,30914.5,31269.7,0.23279,0.201488
14|394|14|394|sample|10|42|10|42|6.0,0.0064,22964.5,2,10,39545.1875,266.9225,0,0,1,19071.7,19071.8,30982.1,31487.4,-0.652763,-0.682771
14|394|14|394|sample|10|42|10|42|6.0,0.032,16341,3,10,39545.1875,266.9225,0,0,1,19656.6,19656.7,26154.4,26531,-0.946446,-0.968818
14|394|14|394|sample|10|42|10|42|6.0,0.16,12766,4,10,39545.1875,266.9225,0,0,1,19656.6,19656.7,18708.2,18659.9,-0.80119,-0.796741
14|394|14|394|sample|10|42|10|42|6.0,0.8,8833.5,5,10,39545.1875,266.9225,0,0,1,19656.6,19656.7,11532.4,11104.9,-0.590317,-0.51595
14|394|14|394|sample|10|42|10|42|6.0,4,6669,6,10,39545.1875,266.9225,0,0,1,19656.6,19656.7,6317.62,5808.94,0.140294,0.373468
14|394|14|394|sample|10|42|10|42|6.0,20,2575.3,7,10,39545.1875,266.9225,0,0,1,19071.7,19071.8,3157.63,2774.78,-0.465188,-0.181336
14|394|14|394|sample|10|42|10|42|6.0,100,1574.95,8,10,39545.1875,266.9225,0,0,1,17117.3,17117.4,1458.93,1240.53,0.200591,0.68
14|394|14|394|sample|9|42|9|42|6.0,0.00128,39286,1,9,39545.1875,266.9225,0,0,1,17117.3,17117.4,30794.3,31124,0.695582,0.661488
14|394|14|394|sample|9|42|9|42|6.0,0.0064,30569.5,2,9,39545.1875,266.9225,0,0,1,19071.7,19071.8,30827,31288.8,-0.0210721,-0.057991
14|394|14|394|sample|9|42|9|42|6.0,0.032,18928,3,9,39545.1875,266.9225,0,0,1,19656.6,19656.7,26044.6,26384.1,-0.689248,-0.712839
14|394|14|394|sample|9|42|9|42|6.0,0.16,14371.5,4,9,39545.1875,266.9225,0,0,1,19831.6,19831.6,18891.5,18849.4,-0.603526,-0.599243
14|394|14|394|sample|9|42|9|42|6.0,0.8,8996,5,9,39545.1875,266.9225,0,0,1,19831.6,19831.6,11766.6,11378.5,-0.593943,-0.528174
14|394|14|394|sample|9|42|9|42|6.0,4,5444.4,6,9,39545.1875,266.9225,0,0,1,19656.6,19656.7,6476.76,6010.25,-0.402064,-0.237484
14|394|14|394|sample|9|42|9|42|6.0,20,3246.75,7,9,39545.1875,266.9225,0,0,1,19071.7,19071.8,3281.38,2922.97,-0.0266187,0.279411
14|394|14|394|sample|9|42|9|42|6.0,100,1693.25,8,9,39545.1875,266.9225,0,0,1,17117.3,17117.4,1531.8,1323.11,0.26586,0.705664
14|394|14|394|sample|12|42|12|42|6.0,0.00128,35041.5,1,12,39545.1875,266.9225,0,0,1,17117.3,17117.4,27042,26835.5,0.746183,0.771343
14|394|14|394|sample|12|42|12|42|6.0,0.0064,35750,2,12,39545.1875,266.9225,0,0,1,17117.3,17117.4,24101.3,23931.8,1.21915,1.24566
14|394|14|394|sample|12|42|12|42|6.0,0.032,33351.5,3,12,39545.1875,266.9225,0,0,1,17117.3,17117.4,20545.8,20451.2,1.57218,1.59113
14|394|14|394|sample|12|42|12|42|6.0,0.16,24134.5,4,12,39545.1875,266.9225,0,0,1,17117.3,17117.4,16644.5,16648.5,1.1351,1.13421
14|394|14|394|sample|12|42|12|42|6.0,0.8,18018,5,12,39545.1875,266.9225,0,0,1,17117.3,17117.4,12794.4,12892.9,1.02984,1.0027
14|394|14|394|sample|12|42|12|42|6.0,4,12486.5,6,12,39545.1875,266.9225,0,0,1,17117.3,17117.4,9372.6,9535.77,0.838045,0.78054
14|394|14|394|sample|12|42|12|42|6.0,20,8521.5,7,12,39545.1875,266.9225,0,0,1,17117.3,17117.4,6603.05,6792.02,0.732871,0.6423
14|394|14|394|sample|12|42|12|42|6.0,100,5012.8,8,12,39545.1875,266.9225,0,0,1,17117.3,17117.4,4526.33,4709.17,0.271099,0.162637
14|394|14|394|sample|11|42|11|42|6.0,0.00128,40612,1,11,39545.1875,266.9225,0,0,1,17117.3,17117.4,27205.4,26952.2,1.24304,1.27841
14|394|14|394|sample|11|42|11|42|6.0,0.0064,40807,2,11,39545.1875,266.9225,0,0,1,19071.7,19071.8,26987.4,26770.9,1.29168,1.32253
14|394|14|394|sample|11|42|11|42|6.0,0.032,33462,3,11,39545.1875,266.9225,0,0,1,19071.7,19071.8,22959.2,22843.6,1.1539,1.17251
14|394|14|394|sample|11|42|11|42|6.0,0.16,24752,4,11,39545.1875,266.9225,0,0,1,19071.7,19071.8,18521.5,18541.2,0.848532,0.844958
14|394|14|394|sample|11|42|11|42|6.0,0.8,18401.5,5,11,39545.1875,266.9225,0,0,1,19071.7,19071.8,14144.6,14293.6,0.759144,0.724943
14|394|14|394|sample|11|42|11|42|6.0,4,15236,6,11,39545.1875,266.9225,0,0,1,19071.7,19071.8,10274.2,10509.7,1.21819,1.13435
14|394|14|394|sample|11|42|11|42|6.0,20,8359,7,11,39545.1875,266.9225,0,0,1,19071.7,19071.8,7168.47,7435.52,0.418925,0.313284
14|394|14|394|sample|11|42|11|42|6.0,100,5257.2,8,11,39545.1875,266.9225,0,0,1,17117.3,17117.4,4369.09,4594.68,0.512744,0.363717
14|394|14|394|sample|3|42|3|42|63.0,0.00128,19714.5,1,3,39545.1875,266.9225,0,0,1,17117.3,17288.1,33268,32989.3,-1.02766,-1.01503
14|394|14|394|sample|3|42|3|42|63.0,0.0064,18492.5,2,3,39545.1875,266.9225,0,0,1,19071.7,19262,34936.3,34367.6,-1.18727,-1.16517
14|394|14|394|sample|3|42|3|42|63.0,0.032,11667.5,3,3,39545.1875,266.9225,0,0,1,19656.6,19852.7,29781,29145.8,-1.53421,-1.51268
14|394|14|394|sample|3|42|3|42|63.0,0.16,9009,4,3,39545.1875,266.9225,0,0,1,19656.6,19852.7,18311.9,18447.2,-1.28147,-1.29057
14|394|14|394|sample|3|42|3|42|63.0,0.8,6145.1,5,3,39545.1875,266.9225,0,0,1,19656.6,19852.7,7852.9,8559.88,-0.548567,-0.711595
14|394|14|394|sample|3|42|3|42|63.0,4,4151.55,6,3,39545.1875,266.9225,0,0,1,19656.6,19852.7,2914.94,3428.13,1.0701,0.532297
14|394|14|394|sample|3|42|3|42|63.0,20,1883.7,7,3,39545.1875,266.9225,0,0,1,19071.7,19262,1257.36,1487.02,1.25654,0.6729
14|394|14|394|sample|3|42|3|42|63.0,100,672.75,8,3,39545.1875,266.9225,0,0,1,17117.3,17288.1,724.803,804.293,-0.181155,-0.412551
14|394|14|394|sample|4|42|4|42|63.0,0.00128,18733,1,4,39545.1875,266.9225,0,0,1,17117.3,17288.1,32760.8,32744.5,-1.08009,-1.07937
14|394|14|394|sample|4|42|4|42|63.0,0.0064,16620.5,2,4,39545.1875,266.9225,0,0,1,19071.7,19262,33859.5,33874.4,-1.28426,-1.28481
14|394|14|394|sample|4|42|4|42|63.0,0.032,13377,3,4,39545.1875,266.9225,0,0,1,19656.6,19852.7,28610.5,28636.4,-1.34307,-1.34413
14|394|14|394|sample|4|42|4|42|63.0,0.16,11953.5,4,4,39545.1875,266.9225,0,0,1,19831.6,20029.4,18690.8,18702.7,-0.909243,-0.91027
14|394|14|394|sample|4|42|4|42|63.0,0.8,7020,5,4,39545.1875,266.9225,0,0,1,19831.6,20029.4,9209.24,9202.02,-0.599642,-0.598133
14|394|14|394|sample|4|42|4|42|63.0,4,5218.2,6,4,39545.1875,266.9225,0,0,1,19656.6,19852.7,3893.23,3883.01,0.858454,0.867359
14|394|14|394|sample|4|42|4|42|63.0,20,1979.9,7,4,39545.1875,266.9225,0,0,1,19071.7,19262,1719.9,1713.58,0.381318,0.392028
14|394|14|394|sample|4|42|4|42|63.0,100,718.25,8,4,39545.1875,266.9225,0,0,1,17117.3,17288.1,894.572,891.293,-0.497181,-0.48973
14|394|14|394|cc|1|1|42|1|42|69.0,0,279.305,1,1,39545.1875,266.9225,0,1,0,nan,nan,229.71,229.525,0.544602,0.547073
14|394|14|394|cc|2|1|42|1|42|69.0,0,273.39,2,1,39545.1875,266.9225,0,1,0,nan,nan,229.71,229.525,0.479649,0.482068
14|394|14|394|cc|3|1|42|1|42|69.0,0,270.53,3,1,39545.1875,266.9225,0,1,0,nan,nan,229.71,229.525,0.448243,0.450637
14|394|14|394|cc|4|1|42|1|42|69.0,0,261.235,4,1,39545.1875,266.9225,0,1,0,nan,nan,229.71,229.525,0.346175,0.348486
14|394|14|394|cc|5|1|42|1|42|69.0,0,261.495,5,1,39545.1875,266.9225,0,1,0,nan,nan,229.71,229.525,0.34903,0.351343
14|394|14|394|cc|6|1|42|1|42|69.0,0,281.645,6,1,39545.1875,266.9225,0,1,0,nan,nan,229.71,229.525,0.570297,0.572789
14|394|14|394|cc|7|1|42|1|42|69.0,0,244.27,7,1,39545.1875,266.9225,0,1,0,nan,nan,229.71,229.525,0.159882,0.162043
14|394|14|394|cc|8|1|42|1|42|69.0,0,263.51,8,1,39545.1875,266.9225,0,1,0,nan,nan,229.71,229.525,0.371157,0.373488
14|394|14|394|vc|1|2|42|2|42|69.0,0,40183,1,2,39545.1875,266.9225,1,0,0,nan,nan,34032.1,34004.7,0.455904,0.458303
14|394|14|394|vc|2|2|42|2|42|69.0,0,39617.5,2,2,39545.1875,266.9225,1,0,0,nan,nan,37894.4,37887.3,0.114699,0.115192
14|394|14|394|vc|3|2|42|2|42|69.0,0,39240.5,3,2,39545.1875,266.9225,1,0,0,nan,nan,37894.4,37887.3,0.0896039,0.0900924
14|394|14|394|vc|4|2|42|2|42|69.0,0,41671.5,4,2,39545.1875,266.9225,1,0,0,nan,nan,37894.4,37887.3,0.251424,0.251943
14|394|14|394|vc|5|2|42|2|42|69.0,0,40521,5,2,39545.1875,266.9225,1,0,0,nan,nan,37894.4,37887.3,0.174841,0.175345
14|394|14|394|vc|6|2|42|2|42|69.0,0,39988,6,2,39545.1875,266.9225,1,0,0,nan,nan,37894.4,37887.3,0.139361,0.139859
14|394|14|394|vc|7|2|42|2|42|69.0,0,36250.5,7,2,39545.1875,266.9225,1,0,0,nan,nan,37894.4,37887.3,-0.109426,-0.108975
14|394|14|394|vc|8|2|42|2|42|69.0,0,38889.5,8,2,39545.1875,266.9225,1,0,0,nan,nan,34032.1,34004.7,0.36003,0.362352
14|1099|14|1099|sample|3|73|3|73|6.0,0.00128,7046,1,3,7869.875,295.221875,0,0,1,3510.76,4083.16,6804.85,6802.66,0.0893916,0.0902319
14|1099|14|1099|sample|3|73|3|73|6.0,0.0064,7702.5,2,3,7869.875,295.221875,0,0,1,3911.61,4083.16,6090.91,6089.2,0.667411,0.668309
14|1099|14|1099|sample|3|73|3|73|6.0,0.032,6302.4,3,3,7869.875,295.221875,0,0,1,4031.56,4083.16,5101.94,5101.71,0.593522,0.593661
14|1099|14|1099|sample|3|73|3|73|6.0,0.16,4467.45,4,3,7869.875,295.221875,0,0,1,4031.56,4083.16,3936.38,3938.27,0.340312,0.338938
14|1099|14|1099|sample|3|73|3|73|6.0,0.8,3406,5,3,7869.875,295.221875,0,0,1,4031.56,4083.16,2798.03,2801.6,0.548092,0.544179
14|1099|14|1099|sample|3|73|3|73|6.0,4,2157.35,6,3,7869.875,295.221875,0,0,1,4031.56,4083.16,1873,1877.07,0.382949,0.376644
14|1099|14|1099|sample|3|73|3|73|6.0,20,1314.95,7,3,7869.875,295.221875,0,0,1,3911.61,4083.16,1227.25,1230.84,0.180257,0.172374
14|1099|14|1099|sample|3|73|3|73|6.0,100,977.6,8,3,7869.875,295.221875,0,0,1,3510.76,4083.16,822.783,825.493,0.474629,0.464791
14|1099|14|1099|sample|4|73|4|73|6.0,0.00128,7481.5,1,4,7869.875,295.221875,0,0,1,3510.76,4083.16,6637.68,6716.61,0.320667,0.287257
14|1099|14|1099|sample|4|73|4|73|6.0,0.0064,6643,2,4,7869.875,295.221875,0,0,1,3911.61,4083.16,5933.85,6007.19,0.301457,0.266982
14|1099|14|1099|sample|4|73|4|73|6.0,0.032,5935.8,3,4,7869.875,295.221875,0,0,1,4031.56,4083.16,5009.34,5052.84,0.466519,0.440785
14|1099|14|1099|sample|4|73|4|73|6.0,0.16,4124.9,4,4,7869.875,295.221875,0,0,1,4067.45,4083.16,3950.3,3945.55,0.11149,0.114663
14|1099|14|1099|sample|4|73|4|73|6.0,0.8,3175.25,5,4,7869.875,295.221875,0,0,1,4067.45,4083.16,2911.67,2861.33,0.228344,0.276745
14|1099|14|1099|sample|4|73|4|73|6.0,4,2295.8,6,4,7869.875,295.221875,0,0,1,4031.56,4083.16,2037.16,1962.49,0.32025,0.42842
14|1099|14|1099|sample|4|73|4|73|6.0,20,1472.9,7,4,7869.875,295.221875,0,0,1,3911.61,4083.16,1390.55,1314.61,0.149375,0.303734
14|1099|14|1099|sample|4|73|4|73|6.0,100,1016.6,8,4,7869.875,295.221875,0,0,1,3510.76,4083.16,956.937,893.219,0.157268,0.348429
14|1099|14|1099|sample|5|73|5|73|6.0,0.00128,2156.7,1,5,7869.875,295.221875,0,0,1,3510.76,4083.16,6068.09,6216.87,-1.62593,-1.64738
14|1099|14|1099|sample|5|73|5|73|6.0,0.0064,4521.4,2,5,7869.875,295.221875,0,0,1,3911.61,4083.16,5455.79,5574.29,-0.432009,-0.476448
14|1099|14|1099|sample|5|73|5|73|6.0,0.032,4678.7,3,5,7869.875,295.221875,0,0,1,4031.56,4083.16,4747.97,4810.98,-0.0368001,-0.0693551
14|1099|14|1099|sample|5|73|5|73|6.0,0.16,4338.1,4,5,7869.875,295.221875,0,0,1,4067.45,4083.16,3988.73,3980.88,0.220939,0.22635
14|1099|14|1099|sample|5|73|5|73|6.0,0.8,3880.5,5,5,7869.875,295.221875,0,0,1,4067.45,4083.16,3237.02,3160.5,0.501437,0.574643
14|1099|14|1099|sample|5|73|5|73|6.0,4,2618.2,6,5,7869.875,295.221875,0,0,1,4031.56,4083.16,2549.5,2422.91,0.0679714,0.203312
14|1099|14|1099|sample|5|73|5|73|6.0,20,2187.25,7,5,7869.875,295.221875,0,0,1,3911.61,4083.16,1964.84,1814.06,0.285528,0.518918
14|1099|14|1099|sample|5|73|5|73|6.0,100,1243.45,8,5,7869.875,295.221875,0,0,1,3510.76,4083.16,1497.65,1345.95,-0.428136,-0.192095
14|1099|14|1099|sample|6|73|6|73|6.0,0.00128,2173.6,1,6,7869.875,295.221875,0,0,1,3510.76,4083.16,5901.46,6018.45,-1.59339,-1.61145
14|1099|14|1099|sample|6|73|6|73|6.0,0.0064,4706,2,6,7869.875,295.221875,0,0,1,3911.61,4083.16,5327.74,5417.51,-0.294368,-0.331288
14|1099|14|1099|sample|6|73|6|73|6.0,0.032,4895.8,3,6,7869.875,295.221875,0,0,1,4031.56,4083.16,4681.92,4728.61,0.115231,0.0891877
14|1099|14|1099|sample|6|73|6|73|6.0,0.16,4835.35,4,6,7869.875,295.221875,0,0,1,4067.45,4083.16,3998.28,3992.7,0.528095,0.532361
14|1099|14|1099|sample|6|73|6|73|6.0,0.8,3753.1,5,6,7869.875,295.221875,0,0,1,4067.45,4083.16,3320.13,3263.56,0.328947,0.378374
14|1099|14|1099|sample|6|73|6|73|6.0,4,2828.8,6,6,7869.875,295.221875,0,0,1,4031.56,4083.16,2689.43,2593.05,0.130721,0.229326
14|1099|14|1099|sample|6|73|6|73|6.0,20,2241.2,7,6,7869.875,295.221875,0,0,1,3911.61,4083.16,2137.06,2017.46,0.122922,0.279743
14|1099|14|1099|sample|6|73|6|73|6.0,100,1610.7,8,6,7869.875,295.221875,0,0,1,3510.76,4083.16,1678.19,1551.81,-0.101437,0.0957285
14|1099|14|1099|sample|8|73|8|73|6.0,0.00128,3918.2,1,8,7869.875,295.221875,0,0,1,3510.76,4083.16,3940.08,4486.71,-0.0140104,-0.319621
14|1099|14|1099|sample|8|73|8|73|6.0,0.0064,7462,2,8,7869.875,295.221875,0,0,1,3911.61,4083.16,3989.8,4347.08,2.19522,1.80748
14|1099|14|1099|sample|8|73|8|73|6.0,0.032,7241,3,8,7869.875,295.221875,0,0,1,4031.56,4083.16,4039.54,4206.71,1.99912,1.81944
14|1099|14|1099|sample|8|73|8|73|6.0,0.16,6539,4,8,7869.875,295.221875,0,0,1,4067.45,4083.16,4089.3,4066.01,1.51108,1.53418
14|1099|14|1099|sample|8|73|8|73|6.0,0.8,6792.5,5,8,7869.875,295.221875,0,0,1,4067.45,4083.16,4139.05,3925.35,1.61708,1.84245
14|1099|14|1099|sample|8|73|8|73|6.0,4,6191.9,6,8,7869.875,295.221875,0,0,1,4031.56,4083.16,4188.79,3785.13,1.20625,1.6039
14|1099|14|1099|sample|8|73|8|73|6.0,20,4473.95,7,8,7869.875,295.221875,0,0,1,3911.61,4083.16,4238.49,3645.72,0.140127,0.573045
14|1099|14|1099|sample|8|73|8|73|6.0,100,2483.65,8,8,7869.875,295.221875,0,0,1,3510.76,4083.16,4288.14,3507.51,-1.06147,-0.736316
14|1099|14|1099|sample|7|73|7|73|6.0,0.00128,4726.8,1,7,7869.875,295.221875,0,0,1,3510.76,4083.16,4835.37,4779.2,-0.056639,-0.0276587
14|1099|14|1099|sample|7|73|7|73|6.0,0.0064,5435.3,2,7,7869.875,295.221875,0,0,1,3911.61,4083.16,4577.66,4540.34,0.472587,0.497205
14|1099|14|1099|sample|7|73|7|73|6.0,0.032,5294.9,3,7,7869.875,295.221875,0,0,1,4031.56,4083.16,4315.21,4297.74,0.572677,0.585261
14|1099|14|1099|sample|7|73|7|73|6.0,0.16,6222.45,4,7,7869.875,295.221875,0,0,1,4067.45,4083.16,4050.5,4053.35,1.35258,1.34986
14|1099|14|1099|sample|7|73|7|73|6.0,0.8,5335.85,5,7,7869.875,295.221875,0,0,1,4067.45,4083.16,3786.1,3809.2,1.0325,1.01094
14|1099|14|1099|sample|7|73|7|73|6.0,4,4543.5,6,7,7869.875,295.221875,0,0,1,4031.56,4083.16,3524.59,3567.33,0.729202,0.690247
14|1099|14|1099|sample|7|73|7|73|6.0,20,3995.55,7,7,7869.875,295.221875,0,0,1,3911.61,4083.16,3268.42,3329.67,0.561175,0.504448
14|1099|14|1099|sample|7|73|7|73|6.0,100,2592.2,8,7,7869.875,295.221875,0,0,1,3510.76,4083.16,3019.83,3098.04,-0.357198,-0.411856
14|1099|14|1099|sample|9|73|9|73|6.0,0.00128,7325.5,1,9,7869.875,295.221875,0,0,1,3510.76,4083.16,6751.31,6687.05,0.214529,0.240832
14|1099|14|1099|sample|9|73|9|73|6.0,0.0064,5971.55,2,9,7869.875,295.221875,0,0,1,3911.61,4083.16,6039.53,5979.62,-0.0283926,-0.0034061
14|1099|14|1099|sample|9|73|9|73|6.0,0.032,5183.75,3,9,7869.875,295.221875,0,0,1,4031.56,4083.16,5071.19,5036.67,0.0559868,0.0736591
14|1099|14|1099|sample|9|73|9|73|6.0,0.16,4508.4,4,9,7869.875,295.221875,0,0,1,4067.45,4083.16,3941.02,3947.94,0.36315,0.358091
14|1099|14|1099|sample|9|73|9|73|6.0,0.8,3333.85,5,9,7869.875,295.221875,0,0,1,4067.45,4083.16,2835.65,2881.15,0.44317,0.396342
14|1099|14|1099|sample|9|73|9|73|6.0,4,2406.3,6,9,7869.875,295.221875,0,0,1,4031.56,4083.16,1926.45,1991.33,0.62831,0.525647
14|1099|14|1099|sample|9|73|9|73|6.0,20,1592.5,7,9,7869.875,295.221875,0,0,1,3911.61,4083.16,1279.24,1343.55,0.617692,0.467391
14|1099|14|1099|sample|9|73|9|73|6.0,100,912.6,8,9,7869.875,295.221875,0,0,1,3510.76,4083.16,864.457,917.206,0.140479,-0.0126684
14|1099|14|1099|sample|10|73|10|73|6.0,0.00128,7078.5,1,10,7869.875,295.221875,0,0,1,3510.76,4083.16,6477.67,6581.88,0.233965,0.190326
14|1099|14|1099|sample|10|73|10|73|6.0,0.0064,6256.25,2,10,7869.875,295.221875,0,0,1,3911.61,4083.16,5791.8,5883.86,0.202276,0.159646
14|1099|14|1099|sample|10|73|10|73|6.0,0.032,5591.3,3,10,7869.875,295.221875,0,0,1,4031.56,4083.16,4928.81,4981.4,0.339048,0.30884
14|1099|14|1099|sample|10|73|10|73|6.0,0.16,4080.05,4,10,7869.875,295.221875,0,0,1,4031.56,4083.16,3962.27,3956.1,0.0749834,0.079035
14|1099|14|1099|sample|10|73|10|73|6.0,0.8,3553.55,5,10,7869.875,295.221875,0,0,1,4031.56,4083.16,3011.24,2949.11,0.454282,0.516989
14|1099|14|1099|sample|10|73|10|73|6.0,4,1853.8,6,10,7869.875,295.221875,0,0,1,4031.56,4083.16,2187.54,2092.09,-0.384831,-0.287307
14|1099|14|1099|sample|10|73|10|73|6.0,20,1829.75,7,10,7869.875,295.221875,0,0,1,3911.61,4083.16,1549.31,1447.2,0.456588,0.666779
14|1099|14|1099|sample|10|73|10|73|6.0,100,1097.2,8,10,7869.875,295.221875,0,0,1,3510.76,4083.16,1096.17,1005.5,0.00237915,0.230055
14|1099|14|1099|sample|11|73|11|73|6.0,0.00128,7644,1,11,7869.875,295.221875,0,0,1,3510.76,4083.16,4704.1,4915.44,1.57645,1.40021
14|1099|14|1099|sample|11|73|11|73|6.0,0.0064,7397,2,11,7869.875,295.221875,0,0,1,3911.61,4083.16,4490.36,4631.39,1.6328,1.50627
14|1099|14|1099|sample|11|73|11|73|6.0,0.032,6766.5,3,11,7869.875,295.221875,0,0,1,3911.61,4083.16,4273.96,4340.9,1.47107,1.40949
14|1099|14|1099|sample|11|73|11|73|6.0,0.16,7202,4,11,7869.875,295.221875,0,0,1,3911.61,4083.16,4056.31,4047.33,1.95617,1.96611
14|1099|14|1099|sample|11|73|11|73|6.0,0.8,6379.75,5,11,7869.875,295.221875,0,0,1,3911.61,4083.16,3838.84,3754.19,1.6696,1.76412
14|1099|14|1099|sample|11|73|11|73|6.0,4,5507.45,6,11,7869.875,295.221875,0,0,1,3911.61,4083.16,3622.97,3464.97,1.31204,1.4869
14|1099|14|1099|sample|11|73|11|73|6.0,20,4337.45,7,11,7869.875,295.221875,0,0,1,3911.61,4083.16,3410.1,3182.97,0.685959,0.914906
14|1099|14|1099|sample|11|73|11|73|6.0,100,2754.05,8,11,7869.875,295.221875,0,0,1,3510.76,4083.16,3201.53,2911.17,-0.352566,-0.136143
14|1099|14|1099|sample|12|73|12|73|6.0,0.00128,8274.5,1,12,7869.875,295.221875,0,0,1,3510.76,4083.16,4835.39,5041.54,1.79406,1.61756
14|1099|14|1099|sample|12|73|12|73|6.0,0.0064,6929,2,12,7869.875,295.221875,0,0,1,3510.76,4083.16,4577.67,4716.43,1.29566,1.18333
14|1099|14|1099|sample|12|73|12|73|6.0,0.032,7247.5,3,12,7869.875,295.221875,0,0,1,3510.76,4083.16,4315.21,4381.44,1.71406,1.65003
14|1099|14|1099|sample|12|73|12|73|6.0,0.16,7312.5,4,12,7869.875,295.221875,0,0,1,3510.76,4083.16,4050.5,4041.67,2.03142,2.04136
14|1099|14|1099|sample|12|73|12|73|6.0,0.8,6961.5,5,12,7869.875,295.221875,0,0,1,3510.76,4083.16,3786.1,3702.58,2.11558,2.2202
14|1099|14|1099|sample|12|73|12|73|6.0,4,4681.95,6,12,7869.875,295.221875,0,0,1,3510.76,4083.16,3524.58,3369.54,0.828298,0.982479
14|1099|14|1099|sample|12|73|12|73|6.0,20,3630.9,7,12,7869.875,295.221875,0,0,1,3510.76,4083.16,3268.4,3047.56,0.279765,0.482825
14|1099|14|1099|sample|12|73|12|73|6.0,100,3244.15,8,12,7869.875,295.221875,0,0,1,3510.76,4083.16,3019.81,2741,0.187392,0.463034
14|1099|14|1099|cc|1|1|73|1|73|69.0,0,283.465,1,1,7869.875,295.221875,0,1,0,nan,nan,295.222,295.222,-0.100454,-0.100454
14|1099|14|1099|cc|2|1|73|1|73|69.0,0,291.915,2,1,7869.875,295.221875,0,1,0,nan,nan,295.222,295.222,-0.0282546,-0.0282546
14|1099|14|1099|cc|3|1|73|1|73|69.0,0,306.605,3,1,7869.875,295.221875,0,1,0,nan,nan,295.222,295.222,0.0972605,0.0972605
14|1099|14|1099|cc|4|1|73|1|73|69.0,0,277.095,4,1,7869.875,295.221875,0,1,0,nan,nan,295.222,295.222,-0.15488,-0.15488
14|1099|14|1099|cc|5|1|73|1|73|69.0,0,283.14,5,1,7869.875,295.221875,0,1,0,nan,nan,295.222,295.222,-0.10323,-0.10323
14|1099|14|1099|cc|6|1|73|1|73|69.0,0,296.92,6,1,7869.875,295.221875,0,1,0,nan,nan,295.222,295.222,0.0145094,0.0145094
14|1099|14|1099|cc|7|1|73|1|73|69.0,0,290.745,7,1,7869.875,295.221875,0,1,0,nan,nan,295.222,295.222,-0.0382514,-0.0382514
14|1099|14|1099|cc|8|1|73|1|73|69.0,0,331.89,8,1,7869.875,295.221875,0,1,0,nan,nan,295.222,295.222,0.313302,0.313302
14|1099|14|1099|vc|1|2|73|2|73|69.0,0,7826,1,2,7869.875,295.221875,1,0,0,nan,nan,7869.87,7869.87,-0.0140626,-0.0140626
14|1099|14|1099|vc|2|2|73|2|73|69.0,0,7676.5,2,2,7869.875,295.221875,1,0,0,nan,nan,7869.87,7869.87,-0.0619805,-0.0619805
14|1099|14|1099|vc|3|2|73|2|73|69.0,0,7787,3,2,7869.875,295.221875,1,0,0,nan,nan,7869.87,7869.87,-0.0265631,-0.0265631
14|1099|14|1099|vc|4|2|73|2|73|69.0,0,8339.5,4,2,7869.875,295.221875,1,0,0,nan,nan,7869.87,7869.87,0.150524,0.150524
14|1099|14|1099|vc|5|2|73|2|73|69.0,0,7150,5,2,7869.875,295.221875,1,0,0,nan,nan,7869.87,7869.87,-0.230734,-0.230734
14|1099|14|1099|vc|6|2|73|2|73|69.0,0,7995,6,2,7869.875,295.221875,1,0,0,nan,nan,7869.87,7869.87,0.040105,0.040105
14|1099|14|1099|vc|7|2|73|2|73|69.0,0,8664.5,7,2,7869.875,295.221875,1,0,0,nan,nan,7869.87,7869.87,0.254693,0.254693
14|1099|14|1099|vc|8|2|73|2|73|69.0,0,7520.5,8,2,7869.875,295.221875,1,0,0,nan,nan,7869.87,7869.87,-0.111981,-0.111981
14|611|14|611|sample|4|73|4|73|6.0,0.00128,8222.5,1,4,9355.125,389.553125,0,0,1,4189.9,4872.95,5214.95,4928.51,1.45474,1.68589
14|611|14|611|sample|4|73|4|73|6.0,0.0064,9906,2,4,9355.125,389.553125,0,0,1,4668.29,4872.95,5096.32,4909.21,2.38058,2.56745
14|611|14|611|sample|4|73|4|73|6.0,0.032,10530,3,4,9355.125,389.553125,0,0,1,4811.44,4872.95,4977.37,4889.9,2.81398,2.90944
14|611|14|611|sample|4|73|4|73|6.0,0.16,10068.5,4,4,9355.125,389.553125,0,0,1,4854.28,4872.95,4858.27,4870.6,2.70519,2.69195
14|611|14|611|sample|4|73|4|73|6.0,0.8,9295,5,4,9355.125,389.553125,0,0,1,4854.28,4872.95,4739.2,4851.3,2.42484,2.31052
14|611|14|611|sample|4|73|4|73|6.0,4,8489,6,4,9355.125,389.553125,0,0,1,4811.44,4872.95,4620.31,4832,2.11211,1.90907
14|611|14|611|sample|4|73|4|73|6.0,20,7923.5,7,4,9355.125,389.553125,0,0,1,4668.29,4872.95,4501.78,4812.7,1.91727,1.63045
14|611|14|611|sample|4|73|4|73|6.0,100,6156.15,8,4,9355.125,389.553125,0,0,1,4189.9,4872.95,4383.76,4793.4,1.01984,0.717125
14|611|14|611|sample|3|73|3|73|6.0,0.00128,9132.5,1,3,9355.125,389.553125,0,0,1,4189.9,4872.95,4655.32,4903.74,2.42593,2.17524
14|611|14|611|sample|3|73|3|73|6.0,0.0064,10361,2,3,9355.125,389.553125,0,0,1,4668.29,4872.95,4730.91,4893.05,3.00188,2.81883
14|611|14|611|sample|3|73|3|73|6.0,0.032,10159.5,3,3,9355.125,389.553125,0,0,1,4811.44,4872.95,4806.58,4882.35,2.80917,2.72642
14|611|14|611|sample|3|73|3|73|6.0,0.16,10634,4,3,9355.125,389.553125,0,0,1,4811.44,4872.95,4882.29,4871.65,2.97164,2.98364
14|611|14|611|sample|3|73|3|73|6.0,0.8,10543,5,3,9355.125,389.553125,0,0,1,4811.44,4872.95,4957.99,4860.95,2.84145,2.94853
14|611|14|611|sample|3|73|3|73|6.0,4,9542,6,3,9355.125,389.553125,0,0,1,4811.44,4872.95,5033.65,4850.26,2.25921,2.44001
14|611|14|611|sample|3|73|3|73|6.0,20,8385,7,3,9355.125,389.553125,0,0,1,4668.29,4872.95,5109.21,4839.56,1.61728,1.84794
14|611|14|611|sample|3|73|3|73|6.0,100,5422.95,8,3,9355.125,389.553125,0,0,1,4189.9,4872.95,5184.64,4828.86,0.115942,0.310333
14|611|14|611|sample|5|73|5|73|6.0,0.00128,7332,1,5,9355.125,389.553125,0,0,1,4189.9,4872.95,5473.17,5726.03,0.856687,0.707467
14|611|14|611|sample|5|73|5|73|6.0,0.0064,11089,2,5,9355.125,389.553125,0,0,1,4668.29,4872.95,5265.88,5433.55,2.78938,2.62546
14|611|14|611|sample|5|73|5|73|6.0,0.032,11245,3,5,9355.125,389.553125,0,0,1,4811.44,4872.95,5056.88,5136.14,3.08673,3.00018
14|611|14|611|sample|5|73|5|73|6.0,0.16,11004.5,4,5,9355.125,389.553125,0,0,1,4854.28,4872.95,4847.08,4836.38,3.20436,3.21703
14|611|14|611|sample|5|73|5|73|6.0,0.8,9509.5,5,5,9355.125,389.553125,0,0,1,4854.28,4872.95,4637.39,4536.95,2.65012,2.76464
14|611|14|611|sample|5|73|5|73|6.0,4,7117.5,6,5,9355.125,389.553125,0,0,1,4811.44,4872.95,4428.73,4240.5,1.53143,1.71137
14|611|14|611|sample|5|73|5|73|6.0,20,5870.8,7,5,9355.125,389.553125,0,0,1,4668.29,4872.95,4221.99,3949.6,0.985087,1.227
14|611|14|611|sample|5|73|5|73|6.0,100,2986.75,8,5,9355.125,389.553125,0,0,1,4189.9,4872.95,4018.05,3666.6,-0.647429,-0.467703
14|611|14|611|sample|6|73|6|73|6.0,0.00128,8183.5,1,6,9355.125,389.553125,0,0,1,4189.9,4872.95,5546.54,5546.46,1.19924,1.19929
14|611|14|611|sample|6|73|6|73|6.0,0.0064,11836.5,2,6,9355.125,389.553125,0,0,1,4668.29,4872.95,5314.31,5314.37,3.09578,3.09571
14|611|14|611|sample|6|73|6|73|6.0,0.032,11141,3,6,9355.125,389.553125,0,0,1,4811.44,4872.95,5079.66,5079.86,3.00993,3.00971
14|611|14|611|sample|6|73|6|73|6.0,0.16,10679.5,4,6,9355.125,389.553125,0,0,1,4854.28,4872.95,4843.87,4844.21,3.03891,3.03852
14|611|14|611|sample|6|73|6|73|6.0,0.8,9431.5,5,6,9355.125,389.553125,0,0,1,4854.28,4872.95,4608.24,4608.72,2.64014,2.63961
14|611|14|611|sample|6|73|6|73|6.0,4,8131.5,6,6,9355.125,389.553125,0,0,1,4811.44,4872.95,4374.08,4374.68,2.16684,2.16619
14|611|14|611|sample|6|73|6|73|6.0,20,6818.5,7,6,9355.125,389.553125,0,0,1,4668.29,4872.95,4142.63,4143.37,1.62934,1.6286
14|611|14|611|sample|6|73|6|73|6.0,100,3272.1,8,6,9355.125,389.553125,0,0,1,4189.9,4872.95,3915.12,3915.98,-0.41429,-0.414748
14|611|14|611|sample|7|73|7|73|6.0,0.00128,8190,1,7,9355.125,389.553125,0,0,1,4189.9,4872.95,5030.56,5167.44,1.58422,1.47544
14|611|14|611|sample|7|73|7|73|6.0,0.0064,11719.5,2,7,9355.125,389.553125,0,0,1,4668.29,4872.95,4975.8,5065.28,3.41868,3.31372
14|611|14|611|sample|7|73|7|73|6.0,0.032,11687,3,7,9355.125,389.553125,0,0,1,4811.44,4872.95,4921.01,4962.92,3.46817,3.41758
14|611|14|611|sample|7|73|7|73|6.0,0.16,10393.5,4,7,9355.125,389.553125,0,0,1,4854.28,4872.95,4866.2,4860.46,2.86514,2.8715
14|611|14|611|sample|7|73|7|73|6.0,0.8,10146.5,5,7,9355.125,389.553125,0,0,1,4854.28,4872.95,4811.39,4758.02,2.79702,2.85668
14|611|14|611|sample|7|73|7|73|6.0,4,8924.5,6,7,9355.125,389.553125,0,0,1,4811.44,4872.95,4756.61,4655.7,2.21025,2.31283
14|611|14|611|sample|7|73|7|73|6.0,20,7598.5,7,7,9355.125,389.553125,0,0,1,4668.29,4872.95,4701.85,4553.6,1.55399,1.68671
14|611|14|611|sample|7|73|7|73|6.0,100,5283.85,8,7,9355.125,389.553125,0,0,1,4189.9,4872.95,4647.15,4451.84,0.345596,0.471424
14|611|14|611|sample|8|73|8|73|6.0,0.00128,9054.5,1,8,9355.125,389.553125,0,0,1,4189.9,4872.95,4827.8,4823.02,2.20838,2.21308
14|611|14|611|sample|8|73|8|73|6.0,0.0064,10913.5,2,8,9355.125,389.553125,0,0,1,4668.29,4872.95,4843.5,4840.37,3.1612,3.16488
14|611|14|611|sample|8|73|8|73|6.0,0.032,12870,3,8,9355.125,389.553125,0,0,1,4811.44,4872.95,4859.19,4857.72,4.15848,4.16051
14|611|14|611|sample|8|73|8|73|6.0,0.16,11030.5,4,8,9355.125,389.553125,0,0,1,4854.28,4872.95,4874.89,4875.07,3.18514,3.18493
14|611|14|611|sample|8|73|8|73|6.0,0.8,10770.5,5,8,9355.125,389.553125,0,0,1,4854.28,4872.95,4890.59,4892.42,3.03272,3.03064
14|611|14|611|sample|8|73|8|73|6.0,4,10413,6,8,9355.125,389.553125,0,0,1,4811.44,4872.95,4906.28,4909.77,2.83115,2.82734
14|611|14|611|sample|8|73|8|73|6.0,20,8690.5,7,8,9355.125,389.553125,0,0,1,4668.29,4872.95,4921.97,4927.12,1.93132,1.92667
14|611|14|611|sample|8|73|8|73|6.0,100,6922.5,8,8,9355.125,389.553125,0,0,1,4189.9,4872.95,4937.67,4944.47,1.01397,1.0091
14|611|14|611|sample|9|73|9|73|6.0,0.00128,10101,1,9,9355.125,389.553125,0,0,1,4189.9,4872.95,7841.12,7739.98,0.726991,0.769452
14|611|14|611|sample|9|73|9|73|6.0,0.0064,9516,2,9,9355.125,389.553125,0,0,1,4668.29,4872.95,7013.35,6924.31,0.900113,0.944123
14|611|14|611|sample|9|73|9|73|6.0,0.032,9340.5,3,9,9355.125,389.553125,0,0,1,4811.44,4872.95,5940.43,5890.89,1.44375,1.47711
14|611|14|611|sample|9|73|9|73|6.0,0.16,7949.5,4,9,9355.125,389.553125,0,0,1,4854.28,4872.95,4719.98,4729.18,1.72591,1.71765
14|611|14|611|sample|9|73|9|73|6.0,0.8,5449.6,5,9,9355.125,389.553125,0,0,1,4854.28,4872.95,3521.83,3586.5,1.38073,1.31035
14|611|14|611|sample|9|73|9|73|6.0,4,3717.35,6,9,9355.125,389.553125,0,0,1,4811.44,4872.95,2504.1,2600.99,1.22214,1.08265
14|611|14|611|sample|9|73|9|73|6.0,20,2372.5,7,9,9355.125,389.553125,0,0,1,4668.29,4872.95,1740.62,1842.89,0.915696,0.7249
14|611|14|611|sample|9|73|9|73|6.0,100,865.15,8,9,9355.125,389.553125,0,0,1,4189.9,4872.95,1219.6,1309.45,-0.733094,-0.855877
14|611|14|611|sample|10|73|10|73|6.0,0.00128,9191,1,10,9355.125,389.553125,0,0,1,4189.9,4872.95,7126.84,7365.67,0.730581,0.625102
14|611|14|611|sample|10|73|10|73|6.0,0.0064,10439,2,10,9355.125,389.553125,0,0,1,4668.29,4872.95,6423.61,6611.48,1.57678,1.4603
14|611|14|611|sample|10|73|10|73|6.0,0.032,8762,3,10,9355.125,389.553125,0,0,1,4811.44,4872.95,5621.45,5720.37,1.40922,1.34124
14|611|14|611|sample|10|73|10|73|6.0,0.16,7709,4,10,9355.125,389.553125,0,0,1,4811.44,4872.95,4766.74,4753.91,1.55698,1.56799
14|611|14|611|sample|10|73|10|73|6.0,0.8,5874.7,5,10,9355.125,389.553125,0,0,1,4811.44,4872.95,3919.69,3798.4,1.25812,1.37883
14|611|14|611|sample|10|73|10|73|6.0,4,4806.1,6,10,9355.125,389.553125,0,0,1,4811.44,4872.95,3138.41,2936.38,1.34038,1.60615
14|611|14|611|sample|10|73|10|73|6.0,20,2637.7,7,10,9355.125,389.553125,0,0,1,4668.29,4872.95,2464.13,2220.61,0.177677,0.473778
14|611|14|611|sample|10|73|10|73|6.0,100,1036.75,8,10,9355.125,389.553125,0,0,1,4189.9,4872.95,1914.76,1666.12,-1.15666,-0.952843
14|611|14|611|sample|12|73|12|73|6.0,0.00128,9633,1,12,9355.125,389.553125,0,0,1,4189.9,4872.95,5437.5,5253.15,1.94629,2.10311
14|611|14|611|sample|12|73|12|73|6.0,0.0064,10757.5,2,12,9355.125,389.553125,0,0,1,4189.9,4872.95,5242.38,5121.4,2.65368,2.77596
14|611|14|611|sample|12|73|12|73|6.0,0.032,11349,3,12,9355.125,389.553125,0,0,1,4189.9,4872.95,5045.84,4989.21,3.15099,3.21539
14|611|14|611|sample|12|73|12|73|6.0,0.16,9652.5,4,12,9355.125,389.553125,0,0,1,4189.9,4872.95,4848.63,4856.81,2.49916,2.4907
14|611|14|611|sample|12|73|12|73|6.0,0.8,9555,5,12,9355.125,389.553125,0,0,1,4189.9,4872.95,4651.52,4724.45,2.65908,2.5791
14|611|14|611|sample|12|73|12|73|6.0,4,8632,6,12,9355.125,389.553125,0,0,1,4189.9,4872.95,4455.27,4592.34,2.36475,2.21887
14|611|14|611|sample|12|73|12|73|6.0,20,7735,7,12,9355.125,389.553125,0,0,1,4189.9,4872.95,4260.61,4460.72,2.05698,1.85154
14|611|14|611|sample|12|73|12|73|6.0,100,5118.75,8,12,9355.125,389.553125,0,0,1,4189.9,4872.95,4068.28,4329.82,0.651321,0.459612
14|611|14|611|sample|11|73|11|73|6.0,0.00128,9834.5,1,11,9355.125,389.553125,0,0,1,4189.9,4872.95,4969.1,5104.46,2.4698,2.33743
14|611|14|611|sample|11|73|11|73|6.0,0.0064,11843,2,11,9355.125,389.553125,0,0,1,4668.29,4872.95,4935.69,5024.1,3.53008,3.42357
14|611|14|611|sample|11|73|11|73|6.0,0.032,10634,3,11,9355.125,389.553125,0,0,1,4668.29,4872.95,4902.26,4943.64,2.94926,2.90345
14|611|14|611|sample|11|73|11|73|6.0,0.16,11056.5,4,11,9355.125,389.553125,0,0,1,4668.29,4872.95,4868.83,4863.14,3.20571,3.21242
14|611|14|611|sample|11|73|11|73|6.0,0.8,10107.5,5,11,9355.125,389.553125,0,0,1,4668.29,4872.95,4835.41,4782.65,2.75025,2.80842
14|611|14|611|sample|11|73|11|73|6.0,4,8976.5,6,11,9355.125,389.553125,0,0,1,4668.29,4872.95,4801.98,4702.21,2.19285,2.2929
14|611|14|611|sample|11|73|11|73|6.0,20,9022,7,11,9355.125,389.553125,0,0,1,4668.29,4872.95,4768.57,4621.88,2.24996,2.40142
14|611|14|611|sample|11|73|11|73|6.0,100,5258.5,8,11,9355.125,389.553125,0,0,1,4189.9,4872.95,4735.16,4541.71,0.278784,0.3981
14|611|14|611|cc|1|1|73|1|73|69.0,0,395.135,1,1,9355.125,389.553125,0,1,0,nan,nan,389.553,389.553,0.036144,0.036144
14|611|14|611|cc|2|1|73|1|73|69.0,0,393.25,2,1,9355.125,389.553125,0,1,0,nan,nan,389.553,389.553,0.0239382,0.0239382
14|611|14|611|cc|3|1|73|1|73|69.0,0,376.025,3,1,9355.125,389.553125,0,1,0,nan,nan,389.553,389.553,-0.0875978,-0.0875978
14|611|14|611|cc|4|1|73|1|73|69.0,0,369.525,4,1,9355.125,389.553125,0,1,0,nan,nan,389.553,389.553,-0.129687,-0.129687
14|611|14|611|cc|5|1|73|1|73|69.0,0,397.475,5,1,9355.125,389.553125,0,1,0,nan,nan,389.553,389.553,0.051296,0.0512961
14|611|14|611|cc|6|1|73|1|73|69.0,0,381.03,6,1,9355.125,389.553125,0,1,0,nan,nan,389.553,389.553,-0.0551893,-0.0551893
14|611|14|611|cc|7|1|73|1|73|69.0,0,395.655,7,1,9355.125,389.553125,0,1,0,nan,nan,389.553,389.553,0.0395111,0.0395111
14|611|14|611|cc|8|1|73|1|73|69.0,0,408.33,8,1,9355.125,389.553125,0,1,0,nan,nan,389.553,389.553,0.121585,0.121585
14|611|14|611|vc|1|2|73|2|73|69.0,0,7962.5,1,2,9355.125,389.553125,1,0,0,nan,nan,9355.12,9355.12,-0.375498,-0.375498
14|611|14|611|vc|2|2|73|2|73|69.0,0,10426,2,2,9355.125,389.553125,1,0,0,nan,nan,9355.13,9355.13,0.288743,0.288743
14|611|14|611|vc|3|2|73|2|73|69.0,0,10127,3,2,9355.125,389.553125,1,0,0,nan,nan,9355.13,9355.13,0.208123,0.208123
14|611|14|611|vc|4|2|73|2|73|69.0,0,9197.5,4,2,9355.125,389.553125,1,0,0,nan,nan,9355.13,9355.13,-0.0425009,-0.0425009
14|611|14|611|vc|5|2|73|2|73|69.0,0,10419.5,5,2,9355.125,389.553125,1,0,0,nan,nan,9355.13,9355.13,0.286991,0.286991
14|611|14|611|vc|6|2|73|2|73|69.0,0,8911.5,6,2,9355.125,389.553125,1,0,0,nan,nan,9355.13,9355.13,-0.119616,-0.119616
14|611|14|611|vc|7|2|73|2|73|69.0,0,9847.5,7,2,9355.125,389.553125,1,0,0,nan,nan,9355.13,9355.13,0.132761,0.132761
14|611|14|611|vc|8|2|73|2|73|69.0,0,7949.5,8,2,9355.125,389.553125,1,0,0,nan,nan,9355.12,9355.12,-0.379003,-0.379003
8|84|8|84|sample|5|162|5|162|55.0,0.0006144,72824,1,5,78856.625,670.5,0,0,1,34192.7,34192.5,62512.5,62712.9,0.41608,0.406689
8|84|8|84|sample|5|162|5|162|55.0,0.003072,78360,2,5,78856.625,670.5,0,0,1,38096.8,38096.6,64129.6,64469.3,0.559732,0.543493
8|84|8|84|sample|5|162|5|162|55.0,0.01536,80614,3,5,78856.625,670.5,0,0,1,39265,39264.9,56791.3,57115.7,1.05811,1.03777
8|84|8|84|sample|5|162|5|162|55.0,0.0768,74089,4,5,78856.625,670.5,0,0,1,39614.5,39614.5,44353.1,44470.1,1.69114,1.68006
8|84|8|84|sample|5|162|5|162|55.0,0.384,55821,5,5,78856.625,670.5,0,0,1,39614.5,39614.5,30254.1,30085.3,2.13165,2.15777
8|84|8|84|sample|5|162|5|162|55.0,1.92,24346,6,5,78856.625,670.5,0,0,1,39265,39264.9,18191.8,17861.1,0.853333,0.915843
8|84|8|84|sample|5|162|5|162|55.0,9.6,9438,7,5,78856.625,670.5,0,0,1,38096.8,38096.6,9893.88,9573.91,-0.116227,-0.0358084
8|84|8|84|sample|5|162|5|162|55.0,48,4872,8,5,78856.625,670.5,0,0,1,34192.7,34192.5,4835.52,4617.04,0.0190304,0.139291
8|84|8|84|sample|6|162|6|162|55.0,0.0006144,70835,1,6,78856.625,670.5,0,0,1,34192.7,34192.5,61718,61794.2,0.372617,0.369048
8|84|8|84|sample|6|162|6|162|55.0,0.003072,80058,2,6,78856.625,670.5,0,0,1,38096.8,38096.6,63064.8,63221,0.67969,0.671777
8|84|8|84|sample|6|162|6|162|55.0,0.01536,79421,3,6,78856.625,670.5,0,0,1,39265,39264.9,55851,56000.5,1.06451,1.05494
8|84|8|84|sample|6|162|6|162|55.0,0.0768,77554,4,6,78856.625,670.5,0,0,1,39614.5,39614.5,44062.9,44122.6,1.91726,1.91125
8|84|8|84|sample|6|162|6|162|55.0,0.384,55427,5,6,78856.625,670.5,0,0,1,39614.5,39614.5,30812.2,30748.8,2.0151,2.02446
8|84|8|84|sample|6|162|6|162|55.0,1.92,28310,6,6,78856.625,670.5,0,0,1,39265,39264.9,19239,19098,1.18932,1.21672
8|84|8|84|sample|6|162|6|162|55.0,9.6,13006,7,6,78856.625,670.5,0,0,1,38096.8,38096.6,10921.8,10774.3,0.481353,0.522481
8|84|8|84|sample|6|162|6|162|55.0,48,4250,8,6,78856.625,670.5,0,0,1,34192.7,34192.5,5550.2,5440.7,-0.590914,-0.552039
8|84|8|84|sample|4|162|4|162|55.0,0.000064,74113,1,4,78856.625,670.5,0,0,1,34192.7,34192.5,64449.1,64414.7,0.378233,0.379779
8|84|8|84|sample|4|162|4|162|55.0,0.00032,84517,2,4,78856.625,670.5,0,0,1,38096.8,38096.6,68804.9,68819.5,0.576018,0.575363
8|84|8|84|sample|4|162|4|162|55.0,0.0016,82608,3,4,78856.625,670.5,0,0,1,39265,39264.9,65871.2,65903.6,0.640913,0.639357
8|84|8|84|sample|4|162|4|162|55.0,0.008,81228,4,4,78856.625,670.5,0,0,1,39614.5,39614.5,58734,58770.7,0.96605,0.963869
8|84|8|84|sample|4|162|4|162|55.0,0.04,77037,5,4,78856.625,670.5,0,0,1,39614.5,39614.5,48349.4,48377.8,1.49667,1.49431
8|84|8|84|sample|4|162|4|162|55.0,0.2,64814,6,4,78856.625,670.5,0,0,1,39265,39264.9,36148.1,36157.9,2.00033,1.99911
8|84|8|84|sample|4|162|4|162|55.0,1,39177,7,4,78856.625,670.5,0,0,1,38096.8,38096.6,24190.1,24179.6,1.56277,1.56455
8|84|8|84|sample|4|162|4|162|55.0,5,12834,8,4,78856.625,670.5,0,0,1,34192.7,34192.5,13905.2,13879.7,-0.194317,-0.190037
8|84|8|84|sample|3|162|3|162|55.0,0.000064,75994,1,3,78856.625,670.5,0,0,1,34192.7,34192.5,65038.9,63938.7,0.424878,0.475593
8|84|8|84|sample|3|162|3|162|55.0,0.00032,82778,2,3,78856.625,670.5,0,0,1,38096.8,38096.6,69709.9,68118,0.472868,0.542869
8|84|8|84|sample|3|162|3|162|55.0,0.0016,84235,3,3,78856.625,670.5,0,0,1,39265,39264.9,66990.6,65070.1,0.649318,0.742928
8|84|8|84|sample|3|162|3|162|55.0,0.008,86421,4,3,78856.625,670.5,0,0,1,39265,39264.9,59267.4,57497.6,1.15567,1.26888
8|84|8|84|sample|3|162|3|162|55.0,0.04,77403,5,3,78856.625,670.5,0,0,1,39265,39264.9,48490.4,47553.2,1.50402,1.58338
8|84|8|84|sample|3|162|3|162|55.0,0.2,68219,6,3,78856.625,670.5,0,0,1,39265,39264.9,35937.4,36304.2,2.26585,2.21747
8|84|8|84|sample|3|162|3|162|55.0,1,41754,7,3,78856.625,670.5,0,0,1,38096.8,38096.6,23343.3,24779.4,1.98944,1.72796
8|84|8|84|sample|3|162|3|162|55.0,5,13774,8,3,78856.625,670.5,0,0,1,34192.7,34192.5,12919.3,14600,0.166873,-0.142716
8|84|8|84|sample|9|162|9|162|32.0,0.0003648,74429,1,9,78856.625,670.5,0,0,1,34192.7,34192.5,67662.2,67617.6,0.252266,0.254097
8|84|8|84|sample|9|162|9|162|32.0,0.001824,81503,2,9,78856.625,670.5,0,0,1,38096.8,38096.7,74483.3,74508.5,0.237729,0.236794
8|84|8|84|sample|9|162|9|162|32.0,0.00912,79111,3,9,78856.625,670.5,0,0,1,39265,39265,72699,72811.1,0.222478,0.218251
8|84|8|84|sample|9|162|9|162|32.0,0.0456,74577,4,9,78856.625,670.5,0,0,1,39614.5,39614.6,58280.4,58443,0.705337,0.696356
8|84|8|84|sample|9|162|9|162|32.0,0.228,48083,5,9,78856.625,670.5,0,0,1,39614.5,39614.6,29241.6,29198.6,1.62531,1.63141
8|84|8|84|sample|9|162|9|162|32.0,1.14,14006,6,9,78856.625,670.5,0,0,1,39265,39265,8821.16,8707.43,1.48263,1.53494
8|84|8|84|sample|9|162|9|162|32.0,5.7,1510,7,9,78856.625,670.5,0,0,1,38096.8,38096.7,2405.97,2356.46,-0.939347,-0.906088
8|84|8|84|sample|9|162|9|162|32.0,28.5,600,8,9,78856.625,670.5,0,0,1,34192.7,34192.5,906.592,892.35,-0.853045,-0.826401
8|84|8|84|sample|10|162|10|162|32.0,0.0003648,68673,1,10,78856.625,670.5,0,0,1,34192.7,34192.5,67634.1,67615.1,0.038745,0.0394668
8|84|8|84|sample|10|162|10|162|32.0,0.001824,77369,2,10,78856.625,670.5,0,0,1,38096.8,38096.7,74376.6,74498.6,0.101487,0.0971876
8|84|8|84|sample|10|162|10|162|32.0,0.00912,78012,3,10,78856.625,670.5,0,0,1,39265,39265,72403.9,72782.8,0.19538,0.181231
8|84|8|84|sample|10|162|10|162|32.0,0.0456,65967,4,10,78856.625,670.5,0,0,1,39265,39265,57414.8,57892.1,0.37573,0.351837
8|84|8|84|sample|10|162|10|162|32.0,0.228,47827,5,10,78856.625,670.5,0,0,1,39265,39265,29206.4,28963.1,1.60819,1.6429
8|84|8|84|sample|10|162|10|162|32.0,1.14,13678,6,10,78856.625,670.5,0,0,1,39265,39265,9180.58,8742.43,1.23571,1.42406
8|84|8|84|sample|10|162|10|162|32.0,5.7,1798,7,10,78856.625,670.5,0,0,1,38096.8,38096.7,2557.08,2370.68,-0.7488,-0.609344
8|84|8|84|sample|10|162|10|162|32.0,28.5,586,8,10,78856.625,670.5,0,0,1,34192.7,34192.5,948.42,896.16,-0.963904,-0.873017
8|84|8|84|sample|7|162|7|162|32.0,0.0000768,69948,1,7,78856.625,670.5,0,0,1,34192.7,34192.5,67597.4,67648.5,0.0877142,0.0857438
8|84|8|84|sample|7|162|7|162|32.0,0.000384,87626,2,7,78856.625,670.5,0,0,1,38096.8,38096.7,74596.8,74898.8,0.440577,0.428629
8|84|8|84|sample|7|162|7|162|32.0,0.00192,79963,3,7,78856.625,670.5,0,0,1,39265,39265,74667.6,75445,0.178891,0.151057
8|84|8|84|sample|7|162|7|162|32.0,0.0096,76543,4,7,78856.625,670.5,0,0,1,39614.5,39614.6,68806.1,70241.6,0.283638,0.226289
8|84|8|84|sample|7|162|7|162|32.0,0.048,74241,5,7,78856.625,670.5,0,0,1,39614.5,39614.6,53528.2,54707.7,0.976068,0.900639
8|84|8|84|sample|7|162|7|162|32.0,0.24,46730,6,7,78856.625,670.5,0,0,1,39265,39265,30745.7,30024.3,1.31139,1.40351
8|84|8|84|sample|7|162|7|162|32.0,1.2,16917,7,7,78856.625,670.5,0,0,1,38096.8,38096.7,12763.1,11321,0.820972,1.24687
8|84|8|84|sample|7|162|7|162|32.0,6,1596,8,7,78856.625,670.5,0,0,1,34192.7,34192.5,4286.8,3474.34,-1.58333,-1.36372
8|84|8|84|sample|8|162|8|162|32.0,0.0000768,70881,1,8,78856.625,670.5,0,0,1,34192.7,34192.5,67756.7,67699,0.116313,0.118561
8|84|8|84|sample|8|162|8|162|32.0,0.000384,79033,2,8,78856.625,670.5,0,0,1,38096.8,38096.7,75091,75066.2,0.132421,0.133296
8|84|8|84|sample|8|162|8|162|32.0,0.00192,84181,3,8,78856.625,670.5,0,0,1,39265,39265,75938.4,75905,0.273796,0.275026
8|84|8|84|sample|8|162|8|162|32.0,0.0096,79555,4,8,78856.625,670.5,0,0,1,39614.5,39614.6,71248.3,71187.5,0.294086,0.296493
8|84|8|84|sample|8|162|8|162|32.0,0.048,69015,5,8,78856.625,670.5,0,0,1,39614.5,39614.6,55592.1,55554.2,0.609055,0.611191
8|84|8|84|sample|8|162|8|162|32.0,0.24,49350,6,8,78856.625,670.5,0,0,1,39265,39265,29386.4,29465,1.71362,1.70232
8|84|8|84|sample|8|162|8|162|32.0,1.2,14789,7,8,78856.625,670.5,0,0,1,38096.8,38096.7,10232.5,10324.3,1.12322,1.09082
8|84|8|84|sample|8|162|8|162|32.0,6,1804,8,8,78856.625,670.5,0,0,1,34192.7,34192.5,2938.58,2977.27,-0.973913,-0.994037
8|84|8|84|sample|12|162|12|162|22.0,0.0003712,63850,1,12,78856.625,670.5,0,0,1,34192.7,34192.4,67379.8,67437.7,-0.132143,-0.134194
8|84|8|84|sample|12|162|12|162|22.0,0.001856,63754,2,12,78856.625,670.5,0,0,1,34192.7,34192.4,66033.9,66295.3,-0.0870918,-0.0966927
8|84|8|84|sample|12|162|12|162|22.0,0.00928,61492,3,12,78856.625,670.5,0,0,1,34192.7,34192.4,61303.9,61937.4,0.00773989,-0.0181402
8|84|8|84|sample|12|162|12|162|22.0,0.0464,55297,4,12,78856.625,670.5,0,0,1,34192.7,34192.4,48043.3,48678.9,0.380846,0.342936
8|84|8|84|sample|12|162|12|162|22.0,0.2319999999999999,41168,5,12,78856.625,670.5,0,0,1,34192.7,34192.4,26315.1,25918.4,1.42374,1.48413
8|84|8|84|sample|12|162|12|162|22.0,1.16,15633,6,12,78856.625,670.5,0,0,1,34192.7,34192.4,9869.79,9118.55,1.47292,1.80208
8|84|8|84|sample|12|162|12|162|22.0,5.8,1442,7,12,78856.625,670.5,0,0,1,34192.7,34192.4,3255.09,2851.26,-1.40501,-1.24674
8|84|8|84|sample|12|162|12|162|22.0,29,668,8,12,78856.625,670.5,0,0,1,34192.7,34192.4,1291.03,1138.47,-1.21729,-1.0424
8|84|8|84|sample|11|162|11|162|22.0,0.0003712,69151,1,11,78856.625,670.5,0,0,1,34192.7,34192.4,67238.2,67180.3,0.0717574,0.073994
8|84|8|84|sample|11|162|11|162|22.0,0.001856,78893,2,11,78856.625,670.5,0,0,1,38096.8,38096.5,73120.5,73097.4,0.199136,0.199993
8|84|8|84|sample|11|162|11|162|22.0,0.00928,82686,3,11,78856.625,670.5,0,0,1,38096.8,38096.5,67452.7,67427.1,0.569662,0.570837
8|84|8|84|sample|11|162|11|162|22.0,0.0464,67678,4,11,78856.625,670.5,0,0,1,38096.8,38096.5,52774,52769.9,0.712368,0.712622
8|84|8|84|sample|11|162|11|162|22.0,0.2319999999999999,52077,5,11,78856.625,670.5,0,0,1,38096.8,38096.5,29748.7,29787.9,1.89326,1.88744
8|84|8|84|sample|11|162|11|162|22.0,1.16,21332,6,11,78856.625,670.5,0,0,1,38096.8,38096.5,11879.2,11921.7,2.00722,1.99109
8|84|8|84|sample|11|162|11|162|22.0,5.8,1872,7,11,78856.625,670.5,0,0,1,38096.8,38096.5,4142.62,4164.69,-1.38258,-1.38863
8|84|8|84|sample|11|162|11|162|22.0,29,564,8,11,78856.625,670.5,0,0,1,34192.7,34192.4,1480.73,1487.58,-1.56167,-1.56609
8|84|8|84|cc|1|1|162|1|162|69.0,0,658,1,1,78856.625,670.5,0,1,0,nan,nan,577.02,576.555,0.354006,0.356324
8|84|8|84|cc|2|1|162|1|162|69.0,0,644,2,1,78856.625,670.5,0,1,0,nan,nan,577.02,576.555,0.292805,0.295074
8|84|8|84|cc|3|1|162|1|162|69.0,0,660,3,1,78856.625,670.5,0,1,0,nan,nan,577.02,576.555,0.36275,0.365074
8|84|8|84|cc|4|1|162|1|162|69.0,0,680,4,1,78856.625,670.5,0,1,0,nan,nan,577.02,576.555,0.45018,0.452575
8|84|8|84|cc|5|1|162|1|162|69.0,0,698,5,1,78856.625,670.5,0,1,0,nan,nan,577.02,576.555,0.528867,0.531326
8|84|8|84|cc|6|1|162|1|162|69.0,0,694,6,1,78856.625,670.5,0,1,0,nan,nan,577.02,576.555,0.511381,0.513825
8|84|8|84|cc|7|1|162|1|162|69.0,0,694,7,1,78856.625,670.5,0,1,0,nan,nan,577.02,576.555,0.511381,0.513825
8|84|8|84|cc|8|1|162|1|162|69.0,0,636,8,1,78856.625,670.5,0,1,0,nan,nan,577.02,576.555,0.257833,0.260073
8|84|8|84|vc|1|2|162|2|162|69.0,0,73943,1,2,78856.625,670.5,1,0,0,nan,nan,67862.5,67807.9,0.226011,0.228226
8|84|8|84|vc|2|2|162|2|162|69.0,0,83068,2,2,78856.625,670.5,1,0,0,nan,nan,75564.5,75550.3,0.250479,0.250997
8|84|8|84|vc|3|2|162|2|162|69.0,0,83256,3,2,78856.625,670.5,1,0,0,nan,nan,75564.5,75550.3,0.256755,0.257274
8|84|8|84|vc|4|2|162|2|162|69.0,0,81859,4,2,78856.625,670.5,1,0,0,nan,nan,75564.5,75550.3,0.210121,0.210632
8|84|8|84|vc|5|2|162|2|162|69.0,0,83236,5,2,78856.625,670.5,1,0,0,nan,nan,75564.5,75550.3,0.256087,0.256607
8|84|8|84|vc|6|2|162|2|162|69.0,0,85784,6,2,78856.625,670.5,1,0,0,nan,nan,75564.5,75550.3,0.341143,0.341678
8|84|8|84|vc|7|2|162|2|162|69.0,0,78995,7,2,78856.625,670.5,1,0,0,nan,nan,75564.5,75550.3,0.114516,0.115009
8|84|8|84|vc|8|2|162|2|162|69.0,0,60712,8,2,78856.625,670.5,1,0,0,nan,nan,67862.5,67807.9,-0.265785,-0.263967
8|1042|8|1042|sample|8|162|8|162|65.0,0.0016767999999999,72142,1,8,78994.875,697.25,0,0,1,34263.7,33181.4,63782.1,64046.1,0.330615,0.318857
8|1042|8|1042|sample|8|162|8|162|65.0,0.0083839999999999,73484,2,8,78994.875,697.25,0,0,1,38175.8,37480,66694.7,67507.2,0.256776,0.223325
8|1042|8|1042|sample|8|162|8|162|65.0,0.04192,70719,3,8,78994.875,697.25,0,0,1,39346.4,39023.8,55137.4,56001.5,0.712832,0.662914
8|1042|8|1042|sample|8|162|8|162|65.0,0.2096,53892,4,8,78994.875,697.25,0,0,1,39696.7,39578.3,32518.4,32125.5,1.65795,1.70908
8|1042|8|1042|sample|8|162|8|162|65.0,1.048,23686,5,8,78994.875,697.25,0,0,1,39696.7,39578.3,13455,12445.1,1.91803,2.27836
8|1042|8|1042|sample|8|162|8|162|65.0,5.24,2550,6,8,78994.875,697.25,0,0,1,39346.4,39023.8,4762.8,4145.59,-1.17193,-0.970863
8|1042|8|1042|sample|8|162|8|162|65.0,26.2,636,7,8,78994.875,697.25,0,0,1,38175.8,37480,1862.15,1611.97,-1.66093,-1.52722
8|1042|8|1042|sample|8|162|8|162|65.0,131,646,8,8,78994.875,697.25,0,0,1,34263.7,33181.4,937.303,855.822,-0.783949,-0.61843
8|1042|8|1042|sample|7|162|7|162|65.0,0.0016767999999999,71919,1,7,78994.875,697.25,0,0,1,34263.7,33181.4,63097.1,63459.2,0.352676,0.336271
8|1042|8|1042|sample|7|162|7|162|65.0,0.0083839999999999,77373,2,7,78994.875,697.25,0,0,1,38175.8,37480,65310.1,66208.6,0.465902,0.425349
8|1042|8|1042|sample|7|162|7|162|65.0,0.04192,72552,3,7,78994.875,697.25,0,0,1,39346.4,39023.8,53883.8,54726.1,0.873907,0.821639
8|1042|8|1042|sample|7|162|7|162|65.0,0.2096,57582,4,7,78994.875,697.25,0,0,1,39696.7,39578.3,33123.4,32749,1.8626,1.91273
8|1042|8|1042|sample|7|162|7|162|65.0,1.048,23988,5,7,78994.875,697.25,0,0,1,39696.7,39578.3,15041.5,13990.6,1.50033,1.80251
8|1042|8|1042|sample|7|162|7|162|65.0,5.24,1698,6,7,78994.875,697.25,0,0,1,39346.4,39023.8,5837.62,5104.3,-1.78874,-1.68333
8|1042|8|1042|sample|7|162|7|162|65.0,131,706,8,7,78994.875,697.25,0,0,1,34263.7,33181.4,1108.72,985.215,-0.916222,-0.714875
8|1042|8|1042|sample|6|162|6|162|65.0,0.0004351999999999,71021,1,6,78994.875,697.25,0,0,1,34263.7,33181.4,64849.8,64983.6,0.240041,0.23435
8|1042|8|1042|sample|6|162|6|162|65.0,0.0021759999999999,73274,2,6,78994.875,697.25,0,0,1,38175.8,37480,70801.5,71397.9,0.0880872,0.0662829
8|1042|8|1042|sample|6|162|6|162|65.0,0.0108799999999999,77614,3,6,78994.875,697.25,0,0,1,39346.4,39023.8,66665.8,67799.8,0.41425,0.36513
8|1042|8|1042|sample|6|162|6|162|65.0,0.0543999999999999,74099,4,6,78994.875,697.25,0,0,1,39696.7,39578.3,51677.7,52504.4,1.09441,1.03746
8|1042|8|1042|sample|6|162|6|162|65.0,0.2719999999999999,56265,5,6,78994.875,697.25,0,0,1,39696.7,39578.3,29465.1,28802.3,2.29429,2.40514
8|1042|8|1042|sample|6|162|6|162|65.0,1.36,18863,6,6,78994.875,697.25,0,0,1,39346.4,39023.8,12466.4,11311.1,1.29429,1.68411
8|1042|8|1042|sample|6|162|6|162|65.0,6.8,2218,7,6,78994.875,697.25,0,0,1,38175.8,37480,4605.42,3913.82,-1.30762,-1.09295
8|1042|8|1042|sample|6|162|6|162|65.0,34,670,8,6,78994.875,697.25,0,0,1,34263.7,33181.4,1747.69,1472.52,-1.55544,-1.37473
8|1042|8|1042|sample|5|162|5|162|65.0,0.0004351999999999,71127,1,5,78994.875,697.25,0,0,1,34263.7,33181.4,65095.8,65071.3,0.233709,0.234745
8|1042|8|1042|sample|5|162|5|162|65.0,0.0021759999999999,80354,2,5,78994.875,697.25,0,0,1,38175.8,37480,71435.1,71640.5,0.314934,0.306802
8|1042|8|1042|sample|5|162|5|162|65.0,0.0108799999999999,79323,3,5,78994.875,697.25,0,0,1,39346.4,39023.8,67780.9,68260.2,0.429537,0.408809
8|1042|8|1042|sample|5|162|5|162|65.0,0.0543999999999999,79391,4,5,78994.875,697.25,0,0,1,39696.7,39578.3,52461.6,52849.1,1.29481,1.26683
8|1042|8|1042|sample|5|162|5|162|65.0,0.2719999999999999,54965,5,5,78994.875,697.25,0,0,1,39696.7,39578.3,28793.5,28507.3,2.29274,2.34109
8|1042|8|1042|sample|5|162|5|162|65.0,1.36,18145,6,5,78994.875,697.25,0,0,1,39346.4,39023.8,11328.6,10837.8,1.51777,1.70073
8|1042|8|1042|sample|5|162|5|162|65.0,6.8,1850,7,5,78994.875,697.25,0,0,1,38175.8,37480,3928.19,3652.15,-1.33449,-1.2447
8|1042|8|1042|sample|5|162|5|162|65.0,34,714,8,5,78994.875,697.25,0,0,1,34263.7,33181.4,1480.01,1376.26,-1.30555,-1.21381
8|1042|8|1042|sample|12|162|12|162|28.0,0.0014272,63207,1,12,78994.875,697.25,0,0,1,34263.7,33145.7,65016.2,64905.3,-0.0701918,-0.0660035
8|1042|8|1042|sample|12|162|12|162|28.0,0.007136,60308,2,12,78994.875,697.25,0,0,1,34263.7,33145.7,62140.8,62052.2,-0.0743987,-0.0709033
8|1042|8|1042|sample|12|162|12|162|28.0,0.03568,52653,3,12,78994.875,697.25,0,0,1,34263.7,33145.7,51397.2,51352.7,0.0616297,0.0638709
8|1042|8|1042|sample|12|162|12|162|28.0,0.1784,38581,4,12,78994.875,697.25,0,0,1,34263.7,33145.7,28397.4,28370.9,0.904581,0.907775
8|1042|8|1042|sample|12|162|12|162|28.0,0.892,14795,5,12,78994.875,697.25,0,0,1,34263.7,33145.7,9427.54,9401.05,1.43613,1.44728
8|1042|8|1042|sample|12|162|12|162|28.0,4.46,1358,6,12,78994.875,697.25,0,0,1,34263.7,33145.7,2672.03,2659.03,-1.24047,-1.2342
8|1042|8|1042|sample|12|162|12|162|28.0,111.5,622,8,12,78994.875,697.25,0,0,1,34263.7,33145.7,677.302,675.144,-0.20596,-0.198556
8|1042|8|1042|sample|7|162|7|162|28.0,22.3,678,7,7,78994.875,697.25,0,0,1,38175.8,37439.7,655.837,671.444,0.0852419,0.0246288
8|1042|8|1042|sample|11|162|11|162|28.0,0.0014272,69426,1,11,78994.875,697.25,0,0,1,34263.7,33145.7,64895.6,64875.6,0.176095,0.176924
8|1042|8|1042|sample|11|162|11|162|28.0,0.007136,69786,2,11,78994.875,697.25,0,0,1,38175.8,37439.7,69750.8,69998,0.00127426,-0.00763923
8|1042|8|1042|sample|11|162|11|162|28.0,0.03568,64780,3,11,78994.875,697.25,0,0,1,38175.8,37439.7,57479.5,57871.4,0.320378,0.301126
8|1042|8|1042|sample|11|162|11|162|28.0,0.1784,51077,4,11,78994.875,697.25,0,0,1,38175.8,37439.7,32214.5,32090.8,1.47696,1.49238
8|1042|8|1042|sample|11|162|11|162|28.0,0.892,19557,5,11,78994.875,697.25,0,0,1,38175.8,37439.7,11160.6,10753.3,1.89769,2.06511
8|1042|8|1042|sample|11|162|11|162|28.0,4.46,1636,6,11,78994.875,697.25,0,0,1,38175.8,37439.7,3277.28,3069.29,-1.26326,-1.17793
8|1042|8|1042|sample|11|162|11|162|28.0,22.3,686,7,11,78994.875,697.25,0,0,1,38175.8,37439.7,1253.95,1183.71,-1.14249,-1.0606
8|1042|8|1042|sample|11|162|11|162|28.0,111.5,610,8,11,78994.875,697.25,0,0,1,34263.7,33145.7,699.553,680.47,-0.322909,-0.261228
8|1042|8|1042|sample|9|162|9|162|28.0,0.0004479999999999,70018,1,9,78994.875,697.25,0,0,1,34263.7,33145.7,65235.4,65239.7,0.184929,0.184748
8|1042|8|1042|sample|9|162|9|162|28.0,0.00224,68995,2,9,78994.875,697.25,0,0,1,38175.8,37439.7,71808,72123.7,-0.0988138,-0.109423
8|1042|8|1042|sample|9|162|9|162|28.0,0.0111999999999999,73322,3,9,78994.875,697.25,0,0,1,39346.4,38981.9,68416.4,69168.9,0.180867,0.151455
8|1042|8|1042|sample|9|162|9|162|28.0,0.0559999999999999,64897,4,9,78994.875,697.25,0,0,1,39696.7,39535.7,52652.7,53274.5,0.586594,0.550304
8|1042|8|1042|sample|9|162|9|162|28.0,0.2799999999999999,46953,5,9,78994.875,697.25,0,0,1,39696.7,39535.7,27774.2,27257.6,1.74181,1.82263
8|1042|8|1042|sample|9|162|9|162|28.0,1.4,15423,6,9,78994.875,697.25,0,0,1,39346.4,38981.9,10198.9,9430.22,1.29207,1.60299
8|1042|8|1042|sample|9|162|9|162|28.0,7,1484,7,9,78994.875,697.25,0,0,1,38175.8,37439.7,3322.7,2935.65,-1.39586,-1.24732
8|1042|8|1042|sample|9|162|9|162|28.0,35,592,8,9,78994.875,697.25,0,0,1,34263.7,33145.7,1224.73,1092.97,-1.30317,-1.15619
8|1042|8|1042|sample|10|162|10|162|28.0,0.0004479999999999,71249,1,10,78994.875,697.25,0,0,1,34263.7,33145.7,65447.4,65345,0.223605,0.227904
8|1042|8|1042|sample|10|162|10|162|28.0,0.00224,76383,2,10,78994.875,697.25,0,0,1,38175.8,37439.7,72464.3,72465.4,0.136408,0.136368
8|1042|8|1042|sample|10|162|10|162|28.0,0.0111999999999999,71091,3,10,78994.875,697.25,0,0,1,39346.4,38981.9,69816.4,69934.7,0.0460503,0.0417069
8|1042|8|1042|sample|10|162|10|162|28.0,0.0559999999999999,64036,4,10,78994.875,697.25,0,0,1,39346.4,38981.9,53038.9,53164.1,0.523006,0.515835
8|1042|8|1042|sample|10|162|10|162|28.0,0.2799999999999999,45000,5,10,78994.875,697.25,0,0,1,39346.4,38981.9,26372.2,26295.7,1.78171,1.79424
8|1042|8|1042|sample|10|162|10|162|28.0,1.4,13696,6,10,78994.875,697.25,0,0,1,39346.4,38981.9,8764.69,8642.59,1.41921,1.4749
8|1042|8|1042|sample|10|162|10|162|28.0,7,1282,7,10,78994.875,697.25,0,0,1,38175.8,37439.7,2631.06,2573.61,-1.29337,-1.26594
8|1042|8|1042|sample|10|162|10|162|28.0,35,628,8,10,78994.875,697.25,0,0,1,34263.7,33145.7,999.049,980.235,-0.936844,-0.90641
8|1042|8|1042|sample|4|162|4|162|22.0,0.0010624,73625,1,4,78994.875,697.25,0,0,1,34263.7,33145.8,64353.3,64221.5,0.363423,0.369343
8|1042|8|1042|sample|4|162|4|162|22.0,0.005312,80800,2,4,78994.875,697.25,0,0,1,38175.8,37439.8,68731.7,68646.3,0.442905,0.446597
8|1042|8|1042|sample|4|162|4|162|22.0,0.02656,78030,3,4,78994.875,697.25,0,0,1,39346.4,38982,60224.4,60175.7,0.745771,0.74842
8|1042|8|1042|sample|4|162|4|162|22.0,0.1328,66522,4,4,78994.875,697.25,0,0,1,39696.7,39535.8,39358.6,39386.6,1.74087,1.73784
8|1042|8|1042|sample|4|162|4|162|22.0,0.664,38695,5,4,78994.875,697.25,0,0,1,39696.7,39535.8,17763.2,17834.8,2.9724,2.95034
8|1042|8|1042|sample|4|162|4|162|22.0,3.32,6000,6,4,78994.875,697.25,0,0,1,39346.4,38982,6360.81,6408.11,-0.143083,-0.160646
8|1042|8|1042|sample|4|162|4|162|22.0,16.6,662,7,4,78994.875,697.25,0,0,1,38175.8,37439.8,2293.64,2313.07,-1.79441,-1.80052
8|1042|8|1042|sample|4|162|4|162|22.0,83,696,8,4,78994.875,697.25,0,0,1,34263.7,33145.8,1000.56,1005.87,-0.767804,-0.777068
8|1042|8|1042|sample|3|162|3|162|22.0,0.0010624,72910,1,3,78994.875,697.25,0,0,1,34263.7,33145.8,64454.7,64395.5,0.330899,0.333525
8|1042|8|1042|sample|3|162|3|162|22.0,0.005312,82674,2,3,78994.875,697.25,0,0,1,38175.8,37439.8,68975.1,69066.5,0.500975,0.496972
8|1042|8|1042|sample|3|162|3|162|22.0,0.02656,79881,3,3,78994.875,697.25,0,0,1,39346.4,38982,60542.3,60728.8,0.805732,0.795514
8|1042|8|1042|sample|3|162|3|162|22.0,0.1328,67396,4,3,78994.875,697.25,0,0,1,39346.4,38982,38811.5,38829.8,1.85777,1.85571
8|1042|8|1042|sample|3|162|3|162|22.0,0.664,36552,5,3,78994.875,697.25,0,0,1,39346.4,38982,17198.6,17029.9,2.83847,2.89158
8|1042|8|1042|sample|3|162|3|162|22.0,3.32,5516,6,3,78994.875,697.25,0,0,1,39346.4,38982,6109.74,5973.66,-0.245129,-0.193253
8|1042|8|1042|sample|3|162|3|162|22.0,16.6,726,7,3,78994.875,697.25,0,0,1,38175.8,37439.8,2180.67,2118.73,-1.68266,-1.65811
8|1042|8|1042|sample|3|162|3|162|22.0,83,688,8,3,78994.875,697.25,0,0,1,34263.7,33145.8,961.907,939.783,-0.718278,-0.675806
8|1042|8|1042|sample|12|162|12|162|65.0,26.2,678,7,12,78994.875,697.25,0,0,1,34263.7,33181.4,652.705,667.13,0.0977541,0.0410994
8|1042|8|1042|cc|1|1|162|1|162|69.0,0,624,1,1,78994.875,697.25,0,1,0,nan,nan,581.064,580.001,0.186389,0.191351
8|1042|8|1042|cc|2|1|162|1|162|69.0,0,714,2,1,78994.875,697.25,0,1,0,nan,nan,581.064,580.001,0.577087,0.582765
8|1042|8|1042|cc|3|1|162|1|162|69.0,0,694,3,1,78994.875,697.25,0,1,0,nan,nan,581.064,580.001,0.490265,0.495784
8|1042|8|1042|cc|4|1|162|1|162|69.0,0,700,4,1,78994.875,697.25,0,1,0,nan,nan,581.064,580.001,0.516312,0.521878
8|1042|8|1042|cc|5|1|162|1|162|69.0,0,674,5,1,78994.875,697.25,0,1,0,nan,nan,581.064,580.001,0.403443,0.408803
8|1042|8|1042|cc|6|1|162|1|162|69.0,0,730,6,1,78994.875,697.25,0,1,0,nan,nan,581.064,580.001,0.646544,0.65235
8|1042|8|1042|cc|7|1|162|1|162|69.0,0,664,7,1,78994.875,697.25,0,1,0,nan,nan,581.064,580.001,0.360033,0.365313
8|1042|8|1042|cc|8|1|162|1|162|69.0,0,778,8,1,78994.875,697.25,0,1,0,nan,nan,581.064,580.001,0.854917,0.861104
8|1042|8|1042|vc|1|2|162|2|162|69.0,0,79529,1,2,78994.875,697.25,1,0,0,nan,nan,65831.6,65711.2,0.52484,0.530422
8|1042|8|1042|vc|2|2|162|2|162|69.0,0,77876,2,2,78994.875,697.25,1,0,0,nan,nan,74283.7,74224.1,0.121984,0.124108
8|1042|8|1042|vc|3|2|162|2|162|69.0,0,85444,3,2,78994.875,697.25,1,0,0,nan,nan,74283.7,74224.1,0.37897,0.381301
8|1042|8|1042|vc|4|2|162|2|162|69.0,0,85154,4,2,78994.875,697.25,1,0,0,nan,nan,74283.7,74224.1,0.369123,0.371445
8|1042|8|1042|vc|5|2|162|2|162|69.0,0,85440,5,2,78994.875,697.25,1,0,0,nan,nan,74283.7,74224.1,0.378835,0.381165
8|1042|8|1042|vc|6|2|162|2|162|69.0,0,76072,6,2,78994.875,697.25,1,0,0,nan,nan,74283.7,74224.1,0.0607256,0.0628004
8|1042|8|1042|vc|7|2|162|2|162|69.0,0,75138,7,2,78994.875,697.25,1,0,0,nan,nan,74283.7,74224.1,0.0290098,0.0310591
8|1042|8|1042|vc|8|2|162|2|162|69.0,0,67306,8,2,78994.875,697.25,1,0,0,nan,nan,65831.6,65711.2,0.0564946,0.0612188
8|719|8|719|sample|5|274|5|274|55.0,0.0006144,90234,1,5,84741.625,701.5,0,0,1,36736.3,36739.4,68414.5,68818,0.804489,0.784981
8|719|8|719|sample|5|274|5|274|55.0,0.003072,91037,2,5,84741.625,701.5,0,0,1,40930.8,40934.2,70696.1,71393.5,0.725768,0.694038
8|719|8|719|sample|5|274|5|274|55.0,0.01536,85896,3,5,84741.625,701.5,0,0,1,42185.9,42189.4,62701.9,63416.2,0.933081,0.894161
8|719|8|719|sample|5|274|5|274|55.0,0.0768,84081,4,5,84741.625,701.5,0,0,1,42561.4,42565,48193.6,48448.3,1.87834,1.85521
8|719|8|719|sample|5|274|5|274|55.0,0.384,66810,5,5,84741.625,701.5,0,0,1,42561.4,42565,31482.3,31066.1,2.83055,2.90226
8|719|8|719|sample|5|274|5|274|55.0,1.92,28534,6,5,84741.625,701.5,0,0,1,42185.9,42189.4,17709.5,16973.4,1.54178,1.71805
8|719|8|719|sample|5|274|5|274|55.0,9.6,4934,7,5,84741.625,701.5,0,0,1,40930.8,40934.2,8942.57,8303.08,-1.13071,-1.02352
8|719|8|719|sample|5|274|5|274|55.0,48,870,8,5,84741.625,701.5,0,0,1,36736.3,36739.4,4100.9,3711.29,-1.98732,-1.93114
8|719|8|719|sample|6|274|6|274|55.0,0.0006144,90599,1,6,84741.625,701.5,0,0,1,36736.3,36739.4,69057.9,68986,0.786822,0.790273
8|719|8|719|sample|6|274|6|274|55.0,0.003072,100276,2,6,84741.625,701.5,0,0,1,40930.8,40934.2,71696.9,71660.2,1.00548,1.00728
8|719|8|719|sample|6|274|6|274|55.0,0.01536,89109,3,6,84741.625,701.5,0,0,1,42185.9,42189.4,63708.8,63689.5,1.00568,1.00675
8|719|8|719|sample|6|274|6|274|55.0,0.0768,84595,4,6,84741.625,701.5,0,0,1,42561.4,42565,48528.3,48540.4,1.87471,1.87362
8|719|8|719|sample|6|274|6|274|55.0,0.384,66428,5,6,84741.625,701.5,0,0,1,42561.4,42565,30849,30893.2,2.90921,2.90144
8|719|8|719|sample|6|274|6|274|55.0,1.92,28310,6,6,84741.625,701.5,0,0,1,42185.9,42189.4,16631.6,16682.4,1.77121,1.75814
8|719|8|719|sample|6|274|6|274|55.0,9.6,3504,7,6,84741.625,701.5,0,0,1,40930.8,40934.2,8022.77,8059.33,-1.42075,-1.42575
8|719|8|719|sample|6|274|6|274|55.0,48,772,8,6,84741.625,701.5,0,0,1,36736.3,36739.4,3550.26,3568.28,-1.97395,-1.97672
8|719|8|719|sample|3|274|3|274|55.0,0.000064,94588,1,3,84741.625,701.5,0,0,1,36736.3,36739.4,69256.6,68075.2,0.922614,0.982402
8|719|8|719|sample|3|274|3|274|55.0,0.00032,87222,2,3,84741.625,701.5,0,0,1,40930.8,40934.2,73935.6,72298.3,0.453289,0.520679
8|719|8|719|sample|3|274|3|274|55.0,0.0016,85600,3,3,84741.625,701.5,0,0,1,42185.9,42189.4,70781.2,68889.8,0.5281,0.611854
8|719|8|719|sample|3|274|3|274|55.0,0.008,88953,4,3,84741.625,701.5,0,0,1,42185.9,42189.4,62555.7,60877.6,1.06443,1.1633
8|719|8|719|sample|3|274|3|274|55.0,0.04,78809,5,3,84741.625,701.5,0,0,1,42185.9,42189.4,51494.4,50628.5,1.338,1.40403
8|719|8|719|sample|3|274|3|274|55.0,0.2,76136,6,3,84741.625,701.5,0,0,1,42185.9,42189.4,38840.3,39179.1,2.42214,2.37937
8|719|8|719|sample|3|274|3|274|55.0,1,50010,7,3,84741.625,701.5,0,0,1,40930.8,40934.2,25990.8,27334.7,2.3311,2.09249
8|719|8|719|sample|3|274|3|274|55.0,5,9930,8,3,84741.625,701.5,0,0,1,36736.3,36739.4,14938.5,16561.9,-0.845712,-1.01007
8|719|8|719|sample|4|274|4|274|55.0,0.000064,96662,1,4,84741.625,701.5,0,0,1,36736.3,36739.4,68506.8,67915.1,1.03669,1.06769
8|719|8|719|sample|4|274|4|274|55.0,0.00032,85208,2,4,84741.625,701.5,0,0,1,40930.8,40934.2,72841.3,72076.1,0.428251,0.459576
8|719|8|719|sample|4|274|4|274|55.0,0.0016,85066,3,4,84741.625,701.5,0,0,1,42185.9,42189.4,69492.8,68640.8,0.565278,0.603603
8|719|8|719|sample|4|274|4|274|55.0,0.008,87029,4,4,84741.625,701.5,0,0,1,42561.4,42565,61943,61203.3,1.02155,1.06439
8|719|8|719|sample|4|274|4|274|55.0,0.04,80898,5,4,84741.625,701.5,0,0,1,42561.4,42565,51339.5,50968.9,1.45229,1.48119
8|719|8|719|sample|4|274|4|274|55.0,0.2,71071,6,4,84741.625,701.5,0,0,1,42185.9,42189.4,39064.7,39219.1,2.06669,2.04861
8|719|8|719|sample|4|274|4|274|55.0,1,50818,7,4,84741.625,701.5,0,0,1,40930.8,40934.2,26909.4,27502,2.24116,2.13852
8|719|8|719|sample|4|274|4|274|55.0,5,10376,8,4,84741.625,701.5,0,0,1,36736.3,36739.4,16048.8,16771.7,-0.891618,-0.961912
8|719|8|719|sample|10|274|10|274|32.0,0.0003648,94350,1,10,84741.625,701.5,0,0,1,36736.3,36773,72918.2,72862.5,0.741389,0.743882
8|719|8|719|sample|10|274|10|274|32.0,0.001824,93025,2,10,84741.625,701.5,0,0,1,40930.8,40971.6,81082,81096.7,0.371546,0.37102
8|719|8|719|sample|10|274|10|274|32.0,0.00912,89279,3,10,84741.625,701.5,0,0,1,42185.9,42228,82257.2,82480.7,0.215328,0.207908
8|719|8|719|sample|10|274|10|274|32.0,0.0456,68995,4,10,84741.625,701.5,0,0,1,42185.9,42228,69799.3,70609.4,-0.0290676,-0.0576717
8|719|8|719|sample|10|274|10|274|32.0,0.228,32223,5,10,84741.625,701.5,0,0,1,42185.9,42228,25802.3,25239.3,0.627693,0.697965
8|719|8|719|sample|10|274|10|274|32.0,1.14,4210,6,10,84741.625,701.5,0,0,1,42185.9,42228,3781.64,3409.53,0.285725,0.592206
8|719|8|719|sample|10|274|10|274|32.0,5.7,632,7,10,84741.625,701.5,0,0,1,40930.8,40971.6,1016.58,960.336,-0.95426,-0.862419
8|719|8|719|sample|10|274|10|274|32.0,28.5,612,8,10,84741.625,701.5,0,0,1,36736.3,36773,698.031,691.472,-0.310887,-0.289908
8|719|8|719|sample|9|274|9|274|32.0,0.0003648,99893,1,9,84741.625,701.5,0,0,1,36736.3,36773,72917.5,72863.2,0.933169,0.935746
8|719|8|719|sample|9|274|9|274|32.0,0.001824,90396,2,9,84741.625,701.5,0,0,1,40930.8,40971.6,81075.9,81103.4,0.289969,0.289015
8|719|8|719|sample|9|274|9|274|32.0,0.00912,87530,3,9,84741.625,701.5,0,0,1,42185.9,42228,82214.1,82535,0.1631,0.152657
8|719|8|719|sample|9|274|9|274|32.0,0.0456,67618,4,9,84741.625,701.5,0,0,1,42561.4,42603.9,70277.7,71444.2,-0.0954643,-0.13509
8|719|8|719|sample|9|274|9|274|32.0,0.228,32029,5,9,84741.625,701.5,0,0,1,42561.4,42603.9,26141.9,25295.4,0.568053,0.671477
8|719|8|719|sample|9|274|9|274|32.0,1.14,4042,6,9,84741.625,701.5,0,0,1,42185.9,42228,3853.57,3314.13,0.123339,0.553999
8|719|8|719|sample|9|274|9|274|32.0,5.7,674,7,9,84741.625,701.5,0,0,1,40930.8,40971.6,1028.02,947.108,-0.868655,-0.727373
8|719|8|719|sample|9|274|9|274|32.0,28.5,644,8,9,84741.625,701.5,0,0,1,36736.3,36773,699.325,690.157,-0.199557,-0.168699
8|719|8|719|sample|8|274|8|274|32.0,0.0000768,95369,1,8,84741.625,701.5,0,0,1,36736.3,36773,72926.8,72868.2,0.776248,0.778901
8|719|8|719|sample|8|274|8|274|32.0,0.000384,92759,2,8,84741.625,701.5,0,0,1,40930.8,40971.6,81192.7,81178.5,0.359337,0.359841
8|719|8|719|sample|8|274|8|274|32.0,0.00192,84653,3,8,84741.625,701.5,0,0,1,42185.9,42228,83546.1,83551,0.0334187,0.0332704
8|719|8|719|sample|8|274|8|274|32.0,0.0096,85030,4,8,84741.625,701.5,0,0,1,42561.4,42603.9,82871.2,82933.1,0.0657098,0.0637777
8|719|8|719|sample|8|274|8|274|32.0,0.048,63826,5,8,84741.625,701.5,0,0,1,42561.4,42603.9,69483.5,69705.4,-0.205383,-0.212759
8|719|8|719|sample|8|274|8|274|32.0,0.24,29936,6,8,84741.625,701.5,0,0,1,42185.9,42228,24466.7,24371.8,0.563874,0.575894
8|719|8|719|sample|8|274|8|274|32.0,1.2,4124,7,8,84741.625,701.5,0,0,1,40930.8,40971.6,3460.34,3384,0.483778,0.551602
8|719|8|719|sample|8|274|8|274|32.0,6,680,8,8,84741.625,701.5,0,0,1,36736.3,36773,895.626,883.654,-0.607291,-0.581345
8|719|8|719|sample|7|274|7|274|32.0,0.0000768,96784,1,7,84741.625,701.5,0,0,1,36736.3,36773,72926.1,72868.2,0.825224,0.827886
8|719|8|719|sample|7|274|7|274|32.0,0.000384,90264,2,7,84741.625,701.5,0,0,1,40930.8,40971.6,81185.8,81177.9,0.28206,0.282333
8|719|8|719|sample|7|274|7|274|32.0,0.00192,93457,3,7,84741.625,701.5,0,0,1,42185.9,42228,83491.7,83546.2,0.301073,0.29923
8|719|8|719|sample|7|274|7|274|32.0,0.0096,84890,4,7,84741.625,701.5,0,0,1,42561.4,42603.9,82519.2,82899.2,0.0724717,0.0605767
8|719|8|719|sample|7|274|7|274|32.0,0.048,65169,5,7,84741.625,701.5,0,0,1,42561.4,42603.9,68473.7,69598,-0.121739,-0.160521
8|719|8|719|sample|7|274|7|274|32.0,0.24,30352,6,7,84741.625,701.5,0,0,1,42185.9,42228,25290,24460.8,0.504891,0.607509
8|719|8|719|sample|7|274|7|274|32.0,1.2,4196,7,7,84741.625,701.5,0,0,1,40930.8,40971.6,3961.98,3433.72,0.148991,0.559975
8|719|8|719|sample|7|274|7|274|32.0,6,676,8,7,84741.625,701.5,0,0,1,36736.3,36773,973.074,890.67,-0.77009,-0.607962
8|719|8|719|sample|12|274|12|274|22.0,0.0003712,94222,1,12,84741.625,701.5,0,0,1,36736.3,36736.7,72927.2,72868.6,0.736558,0.739179
8|719|8|719|sample|12|274|12|274|22.0,0.001856,91978,2,12,84741.625,701.5,0,0,1,36736.3,36736.7,72913.9,72857.4,0.659521,0.661989
8|719|8|719|sample|12|274|12|274|22.0,0.00928,89439,3,12,84741.625,701.5,0,0,1,36736.3,36736.7,72577.9,72555.1,0.586008,0.586984
8|719|8|719|sample|12|274|12|274|22.0,0.0464,65541,4,12,84741.625,701.5,0,0,1,36736.3,36736.7,64968.8,65230.5,0.0222147,0.0120072
8|719|8|719|sample|12|274|12|274|22.0,0.2319999999999999,22932,5,12,84741.625,701.5,0,0,1,36736.3,36736.7,18049,17800.7,0.682428,0.727125
8|719|8|719|sample|12|274|12|274|22.0,1.16,1534,6,12,84741.625,701.5,0,0,1,36736.3,36736.7,1497.36,1427.85,0.0617164,0.187532
8|719|8|719|sample|12|274|12|274|22.0,5.8,634,7,12,84741.625,701.5,0,0,1,36736.3,36736.7,640.42,635.163,-0.0252871,-0.00461895
8|719|8|719|sample|12|274|12|274|22.0,29,568,8,12,84741.625,701.5,0,0,1,36736.3,36736.7,606.317,605.569,-0.159411,-0.156491
8|719|8|719|sample|11|274|11|274|22.0,0.0003712,89357,1,11,84741.625,701.5,0,0,1,36736.3,36736.7,72926.5,72867.8,0.568314,0.570805
8|719|8|719|sample|11|274|11|274|22.0,0.001856,92891,2,11,84741.625,701.5,0,0,1,40930.8,40931.2,81176.4,81160.9,0.364017,0.364566
8|719|8|719|sample|11|274|11|274|22.0,0.00928,86253,3,11,84741.625,701.5,0,0,1,40930.8,40931.2,80642.5,80625,0.175492,0.17608
8|719|8|719|sample|11|274|11|274|22.0,0.0464,67865,4,11,84741.625,701.5,0,0,1,40930.8,40931.2,71137,71130.2,-0.116021,-0.115793
8|719|8|719|sample|11|274|11|274|22.0,0.2319999999999999,24977,5,11,84741.625,701.5,0,0,1,40930.8,40931.2,21288.5,21376.3,0.437041,0.424888
8|719|8|719|sample|11|274|11|274|22.0,1.16,2348,6,11,84741.625,701.5,0,0,1,40930.8,40931.2,2012.96,2027.42,0.419839,0.398852
8|719|8|719|sample|11|274|11|274|22.0,5.8,638,7,11,84741.625,701.5,0,0,1,40930.8,40931.2,740.471,741.441,-0.349073,-0.351914
8|719|8|719|sample|11|274|11|274|22.0,29,584,8,11,84741.625,701.5,0,0,1,36736.3,36736.7,607.877,607.452,-0.0990802,-0.0973861
8|719|8|719|cc|1|1|274|1|274|69.0,0,640,1,1,84741.625,701.5,0,1,0,nan,nan,603.703,603.217,0.151658,0.153813
8|719|8|719|cc|2|1|274|1|274|69.0,0,658,2,1,84741.625,701.5,0,1,0,nan,nan,603.703,603.217,0.226868,0.229083
8|719|8|719|cc|3|1|274|1|274|69.0,0,684,3,1,84741.625,701.5,0,1,0,nan,nan,603.703,603.217,0.335503,0.337806
8|719|8|719|cc|4|1|274|1|274|69.0,0,730,4,1,84741.625,701.5,0,1,0,nan,nan,603.703,603.217,0.527705,0.530162
8|719|8|719|cc|5|1|274|1|274|69.0,0,706,5,1,84741.625,701.5,0,1,0,nan,nan,603.703,603.217,0.427426,0.429802
8|719|8|719|cc|6|1|274|1|274|69.0,0,732,6,1,84741.625,701.5,0,1,0,nan,nan,603.703,603.217,0.536062,0.538526
8|719|8|719|cc|7|1|274|1|274|69.0,0,746,7,1,84741.625,701.5,0,1,0,nan,nan,603.703,603.217,0.594558,0.597069
8|719|8|719|cc|8|1|274|1|274|69.0,0,716,8,1,84741.625,701.5,0,1,0,nan,nan,603.703,603.217,0.469209,0.471619
8|719|8|719|vc|1|2|274|2|274|69.0,0,95775,1,2,84741.625,701.5,1,0,0,nan,nan,72927.7,72869,0.79025,0.792919
8|719|8|719|vc|2|2|274|2|274|69.0,0,90514,2,2,84741.625,701.5,1,0,0,nan,nan,81204.2,81189,0.289192,0.289718
8|719|8|719|vc|3|2|274|2|274|69.0,0,86615,3,2,84741.625,701.5,1,0,0,nan,nan,81204.2,81189,0.168077,0.16858
8|719|8|719|vc|4|2|274|2|274|69.0,0,84683,4,2,84741.625,701.5,1,0,0,nan,nan,81204.2,81189,0.108063,0.108555
8|719|8|719|vc|5|2|274|2|274|69.0,0,87250,5,2,84741.625,701.5,1,0,0,nan,nan,81204.2,81189,0.187802,0.188309
8|719|8|719|vc|6|2|274|2|274|69.0,0,81493,6,2,84741.625,701.5,1,0,0,nan,nan,81204.2,81189,0.00897187,0.00944526
8|719|8|719|vc|7|2|274|2|274|69.0,0,76517,7,2,84741.625,701.5,1,0,0,nan,nan,81204.2,81189,-0.145598,-0.145153
8|719|8|719|vc|8|2|274|2|274|69.0,0,75086,8,2,84741.625,701.5,1,0,0,nan,nan,72927.7,72869,0.0746514,0.0767438
8|863|8|863|sample|7|274|7|274|65.0,0.0016767999999999,82319,1,7,79056.375,671,0,0,1,34278.8,34278.7,67919.9,67892,0.534762,0.536019
8|863|8|863|sample|7|274|7|274|65.0,0.0083839999999999,83542,2,7,79056.375,671,0,0,1,38192.7,38192.6,74430.7,74619.3,0.30878,0.301624
8|863|8|863|sample|7|274|7|274|65.0,0.04192,65069,3,7,79056.375,671,0,0,1,39363.8,39363.7,65778.7,66500.8,-0.0272158,-0.0543114
8|863|8|863|sample|7|274|7|274|65.0,0.2096,36554,4,7,79056.375,671,0,0,1,39714.3,39714.2,26849,26419.2,0.911785,0.967652
8|863|8|863|sample|7|274|7|274|65.0,1.048,4884,5,7,79056.375,671,0,0,1,39714.3,39714.2,4245.63,3853.18,0.379273,0.674821
8|863|8|863|sample|7|274|7|274|65.0,5.24,624,6,7,79056.375,671,0,0,1,39363.8,39363.7,1014.88,946.096,-0.971525,-0.858762
8|863|8|863|sample|7|274|7|274|65.0,26.2,626,7,7,79056.375,671,0,0,1,38192.7,38192.6,675.847,666.907,-0.186043,-0.154722
8|863|8|863|sample|7|274|7|274|65.0,131,654,8,7,79056.375,671,0,0,1,34278.8,34278.7,580.432,579.023,0.319714,0.326627
8|863|8|863|sample|8|274|8|274|65.0,0.0016767999999999,81813,1,8,79056.375,671,0,0,1,34278.8,34278.7,67952.4,67896.4,0.514516,0.517023
8|863|8|863|sample|8|274|8|274|65.0,0.0083839999999999,80278,2,8,79056.375,671,0,0,1,38192.7,38192.6,74677.8,74654.3,0.189163,0.190017
8|863|8|863|sample|8|274|8|274|65.0,0.04192,68381,3,8,79056.375,671,0,0,1,39363.8,39363.7,66651.2,66631.4,0.0654633,0.0662359
8|863|8|863|sample|8|274|8|274|65.0,0.2096,34726,4,8,79056.375,671,0,0,1,39714.3,39714.2,26231.4,26325.4,0.816855,0.804925
8|863|8|863|sample|8|274|8|274|65.0,1.048,4740,5,8,79056.375,671,0,0,1,39714.3,39714.2,3742.41,3780.06,0.672397,0.640573
8|863|8|863|sample|8|274|8|274|65.0,5.24,706,6,8,79056.375,671,0,0,1,39363.8,39363.7,928.934,934.222,-0.605361,-0.616212
8|863|8|863|sample|8|274|8|274|65.0,26.2,686,7,8,79056.375,671,0,0,1,38192.7,38192.6,665.005,665.48,0.0796351,0.0777785
8|863|8|863|sample|8|274|8|274|65.0,131,674,8,8,79056.375,671,0,0,1,34278.8,34278.7,579.289,578.88,0.412408,0.41448
8|863|8|863|sample|6|274|6|274|65.0,0.0004351999999999,84201,1,6,79056.375,671,0,0,1,34278.8,34278.7,68025.1,67977,0.599819,0.60203
8|863|8|863|sample|6|274|6|274|65.0,0.0021759999999999,83262,2,6,79056.375,671,0,0,1,38192.7,38192.6,75623.6,75682.3,0.25478,0.252628
8|863|8|863|sample|6|274|6|274|65.0,0.0108799999999999,73877,3,6,79056.375,671,0,0,1,39363.8,39363.7,76454.3,77063.7,-0.085034,-0.104307
8|863|8|863|sample|6|274|6|274|65.0,0.0543999999999999,56720,4,6,79056.375,671,0,0,1,39714.3,39714.2,62825.4,64921,-0.245131,-0.318644
8|863|8|863|sample|6|274|6|274|65.0,0.2719999999999999,26035,5,6,79056.375,671,0,0,1,39714.3,39714.2,19777.7,17866.5,0.79806,1.15326
8|863|8|863|sample|6|274|6|274|65.0,1.36,1998,6,6,79056.375,671,0,0,1,39363.8,39363.7,2691.12,1970.07,-0.649679,0.0357649
8|863|8|863|sample|6|274|6|274|65.0,6.8,596,7,6,79056.375,671,0,0,1,38192.7,38192.6,810.696,721.472,-0.668019,-0.438682
8|863|8|863|sample|6|274|6|274|65.0,34,680,8,6,79056.375,671,0,0,1,34278.8,34278.7,590.159,581.459,0.383995,0.427485
8|863|8|863|sample|5|274|5|274|65.0,0.0004351999999999,83981,1,5,79056.375,671,0,0,1,34278.8,34278.7,68031.1,67975.1,0.591389,0.593956
8|863|8|863|sample|5|274|5|274|65.0,0.0021759999999999,84944,2,5,79056.375,671,0,0,1,38192.7,38192.6,75687.7,75658.4,0.308487,0.309581
8|863|8|863|sample|5|274|5|274|65.0,0.0108799999999999,76489,3,5,79056.375,671,0,0,1,39363.8,39363.7,76980,76840.5,-0.0160905,-0.0115403
8|863|8|863|sample|5|274|5|274|65.0,0.0543999999999999,61614,4,5,79056.375,671,0,0,1,39714.3,39714.2,64548.8,64078.3,-0.114687,-0.0970081
8|863|8|863|sample|5|274|5|274|65.0,0.2719999999999999,25403,5,5,79056.375,671,0,0,1,39714.3,39714.2,18134,18678.4,1.01112,0.908137
8|863|8|863|sample|5|274|5|274|65.0,1.36,2262,6,5,79056.375,671,0,0,1,39363.8,39363.7,2066.06,2240.23,0.239218,0.0245084
8|863|8|863|sample|5|274|5|274|65.0,34,676,8,5,79056.375,671,0,0,1,34278.8,34278.7,582.755,583.928,0.40361,0.397732
8|863|8|863|sample|11|274|11|274|28.0,0.0014272,78983,1,11,79056.375,671,0,0,1,34278.8,34278.7,68019.4,67967,0.406576,0.408833
8|863|8|863|sample|11|274|11|274|28.0,0.007136,77552,2,11,79056.375,671,0,0,1,38192.7,38192.5,75415.1,75435.9,0.0714724,0.0707577
8|863|8|863|sample|11|274|11|274|28.0,0.03568,64390,3,11,79056.375,671,0,0,1,38192.7,38192.5,69569.4,69838.6,-0.187796,-0.196793
8|863|8|863|sample|11|274|11|274|28.0,0.1784,28760,4,11,79056.375,671,0,0,1,38192.7,38192.5,27797.7,27674.2,0.0873211,0.0989728
8|863|8|863|sample|11|274|11|274|28.0,0.892,3118,5,11,79056.375,671,0,0,1,38192.7,38192.5,2744.11,2615.94,0.343689,0.484117
8|863|8|863|sample|11|274|11|274|28.0,4.46,660,6,11,79056.375,671,0,0,1,38192.7,38192.5,752.769,740.044,-0.310861,-0.272831
8|863|8|863|sample|11|274|11|274|28.0,22.3,624,7,11,79056.375,671,0,0,1,38192.7,38192.5,648.659,647.62,-0.0958922,-0.0919989
8|863|8|863|sample|11|274|11|274|28.0,111.5,676,8,11,79056.375,671,0,0,1,34278.8,34278.7,577.788,577.269,0.428765,0.431418
8|863|8|863|sample|12|274|12|274|28.0,0.0014272,82748,1,12,79056.375,671,0,0,1,34278.8,34278.7,68001.8,67951.3,0.546993,0.549273
8|863|8|863|sample|12|274|12|274|28.0,0.007136,77620,2,12,79056.375,671,0,0,1,34278.8,34278.7,67538.6,67526.6,0.376523,0.377038
8|863|8|863|sample|12|274|12|274|28.0,0.03568,62159,3,12,79056.375,671,0,0,1,34278.8,34278.7,61266.2,61470,0.0367599,0.0282751
8|863|8|863|sample|12|274|12|274|28.0,0.1784,27297,4,12,79056.375,671,0,0,1,34278.8,34278.7,25768,25663.6,0.149672,0.160544
8|863|8|863|sample|12|274|12|274|28.0,0.892,3754,5,12,79056.375,671,0,0,1,34278.8,34278.7,3148.15,3018,0.485438,0.615147
8|863|8|863|sample|12|274|12|274|28.0,4.46,602,6,12,79056.375,671,0,0,1,34278.8,34278.7,754.713,737.211,-0.510406,-0.46264
8|863|8|863|sample|12|274|12|274|28.0,22.3,652,7,12,79056.375,671,0,0,1,34278.8,34278.7,589.34,587.241,0.268194,0.278168
8|863|8|863|sample|12|274|12|274|28.0,111.5,620,8,12,79056.375,671,0,0,1,34278.8,34278.7,578.318,577.713,0.181804,0.184636
8|863|8|863|sample|9|274|9|274|28.0,0.0004479999999999,81052,1,9,79056.375,671,0,0,1,34278.8,34278.7,68033.4,67978.3,0.482687,0.485121
8|863|8|863|sample|9|274|9|274|28.0,0.00224,80554,2,9,79056.375,671,0,0,1,38192.7,38192.5,75718.7,75700.1,0.161079,0.161741
8|863|8|863|sample|9|274|9|274|28.0,0.0111999999999999,77564,3,9,79056.375,671,0,0,1,39363.8,39363.7,77294.8,77238.1,0.00878615,0.0106444
8|863|8|863|sample|9|274|9|274|28.0,0.0559999999999999,56662,4,9,79056.375,671,0,0,1,39714.3,39714.1,65534.3,65305.9,-0.341501,-0.333871
8|863|8|863|sample|9|274|9|274|28.0,0.2799999999999999,21150,5,9,79056.375,671,0,0,1,39714.3,39714.1,15923.1,16244.6,0.828007,0.761703
8|863|8|863|sample|9|274|9|274|28.0,1.4,1734,6,9,79056.375,671,0,0,1,39363.8,39363.7,1581.81,1650.05,0.24269,0.128339
8|863|8|863|sample|9|274|9|274|28.0,7,666,7,9,79056.375,671,0,0,1,38192.7,38192.5,687.728,693.246,-0.0796956,-0.0991388
8|863|8|863|sample|9|274|9|274|28.0,35,660,8,9,79056.375,671,0,0,1,34278.8,34278.7,579.519,579.41,0.350306,0.350845
8|863|8|863|sample|10|274|10|274|28.0,0.0004479999999999,87360,1,10,79056.375,671,0,0,1,34278.8,34278.7,68030.8,67976.1,0.716691,0.719296
8|863|8|863|sample|10|274|10|274|28.0,0.00224,83548,2,10,79056.375,671,0,0,1,38192.7,38192.5,75682.5,75669.6,0.26215,0.262626
8|863|8|863|sample|10|274|10|274|28.0,0.0111999999999999,78230,3,10,79056.375,671,0,0,1,39363.8,39363.7,76910.2,76919.8,0.0432869,0.0429646
8|863|8|863|sample|10|274|10|274|28.0,0.0559999999999999,58709,4,10,79056.375,671,0,0,1,39363.8,39363.7,63345.9,63420.1,-0.184643,-0.187379
8|863|8|863|sample|10|274|10|274|28.0,0.2799999999999999,20498,5,10,79056.375,671,0,0,1,39363.8,39363.7,17373.6,17390.4,0.45362,0.45075
8|863|8|863|sample|10|274|10|274|28.0,1.4,2190,6,10,79056.375,671,0,0,1,39363.8,39363.7,2016.75,2011.61,0.216693,0.223691
8|863|8|863|sample|10|274|10|274|28.0,35,698,8,10,79056.375,671,0,0,1,34278.8,34278.7,582.555,582.016,0.499874,0.502674
8|863|8|863|sample|5|274|5|274|28.0,7,652,7,5,79056.375,671,0,0,1,38192.7,38192.5,643.11,664.567,0.0348701,-0.0477001
8|863|8|863|sample|3|274|3|274|22.0,0.0010624,89013,1,3,79056.375,671,0,0,1,34278.8,34279.2,68021.3,67970.5,0.77844,0.780907
8|863|8|863|sample|3|274|3|274|22.0,0.005312,83582,2,3,79056.375,671,0,0,1,38192.7,38193.2,75495.1,75534.1,0.270199,0.268757
8|863|8|863|sample|3|274|3|274|22.0,0.02656,75500,3,3,79056.375,671,0,0,1,39363.8,39364.3,73707.9,74156.8,0.0613313,0.0456876
8|863|8|863|sample|3|274|3|274|22.0,0.1328,35636,4,3,79056.375,671,0,0,1,39363.8,39364.3,38954.1,39014.3,-0.214859,-0.21842
8|863|8|863|sample|3|274|3|274|22.0,0.664,5534,5,3,79056.375,671,0,0,1,39363.8,39364.3,4852.4,4439.69,0.354318,0.621744
8|863|8|863|sample|3|274|3|274|22.0,3.32,752,6,3,79056.375,671,0,0,1,39363.8,39364.3,921.909,870.702,-0.46489,-0.343883
8|863|8|863|sample|3|274|3|274|22.0,16.6,620,7,3,79056.375,671,0,0,1,38192.7,38193.2,659.017,654.726,-0.14934,-0.133788
8|863|8|863|sample|3|274|3|274|22.0,83,590,8,3,79056.375,671,0,0,1,34278.8,34279.2,579.443,578.7,0.0459553,0.0492561
8|863|8|863|sample|4|274|4|274|22.0,0.0010624,89205,1,4,79056.375,671,0,0,1,34278.8,34279.2,68011.1,67962.1,0.786056,0.78844
8|863|8|863|sample|4|274|4|274|22.0,0.005312,81925,2,4,79056.375,671,0,0,1,38192.7,38193.2,75378.9,75428.5,0.219057,0.217253
8|863|8|863|sample|4|274|4|274|22.0,0.02656,72696,3,4,79056.375,671,0,0,1,39363.8,39364.3,72885,73320.3,-0.00654018,-0.0214762
8|863|8|863|sample|4|274|4|274|22.0,0.1328,39789,4,4,79056.375,671,0,0,1,39714.3,39714.8,39326.6,39386.3,0.0296557,0.0257898
8|863|8|863|sample|4|274|4|274|22.0,0.664,7098,5,4,79056.375,671,0,0,1,39714.3,39714.8,5708.2,5307.54,0.614151,0.85093
8|863|8|863|sample|4|274|4|274|22.0,3.32,652,6,4,79056.375,671,0,0,1,39363.8,39364.3,1037.78,976.503,-0.937689,-0.838239
8|863|8|863|sample|4|274|4|274|22.0,16.6,586,7,4,79056.375,671,0,0,1,38192.7,38193.2,669.979,663.769,-0.316178,-0.295539
8|863|8|863|sample|4|274|4|274|22.0,83,700,8,4,79056.375,671,0,0,1,34278.8,34279.2,580.293,579.334,0.520347,0.525386
8|863|8|863|sample|10|274|10|274|65.0,6.8,652,7,10,79056.375,671,0,0,1,38192.7,38192.6,643.21,664.924,0.03447,-0.0490275
8|863|8|863|cc|1|1|274|1|274|69.0,0,622,1,1,79056.375,671,0,1,0,nan,nan,577.455,576.99,0.194581,0.19677
8|863|8|863|cc|2|1|274|1|274|69.0,0,702,2,1,79056.375,671,0,1,0,nan,nan,577.455,576.99,0.544038,0.546509
8|863|8|863|cc|3|1|274|1|274|69.0,0,724,3,1,79056.375,671,0,1,0,nan,nan,577.455,576.99,0.640139,0.642687
8|863|8|863|cc|4|1|274|1|274|69.0,0,660,4,1,79056.375,671,0,1,0,nan,nan,577.455,576.99,0.360573,0.362896
8|863|8|863|cc|5|1|274|1|274|69.0,0,644,5,1,79056.375,671,0,1,0,nan,nan,577.455,576.99,0.290682,0.292948
8|863|8|863|cc|6|1|274|1|274|69.0,0,642,6,1,79056.375,671,0,1,0,nan,nan,577.455,576.99,0.281945,0.284205
8|863|8|863|cc|7|1|274|1|274|69.0,0,664,7,1,79056.375,671,0,1,0,nan,nan,577.455,576.99,0.378046,0.380383
8|863|8|863|cc|8|1|274|1|274|69.0,0,710,8,1,79056.375,671,0,1,0,nan,nan,577.455,576.99,0.578984,0.581483
8|863|8|863|vc|1|2|274|2|274|69.0,0,84225,1,2,79056.375,671,1,0,0,nan,nan,68035.1,67980.3,0.600254,0.60277
8|863|8|863|vc|2|2|274|2|274|69.0,0,81106,2,2,79056.375,671,1,0,0,nan,nan,75756.2,75742.1,0.17813,0.178635
8|863|8|863|vc|3|2|274|2|274|69.0,0,81311,3,2,79056.375,671,1,0,0,nan,nan,75756.2,75742.1,0.184956,0.185463
8|863|8|863|vc|4|2|274|2|274|69.0,0,81469,4,2,79056.375,671,1,0,0,nan,nan,75756.2,75742.1,0.190217,0.190724
8|863|8|863|vc|5|2|274|2|274|69.0,0,80994,5,2,79056.375,671,1,0,0,nan,nan,75756.2,75742.1,0.174401,0.174905
8|863|8|863|vc|6|2|274|2|274|69.0,0,78472,6,2,79056.375,671,1,0,0,nan,nan,75756.2,75742.1,0.0904263,0.0909149
8|863|8|863|vc|7|2|274|2|274|69.0,0,76847,7,2,79056.375,671,1,0,0,nan,nan,75756.2,75742.1,0.0363187,0.0367973
8|863|8|863|vc|8|2|274|2|274|69.0,0,68027,8,2,79056.375,671,1,0,0,nan,nan,68035.1,67980.3,-0.000298532,0.00173347
8|488|8|488|sample|6|322|6|322|55.0,0.0006144,96232,1,6,92253.875,687,0,0,1,39960,44432.3,69510.7,69615.4,0.969681,0.964429
8|488|8|488|sample|6|322|6|322|55.0,0.003072,95307,2,6,92253.875,687,0,0,1,44522.5,46290.9,65758.8,65863,1.13344,1.12766
8|488|8|488|sample|6|322|6|322|55.0,0.01536,103629,3,6,92253.875,687,0,0,1,45887.7,46466.1,58132,58205.4,1.9742,1.96852
8|488|8|488|sample|6|322|6|322|55.0,0.0768,97373,4,6,92253.875,687,0,0,1,46296.2,46482.6,49458,49486.7,2.44376,2.44087
8|488|8|488|sample|6|322|6|322|55.0,0.384,87530,5,6,92253.875,687,0,0,1,46296.2,46482.6,40542,40521.6,2.92351,2.92625
8|488|8|488|sample|6|322|6|322|55.0,1.92,63970,6,6,92253.875,687,0,0,1,45887.7,46466.1,32050.9,31987.5,2.51208,2.52206
8|488|8|488|sample|6|322|6|322|55.0,9.6,23620,7,6,92253.875,687,0,0,1,44522.5,46290.9,24454.3,24362.2,-0.0860558,-0.0768476
8|488|8|488|sample|6|322|6|322|55.0,48,5018,8,6,92253.875,687,0,0,1,39960,44432.3,17514.9,17411.9,-1.79977,-1.7955
8|488|8|488|sample|5|322|5|322|55.0,0.0006144,97119,1,5,92253.875,687,0,0,1,39960,44432.3,68790.1,69447.6,1.03879,1.00507
8|488|8|488|sample|5|322|5|322|55.0,0.003072,96198,2,5,92253.875,687,0,0,1,44522.5,46290.9,65123.5,65713.9,1.20362,1.17014
8|488|8|488|sample|5|322|5|322|55.0,0.01536,101181,3,5,92253.875,687,0,0,1,45887.7,46466.1,57717.3,58107.6,1.89952,1.86982
8|488|8|488|sample|5|322|5|322|55.0,0.0768,100658,4,5,92253.875,687,0,0,1,46296.2,46482.6,49347.9,49460.6,2.62275,2.61103
8|488|8|488|sample|5|322|5|322|55.0,0.384,92386,5,5,92253.875,687,0,0,1,46296.2,46482.6,40760,40573,3.19489,3.22125
8|488|8|488|sample|5|322|5|322|55.0,1.92,64050,6,5,92253.875,687,0,0,1,45887.7,46466.1,32551.3,32105.2,2.44088,2.50985
8|488|8|488|sample|5|322|5|322|55.0,9.6,21984,7,5,92253.875,687,0,0,1,44522.5,46290.9,25140.2,24522.7,-0.316681,-0.261136
8|488|8|488|sample|5|322|5|322|55.0,48,4784,8,5,92253.875,687,0,0,1,39960,44432.3,18250.2,17582.7,-1.86123,-1.83613
8|488|8|488|sample|4|322|4|322|55.0,0.000064,90076,1,4,92253.875,687,0,0,1,39960,44432.3,71468.4,72903.2,0.656748,0.594177
8|488|8|488|sample|4|322|4|322|55.0,0.00032,95871,2,4,92253.875,687,0,0,1,44522.5,46290.9,69751.3,71180.7,0.944578,0.874958
8|488|8|488|sample|4|322|4|322|55.0,0.0016,100086,3,4,92253.875,687,0,0,1,45887.7,46466.1,64505.7,65727.6,1.39134,1.31858
8|488|8|488|sample|4|322|4|322|55.0,0.008,105205,4,4,92253.875,687,0,0,1,46296.2,46482.6,58318.9,59186.1,2.02795,1.96127
8|488|8|488|sample|4|322|4|322|55.0,0.04,98822,5,4,92253.875,687,0,0,1,46296.2,46482.6,51604.2,52001.4,2.30804,2.27114
8|488|8|488|sample|4|322|4|322|55.0,0.2,88433,6,4,92253.875,687,0,0,1,45887.7,46466.1,44642.5,44513.9,2.4743,2.48875
8|488|8|488|sample|4|322|4|322|55.0,1,78354,7,4,92253.875,687,0,0,1,44522.5,46290.9,37640,37007.5,2.72846,2.8182
8|488|8|488|sample|4|322|4|322|55.0,5,36320,8,4,92253.875,687,0,0,1,39960,44432.3,29938.6,28928.9,0.53766,0.644461
8|488|8|488|sample|3|322|3|322|55.0,0.000064,94358,1,3,92253.875,687,0,0,1,39960,44432.3,78930.8,74142.7,0.493018,0.687755
8|488|8|488|sample|3|322|3|322|55.0,0.00032,92993,2,3,92253.875,687,0,0,1,44522.5,46290.9,77592.2,72435,0.500666,0.715906
8|488|8|488|sample|3|322|3|322|55.0,0.0016,99499,3,3,92253.875,687,0,0,1,45887.7,46466.1,71572,66819.4,0.984246,1.23366
8|488|8|488|sample|3|322|3|322|55.0,0.008,102432,4,3,92253.875,687,0,0,1,45887.7,46466.1,63511.4,59948.5,1.54579,1.78758
8|488|8|488|sample|3|322|3|322|55.0,0.04,102826,5,3,92253.875,687,0,0,1,45887.7,46466.1,54001,52340.1,2.28067,2.43309
8|488|8|488|sample|3|322|3|322|55.0,0.2,85912,6,3,92253.875,687,0,0,1,45887.7,46466.1,43770.7,44386.3,2.42855,2.35988
8|488|8|488|sample|3|322|3|322|55.0,1,75884,7,3,92253.875,687,0,0,1,44522.5,46290.9,33676.4,36418.7,3.16146,2.73346
8|488|8|488|sample|3|322|3|322|55.0,5,33601,8,3,92253.875,687,0,0,1,39960,44432.3,23897.7,28009.9,1.0242,0.503514
8|488|8|488|sample|10|322|10|322|32.0,0.0003648,81577,1,10,92253.875,687,0,0,1,39960,44419.3,84723.8,85509.4,-0.0936875,-0.116002
8|488|8|488|sample|10|322|10|322|32.0,0.001824,77221,2,10,92253.875,687,0,0,1,44522.5,46277.3,83680.2,85033.8,-0.194707,-0.23176
8|488|8|488|sample|10|322|10|322|32.0,0.00912,73813,3,10,92253.875,687,0,0,1,45887.7,46452.4,74744.5,76420.8,-0.0314346,-0.086077
8|488|8|488|sample|10|322|10|322|32.0,0.0456,47917,4,10,92253.875,687,0,0,1,45887.7,46452.4,59205,60245.1,-0.480928,-0.516176
8|488|8|488|sample|10|322|10|322|32.0,0.228,23762,5,10,92253.875,687,0,0,1,45887.7,46452.4,39654.5,39119,-1.01093,-0.990241
8|488|8|488|sample|10|322|10|322|32.0,1.14,14795,6,10,92253.875,687,0,0,1,45887.7,46452.4,22349.7,20777.8,-0.852641,-0.726316
8|488|8|488|sample|10|322|10|322|32.0,5.7,9720,7,10,92253.875,687,0,0,1,44522.5,46277.3,11151.4,9666.84,-0.323787,0.0138725
8|488|8|488|sample|10|322|10|322|32.0,28.5,5400,8,10,92253.875,687,0,0,1,39960,44419.3,5160.22,4221.74,0.117211,0.704003
8|488|8|488|sample|9|322|9|322|32.0,0.0003648,88000,1,9,92253.875,687,0,0,1,39960,44419.3,84671,85391.5,0.099175,0.0770556
8|488|8|488|sample|9|322|9|322|32.0,0.001824,81172,2,9,92253.875,687,0,0,1,44522.5,46277.3,83594.7,84826.1,-0.0731042,-0.108662
8|488|8|488|sample|9|322|9|322|32.0,0.00912,76271,3,9,92253.875,687,0,0,1,45887.7,46452.4,74643.5,76154.9,0.0549976,0.00384414
8|488|8|488|sample|9|322|9|322|32.0,0.0456,48779,4,9,92253.875,687,0,0,1,46296.2,46469,59166.4,60099.4,-0.442849,-0.475133
8|488|8|488|sample|9|322|9|322|32.0,0.228,28900,5,9,92253.875,687,0,0,1,46296.2,46469,39701.6,39225.9,-0.686284,-0.664013
8|488|8|488|sample|9|322|9|322|32.0,1.14,16823,6,9,92253.875,687,0,0,1,45887.7,46452.4,22445.3,21035.4,-0.631847,-0.505128
8|488|8|488|sample|9|322|9|322|32.0,5.7,9274,7,9,92253.875,687,0,0,1,44522.5,46277.3,11245.1,9900.62,-0.442156,-0.159648
8|488|8|488|sample|9|322|9|322|32.0,28.5,5678,8,9,92253.875,687,0,0,1,39960,44419.3,5222.02,4363.64,0.220255,0.759777
8|488|8|488|sample|8|322|8|322|32.0,0.0000768,96152,1,8,92253.875,687,0,0,1,39960,44419.3,87398.9,87311.9,0.252626,0.255391
8|488|8|488|sample|8|322|8|322|32.0,0.000384,86213,2,8,92253.875,687,0,0,1,44522.5,46277.3,89623.4,89461.3,-0.0959847,-0.0915885
8|488|8|488|sample|8|322|8|322|32.0,0.00192,94198,3,8,92253.875,687,0,0,1,45887.7,46452.4,86254.4,85961.7,0.232303,0.241686
8|488|8|488|sample|8|322|8|322|32.0,0.0096,85402,4,8,92253.875,687,0,0,1,46296.2,46469,77485,77093.5,0.25773,0.271849
8|488|8|488|sample|8|322|8|322|32.0,0.048,55227,5,8,92253.875,687,0,0,1,46296.2,46469,60515.6,60283.2,-0.220442,-0.211567
8|488|8|488|sample|8|322|8|322|32.0,0.24,28203,6,8,92253.875,687,0,0,1,45887.7,46452.4,37843.3,38040,-0.642576,-0.652297
8|488|8|488|sample|8|322|8|322|32.0,1.2,15833,7,8,92253.875,687,0,0,1,44522.5,46277.3,18786.5,19210.8,-0.396565,-0.443522
8|488|8|488|sample|8|322|8|322|32.0,6,10222,8,8,92253.875,687,0,0,1,39960,44419.3,7868.64,8199.1,0.754416,0.622344
8|488|8|488|sample|7|322|7|322|32.0,0.0000768,88102,1,7,92253.875,687,0,0,1,39960,44419.3,86876.8,87272.4,0.0355743,0.0239784
8|488|8|488|sample|7|322|7|322|32.0,0.000384,97131,2,7,92253.875,687,0,0,1,44522.5,46277.3,88556.2,89377.3,0.244247,0.218827
8|488|8|488|sample|7|322|7|322|32.0,0.00192,94452,3,7,92253.875,687,0,0,1,45887.7,46452.4,84417.8,85811.4,0.299826,0.253992
8|488|8|488|sample|7|322|7|322|32.0,0.0096,82610,4,7,92253.875,687,0,0,1,46296.2,46469,75123,76892.8,0.251397,0.187552
8|488|8|488|sample|7|322|7|322|32.0,0.048,53340,5,7,92253.875,687,0,0,1,46296.2,46469,59068.5,60156.6,-0.244627,-0.285829
8|488|8|488|sample|7|322|7|322|32.0,0.24,30010,6,7,92253.875,687,0,0,1,45887.7,46452.4,38762.4,38120.3,-0.569559,-0.536664
8|488|8|488|sample|7|322|7|322|32.0,1.2,17535,7,7,92253.875,687,0,0,1,44522.5,46277.3,21093.7,19408.5,-0.425558,-0.243491
8|488|8|488|sample|7|322|7|322|32.0,6,10208,8,7,92253.875,687,0,0,1,39960,44419.3,9807.88,8359.45,0.102906,0.557798
8|488|8|488|sample|11|322|11|322|22.0,0.0003712,81357,1,11,92253.875,687,0,0,1,39960,44428.7,88100.8,88094,-0.193083,-0.192904
8|488|8|488|sample|11|322|11|322|22.0,0.001856,80376,2,11,92253.875,687,0,0,1,44522.5,46287.1,91243.4,91268.2,-0.300432,-0.301035
8|488|8|488|sample|11|322|11|322|22.0,0.00928,77900,3,11,92253.875,687,0,0,1,44522.5,46287.1,87916.1,88014.2,-0.287377,-0.28987
8|488|8|488|sample|11|322|11|322|22.0,0.0464,59219,4,11,92253.875,687,0,0,1,44522.5,46287.1,70993.4,71184.2,-0.418355,-0.423992
8|488|8|488|sample|11|322|11|322|22.0,0.2319999999999999,31458,5,11,92253.875,687,0,0,1,44522.5,46287.1,31652.4,31601.3,-0.0154924,-0.0114398
8|488|8|488|sample|11|322|11|322|22.0,1.16,7890,6,11,92253.875,687,0,0,1,44522.5,46287.1,7335.96,7232.86,0.190504,0.229178
8|488|8|488|sample|11|322|11|322|22.0,5.8,2100,7,11,92253.875,687,0,0,1,44522.5,46287.1,1783.08,1750.24,0.448342,0.504081
8|488|8|488|sample|11|322|11|322|22.0,29,842,8,11,92253.875,687,0,0,1,39960,44428.7,835.786,828.56,0.0187535,0.040915
8|488|8|488|sample|12|322|12|322|22.0,0.0003712,85678,1,12,92253.875,687,0,0,1,39960,44428.7,88136.3,88117.1,-0.0703575,-0.069821
8|488|8|488|sample|12|322|12|322|22.0,0.001856,78320,2,12,92253.875,687,0,0,1,39960,44428.7,87769.9,87718.5,-0.271583,-0.270265
8|488|8|488|sample|12|322|12|322|22.0,0.00928,75748,3,12,92253.875,687,0,0,1,39960,44428.7,85120.4,84941.6,-0.27774,-0.273017
8|488|8|488|sample|12|322|12|322|22.0,0.0464,56968,4,12,92253.875,687,0,0,1,39960,44428.7,69454.1,69149.5,-0.453474,-0.444358
8|488|8|488|sample|12|322|12|322|22.0,0.2319999999999999,26171,5,12,92253.875,687,0,0,1,39960,44428.7,29464.3,29753.6,-0.281942,-0.303723
8|488|8|488|sample|12|322|12|322|22.0,1.16,6422,6,12,92253.875,687,0,0,1,39960,44428.7,6053.54,6311.86,0.153532,0.0440145
8|488|8|488|sample|12|322|12|322|22.0,5.8,1454,7,12,92253.875,687,0,0,1,39960,44428.7,1434.67,1501.4,0.0339805,-0.0796306
8|488|8|488|sample|12|322|12|322|22.0,29,1264,8,12,92253.875,687,0,0,1,39960,44428.7,778.183,791.122,1.57476,1.50775
8|488|8|488|cc|1|1|322|1|322|69.0,0,690,1,1,92253.875,687,0,1,0,nan,nan,656.76,656.673,0.127666,0.128018
8|488|8|488|cc|2|1|322|1|322|69.0,0,744,2,1,92253.875,687,0,1,0,nan,nan,656.76,656.673,0.335066,0.335446
8|488|8|488|cc|3|1|322|1|322|69.0,0,678,3,1,92253.875,687,0,1,0,nan,nan,656.76,656.673,0.081577,0.0819231
8|488|8|488|cc|4|1|322|1|322|69.0,0,658,4,1,92253.875,687,0,1,0,nan,nan,656.76,656.673,0.00476202,0.00509797
8|488|8|488|cc|5|1|322|1|322|69.0,0,652,5,1,92253.875,687,0,1,0,nan,nan,656.76,656.673,-0.0182825,-0.0179496
8|488|8|488|cc|6|1|322|1|322|69.0,0,686,6,1,92253.875,687,0,1,0,nan,nan,656.76,656.673,0.112303,0.112653
8|488|8|488|cc|7|1|322|1|322|69.0,0,710,7,1,92253.875,687,0,1,0,nan,nan,656.76,656.673,0.204481,0.204843
8|488|8|488|cc|8|1|322|1|322|69.0,0,678,8,1,92253.875,687,0,1,0,nan,nan,656.76,656.673,0.081577,0.0819231
8|488|8|488|vc|1|2|322|2|322|69.0,0,94917,1,2,92253.875,687,1,0,0,nan,nan,88193.1,88181.4,0.192313,0.192674
8|488|8|488|vc|2|2|322|2|322|69.0,0,99297,2,2,92253.875,687,1,0,0,nan,nan,91870,91869.9,0.203922,0.203924
8|488|8|488|vc|3|2|322|2|322|69.0,0,94280,3,2,92253.875,687,1,0,0,nan,nan,91870,91869.9,0.0661718,0.0661732
8|488|8|488|vc|4|2|322|2|322|69.0,0,91878,4,2,92253.875,687,1,0,0,nan,nan,91870,91869.9,0.000220662,0.000222072
8|488|8|488|vc|5|2|322|2|322|69.0,0,91882,5,2,92253.875,687,1,0,0,nan,nan,91870,91869.9,0.000330489,0.000331899
8|488|8|488|vc|6|2|322|2|322|69.0,0,90577,6,2,92253.875,687,1,0,0,nan,nan,91870,91869.9,-0.0355006,-0.0354992
8|488|8|488|vc|7|2|322|2|322|69.0,0,89724,7,2,92253.875,687,1,0,0,nan,nan,91870,91869.9,-0.0589212,-0.0589198
8|488|8|488|vc|8|2|322|2|322|69.0,0,85476,8,2,92253.875,687,1,0,0,nan,nan,88193.1,88181.4,-0.0777133,-0.0773883
8|152|8|152|sample|8|322|8|322|65.0,0.0016767999999999,93531,1,8,94087.625,695.25,0,0,1,40751.9,40752.3,80247.2,80134.4,0.417557,0.421696
8|152|8|152|sample|8|322|8|322|65.0,0.0083839999999999,89173,2,8,94087.625,695.25,0,0,1,45404.9,45405.4,85775.4,85588.5,0.0999161,0.105641
8|152|8|152|sample|8|322|8|322|65.0,0.04192,74809,3,8,94087.625,695.25,0,0,1,46797.2,46797.7,72058.1,71806.6,0.0962972,0.105471
8|152|8|152|sample|8|322|8|322|65.0,0.2096,45160,4,8,94087.625,695.25,0,0,1,47213.8,47214.3,35709.5,35918.9,0.667563,0.648964
8|152|8|152|sample|8|322|8|322|65.0,1.048,15135,5,8,94087.625,695.25,0,0,1,47213.8,47214.3,9641.63,9924.54,1.43718,1.32431
8|152|8|152|sample|8|322|8|322|65.0,5.24,2264,6,8,94087.625,695.25,0,0,1,46797.2,46797.7,2386.36,2488.2,-0.129333,-0.227283
8|152|8|152|sample|8|322|8|322|65.0,26.2,818,7,8,94087.625,695.25,0,0,1,45404.9,45405.4,962.77,988.457,-0.379296,-0.43499
8|152|8|152|sample|8|322|8|322|65.0,131,656,8,8,94087.625,695.25,0,0,1,40751.9,40752.3,646.52,651.4,0.0369874,0.0178122
8|152|8|152|sample|7|322|7|322|65.0,0.0016767999999999,91095,1,7,94087.625,695.25,0,0,1,40751.9,40752.3,79892.4,79948.5,0.353702,0.351682
8|152|8|152|sample|7|322|7|322|65.0,0.0083839999999999,90851,2,7,94087.625,695.25,0,0,1,45404.9,45405.4,84583.5,84954.9,0.186909,0.175064
8|152|8|152|sample|7|322|7|322|65.0,0.04192,78819,3,7,94087.625,695.25,0,0,1,46797.2,46797.7,70304.8,70861.3,0.30548,0.283271
8|152|8|152|sample|7|322|7|322|65.0,0.2096,44579,4,7,94087.625,695.25,0,0,1,47213.8,47214.3,36661.2,36431,0.544778,0.564159
8|152|8|152|sample|7|322|7|322|65.0,1.048,16869,5,7,94087.625,695.25,0,0,1,47213.8,47214.3,11322.2,10824.8,1.23577,1.40846
8|152|8|152|sample|7|322|7|322|65.0,5.24,2542,6,7,94087.625,695.25,0,0,1,46797.2,46797.7,3059.32,2844.18,-0.42654,-0.268002
8|152|8|152|sample|7|322|7|322|65.0,26.2,990,7,7,94087.625,695.25,0,0,1,45404.9,45405.4,1148.43,1085.33,-0.347989,-0.221559
8|152|8|152|sample|7|322|7|322|65.0,131,662,8,7,94087.625,695.25,0,0,1,40751.9,40752.3,688.398,672.924,-0.096727,-0.0409492
8|152|8|152|sample|6|322|6|322|65.0,0.0004351999999999,97021,1,6,94087.625,695.25,0,0,1,40751.9,40752.3,80719.1,80633.6,0.509429,0.512643
8|152|8|152|sample|6|322|6|322|65.0,0.0021759999999999,93823,2,6,94087.625,695.25,0,0,1,45404.9,45405.4,88755.6,88659.6,0.144017,0.146902
8|152|8|152|sample|6|322|6|322|65.0,0.0108799999999999,90270,3,6,94087.625,695.25,0,0,1,46797.2,46797.7,86004.5,85786.2,0.125105,0.131842
8|152|8|152|sample|6|322|6|322|65.0,0.0543999999999999,68233,4,6,94087.625,695.25,0,0,1,47213.8,47214.3,66628.9,66430.3,0.06073,0.0684514
8|152|8|152|sample|6|322|6|322|65.0,0.2719999999999999,39599,5,6,94087.625,695.25,0,0,1,47213.8,47214.3,30827.5,31082.9,0.717729,0.691105
8|152|8|152|sample|6|322|6|322|65.0,1.36,10738,6,6,94087.625,695.25,0,0,1,46797.2,46797.7,8637.53,8897.52,0.613409,0.521777
8|152|8|152|sample|6|322|6|322|65.0,6.8,2696,7,6,94087.625,695.25,0,0,1,45404.9,45405.4,2299.79,2395.13,0.434573,0.316859
8|152|8|152|sample|6|322|6|322|65.0,34,918,8,6,94087.625,695.25,0,0,1,40751.9,40752.3,892.6,916.456,0.0717785,0.00424834
8|152|8|152|sample|5|322|5|322|65.0,0.0004351999999999,94324,1,5,94087.625,695.25,0,0,1,40751.9,40752.3,80719.1,80694,0.425149,0.426067
8|152|8|152|sample|5|322|5|322|65.0,0.0021759999999999,94458,2,5,94087.625,695.25,0,0,1,45404.9,45405.4,88755.5,88901.6,0.162066,0.157654
8|152|8|152|sample|5|322|5|322|65.0,0.0108799999999999,93359,3,5,94087.625,695.25,0,0,1,46797.2,46797.7,86004.2,86475.4,0.215712,0.200792
8|152|8|152|sample|5|322|5|322|65.0,0.0543999999999999,70654,4,5,94087.625,695.25,0,0,1,47213.8,47214.3,66628.6,67174.8,0.152395,0.130644
8|152|8|152|sample|5|322|5|322|65.0,0.2719999999999999,40370,5,5,94087.625,695.25,0,0,1,47213.8,47214.3,30827.7,30430.9,0.780791,0.823867
8|152|8|152|sample|5|322|5|322|65.0,1.36,8986,6,5,94087.625,695.25,0,0,1,46797.2,46797.7,8637.79,8159.17,0.101685,0.255618
8|152|8|152|sample|5|322|5|322|65.0,6.8,2416,7,5,94087.625,695.25,0,0,1,45404.9,45405.4,2299.89,2123.81,0.12735,0.347035
8|152|8|152|sample|5|322|5|322|65.0,34,924,8,5,94087.625,695.25,0,0,1,40751.9,40752.3,892.626,847.755,0.0886605,0.226864
8|152|8|152|sample|12|322|12|322|28.0,0.0014272,79697,1,12,94087.625,695.25,0,0,1,40751.9,40769.5,80853,80809,-0.0360648,-0.0347124
8|152|8|152|sample|12|322|12|322|28.0,0.007136,67002,2,12,94087.625,695.25,0,0,1,40751.9,40769.5,79786.1,79863.2,-0.404171,-0.406216
8|152|8|152|sample|12|322|12|322|28.0,0.03568,48627,3,12,94087.625,695.25,0,0,1,40751.9,40769.5,70328.4,70808.6,-0.778358,-0.790187
8|152|8|152|sample|12|322|12|322|28.0,0.1784,20494,4,12,94087.625,695.25,0,0,1,40751.9,40769.5,32039.7,31823.3,-0.908981,-0.89801
8|152|8|152|sample|12|322|12|322|28.0,0.892,5710,5,12,94087.625,695.25,0,0,1,40751.9,40769.5,5388.51,5041.27,0.150495,0.334608
8|152|8|152|sample|12|322|12|322|28.0,4.46,1250,6,12,94087.625,695.25,0,0,1,40751.9,40769.5,1126.26,1057.66,0.277128,0.458706
8|152|8|152|sample|12|322|12|322|28.0,22.3,570,7,12,94087.625,695.25,0,0,1,40751.9,40769.5,682.521,672.466,-0.415852,-0.384355
8|152|8|152|sample|12|322|12|322|28.0,111.5,678,8,12,94087.625,695.25,0,0,1,40751.9,40769.5,638.765,637.062,0.154938,0.162095
8|152|8|152|sample|11|322|11|322|28.0,0.0014272,86935,1,11,94087.625,695.25,0,0,1,40751.9,40769.5,80854,80815.8,0.189711,0.190996
8|152|8|152|sample|11|322|11|322|28.0,0.007136,80844,2,11,94087.625,695.25,0,0,1,45404.9,45424.5,88848.4,89033.9,-0.22725,-0.232032
8|152|8|152|sample|11|322|11|322|28.0,0.03568,56954,3,11,94087.625,695.25,0,0,1,45404.9,45424.5,78336.4,79096.6,-0.688518,-0.706145
8|152|8|152|sample|11|322|11|322|28.0,0.1784,26467,4,11,94087.625,695.25,0,0,1,45404.9,45424.5,35662.9,35353.4,-0.65043,-0.634043
8|152|8|152|sample|11|322|11|322|28.0,0.892,6328,5,11,94087.625,695.25,0,0,1,45404.9,45424.5,5981.18,5476.93,0.146264,0.391967
8|152|8|152|sample|11|322|11|322|28.0,4.46,1324,6,11,94087.625,695.25,0,0,1,45404.9,45424.5,1250.29,1152.7,0.148702,0.374846
8|152|8|152|sample|11|322|11|322|28.0,22.3,672,7,11,94087.625,695.25,0,0,1,45404.9,45424.5,759.433,745.832,-0.290409,-0.249706
8|152|8|152|sample|11|322|11|322|28.0,111.5,632,8,11,94087.625,695.25,0,0,1,40751.9,40769.5,638.702,636.698,-0.0264675,-0.0186124
8|152|8|152|sample|10|322|10|322|28.0,0.0004479999999999,91021,1,10,94087.625,695.25,0,0,1,40751.9,40769.5,80959.7,80890.3,0.313477,0.315913
8|152|8|152|sample|10|322|10|322|28.0,0.00224,88793,2,10,94087.625,695.25,0,0,1,45404.9,45424.5,90008.6,89951.4,-0.0340661,-0.0324835
8|152|8|152|sample|10|322|10|322|28.0,0.0111999999999999,78376,3,10,94087.625,695.25,0,0,1,46797.2,46817.4,91004.4,90716.3,-0.350033,-0.343134
8|152|8|152|sample|10|322|10|322|28.0,0.0559999999999999,50978,4,10,94087.625,695.25,0,0,1,46797.2,46817.4,73699.9,72973.1,-0.777679,-0.760301
8|152|8|152|sample|10|322|10|322|28.0,0.2799999999999999,18817,5,10,94087.625,695.25,0,0,1,46797.2,46817.4,22260.8,23063.2,-0.390228,-0.464416
8|152|8|152|sample|10|322|10|322|28.0,1.4,3464,6,10,94087.625,695.25,0,0,1,46797.2,46817.4,2928.18,3257.25,0.46158,0.160113
8|152|8|152|sample|10|322|10|322|28.0,7,1220,7,10,94087.625,695.25,0,0,1,45404.9,45424.5,881.163,927.97,0.969966,0.79381
8|152|8|152|sample|10|322|10|322|28.0,35,690,8,10,94087.625,695.25,0,0,1,40751.9,40769.5,646.656,651.13,0.169074,0.150581
8|152|8|152|sample|9|322|9|322|28.0,0.0004479999999999,92933,1,9,94087.625,695.25,0,0,1,40751.9,40769.5,80939.4,80877.4,0.373777,0.375998
8|152|8|152|sample|9|322|9|322|28.0,0.00224,84649,2,9,94087.625,695.25,0,0,1,45404.9,45424.5,89839,89845.7,-0.145721,-0.145899
8|152|8|152|sample|9|322|9|322|28.0,0.0111999999999999,78182,3,9,94087.625,695.25,0,0,1,46797.2,46817.4,89939.4,90068.5,-0.329748,-0.332892
8|152|8|152|sample|9|322|9|322|28.0,0.0559999999999999,55239,4,9,94087.625,695.25,0,0,1,47213.8,47234.2,71824.2,72130.2,-0.582467,-0.590698
8|152|8|152|sample|9|322|9|322|28.0,0.2799999999999999,20004,5,9,94087.625,695.25,0,0,1,47213.8,47234.2,24881.2,24692.8,-0.494448,-0.478976
8|152|8|152|sample|9|322|9|322|28.0,1.4,4986,6,9,94087.625,695.25,0,0,1,46797.2,46817.4,4094.39,3968.37,0.5493,0.646846
8|152|8|152|sample|9|322|9|322|28.0,7,1028,7,9,94087.625,695.25,0,0,1,45404.9,45424.5,1071.01,1046.75,-0.101294,-0.0451791
8|152|8|152|sample|9|322|9|322|28.0,35,722,8,9,94087.625,695.25,0,0,1,40751.9,40769.5,669.574,665.738,0.197501,0.213176
8|152|8|152|sample|3|322|3|322|22.0,0.0010624,87858,1,3,94087.625,695.25,0,0,1,40751.9,40760.4,80614.9,80506.9,0.226639,0.230326
8|152|8|152|sample|3|322|3|322|22.0,0.005312,88455,2,3,94087.625,695.25,0,0,1,45404.9,45414.3,87793.5,87596.3,0.0190061,0.0247283
8|152|8|152|sample|3|322|3|322|22.0,0.02656,77137,3,3,94087.625,695.25,0,0,1,46797.2,46806.9,79788.2,79368.4,-0.0838167,-0.070917
8|152|8|152|sample|3|322|3|322|22.0,0.1328,46188,4,3,94087.625,695.25,0,0,1,46797.2,46806.9,46496.2,46556.8,-0.0167224,-0.0199837
8|152|8|152|sample|3|322|3|322|22.0,0.664,17047,5,3,94087.625,695.25,0,0,1,46797.2,46806.9,13527.3,13996.7,0.656312,0.549716
8|152|8|152|sample|3|322|3|322|22.0,3.32,3062,6,3,94087.625,695.25,0,0,1,46797.2,46806.9,3081.61,3276.67,-0.0160551,-0.165258
8|152|8|152|sample|3|322|3|322|22.0,16.6,1382,7,3,94087.625,695.25,0,0,1,45404.9,45414.3,1071.23,1120.11,0.73177,0.589756
8|152|8|152|sample|3|322|3|322|22.0,83,840,8,3,94087.625,695.25,0,0,1,40751.9,40760.4,672.638,681.927,0.62762,0.584713
8|152|8|152|sample|4|322|4|322|22.0,0.0010624,92432,1,4,94087.625,695.25,0,0,1,40751.9,40760.4,80538.9,80473.2,0.372489,0.374853
8|152|8|152|sample|4|322|4|322|22.0,0.005312,90579,2,4,94087.625,695.25,0,0,1,45404.9,45414.3,87476,87458.2,0.0894772,0.090009
8|152|8|152|sample|4|322|4|322|22.0,0.02656,76034,3,4,94087.625,695.25,0,0,1,46797.2,46806.9,79045.1,79052.3,-0.0960874,-0.0963096
8|152|8|152|sample|4|322|4|322|22.0,0.1328,50378,4,4,94087.625,695.25,0,0,1,47213.8,47223.6,46919.9,46975.2,0.18591,0.182721
8|152|8|152|sample|4|322|4|322|22.0,0.664,19217,5,4,94087.625,695.25,0,0,1,47213.8,47223.6,14394.1,14439.3,0.84517,0.834634
8|152|8|152|sample|4|322|4|322|22.0,3.32,3728,6,4,94087.625,695.25,0,0,1,46797.2,46806.9,3403.05,3416.96,0.240861,0.229615
8|152|8|152|sample|4|322|4|322|22.0,16.6,1054,7,4,94087.625,695.25,0,0,1,45404.9,45414.3,1154.07,1157.05,-0.218726,-0.224661
8|152|8|152|sample|4|322|4|322|22.0,83,902,8,4,94087.625,695.25,0,0,1,40751.9,40760.4,689.558,689.618,0.777127,0.776838
8|152|8|152|cc|1|1|322|1|322|69.0,0,712,1,1,94087.625,695.25,0,1,0,nan,nan,598.324,597.842,0.479244,0.481662
8|152|8|152|cc|2|1|322|1|322|69.0,0,712,2,1,94087.625,695.25,0,1,0,nan,nan,598.324,597.842,0.479244,0.481662
8|152|8|152|cc|3|1|322|1|322|69.0,0,642,3,1,94087.625,695.25,0,1,0,nan,nan,598.324,597.842,0.184133,0.186314
8|152|8|152|cc|4|1|322|1|322|69.0,0,720,4,1,94087.625,695.25,0,1,0,nan,nan,598.324,597.842,0.512971,0.515416
8|152|8|152|cc|5|1|322|1|322|69.0,0,666,5,1,94087.625,695.25,0,1,0,nan,nan,598.324,597.842,0.285314,0.287576
8|152|8|152|cc|6|1|322|1|322|69.0,0,674,6,1,94087.625,695.25,0,1,0,nan,nan,598.324,597.842,0.319041,0.32133
8|152|8|152|cc|7|1|322|1|322|69.0,0,722,7,1,94087.625,695.25,0,1,0,nan,nan,598.324,597.842,0.521402,0.523855
8|152|8|152|cc|8|1|322|1|322|69.0,0,714,8,1,94087.625,695.25,0,1,0,nan,nan,598.324,597.842,0.487676,0.490101
8|152|8|152|vc|1|2|322|2|322|69.0,0,94260,1,2,94087.625,695.25,1,0,0,nan,nan,80970.7,80905.5,0.413998,0.416364
8|152|8|152|vc|2|2|322|2|322|69.0,0,95803,2,2,94087.625,695.25,1,0,0,nan,nan,90160,90143.1,0.157878,0.158379
8|152|8|152|vc|3|2|322|2|322|69.0,0,99229,3,2,94087.625,695.25,1,0,0,nan,nan,90160,90143.1,0.253729,0.254248
8|152|8|152|vc|4|2|322|2|322|69.0,0,96260,4,2,94087.625,695.25,1,0,0,nan,nan,90160,90143.1,0.170664,0.171167
8|152|8|152|vc|5|2|322|2|322|69.0,0,93357,5,2,94087.625,695.25,1,0,0,nan,nan,90160,90143.1,0.0894452,0.0899336
8|152|8|152|vc|6|2|322|2|322|69.0,0,92328,6,2,94087.625,695.25,1,0,0,nan,nan,90160,90143.1,0.0606563,0.0611394
8|152|8|152|vc|7|2|322|2|322|69.0,0,91784,7,2,94087.625,695.25,1,0,0,nan,nan,90160,90143.1,0.0454366,0.0459168
8|152|8|152|vc|8|2|322|2|322|69.0,0,89680,8,2,94087.625,695.25,1,0,0,nan,nan,80970.7,80905.5,0.271319,0.27357
8|847|8|847|sample|6|69|6|69|55.0,0.0006144,127160,1,6,136227.125,737.5,0,0,1,58887.9,58942.4,107522,108637,0.460702,0.430087
8|847|8|847|sample|6|69|6|69|55.0,0.003072,130753,2,6,136227.125,737.5,0,0,1,65611.5,65672.3,110128,111779,0.472415,0.428176
8|847|8|847|sample|6|69|6|69|55.0,0.01536,115206,3,6,136227.125,737.5,0,0,1,67623.5,67686,97477.6,99004.7,0.458761,0.412777
8|847|8|847|sample|6|69|6|69|55.0,0.0768,93986,4,6,136227.125,737.5,0,0,1,68225.5,68288.6,76320.7,76826.3,0.58385,0.563407
8|847|8|847|sample|6|69|6|69|55.0,0.384,45894,5,6,136227.125,737.5,0,0,1,68225.5,68288.6,52412.5,51540.9,-0.313717,-0.276364
8|847|8|847|sample|6|69|6|69|55.0,1.92,27093,6,6,136227.125,737.5,0,0,1,67623.5,67686,31813.8,30175.4,-0.374305,-0.257664
8|847|8|847|sample|6|69|6|69|55.0,9.6,17839,7,6,136227.125,737.5,0,0,1,65611.5,65672.3,17435.3,15865.8,0.0583979,0.313705
8|847|8|847|sample|6|69|6|69|55.0,48,9360,8,6,136227.125,737.5,0,0,1,58887.9,58942.4,8519.38,7458.02,0.248893,0.643288
8|847|8|847|sample|3|69|3|69|55.0,0.000064,141928,1,3,136227.125,737.5,0,0,1,58887.9,58942.4,114481,115220,0.604765,0.584701
8|847|8|847|sample|3|69|3|69|55.0,0.00032,138654,2,3,136227.125,737.5,0,0,1,65611.5,65672.3,123998,125557,0.298138,0.263115
8|847|8|847|sample|3|69|3|69|55.0,0.0016,135457,3,3,136227.125,737.5,0,0,1,67623.5,67686,120579,123013,0.311244,0.255166
8|847|8|847|sample|3|69|3|69|55.0,0.008,145249,4,3,136227.125,737.5,0,0,1,67623.5,67686,107328,110137,0.89124,0.804165
8|847|8|847|sample|3|69|3|69|55.0,0.04,131047,5,3,136227.125,737.5,0,0,1,67623.5,67686,86532.4,88302,1.29762,1.22106
8|847|8|847|sample|3|69|3|69|55.0,0.2,70406,6,3,136227.125,737.5,0,0,1,67623.5,67686,60840.3,60208.8,0.396595,0.42721
8|847|8|847|sample|3|69|3|69|55.0,1,35020,7,3,136227.125,737.5,0,0,1,65611.5,65672.3,35946,33530.7,-0.0649788,0.112037
8|847|8|847|sample|3|69|3|69|55.0,5,19157,8,3,136227.125,737.5,0,0,1,58887.9,58942.4,17609.9,15247.2,0.221614,0.64682
8|847|8|847|sample|4|69|4|69|55.0,0.000064,137164,1,4,136227.125,737.5,0,0,1,58887.9,58942.4,112813,115165,0.544464,0.481853
8|847|8|847|sample|4|69|4|69|55.0,0.00032,143262,2,4,136227.125,737.5,0,0,1,65611.5,65672.3,121148,125447,0.460441,0.358218
8|847|8|847|sample|4|69|4|69|55.0,0.0016,134282,3,4,136227.125,737.5,0,0,1,67623.5,67686,116643,122836,0.381453,0.235047
8|847|8|847|sample|4|69|4|69|55.0,0.008,148754,4,4,136227.125,737.5,0,0,1,68225.5,68288.6,104159,110903,1.07997,0.860911
8|847|8|847|sample|4|69|4|69|55.0,0.04,120142,5,4,136227.125,737.5,0,0,1,68225.5,68288.6,84915.9,88950.1,1.0464,0.884542
8|847|8|847|sample|4|69|4|69|55.0,0.2,68131,6,4,136227.125,737.5,0,0,1,67623.5,67686,61733.6,60261.4,0.2614,0.329409
8|847|8|847|sample|4|69|4|69|55.0,1,33891,7,4,136227.125,737.5,0,0,1,65611.5,65672.3,39372.1,33719.5,-0.351157,0.0128271
8|847|8|847|sample|4|69|4|69|55.0,5,19357,8,4,136227.125,737.5,0,0,1,58887.9,58942.4,21255.7,15423.6,-0.22532,0.643287
8|847|8|847|sample|10|69|10|69|32.0,0.0003648,119901,1,10,136227.125,737.5,0,0,1,58887.9,58888.3,117236,117141,0.0573454,0.0594238
8|847|8|847|sample|10|69|10|69|32.0,0.001824,119010,2,10,136227.125,737.5,0,0,1,65611.5,65612,130541,130516,-0.222805,-0.222375
8|847|8|847|sample|10|69|10|69|32.0,0.00912,106506,3,10,136227.125,737.5,0,0,1,67623.5,67623.9,134521,134516,-0.525313,-0.525243
8|847|8|847|sample|10|69|10|69|32.0,0.0456,64608,4,10,136227.125,737.5,0,0,1,67623.5,67623.9,132453,132807,-1.29205,-1.29533
8|847|8|847|sample|10|69|10|69|32.0,0.228,13842,5,10,136227.125,737.5,0,0,1,67623.5,67623.9,14427.1,13386.6,-0.102291,0.0858027
8|847|8|847|sample|10|69|10|69|32.0,1.14,918,6,10,136227.125,737.5,0,0,1,67623.5,67623.9,756.92,748.443,0.536804,0.57145
8|847|8|847|sample|10|69|10|69|32.0,5.7,610,7,10,136227.125,737.5,0,0,1,65611.5,65612,708,707.844,-0.349151,-0.348675
8|847|8|847|sample|10|69|10|69|32.0,28.5,526,8,10,136227.125,737.5,0,0,1,58887.9,58888.3,635.797,635.285,-0.435607,-0.433926
8|847|8|847|sample|9|69|9|69|32.0,0.0003648,122535,1,9,136227.125,737.5,0,0,1,58887.9,58888.3,117236,117141,0.114019,0.116143
8|847|8|847|sample|9|69|9|69|32.0,0.001824,114457,2,9,136227.125,737.5,0,0,1,65611.5,65612,130540,130516,-0.310783,-0.31037
8|847|8|847|sample|9|69|9|69|32.0,0.00912,103659,3,9,136227.125,737.5,0,0,1,67623.5,67623.9,134509,134513,-0.578537,-0.57859
8|847|8|847|sample|9|69|9|69|32.0,0.0456,70963,4,9,136227.125,737.5,0,0,1,68225.5,68225.9,132153,133374,-1.16796,-1.18035
8|847|8|847|sample|9|69|9|69|32.0,0.228,15485,5,9,136227.125,737.5,0,0,1,68225.5,68225.9,18511.3,15492.8,-0.41238,-0.00126476
8|847|8|847|sample|9|69|9|69|32.0,1.14,998,6,9,136227.125,737.5,0,0,1,67623.5,67623.9,812.963,765.109,0.574131,0.767808
8|847|8|847|sample|9|69|9|69|32.0,5.7,588,7,9,136227.125,737.5,0,0,1,65611.5,65612,708.285,707.894,-0.428377,-0.427222
8|847|8|847|sample|9|69|9|69|32.0,28.5,600,8,9,136227.125,737.5,0,0,1,58887.9,58888.3,635.798,635.285,-0.142026,-0.140104
8|847|8|847|sample|7|69|7|69|32.0,0.0000768,124621,1,7,136227.125,737.5,0,0,1,58887.9,58888.3,117236,117141,0.158901,0.161061
8|847|8|847|sample|7|69|7|69|32.0,0.000384,124263,2,7,136227.125,737.5,0,0,1,65611.5,65612,130541,130516,-0.121301,-0.120852
8|847|8|847|sample|7|69|7|69|32.0,0.00192,127505,3,7,136227.125,737.5,0,0,1,67623.5,67623.9,134524,134518,-0.131616,-0.131505
8|847|8|847|sample|7|69|7|69|32.0,0.0096,128418,4,7,136227.125,737.5,0,0,1,68225.5,68225.9,135685,135675,-0.135099,-0.134915
8|847|8|847|sample|7|69|7|69|32.0,0.048,77472,5,7,136227.125,737.5,0,0,1,68225.5,68225.9,130469,129995,-1.02463,-1.01917
8|847|8|847|sample|7|69|7|69|32.0,0.24,19051,6,7,136227.125,737.5,0,0,1,67623.5,67623.9,17744.6,18730.5,0.185711,0.0431676
8|847|8|847|sample|7|69|7|69|32.0,1.2,998,7,7,136227.125,737.5,0,0,1,65611.5,65612,819.359,846.521,0.549958,0.451376
8|847|8|847|sample|7|69|7|69|32.0,6,632,8,7,136227.125,737.5,0,0,1,58887.9,58888.3,636.387,636.143,-0.0173903,-0.016427
8|847|8|847|sample|8|69|8|69|32.0,0.0000768,130681,1,8,136227.125,737.5,0,0,1,58887.9,58888.3,117236,117141,0.289288,0.291554
8|847|8|847|sample|8|69|8|69|32.0,0.000384,131502,2,8,136227.125,737.5,0,0,1,65611.5,65612,130541,130516,0.0185788,0.019054
8|847|8|847|sample|8|69|8|69|32.0,0.00192,123225,3,8,136227.125,737.5,0,0,1,67623.5,67623.9,134524,134518,-0.211872,-0.211764
8|847|8|847|sample|8|69|8|69|32.0,0.0096,120550,4,8,136227.125,737.5,0,0,1,68225.5,68225.9,135702,135685,-0.281649,-0.281363
8|847|8|847|sample|8|69|8|69|32.0,0.048,74924,5,8,136227.125,737.5,0,0,1,68225.5,68225.9,131745,130562,-1.08792,-1.07492
8|847|8|847|sample|8|69|8|69|32.0,0.24,17541,6,8,136227.125,737.5,0,0,1,67623.5,67623.9,15334.4,17744,0.362978,-0.0288567
8|847|8|847|sample|8|69|8|69|32.0,1.2,1000,7,8,136227.125,737.5,0,0,1,65611.5,65612,767.031,817.136,0.766139,0.56449
8|847|8|847|sample|8|69|8|69|32.0,6,620,8,8,136227.125,737.5,0,0,1,58887.9,58888.3,635.994,635.853,-0.0634361,-0.0628908
8|847|8|847|sample|12|69|12|69|22.0,0.0003712,124911,1,12,136227.125,737.5,0,0,1,58887.9,58888.7,117003,116915,0.170477,0.172512
8|847|8|847|sample|12|69|12|69|22.0,0.001856,113518,2,12,136227.125,737.5,0,0,1,58887.9,58888.7,115969,115899,-0.0533133,-0.0518298
8|847|8|847|sample|12|69|12|69|22.0,0.00928,110811,3,12,136227.125,737.5,0,0,1,58887.9,58888.7,110592,110582,0.00500523,0.00522083
8|847|8|847|sample|12|69|12|69|22.0,0.0464,95553,4,12,136227.125,737.5,0,0,1,58887.9,58888.7,88143.5,88212.9,0.212041,0.209891
8|847|8|847|sample|12|69|12|69|22.0,0.2319999999999999,71057,5,12,136227.125,737.5,0,0,1,58887.9,58888.7,41850.5,41819.5,1.76036,1.76354
8|847|8|847|sample|12|69|12|69|22.0,1.16,17709,6,12,136227.125,737.5,0,0,1,58887.9,58888.7,11175.6,11106.9,1.47466,1.49936
8|847|8|847|sample|12|69|12|69|22.0,5.8,964,7,12,136227.125,737.5,0,0,1,58887.9,58888.7,2705.01,2677.44,-1.62351,-1.61425
8|847|8|847|sample|12|69|12|69|22.0,29,514,8,12,136227.125,737.5,0,0,1,58887.9,58888.7,1017.97,1010.03,-1.2488,-1.23878
8|847|8|847|sample|11|69|11|69|22.0,0.0003712,133212,1,11,136227.125,737.5,0,0,1,58887.9,58888.7,117000,116967,0.349517,0.350337
8|847|8|847|sample|11|69|11|69|22.0,0.001856,105958,2,11,136227.125,737.5,0,0,1,65611.5,65612.3,129116,129368,-0.452416,-0.456452
8|847|8|847|sample|11|69|11|69|22.0,0.00928,119951,3,11,136227.125,737.5,0,0,1,65611.5,65612.3,123098,123976,-0.0644781,-0.0818877
8|847|8|847|sample|11|69|11|69|22.0,0.0464,102632,4,11,136227.125,737.5,0,0,1,65611.5,65612.3,98085.7,99387.8,0.116917,0.0823377
8|847|8|847|sample|11|69|11|69|22.0,0.2319999999999999,66738,5,11,136227.125,737.5,0,0,1,65611.5,65612.3,46640.8,45852.2,1.08691,1.14898
8|847|8|847|sample|11|69|11|69|22.0,1.16,18073,6,11,136227.125,737.5,0,0,1,65611.5,65612.3,12500.1,11392.3,1.12458,1.47921
8|847|8|847|sample|11|69|11|69|22.0,5.8,1002,7,11,136227.125,737.5,0,0,1,65611.5,65612.3,3032.76,2637.64,-1.68905,-1.56421
8|847|8|847|sample|11|69|11|69|22.0,29,630,8,11,136227.125,737.5,0,0,1,58887.9,58888.7,1022.95,930.811,-0.968963,-0.815182
8|847|8|847|sample|5|69|5|69|55.0,0.0006144,138978,1,5,136227.125,737.5,0,0,1,58887.9,58942.4,108340,108125,0.713343,0.719773
8|847|8|847|sample|5|69|5|69|55.0,0.003072,131680,2,5,136227.125,737.5,0,0,1,65611.5,65672.3,111252,111058,0.463168,0.468381
8|847|8|847|sample|5|69|5|69|55.0,0.01536,120056,3,5,136227.125,737.5,0,0,1,67623.5,67686,98492.2,98341,0.552263,0.55699
8|847|8|847|sample|5|69|5|69|55.0,0.0768,103047,4,5,136227.125,737.5,0,0,1,68225.5,68288.6,76637.6,76616,0.869238,0.870195
8|847|8|847|sample|5|69|5|69|55.0,0.384,56782,5,5,136227.125,737.5,0,0,1,68225.5,68288.6,51804.7,51941,0.242352,0.235098
8|847|8|847|sample|5|69|5|69|55.0,1.92,28614,6,5,136227.125,737.5,0,0,1,67623.5,67686,30691.3,30904.9,-0.170725,-0.186982
8|847|8|847|sample|5|69|5|69|55.0,9.6,20034,7,5,136227.125,737.5,0,0,1,65611.5,65672.3,16359.1,16551.1,0.566647,0.530809
8|847|8|847|sample|5|69|5|69|55.0,48,9472,8,5,136227.125,737.5,0,0,1,58887.9,58942.4,7790.28,7911.66,0.544531,0.49748
8|847|8|847|cc|1|1|69|1|69|69.0,0,676,1,1,136227.125,737.5,0,1,0,nan,nan,634.685,634.175,0.164198,0.166362
8|847|8|847|cc|2|1|69|1|69|69.0,0,738,2,1,136227.125,737.5,0,1,0,nan,nan,634.685,634.175,0.410606,0.412969
8|847|8|847|cc|3|1|69|1|69|69.0,0,778,3,1,136227.125,737.5,0,1,0,nan,nan,634.685,634.175,0.569579,0.57207
8|847|8|847|cc|4|1|69|1|69|69.0,0,704,4,1,136227.125,737.5,0,1,0,nan,nan,634.685,634.175,0.275479,0.277733
8|847|8|847|cc|5|1|69|1|69|69.0,0,732,5,1,136227.125,737.5,0,1,0,nan,nan,634.685,634.175,0.38676,0.389104
8|847|8|847|cc|6|1|69|1|69|69.0,0,732,6,1,136227.125,737.5,0,1,0,nan,nan,634.685,634.175,0.38676,0.389104
8|847|8|847|cc|7|1|69|1|69|69.0,0,698,7,1,136227.125,737.5,0,1,0,nan,nan,634.685,634.175,0.251633,0.253868
8|847|8|847|cc|8|1|69|1|69|69.0,0,842,8,1,136227.125,737.5,0,1,0,nan,nan,634.685,634.175,0.823937,0.826633
8|847|8|847|vc|1|2|69|2|69|69.0,0,128428,1,2,136227.125,737.5,1,0,0,nan,nan,117236,117141,0.240813,0.243039
8|847|8|847|vc|2|2|69|2|69|69.0,0,140797,2,2,136227.125,737.5,1,0,0,nan,nan,130541,130516,0.198187,0.198696
8|847|8|847|vc|3|2|69|2|69|69.0,0,133543,3,2,136227.125,737.5,1,0,0,nan,nan,130541,130516,0.0580173,0.0584999
8|847|8|847|vc|4|2|69|2|69|69.0,0,145073,4,2,136227.125,737.5,1,0,0,nan,nan,130541,130516,0.280813,0.281337
8|847|8|847|vc|5|2|69|2|69|69.0,0,153047,5,2,136227.125,737.5,1,0,0,nan,nan,130541,130516,0.434895,0.435448
8|847|8|847|vc|6|2|69|2|69|69.0,0,143667,6,2,136227.125,737.5,1,0,0,nan,nan,130541,130516,0.253645,0.254164
8|847|8|847|vc|7|2|69|2|69|69.0,0,129385,7,2,136227.125,737.5,1,0,0,nan,nan,130541,130516,-0.0223282,-0.0218607
8|847|8|847|vc|8|2|69|2|69|69.0,0,115877,8,2,136227.125,737.5,1,0,0,nan,nan,117236,117141,-0.0292352,-0.0272266
8|1241|8|1241|sample|8|69|8|69|65.0,0.0016767999999999,121770,1,8,143143,744.25,0,0,1,61864.3,61863.8,122583,122522,-0.0167266,-0.0154848
8|1241|8|1241|sample|8|69|8|69|65.0,0.0083839999999999,123321,2,8,143143,744.25,0,0,1,68927.7,68928.3,132544,132705,-0.175527,-0.178368
8|1241|8|1241|sample|8|69|8|69|65.0,0.04192,107730,3,8,143143,744.25,0,0,1,71041.3,71042.2,113312,113735,-0.124271,-0.13318
8|1241|8|1241|sample|8|69|8|69|65.0,0.2096,71467,4,8,143143,744.25,0,0,1,71673.8,71674.7,51969.7,51837.3,0.946341,0.955201
8|1241|8|1241|sample|8|69|8|69|65.0,1.048,15643,5,8,143143,744.25,0,0,1,71673.8,71674.7,11199.1,10938.4,1.00093,1.08491
8|1241|8|1241|sample|8|69|8|69|65.0,5.24,1224,6,8,143143,744.25,0,0,1,71041.3,71042.2,2294.81,2218.94,-1.17703,-1.13103
8|1241|8|1241|sample|8|69|8|69|65.0,131,698,8,8,143143,744.25,0,0,1,61864.3,61863.8,669.678,666.632,0.106678,0.118691
8|1241|8|1241|sample|7|69|7|69|65.0,0.0016767999999999,108612,1,7,143143,744.25,0,0,1,61864.3,61863.8,122547,122551,-0.286835,-0.2869
8|1241|8|1241|sample|7|69|7|69|65.0,0.0083839999999999,132043,2,7,143143,744.25,0,0,1,68927.7,68928.3,132378,132844,-0.00639163,-0.0152166
8|1241|8|1241|sample|7|69|7|69|65.0,0.04192,103837,3,7,143143,744.25,0,0,1,71041.3,71042.2,112971,114038,-0.203949,-0.225639
8|1241|8|1241|sample|7|69|7|69|65.0,0.2096,67344,4,7,143143,744.25,0,0,1,71673.8,71674.7,52173.2,51654.6,0.73347,0.766161
8|1241|8|1241|sample|7|69|7|69|65.0,1.048,16545,5,7,143143,744.25,0,0,1,71673.8,71674.7,11469.2,10705.3,1.11633,1.37598
8|1241|8|1241|sample|7|69|7|69|65.0,5.24,1080,6,7,143143,744.25,0,0,1,71041.3,71042.2,2371.99,2155.52,-1.37394,-1.2586
8|1241|8|1241|sample|7|69|7|69|65.0,26.2,630,7,7,143143,744.25,0,0,1,68927.7,68928.3,945.839,902.573,-0.842309,-0.761768
8|1241|8|1241|sample|7|69|7|69|65.0,131,742,8,7,143143,744.25,0,0,1,61864.3,61863.8,672.287,664.672,0.261566,0.29346
8|1241|8|1241|sample|5|69|5|69|65.0,0.0004351999999999,121832,1,5,143143,744.25,0,0,1,61864.3,61863.8,122913,122899,-0.0221855,-0.0218945
8|1241|8|1241|sample|5|69|5|69|65.0,0.0021759999999999,140835,2,5,143143,744.25,0,0,1,68927.7,68928.3,135490,135857,0.0995064,0.0924236
8|1241|8|1241|sample|5|69|5|69|65.0,0.0108799999999999,137897,3,5,143143,744.25,0,0,1,71041.3,71042.2,132199,133505,0.108725,0.0829774
8|1241|8|1241|sample|5|69|5|69|65.0,0.0543999999999999,135431,4,5,143143,744.25,0,0,1,71673.8,71674.7,102819,104509,0.800059,0.746344
8|1241|8|1241|sample|5|69|5|69|65.0,0.2719999999999999,82387,5,5,143143,744.25,0,0,1,71673.8,71674.7,45329.7,43965.6,2.06211,2.20436
8|1241|8|1241|sample|5|69|5|69|65.0,1.36,13976,6,5,143143,744.25,0,0,1,71041.3,71042.2,11380.1,9996.35,0.575405,1.00421
8|1241|8|1241|sample|5|69|5|69|65.0,6.8,886,7,5,143143,744.25,0,0,1,68927.7,68928.3,2682.79,2245.04,-1.6894,-1.52697
8|1241|8|1241|sample|5|69|5|69|65.0,34,672,8,5,143143,744.25,0,0,1,61864.3,61863.8,961.92,864.94,-0.760259,-0.562678
8|1241|8|1241|sample|6|69|6|69|65.0,0.0004351999999999,111866,1,6,143143,744.25,0,0,1,61864.3,61863.8,123045,122910,-0.229178,-0.226647
8|1241|8|1241|sample|6|69|6|69|65.0,0.0021759999999999,142701,2,6,143143,744.25,0,0,1,68927.7,68928.3,136124,135911,0.121871,0.126018
8|1241|8|1241|sample|6|69|6|69|65.0,0.0108799999999999,125759,3,6,143143,744.25,0,0,1,71041.3,71042.2,134399,133698,-0.162152,-0.149781
8|1241|8|1241|sample|6|69|6|69|65.0,0.0543999999999999,131940,4,6,143143,744.25,0,0,1,71673.8,71674.7,105701,104768,0.626153,0.654206
8|1241|8|1241|sample|6|69|6|69|65.0,0.2719999999999999,82195,5,6,143143,744.25,0,0,1,71673.8,71674.7,42763.3,43735.3,2.32593,2.21818
8|1241|8|1241|sample|6|69|6|69|65.0,1.36,13458,6,6,143143,744.25,0,0,1,71041.3,71042.2,8981.21,9785.21,1.25735,0.946779
8|1241|8|1241|sample|6|69|6|69|65.0,6.8,1074,7,6,143143,744.25,0,0,1,68927.7,68928.3,1961.48,2183.27,-1.14129,-1.2816
8|1241|8|1241|sample|6|69|6|69|65.0,34,706,8,6,143143,744.25,0,0,1,61864.3,61863.8,809.38,852.257,-0.322186,-0.432881
8|1241|8|1241|sample|11|69|11|69|28.0,0.0014272,134163,1,11,143143,744.25,0,0,1,61864.3,61864.1,123166,123069,0.225228,0.227381
8|1241|8|1241|sample|11|69|11|69|28.0,0.007136,125008,2,11,143143,744.25,0,0,1,68927.7,68928.6,136685,136706,-0.215487,-0.215843
8|1241|8|1241|sample|11|69|11|69|28.0,0.03568,97499,3,11,143143,744.25,0,0,1,68927.7,68928.6,127035,127453,-0.586484,-0.592831
8|1241|8|1241|sample|11|69|11|69|28.0,0.1784,48649,4,11,143143,744.25,0,0,1,68927.7,68928.6,49212,49016.5,-0.0288555,-0.0189123
8|1241|8|1241|sample|11|69|11|69|28.0,0.892,4542,5,11,143143,744.25,0,0,1,68927.7,68928.6,3964.02,3778.45,0.367791,0.509738
8|1241|8|1241|sample|11|69|11|69|28.0,4.46,750,6,11,143143,744.25,0,0,1,68927.7,68928.6,863.101,847.121,-0.330542,-0.289193
8|1241|8|1241|sample|11|69|11|69|28.0,22.3,594,7,11,143143,744.25,0,0,1,68927.7,68928.6,722.633,721.492,-0.449012,-0.445732
8|1241|8|1241|sample|11|69|11|69|28.0,111.5,630,8,11,143143,744.25,0,0,1,61864.3,61864.1,643.387,642.818,-0.0524856,-0.0502974
8|1241|8|1241|sample|12|69|12|69|28.0,0.0014272,111500,1,12,143143,744.25,0,0,1,61864.3,61864.1,123156,123061,-0.238727,-0.236968
8|1241|8|1241|sample|12|69|12|69|28.0,0.007136,107277,2,12,143143,744.25,0,0,1,61864.3,61864.1,122618,122576,-0.31558,-0.314825
8|1241|8|1241|sample|12|69|12|69|28.0,0.03568,90454,3,12,143143,744.25,0,0,1,61864.3,61864.1,113011,113374,-0.503482,-0.509941
8|1241|8|1241|sample|12|69|12|69|28.0,0.1784,42485,4,12,143143,744.25,0,0,1,61864.3,61864.1,45001.7,44779,-0.141067,-0.129226
8|1241|8|1241|sample|12|69|12|69|28.0,0.892,4900,5,12,143143,744.25,0,0,1,61864.3,61864.1,4113.5,3904.47,0.482292,0.643152
8|1241|8|1241|sample|12|69|12|69|28.0,4.46,576,6,12,143143,744.25,0,0,1,61864.3,61864.1,826.321,805.119,-0.764137,-0.717833
8|1241|8|1241|sample|12|69|12|69|28.0,22.3,596,7,12,143143,744.25,0,0,1,61864.3,61864.1,652.553,650.512,-0.218605,-0.211378
8|1241|8|1241|sample|12|69|12|69|28.0,111.5,724,8,12,143143,744.25,0,0,1,61864.3,61864.1,643.613,642.995,0.315053,0.317782
8|1241|8|1241|sample|9|69|9|69|28.0,0.0004479999999999,120464,1,9,143143,744.25,0,0,1,61864.3,61864.1,123148,123061,-0.0549836,-0.0532248
8|1241|8|1241|sample|9|69|9|69|28.0,0.00224,125146,2,9,143143,744.25,0,0,1,68927.7,68928.6,136763,136833,-0.214258,-0.215441
8|1241|8|1241|sample|9|69|9|69|28.0,0.0111999999999999,122270,3,9,143143,744.25,0,0,1,71041.3,71042.5,137303,137898,-0.276178,-0.285876
8|1241|8|1241|sample|9|69|9|69|28.0,0.0559999999999999,109131,4,9,143143,744.25,0,0,1,71673.8,71675.1,110201,111659,-0.0244834,-0.057099
8|1241|8|1241|sample|9|69|9|69|28.0,0.2799999999999999,54272,5,9,143143,744.25,0,0,1,71673.8,71675.1,36610.3,35376.3,1.21689,1.34733
8|1241|8|1241|sample|9|69|9|69|28.0,1.4,5582,6,9,143143,744.25,0,0,1,71041.3,71042.5,5348.21,4714.54,0.110266,0.464125
8|1241|8|1241|sample|9|69|9|69|28.0,7,630,7,9,143143,744.25,0,0,1,68927.7,68928.6,1177.92,1072.86,-1.17334,-1.04123
8|1241|8|1241|sample|9|69|9|69|28.0,35,696,8,9,143143,744.25,0,0,1,61864.3,61864.1,684.802,671.543,0.041246,0.0918661
8|1241|8|1241|sample|10|69|10|69|28.0,0.0004479999999999,119437,1,10,143143,744.25,0,0,1,61864.3,61864.1,123166,123071,-0.0763785,-0.0744908
8|1241|8|1241|sample|10|69|10|69|28.0,0.00224,128019,2,10,143143,744.25,0,0,1,68927.7,68928.6,136919,136936,-0.163965,-0.164249
8|1241|8|1241|sample|10|69|10|69|28.0,0.0111999999999999,115226,3,10,143143,744.25,0,0,1,71041.3,71042.5,138320,138635,-0.421145,-0.425917
8|1241|8|1241|sample|10|69|10|69|28.0,0.0559999999999999,98666,4,10,143143,744.25,0,0,1,71041.3,71042.5,111703,112664,-0.29439,-0.313409
8|1241|8|1241|sample|10|69|10|69|28.0,0.2799999999999999,43315,5,10,143143,744.25,0,0,1,71041.3,71042.5,33918.3,33147.7,0.698814,0.7737
8|1241|8|1241|sample|10|69|10|69|28.0,1.4,4672,6,10,143143,744.25,0,0,1,71041.3,71042.5,4232.81,3898.29,0.261723,0.500642
8|1241|8|1241|sample|10|69|10|69|28.0,7,726,7,10,143143,744.25,0,0,1,68927.7,68928.6,1002.53,956.353,-0.69577,-0.607573
8|1241|8|1241|sample|10|69|10|69|28.0,35,620,8,10,143143,744.25,0,0,1,61864.3,61864.1,664.396,659.197,-0.168554,-0.14999
8|1241|8|1241|sample|3|69|3|69|22.0,0.0010624,130158,1,3,143143,744.25,0,0,1,61864.3,61863.7,121201,121154,0.186412,0.187456
8|1241|8|1241|sample|3|69|3|69|22.0,0.005312,136763,2,3,143143,744.25,0,0,1,68927.7,68928.1,128849,128966,0.154928,0.152496
8|1241|8|1241|sample|3|69|3|69|22.0,0.02656,145073,3,3,143143,744.25,0,0,1,71041.3,71042,112684,112907,0.725029,0.718611
8|1241|8|1241|sample|3|69|3|69|22.0,0.1328,129359,4,3,143143,744.25,0,0,1,71041.3,71042,70683.5,70744.6,2.09393,2.08994
8|1241|8|1241|sample|3|69|3|69|22.0,0.664,56804,5,3,143143,744.25,0,0,1,71041.3,71042,28939.4,28794.8,2.42876,2.45363
8|1241|8|1241|sample|3|69|3|69|22.0,3.32,4212,6,3,143143,744.25,0,0,1,71041.3,71042,9144.41,9029.57,-1.36059,-1.34581
8|1241|8|1241|sample|3|69|3|69|22.0,83,726,8,3,143143,744.25,0,0,1,61864.3,61863.7,1140.89,1124.84,-0.917304,-0.894397
8|1241|8|1241|sample|4|69|4|69|22.0,0.0010624,125943,1,4,143143,744.25,0,0,1,61864.3,61863.7,121563,121651,0.0908776,0.0890005
8|1241|8|1241|sample|4|69|4|69|22.0,0.005312,138587,2,4,143143,744.25,0,0,1,68927.7,68928.1,129852,130378,0.169684,0.158813
8|1241|8|1241|sample|4|69|4|69|22.0,0.02656,140654,3,4,143143,744.25,0,0,1,71041.3,71042,114202,115108,0.584255,0.559801
8|1241|8|1241|sample|4|69|4|69|22.0,0.1328,125268,4,4,143143,744.25,0,0,1,71673.8,71674.6,71292.2,71352.6,1.90977,1.90601
8|1241|8|1241|sample|4|69|4|69|22.0,0.664,58098,5,4,143143,744.25,0,0,1,71673.8,71674.6,27661.2,26827.2,2.77556,2.94025
8|1241|8|1241|sample|4|69|4|69|22.0,3.32,3740,6,4,143143,744.25,0,0,1,71041.3,71042,8122.56,7587.89,-1.361,-1.27916
8|1241|8|1241|sample|4|69|4|69|22.0,16.6,582,7,4,143143,744.25,0,0,1,68927.7,68928.1,2482.54,2285.31,-1.93109,-1.88006
8|1241|8|1241|sample|4|69|4|69|22.0,83,692,8,4,143143,744.25,0,0,1,61864.3,61863.7,1021.73,965.017,-0.81404,-0.713637
8|1241|8|1241|sample|3|69|3|69|65.0,26.2,688,7,3,143143,744.25,0,0,1,68927.7,68928.3,715.407,728.028,-0.0966348,-0.138688
8|1241|8|1241|sample|8|69|8|69|22.0,16.6,688,7,8,143143,744.25,0,0,1,68927.7,68928.1,715.149,729.917,-0.0957587,-0.144855
8|1241|8|1241|cc|1|1|69|1|69|69.0,0,692,1,1,143143,744.25,0,1,0,nan,nan,640.48,639.965,0.202903,0.205099
8|1241|8|1241|cc|2|1|69|1|69|69.0,0,714,2,1,143143,744.25,0,1,0,nan,nan,640.48,639.965,0.289547,0.291813
8|1241|8|1241|cc|3|1|69|1|69|69.0,0,742,3,1,143143,744.25,0,1,0,nan,nan,640.48,639.965,0.399821,0.402176
8|1241|8|1241|cc|4|1|69|1|69|69.0,0,754,4,1,143143,744.25,0,1,0,nan,nan,640.48,639.965,0.447082,0.449475
8|1241|8|1241|cc|5|1|69|1|69|69.0,0,770,5,1,143143,744.25,0,1,0,nan,nan,640.48,639.965,0.510096,0.51254
8|1241|8|1241|cc|6|1|69|1|69|69.0,0,746,6,1,143143,744.25,0,1,0,nan,nan,640.48,639.965,0.415575,0.417943
8|1241|8|1241|cc|7|1|69|1|69|69.0,0,752,7,1,143143,744.25,0,1,0,nan,nan,640.48,639.965,0.439205,0.441592
8|1241|8|1241|cc|8|1|69|1|69|69.0,0,784,8,1,143143,744.25,0,1,0,nan,nan,640.48,639.965,0.565233,0.567721
8|1241|8|1241|vc|1|2|69|2|69|69.0,0,134396,1,2,143143,744.25,1,0,0,nan,nan,123185,123086,0.229571,0.231789
8|1241|8|1241|vc|2|2|69|2|69|69.0,0,143827,2,2,143143,744.25,1,0,0,nan,nan,137167,137141,0.122477,0.122972
8|1241|8|1241|vc|3|2|69|2|69|69.0,0,147132,3,2,143143,744.25,1,0,0,nan,nan,137167,137141,0.183255,0.183761
8|1241|8|1241|vc|4|2|69|2|69|69.0,0,155723,4,2,143143,744.25,1,0,0,nan,nan,137167,137141,0.34124,0.341776
8|1241|8|1241|vc|5|2|69|2|69|69.0,0,155074,5,2,143143,744.25,1,0,0,nan,nan,137167,137141,0.329305,0.329839
8|1241|8|1241|vc|6|2|69|2|69|69.0,0,152580,6,2,143143,744.25,1,0,0,nan,nan,137167,137141,0.283441,0.283966
8|1241|8|1241|vc|7|2|69|2|69|69.0,0,142167,7,2,143143,744.25,1,0,0,nan,nan,137167,137141,0.0919501,0.0924391
8|1241|8|1241|vc|8|2|69|2|69|69.0,0,114245,8,2,143143,744.25,1,0,0,nan,nan,123185,123086,-0.18306,-0.181175
8|474|8|474|sample|5|276|5|276|55.0,0.0006144,132239,1,5,126520,740.5,0,0,1,54715.6,54715.7,107089,107166,0.59241,0.590152
8|474|8|474|sample|5|276|5|276|55.0,0.003072,134624,2,5,126520,740.5,0,0,1,60962.9,60963,114700,115091,0.438157,0.428104
8|474|8|474|sample|5|276|5|276|55.0,0.01536,128618,3,5,126520,740.5,0,0,1,62832.3,62832.3,104642,105308,0.577945,0.558351
8|474|8|474|sample|5|276|5|276|55.0,0.0768,115873,4,5,126520,740.5,0,0,1,63391.6,63391.7,75992.1,76329.9,1.32379,1.30677
8|474|8|474|sample|5|276|5|276|55.0,0.384,72562,5,5,126520,740.5,0,0,1,63391.6,63391.7,39117.3,38653.8,2.15665,2.21276
8|474|8|474|sample|5|276|5|276|55.0,1.92,20404,6,5,126520,740.5,0,0,1,62832.3,62832.3,14987,14413.8,0.911728,1.0483
8|474|8|474|sample|5|276|5|276|55.0,9.6,3584,7,5,126520,740.5,0,0,1,60962.9,60963,5130.72,4821.61,-0.760424,-0.647464
8|474|8|474|sample|5|276|5|276|55.0,48,1678,8,5,126520,740.5,0,0,1,54715.6,54715.7,1834.63,1716.58,-0.215351,-0.0566889
8|474|8|474|sample|6|276|6|276|55.0,0.0006144,136505,1,6,126520,740.5,0,0,1,54715.6,54715.7,106901,107063,0.698544,0.693657
8|474|8|474|sample|6|276|6|276|55.0,0.003072,126395,2,6,126520,740.5,0,0,1,60962.9,60963,114247,114832,0.268209,0.253995
8|474|8|474|sample|6|276|6|276|55.0,0.01536,119521,3,6,126520,740.5,0,0,1,62832.3,62832.3,103944,104892,0.378003,0.351804
8|474|8|474|sample|6|276|6|276|55.0,0.0768,112647,4,6,126520,740.5,0,0,1,63391.6,63391.7,75687.4,76142.3,1.23176,1.20933
8|474|8|474|sample|6|276|6|276|55.0,0.384,74357,5,6,126520,740.5,0,0,1,63391.6,63391.7,39659.9,38984,2.2068,2.2888
8|474|8|474|sample|6|276|6|276|55.0,1.92,20760,6,6,126520,740.5,0,0,1,62832.3,62832.3,15639.7,14797.9,0.825824,1.0163
8|474|8|474|sample|6|276|6|276|55.0,9.6,3528,7,6,126520,740.5,0,0,1,60962.9,60963,5489.58,5024.36,-0.901341,-0.751239
8|474|8|474|sample|6|276|6|276|55.0,48,1762,8,6,126520,740.5,0,0,1,54715.6,54715.7,1974.15,1792.38,-0.271075,-0.0427584
8|474|8|474|sample|3|276|3|276|55.0,0.000064,140286,1,3,126520,740.5,0,0,1,54715.6,54715.7,107448,107783,0.77092,0.760669
8|474|8|474|sample|3|276|3|276|55.0,0.00032,140390,2,3,126520,740.5,0,0,1,60962.9,60963,117349,118249,0.495282,0.472305
8|474|8|474|sample|3|276|3|276|55.0,0.0016,126011,3,3,126520,740.5,0,0,1,62832.3,62832.3,115437,117077,0.231047,0.192476
8|474|8|474|sample|3|276|3|276|55.0,0.008,136248,4,3,126520,740.5,0,0,1,62832.3,62832.3,103746,105933,0.790248,0.721849
8|474|8|474|sample|3|276|3|276|55.0,0.04,123688,5,3,126520,740.5,0,0,1,62832.3,62832.3,82935.7,84476.5,1.23946,1.17085
8|474|8|474|sample|3|276|3|276|55.0,0.2,100688,6,3,126520,740.5,0,0,1,62832.3,62832.3,55471.1,54915.8,2.05616,2.10246
8|474|8|474|sample|3|276|3|276|55.0,1,44295,7,3,126520,740.5,0,0,1,60962.9,60963,29739.5,27750.5,1.23457,1.50385
8|474|8|474|sample|3|276|3|276|55.0,5,6292,8,3,126520,740.5,0,0,1,54715.6,54715.7,12898.6,11193.6,-1.29199,-1.10456
8|474|8|474|sample|4|276|4|276|55.0,0.000064,137562,1,4,126520,740.5,0,0,1,54715.6,54715.7,108301,108120,0.68153,0.686886
8|474|8|474|sample|4|276|4|276|55.0,0.00032,134604,2,4,126520,740.5,0,0,1,60962.9,60963,119312,119052,0.323309,0.329518
8|474|8|474|sample|4|276|4|276|55.0,0.0016,133116,3,4,126520,740.5,0,0,1,62832.3,62832.3,119146,118646,0.295751,0.30764
8|474|8|474|sample|4|276|4|276|55.0,0.008,133348,4,4,126520,740.5,0,0,1,63391.6,63391.7,109962,109186,0.536448,0.558198
8|474|8|474|sample|4|276|4|276|55.0,0.04,121193,5,4,126520,740.5,0,0,1,63391.6,63391.7,87557.4,86962.8,0.969011,0.992885
8|474|8|474|sample|4|276|4|276|55.0,0.2,98200,6,4,126520,740.5,0,0,1,62832.3,62832.3,53933.4,54230.8,2.07034,2.04515
8|474|8|474|sample|4|276|4|276|55.0,1,38819,7,4,126520,740.5,0,0,1,60962.9,60963,24729.4,25540.2,1.43716,1.31146
8|474|8|474|sample|4|276|4|276|55.0,5,6826,8,4,126520,740.5,0,0,1,54715.6,54715.7,8903.05,9477.52,-0.588478,-0.705704
8|474|8|474|sample|9|276|9|276|32.0,0.0003648,135511,1,9,126520,740.5,0,0,1,54715.6,54715.5,108882,108794,0.616917,0.619446
8|474|8|474|sample|9|276|9|276|32.0,0.001824,117258,2,9,126520,740.5,0,0,1,60962.9,60962.8,121239,121216,-0.0828181,-0.0823618
8|474|8|474|sample|9|276|9|276|32.0,0.00912,89772,3,9,126520,740.5,0,0,1,62832.3,62832.2,124939,124933,-0.709996,-0.709913
8|474|8|474|sample|9|276|9|276|32.0,0.0456,24875,4,9,126520,740.5,0,0,1,63391.6,63391.5,126000,126024,-2.02447,-2.02456
8|474|8|474|sample|9|276|9|276|32.0,0.228,1858,5,9,126520,740.5,0,0,1,63391.6,63391.5,2721.15,2095.34,-0.800119,-0.285714
8|474|8|474|sample|9|276|9|276|32.0,1.14,680,6,9,126520,740.5,0,0,1,62832.3,62832.2,731.512,731.469,-0.177627,-0.17749
8|474|8|474|sample|9|276|9|276|32.0,5.7,720,7,9,126520,740.5,0,0,1,60962.9,60962.8,709.837,709.704,0.0361148,0.0365933
8|474|8|474|sample|9|276|9|276|32.0,28.5,790,8,9,126520,740.5,0,0,1,54715.6,54715.5,637.489,636.976,0.603462,0.60598
8|474|8|474|sample|10|276|10|276|32.0,0.0003648,136491,1,10,126520,740.5,0,0,1,54715.6,54715.5,108882,108794,0.639621,0.642168
8|474|8|474|sample|10|276|10|276|32.0,0.001824,112487,2,10,126520,740.5,0,0,1,60962.9,60962.8,121239,121216,-0.182082,-0.181644
8|474|8|474|sample|10|276|10|276|32.0,0.00912,87404,3,10,126520,740.5,0,0,1,62832.3,62832.2,124939,124933,-0.757805,-0.757724
8|474|8|474|sample|10|276|10|276|32.0,0.0456,26053,4,10,126520,740.5,0,0,1,62832.3,62832.2,124900,124910,-1.99629,-1.99633
8|474|8|474|sample|10|276|10|276|32.0,0.228,1910,5,10,126520,740.5,0,0,1,62832.3,62832.2,2521.98,2135.3,-0.612092,-0.266153
8|474|8|474|sample|10|276|10|276|32.0,1.14,702,6,10,126520,740.5,0,0,1,62832.3,62832.2,731.508,731.47,-0.101753,-0.101625
8|474|8|474|sample|10|276|10|276|32.0,5.7,688,7,10,126520,740.5,0,0,1,60962.9,60962.8,709.837,709.704,-0.0775992,-0.077142
8|474|8|474|sample|10|276|10|276|32.0,28.5,768,8,10,126520,740.5,0,0,1,54715.6,54715.5,637.489,636.976,0.516411,0.518859
8|474|8|474|sample|8|276|8|276|32.0,0.0000768,139337,1,8,126520,740.5,0,0,1,54715.6,54715.5,108882,108794,0.705553,0.708154
8|474|8|474|sample|8|276|8|276|32.0,0.000384,129049,2,8,126520,740.5,0,0,1,60962.9,60962.8,121239,121216,0.162502,0.163004
8|474|8|474|sample|8|276|8|276|32.0,0.00192,112244,3,8,126520,740.5,0,0,1,62832.3,62832.2,124939,124933,-0.256297,-0.256194
8|474|8|474|sample|8|276|8|276|32.0,0.0096,86461,4,8,126520,740.5,0,0,1,63391.6,63391.5,126046,126045,-0.792187,-0.792168
8|474|8|474|sample|8|276|8|276|32.0,0.048,30862,5,8,126520,740.5,0,0,1,63391.6,63391.5,125883,125952,-1.90403,-1.90438
8|474|8|474|sample|8|276|8|276|32.0,0.24,2300,6,8,126520,740.5,0,0,1,62832.3,62832.2,2995.41,2388.51,-0.585607,-0.0934737
8|474|8|474|sample|8|276|8|276|32.0,1.2,754,7,8,126520,740.5,0,0,1,60962.9,60962.8,709.891,709.721,0.156731,0.157375
8|474|8|474|sample|8|276|8|276|32.0,6,720,8,8,126520,740.5,0,0,1,54715.6,54715.5,637.489,636.976,0.326482,0.328778
8|474|8|474|sample|7|276|7|276|32.0,0.0000768,132990,1,7,126520,740.5,0,0,1,54715.6,54715.5,108882,108794,0.558513,0.560995
8|474|8|474|sample|7|276|7|276|32.0,0.000384,129527,2,7,126520,740.5,0,0,1,60962.9,60962.8,121239,121216,0.172447,0.172951
8|474|8|474|sample|7|276|7|276|32.0,0.00192,112032,3,7,126520,740.5,0,0,1,62832.3,62832.2,124939,124933,-0.260577,-0.260474
8|474|8|474|sample|7|276|7|276|32.0,0.0096,80668,4,7,126520,740.5,0,0,1,63391.6,63391.5,126046,126045,-0.908117,-0.908099
8|474|8|474|sample|7|276|7|276|32.0,0.048,30208,5,7,126520,740.5,0,0,1,63391.6,63391.5,125934,125980,-1.91739,-1.91761
8|474|8|474|sample|7|276|7|276|32.0,0.24,1942,6,7,126520,740.5,0,0,1,62832.3,62832.2,2541.33,2072.69,-0.594876,-0.159054
8|474|8|474|sample|7|276|7|276|32.0,1.2,666,7,7,126520,740.5,0,0,1,60962.9,60962.8,709.861,709.712,-0.155856,-0.15536
8|474|8|474|sample|7|276|7|276|32.0,6,798,8,7,126520,740.5,0,0,1,54715.6,54715.5,637.489,636.976,0.635117,0.637661
8|474|8|474|sample|12|276|12|276|22.0,0.0003712,121914,1,12,126520,740.5,0,0,1,54715.6,54715.6,108881,108794,0.301925,0.304201
8|474|8|474|sample|12|276|12|276|22.0,0.001856,119881,2,12,126520,740.5,0,0,1,54715.6,54715.6,108871,108783,0.255089,0.257336
8|474|8|474|sample|12|276|12|276|22.0,0.00928,117603,3,12,126520,740.5,0,0,1,54715.6,54715.6,108536,108442,0.21073,0.213091
8|474|8|474|sample|12|276|12|276|22.0,0.0464,87318,4,12,126520,740.5,0,0,1,54715.6,54715.6,98593,98474.3,-0.288466,-0.285772
8|474|8|474|sample|12|276|12|276|22.0,0.2319999999999999,26931,5,12,126520,740.5,0,0,1,54715.6,54715.6,25014.3,25177.6,0.193279,0.175668
8|474|8|474|sample|12|276|12|276|22.0,1.16,1852,6,12,126520,740.5,0,0,1,54715.6,54715.6,1589.74,1610.98,0.416138,0.377389
8|474|8|474|sample|12|276|12|276|22.0,5.8,644,7,12,126520,740.5,0,0,1,54715.6,54715.6,666.999,667.582,-0.0869781,-0.0891045
8|474|8|474|sample|12|276|12|276|22.0,29,664,8,12,126520,740.5,0,0,1,54715.6,54715.6,638.579,638.112,0.100414,0.102333
8|474|8|474|sample|11|276|11|276|22.0,0.0003712,134430,1,11,126520,740.5,0,0,1,54715.6,54715.6,108882,108794,0.591879,0.594388
8|474|8|474|sample|11|276|11|276|22.0,0.001856,130150,2,11,126520,740.5,0,0,1,60962.9,60962.9,121231,121208,0.185578,0.186086
8|474|8|474|sample|11|276|11|276|22.0,0.00928,116133,3,11,126520,740.5,0,0,1,60962.9,60962.9,120945,120922,-0.100365,-0.0999063
8|474|8|474|sample|11|276|11|276|22.0,0.0464,92512,4,11,126520,740.5,0,0,1,60962.9,60962.9,110847,110852,-0.41724,-0.417328
8|474|8|474|sample|11|276|11|276|22.0,0.2319999999999999,31016,5,11,126520,740.5,0,0,1,60962.9,60962.9,26635.9,26759,0.414805,0.40129
8|474|8|474|sample|11|276|11|276|22.0,1.16,1746,6,11,126520,740.5,0,0,1,60962.9,60962.9,1558.09,1566.17,0.304221,0.289634
8|474|8|474|sample|11|276|11|276|22.0,5.8,650,7,11,126520,740.5,0,0,1,60962.9,60962.9,732.132,732.295,-0.282973,-0.283472
8|474|8|474|sample|11|276|11|276|22.0,29,692,8,11,126520,740.5,0,0,1,54715.6,54715.6,638.197,637.692,0.212655,0.214821
8|474|8|474|cc|1|1|276|1|276|69.0,0,688,1,1,126520,740.5,0,1,0,nan,nan,637.266,636.753,0.200816,0.20301
8|474|8|474|cc|2|1|276|1|276|69.0,0,722,2,1,126520,740.5,0,1,0,nan,nan,637.266,636.753,0.335396,0.337699
8|474|8|474|cc|3|1|276|1|276|69.0,0,726,3,1,126520,740.5,0,1,0,nan,nan,637.266,636.753,0.351229,0.353544
8|474|8|474|cc|4|1|276|1|276|69.0,0,740,4,1,126520,740.5,0,1,0,nan,nan,637.266,636.753,0.406644,0.409004
8|474|8|474|cc|5|1|276|1|276|69.0,0,730,5,1,126520,740.5,0,1,0,nan,nan,637.266,636.753,0.367062,0.36939
8|474|8|474|cc|6|1|276|1|276|69.0,0,798,6,1,126520,740.5,0,1,0,nan,nan,637.266,636.753,0.636222,0.638767
8|474|8|474|cc|7|1|276|1|276|69.0,0,812,7,1,126520,740.5,0,1,0,nan,nan,637.266,636.753,0.691637,0.694227
8|474|8|474|cc|8|1|276|1|276|69.0,0,708,8,1,126520,740.5,0,1,0,nan,nan,637.266,636.753,0.279981,0.282239
8|474|8|474|vc|1|2|276|2|276|69.0,0,128388,1,2,126520,740.5,1,0,0,nan,nan,108882,108794,0.451899,0.454296
8|474|8|474|vc|2|2|276|2|276|69.0,0,126824,2,2,126520,740.5,1,0,0,nan,nan,121239,121216,0.116209,0.116702
8|474|8|474|vc|3|2|276|2|276|69.0,0,135976,3,2,126520,740.5,1,0,0,nan,nan,121239,121216,0.306623,0.307152
8|474|8|474|vc|4|2|276|2|276|69.0,0,130086,4,2,126520,740.5,1,0,0,nan,nan,121239,121216,0.184077,0.184583
8|474|8|474|vc|5|2|276|2|276|69.0,0,126830,5,2,126520,740.5,1,0,0,nan,nan,121239,121216,0.116334,0.116827
8|474|8|474|vc|6|2|276|2|276|69.0,0,130250,6,2,126520,740.5,1,0,0,nan,nan,121239,121216,0.187489,0.187996
8|474|8|474|vc|7|2|276|2|276|69.0,0,124477,7,2,126520,740.5,1,0,0,nan,nan,121239,121216,0.0673781,0.0678624
8|474|8|474|vc|8|2|276|2|276|69.0,0,109329,8,2,126520,740.5,1,0,0,nan,nan,108882,108794,0.0103617,0.0124023
8|1056|8|1056|sample|8|276|8|276|65.0,0.0016767999999999,118740,1,8,122846.625,713.75,0,0,1,53124.8,53138.6,105676,105598,0.311827,0.313917
8|1056|8|1056|sample|8|276|8|276|65.0,0.0083839999999999,113636,2,8,122846.625,713.75,0,0,1,59190.4,59206.1,116866,116937,-0.0697151,-0.0712005
8|1056|8|1056|sample|8|276|8|276|65.0,0.04192,84503,3,8,122846.625,713.75,0,0,1,61005.4,61021.7,107422,108026,-0.538186,-0.549263
8|1056|8|1056|sample|8|276|8|276|65.0,0.2096,42717,4,8,122846.625,713.75,0,0,1,61548.5,61565,37500.7,37116.1,0.350871,0.380644
8|1056|8|1056|sample|8|276|8|276|65.0,1.048,4102,5,8,122846.625,713.75,0,0,1,61548.5,61565,3642.84,3423.58,0.317939,0.499847
8|1056|8|1056|sample|8|276|8|276|65.0,5.24,716,6,8,122846.625,713.75,0,0,1,61005.4,61021.7,903.593,881.08,-0.523681,-0.472608
8|1056|8|1056|sample|8|276|8|276|65.0,26.2,656,7,8,122846.625,713.75,0,0,1,59190.4,59206.1,725.142,723.278,-0.240516,-0.234633
8|1056|8|1056|sample|8|276|8|276|65.0,131,828,8,8,122846.625,713.75,0,0,1,53124.8,53138.6,643.541,642.912,0.723011,0.726187
8|1056|8|1056|sample|7|276|7|276|65.0,0.0016767999999999,121659,1,7,122846.625,713.75,0,0,1,53124.8,53138.6,105680,105603,0.381406,0.383527
8|1056|8|1056|sample|7|276|7|276|65.0,0.0083839999999999,115654,2,7,122846.625,713.75,0,0,1,59190.4,59206.1,116909,116994,-0.0270886,-0.0288949
8|1056|8|1056|sample|7|276|7|276|65.0,0.04192,88699,3,7,122846.625,713.75,0,0,1,61005.4,61021.7,107690,108409,-0.444824,-0.45861
8|1056|8|1056|sample|7|276|7|276|65.0,0.2096,41994,4,7,122846.625,713.75,0,0,1,61548.5,61565,37270.3,36775.3,0.319703,0.357956
8|1056|8|1056|sample|7|276|7|276|65.0,1.048,3906,5,7,122846.625,713.75,0,0,1,61548.5,61565,3532.01,3271.62,0.267089,0.489113
8|1056|8|1056|sample|7|276|7|276|65.0,5.24,700,6,7,122846.625,713.75,0,0,1,61005.4,61021.7,892.277,866.702,-0.543564,-0.485169
8|1056|8|1056|sample|7|276|7|276|65.0,26.2,682,7,7,122846.625,713.75,0,0,1,59190.4,59206.1,724.264,722.241,-0.147197,-0.140543
8|1056|8|1056|sample|7|276|7|276|65.0,131,978,8,7,122846.625,713.75,0,0,1,53124.8,53138.6,643.484,642.85,1.3113,1.31508
8|1056|8|1056|sample|6|276|6|276|65.0,0.0004351999999999,124775,1,6,122846.625,713.75,0,0,1,53124.8,53138.6,105716,105632,0.454746,0.457129
8|1056|8|1056|sample|6|276|6|276|65.0,0.0021759999999999,126207,2,6,122846.625,713.75,0,0,1,59190.4,59206.1,117651,117638,0.18343,0.183741
8|1056|8|1056|sample|6|276|6|276|65.0,0.0108799999999999,119281,3,6,122846.625,713.75,0,0,1,61005.4,61021.7,120032,120129,-0.0157894,-0.0178072
8|1056|8|1056|sample|6|276|6|276|65.0,0.0543999999999999,96692,4,6,122846.625,713.75,0,0,1,61548.5,61565,102018,102561,-0.131699,-0.144343
8|1056|8|1056|sample|6|276|6|276|65.0,0.2719999999999999,31741,5,6,122846.625,713.75,0,0,1,61548.5,61565,26226,25838.1,0.530439,0.576274
8|1056|8|1056|sample|6|276|6|276|65.0,1.36,2592,6,6,122846.625,713.75,0,0,1,61005.4,61021.7,2417.01,2303.16,0.182621,0.316347
8|1056|8|1056|sample|6|276|6|276|65.0,6.8,696,7,6,122846.625,713.75,0,0,1,59190.4,59206.1,804.065,793.75,-0.339014,-0.310639
8|1056|8|1056|sample|6|276|6|276|65.0,34,792,8,6,122846.625,713.75,0,0,1,53124.8,53138.6,647.297,646.101,0.563894,0.569606
8|1056|8|1056|sample|5|276|5|276|65.0,0.0004351999999999,127222,1,5,122846.625,713.75,0,0,1,53124.8,53138.6,105718,105633,0.513093,0.515531
8|1056|8|1056|sample|5|276|5|276|65.0,0.0021759999999999,128464,2,5,122846.625,713.75,0,0,1,59190.4,59206.1,117674,117656,0.231291,0.231703
8|1056|8|1056|sample|5|276|5|276|65.0,0.0108799999999999,127679,3,5,122846.625,713.75,0,0,1,61005.4,61021.7,120314,120371,0.15441,0.153142
8|1056|8|1056|sample|5|276|5|276|65.0,0.0543999999999999,99273,4,5,122846.625,713.75,0,0,1,61548.5,61565,103481,103889,-0.102563,-0.112074
8|1056|8|1056|sample|5|276|5|276|65.0,0.2719999999999999,30808,5,5,122846.625,713.75,0,0,1,61548.5,61565,24776.1,24515.2,0.614111,0.647487
8|1056|8|1056|sample|5|276|5|276|65.0,1.36,2194,6,5,122846.625,713.75,0,0,1,61005.4,61021.7,2068.03,1999.98,0.153653,0.244701
8|1056|8|1056|sample|5|276|5|276|65.0,6.8,672,7,5,122846.625,713.75,0,0,1,59190.4,59206.1,775.169,769.809,-0.33572,-0.320493
8|1056|8|1056|sample|5|276|5|276|65.0,34,838,8,5,122846.625,713.75,0,0,1,53124.8,53138.6,645.488,644.671,0.752302,0.756451
8|1056|8|1056|sample|12|276|12|276|28.0,0.0014272,103621,1,12,122846.625,713.75,0,0,1,53124.8,53139.8,105720,105635,-0.0500742,-0.0480821
8|1056|8|1056|sample|12|276|12|276|28.0,0.007136,90392,2,12,122846.625,713.75,0,0,1,53124.8,53139.8,105720,105635,-0.365715,-0.363978
8|1056|8|1056|sample|12|276|12|276|28.0,0.03568,45926,3,12,122846.625,713.75,0,0,1,53124.8,53139.8,105704,105629,-1.4265,-1.42572
8|1056|8|1056|sample|12|276|12|276|28.0,0.1784,8166,4,12,122846.625,713.75,0,0,1,53124.8,53139.8,12333.9,10279,-0.852385,-0.51852
8|1056|8|1056|sample|12|276|12|276|28.0,0.892,754,5,12,122846.625,713.75,0,0,1,53124.8,53139.8,645.856,645.15,0.422365,0.425591
8|1056|8|1056|sample|12|276|12|276|28.0,4.46,634,6,12,122846.625,713.75,0,0,1,53124.8,53139.8,645.61,645.09,-0.0453616,-0.0433657
8|1056|8|1056|sample|12|276|12|276|28.0,22.3,642,7,12,122846.625,713.75,0,0,1,53124.8,53139.8,645.61,645.09,-0.0141049,-0.0120839
8|1056|8|1056|sample|12|276|12|276|28.0,111.5,824,8,12,122846.625,713.75,0,0,1,53124.8,53139.8,645.61,645.09,0.696984,0.699578
8|1056|8|1056|sample|11|276|11|276|28.0,0.0014272,105151,1,11,122846.625,713.75,0,0,1,53124.8,53139.8,105720,105635,-0.0135687,-0.0115472
8|1056|8|1056|sample|11|276|11|276|28.0,0.007136,95978,2,11,122846.625,713.75,0,0,1,59190.4,59207.5,117718,117696,-0.465848,-0.465463
8|1056|8|1056|sample|11|276|11|276|28.0,0.03568,58120,3,11,122846.625,713.75,0,0,1,59190.4,59207.5,117669,117684,-1.27654,-1.2767
8|1056|8|1056|sample|11|276|11|276|28.0,0.1784,10642,4,11,122846.625,713.75,0,0,1,59190.4,59207.5,16870.8,12929.4,-0.931303,-0.446256
8|1056|8|1056|sample|11|276|11|276|28.0,0.892,906,5,11,122846.625,713.75,0,0,1,59190.4,59207.5,720.16,718.911,0.650928,0.656442
8|1056|8|1056|sample|11|276|11|276|28.0,4.46,610,6,11,122846.625,713.75,0,0,1,59190.4,59207.5,718.883,718.749,-0.382055,-0.381654
8|1056|8|1056|sample|11|276|11|276|28.0,22.3,712,7,11,122846.625,713.75,0,0,1,59190.4,59207.5,718.883,718.749,-0.0241523,-0.0236851
8|1056|8|1056|sample|11|276|11|276|28.0,111.5,888,8,11,122846.625,713.75,0,0,1,53124.8,53139.8,645.61,645.09,0.947037,0.949832
8|1056|8|1056|sample|10|276|10|276|28.0,0.0004479999999999,119885,1,10,122846.625,713.75,0,0,1,53124.8,53139.8,105720,105635,0.337982,0.340286
8|1056|8|1056|sample|10|276|10|276|28.0,0.00224,122847,2,10,122846.625,713.75,0,0,1,59190.4,59207.5,117718,117696,0.109902,0.110392
8|1056|8|1056|sample|10|276|10|276|28.0,0.0111999999999999,100100,3,10,122846.625,713.75,0,0,1,61005.4,61023.1,121270,121280,-0.440349,-0.440512
8|1056|8|1056|sample|10|276|10|276|28.0,0.0559999999999999,61989,4,10,122846.625,713.75,0,0,1,61005.4,61023.1,114175,115203,-1.15294,-1.16515
8|1056|8|1056|sample|10|276|10|276|28.0,0.2799999999999999,9934,5,10,122846.625,713.75,0,0,1,61005.4,61023.1,10208,9111.05,-0.0677159,0.227839
8|1056|8|1056|sample|10|276|10|276|28.0,1.4,774,6,10,122846.625,713.75,0,0,1,61005.4,61023.1,795.871,776.558,-0.069318,-0.00830897
8|1056|8|1056|sample|10|276|10|276|28.0,7,638,7,10,122846.625,713.75,0,0,1,59190.4,59207.5,719.17,718.887,-0.284699,-0.283818
8|1056|8|1056|sample|10|276|10|276|28.0,35,822,8,10,122846.625,713.75,0,0,1,53124.8,53139.8,645.611,645.091,0.689163,0.691755
8|1056|8|1056|sample|9|276|9|276|28.0,0.0004479999999999,120198,1,9,122846.625,713.75,0,0,1,53124.8,53139.8,105720,105635,0.34545,0.34776
8|1056|8|1056|sample|9|276|9|276|28.0,0.00224,115424,2,9,122846.625,713.75,0,0,1,59190.4,59207.5,117718,117696,-0.0491565,-0.0486946
8|1056|8|1056|sample|9|276|9|276|28.0,0.0111999999999999,104040,3,9,122846.625,713.75,0,0,1,61005.4,61023.1,121267,121265,-0.358336,-0.358304
8|1056|8|1056|sample|9|276|9|276|28.0,0.0559999999999999,62803,4,9,122846.625,713.75,0,0,1,61548.5,61566.4,114999,115241,-1.1449,-1.14779
8|1056|8|1056|sample|9|276|9|276|28.0,0.2799999999999999,11416,5,9,122846.625,713.75,0,0,1,61548.5,61566.4,10516.2,10354.2,0.215822,0.258681
8|1056|8|1056|sample|9|276|9|276|28.0,1.4,788,6,9,122846.625,713.75,0,0,1,61005.4,61023.1,800.242,796.082,-0.0385883,-0.0256095
8|1056|8|1056|sample|9|276|9|276|28.0,7,614,7,9,122846.625,713.75,0,0,1,59190.4,59207.5,719.209,719.036,-0.368995,-0.368477
8|1056|8|1056|sample|9|276|9|276|28.0,35,832,8,9,122846.625,713.75,0,0,1,53124.8,53139.8,645.612,645.092,0.728232,0.730852
8|1056|8|1056|sample|4|276|4|276|22.0,0.0010624,123910,1,4,122846.625,713.75,0,0,1,53124.8,53124.4,105707,105627,0.434362,0.436607
8|1056|8|1056|sample|4|276|4|276|22.0,0.005312,126950,2,4,122846.625,713.75,0,0,1,59190.4,59190.3,117436,117496,0.204348,0.202968
8|1056|8|1056|sample|4|276|4|276|22.0,0.02656,105914,3,4,122846.625,713.75,0,0,1,61005.4,61005.4,115600,116462,-0.21135,-0.22846
8|1056|8|1056|sample|4|276|4|276|22.0,0.1328,55539,4,4,122846.625,713.75,0,0,1,61548.5,61548.5,60859.4,60953.3,-0.220515,-0.224061
8|1056|8|1056|sample|4|276|4|276|22.0,0.664,6766,5,4,122846.625,713.75,0,0,1,61548.5,61548.5,6229.51,5417.82,0.217237,0.62769
8|1056|8|1056|sample|4|276|4|276|22.0,3.32,686,6,4,122846.625,713.75,0,0,1,61005.4,61005.4,983.072,904.046,-0.762253,-0.608387
8|1056|8|1056|sample|4|276|4|276|22.0,16.6,742,7,4,122846.625,713.75,0,0,1,59190.4,59190.3,697.546,692.217,0.160755,0.181411
8|1056|8|1056|sample|4|276|4|276|22.0,83,876,8,4,122846.625,713.75,0,0,1,53124.8,53124.4,615.232,614.456,1.06915,1.07369
8|1056|8|1056|sample|3|276|3|276|22.0,0.0010624,130132,1,3,122846.625,713.75,0,0,1,53124.8,53124.4,105714,105631,0.582637,0.58509
8|1056|8|1056|sample|3|276|3|276|22.0,0.005312,127154,2,3,122846.625,713.75,0,0,1,59190.4,59190.3,117552,117565,0.206052,0.205746
8|1056|8|1056|sample|3|276|3|276|22.0,0.02656,111063,3,3,122846.625,713.75,0,0,1,61005.4,61005.4,116869,117351,-0.125313,-0.135163
8|1056|8|1056|sample|3|276|3|276|22.0,0.1328,53602,4,3,122846.625,713.75,0,0,1,61005.4,61005.4,60264.7,60376.3,-0.278875,-0.283022
8|1056|8|1056|sample|3|276|3|276|22.0,0.664,5384,5,3,122846.625,713.75,0,0,1,61005.4,61005.4,4941.13,4503.08,0.226088,0.493457
8|1056|8|1056|sample|3|276|3|276|22.0,3.32,738,6,3,122846.625,713.75,0,0,1,61005.4,61005.4,868.869,835.323,-0.379932,-0.293889
8|1056|8|1056|sample|3|276|3|276|22.0,16.6,690,7,3,122846.625,713.75,0,0,1,59190.4,59190.3,690.348,688.485,-0.00127276,0.00555183
8|1056|8|1056|sample|3|276|3|276|22.0,83,842,8,3,122846.625,713.75,0,0,1,53124.8,53124.4,614.857,614.289,0.931852,0.935049
8|1056|8|1056|cc|1|1|276|1|276|69.0,0,686,1,1,122846.625,713.75,0,1,0,nan,nan,614.241,613.746,0.294687,0.296957
8|1056|8|1056|cc|2|1|276|1|276|69.0,0,688,2,1,122846.625,713.75,0,1,0,nan,nan,614.241,613.746,0.3029,0.305177
8|1056|8|1056|cc|3|1|276|1|276|69.0,0,708,3,1,122846.625,713.75,0,1,0,nan,nan,614.241,613.746,0.385032,0.387375
8|1056|8|1056|cc|4|1|276|1|276|69.0,0,700,4,1,122846.625,713.75,0,1,0,nan,nan,614.241,613.746,0.352179,0.354496
8|1056|8|1056|cc|5|1|276|1|276|69.0,0,734,5,1,122846.625,713.75,0,1,0,nan,nan,614.241,613.746,0.491804,0.494233
8|1056|8|1056|cc|6|1|276|1|276|69.0,0,694,6,1,122846.625,713.75,0,1,0,nan,nan,614.241,613.746,0.32754,0.329836
8|1056|8|1056|cc|7|1|276|1|276|69.0,0,744,7,1,122846.625,713.75,0,1,0,nan,nan,614.241,613.746,0.53287,0.535332
8|1056|8|1056|cc|8|1|276|1|276|69.0,0,756,8,1,122846.625,713.75,0,1,0,nan,nan,614.241,613.746,0.58215,0.584651
8|1056|8|1056|vc|1|2|276|2|276|69.0,0,125929,1,2,122846.625,713.75,1,0,0,nan,nan,105720,105635,0.48219,0.484611
8|1056|8|1056|vc|2|2|276|2|276|69.0,0,128067,2,2,122846.625,713.75,1,0,0,nan,nan,117718,117696,0.221751,0.222264
8|1056|8|1056|vc|3|2|276|2|276|69.0,0,126059,3,2,122846.625,713.75,1,0,0,nan,nan,117718,117696,0.178724,0.179229
8|1056|8|1056|vc|4|2|276|2|276|69.0,0,129668,4,2,122846.625,713.75,1,0,0,nan,nan,117718,117696,0.256057,0.256576
8|1056|8|1056|vc|5|2|276|2|276|69.0,0,124889,5,2,122846.625,713.75,1,0,0,nan,nan,117718,117696,0.153653,0.154154
8|1056|8|1056|vc|6|2|276|2|276|69.0,0,120436,6,2,122846.625,713.75,1,0,0,nan,nan,117718,117696,0.0582348,0.0587175
8|1056|8|1056|vc|7|2|276|2|276|69.0,0,119889,7,2,122846.625,713.75,1,0,0,nan,nan,117718,117696,0.0465138,0.0469943
8|1056|8|1056|vc|8|2|276|2|276|69.0,0,107836,8,2,122846.625,713.75,1,0,0,nan,nan,105720,105635,0.0504949,0.052568
8|462|8|462|sample|6|292|6|292|55.0,0.0006144,102350,1,6,129563,643.5,0,0,1,55982.2,55982.6,93043.4,95996,0.252305,0.16696
8|462|8|462|sample|6|292|6|292|55.0,0.003072,113884,2,6,129563,643.5,0,0,1,62374.1,62374.5,93947.4,97184.3,0.535291,0.433447
8|462|8|462|sample|6|292|6|292|55.0,0.01536,121365,3,6,129563,643.5,0,0,1,64286.8,64287.1,84120.3,86527.1,1.11683,1.0156
8|462|8|462|sample|6|292|6|292|55.0,0.0768,98102,4,6,129563,643.5,0,0,1,64859.1,64859.4,70015.9,70709.9,1.01185,0.977166
8|462|8|462|sample|6|292|6|292|55.0,0.384,76259,5,6,129563,643.5,0,0,1,64859.1,64859.4,54589,53295.9,1.00133,1.08682
8|462|8|462|sample|6|292|6|292|55.0,1.92,51729,6,6,129563,643.5,0,0,1,64286.8,64287.1,39935.7,37147.7,0.7449,0.990115
8|462|8|462|sample|6|292|6|292|55.0,9.6,27657,7,6,129563,643.5,0,0,1,62374.1,62374.5,27287.8,23938.4,0.0341313,0.391839
8|462|8|462|sample|6|292|6|292|55.0,48,13804,8,6,129563,643.5,0,0,1,55982.2,55982.6,16655.7,13715.6,-0.431879,0.0162607
8|462|8|462|sample|5|292|5|292|55.0,0.0006144,100518,1,5,129563,643.5,0,0,1,55982.2,55982.6,93688.3,94703.6,0.183882,0.154868
8|462|8|462|sample|5|292|5|292|55.0,0.003072,130424,2,5,129563,643.5,0,0,1,62374.1,62374.5,94621.3,95769.9,0.954443,0.912742
8|462|8|462|sample|5|292|5|292|55.0,0.01536,129379,3,5,129563,643.5,0,0,1,64286.8,64287.1,84607.5,85467.6,1.3348,1.29598
8|462|8|462|sample|5|292|5|292|55.0,0.0768,104544,4,5,129563,643.5,0,0,1,64859.1,64859.4,70151.3,70409.3,1.23667,1.22289
8|462|8|462|sample|5|292|5|292|55.0,0.384,71521,5,5,129563,643.5,0,0,1,64859.1,64859.4,54322.9,53881,0.798583,0.825819
8|462|8|462|sample|5|292|5|292|55.0,1.92,57664,6,5,129563,643.5,0,0,1,64286.8,64287.1,39360.3,38384.8,1.17302,1.26693
8|462|8|462|sample|5|292|5|292|55.0,9.6,30300,7,5,129563,643.5,0,0,1,62374.1,62374.5,26583.2,25395.9,0.352686,0.487096
8|462|8|462|sample|5|292|5|292|55.0,48,15085,8,5,129563,643.5,0,0,1,55982.2,55982.6,16022.5,14964.4,-0.147586,0.0203262
8|462|8|462|sample|4|292|4|292|55.0,0.000064,104240,1,4,129563,643.5,0,0,1,55982.2,55982.6,105974,104722,-0.0412652,-0.0116131
8|462|8|462|sample|4|292|4|292|55.0,0.00032,128947,2,4,129563,643.5,0,0,1,62374.1,62374.5,113161,111432,0.351882,0.396494
8|462|8|462|sample|4|292|4|292|55.0,0.0016,136467,3,4,129563,643.5,0,0,1,64286.8,64287.1,108342,106320,0.654821,0.715225
8|462|8|462|sample|4|292|4|292|55.0,0.008,138746,4,4,129563,643.5,0,0,1,64859.1,64859.4,96555.9,94728.5,1.10219,1.17211
8|462|8|462|sample|4|292|4|292|55.0,0.04,119405,5,4,129563,643.5,0,0,1,64859.1,64859.4,79353,78407.1,1.27316,1.31895
8|462|8|462|sample|4|292|4|292|55.0,0.2,86679,6,4,129563,643.5,0,0,1,64286.8,64287.1,59114.4,59492.6,1.1762,1.15269
8|462|8|462|sample|4|292|4|292|55.0,1,49742,7,4,129563,643.5,0,0,1,62374.1,62374.5,39308.6,40777.2,0.669515,0.554555
8|462|8|462|sample|4|292|4|292|55.0,5,30602,8,4,129563,643.5,0,0,1,55982.2,55982.6,22370.2,24118.5,0.92822,0.678083
8|462|8|462|sample|3|292|3|292|55.0,0.000064,108562,1,3,129563,643.5,0,0,1,55982.2,55982.6,102207,104071,0.156829,0.108841
8|462|8|462|sample|3|292|3|292|55.0,0.00032,130392,2,3,129563,643.5,0,0,1,62374.1,62374.5,107904,110513,0.5257,0.453749
8|462|8|462|sample|3|292|3|292|55.0,0.0016,132645,3,3,129563,643.5,0,0,1,64286.8,64287.1,102404,105273,0.744906,0.655863
8|462|8|462|sample|3|292|3|292|55.0,0.008,136907,4,3,129563,643.5,0,0,1,64286.8,64287.1,90555.6,92977.8,1.29113,1.19178
8|462|8|462|sample|3|292|3|292|55.0,0.04,113528,5,3,129563,643.5,0,0,1,64286.8,64287.1,76015.2,77244.3,1.24481,1.18486
8|462|8|462|sample|3|292|3|292|55.0,0.2,82203,6,3,129563,643.5,0,0,1,64286.8,64287.1,60087.3,59665.1,0.928413,0.952832
8|462|8|462|sample|3|292|3|292|55.0,1,54160,7,3,129563,643.5,0,0,1,62374.1,62374.5,43348.1,41494.9,0.62915,0.769907
8|462|8|462|sample|3|292|3|292|55.0,5,30876,8,3,129563,643.5,0,0,1,55982.2,55982.6,27397.5,25007.5,0.320261,0.591944
8|462|8|462|sample|9|292|9|292|32.0,0.0003648,110763,1,9,129563,643.5,0,0,1,55982.2,55984.1,111501,111411,-0.0166893,-0.0146706
8|462|8|462|sample|9|292|9|292|32.0,0.001824,99793,2,9,129563,643.5,0,0,1,62374.1,62376.1,124155,124131,-0.494955,-0.494576
8|462|8|462|sample|9|292|9|292|32.0,0.00912,104612,3,9,129563,643.5,0,0,1,64286.8,64288.8,127944,127938,-0.459989,-0.459895
8|462|8|462|sample|9|292|9|292|32.0,0.0456,29106,4,9,129563,643.5,0,0,1,64859.1,64861.2,129043,129053,-1.9535,-1.95355
8|462|8|462|sample|9|292|9|292|32.0,0.228,1898,5,9,129563,643.5,0,0,1,64859.1,64861.2,2389.6,2087.68,-0.518927,-0.229177
8|462|8|462|sample|9|292|9|292|32.0,1.14,602,6,9,129563,643.5,0,0,1,64286.8,64288.8,639.989,639.956,-0.14973,-0.149607
8|462|8|462|sample|9|292|9|292|32.0,5.7,556,7,9,129563,643.5,0,0,1,62374.1,62376.1,621.03,620.914,-0.264133,-0.26371
8|462|8|462|sample|9|292|9|292|32.0,28.5,492,8,9,129563,643.5,0,0,1,55982.2,55984.1,557.734,557.285,-0.297294,-0.295502
8|462|8|462|sample|10|292|10|292|32.0,0.0003648,102838,1,10,129563,643.5,0,0,1,55982.2,55984.1,111501,111411,-0.195974,-0.1941
8|462|8|462|sample|10|292|10|292|32.0,0.001824,109527,2,10,129563,643.5,0,0,1,62374.1,62376.1,124155,124131,-0.297189,-0.296773
8|462|8|462|sample|10|292|10|292|32.0,0.00912,75302,3,10,129563,643.5,0,0,1,64286.8,64288.8,127944,127938,-1.03785,-1.03778
8|462|8|462|sample|10|292|10|292|32.0,0.0456,30834,4,10,129563,643.5,0,0,1,64286.8,64288.8,127905,127915,-1.91437,-1.91441
8|462|8|462|sample|10|292|10|292|32.0,0.228,1866,5,10,129563,643.5,0,0,1,64286.8,64288.8,2444.9,2055.78,-0.597259,-0.232862
8|462|8|462|sample|10|292|10|292|32.0,1.14,542,6,10,129563,643.5,0,0,1,64286.8,64288.8,639.99,639.956,-0.386218,-0.386103
8|462|8|462|sample|10|292|10|292|32.0,5.7,526,7,10,129563,643.5,0,0,1,62374.1,62376.1,621.03,620.914,-0.385984,-0.385585
8|462|8|462|sample|10|292|10|292|32.0,28.5,550,8,10,129563,643.5,0,0,1,55982.2,55984.1,557.734,557.285,-0.0349792,-0.0329753
8|462|8|462|sample|7|292|7|292|32.0,0.0000768,94296,1,7,129563,643.5,0,0,1,55982.2,55984.1,111501,111411,-0.389218,-0.387499
8|462|8|462|sample|7|292|7|292|32.0,0.000384,117953,2,7,129563,643.5,0,0,1,62374.1,62376.1,124155,124131,-0.125998,-0.12555
8|462|8|462|sample|7|292|7|292|32.0,0.00192,127709,3,7,129563,643.5,0,0,1,64286.8,64288.8,127944,127938,-0.00462429,-0.00450908
8|462|8|462|sample|7|292|7|292|32.0,0.0096,104166,4,7,129563,643.5,0,0,1,64859.1,64861.2,129078,129077,-0.486833,-0.486811
8|462|8|462|sample|7|292|7|292|32.0,0.048,34555,5,7,129563,643.5,0,0,1,64859.1,64861.2,128963,128994,-1.84657,-1.84673
8|462|8|462|sample|7|292|7|292|32.0,0.24,2124,6,7,129563,643.5,0,0,1,64286.8,64288.8,2495.16,2203.48,-0.37522,-0.0909863
8|462|8|462|sample|7|292|7|292|32.0,1.2,604,7,7,129563,643.5,0,0,1,62374.1,62376.1,621.054,620.926,-0.0692655,-0.0687597
8|462|8|462|sample|7|292|7|292|32.0,6,570,8,7,129563,643.5,0,0,1,55982.2,55984.1,557.734,557.285,0.0554742,0.0575511
8|462|8|462|sample|8|292|8|292|32.0,0.0000768,101781,1,8,129563,643.5,0,0,1,55982.2,55984.1,111501,111411,-0.219887,-0.218032
8|462|8|462|sample|8|292|8|292|32.0,0.000384,127577,2,8,129563,643.5,0,0,1,62374.1,62376.1,124155,124131,0.0695331,0.0700178
8|462|8|462|sample|8|292|8|292|32.0,0.00192,127445,3,8,129563,643.5,0,0,1,64286.8,64288.8,127944,127938,-0.00982913,-0.00971416
8|462|8|462|sample|8|292|8|292|32.0,0.0096,110699,4,8,129563,643.5,0,0,1,64859.1,64861.2,129078,129077,-0.359165,-0.359141
8|462|8|462|sample|8|292|8|292|32.0,0.048,35462,5,8,129563,643.5,0,0,1,64859.1,64861.2,128934,128988,-1.82868,-1.82897
8|462|8|462|sample|8|292|8|292|32.0,0.24,2200,6,8,129563,643.5,0,0,1,64286.8,64288.8,2755.54,2272,-0.508546,-0.0799417
8|462|8|462|sample|8|292|8|292|32.0,1.2,518,7,8,129563,643.5,0,0,1,62374.1,62376.1,621.069,620.928,-0.418612,-0.418133
8|462|8|462|sample|8|292|8|292|32.0,6,538,8,8,129563,643.5,0,0,1,55982.2,55984.1,557.734,557.285,-0.0892513,-0.0872911
8|462|8|462|sample|11|292|11|292|22.0,0.0003712,100654,1,11,129563,643.5,0,0,1,55982.2,55986.2,111434,111340,-0.244018,-0.242104
8|462|8|462|sample|11|292|11|292|22.0,0.001856,107033,2,11,129563,643.5,0,0,1,62374.1,62378.5,123589,123543,-0.337902,-0.337089
8|462|8|462|sample|11|292|11|292|22.0,0.00928,111878,3,11,129563,643.5,0,0,1,62374.1,62378.5,119957,119837,-0.169884,-0.167534
8|462|8|462|sample|11|292|11|292|22.0,0.0464,96908,4,11,129563,643.5,0,0,1,62374.1,62378.5,97979.9,97803.9,-0.0275965,-0.0231061
8|462|8|462|sample|11|292|11|292|22.0,0.2319999999999999,62831,5,11,129563,643.5,0,0,1,62374.1,62378.5,41061.4,41284.3,1.33733,1.31649
8|462|8|462|sample|11|292|11|292|22.0,1.16,11954,6,11,129563,643.5,0,0,1,62374.1,62378.5,8019.88,8190.96,1.23738,1.15885
8|462|8|462|sample|11|292|11|292|22.0,5.8,712,7,11,129563,643.5,0,0,1,62374.1,62378.5,1646.24,1687.91,-1.43149,-1.45842
8|462|8|462|sample|11|292|11|292|22.0,29,526,8,11,129563,643.5,0,0,1,55982.2,55986.2,682.734,689.224,-0.579076,-0.597375
8|462|8|462|sample|12|292|12|292|22.0,0.0003712,92444,1,12,129563,643.5,0,0,1,55982.2,55986.2,111398,111357,-0.429194,-0.428425
8|462|8|462|sample|12|292|12|292|22.0,0.001856,89758,2,12,129563,643.5,0,0,1,55982.2,55986.2,110809,110978,-0.479202,-0.482322
8|462|8|462|sample|12|292|12|292|22.0,0.00928,86511,3,12,129563,643.5,0,0,1,55982.2,55986.2,106962,107996,-0.482286,-0.501817
8|462|8|462|sample|12|292|12|292|22.0,0.0464,76016,4,12,129563,643.5,0,0,1,55982.2,55986.2,86561.2,88681.5,-0.307294,-0.360256
8|462|8|462|sample|12|292|12|292|22.0,0.2319999999999999,48569,5,12,129563,643.5,0,0,1,55982.2,55986.2,37897.3,36401.6,0.710314,0.843138
8|462|8|462|sample|12|292|12|292|22.0,1.16,9584,6,12,129563,643.5,0,0,1,55982.2,55986.2,8265.06,6726.14,0.402533,1.07176
8|462|8|462|sample|12|292|12|292|22.0,5.8,838,7,12,129563,643.5,0,0,1,55982.2,55986.2,1766.42,1360.21,-1.32578,-0.968413
8|462|8|462|sample|12|292|12|292|22.0,29,604,8,12,129563,643.5,0,0,1,55982.2,55986.2,740.789,660.566,-0.465779,-0.216004
8|462|8|462|cc|1|1|292|1|292|69.0,0,566,1,1,129563,643.5,0,1,0,nan,nan,553.79,553.344,0.0556144,0.0576913
8|462|8|462|cc|2|1|292|1|292|69.0,0,562,2,1,129563,643.5,0,1,0,nan,nan,553.79,553.344,0.0373948,0.0394571
8|462|8|462|cc|3|1|292|1|292|69.0,0,584,3,1,129563,643.5,0,1,0,nan,nan,553.79,553.344,0.137602,0.139745
8|462|8|462|cc|4|1|292|1|292|69.0,0,656,4,1,129563,643.5,0,1,0,nan,nan,553.79,553.344,0.465554,0.467961
8|462|8|462|cc|5|1|292|1|292|69.0,0,696,5,1,129563,643.5,0,1,0,nan,nan,553.79,553.344,0.647749,0.650303
8|462|8|462|cc|6|1|292|1|292|69.0,0,706,6,1,129563,643.5,0,1,0,nan,nan,553.79,553.344,0.693298,0.695889
8|462|8|462|cc|7|1|292|1|292|69.0,0,668,7,1,129563,643.5,0,1,0,nan,nan,553.79,553.344,0.520213,0.522664
8|462|8|462|cc|8|1|292|1|292|69.0,0,710,8,1,129563,643.5,0,1,0,nan,nan,553.79,553.344,0.711518,0.714123
8|462|8|462|vc|1|2|292|2|292|69.0,0,109457,1,2,129563,643.5,1,0,0,nan,nan,111501,111411,-0.0462346,-0.0442397
8|462|8|462|vc|2|2|292|2|292|69.0,0,135900,2,2,129563,643.5,1,0,0,nan,nan,124155,124131,0.238632,0.239148
8|462|8|462|vc|3|2|292|2|292|69.0,0,145948,3,2,129563,643.5,1,0,0,nan,nan,124155,124131,0.442777,0.443331
8|462|8|462|vc|4|2|292|2|292|69.0,0,141437,4,2,129563,643.5,1,0,0,nan,nan,124155,124131,0.351127,0.351664
8|462|8|462|vc|5|2|292|2|292|69.0,0,134947,5,2,129563,643.5,1,0,0,nan,nan,124155,124131,0.21927,0.219782
8|462|8|462|vc|6|2|292|2|292|69.0,0,143094,6,2,129563,643.5,1,0,0,nan,nan,124155,124131,0.384792,0.385336
8|462|8|462|vc|7|2|292|2|292|69.0,0,130244,7,2,129563,643.5,1,0,0,nan,nan,124155,124131,0.123719,0.124213
8|462|8|462|vc|8|2|292|2|292|69.0,0,95477,8,2,129563,643.5,1,0,0,nan,nan,111501,111411,-0.3625,-0.36076
8|1159|8|1159|sample|8|292|8|292|65.0,0.0016767999999999,99593,1,8,132841.25,654.75,0,0,1,57396.6,48787.9,97001.7,96702.5,0.0673852,0.0753969
8|1159|8|1159|sample|8|292|8|292|65.0,0.0083839999999999,116325,2,8,132841.25,654.75,0,0,1,63949.9,61373.9,118317,118472,-0.0424639,-0.0457153
8|1159|8|1159|sample|8|292|8|292|65.0,0.04192,106706,3,8,132841.25,654.75,0,0,1,65910.9,65139.9,104366,104941,0.0565674,0.0424235
8|1159|8|1159|sample|8|292|8|292|65.0,0.2096,68255,4,8,132841.25,654.75,0,0,1,66497.7,66266.9,47780.4,47529.3,1.0809,1.09994
8|1159|8|1159|sample|8|292|8|292|65.0,1.048,14589,5,8,132841.25,654.75,0,0,1,66497.7,66266.9,9986.63,9594.19,1.16248,1.31321
8|1159|8|1159|sample|8|292|8|292|65.0,5.24,848,6,8,132841.25,654.75,0,0,1,65910.9,65139.9,1975.94,1868.95,-1.43991,-1.37794
8|1159|8|1159|sample|8|292|8|292|65.0,26.2,548,7,8,132841.25,654.75,0,0,1,63949.9,61373.9,776.421,755.922,-0.742098,-0.693819
8|1159|8|1159|sample|8|292|8|292|65.0,131,584,8,8,132841.25,654.75,0,0,1,57396.6,48787.9,499.326,494.774,0.42775,0.454892
8|1159|8|1159|sample|7|292|7|292|65.0,0.0016767999999999,101433,1,7,132841.25,654.75,0,0,1,57396.6,48787.9,96880.1,96577.6,0.118543,0.126815
8|1159|8|1159|sample|7|292|7|292|65.0,0.0083839999999999,119429,2,7,132841.25,654.75,0,0,1,63949.9,61373.9,117684,117798,0.0373922,0.0349357
8|1159|8|1159|sample|7|292|7|292|65.0,0.04192,110627,3,7,132841.25,654.75,0,0,1,65910.9,65139.9,103034,103463,0.185887,0.174667
8|1159|8|1159|sample|7|292|7|292|65.0,0.2096,72057,4,7,132841.25,654.75,0,0,1,66497.7,66266.9,48579.5,48422.7,1.21905,1.23116
8|1159|8|1159|sample|7|292|7|292|65.0,1.048,16805,5,7,132841.25,654.75,0,0,1,66497.7,66266.9,11052.8,10754,1.31274,1.41932
8|1159|8|1159|sample|7|292|7|292|65.0,5.24,794,6,7,132841.25,654.75,0,0,1,65910.9,65139.9,2280.23,2188.36,-1.64411,-1.60723
8|1159|8|1159|sample|7|292|7|292|65.0,26.2,548,7,7,132841.25,654.75,0,0,1,63949.9,61373.9,836.65,817.074,-0.870263,-0.830678
8|1159|8|1159|sample|7|292|7|292|65.0,131,586,8,7,132841.25,654.75,0,0,1,57396.6,48787.9,508.327,503.604,0.385433,0.412705
8|1159|8|1159|sample|5|292|5|292|65.0,0.0004351999999999,97161,1,5,132841.25,654.75,0,0,1,57396.6,48787.9,97326.8,97015.8,-0.0042979,0.00377514
8|1159|8|1159|sample|5|292|5|292|65.0,0.0021759999999999,125765,2,5,132841.25,654.75,0,0,1,63949.9,61373.9,121286,121397,0.0931517,0.0907612
8|1159|8|1159|sample|5|292|5|292|65.0,0.0108799999999999,136220,3,5,132841.25,654.75,0,0,1,65910.9,65139.9,123182,124020,0.266974,0.248136
8|1159|8|1159|sample|5|292|5|292|65.0,0.0543999999999999,114517,4,5,132841.25,654.75,0,0,1,66497.7,66266.9,97597.8,98960.9,0.437282,0.396516
8|1159|8|1159|sample|5|292|5|292|65.0,0.2719999999999999,61943,5,5,132841.25,654.75,0,0,1,66497.7,66266.9,39658.6,38559.9,1.41738,1.52964
8|1159|8|1159|sample|5|292|5|292|65.0,1.36,9970,6,5,132841.25,654.75,0,0,1,65910.9,65139.9,8317.41,7394.46,0.501187,0.878585
8|1159|8|1159|sample|5|292|5|292|65.0,6.8,728,7,5,132841.25,654.75,0,0,1,63949.9,61373.9,1743.25,1509.02,-1.46905,-1.30554
8|1159|8|1159|sample|5|292|5|292|65.0,34,602,8,5,132841.25,654.75,0,0,1,57396.6,48787.9,617.483,577.374,-0.0632502,0.107588
8|1159|8|1159|sample|6|292|6|292|65.0,0.0004351999999999,95565,1,6,132841.25,654.75,0,0,1,57396.6,48787.9,97316.6,97015.1,-0.0454005,-0.0377044
8|1159|8|1159|sample|6|292|6|292|65.0,0.0021759999999999,128566,2,6,132841.25,654.75,0,0,1,63949.9,61373.9,121226,121393,0.152735,0.149059
8|1159|8|1159|sample|6|292|6|292|65.0,0.0108799999999999,138726,3,6,132841.25,654.75,0,0,1,65910.9,65139.9,122948,124001,0.323711,0.299544
8|1159|8|1159|sample|6|292|6|292|65.0,0.0543999999999999,118728,4,6,132841.25,654.75,0,0,1,66497.7,66266.9,97261.3,98929.6,0.556734,0.504808
8|1159|8|1159|sample|6|292|6|292|65.0,0.2719999999999999,63450,5,6,132841.25,654.75,0,0,1,66497.7,66266.9,39959.8,38588.1,1.48281,1.62519
8|1159|8|1159|sample|6|292|6|292|65.0,1.36,9870,6,6,132841.25,654.75,0,0,1,65910.9,65139.9,8575.37,7415.98,0.380815,0.834705
8|1159|8|1159|sample|6|292|6|292|65.0,6.8,754,7,6,132841.25,654.75,0,0,1,63949.9,61373.9,1812.34,1514.14,-1.47302,-1.26634
8|1159|8|1159|sample|6|292|6|292|65.0,34,622,8,6,132841.25,654.75,0,0,1,57396.6,48787.9,629.419,578.164,-0.0297318,0.191252
8|1159|8|1159|sample|11|292|11|292|28.0,0.0014272,100576,1,11,132841.25,654.75,0,0,1,57396.6,48790.2,97441.5,97097.2,0.0811412,0.0903746
8|1159|8|1159|sample|11|292|11|292|28.0,0.007136,102398,2,11,132841.25,654.75,0,0,1,63949.9,61376.7,122241,122146,-0.409469,-0.40781
8|1159|8|1159|sample|11|292|11|292|28.0,0.03568,72564,3,11,132841.25,654.75,0,0,1,63949.9,61376.7,122091,122015,-1.02325,-1.02231
8|1159|8|1159|sample|11|292|11|292|28.0,0.1784,17511,4,11,132841.25,654.75,0,0,1,63949.9,61376.7,21380.2,21062.2,-0.456489,-0.425299
8|1159|8|1159|sample|11|292|11|292|28.0,0.892,1002,5,11,132841.25,654.75,0,0,1,63949.9,61376.7,614.668,613.189,1.58952,1.59943
8|1159|8|1159|sample|11|292|11|292|28.0,4.46,496,6,11,132841.25,654.75,0,0,1,63949.9,61376.7,608.3,607.823,-0.465678,-0.464062
8|1159|8|1159|sample|11|292|11|292|28.0,22.3,576,7,11,132841.25,654.75,0,0,1,63949.9,61376.7,608.299,607.822,-0.133934,-0.132059
8|1159|8|1159|sample|11|292|11|292|28.0,111.5,544,8,11,132841.25,654.75,0,0,1,57396.6,48790.2,484.889,483.176,0.307501,0.317537
8|1159|8|1159|sample|12|292|12|292|28.0,0.0014272,84673,1,12,132841.25,654.75,0,0,1,57396.6,48790.2,97441.5,97097.2,-0.330537,-0.322763
8|1159|8|1159|sample|12|292|12|292|28.0,0.007136,82237,2,12,132841.25,654.75,0,0,1,57396.6,48790.2,97441.5,97097.2,-0.393597,-0.386047
8|1159|8|1159|sample|12|292|12|292|28.0,0.03568,57156,3,12,132841.25,654.75,0,0,1,57396.6,48790.2,97382,97066.6,-1.04196,-1.03715
8|1159|8|1159|sample|12|292|12|292|28.0,0.1784,11396,4,12,132841.25,654.75,0,0,1,57396.6,48790.2,14904.3,13225.3,-0.593758,-0.348895
8|1159|8|1159|sample|12|292|12|292|28.0,0.892,752,5,12,132841.25,654.75,0,0,1,57396.6,48790.2,486.709,483.882,1.37492,1.39769
8|1159|8|1159|sample|12|292|12|292|28.0,4.46,502,6,12,132841.25,654.75,0,0,1,57396.6,48790.2,484.889,483.176,0.0890113,0.0982734
8|1159|8|1159|sample|12|292|12|292|28.0,22.3,554,7,12,132841.25,654.75,0,0,1,57396.6,48790.2,484.889,483.176,0.359522,0.369743
8|1159|8|1159|sample|12|292|12|292|28.0,111.5,626,8,12,132841.25,654.75,0,0,1,57396.6,48790.2,484.889,483.176,0.734075,0.745624
8|1159|8|1159|sample|9|292|9|292|28.0,0.0004479999999999,95841,1,9,132841.25,654.75,0,0,1,57396.6,48790.2,97441.5,97097.1,-0.0414308,-0.0326315
8|1159|8|1159|sample|9|292|9|292|28.0,0.00224,110983,2,9,132841.25,654.75,0,0,1,63949.9,61376.7,122236,122139,-0.232222,-0.230401
8|1159|8|1159|sample|9|292|9|292|28.0,0.0111999999999999,117579,3,9,132841.25,654.75,0,0,1,65910.9,65143,129375,129310,-0.229994,-0.228839
8|1159|8|1159|sample|9|292|9|292|28.0,0.0559999999999999,86107,4,9,132841.25,654.75,0,0,1,66497.7,66269.9,117657,117140,-0.676396,-0.668247
8|1159|8|1159|sample|9|292|9|292|28.0,0.2799999999999999,21584,5,9,132841.25,654.75,0,0,1,66497.7,66269.9,18099.4,18796.1,0.48563,0.374141
8|1159|8|1159|sample|9|292|9|292|28.0,1.4,1152,6,9,132841.25,654.75,0,0,1,65910.9,65143,1013.04,1063.86,0.346005,0.208971
8|1159|8|1159|sample|9|292|9|292|28.0,7,622,7,9,132841.25,654.75,0,0,1,63949.9,61376.7,614.783,615.858,0.029611,0.0251585
8|1159|8|1159|sample|9|292|9|292|28.0,35,558,8,9,132841.25,654.75,0,0,1,57396.6,48790.2,484.986,483.305,0.379754,0.389843
8|1159|8|1159|sample|10|292|10|292|28.0,0.0004479999999999,85632,1,10,132841.25,654.75,0,0,1,57396.6,48790.2,97441.1,97097,-0.3057,-0.297845
8|1159|8|1159|sample|10|292|10|292|28.0,0.00224,112052,2,10,132841.25,654.75,0,0,1,63949.9,61376.7,122222,122136,-0.209895,-0.208254
8|1159|8|1159|sample|10|292|10|292|28.0,0.0111999999999999,106618,3,10,132841.25,654.75,0,0,1,65910.9,65143,129021,129205,-0.437993,-0.440968
8|1159|8|1159|sample|10|292|10|292|28.0,0.0559999999999999,72910,4,10,132841.25,654.75,0,0,1,65910.9,65143,111843,113870,-0.878068,-0.90735
8|1159|8|1159|sample|10|292|10|292|28.0,0.2799999999999999,19961,5,10,132841.25,654.75,0,0,1,65910.9,65143,21785.4,19818.6,-0.211238,0.01813
8|1159|8|1159|sample|10|292|10|292|28.0,1.4,1398,6,10,132841.25,654.75,0,0,1,65910.9,65143,1434.56,1190.45,-0.0642887,0.439781
8|1159|8|1159|sample|10|292|10|292|28.0,7,482,7,10,132841.25,654.75,0,0,1,63949.9,61376.7,631.812,620.368,-0.598109,-0.56261
8|1159|8|1159|sample|10|292|10|292|28.0,35,578,8,10,132841.25,654.75,0,0,1,57396.6,48790.2,485.478,483.418,0.480726,0.493523
8|1159|8|1159|sample|4|292|4|292|22.0,0.0010624,112128,1,4,132841.25,654.75,0,0,1,57396.6,48791.4,96784.9,96574.4,0.399877,0.406248
8|1159|8|1159|sample|4|292|4|292|22.0,0.005312,130767,2,4,132841.25,654.75,0,0,1,63949.9,61378.2,118003,118486,0.272851,0.261443
8|1159|8|1159|sample|4|292|4|292|22.0,0.02656,137610,3,4,132841.25,654.75,0,0,1,65910.9,65144.5,108957,110230,0.663328,0.626548
8|1159|8|1159|sample|4|292|4|292|22.0,0.1328,112132,4,4,132841.25,654.75,0,0,1,66497.7,66271.5,65865.1,65921.4,1.77189,1.76822
8|1159|8|1159|sample|4|292|4|292|22.0,0.664,38749,5,4,132841.25,654.75,0,0,1,66497.7,66271.5,21286.2,20050.6,2.06938,2.35234
8|1159|8|1159|sample|4|292|4|292|22.0,3.32,2926,6,4,132841.25,654.75,0,0,1,65910.9,65144.5,5037.33,4452.45,-1.05725,-0.86478
8|1159|8|1159|sample|4|292|4|292|22.0,16.6,542,7,4,132841.25,654.75,0,0,1,63949.9,61378.2,1414.74,1254.58,-1.55607,-1.4327
8|1159|8|1159|sample|4|292|4|292|22.0,83,574,8,4,132841.25,654.75,0,0,1,57396.6,48791.4,608.83,575.597,-0.144306,-0.00699703
8|1159|8|1159|sample|3|292|3|292|22.0,0.0010624,108512,1,3,132841.25,654.75,0,0,1,57396.6,48791.4,97050.9,96637.5,0.297885,0.30995
8|1159|8|1159|sample|3|292|3|292|22.0,0.005312,131884,2,3,132841.25,654.75,0,0,1,63949.9,61378.2,119217,118780,0.268026,0.278284
8|1159|8|1159|sample|3|292|3|292|22.0,0.02656,133282,3,3,132841.25,654.75,0,0,1,65910.9,65144.5,111794,110927,0.484834,0.508339
8|1159|8|1159|sample|3|292|3|292|22.0,0.1328,105629,4,3,132841.25,654.75,0,0,1,65910.9,65144.5,64712.5,64791.8,1.5949,1.58986
8|1159|8|1159|sample|3|292|3|292|22.0,0.664,36126,5,3,132841.25,654.75,0,0,1,65910.9,65144.5,18100.5,19014.5,2.51201,2.27
8|1159|8|1159|sample|3|292|3|292|22.0,3.32,2310,6,3,132841.25,654.75,0,0,1,65910.9,65144.5,3771.8,4145.3,-0.9776,-1.11679
8|1159|8|1159|sample|3|292|3|292|22.0,16.6,688,7,3,132841.25,654.75,0,0,1,63949.9,61378.2,1087.96,1176.56,-0.927313,-1.04743
8|1159|8|1159|sample|3|292|3|292|22.0,83,592,8,3,132841.25,654.75,0,0,1,57396.6,48791.4,547.701,561.296,0.20402,0.137984
8|1159|8|1159|cc|1|1|292|1|292|69.0,0,640,1,1,132841.25,654.75,0,1,0,nan,nan,480.271,478.574,0.838916,0.850837
8|1159|8|1159|cc|2|1|292|1|292|69.0,0,616,2,1,132841.25,654.75,0,1,0,nan,nan,480.271,478.574,0.712865,0.724339
8|1159|8|1159|cc|3|1|292|1|292|69.0,0,690,3,1,132841.25,654.75,0,1,0,nan,nan,480.271,478.574,1.10152,1.11438
8|1159|8|1159|cc|4|1|292|1|292|69.0,0,614,4,1,132841.25,654.75,0,1,0,nan,nan,480.271,478.574,0.702361,0.713797
8|1159|8|1159|cc|5|1|292|1|292|69.0,0,622,5,1,132841.25,654.75,0,1,0,nan,nan,480.271,478.574,0.744378,0.755964
8|1159|8|1159|cc|6|1|292|1|292|69.0,0,654,6,1,132841.25,654.75,0,1,0,nan,nan,480.271,478.574,0.912446,0.924628
8|1159|8|1159|cc|7|1|292|1|292|69.0,0,732,7,1,132841.25,654.75,0,1,0,nan,nan,480.271,478.574,1.32211,1.33575
8|1159|8|1159|cc|8|1|292|1|292|69.0,0,670,8,1,132841.25,654.75,0,1,0,nan,nan,480.271,478.574,0.996481,1.00896
8|1159|8|1159|vc|1|2|292|2|292|69.0,0,114165,1,2,132841.25,654.75,1,0,0,nan,nan,97441.5,97097.2,0.432917,0.443398
8|1159|8|1159|vc|2|2|292|2|292|69.0,0,136148,2,2,132841.25,654.75,1,0,0,nan,nan,122241,122146,0.286961,0.289167
8|1159|8|1159|vc|3|2|292|2|292|69.0,0,149475,3,2,132841.25,654.75,1,0,0,nan,nan,122241,122146,0.561963,0.564385
8|1159|8|1159|vc|4|2|292|2|292|69.0,0,146290,4,2,132841.25,654.75,1,0,0,nan,nan,122241,122146,0.496241,0.498611
8|1159|8|1159|vc|5|2|292|2|292|69.0,0,136813,5,2,132841.25,654.75,1,0,0,nan,nan,122241,122146,0.300683,0.3029
8|1159|8|1159|vc|6|2|292|2|292|69.0,0,141806,6,2,132841.25,654.75,1,0,0,nan,nan,122241,122146,0.403714,0.406011
8|1159|8|1159|vc|7|2|292|2|292|69.0,0,125865,7,2,132841.25,654.75,1,0,0,nan,nan,122241,122146,0.0747716,0.0768106
8|1159|8|1159|vc|8|2|292|2|292|69.0,0,112168,8,2,132841.25,654.75,1,0,0,nan,nan,97441.5,97097.2,0.381221,0.391519
8|75|8|75|sample|6|65|6|65|55.0,0.0006144,8692,1,6,11543.75,523.5,0,0,1,5188.49,5188.31,9914.05,9885.36,-0.310928,-0.304509
8|75|8|75|sample|6|65|6|65|55.0,0.003072,13380,2,6,11543.75,523.5,0,0,1,5780.89,5780.69,10920.3,10830.2,0.56817,0.59388
8|75|8|75|sample|6|65|6|65|55.0,0.01536,8136,3,6,11543.75,523.5,0,0,1,5958.16,5957.95,10539.5,10289.3,-0.57524,-0.52789
8|75|8|75|sample|6|65|6|65|55.0,0.0768,3106,4,6,11543.75,523.5,0,0,1,6011.2,6010.99,7643.19,7470.57,-1.49739,-1.4737
8|75|8|75|sample|6|65|6|65|55.0,0.384,1780,5,6,11543.75,523.5,0,0,1,6011.2,6010.99,3005.93,3292.75,-1.02875,-1.15886
8|75|8|75|sample|6|65|6|65|55.0,1.92,1208,6,6,11543.75,523.5,0,0,1,5958.16,5957.95,998.839,1191.75,0.528213,0.0343965
8|75|8|75|sample|6|65|6|65|55.0,9.6,856,7,6,11543.75,523.5,0,0,1,5780.89,5780.69,578.617,636.506,1.20924,0.869845
8|75|8|75|sample|6|65|6|65|55.0,48,602,8,6,11543.75,523.5,0,0,1,5188.49,5188.31,461.562,474.142,0.7675,0.680205
8|75|8|75|sample|5|65|5|65|55.0,0.0006144,9826,1,5,11543.75,523.5,0,0,1,5188.49,5188.31,9922.35,9884.31,-0.0244946,-0.0148809
8|75|8|75|sample|5|65|5|65|55.0,0.003072,10274,2,5,11543.75,523.5,0,0,1,5780.89,5780.69,10963.3,10826.2,-0.158605,-0.128653
8|75|8|75|sample|5|65|5|65|55.0,0.01536,8880,3,5,11543.75,523.5,0,0,1,5958.16,5957.95,10691.6,10279.2,-0.4274,-0.343358
8|75|8|75|sample|5|65|5|65|55.0,0.0768,3258,4,5,11543.75,523.5,0,0,1,6011.2,6010.99,7773.1,7464.12,-1.4652,-1.42143
8|75|8|75|sample|5|65|5|65|55.0,0.384,1754,5,5,11543.75,523.5,0,0,1,6011.2,6010.99,2810.01,3303.2,-0.947945,-1.18303
8|75|8|75|sample|5|65|5|65|55.0,1.92,1028,6,5,11543.75,523.5,0,0,1,5958.16,5957.95,891.519,1199.77,0.386158,-0.361139
8|75|8|75|sample|5|65|5|65|55.0,9.6,926,7,5,11543.75,523.5,0,0,1,5780.89,5780.69,552.383,639.22,1.70612,1.13168
8|75|8|75|sample|5|65|5|65|55.0,48,608,8,5,11543.75,523.5,0,0,1,5188.49,5188.31,456.738,474.814,0.835382,0.707547
8|75|8|75|sample|3|65|3|65|55.0,0.000064,9174,1,3,11543.75,523.5,0,0,1,5188.49,5188.31,9934.43,9925.87,-0.19308,-0.191071
8|75|8|75|sample|3|65|3|65|55.0,0.00032,13782,2,3,11543.75,523.5,0,0,1,5780.89,5780.69,11061.9,11054.9,0.620275,0.62225
8|75|8|75|sample|3|65|3|65|55.0,0.0016,12730,3,3,11543.75,523.5,0,0,1,5958.16,5957.95,11399.4,11359.9,0.294427,0.304238
8|75|8|75|sample|3|65|3|65|55.0,0.008,12668,4,3,11543.75,523.5,0,0,1,5958.16,5957.95,11396.3,11101.6,0.281485,0.35592
8|75|8|75|sample|3|65|3|65|55.0,0.04,5898,5,3,11543.75,523.5,0,0,1,5958.16,5957.95,11065.9,9443.71,-1.17802,-0.947072
8|75|8|75|sample|3|65|3|65|55.0,0.2,1670,6,3,11543.75,523.5,0,0,1,5958.16,5957.95,2986.56,4536.08,-1.11197,-1.59379
8|75|8|75|sample|3|65|3|65|55.0,1,916,7,3,11543.75,523.5,0,0,1,5780.89,5780.69,530.373,1239.31,1.83404,-0.658047
8|75|8|75|sample|3|65|3|65|55.0,5,826,8,3,11543.75,523.5,0,0,1,5188.49,5188.31,450.789,540.626,2.09954,1.3315
8|75|8|75|sample|4|65|4|65|55.0,0.000064,9994,1,4,11543.75,523.5,0,0,1,5188.49,5188.31,9934.43,9926.38,0.0151265,0.0171833
8|75|8|75|sample|4|65|4|65|55.0,0.00032,12470,2,4,11543.75,523.5,0,0,1,5780.89,5780.69,11061.9,11059.1,0.3211,0.32181
8|75|8|75|sample|4|65|4|65|55.0,0.0016,13558,3,4,11543.75,523.5,0,0,1,5958.16,5957.95,11399.2,11389.5,0.477717,0.480271
8|75|8|75|sample|4|65|4|65|55.0,0.008,12398,4,4,11543.75,523.5,0,0,1,6011.2,6010.99,11486.5,11376.6,0.200155,0.226473
8|75|8|75|sample|4|65|4|65|55.0,0.04,5708,5,4,11543.75,523.5,0,0,1,6011.2,6010.99,10888.6,10074,-1.20014,-1.09322
8|75|8|75|sample|4|65|4|65|55.0,0.2,2180,6,4,11543.75,523.5,0,0,1,5958.16,5957.95,3434.79,4200.34,-0.921495,-1.21329
8|75|8|75|sample|4|65|4|65|55.0,1,968,7,4,11543.75,523.5,0,0,1,5780.89,5780.69,584.678,898.823,1.65375,0.194137
8|75|8|75|sample|4|65|4|65|55.0,5,668,8,4,11543.75,523.5,0,0,1,5188.49,5188.31,452.173,478.407,1.20399,0.999647
8|75|8|75|sample|9|65|9|65|32.0,0.0003648,9810,1,9,11543.75,523.5,0,0,1,5188.49,7807.14,9934.43,9925.19,-0.0315929,-0.0292758
8|75|8|75|sample|9|65|9|65|32.0,0.001824,14515,2,9,11543.75,523.5,0,0,1,5780.89,8698.53,11061.8,11047.1,0.787428,0.79185
8|75|8|75|sample|9|65|9|65|32.0,0.00912,14010,3,9,11543.75,523.5,0,0,1,5958.16,8965.26,11397.1,11280.3,0.578302,0.610401
8|75|8|75|sample|9|65|9|65|32.0,0.0456,15117,4,9,11543.75,523.5,0,0,1,6011.2,9045.08,11272.4,10578.2,0.860316,1.08232
8|75|8|75|sample|9|65|9|65|32.0,0.228,12188,5,9,11543.75,523.5,0,0,1,6011.2,9045.08,7428.68,8153.49,1.61605,1.24816
8|75|8|75|sample|9|65|9|65|32.0,1.14,6778,6,9,11543.75,523.5,0,0,1,5958.16,8965.26,6541.93,6765.47,0.0910223,0.00467102
8|75|8|75|sample|9|65|9|65|32.0,5.7,3686,7,9,11543.75,523.5,0,0,1,5780.89,8698.53,6338.55,6362.88,-1.05559,-1.0612
8|75|8|75|sample|9|65|9|65|32.0,28.5,1722,8,9,11543.75,523.5,0,0,1,5188.49,7807.14,5692.43,5690.34,-1.75939,-1.75911
8|75|8|75|sample|10|65|10|65|32.0,0.0003648,9492,1,10,11543.75,523.5,0,0,1,5188.49,7807.14,9934.43,9925.03,-0.112336,-0.110055
8|75|8|75|sample|10|65|10|65|32.0,0.001824,15953,2,10,11543.75,523.5,0,0,1,5780.89,8698.53,11061.9,11045.9,1.11533,1.12059
8|75|8|75|sample|10|65|10|65|32.0,0.00912,16247,3,10,11543.75,523.5,0,0,1,5958.16,8965.26,11398.1,11273.6,1.07307,1.11278
8|75|8|75|sample|10|65|10|65|32.0,0.0456,12740,4,10,11543.75,523.5,0,0,1,5958.16,8965.26,11218.1,10468.2,0.342196,0.547425
8|75|8|75|sample|10|65|10|65|32.0,0.228,11350,5,10,11543.75,523.5,0,0,1,5958.16,8965.26,7283.54,8093.78,1.4083,1.01481
8|75|8|75|sample|10|65|10|65|32.0,1.14,6674,6,10,11543.75,523.5,0,0,1,5958.16,8965.26,6538.16,6775.79,0.0524066,-0.0378923
8|75|8|75|sample|10|65|10|65|32.0,5.7,4010,7,10,11543.75,523.5,0,0,1,5780.89,8698.53,6338.49,6364.98,-0.926641,-0.933281
8|75|8|75|sample|10|65|10|65|32.0,28.5,1556,8,10,11543.75,523.5,0,0,1,5188.49,7807.14,5692.43,5690.64,-1.83295,-1.83273
8|75|8|75|sample|7|65|7|65|32.0,0.0000768,10480,1,7,11543.75,523.5,0,0,1,5188.49,7807.14,9934.43,9926.25,0.138527,0.140717
8|75|8|75|sample|7|65|7|65|32.0,0.000384,13258,2,7,11543.75,523.5,0,0,1,5780.89,8698.53,11061.9,11058.1,0.500786,0.501823
8|75|8|75|sample|7|65|7|65|32.0,0.00192,16339,3,7,11543.75,523.5,0,0,1,5958.16,8965.26,11399.4,11383.2,1.09302,1.09816
8|75|8|75|sample|7|65|7|65|32.0,0.0096,16439,4,7,11543.75,523.5,0,0,1,6011.2,9045.08,11498.6,11363.3,1.08377,1.12671
8|75|8|75|sample|7|65|7|65|32.0,0.048,14116,5,7,11543.75,523.5,0,0,1,6011.2,9045.08,11270.9,10503,0.636732,0.8677
8|75|8|75|sample|7|65|7|65|32.0,0.24,12342,6,7,11543.75,523.5,0,0,1,5958.16,8965.26,7216.18,8023.86,1.79176,1.35749
8|75|8|75|sample|7|65|7|65|32.0,1.2,5688,7,7,11543.75,523.5,0,0,1,5780.89,8698.53,6344.64,6561.39,-0.261062,-0.335765
8|75|8|75|sample|7|65|7|65|32.0,6,2598,8,7,11543.75,523.5,0,0,1,5188.49,7807.14,5692.47,5711.51,-1.37122,-1.37506
8|75|8|75|sample|8|65|8|65|32.0,0.0000768,10458,1,8,11543.75,523.5,0,0,1,5188.49,7807.14,9934.43,9926.35,0.132941,0.135102
8|75|8|75|sample|8|65|8|65|32.0,0.000384,12990,2,8,11543.75,523.5,0,0,1,5780.89,8698.53,11061.9,11058.8,0.439674,0.440483
8|75|8|75|sample|8|65|8|65|32.0,0.00192,16171,3,8,11543.75,523.5,0,0,1,5958.16,8965.26,11399.5,11388.7,1.05584,1.05922
8|75|8|75|sample|8|65|8|65|32.0,0.0096,15275,4,8,11543.75,523.5,0,0,1,6011.2,9045.08,11499.4,11394.6,0.828182,0.859006
8|75|8|75|sample|8|65|8|65|32.0,0.048,14237,5,8,11543.75,523.5,0,0,1,6011.2,9045.08,11314.2,10581.9,0.651625,0.871278
8|75|8|75|sample|8|65|8|65|32.0,0.24,10710,6,8,11543.75,523.5,0,0,1,5958.16,8965.26,7142.74,7961.4,1.25978,0.870852
8|75|8|75|sample|8|65|8|65|32.0,1.2,6990,7,8,11543.75,523.5,0,0,1,5780.89,8698.53,6342.28,6518.05,0.25761,0.182643
8|75|8|75|sample|8|65|8|65|32.0,6,2192,8,8,11543.75,523.5,0,0,1,5188.49,7807.14,5692.45,5703.93,-1.55113,-1.55308
8|75|8|75|sample|12|65|12|65|22.0,0.0003712,10454,1,12,11543.75,523.5,0,0,1,5188.49,5196.92,9934.43,9926.43,0.131925,0.134064
8|75|8|75|sample|12|65|12|65|22.0,0.001856,10998,2,12,11543.75,523.5,0,0,1,5188.49,5196.92,9934.42,9926.43,0.270053,0.272302
8|75|8|75|sample|12|65|12|65|22.0,0.00928,9204,3,12,11543.75,523.5,0,0,1,5188.49,5196.92,9933.76,9926,-0.185306,-0.183478
8|75|8|75|sample|12|65|12|65|22.0,0.0464,4926,4,12,11543.75,523.5,0,0,1,5188.49,5196.92,9717.68,9743.58,-1.24379,-1.24719
8|75|8|75|sample|12|65|12|65|22.0,0.2319999999999999,1482,5,12,11543.75,523.5,0,0,1,5188.49,5196.92,1539.67,1463.05,-0.0944859,0.0326704
8|75|8|75|sample|12|65|12|65|22.0,1.16,542,6,12,11543.75,523.5,0,0,1,5188.49,5196.92,471.403,469.991,0.377763,0.386476
8|75|8|75|sample|12|65|12|65|22.0,5.8,592,7,12,11543.75,523.5,0,0,1,5188.49,5196.92,467.798,467.417,0.669717,0.672322
8|75|8|75|sample|12|65|12|65|22.0,29,536,8,12,11543.75,523.5,0,0,1,5188.49,5196.92,467.788,467.411,0.367822,0.370151
8|75|8|75|sample|11|65|11|65|22.0,0.0003712,11442,1,11,11543.75,523.5,0,0,1,5188.49,5196.92,9934.42,9926.43,0.382789,0.385129
8|75|8|75|sample|11|65|11|65|22.0,0.001856,13046,2,11,11543.75,523.5,0,0,1,5780.89,5790.29,11061.7,11059.7,0.452492,0.453038
8|75|8|75|sample|11|65|11|65|22.0,0.00928,11394,3,11,11543.75,523.5,0,0,1,5780.89,5790.29,11050.5,11050,0.0784031,0.078523
8|75|8|75|sample|11|65|11|65|22.0,0.0464,7362,4,11,11543.75,523.5,0,0,1,5780.89,5790.29,10386.5,10422.4,-0.734526,-0.740687
8|75|8|75|sample|11|65|11|65|22.0,0.2319999999999999,2518,5,11,11543.75,523.5,0,0,1,5780.89,5790.29,2490.89,2451.1,0.0274513,0.0688444
8|75|8|75|sample|11|65|11|65|22.0,1.16,618,6,11,11543.75,523.5,0,0,1,5780.89,5790.29,558.861,554.778,0.266929,0.287455
8|75|8|75|sample|11|65|11|65|22.0,5.8,582,7,11,11543.75,523.5,0,0,1,5780.89,5790.29,521.476,521.271,0.292764,0.29387
8|75|8|75|sample|11|65|11|65|22.0,29,612,8,11,11543.75,523.5,0,0,1,5188.49,5196.92,467.796,467.417,0.777577,0.780251
8|75|8|75|cc|1|1|65|1|65|69.0,0,476,1,1,11543.75,523.5,0,1,0,nan,nan,450.518,450.156,0.142671,0.144818
8|75|8|75|cc|2|1|65|1|65|69.0,0,506,2,1,11543.75,523.5,0,1,0,nan,nan,450.518,450.156,0.310641,0.312924
8|75|8|75|cc|3|1|65|1|65|69.0,0,530,3,1,11543.75,523.5,0,1,0,nan,nan,450.518,450.156,0.445017,0.447408
8|75|8|75|cc|4|1|65|1|65|69.0,0,516,4,1,11543.75,523.5,0,1,0,nan,nan,450.518,450.156,0.366631,0.368959
8|75|8|75|cc|5|1|65|1|65|69.0,0,544,5,1,11543.75,523.5,0,1,0,nan,nan,450.518,450.156,0.523403,0.525857
8|75|8|75|cc|6|1|65|1|65|69.0,0,508,6,1,11543.75,523.5,0,1,0,nan,nan,450.518,450.156,0.321839,0.324131
8|75|8|75|cc|7|1|65|1|65|69.0,0,588,7,1,11543.75,523.5,0,1,0,nan,nan,450.518,450.156,0.769759,0.772411
8|75|8|75|cc|8|1|65|1|65|69.0,0,520,8,1,11543.75,523.5,0,1,0,nan,nan,450.518,450.156,0.389027,0.391373
8|75|8|75|vc|1|2|65|2|65|69.0,0,10294,1,2,11543.75,523.5,1,0,0,nan,nan,9934.43,9926.43,0.0912995,0.0934053
8|75|8|75|vc|2|2|65|2|65|69.0,0,11198,2,2,11543.75,523.5,1,0,0,nan,nan,11061.9,11059.8,0.0310423,0.0315198
8|75|8|75|vc|3|2|65|2|65|69.0,0,11944,3,2,11543.75,523.5,1,0,0,nan,nan,11061.9,11059.8,0.201154,0.201663
8|75|8|75|vc|4|2|65|2|65|69.0,0,13524,4,2,11543.75,523.5,1,0,0,nan,nan,11061.9,11059.8,0.561443,0.562019
8|75|8|75|vc|5|2|65|2|65|69.0,0,13024,5,2,11543.75,523.5,1,0,0,nan,nan,11061.9,11059.8,0.447427,0.447983
8|75|8|75|vc|6|2|65|2|65|69.0,0,11948,6,2,11543.75,523.5,1,0,0,nan,nan,11061.9,11059.8,0.202066,0.202575
8|75|8|75|vc|7|2|65|2|65|69.0,0,11746,7,2,11543.75,523.5,1,0,0,nan,nan,11061.9,11059.8,0.156003,0.156504
8|75|8|75|vc|8|2|65|2|65|69.0,0,8672,8,2,11543.75,523.5,1,0,0,nan,nan,9934.43,9926.43,-0.320543,-0.318769
8|1017|8|1017|sample|7|65|7|65|65.0,0.0016767999999999,10494,1,7,12137,553,0,0,1,5456.24,5457.72,10445,10436.6,0.0118407,0.0138825
8|1017|8|1017|sample|7|65|7|65|65.0,0.0083839999999999,10606,2,7,12137,553,0,0,1,6079.22,6080.87,11630.4,11628.2,-0.222167,-0.221737
8|1017|8|1017|sample|7|65|7|65|65.0,0.04192,5238,3,7,12137,553,0,0,1,6265.63,6267.33,11970.9,11972.5,-1.41872,-1.41887
8|1017|8|1017|sample|7|65|7|65|65.0,0.2096,1052,4,7,12137,553,0,0,1,6321.41,6323.13,1254.89,1223.5,-0.407832,-0.353575
8|1017|8|1017|sample|7|65|7|65|65.0,1.048,592,5,7,12137,553,0,0,1,6321.41,6323.13,554.878,554.858,0.168753,0.16885
8|1017|8|1017|sample|7|65|7|65|65.0,5.24,558,6,7,12137,553,0,0,1,6265.63,6267.33,549.941,549.916,0.036965,0.0370821
8|1017|8|1017|sample|7|65|7|65|65.0,26.2,594,7,7,12137,553,0,0,1,6079.22,6080.87,533.655,533.555,0.285237,0.285762
8|1017|8|1017|sample|7|65|7|65|65.0,131,636,8,7,12137,553,0,0,1,5456.24,5457.72,479.264,478.878,0.824931,0.827628
8|1017|8|1017|sample|8|65|8|65|65.0,0.0016767999999999,10766,1,8,12137,553,0,0,1,5456.24,5457.72,10445,10436.6,0.0775284,0.0796231
8|1017|8|1017|sample|8|65|8|65|65.0,0.0083839999999999,11542,2,8,12137,553,0,0,1,6079.22,6080.87,11630.3,11628.2,-0.019158,-0.018693
8|1017|8|1017|sample|8|65|8|65|65.0,0.04192,5274,3,8,12137,553,0,0,1,6265.63,6267.33,11937.2,11955.3,-1.408,-1.40969
8|1017|8|1017|sample|8|65|8|65|65.0,0.2096,1390,4,8,12137,553,0,0,1,6321.41,6323.13,1660.74,1488.27,-0.411216,-0.166554
8|1017|8|1017|sample|8|65|8|65|65.0,1.048,624,5,8,12137,553,0,0,1,6321.41,6323.13,555.366,555.042,0.311734,0.313385
8|1017|8|1017|sample|8|65|8|65|65.0,131,552,8,8,12137,553,0,0,1,5456.24,5457.72,479.264,478.878,0.382824,0.385165
8|1017|8|1017|sample|5|65|5|65|65.0,0.0004351999999999,10556,1,5,12137,553,0,0,1,5456.24,5457.72,10445,10436.6,0.0268136,0.0288675
8|1017|8|1017|sample|5|65|5|65|65.0,0.0021759999999999,10084,2,5,12137,553,0,0,1,6079.22,6080.87,11630.4,11628.2,-0.335381,-0.334971
8|1017|8|1017|sample|5|65|5|65|65.0,0.0108799999999999,10022,3,5,12137,553,0,0,1,6265.63,6267.33,11984.3,11983.7,-0.413026,-0.412915
8|1017|8|1017|sample|5|65|5|65|65.0,0.0543999999999999,5610,4,5,12137,553,0,0,1,6321.41,6323.13,11685.2,11676.1,-1.31144,-1.3105
8|1017|8|1017|sample|5|65|5|65|65.0,0.2719999999999999,1302,5,5,12137,553,0,0,1,6321.41,6323.13,1253.89,1276.36,0.0967902,0.0506706
8|1017|8|1017|sample|5|65|5|65|65.0,1.36,572,6,5,12137,553,0,0,1,6265.63,6267.33,551.678,551.816,0.0929202,0.0922641
8|1017|8|1017|sample|5|65|5|65|65.0,6.8,578,7,5,12137,553,0,0,1,6079.22,6080.87,533.659,533.559,0.209589,0.210097
8|1017|8|1017|sample|5|65|5|65|65.0,34,612,8,5,12137,553,0,0,1,5456.24,5457.72,479.264,478.878,0.698615,0.70121
8|1017|8|1017|sample|6|65|6|65|65.0,0.0004351999999999,9474,1,6,12137,553,0,0,1,5456.24,5457.72,10445,10436.6,-0.234488,-0.232645
8|1017|8|1017|sample|6|65|6|65|65.0,0.0021759999999999,13580,2,6,12137,553,0,0,1,6079.22,6080.87,11630.4,11628.2,0.42285,0.4234
8|1017|8|1017|sample|6|65|6|65|65.0,0.0108799999999999,10900,3,6,12137,553,0,0,1,6265.63,6267.33,11984.6,11984.4,-0.228283,-0.228233
8|1017|8|1017|sample|6|65|6|65|65.0,0.0543999999999999,5064,4,6,12137,553,0,0,1,6321.41,6323.13,11733.2,11796.6,-1.43377,-1.43962
8|1017|8|1017|sample|6|65|6|65|65.0,0.2719999999999999,1104,5,6,12137,553,0,0,1,6321.41,6323.13,1186.53,1102.89,-0.175456,0.00253541
8|1017|8|1017|sample|6|65|6|65|65.0,1.36,532,6,6,12137,553,0,0,1,6265.63,6267.33,551.171,550.662,-0.0877375,-0.0854856
8|1017|8|1017|sample|6|65|6|65|65.0,6.8,556,7,6,12137,553,0,0,1,6079.22,6080.87,533.657,533.556,0.10561,0.106108
8|1017|8|1017|sample|6|65|6|65|65.0,34,534,8,6,12137,553,0,0,1,5456.24,5457.72,479.264,478.878,0.288087,0.290351
8|1017|8|1017|sample|12|65|12|65|28.0,0.0014272,9766,1,12,12137,553,0,0,1,5456.24,5456.19,10445,10436.6,-0.163971,-0.16207
8|1017|8|1017|sample|12|65|12|65|28.0,0.007136,11476,2,12,12137,553,0,0,1,5456.24,5456.19,10444.8,10436.5,0.249031,0.251239
8|1017|8|1017|sample|12|65|12|65|28.0,0.03568,7314,3,12,12137,553,0,0,1,5456.24,5456.19,10377.2,10394.9,-0.744593,-0.74761
8|1017|8|1017|sample|12|65|12|65|28.0,0.1784,2258,4,12,12137,553,0,0,1,5456.24,5456.19,2826.42,2643.5,-0.507286,-0.367844
8|1017|8|1017|sample|12|65|12|65|28.0,0.892,702,5,12,12137,553,0,0,1,5456.24,5456.19,482.693,479.061,1.14605,1.17386
8|1017|8|1017|sample|12|65|12|65|28.0,4.46,612,6,12,12137,553,0,0,1,5456.24,5456.19,476.219,475.826,0.719208,0.721888
8|1017|8|1017|sample|12|65|12|65|28.0,22.3,526,7,12,12137,553,0,0,1,5456.24,5456.19,476.205,475.822,0.263761,0.266006
8|1017|8|1017|sample|12|65|12|65|28.0,111.5,626,8,12,12137,553,0,0,1,5456.24,5456.19,476.205,475.822,0.793459,0.796131
8|1017|8|1017|sample|11|65|11|65|28.0,0.0014272,11078,1,11,12137,553,0,0,1,5456.24,5456.19,10445,10436.5,0.152876,0.155036
8|1017|8|1017|sample|11|65|11|65|28.0,0.007136,12576,2,11,12137,553,0,0,1,6079.22,6079.16,11629.9,11625.9,0.205196,0.206149
8|1017|8|1017|sample|11|65|11|65|28.0,0.03568,8090,3,11,12137,553,0,0,1,6079.22,6079.16,11514.1,11384.1,-0.750127,-0.72989
8|1017|8|1017|sample|11|65|11|65|28.0,0.1784,3278,4,11,12137,553,0,0,1,6079.22,6079.16,3358.7,3766.81,-0.0606047,-0.327333
8|1017|8|1017|sample|11|65|11|65|28.0,0.892,676,5,11,12137,553,0,0,1,6079.22,6079.16,543.975,572.3,0.612211,0.457064
8|1017|8|1017|sample|11|65|11|65|28.0,22.3,524,7,11,12137,553,0,0,1,6079.22,6079.16,530.249,530.154,-0.0297285,-0.0292786
8|1017|8|1017|sample|11|65|11|65|28.0,111.5,578,8,11,12137,553,0,0,1,5456.24,5456.19,476.205,475.822,0.539204,0.541671
8|1017|8|1017|sample|8|65|8|65|28.0,4.46,582,6,8,12137,553,0,0,1,6265.63,6265.58,546.451,569.725,0.164098,0.0543462
8|1017|8|1017|sample|10|65|10|65|28.0,0.0004479999999999,10692,1,10,12137,553,0,0,1,5456.24,5456.19,10445,10436.5,0.0596612,0.0617415
8|1017|8|1017|sample|10|65|10|65|28.0,0.00224,12886,2,10,12137,553,0,0,1,6079.22,6079.16,11629.6,11627.4,0.27251,0.273031
8|1017|8|1017|sample|10|65|10|65|28.0,0.0111999999999999,12124,3,10,12137,553,0,0,1,6265.63,6265.58,11951.1,11950.8,0.0364934,0.0365575
8|1017|8|1017|sample|10|65|10|65|28.0,0.0559999999999999,7640,4,10,12137,553,0,0,1,6265.63,6265.58,10633.8,10640.4,-0.710159,-0.711277
8|1017|8|1017|sample|10|65|10|65|28.0,0.2799999999999999,2316,5,10,12137,553,0,0,1,6265.63,6265.58,2183.67,2189.99,0.152863,0.145137
8|1017|8|1017|sample|10|65|10|65|28.0,1.4,630,6,10,12137,553,0,0,1,6265.63,6265.58,589.033,589.143,0.175434,0.174931
8|1017|8|1017|sample|10|65|10|65|28.0,7,578,7,10,12137,553,0,0,1,6079.22,6079.16,531.178,531.08,0.222349,0.222854
8|1017|8|1017|sample|10|65|10|65|28.0,35,576,8,10,12137,553,0,0,1,5456.24,5456.19,476.224,475.841,0.528491,0.530949
8|1017|8|1017|sample|9|65|9|65|28.0,0.0004479999999999,10986,1,9,12137,553,0,0,1,5456.24,5456.19,10445,10436.6,0.130659,0.132797
8|1017|8|1017|sample|9|65|9|65|28.0,0.00224,12902,2,9,12137,553,0,0,1,6079.22,6079.16,11630.1,11627.9,0.275852,0.276394
8|1017|8|1017|sample|9|65|9|65|28.0,0.0111999999999999,13070,3,9,12137,553,0,0,1,6265.63,6265.58,11969.3,11965.4,0.231972,0.232858
8|1017|8|1017|sample|9|65|9|65|28.0,0.0559999999999999,8680,4,9,12137,553,0,0,1,6321.41,6321.36,11013.8,10952.4,-0.534501,-0.523361
8|1017|8|1017|sample|9|65|9|65|28.0,0.2799999999999999,2074,5,9,12137,553,0,0,1,6321.41,6321.36,1898.65,1978.24,0.23296,0.122105
8|1017|8|1017|sample|9|65|9|65|28.0,1.4,634,6,9,12137,553,0,0,1,6265.63,6265.58,566.984,571.29,0.298145,0.276885
8|1017|8|1017|sample|9|65|9|65|28.0,7,576,7,9,12137,553,0,0,1,6079.22,6079.16,530.521,530.524,0.216237,0.216223
8|1017|8|1017|sample|9|65|9|65|28.0,35,628,8,9,12137,553,0,0,1,5456.24,5456.19,476.209,475.827,0.80403,0.806697
8|1017|8|1017|sample|4|65|4|65|22.0,0.0010624,9714,1,4,12137,553,0,0,1,5456.24,5464.67,10445,10436.5,-0.176529,-0.174635
8|1017|8|1017|sample|4|65|4|65|22.0,0.005312,11992,2,4,12137,553,0,0,1,6079.22,6088.61,11630.3,11626.6,0.0784414,0.0792755
8|1017|8|1017|sample|4|65|4|65|22.0,0.02656,9882,3,4,12137,553,0,0,1,6265.63,6275.31,11967.7,11848.2,-0.439609,-0.418596
8|1017|8|1017|sample|4|65|4|65|22.0,0.1328,3414,4,4,12137,553,0,0,1,6321.41,6331.18,6190.38,6252.8,-1.13132,-1.1452
8|1017|8|1017|sample|4|65|4|65|22.0,0.664,734,5,4,12137,553,0,0,1,6321.41,6331.18,587.003,701.473,0.63167,0.116964
8|1017|8|1017|sample|4|65|4|65|22.0,3.32,542,6,4,12137,553,0,0,1,6265.63,6275.31,565.927,567.419,-0.106647,-0.113
8|1017|8|1017|sample|4|65|4|65|22.0,16.6,564,7,4,12137,553,0,0,1,6079.22,6088.61,549.145,549.059,0.0682373,0.0686387
8|1017|8|1017|sample|4|65|4|65|22.0,83,516,8,4,12137,553,0,0,1,5456.24,5464.67,493.175,492.778,0.116744,0.118869
8|1017|8|1017|sample|3|65|3|65|22.0,0.0010624,10506,1,3,12137,553,0,0,1,5456.24,5464.67,10445,10436.5,0.0147387,0.016788
8|1017|8|1017|sample|3|65|3|65|22.0,0.005312,11892,2,3,12137,553,0,0,1,6079.22,6088.61,11630.3,11626.3,0.0567502,0.0576423
8|1017|8|1017|sample|3|65|3|65|22.0,0.02656,7480,3,3,12137,553,0,0,1,6265.63,6275.31,11972.5,11836.7,-0.946506,-0.928434
8|1017|8|1017|sample|3|65|3|65|22.0,0.1328,2832,4,3,12137,553,0,0,1,6265.63,6275.31,6129.18,6199.06,-1.35695,-1.37008
8|1017|8|1017|sample|3|65|3|65|22.0,0.664,740,5,3,12137,553,0,0,1,6265.63,6275.31,577.487,706.292,0.709852,0.120385
8|1017|8|1017|sample|3|65|3|65|22.0,3.32,556,6,3,12137,553,0,0,1,6265.63,6275.31,565.916,567.695,-0.0441984,-0.0519655
8|1017|8|1017|sample|3|65|3|65|22.0,83,548,8,3,12137,553,0,0,1,5456.24,5464.67,493.175,492.778,0.280415,0.282672
8|1017|8|1017|sample|3|65|3|65|65.0,26.2,600,7,3,12137,553,0,0,1,6079.22,6080.87,533.655,554.04,0.313598,0.209249
8|1017|8|1017|sample|11|65|11|65|65.0,5.24,582,6,11,12137,553,0,0,1,6079.22,6080.87,533.68,558.241,0.228388,0.107356
8|1017|8|1017|sample|8|65|8|65|22.0,16.6,600,7,8,12137,553,0,0,1,6079.22,6088.61,549.145,567.059,0.233597,0.14653
8|1017|8|1017|cc|1|1|65|1|65|69.0,0,614,1,1,12137,553,0,1,0,nan,nan,475.906,475.523,0.731943,0.734565
8|1017|8|1017|cc|2|1|65|1|65|69.0,0,574,2,1,12137,553,0,1,0,nan,nan,475.906,475.523,0.51993,0.522381
8|1017|8|1017|cc|3|1|65|1|65|69.0,0,530,3,1,12137,553,0,1,0,nan,nan,475.906,475.523,0.286716,0.28898
8|1017|8|1017|cc|4|1|65|1|65|69.0,0,626,4,1,12137,553,0,1,0,nan,nan,475.906,475.523,0.795546,0.79822
8|1017|8|1017|cc|5|1|65|1|65|69.0,0,490,5,1,12137,553,0,1,0,nan,nan,475.906,475.523,0.0747038,0.0767962
8|1017|8|1017|cc|6|1|65|1|65|69.0,0,480,6,1,12137,553,0,1,0,nan,nan,475.906,475.523,0.0217006,0.0237504
8|1017|8|1017|cc|7|1|65|1|65|69.0,0,564,7,1,12137,553,0,1,0,nan,nan,475.906,475.523,0.466927,0.469335
8|1017|8|1017|cc|8|1|65|1|65|69.0,0,546,8,1,12137,553,0,1,0,nan,nan,475.906,475.523,0.371521,0.373853
8|1017|8|1017|vc|1|2|65|2|65|69.0,0,12754,1,2,12137,553,1,0,0,nan,nan,10445,10436.6,0.557628,0.56011
8|1017|8|1017|vc|2|2|65|2|65|69.0,0,10974,2,2,12137,553,1,0,0,nan,nan,11630.4,11628.2,-0.142353,-0.141908
8|1017|8|1017|vc|3|2|65|2|65|69.0,0,11326,3,2,12137,553,1,0,0,nan,nan,11630.4,11628.2,-0.0660097,-0.0655503
8|1017|8|1017|vc|4|2|65|2|65|69.0,0,14058,4,2,12137,553,1,0,0,nan,nan,11630.4,11628.2,0.52652,0.52709
8|1017|8|1017|vc|5|2|65|2|65|69.0,0,13090,5,2,12137,553,1,0,0,nan,nan,11630.4,11628.2,0.316576,0.317106
8|1017|8|1017|vc|6|2|65|2|65|69.0,0,11930,6,2,12137,553,1,0,0,nan,nan,11630.4,11628.2,0.0649889,0.0654728
8|1017|8|1017|vc|7|2|65|2|65|69.0,0,12278,7,2,12137,553,1,0,0,nan,nan,11630.4,11628.2,0.140465,0.140963
8|1017|8|1017|vc|8|2|65|2|65|69.0,0,10686,8,2,12137,553,1,0,0,nan,nan,10445,10436.6,0.0582085,0.0602876
8|291|8|291|sample|6|103|6|103|55.0,0.0006144,76513,1,6,98225.875,607,0,0,1,42493.2,38082.6,75084.4,75263.9,0.0479936,0.0418627
8|291|8|291|sample|6|103|6|103|55.0,0.003072,102272,2,6,98225.875,607,0,0,1,47345,43864.7,84380.7,84901.8,0.534838,0.516072
8|291|8|291|sample|6|103|6|103|55.0,0.01536,99267,3,6,98225.875,607,0,0,1,48796.8,46697.1,81403.5,82410.5,0.553535,0.515948
8|291|8|291|sample|6|103|6|103|55.0,0.0768,85522,4,6,98225.875,607,0,0,1,49231.2,48084.7,59470.3,60083,1.10499,1.068
8|291|8|291|sample|6|103|6|103|55.0,0.384,49954,5,6,98225.875,607,0,0,1,49231.2,48084.7,26401.9,25596.6,2.25017,2.40033
8|291|8|291|sample|6|103|6|103|55.0,1.92,9548,6,6,98225.875,607,0,0,1,48796.8,46697.1,7822.01,7103.99,0.556597,0.867808
8|291|8|291|sample|6|103|6|103|55.0,9.6,1270,7,6,98225.875,607,0,0,1,47345,43864.7,2195.52,1924.62,-1.06334,-0.857959
8|291|8|291|sample|6|103|6|103|55.0,48,528,8,6,98225.875,607,0,0,1,42493.2,38082.6,802.263,728.392,-0.862329,-0.693966
8|291|8|291|sample|5|103|5|103|55.0,0.0006144,76851,1,5,98225.875,607,0,0,1,42493.2,38082.6,75211.8,75257.7,0.0549745,0.0534035
8|291|8|291|sample|5|103|5|103|55.0,0.003072,101000,2,5,98225.875,607,0,0,1,47345,43864.7,84827.1,84879.3,0.480923,0.479077
8|291|8|291|sample|5|103|5|103|55.0,0.01536,101897,3,5,98225.875,607,0,0,1,48796.8,46697.1,82423.8,82357.4,0.595947,0.598462
8|291|8|291|sample|5|103|5|103|55.0,0.0768,93625,4,5,98225.875,607,0,0,1,49231.2,48084.7,60066.1,60051,1.40929,1.41028
8|291|8|291|sample|5|103|5|103|55.0,0.384,53214,5,5,98225.875,607,0,0,1,49231.2,48084.7,25406.6,25649.5,2.7608,2.71078
8|291|8|291|sample|5|103|5|103|55.0,1.92,8940,6,5,98225.875,607,0,0,1,48796.8,46697.1,6976.24,7147.66,0.710052,0.632526
8|291|8|291|sample|5|103|5|103|55.0,9.6,1202,7,5,98225.875,607,0,0,1,47345,43864.7,1880.9,1940.35,-0.910464,-0.959856
8|291|8|291|sample|5|103|5|103|55.0,48,628,8,5,98225.875,607,0,0,1,42493.2,38082.6,717.334,732.509,-0.314135,-0.359884
8|291|8|291|sample|4|103|4|103|55.0,0.000064,78742,1,4,98225.875,607,0,0,1,42493.2,38082.6,75435.4,75420.9,0.110569,0.111075
8|291|8|291|sample|4|103|4|103|55.0,0.00032,104674,2,4,98225.875,607,0,0,1,47345,43864.7,86280.1,86162.5,0.537756,0.541933
8|291|8|291|sample|4|103|4|103|55.0,0.0016,109031,3,4,98225.875,607,0,0,1,48796.8,46697.1,89851,89344.9,0.538452,0.555794
8|291|8|291|sample|4|103|4|103|55.0,0.008,112435,4,4,98225.875,607,0,0,1,49231.2,48084.7,85900.8,84817.4,0.77917,0.821341
8|291|8|291|sample|4|103|4|103|55.0,0.04,96222,5,4,98225.875,607,0,0,1,49231.2,48084.7,68603.6,67625.9,1.01549,1.06664
8|291|8|291|sample|4|103|4|103|55.0,0.2,69267,6,4,98225.875,607,0,0,1,48796.8,46697.1,39126.9,39645.2,1.94309,1.88471
8|291|8|291|sample|4|103|4|103|55.0,1,26117,7,4,98225.875,607,0,0,1,47345,43864.7,15242.4,16461.8,1.79963,1.47947
8|291|8|291|sample|4|103|4|103|55.0,5,2412,8,4,98225.875,607,0,0,1,42493.2,38082.6,4605.77,5322.54,-1.20147,-1.37936
8|291|8|291|sample|3|103|3|103|55.0,0.000064,84948,1,3,98225.875,607,0,0,1,42493.2,38082.6,75383.7,75439.6,0.320034,0.317929
8|291|8|291|sample|3|103|3|103|55.0,0.00032,102466,2,3,98225.875,607,0,0,1,47345,43864.7,86121.8,86217.6,0.478711,0.475377
8|291|8|291|sample|3|103|3|103|55.0,0.0016,104314,3,3,98225.875,607,0,0,1,48796.8,46697.1,89447.7,89478.9,0.419235,0.418207
8|291|8|291|sample|3|103|3|103|55.0,0.008,106252,4,3,98225.875,607,0,0,1,48796.8,46697.1,82639,82607.9,0.720756,0.721979
8|291|8|291|sample|3|103|3|103|55.0,0.04,101815,5,3,98225.875,607,0,0,1,48796.8,46697.1,65904.7,65885.2,1.37444,1.37559
8|291|8|291|sample|3|103|3|103|55.0,0.2,73444,6,3,98225.875,607,0,0,1,48796.8,46697.1,39420,39557.7,2.17717,2.16081
8|291|8|291|sample|3|103|3|103|55.0,1,25577,7,3,98225.875,607,0,0,1,47345,43864.7,16026.4,16218.9,1.5032,1.45542
8|291|8|291|sample|3|103|3|103|55.0,5,2234,8,3,98225.875,607,0,0,1,42493.2,38082.6,5069.51,5171.67,-1.41087,-1.43283
8|291|8|291|sample|9|103|9|103|32.0,0.0003648,67254,1,9,98225.875,607,0,0,1,42493.2,38082.2,75629.7,75696.3,-0.279352,-0.281324
8|291|8|291|sample|9|103|9|103|32.0,0.001824,84908,2,9,98225.875,607,0,0,1,47345,43864.3,87061.3,87189.3,-0.0623868,-0.0659985
8|291|8|291|sample|9|103|9|103|32.0,0.00912,66966,3,9,98225.875,607,0,0,1,48796.8,46696.7,92709.5,92819.3,-0.700432,-0.702588
8|291|8|291|sample|9|103|9|103|32.0,0.0456,29642,4,9,98225.875,607,0,0,1,49231.2,48084.3,95422.6,95532.7,-1.73888,-1.73978
8|291|8|291|sample|9|103|9|103|32.0,0.228,2230,5,9,98225.875,607,0,0,1,49231.2,48084.3,2845.78,2331.89,-0.545817,-0.110215
8|291|8|291|sample|9|103|9|103|32.0,1.14,562,6,9,98225.875,607,0,0,1,48796.8,46696.7,573.459,574.109,-0.0504049,-0.0532028
8|291|8|291|sample|9|103|9|103|32.0,5.7,484,7,9,98225.875,607,0,0,1,47345,43864.3,538.48,539.271,-0.255204,-0.258532
8|291|8|291|sample|9|103|9|103|32.0,28.5,548,8,9,98225.875,607,0,0,1,42493.2,38082.2,467.775,468.186,0.432611,0.430012
8|291|8|291|sample|10|103|10|103|32.0,0.0003648,76142,1,10,98225.875,607,0,0,1,42493.2,38082.2,75629.7,75696.3,0.0170865,0.0148535
8|291|8|291|sample|10|103|10|103|32.0,0.001824,78961,2,10,98225.875,607,0,0,1,47345,43864.3,87061.3,87189.3,-0.234691,-0.23805
8|291|8|291|sample|10|103|10|103|32.0,0.00912,61146,3,10,98225.875,607,0,0,1,48796.8,46696.7,92709.5,92819.3,-0.858783,-0.860752
8|291|8|291|sample|10|103|10|103|32.0,0.0456,26839,4,10,98225.875,607,0,0,1,48796.8,46696.7,92622.4,92772.1,-1.79153,-1.7927
8|291|8|291|sample|10|103|10|103|32.0,0.228,2248,5,10,98225.875,607,0,0,1,48796.8,46696.7,2928.99,2339.71,-0.586471,-0.0988743
8|291|8|291|sample|10|103|10|103|32.0,1.14,632,6,10,98225.875,607,0,0,1,48796.8,46696.7,573.474,574.112,0.257427,0.254341
8|291|8|291|sample|10|103|10|103|32.0,5.7,498,7,10,98225.875,607,0,0,1,47345,43864.3,538.48,539.271,-0.189622,-0.193047
8|291|8|291|sample|10|103|10|103|32.0,28.5,558,8,10,98225.875,607,0,0,1,42493.2,38082.2,467.775,468.186,0.486535,0.483889
8|291|8|291|sample|8|103|8|103|32.0,0.0000768,72099,1,8,98225.875,607,0,0,1,42493.2,38082.2,75629.7,75696.3,-0.117758,-0.119873
8|291|8|291|sample|8|103|8|103|32.0,0.000384,93669,2,8,98225.875,607,0,0,1,47345,43864.3,87061.3,87189.3,0.191448,0.187464
8|291|8|291|sample|8|103|8|103|32.0,0.00192,96224,3,8,98225.875,607,0,0,1,48796.8,46696.7,92709.5,92819.3,0.0956226,0.0925245
8|291|8|291|sample|8|103|8|103|32.0,0.0096,78234,4,8,98225.875,607,0,0,1,49231.2,48084.3,95500.3,95577.4,-0.456054,-0.457721
8|291|8|291|sample|8|103|8|103|32.0,0.048,29776,5,8,98225.875,607,0,0,1,49231.2,48084.3,95252.6,95405.1,-1.73393,-1.73519
8|291|8|291|sample|8|103|8|103|32.0,0.24,2672,6,8,98225.875,607,0,0,1,48796.8,46696.7,3094.93,2657.71,-0.344697,0.0135645
8|291|8|291|sample|8|103|8|103|32.0,1.2,586,7,8,98225.875,607,0,0,1,47345,43864.3,538.659,539.355,0.221691,0.218147
8|291|8|291|sample|8|103|8|103|32.0,6,506,8,8,98225.875,607,0,0,1,42493.2,38082.2,467.775,468.186,0.206128,0.203729
8|291|8|291|sample|7|103|7|103|32.0,0.0000768,74219,1,7,98225.875,607,0,0,1,42493.2,38082.2,75629.7,75696.3,-0.0470506,-0.0492272
8|291|8|291|sample|7|103|7|103|32.0,0.000384,94028,2,7,98225.875,607,0,0,1,47345,43864.3,87061.3,87189.3,0.201849,0.19785
8|291|8|291|sample|7|103|7|103|32.0,0.00192,88873,3,7,98225.875,607,0,0,1,48796.8,46696.7,92709.5,92819.3,-0.104384,-0.107246
8|291|8|291|sample|7|103|7|103|32.0,0.0096,71607,4,7,98225.875,607,0,0,1,49231.2,48084.3,95500.3,95577.4,-0.631093,-0.632619
8|291|8|291|sample|7|103|7|103|32.0,0.048,25271,5,7,98225.875,607,0,0,1,49231.2,48084.3,95348.3,95469.5,-1.8539,-1.85475
8|291|8|291|sample|7|103|7|103|32.0,0.24,2124,6,7,98225.875,607,0,0,1,48796.8,46696.7,2465.87,2157.71,-0.349715,-0.0394046
8|291|8|291|sample|7|103|7|103|32.0,1.2,676,7,7,98225.875,607,0,0,1,47345,43864.3,538.541,539.301,0.643841,0.639374
8|291|8|291|sample|7|103|7|103|32.0,6,642,8,7,98225.875,607,0,0,1,42493.2,38082.2,467.775,468.186,0.939501,0.936457
8|291|8|291|sample|11|103|11|103|22.0,0.0003712,73274,1,11,98225.875,607,0,0,1,42493.2,38082.2,75629.7,75696.3,-0.0785688,-0.0807178
8|291|8|291|sample|11|103|11|103|22.0,0.001856,69690,2,11,98225.875,607,0,0,1,47345,43864.2,87061.3,87189.3,-0.503302,-0.506267
8|291|8|291|sample|11|103|11|103|22.0,0.00928,51029,3,11,98225.875,607,0,0,1,47345,43864.2,87061.3,87189.3,-1.04397,-1.04614
8|291|8|291|sample|11|103|11|103|22.0,0.0464,18731,4,11,98225.875,607,0,0,1,47345,43864.2,86965.2,87144.2,-1.97915,-1.98027
8|291|8|291|sample|11|103|11|103|22.0,0.2319999999999999,1836,5,11,98225.875,607,0,0,1,47345,43864.2,2566.33,1922.75,-0.71784,-0.113808
8|291|8|291|sample|11|103|11|103|22.0,1.16,454,6,11,98225.875,607,0,0,1,47345,43864.2,538.396,539.144,-0.395405,-0.398356
8|291|8|291|sample|11|103|11|103|22.0,5.8,548,7,11,98225.875,607,0,0,1,47345,43864.2,538.34,539.132,0.0452607,0.041491
8|291|8|291|sample|11|103|11|103|22.0,29,510,8,11,98225.875,607,0,0,1,42493.2,38082.2,467.654,468.065,0.228408,0.22599
8|291|8|291|sample|12|103|12|103|22.0,0.0003712,69558,1,12,98225.875,607,0,0,1,42493.2,38082.2,75629.7,75696.3,-0.202507,-0.204547
8|291|8|291|sample|12|103|12|103|22.0,0.001856,72538,2,12,98225.875,607,0,0,1,42493.2,38082.2,75629.7,75696.3,-0.103116,-0.105244
8|291|8|291|sample|12|103|12|103|22.0,0.00928,50948,3,12,98225.875,607,0,0,1,42493.2,38082.2,75629.7,75696.3,-0.823199,-0.824694
8|291|8|291|sample|12|103|12|103|22.0,0.0464,23756,4,12,98225.875,607,0,0,1,42493.2,38082.2,75435.9,75590.3,-1.72809,-1.72971
8|291|8|291|sample|12|103|12|103|22.0,0.2319999999999999,2516,5,12,98225.875,607,0,0,1,42493.2,38082.2,3228.29,2513.68,-0.556551,0.00233068
8|291|8|291|sample|12|103|12|103|22.0,1.16,468,6,12,98225.875,607,0,0,1,42493.2,38082.2,467.936,468.148,0.000342985,-0.000799364
8|291|8|291|sample|12|103|12|103|22.0,5.8,510,7,12,98225.875,607,0,0,1,42493.2,38082.2,467.654,468.065,0.228408,0.22599
8|291|8|291|sample|12|103|12|103|22.0,29,486,8,12,98225.875,607,0,0,1,42493.2,38082.2,467.654,468.065,0.0989563,0.0966512
8|291|8|291|cc|1|1|103|1|103|69.0,0,528,1,1,98225.875,607,0,1,0,nan,nan,467.364,467.775,0.327264,0.324759
8|291|8|291|cc|2|1|103|1|103|69.0,0,646,2,1,98225.875,607,0,1,0,nan,nan,467.364,467.775,0.964132,0.961066
8|291|8|291|cc|3|1|103|1|103|69.0,0,582,3,1,98225.875,607,0,1,0,nan,nan,467.364,467.775,0.618712,0.61595
8|291|8|291|cc|4|1|103|1|103|69.0,0,620,4,1,98225.875,607,0,1,0,nan,nan,467.364,467.775,0.823805,0.820863
8|291|8|291|cc|5|1|103|1|103|69.0,0,622,5,1,98225.875,607,0,1,0,nan,nan,467.364,467.775,0.8346,0.831648
8|291|8|291|cc|6|1|103|1|103|69.0,0,604,6,1,98225.875,607,0,1,0,nan,nan,467.364,467.775,0.73745,0.734584
8|291|8|291|cc|7|1|103|1|103|69.0,0,640,7,1,98225.875,607,0,1,0,nan,nan,467.364,467.775,0.931749,0.928712
8|291|8|291|cc|8|1|103|1|103|69.0,0,614,8,1,98225.875,607,0,1,0,nan,nan,467.364,467.775,0.791422,0.788508
8|291|8|291|vc|1|2|103|2|103|69.0,0,87702,1,2,98225.875,607,1,0,0,nan,nan,75629.7,75696.3,0.402643,0.400071
8|291|8|291|vc|2|2|103|2|103|69.0,0,107225,2,2,98225.875,607,1,0,0,nan,nan,87061.3,87189.3,0.58421,0.579649
8|291|8|291|vc|3|2|103|2|103|69.0,0,103247,3,2,98225.875,607,1,0,0,nan,nan,87061.3,87189.3,0.468954,0.464562
8|291|8|291|vc|4|2|103|2|103|69.0,0,105493,4,2,98225.875,607,1,0,0,nan,nan,87061.3,87189.3,0.534028,0.529541
8|291|8|291|vc|5|2|103|2|103|69.0,0,108146,5,2,98225.875,607,1,0,0,nan,nan,87061.3,87189.3,0.610894,0.606294
8|291|8|291|vc|6|2|103|2|103|69.0,0,97541,6,2,98225.875,607,1,0,0,nan,nan,87061.3,87189.3,0.303633,0.299484
8|291|8|291|vc|7|2|103|2|103|69.0,0,95893,7,2,98225.875,607,1,0,0,nan,nan,87061.3,87189.3,0.255885,0.251806
8|291|8|291|vc|8|2|103|2|103|69.0,0,80560,8,2,98225.875,607,1,0,0,nan,nan,75629.7,75696.3,0.164438,0.162076
8|1197|8|1197|sample|7|103|7|103|65.0,0.0016767999999999,74837,1,7,100839.375,636.5,0,0,1,43629.6,37147,73906.6,73828,0.0317531,0.0344756
8|1197|8|1197|sample|7|103|7|103|65.0,0.0083839999999999,71977,2,7,100839.375,636.5,0,0,1,48611.1,46671.1,92774.9,92756.8,-0.565472,-0.56509
8|1197|8|1197|sample|7|103|7|103|65.0,0.04192,42847,3,7,100839.375,636.5,0,0,1,50101.7,49521,98320.7,98356.4,-1.4232,-1.4236
8|1197|8|1197|sample|7|103|7|103|65.0,0.2096,5272,4,7,100839.375,636.5,0,0,1,50547.7,50373.8,6278.13,5407.31,-0.404246,-0.0631196
8|1197|8|1197|sample|7|103|7|103|65.0,1.048,660,5,7,100839.375,636.5,0,0,1,50547.7,50373.8,632.365,632.144,0.110234,0.111152
8|1197|8|1197|sample|7|103|7|103|65.0,5.24,592,6,7,100839.375,636.5,0,0,1,50101.7,49521,621.303,621.279,-0.118969,-0.118876
8|1197|8|1197|sample|7|103|7|103|65.0,26.2,544,7,7,100839.375,636.5,0,0,1,48611.1,46671.1,585.639,585.525,-0.179348,-0.17889
8|1197|8|1197|sample|7|103|7|103|65.0,131,580,8,7,100839.375,636.5,0,0,1,43629.6,37147,466.534,466.037,0.613486,0.616829
8|1197|8|1197|sample|8|103|8|103|65.0,0.0016767999999999,74846,1,8,100839.375,636.5,0,0,1,43629.6,37147,73906.6,73828,0.0320602,0.0347831
8|1197|8|1197|sample|8|103|8|103|65.0,0.0083839999999999,76735,2,8,100839.375,636.5,0,0,1,48611.1,46671.1,92774.9,92756.8,-0.436107,-0.4357
8|1197|8|1197|sample|8|103|8|103|65.0,0.04192,41404,3,8,100839.375,636.5,0,0,1,50101.7,49521,98290.9,98352.9,-1.45989,-1.46056
8|1197|8|1197|sample|8|103|8|103|65.0,0.2096,5378,4,8,100839.375,636.5,0,0,1,50547.7,50373.8,6856.53,5507.63,-0.543936,-0.0593696
8|1197|8|1197|sample|8|103|8|103|65.0,1.048,706,5,8,100839.375,636.5,0,0,1,50547.7,50373.8,632.589,632.161,0.292728,0.29463
8|1197|8|1197|sample|8|103|8|103|65.0,5.24,542,6,8,100839.375,636.5,0,0,1,50101.7,49521,621.303,621.279,-0.321966,-0.321881
8|1197|8|1197|sample|8|103|8|103|65.0,26.2,550,7,8,100839.375,636.5,0,0,1,48611.1,46671.1,585.639,585.525,-0.153505,-0.153042
8|1197|8|1197|sample|8|103|8|103|65.0,131,550,8,8,100839.375,636.5,0,0,1,43629.6,37147,466.534,466.037,0.451283,0.454452
8|1197|8|1197|sample|6|103|6|103|65.0,0.0004351999999999,82107,1,6,100839.375,636.5,0,0,1,43629.6,37147,73906.6,73828,0.27988,0.282867
8|1197|8|1197|sample|6|103|6|103|65.0,0.0021759999999999,94216,2,6,100839.375,636.5,0,0,1,48611.1,46671.1,92774.9,92756.8,0.0391826,0.0396828
8|1197|8|1197|sample|6|103|6|103|65.0,0.0108799999999999,78272,3,6,100839.375,636.5,0,0,1,50101.7,49521,98424.3,98420.7,-0.51647,-0.516396
8|1197|8|1197|sample|6|103|6|103|65.0,0.0543999999999999,33061,4,6,100839.375,636.5,0,0,1,50547.7,50373.8,98998.4,99244.4,-1.68007,-1.68215
8|1197|8|1197|sample|6|103|6|103|65.0,0.2719999999999999,2724,5,6,100839.375,636.5,0,0,1,50547.7,50373.8,3014.94,2617,-0.243416,0.103136
8|1197|8|1197|sample|6|103|6|103|65.0,1.36,578,6,6,100839.375,636.5,0,0,1,50101.7,49521,621.972,621.637,-0.178333,-0.17707
8|1197|8|1197|sample|6|103|6|103|65.0,6.8,604,7,6,100839.375,636.5,0,0,1,48611.1,46671.1,585.639,585.525,0.0790821,0.0795906
8|1197|8|1197|sample|6|103|6|103|65.0,34,546,8,6,100839.375,636.5,0,0,1,43629.6,37147,466.534,466.037,0.429656,0.432802
8|1197|8|1197|sample|5|103|5|103|65.0,0.0004351999999999,85902,1,5,100839.375,636.5,0,0,1,43629.6,37147,73906.6,73828,0.409404,0.412529
8|1197|8|1197|sample|5|103|5|103|65.0,0.0021759999999999,97095,2,5,100839.375,636.5,0,0,1,48611.1,46671.1,92774.9,92756.8,0.11746,0.117975
8|1197|8|1197|sample|5|103|5|103|65.0,0.0108799999999999,87358,3,5,100839.375,636.5,0,0,1,50101.7,49521,98423.4,98420.6,-0.28359,-0.283527
8|1197|8|1197|sample|5|103|5|103|65.0,0.0543999999999999,36940,4,5,100839.375,636.5,0,0,1,50547.7,50373.8,98305.4,99167.6,-1.57459,-1.58284
8|1197|8|1197|sample|5|103|5|103|65.0,0.2719999999999999,2878,5,5,100839.375,636.5,0,0,1,50547.7,50373.8,4163.65,2758.13,-0.778882,0.109625
8|1197|8|1197|sample|5|103|5|103|65.0,1.36,646,6,5,100839.375,636.5,0,0,1,50101.7,49521,623.76,621.728,0.0899389,0.0984757
8|1197|8|1197|sample|5|103|5|103|65.0,6.8,580,7,5,100839.375,636.5,0,0,1,48611.1,46671.1,585.641,585.525,-0.024296,-0.0238019
8|1197|8|1197|sample|5|103|5|103|65.0,34,628,8,5,100839.375,636.5,0,0,1,43629.6,37147,466.534,466.037,0.873012,0.876631
8|1197|8|1197|sample|12|103|12|103|28.0,0.0014272,64032,1,12,100839.375,636.5,0,0,1,43629.6,37147,73906.6,73828,-0.337024,-0.334695
8|1197|8|1197|sample|12|103|12|103|28.0,0.007136,55335,2,12,100839.375,636.5,0,0,1,43629.6,37147,73906.6,73828,-0.633854,-0.631841
8|1197|8|1197|sample|12|103|12|103|28.0,0.03568,22894,3,12,100839.375,636.5,0,0,1,43629.6,37147,73905.5,73827.6,-1.74106,-1.74024
8|1197|8|1197|sample|12|103|12|103|28.0,0.1784,2488,4,12,100839.375,636.5,0,0,1,43629.6,37147,5485.44,4411.66,-1.37836,-1.09989
8|1197|8|1197|sample|12|103|12|103|28.0,0.892,422,5,12,100839.375,636.5,0,0,1,43629.6,37147,466.554,466.052,-0.240881,-0.238425
8|1197|8|1197|sample|12|103|12|103|28.0,4.46,484,6,12,100839.375,636.5,0,0,1,43629.6,37147,466.547,466.051,0.0943599,0.0971491
8|1197|8|1197|sample|12|103|12|103|28.0,22.3,418,7,12,100839.375,636.5,0,0,1,43629.6,37147,466.547,466.051,-0.262478,-0.260069
8|1197|8|1197|sample|12|103|12|103|28.0,111.5,586,8,12,100839.375,636.5,0,0,1,43629.6,37147,466.547,466.051,0.645836,0.649213
8|1197|8|1197|sample|10|103|10|103|28.0,0.0004479999999999,78110,1,10,100839.375,636.5,0,0,1,43629.6,37147,73906.6,73828,0.143461,0.146303
8|1197|8|1197|sample|10|103|10|103|28.0,0.00224,84573,2,10,100839.375,636.5,0,0,1,48611.1,46671.2,92774.9,92756.8,-0.223,-0.222551
8|1197|8|1197|sample|10|103|10|103|28.0,0.0111999999999999,58621,3,10,100839.375,636.5,0,0,1,50101.7,49521.1,98424.5,98420.8,-1.0201,-1.02004
8|1197|8|1197|sample|10|103|10|103|28.0,0.0559999999999999,24817,4,10,100839.375,636.5,0,0,1,50101.7,49521.1,97593.8,97732.3,-1.88102,-1.88193
8|1197|8|1197|sample|10|103|10|103|28.0,0.2799999999999999,1870,5,10,100839.375,636.5,0,0,1,50101.7,49521.1,2013.78,1828.83,-0.180097,0.05678
8|1197|8|1197|sample|10|103|10|103|28.0,1.4,510,6,10,100839.375,636.5,0,0,1,50101.7,49521.1,621.496,621.405,-0.452525,-0.452224
8|1197|8|1197|sample|10|103|10|103|28.0,7,484,7,10,100839.375,636.5,0,0,1,48611.1,46671.2,585.656,585.542,-0.437838,-0.437431
8|1197|8|1197|sample|10|103|10|103|28.0,111.5,602,8,10,100839.375,636.5,0,0,1,43629.6,37147,466.547,466.051,0.732342,0.735812
8|1197|8|1197|sample|9|103|9|103|28.0,0.0004479999999999,78594,1,9,100839.375,636.5,0,0,1,43629.6,37147,73906.6,73828,0.15998,0.162839
8|1197|8|1197|sample|9|103|9|103|28.0,0.00224,83899,2,9,100839.375,636.5,0,0,1,48611.1,46671.2,92774.9,92756.8,-0.241326,-0.24088
8|1197|8|1197|sample|9|103|9|103|28.0,0.0111999999999999,69732,3,9,100839.375,636.5,0,0,1,50101.7,49521.1,98424.6,98420.8,-0.735341,-0.735272
8|1197|8|1197|sample|9|103|9|103|28.0,0.0559999999999999,27611,4,9,100839.375,636.5,0,0,1,50547.7,50373.8,99572.9,99603.2,-1.82299,-1.8232
8|1197|8|1197|sample|9|103|9|103|28.0,0.2799999999999999,1566,5,9,100839.375,636.5,0,0,1,50547.7,50373.8,1589.79,1564.69,-0.0377512,0.00210699
8|1197|8|1197|sample|9|103|9|103|28.0,1.4,560,6,9,100839.375,636.5,0,0,1,50101.7,49521.1,621.372,621.342,-0.249137,-0.24903
8|1197|8|1197|sample|9|103|9|103|28.0,7,566,7,9,100839.375,636.5,0,0,1,48611.1,46671.2,585.656,585.542,-0.0846596,-0.0841836
8|1197|8|1197|sample|9|103|9|103|28.0,35,568,8,9,100839.375,636.5,0,0,1,43629.6,37147,466.547,466.051,0.548517,0.55179
8|1197|8|1197|sample|3|103|3|103|22.0,0.0010624,83416,1,3,100839.375,636.5,0,0,1,43629.6,37147.1,73906.6,73828,0.324556,0.327591
8|1197|8|1197|sample|3|103|3|103|22.0,0.005312,89383,2,3,100839.375,636.5,0,0,1,48611.1,46671.3,92774.9,92756.4,-0.0922213,-0.0917365
8|1197|8|1197|sample|3|103|3|103|22.0,0.02656,58909,3,3,100839.375,636.5,0,0,1,50101.7,49521.2,98394.1,98213.9,-1.01225,-1.00948
8|1197|8|1197|sample|3|103|3|103|22.0,0.1328,9266,4,3,100839.375,636.5,0,0,1,50101.7,49521.2,48032.4,48593.3,-2.03584,-2.04146
8|1197|8|1197|sample|3|103|3|103|22.0,0.664,850,5,3,100839.375,636.5,0,0,1,50101.7,49521.2,648.643,813.467,0.783038,0.113284
8|1197|8|1197|sample|3|103|3|103|22.0,3.32,606,6,3,100839.375,636.5,0,0,1,50101.7,49521.2,621.633,621.994,-0.063437,-0.0648627
8|1197|8|1197|sample|3|103|3|103|22.0,16.6,578,7,3,100839.375,636.5,0,0,1,48611.1,46671.3,585.943,585.83,-0.0341949,-0.0337122
8|1197|8|1197|sample|3|103|3|103|22.0,83,552,8,3,100839.375,636.5,0,0,1,43629.6,37147.1,466.776,466.279,0.460548,0.463728
8|1197|8|1197|sample|4|103|4|103|22.0,0.0010624,79953,1,4,100839.375,636.5,0,0,1,43629.6,37147.1,73906.6,73828,0.206363,0.209272
8|1197|8|1197|sample|4|103|4|103|22.0,0.005312,90004,2,4,100839.375,636.5,0,0,1,48611.1,46671.3,92774.9,92756.6,-0.0753371,-0.0748542
8|1197|8|1197|sample|4|103|4|103|22.0,0.02656,58715,3,4,100839.375,636.5,0,0,1,50101.7,49521.2,98416.1,98276,-1.01756,-1.01541
8|1197|8|1197|sample|4|103|4|103|22.0,0.1328,7962,4,4,100839.375,636.5,0,0,1,50547.7,50374,48618.9,49375.3,-2.10936,-2.11569
8|1197|8|1197|sample|4|103|4|103|22.0,0.664,770,5,4,100839.375,636.5,0,0,1,50547.7,50374,639.853,768.26,0.513072,0.00571298
8|1197|8|1197|sample|4|103|4|103|22.0,3.32,568,6,4,100839.375,636.5,0,0,1,50101.7,49521.2,621.626,621.792,-0.217605,-0.218221
8|1197|8|1197|sample|4|103|4|103|22.0,16.6,564,7,4,100839.375,636.5,0,0,1,48611.1,46671.3,585.943,585.829,-0.094464,-0.093991
8|1197|8|1197|sample|4|103|4|103|22.0,83,596,8,4,100839.375,636.5,0,0,1,43629.6,37147.1,466.776,466.279,0.698324,0.701757
8|1197|8|1197|sample|11|103|11|103|28.0,0.0014272,67698,1,11,100839.375,636.5,0,0,1,43629.6,37147,73906.6,73828,-0.211903,-0.20944
8|1197|8|1197|sample|11|103|11|103|28.0,0.007136,59779,2,11,100839.375,636.5,0,0,1,48611.1,46671.2,92774.9,92756.8,-0.897123,-0.896805
8|1197|8|1197|sample|11|103|11|103|28.0,0.03568,23906,3,11,100839.375,636.5,0,0,1,48611.1,46671.2,92772.1,92756.4,-1.87245,-1.87234
8|1197|8|1197|sample|11|103|11|103|28.0,0.1784,2906,4,11,100839.375,636.5,0,0,1,48611.1,46671.2,7855.39,5454.89,-1.5893,-1.17866
8|1197|8|1197|sample|11|103|11|103|28.0,0.892,526,5,11,100839.375,636.5,0,0,1,48611.1,46671.2,585.676,585.543,-0.25702,-0.256504
8|1197|8|1197|sample|11|103|11|103|28.0,4.46,512,6,11,100839.375,636.5,0,0,1,48611.1,46671.2,585.656,585.542,-0.31724,-0.31681
8|1197|8|1197|sample|11|103|11|103|28.0,22.3,520,7,11,100839.375,636.5,0,0,1,48611.1,46671.2,585.656,585.542,-0.282784,-0.282347
8|1197|8|1197|sample|11|103|11|103|28.0,35,602,8,11,100839.375,636.5,0,0,1,43629.6,37147,466.547,466.051,0.732342,0.735812
8|1197|8|1197|cc|1|1|103|1|103|69.0,0,606,1,1,100839.375,636.5,0,1,0,nan,nan,466.5,466.003,0.754301,0.757793
8|1197|8|1197|cc|2|1|103|1|103|69.0,0,666,2,1,100839.375,636.5,0,1,0,nan,nan,466.5,466.003,1.07873,1.08257
8|1197|8|1197|cc|3|1|103|1|103|69.0,0,676,3,1,100839.375,636.5,0,1,0,nan,nan,466.5,466.003,1.1328,1.1367
8|1197|8|1197|cc|4|1|103|1|103|69.0,0,624,4,1,100839.375,636.5,0,1,0,nan,nan,466.5,466.003,0.85163,0.855226
8|1197|8|1197|cc|5|1|103|1|103|69.0,0,566,5,1,100839.375,636.5,0,1,0,nan,nan,466.5,466.003,0.538014,0.541276
8|1197|8|1197|cc|6|1|103|1|103|69.0,0,622,6,1,100839.375,636.5,0,1,0,nan,nan,466.5,466.003,0.840816,0.844401
8|1197|8|1197|cc|7|1|103|1|103|69.0,0,690,7,1,100839.375,636.5,0,1,0,nan,nan,466.5,466.003,1.2085,1.21248
8|1197|8|1197|cc|8|1|103|1|103|69.0,0,642,8,1,100839.375,636.5,0,1,0,nan,nan,466.5,466.003,0.948959,0.952659
8|1197|8|1197|vc|1|2|103|2|103|69.0,0,87946,1,2,100839.375,636.5,1,0,0,nan,nan,73906.6,73828,0.479166,0.482365
8|1197|8|1197|vc|2|2|103|2|103|69.0,0,107862,2,2,100839.375,636.5,1,0,0,nan,nan,92774.9,92756.8,0.410203,0.410775
8|1197|8|1197|vc|3|2|103|2|103|69.0,0,103669,3,2,100839.375,636.5,1,0,0,nan,nan,92774.9,92756.8,0.2962,0.29675
8|1197|8|1197|vc|4|2|103|2|103|69.0,0,103811,4,2,100839.375,636.5,1,0,0,nan,nan,92774.9,92756.8,0.30006,0.300612
8|1197|8|1197|vc|5|2|103|2|103|69.0,0,109061,5,2,100839.375,636.5,1,0,0,nan,nan,92774.9,92756.8,0.442802,0.443381
8|1197|8|1197|vc|6|2|103|2|103|69.0,0,103883,6,2,100839.375,636.5,1,0,0,nan,nan,92774.9,92756.8,0.302018,0.30257
8|1197|8|1197|vc|7|2|103|2|103|69.0,0,108538,7,2,100839.375,636.5,1,0,0,nan,nan,92774.9,92756.8,0.428583,0.429159
8|1197|8|1197|vc|8|2|103|2|103|69.0,0,81945,8,2,100839.375,636.5,1,0,0,nan,nan,73906.6,73828,0.274351,0.277332
8|77|8|77|sample|6|218|6|218|55.0,0.0006144,31418,1,6,42678.375,476.5,0,0,1,18554.6,18554.4,36728.5,36699,-0.364718,-0.362979
8|77|8|77|sample|6|218|6|218|55.0,0.003072,16903,2,6,42678.375,476.5,0,0,1,20673.1,20672.8,40896.8,40889.2,-1.4799,-1.4797
8|77|8|77|sample|6|218|6|218|55.0,0.01536,4450,3,6,42678.375,476.5,0,0,1,21307,21306.8,42140.3,42138.7,-2.25608,-2.25607
8|77|8|77|sample|6|218|6|218|55.0,0.0768,1342,4,6,42678.375,476.5,0,0,1,21496.7,21496.4,38600.8,38678.9,-2.43475,-2.43493
8|77|8|77|sample|6|218|6|218|55.0,0.384,938,5,6,42678.375,476.5,0,0,1,21496.7,21496.4,909.049,902.047,0.0803352,0.100537
8|77|8|77|sample|6|218|6|218|55.0,1.92,712,6,6,42678.375,476.5,0,0,1,21307,21306.8,471.026,470.98,1.29047,1.29084
8|77|8|77|sample|6|218|6|218|55.0,9.6,794,7,6,42678.375,476.5,0,0,1,20673.1,20672.8,456.625,456.539,1.8637,1.86452
8|77|8|77|sample|6|218|6|218|55.0,48,626,8,6,42678.375,476.5,0,0,1,18554.6,18554.4,410.084,409.754,1.32811,1.33121
8|77|8|77|sample|5|218|5|218|55.0,0.0006144,34690,1,5,42678.375,476.5,0,0,1,18554.6,18554.4,36728.5,36699,-0.140003,-0.138083
8|77|8|77|sample|5|218|5|218|55.0,0.003072,18239,2,5,42678.375,476.5,0,0,1,20673.1,20672.8,40896.8,40889.1,-1.3975,-1.39729
8|77|8|77|sample|5|218|5|218|55.0,0.01536,4564,3,5,42678.375,476.5,0,0,1,21307,21306.8,42135.3,42134.5,-2.24922,-2.24922
8|77|8|77|sample|5|218|5|218|55.0,0.0768,1360,4,5,42678.375,476.5,0,0,1,21496.7,21496.4,37889.5,38043.9,-2.43191,-2.43228
8|77|8|77|sample|5|218|5|218|55.0,0.384,1130,5,5,42678.375,476.5,0,0,1,21496.7,21496.4,1102.04,1071.72,0.0639977,0.13717
8|77|8|77|sample|5|218|5|218|55.0,1.92,728,6,5,42678.375,476.5,0,0,1,21307,21306.8,471.743,471.568,1.37023,1.37167
8|77|8|77|sample|5|218|5|218|55.0,9.6,752,7,5,42678.375,476.5,0,0,1,20673.1,20672.8,456.627,456.541,1.63167,1.63245
8|77|8|77|sample|5|218|5|218|55.0,48,878,8,5,42678.375,476.5,0,0,1,18554.6,18554.4,410.084,409.754,2.87817,2.88252
8|77|8|77|sample|3|218|3|218|55.0,0.000064,43169,1,3,42678.375,476.5,0,0,1,18554.6,18554.4,36728.5,36699,0.44232,0.444708
8|77|8|77|sample|3|218|3|218|55.0,0.00032,39049,2,3,42678.375,476.5,0,0,1,20673.1,20672.8,40896.8,40889.2,-0.11397,-0.113519
8|77|8|77|sample|3|218|3|218|55.0,0.0016,29908,3,3,42678.375,476.5,0,0,1,21307,21306.8,42144.9,42143,-0.732402,-0.73232
8|77|8|77|sample|3|218|3|218|55.0,0.008,10350,4,3,42678.375,476.5,0,0,1,21307,21306.8,42144.9,42143,-1.90298,-1.90296
8|77|8|77|sample|3|218|3|218|55.0,0.04,1788,5,3,42678.375,476.5,0,0,1,21307,21306.8,42121.5,42142.1,-2.41538,-2.41543
8|77|8|77|sample|3|218|3|218|55.0,0.2,944,6,3,42678.375,476.5,0,0,1,21307,21306.8,3207.99,1375.45,-1.78018,-0.791234
8|77|8|77|sample|3|218|3|218|55.0,1,862,7,3,42678.375,476.5,0,0,1,20673.1,20672.8,456.737,456.539,2.23817,2.24023
8|77|8|77|sample|3|218|3|218|55.0,5,850,8,3,42678.375,476.5,0,0,1,18554.6,18554.4,410.084,409.754,2.70594,2.71016
8|77|8|77|sample|4|218|4|218|55.0,0.000064,45568,1,4,42678.375,476.5,0,0,1,18554.6,18554.4,36728.5,36699,0.607079,0.6096
8|77|8|77|sample|4|218|4|218|55.0,0.00032,42519,2,4,42678.375,476.5,0,0,1,20673.1,20672.8,40896.8,40889.2,0.100054,0.100545
8|77|8|77|sample|4|218|4|218|55.0,0.0016,32499,3,4,42678.375,476.5,0,0,1,21307,21306.8,42144.9,42143,-0.577326,-0.577237
8|77|8|77|sample|4|218|4|218|55.0,0.008,11100,4,4,42678.375,476.5,0,0,1,21496.7,21496.4,42518.6,42518.2,-1.86393,-1.86393
8|77|8|77|sample|4|218|4|218|55.0,0.04,1742,5,4,42678.375,476.5,0,0,1,21496.7,21496.4,42508.2,42517.4,-2.41908,-2.4191
8|77|8|77|sample|4|218|4|218|55.0,0.2,908,6,4,42678.375,476.5,0,0,1,21307,21306.8,2553.57,1353.28,-1.62551,-0.829983
8|77|8|77|sample|4|218|4|218|55.0,1,792,7,4,42678.375,476.5,0,0,1,20673.1,20672.8,456.652,456.539,1.85239,1.85347
8|77|8|77|sample|4|218|4|218|55.0,5,628,8,4,42678.375,476.5,0,0,1,18554.6,18554.4,410.084,409.754,1.34041,1.34352
8|77|8|77|sample|9|218|9|218|32.0,0.0003648,39501,1,9,42678.375,476.5,0,0,1,18554.6,18554.5,36724.6,36691.1,0.1907,0.193176
8|77|8|77|sample|9|218|9|218|32.0,0.001824,33817,2,9,42678.375,476.5,0,0,1,20673.1,20673.1,40843.5,40801.3,-0.433949,-0.43179
8|77|8|77|sample|9|218|9|218|32.0,0.00912,26621,3,9,42678.375,476.5,0,0,1,21307,21307,41488.3,41252,-0.903917,-0.894647
8|77|8|77|sample|9|218|9|218|32.0,0.0456,18897,4,9,42678.375,476.5,0,0,1,21496.7,21496.7,35681.6,34957.7,-1.18656,-1.1589
8|77|8|77|sample|9|218|9|218|32.0,0.228,6130,5,9,42678.375,476.5,0,0,1,21496.7,21496.7,13003.9,13612.3,-1.33338,-1.38652
8|77|8|77|sample|9|218|9|218|32.0,1.14,1632,6,9,42678.375,476.5,0,0,1,21307,21307,1879.99,2276.41,-0.332741,-0.714063
8|77|8|77|sample|9|218|9|218|32.0,5.7,948,7,9,42678.375,476.5,0,0,1,20673.1,20673.1,573.358,638.59,1.64821,1.22218
8|77|8|77|sample|9|218|9|218|32.0,28.5,518,8,9,42678.375,476.5,0,0,1,18554.6,18554.5,419.088,426.434,0.595339,0.54163
8|77|8|77|sample|10|218|10|218|32.0,0.0003648,35866,1,10,42678.375,476.5,0,0,1,18554.6,18554.5,36709.9,36671.7,-0.0579886,-0.0554226
8|77|8|77|sample|10|218|10|218|32.0,0.001824,34189,2,10,42678.375,476.5,0,0,1,20673.1,20673.1,40732.9,40673.4,-0.405241,-0.402143
8|77|8|77|sample|10|218|10|218|32.0,0.00912,29560,3,10,42678.375,476.5,0,0,1,21307,21307,40840.5,40603.8,-0.696723,-0.686081
8|77|8|77|sample|10|218|10|218|32.0,0.0456,18735,4,10,42678.375,476.5,0,0,1,21307,21307,33636.8,33177.6,-1.1175,-1.09805
8|77|8|77|sample|10|218|10|218|32.0,0.228,5920,5,10,42678.375,476.5,0,0,1,21307,21307,14194.5,14553,-1.47043,-1.49635
8|77|8|77|sample|10|218|10|218|32.0,1.14,1412,6,10,42678.375,476.5,0,0,1,21307,21307,2898.15,3248.45,-1.29349,-1.42602
8|77|8|77|sample|10|218|10|218|32.0,5.7,958,7,10,42678.375,476.5,0,0,1,20673.1,20673.1,769.609,856.916,0.617464,0.297554
8|77|8|77|sample|10|218|10|218|32.0,28.5,822,8,10,42678.375,476.5,0,0,1,18554.6,18554.5,446.052,460.779,2.12601,1.97744
8|77|8|77|sample|8|218|8|218|32.0,0.0000768,34940,1,8,42678.375,476.5,0,0,1,18554.6,18554.5,36727.1,36697.5,-0.122739,-0.120801
8|77|8|77|sample|8|218|8|218|32.0,0.000384,36968,2,8,42678.375,476.5,0,0,1,20673.1,20673.1,40882.4,40874.3,-0.241521,-0.241066
8|77|8|77|sample|8|218|8|218|32.0,0.00192,37060,3,8,42678.375,476.5,0,0,1,21307,21307,42012.8,42007.6,-0.297368,-0.297093
8|77|8|77|sample|8|218|8|218|32.0,0.0096,34816,4,8,42678.375,476.5,0,0,1,21496.7,21496.7,41356,41339.5,-0.398897,-0.398053
8|77|8|77|sample|8|218|8|218|32.0,0.048,23358,5,8,42678.375,476.5,0,0,1,21496.7,21496.7,33992.6,33968,-0.789149,-0.787895
8|77|8|77|sample|8|218|8|218|32.0,0.24,5846,6,8,42678.375,476.5,0,0,1,21307,21307,13195.1,13255.7,-1.40489,-1.41001
8|77|8|77|sample|8|218|8|218|32.0,1.2,1892,7,8,42678.375,476.5,0,0,1,20673.1,20673.1,2351.17,2382.39,-0.492621,-0.51922
8|77|8|77|sample|8|218|8|218|32.0,6,882,8,8,42678.375,476.5,0,0,1,18554.6,18554.5,608.897,613.981,1.13137,1.10112
8|77|8|77|sample|7|218|7|218|32.0,0.0000768,30832,1,7,42678.375,476.5,0,0,1,18554.6,18554.5,36728.1,36698.5,-0.404938,-0.403232
8|77|8|77|sample|7|218|7|218|32.0,0.000384,38389,2,7,42678.375,476.5,0,0,1,20673.1,20673.1,40891.2,40883.5,-0.154353,-0.153906
8|77|8|77|sample|7|218|7|218|32.0,0.00192,35394,3,7,42678.375,476.5,0,0,1,21307,21307,42078.1,42075.6,-0.400689,-0.400564
8|77|8|77|sample|7|218|7|218|32.0,0.0096,35666,4,7,42678.375,476.5,0,0,1,21496.7,21496.7,41749.3,41746,-0.367545,-0.367376
8|77|8|77|sample|7|218|7|218|32.0,0.048,22898,5,7,42678.375,476.5,0,0,1,21496.7,21496.7,35043.7,35047.2,-0.874251,-0.874415
8|77|8|77|sample|7|218|7|218|32.0,0.24,7590,6,7,42678.375,476.5,0,0,1,21307,21307,12349.5,12391.3,-0.97215,-0.977386
8|77|8|77|sample|7|218|7|218|32.0,1.2,1360,7,7,42678.375,476.5,0,0,1,20673.1,20673.1,1800.67,1812.53,-0.61731,-0.629772
8|77|8|77|sample|7|218|7|218|32.0,6,822,8,7,42678.375,476.5,0,0,1,18554.6,18554.5,517.735,518.793,1.48241,1.47424
8|77|8|77|sample|12|218|12|218|22.0,0.0003712,45444,1,12,42678.375,476.5,0,0,1,18554.6,18555,36728.5,36699,0.598563,0.601077
8|77|8|77|sample|12|218|12|218|22.0,0.001856,37090,2,12,42678.375,476.5,0,0,1,18554.6,18555,36728.5,36699,0.024825,0.0268773
8|77|8|77|sample|12|218|12|218|22.0,0.00928,32149,3,12,42678.375,476.5,0,0,1,18554.6,18555,36728.2,36698.8,-0.314492,-0.312725
8|77|8|77|sample|12|218|12|218|22.0,0.0464,16881,4,12,42678.375,476.5,0,0,1,18554.6,18555,36334.2,36409.2,-1.35051,-1.35292
8|77|8|77|sample|12|218|12|218|22.0,0.2319999999999999,2962,5,12,42678.375,476.5,0,0,1,18554.6,18555,3233.31,2854.85,-0.211664,0.0946786
8|77|8|77|sample|12|218|12|218|22.0,1.16,426,6,12,42678.375,476.5,0,0,1,18554.6,18555,414.156,412.519,0.0721355,0.0824351
8|77|8|77|sample|12|218|12|218|22.0,5.8,460,7,12,42678.375,476.5,0,0,1,18554.6,18555,411.329,410.996,0.29847,0.300755
8|77|8|77|sample|12|218|12|218|22.0,29,486,8,12,42678.375,476.5,0,0,1,18554.6,18555,411.327,410.996,0.457932,0.460334
8|77|8|77|sample|11|218|11|218|22.0,0.0003712,46172,1,11,42678.375,476.5,0,0,1,18554.6,18555,36728.5,36699,0.648561,0.651115
8|77|8|77|sample|11|218|11|218|22.0,0.001856,35384,2,11,42678.375,476.5,0,0,1,20673.1,20673.5,40896.8,40889.2,-0.340021,-0.339613
8|77|8|77|sample|11|218|11|218|22.0,0.00928,31066,3,11,42678.375,476.5,0,0,1,20673.1,20673.5,40895.9,40888.9,-0.606306,-0.605978
8|77|8|77|sample|11|218|11|218|22.0,0.0464,17065,4,11,42678.375,476.5,0,0,1,20673.1,20673.5,40297.9,40529.3,-1.45427,-1.46036
8|77|8|77|sample|11|218|11|218|22.0,0.2319999999999999,3456,5,11,42678.375,476.5,0,0,1,20673.1,20673.5,4137.54,3336.26,-0.4155,0.0905284
8|77|8|77|sample|11|218|11|218|22.0,1.16,552,6,11,42678.375,476.5,0,0,1,20673.1,20673.5,464.097,460.055,0.477767,0.504127
8|77|8|77|sample|11|218|11|218|22.0,5.8,432,7,11,42678.375,476.5,0,0,1,20673.1,20673.5,458.017,457.923,-0.143283,-0.142798
8|77|8|77|sample|11|218|11|218|22.0,29,516,8,11,42678.375,476.5,0,0,1,18554.6,18555,411.327,410.996,0.641907,0.644456
8|77|8|77|cc|1|1|218|1|218|69.0,0,474,1,1,42678.375,476.5,0,1,0,nan,nan,410.071,409.74,0.393246,0.395596
8|77|8|77|cc|2|1|218|1|218|69.0,0,504,2,1,42678.375,476.5,0,1,0,nan,nan,410.071,409.74,0.577784,0.580282
8|77|8|77|cc|3|1|218|1|218|69.0,0,490,3,1,42678.375,476.5,0,1,0,nan,nan,410.071,409.74,0.491667,0.494095
8|77|8|77|cc|4|1|218|1|218|69.0,0,528,4,1,42678.375,476.5,0,1,0,nan,nan,410.071,409.74,0.725414,0.728031
8|77|8|77|cc|5|1|218|1|218|69.0,0,460,5,1,42678.375,476.5,0,1,0,nan,nan,410.071,409.74,0.307129,0.309409
8|77|8|77|cc|6|1|218|1|218|69.0,0,446,6,1,42678.375,476.5,0,1,0,nan,nan,410.071,409.74,0.221011,0.223222
8|77|8|77|cc|7|1|218|1|218|69.0,0,412,7,1,42678.375,476.5,0,1,0,nan,nan,410.071,409.74,0.0118684,0.0139103
8|77|8|77|cc|8|1|218|1|218|69.0,0,498,8,1,42678.375,476.5,0,1,0,nan,nan,410.071,409.74,0.540877,0.543345
8|77|8|77|vc|1|2|218|2|218|69.0,0,44393,1,2,42678.375,476.5,1,0,0,nan,nan,36728.5,36699,0.526382,0.528838
8|77|8|77|vc|2|2|218|2|218|69.0,0,45576,2,2,42678.375,476.5,1,0,0,nan,nan,40896.8,40889.2,0.288605,0.289131
8|77|8|77|vc|3|2|218|2|218|69.0,0,43197,3,2,42678.375,476.5,1,0,0,nan,nan,40896.8,40889.2,0.141872,0.142371
8|77|8|77|vc|4|2|218|2|218|69.0,0,40982,4,2,42678.375,476.5,1,0,0,nan,nan,40896.8,40889.2,0.00525465,0.00572735
8|77|8|77|vc|5|2|218|2|218|69.0,0,41808,5,2,42678.375,476.5,1,0,0,nan,nan,40896.8,40889.2,0.056201,0.0566832
8|77|8|77|vc|6|2|218|2|218|69.0,0,42921,6,2,42678.375,476.5,1,0,0,nan,nan,40896.8,40889.2,0.124849,0.125344
8|77|8|77|vc|7|2|218|2|218|69.0,0,40844,7,2,42678.375,476.5,1,0,0,nan,nan,40896.8,40889.2,-0.00325697,-0.00278586
8|77|8|77|vc|8|2|218|2|218|69.0,0,41706,8,2,42678.375,476.5,1,0,0,nan,nan,36728.5,36699,0.341844,0.344151
8|745|8|745|sample|7|218|7|218|65.0,0.0016767999999999,14036,1,7,41925.5,468.5,0,0,1,18227.4,17258.5,34123.6,34135.1,-1.4849,-1.48525
8|745|8|745|sample|7|218|7|218|65.0,0.0083839999999999,8654,2,7,41925.5,468.5,0,0,1,20308.6,20018.6,39589.4,39594.4,-1.97106,-1.97113
8|745|8|745|sample|7|218|7|218|65.0,0.04192,2340,3,7,41925.5,468.5,0,0,1,20931.3,20844.5,41221.7,41226.9,-2.37926,-2.37928
8|745|8|745|sample|7|218|7|218|65.0,0.2096,544,4,7,41925.5,468.5,0,0,1,21117.7,21091.7,1407.4,1025.39,-1.54745,-1.18422
8|745|8|745|sample|7|218|7|218|65.0,1.048,500,5,7,41925.5,468.5,0,0,1,21117.7,21091.7,466.596,466.602,0.180585,0.18055
8|745|8|745|sample|7|218|7|218|65.0,5.24,446,6,7,41925.5,468.5,0,0,1,20931.3,20844.5,461.112,461.134,-0.0826691,-0.082786
8|745|8|745|sample|7|218|7|218|65.0,26.2,530,7,7,41925.5,468.5,0,0,1,20308.6,20018.6,442.807,442.863,0.496698,0.496314
8|745|8|745|sample|7|218|7|218|65.0,131,486,8,7,41925.5,468.5,0,0,1,18227.4,17258.5,381.672,381.801,0.689498,0.688411
8|745|8|745|sample|8|218|8|218|65.0,0.0016767999999999,19753,1,8,41925.5,468.5,0,0,1,18227.4,17258.5,34123.6,34135.1,-1.06229,-1.06278
8|745|8|745|sample|8|218|8|218|65.0,0.0083839999999999,15397,2,8,41925.5,468.5,0,0,1,20308.6,20018.6,39589.4,39594.4,-1.54142,-1.54155
8|745|8|745|sample|8|218|8|218|65.0,0.04192,2644,3,8,41925.5,468.5,0,0,1,20931.3,20844.5,41222.3,41226.8,-2.36066,-2.36068
8|745|8|745|sample|8|218|8|218|65.0,0.2096,626,4,8,41925.5,468.5,0,0,1,21117.7,21091.7,1345.79,1044.2,-1.34912,-1.01024
8|745|8|745|sample|8|218|8|218|65.0,1.048,466,5,8,41925.5,468.5,0,0,1,21117.7,21091.7,466.595,466.602,-0.00321768,-0.00325379
8|745|8|745|sample|8|218|8|218|65.0,5.24,480,6,8,41925.5,468.5,0,0,1,20931.3,20844.5,461.112,461.134,0.103323,0.103197
8|745|8|745|sample|8|218|8|218|65.0,26.2,496,7,8,41925.5,468.5,0,0,1,20308.6,20018.6,442.807,442.863,0.303016,0.302658
8|745|8|745|sample|8|218|8|218|65.0,131,504,8,8,41925.5,468.5,0,0,1,18227.4,17258.5,381.672,381.801,0.808459,0.807332
8|745|8|745|sample|6|218|6|218|65.0,0.0004351999999999,15921,1,6,41925.5,468.5,0,0,1,18227.4,17258.5,34123.6,34135.1,-1.34555,-1.34595
8|745|8|745|sample|6|218|6|218|65.0,0.0021759999999999,19539,2,6,41925.5,468.5,0,0,1,20308.6,20018.6,39589.4,39594.4,-1.27752,-1.27767
8|745|8|745|sample|6|218|6|218|65.0,0.0108799999999999,15797,3,6,41925.5,468.5,0,0,1,20931.3,20844.5,41226,41228,-1.5559,-1.55594
8|745|8|745|sample|6|218|6|218|65.0,0.0543999999999999,4440,4,6,41925.5,468.5,0,0,1,21117.7,21091.7,41630.7,41607.4,-2.25343,-2.25327
8|745|8|745|sample|6|218|6|218|65.0,0.2719999999999999,686,5,6,41925.5,468.5,0,0,1,21117.7,21091.7,712.664,776.654,-0.0943768,-0.294429
8|745|8|745|sample|6|218|6|218|65.0,1.36,510,6,6,41925.5,468.5,0,0,1,20931.3,20844.5,461.115,461.141,0.267416,0.267263
8|745|8|745|sample|6|218|6|218|65.0,6.8,482,7,6,41925.5,468.5,0,0,1,20308.6,20018.6,442.807,442.863,0.223265,0.222917
8|745|8|745|sample|6|218|6|218|65.0,34,442,8,6,41925.5,468.5,0,0,1,18227.4,17258.5,381.672,381.801,0.398704,0.397716
8|745|8|745|sample|5|218|5|218|65.0,0.0004351999999999,22410,1,5,41925.5,468.5,0,0,1,18227.4,17258.5,34123.6,34135.1,-0.865881,-0.866441
8|745|8|745|sample|5|218|5|218|65.0,0.0021759999999999,20920,2,5,41925.5,468.5,0,0,1,20308.6,20018.6,39589.4,39594.4,-1.18953,-1.18969
8|745|8|745|sample|5|218|5|218|65.0,0.0108799999999999,19255,3,5,41925.5,468.5,0,0,1,20931.3,20844.5,41226,41228,-1.34432,-1.34437
8|745|8|745|sample|5|218|5|218|65.0,0.0543999999999999,5578,4,5,41925.5,468.5,0,0,1,21117.7,21091.7,41573.7,41579.4,-2.18401,-2.18406
8|745|8|745|sample|5|218|5|218|65.0,0.2719999999999999,778,5,5,41925.5,468.5,0,0,1,21117.7,21091.7,841.604,840.226,-0.190633,-0.186809
8|745|8|745|sample|5|218|5|218|65.0,6.8,448,7,5,41925.5,468.5,0,0,1,20308.6,20018.6,442.807,442.863,0.0295842,0.0292601
8|745|8|745|sample|5|218|5|218|65.0,34,514,8,5,41925.5,468.5,0,0,1,18227.4,17258.5,381.672,381.801,0.874548,0.873399
8|745|8|745|sample|3|218|3|218|65.0,1.36,492,6,3,41925.5,468.5,0,0,1,20931.3,20844.5,462.859,501.299,0.158809,-0.046791
8|745|8|745|sample|11|218|11|218|28.0,0.0014272,34041,1,11,41925.5,468.5,0,0,1,18227.4,17259.5,34123.6,34135.1,-0.00610602,-0.00695707
8|745|8|745|sample|11|218|11|218|28.0,0.007136,31669,2,11,41925.5,468.5,0,0,1,20308.6,20019.8,39589.4,39594.4,-0.504649,-0.504905
8|745|8|745|sample|11|218|11|218|28.0,0.03568,15013,3,11,41925.5,468.5,0,0,1,20308.6,20019.8,39586.2,39592.9,-1.56582,-1.56598
8|745|8|745|sample|11|218|11|218|28.0,0.1784,2764,4,11,41925.5,468.5,0,0,1,20308.6,20019.8,4261.32,3754.17,-0.886324,-0.665299
8|745|8|745|sample|11|218|11|218|28.0,0.892,588,5,11,41925.5,468.5,0,0,1,20308.6,20019.8,445.196,445.228,0.80912,0.808876
8|745|8|745|sample|11|218|11|218|28.0,4.46,514,6,11,41925.5,468.5,0,0,1,20308.6,20019.8,445.159,445.216,0.39008,0.38971
8|745|8|745|sample|11|218|11|218|28.0,22.3,488,7,11,41925.5,468.5,0,0,1,20308.6,20019.8,445.159,445.216,0.242753,0.242402
8|745|8|745|sample|11|218|11|218|28.0,111.5,454,8,11,41925.5,468.5,0,0,1,18227.4,17259.5,383.7,383.83,0.462155,0.461145
8|745|8|745|sample|12|218|12|218|28.0,0.0014272,35658,1,12,41925.5,468.5,0,0,1,18227.4,17259.5,34123.6,34135.1,0.113424,0.112533
8|745|8|745|sample|12|218|12|218|28.0,0.007136,33363,2,12,41925.5,468.5,0,0,1,18227.4,17259.5,34123.6,34135.1,-0.0562244,-0.0570585
8|745|8|745|sample|12|218|12|218|28.0,0.03568,19647,3,12,41925.5,468.5,0,0,1,18227.4,17259.5,34113.2,34132.3,-1.06968,-1.0705
8|745|8|745|sample|12|218|12|218|28.0,0.1784,2970,4,12,41925.5,468.5,0,0,1,18227.4,17259.5,4749.03,3763.85,-0.944932,-0.532018
8|745|8|745|sample|12|218|12|218|28.0,0.892,516,5,12,41925.5,468.5,0,0,1,18227.4,17259.5,383.931,383.865,0.867705,0.868288
8|745|8|745|sample|12|218|12|218|28.0,4.46,476,6,12,41925.5,468.5,0,0,1,18227.4,17259.5,383.7,383.83,0.606783,0.605725
8|745|8|745|sample|12|218|12|218|28.0,22.3,430,7,12,41925.5,468.5,0,0,1,18227.4,17259.5,383.7,383.83,0.304378,0.303422
8|745|8|745|sample|12|218|12|218|28.0,111.5,508,8,12,41925.5,468.5,0,0,1,18227.4,17259.5,383.7,383.83,0.817152,0.816022
8|745|8|745|sample|10|218|10|218|28.0,0.0004479999999999,30856,1,10,41925.5,468.5,0,0,1,18227.4,17259.5,34123.6,34135.1,-0.241544,-0.242316
8|745|8|745|sample|10|218|10|218|28.0,0.00224,33967,2,10,41925.5,468.5,0,0,1,20308.6,20019.8,39589.4,39594.4,-0.35823,-0.358506
8|745|8|745|sample|10|218|10|218|28.0,0.0111999999999999,30390,3,10,41925.5,468.5,0,0,1,20931.3,20845.8,41220.2,41224.5,-0.662749,-0.662943
8|745|8|745|sample|10|218|10|218|28.0,0.0559999999999999,15487,4,10,41925.5,468.5,0,0,1,20931.3,20845.8,39408.8,39704.5,-1.53117,-1.53855
8|745|8|745|sample|10|218|10|218|28.0,0.2799999999999999,2782,5,10,41925.5,468.5,0,0,1,20931.3,20845.8,2962.5,2637.53,-0.15369,0.138162
8|745|8|745|sample|10|218|10|218|28.0,1.4,586,6,10,41925.5,468.5,0,0,1,20931.3,20845.8,471.673,468.606,0.611409,0.631918
8|745|8|745|sample|10|218|10|218|28.0,7,518,7,10,41925.5,468.5,0,0,1,20308.6,20019.8,445.183,445.226,0.412589,0.412303
8|745|8|745|sample|10|218|10|218|28.0,35,628,8,10,41925.5,468.5,0,0,1,18227.4,17259.5,383.7,383.83,1.60603,1.60464
8|745|8|745|sample|9|218|9|218|28.0,0.0004479999999999,34245,1,9,41925.5,468.5,0,0,1,18227.4,17259.5,34123.6,34135.1,0.00897386,0.00811771
8|745|8|745|sample|9|218|9|218|28.0,0.00224,30544,2,9,41925.5,468.5,0,0,1,20308.6,20019.8,39589.4,39594.4,-0.576328,-0.576576
8|745|8|745|sample|9|218|9|218|28.0,0.0111999999999999,32845,3,9,41925.5,468.5,0,0,1,20931.3,20845.8,41222.2,41224.4,-0.512616,-0.512723
8|745|8|745|sample|9|218|9|218|28.0,0.0559999999999999,16947,4,9,41925.5,468.5,0,0,1,21117.7,21092.9,40124.6,40166.6,-1.45707,-1.45818
8|745|8|745|sample|9|218|9|218|28.0,0.2799999999999999,2844,5,9,41925.5,468.5,0,0,1,21117.7,21092.9,2697.31,2679.62,0.137178,0.154741
8|745|8|745|sample|9|218|9|218|28.0,1.4,526,6,9,41925.5,468.5,0,0,1,20931.3,20845.8,468.896,468.688,0.307194,0.30845
8|745|8|745|sample|9|218|9|218|28.0,7,504,7,9,41925.5,468.5,0,0,1,20308.6,20019.8,445.171,445.227,0.333341,0.332984
8|745|8|745|sample|9|218|9|218|28.0,35,506,8,9,41925.5,468.5,0,0,1,18227.4,17259.5,383.7,383.83,0.804004,0.802879
8|745|8|745|sample|4|218|4|218|22.0,0.0010624,34037,1,4,41925.5,468.5,0,0,1,18227.4,17258.9,34123.6,34135.1,-0.00640171,-0.00725248
8|745|8|745|sample|4|218|4|218|22.0,0.005312,36046,2,4,41925.5,468.5,0,0,1,20308.6,20019.1,39589.3,39593.7,-0.225766,-0.226018
8|745|8|745|sample|4|218|4|218|22.0,0.02656,26077,3,4,41925.5,468.5,0,0,1,20931.3,20845.1,41195.6,41054.2,-0.925727,-0.92023
8|745|8|745|sample|4|218|4|218|22.0,0.1328,8328,4,4,41925.5,468.5,0,0,1,21117.7,21092.2,20531,20745.5,-1.49927,-1.50985
8|745|8|745|sample|4|218|4|218|22.0,0.664,672,5,4,41925.5,468.5,0,0,1,21117.7,21092.2,495.217,632.018,0.900467,0.159573
8|745|8|745|sample|4|218|4|218|22.0,3.32,466,6,4,41925.5,468.5,0,0,1,20931.3,20845.1,462.138,462.816,0.0210809,0.0173555
8|745|8|745|sample|4|218|4|218|22.0,16.6,460,7,4,41925.5,468.5,0,0,1,20308.6,20019.1,443.773,443.832,0.0922362,0.0918884
8|745|8|745|sample|4|218|4|218|22.0,83,550,8,4,41925.5,468.5,0,0,1,18227.4,17258.9,382.505,382.634,1.10456,1.10333
8|745|8|745|sample|3|218|3|218|22.0,0.0010624,37523,1,3,41925.5,468.5,0,0,1,18227.4,17258.9,34123.6,34135.1,0.251287,0.250349
8|745|8|745|sample|3|218|3|218|22.0,0.005312,37208,2,3,41925.5,468.5,0,0,1,20308.6,20019.1,39589.2,39592.9,-0.151721,-0.151942
8|745|8|745|sample|3|218|3|218|22.0,0.02656,26461,3,3,41925.5,468.5,0,0,1,20931.3,20845.1,41147.3,40974.7,-0.900314,-0.89348
8|745|8|745|sample|3|218|3|218|22.0,0.1328,7202,4,3,41925.5,468.5,0,0,1,20931.3,20845.1,20363.1,20526.2,-1.63031,-1.6374
8|745|8|745|sample|3|218|3|218|22.0,0.664,758,5,3,41925.5,468.5,0,0,1,20931.3,20845.1,533.719,700.139,1.05999,0.208461
8|745|8|745|sample|3|218|3|218|22.0,16.6,474,7,3,41925.5,468.5,0,0,1,20308.6,20019.1,443.773,443.838,0.171812,0.17142
8|745|8|745|sample|3|218|3|218|22.0,83,544,8,3,41925.5,468.5,0,0,1,18227.4,17258.9,382.505,382.634,1.06499,1.06377
8|745|8|745|sample|5|218|5|218|22.0,3.32,492,6,5,41925.5,468.5,0,0,1,20931.3,20845.1,462.164,487.845,0.162842,0.0214815
8|745|8|745|cc|1|1|218|1|218|69.0,0,424,1,1,41925.5,468.5,0,1,0,nan,nan,381.317,381.446,0.282352,0.281403
8|745|8|745|cc|2|1|218|1|218|69.0,0,424,2,1,41925.5,468.5,0,1,0,nan,nan,381.317,381.446,0.282352,0.281403
8|745|8|745|cc|3|1|218|1|218|69.0,0,442,3,1,41925.5,468.5,0,1,0,nan,nan,381.317,381.446,0.401424,0.400435
8|745|8|745|cc|4|1|218|1|218|69.0,0,476,4,1,41925.5,468.5,0,1,0,nan,nan,381.317,381.446,0.626337,0.625272
8|745|8|745|cc|5|1|218|1|218|69.0,0,500,5,1,41925.5,468.5,0,1,0,nan,nan,381.317,381.446,0.7851,0.783981
8|745|8|745|cc|6|1|218|1|218|69.0,0,514,6,1,41925.5,468.5,0,1,0,nan,nan,381.317,381.446,0.877711,0.876561
8|745|8|745|cc|7|1|218|1|218|69.0,0,472,7,1,41925.5,468.5,0,1,0,nan,nan,381.317,381.446,0.599877,0.598821
8|745|8|745|cc|8|1|218|1|218|69.0,0,496,8,1,41925.5,468.5,0,1,0,nan,nan,381.317,381.446,0.758639,0.757529
8|745|8|745|vc|1|2|218|2|218|69.0,0,40530,1,2,41925.5,468.5,1,0,0,nan,nan,34123.6,34135.1,0.473567,0.472554
8|745|8|745|vc|2|2|218|2|218|69.0,0,43557,2,2,41925.5,468.5,1,0,0,nan,nan,39589.4,39594.4,0.252799,0.252446
8|745|8|745|vc|3|2|218|2|218|69.0,0,43897,3,2,41925.5,468.5,1,0,0,nan,nan,39589.4,39594.4,0.274462,0.274107
8|745|8|745|vc|4|2|218|2|218|69.0,0,43871,4,2,41925.5,468.5,1,0,0,nan,nan,39589.4,39594.4,0.272806,0.272451
8|745|8|745|vc|5|2|218|2|218|69.0,0,42072,5,2,41925.5,468.5,1,0,0,nan,nan,39589.4,39594.4,0.158182,0.157841
8|745|8|745|vc|6|2|218|2|218|69.0,0,41786,6,2,41925.5,468.5,1,0,0,nan,nan,39589.4,39594.4,0.139959,0.139621
8|745|8|745|vc|7|2|218|2|218|69.0,0,38985,7,2,41925.5,468.5,1,0,0,nan,nan,39589.4,39594.4,-0.0385075,-0.038823
8|745|8|745|vc|8|2|218|2|218|69.0,0,40706,8,2,41925.5,468.5,1,0,0,nan,nan,34123.6,34135.1,0.486577,0.48556
8|322|8|322|sample|6|174|6|174|55.0,0.0006144,61466,1,6,57415.875,489,0,0,1,24896.3,24896.2,49411.4,49369.5,0.615386,0.618048
8|322|8|322|sample|6|174|6|174|55.0,0.003072,43953,2,6,57415.875,489,0,0,1,27738.9,27738.8,55015.1,54959.9,-0.5072,-0.505176
8|322|8|322|sample|6|174|6|174|55.0,0.01536,17317,3,6,57415.875,489,0,0,1,28589.5,28589.4,56456.1,55694.8,-1.74873,-1.73815
8|322|8|322|sample|6|174|6|174|55.0,0.0768,3170,4,6,57415.875,489,0,0,1,28844,28843.9,45609.6,41997.1,-2.34713,-2.33205
8|322|8|322|sample|6|174|6|174|55.0,0.384,1668,5,6,57415.875,489,0,0,1,28844,28843.9,3975.74,7238.56,-1.46417,-1.9412
8|322|8|322|sample|6|174|6|174|55.0,1.92,986,6,6,57415.875,489,0,0,1,28589.5,28589.4,545.196,856.631,2.03946,0.380944
8|322|8|322|sample|6|174|6|174|55.0,9.6,876,7,6,57415.875,489,0,0,1,27738.9,27738.8,469.942,486.885,2.17955,2.01592
8|322|8|322|sample|6|174|6|174|55.0,48,568,8,6,57415.875,489,0,0,1,24896.3,24896.2,421.15,421.597,0.87955,0.87594
8|322|8|322|sample|5|174|5|174|55.0,0.0006144,57284,1,5,57415.875,489,0,0,1,24896.3,24896.2,49407.6,49366.5,0.402119,0.404557
8|322|8|322|sample|5|174|5|174|55.0,0.003072,45244,2,5,57415.875,489,0,0,1,27738.9,27738.8,54946.3,54918.6,-0.445408,-0.44436
8|322|8|322|sample|5|174|5|174|55.0,0.01536,15013,3,5,57415.875,489,0,0,1,28589.5,28589.4,55444.6,55284.8,-1.83943,-1.83746
8|322|8|322|sample|5|174|5|174|55.0,0.0768,3166,4,5,57415.875,489,0,0,1,28844,28843.9,41315.4,40999.6,-2.32915,-2.32767
8|322|8|322|sample|5|174|5|174|55.0,0.384,1700,5,5,57415.875,489,0,0,1,28844,28843.9,7913.35,8351.47,-1.98056,-2.00899
8|322|8|322|sample|5|174|5|174|55.0,1.92,1178,6,5,57415.875,489,0,0,1,28589.5,28589.4,975.384,1059.82,0.523987,0.281274
8|322|8|322|sample|5|174|5|174|55.0,9.6,802,7,5,57415.875,489,0,0,1,27738.9,27738.8,497.157,505.206,1.5467,1.48187
8|322|8|322|sample|5|174|5|174|55.0,48,592,8,5,57415.875,489,0,0,1,24896.3,24896.2,422.621,422.898,1.01095,1.00864
8|322|8|322|sample|3|174|3|174|55.0,0.000064,68369,1,3,57415.875,489,0,0,1,24896.3,24896.2,49411.5,49371.7,0.967779,0.970591
8|322|8|322|sample|3|174|3|174|55.0,0.00032,67810,2,3,57415.875,489,0,0,1,27738.9,27738.8,55019,55008.7,0.586425,0.587009
8|322|8|322|sample|3|174|3|174|55.0,0.0016,52285,3,3,57415.875,489,0,0,1,28589.5,28589.4,56695.5,56691.7,-0.19623,-0.19607
8|322|8|322|sample|3|174|3|174|55.0,0.008,24757,4,3,57415.875,489,0,0,1,28589.5,28589.4,56597.2,56566,-1.41907,-1.41846
8|322|8|322|sample|3|174|3|174|55.0,0.04,6502,5,3,57415.875,489,0,0,1,28589.5,28589.4,53103.6,52738.1,-2.2136,-2.21146
8|322|8|322|sample|3|174|3|174|55.0,0.2,1324,6,3,57415.875,489,0,0,1,28589.5,28589.4,16134.3,16624.8,-2.31546,-2.32156
8|322|8|322|sample|3|174|3|174|55.0,1,1184,7,3,57415.875,489,0,0,1,27738.9,27738.8,1018.1,1130.96,0.411029,0.118295
8|322|8|322|sample|3|174|3|174|55.0,5,732,8,3,57415.875,489,0,0,1,24896.3,24896.2,434.263,439.141,1.72943,1.6822
8|322|8|322|sample|4|174|4|174|55.0,0.000064,62415,1,4,57415.875,489,0,0,1,24896.3,24896.2,49411.5,49371.7,0.663829,0.666396
8|322|8|322|sample|4|174|4|174|55.0,0.00032,67704,2,4,57415.875,489,0,0,1,27738.9,27738.8,55018.9,55008.7,0.581573,0.58215
8|322|8|322|sample|4|174|4|174|55.0,0.0016,62973,3,4,57415.875,489,0,0,1,28589.5,28589.4,56692.2,56691.3,0.279458,0.279499
8|322|8|322|sample|4|174|4|174|55.0,0.008,31769,4,4,57415.875,489,0,0,1,28844,28843.9,57030.1,57063.2,-1.1173,-1.11812
8|322|8|322|sample|4|174|4|174|55.0,0.04,7024,5,4,57415.875,489,0,0,1,28844,28843.9,52752.1,53131.2,-2.18658,-2.18898
8|322|8|322|sample|4|174|4|174|55.0,0.2,2158,6,4,57415.875,489,0,0,1,28589.5,28589.4,17031.1,16707.7,-2.20283,-2.19664
8|322|8|322|sample|4|174|4|174|55.0,1,1208,7,4,57415.875,489,0,0,1,27738.9,27738.8,1265.22,1154.12,-0.114078,0.11776
8|322|8|322|sample|4|174|4|174|55.0,5,738,8,4,57415.875,489,0,0,1,24896.3,24896.2,446.891,440.322,1.64314,1.70529
8|322|8|322|sample|10|174|10|174|32.0,0.0003648,59489,1,10,57415.875,489,0,0,1,24896.3,24896.9,49411.5,49371.7,0.514456,0.516903
8|322|8|322|sample|10|174|10|174|32.0,0.001824,58098,2,10,57415.875,489,0,0,1,27738.9,27739.5,55019.1,55008.8,0.141157,0.141655
8|322|8|322|sample|10|174|10|174|32.0,0.00912,33755,3,10,57415.875,489,0,0,1,28589.5,28590.1,56698.2,56695.6,-1.02072,-1.02065
8|322|8|322|sample|10|174|10|174|32.0,0.0456,5730,4,10,57415.875,489,0,0,1,28589.5,28590.1,56690.4,56691.3,-2.26749,-2.2675
8|322|8|322|sample|10|174|10|174|32.0,0.228,522,5,10,57415.875,489,0,0,1,28589.5,28590.1,1021.48,888.102,-1.23342,-1.03983
8|322|8|322|sample|10|174|10|174|32.0,1.14,508,6,10,57415.875,489,0,0,1,28589.5,28590.1,484.649,484.626,0.121535,0.121659
8|322|8|322|sample|10|174|10|174|32.0,5.7,466,7,10,57415.875,489,0,0,1,27738.9,27739.5,470.295,470.208,-0.0230388,-0.0225714
8|322|8|322|sample|10|174|10|174|32.0,28.5,506,8,10,57415.875,489,0,0,1,24896.3,24896.9,422.362,422.022,0.499505,0.50194
8|322|8|322|sample|9|174|9|174|32.0,0.0003648,63211,1,9,57415.875,489,0,0,1,24896.3,24896.9,49411.5,49371.7,0.704464,0.707064
8|322|8|322|sample|9|174|9|174|32.0,0.001824,58837,2,9,57415.875,489,0,0,1,27738.9,27739.5,55019.1,55008.8,0.175038,0.175543
8|322|8|322|sample|9|174|9|174|32.0,0.00912,39073,3,9,57415.875,489,0,0,1,28589.5,28590.1,56698.2,56695.6,-0.784129,-0.784049
8|322|8|322|sample|9|174|9|174|32.0,0.0456,8670,4,9,57415.875,489,0,0,1,28844,28844.6,57194.2,57194.5,-2.14007,-2.14008
8|322|8|322|sample|9|174|9|174|32.0,0.228,700,5,9,57415.875,489,0,0,1,28844,28844.6,988.732,965.243,-0.736611,-0.693154
8|322|8|322|sample|9|174|9|174|32.0,1.14,472,6,9,57415.875,489,0,0,1,28589.5,28590.1,484.649,484.626,-0.0658326,-0.0657196
8|322|8|322|sample|9|174|9|174|32.0,5.7,500,7,9,57415.875,489,0,0,1,27738.9,27739.5,470.295,470.208,0.159322,0.159823
8|322|8|322|sample|9|174|9|174|32.0,28.5,482,8,9,57415.875,489,0,0,1,24896.3,24896.9,422.362,422.022,0.356171,0.358491
8|322|8|322|sample|7|174|7|174|32.0,0.0000768,65787,1,7,57415.875,489,0,0,1,24896.3,24896.9,49411.5,49371.7,0.835968,0.838674
8|322|8|322|sample|7|174|7|174|32.0,0.000384,73386,2,7,57415.875,489,0,0,1,27738.9,27739.5,55019.1,55008.8,0.842063,0.842692
8|322|8|322|sample|7|174|7|174|32.0,0.00192,64997,3,7,57415.875,489,0,0,1,28589.5,28590.1,56698.2,56695.6,0.369205,0.369338
8|322|8|322|sample|7|174|7|174|32.0,0.0096,39945,4,7,57415.875,489,0,0,1,28844,28844.6,57201,57200.4,-0.760955,-0.760935
8|322|8|322|sample|7|174|7|174|32.0,0.048,8318,5,7,57415.875,489,0,0,1,28844,28844.6,57177.9,57186.1,-2.15549,-2.15555
8|322|8|322|sample|7|174|7|174|32.0,0.24,670,6,7,57415.875,489,0,0,1,28589.5,28590.1,997.482,880.627,-0.828142,-0.603315
8|322|8|322|sample|7|174|7|174|32.0,1.2,500,7,7,57415.875,489,0,0,1,27738.9,27739.5,470.297,470.208,0.159311,0.159819
8|322|8|322|sample|7|174|7|174|32.0,6,490,8,7,57415.875,489,0,0,1,24896.3,24896.9,422.362,422.022,0.403949,0.406307
8|322|8|322|sample|8|174|8|174|32.0,0.0000768,62071,1,8,57415.875,489,0,0,1,24896.3,24896.9,49411.5,49371.7,0.646267,0.64882
8|322|8|322|sample|8|174|8|174|32.0,0.000384,68715,2,8,57415.875,489,0,0,1,27738.9,27739.5,55019.1,55008.8,0.627913,0.628502
8|322|8|322|sample|8|174|8|174|32.0,0.00192,70174,3,8,57415.875,489,0,0,1,28589.5,28590.1,56698.2,56695.6,0.599525,0.599668
8|322|8|322|sample|8|174|8|174|32.0,0.0096,40494,4,8,57415.875,489,0,0,1,28844,28844.6,57201,57200.4,-0.736745,-0.736725
8|322|8|322|sample|8|174|8|174|32.0,0.048,8992,5,8,57415.875,489,0,0,1,28844,28844.6,57178.7,57181.6,-2.12577,-2.12579
8|322|8|322|sample|8|174|8|174|32.0,0.24,784,6,8,57415.875,489,0,0,1,28589.5,28590.1,986.871,950.177,-0.51854,-0.441153
8|322|8|322|sample|8|174|8|174|32.0,1.2,536,7,8,57415.875,489,0,0,1,27738.9,27739.5,470.297,470.209,0.352399,0.352939
8|322|8|322|sample|12|174|12|174|22.0,0.0003712,46716,1,12,57415.875,489,0,0,1,24896.3,24900,49411.5,49371.7,-0.137604,-0.135682
8|322|8|322|sample|12|174|12|174|22.0,0.001856,42028,2,12,57415.875,489,0,0,1,24896.3,24900,49411.5,49371.7,-0.376926,-0.375197
8|322|8|322|sample|12|174|12|174|22.0,0.00928,33001,3,12,57415.875,489,0,0,1,24896.3,24900,49411.5,49371.7,-0.837753,-0.836396
8|322|8|322|sample|12|174|12|174|22.0,0.0464,9910,4,12,57415.875,489,0,0,1,24896.3,24900,49354.7,49348.2,-2.01596,-2.0159
8|322|8|322|sample|12|174|12|174|22.0,0.2319999999999999,1086,5,12,57415.875,489,0,0,1,24896.3,24900,1603.19,1177.33,-0.813749,-0.195683
8|322|8|322|sample|12|174|12|174|22.0,1.16,452,6,12,57415.875,489,0,0,1,24896.3,24900,428.776,428.402,0.136624,0.138944
8|322|8|322|sample|12|174|12|174|22.0,5.8,472,7,12,57415.875,489,0,0,1,24896.3,24900,428.742,428.397,0.254505,0.256742
8|322|8|322|sample|12|174|12|174|22.0,29,506,8,12,57415.875,489,0,0,1,24896.3,24900,428.742,428.397,0.454539,0.456938
8|322|8|322|sample|8|174|8|174|22.0,29,490,8,8,57415.875,489,0,0,1,24896.3,24900,428.742,450.14,0.360405,0.223364
8|322|8|322|sample|11|174|11|174|22.0,0.0003712,53154,1,11,57415.875,489,0,0,1,24896.3,24900,49411.5,49371.7,0.191055,0.193242
8|322|8|322|sample|11|174|11|174|22.0,0.001856,50238,2,11,57415.875,489,0,0,1,27738.9,27743.1,55019.1,55008.8,-0.219198,-0.218768
8|322|8|322|sample|11|174|11|174|22.0,0.00928,51061,3,11,57415.875,489,0,0,1,27738.9,27743.1,55019.1,55008.8,-0.181467,-0.181029
8|322|8|322|sample|11|174|11|174|22.0,0.0464,11824,4,11,57415.875,489,0,0,1,27738.9,27743.1,54967.5,54978.8,-1.97985,-1.97996
8|322|8|322|sample|11|174|11|174|22.0,0.2319999999999999,1284,5,11,57415.875,489,0,0,1,27738.9,27743.1,1650.71,1375.34,-0.560372,-0.167531
8|322|8|322|sample|11|174|11|174|22.0,1.16,466,6,11,57415.875,489,0,0,1,27738.9,27743.1,477.424,477.318,-0.060358,-0.0598122
8|322|8|322|sample|11|174|11|174|22.0,5.8,472,7,11,57415.875,489,0,0,1,27738.9,27743.1,477.399,477.31,-0.0285268,-0.0280604
8|322|8|322|sample|11|174|11|174|32.0,6,490,8,11,57415.875,489,0,0,1,24896.3,24896.9,422.364,455.412,0.403936,0.191576
8|322|8|322|cc|1|1|174|1|174|69.0,0,458,1,1,57415.875,489,0,1,0,nan,nan,420.828,420.489,0.222809,0.225021
8|322|8|322|cc|2|1|174|1|174|69.0,0,448,2,1,57415.875,489,0,1,0,nan,nan,420.828,420.489,0.162869,0.165032
8|322|8|322|cc|3|1|174|1|174|69.0,0,402,3,1,57415.875,489,0,1,0,nan,nan,420.828,420.489,-0.112856,-0.110914
8|322|8|322|cc|4|1|174|1|174|69.0,0,478,4,1,57415.875,489,0,1,0,nan,nan,420.828,420.489,0.342689,0.344998
8|322|8|322|cc|5|1|174|1|174|69.0,0,488,5,1,57415.875,489,0,1,0,nan,nan,420.828,420.489,0.40263,0.404986
8|322|8|322|cc|6|1|174|1|174|69.0,0,550,6,1,57415.875,489,0,1,0,nan,nan,420.828,420.489,0.774258,0.776915
8|322|8|322|cc|7|1|174|1|174|69.0,0,526,7,1,57415.875,489,0,1,0,nan,nan,420.828,420.489,0.630402,0.632942
8|322|8|322|cc|8|1|174|1|174|69.0,0,562,8,1,57415.875,489,0,1,0,nan,nan,420.828,420.489,0.846187,0.848901
8|322|8|322|vc|1|2|174|2|174|69.0,0,64086,1,2,57415.875,489,1,0,0,nan,nan,49411.5,49371.7,0.749133,0.751768
8|322|8|322|vc|2|2|174|2|174|69.0,0,59601,2,2,57415.875,489,1,0,0,nan,nan,55019.1,55008.8,0.210065,0.210576
8|322|8|322|vc|3|2|174|2|174|69.0,0,60716,3,2,57415.875,489,1,0,0,nan,nan,55019.1,55008.8,0.261184,0.261705
8|322|8|322|vc|4|2|174|2|174|69.0,0,64995,4,2,57415.875,489,1,0,0,nan,nan,55019.1,55008.8,0.457363,0.45792
8|322|8|322|vc|5|2|174|2|174|69.0,0,56075,5,2,57415.875,489,1,0,0,nan,nan,55019.1,55008.8,0.0484093,0.04889
8|322|8|322|vc|6|2|174|2|174|69.0,0,55557,6,2,57415.875,489,1,0,0,nan,nan,55019.1,55008.8,0.0246606,0.025137
8|322|8|322|vc|7|2|174|2|174|69.0,0,54622,7,2,57415.875,489,1,0,0,nan,nan,55019.1,55008.8,-0.0182061,-0.0177378
8|322|8|322|vc|8|2|174|2|174|69.0,0,43675,8,2,57415.875,489,1,0,0,nan,nan,49411.5,49371.7,-0.292846,-0.29105
8|1043|8|1043|sample|6|174|6|174|65.0,0.0004351999999999,53834,1,6,53952,485,0,0,1,23405.3,23406.8,46430.5,46393.1,0.402214,0.40457
8|1043|8|1043|sample|6|174|6|174|65.0,0.0021759999999999,53832,2,6,53952,485,0,0,1,26077.6,26079.3,51699.8,51690.2,0.104029,0.104521
8|1043|8|1043|sample|6|174|6|174|65.0,0.0108799999999999,37408,3,6,53952,485,0,0,1,26877.3,26879,53277.6,53275.2,-0.751354,-0.751273
8|1043|8|1043|sample|6|174|6|174|65.0,0.0543999999999999,8112,4,6,53952,485,0,0,1,27116.6,27118.3,53688.3,53670.9,-2.14132,-2.1412
8|1043|8|1043|sample|6|174|6|174|65.0,0.2719999999999999,562,5,6,53952,485,0,0,1,27116.6,27118.3,683.911,734.501,-0.44964,-0.592409
8|1043|8|1043|sample|6|174|6|174|65.0,1.36,452,6,6,53952,485,0,0,1,26877.3,26879,482.77,482.749,-0.160771,-0.160667
8|1043|8|1043|sample|6|174|6|174|65.0,6.8,476,7,6,53952,485,0,0,1,26077.6,26079.3,468.472,468.384,0.040534,0.0410133
8|1043|8|1043|sample|6|174|6|174|65.0,131,498,8,6,53952,485,0,0,1,23405.3,23406.8,420.725,420.386,0.463304,0.46571
8|1043|8|1043|sample|7|174|7|174|65.0,0.0016767999999999,37150,1,7,53952,485,0,0,1,23405.3,23406.8,46430.5,46393.1,-0.504185,-0.502559
8|1043|8|1043|sample|7|174|7|174|65.0,0.0083839999999999,21354,2,7,53952,485,0,0,1,26077.6,26079.3,51699.8,51690.2,-1.48058,-1.48039
8|1043|8|1043|sample|7|174|7|174|65.0,0.04192,3898,3,7,53952,485,0,0,1,26877.3,26879,53273.8,53274.2,-2.33788,-2.33789
8|1043|8|1043|sample|7|174|7|174|65.0,0.2096,538,4,7,53952,485,0,0,1,27116.6,27118.3,1531.05,1111.06,-1.63608,-1.30102
8|1043|8|1043|sample|7|174|7|174|65.0,1.048,474,5,7,53952,485,0,0,1,27116.6,27118.3,487.052,487.045,-0.0675945,-0.0675603
8|1043|8|1043|sample|7|174|7|174|65.0,5.24,484,6,7,53952,485,0,0,1,26877.3,26879,482.769,482.747,0.00643161,0.00654733
8|1043|8|1043|sample|7|174|7|174|65.0,26.2,498,7,7,53952,485,0,0,1,26077.6,26079.3,468.472,468.384,0.158991,0.159493
8|1043|8|1043|sample|7|174|7|174|65.0,131,562,8,7,53952,485,0,0,1,23405.3,23406.8,420.725,420.386,0.847016,0.84973
8|1043|8|1043|sample|8|174|8|174|65.0,0.0016767999999999,42907,1,8,53952,485,0,0,1,23405.3,23406.8,46430.5,46393.1,-0.191422,-0.189544
8|1043|8|1043|sample|8|174|8|174|65.0,0.0083839999999999,30010,2,8,53952,485,0,0,1,26077.6,26079.3,51699.8,51690.2,-1.05825,-1.05798
8|1043|8|1043|sample|8|174|8|174|65.0,0.04192,6668,3,8,53952,485,0,0,1,26877.3,26879,53274.8,53274.2,-2.20673,-2.20673
8|1043|8|1043|sample|8|174|8|174|65.0,0.2096,608,4,8,53952,485,0,0,1,27116.6,27118.3,1404.15,1115.29,-1.43022,-1.14733
8|1043|8|1043|sample|8|174|8|174|65.0,1.048,452,5,8,53952,485,0,0,1,27116.6,27118.3,487.051,487.045,-0.18153,-0.1815
8|1043|8|1043|sample|8|174|8|174|65.0,5.24,462,6,8,53952,485,0,0,1,26877.3,26879,482.769,482.747,-0.108518,-0.108407
8|1043|8|1043|sample|8|174|8|174|65.0,26.2,470,7,8,53952,485,0,0,1,26077.6,26079.3,468.472,468.384,0.0082275,0.00870075
8|1043|8|1043|sample|8|174|8|174|65.0,34,498,8,8,53952,485,0,0,1,23405.3,23406.8,420.725,420.386,0.463304,0.46571
8|1043|8|1043|sample|5|174|5|174|65.0,0.0004351999999999,40066,1,5,53952,485,0,0,1,23405.3,23406.8,46430.5,46393.1,-0.345767,-0.344013
8|1043|8|1043|sample|5|174|5|174|65.0,0.0021759999999999,35532,2,5,53952,485,0,0,1,26077.6,26079.3,51699.8,51690.2,-0.788833,-0.788509
8|1043|8|1043|sample|5|174|5|174|65.0,0.0108799999999999,26577,3,5,53952,485,0,0,1,26877.3,26879,53277.6,53275.2,-1.26415,-1.26409
8|1043|8|1043|sample|5|174|5|174|65.0,0.0543999999999999,7608,4,5,53952,485,0,0,1,27116.6,27118.3,53623.7,53666.8,-2.16457,-2.16486
8|1043|8|1043|sample|5|174|5|174|65.0,0.2719999999999999,586,5,5,53952,485,0,0,1,27116.6,27118.3,842.654,745.181,-0.768283,-0.538831
8|1043|8|1043|sample|5|174|5|174|65.0,1.36,472,6,5,53952,485,0,0,1,26877.3,26879,482.775,482.749,-0.0562969,-0.056165
8|1043|8|1043|sample|5|174|5|174|65.0,6.8,462,7,5,53952,485,0,0,1,26077.6,26079.3,468.472,468.384,-0.0348479,-0.0343827
8|1043|8|1043|sample|5|174|5|174|65.0,34,504,8,5,53952,485,0,0,1,23405.3,23406.8,420.725,420.386,0.499277,0.501712
8|1043|8|1043|sample|11|174|11|174|28.0,0.0014272,37302,1,11,53952,485,0,0,1,23405.3,23408.2,46430.5,46393.1,-0.495928,-0.494295
8|1043|8|1043|sample|11|174|11|174|28.0,0.007136,24945,2,11,53952,485,0,0,1,26077.6,26080.9,51699.8,51690.1,-1.30538,-1.30515
8|1043|8|1043|sample|11|174|11|174|28.0,0.03568,8204,3,11,53952,485,0,0,1,26077.6,26080.9,51694.3,51605.5,-2.12213,-2.12144
8|1043|8|1043|sample|11|174|11|174|28.0,0.1784,666,4,11,53952,485,0,0,1,26077.6,26080.9,5800.84,9833.65,-2.23285,-2.35161
8|1043|8|1043|sample|11|174|11|174|28.0,0.892,476,5,11,53952,485,0,0,1,26077.6,26080.9,471.762,475.84,0.0226621,0.000850241
8|1043|8|1043|sample|11|174|11|174|28.0,4.46,454,6,11,53952,485,0,0,1,26077.6,26080.9,471.686,471.6,-0.0945824,-0.0941365
8|1043|8|1043|sample|11|174|11|174|28.0,22.3,504,7,11,53952,485,0,0,1,26077.6,26080.9,471.686,471.598,0.172804,0.173308
8|1043|8|1043|sample|11|174|11|174|28.0,111.5,614,8,11,53952,485,0,0,1,23405.3,23408.2,423.611,423.27,1.13369,1.13664
8|1043|8|1043|sample|12|174|12|174|28.0,0.0014272,41296,1,12,53952,485,0,0,1,23405.3,23408.2,46430.5,46393.1,-0.278944,-0.277136
8|1043|8|1043|sample|12|174|12|174|28.0,0.007136,29404,2,12,53952,485,0,0,1,23405.3,23408.2,46430.5,46393.1,-0.925006,-0.923718
8|1043|8|1043|sample|12|174|12|174|28.0,0.03568,8528,3,12,53952,485,0,0,1,23405.3,23408.2,46427.5,46321.6,-2.05912,-2.05806
8|1043|8|1043|sample|12|174|12|174|28.0,0.1784,660,4,12,53952,485,0,0,1,23405.3,23408.2,4710.44,8729.79,-2.16902,-2.33174
8|1043|8|1043|sample|12|174|12|174|28.0,0.892,452,5,12,53952,485,0,0,1,23405.3,23408.2,423.643,426.756,0.168844,0.149214
8|1043|8|1043|sample|12|174|12|174|28.0,4.46,528,6,12,53952,485,0,0,1,23405.3,23408.2,423.611,423.272,0.621596,0.62412
8|1043|8|1043|sample|12|174|12|174|28.0,22.3,452,7,12,53952,485,0,0,1,23405.3,23408.2,423.611,423.27,0.169044,0.171212
8|1043|8|1043|sample|12|174|12|174|28.0,111.5,496,8,12,53952,485,0,0,1,23405.3,23408.2,423.611,423.27,0.431047,0.433427
8|1043|8|1043|sample|10|174|10|174|28.0,0.0004479999999999,48855,1,10,53952,485,0,0,1,23405.3,23408.2,46430.5,46393.1,0.131717,0.133856
8|1043|8|1043|sample|10|174|10|174|28.0,0.00224,48559,2,10,53952,485,0,0,1,26077.6,26080.9,51699.8,51690.2,-0.153242,-0.152799
8|1043|8|1043|sample|10|174|10|174|28.0,0.0111999999999999,34900,3,10,53952,485,0,0,1,26877.3,26880.6,53277.6,53275.2,-0.870096,-0.87002
8|1043|8|1043|sample|10|174|10|174|28.0,0.0559999999999999,9316,4,10,53952,485,0,0,1,26877.3,26880.6,53198.9,53148.9,-2.08073,-2.08031
8|1043|8|1043|sample|10|174|10|174|28.0,0.2799999999999999,602,5,10,53952,485,0,0,1,26877.3,26880.6,646.599,737.676,-0.173987,-0.463938
8|1043|8|1043|sample|10|174|10|174|28.0,1.4,496,6,10,53952,485,0,0,1,26877.3,26880.6,486.082,486.062,0.0514659,0.0515722
8|1043|8|1043|sample|10|174|10|174|28.0,7,490,7,10,53952,485,0,0,1,26077.6,26080.9,471.686,471.598,0.0979357,0.0984257
8|1043|8|1043|sample|10|174|10|174|28.0,35,514,8,10,53952,485,0,0,1,23405.3,23408.2,423.611,423.27,0.538231,0.540697
8|1043|8|1043|sample|9|174|9|174|28.0,0.0004479999999999,56634,1,9,53952,485,0,0,1,23405.3,23408.2,46430.5,46393.1,0.554331,0.556809
8|1043|8|1043|sample|9|174|9|174|28.0,0.00224,53714,2,9,53952,485,0,0,1,26077.6,26080.9,51699.8,51690.2,0.0982722,0.0987623
8|1043|8|1043|sample|9|174|9|174|28.0,0.0111999999999999,39723,3,9,53952,485,0,0,1,26877.3,26880.6,53277.6,53275.2,-0.641749,-0.641663
8|1043|8|1043|sample|9|174|9|174|28.0,0.0559999999999999,10710,4,9,53952,485,0,0,1,27116.6,27119.9,53523.6,53539.3,-2.01771,-2.01786
8|1043|8|1043|sample|9|174|9|174|28.0,0.2799999999999999,828,5,9,53952,485,0,0,1,27116.6,27119.9,901.022,885.108,-0.204428,-0.162751
8|1043|8|1043|sample|9|174|9|174|28.0,1.4,508,6,9,53952,485,0,0,1,26877.3,26880.6,486.095,486.071,0.113668,0.113799
8|1043|8|1043|sample|9|174|9|174|28.0,7,462,7,9,53952,485,0,0,1,26077.6,26080.9,471.686,471.598,-0.0518006,-0.0513386
8|1043|8|1043|sample|9|174|9|174|28.0,35,546,8,9,53952,485,0,0,1,23405.3,23408.2,423.611,423.27,0.728779,0.731399
8|1043|8|1043|sample|4|174|4|174|22.0,0.0010624,51341,1,4,53952,485,0,0,1,23405.3,23409,46430.5,46393.1,0.266775,0.269023
8|1043|8|1043|sample|4|174|4|174|22.0,0.005312,47213,2,4,53952,485,0,0,1,26077.6,26081.8,51699.8,51690,-0.218913,-0.218478
8|1043|8|1043|sample|4|174|4|174|22.0,0.02656,25619,3,4,53952,485,0,0,1,26877.3,26881.6,53269.2,53195.8,-1.30932,-1.30764
8|1043|8|1043|sample|4|174|4|174|22.0,0.1328,3204,4,4,53952,485,0,0,1,27116.6,27120.9,26242.6,26587.6,-2.21448,-2.21848
8|1043|8|1043|sample|4|174|4|174|22.0,0.664,534,5,4,53952,485,0,0,1,27116.6,27120.9,499.836,566.281,0.172412,-0.143793
8|1043|8|1043|sample|4|174|4|174|22.0,3.32,492,6,4,53952,485,0,0,1,26877.3,26881.6,488.02,488.102,0.0205738,0.0201426
8|1043|8|1043|sample|4|174|4|174|22.0,16.6,542,7,4,53952,485,0,0,1,26077.6,26081.8,473.566,473.478,0.364514,0.365053
8|1043|8|1043|sample|4|174|4|174|22.0,83,532,8,4,53952,485,0,0,1,23405.3,23409,425.299,424.957,0.632842,0.635384
8|1043|8|1043|sample|3|174|3|174|22.0,0.0010624,52337,1,3,53952,485,0,0,1,23405.3,23409,46430.5,46393.1,0.320885,0.323176
8|1043|8|1043|sample|3|174|3|174|22.0,0.005312,52465,2,3,53952,485,0,0,1,26077.6,26081.8,51699.8,51690.1,0.0373331,0.037815
8|1043|8|1043|sample|3|174|3|174|22.0,0.02656,24983,3,3,53952,485,0,0,1,26877.3,26881.6,53273,53214.5,-1.33952,-1.33822
8|1043|8|1043|sample|3|174|3|174|22.0,0.1328,3902,4,3,53952,485,0,0,1,26877.3,26881.6,25950.7,26331.1,-2.14317,-2.14865
8|1043|8|1043|sample|3|174|3|174|22.0,0.664,468,5,3,53952,485,0,0,1,26877.3,26881.6,491.994,543.864,-0.123017,-0.351859
8|1043|8|1043|sample|3|174|3|174|22.0,3.32,434,6,3,53952,485,0,0,1,26877.3,26881.6,488.019,488.058,-0.27921,-0.27939
8|1043|8|1043|sample|3|174|3|174|22.0,16.6,466,7,3,53952,485,0,0,1,26077.6,26081.8,473.566,473.477,-0.0402999,-0.0398361
8|1043|8|1043|sample|3|174|3|174|22.0,83,476,8,3,53952,485,0,0,1,23405.3,23409,425.299,424.957,0.300706,0.30298
8|1043|8|1043|cc|1|1|174|1|174|69.0,0,462,1,1,53952,485,0,1,0,nan,nan,417.386,417.05,0.269625,0.271874
8|1043|8|1043|cc|2|1|174|1|174|69.0,0,482,2,1,53952,485,0,1,0,nan,nan,417.386,417.05,0.390494,0.392841
8|1043|8|1043|cc|3|1|174|1|174|69.0,0,512,3,1,53952,485,0,1,0,nan,nan,417.386,417.05,0.571798,0.57429
8|1043|8|1043|cc|4|1|174|1|174|69.0,0,514,4,1,53952,485,0,1,0,nan,nan,417.386,417.05,0.583884,0.586387
8|1043|8|1043|cc|5|1|174|1|174|69.0,0,496,5,1,53952,485,0,1,0,nan,nan,417.386,417.05,0.475102,0.477517
8|1043|8|1043|cc|6|1|174|1|174|69.0,0,482,6,1,53952,485,0,1,0,nan,nan,417.386,417.05,0.390494,0.392841
8|1043|8|1043|cc|7|1|174|1|174|69.0,0,458,7,1,53952,485,0,1,0,nan,nan,417.386,417.05,0.245451,0.247681
8|1043|8|1043|cc|8|1|174|1|174|69.0,0,474,8,1,53952,485,0,1,0,nan,nan,417.386,417.05,0.342146,0.344454
8|1043|8|1043|vc|1|2|174|2|174|69.0,0,50112,1,2,53952,485,1,0,0,nan,nan,46430.5,46393.1,0.200007,0.2022
8|1043|8|1043|vc|2|2|174|2|174|69.0,0,56646,2,2,53952,485,1,0,0,nan,nan,51699.8,51690.2,0.241325,0.241842
8|1043|8|1043|vc|3|2|174|2|174|69.0,0,62497,3,2,53952,485,1,0,0,nan,nan,51699.8,51690.2,0.526797,0.527368
8|1043|8|1043|vc|4|2|174|2|174|69.0,0,57542,4,2,53952,485,1,0,0,nan,nan,51699.8,51690.2,0.285041,0.285566
8|1043|8|1043|vc|5|2|174|2|174|69.0,0,52635,5,2,53952,485,1,0,0,nan,nan,51699.8,51690.2,0.0456275,0.0461077
8|1043|8|1043|vc|6|2|174|2|174|69.0,0,56628,6,2,53952,485,1,0,0,nan,nan,51699.8,51690.2,0.240447,0.240964
8|1043|8|1043|vc|7|2|174|2|174|69.0,0,50206,7,2,53952,485,1,0,0,nan,nan,51699.8,51690.2,-0.0728842,-0.0724261
8|1043|8|1043|vc|8|2|174|2|174|69.0,0,45350,8,2,53952,485,1,0,0,nan,nan,46430.5,46393.1,-0.0587004,-0.0567154
8|963|8|963|sample|6|319|6|319|55.0,0.0006144,23222,1,6,44968.25,445.75,0,0,1,19525.9,19526.2,38699.2,38668,-1.00882,-1.0076
8|963|8|963|sample|6|319|6|319|55.0,0.003072,9404,2,6,44968.25,445.75,0,0,1,21755.3,21755.7,43091.1,43083,-1.97196,-1.97186
8|963|8|963|sample|6|319|6|319|55.0,0.01536,1486,3,6,44968.25,445.75,0,0,1,22422.4,22422.8,44406,44403.6,-2.43804,-2.43803
8|963|8|963|sample|6|319|6|319|55.0,0.0768,804,4,6,44968.25,445.75,0,0,1,22622,22622.4,42889.2,42336.9,-2.47516,-2.47455
8|963|8|963|sample|6|319|6|319|55.0,0.384,554,5,6,44968.25,445.75,0,0,1,22622,22622.4,533.709,601.291,0.0959025,-0.198387
8|963|8|963|sample|6|319|6|319|55.0,1.92,578,6,6,44968.25,445.75,0,0,1,22422.4,22422.8,441.495,441.499,0.779912,0.779881
8|963|8|963|sample|6|319|6|319|55.0,9.6,540,7,6,44968.25,445.75,0,0,1,21755.3,21755.7,428.413,428.332,0.657015,0.65761
8|963|8|963|sample|6|319|6|319|55.0,48,524,8,6,44968.25,445.75,0,0,1,19525.9,19526.2,384.748,384.438,0.91295,0.915718
8|963|8|963|sample|5|319|5|319|55.0,0.0006144,21356,1,5,44968.25,445.75,0,0,1,19525.9,19526.2,38699.2,38668,-1.13045,-1.12932
8|963|8|963|sample|5|319|5|319|55.0,0.003072,12368,2,5,44968.25,445.75,0,0,1,21755.3,21755.7,43091.1,43083,-1.79846,-1.79832
8|963|8|963|sample|5|319|5|319|55.0,0.01536,2146,3,5,44968.25,445.75,0,0,1,22422.4,22422.8,44406,44403.6,-2.40055,-2.40054
8|963|8|963|sample|5|319|5|319|55.0,0.0768,922,4,5,44968.25,445.75,0,0,1,22622,22622.4,42968.5,42294.2,-2.46832,-2.46746
8|963|8|963|sample|5|319|5|319|55.0,0.384,564,5,5,44968.25,445.75,0,0,1,22622,22622.4,526.224,607.031,0.181081,-0.178811
8|963|8|963|sample|5|319|5|319|55.0,1.92,616,6,5,44968.25,445.75,0,0,1,22422.4,22422.8,441.493,441.502,0.997034,0.996965
8|963|8|963|sample|5|319|5|319|55.0,9.6,510,7,5,44968.25,445.75,0,0,1,21755.3,21755.7,428.413,428.332,0.480378,0.48094
8|963|8|963|sample|5|319|5|319|55.0,48,534,8,5,44968.25,445.75,0,0,1,19525.9,19526.2,384.748,384.438,0.978511,0.981332
8|963|8|963|sample|4|319|4|319|55.0,0.000064,32065,1,4,44968.25,445.75,0,0,1,19525.9,19526.2,38699.2,38668,-0.432423,-0.430739
8|963|8|963|sample|4|319|4|319|55.0,0.00032,37511,2,4,44968.25,445.75,0,0,1,21755.3,21755.7,43091.1,43083,-0.326645,-0.326235
8|963|8|963|sample|4|319|4|319|55.0,0.0016,27141,3,4,44968.25,445.75,0,0,1,22422.4,22422.8,44406.2,44404.1,-0.980731,-0.980661
8|963|8|963|sample|4|319|4|319|55.0,0.008,4104,4,4,44968.25,445.75,0,0,1,22622,22622.4,44799.9,44799.5,-2.29138,-2.29137
8|963|8|963|sample|4|319|4|319|55.0,0.04,1172,5,4,44968.25,445.75,0,0,1,22622,22622.4,44797.6,44799,-2.45646,-2.45646
8|963|8|963|sample|4|319|4|319|55.0,0.2,588,6,4,44968.25,445.75,0,0,1,22422.4,22422.8,1730.92,1208.21,-1.66556,-1.29485
8|963|8|963|sample|4|319|4|319|55.0,1,672,7,4,44968.25,445.75,0,0,1,21755.3,21755.7,428.415,428.333,1.4342,1.43496
8|963|8|963|sample|4|319|4|319|55.0,5,534,8,4,44968.25,445.75,0,0,1,19525.9,19526.2,384.748,384.438,0.978511,0.981332
8|963|8|963|sample|3|319|3|319|55.0,0.000064,38041,1,3,44968.25,445.75,0,0,1,19525.9,19526.2,38699.2,38668,-0.0429011,-0.0409034
8|963|8|963|sample|3|319|3|319|55.0,0.00032,35786,2,3,44968.25,445.75,0,0,1,21755.3,21755.7,43091.1,43083,-0.427623,-0.427231
8|963|8|963|sample|3|319|3|319|55.0,0.0016,28073,3,3,44968.25,445.75,0,0,1,22422.4,22422.8,44406.2,44404.1,-0.92779,-0.927717
8|963|8|963|sample|3|319|3|319|55.0,0.008,5340,4,3,44968.25,445.75,0,0,1,22422.4,22422.8,44406.2,44404.1,-2.21912,-2.2191
8|963|8|963|sample|3|319|3|319|55.0,0.04,754,5,3,44968.25,445.75,0,0,1,22422.4,22422.8,44404.8,44403.6,-2.47962,-2.47962
8|963|8|963|sample|3|319|3|319|55.0,0.2,712,6,3,44968.25,445.75,0,0,1,22422.4,22422.8,1532.48,1228.1,-1.3505,-1.06004
8|963|8|963|sample|3|319|3|319|55.0,1,546,7,3,44968.25,445.75,0,0,1,21755.3,21755.7,428.413,428.333,0.692336,0.692943
8|963|8|963|sample|3|319|3|319|55.0,5,670,8,3,44968.25,445.75,0,0,1,19525.9,19526.2,384.748,384.438,1.87014,1.87368
8|963|8|963|sample|10|319|10|319|32.0,0.0003648,28692,1,10,44968.25,445.75,0,0,1,19525.9,19525.7,38699.2,38668,-0.652278,-0.650771
8|963|8|963|sample|10|319|10|319|32.0,0.001824,38931,2,10,44968.25,445.75,0,0,1,21755.3,21755.1,43091.1,43083,-0.243522,-0.243096
8|963|8|963|sample|10|319|10|319|32.0,0.00912,30460,3,10,44968.25,445.75,0,0,1,22422.4,22422.2,44406.2,44404.1,-0.792199,-0.79212
8|963|8|963|sample|10|319|10|319|32.0,0.0456,5540,4,10,44968.25,445.75,0,0,1,22422.4,22422.2,44393.8,44398.6,-2.20767,-2.2077
8|963|8|963|sample|10|319|10|319|32.0,0.228,612,5,10,44968.25,445.75,0,0,1,22422.4,22422.2,1044.84,848.412,-1.04496,-0.702886
8|963|8|963|sample|10|319|10|319|32.0,1.14,454,6,10,44968.25,445.75,0,0,1,22422.4,22422.2,440.246,440.224,0.0788043,0.0789348
8|963|8|963|sample|10|319|10|319|32.0,5.7,472,7,10,44968.25,445.75,0,0,1,21755.3,21755.1,427.206,427.126,0.264487,0.265008
8|963|8|963|sample|10|319|10|319|32.0,28.5,442,8,10,44968.25,445.75,0,0,1,19525.9,19525.7,383.665,383.356,0.383533,0.385875
8|963|8|963|sample|9|319|9|319|32.0,0.0003648,31797,1,9,44968.25,445.75,0,0,1,19525.9,19525.7,38699.2,38668,-0.449891,-0.448221
8|963|8|963|sample|9|319|9|319|32.0,0.001824,42931,2,9,44968.25,445.75,0,0,1,21755.3,21755.1,43091.1,43083,-0.0093716,-0.00890164
8|963|8|963|sample|9|319|9|319|32.0,0.00912,26667,3,9,44968.25,445.75,0,0,1,22422.4,22422.2,44406.2,44404.1,-1.00766,-1.00759
8|963|8|963|sample|9|319|9|319|32.0,0.0456,5088,4,9,44968.25,445.75,0,0,1,22622,22621.8,44792.8,44794.5,-2.23593,-2.23594
8|963|8|963|sample|9|319|9|319|32.0,0.228,566,5,9,44968.25,445.75,0,0,1,22622,22621.8,900.764,831.561,-0.937455,-0.80555
8|963|8|963|sample|9|319|9|319|32.0,1.14,520,6,9,44968.25,445.75,0,0,1,22422.4,22422.2,440.245,440.224,0.456971,0.45711
8|963|8|963|sample|9|319|9|319|32.0,5.7,466,7,9,44968.25,445.75,0,0,1,21755.3,21755.1,427.206,427.126,0.22906,0.229574
8|963|8|963|sample|9|319|9|319|32.0,28.5,550,8,9,44968.25,445.75,0,0,1,19525.9,19525.7,383.665,383.356,1.09359,1.09651
8|963|8|963|sample|7|319|7|319|32.0,0.0000768,38811,1,7,44968.25,445.75,0,0,1,19525.9,19525.7,38699.2,38668,0.00728822,0.00932633
8|963|8|963|sample|7|319|7|319|32.0,0.000384,39843,2,7,44968.25,445.75,0,0,1,21755.3,21755.1,43091.1,43083,-0.190136,-0.1897
8|963|8|963|sample|7|319|7|319|32.0,0.00192,42537,3,7,44968.25,445.75,0,0,1,22422.4,22422.2,44406.2,44404.1,-0.106176,-0.106066
8|963|8|963|sample|7|319|7|319|32.0,0.0096,19731,4,7,44968.25,445.75,0,0,1,22622,22621.8,44799.9,44799.5,-1.4115,-1.41149
8|963|8|963|sample|7|319|7|319|32.0,0.048,5488,5,7,44968.25,445.75,0,0,1,22622,22621.8,44778.1,44775.3,-2.2133,-2.21328
8|963|8|963|sample|7|319|7|319|32.0,0.24,816,6,7,44968.25,445.75,0,0,1,22422.4,22422.2,889.639,929.211,-0.208794,-0.307324
8|963|8|963|sample|7|319|7|319|32.0,1.2,518,7,7,44968.25,445.75,0,0,1,21755.3,21755.1,427.208,427.129,0.536079,0.536646
8|963|8|963|sample|7|319|7|319|32.0,6,528,8,7,44968.25,445.75,0,0,1,19525.9,19525.7,383.665,383.356,0.948951,0.951748
8|963|8|963|sample|8|319|8|319|32.0,0.0000768,42388,1,8,44968.25,445.75,0,0,1,19525.9,19525.7,38699.2,38668,0.240441,0.242666
8|963|8|963|sample|8|319|8|319|32.0,0.000384,47167,2,8,44968.25,445.75,0,0,1,21755.3,21755.1,43091.1,43083,0.238594,0.23911
8|963|8|963|sample|8|319|8|319|32.0,0.00192,41432,3,8,44968.25,445.75,0,0,1,22422.4,22422.2,44406.2,44404.1,-0.168945,-0.168837
8|963|8|963|sample|8|319|8|319|32.0,0.0096,29792,4,8,44968.25,445.75,0,0,1,22622,22621.8,44799.9,44799.5,-0.845019,-0.845
8|963|8|963|sample|8|319|8|319|32.0,0.048,7130,5,8,44968.25,445.75,0,0,1,22622,22621.8,44786.6,44787.7,-2.12088,-2.12089
8|963|8|963|sample|8|319|8|319|32.0,0.24,546,6,8,44968.25,445.75,0,0,1,22422.4,22422.2,775.373,760.582,-0.746198,-0.711656
8|963|8|963|sample|8|319|8|319|32.0,1.2,530,7,8,44968.25,445.75,0,0,1,21755.3,21755.1,427.207,427.127,0.606944,0.60753
8|963|8|963|sample|8|319|8|319|32.0,6,510,8,8,44968.25,445.75,0,0,1,19525.9,19525.7,383.665,383.356,0.830608,0.833309
8|963|8|963|sample|11|319|11|319|22.0,0.0003712,32971,1,11,44968.25,445.75,0,0,1,19525.9,19527.9,38699.2,38668,-0.373368,-0.371636
8|963|8|963|sample|11|319|11|319|22.0,0.001856,45678,2,11,44968.25,445.75,0,0,1,21755.3,21757.5,43090.6,43082.1,0.151459,0.151988
8|963|8|963|sample|11|319|11|319|22.0,0.00928,41502,3,11,44968.25,445.75,0,0,1,21755.3,21757.5,43056.9,43029.8,-0.0910925,-0.0895629
8|963|8|963|sample|11|319|11|319|22.0,0.0464,26805,4,11,44968.25,445.75,0,0,1,21755.3,21757.5,40639.2,40207,-0.858682,-0.840795
8|963|8|963|sample|11|319|11|319|22.0,0.2319999999999999,8100,5,11,44968.25,445.75,0,0,1,21755.3,21757.5,8001.69,8656.45,0.0309911,-0.162146
8|963|8|963|sample|11|319|11|319|22.0,1.16,724,6,11,44968.25,445.75,0,0,1,21755.3,21757.5,552.748,607.24,0.781506,0.485016
8|963|8|963|sample|11|319|11|319|22.0,5.8,414,7,11,44968.25,445.75,0,0,1,21755.3,21757.5,433.622,434.989,-0.114144,-0.121713
8|963|8|963|sample|11|319|11|319|22.0,29,424,8,11,44968.25,445.75,0,0,1,19525.9,19527.9,388.015,387.731,0.233934,0.235953
8|963|8|963|sample|12|319|12|319|22.0,0.0003712,34774,1,12,44968.25,445.75,0,0,1,19525.9,19527.9,38699.1,38667.9,-0.255843,-0.254013
8|963|8|963|sample|12|319|12|319|22.0,0.001856,39569,2,12,44968.25,445.75,0,0,1,19525.9,19527.9,38696.3,38663.8,0.0568903,0.0590535
8|963|8|963|sample|12|319|12|319|22.0,0.00928,35504,3,12,44968.25,445.75,0,0,1,19525.9,19527.9,38594.2,38537,-0.201972,-0.198526
8|963|8|963|sample|12|319|12|319|22.0,0.0464,22196,4,12,44968.25,445.75,0,0,1,19525.9,19527.9,35252.9,34949.3,-0.934258,-0.920463
8|963|8|963|sample|12|319|12|319|22.0,0.2319999999999999,7430,5,12,44968.25,445.75,0,0,1,19525.9,19527.9,8795.24,9146.35,-0.391548,-0.473347
8|963|8|963|sample|12|319|12|319|22.0,1.16,894,6,12,44968.25,445.75,0,0,1,19525.9,19527.9,685.003,746.836,0.76961,0.497051
8|963|8|963|sample|12|319|12|319|22.0,5.8,404,7,12,44968.25,445.75,0,0,1,19525.9,19527.9,396.313,399.254,0.0489261,0.0299834
8|963|8|963|sample|12|319|12|319|22.0,29,400,8,12,44968.25,445.75,0,0,1,19525.9,19527.9,388.228,388.054,0.0764895,0.0776553
8|963|8|963|cc|1|1|319|1|319|69.0,0,464,1,1,44968.25,445.75,0,1,0,nan,nan,383.608,383.299,0.528628,0.531087
8|963|8|963|cc|2|1|319|1|319|69.0,0,386,2,1,44968.25,445.75,0,1,0,nan,nan,383.608,383.299,0.0157316,0.0177765
8|963|8|963|cc|3|1|319|1|319|69.0,0,462,3,1,44968.25,445.75,0,1,0,nan,nan,383.608,383.299,0.515477,0.517925
8|963|8|963|cc|4|1|319|1|319|69.0,0,444,4,1,44968.25,445.75,0,1,0,nan,nan,383.608,383.299,0.397116,0.399469
8|963|8|963|cc|5|1|319|1|319|69.0,0,462,5,1,44968.25,445.75,0,1,0,nan,nan,383.608,383.299,0.515477,0.517925
8|963|8|963|cc|6|1|319|1|319|69.0,0,502,6,1,44968.25,445.75,0,1,0,nan,nan,383.608,383.299,0.778501,0.781161
8|963|8|963|cc|7|1|319|1|319|69.0,0,480,7,1,44968.25,445.75,0,1,0,nan,nan,383.608,383.299,0.633838,0.636381
8|963|8|963|cc|8|1|319|1|319|69.0,0,366,8,1,44968.25,445.75,0,1,0,nan,nan,383.608,383.299,-0.11578,-0.113841
8|963|8|963|vc|1|2|319|2|319|69.0,0,34792,1,2,44968.25,445.75,1,0,0,nan,nan,38699.2,38668,-0.254674,-0.252847
8|963|8|963|vc|2|2|319|2|319|69.0,0,46782,2,2,44968.25,445.75,1,0,0,nan,nan,43091.1,43083,0.216057,0.216569
8|963|8|963|vc|3|2|319|2|319|69.0,0,50148,3,2,44968.25,445.75,1,0,0,nan,nan,43091.1,43083,0.413094,0.413643
8|963|8|963|vc|4|2|319|2|319|69.0,0,48893,4,2,44968.25,445.75,1,0,0,nan,nan,43091.1,43083,0.33963,0.340165
8|963|8|963|vc|5|2|319|2|319|69.0,0,49292,5,2,44968.25,445.75,1,0,0,nan,nan,43091.1,43083,0.362986,0.363526
8|963|8|963|vc|6|2|319|2|319|69.0,0,45050,6,2,44968.25,445.75,1,0,0,nan,nan,43091.1,43083,0.11467,0.115163
8|963|8|963|vc|7|2|319|2|319|69.0,0,46782,7,2,44968.25,445.75,1,0,0,nan,nan,43091.1,43083,0.216057,0.216569
8|963|8|963|vc|8|2|319|2|319|69.0,0,38007,8,2,44968.25,445.75,1,0,0,nan,nan,38699.2,38668,-0.0451173,-0.0431214
8|1260|8|1260|sample|8|319|8|319|65.0,0.0016767999999999,16259,1,8,42984.625,528.25,0,0,1,18708.5,16457.2,32521.6,32509.8,-1.26136,-1.26091
8|1260|8|1260|sample|8|319|8|319|65.0,0.0083839999999999,5866,2,8,42984.625,528.25,0,0,1,20844.6,20173.1,39851.7,39850.3,-2.15116,-2.15114
8|1260|8|1260|sample|8|319|8|319|65.0,0.04192,1238,3,8,42984.625,528.25,0,0,1,21483.7,21285,42040.2,42045.4,-2.44817,-2.44818
8|1260|8|1260|sample|8|319|8|319|65.0,0.2096,526,4,8,42984.625,528.25,0,0,1,21675,21617.7,1645.42,1147.35,-1.71608,-1.36604
8|1260|8|1260|sample|8|319|8|319|65.0,1.048,496,5,8,42984.625,528.25,0,0,1,21675,21617.7,531.374,531.373,-0.167921,-0.167916
8|1260|8|1260|sample|8|319|8|319|65.0,5.24,496,6,8,42984.625,528.25,0,0,1,21483.7,21285,523.191,523.194,-0.131097,-0.13111
8|1260|8|1260|sample|8|319|8|319|65.0,26.2,472,7,8,42984.625,528.25,0,0,1,20844.6,20173.1,495.881,495.863,-0.121476,-0.121391
8|1260|8|1260|sample|8|319|8|319|65.0,131,502,8,8,42984.625,528.25,0,0,1,18708.5,16457.2,404.671,404.525,0.606683,0.607814
8|1260|8|1260|sample|7|319|7|319|65.0,0.0016767999999999,10418,1,7,42984.625,528.25,0,0,1,18708.5,16457.2,32521.6,32509.8,-1.71441,-1.71411
8|1260|8|1260|sample|7|319|7|319|65.0,0.0083839999999999,4402,2,7,42984.625,528.25,0,0,1,20844.6,20173.1,39851.7,39850.3,-2.24382,-2.24381
8|1260|8|1260|sample|7|319|7|319|65.0,0.04192,880,3,7,42984.625,528.25,0,0,1,21483.7,21285,42045,42045.4,-2.46966,-2.46966
8|1260|8|1260|sample|7|319|7|319|65.0,0.2096,570,4,7,42984.625,528.25,0,0,1,21675,21617.7,1165.79,1143.57,-1.28913,-1.26516
8|1260|8|1260|sample|7|319|7|319|65.0,1.048,526,5,7,42984.625,528.25,0,0,1,21675,21617.7,531.37,531.373,-0.0254897,-0.0255042
8|1260|8|1260|sample|7|319|7|319|65.0,5.24,528,6,7,42984.625,528.25,0,0,1,21483.7,21285,523.191,523.194,0.0231833,0.0231705
8|1260|8|1260|sample|7|319|7|319|65.0,26.2,462,7,7,42984.625,528.25,0,0,1,20844.6,20173.1,495.881,495.863,-0.172344,-0.172261
8|1260|8|1260|sample|7|319|7|319|65.0,131,518,8,7,42984.625,528.25,0,0,1,18708.5,16457.2,404.671,404.525,0.706417,0.707583
8|1260|8|1260|sample|6|319|6|319|65.0,0.0004351999999999,26067,1,6,42984.625,528.25,0,0,1,18708.5,16457.2,32521.6,32509.8,-0.500632,-0.499902
8|1260|8|1260|sample|6|319|6|319|65.0,0.0021759999999999,26271,2,6,42984.625,528.25,0,0,1,20844.6,20173.1,39851.7,39850.3,-0.859601,-0.859543
8|1260|8|1260|sample|6|319|6|319|65.0,0.0108799999999999,15545,3,6,42984.625,528.25,0,0,1,21483.7,21285,42046.5,42046.7,-1.58988,-1.58988
8|1260|8|1260|sample|6|319|6|319|65.0,0.0543999999999999,2518,4,6,42984.625,528.25,0,0,1,21675,21617.7,42655,42613.3,-2.37355,-2.3734
8|1260|8|1260|sample|6|319|6|319|65.0,0.2719999999999999,634,5,6,42984.625,528.25,0,0,1,21675,21617.7,686.906,798.23,-0.19428,-0.518976
8|1260|8|1260|sample|6|319|6|319|65.0,1.36,518,6,6,42984.625,528.25,0,0,1,21483.7,21285,523.192,523.198,-0.0250325,-0.0250594
8|1260|8|1260|sample|6|319|6|319|65.0,6.8,488,7,6,42984.625,528.25,0,0,1,20844.6,20173.1,495.881,495.863,-0.0400866,-0.0399993
8|1260|8|1260|sample|6|319|6|319|65.0,34,530,8,6,42984.625,528.25,0,0,1,18708.5,16457.2,404.671,404.525,0.781217,0.78241
8|1260|8|1260|sample|5|319|5|319|65.0,0.0004351999999999,32187,1,5,42984.625,528.25,0,0,1,18708.5,16457.2,32521.6,32509.8,-0.0259507,-0.0250489
8|1260|8|1260|sample|5|319|5|319|65.0,0.0021759999999999,29372,2,5,42984.625,528.25,0,0,1,20844.6,20173.1,39851.7,39850.3,-0.66332,-0.663255
8|1260|8|1260|sample|5|319|5|319|65.0,0.0108799999999999,17625,3,5,42984.625,528.25,0,0,1,21483.7,21285,42046.5,42046.7,-1.46509,-1.4651
8|1260|8|1260|sample|5|319|5|319|65.0,0.0543999999999999,2370,4,5,42984.625,528.25,0,0,1,21675,21617.7,42614.8,42610.6,-2.38217,-2.38215
8|1260|8|1260|sample|5|319|5|319|65.0,0.2719999999999999,648,5,5,42984.625,528.25,0,0,1,21675,21617.7,786.829,804.791,-0.445064,-0.491429
8|1260|8|1260|sample|5|319|5|319|65.0,1.36,632,6,5,42984.625,528.25,0,0,1,21483.7,21285,523.195,523.198,0.524577,0.524558
8|1260|8|1260|sample|5|319|5|319|65.0,6.8,538,7,5,42984.625,528.25,0,0,1,20844.6,20173.1,495.881,495.863,0.214254,0.21435
8|1260|8|1260|sample|5|319|5|319|65.0,34,494,8,5,42984.625,528.25,0,0,1,18708.5,16457.2,404.671,404.525,0.556817,0.557929
8|1260|8|1260|sample|11|319|11|319|28.0,0.0014272,27917,1,11,42984.625,528.25,0,0,1,18708.5,16455.4,32521.6,32509.8,-0.357142,-0.35636
8|1260|8|1260|sample|11|319|11|319|28.0,0.007136,27045,2,11,42984.625,528.25,0,0,1,20844.6,20170.9,39851.7,39850.3,-0.81061,-0.81055
8|1260|8|1260|sample|11|319|11|319|28.0,0.03568,12328,3,11,42984.625,528.25,0,0,1,20844.6,20170.9,39840.9,39849.8,-1.74193,-1.7421
8|1260|8|1260|sample|11|319|11|319|28.0,0.1784,1804,4,11,42984.625,528.25,0,0,1,20844.6,20170.9,5455.69,3100.75,-1.68837,-1.0549
8|1260|8|1260|sample|11|319|11|319|28.0,0.892,508,5,11,42984.625,528.25,0,0,1,20844.6,20170.9,491.744,491.505,0.0833847,0.0846528
8|1260|8|1260|sample|11|319|11|319|28.0,4.46,460,6,11,42984.625,528.25,0,0,1,20844.6,20170.9,491.52,491.503,-0.161759,-0.161676
8|1260|8|1260|sample|11|319|11|319|28.0,22.3,450,7,11,42984.625,528.25,0,0,1,20844.6,20170.9,491.52,491.503,-0.213078,-0.212997
8|1260|8|1260|sample|11|319|11|319|28.0,111.5,542,8,11,42984.625,528.25,0,0,1,18708.5,16455.4,401.113,400.968,0.885988,0.887219
8|1260|8|1260|sample|12|319|12|319|28.0,0.0014272,35926,1,12,42984.625,528.25,0,0,1,18708.5,16455.4,32521.6,32509.8,0.264055,0.265061
8|1260|8|1260|sample|12|319|12|319|28.0,0.007136,28728,2,12,42984.625,528.25,0,0,1,18708.5,16455.4,32521.6,32509.8,-0.294239,-0.293434
8|1260|8|1260|sample|12|319|12|319|28.0,0.03568,13590,3,12,42984.625,528.25,0,0,1,18708.5,16455.4,32517.5,32509.2,-1.46825,-1.46798
8|1260|8|1260|sample|12|319|12|319|28.0,0.1784,1822,4,12,42984.625,528.25,0,0,1,18708.5,16455.4,3850.81,2755.21,-1.32896,-0.854373
8|1260|8|1260|sample|12|319|12|319|28.0,0.892,512,5,12,42984.625,528.25,0,0,1,18708.5,16455.4,401.172,400.972,0.696857,0.698461
8|1260|8|1260|sample|12|319|12|319|28.0,4.46,458,6,12,42984.625,528.25,0,0,1,18708.5,16455.4,401.113,400.968,0.357743,0.358783
8|1260|8|1260|sample|12|319|12|319|28.0,22.3,414,7,12,42984.625,528.25,0,0,1,18708.5,16455.4,401.113,400.968,0.0810433,0.0819838
8|1260|8|1260|sample|12|319|12|319|28.0,111.5,436,8,12,42984.625,528.25,0,0,1,18708.5,16455.4,401.113,400.968,0.219393,0.220384
8|1260|8|1260|sample|10|319|10|319|28.0,0.0004479999999999,35498,1,10,42984.625,528.25,0,0,1,18708.5,16455.4,32521.6,32509.8,0.230858,0.231853
8|1260|8|1260|sample|10|319|10|319|28.0,0.00224,40710,2,10,42984.625,528.25,0,0,1,20844.6,20170.9,39851.7,39850.3,0.0543294,0.05442
8|1260|8|1260|sample|10|319|10|319|28.0,0.0111999999999999,38631,3,10,42984.625,528.25,0,0,1,21483.7,21282.7,42045.7,42046.5,-0.204861,-0.2049
8|1260|8|1260|sample|10|319|10|319|28.0,0.0559999999999999,16665,4,10,42984.625,528.25,0,0,1,21483.7,21282.7,41108,41399.6,-1.49986,-1.50706
8|1260|8|1260|sample|10|319|10|319|28.0,0.2799999999999999,1606,5,10,42984.625,528.25,0,0,1,21483.7,21282.7,1921.17,1549.53,-0.413814,0.091932
8|1260|8|1260|sample|10|319|10|319|28.0,1.4,480,6,10,42984.625,528.25,0,0,1,21483.7,21282.7,519.764,519.019,-0.192978,-0.189636
8|1260|8|1260|sample|10|319|10|319|28.0,7,440,7,10,42984.625,528.25,0,0,1,20844.6,20170.9,491.521,491.503,-0.264402,-0.264319
8|1260|8|1260|sample|10|319|10|319|28.0,35,500,8,10,42984.625,528.25,0,0,1,18708.5,16455.4,401.113,400.968,0.621866,0.623001
8|1260|8|1260|sample|9|319|9|319|28.0,0.0004479999999999,41082,1,9,42984.625,528.25,0,0,1,18708.5,16455.4,32521.6,32509.8,0.663966,0.665117
8|1260|8|1260|sample|9|319|9|319|28.0,0.00224,44794,2,9,42984.625,528.25,0,0,1,20844.6,20170.9,39851.7,39850.3,0.31283,0.31293
8|1260|8|1260|sample|9|319|9|319|28.0,0.0111999999999999,38687,3,9,42984.625,528.25,0,0,1,21483.7,21282.7,42046,42046,-0.201515,-0.201516
8|1260|8|1260|sample|9|319|9|319|28.0,0.0559999999999999,19775,4,9,42984.625,528.25,0,0,1,21675,21615.3,41871.6,41784,-1.33116,-1.32866
8|1260|8|1260|sample|9|319|9|319|28.0,0.2799999999999999,2028,5,9,42984.625,528.25,0,0,1,21675,21615.3,1790.57,1932.46,0.334482,0.124704
8|1260|8|1260|sample|9|319|9|319|28.0,1.4,514,6,9,42984.625,528.25,0,0,1,21483.7,21282.7,519.388,519.694,-0.0261692,-0.0276385
8|1260|8|1260|sample|9|319|9|319|28.0,7,518,7,9,42984.625,528.25,0,0,1,20844.6,20170.9,491.521,491.504,0.135891,0.135983
8|1260|8|1260|sample|9|319|9|319|28.0,35,494,8,9,42984.625,528.25,0,0,1,18708.5,16455.4,401.113,400.968,0.584134,0.585256
8|1260|8|1260|sample|4|319|4|319|22.0,0.0010624,33661,1,4,42984.625,528.25,0,0,1,18708.5,16456.6,32521.2,32509.4,0.0884032,0.0893536
8|1260|8|1260|sample|4|319|4|319|22.0,0.005312,36692,2,4,42984.625,528.25,0,0,1,20844.6,20172.4,39832.7,39828,-0.198886,-0.198616
8|1260|8|1260|sample|4|319|4|319|22.0,0.02656,31084,3,4,42984.625,528.25,0,0,1,21483.7,21284.2,41140.8,41071.7,-0.616607,-0.6134
8|1260|8|1260|sample|4|319|4|319|22.0,0.1328,13458,4,4,42984.625,528.25,0,0,1,21675,21616.9,21313.9,21374.6,-0.929724,-0.934251
8|1260|8|1260|sample|4|319|4|319|22.0,0.664,1668,5,4,42984.625,528.25,0,0,1,21675,21616.9,1399.46,1476.69,0.484024,0.326789
8|1260|8|1260|sample|4|319|4|319|22.0,3.32,526,6,4,42984.625,528.25,0,0,1,21483.7,21284.2,540.644,544.111,-0.0683216,-0.0839625
8|1260|8|1260|sample|4|319|4|319|22.0,16.6,482,7,4,42984.625,528.25,0,0,1,20844.6,20172.4,494.865,494.958,-0.0655772,-0.0660376
8|1260|8|1260|sample|4|319|4|319|22.0,83,570,8,4,42984.625,528.25,0,0,1,18708.5,16456.6,403.532,403.389,1.04058,1.04184
8|1260|8|1260|sample|3|319|3|319|22.0,0.0010624,37180,1,3,42984.625,528.25,0,0,1,18708.5,16456.6,32520.8,32508.6,0.361386,0.362467
8|1260|8|1260|sample|3|319|3|319|22.0,0.005312,42284,2,3,42984.625,528.25,0,0,1,20844.6,20172.4,39818.9,39805.9,0.156158,0.157034
8|1260|8|1260|sample|3|319|3|319|22.0,0.02656,29878,3,3,42984.625,528.25,0,0,1,21483.7,21284.2,40866.6,40683.5,-0.678263,-0.669958
8|1260|8|1260|sample|3|319|3|319|22.0,0.1328,14579,4,3,42984.625,528.25,0,0,1,21483.7,21284.2,21007.1,21067.7,-0.771861,-0.776896
8|1260|8|1260|sample|3|319|3|319|22.0,0.664,2122,5,3,42984.625,528.25,0,0,1,21483.7,21284.2,1641.91,1831.04,0.737551,0.400821
8|1260|8|1260|sample|3|319|3|319|22.0,3.32,498,6,3,42984.625,528.25,0,0,1,21483.7,21284.2,554.465,566.608,-0.256881,-0.305434
8|1260|8|1260|sample|3|319|3|319|22.0,16.6,458,7,3,42984.625,528.25,0,0,1,20844.6,20172.4,495.361,495.875,-0.190247,-0.192664
8|1260|8|1260|sample|3|319|3|319|22.0,83,484,8,3,42984.625,528.25,0,0,1,18708.5,16456.6,403.546,403.418,0.502897,0.503856
8|1260|8|1260|cc|1|1|319|1|319|69.0,0,514,1,1,42984.625,528.25,0,1,0,nan,nan,399.667,399.522,0.721601,0.722773
8|1260|8|1260|cc|2|1|319|1|319|69.0,0,604,2,1,42984.625,528.25,0,1,0,nan,nan,399.667,399.522,1.28963,1.291
8|1260|8|1260|cc|3|1|319|1|319|69.0,0,546,3,1,42984.625,528.25,0,1,0,nan,nan,399.667,399.522,0.923566,0.92481
8|1260|8|1260|cc|4|1|319|1|319|69.0,0,580,4,1,42984.625,528.25,0,1,0,nan,nan,399.667,399.522,1.13815,1.13947
8|1260|8|1260|cc|5|1|319|1|319|69.0,0,564,5,1,42984.625,528.25,0,1,0,nan,nan,399.667,399.522,1.03717,1.03846
8|1260|8|1260|cc|6|1|319|1|319|69.0,0,508,6,1,42984.625,528.25,0,1,0,nan,nan,399.667,399.522,0.683733,0.684891
8|1260|8|1260|cc|7|1|319|1|319|69.0,0,466,7,1,42984.625,528.25,0,1,0,nan,nan,399.667,399.522,0.418655,0.419717
8|1260|8|1260|cc|8|1|319|1|319|69.0,0,444,8,1,42984.625,528.25,0,1,0,nan,nan,399.667,399.522,0.279804,0.280817
8|1260|8|1260|vc|1|2|319|2|319|69.0,0,40866,1,2,42984.625,528.25,1,0,0,nan,nan,32521.6,32509.8,0.647213,0.648358
8|1260|8|1260|vc|2|2|319|2|319|69.0,0,45338,2,2,42984.625,528.25,1,0,0,nan,nan,39851.7,39850.3,0.347263,0.347364
8|1260|8|1260|vc|3|2|319|2|319|69.0,0,44073,3,2,42984.625,528.25,1,0,0,nan,nan,39851.7,39850.3,0.267194,0.267292
8|1260|8|1260|vc|4|2|319|2|319|69.0,0,47115,4,2,42984.625,528.25,1,0,0,nan,nan,39851.7,39850.3,0.45974,0.459845
8|1260|8|1260|vc|5|2|319|2|319|69.0,0,43457,5,2,42984.625,528.25,1,0,0,nan,nan,39851.7,39850.3,0.228203,0.2283
8|1260|8|1260|vc|6|2|319|2|319|69.0,0,43107,6,2,42984.625,528.25,1,0,0,nan,nan,39851.7,39850.3,0.20605,0.206146
8|1260|8|1260|vc|7|2|319|2|319|69.0,0,44409,7,2,42984.625,528.25,1,0,0,nan,nan,39851.7,39850.3,0.288461,0.28856
8|1260|8|1260|vc|8|2|319|2|319|69.0,0,35512,8,2,42984.625,528.25,1,0,0,nan,nan,32521.6,32509.8,0.231944,0.232939
