id,L_gap_SAEM,m_SAEM,e_SAEM,alpha_SAEM,k_SAEM,L_gap_mode,m_mode,e_mode,alpha_mode,k_mode,goes_down,mab_virus,run_id
9|411|9|411|sample|4|274|4|274|70.0,2.96027,1.4583,0.539164,-0.0624425,45.4668,2.96723,1.45898,0.513027,-0.0631081,45.5346,True,70.0|274,411
9|411|9|411|sample|3|274|3|274|70.0,2.96027,1.4583,0.299382,-0.0624425,45.4668,2.96723,1.45898,0.288743,-0.0631081,45.5346,True,70.0|274,411
9|411|9|411|sample|5|274|5|274|70.0,2.96027,1.4583,0.601087,-0.0624425,45.4668,2.96723,1.45898,0.571228,-0.0631081,45.5346,True,70.0|274,411
9|411|9|411|sample|6|274|6|274|70.0,2.96027,1.4583,0.608384,-0.0624425,45.4668,2.96723,1.45898,0.604098,-0.0631081,45.5346,True,70.0|274,411
9|411|9|411|sample|8|274|8|274|70.0,2.96027,1.4583,0.424602,-0.0624425,45.4668,2.96723,1.45898,0.396079,-0.0631081,45.5346,True,70.0|274,411
9|411|9|411|sample|7|274|7|274|70.0,2.96027,1.4583,0.387077,-0.0624425,45.4668,2.96723,1.45898,0.369494,-0.0631081,45.5346,True,70.0|274,411
9|411|9|411|sample|9|274|9|274|70.0,2.96027,1.4583,0.551414,-0.0624425,45.4668,2.96723,1.45898,0.51643,-0.0631081,45.5346,True,70.0|274,411
9|411|9|411|sample|10|274|10|274|70.0,2.96027,1.4583,0.629036,-0.0624425,45.4668,2.96723,1.45898,0.601425,-0.0631081,45.5346,True,70.0|274,411
9|411|9|411|sample|12|274|12|274|70.0,2.96027,1.4583,0.344199,-0.0624425,45.4668,2.96723,1.45898,0.328439,-0.0631081,45.5346,True,70.0|274,411
9|411|9|411|sample|11|274|11|274|70.0,2.96027,1.4583,0.399318,-0.0624425,45.4668,2.96723,1.45898,0.396188,-0.0631081,45.5346,True,70.0|274,411
9|411|9|411|cc|1|1|274|1|274|69.0,2.9603,1.45765,778.529,-0.0624425,45.4668,2.96727,1.45832,46.4589,-0.0631081,45.5346,False,69.0|274,411
9|411|9|411|cc|2|1|274|1|274|69.0,2.9603,1.45765,1330.66,-0.0624425,45.4668,2.96727,1.45832,46.4589,-0.0631081,45.5346,False,69.0|274,411
9|411|9|411|cc|3|1|274|1|274|69.0,2.9603,1.45765,485.128,-0.0624425,45.4668,2.96727,1.45832,46.4589,-0.0631081,45.5346,False,69.0|274,411
9|411|9|411|cc|4|1|274|1|274|69.0,2.9603,1.45765,422.897,-0.0624425,45.4668,2.96727,1.45832,46.4589,-0.0631081,45.5346,False,69.0|274,411
9|411|9|411|cc|5|1|274|1|274|69.0,2.9603,1.45765,1560.32,-0.0624425,45.4668,2.96727,1.45832,46.4589,-0.0631081,45.5346,False,69.0|274,411
9|411|9|411|cc|6|1|274|1|274|69.0,2.9603,1.45765,654.136,-0.0624425,45.4668,2.96727,1.45832,46.4589,-0.0631081,45.5346,False,69.0|274,411
9|411|9|411|cc|7|1|274|1|274|69.0,2.9603,1.45765,1400.02,-0.0624425,45.4668,2.96727,1.45832,46.4589,-0.0631081,45.5346,False,69.0|274,411
9|411|9|411|cc|8|1|274|1|274|69.0,2.9603,1.45765,607.531,-0.0624425,45.4668,2.96727,1.45832,46.4589,-0.0631081,45.5346,False,69.0|274,411
9|411|9|411|vc|1|2|274|2|274|69.0,2.9603,1.45765,771.381,-0.0624425,45.4668,2.96727,1.45832,46.4589,-0.0631081,45.5346,False,69.0|274,411
9|411|9|411|vc|2|2|274|2|274|69.0,2.9603,1.45765,2133.41,-0.0624425,45.4668,2.96727,1.45832,46.4589,-0.0631081,45.5346,False,69.0|274,411
9|411|9|411|vc|3|2|274|2|274|69.0,2.9603,1.45765,647.648,-0.0624425,45.4668,2.96727,1.45832,46.4589,-0.0631081,45.5346,False,69.0|274,411
9|411|9|411|vc|4|2|274|2|274|69.0,2.9603,1.45765,789.778,-0.0624425,45.4668,2.96727,1.45832,46.4589,-0.0631081,45.5346,False,69.0|274,411
9|411|9|411|vc|5|2|274|2|274|69.0,2.9603,1.45765,642.372,-0.0624425,45.4668,2.96727,1.45832,46.4589,-0.0631081,45.5346,False,69.0|274,411
9|411|9|411|vc|6|2|274|2|274|69.0,2.9603,1.45765,762.356,-0.0624425,45.4668,2.96727,1.45832,46.4589,-0.0631081,45.5346,False,69.0|274,411
9|411|9|411|vc|7|2|274|2|274|69.0,2.9603,1.45765,543.967,-0.0624425,45.4668,2.96727,1.45832,46.4589,-0.0631081,45.5346,False,69.0|274,411
9|411|9|411|vc|8|2|274|2|274|69.0,2.9603,1.45765,525.812,-0.0624425,45.4668,2.96727,1.45832,46.4589,-0.0631081,45.5346,False,69.0|274,411
14|783|14|783|sample|3|71|3|71|6.0,2.96027,1.4583,31.348,-0.0619873,45.4664,2.96723,1.45898,27.6851,-0.062654,45.5342,True,6.0|71,783
14|783|14|783|sample|4|71|4|71|6.0,2.96027,1.4583,33.3996,-0.0619873,45.4664,2.96723,1.45898,28.4412,-0.062654,45.5342,True,6.0|71,783
14|783|14|783|sample|5|71|5|71|6.0,2.96027,1.4583,16.9388,-0.0619873,45.4664,2.96723,1.45898,16.9307,-0.062654,45.5342,True,6.0|71,783
14|783|14|783|sample|6|71|6|71|6.0,2.96027,1.4583,19.0941,-0.0619873,45.4664,2.96723,1.45898,16.83,-0.062654,45.5342,True,6.0|71,783
14|783|14|783|sample|7|71|7|71|6.0,2.96027,1.4583,0.0548444,-0.0619873,45.4664,2.96723,1.45898,0.0561622,-0.062654,45.5342,True,6.0|71,783
14|783|14|783|sample|8|71|8|71|6.0,2.96027,1.4583,0.066352,-0.0619873,45.4664,2.96723,1.45898,0.0657021,-0.062654,45.5342,True,6.0|71,783
14|783|14|783|sample|10|71|10|71|6.0,2.96027,1.4583,26.7621,-0.0619873,45.4664,2.96723,1.45898,27.6276,-0.062654,45.5342,True,6.0|71,783
14|783|14|783|sample|9|71|9|71|6.0,2.96027,1.4583,30.4212,-0.0619873,45.4664,2.96723,1.45898,28.5504,-0.062654,45.5342,True,6.0|71,783
14|783|14|783|sample|12|71|12|71|6.0,2.96027,1.4583,0.017042,-0.0619873,45.4664,2.96723,1.45898,0.016401,-0.062654,45.5342,True,6.0|71,783
14|783|14|783|sample|11|71|11|71|6.0,2.96027,1.4583,0.0173736,-0.0619873,45.4664,2.96723,1.45898,0.0166553,-0.062654,45.5342,True,6.0|71,783
14|783|14|783|cc|1|1|71|1|71|69.0,2.9603,1.45765,771.604,-0.0619873,45.4664,2.96727,1.45832,46.4589,-0.062654,45.5342,False,69.0|71,783
14|783|14|783|cc|2|1|71|1|71|69.0,2.9603,1.45765,576.071,-0.0619873,45.4664,2.96727,1.45832,46.4589,-0.062654,45.5342,False,69.0|71,783
14|783|14|783|cc|3|1|71|1|71|69.0,2.9603,1.45765,531.336,-0.0619873,45.4664,2.96727,1.45832,46.4589,-0.062654,45.5342,False,69.0|71,783
14|783|14|783|cc|4|1|71|1|71|69.0,2.9603,1.45765,585.646,-0.0619873,45.4664,2.96727,1.45832,46.4589,-0.062654,45.5342,False,69.0|71,783
14|783|14|783|cc|5|1|71|1|71|69.0,2.9603,1.45765,844.595,-0.0619873,45.4664,2.96727,1.45832,46.4589,-0.062654,45.5342,False,69.0|71,783
14|783|14|783|cc|6|1|71|1|71|69.0,2.9603,1.45765,587.344,-0.0619873,45.4664,2.96727,1.45832,46.4589,-0.062654,45.5342,False,69.0|71,783
14|783|14|783|cc|7|1|71|1|71|69.0,2.9603,1.45765,519.272,-0.0619873,45.4664,2.96727,1.45832,46.4589,-0.062654,45.5342,False,69.0|71,783
14|783|14|783|cc|8|1|71|1|71|69.0,2.9603,1.45765,1107.44,-0.0619873,45.4664,2.96727,1.45832,46.4589,-0.062654,45.5342,False,69.0|71,783
14|783|14|783|vc|1|2|71|2|71|69.0,2.9603,1.45765,869.05,-0.0619873,45.4664,2.96727,1.45832,46.4589,-0.062654,45.5342,False,69.0|71,783
14|783|14|783|vc|2|2|71|2|71|69.0,2.9603,1.45765,1523.17,-0.0619873,45.4664,2.96727,1.45832,46.4589,-0.062654,45.5342,False,69.0|71,783
14|783|14|783|vc|3|2|71|2|71|69.0,2.9603,1.45765,1035.05,-0.0619873,45.4664,2.96727,1.45832,46.4589,-0.062654,45.5342,False,69.0|71,783
14|783|14|783|vc|4|2|71|2|71|69.0,2.9603,1.45765,756.635,-0.0619873,45.4664,2.96727,1.45832,46.4589,-0.062654,45.5342,False,69.0|71,783
14|783|14|783|vc|5|2|71|2|71|69.0,2.9603,1.45765,473.973,-0.0619873,45.4664,2.96727,1.45832,46.4589,-0.062654,45.5342,False,69.0|71,783
14|783|14|783|vc|6|2|71|2|71|69.0,2.9603,1.45765,835.796,-0.0619873,45.4664,2.96727,1.45832,46.4589,-0.062654,45.5342,False,69.0|71,783
14|783|14|783|vc|7|2|71|2|71|69.0,2.9603,1.45765,721.93,-0.0619873,45.4664,2.96727,1.45832,46.4589,-0.062654,45.5342,False,69.0|71,783
14|783|14|783|vc|8|2|71|2|71|69.0,2.9603,1.45765,1704.02,-0.0619873,45.4664,2.96727,1.45832,46.4589,-0.062654,45.5342,False,69.0|71,783
14|491|14|491|sample|10|99|10|99|6.0,2.96027,1.4583,0.00624244,-0.0625451,45.4664,2.96723,1.45898,0.00621628,-0.0632101,45.5343,True,6.0|99,491
14|491|14|491|sample|9|99|9|99|6.0,2.96027,1.4583,0.00658792,-0.0625451,45.4664,2.96723,1.45898,0.0065749,-0.0632101,45.5343,True,6.0|99,491
14|491|14|491|sample|12|99|12|99|6.0,2.96027,1.4583,0.0458202,-0.0625451,45.4664,2.96723,1.45898,0.045181,-0.0632101,45.5343,True,6.0|99,491
14|491|14|491|sample|11|99|11|99|6.0,2.96027,1.4583,0.0670019,-0.0625451,45.4664,2.96723,1.45898,0.0640399,-0.0632101,45.5343,True,6.0|99,491
14|491|14|491|sample|4|99|4|99|44.0,2.96027,1.4583,0.0803378,-0.0625451,45.4664,2.96723,1.45898,0.0794701,-0.0632101,45.5343,True,44.0|99,491
14|491|14|491|sample|3|99|3|99|44.0,2.96027,1.4583,0.0892528,-0.0625451,45.4664,2.96723,1.45898,0.0850233,-0.0632101,45.5343,True,44.0|99,491
14|491|14|491|sample|6|99|6|99|44.0,2.96027,1.4583,0.238117,-0.0625451,45.4664,2.96723,1.45898,0.229938,-0.0632101,45.5343,True,44.0|99,491
14|491|14|491|sample|5|99|5|99|44.0,2.96027,1.4583,0.243092,-0.0625451,45.4664,2.96723,1.45898,0.219467,-0.0632101,45.5343,True,44.0|99,491
14|491|14|491|sample|7|99|7|99|63.0,2.96027,1.4583,0.00263112,-0.0625451,45.4664,2.96723,1.45898,0.00269634,-0.0632101,45.5343,True,63.0|99,491
14|491|14|491|sample|8|99|8|99|63.0,2.96027,1.4583,0.00282074,-0.0625451,45.4664,2.96723,1.45898,0.00278789,-0.0632101,45.5343,True,63.0|99,491
14|491|14|491|cc|1|1|99|1|99|69.0,2.9603,1.45765,886.716,-0.0625451,45.4664,2.96727,1.45832,46.4589,-0.0632101,45.5343,False,69.0|99,491
14|491|14|491|cc|2|1|99|1|99|69.0,2.9603,1.45765,2480.62,-0.0625451,45.4664,2.96727,1.45832,46.4589,-0.0632101,45.5343,False,69.0|99,491
14|491|14|491|cc|3|1|99|1|99|69.0,2.9603,1.45765,1002.53,-0.0625451,45.4664,2.96727,1.45832,46.4589,-0.0632101,45.5343,False,69.0|99,491
14|491|14|491|cc|4|1|99|1|99|69.0,2.9603,1.45765,972.709,-0.0625451,45.4664,2.96727,1.45832,46.4589,-0.0632101,45.5343,False,69.0|99,491
14|491|14|491|cc|5|1|99|1|99|69.0,2.9603,1.45765,496.946,-0.0625451,45.4664,2.96727,1.45832,46.4589,-0.0632101,45.5343,False,69.0|99,491
14|491|14|491|cc|6|1|99|1|99|69.0,2.9603,1.45765,12949.7,-0.0625451,45.4664,2.96727,1.45832,46.4589,-0.0632101,45.5343,False,69.0|99,491
14|491|14|491|cc|7|1|99|1|99|69.0,2.9603,1.45765,549.606,-0.0625451,45.4664,2.96727,1.45832,46.4589,-0.0632101,45.5343,False,69.0|99,491
14|491|14|491|cc|8|1|99|1|99|69.0,2.9603,1.45765,5992.48,-0.0625451,45.4664,2.96727,1.45832,46.4589,-0.0632101,45.5343,False,69.0|99,491
14|491|14|491|vc|1|2|99|2|99|69.0,2.9603,1.45765,985.7,-0.0625451,45.4664,2.96727,1.45832,46.4589,-0.0632101,45.5343,False,69.0|99,491
14|491|14|491|vc|2|2|99|2|99|69.0,2.9603,1.45765,553.329,-0.0625451,45.4664,2.96727,1.45832,46.4589,-0.0632101,45.5343,False,69.0|99,491
14|491|14|491|vc|3|2|99|2|99|69.0,2.9603,1.45765,743.166,-0.0625451,45.4664,2.96727,1.45832,46.4589,-0.0632101,45.5343,False,69.0|99,491
14|491|14|491|vc|4|2|99|2|99|69.0,2.9603,1.45765,915.177,-0.0625451,45.4664,2.96727,1.45832,46.4589,-0.0632101,45.5343,False,69.0|99,491
14|491|14|491|vc|5|2|99|2|99|69.0,2.9603,1.45765,10118.3,-0.0625451,45.4664,2.96727,1.45832,46.4589,-0.0632101,45.5343,False,69.0|99,491
14|491|14|491|vc|6|2|99|2|99|69.0,2.9603,1.45765,860.499,-0.0625451,45.4664,2.96727,1.45832,46.4589,-0.0632101,45.5343,False,69.0|99,491
14|491|14|491|vc|7|2|99|2|99|69.0,2.9603,1.45765,417.47,-0.0625451,45.4664,2.96727,1.45832,46.4589,-0.0632101,45.5343,False,69.0|99,491
14|491|14|491|vc|8|2|99|2|99|69.0,2.9603,1.45765,488.099,-0.0625451,45.4664,2.96727,1.45832,46.4589,-0.0632101,45.5343,False,69.0|99,491
14|433|14|433|sample|4|99|4|99|6.0,2.96027,1.4583,0.0589253,-0.0627259,45.467,2.96723,1.45898,0.0530815,-0.0633909,45.5348,True,6.0|99,433
14|433|14|433|sample|3|99|3|99|6.0,2.96027,1.4583,0.0365808,-0.0627259,45.467,2.96723,1.45898,0.0348544,-0.0633909,45.5348,True,6.0|99,433
14|433|14|433|sample|6|99|6|99|6.0,2.96027,1.4583,1.15073,-0.0627259,45.467,2.96723,1.45898,1.12188,-0.0633909,45.5348,True,6.0|99,433
14|433|14|433|sample|5|99|5|99|6.0,2.96027,1.4583,1.1637,-0.0627259,45.467,2.96723,1.45898,1.10556,-0.0633909,45.5348,True,6.0|99,433
14|433|14|433|sample|8|99|8|99|6.0,2.96027,1.4583,0.0105488,-0.0627259,45.467,2.96723,1.45898,0.0100633,-0.0633909,45.5348,True,6.0|99,433
14|433|14|433|sample|7|99|7|99|6.0,2.96027,1.4583,0.0101778,-0.0627259,45.467,2.96723,1.45898,0.00928807,-0.0633909,45.5348,True,6.0|99,433
14|433|14|433|sample|10|99|10|99|6.0,2.96027,1.4583,0.116793,-0.0627259,45.467,2.96723,1.45898,0.111446,-0.0633909,45.5348,True,6.0|99,433
14|433|14|433|sample|9|99|9|99|6.0,2.96027,1.4583,0.122218,-0.0627259,45.467,2.96723,1.45898,0.118049,-0.0633909,45.5348,True,6.0|99,433
14|433|14|433|sample|11|99|11|99|6.0,2.96027,1.4583,0.627781,-0.0627259,45.467,2.96723,1.45898,0.615387,-0.0633909,45.5348,True,6.0|99,433
14|433|14|433|sample|12|99|12|99|6.0,2.96027,1.4583,0.641378,-0.0627259,45.467,2.96723,1.45898,0.591898,-0.0633909,45.5348,True,6.0|99,433
14|433|14|433|cc|1|1|99|1|99|69.0,2.9603,1.45765,462.004,-0.0627259,45.467,2.96727,1.45832,46.4589,-0.0633909,45.5348,False,69.0|99,433
14|433|14|433|cc|2|1|99|1|99|69.0,2.9603,1.45765,2270.57,-0.0627259,45.467,2.96727,1.45832,46.4589,-0.0633909,45.5348,False,69.0|99,433
14|433|14|433|cc|3|1|99|1|99|69.0,2.9603,1.45765,1195.38,-0.0627259,45.467,2.96727,1.45832,46.4589,-0.0633909,45.5348,False,69.0|99,433
14|433|14|433|cc|4|1|99|1|99|69.0,2.9603,1.45765,734.157,-0.0627259,45.467,2.96727,1.45832,46.4589,-0.0633909,45.5348,False,69.0|99,433
14|433|14|433|cc|5|1|99|1|99|69.0,2.9603,1.45765,450.68,-0.0627259,45.467,2.96727,1.45832,46.4589,-0.0633909,45.5348,False,69.0|99,433
14|433|14|433|cc|6|1|99|1|99|69.0,2.9603,1.45765,697.987,-0.0627259,45.467,2.96727,1.45832,46.4589,-0.0633909,45.5348,False,69.0|99,433
14|433|14|433|cc|7|1|99|1|99|69.0,2.9603,1.45765,476.812,-0.0627259,45.467,2.96727,1.45832,46.4589,-0.0633909,45.5348,False,69.0|99,433
14|433|14|433|cc|8|1|99|1|99|69.0,2.9603,1.45765,350.775,-0.0627259,45.467,2.96727,1.45832,46.4589,-0.0633909,45.5348,False,69.0|99,433
14|433|14|433|vc|1|2|99|2|99|69.0,2.9603,1.45765,2231.86,-0.0627259,45.467,2.96727,1.45832,46.4589,-0.0633909,45.5348,False,69.0|99,433
14|433|14|433|vc|2|2|99|2|99|69.0,2.9603,1.45765,459.257,-0.0627259,45.467,2.96727,1.45832,46.4589,-0.0633909,45.5348,False,69.0|99,433
14|433|14|433|vc|3|2|99|2|99|69.0,2.9603,1.45765,1702.22,-0.0627259,45.467,2.96727,1.45832,46.4589,-0.0633909,45.5348,False,69.0|99,433
14|433|14|433|vc|4|2|99|2|99|69.0,2.9603,1.45765,676.91,-0.0627259,45.467,2.96727,1.45832,46.4589,-0.0633909,45.5348,False,69.0|99,433
14|433|14|433|vc|5|2|99|2|99|69.0,2.9603,1.45765,649.129,-0.0627259,45.467,2.96727,1.45832,46.4589,-0.0633909,45.5348,False,69.0|99,433
14|433|14|433|vc|6|2|99|2|99|69.0,2.9603,1.45765,983.066,-0.0627259,45.467,2.96727,1.45832,46.4589,-0.0633909,45.5348,False,69.0|99,433
14|433|14|433|vc|7|2|99|2|99|69.0,2.9603,1.45765,553.394,-0.0627259,45.467,2.96727,1.45832,46.4589,-0.0633909,45.5348,False,69.0|99,433
14|433|14|433|vc|8|2|99|2|99|69.0,2.9603,1.45765,663.561,-0.0627259,45.467,2.96727,1.45832,46.4589,-0.0633909,45.5348,False,69.0|99,433
14|297|14|297|sample|3|71|3|71|6.0,2.96027,1.4583,0.877132,-0.0626151,45.4662,2.96723,1.45898,0.801733,-0.0632806,45.534,True,6.0|71,297
14|297|14|297|sample|4|71|4|71|6.0,2.96027,1.4583,0.910522,-0.0626151,45.4662,2.96723,1.45898,0.878347,-0.0632806,45.534,True,6.0|71,297
14|297|14|297|sample|5|71|5|71|6.0,2.96027,1.4583,0.0205724,-0.0626151,45.4662,2.96723,1.45898,0.0207713,-0.0632806,45.534,True,6.0|71,297
14|297|14|297|sample|6|71|6|71|6.0,2.96027,1.4583,0.022003,-0.0626151,45.4662,2.96723,1.45898,0.0218611,-0.0632806,45.534,True,6.0|71,297
14|297|14|297|sample|8|71|8|71|6.0,2.96027,1.4583,0.0626209,-0.0626151,45.4662,2.96723,1.45898,0.0597078,-0.0632806,45.534,True,6.0|71,297
14|297|14|297|sample|7|71|7|71|6.0,2.96027,1.4583,0.0541333,-0.0626151,45.4662,2.96723,1.45898,0.0522697,-0.0632806,45.534,True,6.0|71,297
14|297|14|297|sample|9|71|9|71|6.0,2.96027,1.4583,0.0281793,-0.0626151,45.4662,2.96723,1.45898,0.0281055,-0.0632806,45.534,True,6.0|71,297
14|297|14|297|sample|10|71|10|71|6.0,2.96027,1.4583,0.0261876,-0.0626151,45.4662,2.96723,1.45898,0.0255413,-0.0632806,45.534,True,6.0|71,297
14|297|14|297|sample|12|71|12|71|6.0,2.96027,1.4583,2.72642,-0.0626151,45.4662,2.96723,1.45898,2.5398,-0.0632806,45.534,True,6.0|71,297
14|297|14|297|sample|11|71|11|71|6.0,2.96027,1.4583,2.70574,-0.0626151,45.4662,2.96723,1.45898,2.54529,-0.0632806,45.534,True,6.0|71,297
14|297|14|297|cc|1|1|71|1|71|69.0,2.9603,1.45765,553.662,-0.0626151,45.4662,2.96727,1.45832,46.4589,-0.0632806,45.534,False,69.0|71,297
14|297|14|297|cc|2|1|71|1|71|69.0,2.9603,1.45765,523.468,-0.0626151,45.4662,2.96727,1.45832,46.4589,-0.0632806,45.534,False,69.0|71,297
14|297|14|297|cc|3|1|71|1|71|69.0,2.9603,1.45765,962.627,-0.0626151,45.4662,2.96727,1.45832,46.4589,-0.0632806,45.534,False,69.0|71,297
14|297|14|297|cc|4|1|71|1|71|69.0,2.9603,1.45765,987.033,-0.0626151,45.4662,2.96727,1.45832,46.4589,-0.0632806,45.534,False,69.0|71,297
14|297|14|297|cc|5|1|71|1|71|69.0,2.9603,1.45765,910.412,-0.0626151,45.4662,2.96727,1.45832,46.4589,-0.0632806,45.534,False,69.0|71,297
14|297|14|297|cc|6|1|71|1|71|69.0,2.9603,1.45765,566.88,-0.0626151,45.4662,2.96727,1.45832,46.4589,-0.0632806,45.534,False,69.0|71,297
14|297|14|297|cc|7|1|71|1|71|69.0,2.9603,1.45765,828.076,-0.0626151,45.4662,2.96727,1.45832,46.4589,-0.0632806,45.534,False,69.0|71,297
14|297|14|297|cc|8|1|71|1|71|69.0,2.9603,1.45765,420.107,-0.0626151,45.4662,2.96727,1.45832,46.4589,-0.0632806,45.534,False,69.0|71,297
14|297|14|297|vc|1|2|71|2|71|69.0,2.9603,1.45765,662.209,-0.0626151,45.4662,2.96727,1.45832,46.4589,-0.0632806,45.534,False,69.0|71,297
14|297|14|297|vc|2|2|71|2|71|69.0,2.9603,1.45765,1263.02,-0.0626151,45.4662,2.96727,1.45832,46.4589,-0.0632806,45.534,False,69.0|71,297
14|297|14|297|vc|3|2|71|2|71|69.0,2.9603,1.45765,373.384,-0.0626151,45.4662,2.96727,1.45832,46.4589,-0.0632806,45.534,False,69.0|71,297
14|297|14|297|vc|4|2|71|2|71|69.0,2.9603,1.45765,759.004,-0.0626151,45.4662,2.96727,1.45832,46.4589,-0.0632806,45.534,False,69.0|71,297
14|297|14|297|vc|5|2|71|2|71|69.0,2.9603,1.45765,1319.13,-0.0626151,45.4662,2.96727,1.45832,46.4589,-0.0632806,45.534,False,69.0|71,297
14|297|14|297|vc|6|2|71|2|71|69.0,2.9603,1.45765,578.626,-0.0626151,45.4662,2.96727,1.45832,46.4589,-0.0632806,45.534,False,69.0|71,297
14|297|14|297|vc|7|2|71|2|71|69.0,2.9603,1.45765,492.358,-0.0626151,45.4662,2.96727,1.45832,46.4589,-0.0632806,45.534,False,69.0|71,297
14|297|14|297|vc|8|2|71|2|71|69.0,2.9603,1.45765,1640.91,-0.0626151,45.4662,2.96727,1.45832,46.4589,-0.0632806,45.534,False,69.0|71,297
14|183|14|183|sample|4|233|4|233|6.0,2.96027,1.4583,0.290594,-0.0622534,45.466,2.96723,1.45898,0.270631,-0.0629188,45.5338,True,6.0|233,183
14|183|14|183|sample|3|233|3|233|6.0,2.96027,1.4583,0.32348,-0.0622534,45.466,2.96723,1.45898,0.275433,-0.0629188,45.5338,True,6.0|233,183
14|183|14|183|sample|6|233|6|233|6.0,2.96027,1.4583,0.143348,-0.0622534,45.466,2.96723,1.45898,0.131446,-0.0629188,45.5338,True,6.0|233,183
14|183|14|183|sample|5|233|5|233|6.0,2.96027,1.4583,0.138279,-0.0622534,45.466,2.96723,1.45898,0.131445,-0.0629188,45.5338,True,6.0|233,183
14|183|14|183|sample|7|233|7|233|6.0,2.96027,1.4583,0.366575,-0.0622534,45.466,2.96723,1.45898,0.343012,-0.0629188,45.5338,True,6.0|233,183
14|183|14|183|sample|8|233|8|233|6.0,2.96027,1.4583,0.373245,-0.0622534,45.466,2.96723,1.45898,0.365148,-0.0629188,45.5338,True,6.0|233,183
14|183|14|183|sample|10|233|10|233|6.0,2.96027,1.4583,0.105127,-0.0622534,45.466,2.96723,1.45898,0.0951125,-0.0629188,45.5338,True,6.0|233,183
14|183|14|183|sample|9|233|9|233|6.0,2.96027,1.4583,0.128304,-0.0622534,45.466,2.96723,1.45898,0.119376,-0.0629188,45.5338,True,6.0|233,183
14|183|14|183|sample|12|233|12|233|6.0,2.96027,1.4583,0.671007,-0.0622534,45.466,2.96723,1.45898,0.639643,-0.0629188,45.5338,True,6.0|233,183
14|183|14|183|sample|11|233|11|233|6.0,2.96027,1.4583,1.13675,-0.0622534,45.466,2.96723,1.45898,1.05119,-0.0629188,45.5338,True,6.0|233,183
14|183|14|183|cc|1|1|233|1|233|69.0,2.9603,1.45765,399.175,-0.0622534,45.466,2.96727,1.45832,46.4589,-0.0629188,45.5338,False,69.0|233,183
14|183|14|183|cc|2|1|233|1|233|69.0,2.9603,1.45765,449.384,-0.0622534,45.466,2.96727,1.45832,46.4589,-0.0629188,45.5338,False,69.0|233,183
14|183|14|183|cc|3|1|233|1|233|69.0,2.9603,1.45765,930.641,-0.0622534,45.466,2.96727,1.45832,46.4589,-0.0629188,45.5338,False,69.0|233,183
14|183|14|183|cc|4|1|233|1|233|69.0,2.9603,1.45765,567.294,-0.0622534,45.466,2.96727,1.45832,46.4589,-0.0629188,45.5338,False,69.0|233,183
14|183|14|183|cc|5|1|233|1|233|69.0,2.9603,1.45765,793.043,-0.0622534,45.466,2.96727,1.45832,46.4589,-0.0629188,45.5338,False,69.0|233,183
14|183|14|183|cc|6|1|233|1|233|69.0,2.9603,1.45765,486.348,-0.0622534,45.466,2.96727,1.45832,46.4589,-0.0629188,45.5338,False,69.0|233,183
14|183|14|183|cc|7|1|233|1|233|69.0,2.9603,1.45765,1022.28,-0.0622534,45.466,2.96727,1.45832,46.4589,-0.0629188,45.5338,False,69.0|233,183
14|183|14|183|cc|8|1|233|1|233|69.0,2.9603,1.45765,581.405,-0.0622534,45.466,2.96727,1.45832,46.4589,-0.0629188,45.5338,False,69.0|233,183
14|183|14|183|vc|1|2|233|2|233|69.0,2.9603,1.45765,584.13,-0.0622534,45.466,2.96727,1.45832,46.4589,-0.0629188,45.5338,False,69.0|233,183
14|183|14|183|vc|2|2|233|2|233|69.0,2.9603,1.45765,510.483,-0.0622534,45.466,2.96727,1.45832,46.4589,-0.0629188,45.5338,False,69.0|233,183
14|183|14|183|vc|3|2|233|2|233|69.0,2.9603,1.45765,669.422,-0.0622534,45.466,2.96727,1.45832,46.4589,-0.0629188,45.5338,False,69.0|233,183
14|183|14|183|vc|4|2|233|2|233|69.0,2.9603,1.45765,672.126,-0.0622534,45.466,2.96727,1.45832,46.4589,-0.0629188,45.5338,False,69.0|233,183
14|183|14|183|vc|5|2|233|2|233|69.0,2.9603,1.45765,613.027,-0.0622534,45.466,2.96727,1.45832,46.4589,-0.0629188,45.5338,False,69.0|233,183
14|183|14|183|vc|6|2|233|2|233|69.0,2.9603,1.45765,1341.18,-0.0622534,45.466,2.96727,1.45832,46.4589,-0.0629188,45.5338,False,69.0|233,183
14|183|14|183|vc|7|2|233|2|233|69.0,2.9603,1.45765,3010.13,-0.0622534,45.466,2.96727,1.45832,46.4589,-0.0629188,45.5338,False,69.0|233,183
14|183|14|183|vc|8|2|233|2|233|69.0,2.9603,1.45765,1236.33,-0.0622534,45.466,2.96727,1.45832,46.4589,-0.0629188,45.5338,False,69.0|233,183
14|705|14|705|sample|3|233|3|233|6.0,2.9603,1.45765,538.411,-0.062156,45.4663,2.96727,1.45832,43.283,-0.0628203,45.5341,False,6.0|233,705
14|705|14|705|sample|4|233|4|233|6.0,2.9603,1.45765,666.613,-0.062156,45.4663,2.96727,1.45832,56.6757,-0.0628203,45.5341,False,6.0|233,705
14|705|14|705|sample|5|233|5|233|6.0,2.9603,1.45765,1049.48,-0.062156,45.4663,2.96727,1.45832,54.4728,-0.0628203,45.5341,False,6.0|233,705
14|705|14|705|sample|6|233|6|233|6.0,2.9603,1.45765,1695.3,-0.062156,45.4663,2.96727,1.45832,55.7853,-0.0628203,45.5341,False,6.0|233,705
14|705|14|705|sample|7|233|7|233|6.0,2.9603,1.45765,301.614,-0.062156,45.4663,2.96727,1.45832,39.5516,-0.0628203,45.5341,False,6.0|233,705
14|705|14|705|sample|8|233|8|233|6.0,2.9603,1.45765,1061.66,-0.062156,45.4663,2.96727,1.45832,53.8223,-0.0628203,45.5341,False,6.0|233,705
14|705|14|705|sample|10|233|10|233|6.0,2.96027,1.4583,0.154452,-0.062156,45.4663,2.96723,1.45898,0.155516,-0.0628203,45.5341,True,6.0|233,705
14|705|14|705|sample|9|233|9|233|6.0,2.96027,1.4583,0.205198,-0.062156,45.4663,2.96723,1.45898,0.197219,-0.0628203,45.5341,True,6.0|233,705
14|705|14|705|sample|12|233|12|233|6.0,2.96027,1.4583,0.161912,-0.062156,45.4663,2.96723,1.45898,0.145409,-0.0628203,45.5341,True,6.0|233,705
14|705|14|705|sample|11|233|11|233|6.0,2.96027,1.4583,0.232882,-0.062156,45.4663,2.96723,1.45898,0.216942,-0.0628203,45.5341,True,6.0|233,705
14|705|14|705|cc|1|1|233|1|233|69.0,2.9603,1.45765,3760.88,-0.062156,45.4663,2.96727,1.45832,46.4589,-0.0628203,45.5341,False,69.0|233,705
14|705|14|705|cc|2|1|233|1|233|69.0,2.9603,1.45765,390.854,-0.062156,45.4663,2.96727,1.45832,46.4589,-0.0628203,45.5341,False,69.0|233,705
14|705|14|705|cc|3|1|233|1|233|69.0,2.9603,1.45765,733.556,-0.062156,45.4663,2.96727,1.45832,46.4589,-0.0628203,45.5341,False,69.0|233,705
14|705|14|705|cc|4|1|233|1|233|69.0,2.9603,1.45765,400.161,-0.062156,45.4663,2.96727,1.45832,46.4589,-0.0628203,45.5341,False,69.0|233,705
14|705|14|705|cc|5|1|233|1|233|69.0,2.9603,1.45765,648.774,-0.062156,45.4663,2.96727,1.45832,46.4589,-0.0628203,45.5341,False,69.0|233,705
14|705|14|705|cc|6|1|233|1|233|69.0,2.9603,1.45765,439.58,-0.062156,45.4663,2.96727,1.45832,46.4589,-0.0628203,45.5341,False,69.0|233,705
14|705|14|705|cc|7|1|233|1|233|69.0,2.9603,1.45765,411.189,-0.062156,45.4663,2.96727,1.45832,46.4589,-0.0628203,45.5341,False,69.0|233,705
14|705|14|705|cc|8|1|233|1|233|69.0,2.9603,1.45765,467.019,-0.062156,45.4663,2.96727,1.45832,46.4589,-0.0628203,45.5341,False,69.0|233,705
14|705|14|705|vc|1|2|233|2|233|69.0,2.9603,1.45765,1331.32,-0.062156,45.4663,2.96727,1.45832,46.4589,-0.0628203,45.5341,False,69.0|233,705
14|705|14|705|vc|2|2|233|2|233|69.0,2.9603,1.45765,1113.56,-0.062156,45.4663,2.96727,1.45832,46.4589,-0.0628203,45.5341,False,69.0|233,705
14|705|14|705|vc|3|2|233|2|233|69.0,2.9603,1.45765,2572.64,-0.062156,45.4663,2.96727,1.45832,46.4589,-0.0628203,45.5341,False,69.0|233,705
14|705|14|705|vc|4|2|233|2|233|69.0,2.9603,1.45765,758.911,-0.062156,45.4663,2.96727,1.45832,46.4589,-0.0628203,45.5341,False,69.0|233,705
14|705|14|705|vc|5|2|233|2|233|69.0,2.9603,1.45765,917.883,-0.062156,45.4663,2.96727,1.45832,46.4589,-0.0628203,45.5341,False,69.0|233,705
14|705|14|705|vc|6|2|233|2|233|69.0,2.9603,1.45765,1052.53,-0.062156,45.4663,2.96727,1.45832,46.4589,-0.0628203,45.5341,False,69.0|233,705
14|705|14|705|vc|7|2|233|2|233|69.0,2.9603,1.45765,377.816,-0.062156,45.4663,2.96727,1.45832,46.4589,-0.0628203,45.5341,False,69.0|233,705
14|705|14|705|vc|8|2|233|2|233|69.0,2.9603,1.45765,630.585,-0.062156,45.4663,2.96727,1.45832,46.4589,-0.0628203,45.5341,False,69.0|233,705
14|555|14|555|sample|4|233|4|233|6.0,2.96027,1.4583,5.91891,-0.0623359,45.4664,2.96723,1.45898,6.11711,-0.0630018,45.5342,True,6.0|233,555
14|555|14|555|sample|3|233|3|233|6.0,2.96027,1.4583,7.64101,-0.0623359,45.4664,2.96723,1.45898,7.05495,-0.0630018,45.5342,True,6.0|233,555
14|555|14|555|sample|5|233|5|233|6.0,2.96027,1.4583,7.05232,-0.0623359,45.4664,2.96723,1.45898,7.10827,-0.0630018,45.5342,True,6.0|233,555
14|555|14|555|sample|6|233|6|233|6.0,2.96027,1.4583,7.59489,-0.0623359,45.4664,2.96723,1.45898,7.7766,-0.0630018,45.5342,True,6.0|233,555
14|555|14|555|sample|7|233|7|233|6.0,2.96027,1.4583,0.194517,-0.0623359,45.4664,2.96723,1.45898,0.19545,-0.0630018,45.5342,True,6.0|233,555
14|555|14|555|sample|8|233|8|233|6.0,2.96027,1.4583,0.222993,-0.0623359,45.4664,2.96723,1.45898,0.204703,-0.0630018,45.5342,True,6.0|233,555
14|555|14|555|sample|9|233|9|233|6.0,2.96027,1.4583,6.70527,-0.0623359,45.4664,2.96723,1.45898,6.5578,-0.0630018,45.5342,True,6.0|233,555
14|555|14|555|sample|10|233|10|233|6.0,2.96027,1.4583,7.55125,-0.0623359,45.4664,2.96723,1.45898,7.02115,-0.0630018,45.5342,True,6.0|233,555
14|555|14|555|sample|12|233|12|233|6.0,2.96027,1.4583,0.0774835,-0.0623359,45.4664,2.96723,1.45898,0.0759785,-0.0630018,45.5342,True,6.0|233,555
14|555|14|555|sample|11|233|11|233|6.0,2.96027,1.4583,0.0825115,-0.0623359,45.4664,2.96723,1.45898,0.0793019,-0.0630018,45.5342,True,6.0|233,555
14|555|14|555|cc|1|1|233|1|233|69.0,2.9603,1.45765,844.538,-0.0623359,45.4664,2.96727,1.45832,46.4589,-0.0630018,45.5342,False,69.0|233,555
14|555|14|555|cc|2|1|233|1|233|69.0,2.9603,1.45765,1184.11,-0.0623359,45.4664,2.96727,1.45832,46.4589,-0.0630018,45.5342,False,69.0|233,555
14|555|14|555|cc|3|1|233|1|233|69.0,2.9603,1.45765,1036.63,-0.0623359,45.4664,2.96727,1.45832,46.4589,-0.0630018,45.5342,False,69.0|233,555
14|555|14|555|cc|4|1|233|1|233|69.0,2.9603,1.45765,971.06,-0.0623359,45.4664,2.96727,1.45832,46.4589,-0.0630018,45.5342,False,69.0|233,555
14|555|14|555|cc|5|1|233|1|233|69.0,2.9603,1.45765,1307.35,-0.0623359,45.4664,2.96727,1.45832,46.4589,-0.0630018,45.5342,False,69.0|233,555
14|555|14|555|cc|6|1|233|1|233|69.0,2.9603,1.45765,1828.57,-0.0623359,45.4664,2.96727,1.45832,46.4589,-0.0630018,45.5342,False,69.0|233,555
14|555|14|555|cc|7|1|233|1|233|69.0,2.9603,1.45765,807.492,-0.0623359,45.4664,2.96727,1.45832,46.4589,-0.0630018,45.5342,False,69.0|233,555
14|555|14|555|cc|8|1|233|1|233|69.0,2.9603,1.45765,586.748,-0.0623359,45.4664,2.96727,1.45832,46.4589,-0.0630018,45.5342,False,69.0|233,555
14|555|14|555|vc|1|2|233|2|233|69.0,2.9603,1.45765,915.519,-0.0623359,45.4664,2.96727,1.45832,46.4589,-0.0630018,45.5342,False,69.0|233,555
14|555|14|555|vc|2|2|233|2|233|69.0,2.9603,1.45765,485.378,-0.0623359,45.4664,2.96727,1.45832,46.4589,-0.0630018,45.5342,False,69.0|233,555
14|555|14|555|vc|3|2|233|2|233|69.0,2.9603,1.45765,1267.91,-0.0623359,45.4664,2.96727,1.45832,46.4589,-0.0630018,45.5342,False,69.0|233,555
14|555|14|555|vc|4|2|233|2|233|69.0,2.9603,1.45765,802.178,-0.0623359,45.4664,2.96727,1.45832,46.4589,-0.0630018,45.5342,False,69.0|233,555
14|555|14|555|vc|5|2|233|2|233|69.0,2.9603,1.45765,423.303,-0.0623359,45.4664,2.96727,1.45832,46.4589,-0.0630018,45.5342,False,69.0|233,555
14|555|14|555|vc|6|2|233|2|233|69.0,2.9603,1.45765,737.983,-0.0623359,45.4664,2.96727,1.45832,46.4589,-0.0630018,45.5342,False,69.0|233,555
14|555|14|555|vc|7|2|233|2|233|69.0,2.9603,1.45765,453.117,-0.0623359,45.4664,2.96727,1.45832,46.4589,-0.0630018,45.5342,False,69.0|233,555
14|555|14|555|vc|8|2|233|2|233|69.0,2.9603,1.45765,1316.48,-0.0623359,45.4664,2.96727,1.45832,46.4589,-0.0630018,45.5342,False,69.0|233,555
14|394|14|394|sample|5|42|5|42|6.0,2.96027,1.4583,17.0189,-0.0619701,45.4664,2.96723,1.45898,16.258,-0.0626351,45.5343,True,6.0|42,394
14|394|14|394|sample|6|42|6|42|6.0,2.96027,1.4583,17.0885,-0.0619701,45.4664,2.96723,1.45898,16.5902,-0.0626351,45.5343,True,6.0|42,394
14|394|14|394|sample|7|42|7|42|6.0,2.96027,1.4583,43.6841,-0.0619701,45.4664,2.96723,1.45898,46.8281,-0.0626351,45.5343,True,6.0|42,394
14|394|14|394|sample|8|42|8|42|6.0,2.96027,1.4583,45.9295,-0.0619701,45.4664,2.96723,1.45898,45.8934,-0.0626351,45.5343,True,6.0|42,394
14|394|14|394|sample|10|42|10|42|6.0,2.96027,1.4583,7.68858,-0.0619701,45.4664,2.96723,1.45898,7.49718,-0.0626351,45.5343,True,6.0|42,394
14|394|14|394|sample|9|42|9|42|6.0,2.96027,1.4583,8.14225,-0.0619701,45.4664,2.96723,1.45898,8.06432,-0.0626351,45.5343,True,6.0|42,394
14|394|14|394|sample|12|42|12|42|6.0,2.96027,1.4583,21.6703,-0.0619701,45.4664,2.96723,1.45898,21.587,-0.0626351,45.5343,True,6.0|42,394
14|394|14|394|sample|11|42|11|42|6.0,2.96027,1.4583,25.5607,-0.0619701,45.4664,2.96723,1.45898,22.5105,-0.0626351,45.5343,True,6.0|42,394
14|394|14|394|sample|3|42|3|42|63.0,2.96027,1.4583,2.42164,-0.0619701,45.4664,2.96723,1.45898,2.22101,-0.0626351,45.5343,True,63.0|42,394
14|394|14|394|sample|4|42|4|42|63.0,2.96027,1.4583,2.72675,-0.0619701,45.4664,2.96723,1.45898,2.4231,-0.0626351,45.5343,True,63.0|42,394
14|394|14|394|cc|1|1|42|1|42|69.0,2.9603,1.45765,943.004,-0.0619701,45.4664,2.96727,1.45832,46.4589,-0.0626351,45.5343,False,69.0|42,394
14|394|14|394|cc|2|1|42|1|42|69.0,2.9603,1.45765,673.727,-0.0619701,45.4664,2.96727,1.45832,46.4589,-0.0626351,45.5343,False,69.0|42,394
14|394|14|394|cc|3|1|42|1|42|69.0,2.9603,1.45765,1095.35,-0.0619701,45.4664,2.96727,1.45832,46.4589,-0.0626351,45.5343,False,69.0|42,394
14|394|14|394|cc|4|1|42|1|42|69.0,2.9603,1.45765,799.733,-0.0619701,45.4664,2.96727,1.45832,46.4589,-0.0626351,45.5343,False,69.0|42,394
14|394|14|394|cc|5|1|42|1|42|69.0,2.9603,1.45765,1247.9,-0.0619701,45.4664,2.96727,1.45832,46.4589,-0.0626351,45.5343,False,69.0|42,394
14|394|14|394|cc|6|1|42|1|42|69.0,2.9603,1.45765,878.134,-0.0619701,45.4664,2.96727,1.45832,46.4589,-0.0626351,45.5343,False,69.0|42,394
14|394|14|394|cc|7|1|42|1|42|69.0,2.9603,1.45765,1362.53,-0.0619701,45.4664,2.96727,1.45832,46.4589,-0.0626351,45.5343,False,69.0|42,394
14|394|14|394|cc|8|1|42|1|42|69.0,2.9603,1.45765,651.233,-0.0619701,45.4664,2.96727,1.45832,46.4589,-0.0626351,45.5343,False,69.0|42,394
14|394|14|394|vc|1|2|42|2|42|69.0,2.9603,1.45765,476.921,-0.0619701,45.4664,2.96727,1.45832,46.4589,-0.0626351,45.5343,False,69.0|42,394
14|394|14|394|vc|2|2|42|2|42|69.0,2.9603,1.45765,745.458,-0.0619701,45.4664,2.96727,1.45832,46.4589,-0.0626351,45.5343,False,69.0|42,394
14|394|14|394|vc|3|2|42|2|42|69.0,2.9603,1.45765,1071.05,-0.0619701,45.4664,2.96727,1.45832,46.4589,-0.0626351,45.5343,False,69.0|42,394
14|394|14|394|vc|4|2|42|2|42|69.0,2.9603,1.45765,1389.42,-0.0619701,45.4664,2.96727,1.45832,46.4589,-0.0626351,45.5343,False,69.0|42,394
14|394|14|394|vc|5|2|42|2|42|69.0,2.9603,1.45765,894.263,-0.0619701,45.4664,2.96727,1.45832,46.4589,-0.0626351,45.5343,False,69.0|42,394
14|394|14|394|vc|6|2|42|2|42|69.0,2.9603,1.45765,2374.19,-0.0619701,45.4664,2.96727,1.45832,46.4589,-0.0626351,45.5343,False,69.0|42,394
14|394|14|394|vc|7|2|42|2|42|69.0,2.9603,1.45765,511.293,-0.0619701,45.4664,2.96727,1.45832,46.4589,-0.0626351,45.5343,False,69.0|42,394
14|394|14|394|vc|8|2|42|2|42|69.0,2.9603,1.45765,615.62,-0.0619701,45.4664,2.96727,1.45832,46.4589,-0.0626351,45.5343,False,69.0|42,394
14|1099|14|1099|sample|3|73|3|73|6.0,2.96027,1.4583,15.5987,-0.0620248,45.4663,2.96723,1.45898,13.8546,-0.0626907,45.5341,True,6.0|73,1099
14|1099|14|1099|sample|4|73|4|73|6.0,2.96027,1.4583,15.596,-0.0620248,45.4663,2.96723,1.45898,14.7478,-0.0626907,45.5341,True,6.0|73,1099
14|1099|14|1099|sample|5|73|5|73|6.0,2.96027,1.4583,20.3572,-0.0620248,45.4663,2.96723,1.45898,19.7694,-0.0626907,45.5341,True,6.0|73,1099
14|1099|14|1099|sample|6|73|6|73|6.0,2.96027,1.4583,28.2771,-0.0620248,45.4663,2.96723,1.45898,27.2506,-0.0626907,45.5341,True,6.0|73,1099
14|1099|14|1099|sample|8|73|8|73|6.0,2.96027,1.4583,47.7052,-0.0620248,45.4663,2.96723,1.45898,45.185,-0.0626907,45.5341,True,6.0|73,1099
14|1099|14|1099|sample|7|73|7|73|6.0,2.96027,1.4583,55.3047,-0.0620248,45.4663,2.96723,1.45898,46.9052,-0.0626907,45.5341,True,6.0|73,1099
14|1099|14|1099|sample|9|73|9|73|6.0,2.96027,1.4583,12.1454,-0.0620248,45.4663,2.96723,1.45898,12.1438,-0.0626907,45.5341,True,6.0|73,1099
14|1099|14|1099|sample|10|73|10|73|6.0,2.96027,1.4583,18.1844,-0.0620248,45.4663,2.96723,1.45898,16.644,-0.0626907,45.5341,True,6.0|73,1099
14|1099|14|1099|sample|11|73|11|73|6.0,2.96027,1.4583,63.3987,-0.0620248,45.4663,2.96723,1.45898,50.441,-0.0626907,45.5341,True,6.0|73,1099
14|1099|14|1099|sample|12|73|12|73|6.0,2.96027,1.4583,64.9258,-0.0620248,45.4663,2.96723,1.45898,60.5054,-0.0626907,45.5341,True,6.0|73,1099
14|1099|14|1099|cc|1|1|73|1|73|69.0,2.9603,1.45765,1175.72,-0.0620248,45.4663,2.96727,1.45832,46.4589,-0.0626907,45.5341,False,69.0|73,1099
14|1099|14|1099|cc|2|1|73|1|73|69.0,2.9603,1.45765,701.004,-0.0620248,45.4663,2.96727,1.45832,46.4589,-0.0626907,45.5341,False,69.0|73,1099
14|1099|14|1099|cc|3|1|73|1|73|69.0,2.9603,1.45765,2403.88,-0.0620248,45.4663,2.96727,1.45832,46.4589,-0.0626907,45.5341,False,69.0|73,1099
14|1099|14|1099|cc|4|1|73|1|73|69.0,2.9603,1.45765,601.638,-0.0620248,45.4663,2.96727,1.45832,46.4589,-0.0626907,45.5341,False,69.0|73,1099
14|1099|14|1099|cc|5|1|73|1|73|69.0,2.9603,1.45765,749.65,-0.0620248,45.4663,2.96727,1.45832,46.4589,-0.0626907,45.5341,False,69.0|73,1099
14|1099|14|1099|cc|6|1|73|1|73|69.0,2.9603,1.45765,429.449,-0.0620248,45.4663,2.96727,1.45832,46.4589,-0.0626907,45.5341,False,69.0|73,1099
14|1099|14|1099|cc|7|1|73|1|73|69.0,2.9603,1.45765,1541.43,-0.0620248,45.4663,2.96727,1.45832,46.4589,-0.0626907,45.5341,False,69.0|73,1099
14|1099|14|1099|cc|8|1|73|1|73|69.0,2.9603,1.45765,464.363,-0.0620248,45.4663,2.96727,1.45832,46.4589,-0.0626907,45.5341,False,69.0|73,1099
14|1099|14|1099|vc|1|2|73|2|73|69.0,2.9603,1.45765,1394.37,-0.0620248,45.4663,2.96727,1.45832,46.4589,-0.0626907,45.5341,False,69.0|73,1099
14|1099|14|1099|vc|2|2|73|2|73|69.0,2.9603,1.45765,1480.07,-0.0620248,45.4663,2.96727,1.45832,46.4589,-0.0626907,45.5341,False,69.0|73,1099
14|1099|14|1099|vc|3|2|73|2|73|69.0,2.9603,1.45765,551.887,-0.0620248,45.4663,2.96727,1.45832,46.4589,-0.0626907,45.5341,False,69.0|73,1099
14|1099|14|1099|vc|4|2|73|2|73|69.0,2.9603,1.45765,1067.18,-0.0620248,45.4663,2.96727,1.45832,46.4589,-0.0626907,45.5341,False,69.0|73,1099
14|1099|14|1099|vc|5|2|73|2|73|69.0,2.9603,1.45765,829.28,-0.0620248,45.4663,2.96727,1.45832,46.4589,-0.0626907,45.5341,False,69.0|73,1099
14|1099|14|1099|vc|6|2|73|2|73|69.0,2.9603,1.45765,714.363,-0.0620248,45.4663,2.96727,1.45832,46.4589,-0.0626907,45.5341,False,69.0|73,1099
14|1099|14|1099|vc|7|2|73|2|73|69.0,2.9603,1.45765,1428.58,-0.0620248,45.4663,2.96727,1.45832,46.4589,-0.0626907,45.5341,False,69.0|73,1099
14|1099|14|1099|vc|8|2|73|2|73|69.0,2.9603,1.45765,1255.61,-0.0620248,45.4663,2.96727,1.45832,46.4589,-0.0626907,45.5341,False,69.0|73,1099
14|611|14|611|sample|4|73|4|73|6.0,2.96027,1.4583,255.248,-0.0614989,45.4663,2.96723,1.45898,115.484,-0.0621599,45.5342,True,6.0|73,611
14|611|14|611|sample|3|73|3|73|6.0,2.96027,1.4583,188.805,-0.0614989,45.4663,2.96723,1.45898,97.2396,-0.0621599,45.5342,True,6.0|73,611
14|611|14|611|sample|5|73|5|73|6.0,2.96027,1.4583,46.1871,-0.0614989,45.4663,2.96723,1.45898,45.6281,-0.0621599,45.5342,True,6.0|73,611
14|611|14|611|sample|6|73|6|73|6.0,2.96027,1.4583,66.522,-0.0614989,45.4663,2.96723,1.45898,51.4961,-0.0621599,45.5342,True,6.0|73,611
14|611|14|611|sample|7|73|7|73|6.0,2.96027,1.4583,141.153,-0.0614989,45.4663,2.96723,1.45898,92.4318,-0.0621599,45.5342,True,6.0|73,611
14|611|14|611|sample|8|73|8|73|6.0,2.96027,1.4583,317.555,-0.0614989,45.4663,2.96723,1.45898,141.753,-0.0621599,45.5342,True,6.0|73,611
14|611|14|611|sample|9|73|9|73|6.0,2.96027,1.4583,8.94707,-0.0614989,45.4663,2.96723,1.45898,8.42353,-0.0621599,45.5342,True,6.0|73,611
14|611|14|611|sample|10|73|10|73|6.0,2.96027,1.4583,12.3423,-0.0614989,45.4663,2.96723,1.45898,11.2464,-0.0621599,45.5342,True,6.0|73,611
14|611|14|611|sample|12|73|12|73|6.0,2.96027,1.4583,117.33,-0.0614989,45.4663,2.96723,1.45898,88.7512,-0.0621599,45.5342,True,6.0|73,611
14|611|14|611|sample|11|73|11|73|6.0,2.96027,1.4583,115.17,-0.0614989,45.4663,2.96723,1.45898,94.4909,-0.0621599,45.5342,True,6.0|73,611
14|611|14|611|cc|1|1|73|1|73|69.0,2.9603,1.45765,1365.47,-0.0614989,45.4663,2.96727,1.45832,46.4589,-0.0621599,45.5342,False,69.0|73,611
14|611|14|611|cc|2|1|73|1|73|69.0,2.9603,1.45765,597.675,-0.0614989,45.4663,2.96727,1.45832,46.4589,-0.0621599,45.5342,False,69.0|73,611
14|611|14|611|cc|3|1|73|1|73|69.0,2.9603,1.45765,2659.56,-0.0614989,45.4663,2.96727,1.45832,46.4589,-0.0621599,45.5342,False,69.0|73,611
14|611|14|611|cc|4|1|73|1|73|69.0,2.9603,1.45765,1022.14,-0.0614989,45.4663,2.96727,1.45832,46.4589,-0.0621599,45.5342,False,69.0|73,611
14|611|14|611|cc|5|1|73|1|73|69.0,2.9603,1.45765,522.869,-0.0614989,45.4663,2.96727,1.45832,46.4589,-0.0621599,45.5342,False,69.0|73,611
14|611|14|611|cc|6|1|73|1|73|69.0,2.9603,1.45765,557.538,-0.0614989,45.4663,2.96727,1.45832,46.4589,-0.0621599,45.5342,False,69.0|73,611
14|611|14|611|cc|7|1|73|1|73|69.0,2.9603,1.45765,686.999,-0.0614989,45.4663,2.96727,1.45832,46.4589,-0.0621599,45.5342,False,69.0|73,611
14|611|14|611|cc|8|1|73|1|73|69.0,2.9603,1.45765,688.018,-0.0614989,45.4663,2.96727,1.45832,46.4589,-0.0621599,45.5342,False,69.0|73,611
14|611|14|611|vc|1|2|73|2|73|69.0,2.9603,1.45765,600.89,-0.0614989,45.4663,2.96727,1.45832,46.4589,-0.0621599,45.5342,False,69.0|73,611
14|611|14|611|vc|2|2|73|2|73|69.0,2.9603,1.45765,4871.05,-0.0614989,45.4663,2.96727,1.45832,46.4589,-0.0621599,45.5342,False,69.0|73,611
14|611|14|611|vc|3|2|73|2|73|69.0,2.9603,1.45765,524.502,-0.0614989,45.4663,2.96727,1.45832,46.4589,-0.0621599,45.5342,False,69.0|73,611
14|611|14|611|vc|4|2|73|2|73|69.0,2.9603,1.45765,780.99,-0.0614989,45.4663,2.96727,1.45832,46.4589,-0.0621599,45.5342,False,69.0|73,611
14|611|14|611|vc|5|2|73|2|73|69.0,2.9603,1.45765,553.828,-0.0614989,45.4663,2.96727,1.45832,46.4589,-0.0621599,45.5342,False,69.0|73,611
14|611|14|611|vc|6|2|73|2|73|69.0,2.9603,1.45765,978.162,-0.0614989,45.4663,2.96727,1.45832,46.4589,-0.0621599,45.5342,False,69.0|73,611
14|611|14|611|vc|7|2|73|2|73|69.0,2.9603,1.45765,726.584,-0.0614989,45.4663,2.96727,1.45832,46.4589,-0.0621599,45.5342,False,69.0|73,611
14|611|14|611|vc|8|2|73|2|73|69.0,2.9603,1.45765,1407.06,-0.0614989,45.4663,2.96727,1.45832,46.4589,-0.0621599,45.5342,False,69.0|73,611
8|84|8|84|sample|5|162|5|162|55.0,2.96027,1.4583,5.2102,-0.0620446,45.4664,2.96723,1.45898,5.29597,-0.0627108,45.5342,True,55.0|162,84
8|84|8|84|sample|6|162|6|162|55.0,2.96027,1.4583,5.13033,-0.0620446,45.4664,2.96723,1.45898,4.62206,-0.0627108,45.5342,True,55.0|162,84
8|84|8|84|sample|4|162|4|162|55.0,2.96027,1.4583,1.51232,-0.0620446,45.4664,2.96723,1.45898,1.38355,-0.0627108,45.5342,True,55.0|162,84
8|84|8|84|sample|3|162|3|162|55.0,2.96027,1.4583,1.49781,-0.0620446,45.4664,2.96723,1.45898,1.48029,-0.0627108,45.5342,True,55.0|162,84
8|84|8|84|sample|9|162|9|162|32.0,2.96027,1.4583,0.342098,-0.0620446,45.4664,2.96723,1.45898,0.320447,-0.0627108,45.5342,True,32.0|162,84
8|84|8|84|sample|10|162|10|162|32.0,2.96027,1.4583,0.345845,-0.0620446,45.4664,2.96723,1.45898,0.325005,-0.0627108,45.5342,True,32.0|162,84
8|84|8|84|sample|7|162|7|162|32.0,2.96027,1.4583,0.412189,-0.0620446,45.4664,2.96723,1.45898,0.390135,-0.0627108,45.5342,True,32.0|162,84
8|84|8|84|sample|8|162|8|162|32.0,2.96027,1.4583,0.375694,-0.0620446,45.4664,2.96723,1.45898,0.366462,-0.0627108,45.5342,True,32.0|162,84
8|84|8|84|sample|12|162|12|162|22.0,2.96027,1.4583,0.368981,-0.0620446,45.4664,2.96723,1.45898,0.342711,-0.0627108,45.5342,True,22.0|162,84
8|84|8|84|sample|11|162|11|162|22.0,2.96027,1.4583,0.478786,-0.0620446,45.4664,2.96723,1.45898,0.445538,-0.0627108,45.5342,True,22.0|162,84
8|84|8|84|cc|1|1|162|1|162|69.0,2.9603,1.45765,674.248,-0.0620446,45.4664,2.96727,1.45832,46.4589,-0.0627108,45.5342,False,69.0|162,84
8|84|8|84|cc|2|1|162|1|162|69.0,2.9603,1.45765,2062.55,-0.0620446,45.4664,2.96727,1.45832,46.4589,-0.0627108,45.5342,False,69.0|162,84
8|84|8|84|cc|3|1|162|1|162|69.0,2.9603,1.45765,574.434,-0.0620446,45.4664,2.96727,1.45832,46.4589,-0.0627108,45.5342,False,69.0|162,84
8|84|8|84|cc|4|1|162|1|162|69.0,2.9603,1.45765,777.598,-0.0620446,45.4664,2.96727,1.45832,46.4589,-0.0627108,45.5342,False,69.0|162,84
8|84|8|84|cc|5|1|162|1|162|69.0,2.9603,1.45765,1735.31,-0.0620446,45.4664,2.96727,1.45832,46.4589,-0.0627108,45.5342,False,69.0|162,84
8|84|8|84|cc|6|1|162|1|162|69.0,2.9603,1.45765,809.528,-0.0620446,45.4664,2.96727,1.45832,46.4589,-0.0627108,45.5342,False,69.0|162,84
8|84|8|84|cc|7|1|162|1|162|69.0,2.9603,1.45765,1045.83,-0.0620446,45.4664,2.96727,1.45832,46.4589,-0.0627108,45.5342,False,69.0|162,84
8|84|8|84|cc|8|1|162|1|162|69.0,2.9603,1.45765,856.761,-0.0620446,45.4664,2.96727,1.45832,46.4589,-0.0627108,45.5342,False,69.0|162,84
8|84|8|84|vc|1|2|162|2|162|69.0,2.9603,1.45765,852.433,-0.0620446,45.4664,2.96727,1.45832,46.4589,-0.0627108,45.5342,False,69.0|162,84
8|84|8|84|vc|2|2|162|2|162|69.0,2.9603,1.45765,888.17,-0.0620446,45.4664,2.96727,1.45832,46.4589,-0.0627108,45.5342,False,69.0|162,84
8|84|8|84|vc|3|2|162|2|162|69.0,2.9603,1.45765,1316.5,-0.0620446,45.4664,2.96727,1.45832,46.4589,-0.0627108,45.5342,False,69.0|162,84
8|84|8|84|vc|4|2|162|2|162|69.0,2.9603,1.45765,614.507,-0.0620446,45.4664,2.96727,1.45832,46.4589,-0.0627108,45.5342,False,69.0|162,84
8|84|8|84|vc|5|2|162|2|162|69.0,2.9603,1.45765,1809.98,-0.0620446,45.4664,2.96727,1.45832,46.4589,-0.0627108,45.5342,False,69.0|162,84
8|84|8|84|vc|6|2|162|2|162|69.0,2.9603,1.45765,301.035,-0.0620446,45.4664,2.96727,1.45832,46.4589,-0.0627108,45.5342,False,69.0|162,84
8|84|8|84|vc|7|2|162|2|162|69.0,2.9603,1.45765,523.111,-0.0620446,45.4664,2.96727,1.45832,46.4589,-0.0627108,45.5342,False,69.0|162,84
8|84|8|84|vc|8|2|162|2|162|69.0,2.9603,1.45765,862.18,-0.0620446,45.4664,2.96727,1.45832,46.4589,-0.0627108,45.5342,False,69.0|162,84
8|1042|8|1042|sample|8|162|8|162|65.0,2.96027,1.4583,0.469171,-0.0627082,45.4698,2.96723,1.45898,0.4538,-0.063376,45.5376,True,65.0|162,1042
8|1042|8|1042|sample|7|162|7|162|65.0,2.96027,1.4583,0.496128,-0.0627082,45.4698,2.96723,1.45898,0.451619,-0.063376,45.5376,True,65.0|162,1042
8|1042|8|1042|sample|6|162|6|162|65.0,2.96027,1.4583,0.51621,-0.0627082,45.4698,2.96723,1.45898,0.500936,-0.063376,45.5376,True,65.0|162,1042
8|1042|8|1042|sample|5|162|5|162|65.0,2.96027,1.4583,0.49964,-0.0627082,45.4698,2.96723,1.45898,0.473202,-0.063376,45.5376,True,65.0|162,1042
8|1042|8|1042|sample|12|162|12|162|28.0,2.96027,1.4583,0.265639,-0.0627082,45.4698,2.96723,1.45898,0.252639,-0.063376,45.5376,True,28.0|162,1042
8|1042|8|1042|sample|7|162|7|162|28.0,2.96027,1.4583,0.0873269,-0.0627082,45.4698,2.96723,1.45898,0.0878,-0.063376,45.5376,True,28.0|162,1042
8|1042|8|1042|sample|11|162|11|162|28.0,2.96027,1.4583,0.332644,-0.0627082,45.4698,2.96723,1.45898,0.317594,-0.063376,45.5376,True,28.0|162,1042
8|1042|8|1042|sample|9|162|9|162|28.0,2.96027,1.4583,0.427355,-0.0627082,45.4698,2.96723,1.45898,0.413879,-0.063376,45.5376,True,28.0|162,1042
8|1042|8|1042|sample|10|162|10|162|28.0,2.96027,1.4583,0.381427,-0.0627082,45.4698,2.96723,1.45898,0.375145,-0.063376,45.5376,True,28.0|162,1042
8|1042|8|1042|sample|4|162|4|162|22.0,2.96027,1.4583,0.521143,-0.0627082,45.4698,2.96723,1.45898,0.507953,-0.063376,45.5376,True,22.0|162,1042
8|1042|8|1042|sample|3|162|3|162|22.0,2.96027,1.4583,0.505726,-0.0627082,45.4698,2.96723,1.45898,0.478202,-0.063376,45.5376,True,22.0|162,1042
8|1042|8|1042|sample|12|162|12|162|65.0,2.96027,1.4583,0.114548,-0.0627082,45.4698,2.96723,1.45898,0.0957325,-0.063376,45.5376,True,65.0|162,1042
8|1042|8|1042|cc|1|1|162|1|162|69.0,2.9603,1.45765,956.492,-0.0627082,45.4698,2.96727,1.45832,46.4589,-0.063376,45.5376,False,69.0|162,1042
8|1042|8|1042|cc|2|1|162|1|162|69.0,2.9603,1.45765,386.735,-0.0627082,45.4698,2.96727,1.45832,46.4589,-0.063376,45.5376,False,69.0|162,1042
8|1042|8|1042|cc|3|1|162|1|162|69.0,2.9603,1.45765,1262.41,-0.0627082,45.4698,2.96727,1.45832,46.4589,-0.063376,45.5376,False,69.0|162,1042
8|1042|8|1042|cc|4|1|162|1|162|69.0,2.9603,1.45765,566.136,-0.0627082,45.4698,2.96727,1.45832,46.4589,-0.063376,45.5376,False,69.0|162,1042
8|1042|8|1042|cc|5|1|162|1|162|69.0,2.9603,1.45765,3536.27,-0.0627082,45.4698,2.96727,1.45832,46.4589,-0.063376,45.5376,False,69.0|162,1042
8|1042|8|1042|cc|6|1|162|1|162|69.0,2.9603,1.45765,774.734,-0.0627082,45.4698,2.96727,1.45832,46.4589,-0.063376,45.5376,False,69.0|162,1042
8|1042|8|1042|cc|7|1|162|1|162|69.0,2.9603,1.45765,1846.44,-0.0627082,45.4698,2.96727,1.45832,46.4589,-0.063376,45.5376,False,69.0|162,1042
8|1042|8|1042|cc|8|1|162|1|162|69.0,2.9603,1.45765,1278.88,-0.0627082,45.4698,2.96727,1.45832,46.4589,-0.063376,45.5376,False,69.0|162,1042
8|1042|8|1042|vc|1|2|162|2|162|69.0,2.9603,1.45765,891.149,-0.0627082,45.4698,2.96727,1.45832,46.4589,-0.063376,45.5376,False,69.0|162,1042
8|1042|8|1042|vc|2|2|162|2|162|69.0,2.9603,1.45765,502.11,-0.0627082,45.4698,2.96727,1.45832,46.4589,-0.063376,45.5376,False,69.0|162,1042
8|1042|8|1042|vc|3|2|162|2|162|69.0,2.9603,1.45765,1381.24,-0.0627082,45.4698,2.96727,1.45832,46.4589,-0.063376,45.5376,False,69.0|162,1042
8|1042|8|1042|vc|4|2|162|2|162|69.0,2.9603,1.45765,522.64,-0.0627082,45.4698,2.96727,1.45832,46.4589,-0.063376,45.5376,False,69.0|162,1042
8|1042|8|1042|vc|5|2|162|2|162|69.0,2.9603,1.45765,398.705,-0.0627082,45.4698,2.96727,1.45832,46.4589,-0.063376,45.5376,False,69.0|162,1042
8|1042|8|1042|vc|6|2|162|2|162|69.0,2.9603,1.45765,986.83,-0.0627082,45.4698,2.96727,1.45832,46.4589,-0.063376,45.5376,False,69.0|162,1042
8|1042|8|1042|vc|7|2|162|2|162|69.0,2.9603,1.45765,602.487,-0.0627082,45.4698,2.96727,1.45832,46.4589,-0.063376,45.5376,False,69.0|162,1042
8|1042|8|1042|vc|8|2|162|2|162|69.0,2.9603,1.45765,375.418,-0.0627082,45.4698,2.96727,1.45832,46.4589,-0.063376,45.5376,False,69.0|162,1042
8|719|8|719|sample|5|274|5|274|55.0,2.96027,1.4583,1.1399,-0.0624635,45.4665,2.96723,1.45898,1.12866,-0.0631287,45.5343,True,55.0|274,719
8|719|8|719|sample|6|274|6|274|55.0,2.96027,1.4583,1.00791,-0.0624635,45.4665,2.96723,1.45898,0.966257,-0.0631287,45.5343,True,55.0|274,719
8|719|8|719|sample|3|274|3|274|55.0,2.96027,1.4583,1.12331,-0.0624635,45.4665,2.96723,1.45898,1.1331,-0.0631287,45.5343,True,55.0|274,719
8|719|8|719|sample|4|274|4|274|55.0,2.96027,1.4583,1.31556,-0.0624635,45.4665,2.96723,1.45898,1.16892,-0.0631287,45.5343,True,55.0|274,719
8|719|8|719|sample|10|274|10|274|32.0,2.96027,1.4583,0.13401,-0.0624635,45.4665,2.96723,1.45898,0.130346,-0.0631287,45.5343,True,32.0|274,719
8|719|8|719|sample|9|274|9|274|32.0,2.96027,1.4583,0.13296,-0.0624635,45.4665,2.96723,1.45898,0.128142,-0.0631287,45.5343,True,32.0|274,719
8|719|8|719|sample|8|274|8|274|32.0,2.96027,1.4583,0.139677,-0.0624635,45.4665,2.96723,1.45898,0.131252,-0.0631287,45.5343,True,32.0|274,719
8|719|8|719|sample|7|274|7|274|32.0,2.96027,1.4583,0.140435,-0.0624635,45.4665,2.96723,1.45898,0.133182,-0.0631287,45.5343,True,32.0|274,719
8|719|8|719|sample|12|274|12|274|22.0,2.96027,1.4583,0.0902458,-0.0624635,45.4665,2.96723,1.45898,0.089734,-0.0631287,45.5343,True,22.0|274,719
8|719|8|719|sample|11|274|11|274|22.0,2.96027,1.4583,0.101555,-0.0624635,45.4665,2.96723,1.45898,0.0988436,-0.0631287,45.5343,True,22.0|274,719
8|719|8|719|cc|1|1|274|1|274|69.0,2.9603,1.45765,761.95,-0.0624635,45.4665,2.96727,1.45832,46.4589,-0.0631287,45.5343,False,69.0|274,719
8|719|8|719|cc|2|1|274|1|274|69.0,2.9603,1.45765,516.313,-0.0624635,45.4665,2.96727,1.45832,46.4589,-0.0631287,45.5343,False,69.0|274,719
8|719|8|719|cc|3|1|274|1|274|69.0,2.9603,1.45765,954.306,-0.0624635,45.4665,2.96727,1.45832,46.4589,-0.0631287,45.5343,False,69.0|274,719
8|719|8|719|cc|4|1|274|1|274|69.0,2.9603,1.45765,594.098,-0.0624635,45.4665,2.96727,1.45832,46.4589,-0.0631287,45.5343,False,69.0|274,719
8|719|8|719|cc|5|1|274|1|274|69.0,2.9603,1.45765,822.429,-0.0624635,45.4665,2.96727,1.45832,46.4589,-0.0631287,45.5343,False,69.0|274,719
8|719|8|719|cc|6|1|274|1|274|69.0,2.9603,1.45765,752.816,-0.0624635,45.4665,2.96727,1.45832,46.4589,-0.0631287,45.5343,False,69.0|274,719
8|719|8|719|cc|7|1|274|1|274|69.0,2.9603,1.45765,1096.07,-0.0624635,45.4665,2.96727,1.45832,46.4589,-0.0631287,45.5343,False,69.0|274,719
8|719|8|719|cc|8|1|274|1|274|69.0,2.9603,1.45765,1156.93,-0.0624635,45.4665,2.96727,1.45832,46.4589,-0.0631287,45.5343,False,69.0|274,719
8|719|8|719|vc|1|2|274|2|274|69.0,2.9603,1.45765,2622.95,-0.0624635,45.4665,2.96727,1.45832,46.4589,-0.0631287,45.5343,False,69.0|274,719
8|719|8|719|vc|2|2|274|2|274|69.0,2.9603,1.45765,519.096,-0.0624635,45.4665,2.96727,1.45832,46.4589,-0.0631287,45.5343,False,69.0|274,719
8|719|8|719|vc|3|2|274|2|274|69.0,2.9603,1.45765,447.255,-0.0624635,45.4665,2.96727,1.45832,46.4589,-0.0631287,45.5343,False,69.0|274,719
8|719|8|719|vc|4|2|274|2|274|69.0,2.9603,1.45765,586.948,-0.0624635,45.4665,2.96727,1.45832,46.4589,-0.0631287,45.5343,False,69.0|274,719
8|719|8|719|vc|5|2|274|2|274|69.0,2.9603,1.45765,612.65,-0.0624635,45.4665,2.96727,1.45832,46.4589,-0.0631287,45.5343,False,69.0|274,719
8|719|8|719|vc|6|2|274|2|274|69.0,2.9603,1.45765,1120.74,-0.0624635,45.4665,2.96727,1.45832,46.4589,-0.0631287,45.5343,False,69.0|274,719
8|719|8|719|vc|7|2|274|2|274|69.0,2.9603,1.45765,958.597,-0.0624635,45.4665,2.96727,1.45832,46.4589,-0.0631287,45.5343,False,69.0|274,719
8|719|8|719|vc|8|2|274|2|274|69.0,2.9603,1.45765,301.411,-0.0624635,45.4665,2.96727,1.45832,46.4589,-0.0631287,45.5343,False,69.0|274,719
8|863|8|863|sample|7|274|7|274|65.0,2.96027,1.4583,0.151742,-0.0624701,45.4664,2.96723,1.45898,0.143326,-0.0631361,45.5342,True,65.0|274,863
8|863|8|863|sample|8|274|8|274|65.0,2.96027,1.4583,0.144073,-0.0624701,45.4664,2.96723,1.45898,0.139124,-0.0631361,45.5342,True,65.0|274,863
8|863|8|863|sample|6|274|6|274|65.0,2.96027,1.4583,0.136649,-0.0624701,45.4664,2.96723,1.45898,0.122387,-0.0631361,45.5342,True,65.0|274,863
8|863|8|863|sample|5|274|5|274|65.0,2.96027,1.4583,0.127698,-0.0624701,45.4664,2.96723,1.45898,0.126938,-0.0631361,45.5342,True,65.0|274,863
8|863|8|863|sample|11|274|11|274|28.0,2.96027,1.4583,0.0951392,-0.0624701,45.4664,2.96723,1.45898,0.0931085,-0.0631361,45.5342,True,28.0|274,863
8|863|8|863|sample|12|274|12|274|28.0,2.96027,1.4583,0.104216,-0.0624701,45.4664,2.96723,1.45898,0.0953982,-0.0631361,45.5342,True,28.0|274,863
8|863|8|863|sample|9|274|9|274|28.0,2.96027,1.4583,0.10635,-0.0624701,45.4664,2.96723,1.45898,0.107683,-0.0631361,45.5342,True,28.0|274,863
8|863|8|863|sample|10|274|10|274|28.0,2.96027,1.4583,0.115127,-0.0624701,45.4664,2.96723,1.45898,0.111902,-0.0631361,45.5342,True,28.0|274,863
8|863|8|863|sample|5|274|5|274|28.0,2.96027,1.4583,0.0453292,-0.0624701,45.4664,2.96723,1.45898,0.0405379,-0.0631361,45.5342,True,28.0|274,863
8|863|8|863|sample|3|274|3|274|22.0,2.96027,1.4583,0.0979352,-0.0624701,45.4664,2.96723,1.45898,0.0959835,-0.0631361,45.5342,True,22.0|274,863
8|863|8|863|sample|4|274|4|274|22.0,2.96027,1.4583,0.118818,-0.0624701,45.4664,2.96723,1.45898,0.112464,-0.0631361,45.5342,True,22.0|274,863
8|863|8|863|sample|10|274|10|274|65.0,2.96027,1.4583,0.0382286,-0.0624701,45.4664,2.96723,1.45898,0.0396923,-0.0631361,45.5342,True,65.0|274,863
8|863|8|863|cc|1|1|274|1|274|69.0,2.9603,1.45765,606.11,-0.0624701,45.4664,2.96727,1.45832,46.4589,-0.0631361,45.5342,False,69.0|274,863
8|863|8|863|cc|2|1|274|1|274|69.0,2.9603,1.45765,544.553,-0.0624701,45.4664,2.96727,1.45832,46.4589,-0.0631361,45.5342,False,69.0|274,863
8|863|8|863|cc|3|1|274|1|274|69.0,2.9603,1.45765,756.451,-0.0624701,45.4664,2.96727,1.45832,46.4589,-0.0631361,45.5342,False,69.0|274,863
8|863|8|863|cc|4|1|274|1|274|69.0,2.9603,1.45765,4393.1,-0.0624701,45.4664,2.96727,1.45832,46.4589,-0.0631361,45.5342,False,69.0|274,863
8|863|8|863|cc|5|1|274|1|274|69.0,2.9603,1.45765,442.937,-0.0624701,45.4664,2.96727,1.45832,46.4589,-0.0631361,45.5342,False,69.0|274,863
8|863|8|863|cc|6|1|274|1|274|69.0,2.9603,1.45765,448.258,-0.0624701,45.4664,2.96727,1.45832,46.4589,-0.0631361,45.5342,False,69.0|274,863
8|863|8|863|cc|7|1|274|1|274|69.0,2.9603,1.45765,460.007,-0.0624701,45.4664,2.96727,1.45832,46.4589,-0.0631361,45.5342,False,69.0|274,863
8|863|8|863|cc|8|1|274|1|274|69.0,2.9603,1.45765,823.347,-0.0624701,45.4664,2.96727,1.45832,46.4589,-0.0631361,45.5342,False,69.0|274,863
8|863|8|863|vc|1|2|274|2|274|69.0,2.9603,1.45765,702.7,-0.0624701,45.4664,2.96727,1.45832,46.4589,-0.0631361,45.5342,False,69.0|274,863
8|863|8|863|vc|2|2|274|2|274|69.0,2.9603,1.45765,1095.88,-0.0624701,45.4664,2.96727,1.45832,46.4589,-0.0631361,45.5342,False,69.0|274,863
8|863|8|863|vc|3|2|274|2|274|69.0,2.9603,1.45765,642.459,-0.0624701,45.4664,2.96727,1.45832,46.4589,-0.0631361,45.5342,False,69.0|274,863
8|863|8|863|vc|4|2|274|2|274|69.0,2.9603,1.45765,701.617,-0.0624701,45.4664,2.96727,1.45832,46.4589,-0.0631361,45.5342,False,69.0|274,863
8|863|8|863|vc|5|2|274|2|274|69.0,2.9603,1.45765,1676.45,-0.0624701,45.4664,2.96727,1.45832,46.4589,-0.0631361,45.5342,False,69.0|274,863
8|863|8|863|vc|6|2|274|2|274|69.0,2.9603,1.45765,1067.31,-0.0624701,45.4664,2.96727,1.45832,46.4589,-0.0631361,45.5342,False,69.0|274,863
8|863|8|863|vc|7|2|274|2|274|69.0,2.9603,1.45765,802.12,-0.0624701,45.4664,2.96727,1.45832,46.4589,-0.0631361,45.5342,False,69.0|274,863
8|863|8|863|vc|8|2|274|2|274|69.0,2.9603,1.45765,1394.21,-0.0624701,45.4664,2.96727,1.45832,46.4589,-0.0631361,45.5342,False,69.0|274,863
8|488|8|488|sample|6|322|6|322|55.0,2.96027,1.4583,5.69295,-0.0622028,45.4663,2.96723,1.45898,5.15836,-0.0628696,45.5341,True,55.0|322,488
8|488|8|488|sample|5|322|5|322|55.0,2.96027,1.4583,5.30041,-0.0622028,45.4663,2.96723,1.45898,4.91322,-0.0628696,45.5341,True,55.0|322,488
8|488|8|488|sample|4|322|4|322|55.0,2.96027,1.4583,3.97032,-0.0622028,45.4663,2.96723,1.45898,3.33066,-0.0628696,45.5341,True,55.0|322,488
8|488|8|488|sample|3|322|3|322|55.0,2.96027,1.4583,3.32998,-0.0622028,45.4663,2.96723,1.45898,3.05858,-0.0628696,45.5341,True,55.0|322,488
8|488|8|488|sample|10|322|10|322|32.0,2.96027,1.4583,3.29534,-0.0622028,45.4663,2.96723,1.45898,3.10461,-0.0628696,45.5341,True,32.0|322,488
8|488|8|488|sample|9|322|9|322|32.0,2.96027,1.4583,3.58338,-0.0622028,45.4663,2.96723,1.45898,3.26222,-0.0628696,45.5341,True,32.0|322,488
8|488|8|488|sample|8|322|8|322|32.0,2.96027,1.4583,1.20125,-0.0622028,45.4663,2.96723,1.45898,1.16287,-0.0628696,45.5341,True,32.0|322,488
8|488|8|488|sample|7|322|7|322|32.0,2.96027,1.4583,1.35296,-0.0622028,45.4663,2.96723,1.45898,1.15747,-0.0628696,45.5341,True,32.0|322,488
8|488|8|488|sample|11|322|11|322|22.0,2.96027,1.4583,0.246479,-0.0622028,45.4663,2.96723,1.45898,0.226859,-0.0628696,45.5341,True,22.0|322,488
8|488|8|488|sample|12|322|12|322|22.0,2.96027,1.4583,0.176631,-0.0622028,45.4663,2.96723,1.45898,0.167122,-0.0628696,45.5341,True,22.0|322,488
8|488|8|488|cc|1|1|322|1|322|69.0,2.9603,1.45765,1309.93,-0.0622028,45.4663,2.96727,1.45832,46.4589,-0.0628696,45.5341,False,69.0|322,488
8|488|8|488|cc|2|1|322|1|322|69.0,2.9603,1.45765,4993.87,-0.0622028,45.4663,2.96727,1.45832,46.4589,-0.0628696,45.5341,False,69.0|322,488
8|488|8|488|cc|3|1|322|1|322|69.0,2.9603,1.45765,2376.41,-0.0622028,45.4663,2.96727,1.45832,46.4589,-0.0628696,45.5341,False,69.0|322,488
8|488|8|488|cc|4|1|322|1|322|69.0,2.9603,1.45765,670.957,-0.0622028,45.4663,2.96727,1.45832,46.4589,-0.0628696,45.5341,False,69.0|322,488
8|488|8|488|cc|5|1|322|1|322|69.0,2.9603,1.45765,496.322,-0.0622028,45.4663,2.96727,1.45832,46.4589,-0.0628696,45.5341,False,69.0|322,488
8|488|8|488|cc|6|1|322|1|322|69.0,2.9603,1.45765,387.571,-0.0622028,45.4663,2.96727,1.45832,46.4589,-0.0628696,45.5341,False,69.0|322,488
8|488|8|488|cc|7|1|322|1|322|69.0,2.9603,1.45765,810.934,-0.0622028,45.4663,2.96727,1.45832,46.4589,-0.0628696,45.5341,False,69.0|322,488
8|488|8|488|cc|8|1|322|1|322|69.0,2.9603,1.45765,807.312,-0.0622028,45.4663,2.96727,1.45832,46.4589,-0.0628696,45.5341,False,69.0|322,488
8|488|8|488|vc|1|2|322|2|322|69.0,2.9603,1.45765,685.691,-0.0622028,45.4663,2.96727,1.45832,46.4589,-0.0628696,45.5341,False,69.0|322,488
8|488|8|488|vc|2|2|322|2|322|69.0,2.9603,1.45765,540.91,-0.0622028,45.4663,2.96727,1.45832,46.4589,-0.0628696,45.5341,False,69.0|322,488
8|488|8|488|vc|3|2|322|2|322|69.0,2.9603,1.45765,1176.69,-0.0622028,45.4663,2.96727,1.45832,46.4589,-0.0628696,45.5341,False,69.0|322,488
8|488|8|488|vc|4|2|322|2|322|69.0,2.9603,1.45765,478.658,-0.0622028,45.4663,2.96727,1.45832,46.4589,-0.0628696,45.5341,False,69.0|322,488
8|488|8|488|vc|5|2|322|2|322|69.0,2.9603,1.45765,995.481,-0.0622028,45.4663,2.96727,1.45832,46.4589,-0.0628696,45.5341,False,69.0|322,488
8|488|8|488|vc|6|2|322|2|322|69.0,2.9603,1.45765,522.217,-0.0622028,45.4663,2.96727,1.45832,46.4589,-0.0628696,45.5341,False,69.0|322,488
8|488|8|488|vc|7|2|322|2|322|69.0,2.9603,1.45765,906.895,-0.0622028,45.4663,2.96727,1.45832,46.4589,-0.0628696,45.5341,False,69.0|322,488
8|488|8|488|vc|8|2|322|2|322|69.0,2.9603,1.45765,622.63,-0.0622028,45.4663,2.96727,1.45832,46.4589,-0.0628696,45.5341,False,69.0|322,488
8|152|8|152|sample|8|322|8|322|65.0,2.96027,1.4583,0.297662,-0.0624113,45.4666,2.96723,1.45898,0.291769,-0.0630772,45.5344,True,65.0|322,152
8|152|8|152|sample|7|322|7|322|65.0,2.96027,1.4583,0.328983,-0.0624113,45.4666,2.96723,1.45898,0.328152,-0.0630772,45.5344,True,65.0|322,152
8|152|8|152|sample|6|322|6|322|65.0,2.96027,1.4583,0.375976,-0.0624113,45.4666,2.96723,1.45898,0.363024,-0.0630772,45.5344,True,65.0|322,152
8|152|8|152|sample|5|322|5|322|65.0,2.96027,1.4583,0.334696,-0.0624113,45.4666,2.96723,1.45898,0.316022,-0.0630772,45.5344,True,65.0|322,152
8|152|8|152|sample|12|322|12|322|28.0,2.96027,1.4583,0.110237,-0.0624113,45.4666,2.96723,1.45898,0.103167,-0.0630772,45.5344,True,28.0|322,152
8|152|8|152|sample|11|322|11|322|28.0,2.96027,1.4583,0.119946,-0.0624113,45.4666,2.96723,1.45898,0.116454,-0.0630772,45.5344,True,28.0|322,152
8|152|8|152|sample|10|322|10|322|28.0,2.96027,1.4583,0.118773,-0.0624113,45.4666,2.96723,1.45898,0.112526,-0.0630772,45.5344,True,28.0|322,152
8|152|8|152|sample|9|322|9|322|28.0,2.96027,1.4583,0.150984,-0.0624113,45.4666,2.96723,1.45898,0.141417,-0.0630772,45.5344,True,28.0|322,152
8|152|8|152|sample|3|322|3|322|22.0,2.96027,1.4583,0.272503,-0.0624113,45.4666,2.96723,1.45898,0.249069,-0.0630772,45.5344,True,22.0|322,152
8|152|8|152|sample|4|322|4|322|22.0,2.96027,1.4583,0.288982,-0.0624113,45.4666,2.96723,1.45898,0.272826,-0.0630772,45.5344,True,22.0|322,152
8|152|8|152|cc|1|1|322|1|322|69.0,2.9603,1.45765,1543.3,-0.0624113,45.4666,2.96727,1.45832,46.4589,-0.0630772,45.5344,False,69.0|322,152
8|152|8|152|cc|2|1|322|1|322|69.0,2.9603,1.45765,666.63,-0.0624113,45.4666,2.96727,1.45832,46.4589,-0.0630772,45.5344,False,69.0|322,152
8|152|8|152|cc|3|1|322|1|322|69.0,2.9603,1.45765,1274.54,-0.0624113,45.4666,2.96727,1.45832,46.4589,-0.0630772,45.5344,False,69.0|322,152
8|152|8|152|cc|4|1|322|1|322|69.0,2.9603,1.45765,708.372,-0.0624113,45.4666,2.96727,1.45832,46.4589,-0.0630772,45.5344,False,69.0|322,152
8|152|8|152|cc|5|1|322|1|322|69.0,2.9603,1.45765,543.318,-0.0624113,45.4666,2.96727,1.45832,46.4589,-0.0630772,45.5344,False,69.0|322,152
8|152|8|152|cc|6|1|322|1|322|69.0,2.9603,1.45765,706.09,-0.0624113,45.4666,2.96727,1.45832,46.4589,-0.0630772,45.5344,False,69.0|322,152
8|152|8|152|cc|7|1|322|1|322|69.0,2.9603,1.45765,605.846,-0.0624113,45.4666,2.96727,1.45832,46.4589,-0.0630772,45.5344,False,69.0|322,152
8|152|8|152|cc|8|1|322|1|322|69.0,2.9603,1.45765,2138.06,-0.0624113,45.4666,2.96727,1.45832,46.4589,-0.0630772,45.5344,False,69.0|322,152
8|152|8|152|vc|1|2|322|2|322|69.0,2.9603,1.45765,1435.24,-0.0624113,45.4666,2.96727,1.45832,46.4589,-0.0630772,45.5344,False,69.0|322,152
8|152|8|152|vc|2|2|322|2|322|69.0,2.9603,1.45765,1779.9,-0.0624113,45.4666,2.96727,1.45832,46.4589,-0.0630772,45.5344,False,69.0|322,152
8|152|8|152|vc|3|2|322|2|322|69.0,2.9603,1.45765,455.091,-0.0624113,45.4666,2.96727,1.45832,46.4589,-0.0630772,45.5344,False,69.0|322,152
8|152|8|152|vc|4|2|322|2|322|69.0,2.9603,1.45765,30681.1,-0.0624113,45.4666,2.96727,1.45832,46.4589,-0.0630772,45.5344,False,69.0|322,152
8|152|8|152|vc|5|2|322|2|322|69.0,2.9603,1.45765,618.625,-0.0624113,45.4666,2.96727,1.45832,46.4589,-0.0630772,45.5344,False,69.0|322,152
8|152|8|152|vc|6|2|322|2|322|69.0,2.9603,1.45765,409.499,-0.0624113,45.4666,2.96727,1.45832,46.4589,-0.0630772,45.5344,False,69.0|322,152
8|152|8|152|vc|7|2|322|2|322|69.0,2.9603,1.45765,548.224,-0.0624113,45.4666,2.96727,1.45832,46.4589,-0.0630772,45.5344,False,69.0|322,152
8|152|8|152|vc|8|2|322|2|322|69.0,2.9603,1.45765,604.722,-0.0624113,45.4666,2.96727,1.45832,46.4589,-0.0630772,45.5344,False,69.0|322,152
8|847|8|847|sample|6|69|6|69|55.0,2.96027,1.4583,6.27072,-0.0622915,45.4672,2.96723,1.45898,6.266,-0.0629573,45.535,True,55.0|69,847
8|847|8|847|sample|3|69|3|69|55.0,2.96027,1.4583,1.30951,-0.0622915,45.4672,2.96723,1.45898,1.20783,-0.0629573,45.535,True,55.0|69,847
8|847|8|847|sample|4|69|4|69|55.0,2.96027,1.4583,1.30648,-0.0622915,45.4672,2.96723,1.45898,1.21895,-0.0629573,45.535,True,55.0|69,847
8|847|8|847|sample|10|69|10|69|32.0,2.96027,1.4583,0.041582,-0.0622915,45.4672,2.96723,1.45898,0.0408985,-0.0629573,45.535,True,32.0|69,847
8|847|8|847|sample|9|69|9|69|32.0,2.96027,1.4583,0.0466477,-0.0622915,45.4672,2.96723,1.45898,0.0447197,-0.0629573,45.535,True,32.0|69,847
8|847|8|847|sample|7|69|7|69|32.0,2.96027,1.4583,0.0584933,-0.0622915,45.4672,2.96723,1.45898,0.0551649,-0.0629573,45.535,True,32.0|69,847
8|847|8|847|sample|8|69|8|69|32.0,2.96027,1.4583,0.0543857,-0.0622915,45.4672,2.96723,1.45898,0.0518135,-0.0629573,45.535,True,32.0|69,847
8|847|8|847|sample|12|69|12|69|22.0,2.96027,1.4583,0.26581,-0.0622915,45.4672,2.96723,1.45898,0.247103,-0.0629573,45.535,True,22.0|69,847
8|847|8|847|sample|11|69|11|69|22.0,2.96027,1.4583,0.255123,-0.0622915,45.4672,2.96723,1.45898,0.248838,-0.0629573,45.535,True,22.0|69,847
8|847|8|847|sample|5|69|5|69|55.0,2.96027,1.4583,6.40061,-0.0622915,45.4672,2.96723,1.45898,6.30763,-0.0629573,45.535,True,55.0|69,847
8|847|8|847|cc|1|1|69|1|69|69.0,2.9603,1.45765,368.912,-0.0622915,45.4672,2.96727,1.45832,46.4589,-0.0629573,45.535,False,69.0|69,847
8|847|8|847|cc|2|1|69|1|69|69.0,2.9603,1.45765,614.071,-0.0622915,45.4672,2.96727,1.45832,46.4589,-0.0629573,45.535,False,69.0|69,847
8|847|8|847|cc|3|1|69|1|69|69.0,2.9603,1.45765,829.492,-0.0622915,45.4672,2.96727,1.45832,46.4589,-0.0629573,45.535,False,69.0|69,847
8|847|8|847|cc|4|1|69|1|69|69.0,2.9603,1.45765,4132.42,-0.0622915,45.4672,2.96727,1.45832,46.4589,-0.0629573,45.535,False,69.0|69,847
8|847|8|847|cc|5|1|69|1|69|69.0,2.9603,1.45765,1677.08,-0.0622915,45.4672,2.96727,1.45832,46.4589,-0.0629573,45.535,False,69.0|69,847
8|847|8|847|cc|6|1|69|1|69|69.0,2.9603,1.45765,687.346,-0.0622915,45.4672,2.96727,1.45832,46.4589,-0.0629573,45.535,False,69.0|69,847
8|847|8|847|cc|7|1|69|1|69|69.0,2.9603,1.45765,867.687,-0.0622915,45.4672,2.96727,1.45832,46.4589,-0.0629573,45.535,False,69.0|69,847
8|847|8|847|cc|8|1|69|1|69|69.0,2.9603,1.45765,827.112,-0.0622915,45.4672,2.96727,1.45832,46.4589,-0.0629573,45.535,False,69.0|69,847
8|847|8|847|vc|1|2|69|2|69|69.0,2.9603,1.45765,4332.52,-0.0622915,45.4672,2.96727,1.45832,46.4589,-0.0629573,45.535,False,69.0|69,847
8|847|8|847|vc|2|2|69|2|69|69.0,2.9603,1.45765,456.933,-0.0622915,45.4672,2.96727,1.45832,46.4589,-0.0629573,45.535,False,69.0|69,847
8|847|8|847|vc|3|2|69|2|69|69.0,2.9603,1.45765,1010.51,-0.0622915,45.4672,2.96727,1.45832,46.4589,-0.0629573,45.535,False,69.0|69,847
8|847|8|847|vc|4|2|69|2|69|69.0,2.9603,1.45765,874.652,-0.0622915,45.4672,2.96727,1.45832,46.4589,-0.0629573,45.535,False,69.0|69,847
8|847|8|847|vc|5|2|69|2|69|69.0,2.9603,1.45765,1562.83,-0.0622915,45.4672,2.96727,1.45832,46.4589,-0.0629573,45.535,False,69.0|69,847
8|847|8|847|vc|6|2|69|2|69|69.0,2.9603,1.45765,441.137,-0.0622915,45.4672,2.96727,1.45832,46.4589,-0.0629573,45.535,False,69.0|69,847
8|847|8|847|vc|7|2|69|2|69|69.0,2.9603,1.45765,1589.54,-0.0622915,45.4672,2.96727,1.45832,46.4589,-0.0629573,45.535,False,69.0|69,847
8|847|8|847|vc|8|2|69|2|69|69.0,2.9603,1.45765,1756.57,-0.0622915,45.4672,2.96727,1.45832,46.4589,-0.0629573,45.535,False,69.0|69,847
8|1241|8|1241|sample|8|69|8|69|65.0,2.96027,1.4583,0.213948,-0.0624366,45.4665,2.96723,1.45898,0.20154,-0.0631031,45.5343,True,65.0|69,1241
8|1241|8|1241|sample|7|69|7|69|65.0,2.96027,1.4583,0.204022,-0.0624366,45.4665,2.96723,1.45898,0.20337,-0.0631031,45.5343,True,65.0|69,1241
8|1241|8|1241|sample|5|69|5|69|65.0,2.96027,1.4583,0.263863,-0.0624366,45.4665,2.96723,1.45898,0.253026,-0.0631031,45.5343,True,65.0|69,1241
8|1241|8|1241|sample|6|69|6|69|65.0,2.96027,1.4583,0.26135,-0.0624366,45.4665,2.96723,1.45898,0.248147,-0.0631031,45.5343,True,65.0|69,1241
8|1241|8|1241|sample|11|69|11|69|28.0,2.96027,1.4583,0.0881632,-0.0624366,45.4665,2.96723,1.45898,0.084152,-0.0631031,45.5343,True,28.0|69,1241
8|1241|8|1241|sample|12|69|12|69|28.0,2.96027,1.4583,0.0912066,-0.0624366,45.4665,2.96723,1.45898,0.0789904,-0.0631031,45.5343,True,28.0|69,1241
8|1241|8|1241|sample|9|69|9|69|28.0,2.96027,1.4583,0.148415,-0.0624366,45.4665,2.96723,1.45898,0.148605,-0.0631031,45.5343,True,28.0|69,1241
8|1241|8|1241|sample|10|69|10|69|28.0,2.96027,1.4583,0.126163,-0.0624366,45.4665,2.96723,1.45898,0.124307,-0.0631031,45.5343,True,28.0|69,1241
8|1241|8|1241|sample|3|69|3|69|22.0,2.96027,1.4583,0.417095,-0.0624366,45.4665,2.96723,1.45898,0.370857,-0.0631031,45.5343,True,22.0|69,1241
8|1241|8|1241|sample|4|69|4|69|22.0,2.96027,1.4583,0.342506,-0.0624366,45.4665,2.96723,1.45898,0.351308,-0.0631031,45.5343,True,22.0|69,1241
8|1241|8|1241|sample|3|69|3|69|65.0,2.96027,1.4583,0.0743787,-0.0624366,45.4665,2.96723,1.45898,0.0719567,-0.0631031,45.5343,True,65.0|69,1241
8|1241|8|1241|sample|8|69|8|69|22.0,2.96027,1.4583,0.0545805,-0.0624366,45.4665,2.96723,1.45898,0.0539079,-0.0631031,45.5343,True,22.0|69,1241
8|1241|8|1241|cc|1|1|69|1|69|69.0,2.9603,1.45765,625.619,-0.0624366,45.4665,2.96727,1.45832,46.4589,-0.0631031,45.5343,False,69.0|69,1241
8|1241|8|1241|cc|2|1|69|1|69|69.0,2.9603,1.45765,1263.61,-0.0624366,45.4665,2.96727,1.45832,46.4589,-0.0631031,45.5343,False,69.0|69,1241
8|1241|8|1241|cc|3|1|69|1|69|69.0,2.9603,1.45765,524.821,-0.0624366,45.4665,2.96727,1.45832,46.4589,-0.0631031,45.5343,False,69.0|69,1241
8|1241|8|1241|cc|4|1|69|1|69|69.0,2.9603,1.45765,1137.62,-0.0624366,45.4665,2.96727,1.45832,46.4589,-0.0631031,45.5343,False,69.0|69,1241
8|1241|8|1241|cc|5|1|69|1|69|69.0,2.9603,1.45765,898.245,-0.0624366,45.4665,2.96727,1.45832,46.4589,-0.0631031,45.5343,False,69.0|69,1241
8|1241|8|1241|cc|6|1|69|1|69|69.0,2.9603,1.45765,3017.82,-0.0624366,45.4665,2.96727,1.45832,46.4589,-0.0631031,45.5343,False,69.0|69,1241
8|1241|8|1241|cc|7|1|69|1|69|69.0,2.9603,1.45765,729.151,-0.0624366,45.4665,2.96727,1.45832,46.4589,-0.0631031,45.5343,False,69.0|69,1241
8|1241|8|1241|cc|8|1|69|1|69|69.0,2.9603,1.45765,789.219,-0.0624366,45.4665,2.96727,1.45832,46.4589,-0.0631031,45.5343,False,69.0|69,1241
8|1241|8|1241|vc|1|2|69|2|69|69.0,2.9603,1.45765,1631.6,-0.0624366,45.4665,2.96727,1.45832,46.4589,-0.0631031,45.5343,False,69.0|69,1241
8|1241|8|1241|vc|2|2|69|2|69|69.0,2.9603,1.45765,850.539,-0.0624366,45.4665,2.96727,1.45832,46.4589,-0.0631031,45.5343,False,69.0|69,1241
8|1241|8|1241|vc|3|2|69|2|69|69.0,2.9603,1.45765,528.798,-0.0624366,45.4665,2.96727,1.45832,46.4589,-0.0631031,45.5343,False,69.0|69,1241
8|1241|8|1241|vc|4|2|69|2|69|69.0,2.9603,1.45765,591.673,-0.0624366,45.4665,2.96727,1.45832,46.4589,-0.0631031,45.5343,False,69.0|69,1241
8|1241|8|1241|vc|5|2|69|2|69|69.0,2.9603,1.45765,1416.19,-0.0624366,45.4665,2.96727,1.45832,46.4589,-0.0631031,45.5343,False,69.0|69,1241
8|1241|8|1241|vc|6|2|69|2|69|69.0,2.9603,1.45765,1209.88,-0.0624366,45.4665,2.96727,1.45832,46.4589,-0.0631031,45.5343,False,69.0|69,1241
8|1241|8|1241|vc|7|2|69|2|69|69.0,2.9603,1.45765,997.994,-0.0624366,45.4665,2.96727,1.45832,46.4589,-0.0631031,45.5343,False,69.0|69,1241
8|1241|8|1241|vc|8|2|69|2|69|69.0,2.9603,1.45765,884.249,-0.0624366,45.4665,2.96727,1.45832,46.4589,-0.0631031,45.5343,False,69.0|69,1241
8|474|8|474|sample|5|276|5|276|55.0,2.96027,1.4583,0.717132,-0.0619385,45.4663,2.96723,1.45898,0.709458,-0.0626045,45.5341,True,55.0|276,474
8|474|8|474|sample|6|276|6|276|55.0,2.96027,1.4583,0.730126,-0.0619385,45.4663,2.96723,1.45898,0.734117,-0.0626045,45.5341,True,55.0|276,474
8|474|8|474|sample|3|276|3|276|55.0,2.96027,1.4583,0.616246,-0.0619385,45.4663,2.96723,1.45898,0.586572,-0.0626045,45.5341,True,55.0|276,474
8|474|8|474|sample|4|276|4|276|55.0,2.96027,1.4583,0.609392,-0.0619385,45.4663,2.96723,1.45898,0.582476,-0.0626045,45.5341,True,55.0|276,474
8|474|8|474|sample|9|276|9|276|32.0,2.96027,1.4583,0.0138685,-0.0619385,45.4663,2.96723,1.45898,0.0138671,-0.0626045,45.5341,True,32.0|276,474
8|474|8|474|sample|10|276|10|276|32.0,2.96027,1.4583,0.0148779,-0.0619385,45.4663,2.96723,1.45898,0.0142449,-0.0626045,45.5341,True,32.0|276,474
8|474|8|474|sample|8|276|8|276|32.0,2.96027,1.4583,0.016665,-0.0619385,45.4663,2.96723,1.45898,0.0170192,-0.0626045,45.5341,True,32.0|276,474
8|474|8|474|sample|7|276|7|276|32.0,2.96027,1.4583,0.01626,-0.0619385,45.4663,2.96723,1.45898,0.0164488,-0.0626045,45.5341,True,32.0|276,474
8|474|8|474|sample|12|276|12|276|22.0,2.96027,1.4583,0.0769208,-0.0619385,45.4663,2.96723,1.45898,0.0735537,-0.0626045,45.5341,True,22.0|276,474
8|474|8|474|sample|11|276|11|276|22.0,2.96027,1.4583,0.0853037,-0.0619385,45.4663,2.96723,1.45898,0.0817394,-0.0626045,45.5341,True,22.0|276,474
8|474|8|474|cc|1|1|276|1|276|69.0,2.9603,1.45765,988.298,-0.0619385,45.4663,2.96727,1.45832,46.4589,-0.0626045,45.5341,False,69.0|276,474
8|474|8|474|cc|2|1|276|1|276|69.0,2.9603,1.45765,747.338,-0.0619385,45.4663,2.96727,1.45832,46.4589,-0.0626045,45.5341,False,69.0|276,474
8|474|8|474|cc|3|1|276|1|276|69.0,2.9603,1.45765,486.981,-0.0619385,45.4663,2.96727,1.45832,46.4589,-0.0626045,45.5341,False,69.0|276,474
8|474|8|474|cc|4|1|276|1|276|69.0,2.9603,1.45765,779.277,-0.0619385,45.4663,2.96727,1.45832,46.4589,-0.0626045,45.5341,False,69.0|276,474
8|474|8|474|cc|5|1|276|1|276|69.0,2.9603,1.45765,634.112,-0.0619385,45.4663,2.96727,1.45832,46.4589,-0.0626045,45.5341,False,69.0|276,474
8|474|8|474|cc|6|1|276|1|276|69.0,2.9603,1.45765,724.406,-0.0619385,45.4663,2.96727,1.45832,46.4589,-0.0626045,45.5341,False,69.0|276,474
8|474|8|474|cc|7|1|276|1|276|69.0,2.9603,1.45765,542.373,-0.0619385,45.4663,2.96727,1.45832,46.4589,-0.0626045,45.5341,False,69.0|276,474
8|474|8|474|cc|8|1|276|1|276|69.0,2.9603,1.45765,756.347,-0.0619385,45.4663,2.96727,1.45832,46.4589,-0.0626045,45.5341,False,69.0|276,474
8|474|8|474|vc|1|2|276|2|276|69.0,2.9603,1.45765,1283.37,-0.0619385,45.4663,2.96727,1.45832,46.4589,-0.0626045,45.5341,False,69.0|276,474
8|474|8|474|vc|2|2|276|2|276|69.0,2.9603,1.45765,597.134,-0.0619385,45.4663,2.96727,1.45832,46.4589,-0.0626045,45.5341,False,69.0|276,474
8|474|8|474|vc|3|2|276|2|276|69.0,2.9603,1.45765,821.692,-0.0619385,45.4663,2.96727,1.45832,46.4589,-0.0626045,45.5341,False,69.0|276,474
8|474|8|474|vc|4|2|276|2|276|69.0,2.9603,1.45765,729.749,-0.0619385,45.4663,2.96727,1.45832,46.4589,-0.0626045,45.5341,False,69.0|276,474
8|474|8|474|vc|5|2|276|2|276|69.0,2.9603,1.45765,2205.27,-0.0619385,45.4663,2.96727,1.45832,46.4589,-0.0626045,45.5341,False,69.0|276,474
8|474|8|474|vc|6|2|276|2|276|69.0,2.9603,1.45765,937.43,-0.0619385,45.4663,2.96727,1.45832,46.4589,-0.0626045,45.5341,False,69.0|276,474
8|474|8|474|vc|7|2|276|2|276|69.0,2.9603,1.45765,1518.76,-0.0619385,45.4663,2.96727,1.45832,46.4589,-0.0626045,45.5341,False,69.0|276,474
8|474|8|474|vc|8|2|276|2|276|69.0,2.9603,1.45765,650.712,-0.0619385,45.4663,2.96727,1.45832,46.4589,-0.0626045,45.5341,False,69.0|276,474
8|1056|8|1056|sample|8|276|8|276|65.0,2.96027,1.4583,0.101179,-0.0623189,45.466,2.96723,1.45898,0.101583,-0.0629845,45.5339,True,65.0|276,1056
8|1056|8|1056|sample|7|276|7|276|65.0,2.96027,1.4583,0.106347,-0.0623189,45.466,2.96723,1.45898,0.0998875,-0.0629845,45.5339,True,65.0|276,1056
8|1056|8|1056|sample|6|276|6|276|65.0,2.96027,1.4583,0.111079,-0.0623189,45.466,2.96723,1.45898,0.103113,-0.0629845,45.5339,True,65.0|276,1056
8|1056|8|1056|sample|5|276|5|276|65.0,2.96027,1.4583,0.100652,-0.0623189,45.466,2.96723,1.45898,0.100278,-0.0629845,45.5339,True,65.0|276,1056
8|1056|8|1056|sample|12|276|12|276|28.0,2.96027,1.4583,0.0255097,-0.0623189,45.466,2.96723,1.45898,0.023447,-0.0629845,45.5339,True,28.0|276,1056
8|1056|8|1056|sample|11|276|11|276|28.0,2.96027,1.4583,0.0316543,-0.0623189,45.466,2.96723,1.45898,0.0291668,-0.0629845,45.5339,True,28.0|276,1056
8|1056|8|1056|sample|10|276|10|276|28.0,2.96027,1.4583,0.0452169,-0.0623189,45.466,2.96723,1.45898,0.0451138,-0.0629845,45.5339,True,28.0|276,1056
8|1056|8|1056|sample|9|276|9|276|28.0,2.96027,1.4583,0.0491237,-0.0623189,45.466,2.96723,1.45898,0.0487672,-0.0629845,45.5339,True,28.0|276,1056
8|1056|8|1056|sample|4|276|4|276|22.0,2.96027,1.4583,0.0926368,-0.0623189,45.466,2.96723,1.45898,0.0870901,-0.0629845,45.5339,True,22.0|276,1056
8|1056|8|1056|sample|3|276|3|276|22.0,2.96027,1.4583,0.0810598,-0.0623189,45.466,2.96723,1.45898,0.0801624,-0.0629845,45.5339,True,22.0|276,1056
8|1056|8|1056|cc|1|1|276|1|276|69.0,2.9603,1.45765,1150.7,-0.0623189,45.466,2.96727,1.45832,46.4589,-0.0629845,45.5339,False,69.0|276,1056
8|1056|8|1056|cc|2|1|276|1|276|69.0,2.9603,1.45765,953.718,-0.0623189,45.466,2.96727,1.45832,46.4589,-0.0629845,45.5339,False,69.0|276,1056
8|1056|8|1056|cc|3|1|276|1|276|69.0,2.9603,1.45765,425.813,-0.0623189,45.466,2.96727,1.45832,46.4589,-0.0629845,45.5339,False,69.0|276,1056
8|1056|8|1056|cc|4|1|276|1|276|69.0,2.9603,1.45765,406.528,-0.0623189,45.466,2.96727,1.45832,46.4589,-0.0629845,45.5339,False,69.0|276,1056
8|1056|8|1056|cc|5|1|276|1|276|69.0,2.9603,1.45765,619.724,-0.0623189,45.466,2.96727,1.45832,46.4589,-0.0629845,45.5339,False,69.0|276,1056
8|1056|8|1056|cc|6|1|276|1|276|69.0,2.9603,1.45765,3065.7,-0.0623189,45.466,2.96727,1.45832,46.4589,-0.0629845,45.5339,False,69.0|276,1056
8|1056|8|1056|cc|7|1|276|1|276|69.0,2.9603,1.45765,990.217,-0.0623189,45.466,2.96727,1.45832,46.4589,-0.0629845,45.5339,False,69.0|276,1056
8|1056|8|1056|cc|8|1|276|1|276|69.0,2.9603,1.45765,944.328,-0.0623189,45.466,2.96727,1.45832,46.4589,-0.0629845,45.5339,False,69.0|276,1056
8|1056|8|1056|vc|1|2|276|2|276|69.0,2.9603,1.45765,3140.9,-0.0623189,45.466,2.96727,1.45832,46.4589,-0.0629845,45.5339,False,69.0|276,1056
8|1056|8|1056|vc|2|2|276|2|276|69.0,2.9603,1.45765,604.9,-0.0623189,45.466,2.96727,1.45832,46.4589,-0.0629845,45.5339,False,69.0|276,1056
8|1056|8|1056|vc|3|2|276|2|276|69.0,2.9603,1.45765,560.252,-0.0623189,45.466,2.96727,1.45832,46.4589,-0.0629845,45.5339,False,69.0|276,1056
8|1056|8|1056|vc|4|2|276|2|276|69.0,2.9603,1.45765,518.641,-0.0623189,45.466,2.96727,1.45832,46.4589,-0.0629845,45.5339,False,69.0|276,1056
8|1056|8|1056|vc|5|2|276|2|276|69.0,2.9603,1.45765,768.021,-0.0623189,45.466,2.96727,1.45832,46.4589,-0.0629845,45.5339,False,69.0|276,1056
8|1056|8|1056|vc|6|2|276|2|276|69.0,2.9603,1.45765,607.323,-0.0623189,45.466,2.96727,1.45832,46.4589,-0.0629845,45.5339,False,69.0|276,1056
8|1056|8|1056|vc|7|2|276|2|276|69.0,2.9603,1.45765,590.04,-0.0623189,45.466,2.96727,1.45832,46.4589,-0.0629845,45.5339,False,69.0|276,1056
8|1056|8|1056|vc|8|2|276|2|276|69.0,2.9603,1.45765,3827.95,-0.0623189,45.466,2.96727,1.45832,46.4589,-0.0629845,45.5339,False,69.0|276,1056
8|462|8|462|sample|6|292|6|292|55.0,2.96027,1.4583,9.76296,-0.0622944,45.4664,2.96723,1.45898,9.09861,-0.0629607,45.5342,True,55.0|292,462
8|462|8|462|sample|5|292|5|292|55.0,2.96027,1.4583,10.7498,-0.0622944,45.4664,2.96723,1.45898,9.80672,-0.0629607,45.5342,True,55.0|292,462
8|462|8|462|sample|4|292|4|292|55.0,2.96027,1.4583,2.15468,-0.0622944,45.4664,2.96723,1.45898,1.92019,-0.0629607,45.5342,True,55.0|292,462
8|462|8|462|sample|3|292|3|292|55.0,2.96027,1.4583,2.47264,-0.0622944,45.4664,2.96723,1.45898,1.93717,-0.0629607,45.5342,True,55.0|292,462
8|462|8|462|sample|9|292|9|292|32.0,2.96027,1.4583,0.0160466,-0.0622944,45.4664,2.96723,1.45898,0.0153865,-0.0629607,45.5342,True,32.0|292,462
8|462|8|462|sample|10|292|10|292|32.0,2.96027,1.4583,0.0156442,-0.0622944,45.4664,2.96723,1.45898,0.0153246,-0.0629607,45.5342,True,32.0|292,462
8|462|8|462|sample|7|292|7|292|32.0,2.96027,1.4583,0.0196421,-0.0622944,45.4664,2.96723,1.45898,0.0182817,-0.0629607,45.5342,True,32.0|292,462
8|462|8|462|sample|8|292|8|292|32.0,2.96027,1.4583,0.0186622,-0.0622944,45.4664,2.96723,1.45898,0.0187733,-0.0629607,45.5342,True,32.0|292,462
8|462|8|462|sample|11|292|11|292|22.0,2.96027,1.4583,0.207348,-0.0622944,45.4664,2.96723,1.45898,0.196902,-0.0629607,45.5342,True,22.0|292,462
8|462|8|462|sample|12|292|12|292|22.0,2.96027,1.4583,0.164778,-0.0622944,45.4664,2.96723,1.45898,0.162062,-0.0629607,45.5342,True,22.0|292,462
8|462|8|462|cc|1|1|292|1|292|69.0,2.9603,1.45765,603.381,-0.0622944,45.4664,2.96727,1.45832,46.4589,-0.0629607,45.5342,False,69.0|292,462
8|462|8|462|cc|2|1|292|1|292|69.0,2.9603,1.45765,1060.79,-0.0622944,45.4664,2.96727,1.45832,46.4589,-0.0629607,45.5342,False,69.0|292,462
8|462|8|462|cc|3|1|292|1|292|69.0,2.9603,1.45765,681.673,-0.0622944,45.4664,2.96727,1.45832,46.4589,-0.0629607,45.5342,False,69.0|292,462
8|462|8|462|cc|4|1|292|1|292|69.0,2.9603,1.45765,870.459,-0.0622944,45.4664,2.96727,1.45832,46.4589,-0.0629607,45.5342,False,69.0|292,462
8|462|8|462|cc|5|1|292|1|292|69.0,2.9603,1.45765,580.212,-0.0622944,45.4664,2.96727,1.45832,46.4589,-0.0629607,45.5342,False,69.0|292,462
8|462|8|462|cc|6|1|292|1|292|69.0,2.9603,1.45765,735.858,-0.0622944,45.4664,2.96727,1.45832,46.4589,-0.0629607,45.5342,False,69.0|292,462
8|462|8|462|cc|7|1|292|1|292|69.0,2.9603,1.45765,1049.92,-0.0622944,45.4664,2.96727,1.45832,46.4589,-0.0629607,45.5342,False,69.0|292,462
8|462|8|462|cc|8|1|292|1|292|69.0,2.9603,1.45765,762.99,-0.0622944,45.4664,2.96727,1.45832,46.4589,-0.0629607,45.5342,False,69.0|292,462
8|462|8|462|vc|1|2|292|2|292|69.0,2.9603,1.45765,945.53,-0.0622944,45.4664,2.96727,1.45832,46.4589,-0.0629607,45.5342,False,69.0|292,462
8|462|8|462|vc|2|2|292|2|292|69.0,2.9603,1.45765,899.615,-0.0622944,45.4664,2.96727,1.45832,46.4589,-0.0629607,45.5342,False,69.0|292,462
8|462|8|462|vc|3|2|292|2|292|69.0,2.9603,1.45765,934.684,-0.0622944,45.4664,2.96727,1.45832,46.4589,-0.0629607,45.5342,False,69.0|292,462
8|462|8|462|vc|4|2|292|2|292|69.0,2.9603,1.45765,4172.65,-0.0622944,45.4664,2.96727,1.45832,46.4589,-0.0629607,45.5342,False,69.0|292,462
8|462|8|462|vc|5|2|292|2|292|69.0,2.9603,1.45765,1009.44,-0.0622944,45.4664,2.96727,1.45832,46.4589,-0.0629607,45.5342,False,69.0|292,462
8|462|8|462|vc|6|2|292|2|292|69.0,2.9603,1.45765,1165.3,-0.0622944,45.4664,2.96727,1.45832,46.4589,-0.0629607,45.5342,False,69.0|292,462
8|462|8|462|vc|7|2|292|2|292|69.0,2.9603,1.45765,651.596,-0.0622944,45.4664,2.96727,1.45832,46.4589,-0.0629607,45.5342,False,69.0|292,462
8|462|8|462|vc|8|2|292|2|292|69.0,2.9603,1.45765,576.31,-0.0622944,45.4664,2.96727,1.45832,46.4589,-0.0629607,45.5342,False,69.0|292,462
8|1159|8|1159|sample|8|292|8|292|65.0,2.96027,1.4583,0.206146,-0.0625138,45.4669,2.96723,1.45898,0.200353,-0.0631814,45.5347,True,65.0|292,1159
8|1159|8|1159|sample|7|292|7|292|65.0,2.96027,1.4583,0.22568,-0.0625138,45.4669,2.96723,1.45898,0.222096,-0.0631814,45.5347,True,65.0|292,1159
8|1159|8|1159|sample|5|292|5|292|65.0,2.96027,1.4583,0.218162,-0.0625138,45.4669,2.96723,1.45898,0.205354,-0.0631814,45.5347,True,65.0|292,1159
8|1159|8|1159|sample|6|292|6|292|65.0,2.96027,1.4583,0.21351,-0.0625138,45.4669,2.96723,1.45898,0.20657,-0.0631814,45.5347,True,65.0|292,1159
8|1159|8|1159|sample|11|292|11|292|28.0,2.96027,1.4583,0.0387293,-0.0625138,45.4669,2.96723,1.45898,0.0388201,-0.0631814,45.5347,True,28.0|292,1159
8|1159|8|1159|sample|12|292|12|292|28.0,2.96027,1.4583,0.0290413,-0.0625138,45.4669,2.96723,1.45898,0.0281143,-0.0631814,45.5347,True,28.0|292,1159
8|1159|8|1159|sample|9|292|9|292|28.0,2.96027,1.4583,0.0731092,-0.0625138,45.4669,2.96723,1.45898,0.0725354,-0.0631814,45.5347,True,28.0|292,1159
8|1159|8|1159|sample|10|292|10|292|28.0,2.96027,1.4583,0.0668582,-0.0625138,45.4669,2.96723,1.45898,0.0668153,-0.0631814,45.5347,True,28.0|292,1159
8|1159|8|1159|sample|4|292|4|292|22.0,2.96027,1.4583,0.297374,-0.0625138,45.4669,2.96723,1.45898,0.273691,-0.0631814,45.5347,True,22.0|292,1159
8|1159|8|1159|sample|3|292|3|292|22.0,2.96027,1.4583,0.264537,-0.0625138,45.4669,2.96723,1.45898,0.255789,-0.0631814,45.5347,True,22.0|292,1159
8|1159|8|1159|cc|1|1|292|1|292|69.0,2.9603,1.45765,464.734,-0.0625138,45.4669,2.96727,1.45832,46.4589,-0.0631814,45.5347,False,69.0|292,1159
8|1159|8|1159|cc|2|1|292|1|292|69.0,2.9603,1.45765,1338.41,-0.0625138,45.4669,2.96727,1.45832,46.4589,-0.0631814,45.5347,False,69.0|292,1159
8|1159|8|1159|cc|3|1|292|1|292|69.0,2.9603,1.45765,697.908,-0.0625138,45.4669,2.96727,1.45832,46.4589,-0.0631814,45.5347,False,69.0|292,1159
8|1159|8|1159|cc|4|1|292|1|292|69.0,2.9603,1.45765,514.289,-0.0625138,45.4669,2.96727,1.45832,46.4589,-0.0631814,45.5347,False,69.0|292,1159
8|1159|8|1159|cc|5|1|292|1|292|69.0,2.9603,1.45765,728.483,-0.0625138,45.4669,2.96727,1.45832,46.4589,-0.0631814,45.5347,False,69.0|292,1159
8|1159|8|1159|cc|6|1|292|1|292|69.0,2.9603,1.45765,719.515,-0.0625138,45.4669,2.96727,1.45832,46.4589,-0.0631814,45.5347,False,69.0|292,1159
8|1159|8|1159|cc|7|1|292|1|292|69.0,2.9603,1.45765,972.05,-0.0625138,45.4669,2.96727,1.45832,46.4589,-0.0631814,45.5347,False,69.0|292,1159
8|1159|8|1159|cc|8|1|292|1|292|69.0,2.9603,1.45765,541.362,-0.0625138,45.4669,2.96727,1.45832,46.4589,-0.0631814,45.5347,False,69.0|292,1159
8|1159|8|1159|vc|1|2|292|2|292|69.0,2.9603,1.45765,935.832,-0.0625138,45.4669,2.96727,1.45832,46.4589,-0.0631814,45.5347,False,69.0|292,1159
8|1159|8|1159|vc|2|2|292|2|292|69.0,2.9603,1.45765,1874.74,-0.0625138,45.4669,2.96727,1.45832,46.4589,-0.0631814,45.5347,False,69.0|292,1159
8|1159|8|1159|vc|3|2|292|2|292|69.0,2.9603,1.45765,1524.34,-0.0625138,45.4669,2.96727,1.45832,46.4589,-0.0631814,45.5347,False,69.0|292,1159
8|1159|8|1159|vc|4|2|292|2|292|69.0,2.9603,1.45765,373.136,-0.0625138,45.4669,2.96727,1.45832,46.4589,-0.0631814,45.5347,False,69.0|292,1159
8|1159|8|1159|vc|5|2|292|2|292|69.0,2.9603,1.45765,669.18,-0.0625138,45.4669,2.96727,1.45832,46.4589,-0.0631814,45.5347,False,69.0|292,1159
8|1159|8|1159|vc|6|2|292|2|292|69.0,2.9603,1.45765,621.434,-0.0625138,45.4669,2.96727,1.45832,46.4589,-0.0631814,45.5347,False,69.0|292,1159
8|1159|8|1159|vc|7|2|292|2|292|69.0,2.9603,1.45765,1394.89,-0.0625138,45.4669,2.96727,1.45832,46.4589,-0.0631814,45.5347,False,69.0|292,1159
8|1159|8|1159|vc|8|2|292|2|292|69.0,2.9603,1.45765,601.74,-0.0625138,45.4669,2.96727,1.45832,46.4589,-0.0631814,45.5347,False,69.0|292,1159
8|75|8|75|sample|6|65|6|65|55.0,2.96027,1.4583,0.170014,-0.0617706,45.465,2.96723,1.45898,0.143281,-0.0624344,45.5328,True,55.0|65,75
8|75|8|75|sample|5|65|5|65|55.0,2.96027,1.4583,0.112117,-0.0617706,45.465,2.96723,1.45898,0.091727,-0.0624344,45.5328,True,55.0|65,75
8|75|8|75|sample|3|65|3|65|55.0,2.96027,1.4583,0.0529276,-0.0617706,45.465,2.96723,1.45898,0.0468577,-0.0624344,45.5328,True,55.0|65,75
8|75|8|75|sample|4|65|4|65|55.0,2.96027,1.4583,0.0634296,-0.0617706,45.465,2.96723,1.45898,0.060344,-0.0624344,45.5328,True,55.0|65,75
8|75|8|75|sample|9|65|9|65|32.0,2.96027,1.4583,5.26138,-0.0617706,45.465,2.96723,1.45898,4.88752,-0.0624344,45.5328,True,32.0|65,75
8|75|8|75|sample|10|65|10|65|32.0,2.96027,1.4583,4.63797,-0.0617706,45.465,2.96723,1.45898,4.33672,-0.0624344,45.5328,True,32.0|65,75
8|75|8|75|sample|7|65|7|65|32.0,2.96027,1.4583,1.95756,-0.0617706,45.465,2.96723,1.45898,1.85655,-0.0624344,45.5328,True,32.0|65,75
8|75|8|75|sample|8|65|8|65|32.0,2.96027,1.4583,1.77164,-0.0617706,45.465,2.96723,1.45898,1.62091,-0.0624344,45.5328,True,32.0|65,75
8|75|8|75|sample|12|65|12|65|22.0,2.96027,1.4583,0.0394132,-0.0617706,45.465,2.96723,1.45898,0.0374127,-0.0624344,45.5328,True,22.0|65,75
8|75|8|75|sample|11|65|11|65|22.0,2.96027,1.4583,0.0727089,-0.0617706,45.465,2.96723,1.45898,0.0707937,-0.0624344,45.5328,True,22.0|65,75
8|75|8|75|cc|1|1|65|1|65|69.0,2.9603,1.45765,2215.72,-0.0617706,45.465,2.96727,1.45832,46.4589,-0.0624344,45.5328,False,69.0|65,75
8|75|8|75|cc|2|1|65|1|65|69.0,2.9603,1.45765,626.95,-0.0617706,45.465,2.96727,1.45832,46.4589,-0.0624344,45.5328,False,69.0|65,75
8|75|8|75|cc|3|1|65|1|65|69.0,2.9603,1.45765,828.33,-0.0617706,45.465,2.96727,1.45832,46.4589,-0.0624344,45.5328,False,69.0|65,75
8|75|8|75|cc|4|1|65|1|65|69.0,2.9603,1.45765,2986.51,-0.0617706,45.465,2.96727,1.45832,46.4589,-0.0624344,45.5328,False,69.0|65,75
8|75|8|75|cc|5|1|65|1|65|69.0,2.9603,1.45765,660.322,-0.0617706,45.465,2.96727,1.45832,46.4589,-0.0624344,45.5328,False,69.0|65,75
8|75|8|75|cc|6|1|65|1|65|69.0,2.9603,1.45765,477.607,-0.0617706,45.465,2.96727,1.45832,46.4589,-0.0624344,45.5328,False,69.0|65,75
8|75|8|75|cc|7|1|65|1|65|69.0,2.9603,1.45765,1003.81,-0.0617706,45.465,2.96727,1.45832,46.4589,-0.0624344,45.5328,False,69.0|65,75
8|75|8|75|cc|8|1|65|1|65|69.0,2.9603,1.45765,640.932,-0.0617706,45.465,2.96727,1.45832,46.4589,-0.0624344,45.5328,False,69.0|65,75
8|75|8|75|vc|1|2|65|2|65|69.0,2.9603,1.45765,408.922,-0.0617706,45.465,2.96727,1.45832,46.4589,-0.0624344,45.5328,False,69.0|65,75
8|75|8|75|vc|2|2|65|2|65|69.0,2.9603,1.45765,1418.66,-0.0617706,45.465,2.96727,1.45832,46.4589,-0.0624344,45.5328,False,69.0|65,75
8|75|8|75|vc|3|2|65|2|65|69.0,2.9603,1.45765,956.728,-0.0617706,45.465,2.96727,1.45832,46.4589,-0.0624344,45.5328,False,69.0|65,75
8|75|8|75|vc|4|2|65|2|65|69.0,2.9603,1.45765,564.627,-0.0617706,45.465,2.96727,1.45832,46.4589,-0.0624344,45.5328,False,69.0|65,75
8|75|8|75|vc|5|2|65|2|65|69.0,2.9603,1.45765,543.935,-0.0617706,45.465,2.96727,1.45832,46.4589,-0.0624344,45.5328,False,69.0|65,75
8|75|8|75|vc|6|2|65|2|65|69.0,2.9603,1.45765,519.912,-0.0617706,45.465,2.96727,1.45832,46.4589,-0.0624344,45.5328,False,69.0|65,75
8|75|8|75|vc|7|2|65|2|65|69.0,2.9603,1.45765,1084.21,-0.0617706,45.465,2.96727,1.45832,46.4589,-0.0624344,45.5328,False,69.0|65,75
8|75|8|75|vc|8|2|65|2|65|69.0,2.9603,1.45765,771.087,-0.0617706,45.465,2.96727,1.45832,46.4589,-0.0624344,45.5328,False,69.0|65,75
8|1017|8|1017|sample|7|65|7|65|65.0,2.96027,1.4583,0.0299806,-0.0623588,45.4665,2.96723,1.45898,0.0271221,-0.0630245,45.5343,True,65.0|65,1017
8|1017|8|1017|sample|8|65|8|65|65.0,2.96027,1.4583,0.0336936,-0.0623588,45.4665,2.96723,1.45898,0.0320303,-0.0630245,45.5343,True,65.0|65,1017
8|1017|8|1017|sample|5|65|5|65|65.0,2.96027,1.4583,0.0407129,-0.0623588,45.4665,2.96723,1.45898,0.0403285,-0.0630245,45.5343,True,65.0|65,1017
8|1017|8|1017|sample|6|65|6|65|65.0,2.96027,1.4583,0.0369423,-0.0623588,45.4665,2.96723,1.45898,0.0349448,-0.0630245,45.5343,True,65.0|65,1017
8|1017|8|1017|sample|12|65|12|65|28.0,2.96027,1.4583,0.0496845,-0.0623588,45.4665,2.96723,1.45898,0.0471462,-0.0630245,45.5343,True,28.0|65,1017
8|1017|8|1017|sample|11|65|11|65|28.0,2.96027,1.4583,0.0667992,-0.0623588,45.4665,2.96723,1.45898,0.066818,-0.0630245,45.5343,True,28.0|65,1017
8|1017|8|1017|sample|8|65|8|65|28.0,2.96027,1.4583,0.0685019,-0.0623588,45.4665,2.96723,1.45898,0.0797356,-0.0630245,45.5343,True,28.0|65,1017
8|1017|8|1017|sample|10|65|10|65|28.0,2.96027,1.4583,0.0758613,-0.0623588,45.4665,2.96723,1.45898,0.0754729,-0.0630245,45.5343,True,28.0|65,1017
8|1017|8|1017|sample|9|65|9|65|28.0,2.96027,1.4583,0.0779266,-0.0623588,45.4665,2.96723,1.45898,0.0740462,-0.0630245,45.5343,True,28.0|65,1017
8|1017|8|1017|sample|4|65|4|65|22.0,2.96027,1.4583,0.0617548,-0.0623588,45.4665,2.96723,1.45898,0.0542414,-0.0630245,45.5343,True,22.0|65,1017
8|1017|8|1017|sample|3|65|3|65|22.0,2.96027,1.4583,0.0452327,-0.0623588,45.4665,2.96723,1.45898,0.0435022,-0.0630245,45.5343,True,22.0|65,1017
8|1017|8|1017|sample|3|65|3|65|65.0,2.96027,1.4583,0.307661,-0.0623588,45.4665,2.96723,1.45898,0.175042,-0.0630245,45.5343,True,65.0|65,1017
8|1017|8|1017|sample|11|65|11|65|65.0,2.96027,1.4583,0.0943463,-0.0623588,45.4665,2.96723,1.45898,0.0881655,-0.0630245,45.5343,True,65.0|65,1017
8|1017|8|1017|sample|8|65|8|65|22.0,2.96027,1.4583,0.193965,-0.0623588,45.4665,2.96723,1.45898,0.162401,-0.0630245,45.5343,True,22.0|65,1017
8|1017|8|1017|cc|1|1|65|1|65|69.0,2.9603,1.45765,2488.33,-0.0623588,45.4665,2.96727,1.45832,46.4589,-0.0630245,45.5343,False,69.0|65,1017
8|1017|8|1017|cc|2|1|65|1|65|69.0,2.9603,1.45765,827.802,-0.0623588,45.4665,2.96727,1.45832,46.4589,-0.0630245,45.5343,False,69.0|65,1017
8|1017|8|1017|cc|3|1|65|1|65|69.0,2.9603,1.45765,1246.19,-0.0623588,45.4665,2.96727,1.45832,46.4589,-0.0630245,45.5343,False,69.0|65,1017
8|1017|8|1017|cc|4|1|65|1|65|69.0,2.9603,1.45765,939.274,-0.0623588,45.4665,2.96727,1.45832,46.4589,-0.0630245,45.5343,False,69.0|65,1017
8|1017|8|1017|cc|5|1|65|1|65|69.0,2.9603,1.45765,397.7,-0.0623588,45.4665,2.96727,1.45832,46.4589,-0.0630245,45.5343,False,69.0|65,1017
8|1017|8|1017|cc|6|1|65|1|65|69.0,2.9603,1.45765,4381.61,-0.0623588,45.4665,2.96727,1.45832,46.4589,-0.0630245,45.5343,False,69.0|65,1017
8|1017|8|1017|cc|7|1|65|1|65|69.0,2.9603,1.45765,614.329,-0.0623588,45.4665,2.96727,1.45832,46.4589,-0.0630245,45.5343,False,69.0|65,1017
8|1017|8|1017|cc|8|1|65|1|65|69.0,2.9603,1.45765,897.375,-0.0623588,45.4665,2.96727,1.45832,46.4589,-0.0630245,45.5343,False,69.0|65,1017
8|1017|8|1017|vc|1|2|65|2|65|69.0,2.9603,1.45765,874.316,-0.0623588,45.4665,2.96727,1.45832,46.4589,-0.0630245,45.5343,False,69.0|65,1017
8|1017|8|1017|vc|2|2|65|2|65|69.0,2.9603,1.45765,761.564,-0.0623588,45.4665,2.96727,1.45832,46.4589,-0.0630245,45.5343,False,69.0|65,1017
8|1017|8|1017|vc|3|2|65|2|65|69.0,2.9603,1.45765,604.396,-0.0623588,45.4665,2.96727,1.45832,46.4589,-0.0630245,45.5343,False,69.0|65,1017
8|1017|8|1017|vc|4|2|65|2|65|69.0,2.9603,1.45765,620.037,-0.0623588,45.4665,2.96727,1.45832,46.4589,-0.0630245,45.5343,False,69.0|65,1017
8|1017|8|1017|vc|5|2|65|2|65|69.0,2.9603,1.45765,1112.77,-0.0623588,45.4665,2.96727,1.45832,46.4589,-0.0630245,45.5343,False,69.0|65,1017
8|1017|8|1017|vc|6|2|65|2|65|69.0,2.9603,1.45765,463.292,-0.0623588,45.4665,2.96727,1.45832,46.4589,-0.0630245,45.5343,False,69.0|65,1017
8|1017|8|1017|vc|7|2|65|2|65|69.0,2.9603,1.45765,922.867,-0.0623588,45.4665,2.96727,1.45832,46.4589,-0.0630245,45.5343,False,69.0|65,1017
8|1017|8|1017|vc|8|2|65|2|65|69.0,2.9603,1.45765,388.171,-0.0623588,45.4665,2.96727,1.45832,46.4589,-0.0630245,45.5343,False,69.0|65,1017
8|291|8|291|sample|6|103|6|103|55.0,2.96027,1.4583,0.367392,-0.0623726,45.4666,2.96723,1.45898,0.353833,-0.0630385,45.5344,True,55.0|103,291
8|291|8|291|sample|5|103|5|103|55.0,2.96027,1.4583,0.373248,-0.0623726,45.4666,2.96723,1.45898,0.34886,-0.0630385,45.5344,True,55.0|103,291
8|291|8|291|sample|4|103|4|103|55.0,2.96027,1.4583,0.408805,-0.0623726,45.4666,2.96723,1.45898,0.399537,-0.0630385,45.5344,True,55.0|103,291
8|291|8|291|sample|3|103|3|103|55.0,2.96027,1.4583,0.421481,-0.0623726,45.4666,2.96723,1.45898,0.392548,-0.0630385,45.5344,True,55.0|103,291
8|291|8|291|sample|9|103|9|103|32.0,2.96027,1.4583,0.0193723,-0.0623726,45.4666,2.96723,1.45898,0.0189917,-0.0630385,45.5344,True,32.0|103,291
8|291|8|291|sample|10|103|10|103|32.0,2.96027,1.4583,0.0192522,-0.0623726,45.4666,2.96723,1.45898,0.0176933,-0.0630385,45.5344,True,32.0|103,291
8|291|8|291|sample|8|103|8|103|32.0,2.96027,1.4583,0.0223288,-0.0623726,45.4666,2.96723,1.45898,0.0208607,-0.0630385,45.5344,True,32.0|103,291
8|291|8|291|sample|7|103|7|103|32.0,2.96027,1.4583,0.0183995,-0.0623726,45.4666,2.96723,1.45898,0.0181512,-0.0630385,45.5344,True,32.0|103,291
8|291|8|291|sample|11|103|11|103|22.0,2.96027,1.4583,0.0146992,-0.0623726,45.4666,2.96723,1.45898,0.0135573,-0.0630385,45.5344,True,22.0|103,291
8|291|8|291|sample|12|103|12|103|22.0,2.96027,1.4583,0.0182721,-0.0623726,45.4666,2.96723,1.45898,0.0167229,-0.0630385,45.5344,True,22.0|103,291
8|291|8|291|cc|1|1|103|1|103|69.0,2.9603,1.45765,1403.25,-0.0623726,45.4666,2.96727,1.45832,46.4589,-0.0630385,45.5344,False,69.0|103,291
8|291|8|291|cc|2|1|103|1|103|69.0,2.9603,1.45765,279.613,-0.0623726,45.4666,2.96727,1.45832,46.4589,-0.0630385,45.5344,False,69.0|103,291
8|291|8|291|cc|3|1|103|1|103|69.0,2.9603,1.45765,777.898,-0.0623726,45.4666,2.96727,1.45832,46.4589,-0.0630385,45.5344,False,69.0|103,291
8|291|8|291|cc|4|1|103|1|103|69.0,2.9603,1.45765,1595.77,-0.0623726,45.4666,2.96727,1.45832,46.4589,-0.0630385,45.5344,False,69.0|103,291
8|291|8|291|cc|5|1|103|1|103|69.0,2.9603,1.45765,961.389,-0.0623726,45.4666,2.96727,1.45832,46.4589,-0.0630385,45.5344,False,69.0|103,291
8|291|8|291|cc|6|1|103|1|103|69.0,2.9603,1.45765,596.303,-0.0623726,45.4666,2.96727,1.45832,46.4589,-0.0630385,45.5344,False,69.0|103,291
8|291|8|291|cc|7|1|103|1|103|69.0,2.9603,1.45765,2214.69,-0.0623726,45.4666,2.96727,1.45832,46.4589,-0.0630385,45.5344,False,69.0|103,291
8|291|8|291|cc|8|1|103|1|103|69.0,2.9603,1.45765,365.841,-0.0623726,45.4666,2.96727,1.45832,46.4589,-0.0630385,45.5344,False,69.0|103,291
8|291|8|291|vc|1|2|103|2|103|69.0,2.9603,1.45765,697.485,-0.0623726,45.4666,2.96727,1.45832,46.4589,-0.0630385,45.5344,False,69.0|103,291
8|291|8|291|vc|2|2|103|2|103|69.0,2.9603,1.45765,531.832,-0.0623726,45.4666,2.96727,1.45832,46.4589,-0.0630385,45.5344,False,69.0|103,291
8|291|8|291|vc|3|2|103|2|103|69.0,2.9603,1.45765,879.749,-0.0623726,45.4666,2.96727,1.45832,46.4589,-0.0630385,45.5344,False,69.0|103,291
8|291|8|291|vc|4|2|103|2|103|69.0,2.9603,1.45765,353.445,-0.0623726,45.4666,2.96727,1.45832,46.4589,-0.0630385,45.5344,False,69.0|103,291
8|291|8|291|vc|5|2|103|2|103|69.0,2.9603,1.45765,745.489,-0.0623726,45.4666,2.96727,1.45832,46.4589,-0.0630385,45.5344,False,69.0|103,291
8|291|8|291|vc|6|2|103|2|103|69.0,2.9603,1.45765,632.165,-0.0623726,45.4666,2.96727,1.45832,46.4589,-0.0630385,45.5344,False,69.0|103,291
8|291|8|291|vc|7|2|103|2|103|69.0,2.9603,1.45765,1003.74,-0.0623726,45.4666,2.96727,1.45832,46.4589,-0.0630385,45.5344,False,69.0|103,291
8|291|8|291|vc|8|2|103|2|103|69.0,2.9603,1.45765,1050.6,-0.0623726,45.4666,2.96727,1.45832,46.4589,-0.0630385,45.5344,False,69.0|103,291
8|1197|8|1197|sample|7|103|7|103|65.0,2.96027,1.4583,0.0271437,-0.0624578,45.4667,2.96723,1.45898,0.0258749,-0.0631234,45.5345,True,65.0|103,1197
8|1197|8|1197|sample|8|103|8|103|65.0,2.96027,1.4583,0.0269194,-0.0624578,45.4667,2.96723,1.45898,0.025714,-0.0631234,45.5345,True,65.0|103,1197
8|1197|8|1197|sample|6|103|6|103|65.0,2.96027,1.4583,0.0270656,-0.0624578,45.4667,2.96723,1.45898,0.0247521,-0.0631234,45.5345,True,65.0|103,1197
8|1197|8|1197|sample|5|103|5|103|65.0,2.96027,1.4583,0.0289332,-0.0624578,45.4667,2.96723,1.45898,0.0272341,-0.0631234,45.5345,True,65.0|103,1197
8|1197|8|1197|sample|12|103|12|103|28.0,2.96027,1.4583,0.0128445,-0.0624578,45.4667,2.96723,1.45898,0.0122889,-0.0631234,45.5345,True,28.0|103,1197
8|1197|8|1197|sample|10|103|10|103|28.0,2.96027,1.4583,0.0191426,-0.0624578,45.4667,2.96723,1.45898,0.0195743,-0.0631234,45.5345,True,28.0|103,1197
8|1197|8|1197|sample|9|103|9|103|28.0,2.96027,1.4583,0.0222912,-0.0624578,45.4667,2.96723,1.45898,0.0213532,-0.0631234,45.5345,True,28.0|103,1197
8|1197|8|1197|sample|3|103|3|103|22.0,2.96027,1.4583,0.024805,-0.0624578,45.4667,2.96723,1.45898,0.024226,-0.0631234,45.5345,True,22.0|103,1197
8|1197|8|1197|sample|4|103|4|103|22.0,2.96027,1.4583,0.0234234,-0.0624578,45.4667,2.96723,1.45898,0.0225961,-0.0631234,45.5345,True,22.0|103,1197
8|1197|8|1197|sample|11|103|11|103|28.0,2.96027,1.4583,0.0131705,-0.0624578,45.4667,2.96723,1.45898,0.0132159,-0.0631234,45.5345,True,28.0|103,1197
8|1197|8|1197|cc|1|1|103|1|103|69.0,2.9603,1.45765,967.262,-0.0624578,45.4667,2.96727,1.45832,46.4589,-0.0631234,45.5345,False,69.0|103,1197
8|1197|8|1197|cc|2|1|103|1|103|69.0,2.9603,1.45765,633.9,-0.0624578,45.4667,2.96727,1.45832,46.4589,-0.0631234,45.5345,False,69.0|103,1197
8|1197|8|1197|cc|3|1|103|1|103|69.0,2.9603,1.45765,631.172,-0.0624578,45.4667,2.96727,1.45832,46.4589,-0.0631234,45.5345,False,69.0|103,1197
8|1197|8|1197|cc|4|1|103|1|103|69.0,2.9603,1.45765,458.199,-0.0624578,45.4667,2.96727,1.45832,46.4589,-0.0631234,45.5345,False,69.0|103,1197
8|1197|8|1197|cc|5|1|103|1|103|69.0,2.9603,1.45765,1040.62,-0.0624578,45.4667,2.96727,1.45832,46.4589,-0.0631234,45.5345,False,69.0|103,1197
8|1197|8|1197|cc|6|1|103|1|103|69.0,2.9603,1.45765,1027.14,-0.0624578,45.4667,2.96727,1.45832,46.4589,-0.0631234,45.5345,False,69.0|103,1197
8|1197|8|1197|cc|7|1|103|1|103|69.0,2.9603,1.45765,568.588,-0.0624578,45.4667,2.96727,1.45832,46.4589,-0.0631234,45.5345,False,69.0|103,1197
8|1197|8|1197|cc|8|1|103|1|103|69.0,2.9603,1.45765,768.556,-0.0624578,45.4667,2.96727,1.45832,46.4589,-0.0631234,45.5345,False,69.0|103,1197
8|1197|8|1197|vc|1|2|103|2|103|69.0,2.9603,1.45765,490.374,-0.0624578,45.4667,2.96727,1.45832,46.4589,-0.0631234,45.5345,False,69.0|103,1197
8|1197|8|1197|vc|2|2|103|2|103|69.0,2.9603,1.45765,635.468,-0.0624578,45.4667,2.96727,1.45832,46.4589,-0.0631234,45.5345,False,69.0|103,1197
8|1197|8|1197|vc|3|2|103|2|103|69.0,2.9603,1.45765,976.16,-0.0624578,45.4667,2.96727,1.45832,46.4589,-0.0631234,45.5345,False,69.0|103,1197
8|1197|8|1197|vc|4|2|103|2|103|69.0,2.9603,1.45765,626.778,-0.0624578,45.4667,2.96727,1.45832,46.4589,-0.0631234,45.5345,False,69.0|103,1197
8|1197|8|1197|vc|5|2|103|2|103|69.0,2.9603,1.45765,456.437,-0.0624578,45.4667,2.96727,1.45832,46.4589,-0.0631234,45.5345,False,69.0|103,1197
8|1197|8|1197|vc|6|2|103|2|103|69.0,2.9603,1.45765,1369.35,-0.0624578,45.4667,2.96727,1.45832,46.4589,-0.0631234,45.5345,False,69.0|103,1197
8|1197|8|1197|vc|7|2|103|2|103|69.0,2.9603,1.45765,1034.77,-0.0624578,45.4667,2.96727,1.45832,46.4589,-0.0631234,45.5345,False,69.0|103,1197
8|1197|8|1197|vc|8|2|103|2|103|69.0,2.9603,1.45765,696.191,-0.0624578,45.4667,2.96727,1.45832,46.4589,-0.0631234,45.5345,False,69.0|103,1197
8|77|8|77|sample|6|218|6|218|55.0,2.96027,1.4583,0.00408373,-0.0620493,45.4666,2.96723,1.45898,0.00395038,-0.0627202,45.5344,True,55.0|218,77
8|77|8|77|sample|5|218|5|218|55.0,2.96027,1.4583,0.00540459,-0.0620493,45.4666,2.96723,1.45898,0.00467179,-0.0627202,45.5344,True,55.0|218,77
8|77|8|77|sample|3|218|3|218|55.0,2.96027,1.4583,0.00394282,-0.0620493,45.4666,2.96723,1.45898,0.0038912,-0.0627202,45.5344,True,55.0|218,77
8|77|8|77|sample|4|218|4|218|55.0,2.96027,1.4583,0.00404826,-0.0620493,45.4666,2.96723,1.45898,0.00391408,-0.0627202,45.5344,True,55.0|218,77
8|77|8|77|sample|9|218|9|218|32.0,2.96027,1.4583,0.0842762,-0.0620493,45.4666,2.96723,1.45898,0.0789673,-0.0627202,45.5344,True,32.0|218,77
8|77|8|77|sample|10|218|10|218|32.0,2.96027,1.4583,0.0809469,-0.0620493,45.4666,2.96723,1.45898,0.0695954,-0.0627202,45.5344,True,32.0|218,77
8|77|8|77|sample|8|218|8|218|32.0,2.96027,1.4583,0.0960758,-0.0620493,45.4666,2.96723,1.45898,0.094561,-0.0627202,45.5344,True,32.0|218,77
8|77|8|77|sample|7|218|7|218|32.0,2.96027,1.4583,0.0805403,-0.0620493,45.4666,2.96723,1.45898,0.0780134,-0.0627202,45.5344,True,32.0|218,77
8|77|8|77|sample|12|218|12|218|22.0,2.96027,1.4583,0.0316196,-0.0620493,45.4666,2.96723,1.45898,0.030757,-0.0627202,45.5344,True,22.0|218,77
8|77|8|77|sample|11|218|11|218|22.0,2.96027,1.4583,0.0349967,-0.0620493,45.4666,2.96723,1.45898,0.0339646,-0.0627202,45.5344,True,22.0|218,77
8|77|8|77|cc|1|1|218|1|218|69.0,2.9603,1.45765,982.884,-0.0620493,45.4666,2.96727,1.45832,46.4589,-0.0627202,45.5344,False,69.0|218,77
8|77|8|77|cc|2|1|218|1|218|69.0,2.9603,1.45765,613.239,-0.0620493,45.4666,2.96727,1.45832,46.4589,-0.0627202,45.5344,False,69.0|218,77
8|77|8|77|cc|3|1|218|1|218|69.0,2.9603,1.45765,914.248,-0.0620493,45.4666,2.96727,1.45832,46.4589,-0.0627202,45.5344,False,69.0|218,77
8|77|8|77|cc|4|1|218|1|218|69.0,2.9603,1.45765,1104.24,-0.0620493,45.4666,2.96727,1.45832,46.4589,-0.0627202,45.5344,False,69.0|218,77
8|77|8|77|cc|5|1|218|1|218|69.0,2.9603,1.45765,1183.87,-0.0620493,45.4666,2.96727,1.45832,46.4589,-0.0627202,45.5344,False,69.0|218,77
8|77|8|77|cc|6|1|218|1|218|69.0,2.9603,1.45765,551.262,-0.0620493,45.4666,2.96727,1.45832,46.4589,-0.0627202,45.5344,False,69.0|218,77
8|77|8|77|cc|7|1|218|1|218|69.0,2.9603,1.45765,4499.79,-0.0620493,45.4666,2.96727,1.45832,46.4589,-0.0627202,45.5344,False,69.0|218,77
8|77|8|77|cc|8|1|218|1|218|69.0,2.9603,1.45765,711.901,-0.0620493,45.4666,2.96727,1.45832,46.4589,-0.0627202,45.5344,False,69.0|218,77
8|77|8|77|vc|1|2|218|2|218|69.0,2.9603,1.45765,1247.44,-0.0620493,45.4666,2.96727,1.45832,46.4589,-0.0627202,45.5344,False,69.0|218,77
8|77|8|77|vc|2|2|218|2|218|69.0,2.9603,1.45765,697.676,-0.0620493,45.4666,2.96727,1.45832,46.4589,-0.0627202,45.5344,False,69.0|218,77
8|77|8|77|vc|3|2|218|2|218|69.0,2.9603,1.45765,443.333,-0.0620493,45.4666,2.96727,1.45832,46.4589,-0.0627202,45.5344,False,69.0|218,77
8|77|8|77|vc|4|2|218|2|218|69.0,2.9603,1.45765,423.17,-0.0620493,45.4666,2.96727,1.45832,46.4589,-0.0627202,45.5344,False,69.0|218,77
8|77|8|77|vc|5|2|218|2|218|69.0,2.9603,1.45765,828.581,-0.0620493,45.4666,2.96727,1.45832,46.4589,-0.0627202,45.5344,False,69.0|218,77
8|77|8|77|vc|6|2|218|2|218|69.0,2.9603,1.45765,1034.69,-0.0620493,45.4666,2.96727,1.45832,46.4589,-0.0627202,45.5344,False,69.0|218,77
8|77|8|77|vc|7|2|218|2|218|69.0,2.9603,1.45765,734.868,-0.0620493,45.4666,2.96727,1.45832,46.4589,-0.0627202,45.5344,False,69.0|218,77
8|77|8|77|vc|8|2|218|2|218|69.0,2.9603,1.45765,680.739,-0.0620493,45.4666,2.96727,1.45832,46.4589,-0.0627202,45.5344,False,69.0|218,77
8|745|8|745|sample|7|218|7|218|65.0,2.96027,1.4583,0.00405287,-0.0625843,45.4664,2.96723,1.45898,0.00401655,-0.0632475,45.5342,True,65.0|218,745
8|745|8|745|sample|8|218|8|218|65.0,2.96027,1.4583,0.00548506,-0.0625843,45.4664,2.96723,1.45898,0.00522345,-0.0632475,45.5342,True,65.0|218,745
8|745|8|745|sample|6|218|6|218|65.0,2.96027,1.4583,0.00960537,-0.0625843,45.4664,2.96723,1.45898,0.00964553,-0.0632475,45.5342,True,65.0|218,745
8|745|8|745|sample|5|218|5|218|65.0,2.96027,1.4583,0.0117149,-0.0625843,45.4664,2.96723,1.45898,0.0118917,-0.0632475,45.5342,True,65.0|218,745
8|745|8|745|sample|3|218|3|218|65.0,2.96027,1.4583,0.0110755,-0.0625843,45.4664,2.96723,1.45898,0.0148525,-0.0632475,45.5342,True,65.0|218,745
8|745|8|745|sample|11|218|11|218|28.0,2.96027,1.4583,0.0230025,-0.0625843,45.4664,2.96723,1.45898,0.0225846,-0.0632475,45.5342,True,28.0|218,745
8|745|8|745|sample|12|218|12|218|28.0,2.96027,1.4583,0.0260266,-0.0625843,45.4664,2.96723,1.45898,0.0259528,-0.0632475,45.5342,True,28.0|218,745
8|745|8|745|sample|10|218|10|218|28.0,2.96027,1.4583,0.0390595,-0.0625843,45.4664,2.96723,1.45898,0.0358643,-0.0632475,45.5342,True,28.0|218,745
8|745|8|745|sample|9|218|9|218|28.0,2.96027,1.4583,0.0417541,-0.0625843,45.4664,2.96723,1.45898,0.0373789,-0.0632475,45.5342,True,28.0|218,745
8|745|8|745|sample|4|218|4|218|22.0,2.96027,1.4583,0.0429211,-0.0625843,45.4664,2.96723,1.45898,0.0397174,-0.0632475,45.5342,True,22.0|218,745
8|745|8|745|sample|3|218|3|218|22.0,2.96027,1.4583,0.0372541,-0.0625843,45.4664,2.96723,1.45898,0.0365537,-0.0632475,45.5342,True,22.0|218,745
8|745|8|745|sample|5|218|5|218|22.0,2.96027,1.4583,0.0254543,-0.0625843,45.4664,2.96723,1.45898,0.030771,-0.0632475,45.5342,True,22.0|218,745
8|745|8|745|cc|1|1|218|1|218|69.0,2.9603,1.45765,664.521,-0.0625843,45.4664,2.96727,1.45832,46.4589,-0.0632475,45.5342,False,69.0|218,745
8|745|8|745|cc|2|1|218|1|218|69.0,2.9603,1.45765,1293.66,-0.0625843,45.4664,2.96727,1.45832,46.4589,-0.0632475,45.5342,False,69.0|218,745
8|745|8|745|cc|3|1|218|1|218|69.0,2.9603,1.45765,716.216,-0.0625843,45.4664,2.96727,1.45832,46.4589,-0.0632475,45.5342,False,69.0|218,745
8|745|8|745|cc|4|1|218|1|218|69.0,2.9603,1.45765,1127.24,-0.0625843,45.4664,2.96727,1.45832,46.4589,-0.0632475,45.5342,False,69.0|218,745
8|745|8|745|cc|5|1|218|1|218|69.0,2.9603,1.45765,1048.65,-0.0625843,45.4664,2.96727,1.45832,46.4589,-0.0632475,45.5342,False,69.0|218,745
8|745|8|745|cc|6|1|218|1|218|69.0,2.9603,1.45765,2633.7,-0.0625843,45.4664,2.96727,1.45832,46.4589,-0.0632475,45.5342,False,69.0|218,745
8|745|8|745|cc|7|1|218|1|218|69.0,2.9603,1.45765,793.705,-0.0625843,45.4664,2.96727,1.45832,46.4589,-0.0632475,45.5342,False,69.0|218,745
8|745|8|745|cc|8|1|218|1|218|69.0,2.9603,1.45765,527.709,-0.0625843,45.4664,2.96727,1.45832,46.4589,-0.0632475,45.5342,False,69.0|218,745
8|745|8|745|vc|1|2|218|2|218|69.0,2.9603,1.45765,1034.44,-0.0625843,45.4664,2.96727,1.45832,46.4589,-0.0632475,45.5342,False,69.0|218,745
8|745|8|745|vc|2|2|218|2|218|69.0,2.9603,1.45765,1038.46,-0.0625843,45.4664,2.96727,1.45832,46.4589,-0.0632475,45.5342,False,69.0|218,745
8|745|8|745|vc|3|2|218|2|218|69.0,2.9603,1.45765,677.463,-0.0625843,45.4664,2.96727,1.45832,46.4589,-0.0632475,45.5342,False,69.0|218,745
8|745|8|745|vc|4|2|218|2|218|69.0,2.9603,1.45765,975.194,-0.0625843,45.4664,2.96727,1.45832,46.4589,-0.0632475,45.5342,False,69.0|218,745
8|745|8|745|vc|5|2|218|2|218|69.0,2.9603,1.45765,938.253,-0.0625843,45.4664,2.96727,1.45832,46.4589,-0.0632475,45.5342,False,69.0|218,745
8|745|8|745|vc|6|2|218|2|218|69.0,2.9603,1.45765,597.494,-0.0625843,45.4664,2.96727,1.45832,46.4589,-0.0632475,45.5342,False,69.0|218,745
8|745|8|745|vc|7|2|218|2|218|69.0,2.9603,1.45765,628.604,-0.0625843,45.4664,2.96727,1.45832,46.4589,-0.0632475,45.5342,False,69.0|218,745
8|745|8|745|vc|8|2|218|2|218|69.0,2.9603,1.45765,982.186,-0.0625843,45.4664,2.96727,1.45832,46.4589,-0.0632475,45.5342,False,69.0|218,745
8|322|8|322|sample|6|174|6|174|55.0,2.96027,1.4583,0.0217222,-0.0624852,45.4662,2.96723,1.45898,0.0202408,-0.0631508,45.534,True,55.0|174,322
8|322|8|322|sample|5|174|5|174|55.0,2.96027,1.4583,0.0323899,-0.0624852,45.4662,2.96723,1.45898,0.0269194,-0.0631508,45.534,True,55.0|174,322
8|322|8|322|sample|3|174|3|174|55.0,2.96027,1.4583,0.0132064,-0.0624852,45.4662,2.96723,1.45898,0.010778,-0.0631508,45.534,True,55.0|174,322
8|322|8|322|sample|4|174|4|174|55.0,2.96027,1.4583,0.020709,-0.0624852,45.4662,2.96723,1.45898,0.0191587,-0.0631508,45.534,True,55.0|174,322
8|322|8|322|sample|10|174|10|174|32.0,2.96027,1.4583,0.00866332,-0.0624852,45.4662,2.96723,1.45898,0.00876772,-0.0631508,45.534,True,32.0|174,322
8|322|8|322|sample|9|174|9|174|32.0,2.96027,1.4583,0.0119223,-0.0624852,45.4662,2.96723,1.45898,0.0116133,-0.0631508,45.534,True,32.0|174,322
8|322|8|322|sample|7|174|7|174|32.0,2.96027,1.4583,0.0127227,-0.0624852,45.4662,2.96723,1.45898,0.0120792,-0.0631508,45.534,True,32.0|174,322
8|322|8|322|sample|8|174|8|174|32.0,2.96027,1.4583,0.0129917,-0.0624852,45.4662,2.96723,1.45898,0.0128312,-0.0631508,45.534,True,32.0|174,322
8|322|8|322|sample|12|174|12|174|22.0,2.96027,1.4583,0.0136436,-0.0624852,45.4662,2.96723,1.45898,0.0127123,-0.0631508,45.534,True,22.0|174,322
8|322|8|322|sample|8|174|8|174|22.0,2.96027,1.4583,0.137696,-0.0624852,45.4662,2.96723,1.45898,0.103582,-0.0631508,45.534,True,22.0|174,322
8|322|8|322|sample|11|174|11|174|22.0,2.96027,1.4583,0.016379,-0.0624852,45.4662,2.96723,1.45898,0.0158579,-0.0631508,45.534,True,22.0|174,322
8|322|8|322|sample|11|174|11|174|32.0,2.96027,1.4583,0.0395449,-0.0624852,45.4662,2.96723,1.45898,0.0379281,-0.0631508,45.534,True,32.0|174,322
8|322|8|322|cc|1|1|174|1|174|69.0,2.9603,1.45765,644.372,-0.0624852,45.4662,2.96727,1.45832,46.4589,-0.0631508,45.534,False,69.0|174,322
8|322|8|322|cc|2|1|174|1|174|69.0,2.9603,1.45765,1561.64,-0.0624852,45.4662,2.96727,1.45832,46.4589,-0.0631508,45.534,False,69.0|174,322
8|322|8|322|cc|3|1|174|1|174|69.0,2.9603,1.45765,485.493,-0.0624852,45.4662,2.96727,1.45832,46.4589,-0.0631508,45.534,False,69.0|174,322
8|322|8|322|cc|4|1|174|1|174|69.0,2.9603,1.45765,1232.77,-0.0624852,45.4662,2.96727,1.45832,46.4589,-0.0631508,45.534,False,69.0|174,322
8|322|8|322|cc|5|1|174|1|174|69.0,2.9603,1.45765,1743.35,-0.0624852,45.4662,2.96727,1.45832,46.4589,-0.0631508,45.534,False,69.0|174,322
8|322|8|322|cc|6|1|174|1|174|69.0,2.9603,1.45765,710.746,-0.0624852,45.4662,2.96727,1.45832,46.4589,-0.0631508,45.534,False,69.0|174,322
8|322|8|322|cc|7|1|174|1|174|69.0,2.9603,1.45765,1996.57,-0.0624852,45.4662,2.96727,1.45832,46.4589,-0.0631508,45.534,False,69.0|174,322
8|322|8|322|cc|8|1|174|1|174|69.0,2.9603,1.45765,2782.94,-0.0624852,45.4662,2.96727,1.45832,46.4589,-0.0631508,45.534,False,69.0|174,322
8|322|8|322|vc|1|2|174|2|174|69.0,2.9603,1.45765,826.43,-0.0624852,45.4662,2.96727,1.45832,46.4589,-0.0631508,45.534,False,69.0|174,322
8|322|8|322|vc|2|2|174|2|174|69.0,2.9603,1.45765,929.785,-0.0624852,45.4662,2.96727,1.45832,46.4589,-0.0631508,45.534,False,69.0|174,322
8|322|8|322|vc|3|2|174|2|174|69.0,2.9603,1.45765,371.426,-0.0624852,45.4662,2.96727,1.45832,46.4589,-0.0631508,45.534,False,69.0|174,322
8|322|8|322|vc|4|2|174|2|174|69.0,2.9603,1.45765,741.605,-0.0624852,45.4662,2.96727,1.45832,46.4589,-0.0631508,45.534,False,69.0|174,322
8|322|8|322|vc|5|2|174|2|174|69.0,2.9603,1.45765,1154.38,-0.0624852,45.4662,2.96727,1.45832,46.4589,-0.0631508,45.534,False,69.0|174,322
8|322|8|322|vc|6|2|174|2|174|69.0,2.9603,1.45765,886.37,-0.0624852,45.4662,2.96727,1.45832,46.4589,-0.0631508,45.534,False,69.0|174,322
8|322|8|322|vc|7|2|174|2|174|69.0,2.9603,1.45765,624.016,-0.0624852,45.4662,2.96727,1.45832,46.4589,-0.0631508,45.534,False,69.0|174,322
8|322|8|322|vc|8|2|174|2|174|69.0,2.9603,1.45765,785.572,-0.0624852,45.4662,2.96727,1.45832,46.4589,-0.0631508,45.534,False,69.0|174,322
8|1043|8|1043|sample|6|174|6|174|65.0,2.96027,1.4583,0.0141339,-0.060842,45.4673,2.96723,1.45898,0.0138429,-0.0614911,45.5351,True,65.0|174,1043
8|1043|8|1043|sample|7|174|7|174|65.0,2.96027,1.4583,0.0060605,-0.060842,45.4673,2.96723,1.45898,0.00580781,-0.0614911,45.5351,True,65.0|174,1043
8|1043|8|1043|sample|8|174|8|174|65.0,2.96027,1.4583,0.00905071,-0.060842,45.4673,2.96723,1.45898,0.00885544,-0.0614911,45.5351,True,65.0|174,1043
8|1043|8|1043|sample|5|174|5|174|65.0,2.96027,1.4583,0.0126809,-0.060842,45.4673,2.96723,1.45898,0.0122226,-0.0614911,45.5351,True,65.0|174,1043
8|1043|8|1043|sample|11|174|11|174|28.0,2.96027,1.4583,0.0083628,-0.060842,45.4673,2.96723,1.45898,0.00844906,-0.0614911,45.5351,True,28.0|174,1043
8|1043|8|1043|sample|12|174|12|174|28.0,2.96027,1.4583,0.00941216,-0.060842,45.4673,2.96723,1.45898,0.00887056,-0.0614911,45.5351,True,28.0|174,1043
8|1043|8|1043|sample|10|174|10|174|28.0,2.96027,1.4583,0.0162837,-0.060842,45.4673,2.96723,1.45898,0.015312,-0.0614911,45.5351,True,28.0|174,1043
8|1043|8|1043|sample|9|174|9|174|28.0,2.96027,1.4583,0.0184762,-0.060842,45.4673,2.96723,1.45898,0.0174026,-0.0614911,45.5351,True,28.0|174,1043
8|1043|8|1043|sample|4|174|4|174|22.0,2.96027,1.4583,0.0197206,-0.060842,45.4673,2.96723,1.45898,0.0183997,-0.0614911,45.5351,True,22.0|174,1043
8|1043|8|1043|sample|3|174|3|174|22.0,2.96027,1.4583,0.0192933,-0.060842,45.4673,2.96723,1.45898,0.0196802,-0.0614911,45.5351,True,22.0|174,1043
8|1043|8|1043|cc|1|1|174|1|174|69.0,2.9603,1.45765,430.584,-0.060842,45.4673,2.96727,1.45832,46.4589,-0.0614911,45.5351,False,69.0|174,1043
8|1043|8|1043|cc|2|1|174|1|174|69.0,2.9603,1.45765,342.102,-0.060842,45.4673,2.96727,1.45832,46.4589,-0.0614911,45.5351,False,69.0|174,1043
8|1043|8|1043|cc|3|1|174|1|174|69.0,2.9603,1.45765,1094.22,-0.060842,45.4673,2.96727,1.45832,46.4589,-0.0614911,45.5351,False,69.0|174,1043
8|1043|8|1043|cc|4|1|174|1|174|69.0,2.9603,1.45765,827.895,-0.060842,45.4673,2.96727,1.45832,46.4589,-0.0614911,45.5351,False,69.0|174,1043
8|1043|8|1043|cc|5|1|174|1|174|69.0,2.9603,1.45765,1187.33,-0.060842,45.4673,2.96727,1.45832,46.4589,-0.0614911,45.5351,False,69.0|174,1043
8|1043|8|1043|cc|6|1|174|1|174|69.0,2.9603,1.45765,357.849,-0.060842,45.4673,2.96727,1.45832,46.4589,-0.0614911,45.5351,False,69.0|174,1043
8|1043|8|1043|cc|7|1|174|1|174|69.0,2.9603,1.45765,1975.33,-0.060842,45.4673,2.96727,1.45832,46.4589,-0.0614911,45.5351,False,69.0|174,1043
8|1043|8|1043|cc|8|1|174|1|174|69.0,2.9603,1.45765,639.209,-0.060842,45.4673,2.96727,1.45832,46.4589,-0.0614911,45.5351,False,69.0|174,1043
8|1043|8|1043|vc|1|2|174|2|174|69.0,2.9603,1.45765,2758.89,-0.060842,45.4673,2.96727,1.45832,46.4589,-0.0614911,45.5351,False,69.0|174,1043
8|1043|8|1043|vc|2|2|174|2|174|69.0,2.9603,1.45765,915.379,-0.060842,45.4673,2.96727,1.45832,46.4589,-0.0614911,45.5351,False,69.0|174,1043
8|1043|8|1043|vc|3|2|174|2|174|69.0,2.9603,1.45765,435.472,-0.060842,45.4673,2.96727,1.45832,46.4589,-0.0614911,45.5351,False,69.0|174,1043
8|1043|8|1043|vc|4|2|174|2|174|69.0,2.9603,1.45765,928.75,-0.060842,45.4673,2.96727,1.45832,46.4589,-0.0614911,45.5351,False,69.0|174,1043
8|1043|8|1043|vc|5|2|174|2|174|69.0,2.9603,1.45765,1130.1,-0.060842,45.4673,2.96727,1.45832,46.4589,-0.0614911,45.5351,False,69.0|174,1043
8|1043|8|1043|vc|6|2|174|2|174|69.0,2.9603,1.45765,1312.12,-0.060842,45.4673,2.96727,1.45832,46.4589,-0.0614911,45.5351,False,69.0|174,1043
8|1043|8|1043|vc|7|2|174|2|174|69.0,2.9603,1.45765,1482.9,-0.060842,45.4673,2.96727,1.45832,46.4589,-0.0614911,45.5351,False,69.0|174,1043
8|1043|8|1043|vc|8|2|174|2|174|69.0,2.9603,1.45765,323.257,-0.060842,45.4673,2.96727,1.45832,46.4589,-0.0614911,45.5351,False,69.0|174,1043
8|963|8|963|sample|6|319|6|319|55.0,2.96027,1.4583,0.00118481,-0.0623733,45.4667,2.96723,1.45898,0.0011674,-0.0630389,45.5345,True,55.0|319,963
8|963|8|963|sample|5|319|5|319|55.0,2.96027,1.4583,0.00178625,-0.0623733,45.4667,2.96723,1.45898,0.0016821,-0.0630389,45.5345,True,55.0|319,963
8|963|8|963|sample|4|319|4|319|55.0,2.96027,1.4583,0.00175609,-0.0623733,45.4667,2.96723,1.45898,0.00181828,-0.0630389,45.5345,True,55.0|319,963
8|963|8|963|sample|3|319|3|319|55.0,2.96027,1.4583,0.00227755,-0.0623733,45.4667,2.96723,1.45898,0.00181134,-0.0630389,45.5345,True,55.0|319,963
8|963|8|963|sample|10|319|10|319|32.0,2.96027,1.4583,0.0103233,-0.0623733,45.4667,2.96723,1.45898,0.0103021,-0.0630389,45.5345,True,32.0|319,963
8|963|8|963|sample|9|319|9|319|32.0,2.96027,1.4583,0.0102367,-0.0623733,45.4667,2.96723,1.45898,0.00942803,-0.0630389,45.5345,True,32.0|319,963
8|963|8|963|sample|7|319|7|319|32.0,2.96027,1.4583,0.0103547,-0.0623733,45.4667,2.96723,1.45898,0.010063,-0.0630389,45.5345,True,32.0|319,963
8|963|8|963|sample|8|319|8|319|32.0,2.96027,1.4583,0.0125485,-0.0623733,45.4667,2.96723,1.45898,0.0125698,-0.0630389,45.5345,True,32.0|319,963
8|963|8|963|sample|11|319|11|319|22.0,2.96027,1.4583,0.0638317,-0.0623733,45.4667,2.96723,1.45898,0.064369,-0.0630389,45.5345,True,22.0|319,963
8|963|8|963|sample|12|319|12|319|22.0,2.96027,1.4583,0.061779,-0.0623733,45.4667,2.96723,1.45898,0.0602087,-0.0630389,45.5345,True,22.0|319,963
8|963|8|963|cc|1|1|319|1|319|69.0,2.9603,1.45765,611.802,-0.0623733,45.4667,2.96727,1.45832,46.4589,-0.0630389,45.5345,False,69.0|319,963
8|963|8|963|cc|2|1|319|1|319|69.0,2.9603,1.45765,1957.52,-0.0623733,45.4667,2.96727,1.45832,46.4589,-0.0630389,45.5345,False,69.0|319,963
8|963|8|963|cc|3|1|319|1|319|69.0,2.9603,1.45765,944.986,-0.0623733,45.4667,2.96727,1.45832,46.4589,-0.0630389,45.5345,False,69.0|319,963
8|963|8|963|cc|4|1|319|1|319|69.0,2.9603,1.45765,615.848,-0.0623733,45.4667,2.96727,1.45832,46.4589,-0.0630389,45.5345,False,69.0|319,963
8|963|8|963|cc|5|1|319|1|319|69.0,2.9603,1.45765,656.401,-0.0623733,45.4667,2.96727,1.45832,46.4589,-0.0630389,45.5345,False,69.0|319,963
8|963|8|963|cc|6|1|319|1|319|69.0,2.9603,1.45765,1036.37,-0.0623733,45.4667,2.96727,1.45832,46.4589,-0.0630389,45.5345,False,69.0|319,963
8|963|8|963|cc|7|1|319|1|319|69.0,2.9603,1.45765,478.722,-0.0623733,45.4667,2.96727,1.45832,46.4589,-0.0630389,45.5345,False,69.0|319,963
8|963|8|963|cc|8|1|319|1|319|69.0,2.9603,1.45765,2484.17,-0.0623733,45.4667,2.96727,1.45832,46.4589,-0.0630389,45.5345,False,69.0|319,963
8|963|8|963|vc|1|2|319|2|319|69.0,2.9603,1.45765,960.786,-0.0623733,45.4667,2.96727,1.45832,46.4589,-0.0630389,45.5345,False,69.0|319,963
8|963|8|963|vc|2|2|319|2|319|69.0,2.9603,1.45765,753.483,-0.0623733,45.4667,2.96727,1.45832,46.4589,-0.0630389,45.5345,False,69.0|319,963
8|963|8|963|vc|3|2|319|2|319|69.0,2.9603,1.45765,986.318,-0.0623733,45.4667,2.96727,1.45832,46.4589,-0.0630389,45.5345,False,69.0|319,963
8|963|8|963|vc|4|2|319|2|319|69.0,2.9603,1.45765,662.283,-0.0623733,45.4667,2.96727,1.45832,46.4589,-0.0630389,45.5345,False,69.0|319,963
8|963|8|963|vc|5|2|319|2|319|69.0,2.9603,1.45765,570.728,-0.0623733,45.4667,2.96727,1.45832,46.4589,-0.0630389,45.5345,False,69.0|319,963
8|963|8|963|vc|6|2|319|2|319|69.0,2.9603,1.45765,2987.37,-0.0623733,45.4667,2.96727,1.45832,46.4589,-0.0630389,45.5345,False,69.0|319,963
8|963|8|963|vc|7|2|319|2|319|69.0,2.9603,1.45765,1077.26,-0.0623733,45.4667,2.96727,1.45832,46.4589,-0.0630389,45.5345,False,69.0|319,963
8|963|8|963|vc|8|2|319|2|319|69.0,2.9603,1.45765,1361,-0.0623733,45.4667,2.96727,1.45832,46.4589,-0.0630389,45.5345,False,69.0|319,963
8|1260|8|1260|sample|8|319|8|319|65.0,2.96027,1.4583,0.00203511,-0.0623279,45.4666,2.96723,1.45898,0.0020468,-0.0629934,45.5344,True,65.0|319,1260
8|1260|8|1260|sample|7|319|7|319|65.0,2.96027,1.4583,0.00138738,-0.0623279,45.4666,2.96723,1.45898,0.00147026,-0.0629934,45.5344,True,65.0|319,1260
8|1260|8|1260|sample|6|319|6|319|65.0,2.96027,1.4583,0.00650759,-0.0623279,45.4666,2.96723,1.45898,0.00638292,-0.0629934,45.5344,True,65.0|319,1260
8|1260|8|1260|sample|5|319|5|319|65.0,2.96027,1.4583,0.00722049,-0.0623279,45.4666,2.96723,1.45898,0.00671611,-0.0629934,45.5344,True,65.0|319,1260
8|1260|8|1260|sample|11|319|11|319|28.0,2.96027,1.4583,0.0169098,-0.0623279,45.4666,2.96723,1.45898,0.0158841,-0.0629934,45.5344,True,28.0|319,1260
8|1260|8|1260|sample|12|319|12|319|28.0,2.96027,1.4583,0.0160015,-0.0623279,45.4666,2.96723,1.45898,0.0169581,-0.0629934,45.5344,True,28.0|319,1260
8|1260|8|1260|sample|10|319|10|319|28.0,2.96027,1.4583,0.0311378,-0.0623279,45.4666,2.96723,1.45898,0.0303432,-0.0629934,45.5344,True,28.0|319,1260
8|1260|8|1260|sample|9|319|9|319|28.0,2.96027,1.4583,0.0391639,-0.0623279,45.4666,2.96723,1.45898,0.0356731,-0.0629934,45.5344,True,28.0|319,1260
8|1260|8|1260|sample|4|319|4|319|22.0,2.96027,1.4583,0.0640812,-0.0623279,45.4666,2.96723,1.45898,0.0614316,-0.0629934,45.5344,True,22.0|319,1260
8|1260|8|1260|sample|3|319|3|319|22.0,2.96027,1.4583,0.0712917,-0.0623279,45.4666,2.96723,1.45898,0.0691695,-0.0629934,45.5344,True,22.0|319,1260
8|1260|8|1260|cc|1|1|319|1|319|69.0,2.9603,1.45765,543.417,-0.0623279,45.4666,2.96727,1.45832,46.4589,-0.0629934,45.5344,False,69.0|319,1260
8|1260|8|1260|cc|2|1|319|1|319|69.0,2.9603,1.45765,914.502,-0.0623279,45.4666,2.96727,1.45832,46.4589,-0.0629934,45.5344,False,69.0|319,1260
8|1260|8|1260|cc|3|1|319|1|319|69.0,2.9603,1.45765,944.601,-0.0623279,45.4666,2.96727,1.45832,46.4589,-0.0629934,45.5344,False,69.0|319,1260
8|1260|8|1260|cc|4|1|319|1|319|69.0,2.9603,1.45765,499.659,-0.0623279,45.4666,2.96727,1.45832,46.4589,-0.0629934,45.5344,False,69.0|319,1260
8|1260|8|1260|cc|5|1|319|1|319|69.0,2.9603,1.45765,766.215,-0.0623279,45.4666,2.96727,1.45832,46.4589,-0.0629934,45.5344,False,69.0|319,1260
8|1260|8|1260|cc|6|1|319|1|319|69.0,2.9603,1.45765,803.982,-0.0623279,45.4666,2.96727,1.45832,46.4589,-0.0629934,45.5344,False,69.0|319,1260
8|1260|8|1260|cc|7|1|319|1|319|69.0,2.9603,1.45765,1139.82,-0.0623279,45.4666,2.96727,1.45832,46.4589,-0.0629934,45.5344,False,69.0|319,1260
8|1260|8|1260|cc|8|1|319|1|319|69.0,2.9603,1.45765,960.343,-0.0623279,45.4666,2.96727,1.45832,46.4589,-0.0629934,45.5344,False,69.0|319,1260
8|1260|8|1260|vc|1|2|319|2|319|69.0,2.9603,1.45765,629.763,-0.0623279,45.4666,2.96727,1.45832,46.4589,-0.0629934,45.5344,False,69.0|319,1260
8|1260|8|1260|vc|2|2|319|2|319|69.0,2.9603,1.45765,957.535,-0.0623279,45.4666,2.96727,1.45832,46.4589,-0.0629934,45.5344,False,69.0|319,1260
8|1260|8|1260|vc|3|2|319|2|319|69.0,2.9603,1.45765,534.441,-0.0623279,45.4666,2.96727,1.45832,46.4589,-0.0629934,45.5344,False,69.0|319,1260
8|1260|8|1260|vc|4|2|319|2|319|69.0,2.9603,1.45765,888.447,-0.0623279,45.4666,2.96727,1.45832,46.4589,-0.0629934,45.5344,False,69.0|319,1260
8|1260|8|1260|vc|5|2|319|2|319|69.0,2.9603,1.45765,432.283,-0.0623279,45.4666,2.96727,1.45832,46.4589,-0.0629934,45.5344,False,69.0|319,1260
8|1260|8|1260|vc|6|2|319|2|319|69.0,2.9603,1.45765,543.503,-0.0623279,45.4666,2.96727,1.45832,46.4589,-0.0629934,45.5344,False,69.0|319,1260
8|1260|8|1260|vc|7|2|319|2|319|69.0,2.9603,1.45765,551.05,-0.0623279,45.4666,2.96727,1.45832,46.4589,-0.0629934,45.5344,False,69.0|319,1260
8|1260|8|1260|vc|8|2|319|2|319|69.0,2.9603,1.45765,571.684,-0.0623279,45.4666,2.96727,1.45832,46.4589,-0.0629934,45.5344,False,69.0|319,1260
