id,U_offset_SAEM,L_SAEM,m_SAEM,e_SAEM,alpha_SAEM,k_SAEM,U_offset_mode,L_mode,m_mode,e_mode,alpha_mode,k_mode,goes_down,mab_virus,run_id
9|411|sample|4|274,5.70051,450.12,1.32331,1.93742,6468.06,11.649,5.69387,451.358,1.32437,1.91917,6472.19,11.6531,True,70.0|274,411
9|411|sample|3|274,5.70051,450.12,1.32331,3.42567,6468.06,11.649,5.69387,451.358,1.32437,3.33959,6472.19,11.6531,True,70.0|274,411
9|411|sample|5|274,5.70051,450.12,1.32331,1.6949,6468.06,11.649,5.69387,451.358,1.32437,1.74778,6472.19,11.6531,True,70.0|274,411
9|411|sample|6|274,5.70051,450.12,1.32331,1.63722,6468.06,11.649,5.69387,451.358,1.32437,1.68675,6472.19,11.6531,True,70.0|274,411
9|411|sample|8|274,5.70051,450.12,1.32331,2.51396,6468.06,11.649,5.69387,451.358,1.32437,2.48762,6472.19,11.6531,True,70.0|274,411
9|411|sample|7|274,5.70051,450.12,1.32331,2.62342,6468.06,11.649,5.69387,451.358,1.32437,2.6431,6472.19,11.6531,True,70.0|274,411
9|411|sample|9|274,5.70051,450.12,1.32331,1.86801,6468.06,11.649,5.69387,451.358,1.32437,1.93522,6472.19,11.6531,True,70.0|274,411
9|411|sample|10|274,5.70051,450.12,1.32331,1.68432,6468.06,11.649,5.69387,451.358,1.32437,1.65995,6472.19,11.6531,True,70.0|274,411
9|411|sample|12|274,5.70051,450.12,1.32331,2.67083,6468.06,11.649,5.69387,451.358,1.32437,2.67752,6472.19,11.6531,True,70.0|274,411
9|411|sample|11|274,5.70051,450.12,1.32331,2.4918,6468.06,11.649,5.69387,451.358,1.32437,2.51451,6472.19,11.6531,True,70.0|274,411
9|411|cc|1|1|274,5.6999,450.12,1.32326,76.6459,6468.06,11.649,5.69325,451.358,1.32431,46.1758,6472.19,11.6531,False,69.0|274,411
9|411|cc|2|1|274,5.6999,450.12,1.32326,71.4137,6468.06,11.649,5.69325,451.358,1.32431,46.1758,6472.19,11.6531,False,69.0|274,411
9|411|cc|3|1|274,5.6999,450.12,1.32326,85.1368,6468.06,11.649,5.69325,451.358,1.32431,46.1758,6472.19,11.6531,False,69.0|274,411
9|411|cc|4|1|274,5.6999,450.12,1.32326,90.6835,6468.06,11.649,5.69325,451.358,1.32431,46.1757,6472.19,11.6531,False,69.0|274,411
9|411|cc|5|1|274,5.6999,450.12,1.32326,76.1811,6468.06,11.649,5.69325,451.358,1.32431,46.1757,6472.19,11.6531,False,69.0|274,411
9|411|cc|6|1|274,5.6999,450.12,1.32326,61.9114,6468.06,11.649,5.69325,451.358,1.32431,46.1757,6472.19,11.6531,False,69.0|274,411
9|411|cc|7|1|274,5.6999,450.12,1.32326,78.6299,6468.06,11.649,5.69325,451.358,1.32431,46.1757,6472.19,11.6531,False,69.0|274,411
9|411|cc|8|1|274,5.6999,450.12,1.32326,94.5848,6468.06,11.649,5.69325,451.358,1.32431,46.1757,6472.19,11.6531,False,69.0|274,411
9|411|vc|1|2|274,5.6999,450.12,1.32326,60.5371,6468.06,11.649,5.69325,451.358,1.32431,46.1757,6472.19,11.6531,False,69.0|274,411
9|411|vc|2|2|274,5.6999,450.12,1.32326,80.7539,6468.06,11.649,5.69325,451.358,1.32431,46.1757,6472.19,11.6531,False,69.0|274,411
9|411|vc|3|2|274,5.6999,450.12,1.32326,74.4089,6468.06,11.649,5.69325,451.358,1.32431,46.1758,6472.19,11.6531,False,69.0|274,411
9|411|vc|4|2|274,5.6999,450.12,1.32326,62.2323,6468.06,11.649,5.69325,451.358,1.32431,46.1757,6472.19,11.6531,False,69.0|274,411
9|411|vc|5|2|274,5.6999,450.12,1.32326,66.2247,6468.06,11.649,5.69325,451.358,1.32431,46.1758,6472.19,11.6531,False,69.0|274,411
9|411|vc|6|2|274,5.6999,450.12,1.32326,70.356,6468.06,11.649,5.69325,451.358,1.32431,46.1758,6472.19,11.6531,False,69.0|274,411
9|411|vc|7|2|274,5.6999,450.12,1.32326,74.0678,6468.06,11.649,5.69325,451.358,1.32431,46.1758,6472.19,11.6531,False,69.0|274,411
9|411|vc|8|2|274,5.6999,450.12,1.32326,72.9795,6468.06,11.649,5.69325,451.358,1.32431,46.1758,6472.19,11.6531,False,69.0|274,411
14|783|sample|3|71,5.70246,450.12,1.32331,0.0420581,6468.06,11.6491,5.69587,451.358,1.32437,0.0401866,6472.19,11.6533,True,6.0|71,783
14|783|sample|4|71,5.70246,450.12,1.32331,0.036903,6468.06,11.6491,5.69587,451.358,1.32437,0.0391798,6472.19,11.6533,True,6.0|71,783
14|783|sample|5|71,5.70246,450.12,1.32331,0.0799326,6468.06,11.6491,5.69587,451.358,1.32437,0.0756845,6472.19,11.6533,True,6.0|71,783
14|783|sample|6|71,5.70246,450.12,1.32331,0.0741445,6468.06,11.6491,5.69587,451.358,1.32437,0.076034,6472.19,11.6533,True,6.0|71,783
14|783|sample|7|71,5.70246,450.12,1.32331,16.2178,6468.06,11.6491,5.69587,451.358,1.32437,18.376,6472.19,11.6533,True,6.0|71,783
14|783|sample|8|71,5.70246,450.12,1.32331,15.3229,6468.06,11.6491,5.69587,451.358,1.32437,15.9702,6472.19,11.6533,True,6.0|71,783
14|783|sample|10|71,5.70246,450.12,1.32331,0.0398311,6468.06,11.6491,5.69587,451.358,1.32437,0.0403517,6472.19,11.6533,True,6.0|71,783
14|783|sample|9|71,5.70246,450.12,1.32331,0.0394248,6468.06,11.6491,5.69587,451.358,1.32437,0.0387608,6472.19,11.6533,True,6.0|71,783
14|783|sample|12|71,5.70246,450.12,1.32331,50.2895,6468.06,11.6491,5.69587,451.358,1.32437,50.9551,6472.19,11.6533,True,6.0|71,783
14|783|sample|11|71,5.70246,450.12,1.32331,52.8099,6468.06,11.6491,5.69587,451.358,1.32437,55.6373,6472.19,11.6533,True,6.0|71,783
14|783|cc|1|1|71,5.69971,450.12,1.32326,0.709345,6468.06,11.6491,5.69306,451.358,1.32431,0.431989,6472.19,11.6533,False,69.0|71,783
14|783|cc|2|1|71,5.69971,450.12,1.32326,0.795307,6468.06,11.6491,5.69306,451.358,1.32431,0.431989,6472.19,11.6533,False,69.0|71,783
14|783|cc|3|1|71,5.69971,450.12,1.32326,0.854566,6468.06,11.6491,5.69306,451.358,1.32431,0.431989,6472.19,11.6533,False,69.0|71,783
14|783|cc|4|1|71,5.69971,450.12,1.32326,0.818923,6468.06,11.6491,5.69306,451.358,1.32431,0.431989,6472.19,11.6533,False,69.0|71,783
14|783|cc|5|1|71,5.69971,450.12,1.32326,0.732644,6468.06,11.6491,5.69306,451.358,1.32431,0.431989,6472.19,11.6533,False,69.0|71,783
14|783|cc|6|1|71,5.69971,450.12,1.32326,0.79059,6468.06,11.6491,5.69306,451.358,1.32431,0.431989,6472.19,11.6533,False,69.0|71,783
14|783|cc|7|1|71,5.69971,450.12,1.32326,0.724575,6468.06,11.6491,5.69306,451.358,1.32431,0.431989,6472.19,11.6533,False,69.0|71,783
14|783|cc|8|1|71,5.69971,450.12,1.32326,0.761616,6468.06,11.6491,5.69306,451.358,1.32431,0.431989,6472.19,11.6533,False,69.0|71,783
14|783|vc|1|2|71,5.69971,450.12,1.32326,0.696434,6468.06,11.6491,5.69306,451.358,1.32431,0.431989,6472.19,11.6533,False,69.0|71,783
14|783|vc|2|2|71,5.69971,450.12,1.32326,0.704558,6468.06,11.6491,5.69306,451.358,1.32431,0.431989,6472.19,11.6533,False,69.0|71,783
14|783|vc|3|2|71,5.69971,450.12,1.32326,0.751218,6468.06,11.6491,5.69306,451.358,1.32431,0.431989,6472.19,11.6533,False,69.0|71,783
14|783|vc|4|2|71,5.69971,450.12,1.32326,0.695697,6468.06,11.6491,5.69306,451.358,1.32431,0.431989,6472.19,11.6533,False,69.0|71,783
14|783|vc|5|2|71,5.69971,450.12,1.32326,0.782826,6468.06,11.6491,5.69306,451.358,1.32431,0.431989,6472.19,11.6533,False,69.0|71,783
14|783|vc|6|2|71,5.69971,450.12,1.32326,0.742179,6468.06,11.6491,5.69306,451.358,1.32431,0.431989,6472.19,11.6533,False,69.0|71,783
14|783|vc|7|2|71,5.69971,450.12,1.32326,0.684763,6468.06,11.6491,5.69306,451.358,1.32431,0.431989,6472.19,11.6533,False,69.0|71,783
14|783|vc|8|2|71,5.69971,450.12,1.32326,0.809661,6468.06,11.6491,5.69306,451.358,1.32431,0.431989,6472.19,11.6533,False,69.0|71,783
14|491|sample|10|99,5.70005,450.12,1.32331,161.903,6468.06,11.649,5.69341,451.358,1.32437,163.964,6472.19,11.6532,True,6.0|99,491
14|491|sample|9|99,5.70005,450.12,1.32331,159.085,6468.06,11.649,5.69341,451.358,1.32437,157.991,6472.19,11.6532,True,6.0|99,491
14|491|sample|12|99,5.70005,450.12,1.32331,36.5002,6468.06,11.649,5.69341,451.358,1.32437,36.8486,6472.19,11.6532,True,6.0|99,491
14|491|sample|11|99,5.70005,450.12,1.32331,29.767,6468.06,11.649,5.69341,451.358,1.32437,31.145,6472.19,11.6532,True,6.0|99,491
14|491|sample|4|99,5.69974,450.12,1.32331,13.0698,6468.06,11.649,5.6931,451.358,1.32437,13.8142,6472.19,11.6532,True,44.0|99,491
14|491|sample|3|99,5.69974,450.12,1.32331,12.2347,6468.06,11.649,5.6931,451.358,1.32437,12.3271,6472.19,11.6532,True,44.0|99,491
14|491|sample|6|99,5.69974,450.12,1.32331,8.02417,6468.06,11.649,5.6931,451.358,1.32437,8.20219,6472.19,11.6532,True,44.0|99,491
14|491|sample|5|99,5.69974,450.12,1.32331,8.86045,6468.06,11.649,5.6931,451.358,1.32437,9.10072,6472.19,11.6532,True,44.0|99,491
14|491|sample|7|99,5.70355,450.12,1.32331,408.146,6468.06,11.649,5.69697,451.358,1.32437,410.459,6472.19,11.6532,True,63.0|99,491
14|491|sample|8|99,5.70355,450.12,1.32331,375.544,6468.06,11.649,5.69697,451.358,1.32437,380.835,6472.19,11.6532,True,63.0|99,491
14|491|cc|1|1|99,5.69965,450.12,1.32326,0.967315,6468.06,11.649,5.69301,451.358,1.32431,0.623905,6472.19,11.6532,False,69.0|99,491
14|491|cc|2|1|99,5.69965,450.12,1.32326,1.07213,6468.06,11.649,5.69301,451.358,1.32431,0.623905,6472.19,11.6532,False,69.0|99,491
14|491|cc|3|1|99,5.69965,450.12,1.32326,1.49989,6468.06,11.649,5.69301,451.358,1.32431,0.623905,6472.19,11.6532,False,69.0|99,491
14|491|cc|4|1|99,5.69965,450.12,1.32326,0.994368,6468.06,11.649,5.69301,451.358,1.32431,0.623905,6472.19,11.6532,False,69.0|99,491
14|491|cc|5|1|99,5.69965,450.12,1.32326,1.11334,6468.06,11.649,5.69301,451.358,1.32431,0.623905,6472.19,11.6532,False,69.0|99,491
14|491|cc|6|1|99,5.69965,450.12,1.32326,0.909844,6468.06,11.649,5.69301,451.358,1.32431,0.623905,6472.19,11.6532,False,69.0|99,491
14|491|cc|7|1|99,5.69965,450.12,1.32326,1.08306,6468.06,11.649,5.69301,451.358,1.32431,0.623905,6472.19,11.6532,False,69.0|99,491
14|491|cc|8|1|99,5.69965,450.12,1.32326,1.04395,6468.06,11.649,5.69301,451.358,1.32431,0.623905,6472.19,11.6532,False,69.0|99,491
14|491|vc|1|2|99,5.69965,450.12,1.32326,1.1177,6468.06,11.649,5.69301,451.358,1.32431,0.623905,6472.19,11.6532,False,69.0|99,491
14|491|vc|2|2|99,5.69965,450.12,1.32326,1.11562,6468.06,11.649,5.69301,451.358,1.32431,0.623905,6472.19,11.6532,False,69.0|99,491
14|491|vc|3|2|99,5.69965,450.12,1.32326,0.924441,6468.06,11.649,5.69301,451.358,1.32431,0.623905,6472.19,11.6532,False,69.0|99,491
14|491|vc|4|2|99,5.69965,450.12,1.32326,0.857235,6468.06,11.649,5.69301,451.358,1.32431,0.623905,6472.19,11.6532,False,69.0|99,491
14|491|vc|5|2|99,5.69965,450.12,1.32326,1.0417,6468.06,11.649,5.69301,451.358,1.32431,0.623905,6472.19,11.6532,False,69.0|99,491
14|491|vc|6|2|99,5.69965,450.12,1.32326,0.935296,6468.06,11.649,5.69301,451.358,1.32431,0.623905,6472.19,11.6532,False,69.0|99,491
14|491|vc|7|2|99,5.69965,450.12,1.32326,0.915648,6468.06,11.649,5.69301,451.358,1.32431,0.623905,6472.19,11.6532,False,69.0|99,491
14|491|vc|8|2|99,5.69965,450.12,1.32326,0.860986,6468.06,11.649,5.69301,451.358,1.32431,0.623905,6472.19,11.6532,False,69.0|99,491
14|433|sample|4|99,5.70005,450.12,1.32331,44.7115,6468.06,11.649,5.69341,451.358,1.32437,44.6697,6472.19,11.6531,True,6.0|99,433
14|433|sample|3|99,5.70005,450.12,1.32331,45.7156,6468.06,11.649,5.69341,451.358,1.32437,44.961,6472.19,11.6531,True,6.0|99,433
14|433|sample|6|99,5.70005,450.12,1.32331,1.26269,6468.06,11.649,5.69341,451.358,1.32437,1.33275,6472.19,11.6531,True,6.0|99,433
14|433|sample|5|99,5.70005,450.12,1.32331,1.47373,6468.06,11.649,5.69341,451.358,1.32437,1.43518,6472.19,11.6531,True,6.0|99,433
14|433|sample|8|99,5.70005,450.12,1.32331,107.395,6468.06,11.649,5.69341,451.358,1.32437,110.341,6472.19,11.6531,True,6.0|99,433
14|433|sample|7|99,5.70005,450.12,1.32331,112.313,6468.06,11.649,5.69341,451.358,1.32437,108.857,6472.19,11.6531,True,6.0|99,433
14|433|sample|10|99,5.70005,450.12,1.32331,11.3742,6468.06,11.649,5.69341,451.358,1.32437,11.6023,6472.19,11.6531,True,6.0|99,433
14|433|sample|9|99,5.70005,450.12,1.32331,12.3445,6468.06,11.649,5.69341,451.358,1.32437,12.4508,6472.19,11.6531,True,6.0|99,433
14|433|sample|11|99,5.70005,450.12,1.32331,2.80256,6468.06,11.649,5.69341,451.358,1.32437,2.94577,6472.19,11.6531,True,6.0|99,433
14|433|sample|12|99,5.70005,450.12,1.32331,3.39568,6468.06,11.649,5.69341,451.358,1.32437,3.26981,6472.19,11.6531,True,6.0|99,433
14|433|cc|1|1|99,5.69965,450.12,1.32326,1.082,6468.06,11.649,5.69301,451.358,1.32431,0.623905,6472.19,11.6531,False,69.0|99,433
14|433|cc|2|1|99,5.69965,450.12,1.32326,1.25656,6468.06,11.649,5.69301,451.358,1.32431,0.623905,6472.19,11.6531,False,69.0|99,433
14|433|cc|3|1|99,5.69965,450.12,1.32326,1.11735,6468.06,11.649,5.69301,451.358,1.32431,0.623905,6472.19,11.6531,False,69.0|99,433
14|433|cc|4|1|99,5.69965,450.12,1.32326,1.2189,6468.06,11.649,5.69301,451.358,1.32431,0.623905,6472.19,11.6531,False,69.0|99,433
14|433|cc|5|1|99,5.69965,450.12,1.32326,1.09771,6468.06,11.649,5.69301,451.358,1.32431,0.623905,6472.19,11.6531,False,69.0|99,433
14|433|cc|6|1|99,5.69965,450.12,1.32326,1.028,6468.06,11.649,5.69301,451.358,1.32431,0.623905,6472.19,11.6531,False,69.0|99,433
14|433|cc|7|1|99,5.69965,450.12,1.32326,1.09958,6468.06,11.649,5.69301,451.358,1.32431,0.623905,6472.19,11.6531,False,69.0|99,433
14|433|cc|8|1|99,5.69965,450.12,1.32326,1.12925,6468.06,11.649,5.69301,451.358,1.32431,0.623905,6472.19,11.6531,False,69.0|99,433
14|433|vc|1|2|99,5.69965,450.12,1.32326,1.1336,6468.06,11.649,5.69301,451.358,1.32431,0.623905,6472.19,11.6531,False,69.0|99,433
14|433|vc|2|2|99,5.69965,450.12,1.32326,1.06675,6468.06,11.649,5.69301,451.358,1.32431,0.623905,6472.19,11.6531,False,69.0|99,433
14|433|vc|3|2|99,5.69965,450.12,1.32326,1.20139,6468.06,11.649,5.69301,451.358,1.32431,0.623905,6472.19,11.6531,False,69.0|99,433
14|433|vc|4|2|99,5.69965,450.12,1.32326,1.09818,6468.06,11.649,5.69301,451.358,1.32431,0.623905,6472.19,11.6531,False,69.0|99,433
14|433|vc|5|2|99,5.69965,450.12,1.32326,1.105,6468.06,11.649,5.69301,451.358,1.32431,0.623905,6472.19,11.6531,False,69.0|99,433
14|433|vc|6|2|99,5.69965,450.12,1.32326,1.20621,6468.06,11.649,5.69301,451.358,1.32431,0.623905,6472.19,11.6531,False,69.0|99,433
14|433|vc|7|2|99,5.69965,450.12,1.32326,1.11776,6468.06,11.649,5.69301,451.358,1.32431,0.623905,6472.19,11.6531,False,69.0|99,433
14|433|vc|8|2|99,5.69965,450.12,1.32326,0.907507,6468.06,11.649,5.69301,451.358,1.32431,0.623905,6472.19,11.6531,False,69.0|99,433
14|297|sample|3|71,5.70246,450.12,1.32331,2.15491,6468.06,11.649,5.69587,451.358,1.32437,2.10011,6472.19,11.6531,True,6.0|71,297
14|297|sample|4|71,5.70246,450.12,1.32331,1.93452,6468.06,11.649,5.69587,451.358,1.32437,1.92661,6472.19,11.6531,True,6.0|71,297
14|297|sample|5|71,5.70246,450.12,1.32331,47.024,6468.06,11.649,5.69587,451.358,1.32437,46.6361,6472.19,11.6531,True,6.0|71,297
14|297|sample|6|71,5.70246,450.12,1.32331,41.322,6468.06,11.649,5.69587,451.358,1.32437,43.2041,6472.19,11.6531,True,6.0|71,297
14|297|sample|8|71,5.70246,450.12,1.32331,16.6668,6468.06,11.649,5.69587,451.358,1.32437,16.5141,6472.19,11.6531,True,6.0|71,297
14|297|sample|7|71,5.70246,450.12,1.32331,17.7462,6468.06,11.649,5.69587,451.358,1.32437,18.1794,6472.19,11.6531,True,6.0|71,297
14|297|sample|9|71,5.70246,450.12,1.32331,32.7331,6468.06,11.649,5.69587,451.358,1.32437,31.6902,6472.19,11.6531,True,6.0|71,297
14|297|sample|10|71,5.70246,450.12,1.32331,35.6056,6468.06,11.649,5.69587,451.358,1.32437,35.6729,6472.19,11.6531,True,6.0|71,297
14|297|sample|12|71,5.70246,450.12,1.32331,0.504282,6468.06,11.649,5.69587,451.358,1.32437,0.528772,6472.19,11.6531,True,6.0|71,297
14|297|sample|11|71,5.70246,450.12,1.32331,0.510611,6468.06,11.649,5.69587,451.358,1.32437,0.482458,6472.19,11.6531,True,6.0|71,297
14|297|cc|1|1|71,5.69971,450.12,1.32326,0.761954,6468.06,11.649,5.69306,451.358,1.32431,0.431989,6472.19,11.6531,False,69.0|71,297
14|297|cc|2|1|71,5.69971,450.12,1.32326,0.835165,6468.06,11.649,5.69306,451.358,1.32431,0.431989,6472.19,11.6531,False,69.0|71,297
14|297|cc|3|1|71,5.69971,450.12,1.32326,0.862463,6468.06,11.649,5.69306,451.358,1.32431,0.431989,6472.19,11.6531,False,69.0|71,297
14|297|cc|4|1|71,5.69971,450.12,1.32326,0.717558,6468.06,11.649,5.69306,451.358,1.32431,0.431989,6472.19,11.6531,False,69.0|71,297
14|297|cc|5|1|71,5.69971,450.12,1.32326,0.715973,6468.06,11.649,5.69306,451.358,1.32431,0.431989,6472.19,11.6531,False,69.0|71,297
14|297|cc|6|1|71,5.69971,450.12,1.32326,0.780518,6468.06,11.649,5.69306,451.358,1.32431,0.431989,6472.19,11.6531,False,69.0|71,297
14|297|cc|7|1|71,5.69971,450.12,1.32326,0.817512,6468.06,11.649,5.69306,451.358,1.32431,0.431989,6472.19,11.6531,False,69.0|71,297
14|297|cc|8|1|71,5.69971,450.12,1.32326,0.823668,6468.06,11.649,5.69306,451.358,1.32431,0.431989,6472.19,11.6531,False,69.0|71,297
14|297|vc|1|2|71,5.69971,450.12,1.32326,0.739855,6468.06,11.649,5.69306,451.358,1.32431,0.431989,6472.19,11.6531,False,69.0|71,297
14|297|vc|2|2|71,5.69971,450.12,1.32326,0.757054,6468.06,11.649,5.69306,451.358,1.32431,0.431989,6472.19,11.6531,False,69.0|71,297
14|297|vc|3|2|71,5.69971,450.12,1.32326,0.719539,6468.06,11.649,5.69306,451.358,1.32431,0.431989,6472.19,11.6531,False,69.0|71,297
14|297|vc|4|2|71,5.69971,450.12,1.32326,0.688348,6468.06,11.649,5.69306,451.358,1.32431,0.431989,6472.19,11.6531,False,69.0|71,297
14|297|vc|5|2|71,5.69971,450.12,1.32326,0.793067,6468.06,11.649,5.69306,451.358,1.32431,0.431989,6472.19,11.6531,False,69.0|71,297
14|297|vc|6|2|71,5.69971,450.12,1.32326,0.655902,6468.06,11.649,5.69306,451.358,1.32431,0.431989,6472.19,11.6531,False,69.0|71,297
14|297|vc|7|2|71,5.69971,450.12,1.32326,0.78514,6468.06,11.649,5.69306,451.358,1.32431,0.431989,6472.19,11.6531,False,69.0|71,297
14|297|vc|8|2|71,5.69971,450.12,1.32326,0.797281,6468.06,11.649,5.69306,451.358,1.32431,0.431989,6472.19,11.6531,False,69.0|71,297
14|183|sample|4|233,5.69903,450.12,1.32331,3.11534,6468.06,11.649,5.69237,451.358,1.32437,3.22911,6472.19,11.6531,True,6.0|233,183
14|183|sample|3|233,5.69903,450.12,1.32331,3.2432,6468.06,11.649,5.69237,451.358,1.32437,3.42069,6472.19,11.6531,True,6.0|233,183
14|183|sample|6|233,5.69903,450.12,1.32331,6.02996,6468.06,11.649,5.69237,451.358,1.32437,6.51691,6472.19,11.6531,True,6.0|233,183
14|183|sample|5|233,5.69903,450.12,1.32331,6.82584,6468.06,11.649,5.69237,451.358,1.32437,6.51639,6472.19,11.6531,True,6.0|233,183
14|183|sample|7|233,5.69903,450.12,1.32331,2.33413,6468.06,11.649,5.69237,451.358,1.32437,2.4207,6472.19,11.6531,True,6.0|233,183
14|183|sample|8|233,5.69903,450.12,1.32331,2.36476,6468.06,11.649,5.69237,451.358,1.32437,2.40068,6472.19,11.6531,True,6.0|233,183
14|183|sample|10|233,5.69903,450.12,1.32331,10.1585,6468.06,11.649,5.69237,451.358,1.32437,9.50855,6472.19,11.6531,True,6.0|233,183
14|183|sample|9|233,5.69903,450.12,1.32331,7.00456,6468.06,11.649,5.69237,451.358,1.32437,7.21426,6472.19,11.6531,True,6.0|233,183
14|183|sample|12|233,5.69903,450.12,1.32331,1.80347,6468.06,11.649,5.69237,451.358,1.32437,1.78319,6472.19,11.6531,True,6.0|233,183
14|183|sample|11|233,5.69903,450.12,1.32331,1.01886,6468.06,11.649,5.69237,451.358,1.32437,1.02386,6472.19,11.6531,True,6.0|233,183
14|183|cc|1|1|233,5.6992,450.12,1.32326,6.03739,6468.06,11.649,5.69255,451.358,1.32431,4.09864,6472.19,11.6531,False,69.0|233,183
14|183|cc|2|1|233,5.6992,450.12,1.32326,6.93379,6468.06,11.649,5.69255,451.358,1.32431,4.09864,6472.19,11.6531,False,69.0|233,183
14|183|cc|3|1|233,5.6992,450.12,1.32326,7.74517,6468.06,11.649,5.69255,451.358,1.32431,4.09864,6472.19,11.6531,False,69.0|233,183
14|183|cc|4|1|233,5.6992,450.12,1.32326,5.50971,6468.06,11.649,5.69255,451.358,1.32431,4.09864,6472.19,11.6531,False,69.0|233,183
14|183|cc|5|1|233,5.6992,450.12,1.32326,6.28146,6468.06,11.649,5.69255,451.358,1.32431,4.09864,6472.19,11.6531,False,69.0|233,183
14|183|cc|6|1|233,5.6992,450.12,1.32326,7.43257,6468.06,11.649,5.69255,451.358,1.32431,4.09864,6472.19,11.6531,False,69.0|233,183
14|183|cc|7|1|233,5.6992,450.12,1.32326,6.61719,6468.06,11.649,5.69255,451.358,1.32431,4.09864,6472.19,11.6531,False,69.0|233,183
14|183|cc|8|1|233,5.6992,450.12,1.32326,7.36589,6468.06,11.649,5.69255,451.358,1.32431,4.09864,6472.19,11.6531,False,69.0|233,183
14|183|vc|1|2|233,5.6992,450.12,1.32326,7.63705,6468.06,11.649,5.69255,451.358,1.32431,4.09864,6472.19,11.6531,False,69.0|233,183
14|183|vc|2|2|233,5.6992,450.12,1.32326,5.79979,6468.06,11.649,5.69255,451.358,1.32431,4.09864,6472.19,11.6531,False,69.0|233,183
14|183|vc|3|2|233,5.6992,450.12,1.32326,6.078,6468.06,11.649,5.69255,451.358,1.32431,4.09864,6472.19,11.6531,False,69.0|233,183
14|183|vc|4|2|233,5.6992,450.12,1.32326,6.36949,6468.06,11.649,5.69255,451.358,1.32431,4.09864,6472.19,11.6531,False,69.0|233,183
14|183|vc|5|2|233,5.6992,450.12,1.32326,8.15663,6468.06,11.649,5.69255,451.358,1.32431,4.09864,6472.19,11.6531,False,69.0|233,183
14|183|vc|6|2|233,5.6992,450.12,1.32326,6.55629,6468.06,11.649,5.69255,451.358,1.32431,4.09864,6472.19,11.6531,False,69.0|233,183
14|183|vc|7|2|233,5.6992,450.12,1.32326,7.34795,6468.06,11.649,5.69255,451.358,1.32431,4.09864,6472.19,11.6531,False,69.0|233,183
14|183|vc|8|2|233,5.6992,450.12,1.32326,6.85669,6468.06,11.649,5.69255,451.358,1.32431,4.09864,6472.19,11.6531,False,69.0|233,183
14|705|sample|3|233,5.69907,450.12,1.32326,0.00751458,6468.06,11.649,5.69242,451.358,1.32431,0.00965614,6472.19,11.6532,False,6.0|233,705
14|705|sample|4|233,5.69907,450.12,1.32326,0.00582792,6468.06,11.649,5.69242,451.358,1.32431,0.00668095,6472.19,11.6532,False,6.0|233,705
14|705|sample|5|233,5.69907,450.12,1.32326,0.00584519,6468.06,11.649,5.69242,451.358,1.32431,0.00703073,6472.19,11.6532,False,6.0|233,705
14|705|sample|6|233,5.69907,450.12,1.32326,0.00641585,6468.06,11.649,5.69242,451.358,1.32431,0.00678998,6472.19,11.6532,False,6.0|233,705
14|705|sample|7|233,5.69907,450.12,1.32326,0.00855879,6468.06,11.649,5.69242,451.358,1.32431,0.0111117,6472.19,11.6532,False,6.0|233,705
14|705|sample|8|233,5.69907,450.12,1.32326,0.00600159,6468.06,11.649,5.69242,451.358,1.32431,0.00711992,6472.19,11.6532,False,6.0|233,705
14|705|sample|10|233,5.69903,450.12,1.32331,4.96278,6468.06,11.649,5.69237,451.358,1.32437,5.34035,6472.19,11.6532,True,6.0|233,705
14|705|sample|9|233,5.69903,450.12,1.32331,3.93438,6468.06,11.649,5.69237,451.358,1.32437,4.15356,6472.19,11.6532,True,6.0|233,705
14|705|sample|12|233,5.69903,450.12,1.32331,6.14525,6468.06,11.649,5.69237,451.358,1.32437,6.4222,6472.19,11.6532,True,6.0|233,705
14|705|sample|11|233,5.69903,450.12,1.32331,3.80272,6468.06,11.649,5.69237,451.358,1.32437,3.92208,6472.19,11.6532,True,6.0|233,705
14|705|cc|1|1|233,5.6992,450.12,1.32326,7.31769,6468.06,11.649,5.69255,451.358,1.32431,4.09864,6472.19,11.6532,False,69.0|233,705
14|705|cc|2|1|233,5.6992,450.12,1.32326,7.64636,6468.06,11.649,5.69255,451.358,1.32431,4.09864,6472.19,11.6532,False,69.0|233,705
14|705|cc|3|1|233,5.6992,450.12,1.32326,6.63868,6468.06,11.649,5.69255,451.358,1.32431,4.09864,6472.19,11.6532,False,69.0|233,705
14|705|cc|4|1|233,5.6992,450.12,1.32326,6.48022,6468.06,11.649,5.69255,451.358,1.32431,4.09864,6472.19,11.6532,False,69.0|233,705
14|705|cc|5|1|233,5.6992,450.12,1.32326,6.73411,6468.06,11.649,5.69255,451.358,1.32431,4.09864,6472.19,11.6532,False,69.0|233,705
14|705|cc|6|1|233,5.6992,450.12,1.32326,6.53954,6468.06,11.649,5.69255,451.358,1.32431,4.09864,6472.19,11.6532,False,69.0|233,705
14|705|cc|7|1|233,5.6992,450.12,1.32326,6.77419,6468.06,11.649,5.69255,451.358,1.32431,4.09864,6472.19,11.6532,False,69.0|233,705
14|705|cc|8|1|233,5.6992,450.12,1.32326,7.43811,6468.06,11.649,5.69255,451.358,1.32431,4.09864,6472.19,11.6532,False,69.0|233,705
14|705|vc|1|2|233,5.6992,450.12,1.32326,6.68492,6468.06,11.649,5.69255,451.358,1.32431,4.09864,6472.19,11.6532,False,69.0|233,705
14|705|vc|2|2|233,5.6992,450.12,1.32326,7.07572,6468.06,11.649,5.69255,451.358,1.32431,4.09864,6472.19,11.6532,False,69.0|233,705
14|705|vc|3|2|233,5.6992,450.12,1.32326,6.48549,6468.06,11.649,5.69255,451.358,1.32431,4.09864,6472.19,11.6532,False,69.0|233,705
14|705|vc|4|2|233,5.6992,450.12,1.32326,7.61705,6468.06,11.649,5.69255,451.358,1.32431,4.09864,6472.19,11.6532,False,69.0|233,705
14|705|vc|5|2|233,5.6992,450.12,1.32326,6.27569,6468.06,11.649,5.69255,451.358,1.32431,4.09864,6472.19,11.6532,False,69.0|233,705
14|705|vc|6|2|233,5.6992,450.12,1.32326,6.52301,6468.06,11.649,5.69255,451.358,1.32431,4.09864,6472.19,11.6532,False,69.0|233,705
14|705|vc|7|2|233,5.6992,450.12,1.32326,6.69449,6468.06,11.649,5.69255,451.358,1.32431,4.09864,6472.19,11.6532,False,69.0|233,705
14|705|vc|8|2|233,5.6992,450.12,1.32326,6.73527,6468.06,11.649,5.69255,451.358,1.32431,4.09864,6472.19,11.6532,False,69.0|233,705
14|555|sample|4|233,5.69903,450.12,1.32331,0.298146,6468.06,11.6488,5.69237,451.358,1.32437,0.291591,6472.19,11.6529,True,6.0|233,555
14|555|sample|3|233,5.69903,450.12,1.32331,0.264431,6468.06,11.6488,5.69237,451.358,1.32437,0.266765,6472.19,11.6529,True,6.0|233,555
14|555|sample|5|233,5.69903,450.12,1.32331,0.215821,6468.06,11.6488,5.69237,451.358,1.32437,0.22531,6472.19,11.6529,True,6.0|233,555
14|555|sample|6|233,5.69903,450.12,1.32331,0.231074,6468.06,11.6488,5.69237,451.358,1.32437,0.227722,6472.19,11.6529,True,6.0|233,555
14|555|sample|7|233,5.69903,450.12,1.32331,4.89666,6468.06,11.6488,5.69237,451.358,1.32437,4.90578,6472.19,11.6529,True,6.0|233,555
14|555|sample|8|233,5.69903,450.12,1.32331,4.96458,6468.06,11.6488,5.69237,451.358,1.32437,4.92204,6472.19,11.6529,True,6.0|233,555
14|555|sample|9|233,5.69903,450.12,1.32331,0.267389,6468.06,11.6488,5.69237,451.358,1.32437,0.256752,6472.19,11.6529,True,6.0|233,555
14|555|sample|10|233,5.69903,450.12,1.32331,0.2657,6468.06,11.6488,5.69237,451.358,1.32437,0.257378,6472.19,11.6529,True,6.0|233,555
14|555|sample|12|233,5.69903,450.12,1.32331,11.6668,6468.06,11.6488,5.69237,451.358,1.32437,11.4313,6472.19,11.6529,True,6.0|233,555
14|555|sample|11|233,5.69903,450.12,1.32331,11.4876,6468.06,11.6488,5.69237,451.358,1.32437,12.8374,6472.19,11.6529,True,6.0|233,555
14|555|cc|1|1|233,5.6992,450.12,1.32326,5.57558,6468.06,11.6488,5.69255,451.358,1.32431,4.09864,6472.19,11.6529,False,69.0|233,555
14|555|cc|2|1|233,5.6992,450.12,1.32326,6.50785,6468.06,11.6488,5.69255,451.358,1.32431,4.09864,6472.19,11.6529,False,69.0|233,555
14|555|cc|3|1|233,5.6992,450.12,1.32326,6.02243,6468.06,11.6488,5.69255,451.358,1.32431,4.09864,6472.19,11.6529,False,69.0|233,555
14|555|cc|4|1|233,5.6992,450.12,1.32326,7.21074,6468.06,11.6488,5.69255,451.358,1.32431,4.09864,6472.19,11.6529,False,69.0|233,555
14|555|cc|5|1|233,5.6992,450.12,1.32326,6.12759,6468.06,11.6488,5.69255,451.358,1.32431,4.09864,6472.19,11.6529,False,69.0|233,555
14|555|cc|6|1|233,5.6992,450.12,1.32326,8.94313,6468.06,11.6488,5.69255,451.358,1.32431,4.09864,6472.19,11.6529,False,69.0|233,555
14|555|cc|7|1|233,5.6992,450.12,1.32326,7.09113,6468.06,11.6488,5.69255,451.358,1.32431,4.09864,6472.19,11.6529,False,69.0|233,555
14|555|cc|8|1|233,5.6992,450.12,1.32326,5.56325,6468.06,11.6488,5.69255,451.358,1.32431,4.09864,6472.19,11.6529,False,69.0|233,555
14|555|vc|1|2|233,5.6992,450.12,1.32326,7.35551,6468.06,11.6488,5.69255,451.358,1.32431,4.09864,6472.19,11.6529,False,69.0|233,555
14|555|vc|2|2|233,5.6992,450.12,1.32326,8.48662,6468.06,11.6488,5.69255,451.358,1.32431,4.09864,6472.19,11.6529,False,69.0|233,555
14|555|vc|3|2|233,5.6992,450.12,1.32326,5.69786,6468.06,11.6488,5.69255,451.358,1.32431,4.09864,6472.19,11.6529,False,69.0|233,555
14|555|vc|4|2|233,5.6992,450.12,1.32326,5.37669,6468.06,11.6488,5.69255,451.358,1.32431,4.09864,6472.19,11.6529,False,69.0|233,555
14|555|vc|5|2|233,5.6992,450.12,1.32326,6.88298,6468.06,11.6488,5.69255,451.358,1.32431,4.09864,6472.19,11.6529,False,69.0|233,555
14|555|vc|6|2|233,5.6992,450.12,1.32326,5.19022,6468.06,11.6488,5.69255,451.358,1.32431,4.09864,6472.19,11.6529,False,69.0|233,555
14|555|vc|7|2|233,5.6992,450.12,1.32326,6.91174,6468.06,11.6488,5.69255,451.358,1.32431,4.09864,6472.19,11.6529,False,69.0|233,555
14|555|vc|8|2|233,5.6992,450.12,1.32326,6.90548,6468.06,11.6488,5.69255,451.358,1.32431,4.09864,6472.19,11.6529,False,69.0|233,555
14|394|sample|5|42,5.69957,450.12,1.32331,0.104085,6468.06,11.649,5.69292,451.358,1.32437,0.103782,6472.19,11.6532,True,6.0|42,394
14|394|sample|6|42,5.69957,450.12,1.32331,0.10033,6468.06,11.649,5.69292,451.358,1.32437,0.10015,6472.19,11.6532,True,6.0|42,394
14|394|sample|7|42,5.69957,450.12,1.32331,0.0217905,6468.06,11.649,5.69292,451.358,1.32437,0.0214002,6472.19,11.6532,True,6.0|42,394
14|394|sample|8|42,5.69957,450.12,1.32331,0.0215506,6468.06,11.649,5.69292,451.358,1.32437,0.0218188,6472.19,11.6532,True,6.0|42,394
14|394|sample|10|42,5.69957,450.12,1.32331,0.799728,6468.06,11.649,5.69292,451.358,1.32437,0.801631,6472.19,11.6532,True,6.0|42,394
14|394|sample|9|42,5.69957,450.12,1.32331,0.72282,6468.06,11.649,5.69292,451.358,1.32437,0.703239,6472.19,11.6532,True,6.0|42,394
14|394|sample|12|42,5.69957,450.12,1.32331,0.0605979,6468.06,11.649,5.69292,451.358,1.32437,0.061967,6472.19,11.6532,True,6.0|42,394
14|394|sample|11|42,5.69957,450.12,1.32331,0.0639332,6468.06,11.649,5.69292,451.358,1.32437,0.0587853,6472.19,11.6532,True,6.0|42,394
14|394|sample|3|42,5.70031,450.12,1.32331,2.30629,6468.06,11.649,5.69368,451.358,1.32437,2.13196,6472.19,11.6532,True,63.0|42,394
14|394|sample|4|42,5.70031,450.12,1.32331,1.49768,6468.06,11.649,5.69368,451.358,1.32437,1.45132,6472.19,11.6532,True,63.0|42,394
14|394|cc|1|1|42,5.69964,450.12,1.32326,10.053,6468.06,11.649,5.69299,451.358,1.32431,4.16509,6472.19,11.6532,False,69.0|42,394
14|394|cc|2|1|42,5.69964,450.12,1.32326,6.18205,6468.06,11.649,5.69299,451.358,1.32431,4.16509,6472.19,11.6532,False,69.0|42,394
14|394|cc|3|1|42,5.69964,450.12,1.32326,7.66906,6468.06,11.649,5.69299,451.358,1.32431,4.16509,6472.19,11.6532,False,69.0|42,394
14|394|cc|4|1|42,5.69964,450.12,1.32326,7.27947,6468.06,11.649,5.69299,451.358,1.32431,4.16509,6472.19,11.6532,False,69.0|42,394
14|394|cc|5|1|42,5.69964,450.12,1.32326,8.05984,6468.06,11.649,5.69299,451.358,1.32431,4.16509,6472.19,11.6532,False,69.0|42,394
14|394|cc|6|1|42,5.69964,450.12,1.32326,8.64739,6468.06,11.649,5.69299,451.358,1.32431,4.16509,6472.19,11.6532,False,69.0|42,394
14|394|cc|7|1|42,5.69964,450.12,1.32326,6.87311,6468.06,11.649,5.69299,451.358,1.32431,4.16509,6472.19,11.6532,False,69.0|42,394
14|394|cc|8|1|42,5.69964,450.12,1.32326,7.47762,6468.06,11.649,5.69299,451.358,1.32431,4.16509,6472.19,11.6532,False,69.0|42,394
14|394|vc|1|2|42,5.69964,450.12,1.32326,7.42036,6468.06,11.649,5.69299,451.358,1.32431,4.16509,6472.19,11.6532,False,69.0|42,394
14|394|vc|2|2|42,5.69964,450.12,1.32326,7.32171,6468.06,11.649,5.69299,451.358,1.32431,4.16509,6472.19,11.6532,False,69.0|42,394
14|394|vc|3|2|42,5.69964,450.12,1.32326,7.10353,6468.06,11.649,5.69299,451.358,1.32431,4.16509,6472.19,11.6532,False,69.0|42,394
14|394|vc|4|2|42,5.69964,450.12,1.32326,7.10505,6468.06,11.649,5.69299,451.358,1.32431,4.16509,6472.19,11.6532,False,69.0|42,394
14|394|vc|5|2|42,5.69964,450.12,1.32326,11.7989,6468.06,11.649,5.69299,451.358,1.32431,4.16509,6472.19,11.6532,False,69.0|42,394
14|394|vc|6|2|42,5.69964,450.12,1.32326,7.79087,6468.06,11.649,5.69299,451.358,1.32431,4.16509,6472.19,11.6532,False,69.0|42,394
14|394|vc|7|2|42,5.69964,450.12,1.32326,7.11504,6468.06,11.649,5.69299,451.358,1.32431,4.16509,6472.19,11.6532,False,69.0|42,394
14|394|vc|8|2|42,5.69964,450.12,1.32326,7.46169,6468.06,11.649,5.69299,451.358,1.32431,4.16509,6472.19,11.6532,False,69.0|42,394
14|1099|sample|3|73,5.69959,450.12,1.32331,0.647117,6468.06,11.649,5.69295,451.358,1.32437,0.48282,6472.19,11.6532,True,6.0|73,1099
14|1099|sample|4|73,5.69959,450.12,1.32331,0.525501,6468.06,11.649,5.69295,451.358,1.32437,0.412261,6472.19,11.6532,True,6.0|73,1099
14|1099|sample|5|73,5.69959,450.12,1.32331,0.173126,6468.06,11.649,5.69295,451.358,1.32437,0.158784,6472.19,11.6532,True,6.0|73,1099
14|1099|sample|6|73,5.69959,450.12,1.32331,0.139079,6468.06,11.649,5.69295,451.358,1.32437,0.12866,6472.19,11.6532,True,6.0|73,1099
14|1099|sample|8|73,5.69959,450.12,1.32331,0.0263283,6468.06,11.649,5.69295,451.358,1.32437,0.0260872,6472.19,11.6532,True,6.0|73,1099
14|1099|sample|7|73,5.69959,450.12,1.32331,0.0285126,6468.06,11.649,5.69295,451.358,1.32437,0.0266468,6472.19,11.6532,True,6.0|73,1099
14|1099|sample|9|73,5.69959,450.12,1.32331,0.419366,6468.06,11.649,5.69295,451.358,1.32437,0.35516,6472.19,11.6532,True,6.0|73,1099
14|1099|sample|10|73,5.69959,450.12,1.32331,0.449236,6468.06,11.649,5.69295,451.358,1.32437,0.369504,6472.19,11.6532,True,6.0|73,1099
14|1099|sample|11|73,5.69959,450.12,1.32331,0.0236498,6468.06,11.649,5.69295,451.358,1.32437,0.0230152,6472.19,11.6532,True,6.0|73,1099
14|1099|sample|12|73,5.69959,450.12,1.32331,0.0189103,6468.06,11.649,5.69295,451.358,1.32437,0.0178952,6472.19,11.6532,True,6.0|73,1099
14|1099|cc|1|1|73,5.69903,450.12,1.32326,4.13225,6468.06,11.649,5.69238,451.358,1.32431,2.71944,6472.19,11.6532,False,69.0|73,1099
14|1099|cc|2|1|73,5.69903,450.12,1.32326,4.563,6468.06,11.649,5.69238,451.358,1.32431,2.71944,6472.19,11.6532,False,69.0|73,1099
14|1099|cc|3|1|73,5.69903,450.12,1.32326,5.04013,6468.06,11.649,5.69238,451.358,1.32431,2.71944,6472.19,11.6532,False,69.0|73,1099
14|1099|cc|4|1|73,5.69903,450.12,1.32326,4.30004,6468.06,11.649,5.69238,451.358,1.32431,2.71944,6472.19,11.6532,False,69.0|73,1099
14|1099|cc|5|1|73,5.69903,450.12,1.32326,4.59633,6468.06,11.649,5.69238,451.358,1.32431,2.71944,6472.19,11.6532,False,69.0|73,1099
14|1099|cc|6|1|73,5.69903,450.12,1.32326,4.83057,6468.06,11.649,5.69238,451.358,1.32431,2.71944,6472.19,11.6532,False,69.0|73,1099
14|1099|cc|7|1|73,5.69903,450.12,1.32326,5.23609,6468.06,11.649,5.69238,451.358,1.32431,2.71944,6472.19,11.6532,False,69.0|73,1099
14|1099|cc|8|1|73,5.69903,450.12,1.32326,5.20747,6468.06,11.649,5.69238,451.358,1.32431,2.71944,6472.19,11.6532,False,69.0|73,1099
14|1099|vc|1|2|73,5.69903,450.12,1.32326,4.57877,6468.06,11.649,5.69238,451.358,1.32431,2.71944,6472.19,11.6532,False,69.0|73,1099
14|1099|vc|2|2|73,5.69903,450.12,1.32326,4.75155,6468.06,11.649,5.69238,451.358,1.32431,2.71944,6472.19,11.6532,False,69.0|73,1099
14|1099|vc|3|2|73,5.69903,450.12,1.32326,4.04668,6468.06,11.649,5.69238,451.358,1.32431,2.71944,6472.19,11.6532,False,69.0|73,1099
14|1099|vc|4|2|73,5.69903,450.12,1.32326,4.14431,6468.06,11.649,5.69238,451.358,1.32431,2.71944,6472.19,11.6532,False,69.0|73,1099
14|1099|vc|5|2|73,5.69903,450.12,1.32326,4.25584,6468.06,11.649,5.69238,451.358,1.32431,2.71944,6472.19,11.6532,False,69.0|73,1099
14|1099|vc|6|2|73,5.69903,450.12,1.32326,3.8604,6468.06,11.649,5.69238,451.358,1.32431,2.71944,6472.19,11.6532,False,69.0|73,1099
14|1099|vc|7|2|73,5.69903,450.12,1.32326,3.89506,6468.06,11.649,5.69238,451.358,1.32431,2.71944,6472.19,11.6532,False,69.0|73,1099
14|1099|vc|8|2|73,5.69903,450.12,1.32326,4.3926,6468.06,11.649,5.69238,451.358,1.32431,2.71944,6472.19,11.6532,False,69.0|73,1099
14|611|sample|4|73,5.69959,450.12,1.32331,0.00746593,6468.06,11.649,5.69295,451.358,1.32437,0.00754673,6472.19,11.6532,True,6.0|73,611
14|611|sample|3|73,5.69959,450.12,1.32331,0.00879028,6468.06,11.649,5.69295,451.358,1.32437,0.00900642,6472.19,11.6532,True,6.0|73,611
14|611|sample|5|73,5.69959,450.12,1.32331,0.0230638,6468.06,11.649,5.69295,451.358,1.32437,0.0228832,6472.19,11.6532,True,6.0|73,611
14|611|sample|6|73,5.69959,450.12,1.32331,0.018743,6468.06,11.649,5.69295,451.358,1.32437,0.0189445,6472.19,11.6532,True,6.0|73,611
14|611|sample|7|73,5.69959,450.12,1.32331,0.00980403,6468.06,11.649,5.69295,451.358,1.32437,0.00964111,6472.19,11.6532,True,6.0|73,611
14|611|sample|8|73,5.69959,450.12,1.32331,0.00615823,6468.06,11.649,5.69295,451.358,1.32437,0.00604505,6472.19,11.6532,True,6.0|73,611
14|611|sample|9|73,5.69959,450.12,1.32331,0.175282,6468.06,11.649,5.69295,451.358,1.32437,0.173839,6472.19,11.6532,True,6.0|73,611
14|611|sample|10|73,5.69959,450.12,1.32331,0.139367,6468.06,11.649,5.69295,451.358,1.32437,0.130749,6472.19,11.6532,True,6.0|73,611
14|611|sample|12|73,5.69959,450.12,1.32331,0.00873441,6468.06,11.649,5.69295,451.358,1.32437,0.00966731,6472.19,11.6532,True,6.0|73,611
14|611|sample|11|73,5.69959,450.12,1.32331,0.00842323,6468.06,11.649,5.69295,451.358,1.32437,0.00921638,6472.19,11.6532,True,6.0|73,611
14|611|cc|1|1|73,5.69903,450.12,1.32326,3.87221,6468.06,11.649,5.69238,451.358,1.32431,2.71944,6472.19,11.6532,False,69.0|73,611
14|611|cc|2|1|73,5.69903,450.12,1.32326,5.13494,6468.06,11.649,5.69238,451.358,1.32431,2.71944,6472.19,11.6532,False,69.0|73,611
14|611|cc|3|1|73,5.69903,450.12,1.32326,4.50423,6468.06,11.649,5.69238,451.358,1.32431,2.71944,6472.19,11.6532,False,69.0|73,611
14|611|cc|4|1|73,5.69903,450.12,1.32326,5.12074,6468.06,11.649,5.69238,451.358,1.32431,2.71944,6472.19,11.6532,False,69.0|73,611
14|611|cc|5|1|73,5.69903,450.12,1.32326,4.5619,6468.06,11.649,5.69238,451.358,1.32431,2.71944,6472.19,11.6532,False,69.0|73,611
14|611|cc|6|1|73,5.69903,450.12,1.32326,4.12517,6468.06,11.649,5.69238,451.358,1.32431,2.71944,6472.19,11.6532,False,69.0|73,611
14|611|cc|7|1|73,5.69903,450.12,1.32326,5.12558,6468.06,11.649,5.69238,451.358,1.32431,2.71944,6472.19,11.6532,False,69.0|73,611
14|611|cc|8|1|73,5.69903,450.12,1.32326,4.82467,6468.06,11.649,5.69238,451.358,1.32431,2.71944,6472.19,11.6532,False,69.0|73,611
14|611|vc|1|2|73,5.69903,450.12,1.32326,4.29132,6468.06,11.649,5.69238,451.358,1.32431,2.71944,6472.19,11.6532,False,69.0|73,611
14|611|vc|2|2|73,5.69903,450.12,1.32326,5.41124,6468.06,11.649,5.69238,451.358,1.32431,2.71944,6472.19,11.6532,False,69.0|73,611
14|611|vc|3|2|73,5.69903,450.12,1.32326,4.56863,6468.06,11.649,5.69238,451.358,1.32431,2.71944,6472.19,11.6532,False,69.0|73,611
14|611|vc|4|2|73,5.69903,450.12,1.32326,4.62133,6468.06,11.649,5.69238,451.358,1.32431,2.71944,6472.19,11.6532,False,69.0|73,611
14|611|vc|5|2|73,5.69903,450.12,1.32326,4.24681,6468.06,11.649,5.69238,451.358,1.32431,2.71944,6472.19,11.6532,False,69.0|73,611
14|611|vc|6|2|73,5.69903,450.12,1.32326,4.70768,6468.06,11.649,5.69238,451.358,1.32431,2.71944,6472.19,11.6532,False,69.0|73,611
14|611|vc|7|2|73,5.69903,450.12,1.32326,4.42018,6468.06,11.649,5.69238,451.358,1.32431,2.71944,6472.19,11.6532,False,69.0|73,611
14|611|vc|8|2|73,5.69903,450.12,1.32326,4.35042,6468.06,11.649,5.69238,451.358,1.32431,2.71944,6472.19,11.6532,False,69.0|73,611
8|84|sample|5|162,5.70006,450.12,1.32331,0.280001,6468.06,11.649,5.69342,451.358,1.32437,0.283446,6472.19,11.6531,True,55.0|162,84
8|84|sample|6|162,5.70006,450.12,1.32331,0.30658,6468.06,11.649,5.69342,451.358,1.32437,0.303754,6472.19,11.6531,True,55.0|162,84
8|84|sample|4|162,5.70006,450.12,1.32331,0.732176,6468.06,11.649,5.69342,451.358,1.32437,0.712559,6472.19,11.6531,True,55.0|162,84
8|84|sample|3|162,5.70006,450.12,1.32331,0.646098,6468.06,11.649,5.69342,451.358,1.32437,0.65824,6472.19,11.6531,True,55.0|162,84
8|84|sample|9|162,5.69989,450.12,1.32331,3.15273,6468.06,11.649,5.69325,451.358,1.32437,3.18374,6472.19,11.6531,True,32.0|162,84
8|84|sample|10|162,5.69989,450.12,1.32331,3.09585,6468.06,11.649,5.69325,451.358,1.32437,3.20851,6472.19,11.6531,True,32.0|162,84
8|84|sample|7|162,5.69989,450.12,1.32331,2.48884,6468.06,11.649,5.69325,451.358,1.32437,2.62175,6472.19,11.6531,True,32.0|162,84
8|84|sample|8|162,5.69989,450.12,1.32331,2.76032,6468.06,11.649,5.69325,451.358,1.32437,2.81835,6472.19,11.6531,True,32.0|162,84
8|84|sample|12|162,5.69957,450.119,1.32331,2.62473,6468.06,11.649,5.69292,451.358,1.32437,2.68216,6472.19,11.6531,True,22.0|162,84
8|84|sample|11|162,5.69957,450.119,1.32331,2.26719,6468.06,11.649,5.69292,451.358,1.32437,2.23543,6472.19,11.6531,True,22.0|162,84
8|84|cc|1|1|162,5.69993,450.12,1.32326,8.11391,6468.06,11.649,5.69329,451.358,1.32431,4.5739,6472.19,11.6531,False,69.0|162,84
8|84|cc|2|1|162,5.69993,450.12,1.32326,7.70423,6468.06,11.649,5.69329,451.358,1.32431,4.5739,6472.19,11.6531,False,69.0|162,84
8|84|cc|3|1|162,5.69993,450.12,1.32326,9.08142,6468.06,11.649,5.69329,451.358,1.32431,4.5739,6472.19,11.6531,False,69.0|162,84
8|84|cc|4|1|162,5.69993,450.12,1.32326,7.65947,6468.06,11.649,5.69329,451.358,1.32431,4.5739,6472.19,11.6531,False,69.0|162,84
8|84|cc|5|1|162,5.69993,450.12,1.32326,6.5592,6468.06,11.649,5.69329,451.358,1.32431,4.5739,6472.19,11.6531,False,69.0|162,84
8|84|cc|6|1|162,5.69993,450.12,1.32326,8.52911,6468.06,11.649,5.69329,451.358,1.32431,4.5739,6472.19,11.6531,False,69.0|162,84
8|84|cc|7|1|162,5.69993,450.12,1.32326,7.70652,6468.06,11.649,5.69329,451.358,1.32431,4.5739,6472.19,11.6531,False,69.0|162,84
8|84|cc|8|1|162,5.69993,450.12,1.32326,8.74295,6468.06,11.649,5.69329,451.358,1.32431,4.5739,6472.19,11.6531,False,69.0|162,84
8|84|vc|1|2|162,5.69993,450.12,1.32326,10.4462,6468.06,11.649,5.69329,451.358,1.32431,4.5739,6472.19,11.6531,False,69.0|162,84
8|84|vc|2|2|162,5.69993,450.12,1.32326,7.42348,6468.06,11.649,5.69329,451.358,1.32431,4.5739,6472.19,11.6531,False,69.0|162,84
8|84|vc|3|2|162,5.69993,450.12,1.32326,8.13247,6468.06,11.649,5.69329,451.358,1.32431,4.5739,6472.19,11.6531,False,69.0|162,84
8|84|vc|4|2|162,5.69993,450.12,1.32326,7.01052,6468.06,11.649,5.69329,451.358,1.32431,4.5739,6472.19,11.6531,False,69.0|162,84
8|84|vc|5|2|162,5.69993,450.12,1.32326,8.89327,6468.06,11.649,5.69329,451.358,1.32431,4.5739,6472.19,11.6531,False,69.0|162,84
8|84|vc|6|2|162,5.69993,450.12,1.32326,8.08253,6468.06,11.649,5.69329,451.358,1.32431,4.5739,6472.19,11.6531,False,69.0|162,84
8|84|vc|7|2|162,5.69993,450.12,1.32326,7.72622,6468.06,11.649,5.69329,451.358,1.32431,4.5739,6472.19,11.6531,False,69.0|162,84
8|84|vc|8|2|162,5.69993,450.12,1.32326,7.4405,6468.06,11.649,5.69329,451.358,1.32431,4.5739,6472.19,11.6531,False,69.0|162,84
8|1042|sample|8|162,5.69995,450.12,1.32331,2.12944,6468.06,11.6487,5.6933,451.358,1.32437,2.20091,6472.19,11.6528,True,65.0|162,1042
8|1042|sample|7|162,5.69995,450.12,1.32331,2.16161,6468.06,11.6487,5.6933,451.358,1.32437,2.22953,6472.19,11.6528,True,65.0|162,1042
8|1042|sample|6|162,5.69995,450.12,1.32331,1.93003,6468.06,11.6487,5.6933,451.358,1.32437,2.01463,6472.19,11.6528,True,65.0|162,1042
8|1042|sample|5|162,5.69995,450.12,1.32331,2.02408,6468.06,11.6487,5.6933,451.358,1.32437,2.11179,6472.19,11.6528,True,65.0|162,1042
8|1042|sample|12|162,5.70045,450.12,1.32331,3.60278,6468.06,11.6487,5.69382,451.358,1.32437,3.70775,6472.19,11.6528,True,28.0|162,1042
8|1042|sample|11|162,5.70045,450.12,1.32331,3.11308,6468.06,11.6487,5.69382,451.358,1.32437,3.15625,6472.19,11.6528,True,28.0|162,1042
8|1042|sample|9|162,5.70045,450.12,1.32331,2.41213,6468.06,11.6487,5.69382,451.358,1.32437,2.47764,6472.19,11.6528,True,28.0|162,1042
8|1042|sample|10|162,5.70045,450.12,1.32331,2.731,6468.06,11.6487,5.69382,451.358,1.32437,2.74889,6472.19,11.6528,True,28.0|162,1042
8|1042|sample|4|162,5.69957,450.119,1.32331,1.94184,6468.06,11.6487,5.69292,451.358,1.32437,1.9668,6472.19,11.6528,True,22.0|162,1042
8|1042|sample|3|162,5.69957,450.119,1.32331,2.00605,6468.06,11.6487,5.69292,451.358,1.32437,2.0862,6472.19,11.6528,True,22.0|162,1042
8|1042|cc|1|1|162,5.69993,450.12,1.32326,6.91748,6468.06,11.6487,5.69329,451.358,1.32431,4.5739,6472.19,11.6528,False,69.0|162,1042
8|1042|cc|2|1|162,5.69993,450.12,1.32326,8.84759,6468.06,11.6487,5.69329,451.358,1.32431,4.5739,6472.19,11.6528,False,69.0|162,1042
8|1042|cc|3|1|162,5.69993,450.12,1.32326,7.79986,6468.06,11.6487,5.69329,451.358,1.32431,4.5739,6472.19,11.6528,False,69.0|162,1042
8|1042|cc|4|1|162,5.69993,450.12,1.32326,6.39141,6468.06,11.6487,5.69329,451.358,1.32431,4.5739,6472.19,11.6528,False,69.0|162,1042
8|1042|cc|5|1|162,5.69993,450.12,1.32326,7.22881,6468.06,11.6487,5.69329,451.358,1.32431,4.5739,6472.19,11.6528,False,69.0|162,1042
8|1042|cc|6|1|162,5.69993,450.12,1.32326,8.21244,6468.06,11.6487,5.69329,451.358,1.32431,4.5739,6472.19,11.6528,False,69.0|162,1042
8|1042|cc|7|1|162,5.69993,450.12,1.32326,6.59981,6468.06,11.6487,5.69329,451.358,1.32431,4.5739,6472.19,11.6528,False,69.0|162,1042
8|1042|cc|8|1|162,5.69993,450.12,1.32326,7.80128,6468.06,11.6487,5.69329,451.358,1.32431,4.5739,6472.19,11.6528,False,69.0|162,1042
8|1042|vc|1|2|162,5.69993,450.12,1.32326,7.67447,6468.06,11.6487,5.69329,451.358,1.32431,4.5739,6472.19,11.6528,False,69.0|162,1042
8|1042|vc|2|2|162,5.69993,450.12,1.32326,7.25345,6468.06,11.6487,5.69329,451.358,1.32431,4.5739,6472.19,11.6528,False,69.0|162,1042
8|1042|vc|3|2|162,5.69993,450.12,1.32326,7.46387,6468.06,11.6487,5.69329,451.358,1.32431,4.5739,6472.19,11.6528,False,69.0|162,1042
8|1042|vc|4|2|162,5.69993,450.12,1.32326,8.13678,6468.06,11.6487,5.69329,451.358,1.32431,4.5739,6472.19,11.6528,False,69.0|162,1042
8|1042|vc|5|2|162,5.69993,450.12,1.32326,7.85609,6468.06,11.6487,5.69329,451.358,1.32431,4.5739,6472.19,11.6528,False,69.0|162,1042
8|1042|vc|6|2|162,5.69993,450.12,1.32326,9.74363,6468.06,11.6487,5.69329,451.358,1.32431,4.5739,6472.19,11.6528,False,69.0|162,1042
8|1042|vc|7|2|162,5.69993,450.12,1.32326,8.57374,6468.06,11.6487,5.69329,451.358,1.32431,4.5739,6472.19,11.6528,False,69.0|162,1042
8|1042|vc|8|2|162,5.69993,450.12,1.32326,9.33609,6468.06,11.6487,5.69329,451.358,1.32431,4.5739,6472.19,11.6528,False,69.0|162,1042
8|719|sample|5|274,5.6998,450.12,1.32331,0.935186,6468.06,11.649,5.69316,451.358,1.32437,0.935812,6472.19,11.6532,True,55.0|274,719
8|719|sample|6|274,5.6998,450.12,1.32331,1.01317,6468.06,11.649,5.69316,451.358,1.32437,1.03222,6472.19,11.6532,True,55.0|274,719
8|719|sample|3|274,5.6998,450.12,1.32331,0.825239,6468.06,11.649,5.69316,451.358,1.32437,0.863229,6472.19,11.6532,True,55.0|274,719
8|719|sample|4|274,5.6998,450.12,1.32331,0.817331,6468.06,11.649,5.69316,451.358,1.32437,0.838032,6472.19,11.6532,True,55.0|274,719
8|719|sample|10|274,5.69965,450.12,1.32331,7.39827,6468.06,11.649,5.693,451.358,1.32437,7.65977,6472.19,11.6532,True,32.0|274,719
8|719|sample|9|274,5.69965,450.12,1.32331,7.13191,6468.06,11.649,5.693,451.358,1.32437,7.77341,6472.19,11.6532,True,32.0|274,719
8|719|sample|8|274,5.69965,450.12,1.32331,7.55832,6468.06,11.649,5.693,451.358,1.32437,7.75903,6472.19,11.6532,True,32.0|274,719
8|719|sample|7|274,5.69965,450.12,1.32331,7.54552,6468.06,11.649,5.693,451.358,1.32437,7.63155,6472.19,11.6532,True,32.0|274,719
8|719|sample|12|274,5.69862,450.12,1.32331,9.18013,6468.06,11.649,5.69197,451.358,1.32437,9.51661,6472.19,11.6532,True,22.0|274,719
8|719|sample|11|274,5.69862,450.12,1.32331,9.48454,6468.06,11.649,5.69197,451.358,1.32437,9.88577,6472.19,11.6532,True,22.0|274,719
8|719|cc|1|1|274,5.6999,450.12,1.32326,67.9589,6468.06,11.649,5.69325,451.358,1.32431,46.1758,6472.19,11.6532,False,69.0|274,719
8|719|cc|2|1|274,5.6999,450.12,1.32326,95.4108,6468.06,11.649,5.69325,451.358,1.32431,46.1757,6472.19,11.6532,False,69.0|274,719
8|719|cc|3|1|274,5.6999,450.12,1.32326,86.2325,6468.06,11.649,5.69325,451.358,1.32431,46.1757,6472.19,11.6532,False,69.0|274,719
8|719|cc|4|1|274,5.6999,450.12,1.32326,69.4889,6468.06,11.649,5.69325,451.358,1.32431,46.1757,6472.19,11.6532,False,69.0|274,719
8|719|cc|5|1|274,5.6999,450.12,1.32326,64.3721,6468.06,11.649,5.69325,451.358,1.32431,46.1757,6472.19,11.6532,False,69.0|274,719
8|719|cc|6|1|274,5.6999,450.12,1.32326,73.6032,6468.06,11.649,5.69325,451.358,1.32431,46.1758,6472.19,11.6532,False,69.0|274,719
8|719|cc|7|1|274,5.6999,450.12,1.32326,65.1433,6468.06,11.649,5.69325,451.358,1.32431,46.1757,6472.19,11.6532,False,69.0|274,719
8|719|cc|8|1|274,5.6999,450.12,1.32326,65.3026,6468.06,11.649,5.69325,451.358,1.32431,46.1758,6472.19,11.6532,False,69.0|274,719
8|719|vc|1|2|274,5.6999,450.12,1.32326,67.4376,6468.06,11.649,5.69325,451.358,1.32431,46.1757,6472.19,11.6532,False,69.0|274,719
8|719|vc|2|2|274,5.6999,450.12,1.32326,72.391,6468.06,11.649,5.69325,451.358,1.32431,46.1757,6472.19,11.6532,False,69.0|274,719
8|719|vc|3|2|274,5.6999,450.12,1.32326,70.7604,6468.06,11.649,5.69325,451.358,1.32431,46.1757,6472.19,11.6532,False,69.0|274,719
8|719|vc|4|2|274,5.6999,450.12,1.32326,71.3731,6468.06,11.649,5.69325,451.358,1.32431,46.1757,6472.19,11.6532,False,69.0|274,719
8|719|vc|5|2|274,5.6999,450.12,1.32326,68.0811,6468.06,11.649,5.69325,451.358,1.32431,46.1758,6472.19,11.6532,False,69.0|274,719
8|719|vc|6|2|274,5.6999,450.12,1.32326,69.0792,6468.06,11.649,5.69325,451.358,1.32431,46.1758,6472.19,11.6532,False,69.0|274,719
8|719|vc|7|2|274,5.6999,450.12,1.32326,89.9916,6468.06,11.649,5.69325,451.358,1.32431,46.1758,6472.19,11.6532,False,69.0|274,719
8|719|vc|8|2|274,5.6999,450.12,1.32326,70.1841,6468.06,11.649,5.69325,451.358,1.32431,46.1758,6472.19,11.6532,False,69.0|274,719
8|863|sample|7|274,5.6996,450.12,1.32331,6.80304,6468.06,11.649,5.69296,451.358,1.32437,6.88773,6472.19,11.6531,True,65.0|274,863
8|863|sample|8|274,5.6996,450.12,1.32331,7.17732,6468.06,11.649,5.69296,451.358,1.32437,7.12792,6472.19,11.6531,True,65.0|274,863
8|863|sample|6|274,5.6996,450.12,1.32331,7.86386,6468.06,11.649,5.69296,451.358,1.32437,7.97607,6472.19,11.6531,True,65.0|274,863
8|863|sample|5|274,5.6996,450.12,1.32331,8.11699,6468.06,11.649,5.69296,451.358,1.32437,7.91553,6472.19,11.6531,True,65.0|274,863
8|863|sample|11|274,5.69716,450.12,1.32331,10.2853,6468.06,11.649,5.69049,451.358,1.32437,10.5027,6472.19,11.6531,True,28.0|274,863
8|863|sample|12|274,5.69716,450.12,1.32331,9.29544,6468.06,11.649,5.69049,451.358,1.32437,9.31493,6472.19,11.6531,True,28.0|274,863
8|863|sample|9|274,5.69716,450.12,1.32331,9.05292,6468.06,11.649,5.69049,451.358,1.32437,9.1975,6472.19,11.6531,True,28.0|274,863
8|863|sample|10|274,5.69716,450.12,1.32331,9.14687,6468.06,11.649,5.69049,451.358,1.32437,9.15127,6472.19,11.6531,True,28.0|274,863
8|863|sample|3|274,5.69862,450.12,1.32331,10.0754,6468.06,11.649,5.69197,451.358,1.32437,10.3794,6472.19,11.6531,True,22.0|274,863
8|863|sample|4|274,5.69862,450.12,1.32331,8.92634,6468.06,11.649,5.69197,451.358,1.32437,9.00432,6472.19,11.6531,True,22.0|274,863
8|863|cc|1|1|274,5.6999,450.12,1.32326,80.5406,6468.06,11.649,5.69325,451.358,1.32431,46.1758,6472.19,11.6531,False,69.0|274,863
8|863|cc|2|1|274,5.6999,450.12,1.32326,80.7577,6468.06,11.649,5.69325,451.358,1.32431,46.1758,6472.19,11.6531,False,69.0|274,863
8|863|cc|3|1|274,5.6999,450.12,1.32326,58.8839,6468.06,11.649,5.69325,451.358,1.32431,46.1758,6472.19,11.6531,False,69.0|274,863
8|863|cc|4|1|274,5.6999,450.12,1.32326,68.1086,6468.06,11.649,5.69325,451.358,1.32431,46.1757,6472.19,11.6531,False,69.0|274,863
8|863|cc|5|1|274,5.6999,450.12,1.32326,68.4972,6468.06,11.649,5.69325,451.358,1.32431,46.1757,6472.19,11.6531,False,69.0|274,863
8|863|cc|6|1|274,5.6999,450.12,1.32326,71.2493,6468.06,11.649,5.69325,451.358,1.32431,46.1757,6472.19,11.6531,False,69.0|274,863
8|863|cc|7|1|274,5.6999,450.12,1.32326,64.6107,6468.06,11.649,5.69325,451.358,1.32431,46.1757,6472.19,11.6531,False,69.0|274,863
8|863|cc|8|1|274,5.6999,450.12,1.32326,65.2807,6468.06,11.649,5.69325,451.358,1.32431,46.1757,6472.19,11.6531,False,69.0|274,863
8|863|vc|1|2|274,5.6999,450.12,1.32326,60.929,6468.06,11.649,5.69325,451.358,1.32431,46.1758,6472.19,11.6531,False,69.0|274,863
8|863|vc|2|2|274,5.6999,450.12,1.32326,73.0375,6468.06,11.649,5.69325,451.358,1.32431,46.1758,6472.19,11.6531,False,69.0|274,863
8|863|vc|3|2|274,5.6999,450.12,1.32326,82.6205,6468.06,11.649,5.69325,451.358,1.32431,46.1757,6472.19,11.6531,False,69.0|274,863
8|863|vc|4|2|274,5.6999,450.12,1.32326,68.7713,6468.06,11.649,5.69325,451.358,1.32431,46.1757,6472.19,11.6531,False,69.0|274,863
8|863|vc|5|2|274,5.6999,450.12,1.32326,72.9785,6468.06,11.649,5.69325,451.358,1.32431,46.1757,6472.19,11.6531,False,69.0|274,863
8|863|vc|6|2|274,5.6999,450.12,1.32326,71.5351,6468.06,11.649,5.69325,451.358,1.32431,46.1757,6472.19,11.6531,False,69.0|274,863
8|863|vc|7|2|274,5.6999,450.12,1.32326,70.6008,6468.06,11.649,5.69325,451.358,1.32431,46.1757,6472.19,11.6531,False,69.0|274,863
8|863|vc|8|2|274,5.6999,450.12,1.32326,60.272,6468.06,11.649,5.69325,451.358,1.32431,46.1758,6472.19,11.6531,False,69.0|274,863
8|488|sample|6|322,5.69941,450.12,1.32331,0.216193,6468.06,11.649,5.69276,451.358,1.32437,0.215877,6472.19,11.6532,True,55.0|322,488
8|488|sample|5|322,5.69941,450.12,1.32331,0.222444,6468.06,11.649,5.69276,451.358,1.32437,0.228455,6472.19,11.6532,True,55.0|322,488
8|488|sample|4|322,5.69941,450.12,1.32331,0.230308,6468.06,11.649,5.69276,451.358,1.32437,0.251652,6472.19,11.6532,True,55.0|322,488
8|488|sample|3|322,5.69941,450.12,1.32331,0.260725,6468.06,11.649,5.69276,451.358,1.32437,0.278603,6472.19,11.6532,True,55.0|322,488
8|488|sample|10|322,5.70105,450.12,1.32331,0.465113,6468.06,11.649,5.69443,451.358,1.32437,0.451879,6472.19,11.6532,True,32.0|322,488
8|488|sample|9|322,5.70105,450.12,1.32331,0.435053,6468.06,11.649,5.69443,451.358,1.32437,0.420187,6472.19,11.6532,True,32.0|322,488
8|488|sample|8|322,5.70105,450.12,1.32331,0.955579,6468.06,11.649,5.69443,451.358,1.32437,0.939815,6472.19,11.6532,True,32.0|322,488
8|488|sample|7|322,5.70105,450.12,1.32331,0.934608,6468.06,11.649,5.69443,451.358,1.32437,0.945117,6472.19,11.6532,True,32.0|322,488
8|488|sample|11|322,5.70002,450.12,1.32331,5.8148,6468.06,11.649,5.69338,451.358,1.32437,5.99473,6472.19,11.6532,True,22.0|322,488
8|488|sample|12|322,5.70002,450.12,1.32331,6.7282,6468.06,11.649,5.69338,451.358,1.32437,6.74646,6472.19,11.6532,True,22.0|322,488
8|488|cc|1|1|322,5.69977,450.12,1.32326,1.13823,6468.06,11.649,5.69313,451.358,1.32431,0.716753,6472.19,11.6532,False,69.0|322,488
8|488|cc|2|1|322,5.69977,450.12,1.32326,1.24341,6468.06,11.649,5.69313,451.358,1.32431,0.716752,6472.19,11.6532,False,69.0|322,488
8|488|cc|3|1|322,5.69977,450.12,1.32326,1.15252,6468.06,11.649,5.69313,451.358,1.32431,0.716753,6472.19,11.6532,False,69.0|322,488
8|488|cc|4|1|322,5.69977,450.12,1.32326,1.07476,6468.06,11.649,5.69313,451.358,1.32431,0.716753,6472.19,11.6532,False,69.0|322,488
8|488|cc|5|1|322,5.69977,450.12,1.32326,1.06115,6468.06,11.649,5.69313,451.358,1.32431,0.716753,6472.19,11.6532,False,69.0|322,488
8|488|cc|6|1|322,5.69977,450.12,1.32326,1.12689,6468.06,11.649,5.69313,451.358,1.32431,0.716753,6472.19,11.6532,False,69.0|322,488
8|488|cc|7|1|322,5.69977,450.12,1.32326,1.06426,6468.06,11.649,5.69313,451.358,1.32431,0.716753,6472.19,11.6532,False,69.0|322,488
8|488|cc|8|1|322,5.69977,450.12,1.32326,1.15303,6468.06,11.649,5.69313,451.358,1.32431,0.716753,6472.19,11.6532,False,69.0|322,488
8|488|vc|1|2|322,5.69977,450.12,1.32326,1.25495,6468.06,11.649,5.69313,451.358,1.32431,0.716752,6472.19,11.6532,False,69.0|322,488
8|488|vc|2|2|322,5.69977,450.12,1.32326,1.27442,6468.06,11.649,5.69313,451.358,1.32431,0.716752,6472.19,11.6532,False,69.0|322,488
8|488|vc|3|2|322,5.69977,450.12,1.32326,1.12928,6468.06,11.649,5.69313,451.358,1.32431,0.716753,6472.19,11.6532,False,69.0|322,488
8|488|vc|4|2|322,5.69977,450.12,1.32326,1.08489,6468.06,11.649,5.69313,451.358,1.32431,0.716753,6472.19,11.6532,False,69.0|322,488
8|488|vc|5|2|322,5.69977,450.12,1.32326,1.08903,6468.06,11.649,5.69313,451.358,1.32431,0.716753,6472.19,11.6532,False,69.0|322,488
8|488|vc|6|2|322,5.69977,450.12,1.32326,1.10694,6468.06,11.649,5.69313,451.358,1.32431,0.716752,6472.19,11.6532,False,69.0|322,488
8|488|vc|7|2|322,5.69977,450.12,1.32326,1.14995,6468.06,11.649,5.69313,451.358,1.32431,0.716753,6472.19,11.6532,False,69.0|322,488
8|488|vc|8|2|322,5.69977,450.12,1.32326,1.19726,6468.06,11.649,5.69313,451.358,1.32431,0.716753,6472.19,11.6532,False,69.0|322,488
8|152|sample|8|322,5.69964,450.12,1.32331,3.81549,6468.06,11.649,5.69299,451.358,1.32437,3.83675,6472.19,11.6531,True,65.0|322,152
8|152|sample|7|322,5.69964,450.12,1.32331,3.54167,6468.06,11.649,5.69299,451.358,1.32437,3.4679,6472.19,11.6531,True,65.0|322,152
8|152|sample|6|322,5.69964,450.12,1.32331,3.76028,6468.06,11.649,5.69299,451.358,1.32437,3.70554,6472.19,11.6531,True,65.0|322,152
8|152|sample|5|322,5.69964,450.12,1.32331,4.33831,6468.06,11.649,5.69299,451.358,1.32437,4.20075,6472.19,11.6531,True,65.0|322,152
8|152|sample|12|322,5.701,450.12,1.32331,10.7389,6468.06,11.649,5.69437,451.358,1.32437,11.0798,6472.19,11.6531,True,28.0|322,152
8|152|sample|11|322,5.701,450.12,1.32331,10.1655,6468.06,11.649,5.69437,451.358,1.32437,10.4085,6472.19,11.6531,True,28.0|322,152
8|152|sample|10|322,5.701,450.12,1.32331,11.0798,6468.06,11.649,5.69437,451.358,1.32437,10.8084,6472.19,11.6531,True,28.0|322,152
8|152|sample|9|322,5.701,450.12,1.32331,8.95447,6468.06,11.649,5.69437,451.358,1.32437,8.85223,6472.19,11.6531,True,28.0|322,152
8|152|sample|3|322,5.70002,450.12,1.32331,5.15751,6468.06,11.649,5.69338,451.358,1.32437,5.11118,6472.19,11.6531,True,22.0|322,152
8|152|sample|4|322,5.70002,450.12,1.32331,4.45201,6468.06,11.649,5.69338,451.358,1.32437,4.44112,6472.19,11.6531,True,22.0|322,152
8|152|cc|1|1|322,5.69977,450.12,1.32326,0.974496,6468.06,11.649,5.69313,451.358,1.32431,0.716752,6472.19,11.6531,False,69.0|322,152
8|152|cc|2|1|322,5.69977,450.12,1.32326,1.05881,6468.06,11.649,5.69313,451.358,1.32431,0.716752,6472.19,11.6531,False,69.0|322,152
8|152|cc|3|1|322,5.69977,450.12,1.32326,1.06714,6468.06,11.649,5.69313,451.358,1.32431,0.716753,6472.19,11.6531,False,69.0|322,152
8|152|cc|4|1|322,5.69977,450.12,1.32326,1.05222,6468.06,11.649,5.69313,451.358,1.32431,0.716752,6472.19,11.6531,False,69.0|322,152
8|152|cc|5|1|322,5.69977,450.12,1.32326,1.30496,6468.06,11.649,5.69313,451.358,1.32431,0.716752,6472.19,11.6531,False,69.0|322,152
8|152|cc|6|1|322,5.69977,450.12,1.32326,1.23905,6468.06,11.649,5.69313,451.358,1.32431,0.716753,6472.19,11.6531,False,69.0|322,152
8|152|cc|7|1|322,5.69977,450.12,1.32326,1.33804,6468.06,11.649,5.69313,451.358,1.32431,0.716753,6472.19,11.6531,False,69.0|322,152
8|152|cc|8|1|322,5.69977,450.12,1.32326,1.04068,6468.06,11.649,5.69313,451.358,1.32431,0.716753,6472.19,11.6531,False,69.0|322,152
8|152|vc|1|2|322,5.69977,450.12,1.32326,1.14221,6468.06,11.649,5.69313,451.358,1.32431,0.716752,6472.19,11.6531,False,69.0|322,152
8|152|vc|2|2|322,5.69977,450.12,1.32326,1.18707,6468.06,11.649,5.69313,451.358,1.32431,0.716752,6472.19,11.6531,False,69.0|322,152
8|152|vc|3|2|322,5.69977,450.12,1.32326,1.40411,6468.06,11.649,5.69313,451.358,1.32431,0.716752,6472.19,11.6531,False,69.0|322,152
8|152|vc|4|2|322,5.69977,450.12,1.32326,1.14572,6468.06,11.649,5.69313,451.358,1.32431,0.716753,6472.19,11.6531,False,69.0|322,152
8|152|vc|5|2|322,5.69977,450.12,1.32326,1.14671,6468.06,11.649,5.69313,451.358,1.32431,0.716753,6472.19,11.6531,False,69.0|322,152
8|152|vc|6|2|322,5.69977,450.12,1.32326,1.14092,6468.06,11.649,5.69313,451.358,1.32431,0.716753,6472.19,11.6531,False,69.0|322,152
8|152|vc|7|2|322,5.69977,450.12,1.32326,1.1567,6468.06,11.649,5.69313,451.358,1.32431,0.716753,6472.19,11.6531,False,69.0|322,152
8|152|vc|8|2|322,5.69977,450.12,1.32326,1.08886,6468.06,11.649,5.69313,451.358,1.32431,0.716752,6472.19,11.6531,False,69.0|322,152
8|847|sample|6|69,5.69941,450.12,1.32331,0.193755,6468.06,11.649,5.69277,451.358,1.32437,0.189455,6472.19,11.6532,True,55.0|69,847
8|847|sample|3|69,5.69941,450.12,1.32331,0.840987,6468.06,11.649,5.69277,451.358,1.32437,0.844437,6472.19,11.6532,True,55.0|69,847
8|847|sample|4|69,5.69941,450.12,1.32331,0.797323,6468.06,11.649,5.69277,451.358,1.32437,0.836176,6472.19,11.6532,True,55.0|69,847
8|847|sample|10|69,5.70027,450.12,1.32331,25.7915,6468.06,11.649,5.69363,451.358,1.32437,25.9192,6472.19,11.6532,True,32.0|69,847
8|847|sample|9|69,5.70027,450.12,1.32331,23.2432,6468.06,11.649,5.69363,451.358,1.32437,23.4926,6472.19,11.6532,True,32.0|69,847
8|847|sample|7|69,5.70027,450.12,1.32331,17.9937,6468.06,11.649,5.69363,451.358,1.32437,18.9335,6472.19,11.6532,True,32.0|69,847
8|847|sample|8|69,5.70027,450.12,1.32331,19.8368,6468.06,11.649,5.69363,451.358,1.32437,20.2001,6472.19,11.6532,True,32.0|69,847
8|847|sample|12|69,5.69982,450.12,1.32331,3.67982,6468.06,11.649,5.69317,451.358,1.32437,3.78853,6472.19,11.6532,True,22.0|69,847
8|847|sample|11|69,5.69982,450.12,1.32331,4.34634,6468.06,11.649,5.69317,451.358,1.32437,4.26682,6472.19,11.6532,True,22.0|69,847
8|847|sample|5|69,5.69941,450.12,1.32331,0.182918,6468.06,11.649,5.69277,451.358,1.32437,0.187614,6472.19,11.6532,True,55.0|69,847
8|847|cc|1|1|69,5.69974,450.12,1.32326,0.872846,6468.06,11.649,5.69309,451.358,1.32431,0.502908,6472.19,11.6532,False,69.0|69,847
8|847|cc|2|1|69,5.69974,450.12,1.32326,0.796201,6468.06,11.649,5.69309,451.358,1.32431,0.502908,6472.19,11.6532,False,69.0|69,847
8|847|cc|3|1|69,5.69974,450.12,1.32326,0.844031,6468.06,11.649,5.69309,451.358,1.32431,0.502908,6472.19,11.6532,False,69.0|69,847
8|847|cc|4|1|69,5.69974,450.12,1.32326,0.849191,6468.06,11.649,5.69309,451.358,1.32431,0.502908,6472.19,11.6532,False,69.0|69,847
8|847|cc|5|1|69,5.69974,450.12,1.32326,0.973035,6468.06,11.649,5.69309,451.358,1.32431,0.502908,6472.19,11.6532,False,69.0|69,847
8|847|cc|6|1|69,5.69974,450.12,1.32326,0.730925,6468.06,11.649,5.69309,451.358,1.32431,0.502908,6472.19,11.6532,False,69.0|69,847
8|847|cc|7|1|69,5.69974,450.12,1.32326,0.80858,6468.06,11.649,5.69309,451.358,1.32431,0.502908,6472.19,11.6532,False,69.0|69,847
8|847|cc|8|1|69,5.69974,450.12,1.32326,0.970713,6468.06,11.649,5.69309,451.358,1.32431,0.502908,6472.19,11.6532,False,69.0|69,847
8|847|vc|1|2|69,5.69974,450.12,1.32326,0.718658,6468.06,11.649,5.69309,451.358,1.32431,0.502908,6472.19,11.6532,False,69.0|69,847
8|847|vc|2|2|69,5.69974,450.12,1.32326,0.790439,6468.06,11.649,5.69309,451.358,1.32431,0.502908,6472.19,11.6532,False,69.0|69,847
8|847|vc|3|2|69,5.69974,450.12,1.32326,0.940778,6468.06,11.649,5.69309,451.358,1.32431,0.502908,6472.19,11.6532,False,69.0|69,847
8|847|vc|4|2|69,5.69974,450.12,1.32326,0.997017,6468.06,11.649,5.69309,451.358,1.32431,0.502908,6472.19,11.6532,False,69.0|69,847
8|847|vc|5|2|69,5.69974,450.12,1.32326,0.860354,6468.06,11.649,5.69309,451.358,1.32431,0.502908,6472.19,11.6532,False,69.0|69,847
8|847|vc|6|2|69,5.69974,450.12,1.32326,0.778087,6468.06,11.649,5.69309,451.358,1.32431,0.502908,6472.19,11.6532,False,69.0|69,847
8|847|vc|7|2|69,5.69974,450.12,1.32326,0.780808,6468.06,11.649,5.69309,451.358,1.32431,0.502908,6472.19,11.6532,False,69.0|69,847
8|847|vc|8|2|69,5.69974,450.12,1.32326,0.809661,6468.06,11.649,5.69309,451.358,1.32431,0.502908,6472.19,11.6532,False,69.0|69,847
8|1241|sample|8|69,5.69988,450.12,1.32331,5.33595,6468.06,11.649,5.69324,451.358,1.32437,5.30145,6472.19,11.6531,True,65.0|69,1241
8|1241|sample|7|69,5.69988,450.12,1.32331,5.1407,6468.06,11.649,5.69324,451.358,1.32437,5.24184,6472.19,11.6531,True,65.0|69,1241
8|1241|sample|5|69,5.69988,450.12,1.32331,3.90011,6468.06,11.649,5.69324,451.358,1.32437,4.00868,6472.19,11.6531,True,65.0|69,1241
8|1241|sample|6|69,5.69988,450.12,1.32331,4.06966,6468.06,11.649,5.69324,451.358,1.32437,4.06464,6472.19,11.6531,True,65.0|69,1241
8|1241|sample|11|69,5.69981,450.12,1.32331,11.7994,6468.06,11.649,5.69316,451.358,1.32437,11.9234,6472.19,11.6531,True,28.0|69,1241
8|1241|sample|12|69,5.69981,450.12,1.32331,11.6576,6468.06,11.649,5.69316,451.358,1.32437,11.6885,6472.19,11.6531,True,28.0|69,1241
8|1241|sample|9|69,5.69981,450.12,1.32331,6.92135,6468.06,11.649,5.69316,451.358,1.32437,6.78904,6472.19,11.6531,True,28.0|69,1241
8|1241|sample|10|69,5.69981,450.12,1.32331,8.06745,6468.06,11.649,5.69316,451.358,1.32437,8.28216,6472.19,11.6531,True,28.0|69,1241
8|1241|sample|3|69,5.69982,450.12,1.32331,2.57272,6468.06,11.649,5.69317,451.358,1.32437,2.70001,6472.19,11.6531,True,22.0|69,1241
8|1241|sample|4|69,5.69982,450.12,1.32331,2.7156,6468.06,11.649,5.69317,451.358,1.32437,2.74402,6472.19,11.6531,True,22.0|69,1241
8|1241|cc|1|1|69,5.69974,450.12,1.32326,0.651388,6468.06,11.649,5.69309,451.358,1.32431,0.502908,6472.19,11.6531,False,69.0|69,1241
8|1241|cc|2|1|69,5.69974,450.12,1.32326,0.830116,6468.06,11.649,5.69309,451.358,1.32431,0.502908,6472.19,11.6531,False,69.0|69,1241
8|1241|cc|3|1|69,5.69974,450.12,1.32326,0.852725,6468.06,11.649,5.69309,451.358,1.32431,0.502908,6472.19,11.6531,False,69.0|69,1241
8|1241|cc|4|1|69,5.69974,450.12,1.32326,0.763823,6468.06,11.649,5.69309,451.358,1.32431,0.502908,6472.19,11.6531,False,69.0|69,1241
8|1241|cc|5|1|69,5.69974,450.12,1.32326,0.796126,6468.06,11.649,5.69309,451.358,1.32431,0.502908,6472.19,11.6531,False,69.0|69,1241
8|1241|cc|6|1|69,5.69974,450.12,1.32326,1.029,6468.06,11.649,5.69309,451.358,1.32431,0.502908,6472.19,11.6531,False,69.0|69,1241
8|1241|cc|7|1|69,5.69974,450.12,1.32326,0.833107,6468.06,11.649,5.69309,451.358,1.32431,0.502908,6472.19,11.6531,False,69.0|69,1241
8|1241|cc|8|1|69,5.69974,450.12,1.32326,0.848905,6468.06,11.649,5.69309,451.358,1.32431,0.502908,6472.19,11.6531,False,69.0|69,1241
8|1241|vc|1|2|69,5.69974,450.12,1.32326,0.801813,6468.06,11.649,5.69309,451.358,1.32431,0.502908,6472.19,11.6531,False,69.0|69,1241
8|1241|vc|2|2|69,5.69974,450.12,1.32326,0.763293,6468.06,11.649,5.69309,451.358,1.32431,0.502908,6472.19,11.6531,False,69.0|69,1241
8|1241|vc|3|2|69,5.69974,450.12,1.32326,0.754076,6468.06,11.649,5.69309,451.358,1.32431,0.502908,6472.19,11.6531,False,69.0|69,1241
8|1241|vc|4|2|69,5.69974,450.12,1.32326,0.955932,6468.06,11.649,5.69309,451.358,1.32431,0.502908,6472.19,11.6531,False,69.0|69,1241
8|1241|vc|5|2|69,5.69974,450.12,1.32326,0.853528,6468.06,11.649,5.69309,451.358,1.32431,0.502908,6472.19,11.6531,False,69.0|69,1241
8|1241|vc|6|2|69,5.69974,450.12,1.32326,0.924889,6468.06,11.649,5.69309,451.358,1.32431,0.502908,6472.19,11.6531,False,69.0|69,1241
8|1241|vc|7|2|69,5.69974,450.12,1.32326,0.890555,6468.06,11.649,5.69309,451.358,1.32431,0.502908,6472.19,11.6531,False,69.0|69,1241
8|1241|vc|8|2|69,5.69974,450.12,1.32326,0.787804,6468.06,11.649,5.69309,451.358,1.32431,0.502908,6472.19,11.6531,False,69.0|69,1241
8|474|sample|5|276,5.69977,450.12,1.32331,1.851,6468.06,11.649,5.69312,451.358,1.32437,1.83424,6472.19,11.6532,True,55.0|276,474
8|474|sample|6|276,5.69977,450.12,1.32331,1.82288,6468.06,11.649,5.69312,451.358,1.32437,1.81115,6472.19,11.6532,True,55.0|276,474
8|474|sample|3|276,5.69977,450.12,1.32331,1.74588,6468.06,11.649,5.69312,451.358,1.32437,1.75424,6472.19,11.6532,True,55.0|276,474
8|474|sample|4|276,5.69977,450.12,1.32331,1.78117,6468.06,11.649,5.69312,451.358,1.32437,1.82474,6472.19,11.6532,True,55.0|276,474
8|474|sample|9|276,5.69958,450.12,1.32331,70.4438,6468.06,11.649,5.69294,451.358,1.32437,72.6679,6472.19,11.6532,True,32.0|276,474
8|474|sample|10|276,5.69958,450.12,1.32331,72.3041,6468.06,11.649,5.69294,451.358,1.32437,71.0743,6472.19,11.6532,True,32.0|276,474
8|474|sample|8|276,5.69958,450.12,1.32331,58.2447,6468.06,11.649,5.69294,451.358,1.32437,59.623,6472.19,11.6532,True,32.0|276,474
8|474|sample|7|276,5.69958,450.12,1.32331,60.3676,6468.06,11.649,5.69294,451.358,1.32437,62.0039,6472.19,11.6532,True,32.0|276,474
8|474|sample|12|276,5.70034,450.12,1.32331,11.9482,6468.06,11.649,5.69369,451.358,1.32437,12.069,6472.19,11.6532,True,22.0|276,474
8|474|sample|11|276,5.70034,450.12,1.32331,12.5061,6468.06,11.649,5.69369,451.358,1.32437,12.2426,6472.19,11.6532,True,22.0|276,474
8|474|cc|1|1|276,5.69985,450.12,1.32326,0.0309332,6468.06,11.649,5.6932,451.358,1.32431,0.0208597,6472.19,11.6532,False,69.0|276,474
8|474|cc|2|1|276,5.69985,450.12,1.32326,0.0372353,6468.06,11.649,5.6932,451.358,1.32431,0.0208597,6472.19,11.6532,False,69.0|276,474
8|474|cc|3|1|276,5.69985,450.12,1.32326,0.0409723,6468.06,11.649,5.6932,451.358,1.32431,0.0208597,6472.19,11.6532,False,69.0|276,474
8|474|cc|4|1|276,5.69985,450.12,1.32326,0.0344761,6468.06,11.649,5.6932,451.358,1.32431,0.0208597,6472.19,11.6532,False,69.0|276,474
8|474|cc|5|1|276,5.69985,450.12,1.32326,0.03277,6468.06,11.649,5.6932,451.358,1.32431,0.0208597,6472.19,11.6532,False,69.0|276,474
8|474|cc|6|1|276,5.69985,450.12,1.32326,0.0393053,6468.06,11.649,5.6932,451.358,1.32431,0.0208597,6472.19,11.6532,False,69.0|276,474
8|474|cc|7|1|276,5.69985,450.12,1.32326,0.038706,6468.06,11.649,5.6932,451.358,1.32431,0.0208597,6472.19,11.6532,False,69.0|276,474
8|474|cc|8|1|276,5.69985,450.12,1.32326,0.0324782,6468.06,11.649,5.6932,451.358,1.32431,0.0208597,6472.19,11.6532,False,69.0|276,474
8|474|vc|1|2|276,5.69985,450.12,1.32326,0.0283156,6468.06,11.649,5.6932,451.358,1.32431,0.0208597,6472.19,11.6532,False,69.0|276,474
8|474|vc|2|2|276,5.69985,450.12,1.32326,0.032895,6468.06,11.649,5.6932,451.358,1.32431,0.0208597,6472.19,11.6532,False,69.0|276,474
8|474|vc|3|2|276,5.69985,450.12,1.32326,0.0307601,6468.06,11.649,5.6932,451.358,1.32431,0.0208597,6472.19,11.6532,False,69.0|276,474
8|474|vc|4|2|276,5.69985,450.12,1.32326,0.0353222,6468.06,11.649,5.6932,451.358,1.32431,0.0208597,6472.19,11.6532,False,69.0|276,474
8|474|vc|5|2|276,5.69985,450.12,1.32326,0.0380353,6468.06,11.649,5.6932,451.358,1.32431,0.0208597,6472.19,11.6532,False,69.0|276,474
8|474|vc|6|2|276,5.69985,450.12,1.32326,0.0363646,6468.06,11.649,5.6932,451.358,1.32431,0.0208597,6472.19,11.6532,False,69.0|276,474
8|474|vc|7|2|276,5.69985,450.12,1.32326,0.0322653,6468.06,11.649,5.6932,451.358,1.32431,0.0208597,6472.19,11.6532,False,69.0|276,474
8|474|vc|8|2|276,5.69985,450.12,1.32326,0.0306581,6468.06,11.649,5.6932,451.358,1.32431,0.0208597,6472.19,11.6532,False,69.0|276,474
8|1056|sample|8|276,5.69973,450.12,1.32331,9.82506,6468.06,11.649,5.69308,451.358,1.32437,9.8597,6472.19,11.6531,True,65.0|276,1056
8|1056|sample|7|276,5.69973,450.12,1.32331,9.73343,6468.06,11.649,5.69308,451.358,1.32437,9.9847,6472.19,11.6531,True,65.0|276,1056
8|1056|sample|6|276,5.69973,450.12,1.32331,9.528,6468.06,11.649,5.69308,451.358,1.32437,9.63699,6472.19,11.6531,True,65.0|276,1056
8|1056|sample|5|276,5.69973,450.12,1.32331,9.72107,6468.06,11.649,5.69308,451.358,1.32437,9.83227,6472.19,11.6531,True,65.0|276,1056
8|1056|sample|12|276,5.69978,450.12,1.32331,39.0475,6468.06,11.649,5.69313,451.358,1.32437,40.3109,6472.19,11.6531,True,28.0|276,1056
8|1056|sample|11|276,5.69978,450.12,1.32331,34.4204,6468.06,11.649,5.69313,451.358,1.32437,35.7686,6472.19,11.6531,True,28.0|276,1056
8|1056|sample|10|276,5.69978,450.12,1.32331,22.1212,6468.06,11.649,5.69313,451.358,1.32437,22.7857,6472.19,11.6531,True,28.0|276,1056
8|1056|sample|9|276,5.69978,450.12,1.32331,21.5461,6468.06,11.649,5.69313,451.358,1.32437,21.3412,6472.19,11.6531,True,28.0|276,1056
8|1056|sample|4|276,5.70034,450.12,1.32331,11.4747,6468.06,11.649,5.69369,451.358,1.32437,11.4575,6472.19,11.6531,True,22.0|276,1056
8|1056|sample|3|276,5.70034,450.12,1.32331,12.0199,6468.06,11.649,5.69369,451.358,1.32437,12.133,6472.19,11.6531,True,22.0|276,1056
8|1056|cc|1|1|276,5.69985,450.12,1.32326,0.0297486,6468.06,11.649,5.6932,451.358,1.32431,0.0208597,6472.19,11.6531,False,69.0|276,1056
8|1056|cc|2|1|276,5.69985,450.12,1.32326,0.0371679,6468.06,11.649,5.6932,451.358,1.32431,0.0208597,6472.19,11.6531,False,69.0|276,1056
8|1056|cc|3|1|276,5.69985,450.12,1.32326,0.0300711,6468.06,11.649,5.6932,451.358,1.32431,0.0208597,6472.19,11.6531,False,69.0|276,1056
8|1056|cc|4|1|276,5.69985,450.12,1.32326,0.0383109,6468.06,11.649,5.6932,451.358,1.32431,0.0208597,6472.19,11.6531,False,69.0|276,1056
8|1056|cc|5|1|276,5.69985,450.12,1.32326,0.0415184,6468.06,11.649,5.6932,451.358,1.32431,0.0208597,6472.19,11.6531,False,69.0|276,1056
8|1056|cc|6|1|276,5.69985,450.12,1.32326,0.0361393,6468.06,11.649,5.6932,451.358,1.32431,0.0208597,6472.19,11.6531,False,69.0|276,1056
8|1056|cc|7|1|276,5.69985,450.12,1.32326,0.0473693,6468.06,11.649,5.6932,451.358,1.32431,0.0208597,6472.19,11.6531,False,69.0|276,1056
8|1056|cc|8|1|276,5.69985,450.12,1.32326,0.0317554,6468.06,11.649,5.6932,451.358,1.32431,0.0208597,6472.19,11.6531,False,69.0|276,1056
8|1056|vc|1|2|276,5.69985,450.12,1.32326,0.0334251,6468.06,11.649,5.6932,451.358,1.32431,0.0208597,6472.19,11.6531,False,69.0|276,1056
8|1056|vc|2|2|276,5.69985,450.12,1.32326,0.0284759,6468.06,11.649,5.6932,451.358,1.32431,0.0208597,6472.19,11.6531,False,69.0|276,1056
8|1056|vc|3|2|276,5.69985,450.12,1.32326,0.0329618,6468.06,11.649,5.6932,451.358,1.32431,0.0208597,6472.19,11.6531,False,69.0|276,1056
8|1056|vc|4|2|276,5.69985,450.12,1.32326,0.0366114,6468.06,11.649,5.6932,451.358,1.32431,0.0208597,6472.19,11.6531,False,69.0|276,1056
8|1056|vc|5|2|276,5.69985,450.12,1.32326,0.0304476,6468.06,11.649,5.6932,451.358,1.32431,0.0208597,6472.19,11.6531,False,69.0|276,1056
8|1056|vc|6|2|276,5.69985,450.12,1.32326,0.0311329,6468.06,11.649,5.6932,451.358,1.32431,0.0208597,6472.19,11.6531,False,69.0|276,1056
8|1056|vc|7|2|276,5.69985,450.12,1.32326,0.0327602,6468.06,11.649,5.6932,451.358,1.32431,0.0208597,6472.19,11.6531,False,69.0|276,1056
8|1056|vc|8|2|276,5.69985,450.12,1.32326,0.0313442,6468.06,11.649,5.6932,451.358,1.32431,0.0208597,6472.19,11.6531,False,69.0|276,1056
8|462|sample|6|292,5.70037,450.12,1.32331,0.120839,6468.06,11.649,5.69373,451.358,1.32437,0.12086,6472.19,11.6531,True,55.0|292,462
8|462|sample|5|292,5.70037,450.12,1.32331,0.105222,6468.06,11.649,5.69373,451.358,1.32437,0.110568,6472.19,11.6531,True,55.0|292,462
8|462|sample|4|292,5.70037,450.12,1.32331,0.481615,6468.06,11.649,5.69373,451.358,1.32437,0.491041,6472.19,11.6531,True,55.0|292,462
8|462|sample|3|292,5.70037,450.12,1.32331,0.454931,6468.06,11.649,5.69373,451.358,1.32437,0.4859,6472.19,11.6531,True,55.0|292,462
8|462|sample|9|292,5.6997,450.12,1.32331,63.0259,6468.06,11.649,5.69305,451.358,1.32437,64.5303,6472.19,11.6531,True,32.0|292,462
8|462|sample|10|292,5.6997,450.12,1.32331,66.9938,6468.06,11.649,5.69305,451.358,1.32437,66.8537,6472.19,11.6531,True,32.0|292,462
8|462|sample|7|292,5.6997,450.12,1.32331,54.4927,6468.06,11.649,5.69305,451.358,1.32437,54.1595,6472.19,11.6531,True,32.0|292,462
8|462|sample|8|292,5.6997,450.12,1.32331,53.1824,6468.06,11.649,5.69305,451.358,1.32437,52.3195,6472.19,11.6531,True,32.0|292,462
8|462|sample|11|292,5.70052,450.12,1.32331,5.36228,6468.06,11.649,5.69389,451.358,1.32437,5.34444,6472.19,11.6531,True,22.0|292,462
8|462|sample|12|292,5.70052,450.12,1.32331,6.07983,6468.06,11.649,5.69389,451.358,1.32437,6.0047,6472.19,11.6531,True,22.0|292,462
8|462|cc|1|1|292,5.69976,450.12,1.32326,0.634631,6468.06,11.649,5.69312,451.358,1.32431,0.400404,6472.19,11.6531,False,69.0|292,462
8|462|cc|2|1|292,5.69976,450.12,1.32326,0.754031,6468.06,11.649,5.69312,451.358,1.32431,0.400404,6472.19,11.6531,False,69.0|292,462
8|462|cc|3|1|292,5.69976,450.12,1.32326,0.623194,6468.06,11.649,5.69312,451.358,1.32431,0.400404,6472.19,11.6531,False,69.0|292,462
8|462|cc|4|1|292,5.69976,450.12,1.32326,0.72821,6468.06,11.649,5.69312,451.358,1.32431,0.400404,6472.19,11.6531,False,69.0|292,462
8|462|cc|5|1|292,5.69976,450.12,1.32326,0.596346,6468.06,11.649,5.69312,451.358,1.32431,0.400404,6472.19,11.6531,False,69.0|292,462
8|462|cc|6|1|292,5.69976,450.12,1.32326,0.593747,6468.06,11.649,5.69312,451.358,1.32431,0.400404,6472.19,11.6531,False,69.0|292,462
8|462|cc|7|1|292,5.69976,450.12,1.32326,0.602564,6468.06,11.649,5.69312,451.358,1.32431,0.400404,6472.19,11.6531,False,69.0|292,462
8|462|cc|8|1|292,5.69976,450.12,1.32326,0.662374,6468.06,11.649,5.69312,451.358,1.32431,0.400404,6472.19,11.6531,False,69.0|292,462
8|462|vc|1|2|292,5.69976,450.12,1.32326,0.707393,6468.06,11.649,5.69312,451.358,1.32431,0.400404,6472.19,11.6531,False,69.0|292,462
8|462|vc|2|2|292,5.69976,450.12,1.32326,0.760874,6468.06,11.649,5.69312,451.358,1.32431,0.400404,6472.19,11.6531,False,69.0|292,462
8|462|vc|3|2|292,5.69976,450.12,1.32326,0.682769,6468.06,11.649,5.69312,451.358,1.32431,0.400404,6472.19,11.6531,False,69.0|292,462
8|462|vc|4|2|292,5.69976,450.12,1.32326,0.678514,6468.06,11.649,5.69312,451.358,1.32431,0.400404,6472.19,11.6531,False,69.0|292,462
8|462|vc|5|2|292,5.69976,450.12,1.32326,0.578517,6468.06,11.649,5.69312,451.358,1.32431,0.400404,6472.19,11.6531,False,69.0|292,462
8|462|vc|6|2|292,5.69976,450.12,1.32326,0.66327,6468.06,11.649,5.69312,451.358,1.32431,0.400404,6472.19,11.6531,False,69.0|292,462
8|462|vc|7|2|292,5.69976,450.12,1.32326,0.640425,6468.06,11.649,5.69312,451.358,1.32431,0.400404,6472.19,11.6531,False,69.0|292,462
8|462|vc|8|2|292,5.69976,450.12,1.32326,0.629154,6468.06,11.649,5.69312,451.358,1.32431,0.400404,6472.19,11.6531,False,69.0|292,462
8|1159|sample|8|292,5.69976,450.12,1.32331,5.03605,6468.06,11.649,5.69312,451.358,1.32437,5.2438,6472.19,11.6531,True,65.0|292,1159
8|1159|sample|7|292,5.69976,450.12,1.32331,4.75871,6468.06,11.649,5.69312,451.358,1.32437,4.73845,6472.19,11.6531,True,65.0|292,1159
8|1159|sample|5|292,5.69976,450.12,1.32331,5.02738,6468.06,11.649,5.69312,451.358,1.32437,5.02622,6472.19,11.6531,True,65.0|292,1159
8|1159|sample|6|292,5.69976,450.12,1.32331,4.87123,6468.06,11.649,5.69312,451.358,1.32437,4.95267,6472.19,11.6531,True,65.0|292,1159
8|1159|sample|11|292,5.7009,450.12,1.32331,27.2239,6468.06,11.649,5.69426,451.358,1.32437,26.9837,6472.19,11.6531,True,28.0|292,1159
8|1159|sample|12|292,5.7009,450.12,1.32331,34.5199,6468.06,11.649,5.69426,451.358,1.32437,33.9288,6472.19,11.6531,True,28.0|292,1159
8|1159|sample|9|292,5.7009,450.12,1.32331,14.3396,6468.06,11.649,5.69426,451.358,1.32437,14.2136,6472.19,11.6531,True,28.0|292,1159
8|1159|sample|10|292,5.7009,450.12,1.32331,15.5739,6468.06,11.649,5.69426,451.358,1.32437,15.735,6472.19,11.6531,True,28.0|292,1159
8|1159|sample|4|292,5.70052,450.12,1.32331,3.57728,6468.06,11.649,5.69389,451.358,1.32437,3.58706,6472.19,11.6531,True,22.0|292,1159
8|1159|sample|3|292,5.70052,450.12,1.32331,3.7488,6468.06,11.649,5.69389,451.358,1.32437,3.86013,6472.19,11.6531,True,22.0|292,1159
8|1159|cc|1|1|292,5.69976,450.12,1.32326,0.713441,6468.06,11.649,5.69312,451.358,1.32431,0.400404,6472.19,11.6531,False,69.0|292,1159
8|1159|cc|2|1|292,5.69976,450.12,1.32326,0.53366,6468.06,11.649,5.69312,451.358,1.32431,0.400404,6472.19,11.6531,False,69.0|292,1159
8|1159|cc|3|1|292,5.69976,450.12,1.32326,0.656949,6468.06,11.649,5.69312,451.358,1.32431,0.400404,6472.19,11.6531,False,69.0|292,1159
8|1159|cc|4|1|292,5.69976,450.12,1.32326,0.690624,6468.06,11.649,5.69312,451.358,1.32431,0.400404,6472.19,11.6531,False,69.0|292,1159
8|1159|cc|5|1|292,5.69976,450.12,1.32326,0.576109,6468.06,11.649,5.69312,451.358,1.32431,0.400404,6472.19,11.6531,False,69.0|292,1159
8|1159|cc|6|1|292,5.69976,450.12,1.32326,0.646116,6468.06,11.649,5.69312,451.358,1.32431,0.400404,6472.19,11.6531,False,69.0|292,1159
8|1159|cc|7|1|292,5.69976,450.12,1.32326,0.595329,6468.06,11.649,5.69312,451.358,1.32431,0.400404,6472.19,11.6531,False,69.0|292,1159
8|1159|cc|8|1|292,5.69976,450.12,1.32326,0.536187,6468.06,11.649,5.69312,451.358,1.32431,0.400404,6472.19,11.6531,False,69.0|292,1159
8|1159|vc|1|2|292,5.69976,450.12,1.32326,0.622701,6468.06,11.649,5.69312,451.358,1.32431,0.400404,6472.19,11.6531,False,69.0|292,1159
8|1159|vc|2|2|292,5.69976,450.12,1.32326,0.665747,6468.06,11.649,5.69312,451.358,1.32431,0.400404,6472.19,11.6531,False,69.0|292,1159
8|1159|vc|3|2|292,5.69976,450.12,1.32326,0.63826,6468.06,11.649,5.69312,451.358,1.32431,0.400404,6472.19,11.6531,False,69.0|292,1159
8|1159|vc|4|2|292,5.69976,450.12,1.32326,0.671095,6468.06,11.649,5.69312,451.358,1.32431,0.400404,6472.19,11.6531,False,69.0|292,1159
8|1159|vc|5|2|292,5.69976,450.12,1.32326,0.739475,6468.06,11.649,5.69312,451.358,1.32431,0.400404,6472.19,11.6531,False,69.0|292,1159
8|1159|vc|6|2|292,5.69976,450.12,1.32326,0.702039,6468.06,11.649,5.69312,451.358,1.32431,0.400404,6472.19,11.6531,False,69.0|292,1159
8|1159|vc|7|2|292,5.69976,450.12,1.32326,0.730072,6468.06,11.649,5.69312,451.358,1.32431,0.400404,6472.19,11.6531,False,69.0|292,1159
8|1159|vc|8|2|292,5.69976,450.12,1.32326,0.776405,6468.06,11.649,5.69312,451.358,1.32431,0.400404,6472.19,11.6531,False,69.0|292,1159
8|75|sample|6|65,5.6987,450.12,1.32331,25.237,6468.06,11.649,5.69206,451.358,1.32437,25.3671,6472.19,11.6532,True,55.0|65,75
8|75|sample|5|65,5.6987,450.12,1.32331,24.1773,6468.06,11.649,5.69206,451.358,1.32437,24.3816,6472.19,11.6532,True,55.0|65,75
8|75|sample|3|65,5.6987,450.12,1.32331,22.5741,6468.06,11.649,5.69206,451.358,1.32437,23.5929,6472.19,11.6532,True,55.0|65,75
8|75|sample|4|65,5.6987,450.12,1.32331,21.4113,6468.06,11.649,5.69206,451.358,1.32437,20.98,6472.19,11.6532,True,55.0|65,75
8|75|sample|9|65,5.69873,450.12,1.32331,0.316006,6468.06,11.649,5.69206,451.358,1.32437,0.336217,6472.19,11.6532,True,32.0|65,75
8|75|sample|10|65,5.69873,450.12,1.32331,0.329808,6468.06,11.649,5.69206,451.358,1.32437,0.3252,6472.19,11.6532,True,32.0|65,75
8|75|sample|7|65,5.69873,450.12,1.32331,0.531251,6468.06,11.649,5.69206,451.358,1.32437,0.538976,6472.19,11.6532,True,32.0|65,75
8|75|sample|8|65,5.69873,450.12,1.32331,0.577937,6468.06,11.649,5.69206,451.358,1.32437,0.567829,6472.19,11.6532,True,32.0|65,75
8|75|sample|12|65,5.69905,450.12,1.32331,23.2569,6468.06,11.649,5.6924,451.358,1.32437,23.7763,6472.19,11.6532,True,22.0|65,75
8|75|sample|11|65,5.69905,450.12,1.32331,14.6098,6468.06,11.649,5.6924,451.358,1.32437,14.5332,6472.19,11.6532,True,22.0|65,75
8|75|cc|1|1|65,5.69897,450.12,1.32326,0.493058,6468.06,11.649,5.69232,451.358,1.32431,0.350444,6472.19,11.6532,False,69.0|65,75
8|75|cc|2|1|65,5.69897,450.12,1.32326,0.651491,6468.06,11.649,5.69232,451.358,1.32431,0.350444,6472.19,11.6532,False,69.0|65,75
8|75|cc|3|1|65,5.69897,450.12,1.32326,0.560891,6468.06,11.649,5.69232,451.358,1.32431,0.350444,6472.19,11.6532,False,69.0|65,75
8|75|cc|4|1|65,5.69897,450.12,1.32326,0.442894,6468.06,11.649,5.69232,451.358,1.32431,0.350444,6472.19,11.6532,False,69.0|65,75
8|75|cc|5|1|65,5.69897,450.12,1.32326,0.641134,6468.06,11.649,5.69232,451.358,1.32431,0.350444,6472.19,11.6532,False,69.0|65,75
8|75|cc|6|1|65,5.69897,450.12,1.32326,0.591733,6468.06,11.649,5.69232,451.358,1.32431,0.350444,6472.19,11.6532,False,69.0|65,75
8|75|cc|7|1|65,5.69897,450.12,1.32326,0.624045,6468.06,11.649,5.69232,451.358,1.32431,0.350444,6472.19,11.6532,False,69.0|65,75
8|75|cc|8|1|65,5.69897,450.12,1.32326,0.636518,6468.06,11.649,5.69232,451.358,1.32431,0.350444,6472.19,11.6532,False,69.0|65,75
8|75|vc|1|2|65,5.69897,450.12,1.32326,0.588571,6468.06,11.649,5.69232,451.358,1.32431,0.350444,6472.19,11.6532,False,69.0|65,75
8|75|vc|2|2|65,5.69897,450.12,1.32326,0.585558,6468.06,11.649,5.69232,451.358,1.32431,0.350444,6472.19,11.6532,False,69.0|65,75
8|75|vc|3|2|65,5.69897,450.12,1.32326,0.56871,6468.06,11.649,5.69232,451.358,1.32431,0.350444,6472.19,11.6532,False,69.0|65,75
8|75|vc|4|2|65,5.69897,450.12,1.32326,0.540316,6468.06,11.649,5.69232,451.358,1.32431,0.350444,6472.19,11.6532,False,69.0|65,75
8|75|vc|5|2|65,5.69897,450.12,1.32326,0.553628,6468.06,11.649,5.69232,451.358,1.32431,0.350444,6472.19,11.6532,False,69.0|65,75
8|75|vc|6|2|65,5.69897,450.12,1.32326,0.557568,6468.06,11.649,5.69232,451.358,1.32431,0.350444,6472.19,11.6532,False,69.0|65,75
8|75|vc|7|2|65,5.69897,450.12,1.32326,0.49557,6468.06,11.649,5.69232,451.358,1.32431,0.350444,6472.19,11.6532,False,69.0|65,75
8|75|vc|8|2|65,5.69897,450.12,1.32326,0.597657,6468.06,11.649,5.69232,451.358,1.32431,0.350444,6472.19,11.6532,False,69.0|65,75
8|1017|sample|7|65,5.69916,450.12,1.32331,33.955,6468.06,11.649,5.69252,451.358,1.32437,33.782,6472.19,11.6532,True,65.0|65,1017
8|1017|sample|8|65,5.69916,450.12,1.32331,28.264,6468.06,11.649,5.69252,451.358,1.32437,30.5628,6472.19,11.6532,True,65.0|65,1017
8|1017|sample|5|65,5.69916,450.12,1.32331,23.2344,6468.06,11.649,5.69252,451.358,1.32437,24.3802,6472.19,11.6532,True,65.0|65,1017
8|1017|sample|6|65,5.69916,450.12,1.32331,26.1603,6468.06,11.649,5.69252,451.358,1.32437,26.6668,6472.19,11.6532,True,65.0|65,1017
8|1017|sample|12|65,5.69861,450.12,1.32331,17.6582,6468.06,11.649,5.69196,451.358,1.32437,17.5088,6472.19,11.6532,True,28.0|65,1017
8|1017|sample|11|65,5.69861,450.12,1.32331,14.8308,6468.06,11.649,5.69196,451.358,1.32437,14.8231,6472.19,11.6532,True,28.0|65,1017
8|1017|sample|10|65,5.69861,450.12,1.32331,13.1503,6468.06,11.649,5.69196,451.358,1.32437,13.0255,6472.19,11.6532,True,28.0|65,1017
8|1017|sample|9|65,5.69861,450.12,1.32331,12.2869,6468.06,11.649,5.69196,451.358,1.32437,12.1871,6472.19,11.6532,True,28.0|65,1017
8|1017|sample|4|65,5.69905,450.12,1.32331,16.6725,6468.06,11.649,5.6924,451.358,1.32437,17.2762,6472.19,11.6532,True,22.0|65,1017
8|1017|sample|3|65,5.69905,450.12,1.32331,23.0433,6468.06,11.649,5.6924,451.358,1.32437,23.4477,6472.19,11.6532,True,22.0|65,1017
8|1017|cc|1|1|65,5.69897,450.12,1.32326,0.544904,6468.06,11.649,5.69232,451.358,1.32431,0.350444,6472.19,11.6532,False,69.0|65,1017
8|1017|cc|2|1|65,5.69897,450.12,1.32326,0.574462,6468.06,11.649,5.69232,451.358,1.32431,0.350444,6472.19,11.6532,False,69.0|65,1017
8|1017|cc|3|1|65,5.69897,450.12,1.32326,0.547193,6468.06,11.649,5.69232,451.358,1.32431,0.350444,6472.19,11.6532,False,69.0|65,1017
8|1017|cc|4|1|65,5.69897,450.12,1.32326,0.589711,6468.06,11.649,5.69232,451.358,1.32431,0.350444,6472.19,11.6532,False,69.0|65,1017
8|1017|cc|5|1|65,5.69897,450.12,1.32326,0.526238,6468.06,11.649,5.69232,451.358,1.32431,0.350444,6472.19,11.6532,False,69.0|65,1017
8|1017|cc|6|1|65,5.69897,450.12,1.32326,0.491192,6468.06,11.649,5.69232,451.358,1.32431,0.350444,6472.19,11.6532,False,69.0|65,1017
8|1017|cc|7|1|65,5.69897,450.12,1.32326,0.505315,6468.06,11.649,5.69232,451.358,1.32431,0.350444,6472.19,11.6532,False,69.0|65,1017
8|1017|cc|8|1|65,5.69897,450.12,1.32326,0.594668,6468.06,11.649,5.69232,451.358,1.32431,0.350444,6472.19,11.6532,False,69.0|65,1017
8|1017|vc|1|2|65,5.69897,450.12,1.32326,0.586096,6468.06,11.649,5.69232,451.358,1.32431,0.350444,6472.19,11.6532,False,69.0|65,1017
8|1017|vc|2|2|65,5.69897,450.12,1.32326,0.500492,6468.06,11.649,5.69232,451.358,1.32431,0.350444,6472.19,11.6532,False,69.0|65,1017
8|1017|vc|3|2|65,5.69897,450.12,1.32326,0.481989,6468.06,11.649,5.69232,451.358,1.32431,0.350444,6472.19,11.6532,False,69.0|65,1017
8|1017|vc|4|2|65,5.69897,450.12,1.32326,0.505311,6468.06,11.649,5.69232,451.358,1.32431,0.350444,6472.19,11.6532,False,69.0|65,1017
8|1017|vc|5|2|65,5.69897,450.12,1.32326,0.587035,6468.06,11.649,5.69232,451.358,1.32431,0.350444,6472.19,11.6532,False,69.0|65,1017
8|1017|vc|6|2|65,5.69897,450.12,1.32326,0.559648,6468.06,11.649,5.69232,451.358,1.32431,0.350444,6472.19,11.6532,False,69.0|65,1017
8|1017|vc|7|2|65,5.69897,450.12,1.32326,0.525822,6468.06,11.649,5.69232,451.358,1.32431,0.350444,6472.19,11.6532,False,69.0|65,1017
8|1017|vc|8|2|65,5.69897,450.12,1.32326,0.665674,6468.06,11.649,5.69232,451.358,1.32431,0.350444,6472.19,11.6532,False,69.0|65,1017
8|291|sample|6|103,5.69963,450.12,1.32331,2.94831,6468.06,11.649,5.69299,451.358,1.32437,2.95307,6472.19,11.6531,True,55.0|103,291
8|291|sample|5|103,5.69963,450.12,1.32331,2.83532,6468.06,11.649,5.69299,451.358,1.32437,2.91077,6472.19,11.6531,True,55.0|103,291
8|291|sample|4|103,5.69963,450.12,1.32331,2.47648,6468.06,11.649,5.69299,451.358,1.32437,2.52649,6472.19,11.6531,True,55.0|103,291
8|291|sample|3|103,5.69963,450.12,1.32331,2.45483,6468.06,11.649,5.69299,451.358,1.32437,2.54588,6472.19,11.6531,True,55.0|103,291
8|291|sample|9|103,5.7012,450.12,1.32331,52.1359,6468.06,11.649,5.69457,451.358,1.32437,52.5035,6472.19,11.6531,True,32.0|103,291
8|291|sample|10|103,5.7012,450.12,1.32331,58.2928,6468.06,11.649,5.69457,451.358,1.32437,57.4373,6472.19,11.6531,True,32.0|103,291
8|291|sample|8|103,5.7012,450.12,1.32331,47.9101,6468.06,11.649,5.69457,451.358,1.32437,47.5036,6472.19,11.6531,True,32.0|103,291
8|291|sample|7|103,5.7012,450.12,1.32331,54.8287,6468.06,11.649,5.69457,451.358,1.32437,55.47,6472.19,11.6531,True,32.0|103,291
8|291|sample|11|103,5.70036,450.12,1.32331,76.998,6468.06,11.649,5.69372,451.358,1.32437,77.9353,6472.19,11.6531,True,22.0|103,291
8|291|sample|12|103,5.70036,450.12,1.32331,54.1972,6468.06,11.649,5.69372,451.358,1.32437,55.941,6472.19,11.6531,True,22.0|103,291
8|291|cc|1|1|103,5.6999,450.12,1.32326,0.0791398,6468.06,11.649,5.69325,451.358,1.32431,0.0442881,6472.19,11.6531,False,69.0|103,291
8|291|cc|2|1|103,5.6999,450.12,1.32326,0.0795655,6468.06,11.649,5.69325,451.358,1.32431,0.0442881,6472.19,11.6531,False,69.0|103,291
8|291|cc|3|1|103,5.6999,450.12,1.32326,0.0669151,6468.06,11.649,5.69325,451.358,1.32431,0.0442881,6472.19,11.6531,False,69.0|103,291
8|291|cc|4|1|103,5.6999,450.12,1.32326,0.076117,6468.06,11.649,5.69325,451.358,1.32431,0.0442881,6472.19,11.6531,False,69.0|103,291
8|291|cc|5|1|103,5.6999,450.12,1.32326,0.0774387,6468.06,11.649,5.69325,451.358,1.32431,0.0442881,6472.19,11.6531,False,69.0|103,291
8|291|cc|6|1|103,5.6999,450.12,1.32326,0.0670747,6468.06,11.649,5.69325,451.358,1.32431,0.0442881,6472.19,11.6531,False,69.0|103,291
8|291|cc|7|1|103,5.6999,450.12,1.32326,0.0622642,6468.06,11.649,5.69325,451.358,1.32431,0.0442881,6472.19,11.6531,False,69.0|103,291
8|291|cc|8|1|103,5.6999,450.12,1.32326,0.082531,6468.06,11.649,5.69325,451.358,1.32431,0.0442881,6472.19,11.6531,False,69.0|103,291
8|291|vc|1|2|103,5.6999,450.12,1.32326,0.0750346,6468.06,11.649,5.69325,451.358,1.32431,0.0442881,6472.19,11.6531,False,69.0|103,291
8|291|vc|2|2|103,5.6999,450.12,1.32326,0.0680982,6468.06,11.649,5.69325,451.358,1.32431,0.0442881,6472.19,11.6531,False,69.0|103,291
8|291|vc|3|2|103,5.6999,450.12,1.32326,0.0827561,6468.06,11.649,5.69325,451.358,1.32431,0.0442881,6472.19,11.6531,False,69.0|103,291
8|291|vc|4|2|103,5.6999,450.12,1.32326,0.0632858,6468.06,11.649,5.69325,451.358,1.32431,0.0442881,6472.19,11.6531,False,69.0|103,291
8|291|vc|5|2|103,5.6999,450.12,1.32326,0.0829887,6468.06,11.649,5.69325,451.358,1.32431,0.0442881,6472.19,11.6531,False,69.0|103,291
8|291|vc|6|2|103,5.6999,450.12,1.32326,0.0844479,6468.06,11.649,5.69325,451.358,1.32431,0.0442881,6472.19,11.6531,False,69.0|103,291
8|291|vc|7|2|103,5.6999,450.12,1.32326,0.0783744,6468.06,11.649,5.69325,451.358,1.32431,0.0442881,6472.19,11.6531,False,69.0|103,291
8|291|vc|8|2|103,5.6999,450.12,1.32326,0.0736778,6468.06,11.649,5.69325,451.358,1.32431,0.0442881,6472.19,11.6531,False,69.0|103,291
8|1197|sample|7|103,5.69986,450.12,1.32331,38.0476,6468.06,11.649,5.69322,451.358,1.32437,39.0003,6472.19,11.6531,True,65.0|103,1197
8|1197|sample|8|103,5.69986,450.12,1.32331,38.6487,6468.06,11.649,5.69322,451.358,1.32437,39.4997,6472.19,11.6531,True,65.0|103,1197
8|1197|sample|6|103,5.69986,450.12,1.32331,38.967,6468.06,11.649,5.69322,451.358,1.32437,39.7359,6472.19,11.6531,True,65.0|103,1197
8|1197|sample|5|103,5.69986,450.12,1.32331,34.0824,6468.06,11.649,5.69322,451.358,1.32437,35.4971,6472.19,11.6531,True,65.0|103,1197
8|1197|sample|12|103,5.70037,450.12,1.32331,72.986,6468.06,11.649,5.69374,451.358,1.32437,76.1748,6472.19,11.6531,True,28.0|103,1197
8|1197|sample|10|103,5.70037,450.12,1.32331,52.7995,6468.06,11.649,5.69374,451.358,1.32437,52.3412,6472.19,11.6531,True,28.0|103,1197
8|1197|sample|9|103,5.70037,450.12,1.32331,45.6613,6468.06,11.649,5.69374,451.358,1.32437,47.1128,6472.19,11.6531,True,28.0|103,1197
8|1197|sample|3|103,5.70036,450.12,1.32331,41.0007,6468.06,11.649,5.69372,451.358,1.32437,41.2629,6472.19,11.6531,True,22.0|103,1197
8|1197|sample|4|103,5.70036,450.12,1.32331,43.9272,6468.06,11.649,5.69372,451.358,1.32437,43.4003,6472.19,11.6531,True,22.0|103,1197
8|1197|sample|11|103,5.70037,450.12,1.32331,79.2244,6468.06,11.649,5.69374,451.358,1.32437,80.1765,6472.19,11.6531,True,28.0|103,1197
8|1197|cc|1|1|103,5.6999,450.12,1.32326,0.0700266,6468.06,11.649,5.69325,451.358,1.32431,0.0442881,6472.19,11.6531,False,69.0|103,1197
8|1197|cc|2|1|103,5.6999,450.12,1.32326,0.0605005,6468.06,11.649,5.69325,451.358,1.32431,0.0442881,6472.19,11.6531,False,69.0|103,1197
8|1197|cc|3|1|103,5.6999,450.12,1.32326,0.0832348,6468.06,11.649,5.69325,451.358,1.32431,0.0442881,6472.19,11.6531,False,69.0|103,1197
8|1197|cc|4|1|103,5.6999,450.12,1.32326,0.0679534,6468.06,11.649,5.69325,451.358,1.32431,0.0442881,6472.19,11.6531,False,69.0|103,1197
8|1197|cc|5|1|103,5.6999,450.12,1.32326,0.0715649,6468.06,11.649,5.69325,451.358,1.32431,0.0442881,6472.19,11.6531,False,69.0|103,1197
8|1197|cc|6|1|103,5.6999,450.12,1.32326,0.081337,6468.06,11.649,5.69325,451.358,1.32431,0.0442881,6472.19,11.6531,False,69.0|103,1197
8|1197|cc|7|1|103,5.6999,450.12,1.32326,0.0671932,6468.06,11.649,5.69325,451.358,1.32431,0.0442881,6472.19,11.6531,False,69.0|103,1197
8|1197|cc|8|1|103,5.6999,450.12,1.32326,0.0839344,6468.06,11.649,5.69325,451.358,1.32431,0.0442881,6472.19,11.6531,False,69.0|103,1197
8|1197|vc|1|2|103,5.6999,450.12,1.32326,0.0769308,6468.06,11.649,5.69325,451.358,1.32431,0.0442881,6472.19,11.6531,False,69.0|103,1197
8|1197|vc|2|2|103,5.6999,450.12,1.32326,0.0962896,6468.06,11.649,5.69325,451.358,1.32431,0.0442881,6472.19,11.6531,False,69.0|103,1197
8|1197|vc|3|2|103,5.6999,450.12,1.32326,0.0800128,6468.06,11.649,5.69325,451.358,1.32431,0.0442881,6472.19,11.6531,False,69.0|103,1197
8|1197|vc|4|2|103,5.6999,450.12,1.32326,0.0795389,6468.06,11.649,5.69325,451.358,1.32431,0.0442881,6472.19,11.6531,False,69.0|103,1197
8|1197|vc|5|2|103,5.6999,450.12,1.32326,0.0757437,6468.06,11.649,5.69325,451.358,1.32431,0.0442881,6472.19,11.6531,False,69.0|103,1197
8|1197|vc|6|2|103,5.6999,450.12,1.32326,0.0711211,6468.06,11.649,5.69325,451.358,1.32431,0.0442881,6472.19,11.6531,False,69.0|103,1197
8|1197|vc|7|2|103,5.6999,450.12,1.32326,0.0729123,6468.06,11.649,5.69325,451.358,1.32431,0.0442881,6472.19,11.6531,False,69.0|103,1197
8|1197|vc|8|2|103,5.6999,450.12,1.32326,0.0877942,6468.06,11.649,5.69325,451.358,1.32431,0.0442881,6472.19,11.6531,False,69.0|103,1197
8|77|sample|6|218,5.69992,450.121,1.32331,386.892,6468.06,11.649,5.69327,451.359,1.32437,402.091,6472.19,11.6531,True,55.0|218,77
8|77|sample|5|218,5.69992,450.121,1.32331,363.112,6468.06,11.649,5.69327,451.359,1.32437,373.966,6472.19,11.6531,True,55.0|218,77
8|77|sample|3|218,5.69992,450.121,1.32331,325.399,6468.06,11.649,5.69327,451.359,1.32437,324.265,6472.19,11.6531,True,55.0|218,77
8|77|sample|4|218,5.69992,450.121,1.32331,293.689,6468.06,11.649,5.69327,451.359,1.32437,300.9,6472.19,11.6531,True,55.0|218,77
8|77|sample|9|218,5.7003,450.12,1.32331,18.9711,6468.06,11.649,5.69366,451.358,1.32437,20.4201,6472.19,11.6531,True,32.0|218,77
8|77|sample|10|218,5.7003,450.12,1.32331,21.3896,6468.06,11.649,5.69366,451.358,1.32437,21.3778,6472.19,11.6531,True,32.0|218,77
8|77|sample|8|218,5.7003,450.12,1.32331,17.2558,6468.06,11.649,5.69366,451.358,1.32437,17.5981,6472.19,11.6531,True,32.0|218,77
8|77|sample|7|218,5.7003,450.12,1.32331,15.7474,6468.06,11.649,5.69366,451.358,1.32437,15.6617,6472.19,11.6531,True,32.0|218,77
8|77|sample|12|218,5.7,450.12,1.32331,29.8453,6468.06,11.649,5.69336,451.358,1.32437,29.8308,6472.19,11.6531,True,22.0|218,77
8|77|sample|11|218,5.7,450.12,1.32331,33.2002,6468.06,11.649,5.69336,451.358,1.32437,32.3523,6472.19,11.6531,True,22.0|218,77
8|77|cc|1|1|218,5.69961,450.12,1.32326,77.3258,6468.06,11.649,5.69297,451.358,1.32431,48.7109,6472.19,11.6531,False,69.0|218,77
8|77|cc|2|1|218,5.69961,450.12,1.32326,70.1268,6468.06,11.649,5.69297,451.358,1.32431,48.7108,6472.19,11.6531,False,69.0|218,77
8|77|cc|3|1|218,5.69961,450.12,1.32326,86.8872,6468.06,11.649,5.69297,451.358,1.32431,48.7109,6472.19,11.6531,False,69.0|218,77
8|77|cc|4|1|218,5.69961,450.12,1.32326,72.9609,6468.06,11.649,5.69297,451.358,1.32431,48.7109,6472.19,11.6531,False,69.0|218,77
8|77|cc|5|1|218,5.69961,450.12,1.32326,72.5572,6468.06,11.649,5.69297,451.358,1.32431,48.7108,6472.19,11.6531,False,69.0|218,77
8|77|cc|6|1|218,5.69961,450.12,1.32326,67.085,6468.06,11.649,5.69297,451.358,1.32431,48.7109,6472.19,11.6531,False,69.0|218,77
8|77|cc|7|1|218,5.69961,450.12,1.32326,77.9037,6468.06,11.649,5.69297,451.358,1.32431,48.7109,6472.19,11.6531,False,69.0|218,77
8|77|cc|8|1|218,5.69961,450.12,1.32326,98.2038,6468.06,11.649,5.69297,451.358,1.32431,48.7108,6472.19,11.6531,False,69.0|218,77
8|77|vc|1|2|218,5.69961,450.12,1.32326,76.6469,6468.06,11.649,5.69297,451.358,1.32431,48.7109,6472.19,11.6531,False,69.0|218,77
8|77|vc|2|2|218,5.69961,450.12,1.32326,70.7118,6468.06,11.649,5.69297,451.358,1.32431,48.7108,6472.19,11.6531,False,69.0|218,77
8|77|vc|3|2|218,5.69961,450.12,1.32326,82.1438,6468.06,11.649,5.69297,451.358,1.32431,48.7109,6472.19,11.6531,False,69.0|218,77
8|77|vc|4|2|218,5.69961,450.12,1.32326,76.6081,6468.06,11.649,5.69297,451.358,1.32431,48.7109,6472.19,11.6531,False,69.0|218,77
8|77|vc|5|2|218,5.69961,450.12,1.32326,77.6813,6468.06,11.649,5.69297,451.358,1.32431,48.7109,6472.19,11.6531,False,69.0|218,77
8|77|vc|6|2|218,5.69961,450.12,1.32326,88.89,6468.06,11.649,5.69297,451.358,1.32431,48.7108,6472.19,11.6531,False,69.0|218,77
8|77|vc|7|2|218,5.69961,450.12,1.32326,87.2079,6468.06,11.649,5.69297,451.358,1.32431,48.7109,6472.19,11.6531,False,69.0|218,77
8|77|vc|8|2|218,5.69961,450.12,1.32326,76.8639,6468.06,11.649,5.69297,451.358,1.32431,48.7108,6472.19,11.6531,False,69.0|218,77
8|745|sample|7|218,5.7001,450.12,1.32331,356.879,6468.06,11.649,5.69346,451.358,1.32437,359.611,6472.19,11.6532,True,65.0|218,745
8|745|sample|8|218,5.7001,450.12,1.32331,205.761,6468.06,11.649,5.69346,451.358,1.32437,211.94,6472.19,11.6532,True,65.0|218,745
8|745|sample|6|218,5.7001,450.12,1.32331,134.138,6468.06,11.649,5.69346,451.358,1.32437,128.987,6472.19,11.6532,True,65.0|218,745
8|745|sample|5|218,5.7001,450.12,1.32331,101.402,6468.06,11.649,5.69346,451.358,1.32437,98.9809,6472.19,11.6532,True,65.0|218,745
8|745|sample|3|218,5.7,450.12,1.32331,29.2248,6468.06,11.649,5.69336,451.358,1.32437,28.5781,6472.19,11.6532,True,22.0|218,745
8|745|sample|11|218,5.70282,450.12,1.32331,47.7166,6468.06,11.649,5.69621,451.358,1.32437,48.2333,6472.19,11.6532,True,28.0|218,745
8|745|sample|12|218,5.70282,450.12,1.32331,33.0438,6468.06,11.649,5.69621,451.358,1.32437,33.448,6472.19,11.6532,True,28.0|218,745
8|745|sample|10|218,5.70282,450.12,1.32331,30.2017,6468.06,11.649,5.69621,451.358,1.32437,30.642,6472.19,11.6532,True,28.0|218,745
8|745|sample|9|218,5.70282,450.12,1.32331,28.9718,6468.06,11.649,5.69621,451.358,1.32437,28.2238,6472.19,11.6532,True,28.0|218,745
8|745|sample|4|218,5.7,450.12,1.32331,25.6422,6468.06,11.649,5.69336,451.358,1.32437,25.9599,6472.19,11.6532,True,22.0|218,745
8|745|cc|1|1|218,5.69961,450.12,1.32326,84.2118,6468.06,11.649,5.69297,451.358,1.32431,48.7108,6472.19,11.6532,False,69.0|218,745
8|745|cc|2|1|218,5.69961,450.12,1.32326,68.6526,6468.06,11.649,5.69297,451.358,1.32431,48.7109,6472.19,11.6532,False,69.0|218,745
8|745|cc|3|1|218,5.69961,450.12,1.32326,70.1147,6468.06,11.649,5.69297,451.358,1.32431,48.7109,6472.19,11.6532,False,69.0|218,745
8|745|cc|4|1|218,5.69961,450.12,1.32326,82.7135,6468.06,11.649,5.69297,451.358,1.32431,48.7109,6472.19,11.6532,False,69.0|218,745
8|745|cc|5|1|218,5.69961,450.12,1.32326,78.7397,6468.06,11.649,5.69297,451.358,1.32431,48.7109,6472.19,11.6532,False,69.0|218,745
8|745|cc|6|1|218,5.69961,450.12,1.32326,81.9989,6468.06,11.649,5.69297,451.358,1.32431,48.7108,6472.19,11.6532,False,69.0|218,745
8|745|cc|7|1|218,5.69961,450.12,1.32326,76.173,6468.06,11.649,5.69297,451.358,1.32431,48.7109,6472.19,11.6532,False,69.0|218,745
8|745|cc|8|1|218,5.69961,450.12,1.32326,86.4966,6468.06,11.649,5.69297,451.358,1.32431,48.7109,6472.19,11.6532,False,69.0|218,745
8|745|vc|1|2|218,5.69961,450.12,1.32326,64.3938,6468.06,11.649,5.69297,451.358,1.32431,48.7109,6472.19,11.6532,False,69.0|218,745
8|745|vc|2|2|218,5.69961,450.12,1.32326,78.1845,6468.06,11.649,5.69297,451.358,1.32431,48.7109,6472.19,11.6532,False,69.0|218,745
8|745|vc|3|2|218,5.69961,450.12,1.32326,77.5777,6468.06,11.649,5.69297,451.358,1.32431,48.7108,6472.19,11.6532,False,69.0|218,745
8|745|vc|4|2|218,5.69961,450.12,1.32326,78.0121,6468.06,11.649,5.69297,451.358,1.32431,48.7109,6472.19,11.6532,False,69.0|218,745
8|745|vc|5|2|218,5.69961,450.12,1.32326,82.4497,6468.06,11.649,5.69297,451.358,1.32431,48.7108,6472.19,11.6532,False,69.0|218,745
8|745|vc|6|2|218,5.69961,450.12,1.32326,78.9547,6468.06,11.649,5.69297,451.358,1.32431,48.7108,6472.19,11.6532,False,69.0|218,745
8|745|vc|7|2|218,5.69961,450.12,1.32326,72.8572,6468.06,11.649,5.69297,451.358,1.32431,48.7109,6472.19,11.6532,False,69.0|218,745
8|745|vc|8|2|218,5.69961,450.12,1.32326,74.4105,6468.06,11.649,5.69297,451.358,1.32431,48.7109,6472.19,11.6532,False,69.0|218,745
8|322|sample|6|174,5.6996,450.12,1.32331,122.488,6468.06,11.6489,5.69295,451.358,1.32437,123.567,6472.19,11.6531,True,55.0|174,322
8|322|sample|5|174,5.6996,450.12,1.32331,132.241,6468.06,11.6489,5.69295,451.358,1.32437,133.668,6472.19,11.6531,True,55.0|174,322
8|322|sample|3|174,5.6996,450.12,1.32331,133.855,6468.06,11.6489,5.69295,451.358,1.32437,136.223,6472.19,11.6531,True,55.0|174,322
8|322|sample|4|174,5.6996,450.12,1.32331,106.771,6468.06,11.6489,5.69295,451.358,1.32437,105.358,6472.19,11.6531,True,55.0|174,322
8|322|sample|10|174,5.69884,450.12,1.32331,108.831,6468.06,11.6489,5.69218,451.358,1.32437,111.408,6472.19,11.6531,True,32.0|174,322
8|322|sample|9|174,5.69884,450.12,1.32331,81.4662,6468.06,11.6489,5.69218,451.358,1.32437,85.1118,6472.19,11.6531,True,32.0|174,322
8|322|sample|7|174,5.69884,450.12,1.32331,77.1145,6468.06,11.6489,5.69218,451.358,1.32437,80.686,6472.19,11.6531,True,32.0|174,322
8|322|sample|8|174,5.69884,450.12,1.32331,81.0036,6468.06,11.6489,5.69218,451.358,1.32437,76.1619,6472.19,11.6531,True,32.0|174,322
8|322|sample|12|174,5.69982,450.12,1.32331,73.1351,6468.06,11.6489,5.69317,451.358,1.32437,72.7523,6472.19,11.6531,True,22.0|174,322
8|322|sample|11|174,5.69982,450.12,1.32331,62.8371,6468.06,11.6489,5.69317,451.358,1.32437,60.4677,6472.19,11.6531,True,22.0|174,322
8|322|cc|1|1|174,5.69976,450.12,1.32326,0.115783,6468.06,11.6489,5.69311,451.358,1.32431,0.0521514,6472.19,11.6531,False,69.0|174,322
8|322|cc|2|1|174,5.69976,450.12,1.32326,0.0922212,6468.06,11.6489,5.69311,451.358,1.32431,0.0521514,6472.19,11.6531,False,69.0|174,322
8|322|cc|3|1|174,5.69976,450.12,1.32326,0.0996322,6468.06,11.6489,5.69311,451.358,1.32431,0.0521514,6472.19,11.6531,False,69.0|174,322
8|322|cc|4|1|174,5.69976,450.12,1.32326,0.0989889,6468.06,11.6489,5.69311,451.358,1.32431,0.0521514,6472.19,11.6531,False,69.0|174,322
8|322|cc|5|1|174,5.69976,450.12,1.32326,0.0943829,6468.06,11.6489,5.69311,451.358,1.32431,0.0521514,6472.19,11.6531,False,69.0|174,322
8|322|cc|6|1|174,5.69976,450.12,1.32326,0.0940435,6468.06,11.6489,5.69311,451.358,1.32431,0.0521514,6472.19,11.6531,False,69.0|174,322
8|322|cc|7|1|174,5.69976,450.12,1.32326,0.11692,6468.06,11.6489,5.69311,451.358,1.32431,0.0521514,6472.19,11.6531,False,69.0|174,322
8|322|cc|8|1|174,5.69976,450.12,1.32326,0.0950716,6468.06,11.6489,5.69311,451.358,1.32431,0.0521514,6472.19,11.6531,False,69.0|174,322
8|322|vc|1|2|174,5.69976,450.12,1.32326,0.0951833,6468.06,11.6489,5.69311,451.358,1.32431,0.0521514,6472.19,11.6531,False,69.0|174,322
8|322|vc|2|2|174,5.69976,450.12,1.32326,0.0937279,6468.06,11.6489,5.69311,451.358,1.32431,0.0521514,6472.19,11.6531,False,69.0|174,322
8|322|vc|3|2|174,5.69976,450.12,1.32326,0.0895813,6468.06,11.6489,5.69311,451.358,1.32431,0.0521514,6472.19,11.6531,False,69.0|174,322
8|322|vc|4|2|174,5.69976,450.12,1.32326,0.0978612,6468.06,11.6489,5.69311,451.358,1.32431,0.0521514,6472.19,11.6531,False,69.0|174,322
8|322|vc|5|2|174,5.69976,450.12,1.32326,0.122657,6468.06,11.6489,5.69311,451.358,1.32431,0.0521514,6472.19,11.6531,False,69.0|174,322
8|322|vc|6|2|174,5.69976,450.12,1.32326,0.0924706,6468.06,11.6489,5.69311,451.358,1.32431,0.0521514,6472.19,11.6531,False,69.0|174,322
8|322|vc|7|2|174,5.69976,450.12,1.32326,0.101085,6468.06,11.6489,5.69311,451.358,1.32431,0.0521514,6472.19,11.6531,False,69.0|174,322
8|322|vc|8|2|174,5.69976,450.12,1.32326,0.0919415,6468.06,11.6489,5.69311,451.358,1.32431,0.0521514,6472.19,11.6531,False,69.0|174,322
8|1043|sample|6|174,5.70005,450.12,1.32331,68.8396,6468.06,11.6489,5.69341,451.358,1.32437,71.8393,6472.19,11.6531,True,65.0|174,1043
8|1043|sample|7|174,5.70005,450.12,1.32331,174.136,6468.06,11.6489,5.69341,451.358,1.32437,182.472,6472.19,11.6531,True,65.0|174,1043
8|1043|sample|8|174,5.70005,450.12,1.32331,120.768,6468.06,11.6489,5.69341,451.358,1.32437,116.242,6472.19,11.6531,True,65.0|174,1043
8|1043|sample|5|174,5.70005,450.12,1.32331,90.1987,6468.06,11.6489,5.69341,451.358,1.32437,89.7143,6472.19,11.6531,True,65.0|174,1043
8|1043|sample|11|174,5.69986,450.12,1.32331,127.182,6468.06,11.6489,5.69321,451.358,1.32437,128.448,6472.19,11.6531,True,28.0|174,1043
8|1043|sample|12|174,5.69986,450.12,1.32331,99.4028,6468.06,11.6489,5.69321,451.358,1.32437,104.2,6472.19,11.6531,True,28.0|174,1043
8|1043|sample|10|174,5.69986,450.12,1.32331,64.9794,6468.06,11.6489,5.69321,451.358,1.32437,66.9576,6472.19,11.6531,True,28.0|174,1043
8|1043|sample|9|174,5.69986,450.12,1.32331,56.5348,6468.06,11.6489,5.69321,451.358,1.32437,57.1893,6472.19,11.6531,True,28.0|174,1043
8|1043|sample|4|174,5.69982,450.12,1.32331,54.1801,6468.06,11.6489,5.69317,451.358,1.32437,52.7662,6472.19,11.6531,True,22.0|174,1043
8|1043|sample|3|174,5.69982,450.12,1.32331,51.1465,6468.06,11.6489,5.69317,451.358,1.32437,50.6492,6472.19,11.6531,True,22.0|174,1043
8|1043|cc|1|1|174,5.69976,450.12,1.32326,0.104165,6468.06,11.6489,5.69311,451.358,1.32431,0.0521514,6472.19,11.6531,False,69.0|174,1043
8|1043|cc|2|1|174,5.69976,450.12,1.32326,0.091552,6468.06,11.6489,5.69311,451.358,1.32431,0.0521514,6472.19,11.6531,False,69.0|174,1043
8|1043|cc|3|1|174,5.69976,450.12,1.32326,0.101976,6468.06,11.6489,5.69311,451.358,1.32431,0.0521514,6472.19,11.6531,False,69.0|174,1043
8|1043|cc|4|1|174,5.69976,450.12,1.32326,0.092858,6468.06,11.6489,5.69311,451.358,1.32431,0.0521514,6472.19,11.6531,False,69.0|174,1043
8|1043|cc|5|1|174,5.69976,450.12,1.32326,0.0854189,6468.06,11.6489,5.69311,451.358,1.32431,0.0521514,6472.19,11.6531,False,69.0|174,1043
8|1043|cc|6|1|174,5.69976,450.12,1.32326,0.0926492,6468.06,11.6489,5.69311,451.358,1.32431,0.0521514,6472.19,11.6531,False,69.0|174,1043
8|1043|cc|7|1|174,5.69976,450.12,1.32326,0.0902926,6468.06,11.6489,5.69311,451.358,1.32431,0.0521514,6472.19,11.6531,False,69.0|174,1043
8|1043|cc|8|1|174,5.69976,450.12,1.32326,0.0885677,6468.06,11.6489,5.69311,451.358,1.32431,0.0521514,6472.19,11.6531,False,69.0|174,1043
8|1043|vc|1|2|174,5.69976,450.12,1.32326,0.0923358,6468.06,11.6489,5.69311,451.358,1.32431,0.0521514,6472.19,11.6531,False,69.0|174,1043
8|1043|vc|2|2|174,5.69976,450.12,1.32326,0.0943057,6468.06,11.6489,5.69311,451.358,1.32431,0.0521514,6472.19,11.6531,False,69.0|174,1043
8|1043|vc|3|2|174,5.69976,450.12,1.32326,0.0962907,6468.06,11.6489,5.69311,451.358,1.32431,0.0521514,6472.19,11.6531,False,69.0|174,1043
8|1043|vc|4|2|174,5.69976,450.12,1.32326,0.0905043,6468.06,11.6489,5.69311,451.358,1.32431,0.0521514,6472.19,11.6531,False,69.0|174,1043
8|1043|vc|5|2|174,5.69976,450.12,1.32326,0.104566,6468.06,11.6489,5.69311,451.358,1.32431,0.0521514,6472.19,11.6531,False,69.0|174,1043
8|1043|vc|6|2|174,5.69976,450.12,1.32326,0.0970436,6468.06,11.6489,5.69311,451.358,1.32431,0.0521514,6472.19,11.6531,False,69.0|174,1043
8|1043|vc|7|2|174,5.69976,450.12,1.32326,0.120791,6468.06,11.6489,5.69311,451.358,1.32431,0.0521514,6472.19,11.6531,False,69.0|174,1043
8|1043|vc|8|2|174,5.69976,450.12,1.32326,0.0948215,6468.06,11.6489,5.69311,451.358,1.32431,0.0521514,6472.19,11.6531,False,69.0|174,1043
8|963|sample|6|319,5.7001,450.12,1.32331,1023.03,6468.06,11.649,5.69346,451.358,1.32437,1020.67,6472.19,11.6531,True,55.0|319,963
8|963|sample|5|319,5.7001,450.12,1.32331,790.859,6468.06,11.649,5.69346,451.358,1.32437,780.166,6472.19,11.6531,True,55.0|319,963
8|963|sample|4|319,5.7001,450.12,1.32331,611.399,6468.06,11.649,5.69346,451.358,1.32437,634.917,6472.19,11.6531,True,55.0|319,963
8|963|sample|3|319,5.7001,450.12,1.32331,569.083,6468.06,11.649,5.69346,451.358,1.32437,580.843,6472.19,11.6531,True,55.0|319,963
8|963|sample|10|319,5.69973,450.12,1.32331,93.8235,6468.06,11.649,5.69309,451.358,1.32437,94.7245,6472.19,11.6531,True,32.0|319,963
8|963|sample|9|319,5.69973,450.12,1.32331,104.213,6468.06,11.649,5.69309,451.358,1.32437,106.27,6472.19,11.6531,True,32.0|319,963
8|963|sample|7|319,5.69973,450.12,1.32331,111.559,6468.06,11.649,5.69309,451.358,1.32437,112.882,6472.19,11.6531,True,32.0|319,963
8|963|sample|8|319,5.69973,450.12,1.32331,81.2023,6468.06,11.649,5.69309,451.358,1.32437,80.8783,6472.19,11.6531,True,32.0|319,963
8|963|sample|11|319,5.70097,450.12,1.32331,15.8096,6468.06,11.649,5.69435,451.358,1.32437,16.027,6472.19,11.6531,True,22.0|319,963
8|963|sample|12|319,5.70097,450.12,1.32331,15.2546,6468.06,11.649,5.69435,451.358,1.32437,15.9472,6472.19,11.6531,True,22.0|319,963
8|963|cc|1|1|319,5.69949,450.12,1.32326,1.31266,6468.06,11.649,5.69284,451.358,1.32431,0.849628,6472.19,11.6531,False,69.0|319,963
8|963|cc|2|1|319,5.69949,450.12,1.32326,1.22522,6468.06,11.649,5.69284,451.358,1.32431,0.849628,6472.19,11.6531,False,69.0|319,963
8|963|cc|3|1|319,5.69949,450.12,1.32326,1.36217,6468.06,11.649,5.69284,451.358,1.32431,0.849628,6472.19,11.6531,False,69.0|319,963
8|963|cc|4|1|319,5.69949,450.12,1.32326,1.15026,6468.06,11.649,5.69284,451.358,1.32431,0.849628,6472.19,11.6531,False,69.0|319,963
8|963|cc|5|1|319,5.69949,450.12,1.32326,1.1642,6468.06,11.649,5.69284,451.358,1.32431,0.849628,6472.19,11.6531,False,69.0|319,963
8|963|cc|6|1|319,5.69949,450.12,1.32326,0.994199,6468.06,11.649,5.69284,451.358,1.32431,0.849628,6472.19,11.6531,False,69.0|319,963
8|963|cc|7|1|319,5.69949,450.12,1.32326,1.53634,6468.06,11.649,5.69284,451.358,1.32431,0.849628,6472.19,11.6531,False,69.0|319,963
8|963|cc|8|1|319,5.69949,450.12,1.32326,1.33659,6468.06,11.649,5.69284,451.358,1.32431,0.849628,6472.19,11.6531,False,69.0|319,963
8|963|vc|1|2|319,5.69949,450.12,1.32326,1.04652,6468.06,11.649,5.69284,451.358,1.32431,0.849628,6472.19,11.6531,False,69.0|319,963
8|963|vc|2|2|319,5.69949,450.12,1.32326,1.37651,6468.06,11.649,5.69284,451.358,1.32431,0.849628,6472.19,11.6531,False,69.0|319,963
8|963|vc|3|2|319,5.69949,450.12,1.32326,1.29194,6468.06,11.649,5.69284,451.358,1.32431,0.849628,6472.19,11.6531,False,69.0|319,963
8|963|vc|4|2|319,5.69949,450.12,1.32326,1.42346,6468.06,11.649,5.69284,451.358,1.32431,0.849628,6472.19,11.6531,False,69.0|319,963
8|963|vc|5|2|319,5.69949,450.12,1.32326,1.22662,6468.06,11.649,5.69284,451.358,1.32431,0.849628,6472.19,11.6531,False,69.0|319,963
8|963|vc|6|2|319,5.69949,450.12,1.32326,1.17088,6468.06,11.649,5.69284,451.358,1.32431,0.849628,6472.19,11.6531,False,69.0|319,963
8|963|vc|7|2|319,5.69949,450.12,1.32326,1.33026,6468.06,11.649,5.69284,451.358,1.32431,0.849628,6472.19,11.6531,False,69.0|319,963
8|963|vc|8|2|319,5.69949,450.12,1.32326,1.54877,6468.06,11.649,5.69284,451.358,1.32431,0.849628,6472.19,11.6531,False,69.0|319,963
8|1260|sample|8|319,5.70025,450.12,1.32331,598.451,6468.06,11.649,5.6936,451.358,1.32437,583.07,6472.19,11.6531,True,65.0|319,1260
8|1260|sample|7|319,5.70025,450.12,1.32331,909.533,6468.06,11.649,5.6936,451.358,1.32437,862.535,6472.19,11.6531,True,65.0|319,1260
8|1260|sample|6|319,5.70025,450.12,1.32331,175.869,6468.06,11.649,5.6936,451.358,1.32437,171.788,6472.19,11.6531,True,65.0|319,1260
8|1260|sample|5|319,5.70025,450.12,1.32331,149.983,6468.06,11.649,5.6936,451.358,1.32437,154.364,6472.19,11.6531,True,65.0|319,1260
8|1260|sample|11|319,5.70034,450.12,1.32331,67.0851,6468.06,11.649,5.69369,451.358,1.32437,65.8256,6472.19,11.6531,True,28.0|319,1260
8|1260|sample|12|319,5.70034,450.12,1.32331,51.1665,6468.06,11.649,5.69369,451.358,1.32437,52.3392,6472.19,11.6531,True,28.0|319,1260
8|1260|sample|10|319,5.70034,450.12,1.32331,30.8871,6468.06,11.649,5.69369,451.358,1.32437,31.154,6472.19,11.6531,True,28.0|319,1260
8|1260|sample|9|319,5.70034,450.12,1.32331,26.317,6468.06,11.649,5.69369,451.358,1.32437,26.3871,6472.19,11.6531,True,28.0|319,1260
8|1260|sample|4|319,5.70097,450.12,1.32331,16.1183,6468.06,11.649,5.69435,451.358,1.32437,16.2988,6472.19,11.6531,True,22.0|319,1260
8|1260|sample|3|319,5.70097,450.12,1.32331,14.7849,6468.06,11.649,5.69435,451.358,1.32437,14.826,6472.19,11.6531,True,22.0|319,1260
8|1260|cc|1|1|319,5.69949,450.12,1.32326,1.40037,6468.06,11.649,5.69284,451.358,1.32431,0.849628,6472.19,11.6531,False,69.0|319,1260
8|1260|cc|2|1|319,5.69949,450.12,1.32326,1.63043,6468.06,11.649,5.69284,451.358,1.32431,0.849628,6472.19,11.6531,False,69.0|319,1260
8|1260|cc|3|1|319,5.69949,450.12,1.32326,1.23314,6468.06,11.649,5.69284,451.358,1.32431,0.849628,6472.19,11.6531,False,69.0|319,1260
8|1260|cc|4|1|319,5.69949,450.12,1.32326,1.15331,6468.06,11.649,5.69284,451.358,1.32431,0.849628,6472.19,11.6531,False,69.0|319,1260
8|1260|cc|5|1|319,5.69949,450.12,1.32326,1.35008,6468.06,11.649,5.69284,451.358,1.32431,0.849628,6472.19,11.6531,False,69.0|319,1260
8|1260|cc|6|1|319,5.69949,450.12,1.32326,1.33845,6468.06,11.649,5.69284,451.358,1.32431,0.849628,6472.19,11.6531,False,69.0|319,1260
8|1260|cc|7|1|319,5.69949,450.12,1.32326,1.4277,6468.06,11.649,5.69284,451.358,1.32431,0.849628,6472.19,11.6531,False,69.0|319,1260
8|1260|cc|8|1|319,5.69949,450.12,1.32326,1.37113,6468.06,11.649,5.69284,451.358,1.32431,0.849628,6472.19,11.6531,False,69.0|319,1260
8|1260|vc|1|2|319,5.69949,450.12,1.32326,1.12039,6468.06,11.649,5.69284,451.358,1.32431,0.849628,6472.19,11.6531,False,69.0|319,1260
8|1260|vc|2|2|319,5.69949,450.12,1.32326,1.23507,6468.06,11.649,5.69284,451.358,1.32431,0.849628,6472.19,11.6531,False,69.0|319,1260
8|1260|vc|3|2|319,5.69949,450.12,1.32326,1.35606,6468.06,11.649,5.69284,451.358,1.32431,0.849628,6472.19,11.6531,False,69.0|319,1260
8|1260|vc|4|2|319,5.69949,450.12,1.32326,1.15564,6468.06,11.649,5.69284,451.358,1.32431,0.849628,6472.19,11.6531,False,69.0|319,1260
8|1260|vc|5|2|319,5.69949,450.12,1.32326,1.58179,6468.06,11.649,5.69284,451.358,1.32431,0.849628,6472.19,11.6531,False,69.0|319,1260
8|1260|vc|6|2|319,5.69949,450.12,1.32326,1.45181,6468.06,11.649,5.69284,451.358,1.32431,0.849628,6472.19,11.6531,False,69.0|319,1260
8|1260|vc|7|2|319,5.69949,450.12,1.32326,1.24938,6468.06,11.649,5.69284,451.358,1.32431,0.849628,6472.19,11.6531,False,69.0|319,1260
8|1260|vc|8|2|319,5.69949,450.12,1.32326,1.40782,6468.06,11.649,5.69284,451.358,1.32431,0.849628,6472.19,11.6531,False,69.0|319,1260
