id,time,ysample,concentration,plate_row,plate_col,a_m4b,c_m4b,cc_mean,popPred_medianCOV,popPred,indivPred_SAEM,indivPred_mode,indWRes_SAEM,indWRes_mode
411|4,0.0457247370827617,53482,0.0457247370827617,1,4,0.1870813277260632,60814.5933828144,910,56740.1,53763.9,54214.8,54141.5,-0.0677343,-0.0610418
411|4,0.1371742112482853,45186,0.1371742112482853,2,4,0.1870813277260632,60814.5933828144,910,59255.9,47936.9,49428.5,49183.4,-0.429902,-0.40707
411|4,0.411522633744856,36004,0.411522633744856,3,4,0.1870813277260632,60814.5933828144,910,59838.6,30018.1,32551.7,32120.5,0.529508,0.603574
411|4,1.23456790123457,15537,1.23456790123457,4,4,0.1870813277260632,60814.5933828144,910,58653,11853.2,13460,13176.5,0.760395,0.882365
411|4,3.7037037037037,4302,3.7037037037037,5,4,0.1870813277260632,60814.5933828144,910,53044.1,3883.85,4403.28,4310.58,-0.108392,-0.00936289
411|4,11.1111111111111,1258,11.1111111111111,6,4,0.1870813277260632,60814.5933828144,910,37541,1629.08,1760.19,1736.86,-1.22509,-1.18152
411|4,33.3333333333333,948,33.3333333333333,7,4,0.1870813277260632,60814.5933828144,910,16876.4,1077.57,1108.26,1102.84,-0.571228,-0.554029
411|4,100,850,100,8,4,0.1870813277260632,60814.5933828144,910,5416.76,948.25,955.118,953.915,-0.420185,-0.415773
411|3,0.0457247370827617,58138,0.0457247370827617,1,3,0.1870813277260632,60814.5933828144,910,56388.4,53430.9,51262.4,51250.6,0.671932,0.673247
411|3,0.1371742112482853,40956,0.1371742112482853,2,3,0.1870813277260632,60814.5933828144,910,58904.8,47653.7,41314.6,41287,-0.0434236,-0.0401063
411|3,0.411522633744856,25675,0.411522633744856,3,3,0.1870813277260632,60814.5933828144,910,59489.5,29845.7,21438.7,21412.6,0.981833,0.989062
411|3,1.23456790123457,7926,1.23456790123457,4,3,0.1870813277260632,60814.5933828144,910,58312.7,11788.7,7478.2,7468.56,0.289924,0.296536
411|3,3.7037037037037,2156,3.7037037037037,5,3,0.1870813277260632,60814.5933828144,910,52736.9,3866.33,2586.21,2584,-0.749727,-0.74645
411|3,11.1111111111111,986,11.1111111111111,6,3,0.1870813277260632,60814.5933828144,910,37324.1,1624.82,1308.67,1308.25,-1.00733,-1.00628
411|3,33.3333333333333,960,33.3333333333333,7,3,0.1870813277260632,60814.5933828144,910,16780.3,1076.57,1002.83,1002.76,-0.164968,-0.164706
411|3,100,882,100,8,3,0.1870813277260632,60814.5933828144,910,5388.38,948.015,931.505,931.495,-0.201661,-0.201624
411|5,0.002286236854138,55169,0.002286236854138,1,5,0.1870813277260632,60814.5933828144,910,56891.1,56830.1,56848.9,56846.4,-0.148129,-0.147911
411|5,0.0068587105624142,55989,0.0068587105624142,2,5,0.1870813277260632,60814.5933828144,910,59489.1,59222.3,59306,59294.7,-0.280421,-0.279517
411|5,0.0205761316872428,54885,0.0205761316872428,3,5,0.1870813277260632,60814.5933828144,910,60423.4,59281.5,59636.5,59588.5,-0.399478,-0.395761
411|5,0.0617283950617284,49434,0.0617283950617284,4,5,0.1870813277260632,60814.5933828144,910,60698.9,56079.8,57455.4,57267.3,-0.699863,-0.685682
411|5,0.1851851851851852,45208,0.1851851851851852,5,5,0.1870813277260632,60814.5933828144,910,60573.2,44851.9,48825,48254.3,-0.371016,-0.316146
411|5,0.5555555555555556,30556,0.5555555555555556,6,5,0.1870813277260632,60814.5933828144,910,59739.6,24269.8,29735.2,28866.8,0.137693,0.291805
411|5,1.66666666666667,13064,1.66666666666667,7,5,0.1870813277260632,60814.5933828144,910,56679.2,8589.01,11443.3,10950,0.695164,0.946529
411|5,5,2918,5,8,5,0.1870813277260632,60814.5933828144,910,46950.7,2815.72,3636.22,3489.99,-0.918234,-0.759451
411|6,0.002286236854138,62015,0.002286236854138,1,6,0.1870813277260632,60814.5933828144,910,56932.3,56871.4,56892.8,56889.8,0.451301,0.451592
411|6,0.0068587105624142,61528,0.0068587105624142,2,6,0.1870813277260632,60814.5933828144,910,59530.3,59263.4,59358.9,59345.5,0.183212,0.184389
411|6,0.0205761316872428,61845,0.0205761316872428,3,6,0.1870813277260632,60814.5933828144,910,60464.6,59321.9,59727.5,59670.4,0.177757,0.182724
411|6,0.0617283950617284,54318,0.0617283950617284,4,6,0.1870813277260632,60814.5933828144,910,60740.1,56117.9,57693.7,57468.5,-0.29332,-0.27482
411|6,0.1851851851851852,48773,0.1851851851851852,5,6,0.1870813277260632,60814.5933828144,910,60614.4,44882.2,49476.8,48781.3,-0.0712468,-0.000856848
411|6,0.5555555555555556,29602,0.5555555555555556,6,6,0.1870813277260632,60814.5933828144,910,59780.4,24286,30739.5,29640.4,-0.184655,-0.00645967
411|6,1.66666666666667,12240,1.66666666666667,7,6,0.1870813277260632,60814.5933828144,910,56718.5,8594.42,12034.5,11386.7,0.0839094,0.367771
411|6,5,3840,5,8,6,0.1870813277260632,60814.5933828144,910,46984.6,2817.12,3814.99,3619.79,0.0305823,0.28271
411|8,0.0457247370827617,49844,0.0457247370827617,1,8,0.1870813277260632,60814.5933828144,910,56867.4,53884.5,53400.8,53252.1,-0.333755,-0.320692
411|8,0.1371742112482853,46084,0.1371742112482853,2,8,0.1870813277260632,60814.5933828144,910,59383.1,48039.4,46506.6,46053.7,-0.0454908,0.00329331
411|8,0.411522633744856,29492,0.411522633744856,3,8,0.1870813277260632,60814.5933828144,910,59964.9,30080.6,27724.5,27078.1,0.317793,0.444245
411|8,1.23456790123457,12168,1.23456790123457,4,8,0.1870813277260632,60814.5933828144,910,58776.2,11876.5,10521.3,10174.2,0.766486,0.958786
411|8,3.7037037037037,3114,3.7037037037037,5,8,0.1870813277260632,60814.5933828144,910,53155.3,3890.2,3469.58,3365.42,-0.474667,-0.345148
411|8,11.1111111111111,1024,11.1111111111111,6,8,0.1870813277260632,60814.5933828144,910,37619.6,1630.62,1525.4,1499.74,-1.38,-1.32801
411|8,33.3333333333333,882,33.3333333333333,7,8,0.1870813277260632,60814.5933828144,910,16911.2,1077.93,1053.29,1047.34,-0.635227,-0.615871
411|8,100,778,100,8,8,0.1870813277260632,60814.5933828144,910,5427.04,948.335,942.803,941.481,-0.665262,-0.660624
411|7,0.0457247370827617,51443,0.0457247370827617,1,7,0.1870813277260632,60814.5933828144,910,56908.6,53923.6,53153.9,52994.8,-0.161283,-0.146721
411|7,0.1371742112482853,47489,0.1371742112482853,2,7,0.1870813277260632,60814.5933828144,910,59424.3,48072.6,45668.6,45197.4,0.199551,0.253805
411|7,0.411522633744856,28239,0.411522633744856,3,7,0.1870813277260632,60814.5933828144,910,60005.9,30100.8,26509.3,25873.3,0.325083,0.455417
411|7,1.23456790123457,11458,1.23456790123457,4,7,0.1870813277260632,60814.5933828144,910,58816.1,11884.1,9868.49,9542.78,0.78734,0.980052
411|7,3.7037037037037,2676,3.7037037037037,5,7,0.1870813277260632,60814.5933828144,910,53191.4,3892.25,3273.03,3177.12,-0.840762,-0.725124
411|7,11.1111111111111,1026,11.1111111111111,6,7,0.1870813277260632,60814.5933828144,910,37645,1631.12,1476.72,1453.22,-1.2744,-1.22409
411|7,33.3333333333333,928,33.3333333333333,7,7,0.1870813277260632,60814.5933828144,910,16922.5,1078.05,1041.93,1036.49,-0.426084,-0.407383
411|7,100,848,100,8,7,0.1870813277260632,60814.5933828144,910,5430.37,948.362,940.262,939.052,-0.373194,-0.368659
411|9,0.002286236854138,52761,0.002286236854138,1,9,0.1870813277260632,60814.5933828144,910,56763.7,56702.9,56714.6,56712.5,-0.349429,-0.349255
411|9,0.0068587105624142,58591,0.0068587105624142,2,9,0.1870813277260632,60814.5933828144,910,59361.7,59095.4,59147.6,59138.2,-0.0471804,-0.0463938
411|9,0.0205761316872428,53528,0.0205761316872428,3,9,0.1870813277260632,60814.5933828144,910,60296,59156.5,59377.2,59337.7,-0.493906,-0.490896
411|9,0.0617283950617284,55935,0.0617283950617284,4,9,0.1870813277260632,60814.5933828144,910,60571.6,55962.3,56811,56658.5,-0.0772925,-0.0640112
411|9,0.1851851851851852,49128,0.1851851851851852,5,9,0.1870813277260632,60814.5933828144,910,60446.2,44758.3,47149.7,46709.1,0.210088,0.259287
411|9,0.5555555555555556,28450,0.5555555555555556,6,9,0.1870813277260632,60814.5933828144,910,59613.7,24219.8,27344,26736.9,0.201578,0.319251
411|9,1.66666666666667,10662,1.66666666666667,7,9,0.1870813277260632,60814.5933828144,910,56557.9,8572.31,10128.6,9813.21,0.25765,0.422732
411|9,5,3030,5,8,9,0.1870813277260632,60814.5933828144,910,46845.9,2811.38,3249.82,3159.87,-0.31158,-0.188858
411|10,0.002286236854138,53166,0.002286236854138,1,10,0.1870813277260632,60814.5933828144,910,56411.9,56351.3,56372.2,56370.8,-0.285086,-0.284967
411|10,0.0068587105624142,61628,0.0068587105624142,2,10,0.1870813277260632,60814.5933828144,910,59009.9,58745.1,58838.3,58832,0.237713,0.238274
411|10,0.0205761316872428,54148,0.0205761316872428,3,10,0.1870813277260632,60814.5933828144,910,59944.2,58811.4,59206.6,59180,-0.428375,-0.426313
411|10,0.0617283950617284,54949,0.0617283950617284,4,10,0.1870813277260632,60814.5933828144,910,60220,55637.8,57173.1,57068.5,-0.195002,-0.186174
411|10,0.1851851851851852,46394,0.1851851851851852,5,10,0.1870813277260632,60814.5933828144,910,60095.3,44499.8,48970.4,48648,-0.263496,-0.232041
411|10,0.5555555555555556,30684,0.5555555555555556,6,10,0.1870813277260632,60814.5933828144,910,59266,24081.7,30342.7,29832.1,0.0561253,0.142459
411|10,1.66666666666667,13846,1.66666666666667,7,10,0.1870813277260632,60814.5933828144,910,56223,8526.18,11853.6,11552.2,0.825783,0.974876
411|10,5,3124,5,8,10,0.1870813277260632,60814.5933828144,910,46556.6,2799.41,3762.95,3672.34,-0.791448,-0.694681
411|12,0.0457247370827617,47309,0.0457247370827617,1,12,0.1870813277260632,60814.5933828144,910,52825.6,50056.8,48915.2,48894.7,-0.164458,-0.16242
411|12,0.1371742112482853,39899,0.1371742112482853,2,12,0.1870813277260632,60814.5933828144,910,55347,44785.2,41286.2,41230,-0.168082,-0.161493
411|12,0.411522633744856,26409,0.411522633744856,3,12,0.1870813277260632,60814.5933828144,910,55953.1,28098.3,23081.5,23014.2,0.717039,0.733647
411|12,1.23456790123457,9114,1.23456790123457,4,12,0.1870813277260632,60814.5933828144,910,54865.2,11135.1,8413.48,8382.62,0.404895,0.424238
411|12,3.7037037037037,2878,3.7037037037037,5,12,0.1870813277260632,60814.5933828144,910,49624.3,3688.77,2863.78,2855.39,0.0226039,0.0360545
411|12,11.1111111111111,968,11.1111111111111,6,12,0.1870813277260632,60814.5933828144,910,35125.8,1581.72,1376.89,1374.96,-1.22472,-1.22036
411|12,33.3333333333333,796,33.3333333333333,7,12,0.1870813277260632,60814.5933828144,910,15806.8,1066.41,1018.61,1018.19,-0.847168,-0.845853
411|12,100,796,100,8,12,0.1870813277260632,60814.5933828144,910,5100.84,945.637,934.961,934.876,-0.564491,-0.564182
411|11,0.0457247370827617,54260,0.0457247370827617,1,11,0.1870813277260632,60814.5933828144,910,55430.4,52523.7,52054.4,51985.5,0.212289,0.219204
411|11,0.1371742112482853,45084,0.1371742112482853,2,11,0.1870813277260632,60814.5933828144,910,57948.1,46882.4,45393.5,45184.2,-0.034129,-0.0111028
411|11,0.411522633744856,27045,0.411522633744856,3,11,0.1870813277260632,60814.5933828144,910,58538.6,29375.8,27085.7,26786.7,-0.0074927,0.0480421
411|11,1.23456790123457,12392,1.23456790123457,4,11,0.1870813277260632,60814.5933828144,910,57385.7,11612.9,10295.3,10134.8,0.996767,1.08956
411|11,3.7037037037037,3032,3.7037037037037,5,11,0.1870813277260632,60814.5933828144,910,51899.9,3818.59,3409.59,3361.66,-0.51219,-0.453023
411|11,11.1111111111111,1264,11.1111111111111,6,11,0.1870813277260632,60814.5933828144,910,36733,1613.23,1510.93,1499.21,-0.685038,-0.656766
411|11,33.3333333333333,860,33.3333333333333,7,11,0.1870813277260632,60814.5933828144,910,16518.5,1073.84,1049.88,1047.19,-0.705954,-0.697325
411|11,100,802,100,8,11,0.1870813277260632,60814.5933828144,910,5311.07,947.376,942.006,941.413,-0.565524,-0.563395
783|3,0.00128,68212.8,0.00128,1,3,0.1361414512255062,67826.8686521656,572.004,64230,64225.8,64231.1,64231.1,0.310925,0.310925
783|3,0.0064,68155.2,0.0064,2,3,0.1361414512255062,67826.8686521656,572.004,66352,66306.6,66353.3,66353.3,0.136226,0.13623
783|3,0.032,68608.8,0.032,3,3,0.1361414512255062,67826.8686521656,572.004,67105.1,66716.9,67113.1,67112.7,0.111805,0.111837
783|3,0.16,64072.8,0.16,4,3,0.1361414512255062,67826.8686521656,572.004,67221.2,64086.4,67286.8,67283.2,-0.239632,-0.239379
783|3,0.8,57218.4,0.8,5,3,0.1361414512255062,67826.8686521656,572.004,66121.4,47101.7,66658.7,66629.6,-0.71046,-0.708579
783|3,4,44143.2,4,6,3,0.1361414512255062,67826.8686521656,572.004,57909.6,14827.9,61574,61367.4,-1.4196,-1.40748
783|3,20,28238.4,20,7,3,0.1361414512255062,67826.8686521656,572.004,28526.6,2635.6,37814,37174.1,-1.26595,-1.20151
783|3,100,11044.8,100,8,3,0.1361414512255062,67826.8686521656,572.004,5708.34,816.775,9110.54,8825.77,1.03523,1.22468
783|4,0.00128,69595.2,0.00128,1,4,0.1361414512255062,67826.8686521656,572.004,64517.4,64513.1,64518.5,64518.5,0.394678,0.394679
783|4,0.0064,69638.4,0.0064,2,4,0.1361414512255062,67826.8686521656,572.004,66639.4,66593.7,66640.7,66640.7,0.225659,0.225665
783|4,0.032,67262.4,0.032,3,4,0.1361414512255062,67826.8686521656,572.004,67392.5,67002.5,67400.9,67400.3,-0.0103102,-0.0102628
783|4,0.16,63900,0.16,4,4,0.1361414512255062,67826.8686521656,572.004,67507.9,64359.6,67578,67572.7,-0.273054,-0.272679
783|4,0.8,56001.6,0.8,5,4,0.1361414512255062,67826.8686521656,572.004,66403.5,47301.9,66978.2,66934.3,-0.822157,-0.819406
783|4,4,42962.4,4,6,4,0.1361414512255062,67826.8686521656,572.004,58157.2,14889.4,62092.1,61777.5,-1.54503,-1.52732
783|4,20,26215.2,20,7,4,0.1361414512255062,67826.8686521656,572.004,28648.8,2644.61,38800.2,37794.2,-1.62184,-1.5316
783|4,100,11448,100,8,4,0.1361414512255062,67826.8686521656,572.004,5731.52,817.875,9534.35,9069.17,0.980091,1.27878
783|5,0.00128,67507.2,0.00128,1,5,0.1361414512255062,67826.8686521656,572.004,64621.5,64617.1,64622.4,64622.4,0.223918,0.223917
783|5,0.0064,64807.2,0.0064,2,5,0.1361414512255062,67826.8686521656,572.004,66743.5,66697.7,66743.3,66743.3,-0.145524,-0.145526
783|5,0.032,65296.8,0.032,3,5,0.1361414512255062,67826.8686521656,572.004,67496.5,67105.8,67492.5,67492.7,-0.163211,-0.163224
783|5,0.16,59824.8,0.16,4,5,0.1361414512255062,67826.8686521656,572.004,67611.8,64458.5,67577,67578.6,-0.575524,-0.575628
783|5,0.8,43956,0.8,5,5,0.1361414512255062,67826.8686521656,572.004,66505.6,47374.3,66222.6,66236.1,-1.68673,-1.68741
783|5,4,33624,4,6,5,0.1361414512255062,67826.8686521656,572.004,58246.9,14911.7,56462.1,56548.8,-2.02748,-2.03207
783|5,20,17287.2,20,7,5,0.1361414512255062,67826.8686521656,572.004,28693,2647.87,25394,25547,-1.58972,-1.61014
783|5,100,6449.76,100,8,5,0.1361414512255062,67826.8686521656,572.004,5739.92,818.273,4832.98,4874.07,1.58563,1.53307
783|6,0.00128,72936,0.00128,1,6,0.1361414512255062,67826.8686521656,572.004,64655.2,64650.8,64656.1,64656.1,0.642342,0.642343
783|6,0.0064,71100,0.0064,2,6,0.1361414512255062,67826.8686521656,572.004,66777.2,66731.4,66777.2,66777,0.324752,0.324766
783|6,0.032,65887.2,0.032,3,6,0.1361414512255062,67826.8686521656,572.004,67530.2,67139.4,67527.7,67526.2,-0.121876,-0.12177
783|6,0.16,59457.6,0.16,4,6,0.1361414512255062,67826.8686521656,572.004,67645.4,64490.6,67623,67610.8,-0.605793,-0.604991
783|6,0.8,43984.8,0.8,5,6,0.1361414512255062,67826.8686521656,572.004,66538.7,47397.8,66356.3,66257.4,-1.69127,-1.6863
783|6,4,31118.4,4,6,6,0.1361414512255062,67826.8686521656,572.004,58275.9,14918.9,57113.3,56505.8,-2.28155,-2.25206
783|6,20,17712,20,7,6,0.1361414512255062,67826.8686521656,572.004,28707.3,2648.93,26487.5,25439.6,-1.65061,-1.51267
783|6,100,6401.52,100,8,6,0.1361414512255062,67826.8686521656,572.004,5742.64,818.402,5118.41,4845.4,1.19216,1.52246
783|7,0.00128,67154.4,0.00128,1,7,0.1361414512255062,67826.8686521656,572.004,64655.2,64650.8,64188.7,64170,0.23174,0.233268
783|7,0.0064,54813.6,0.0064,2,7,0.1361414512255062,67826.8686521656,572.004,66777.2,66731.4,62918.6,62774.1,-0.646048,-0.635988
783|7,0.032,37951.2,0.032,3,7,0.1361414512255062,67826.8686521656,572.004,67530.2,67139.4,44585.7,43999.5,-0.744805,-0.687985
783|7,0.16,14299.2,0.16,4,7,0.1361414512255062,67826.8686521656,572.004,67645.4,64490.6,13032.9,12650,0.478454,0.641541
783|7,0.8,1840.32,0.8,5,7,0.1361414512255062,67826.8686521656,572.004,66538.7,47397.8,2340.77,2276.94,-0.953017,-0.852021
783|7,4,763.2,4,6,7,0.1361414512255062,67826.8686521656,572.004,58275.9,14918.9,787.024,779.21,-0.109883,-0.0743712
783|7,20,651.672,20,7,7,0.1361414512255062,67826.8686521656,572.004,28707.3,2648.93,598.189,597.277,0.298213,0.303602
783|7,100,652.968,100,8,7,0.1361414512255062,67826.8686521656,572.004,5742.64,818.402,575.899,575.796,0.440586,0.44123
783|8,0.00128,63050.4,0.00128,1,8,0.1361414512255062,67826.8686521656,572.004,64621.5,64617.1,64226.2,64221.4,-0.0918257,-0.0914545
783|8,0.0064,58111.2,0.0064,2,8,0.1361414512255062,67826.8686521656,572.004,66743.5,66697.7,63447.1,63409.9,-0.421797,-0.419107
783|8,0.032,39211.2,0.032,3,8,0.1361414512255062,67826.8686521656,572.004,67496.5,67105.8,46995.4,46833.6,-0.829354,-0.814902
783|8,0.16,16286.4,0.16,4,8,0.1361414512255062,67826.8686521656,572.004,67611.8,64458.5,14797.1,14675.1,0.496952,0.542037
783|8,0.8,2345.04,0.8,5,8,0.1361414512255062,67826.8686521656,572.004,66505.6,47374.3,2648.69,2627.71,-0.517983,-0.485644
783|8,4,787.68,4,6,8,0.1361414512255062,67826.8686521656,572.004,58246.9,14911.7,825.35,822.836,-0.167853,-0.157003
783|8,20,566.928,20,7,8,0.1361414512255062,67826.8686521656,572.004,28693,2647.87,602.714,602.429,-0.19854,-0.197025
783|8,100,548.928,100,8,8,0.1361414512255062,67826.8686521656,572.004,5739.92,818.273,576.42,576.388,-0.157072,-0.156899
783|10,0.00128,76608,0.00128,1,10,0.1361414512255062,67826.8686521656,572.004,64230,64225.8,64231.1,64231.1,0.966499,0.966499
783|10,0.0064,70869.6,0.0064,2,10,0.1361414512255062,67826.8686521656,572.004,66352,66306.6,66353.3,66353.3,0.341444,0.341447
783|10,0.032,68104.8,0.032,3,10,0.1361414512255062,67826.8686521656,572.004,67105.1,66716.9,67112.9,67112.6,0.074142,0.0741659
783|10,0.16,65124,0.16,4,10,0.1361414512255062,67826.8686521656,572.004,67221.2,64086.4,67285.5,67282.9,-0.161162,-0.160973
783|10,0.8,59119.2,0.8,5,10,0.1361414512255062,67826.8686521656,572.004,66121.4,47101.7,66648,66626.6,-0.566693,-0.565265
783|10,4,42307.2,4,6,10,0.1361414512255062,67826.8686521656,572.004,57909.6,14827.9,61496.8,61345.9,-1.5648,-1.55629
783|10,20,27712.8,20,7,10,0.1361414512255062,67826.8686521656,572.004,28526.6,2635.6,37570.1,37107.7,-1.31158,-1.2655
783|10,100,11037.6,100,8,10,0.1361414512255062,67826.8686521656,572.004,5708.34,816.775,8999.65,8796.46,1.10373,1.24086
783|9,0.00128,74160,0.00128,1,9,0.1361414512255062,67826.8686521656,572.004,64517.4,64513.1,64518.5,64518.5,0.74956,0.74956
783|9,0.0064,70380,0.0064,2,9,0.1361414512255062,67826.8686521656,572.004,66639.4,66593.7,66640.7,66640.7,0.281488,0.28149
783|9,0.032,62517.6,0.032,3,9,0.1361414512255062,67826.8686521656,572.004,67392.5,67002.5,67400.6,67400.4,-0.363459,-0.363444
783|9,0.16,69746.4,0.16,4,9,0.1361414512255062,67826.8686521656,572.004,67507.9,64359.6,67575.4,67573.6,0.16118,0.16132
783|9,0.8,56138.4,0.8,5,9,0.1361414512255062,67826.8686521656,572.004,66403.5,47301.9,66956.3,66941.5,-0.810533,-0.809603
783|9,4,43509.6,4,6,9,0.1361414512255062,67826.8686521656,572.004,58157.2,14889.4,61933.4,61828.9,-1.49181,-1.48585
783|9,20,28951.2,20,7,9,0.1361414512255062,67826.8686521656,572.004,28648.8,2644.61,38283.8,37956.9,-1.21879,-1.18615
783|9,100,11426.4,100,8,9,0.1361414512255062,67826.8686521656,572.004,5731.52,817.875,9290.74,9143.22,1.12156,1.21775
783|12,0.00128,56412,0.00128,1,12,0.1361414512255062,67826.8686521656,572.004,61317.9,61314.8,59425.5,59307.3,-0.254253,-0.244768
783|12,0.0064,44661.6,0.0064,2,12,0.1361414512255062,67826.8686521656,572.004,63440,63397.5,50030.5,49363.9,-0.537532,-0.477106
783|12,0.032,22356,0.032,3,12,0.1361414512255062,67826.8686521656,572.004,64193.8,63823.4,19947.4,19126.8,0.599348,0.837464
783|12,0.16,2838.96,0.16,4,12,0.1361414512255062,67826.8686521656,572.004,64315.7,61318.4,3728.38,3549.75,-1.11113,-0.929118
783|12,0.8,601.272,0.8,5,12,0.1361414512255062,67826.8686521656,572.004,63263.9,45073.9,964.598,941.639,-1.44147,-1.37524
783|12,4,473.256,4,6,12,0.1361414512255062,67826.8686521656,572.004,55400.7,14204.3,619.558,616.834,-0.796913,-0.784383
783|12,20,409.608,20,7,12,0.1361414512255062,67826.8686521656,572.004,27289.1,2544.32,578.468,578.15,-0.962533,-0.961068
783|12,100,416.808,100,8,12,0.1361414512255062,67826.8686521656,572.004,5473.41,805.627,573.632,573.595,-0.898842,-0.898671
783|11,0.00128,65894.4,0.00128,1,11,0.1361414512255062,67826.8686521656,572.004,63447,63443,61489.7,61369.4,0.359214,0.369745
783|11,0.0064,47419.2,0.0064,2,11,0.1361414512255062,67826.8686521656,572.004,65569,65524.4,51717.5,51039.2,-0.41639,-0.355314
783|11,0.032,23608.8,0.032,3,11,0.1361414512255062,67826.8686521656,572.004,66322.3,65938.9,20611.5,19775.7,0.722143,0.961951
783|11,0.16,2632.32,0.16,4,11,0.1361414512255062,67826.8686521656,572.004,66439.9,63342.1,3837.1,3655.05,-1.4656,-1.30133
783|11,0.8,606.096,0.8,5,11,0.1361414512255062,67826.8686521656,572.004,65353.1,46556.5,978.111,954.712,-1.46041,-1.39396
783|11,4,537.696,4,6,11,0.1361414512255062,67826.8686521656,572.004,57235,14660.2,621.171,618.394,-0.453899,-0.44012
783|11,20,480.6,20,7,11,0.1361414512255062,67826.8686521656,572.004,28193.9,2611.06,578.659,578.335,-0.558836,-0.557194
783|11,100,448.488,100,8,11,0.1361414512255062,67826.8686521656,572.004,5645.17,813.777,573.654,573.617,-0.717378,-0.717196
491|10,0.000042624,46100.6,0.000042624,1,10,0.522270930886887,57587.6804133002,254.219875,45825.4,45804.2,45744.4,45742.2,0.0389854,0.0392199
491|10,0.00021312,58358.3,0.00021312,2,10,0.522270930886887,57587.6804133002,254.219875,52771.2,52567.1,51995.8,51976,0.613073,0.615208
491|10,0.0010656,49385.7,0.0010656,3,10,0.522270930886887,57587.6804133002,254.219875,55285.7,53535.6,49116.9,48978.1,0.0274134,0.0416829
491|10,0.005328,29975.4,0.005328,4,10,0.522270930886887,57587.6804133002,254.219875,56099.3,43999.4,27316.2,26972.4,0.485172,0.554806
491|10,0.02664,6151.6,0.02664,5,10,0.522270930886887,57587.6804133002,254.219875,56088.9,17027.3,5861.31,5740.3,0.237226,0.342838
491|10,0.1332,676.403,0.1332,6,10,0.522270930886887,57587.6804133002,254.219875,55188.2,2924.16,974.565,957.867,-1.17373,-1.12264
491|10,0.666,423.514,0.666,7,10,0.522270930886887,57587.6804133002,254.219875,51996.7,571.169,337.652,335.751,0.672649,0.689574
491|10,3.33,334.516,3.33,8,10,0.522270930886887,57587.6804133002,254.219875,40723.8,287.95,263.723,263.531,0.626602,0.62852
491|9,0.000042624,41177.5,0.000042624,1,9,0.522270930886887,57587.6804133002,254.219875,46765.4,46743.8,46686.7,46683.6,-0.590825,-0.590534
491|9,0.00021312,52388.7,0.00021312,2,9,0.522270930886887,57587.6804133002,254.219875,53711.2,53503.5,52959.5,52930.9,-0.0540045,-0.0513229
491|9,0.0010656,46491.9,0.0010656,3,9,0.522270930886887,57587.6804133002,254.219875,56225.7,54445.7,50221.8,50017.9,-0.372023,-0.353106
491|9,0.005328,31322.2,0.005328,4,9,0.522270930886887,57587.6804133002,254.219875,57039.3,44735.7,28473.6,27947.6,0.498825,0.601934
491|9,0.02664,6345.43,0.02664,5,9,0.522270930886887,57587.6804133002,254.219875,57028.7,17309.6,6214.38,6021.83,0.101291,0.257739
491|9,0.1332,794.885,0.1332,6,9,0.522270930886887,57587.6804133002,254.219875,56126.6,2969.75,1023.44,996.494,-0.866636,-0.78028
491|9,0.666,427.518,0.666,7,9,0.522270930886887,57587.6804133002,254.219875,52922.8,576.824,343.375,340.283,0.65337,0.680621
491|9,3.33,336.973,3.33,8,9,0.522270930886887,57587.6804133002,254.219875,41558.6,288.626,264.339,264.022,0.64221,0.645366
491|12,0.000042624,41486.9,0.000042624,1,12,0.522270930886887,57587.6804133002,254.219875,36301.9,36285,36296.8,36296.6,0.714603,0.714639
491|12,0.00021312,52406.9,0.00021312,2,12,0.522270930886887,57587.6804133002,254.219875,43247.7,43080.5,43198,43195.8,1.06679,1.0671
491|12,0.0010656,49303.8,0.0010656,3,12,0.522270930886887,57587.6804133002,254.219875,45762.3,44314.9,45323.9,45304.5,0.439565,0.441892
491|12,0.005328,36736.7,0.005328,4,12,0.522270930886887,57587.6804133002,254.219875,46576.1,36539.5,43068.6,42925.9,-0.735702,-0.721488
491|12,0.02664,18300.1,0.02664,5,12,0.522270930886887,57587.6804133002,254.219875,46567.4,14167.1,27658,27177.2,-1.68648,-1.62782
491|12,0.1332,5950.49,0.1332,6,12,0.522270930886887,57587.6804133002,254.219875,45681.7,2462.28,6931.05,6693.32,-0.682858,-0.534879
491|12,0.666,1494.22,0.666,7,12,0.522270930886887,57587.6804133002,254.219875,42613.7,513.873,1114.97,1080.35,1.34537,1.50489
491|12,3.33,542.178,3.33,8,12,0.522270930886887,57587.6804133002,254.219875,32266.5,281.111,342.317,338.785,1.55444,1.59058
491|11,0.000042624,44171.4,0.000042624,1,11,0.522270930886887,57587.6804133002,254.219875,43264.7,43244.6,43260.2,43259.8,0.10541,0.105448
491|11,0.00021312,56738.5,0.00021312,2,11,0.522270930886887,57587.6804133002,254.219875,50210.5,50016.3,50167.7,50164.5,0.65608,0.656432
491|11,0.0010656,49103.6,0.0010656,3,11,0.522270930886887,57587.6804133002,254.219875,52725,51056.3,52349.1,52322,-0.310629,-0.308198
491|11,0.005328,43780.1,0.005328,4,11,0.522270930886887,57587.6804133002,254.219875,53538.6,41993.5,50485.5,50278.9,-0.665325,-0.647458
491|11,0.02664,23277.8,0.02664,5,11,0.522270930886887,57587.6804133002,254.219875,53528.7,16258.3,35489.1,34654.9,-1.71926,-1.64003
491|11,0.1332,7411.04,0.1332,6,11,0.522270930886887,57587.6804133002,254.219875,52632,2799.97,10125,9586.16,-1.31125,-1.10817
491|11,0.666,2003.82,0.666,7,11,0.522270930886887,57587.6804133002,254.219875,49473.7,555.763,1592.2,1506.17,1.09303,1.38421
491|11,3.33,644.735,3.33,8,11,0.522270930886887,57587.6804133002,254.219875,38449.8,286.111,395.149,385.999,1.79484,1.88526
491|4,0.000042624,35471.8,0.000042624,1,4,0.522270930886887,57587.6804133002,254.219875,46765.4,46763.8,46762.6,46762.3,-1.20891,-1.20889
491|4,0.00021312,52725.4,0.00021312,2,4,0.522270930886887,57587.6804133002,254.219875,53711.2,53696.9,53684.7,53682.5,-0.0895475,-0.0893413
491|4,0.0010656,53225.9,0.0010656,3,4,0.522270930886887,57587.6804133002,254.219875,56225.7,56099.9,55993.5,55973.9,-0.247739,-0.246072
491|4,0.005328,47875.1,0.005328,4,4,0.522270930886887,57587.6804133002,254.219875,57039.3,55982,55113.7,54957.5,-0.658247,-0.645864
491|4,0.02664,39939.9,0.02664,5,4,0.522270930886887,57587.6804133002,254.219875,57028.7,49208.8,44073,43251.4,-0.46935,-0.38315
491|4,0.1332,18218.2,0.1332,6,4,0.522270930886887,57587.6804133002,254.219875,56126.6,24100,16277.3,15379.2,0.589851,0.912196
491|4,0.666,1977.43,0.666,7,4,0.522270930886887,57587.6804133002,254.219875,52922.8,4585.05,2684.33,2506.54,-1.19148,-0.948194
491|4,3.33,617.344,3.33,8,4,0.522270930886887,57587.6804133002,254.219875,41558.6,736.95,516.545,496.785,0.617848,0.757164
491|3,0.000042624,38192.7,0.000042624,1,3,0.522270930886887,57587.6804133002,254.219875,45825.4,45823.8,45822.8,45822.8,-0.833604,-0.833601
491|3,0.00021312,53999.4,0.00021312,2,3,0.522270930886887,57587.6804133002,254.219875,52771.2,52757.1,52747.3,52746.9,0.118942,0.118975
491|3,0.0010656,53908.4,0.0010656,3,3,0.522270930886887,57587.6804133002,254.219875,55285.7,55162,55075.7,55072.8,-0.106225,-0.105963
491|3,0.005328,47765.9,0.005328,4,3,0.522270930886887,57587.6804133002,254.219875,56099.3,55059.5,54353.8,54330.8,-0.607409,-0.605543
491|3,0.02664,42487.9,0.02664,5,3,0.522270930886887,57587.6804133002,254.219875,56088.9,48398.5,44157.5,44034.2,-0.189237,-0.175754
491|3,0.1332,20165.6,0.1332,6,3,0.522270930886887,57587.6804133002,254.219875,55188.2,23699.6,16972,16825.2,0.93152,0.98269
491|3,0.666,2372.37,0.666,7,3,0.522270930886887,57587.6804133002,254.219875,51996.7,4508.91,2841,2811.14,-0.750545,-0.709457
491|3,3.33,565.383,3.33,8,3,0.522270930886887,57587.6804133002,254.219875,40723.8,727.214,533.626,530.386,0.190692,0.210964
491|6,0.000042624,36154.3,0.000042624,1,6,0.522270930886887,57587.6804133002,254.219875,47216,47214.4,47215.1,47215.1,-1.17301,-1.17301
491|6,0.00021312,48384.7,0.00021312,2,6,0.522270930886887,57587.6804133002,254.219875,54161.8,54147.3,54154.1,54153.8,-0.533893,-0.533865
491|6,0.0010656,49121.8,0.0010656,3,6,0.522270930886887,57587.6804133002,254.219875,56676.3,56549.5,56609.1,56606.1,-0.662974,-0.662746
491|6,0.005328,50359.4,0.005328,4,6,0.522270930886887,57587.6804133002,254.219875,57489.8,56424.2,56920.4,56895.8,-0.577796,-0.575873
491|6,0.02664,38638.6,0.02664,5,6,0.522270930886887,57587.6804133002,254.219875,57479.2,49597.3,53013.4,52835.6,-1.35868,-1.34637
491|6,0.1332,18918.9,0.1332,6,6,0.522270930886887,57587.6804133002,254.219875,56576.4,24292,33152.3,32576.2,-2.14391,-2.09318
491|6,0.666,6082.44,0.666,7,6,0.522270930886887,57587.6804133002,254.219875,53366.8,4621.55,7929.22,7660.57,-1.1302,-0.998362
491|6,3.33,1701.7,3.33,8,6,0.522270930886887,57587.6804133002,254.219875,41958.8,741.617,1162.55,1126.78,1.85063,2.02269
491|5,0.000042624,41359.5,0.000042624,1,5,0.522270930886887,57587.6804133002,254.219875,47105.7,47104.1,47104.8,47104.7,-0.610707,-0.610705
491|5,0.00021312,49767.9,0.00021312,2,5,0.522270930886887,57587.6804133002,254.219875,54051.5,54037.1,54043,54042.9,-0.396424,-0.396407
491|5,0.0010656,48857.9,0.0010656,3,5,0.522270930886887,57587.6804133002,254.219875,56566,56439.4,56491.7,56490.1,-0.677345,-0.677219
491|5,0.005328,47119.8,0.005328,4,5,0.522270930886887,57587.6804133002,254.219875,57379.6,56316,56750.5,56737.1,-0.850658,-0.849669
491|5,0.02664,36381.8,0.02664,5,5,0.522270930886887,57587.6804133002,254.219875,57369,49502.2,52471.7,52376.9,-1.5364,-1.53009
491|5,0.1332,16953.3,0.1332,6,5,0.522270930886887,57587.6804133002,254.219875,56466.3,24245,31676.9,31391.7,-2.32005,-2.29558
491|5,0.666,5673.85,0.666,7,5,0.522270930886887,57587.6804133002,254.219875,53258.1,4612.62,7265.87,7144.37,-1.05965,-0.994743
491|5,3.33,1630.72,3.33,8,5,0.522270930886887,57587.6804133002,254.219875,41860.8,740.475,1073.94,1058.28,2.03393,2.11511
491|7,0.000042624,35499.1,0.000042624,1,7,0.522270930886887,57587.6804133002,254.219875,47216,46957.2,46952.3,46940.9,-1.22138,-1.22046
491|7,0.00021312,44253.3,0.00021312,2,7,0.522270930886887,57587.6804133002,254.219875,54161.8,51759.5,51714.7,51614.2,-0.722841,-0.714489
491|7,0.0010656,33642.7,0.0010656,3,7,0.522270930886887,57587.6804133002,254.219875,56676.3,40764.6,40537.5,40052.3,-0.850751,-0.800381
491|7,0.005328,15679.3,0.005328,4,7,0.522270930886887,57587.6804133002,254.219875,57489.8,13541.6,13336.5,12924.2,0.865486,1.04949
491|7,0.02664,1933.75,0.02664,5,7,0.522270930886887,57587.6804133002,254.219875,57479.2,2238.68,2199.51,2124.18,-0.534635,-0.394955
491|7,0.1332,456.638,0.1332,6,7,0.522270930886887,57587.6804133002,254.219875,56576.4,494.71,489.734,480.475,-0.209698,-0.152811
491|7,0.666,325.689,0.666,7,7,0.522270930886887,57587.6804133002,254.219875,53366.8,282.495,281.914,280.868,0.375466,0.385128
491|7,3.33,292.383,3.33,8,7,0.522270930886887,57587.6804133002,254.219875,41958.8,258.044,257.983,257.876,0.307584,0.308601
491|8,0.000042624,40840.8,0.000042624,1,8,0.522270930886887,57587.6804133002,254.219875,47105.7,46847.6,46861.5,46848.5,-0.643283,-0.64208
491|8,0.00021312,50404.9,0.00021312,2,8,0.522270930886887,57587.6804133002,254.219875,54051.5,51654.1,51777.4,51662.9,-0.132805,-0.121991
491|8,0.0010656,39821.6,0.0010656,3,8,0.522270930886887,57587.6804133002,254.219875,56566,40685.4,41302.2,40729,-0.179334,-0.111445
491|8,0.005328,16543.8,0.005328,4,8,0.522270930886887,57587.6804133002,254.219875,57379.6,13516,14077.2,13555.1,0.864275,1.08667
491|8,0.02664,1856.4,0.02664,5,8,0.522270930886887,57587.6804133002,254.219875,57369,2234.86,2340.47,2242.19,-0.921923,-0.763097
491|8,0.1332,467.194,0.1332,6,8,0.522270930886887,57587.6804133002,254.219875,56466.3,494.242,507.308,495.155,-0.248672,-0.175967
491|8,0.666,353.808,0.666,7,8,0.522270930886887,57587.6804133002,254.219875,53258.1,282.439,283.92,282.543,0.597404,0.6106
491|8,3.33,309.764,3.33,8,8,0.522270930886887,57587.6804133002,254.219875,41860.8,258.038,258.19,258.048,0.460977,0.462355
433|4,0.0004262399999999,18573.6,0.0004262399999999,1,4,0.9784069372992648,87782.4240939821,335.306375,56859.3,60180.6,60014.5,59986.7,-3.4623,-3.46157
433|4,0.0021311999999999,25709.1,0.0021311999999999,2,4,0.9784069372992648,87782.4240939821,335.306375,76705.4,77330.9,75628.1,75292.5,-3.31305,-3.30539
433|4,0.0106559999999999,25041.7,0.0106559999999999,3,4,0.9784069372992648,87782.4240939821,335.306375,83886,79273.3,67215.3,65204.4,-3.14775,-3.08967
433|4,0.0532799999999999,14086.4,0.0532799999999999,4,4,0.9784069372992648,87782.4240939821,335.306375,86174.1,56289.4,27619.5,25057.1,-2.4423,-2.17989
433|4,0.2663999999999999,4147.11,0.2663999999999999,5,4,0.9784069372992648,87782.4240939821,335.306375,85839,15896.9,4830.53,4266.97,-0.670575,-0.132099
433|4,1.332,1302.85,1.332,6,4,0.9784069372992648,87782.4240939821,335.306375,80873.1,2481.42,882.022,810.927,1.78569,2.22028
433|4,6.66,645.816,6.66,7,4,0.9784069372992648,87782.4240939821,335.306375,58386.1,577.042,396.49,388.634,1.78955,1.86683
433|4,33.3,320.139,33.3,8,4,0.9784069372992648,87782.4240939821,335.306375,15789.5,358.441,341.827,341.109,-0.16881,-0.163398
433|3,0.0004262399999999,26170.6,0.0004262399999999,1,3,0.9784069372992648,87782.4240939821,335.306375,54173.4,57790,57517.7,57513.4,-2.73207,-2.7319
433|3,0.0021311999999999,45518.1,0.0021311999999999,2,3,0.9784069372992648,87782.4240939821,335.306375,74019.5,74956.1,72149.8,72054.6,-1.85236,-1.84816
433|3,0.0106559999999999,34442.1,0.0106559999999999,3,3,0.9784069372992648,87782.4240939821,335.306375,81200.2,77024.1,58805.3,58315.9,-2.07713,-2.0524
433|3,0.0532799999999999,16500.4,0.0532799999999999,4,3,0.9784069372992648,87782.4240939821,335.306375,83489.6,54733.6,19653.5,19226.7,-0.796139,-0.703418
433|3,0.2663999999999999,3434.27,0.2663999999999999,5,3,0.9784069372992648,87782.4240939821,335.306375,83164.9,15464.3,3215.02,3136.78,0.313851,0.435518
433|3,1.332,949.98,1.332,6,3,0.9784069372992648,87782.4240939821,335.306375,78284.2,2420.3,679.954,670.476,1.38071,1.44305
433|3,6.66,539.103,6.66,7,3,0.9784069372992648,87782.4240939821,335.306375,56344.4,569.617,374.037,373.01,1.2239,1.23339
433|3,33.3,314.246,33.3,8,3,0.9784069372992648,87782.4240939821,335.306375,15055.2,357.557,339.735,339.643,-0.199035,-0.198347
433|6,0.0004262399999999,65149.6,0.0004262399999999,1,6,0.9784069372992648,87782.4240939821,335.306375,58146.8,61326.6,61373.7,61378.4,0.308515,0.308111
433|6,0.0021311999999999,73130,0.0021311999999999,2,6,0.9784069372992648,87782.4240939821,335.306375,77992.9,78469.2,79028.1,79028.1,-0.374671,-0.37467
433|6,0.0106559999999999,74976,0.0106559999999999,3,6,0.9784069372992648,87782.4240939821,335.306375,85173.4,80351.4,85169.3,85155.4,-0.601,-0.600274
433|6,0.0532799999999999,61429.2,0.0532799999999999,4,6,0.9784069372992648,87782.4240939821,335.306375,87460.9,57035.2,85069.8,84953,-1.39548,-1.39048
433|6,0.2663999999999999,40541,0.2663999999999999,5,6,0.9784069372992648,87782.4240939821,335.306375,87120.8,16104.3,70359.9,69699.1,-2.12658,-2.09908
433|6,1.332,19603.1,1.332,6,6,0.9784069372992648,87782.4240939821,335.306375,82114.1,2510.72,28095.3,27227.1,-1.5069,-1.39551
433|6,6.66,5439.31,6.66,7,6,0.9784069372992648,87782.4240939821,335.306375,59364.7,580.601,4612.29,4428.71,0.847478,1.07576
433|6,33.3,1010.33,33.3,8,6,0.9784069372992648,87782.4240939821,335.306375,16141.5,358.864,749.635,731.23,1.24498,1.35653
433|5,0.0004262399999999,40661.7,0.0004262399999999,1,5,0.9784069372992648,87782.4240939821,335.306375,57831.7,61046.1,61092.9,61097.6,-1.677,-1.67726
433|5,0.0021311999999999,50843.1,0.0021311999999999,2,5,0.9784069372992648,87782.4240939821,335.306375,77677.8,78190.6,78746.3,78746.5,-1.77885,-1.77886
433|5,0.0106559999999999,60903.8,0.0106559999999999,3,5,0.9784069372992648,87782.4240939821,335.306375,84858.4,80087.5,84879.5,84866.6,-1.41842,-1.41787
433|5,0.0532799999999999,53569.5,0.0532799999999999,4,5,0.9784069372992648,87782.4240939821,335.306375,87146,56852.7,84714.9,84606.6,-1.84615,-1.84208
433|5,0.2663999999999999,35528.4,0.2663999999999999,5,5,0.9784069372992648,87782.4240939821,335.306375,86807.1,16053.6,69665,69059.6,-2.45868,-2.43615
433|5,1.332,17671.9,1.332,6,5,0.9784069372992648,87782.4240939821,335.306375,81810.4,2503.55,27377.3,26606.4,-1.76685,-1.67309
433|5,6.66,5317.19,6.66,7,5,0.9784069372992648,87782.4240939821,335.306375,59125.2,579.73,4462.9,4302.79,0.902847,1.10931
433|5,33.3,1019.56,33.3,8,5,0.9784069372992648,87782.4240939821,335.306375,16055.4,358.761,734.151,718.181,1.3833,1.48349
433|8,0.0004262399999999,61280.1,0.0004262399999999,1,8,0.9784069372992648,87782.4240939821,335.306375,57831.7,61046.1,59671.4,59615.8,0.135174,0.139974
433|8,0.0021311999999999,55891.2,0.0021311999999999,2,8,0.9784069372992648,87782.4240939821,335.306375,77677.8,78190.6,65582.5,65115.7,-0.741264,-0.710591
433|8,0.0106559999999999,30586.8,0.0106559999999999,3,8,0.9784069372992648,87782.4240939821,335.306375,84858.4,80087.5,31713.7,30895.2,-0.177359,-0.049813
433|8,0.0532799999999999,6215.34,0.0532799999999999,4,8,0.9784069372992648,87782.4240939821,335.306375,87146,56852.7,5996.62,5782.49,0.1749,0.358306
433|8,0.2663999999999999,927.26,0.2663999999999999,5,8,0.9784069372992648,87782.4240939821,335.306375,86807.1,16053.6,1049.08,1020.84,-0.453188,-0.355522
433|8,1.332,454.755,1.332,6,8,0.9784069372992648,87782.4240939821,335.306375,81810.4,2503.55,419.495,416.211,0.245049,0.269097
433|8,6.66,339.522,6.66,7,8,0.9784069372992648,87782.4240939821,335.306375,59125.2,579.73,345.445,345.088,-0.0458469,-0.0431059
433|8,33.3,323.334,33.3,8,8,0.9784069372992648,87782.4240939821,335.306375,16055.4,358.761,337.148,337.116,-0.108307,-0.108058
433|7,0.0004262399999999,54883,0.0004262399999999,1,7,0.9784069372992648,87782.4240939821,335.306375,58146.8,61326.6,59879.1,59811.1,-0.41835,-0.413123
433|7,0.0021311999999999,56111.3,0.0021311999999999,2,7,0.9784069372992648,87782.4240939821,335.306375,77992.9,78469.2,65295.6,64741,-0.705554,-0.668602
433|7,0.0106559999999999,33270.6,0.0106559999999999,3,7,0.9784069372992648,87782.4240939821,335.306375,85173.4,80351.4,30900.2,29971.3,0.382808,0.549166
433|7,0.0532799999999999,5974.65,0.0532799999999999,4,7,0.9784069372992648,87782.4240939821,335.306375,87460.9,57035.2,5772.86,5536.58,0.167306,0.377884
433|7,0.2663999999999999,577.869,0.2663999999999999,5,7,0.9784069372992648,87782.4240939821,335.306375,87120.8,16104.3,1019.13,988.093,-1.67863,-1.59798
433|7,1.332,365.011,1.332,6,7,0.9784069372992648,87782.4240939821,335.306375,82114.1,2510.72,415.98,412.367,-0.355953,-0.332387
433|7,6.66,424.367,6.66,7,7,0.9784069372992648,87782.4240939821,335.306375,59364.7,580.601,345.061,344.668,0.614212,0.617633
433|7,33.3,281.373,33.3,8,7,0.9784069372992648,87782.4240939821,335.306375,16141.5,358.864,337.114,337.078,-0.437041,-0.436785
433|10,0.0004262399999999,31360.7,0.0004262399999999,1,10,0.9784069372992648,87782.4240939821,335.306375,54173.4,57790,57776.1,57779.3,-2.292,-2.29215
433|10,0.0021311999999999,58816.4,0.0021311999999999,2,10,0.9784069372992648,87782.4240939821,335.306375,74019.5,74956.1,74861.8,74840.4,-1.07577,-1.07464
433|10,0.0106559999999999,57680.4,0.0106559999999999,3,10,0.9784069372992648,87782.4240939821,335.306375,81200.2,77024.1,76272.4,76086,-1.22355,-1.21423
433|10,0.0532799999999999,37750.7,0.0532799999999999,4,10,0.9784069372992648,87782.4240939821,335.306375,83489.6,54733.6,51762.5,51073.3,-1.35619,-1.30678
433|10,0.2663999999999999,13788.2,0.2663999999999999,5,10,0.9784069372992648,87782.4240939821,335.306375,83164.9,15464.3,13656.7,13277.8,0.0474764,0.18936
433|10,1.332,2433.88,1.332,6,10,0.9784069372992648,87782.4240939821,335.306375,78284.2,2420.3,2129.88,2071.56,0.62904,0.768117
433|10,6.66,591.785,6.66,7,10,0.9784069372992648,87782.4240939821,335.306375,56344.4,569.617,536.372,529.829,0.331657,0.373723
433|10,33.3,301.324,33.3,8,10,0.9784069372992648,87782.4240939821,335.306375,15055.2,357.557,354.513,353.925,-0.406039,-0.401909
433|9,0.0004262399999999,46568.9,0.0004262399999999,1,9,0.9784069372992648,87782.4240939821,335.306375,56859.3,60180.6,60162.4,60165.7,-1.13293,-1.13314
433|9,0.0021311999999999,57119.5,0.0021311999999999,2,9,0.9784069372992648,87782.4240939821,335.306375,76705.4,77330.9,77187.2,77170.7,-1.30507,-1.30427
433|9,0.0106559999999999,58440.1,0.0106559999999999,3,9,0.9784069372992648,87782.4240939821,335.306375,83886,79273.3,78124.5,77982.4,-1.26484,-1.25799
433|9,0.0532799999999999,38737.6,0.0532799999999999,4,9,0.9784069372992648,87782.4240939821,335.306375,86174.1,56289.4,51850.2,51349.1,-1.26702,-1.23042
433|9,0.2663999999999999,12354,0.2663999999999999,5,9,0.9784069372992648,87782.4240939821,335.306375,85839,15896.9,13279.2,13020.2,-0.343233,-0.251946
433|9,1.332,2364.3,1.332,6,9,0.9784069372992648,87782.4240939821,335.306375,80873.1,2481.42,2064.67,2025.64,0.637048,0.732084
433|9,6.66,789.52,6.66,7,9,0.9784069372992648,87782.4240939821,335.306375,58386.1,577.042,529.323,524.97,1.57047,1.60511
433|9,33.3,317.938,33.3,8,9,0.9784069372992648,87782.4240939821,335.306375,15789.5,358.441,354.035,353.643,-0.275763,-0.27293
433|11,0.0004262399999999,43515.9,0.0004262399999999,1,11,0.9784069372992648,87782.4240939821,335.306375,46856.5,51277.6,51311.5,51317.9,-0.761119,-0.761654
433|11,0.0021311999999999,62373.5,0.0021311999999999,2,11,0.9784069372992648,87782.4240939821,335.306375,66702.7,68486.9,68939.8,68941.1,-0.477891,-0.477977
433|11,0.0106559999999999,67521,0.0106559999999999,3,11,0.9784069372992648,87782.4240939821,335.306375,73883.8,70897.3,74847.4,74830.8,-0.491296,-0.490289
433|11,0.0532799999999999,55564.6,0.0532799999999999,4,11,0.9784069372992648,87782.4240939821,335.306375,76176.6,50495.4,72920.4,72777.4,-1.19447,-1.18695
433|11,0.2663999999999999,31311,0.2663999999999999,5,11,0.9784069372992648,87782.4240939821,335.306375,75880.5,14285.6,50791.6,50216.7,-1.92133,-1.88585
433|11,1.332,10174.3,1.332,6,11,0.9784069372992648,87782.4240939821,335.306375,71231.6,2253.8,14095.3,13735.2,-1.37215,-1.27811
433|11,6.66,2837.16,6.66,7,11,0.9784069372992648,87782.4240939821,335.306375,50782.8,549.39,2117.99,2063.42,1.49541,1.64595
433|11,33.3,710.71,33.3,8,11,0.9784069372992648,87782.4240939821,335.306375,13054.8,355.148,497.001,492.047,1.34183,1.38146
433|12,0.0004262399999999,65518.8,0.0004262399999999,1,12,0.9784069372992648,87782.4240939821,335.306375,26961.5,33570,33587.1,33596.8,4.74803,4.74523
433|12,0.0021311999999999,57069.8,0.0021311999999999,2,12,0.9784069372992648,87782.4240939821,335.306375,46807.8,50896.8,51235.5,51240,0.570467,0.569978
433|12,0.0106559999999999,51766.1,0.0106559999999999,3,12,0.9784069372992648,87782.4240939821,335.306375,53990,54238,57315.8,57301.2,-0.485378,-0.484225
433|12,0.0532799999999999,43111.2,0.0532799999999999,4,12,0.9784069372992648,87782.4240939821,335.306375,56292.1,38971.3,56746.7,56593.7,-1.20447,-1.19415
433|12,0.2663999999999999,23955.4,0.2663999999999999,5,12,0.9784069372992648,87782.4240939821,335.306375,56073.6,11080.8,41351.6,40667.4,-2.10456,-2.05555
433|12,1.332,8768.5,1.332,6,12,0.9784069372992648,87782.4240939821,335.306375,52055.2,1801.08,12334.1,11838.5,-1.42164,-1.27401
433|12,6.66,2399.8,6.66,7,12,0.9784069372992648,87782.4240939821,335.306375,35660.2,494.392,1887.45,1810.27,1.17735,1.40414
433|12,33.3,844.9,33.3,8,12,0.9784069372992648,87782.4240939821,335.306375,7615.55,348.599,459.822,453.584,2.53525,2.59748
297|3,0.0004262399999999,55309,0.0004262399999999,1,3,0.8737160558349899,90261.4744747202,362.242,59407,59372.4,59402.2,59402.1,-0.345485,-0.345474
297|3,0.0021311999999999,72491,0.0021311999999999,2,3,0.8737160558349899,90261.4744747202,362.242,77626.5,77250.3,77576.9,77575.3,-0.329095,-0.329004
297|3,0.0106559999999999,70659.2,0.0106559999999999,3,3,0.8737160558349899,90261.4744747202,362.242,84218.2,80900.6,83767.6,83754.1,-0.785759,-0.785078
297|3,0.0532799999999999,52476.1,0.0532799999999999,4,3,0.8737160558349899,90261.4744747202,362.242,86315.4,64185.8,82575.9,82470.2,-1.83022,-1.82612
297|3,0.2663999999999999,29912.3,0.2663999999999999,5,3,0.8737160558349899,90261.4744747202,362.242,85979.8,22267.9,62327,61832.3,-2.60819,-2.58883
297|3,1.332,13830.8,1.332,6,3,0.8737160558349899,90261.4744747202,362.242,81194.3,3633.8,20012.6,19595.2,-1.53331,-1.45975
297|3,6.66,3814.83,6.66,7,3,0.8737160558349899,90261.4744747202,362.242,59092.6,733.792,3071.25,3000.24,1.1097,1.24179
297|3,33.3,936.49,33.3,8,3,0.8737160558349899,90261.4744747202,362.242,16505.6,397.01,616.698,609.952,1.74732,1.79733
297|4,0.0004262399999999,51006.4,0.0004262399999999,1,4,0.8737160558349899,90261.4744747202,362.242,61872.8,61836.8,61868.4,61868.2,-0.880439,-0.880426
297|4,0.0021311999999999,75118,0.0021311999999999,2,4,0.8737160558349899,90261.4744747202,362.242,80092.3,79704.1,80047.6,80045.5,-0.309174,-0.309051
297|4,0.0106559999999999,72491,0.0106559999999999,3,4,0.8737160558349899,90261.4744747202,362.242,86683.8,83268.7,86278.5,86259.9,-0.8025,-0.801587
297|4,0.0532799999999999,54251.1,0.0532799999999999,4,4,0.8737160558349899,90261.4744747202,362.242,88779.9,66015.8,85401.9,85253.4,-1.83167,-1.8261
297|4,0.2663999999999999,30025.9,0.2663999999999999,5,4,0.8737160558349899,90261.4744747202,362.242,88434.7,22896,66415.3,65675,-2.74859,-2.72289
297|4,1.332,13404.8,1.332,6,4,0.8737160558349899,90261.4744747202,362.242,83571,3729.97,22735.6,22024.9,-2.04085,-1.9454
297|4,6.66,4392.77,6.66,7,4,0.8737160558349899,90261.4744747202,362.242,60966.9,745.618,3541.77,3413.38,1.1147,1.32716
297|4,33.3,942.88,33.3,8,4,0.8737160558349899,90261.4744747202,362.242,17179.8,398.42,664.896,652.411,1.44346,1.52794
297|5,0.0004262399999999,54400.2,0.0004262399999999,1,5,0.8737160558349899,90261.4744747202,362.242,62765.6,62729,62253.2,62221.6,-0.632624,-0.630396
297|5,0.0021311999999999,68948.1,0.0021311999999999,2,5,0.8737160558349899,90261.4744747202,362.242,80985,80592.4,75731.7,75429.2,-0.449603,-0.431271
297|5,0.0106559999999999,55351.6,0.0106559999999999,3,5,0.8737160558349899,90261.4744747202,362.242,87576.5,84126.1,55311.1,54091,0.00367132,0.116789
297|5,0.0532799999999999,17331.1,0.0532799999999999,4,5,0.8737160558349899,90261.4744747202,362.242,89672.2,66678.4,15386,14661.5,0.624682,0.898887
297|5,0.2663999999999999,1604.6,0.2663999999999999,5,5,0.8737160558349899,90261.4744747202,362.242,89323.5,23123.4,2456.51,2339.81,-1.55433,-1.40058
297|5,1.332,594.909,1.332,6,5,0.8737160558349899,90261.4744747202,362.242,84431.5,3764.78,610.869,596.891,-0.0877602,-0.0110667
297|5,6.66,373.886,6.66,7,5,0.8737160558349899,90261.4744747202,362.242,61645.5,749.899,390.48,388.95,-0.120132,-0.109295
297|5,33.3,516.383,33.3,8,5,0.8737160558349899,90261.4744747202,362.242,17423.8,398.931,365.746,365.606,1.13072,1.132
297|6,0.0004262399999999,58844.8,0.0004262399999999,1,6,0.8737160558349899,90261.4744747202,362.242,63054.8,63018.1,62577.6,62550.6,-0.299152,-0.297118
297|6,0.0021311999999999,70254.5,0.0021311999999999,2,6,0.8737160558349899,90261.4744747202,362.242,81274.3,80880.3,76365.2,76105.3,-0.401661,-0.385884
297|6,0.0106559999999999,54833.3,0.0106559999999999,3,6,0.8737160558349899,90261.4744747202,362.242,87865.7,84403.9,57030.6,55931.9,-0.193133,-0.0984525
297|6,0.0532799999999999,19312,0.0532799999999999,4,6,0.8737160558349899,90261.4744747202,362.242,89961.3,66893.1,16413.6,15712.5,0.873643,1.13248
297|6,0.2663999999999999,1794.17,0.2663999999999999,5,6,0.8737160558349899,90261.4744747202,362.242,89611.5,23197.1,2625.25,2509.78,-1.42902,-1.28094
297|6,1.332,462.352,1.332,6,6,0.8737160558349899,90261.4744747202,362.242,84710.3,3776.06,631.287,617.42,-0.908678,-0.846615
297|6,6.66,367.567,6.66,7,6,0.8737160558349899,90261.4744747202,362.242,61865.4,751.286,392.739,391.222,-0.181647,-0.171066
297|6,33.3,426.71,33.3,8,6,0.8737160558349899,90261.4744747202,362.242,17502.9,399.096,365.956,365.818,0.455887,0.457021
297|8,0.0004262399999999,61294.3,0.0004262399999999,1,8,0.8737160558349899,90261.4744747202,362.242,62765.6,62729,62636.6,62627.2,-0.107473,-0.106737
297|8,0.0021311999999999,72846,0.0021311999999999,2,8,0.8737160558349899,90261.4744747202,362.242,80985,80592.4,79605.4,79507.1,-0.426286,-0.420601
297|8,0.0106559999999999,68756.4,0.0106559999999999,3,8,0.8737160558349899,90261.4744747202,362.242,87576.5,84126.1,76421.9,75726.3,-0.503487,-0.461984
297|8,0.0532799999999999,42181.1,0.0532799999999999,4,8,0.8737160558349899,90261.4744747202,362.242,89672.2,66678.4,40322.2,38799.2,0.230583,0.435835
297|8,0.2663999999999999,9130.6,0.2663999999999999,5,8,0.8737160558349899,90261.4744747202,362.242,89323.5,23123.4,8191.18,7713.6,0.557186,0.8905
297|8,1.332,410.451,1.332,6,8,0.8737160558349899,90261.4744747202,362.242,84431.5,3764.78,1346.02,1281.77,-2.85464,-2.7662
297|8,6.66,337.889,6.66,7,8,0.8737160558349899,90261.4744747202,362.242,61645.5,749.899,472.152,465.009,-0.869934,-0.831286
297|8,33.3,468.103,33.3,8,8,0.8737160558349899,90261.4744747202,362.242,17423.8,398.931,373.26,372.607,0.704032,0.709568
297|7,0.0004262399999999,64979.2,0.0004262399999999,1,7,0.8737160558349899,90261.4744747202,362.242,63054.8,63018.1,62900.8,62890.6,0.165718,0.166554
297|7,0.0021311999999999,77106,0.0021311999999999,2,7,0.8737160558349899,90261.4744747202,362.242,81274.3,80880.3,79632.4,79526.8,-0.159271,-0.152821
297|7,0.0106559999999999,70815.4,0.0106559999999999,3,7,0.8737160558349899,90261.4744747202,362.242,87865.7,84403.9,74865.8,74150.8,-0.271545,-0.225757
297|7,0.0532799999999999,42557.4,0.0532799999999999,4,7,0.8737160558349899,90261.4744747202,362.242,89961.3,66893.1,36646.6,35300.2,0.80613,1.02717
297|7,0.2663999999999999,7114.2,0.2663999999999999,5,7,0.8737160558349899,90261.4744747202,362.242,89611.5,23197.1,7057.81,6681.98,0.0385932,0.311722
297|7,1.332,389.932,1.332,6,7,0.8737160558349899,90261.4744747202,362.242,84710.3,3776.06,1193.55,1144.18,-2.70139,-2.62178
297|7,6.66,352.728,6.66,7,7,0.8737160558349899,90261.4744747202,362.242,61865.4,751.286,455.134,449.665,-0.678366,-0.646786
297|7,33.3,565.941,33.3,8,7,0.8737160558349899,90261.4744747202,362.242,17502.9,399.096,371.702,371.202,1.44518,1.44998
297|9,0.0004262399999999,53569.5,0.0004262399999999,1,9,0.8737160558349899,90261.4744747202,362.242,61872.8,61836.8,61550.3,61537.1,-0.650226,-0.649288
297|9,0.0021311999999999,69849.8,0.0021311999999999,2,9,0.8737160558349899,90261.4744747202,362.242,80092.3,79704.1,76705.5,76573.4,-0.448636,-0.440747
297|9,0.0106559999999999,60435.2,0.0106559999999999,3,9,0.8737160558349899,90261.4744747202,362.242,86683.8,83268.7,63199.7,62517.3,-0.219383,-0.167023
297|9,0.0532799999999999,28172.8,0.0532799999999999,4,9,0.8737160558349899,90261.4744747202,362.242,88779.9,66015.8,21682.5,21055.9,1.48755,1.67903
297|9,0.2663999999999999,1777.13,0.2663999999999999,5,9,0.8737160558349899,90261.4744747202,362.242,88434.7,22896,3576.09,3458.42,-2.33557,-2.25104
297|9,1.332,364.656,1.332,6,9,0.8737160558349899,90261.4744747202,362.242,83571,3729.97,747.678,733.309,-1.83256,-1.78821
297|9,6.66,346.622,6.66,7,9,0.8737160558349899,90261.4744747202,362.242,60966.9,745.618,405.552,403.982,-0.417585,-0.407361
297|9,33.3,410.167,33.3,8,9,0.8737160558349899,90261.4744747202,362.242,17179.8,398.42,367.119,366.977,0.322469,0.323603
297|10,0.0004262399999999,55458.1,0.0004262399999999,1,10,0.8737160558349899,90261.4744747202,362.242,59407,59372.4,59051.3,59048.8,-0.305072,-0.304873
297|10,0.0021311999999999,69594.2,0.0021311999999999,2,10,0.8737160558349899,90261.4744747202,362.242,77626.5,77250.3,73875.5,73851.8,-0.290855,-0.289338
297|10,0.0106559999999999,58702.8,0.0106559999999999,3,10,0.8737160558349899,90261.4744747202,362.242,84218.2,80900.6,59008.8,58899.7,-0.0260014,-0.0167607
297|10,0.0532799999999999,24374.3,0.0532799999999999,4,10,0.8737160558349899,90261.4744747202,362.242,86315.4,64185.8,18968,18884.4,1.41361,1.44175
297|10,0.2663999999999999,1924.81,0.2663999999999999,5,10,0.8737160558349899,90261.4744747202,362.242,85979.8,22267.9,3091.73,3077.73,-1.731,-1.7173
297|10,1.332,416.912,1.332,6,10,0.8737160558349899,90261.4744747202,362.242,81194.3,3633.8,688.132,686.556,-1.37541,-1.36958
297|10,6.66,340.019,6.66,7,10,0.8737160558349899,90261.4744747202,362.242,59092.6,733.792,398.894,398.735,-0.421135,-0.420097
297|10,33.3,409.954,33.3,8,10,0.8737160558349899,90261.4744747202,362.242,16505.6,397.01,366.478,366.465,0.325986,0.32609
297|12,0.0004262399999999,52043,0.0004262399999999,1,12,0.8737160558349899,90261.4744747202,362.242,34425.4,34405.1,34424.6,34424.6,2.55656,2.55656
297|12,0.0021311999999999,59427,0.0021311999999999,2,12,0.8737160558349899,90261.4744747202,362.242,52645.1,52390.2,52641.9,52641.7,0.645819,0.645837
297|12,0.0106559999999999,57751.4,0.0106559999999999,3,12,0.8737160558349899,90261.4744747202,362.242,59238.1,56908.6,59211.2,59209.5,-0.123607,-0.123471
297|12,0.0532799999999999,51957.8,0.0532799999999999,4,12,0.8737160558349899,90261.4744747202,362.242,61347,45645.7,61115.3,61101.1,-0.751376,-0.750388
297|12,0.2663999999999999,42195.3,0.2663999999999999,5,12,0.8737160558349899,90261.4744747202,362.242,61108.9,15904.7,59227,59116.1,-1.44178,-1.43507
297|12,1.332,25886.6,1.332,6,12,0.8737160558349899,90261.4744747202,362.242,57115,2659.5,45377.1,44822,-2.15015,-2.1146
297|12,6.66,11750.5,6.66,7,12,0.8737160558349899,90261.4744747202,362.242,40103.7,613.981,14906.4,14374.7,-1.04553,-0.900873
297|12,33.3,2570.2,33.3,8,12,0.8737160558349899,90261.4744747202,362.242,9675.74,382.723,1853.09,1782.37,1.6741,1.9015
297|11,0.0004262399999999,49345,0.0004262399999999,1,11,0.8737160558349899,90261.4744747202,362.242,52689.9,52659.1,52688.9,52688.9,-0.317997,-0.317993
297|11,0.0021311999999999,80443,0.0021311999999999,2,11,0.8737160558349899,90261.4744747202,362.242,70909.4,70565.8,70903.1,70902.7,0.675161,0.675196
297|11,0.0106559999999999,76325,0.0106559999999999,3,11,0.8737160558349899,90261.4744747202,362.242,77501.4,74449.5,77445.5,77441.4,-0.0726252,-0.0723683
297|11,0.0532799999999999,66349.5,0.0532799999999999,4,11,0.8737160558349899,90261.4744747202,362.242,79601.8,59200.7,79121.4,79087.2,-0.810371,-0.808551
297|11,0.2663999999999999,59206.9,0.2663999999999999,5,11,0.8737160558349899,90261.4744747202,362.242,79292.4,20557,75449.4,75190.3,-1.08054,-1.06695
297|11,1.332,36423,1.332,6,11,0.8737160558349899,90261.4744747202,362.242,74719.7,3371.82,52819.9,51751.1,-1.55545,-1.48391
297|11,6.66,14562.1,6.66,7,11,0.8737160558349899,90261.4744747202,362.242,53986.8,701.577,14572.4,13876,-0.00349239,0.243811
297|11,33.3,2317.44,33.3,8,11,0.8737160558349899,90261.4744747202,362.242,14669.2,393.169,1884.17,1795.09,0.997115,1.25309
183|4,0.0004262399999999,10799.1,0.0004262399999999,1,4,0.7222976190878015,14088.5350539086,363.422375,10505.7,10502.8,10503,10502.9,0.138071,0.138124
183|4,0.0021311999999999,12716.1,0.0021311999999999,2,4,0.7222976190878015,14088.5350539086,363.422375,12805.1,12776.6,12777.9,12776.8,-0.0238216,-0.0233921
183|4,0.0106559999999999,13710.1,0.0106559999999999,3,4,0.7222976190878015,14088.5350539086,363.422375,13636.9,13385,13397,13387.3,0.115168,0.118796
183|4,0.0532799999999999,12417.9,0.0532799999999999,4,4,0.7222976190878015,14088.5350539086,363.422375,13900.3,12004.9,12083.6,12020.3,0.135972,0.162572
183|4,0.2663999999999999,7192.3,0.2663999999999999,5,4,0.7222976190878015,14088.5350539086,363.422375,13847.4,6063.12,6224.07,6094.34,0.747274,0.864575
183|4,1.332,1275.16,1.332,6,4,0.7222976190878015,14088.5350539086,363.422375,13158.2,1418.46,1466.14,1427.67,-0.543208,-0.443412
183|4,6.66,376.939,6.66,7,4,0.7222976190878015,14088.5350539086,363.422375,9820.85,490.555,496.654,491.741,-0.751987,-0.725567
183|4,33.3,683.304,33.3,8,4,0.7222976190878015,14088.5350539086,363.422375,3137.02,376.743,377.338,376.859,2.25767,2.26279
183|3,0.0004262399999999,10309.2,0.0004262399999999,1,3,0.7222976190878015,14088.5350539086,363.422375,10194.5,10191.7,10192,10191.8,0.0562635,0.0563773
183|3,0.0021311999999999,12936.2,0.0021311999999999,2,3,0.7222976190878015,14088.5350539086,363.422375,12493.9,12466.1,12469,12466.6,0.184301,0.185289
183|3,0.0106559999999999,12659.3,0.0106559999999999,3,3,0.7222976190878015,14088.5350539086,363.422375,13325.7,13079.7,13105.4,13084.5,-0.167653,-0.160018
183|3,0.0532799999999999,11864.1,0.0532799999999999,4,3,0.7222976190878015,14088.5350539086,363.422375,13589.3,11737.4,11908.9,11768.9,-0.0184675,0.039749
183|3,0.2663999999999999,6753.52,0.2663999999999999,5,3,0.7222976190878015,14088.5350539086,363.422375,13537.6,5932.17,6293.97,5996.26,0.350925,0.605577
183|3,1.332,1355.39,1.332,6,3,0.7222976190878015,14088.5350539086,363.422375,12858.3,1393.74,1503.83,1412.71,-0.413437,-0.168095
183|3,6.66,387.234,6.66,7,3,0.7222976190878015,14088.5350539086,363.422375,9584.3,487.4,501.598,489.839,-0.713976,-0.650032
183|3,33.3,858.39,33.3,8,3,0.7222976190878015,14088.5350539086,363.422375,3051.94,376.365,377.751,376.604,3.54441,3.55885
183|6,0.0004262399999999,9435.9,0.0004262399999999,1,6,0.7222976190878015,14088.5350539086,363.422375,10654.9,10652,10647.9,10647.6,-0.557626,-0.557488
183|6,0.0021311999999999,11956.4,0.0021311999999999,2,6,0.7222976190878015,14088.5350539086,363.422375,12954.3,12925.4,12883.6,12880.2,-0.354271,-0.353064
183|6,0.0106559999999999,13305.4,0.0106559999999999,3,6,0.7222976190878015,14088.5350539086,363.422375,13786,13531.3,13176.6,13148.8,0.0481423,0.0586542
183|6,0.0532799999999999,10706.8,0.0532799999999999,4,6,0.7222976190878015,14088.5350539086,363.422375,14049.4,12133.1,10135.4,10004.6,0.275804,0.343229
183|6,0.2663999999999999,3670.7,0.2663999999999999,5,6,0.7222976190878015,14088.5350539086,363.422375,13996,6125.89,3489.58,3380.37,0.240511,0.396947
183|6,1.332,664.134,1.332,6,6,0.7222976190878015,14088.5350539086,363.422375,13302,1430.3,819.589,800.035,-0.69624,-0.619426
183|6,6.66,382.193,6.66,7,6,0.7222976190878015,14088.5350539086,363.422375,9934.23,492.068,416.657,414.368,-0.240458,-0.225204
183|6,33.3,570.698,33.3,8,6,0.7222976190878015,14088.5350539086,363.422375,3177.81,376.924,369.51,369.288,1.50175,1.50389
183|5,0.0004262399999999,11132.8,0.0004262399999999,1,5,0.7222976190878015,14088.5350539086,363.422375,10618.4,10615.5,10611.5,10611.2,0.240659,0.240812
183|5,0.0021311999999999,12829.7,0.0021311999999999,2,5,0.7222976190878015,14088.5350539086,363.422375,12917.8,12889,12847.9,12844.7,-0.00697051,-0.00574982
183|5,0.0106559999999999,12808.4,0.0106559999999999,3,5,0.7222976190878015,14088.5350539086,363.422375,13749.5,13495.5,13147,13120.9,-0.126846,-0.117289
183|5,0.0532799999999999,10358.9,0.0532799999999999,4,5,0.7222976190878015,14088.5350539086,363.422375,14012.9,12101.7,10134.6,10011.1,0.108288,0.169882
183|5,0.2663999999999999,3834.71,0.2663999999999999,5,5,0.7222976190878015,14088.5350539086,363.422375,13959.6,6110.53,3503.08,3399.04,0.438799,0.592661
183|5,1.332,593.631,1.332,6,5,0.7222976190878015,14088.5350539086,363.422375,13266.8,1427.4,822.34,803.647,-1.02183,-0.954121
183|5,6.66,380.986,6.66,7,5,0.7222976190878015,14088.5350539086,363.422375,9906.48,491.697,416.977,414.79,-0.251004,-0.236464
183|5,33.3,581.135,33.3,8,5,0.7222976190878015,14088.5350539086,363.422375,3167.83,376.879,369.538,369.326,1.57938,1.58145
183|7,0.0004262399999999,10550.6,0.0004262399999999,1,7,0.7222976190878015,14088.5350539086,363.422375,10654.9,10652,10652.9,10652.8,-0.047038,-0.046985
183|7,0.0021311999999999,11438.1,0.0021311999999999,2,7,0.7222976190878015,14088.5350539086,363.422375,12954.3,12925.4,12934.7,12933.5,-0.569643,-0.569242
183|7,0.0106559999999999,13880.5,0.0106559999999999,3,7,0.7222976190878015,14088.5350539086,363.422375,13786,13531.3,13612.5,13602.1,0.0970557,0.100876
183|7,0.0532799999999999,13596.5,0.0532799999999999,4,7,0.7222976190878015,14088.5350539086,363.422375,14049.4,12133.1,12689.6,12616.5,0.351721,0.382182
183|7,0.2663999999999999,9151.9,0.2663999999999999,5,7,0.7222976190878015,14088.5350539086,363.422375,13996,6125.89,7442.18,7245.31,1.1121,1.27248
183|7,1.332,1552.06,1.332,6,7,0.7222976190878015,14088.5350539086,363.422375,13302,1430.3,1876.98,1802.02,-0.750237,-0.597676
183|7,6.66,370.833,6.66,7,7,0.7222976190878015,14088.5350539086,363.422375,9934.23,492.068,551.377,541.222,-1.06167,-1.01396
183|7,33.3,565.728,33.3,8,7,0.7222976190878015,14088.5350539086,363.422375,3177.81,376.924,382.801,381.798,1.33908,1.34839
183|8,0.0004262399999999,10990.8,0.0004262399999999,1,8,0.7222976190878015,14088.5350539086,363.422375,10618.4,10615.5,10616.6,10616.4,0.172668,0.172767
183|8,0.0021311999999999,12240.4,0.0021311999999999,2,8,0.7222976190878015,14088.5350539086,363.422375,12917.8,12889,12900.3,12898.2,-0.251828,-0.251054
183|8,0.0106559999999999,13298.3,0.0106559999999999,3,8,0.7222976190878015,14088.5350539086,363.422375,13749.5,13495.5,13594.5,13575.8,-0.107374,-0.100734
183|8,0.0532799999999999,13497.1,0.0532799999999999,4,8,0.7222976190878015,14088.5350539086,363.422375,14012.9,12101.7,12786.8,12652.5,0.273419,0.328469
183|8,0.2663999999999999,8938.9,0.2663999999999999,5,8,0.7222976190878015,14088.5350539086,363.422375,13959.6,6110.53,7800.09,7413.22,0.708039,0.996107
183|8,1.332,1754.41,1.332,6,8,0.7222976190878015,14088.5350539086,363.422375,13266.8,1427.4,2027.67,1869.49,-0.590205,-0.266639
183|8,6.66,403.209,6.66,7,8,0.7222976190878015,14088.5350539086,363.422375,9906.48,491.697,572.318,550.451,-0.970706,-0.866778
183|8,33.3,660.726,33.3,8,8,0.7222976190878015,14088.5350539086,363.422375,3167.83,376.879,384.877,382.705,2.01322,2.03547
183|10,0.0004262399999999,8101.1,0.0004262399999999,1,10,0.7222976190878015,14088.5350539086,363.422375,10194.5,10191.7,10185.3,10184.2,-1.0012,-1.00077
183|10,0.0021311999999999,12638,0.0021311999999999,2,10,0.7222976190878015,14088.5350539086,363.422375,12493.9,12466.1,12399.8,12388.5,0.0944799,0.0990352
183|10,0.0106559999999999,10380.2,0.0106559999999999,3,10,0.7222976190878015,14088.5350539086,363.422375,13325.7,13079.7,12525,12435.3,-0.84244,-0.812886
183|10,0.0532799999999999,8236,0.0532799999999999,4,10,0.7222976190878015,14088.5350539086,363.422375,13589.3,11737.4,8872.02,8523.29,-0.34925,-0.163985
183|10,0.2663999999999999,2866.98,0.2663999999999999,5,10,0.7222976190878015,14088.5350539086,363.422375,13537.6,5932.17,2694.52,2486.1,0.289689,0.687561
183|10,1.332,402.854,1.332,6,10,0.7222976190878015,14088.5350539086,363.422375,12858.3,1393.74,685.107,651.824,-1.43573,-1.31045
183|10,6.66,378.856,6.66,7,10,0.7222976190878015,14088.5350539086,363.422375,9584.3,487.4,400.834,396.994,-0.156781,-0.130094
183|10,33.3,574.674,33.3,8,10,0.7222976190878015,14088.5350539086,363.422375,3051.94,376.365,367.936,367.566,1.54678,1.5504
183|9,0.0004262399999999,8903.4,0.0004262399999999,1,9,0.7222976190878015,14088.5350539086,363.422375,10505.7,10502.8,10497.7,10497.7,-0.743701,-0.743719
183|9,0.0021311999999999,12219.1,0.0021311999999999,2,9,0.7222976190878015,14088.5350539086,363.422375,12805.1,12776.6,12723.4,12723.9,-0.195044,-0.195236
183|9,0.0106559999999999,12843.9,0.0106559999999999,3,9,0.7222976190878015,14088.5350539086,363.422375,13636.9,13385,12936.5,12941,-0.0352511,-0.0369478
183|9,0.0532799999999999,9641.8,0.0532799999999999,4,9,0.7222976190878015,14088.5350539086,363.422375,13900.3,12004.9,9577.99,9599.22,0.0325339,0.0216637
183|9,0.2663999999999999,3595.44,0.2663999999999999,5,9,0.7222976190878015,14088.5350539086,363.422375,13847.4,6063.12,3095.34,3112.05,0.741057,0.712785
183|9,1.332,447.655,1.332,6,9,0.7222976190878015,14088.5350539086,363.422375,13158.2,1418.46,750.746,753.79,-1.44593,-1.45625
183|9,6.66,371.969,6.66,7,9,0.7222976190878015,14088.5350539086,363.422375,9820.85,490.555,408.531,408.907,-0.258002,-0.260517
183|9,33.3,589.655,33.3,8,9,0.7222976190878015,14088.5350539086,363.422375,3137.02,376.743,368.705,368.743,1.65122,1.65084
183|12,0.0004262399999999,6529.16,0.0004262399999999,1,12,0.7222976190878015,14088.5350539086,363.422375,7041.71,7039.65,7041.08,7041.04,-0.351161,-0.351135
183|12,0.0021311999999999,7582.8,0.0021311999999999,2,12,0.7222976190878015,14088.5350539086,363.422375,9341.12,9320.38,9336.55,9336.08,-0.916619,-0.91642
183|12,0.0106559999999999,8058.5,0.0106559999999999,3,12,0.7222976190878015,14088.5350539086,363.422375,10173.1,9986.8,10132.5,10128.3,-1.00135,-0.999713
183|12,0.0532799999999999,6933.86,0.0532799999999999,4,12,0.7222976190878015,14088.5350539086,363.422375,10438.1,9027.39,10098.8,10064.6,-1.53301,-1.52146
183|12,0.2663999999999999,6366.57,0.2663999999999999,5,12,0.7222976190878015,14088.5350539086,363.422375,10398.8,4605.46,8128.25,7949.59,-1.05268,-0.966395
183|12,1.332,3312.15,1.332,6,12,0.7222976190878015,14088.5350539086,363.422375,9819.35,1143.37,3157.16,2967.14,0.225564,0.531261
183|12,6.66,877.56,6.66,7,12,0.7222976190878015,14088.5350539086,363.422375,7187.79,455.434,769.358,733.55,0.507251,0.698381
183|12,33.3,466.328,33.3,8,12,0.7222976190878015,14088.5350539086,363.422375,2189.97,372.535,401.653,398.252,0.46082,0.487399
183|11,0.0004262399999999,9471.4,0.0004262399999999,1,11,0.7222976190878015,14088.5350539086,363.422375,9346.78,9344.17,9346.26,9346.26,0.0653381,0.0653409
183|11,0.0021311999999999,10699.7,0.0021311999999999,2,11,0.7222976190878015,14088.5350539086,363.422375,11646.2,11620.2,11642.3,11642.2,-0.397586,-0.397565
183|11,0.0106559999999999,12659.3,0.0106559999999999,3,11,0.7222976190878015,14088.5350539086,363.422375,12478,12248.1,12443.7,12443.2,0.0852161,0.0854062
183|11,0.0532799999999999,11189.6,0.0532799999999999,4,11,0.7222976190878015,14088.5350539086,363.422375,12742,11008.7,12453.5,12449.7,-0.499209,-0.497865
183|11,0.2663999999999999,9812.2,0.2663999999999999,5,11,0.7222976190878015,14088.5350539086,363.422375,12693.6,5575.44,10636.6,10614.5,-0.379698,-0.370242
183|11,1.332,5440.73,1.332,6,11,0.7222976190878015,14088.5350539086,363.422375,12041.2,1326.42,4798.33,4764.19,0.634303,0.672507
183|11,6.66,1136.71,6.66,7,11,0.7222976190878015,14088.5350539086,363.422375,8939.92,478.805,1087.86,1079.96,0.176661,0.206408
183|11,33.3,483.368,33.3,8,11,0.7222976190878015,14088.5350539086,363.422375,2820.17,375.335,436.88,436.073,0.315519,0.321349
705|3,0.0004262399999999,8569.7,0.0004262399999999,1,3,0.90051801152487,14504.7613569028,377.072125,9507.54,9507.61,9507.61,9507.61,-0.481664,-0.481664
705|3,0.0021311999999999,13170.5,0.0021311999999999,2,3,0.90051801152487,14504.7613569028,377.072125,12458.4,12458.5,12458.5,12458.5,0.281116,0.281119
705|3,0.0106559999999999,14214.2,0.0106559999999999,3,3,0.90051801152487,14504.7613569028,377.072125,13526,13526.8,13526.8,13526.7,0.250439,0.250467
705|3,0.0532799999999999,13220.2,0.0532799999999999,4,3,0.90051801152487,14504.7613569028,377.072125,13865.9,13872.5,13872.7,13872.1,-0.231938,-0.231721
705|3,0.2663999999999999,12020.3,0.2663999999999999,5,3,0.90051801152487,14504.7613569028,377.072125,13813.2,13868.8,13870.6,13865.2,-0.657785,-0.656117
705|3,1.332,12993,1.332,6,3,0.90051801152487,14504.7613569028,377.072125,13051.9,13492.7,13507.3,13463.3,-0.187633,-0.172126
705|3,6.66,11949.3,6.66,7,3,0.90051801152487,14504.7613569028,377.072125,9560.57,12199.2,12308.7,11983.7,-0.143593,-0.014106
705|3,33.3,7039.65,33.3,8,3,0.90051801152487,14504.7613569028,377.072125,2874.04,8084.14,8634.34,7168.24,-0.898953,-0.0867049
705|4,0.0004262399999999,8782.7,0.0004262399999999,1,4,0.90051801152487,14504.7613569028,377.072125,9906.9,9906.97,9906.97,9906.97,-0.554792,-0.554792
705|4,0.0021311999999999,13475.8,0.0021311999999999,2,4,0.90051801152487,14504.7613569028,377.072125,12857.8,12857.9,12857.9,12857.9,0.236577,0.236579
705|4,0.0106559999999999,13979.9,0.0106559999999999,3,4,0.90051801152487,14504.7613569028,377.072125,13925.3,13926.1,13926.2,13926.1,0.0190272,0.0190427
705|4,0.0532799999999999,13269.9,0.0532799999999999,4,4,0.90051801152487,14504.7613569028,377.072125,14265,14271.9,14272.1,14271.7,-0.346455,-0.346334
705|4,0.2663999999999999,13610.7,0.2663999999999999,5,4,0.90051801152487,14504.7613569028,377.072125,14210.8,14268.1,14269.7,14266.6,-0.227873,-0.226831
705|4,1.332,13220.2,1.332,6,4,0.90051801152487,14504.7613569028,377.072125,13436.8,13891,13904.6,13878.9,-0.242735,-0.234013
705|4,6.66,11935.1,6.66,7,4,0.90051801152487,14504.7613569028,377.072125,9864.13,12590,12692.5,12499.9,-0.293662,-0.222259
705|4,33.3,8122.4,33.3,8,4,0.90051801152487,14504.7613569028,377.072125,2983.23,8421.24,8938.57,8009.03,-0.444945,0.0687152
705|5,0.0004262399999999,8470.3,0.0004262399999999,1,5,0.90051801152487,14504.7613569028,377.072125,10051.5,10051.6,10051.6,10051.6,-0.769407,-0.769407
705|5,0.0021311999999999,13064,0.0021311999999999,2,5,0.90051801152487,14504.7613569028,377.072125,13002.3,13002.4,13002.4,13002.4,0.0233103,0.0233127
705|5,0.0106559999999999,13880.5,0.0106559999999999,3,5,0.90051801152487,14504.7613569028,377.072125,14069.9,14070.7,14070.8,14070.7,-0.0666934,-0.0666736
705|5,0.0532799999999999,14611.8,0.0532799999999999,4,5,0.90051801152487,14504.7613569028,377.072125,14409.5,14416.4,14416.7,14416.2,0.0667935,0.066965
705|5,0.2663999999999999,14164.5,0.2663999999999999,5,5,0.90051801152487,14504.7613569028,377.072125,14354.8,14412.6,14414.6,14410.4,-0.0856146,-0.0842143
705|5,1.332,14086.4,1.332,6,5,0.90051801152487,14504.7613569028,377.072125,13576.2,14035.2,14051.2,14017.2,0.0123559,0.024347
705|5,6.66,11246.4,6.66,7,5,0.90051801152487,14504.7613569028,377.072125,9974.04,12731.5,12851.9,12598.2,-0.614942,-0.527935
705|5,33.3,8030.1,33.3,8,5,0.90051801152487,14504.7613569028,377.072125,3022.75,8543.28,9158.76,7943.74,-0.600991,0.0527551
705|6,0.0004262399999999,9173.2,0.0004262399999999,1,6,0.90051801152487,14504.7613569028,377.072125,10098.3,10098.4,10098.4,10098.4,-0.448158,-0.448158
705|6,0.0021311999999999,13177.6,0.0021311999999999,2,6,0.90051801152487,14504.7613569028,377.072125,13049.2,13049.3,13049.3,13049.3,0.0484178,0.04842
705|6,0.0106559999999999,13277,0.0106559999999999,3,6,0.90051801152487,14504.7613569028,377.072125,14116.8,14117.6,14117.6,14117.5,-0.293713,-0.293696
705|6,0.0532799999999999,14363.3,0.0532799999999999,4,6,0.90051801152487,14504.7613569028,377.072125,14456.4,14463.3,14463.5,14463,-0.0341852,-0.0340346
705|6,0.2663999999999999,13639.1,0.2663999999999999,5,6,0.90051801152487,14504.7613569028,377.072125,14401.4,14459.5,14461.1,14457.3,-0.280526,-0.279321
705|6,1.332,14072.2,1.332,6,6,0.90051801152487,14504.7613569028,377.072125,13621.3,14081.9,14095.2,14064.7,-0.00805868,0.00263655
705|6,6.66,11864.1,6.66,7,6,0.90051801152487,14504.7613569028,377.072125,10009.6,12777.3,12877.3,12649.5,-0.387319,-0.305513
705|6,33.3,8058.5,33.3,8,6,0.90051801152487,14504.7613569028,377.072125,3035.56,8582.82,9088.43,8005.57,-0.552525,0.0320946
705|7,0.0004262399999999,7696.4,0.0004262399999999,1,7,0.90051801152487,14504.7613569028,377.072125,10098.3,10098.4,10098.4,10098.4,-1.16351,-1.1635
705|7,0.0021311999999999,13376.4,0.0021311999999999,2,7,0.90051801152487,14504.7613569028,377.072125,13049.2,13049.3,13049.3,13049.3,0.123438,0.123442
705|7,0.0106559999999999,14143.2,0.0106559999999999,3,7,0.90051801152487,14504.7613569028,377.072125,14116.8,14117.6,14117.6,14117.5,0.00895566,0.00898917
705|7,0.0532799999999999,14008.3,0.0532799999999999,4,7,0.90051801152487,14504.7613569028,377.072125,14456.4,14463.3,14463.2,14462.4,-0.155235,-0.154962
705|7,0.2663999999999999,15201.1,0.2663999999999999,5,7,0.90051801152487,14504.7613569028,377.072125,14401.4,14459.5,14458.9,14452,0.253336,0.255827
705|7,1.332,15243.7,1.332,6,7,0.90051801152487,14504.7613569028,377.072125,13621.3,14081.9,14077.4,14020.9,0.408643,0.430143
705|7,6.66,11743.4,6.66,7,7,0.90051801152487,14504.7613569028,377.072125,10009.6,12777.3,12743.6,12335.3,-0.38626,-0.235969
705|7,33.3,6646.31,33.3,8,7,0.90051801152487,14504.7613569028,377.072125,3035.56,8582.82,8422.65,6845.96,-1.02564,-0.140688
705|8,0.0004262399999999,8392.2,0.0004262399999999,1,8,0.90051801152487,14504.7613569028,377.072125,10051.5,10051.6,10051.6,10051.6,-0.807409,-0.807409
705|8,0.0021311999999999,13362.2,0.0021311999999999,2,8,0.90051801152487,14504.7613569028,377.072125,13002.3,13002.4,13002.4,13002.4,0.136235,0.136238
705|8,0.0106559999999999,13610.7,0.0106559999999999,3,8,0.90051801152487,14504.7613569028,377.072125,14069.9,14070.7,14070.7,14070.7,-0.161268,-0.161251
705|8,0.0532799999999999,14682.8,0.0532799999999999,4,8,0.90051801152487,14504.7613569028,377.072125,14409.5,14416.4,14416.6,14416.2,0.0911232,0.0912756
705|8,0.2663999999999999,14377.5,0.2663999999999999,5,8,0.90051801152487,14504.7613569028,377.072125,14354.8,14412.6,14414,14410.3,-0.0124808,-0.0112236
705|8,1.332,14448.5,1.332,6,8,0.90051801152487,14504.7613569028,377.072125,13576.2,14035.2,14046.1,14016.1,0.141289,0.152165
705|8,6.66,11296.1,6.66,7,8,0.90051801152487,14504.7613569028,377.072125,9974.04,12731.5,12813.5,12589.9,-0.582898,-0.505611
705|8,33.3,7973.3,33.3,8,8,0.90051801152487,14504.7613569028,377.072125,3022.75,8543.28,8953.79,7908.95,-0.533649,0.0394791
705|10,0.0004262399999999,7937.8,0.0004262399999999,1,10,0.90051801152487,14504.7613569028,377.072125,9507.54,9504.11,9502.77,9502.43,-0.804089,-0.803941
705|10,0.0021311999999999,13213.1,0.0021311999999999,2,10,0.90051801152487,14504.7613569028,377.072125,12458.4,12419.6,12404.7,12401,0.320508,0.322088
705|10,0.0106559999999999,14129,0.0106559999999999,3,10,0.90051801152487,14504.7613569028,377.072125,13526,13178.7,13049.7,13017.8,0.407276,0.42032
705|10,0.0532799999999999,10529.3,0.0532799999999999,4,10,0.90051801152487,14504.7613569028,377.072125,13865.9,11358.4,10623,10455.3,-0.0431969,0.0346696
705|10,0.2663999999999999,4592.28,0.2663999999999999,5,10,0.90051801152487,14504.7613569028,377.072125,13813.2,4986.23,4052.55,3877.74,0.624125,0.860786
705|10,1.332,624.871,1.332,6,10,0.90051801152487,14504.7613569028,377.072125,13051.9,1140.76,937.213,902.951,-1.2665,-1.15954
705|10,6.66,342.007,6.66,7,10,0.90051801152487,14504.7613569028,377.072125,9560.57,465.767,441.424,437.427,-0.670654,-0.647149
705|10,33.3,322.482,33.3,8,10,0.90051801152487,14504.7613569028,377.072125,2874.04,385.994,383.783,383.424,-0.448102,-0.445706
705|9,0.0004262399999999,8811.1,0.0004262399999999,1,9,0.90051801152487,14504.7613569028,377.072125,9906.9,9903.32,9902.98,9902.87,-0.539019,-0.53897
705|9,0.0021311999999999,12531.5,0.0021311999999999,2,9,0.90051801152487,14504.7613569028,377.072125,12857.8,12817.7,12814,12812.8,-0.108502,-0.108054
705|9,0.0106559999999999,11991.9,0.0106559999999999,3,9,0.90051801152487,14504.7613569028,377.072125,13925.3,13567.5,13534.9,13524.7,-0.561838,-0.558544
705|9,0.0532799999999999,11558.8,0.0532799999999999,4,9,0.90051801152487,14504.7613569028,377.072125,14265,11683.4,11488.5,11430.2,0.0300288,0.0552383
705|9,0.2663999999999999,6037.13,0.2663999999999999,5,9,0.90051801152487,14504.7613569028,377.072125,14210.8,5122.6,4844.38,4767.22,1.16718,1.26159
705|9,1.332,493.095,1.332,6,9,0.90051801152487,14504.7613569028,377.072125,13436.8,1163.93,1099.34,1082.36,-2.17457,-2.13952
705|9,6.66,340.871,6.66,7,9,0.90051801152487,14504.7613569028,377.072125,9864.13,468.666,460.818,458.811,-0.788669,-0.77751
705|9,33.3,353.296,33.3,8,9,0.90051801152487,14504.7613569028,377.072125,2983.23,386.341,385.617,385.436,-0.235637,-0.23438
705|12,0.0004262399999999,7476.3,0.0004262399999999,1,12,0.90051801152487,14504.7613569028,377.072125,5461.49,5459.66,5459.63,5459.45,1.76284,1.76305
705|12,0.0021311999999999,6678.97,0.0021311999999999,2,12,0.90051801152487,14504.7613569028,377.072125,8412.36,8386.64,8386.24,8383.94,-0.989888,-0.988814
705|12,0.0106559999999999,7568.6,0.0106559999999999,3,12,0.90051801152487,14504.7613569028,377.072125,9480.21,9239.85,9236.11,9215.32,-0.880722,-0.871636
705|12,0.0532799999999999,6813.87,0.0532799999999999,4,12,0.90051801152487,14504.7613569028,377.072125,9821.96,8066.34,8042.96,7918.99,-0.741938,-0.67716
705|12,0.2663999999999999,3670.7,0.2663999999999999,5,12,0.90051801152487,14504.7613569028,377.072125,9785.09,3604.63,3569.3,3396.21,0.131876,0.373688
705|12,1.332,964.89,1.332,6,12,0.90051801152487,14504.7613569028,377.072125,9151.97,906.077,897.634,858.609,0.281685,0.460052
705|12,6.66,295.644,6.66,7,12,0.90051801152487,14504.7613569028,377.072125,6485.1,436.397,435.39,430.897,-0.950381,-0.925439
705|12,33.3,337.179,33.3,8,12,0.90051801152487,14504.7613569028,377.072125,1767.86,382.484,382.406,382.066,-0.331263,-0.328937
705|11,0.0004262399999999,7646.7,0.0004262399999999,1,11,0.90051801152487,14504.7613569028,377.072125,8419.62,8416.62,8417.31,8417.08,-0.445212,-0.445094
705|11,0.0021311999999999,11416.8,0.0021311999999999,2,11,0.90051801152487,14504.7613569028,377.072125,11370.5,11335.2,11343.1,11340.5,0.0318945,0.0330035
705|11,0.0106559999999999,11999,0.0106559999999999,3,11,0.90051801152487,14504.7613569028,377.072125,12438.2,12119.6,12189.2,12166.7,-0.0767162,-0.0677491
705|11,0.0532799999999999,10380.2,0.0532799999999999,4,11,0.90051801152487,14504.7613569028,377.072125,12778.5,10473.2,10909.2,10764.9,-0.237713,-0.175145
705|11,0.2663999999999999,6246.58,0.2663999999999999,5,11,0.90051801152487,14504.7613569028,377.072125,12730.1,4614.74,5339.49,5081.56,0.809797,1.08985
705|11,1.332,978.38,1.332,6,11,0.90051801152487,14504.7613569028,377.072125,12003.3,1077.66,1262.1,1193.42,-0.912045,-0.722925
705|11,6.66,338.528,6.66,7,11,0.90051801152487,14504.7613569028,377.072125,8733.62,457.87,480.316,471.91,-0.909153,-0.864495
705|11,33.3,359.544,33.3,8,11,0.90051801152487,14504.7613569028,377.072125,2576.61,385.051,387.026,386.287,-0.199946,-0.194783
555|4,0.00128,24786.1,0.00128,1,4,0.359780339617216,31825.0906362375,503.381125,27752.2,27674.9,27729.8,27728.9,-0.529154,-0.52901
555|4,0.0064,28968,0.0064,2,4,0.359780339617216,31825.0906362375,503.381125,30365.3,29977.9,30253,30248.5,-0.211919,-0.211209
555|4,0.032,30224.7,0.032,3,4,0.359780339617216,31825.0906362375,503.381125,31304.3,29541.3,30779.1,30758.3,-0.0898843,-0.0865693
555|4,0.16,26994.2,0.16,4,4,0.359780339617216,31825.0906362375,503.381125,31548.9,24766,29271.6,29186,-0.388042,-0.374537
555|4,0.8,19617.3,0.8,5,4,0.359780339617216,31825.0906362375,503.381125,31036.6,13985.4,23084.8,22843.3,-0.747097,-0.702313
555|4,4,12261.7,4,6,4,0.359780339617216,31825.0906362375,503.381125,27047.4,4869.88,11705.5,11432.4,0.233358,0.356041
555|4,20,3868.08,20,7,4,0.359780339617216,31825.0906362375,503.381125,13194.2,1532.36,3783.39,3673.05,0.104376,0.24704
555|4,100,1458.34,100,8,4,0.359780339617216,31825.0906362375,503.381125,2702.52,712.561,1211.27,1185.42,0.820843,0.922452
555|3,0.00128,24608.6,0.00128,1,3,0.359780339617216,31825.0906362375,503.381125,27398.5,27322.1,27378.3,27377.9,-0.504193,-0.50413
555|3,0.0064,30317,0.0064,2,3,0.359780339617216,31825.0906362375,503.381125,30011.6,29628.8,29910.5,29908.5,0.067803,0.0681285
555|3,0.032,30352.5,0.032,3,3,0.359780339617216,31825.0906362375,503.381125,30950.6,29207.9,30477.5,30468.6,-0.0204709,-0.0190184
555|3,0.16,27001.3,0.16,4,3,0.359780339617216,31825.0906362375,503.381125,31195.9,24490.1,29136.3,29099.4,-0.36545,-0.359578
555|3,0.8,19262.3,0.8,5,3,0.359780339617216,31825.0906362375,503.381125,30689.5,13832.1,23385.2,23277.2,-0.877043,-0.857977
555|3,4,12503.1,4,6,3,0.359780339617216,31825.0906362375,503.381125,26742.6,4819.75,12239.9,12108.9,0.105716,0.160024
555|3,20,4208.17,20,7,3,0.359780339617216,31825.0906362375,503.381125,13043.8,1520.18,4022.57,3966.99,0.216104,0.284475
555|3,100,1591.82,100,8,3,0.359780339617216,31825.0906362375,503.381125,2673.98,709.859,1268.13,1254.95,1.03653,1.08786
555|5,0.00128,23770.8,0.00128,1,5,0.359780339617216,31825.0906362375,503.381125,27880.3,27802.6,27860.9,27861,-0.731812,-0.731818
555|5,0.0064,28151.5,0.0064,2,5,0.359780339617216,31825.0906362375,503.381125,30493.4,30104.3,30396.5,30396.7,-0.36851,-0.368543
555|5,0.032,28584.6,0.032,3,5,0.359780339617216,31825.0906362375,503.381125,31432.4,29662,30979.1,30980.2,-0.38573,-0.385891
555|5,0.16,26270,0.16,4,5,0.359780339617216,31825.0906362375,503.381125,31676.7,24865.8,29699.5,29704.4,-0.576017,-0.576737
555|5,0.8,20440.9,0.8,5,5,0.359780339617216,31825.0906362375,503.381125,31162.3,14040.9,24086.6,24102.1,-0.753233,-0.755949
555|5,4,12070,4,6,5,0.359780339617216,31825.0906362375,503.381125,27157.7,4888.03,12856.7,12877.6,-0.301207,-0.308729
555|5,20,5130.46,20,7,5,0.359780339617216,31825.0906362375,503.381125,13248.6,1536.77,4268.24,4278,0.95001,0.937255
555|5,100,1508.04,100,8,5,0.359780339617216,31825.0906362375,503.381125,2712.85,713.54,1327.21,1329.69,0.558123,0.549628
555|6,0.00128,23728.2,0.00128,1,6,0.359780339617216,31825.0906362375,503.381125,27921.8,27844,27902.8,27902.8,-0.745814,-0.745815
555|6,0.0064,28329,0.0064,2,6,0.359780339617216,31825.0906362375,503.381125,30534.9,30145.3,30439.8,30439.9,-0.345991,-0.346
555|6,0.032,28769.2,0.032,3,6,0.359780339617216,31825.0906362375,503.381125,31473.8,29701.1,31029,31029.3,-0.363442,-0.363492
555|6,0.16,26270,0.16,4,6,0.359780339617216,31825.0906362375,503.381125,31718.1,24898.2,29776,29777.7,-0.587368,-0.58762
555|6,0.8,18687.2,0.8,5,6,0.359780339617216,31825.0906362375,503.381125,31203,14058.8,24232.3,24238.3,-1.13886,-1.13981
555|6,4,12261.7,4,6,6,0.359780339617216,31825.0906362375,503.381125,27193.5,4893.91,13021.1,13029.9,-0.287158,-0.290323
555|6,20,5001.24,20,7,6,0.359780339617216,31825.0906362375,503.381125,13266.2,1538.2,4339.38,4343.84,0.71809,0.712563
555|6,100,1657.85,100,8,6,0.359780339617216,31825.0906362375,503.381125,2716.2,713.857,1344.47,1345.67,0.95709,0.952721
555|7,0.00128,23266.7,0.00128,1,7,0.359780339617216,31825.0906362375,503.381125,27921.8,27844,27584.1,27557.5,-0.780149,-0.776082
555|7,0.0064,28897,0.0064,2,7,0.359780339617216,31825.0906362375,503.381125,30534.9,30145.3,28896.4,28773.4,9.62413e-05,0.0214179
555|7,0.032,29181,0.032,3,7,0.359780339617216,31825.0906362375,503.381125,31473.8,29701.1,24946.2,24542.6,0.845163,0.94074
555|7,0.16,18176,0.16,4,7,0.359780339617216,31825.0906362375,503.381125,31718.1,24898.2,14480.2,13891.9,1.25969,1.52068
555|7,0.8,4345.91,0.8,5,7,0.359780339617216,31825.0906362375,503.381125,31203,14058.8,5148.88,4855.22,-0.741888,-0.497343
555|7,4,579.076,4,6,7,0.359780339617216,31825.0906362375,503.381125,27193.5,4893.91,1628.21,1548.6,-2.73404,-2.63505
555|7,20,511.129,20,7,7,0.359780339617216,31825.0906362375,503.381125,13266.2,1538.2,746.513,728.927,-1.12744,-1.06094
555|7,100,514.679,100,8,7,0.359780339617216,31825.0906362375,503.381125,2716.2,713.857,552.417,548.914,-0.221642,-0.201893
555|8,0.00128,24601.5,0.00128,1,8,0.359780339617216,31825.0906362375,503.381125,27880.3,27802.6,27526.6,27499.3,-0.529652,-0.525228
555|8,0.0064,25545.8,0.0064,2,8,0.359780339617216,31825.0906362375,503.381125,30493.4,30104.3,28780.5,28654.9,-0.560463,-0.541041
555|8,0.032,24601.5,0.032,3,8,0.359780339617216,31825.0906362375,503.381125,31432.4,29662,24660.2,24254.6,-0.0118465,0.0711758
555|8,0.16,17068.4,0.16,4,8,0.359780339617216,31825.0906362375,503.381125,31676.7,24865.8,14088.2,13516.3,1.04343,1.29511
555|8,0.8,4732.86,0.8,5,8,0.359780339617216,31825.0906362375,503.381125,31162.3,14040.9,4954.43,4676.76,-0.212282,0.0567426
555|8,4,664.347,4,6,8,0.359780339617216,31825.0906362375,503.381125,27157.7,4888.03,1575.42,1500.91,-2.44088,-2.3337
555|8,20,531.648,20,7,8,0.359780339617216,31825.0906362375,503.381125,13248.6,1536.77,734.821,718.405,-0.98409,-0.91908
555|8,100,544.57,100,8,8,0.359780339617216,31825.0906362375,503.381125,2712.85,713.54,550.077,546.81,-0.0324345,-0.0132424
555|9,0.00128,28400,0.00128,1,9,0.359780339617216,31825.0906362375,503.381125,27752.2,27674.9,27731.3,27730.9,0.12019,0.120271
555|9,0.0064,27789.4,0.0064,2,9,0.359780339617216,31825.0906362375,503.381125,30365.3,29977.9,30260.9,30258.7,-0.407482,-0.407146
555|9,0.032,29323,0.032,3,9,0.359780339617216,31825.0906362375,503.381125,31304.3,29541.3,30815.7,30805.5,-0.241725,-0.240144
555|9,0.16,27988.2,0.16,4,9,0.359780339617216,31825.0906362375,503.381125,31548.9,24766,29423.8,29381.4,-0.243363,-0.236507
555|9,0.8,19986.5,0.8,5,9,0.359780339617216,31825.0906362375,503.381125,31036.6,13985.4,23525.4,23402.2,-0.748377,-0.726079
555|9,4,11686.6,4,6,9,0.359780339617216,31825.0906362375,503.381125,27047.4,4869.88,12226,12078.8,-0.216928,-0.159581
555|9,20,4575.95,20,7,9,0.359780339617216,31825.0906362375,503.381125,13194.2,1532.36,4000.54,3938.71,0.673416,0.756642
555|9,100,1463.31,100,8,9,0.359780339617216,31825.0906362375,503.381125,2702.52,712.561,1262.81,1248.17,0.64422,0.69777
555|10,0.00128,29102.9,0.00128,1,10,0.359780339617216,31825.0906362375,503.381125,27398.5,27322.1,27379.8,27378.4,0.313661,0.313935
555|10,0.0064,25950.5,0.0064,2,10,0.359780339617216,31825.0906362375,503.381125,30011.6,29628.8,29918.2,29911,-0.661581,-0.660546
555|10,0.032,29216.5,0.032,3,10,0.359780339617216,31825.0906362375,503.381125,30950.6,29207.9,30513.4,30480.2,-0.212076,-0.206859
555|10,0.16,26092.5,0.16,4,10,0.359780339617216,31825.0906362375,503.381125,31195.9,24490.1,29287,29147.5,-0.544024,-0.52273
555|10,0.8,22734.2,0.8,5,10,0.359780339617216,31825.0906362375,503.381125,30689.5,13832.1,23837.4,23419.2,-0.230288,-0.145517
555|10,4,12027.4,4,6,10,0.359780339617216,31825.0906362375,503.381125,26742.6,4819.75,12812.3,12282.9,-0.301529,-0.102299
555|10,20,4408.39,20,7,10,0.359780339617216,31825.0906362375,503.381125,13043.8,1520.18,4273.74,4041.52,0.148181,0.425309
555|10,100,1568.39,100,8,10,0.359780339617216,31825.0906362375,503.381125,2673.98,709.859,1328.73,1272.78,0.739008,0.943834
555|12,0.00128,21044.4,0.00128,1,12,0.359780339617216,31825.0906362375,503.381125,23814.5,23748.1,23133.4,23110.5,-0.449153,-0.444658
555|12,0.0064,21328.4,0.0064,2,12,0.359780339617216,31825.0906362375,503.381125,26427.7,26091.2,23257.7,23161.9,-0.412625,-0.393738
555|12,0.032,18282.5,0.032,3,12,0.359780339617216,31825.0906362375,503.381125,27367.6,25829.8,16835.3,16617.7,0.425504,0.495757
555|12,0.16,8733,0.16,4,12,0.359780339617216,31825.0906362375,503.381125,27620.1,21695.4,7317.48,7146.89,0.935792,1.07257
555|12,0.8,1515.14,0.8,5,12,0.359780339617216,31825.0906362375,503.381125,27172.6,12279.2,2335.37,2278.89,-1.56517,-1.48925
555|12,4,461.713,4,6,12,0.359780339617216,31825.0906362375,503.381125,23654.8,4311.88,917.068,903.708,-1.87682,-1.84188
555|12,20,405.268,20,7,12,0.359780339617216,31825.0906362375,503.381125,11520.8,1396.8,591.399,588.561,-1.04569,-1.03301
555|12,100,451.915,100,8,12,0.359780339617216,31825.0906362375,503.381125,2384.85,682.475,521.322,520.77,-0.42297,-0.419889
555|11,0.00128,25631,0.00128,1,11,0.359780339617216,31825.0906362375,503.381125,26434.8,26361.1,25635.7,25604.8,-0.000914042,0.00509761
555|11,0.0064,26092.5,0.0064,2,11,0.359780339617216,31825.0906362375,503.381125,29047.9,28677.6,25385.3,25258.8,0.138724,0.164351
555|11,0.032,21087,0.032,3,11,0.359780339617216,31825.0906362375,503.381125,29987.2,28299.6,18038.5,17760.9,0.83751,0.927806
555|11,0.16,8406.4,0.16,4,11,0.359780339617216,31825.0906362375,503.381125,30234.4,23738.7,7670.39,7461.54,0.465042,0.613057
555|11,0.8,1638.68,0.8,5,11,0.359780339617216,31825.0906362375,503.381125,29743.9,13414.6,2411.23,2343.44,-1.43302,-1.34074
555|11,4,580.851,4,6,11,0.359780339617216,31825.0906362375,503.381125,25912.4,4683.2,933.397,917.429,-1.43393,-1.38685
555|11,20,445.525,20,7,11,0.359780339617216,31825.0906362375,503.381125,12634.3,1487.01,595.077,591.677,-0.836757,-0.82083
555|11,100,520.004,100,8,11,0.359780339617216,31825.0906362375,503.381125,2596.24,702.496,522.217,521.549,-0.0134703,-0.00941229
394|5,0.00128,37381.5,0.00128,1,5,0.0615827530267959,40177.5359985319,266.9225,39317,36404.1,36176.5,36070.9,0.166459,0.181572
394|5,0.0064,32480.5,0.0064,2,5,0.0615827530267959,40177.5359985319,266.9225,39886,34550.1,34158.9,33983.6,-0.245422,-0.220915
394|5,0.032,30270.5,0.032,3,5,0.0615827530267959,40177.5359985319,266.9225,40083,30888.1,30288.3,30030.1,-0.00293844,0.0399402
394|5,0.16,21814,0.16,4,5,0.0615827530267959,40177.5359985319,266.9225,40070.4,25507.8,24724.6,24402.1,-0.586023,-0.527895
394|5,0.8,17010.5,0.8,5,5,0.0615827530267959,40177.5359985319,266.9225,39413.6,19075.9,18240.6,17912.7,-0.334267,-0.249573
394|5,4,13721.5,4,6,5,0.0615827530267959,40177.5359985319,266.9225,34580.1,12852,12132.3,11862.7,0.643916,0.769819
394|5,20,8372,20,7,5,0.0615827530267959,40177.5359985319,266.9225,17104.1,7916.05,7401.28,7216.66,0.634758,0.774025
394|5,100,3641.95,100,8,5,0.0615827530267959,40177.5359985319,266.9225,3418.09,4572.2,4252.49,4142.23,-0.675035,-0.566838
394|6,0.00128,38246,0.00128,1,6,0.0615827530267959,40177.5359985319,266.9225,39326.1,36412.4,36062.2,35906.2,0.302612,0.325638
394|6,0.0064,34905,0.0064,2,6,0.0615827530267959,40177.5359985319,266.9225,39895.1,34557.9,33959.2,33700.4,0.139106,0.178526
394|6,0.032,30316,0.032,3,6,0.0615827530267959,40177.5359985319,266.9225,40092,30895.1,29983.7,29603.9,0.0552957,0.11998
394|6,0.16,20819.5,0.16,4,6,0.0615827530267959,40177.5359985319,266.9225,40079.4,25513.5,24333.7,23863.3,-0.718773,-0.634676
394|6,0.8,15775.5,0.8,5,6,0.0615827530267959,40177.5359985319,266.9225,39422.5,19080.2,17833.8,17360,-0.571842,-0.452035
394|6,4,11706.5,4,6,6,0.0615827530267959,40177.5359985319,266.9225,34587.9,12854.8,11790.5,11404.4,-0.0350162,0.130033
394|6,20,8404.5,20,7,6,0.0615827530267959,40177.5359985319,266.9225,17108,7917.8,7162.23,6898.92,0.838335,1.05316
394|6,100,3721.9,100,8,6,0.0615827530267959,40177.5359985319,266.9225,3418.82,4573.19,4106.65,3949.46,-0.439456,-0.269516
394|7,0.00128,38109.5,0.00128,1,7,0.0615827530267959,40177.5359985319,266.9225,39326.1,36412.4,38292.1,38267,-0.0238373,-0.0205796
394|7,0.0064,38857,0.0064,2,7,0.0615827530267959,40177.5359985319,266.9225,39895.1,34557.9,37917.2,37871.7,0.123916,0.13006
394|7,0.032,42445,0.032,3,7,0.0615827530267959,40177.5359985319,266.9225,40092,30895.1,36429.2,36351.1,0.825295,0.837798
394|7,0.16,38883,0.16,4,7,0.0615827530267959,40177.5359985319,266.9225,40079.4,25513.5,33622.1,33497.9,0.781456,0.802847
394|7,0.8,33826,0.8,5,7,0.0615827530267959,40177.5359985319,266.9225,39422.5,19080.2,29196.2,29021.7,0.790872,0.825581
394|7,4,28483,4,6,7,0.0615827530267959,40177.5359985319,266.9225,34587.9,12854.8,23253.9,23048,1.11855,1.17286
394|7,20,17907.5,20,7,7,0.0615827530267959,40177.5359985319,266.9225,17108,7917.8,16667.5,16471.2,0.368166,0.431463
394|7,100,11765,100,8,7,0.0615827530267959,40177.5359985319,266.9225,3418.82,4573.19,10719.6,10568.9,0.477838,0.554298
394|8,0.00128,42640,0.00128,1,8,0.0615827530267959,40177.5359985319,266.9225,39317,36404.1,38390.1,38328.8,0.553495,0.562363
394|8,0.0064,40423.5,0.0064,2,8,0.0615827530267959,40177.5359985319,266.9225,39886,34550.1,38108.5,37995,0.303702,0.319543
394|8,0.032,39806,0.032,3,8,0.0615827530267959,40177.5359985319,266.9225,40083,30888.1,36777.3,36576.8,0.411608,0.441236
394|8,0.16,43758,0.16,4,8,0.0615827530267959,40177.5359985319,266.9225,40070.4,25507.8,34203.7,33874.7,1.39527,1.45721
394|8,0.8,35867,0.8,5,8,0.0615827530267959,40177.5359985319,266.9225,39413.6,19075.9,30056.5,29575.2,0.964449,1.06115
394|8,4,28834,4,6,8,0.0615827530267959,40177.5359985319,266.9225,34580.1,12852,24325.4,23729.9,0.922483,1.07019
394|8,20,20111,20,7,8,0.0615827530267959,40177.5359985319,266.9225,17104.1,7916.05,17747.9,17150.1,0.659643,0.854839
394|8,100,11479,100,8,8,0.0615827530267959,40177.5359985319,266.9225,3418.09,4572.2,11595,11112.7,-0.049126,0.161662
394|10,0.00128,33767.5,0.00128,1,10,0.0615827530267959,40177.5359985319,266.9225,39212,36306.9,31696.9,31354.7,0.326068,0.38407
394|10,0.0064,22964.5,0.0064,2,10,0.0615827530267959,40177.5359985319,266.9225,39780.9,34459.2,27294.1,26821.4,-0.790564,-0.716529
394|10,0.032,16341,0.032,3,10,0.0615827530267959,40177.5359985319,266.9225,39977.9,30807.4,21251.9,20715.6,-1.14804,-1.04877
394|10,0.16,12766,0.16,4,10,0.0615827530267959,40177.5359985319,266.9225,39965.5,25441.3,14866.6,14376.5,-0.697733,-0.552795
394|10,0.8,8833.5,0.8,5,10,0.0615827530267959,40177.5359985319,266.9225,39310.5,19026.4,9447.94,9080.85,-0.317478,-0.132802
394|10,4,6669,4,6,10,0.0615827530267959,40177.5359985319,266.9225,34489.5,12818.8,5604.73,5368.83,0.907476,1.1547
394|10,20,2575.3,20,7,10,0.0615827530267959,40177.5359985319,266.9225,17059.5,7895.77,3205.84,3069.19,-0.904936,-0.737519
394|10,100,1574.95,100,8,10,0.0615827530267959,40177.5359985319,266.9225,3409.61,4560.62,1822.12,1748.25,-0.585432,-0.42523
394|9,0.00128,39286,0.00128,1,9,0.0615827530267959,40177.5359985319,266.9225,39289.1,36378.2,32157.6,31822.2,1.10661,1.17077
394|9,0.0064,30569.5,0.0064,2,9,0.0615827530267959,40177.5359985319,266.9225,39858.1,34525.9,27912.5,27441.6,0.474518,0.568101
394|9,0.032,18928,0.032,3,9,0.0615827530267959,40177.5359985319,266.9225,40055.1,30866.7,21955,21409.5,-0.685295,-0.575904
394|9,0.16,14371.5,0.16,4,9,0.0615827530267959,40177.5359985319,266.9225,40042.5,25490.1,15520.1,15010.6,-0.365773,-0.210291
394|9,0.8,8996,0.8,5,9,0.0615827530267959,40177.5359985319,266.9225,39386.2,19062.7,9947.91,9559.2,-0.467865,-0.287722
394|9,4,5444.4,4,6,9,0.0615827530267959,40177.5359985319,266.9225,34556,12843.1,5932.61,5679.52,-0.394401,-0.197979
394|9,20,3246.75,20,7,9,0.0615827530267959,40177.5359985319,266.9225,17092.3,7910.66,3399.26,3251.43,-0.207446,-0.00662779
394|9,100,1693.25,100,8,9,0.0615827530267959,40177.5359985319,266.9225,3415.84,4569.12,1928.43,1848.12,-0.530522,-0.362392
394|12,0.00128,35041.5,0.00128,1,12,0.0615827530267959,40177.5359985319,266.9225,38430.3,35583.8,35740.2,35624.2,-0.0976865,-0.0817372
394|12,0.0064,35750,0.0064,2,12,0.0615827530267959,40177.5359985319,266.9225,38999.3,33783.1,34049.1,33852.5,0.249505,0.279951
394|12,0.032,33351.5,0.032,3,12,0.0615827530267959,40177.5359985319,266.9225,39196.5,30206.6,30612.1,30313.2,0.44652,0.500083
394|12,0.16,24134.5,0.16,4,12,0.0615827530267959,40177.5359985319,266.9225,39185.6,24946.9,25476.3,25086.8,-0.26228,-0.189012
394|12,0.8,18018,0.8,5,12,0.0615827530267959,40177.5359985319,266.9225,38543.5,18658,19224.3,18808.4,-0.311279,-0.208395
394|12,4,12486.5,4,6,12,0.0615827530267959,40177.5359985319,266.9225,33816.1,12571.9,13060.8,12702.4,-0.216534,-0.0836522
394|12,20,8521.5,20,7,12,0.0615827530267959,40177.5359985319,266.9225,16727.3,7744.93,8093.69,7838.71,0.256685,0.422502
394|12,100,5012.8,100,8,12,0.0615827530267959,40177.5359985319,266.9225,3346.56,4474.49,4689.19,4532.73,0.326511,0.500032
394|11,0.00128,40612,0.00128,1,11,0.0615827530267959,40177.5359985319,266.9225,39001.8,36112.4,36437.8,36330.4,0.572521,0.588975
394|11,0.0064,40807,0.0064,2,11,0.0615827530267959,40177.5359985319,266.9225,39570.8,34277.4,34836.1,34652.6,0.856282,0.887218
394|11,0.032,33462,0.032,3,11,0.0615827530267959,40177.5359985319,266.9225,39767.8,30645.8,31507.7,31225.5,0.309578,0.357459
394|11,0.16,24752,0.16,4,11,0.0615827530267959,40177.5359985319,266.9225,39755.8,25308.4,26450.5,26076.3,-0.319912,-0.252975
394|11,0.8,18401.5,0.8,5,11,0.0615827530267959,40177.5359985319,266.9225,39104.3,18927.3,20170.2,19762,-0.435313,-0.341659
394|11,4,15236,4,6,11,0.0615827530267959,40177.5359985319,266.9225,34308.5,12752.4,13843.9,13484.7,0.495804,0.639984
394|11,20,8359,20,7,11,0.0615827530267959,40177.5359985319,266.9225,16970.2,7855.22,8645.8,8385.89,-0.161465,-0.015594
394|11,100,5257.2,100,8,11,0.0615827530267959,40177.5359985319,266.9225,3392.66,4537.46,5030.42,4869.11,0.214178,0.377955
394|3,0.00128,19714.5,0.00128,1,3,0.0615827530267959,40177.5359985319,266.9225,39212,27364.6,26711.3,26433.6,-1.30514,-1.26636
394|3,0.0064,18492.5,0.0064,2,3,0.0615827530267959,40177.5359985319,266.9225,39780.9,21692.7,20917.9,20603.8,-0.575922,-0.508869
394|3,0.032,11667.5,0.032,3,3,0.0615827530267959,40177.5359985319,266.9225,39977.9,15368.4,14632,14347.6,-1.00016,-0.921756
394|3,0.16,9009,0.16,4,3,0.0615827530267959,40177.5359985319,266.9225,39965.5,9858.94,9287.68,9076.95,-0.146399,-0.036497
394|3,0.8,6145.1,0.8,5,3,0.0615827530267959,40177.5359985319,266.9225,39310.5,5887.86,5508.93,5374.89,0.551386,0.68331
394|3,4,4151.55,4,6,3,0.0615827530267959,40177.5359985319,266.9225,34489.5,3385.68,3159.36,3082.33,1.44307,1.59047
394|3,20,1883.7,20,7,3,0.0615827530267959,40177.5359985319,266.9225,17059.5,1937.26,1810.66,1769.09,0.173936,0.278382
394|3,100,672.75,100,8,3,0.0615827530267959,40177.5359985319,266.9225,3409.61,1137.65,1069.88,1048.4,-1.455,-1.39813
394|4,0.00128,18733,0.00128,1,4,0.0615827530267959,40177.5359985319,266.9225,39289.1,27418.3,28387.4,28165.6,-1.69569,-1.66964
394|4,0.0064,16620.5,0.0064,2,4,0.0615827530267959,40177.5359985319,266.9225,39858.1,21734.6,22902.1,22636.3,-1.36406,-1.32147
394|4,0.032,13377,0.032,3,4,0.0615827530267959,40177.5359985319,266.9225,40055.1,15397.7,16527.1,16271.2,-0.943121,-0.879871
394|4,0.16,11953.5,0.16,4,4,0.0615827530267959,40177.5359985319,266.9225,40042.5,9877.53,10765.5,10565.7,0.540779,0.64333
394|4,0.8,7020,0.8,5,4,0.0615827530267959,40177.5359985319,266.9225,39386.2,5898.75,6491.13,6359.37,0.392143,0.499518
394|4,4,5218.2,4,6,4,0.0615827530267959,40177.5359985319,266.9225,34556,3391.73,3744.93,3667.6,1.833,1.96677
394|4,20,1979.9,20,7,4,0.0615827530267959,40177.5359985319,266.9225,17092.3,1940.52,2136.73,2094.57,-0.323602,-0.240771
394|4,100,718.25,100,8,4,0.0615827530267959,40177.5359985319,266.9225,3415.84,1139.37,1243.33,1221.46,-1.70835,-1.66065
1099|3,0.00128,7046,0.00128,1,3,0.0574946797787591,7987.23996791,295.221875,7813.51,7166.14,6800.94,6779.95,0.173786,0.189225
1099|3,0.0064,7702.5,0.0064,2,3,0.0574946797787591,7987.23996791,295.221875,7915.87,6836.49,6281.97,6252.97,1.08673,1.11381
1099|3,0.032,6302.4,0.032,3,3,0.0574946797787591,7987.23996791,295.221875,7951.19,6236.13,5474.42,5438.84,0.721908,0.757599
1099|3,0.16,4467.45,0.16,4,3,0.0574946797787591,7987.23996791,295.221875,7947.94,5387.82,4465.65,4427.85,0.00189605,0.042165
1099|3,0.8,3406,0.8,5,3,0.0574946797787591,7987.23996791,295.221875,7821.68,4361.57,3398.97,3364.74,0.0095616,0.0566469
1099|3,4,2157.35,4,6,3,0.0574946797787591,7987.23996791,295.221875,6893.18,3296.33,2434.8,2408.29,-0.510231,-0.465988
1099|3,20,1314.95,20,7,3,0.0574946797787591,7987.23996791,295.221875,3534.29,2345.62,1675.54,1657.59,-0.917247,-0.879557
1099|3,100,977.6,100,8,3,0.0574946797787591,7987.23996791,295.221875,902.658,1601.41,1137.77,1126.86,-0.559226,-0.525117
1099|4,0.00128,7481.5,0.00128,1,4,0.0574946797787591,7987.23996791,295.221875,7827.39,7178.8,6809.86,6765.7,0.475694,0.510136
1099|4,0.0064,6643,0.0064,2,4,0.0574946797787591,7987.23996791,295.221875,7929.75,6848.38,6288.36,6225.68,0.27104,0.322005
1099|4,0.032,5935.8,0.032,3,4,0.0574946797787591,7987.23996791,295.221875,7965.07,6246.88,5477.93,5398.79,0.398969,0.474421
1099|4,0.16,4124.9,0.16,4,4,0.0574946797787591,7987.23996791,295.221875,7961.79,5397.02,4466.54,4379.83,-0.360784,-0.274201
1099|4,0.8,3175.25,0.8,5,4,0.0574946797787591,7987.23996791,295.221875,7835.31,4368.92,3398.12,3316.92,-0.303258,-0.197083
1099|4,4,2295.8,4,6,4,0.0574946797787591,7987.23996791,295.221875,6905.14,3301.76,2433.29,2367.93,-0.252984,-0.135961
1099|4,20,1472.9,20,7,4,0.0574946797787591,7987.23996791,295.221875,3540.19,2349.35,1674.1,1627.85,-0.512183,-0.403879
1099|4,100,1016.6,100,8,4,0.0574946797787591,7987.23996791,295.221875,903.778,1603.82,1136.71,1107.15,-0.419675,-0.323002
1099|5,0.00128,2156.7,0.00128,1,5,0.0574946797787591,7987.23996791,295.221875,7832.42,7183.39,6975.54,6930.92,-3.33532,-3.32481
1099|5,0.0064,4521.4,0.0064,2,5,0.0574946797787591,7987.23996791,295.221875,7934.78,6852.69,6532,6466.52,-1.48189,-1.44749
1099|5,0.032,4678.7,0.032,3,5,0.0574946797787591,7987.23996791,295.221875,7970.09,6250.77,5800.59,5714.13,-0.925922,-0.866837
1099|5,0.16,4338.1,0.16,4,5,0.0574946797787591,7987.23996791,295.221875,7966.81,5400.35,4840.64,4740.61,-0.492121,-0.401981
1099|5,0.8,3880.5,0.8,5,5,0.0574946797787591,7987.23996791,295.221875,7840.24,4371.58,3770.42,3671.13,0.136101,0.265326
1099|5,4,2618.2,4,6,5,0.0574946797787591,7987.23996791,295.221875,6909.47,3303.73,2751.26,2666.9,-0.219359,-0.0825732
1099|5,20,2187.25,20,7,5,0.0574946797787591,7987.23996791,295.221875,3542.32,2350.69,1911.64,1849.24,0.626435,0.790497
1099|5,100,1243.45,100,8,5,0.0574946797787591,7987.23996791,295.221875,904.183,1604.69,1296.04,1254.81,-0.165468,-0.0366808
1099|6,0.00128,2173.6,0.00128,1,6,0.0574946797787591,7987.23996791,295.221875,7834.05,7184.87,7060.75,7028.49,-3.34348,-3.33602
1099|6,0.0064,4706,0.0064,2,6,0.0574946797787591,7987.23996791,295.221875,7936.4,6854.09,6660.61,6612.78,-1.41403,-1.38896
1099|6,0.032,4895.8,0.032,3,6,0.0574946797787591,7987.23996791,295.221875,7971.72,6252.04,5976.72,5912.47,-0.8671,-0.823984
1099|6,0.16,4835.35,0.16,4,6,0.0574946797787591,7987.23996791,295.221875,7968.43,5401.43,5053.38,4977.27,-0.205032,-0.135387
1099|6,0.8,3753.1,0.8,5,6,0.0574946797787591,7987.23996791,295.221875,7841.84,4372.44,3991.68,3914.1,-0.279789,-0.192281
1099|6,4,2828.8,4,6,6,0.0574946797787591,7987.23996791,295.221875,6910.87,3304.37,2948.16,2880.6,-0.18487,-0.0819336
1099|6,20,2241.2,20,7,6,0.0574946797787591,7987.23996791,295.221875,3543.01,2351.13,2063.72,2012.8,0.377495,0.496467
1099|6,100,1610.7,100,8,6,0.0574946797787591,7987.23996791,295.221875,904.314,1604.97,1400.54,1366.51,0.620771,0.735944
1099|8,0.00128,3918.2,0.00128,1,8,0.0574946797787591,7987.23996791,295.221875,7832.42,7183.39,7521.86,7500.77,-2.32016,-2.31281
1099|8,0.0064,7462,0.0064,2,8,0.0574946797787591,7987.23996791,295.221875,7934.78,6852.69,7399.34,7364.83,0.0409867,0.0638393
1099|8,0.032,7241,0.032,3,8,0.0574946797787591,7987.23996791,295.221875,7970.09,6250.77,7075.6,7022.01,0.11293,0.15061
1099|8,0.16,6539,0.16,4,8,0.0574946797787591,7987.23996791,295.221875,7966.81,5400.35,6537.04,6459.51,0.00144394,0.0592171
1099|8,0.8,6792.5,0.8,5,8,0.0574946797787591,7987.23996791,295.221875,7840.24,4371.58,5761.94,5660.46,0.855963,0.956246
1099|8,4,6191.9,4,6,8,0.0574946797787591,7987.23996791,295.221875,6909.47,3303.73,4777.53,4661.13,1.40225,1.55321
1099|8,20,4473.95,20,7,8,0.0574946797787591,7987.23996791,295.221875,3542.32,2350.69,3691.36,3577.09,0.986731,1.16409
1099|8,100,2483.65,100,8,8,0.0574946797787591,7987.23996791,295.221875,904.183,1604.69,2657.55,2562.14,-0.295763,-0.13794
1099|7,0.00128,4726.8,0.00128,1,7,0.0574946797787591,7987.23996791,295.221875,7834.05,7184.87,7438.83,7416.5,-1.76482,-1.75535
1099|7,0.0064,5435.3,0.0064,2,7,0.0574946797787591,7987.23996791,295.221875,7936.4,6854.09,7260.59,7224.78,-1.21577,-1.19758
1099|7,0.032,5294.9,0.032,3,7,0.0574946797787591,7987.23996791,295.221875,7971.72,6252.04,6856.99,6803,-1.09908,-1.06915
1099|7,0.16,6222.45,0.16,4,7,0.0574946797787591,7987.23996791,295.221875,7968.43,5401.43,6218.27,6143.44,0.00322786,0.061746
1099|7,0.8,5335.85,0.8,5,7,0.0574946797787591,7987.23996791,295.221875,7841.84,4372.44,5344.12,5251.66,-0.00737917,0.0763483
1099|7,4,4543.5,4,6,7,0.0574946797787591,7987.23996791,295.221875,6910.87,3304.37,4300,4201.07,0.266439,0.382924
1099|7,20,3995.55,20,7,7,0.0574946797787591,7987.23996791,295.221875,3543.01,2351.13,3224.9,3134.6,1.10005,1.2612
1099|7,100,2592.2,100,8,7,0.0574946797787591,7987.23996791,295.221875,904.314,1604.97,2269.07,2198.53,0.632479,0.792255
1099|9,0.00128,7325.5,0.00128,1,9,0.0574946797787591,7987.23996791,295.221875,7827.39,7178.8,6843.15,6772.16,0.340039,0.393998
1099|9,0.0064,5971.55,0.0064,2,9,0.0574946797787591,7987.23996791,295.221875,7929.75,6848.38,6337.24,6235.06,-0.27743,-0.203032
1099|9,0.032,5183.75,0.032,3,9,0.0574946797787591,7987.23996791,295.221875,7965.07,6246.88,5541.98,5410.9,-0.308728,-0.200252
1099|9,0.16,4508.4,0.16,4,9,0.0574946797787591,7987.23996791,295.221875,7961.79,5397.02,4539.53,4393.4,-0.0323758,0.123333
1099|9,0.8,3333.85,0.8,5,9,0.0574946797787591,7987.23996791,295.221875,7835.31,4368.92,3469.3,3329.93,-0.180833,0.00543386
1099|9,4,2406.3,4,6,9,0.0574946797787591,7987.23996791,295.221875,6905.14,3301.76,2492.91,2378.67,-0.15597,0.0518663
1099|9,20,1592.5,20,7,9,0.0574946797787591,7987.23996791,295.221875,3540.19,2349.35,1717.94,1635.67,-0.312397,-0.112066
1099|9,100,912.6,100,8,9,0.0574946797787591,7987.23996791,295.221875,903.778,1603.82,1165.78,1112.3,-0.867128,-0.70976
1099|10,0.00128,7078.5,0.00128,1,10,0.0574946797787591,7987.23996791,295.221875,7813.51,7166.14,6865.89,6793.01,0.149405,0.202683
1099|10,0.0064,6256.25,0.0064,2,10,0.0574946797787591,7987.23996791,295.221875,7915.87,6836.49,6377.68,6272.03,-0.0915648,-0.0120872
1099|10,0.032,5591.3,0.032,3,10,0.0574946797787591,7987.23996791,295.221875,7951.19,6236.13,5600.44,5463.63,-0.0077961,0.111523
1099|10,0.16,4080.05,0.16,4,10,0.0574946797787591,7987.23996791,295.221875,7947.94,5387.82,4610.12,4455.88,-0.543421,-0.397778
1099|10,0.8,3553.55,0.8,5,10,0.0574946797787591,7987.23996791,295.221875,7821.68,4361.57,3540.74,3391.87,0.0167876,0.22036
1099|10,4,1853.8,4,6,10,0.0574946797787591,7987.23996791,295.221875,6893.18,3296.33,2554.22,2430.88,-1.23428,-1.06276
1099|10,20,1829.75,20,7,10,0.0574946797787591,7987.23996791,295.221875,3534.29,2345.62,1763.74,1674.12,0.160761,0.396153
1099|10,100,1097.2,100,8,10,0.0574946797787591,7987.23996791,295.221875,902.658,1601.41,1196.44,1137.8,-0.332943,-0.141753
1099|11,0.00128,7644,0.00128,1,11,0.0574946797787591,7987.23996791,295.221875,7775.7,7131.63,7457.43,7440.67,0.121117,0.13228
1099|11,0.0064,7397,0.0064,2,11,0.0574946797787591,7987.23996791,295.221875,7878.06,6804.08,7329.75,7302.52,0.044385,0.0625799
1099|11,0.032,6766.5,0.032,3,11,0.0574946797787591,7987.23996791,295.221875,7913.38,6206.84,6998.72,6956.78,-0.160222,-0.132038
1099|11,0.16,7202,0.16,4,11,0.0574946797787591,7987.23996791,295.221875,7910.21,5362.75,6451.32,6391.21,0.559885,0.610144
1099|11,0.8,6379.75,0.8,5,11,0.0574946797787591,7987.23996791,295.221875,7784.58,4341.56,5668.41,5590.64,0.600076,0.674465
1099|11,4,5507.45,4,6,11,0.0574946797787591,7987.23996791,295.221875,6860.6,3281.54,4681.85,4593.82,0.834227,0.939762
1099|11,20,4337.45,20,7,11,0.0574946797787591,7987.23996791,295.221875,3518.22,2335.46,3603.17,3517.95,0.946711,1.08012
1099|11,100,2754.05,100,8,11,0.0574946797787591,7987.23996791,295.221875,899.607,1594.85,2585.87,2515.72,0.293112,0.425711
1099|12,0.00128,8274.5,0.00128,1,12,0.0574946797787591,7987.23996791,295.221875,7672.88,7037.82,7371.41,7346.97,0.592833,0.61082
1099|12,0.0064,6929,0.0064,2,12,0.0574946797787591,7987.23996791,295.221875,7775.24,6715.97,7255.02,7214.9,-0.217314,-0.191587
1099|12,0.032,7247.5,0.032,3,12,0.0574946797787591,7987.23996791,295.221875,7810.59,6127.21,6940.97,6878.44,0.213177,0.258894
1099|12,0.16,7312.5,0.16,4,12,0.0574946797787591,7987.23996791,295.221875,7807.62,5294.6,6416.72,6325.94,0.671547,0.749728
1099|12,0.8,6961.5,0.8,5,12,0.0574946797787591,7987.23996791,295.221875,7683.68,4287.14,5660.79,5541.53,1.09866,1.22385
1099|12,4,4681.95,4,6,12,0.0574946797787591,7987.23996791,295.221875,6772.02,3241.32,4698.83,4561.52,-0.0169939,0.124693
1099|12,20,3630.9,20,7,12,0.0574946797787591,7987.23996791,295.221875,3474.52,2307.85,3635.03,3499.7,-0.00528234,0.173751
1099|12,100,3244.15,100,8,12,0.0574946797787591,7987.23996791,295.221875,891.312,1577.03,2620.09,2506.66,1.07494,1.32156
611|4,0.00128,8222.5,0.00128,1,4,0.4976131462592602,10718.2289130228,389.553125,8860.75,8860.97,8860.97,8860.97,-0.351018,-0.351018
611|4,0.0064,9906,0.0064,2,4,0.4976131462592602,10718.2289130228,389.553125,10052.6,10052.9,10053,10053,-0.0714982,-0.0714956
611|4,0.032,10530,0.032,3,4,0.4976131462592602,10718.2289130228,389.553125,10481.8,10484.2,10484.4,10484.4,0.0212925,0.0213147
611|4,0.16,10068.5,0.16,4,4,0.4976131462592602,10718.2289130228,389.553125,10601.2,10621.3,10623.4,10623,-0.255878,-0.255702
611|4,0.8,9295,0.8,5,4,0.4976131462592602,10718.2289130228,389.553125,10432.7,10598.9,10616.3,10613,-0.609691,-0.60832
611|4,4,8489,4,6,4,0.4976131462592602,10718.2289130228,389.553125,9087.06,10277.2,10418.3,10390.6,-0.906648,-0.895962
611|4,20,7923.5,20,7,4,0.4976131462592602,10718.2289130228,389.553125,4496.56,8603,9543.57,9344.94,-0.828951,-0.742287
611|4,100,6156.15,100,8,4,0.4976131462592602,10718.2289130228,389.553125,1073.86,3796.75,6157.2,5475.3,-0.000822511,0.59354
611|3,0.00128,9132.5,0.00128,1,3,0.4976131462592602,10718.2289130228,389.553125,8699.42,8699.65,8699.65,8699.65,0.242235,0.242235
611|3,0.0064,10361,0.0064,2,3,0.4976131462592602,10718.2289130228,389.553125,9891.27,9891.61,9891.64,9891.63,0.231965,0.231968
611|3,0.032,10159.5,0.032,3,3,0.4976131462592602,10718.2289130228,389.553125,10320.5,10322.9,10323.1,10323,-0.0775552,-0.0775287
611|3,0.16,10634,0.16,4,3,0.4976131462592602,10718.2289130228,389.553125,10440.2,10460.1,10461.9,10461.4,0.0805649,0.0807954
611|3,0.8,10543,0.8,5,3,0.4976131462592602,10718.2289130228,389.553125,10274.4,10438,10453.2,10449.1,0.0420706,0.0439926
611|3,4,9542,4,6,3,0.4976131462592602,10718.2289130228,389.553125,8948.06,10119.2,10241.9,10208.8,-0.334434,-0.319595
611|3,20,8385,20,7,3,0.4976131462592602,10718.2289130228,389.553125,4428,8465.89,9274.35,9042.62,-0.467849,-0.354521
611|3,100,5422.95,100,8,3,0.4976131462592602,10718.2289130228,389.553125,1060.85,3731.87,5631.6,4940.13,-0.177108,0.463841
611|5,0.00128,7332,0.00128,1,5,0.4976131462592602,10718.2289130228,389.553125,8919.16,8919.37,8919.37,8919.37,-0.867178,-0.867178
611|5,0.0064,11089,0.0064,2,5,0.4976131462592602,10718.2289130228,389.553125,10111,10111.3,10111.3,10111.3,0.472995,0.473001
611|5,0.032,11245,0.032,3,5,0.4976131462592602,10718.2289130228,389.553125,10540.2,10542.6,10542.4,10542.3,0.326423,0.326467
611|5,0.16,11004.5,0.16,4,5,0.4976131462592602,10718.2289130228,389.553125,10659.5,10679.7,10677.9,10677.2,0.149851,0.150201
611|5,0.8,9509.5,0.8,5,5,0.4976131462592602,10718.2289130228,389.553125,10490,10657.2,10642,10635.8,-0.521339,-0.518789
611|5,4,7117.5,4,6,5,0.4976131462592602,10718.2289130228,389.553125,9137.38,10334.4,10214,10165.9,-1.48343,-1.46711
611|5,20,5870.8,20,7,5,0.4976131462592602,10718.2289130228,389.553125,4521.38,8652.64,7972.55,7728.34,-1.27951,-1.16521
611|5,100,2986.75,100,8,5,0.4976131462592602,10718.2289130228,389.553125,1078.57,3820.23,2916.49,2674.17,0.109887,0.528646
611|6,0.00128,8183.5,0.00128,1,6,0.4976131462592602,10718.2289130228,389.553125,8938.09,8938.3,8938.29,8938.29,-0.4115,-0.411499
611|6,0.0064,11836.5,0.0064,2,6,0.4976131462592602,10718.2289130228,389.553125,10129.9,10130.3,10130.2,10130.2,0.82397,0.823975
611|6,0.032,11141,0.032,3,6,0.4976131462592602,10718.2289130228,389.553125,10559.1,10561.5,10561.4,10561.3,0.268799,0.268838
611|6,0.16,10679.5,0.16,4,6,0.4976131462592602,10718.2289130228,389.553125,10678.4,10698.6,10697.7,10697,-0.00832672,-0.00801989
611|6,0.8,9431.5,0.8,5,6,0.4976131462592602,10718.2289130228,389.553125,10508.6,10676.1,10668,10662.4,-0.567875,-0.565591
611|6,4,8131.5,4,6,6,0.4976131462592602,10718.2289130228,389.553125,9153.69,10353,10288.8,10244.8,-1.02621,-1.00945
611|6,20,6818.5,20,7,6,0.4976131462592602,10718.2289130228,389.553125,4529.43,8668.72,8293.9,8053.93,-0.864632,-0.744787
611|6,100,3272.1,100,8,6,0.4976131462592602,10718.2289130228,389.553125,1080.1,3827.84,3280.75,2995.3,-0.0121484,0.4226
611|7,0.00128,8190,0.00128,1,7,0.4976131462592602,10718.2289130228,389.553125,8938.09,8938.3,8938.3,8938.3,-0.407958,-0.407957
611|7,0.0064,11719.5,0.0064,2,7,0.4976131462592602,10718.2289130228,389.553125,10129.9,10130.3,10130.3,10130.3,0.76745,0.767454
611|7,0.032,11687,0.032,3,7,0.4976131462592602,10718.2289130228,389.553125,10559.1,10561.5,10561.7,10561.6,0.521856,0.521885
611|7,0.16,10393.5,0.16,4,7,0.4976131462592602,10718.2289130228,389.553125,10678.4,10698.6,10700.2,10699.7,-0.140447,-0.140235
611|7,0.8,10146.5,0.8,5,7,0.4976131462592602,10718.2289130228,389.553125,10508.6,10676.1,10689.3,10685.3,-0.248811,-0.247067
611|7,4,8924.5,4,6,7,0.4976131462592602,10718.2289130228,389.553125,9153.69,10353,10460.1,10427.6,-0.718843,-0.705749
611|7,20,7598.5,20,7,7,0.4976131462592602,10718.2289130228,389.553125,4529.43,8668.72,9366.29,9144.22,-0.921119,-0.824332
611|7,100,5283.85,100,8,7,0.4976131462592602,10718.2289130228,389.553125,1080.1,3827.84,5368.6,4777.18,-0.075274,0.502366
611|8,0.00128,9054.5,0.00128,1,8,0.4976131462592602,10718.2289130228,389.553125,8919.16,8919.37,8919.38,8919.37,0.0738186,0.073819
611|8,0.0064,10913.5,0.0064,2,8,0.4976131462592602,10718.2289130228,389.553125,10111,10111.3,10111.4,10111.4,0.388061,0.388064
611|8,0.032,12870,0.032,3,8,0.4976131462592602,10718.2289130228,389.553125,10540.2,10542.6,10542.9,10542.8,1.08106,1.08109
611|8,0.16,11030.5,0.16,4,8,0.4976131462592602,10718.2289130228,389.553125,10659.5,10679.7,10682.1,10681.7,0.159774,0.159968
611|8,0.8,10770.5,0.8,5,8,0.4976131462592602,10718.2289130228,389.553125,10490,10657.2,10677.6,10674.1,0.0426309,0.044225
611|8,4,10413,4,6,8,0.4976131462592602,10718.2289130228,389.553125,9137.38,10334.4,10500.1,10471.8,-0.0406319,-0.0275026
611|8,20,8690.5,20,7,8,0.4976131462592602,10718.2289130228,389.553125,4521.38,8652.64,9776.57,9566.34,-0.542874,-0.447114
611|8,100,6922.5,100,8,8,0.4976131462592602,10718.2289130228,389.553125,1078.57,3820.23,6948.62,6075.7,-0.0181426,0.668755
611|9,0.00128,10101,0.00128,1,9,0.4976131462592602,10718.2289130228,389.553125,8860.75,8860.97,8860.9,8860.88,0.681785,0.681797
611|9,0.0064,9516,0.0064,2,9,0.4976131462592602,10718.2289130228,389.553125,10052.6,10052.9,10052.3,10052.1,-0.260938,-0.260857
611|9,0.032,9340.5,0.032,3,9,0.4976131462592602,10718.2289130228,389.553125,10481.8,10484.2,10478.7,10477.1,-0.531881,-0.531233
611|9,0.16,7949.5,0.16,4,9,0.4976131462592602,10718.2289130228,389.553125,10601.2,10621.3,10574.6,10561.5,-1.21593,-1.21133
611|9,0.8,5449.6,0.8,5,9,0.4976131462592602,10718.2289130228,389.553125,10432.7,10598.9,10220.1,10118.5,-2.28406,-2.2572
611|9,4,3717.35,4,6,9,0.4976131462592602,10718.2289130228,389.553125,9087.06,10277.2,7887.04,7410.44,-2.56493,-2.41207
611|9,20,2372.5,20,7,9,0.4976131462592602,10718.2289130228,389.553125,4496.56,8603,2856.06,2451.83,-0.770778,-0.144989
611|9,100,865.15,100,8,9,0.4976131462592602,10718.2289130228,389.553125,1073.86,3796.75,721.541,654.821,0.704579,1.10361
611|10,0.00128,9191,0.00128,1,10,0.4976131462592602,10718.2289130228,389.553125,8699.42,8699.65,8699.61,8699.59,0.275,0.275007
611|10,0.0064,10439,0.0064,2,10,0.4976131462592602,10718.2289130228,389.553125,9891.27,9891.61,9891.2,9891.09,0.27074,0.270798
611|10,0.032,8762,0.032,3,10,0.4976131462592602,10718.2289130228,389.553125,10320.5,10322.9,10319.2,10318.2,-0.738629,-0.738231
611|10,0.16,7709,0.16,4,10,0.4976131462592602,10718.2289130228,389.553125,10440.2,10460.1,10429.2,10420.9,-1.27703,-1.27411
611|10,0.8,5874.7,0.8,5,10,0.4976131462592602,10718.2289130228,389.553125,10274.4,10438,10184.8,10118.7,-2.07057,-2.05174
611|10,4,4806.1,4,6,10,0.4976131462592602,10718.2289130228,389.553125,8948.06,10119.2,8405.09,8042.21,-2.08221,-1.95365
611|10,20,2637.7,20,7,10,0.4976131462592602,10718.2289130228,389.553125,4428,8465.89,3540.55,3097.19,-1.18299,-0.680503
611|10,100,1036.75,100,8,10,0.4976131462592602,10718.2289130228,389.553125,1060.85,3731.87,852.538,765.871,0.801566,1.27401
611|12,0.00128,9633,0.00128,1,12,0.4976131462592602,10718.2289130228,389.553125,7064.89,7065.29,7065.29,7065.29,1.75558,1.75558
611|12,0.0064,10757.5,0.0064,2,12,0.4976131462592602,10718.2289130228,389.553125,8256.79,8257.26,8257.28,8257.28,1.47148,1.47148
611|12,0.032,11349,0.032,3,12,0.4976131462592602,10718.2289130228,389.553125,8686.4,8688.55,8688.77,8688.72,1.49054,1.49057
611|12,0.16,9652.5,0.16,4,12,0.4976131462592602,10718.2289130228,389.553125,8809.41,8826.18,8828.08,8827.69,0.454883,0.455117
611|12,0.8,9555,0.8,5,12,0.4976131462592602,10718.2289130228,389.553125,8670.49,8807.72,8823.64,8820.38,0.403729,0.405677
611|12,4,8632,4,6,12,0.4976131462592602,10718.2289130228,389.553125,7539.82,8518.43,8647.34,8620.62,-0.0086326,0.00642282
611|12,20,7735,20,7,12,0.4976131462592602,10718.2289130228,389.553125,3733.41,7076.78,7937.69,7744.03,-0.123915,-0.00565548
611|12,100,5118.75,100,8,12,0.4976131462592602,10718.2289130228,389.553125,928.987,3074.65,5310.18,4594.43,-0.171789,0.539251
611|11,0.00128,9834.5,0.00128,1,11,0.4976131462592602,10718.2289130228,389.553125,8259.92,8260.19,8260.2,8260.2,0.926224,0.926225
611|11,0.0064,11843,0.0064,2,11,0.4976131462592602,10718.2289130228,389.553125,9451.78,9452.16,9452.18,9452.18,1.23478,1.23479
611|11,0.032,10634,0.032,3,11,0.4976131462592602,10718.2289130228,389.553125,9881.11,9883.42,9883.63,9883.58,0.371133,0.371161
611|11,0.16,11056.5,0.16,4,11,0.4976131462592602,10718.2289130228,389.553125,10001.7,10020.7,10022.6,10022.1,0.504504,0.504746
611|11,0.8,10107.5,0.8,5,11,0.4976131462592602,10718.2289130228,389.553125,9843.14,9999.66,10015,10011.3,0.0451479,0.0470135
611|11,4,8976.5,4,6,11,0.4976131462592602,10718.2289130228,389.553125,8569.4,9688.8,9813.3,9782.42,-0.416757,-0.402605
611|11,20,9022,20,7,11,0.4976131462592602,10718.2289130228,389.553125,4241.24,8092.38,8915.25,8697.46,0.0583415,0.181666
611|11,100,5258.5,100,8,11,0.4976131462592602,10718.2289130228,389.553125,1025.39,3555.16,5531.98,4849.04,-0.236096,0.400319
84|5,0.0006144,72824,0.0006144,1,5,0.5347878003168278,91340.8181771157,670.5,74366.6,74365.6,74366.3,74366.3,-0.10409,-0.104088
84|5,0.003072,78360,0.003072,2,5,0.5347878003168278,91340.8181771157,670.5,85613.5,85602.3,85608.9,85608.7,-0.42521,-0.4252
84|5,0.01536,80614,0.01536,3,5,0.5347878003168278,91340.8181771157,670.5,89677.6,89578.1,89636.7,89635,-0.505558,-0.505473
84|5,0.0768,74089,0.0768,4,5,0.5347878003168278,91340.8181771157,670.5,90928.8,90086.3,90580.9,90566.8,-0.914468,-0.913828
84|5,0.384,55821,0.384,5,5,0.5347878003168278,91340.8181771157,670.5,90358.5,83803.7,87544.2,87435,-1.81984,-1.81583
84|5,1.92,24346,1.92,6,5,0.5347878003168278,91340.8181771157,670.5,84583.9,52136.4,67312.2,66773.6,-3.20231,-3.18756
84|5,9.6,9438,9.6,7,5,0.5347878003168278,91340.8181771157,670.5,56846.9,12560.6,22857.1,22345.2,-2.91965,-2.87174
84|5,48,4872,48,8,5,0.5347878003168278,91340.8181771157,670.5,14543.3,2068.64,3639.16,3552.03,1.57499,1.72439
84|6,0.0006144,70835,0.0006144,1,6,0.5347878003168278,91340.8181771157,670.5,74545.2,74544.2,74544.7,74544.7,-0.249774,-0.249772
84|6,0.003072,80058,0.003072,2,6,0.5347878003168278,91340.8181771157,670.5,85792.1,85780.8,85786.4,85786,-0.335324,-0.335305
84|6,0.01536,79421,0.01536,3,6,0.5347878003168278,91340.8181771157,670.5,89856.1,89756.4,89805.3,89802.2,-0.580763,-0.580609
84|6,0.0768,77554,0.0768,4,6,0.5347878003168278,91340.8181771157,670.5,91107.2,90263,90675.1,90649,-0.726803,-0.725568
84|6,0.384,55427,0.384,5,6,0.5347878003168278,91340.8181771157,670.5,90535.8,83968.1,87063,86863,-1.82483,-1.81746
84|6,1.92,28310,1.92,6,6,0.5347878003168278,91340.8181771157,670.5,84752.2,52239.7,64292,63384.1,-2.80716,-2.77533
84|6,9.6,13006,9.6,7,6,0.5347878003168278,91340.8181771157,670.5,56965,12585.6,20076.3,19354.5,-1.74819,-1.62735
84|6,48,4250,48,8,6,0.5347878003168278,91340.8181771157,670.5,14576.9,2072.03,3172.89,3058.54,1.56049,1.78484
84|4,0.000064,74113,0.000064,1,4,0.5347878003168278,91340.8181771157,670.5,73815.6,73815.7,73815.6,73815.6,0.0202174,0.0202183
84|4,0.00032,84517,0.00032,2,4,0.5347878003168278,91340.8181771157,670.5,85063.4,85062.9,85062.2,85062.1,-0.0321859,-0.0321787
84|4,0.0016,82608,0.0016,3,4,0.5347878003168278,91340.8181771157,670.5,89135.1,89130.2,89124.4,89123.3,-0.367216,-0.367161
84|4,0.008,81228,0.008,4,4,0.5347878003168278,91340.8181771157,670.5,90451.2,90408.8,90359.6,90350.6,-0.50758,-0.507129
84|4,0.04,77037,0.04,5,4,0.5347878003168278,91340.8181771157,670.5,90422.6,90067.3,89657.4,89582.9,-0.706977,-0.703388
84|4,0.2,64814,0.2,6,4,0.5347878003168278,91340.8181771157,670.5,88867,86018,82923.4,82385.3,-1.09655,-1.07089
84|4,1,39177,1,7,4,0.5347878003168278,91340.8181771157,670.5,82953.7,65209.6,52245.7,50439.9,-1.25328,-1.11854
84|4,5,12834,5,8,4,0.5347878003168278,91340.8181771157,670.5,60826.9,21041.8,12170.1,11335.8,0.268175,0.648594
84|3,0.000064,75994,0.000064,1,3,0.5347878003168278,91340.8181771157,670.5,72293.4,72293.5,72293.5,72293.4,0.256881,0.256882
84|3,0.00032,82778,0.00032,2,3,0.5347878003168278,91340.8181771157,670.5,83541.1,83540.7,83540.2,83540.1,-0.045813,-0.0458045
84|3,0.0016,84235,0.0016,3,3,0.5347878003168278,91340.8181771157,670.5,87612.9,87608,87604,87602.8,-0.193137,-0.193068
84|3,0.008,86421,0.008,4,3,0.5347878003168278,91340.8181771157,670.5,88929,88887.4,88853.1,88842.4,-0.137472,-0.136886
84|3,0.04,77403,0.04,5,3,0.5347878003168278,91340.8181771157,670.5,88900.9,88551.7,88265.4,88177.3,-0.618061,-0.61366
84|3,0.2,68219,0.2,6,3,0.5347878003168278,91340.8181771157,670.5,87349.4,84549.4,82368.6,81720.3,-0.862524,-0.829509
84|3,1,41754,1,7,3,0.5347878003168278,91340.8181771157,670.5,81469.6,64045.5,54452.3,52068.8,-1.16868,-0.99252
84|3,5,13774,5,8,3,0.5347878003168278,91340.8181771157,670.5,59575,20617.9,13560,12304.4,0.0777631,0.587308
84|9,0.0003648,74429,0.0003648,1,9,0.5347878003168278,91340.8181771157,670.5,73815.5,73805.3,73804,73803.3,0.0424984,0.0425478
84|9,0.001824,81503,0.001824,2,9,0.5347878003168278,91340.8181771157,670.5,85062.9,84961.8,84949.5,84942.6,-0.203732,-0.20334
84|9,0.00912,79111,0.00912,3,9,0.5347878003168278,91340.8181771157,670.5,89131,88246,88139.2,88079.9,-0.514432,-0.511394
84|9,0.0456,74577,0.0456,4,9,0.5347878003168278,91340.8181771157,670.5,90416.4,83379.6,82593,82166.1,-0.48731,-0.463747
84|9,0.228,48083,0.228,5,9,0.5347878003168278,91340.8181771157,670.5,90131.1,52857.9,50314.7,49031.3,-0.222181,-0.0968642
84|9,1.14,14006,1.14,6,9,0.5347878003168278,91340.8181771157,670.5,86517.6,13189,11995,11441.8,0.823916,1.10003
84|9,5.7,1510,5.7,7,9,0.5347878003168278,91340.8181771157,670.5,67818.7,2291.45,2116.66,2038.16,-1.26216,-1.13564
84|9,28.5,600,28.5,8,9,0.5347878003168278,91340.8181771157,670.5,23798.2,841.09,822.447,814.19,-0.993755,-0.963924
84|10,0.0003648,68673,0.0003648,1,10,0.5347878003168278,91340.8181771157,670.5,72293.3,72283.3,72282,72281.7,-0.250563,-0.250545
84|10,0.001824,77369,0.001824,2,10,0.5347878003168278,91340.8181771157,670.5,83540.7,83441.4,83428.2,83425.6,-0.364681,-0.364535
84|10,0.00912,78012,0.00912,3,10,0.5347878003168278,91340.8181771157,670.5,87608.9,86739.1,86624.2,86601.9,-0.49928,-0.498116
84|10,0.0456,65967,0.0456,4,10,0.5347878003168278,91340.8181771157,670.5,88894.9,81977.4,81131.7,80973,-0.938441,-0.930437
84|10,0.228,47827,0.228,5,10,0.5347878003168278,91340.8181771157,670.5,88614.3,51973.1,49249.9,48776.2,-0.144708,-0.0974588
84|10,1.14,13678,1.14,6,10,0.5347878003168278,91340.8181771157,670.5,85040.4,12973.6,11701.4,11498.5,0.829643,0.930527
84|10,5.7,1798,5.7,7,10,0.5347878003168278,91340.8181771157,670.5,66607.5,2262.23,2076.41,2047.97,-0.589024,-0.53524
84|10,28.5,586,28.5,8,10,0.5347878003168278,91340.8181771157,670.5,23316.9,837.561,817.806,814.862,-1.03984,-1.02933
84|7,0.0000768,69948,0.0000768,1,7,0.5347878003168278,91340.8181771157,670.5,74545.3,74544.1,74544.3,74544.3,-0.30947,-0.309466
84|7,0.000384,87626,0.000384,2,7,0.5347878003168278,91340.8181771157,670.5,85793,85780.1,85782.4,85781.8,0.107923,0.107958
84|7,0.00192,79963,0.00192,3,7,0.5347878003168278,91340.8181771157,670.5,89864.7,89750.2,89770.8,89765.6,-0.548728,-0.548471
84|7,0.0096,76543,0.0096,4,7,0.5347878003168278,91340.8181771157,670.5,91179.8,90211.3,90383.4,90340.4,-0.769115,-0.767089
84|7,0.048,74241,0.048,5,7,0.5347878003168278,91340.8181771157,670.5,91143.1,83592.6,84849.8,84534.5,-0.627842,-0.611447
84|7,0.24,46730,0.24,6,7,0.5347878003168278,91340.8181771157,670.5,89520.9,51033.2,55255.9,54150.8,-0.77333,-0.686747
84|7,1.2,16917,1.2,7,7,0.5347878003168278,91340.8181771157,670.5,83102.6,12030.8,14093.4,13521.8,0.988267,1.23742
84|7,6,1596,6,8,7,0.5347878003168278,91340.8181771157,670.5,58617.8,1998.12,2277.19,2198.97,-1.32914,-1.21326
84|8,0.0000768,70881,0.0000768,1,8,0.5347878003168278,91340.8181771157,670.5,74366.7,74365.5,74365.7,74365.6,-0.235183,-0.235178
84|8,0.000384,79033,0.000384,2,8,0.5347878003168278,91340.8181771157,670.5,85614.4,85601.6,85602.8,85602.2,-0.385403,-0.38537
84|8,0.00192,84181,0.00192,3,8,0.5347878003168278,91340.8181771157,670.5,89686.1,89571.9,89583,89577.7,-0.302863,-0.302587
84|8,0.0096,79555,0.0096,4,8,0.5347878003168278,91340.8181771157,670.5,91001.2,90034.6,90127.2,90083.5,-0.589167,-0.587014
84|8,0.048,69015,0.048,5,8,0.5347878003168278,91340.8181771157,670.5,90964.6,83429,84100.1,83783.6,-0.900686,-0.88511
84|8,0.24,49350,0.24,6,8,0.5347878003168278,91340.8181771157,670.5,89343,50932.4,53112.9,52070.7,-0.354996,-0.261782
84|8,1.2,14789,1.2,7,8,0.5347878003168278,91340.8181771157,670.5,82929.7,12007,13025.2,12529.7,0.666805,0.887085
84|8,6,1804,6,8,8,0.5347878003168278,91340.8181771157,670.5,58477.8,1994.91,2130.64,2064.5,-0.675677,-0.5539
84|12,0.0003712,63850,0.0003712,1,12,0.5347878003168278,91340.8181771157,670.5,56871.3,56865.9,56864.9,56864.9,0.615737,0.61574
84|12,0.001856,63754,0.001856,2,12,0.5347878003168278,91340.8181771157,670.5,68118.8,68060.1,68050.7,68050.4,-0.316774,-0.316755
84|12,0.00928,61492,0.00928,3,12,0.5347878003168278,91340.8181771157,670.5,72187.6,71665.4,71581.7,71579.5,-0.707329,-0.707199
84|12,0.0464,55297,0.0464,4,12,0.5347878003168278,91340.8181771157,670.5,73478.8,69231.9,68589.4,68574.9,-0.972327,-0.971473
84|12,0.2319999999999999,41168,0.2319999999999999,5,12,0.5347878003168278,91340.8181771157,670.5,73241.9,48415.7,45898.6,45852,-0.515976,-0.511412
84|12,1.16,15633,1.16,6,12,0.5347878003168278,91340.8181771157,670.5,70027,13851.2,12312.4,12290.2,1.32622,1.33745
84|12,5.8,1442,5.8,7,12,0.5347878003168278,91340.8181771157,670.5,54082.7,2433.54,2192.72,2189.98,-1.51433,-1.51045
84|12,29,668,29,8,12,0.5347878003168278,91340.8181771157,670.5,18162.2,849.948,824.999,824.783,-0.699791,-0.69896
84|11,0.0003712,69151,0.0003712,1,11,0.5347878003168278,91340.8181771157,670.5,68146.6,68139.8,68140.3,68140.1,0.074418,0.0744315
84|11,0.001856,78893,0.001856,2,11,0.5347878003168278,91340.8181771157,670.5,79394,79325.4,79329.8,79328.1,-0.0276414,-0.0275325
84|11,0.00928,82686,0.00928,3,11,0.5347878003168278,91340.8181771157,670.5,83462.3,82857.6,82896.1,82881.2,-0.0127235,-0.0118242
84|11,0.0464,67678,0.0464,4,11,0.5347878003168278,91340.8181771157,670.5,84749.1,79844.7,80139.7,80026.5,-0.780682,-0.774682
84|11,0.2319999999999999,52077,0.2319999999999999,5,11,0.5347878003168278,91340.8181771157,670.5,84475.5,55806.3,57025.3,56557.3,-0.434979,-0.397081
84|11,1.16,21332,1.16,6,11,0.5347878003168278,91340.8181771157,670.5,80961,15929,16747,16430.4,1.35502,1.47598
84|11,5.8,1872,5.8,7,11,0.5347878003168278,91340.8181771157,670.5,63011.4,2728.1,2860.2,2809.31,-1.57309,-1.51645
84|11,29,564,29,8,11,0.5347878003168278,91340.8181771157,670.5,21671.3,885.749,899.758,894.417,-1.40375,-1.38757
1042|8,0.0016767999999999,72142,0.0016767999999999,1,8,0.3398073980410138,86507.6699423963,697.25,76299.9,76247.4,76244.7,76242.7,-0.270098,-0.269973
1042|8,0.0083839999999999,73484,0.0083839999999999,2,8,0.3398073980410138,86507.6699423963,697.25,83060.4,82581.8,82557,82539.1,-0.551809,-0.55084
1042|8,0.04192,70719,0.04192,3,8,0.3398073980410138,86507.6699423963,697.25,85480.3,81504.3,81305.4,81165.4,-0.653729,-0.646192
1042|8,0.2096,53892,0.2096,4,8,0.3398073980410138,86507.6699423963,697.25,86030,61080.5,60157.9,59535.6,-0.522261,-0.475285
1042|8,1.048,23686,1.048,5,8,0.3398073980410138,86507.6699423963,697.25,84032.9,19645.6,18893.1,18416.3,1.25812,1.41853
1042|8,5.24,2550,5.24,6,8,0.3398073980410138,86507.6699423963,697.25,69667.6,3467.42,3330.99,3247.66,-1.08229,-0.98949
1042|8,26.2,636,26.2,7,8,0.3398073980410138,86507.6699423963,697.25,28763.9,1027.04,1010.25,1000.24,-1.43331,-1.40566
1042|8,131,646,131,8,8,0.3398073980410138,86507.6699423963,697.25,5070.02,734.215,732.357,731.273,-0.419274,-0.414445
1042|7,0.0016767999999999,71919,0.0016767999999999,1,7,0.3398073980410138,86507.6699423963,697.25,76407.3,76354.7,76350.2,76348.6,-0.291322,-0.291224
1042|7,0.0083839999999999,77373,0.0083839999999999,2,7,0.3398073980410138,86507.6699423963,697.25,83167.8,82688.6,82647.2,82633.1,-0.320421,-0.319622
1042|7,0.04192,72552,0.04192,3,7,0.3398073980410138,86507.6699423963,697.25,85587.7,81606.6,81276.5,81167.4,-0.538942,-0.532914
1042|7,0.2096,57582,0.2096,4,7,0.3398073980410138,86507.6699423963,697.25,86137,61156.3,59642.4,59166.5,-0.173213,-0.134268
1042|7,1.048,23988,1.048,5,7,0.3398073980410138,86507.6699423963,697.25,84137.5,19669.4,18457.6,18104.1,1.48541,1.61071
1042|7,5.24,1698,5.24,6,7,0.3398073980410138,86507.6699423963,697.25,69754.9,3470.93,3253.19,3192.29,-2.20228,-2.15288
1042|7,22.3,678,22.3,7,7,0.3398073980410138,86507.6699423963,697.25,32876.7,1105.39,1072.43,1063.43,-1.44243,-1.41877
1042|7,131,706,131,8,7,0.3398073980410138,86507.6699423963,697.25,5076.23,734.266,731.322,730.539,-0.123066,-0.119346
1042|6,0.0004351999999999,71021,0.0004351999999999,1,6,0.3398073980410138,86507.6699423963,697.25,76407.6,76398.8,76399.8,76399.2,-0.353392,-0.353353
1042|6,0.0021759999999999,73274,0.0021759999999999,2,6,0.3398073980410138,86507.6699423963,697.25,83170.9,83090.2,83099.5,83093.8,-0.593691,-0.593387
1042|6,0.0108799999999999,77614,0.0108799999999999,3,6,0.3398073980410138,86507.6699423963,697.25,85614.9,84919.8,84999.7,84951.2,-0.436331,-0.433709
1042|6,0.0543999999999999,74099,0.0543999999999999,4,6,0.3398073980410138,86507.6699423963,697.25,86367.3,80802.7,81408.2,81040.3,-0.450787,-0.430034
1042|6,0.2719999999999999,56265,0.2719999999999999,5,6,0.3398073980410138,86507.6699423963,697.25,86023.5,54610.9,56996.7,55530.1,-0.0643545,0.0663346
1042|6,1.36,18863,1.36,6,6,0.3398073980410138,86507.6699423963,697.25,82470.3,14928.4,16418,15484.5,0.736791,1.07829
1042|6,6.8,2218,6.8,7,6,0.3398073980410138,86507.6699423963,697.25,62970.3,2623.6,2863.52,2712.48,-1.02651,-0.825678
1042|6,34,670,34,8,6,0.3398073980410138,86507.6699423963,697.25,20985.3,912.536,939.766,922.646,-1.09162,-1.03659
1042|5,0.0004351999999999,71127,0.0004351999999999,1,5,0.3398073980410138,86507.6699423963,697.25,76300.3,76291.4,76291.8,76291.2,-0.339812,-0.339776
1042|5,0.0021759999999999,80354,0.0021759999999999,2,5,0.3398073980410138,86507.6699423963,697.25,83063.5,82982.9,82986.7,82981.4,-0.159295,-0.158981
1042|5,0.0108799999999999,79323,0.0108799999999999,3,5,0.3398073980410138,86507.6699423963,697.25,85507.5,84813.3,84846.1,84800.6,-0.326878,-0.324361
1042|5,0.0543999999999999,79391,0.0543999999999999,4,5,0.3398073980410138,86507.6699423963,697.25,86259.9,80702.3,80948.3,80606.8,-0.0965892,-0.075728
1042|5,0.2719999999999999,54965,0.2719999999999999,5,5,0.3398073980410138,86507.6699423963,697.25,85916.6,54543.4,55486.8,54181.1,-0.0471315,0.0725075
1042|5,1.36,18145,1.36,6,5,0.3398073980410138,86507.6699423963,697.25,82366.9,14910.4,15476.2,14697.7,0.85221,1.15797
1042|5,6.8,1850,6.8,7,5,0.3398073980410138,86507.6699423963,697.25,62889.2,2621.1,2710.69,2587.41,-1.43802,-1.28455
1042|5,34,714,34,8,5,0.3398073980410138,86507.6699423963,697.25,20956.6,912.232,922.325,908.406,-0.85497,-0.806994
1042|12,0.0014272,63207,0.0014272,1,12,0.3398073980410138,86507.6699423963,697.25,65779.3,65724.3,65706.3,65702.7,-0.190804,-0.190544
1042|12,0.007136,60308,0.007136,2,12,0.3398073980410138,86507.6699423963,697.25,72540.8,72034.4,71868.5,71836.3,-0.80722,-0.805334
1042|12,0.03568,52653,0.03568,3,12,0.3398073980410138,86507.6699423963,697.25,74969.1,70781.7,69496.1,69254.4,-1.21606,-1.20277
1042|12,0.1784,38581,0.1784,4,12,0.3398073980410138,86507.6699423963,697.25,75589.7,50559.3,45578.9,44742.6,-0.768594,-0.689308
1042|12,0.892,14795,0.892,5,12,0.3398073980410138,86507.6699423963,697.25,74166.5,14971.6,11955,11524.8,1.16737,1.39308
1042|12,4.46,1358,4.46,6,12,0.3398073980410138,86507.6699423963,697.25,63361.8,2712.69,2221.49,2155.42,-1.72197,-1.6329
1042|12,26.2,678,26.2,7,12,0.3398073980410138,86507.6699423963,697.25,25179,889.82,842.157,835.868,-0.720758,-0.696963
1042|12,111.5,622,111.5,8,12,0.3398073980410138,86507.6699423963,697.25,5293.58,723.817,717.438,716.605,-0.47012,-0.466398
1042|11,0.0014272,69426,0.0014272,1,11,0.3398073980410138,86507.6699423963,697.25,72559.6,72499,72496,72493.1,-0.212517,-0.212328
1042|11,0.007136,69786,0.007136,2,11,0.3398073980410138,86507.6699423963,697.25,79320.9,78766.8,78739.2,78713.5,-0.570822,-0.569373
1042|11,0.03568,64780,0.03568,3,11,0.3398073980410138,86507.6699423963,697.25,81747.3,77177.8,76960,76762.6,-0.794433,-0.783563
1042|11,0.1784,51077,0.1784,4,11,0.3398073980410138,86507.6699423963,697.25,82352.3,55061.7,54148.4,53357.7,-0.28425,-0.214182
1042|11,0.892,19557,0.892,5,11,0.3398073980410138,86507.6699423963,697.25,80800.6,16260.5,15639.5,15134.3,1.23816,1.44356
1042|11,4.46,1636,4.46,6,11,0.3398073980410138,86507.6699423963,697.25,69080.8,2896.54,2791.12,2708.19,-1.87982,-1.79287
1042|11,22.3,686,22.3,7,11,0.3398073980410138,86507.6699423963,697.25,31375.4,957.6,944.767,934.883,-1.04293,-1.01108
1042|11,111.5,610,111.5,8,11,0.3398073980410138,86507.6699423963,697.25,5772.34,726.481,725.069,724.002,-0.562621,-0.557982
1042|9,0.0004479999999999,70018,0.0004479999999999,1,9,0.3398073980410138,86507.6699423963,697.25,75968.9,75955.1,75958.3,75957.5,-0.392543,-0.392496
1042|9,0.00224,68995,0.00224,2,9,0.3398073980410138,86507.6699423963,697.25,82732.1,82606.7,82636,82629,-0.828841,-0.828484
1042|9,0.0111999999999999,73322,0.0111999999999999,3,9,0.3398073980410138,86507.6699423963,697.25,85175.9,84100.9,84349.5,84290,-0.656479,-0.653396
1042|9,0.0559999999999999,64897,0.0559999999999999,4,9,0.3398073980410138,86507.6699423963,697.25,85926.9,77585.5,79381.4,78946.9,-0.916029,-0.893425
1042|9,0.2799999999999999,46953,0.2799999999999999,5,9,0.3398073980410138,86507.6699423963,697.25,85571.6,45138.7,50684.1,49250.6,-0.368762,-0.233654
1042|9,1.4,15423,1.4,6,9,0.3398073980410138,86507.6699423963,697.25,81929.9,10366.3,12857.2,12161.6,0.982367,1.31834
1042|9,7,1484,7,7,9,0.3398073980410138,86507.6699423963,697.25,62051.1,1938.04,2303.18,2199.53,-1.58245,-1.43942
1042|9,35,592,35,8,9,0.3398073980410138,86507.6699423963,697.25,20306.2,835.155,876.106,864.504,-1.21158,-1.17363
1042|10,0.0004479999999999,71249,0.0004479999999999,1,10,0.3398073980410138,86507.6699423963,697.25,75053.5,75039.9,75041.4,75040.8,-0.253654,-0.253621
1042|10,0.00224,76383,0.00224,2,10,0.3398073980410138,86507.6699423963,697.25,81816.7,81692.7,81706.3,81701.6,-0.327113,-0.326847
1042|10,0.0111999999999999,71091,0.0111999999999999,3,10,0.3398073980410138,86507.6699423963,697.25,84260.6,83197.2,83311.6,83272.7,-0.736539,-0.734535
1042|10,0.0559999999999999,64036,0.0559999999999999,4,10,0.3398073980410138,86507.6699423963,697.25,85012,76760.1,77576.2,77299,-0.876168,-0.861294
1042|10,0.2799999999999999,45000,0.2799999999999999,5,10,0.3398073980410138,86507.6699423963,697.25,84660.5,44661.7,47048.1,46220.4,-0.217965,-0.132191
1042|10,1.4,13696,1.4,6,10,0.3398073980410138,86507.6699423963,697.25,81049.8,10261.5,11263.9,10908,1.05941,1.25296
1042|10,7,1282,7,7,10,0.3398073980410138,86507.6699423963,697.25,61366.4,1924.2,2068.23,2017.08,-1.66913,-1.5949
1042|10,35,628,35,8,10,0.3398073980410138,86507.6699423963,697.25,20067.7,833.49,849.553,843.885,-0.966537,-0.946453
1042|4,0.0010624,73625,0.0010624,1,4,0.3398073980410138,86507.6699423963,697.25,75968.7,75941.2,75944.4,75942,-0.153299,-0.153142
1042|4,0.005312,80800,0.005312,2,4,0.3398073980410138,86507.6699423963,697.25,82730.7,82479.4,82509.1,82486.8,-0.104004,-0.102677
1042|4,0.02656,78030,0.02656,3,4,0.3398073980410138,86507.6699423963,697.25,85163.8,83033.6,83279.4,83095.1,-0.316503,-0.306064
1042|4,0.1328,66522,0.1328,4,4,0.3398073980410138,86507.6699423963,697.25,85824.3,70614.7,72115.7,70986.2,-0.389254,-0.315576
1042|4,0.664,38695,0.664,5,4,0.3398073980410138,86507.6699423963,697.25,84722.2,30618.4,33061.8,31199.5,0.850802,1.199
1042|4,3.32,6000,3.32,6,4,0.3398073980410138,86507.6699423963,697.25,75757.1,5793.5,6416.38,5938,-0.31217,0.050045
1042|4,16.6,662,16.6,7,4,0.3398073980410138,86507.6699423963,697.25,40571.3,1318.73,1399.09,1337.34,-2.17902,-2.07151
1042|4,83,696,83,8,4,0.3398073980410138,86507.6699423963,697.25,8297.8,766.309,775.157,768.365,-0.369098,-0.33956
1042|3,0.0010624,72910,0.0010624,1,3,0.3398073980410138,86507.6699423963,697.25,75053.3,75026.1,75026.8,75025.1,-0.141612,-0.141502
1042|3,0.005312,82674,0.005312,2,3,0.3398073980410138,86507.6699423963,697.25,81815.4,81566.8,81573.2,81557.8,0.0677516,0.0687175
1042|3,0.02656,79881,0.02656,3,3,0.3398073980410138,86507.6699423963,697.25,84248.6,82141.5,82193.7,82066.3,-0.141277,-0.133697
1042|3,0.1328,67396,0.1328,4,3,0.3398073980410138,86507.6699423963,697.25,84910.5,69864.2,70174.5,69414.2,-0.198674,-0.145885
1042|3,0.664,36552,0.664,5,3,0.3398073980410138,86507.6699423963,697.25,83820.3,30297.2,30773.1,29614.9,0.937083,1.16845
1042|3,3.32,5516,3.32,6,3,0.3398073980410138,86507.6699423963,697.25,74943.8,5738.29,5854.35,5571.81,-0.276808,-0.0478552
1042|3,16.6,726,16.6,7,3,0.3398073980410138,86507.6699423963,697.25,40126.4,1311.8,1326.47,1290.44,-1.85413,-1.78221
1042|3,83,688,83,8,3,0.3398073980410138,86507.6699423963,697.25,8205.38,765.481,767.07,763.125,-0.371471,-0.35424
719|5,0.0006144,90234,0.0006144,1,5,-0.0132145346287523,84456.392834809,701.5,84843.8,84839.2,84839.3,84839,0.319305,0.319324
719|5,0.003072,91037,0.003072,2,5,-0.0132145346287523,84456.392834809,701.5,84586.1,84549.4,84550,84547.3,0.385269,0.385436
719|5,0.01536,85896,0.01536,3,5,-0.0132145346287523,84456.392834809,701.5,84485.6,84178.1,84182.8,84161.2,0.102188,0.103506
719|5,0.0768,84081,0.0768,4,5,-0.0132145346287523,84456.392834809,701.5,84392.3,81876,81912.4,81741.1,0.132926,0.143722
719|5,0.384,66810,0.384,5,5,-0.0132145346287523,84456.392834809,701.5,83863.5,66733.8,66931,65989.3,-0.00906728,0.0623878
719|5,1.92,28534,1.92,6,5,-0.0132145346287523,84456.392834809,701.5,79690.8,26394.2,26639.5,25469.1,0.354325,0.599257
719|5,9.6,4934,9.6,7,5,-0.0132145346287523,84456.392834809,701.5,56177.9,4887.15,4940.35,4683.4,-0.00610312,0.253136
719|5,48,870,48,8,5,-0.0132145346287523,84456.392834809,701.5,16540.6,1223.81,1230.52,1197.32,-1.18274,-1.09754
719|6,0.0006144,90599,0.0006144,1,6,-0.0132145346287523,84456.392834809,701.5,84839.7,84835.2,84834.4,84834.1,0.341217,0.341237
719|6,0.003072,100276,0.003072,2,6,-0.0132145346287523,84456.392834809,701.5,84582,84545.3,84539.1,84536.6,0.934739,0.934922
719|6,0.01536,89109,0.01536,3,6,-0.0132145346287523,84456.392834809,701.5,84481.5,84174.1,84122.5,84101,0.297652,0.299009
719|6,0.0768,84595,0.0768,4,6,-0.0132145346287523,84456.392834809,701.5,84388.2,81872.1,81461.5,81293.6,0.193131,0.203893
719|6,0.384,66428,0.384,5,6,-0.0132145346287523,84456.392834809,701.5,83859.5,66730.5,64501.5,63636,0.149813,0.220055
719|6,1.92,28310,1.92,6,6,-0.0132145346287523,84456.392834809,701.5,79687,26393,23747.4,22829,0.955955,1.19397
719|6,9.6,3504,9.6,7,6,-0.0132145346287523,84456.392834809,701.5,56175.2,4886.95,4316.69,4130.38,-0.886051,-0.711612
719|6,48,772,48,8,6,-0.0132145346287523,84456.392834809,701.5,16539.8,1223.78,1149.75,1126.01,-1.30803,-1.24617
719|3,0.000064,94588,0.000064,1,3,-0.0132145346287523,84456.392834809,701.5,84891.2,84890.8,84890.8,84890.8,0.573616,0.573616
719|3,0.00032,87222,0.00032,2,3,-0.0132145346287523,84456.392834809,701.5,84634.4,84632.5,84632.6,84632.5,0.153634,0.153641
719|3,0.0016,85600,0.0016,3,3,-0.0132145346287523,84456.392834809,701.5,84541.1,84525.6,84526.8,84525.8,0.0637553,0.0638144
719|3,0.008,88953,0.008,4,3,-0.0132145346287523,84456.392834809,701.5,84507.8,84377.8,84388.1,84379.9,0.27163,0.272144
719|3,0.04,78809,0.04,5,3,-0.0132145346287523,84456.392834809,701.5,84481.1,83399.7,83484.2,83417.1,-0.281194,-0.277381
719|3,0.2,76136,0.2,6,3,-0.0132145346287523,84456.392834809,701.5,84287,76015.3,76606.1,76137,-0.0308064,-6.32487e-05
719|3,1,50010,1,7,3,-0.0132145346287523,84456.392834809,701.5,82536.3,43668.4,45326.8,44003.5,0.517213,0.683163
719|3,5,9930,5,8,3,-0.0132145346287523,84456.392834809,701.5,69941.3,10025.7,10699,10159,-0.352162,-0.110303
719|4,0.000064,96662,0.000064,1,4,-0.0132145346287523,84456.392834809,701.5,84856.5,84856.1,84856.1,84856.1,0.698638,0.698639
719|4,0.00032,85208,0.00032,2,4,-0.0132145346287523,84456.392834809,701.5,84599.6,84597.7,84598,84597.9,0.0362099,0.0362166
719|4,0.0016,85066,0.0016,3,4,-0.0132145346287523,84456.392834809,701.5,84506.3,84490.8,84492.6,84491.7,0.0340756,0.0341323
719|4,0.008,87029,0.008,4,4,-0.0132145346287523,84456.392834809,701.5,84473,84343.1,84358.1,84350.2,0.158983,0.159468
719|4,0.04,80898,0.04,5,4,-0.0132145346287523,84456.392834809,701.5,84446.3,83365.4,83488.8,83424.1,-0.155819,-0.152045
719|4,0.2,71071,0.2,6,4,-0.0132145346287523,84456.392834809,701.5,84252.4,75984.1,76851.3,76395.8,-0.37755,-0.349863
719|4,1,50818,1,7,4,-0.0132145346287523,84456.392834809,701.5,82502.4,43650.6,46124.8,44801.8,0.509411,0.672162
719|4,5,10376,5,8,4,-0.0132145346287523,84456.392834809,701.5,69912.7,10021.9,11044.7,10487.2,-0.296894,-0.0519269
719|10,0.0003648,94350,0.0003648,1,10,-0.0132145346287523,84456.392834809,701.5,84891.2,84851.8,84851.1,84851.4,0.562148,0.562131
719|10,0.001824,93025,0.001824,2,10,-0.0132145346287523,84456.392834809,701.5,84633.9,84306.1,84300.3,84302.6,0.519693,0.519545
719|10,0.00912,89279,0.00912,3,10,-0.0132145346287523,84456.392834809,701.5,84537.2,81857.6,81810.5,81829.6,0.458353,0.457078
719|10,0.0456,68995,0.0456,4,10,-0.0132145346287523,84456.392834809,701.5,84475.3,66253.8,65989.8,66100.1,0.228446,0.219694
719|10,0.228,32223,0.228,5,10,-0.0132145346287523,84456.392834809,701.5,84209,25752.1,25422.7,25564,1.33203,1.29722
719|10,1.14,4210,1.14,6,10,-0.0132145346287523,84456.392834809,701.5,82060.4,4741.82,4668.42,4700.77,-0.464457,-0.494024
719|10,5.7,632,5.7,7,10,-0.0132145346287523,84456.392834809,701.5,67483.7,1203.94,1194.22,1198.62,-1.88908,-1.8983
719|10,28.5,612,28.5,8,10,-0.0132145346287523,84456.392834809,701.5,27321.3,762.539,761.343,761.898,-0.70538,-0.707634
719|9,0.0003648,99893,0.0003648,1,9,-0.0132145346287523,84456.392834809,701.5,84856.4,84817.1,84817.6,84815.9,0.892519,0.892639
719|9,0.001824,90396,0.001824,2,9,-0.0132145346287523,84456.392834809,701.5,84599.2,84271.5,84275.9,84261.6,0.364656,0.365568
719|9,0.00912,87530,0.00912,3,9,-0.0132145346287523,84456.392834809,701.5,84502.5,81824,81857.6,81745.4,0.347927,0.355291
719|9,0.0456,67618,0.0456,4,9,-0.0132145346287523,84456.392834809,701.5,84440.6,66226.7,66405.7,65797.4,0.0915797,0.1388
719|9,0.228,32029,0.228,5,9,-0.0132145346287523,84456.392834809,701.5,84174.3,25741.7,25955.6,25221.3,1.16551,1.34399
719|9,1.14,4042,1.14,6,9,-0.0132145346287523,84456.392834809,701.5,82026.6,4740.15,4785.44,4627.07,-0.735921,-0.597753
719|9,5.7,674,5.7,7,9,-0.0132145346287523,84456.392834809,701.5,67456.1,1203.73,1209.39,1189.09,-1.78091,-1.73666
719|9,28.5,644,28.5,8,9,-0.0132145346287523,84456.392834809,701.5,27310.3,762.514,763.168,760.752,-0.561896,-0.55175
719|8,0.0000768,95369,0.0000768,1,8,-0.0132145346287523,84456.392834809,701.5,84843.9,84838.7,84838.9,84838.7,0.623269,0.623282
719|8,0.000384,92759,0.000384,2,8,-0.0132145346287523,84456.392834809,701.5,84587,84545.2,84546.1,84544.5,0.487788,0.487896
719|8,0.00192,84653,0.00192,3,8,-0.0132145346287523,84456.392834809,701.5,84493.6,84143.5,84151,84137.2,0.0299566,0.0307821
719|8,0.0096,85030,0.0096,4,8,-0.0132145346287523,84456.392834809,701.5,84459.5,81600.7,81659,81551.2,0.20727,0.214175
719|8,0.048,63826,0.048,5,8,-0.0132145346287523,84456.392834809,701.5,84425.5,65229.1,65536.3,64965,-0.130906,-0.0879471
719|8,0.24,29936,0.24,6,8,-0.0132145346287523,84456.392834809,701.5,84170.7,24571,24921,24269.5,1.00186,1.16203
719|8,1.2,4124,1.2,7,8,-0.0132145346287523,84456.392834809,701.5,81935.7,4490.65,4563.59,4427.03,-0.454976,-0.322683
719|8,6,680,6,8,8,-0.0132145346287523,84456.392834809,701.5,66702.7,1172.37,1181.59,1164.16,-1.69968,-1.66006
719|7,0.0000768,96784,0.0000768,1,7,-0.0132145346287523,84456.392834809,701.5,84839.8,84834.7,84834.9,84834.7,0.707291,0.707303
719|7,0.000384,90264,0.000384,2,7,-0.0132145346287523,84456.392834809,701.5,84583,84541.2,84542.8,84541.3,0.339816,0.33991
719|7,0.00192,93457,0.00192,3,7,-0.0132145346287523,84456.392834809,701.5,84489.5,84139.4,84152.7,84140.5,0.555185,0.555994
719|7,0.0096,84890,0.0096,4,7,-0.0132145346287523,84456.392834809,701.5,84455.4,81596.7,81701.1,81605.5,0.195967,0.202082
719|7,0.048,65169,0.048,5,7,-0.0132145346287523,84456.392834809,701.5,84421.4,65225.9,65783.2,65272.7,-0.0468379,-0.00797288
719|7,0.24,30352,0.24,6,7,-0.0132145346287523,84456.392834809,701.5,84166.6,24569.8,25216.3,24623.9,1.01412,1.15797
719|7,1.2,4196,1.2,7,7,-0.0132145346287523,84456.392834809,701.5,81931.8,4490.47,4627.08,4501.93,-0.440421,-0.320693
719|7,6,676,6,8,7,-0.0132145346287523,84456.392834809,701.5,66699.5,1172.35,1189.81,1173.83,-1.73151,-1.69578
719|12,0.0003712,94222,0.0003712,1,12,-0.0132145346287523,84456.392834809,701.5,85243.2,85185.4,85179.9,85178.2,0.533057,0.533172
719|12,0.001856,91978,0.001856,2,12,-0.0132145346287523,84456.392834809,701.5,84986,84505.9,84459.7,84445.3,0.446994,0.447925
719|12,0.00928,89439,0.00928,3,12,-0.0132145346287523,84456.392834809,701.5,84889.1,81015.7,80657.6,80549,0.546606,0.554109
719|12,0.0464,65541,0.0464,4,12,-0.0132145346287523,84456.392834809,701.5,84826.4,60534,58890.2,58416.6,0.566217,0.611425
719|12,0.2319999999999999,22932,0.2319999999999999,5,12,-0.0132145346287523,84456.392834809,701.5,84552.7,19723.5,18379.8,18022.1,1.22776,1.35007
719|12,1.16,1534,1.16,6,12,-0.0132145346287523,84456.392834809,701.5,82345.7,3523.69,3278.05,3215.45,-2.45259,-2.4066
719|12,5.8,634,5.8,7,12,-0.0132145346287523,84456.392834809,701.5,67446.2,1048.05,1017,1009.28,-1.45932,-1.4383
719|12,29,568,29,8,12,-0.0132145346287523,84456.392834809,701.5,27013.5,743.805,740.065,739.156,-0.829236,-0.825573
719|11,0.0003712,89357,0.0003712,1,11,-0.0132145346287523,84456.392834809,701.5,84985.8,84928.3,84931.8,84928.3,0.261637,0.261854
719|11,0.001856,92891,0.001856,2,11,-0.0132145346287523,84456.392834809,701.5,84728.6,84250,84278.8,84250,0.51312,0.515016
719|11,0.00928,86253,0.00928,3,11,-0.0132145346287523,84456.392834809,701.5,84631.8,80770.3,80992.3,80769.7,0.326108,0.340839
719|11,0.0464,67865,0.0464,4,11,-0.0132145346287523,84456.392834809,701.5,84569.1,60351.1,61397.4,60348.5,0.528241,0.624529
719|11,0.2319999999999999,24977,0.2319999999999999,5,11,-0.0132145346287523,84456.392834809,701.5,84296.3,19665.3,20576.3,19663.1,1.06206,1.34111
719|11,1.16,2348,1.16,6,11,-0.0132145346287523,84456.392834809,701.5,82096.1,3515.07,3684.59,3514.65,-1.68809,-1.53901
719|11,5.8,638,5.8,7,11,-0.0132145346287523,84456.392834809,701.5,67242.4,1047,1068.28,1046.95,-1.57827,-1.52369
719|11,29,584,29,8,11,-0.0132145346287523,84456.392834809,701.5,26933.4,743.68,746.214,743.673,-0.777191,-0.766872
863|7,0.0016767999999999,82319,0.0016767999999999,1,7,0.1648602901107012,82533.8352784979,671,77858.8,77833.3,77838.7,77836.7,0.288936,0.289078
863|7,0.0083839999999999,83542,0.0083839999999999,2,7,0.1648602901107012,82533.8352784979,671,80986.1,80548.5,80635,80606.1,0.181002,0.182865
863|7,0.04192,65069,0.04192,3,7,0.1648602901107012,82533.8352784979,671,82091.8,75332.8,76483.5,76157.9,-0.749127,-0.730857
863|7,0.2096,36554,0.2096,4,7,0.1648602901107012,82533.8352784979,671,82226.2,33433.8,37080.5,36229.2,-0.0709762,0.0448009
863|7,1.048,4884,1.048,5,7,0.1648602901107012,82533.8352784979,671,80317.5,3861.52,4406.08,4321.37,0.511177,0.612803
863|7,5.24,624,5.24,6,7,0.1648602901107012,82533.8352784979,671,66906.1,872.192,903.66,902.317,-1.16544,-1.16114
863|7,26.2,626,26.2,7,7,0.1648602901107012,82533.8352784979,671,28039.7,684.02,685.663,685.833,-0.303316,-0.304128
863|7,131,654,131,8,7,0.1648602901107012,82533.8352784979,671,5135.43,672.703,672.785,672.809,-0.0967564,-0.0968791
863|8,0.0016767999999999,81813,0.0016767999999999,1,8,0.1648602901107012,82533.8352784979,671,77809.1,77783.6,77788.8,77786.1,0.259688,0.259877
863|8,0.0083839999999999,80278,0.0083839999999999,2,8,0.1648602901107012,82533.8352784979,671,80936.4,80499.1,80581.7,80540.8,-0.0189243,-0.0163824
863|8,0.04192,68381,0.04192,3,8,0.1648602901107012,82533.8352784979,671,82042.1,75287.2,76381.8,75883.8,-0.525783,-0.496279
863|8,0.2096,34726,0.2096,4,8,0.1648602901107012,82533.8352784979,671,82176.6,33413.9,36846,35394.8,-0.287572,-0.0944046
863|8,1.048,4740,1.048,5,8,0.1648602901107012,82533.8352784979,671,80269.2,3859.58,4366.5,4180.37,0.402876,0.628688
863|8,5.24,706,5.24,6,8,0.1648602901107012,82533.8352784979,671,66865.7,872.07,901.101,893.05,-0.81478,-0.786405
863|8,26.2,686,26.2,7,8,0.1648602901107012,82533.8352784979,671,28022.8,684.012,685.512,685.275,0.00248264,0.0036866
863|8,131,674,131,8,8,0.1648602901107012,82533.8352784979,671,5132.56,672.703,672.776,672.777,0.00630279,0.0063008
863|6,0.0004351999999999,84201,0.0004351999999999,1,6,0.1648602901107012,82533.8352784979,671,77859.1,77856.7,77856.6,77856.1,0.409067,0.409097
863|6,0.0021759999999999,83262,0.0021759999999999,2,6,0.1648602901107012,82533.8352784979,671,80989.1,80947.4,80944.3,80937.8,0.143761,0.144175
863|6,0.0108799999999999,73877,0.0108799999999999,3,6,0.1648602901107012,82533.8352784979,671,82117.9,81421.1,81356.5,81263.7,-0.461582,-0.456376
863|6,0.0543999999999999,56720,0.0543999999999999,4,6,0.1648602901107012,82533.8352784979,671,82446,72244.9,71247.1,70271.2,-1.02318,-0.967639
863|6,0.2719999999999999,26035,0.2719999999999999,5,6,0.1648602901107012,82533.8352784979,671,82117.8,25046.4,22959.7,21702.6,0.666153,0.992075
863|6,1.36,1998,1.36,6,6,0.1648602901107012,82533.8352784979,671,79101.9,2718.48,2451.09,2348.38,-0.828298,-0.66532
863|6,6.8,596,6.8,7,6,0.1648602901107012,82533.8352784979,671,61316.5,797.537,778.831,774.387,-0.849627,-0.832383
863|6,34,680,34,8,6,0.1648602901107012,82533.8352784979,671,21355.1,679.34,678.133,677.985,0.00956452,0.0103217
863|5,0.0004351999999999,83981,0.0004351999999999,1,5,0.1648602901107012,82533.8352784979,671,77809.4,77807,77806.9,77806.5,0.398337,0.398363
863|5,0.0021759999999999,84944,0.0021759999999999,2,5,0.1648602901107012,82533.8352784979,671,80939.4,80897.7,80895.2,80889.7,0.251285,0.251643
863|5,0.0108799999999999,76489,0.0108799999999999,3,5,0.1648602901107012,82533.8352784979,671,82068.2,81371.8,81317.2,81240.6,-0.298104,-0.293651
863|5,0.0543999999999999,61614,0.0543999999999999,4,5,0.1648602901107012,82533.8352784979,671,82396.3,72201.5,71331,70548.5,-0.683589,-0.635481
863|5,0.2719999999999999,25403,0.2719999999999999,5,5,0.1648602901107012,82533.8352784979,671,82068.4,25031.6,23159.8,22179.1,0.481762,0.72259
863|5,1.36,2262,1.36,6,5,0.1648602901107012,82533.8352784979,671,79054,2717.23,2473.01,2399.16,-0.382701,-0.25555
863|5,7,652,7,7,5,0.1648602901107012,82533.8352784979,671,60703.7,791.296,774.827,772.365,-0.572898,-0.562696
863|5,34,676,34,8,5,0.1648602901107012,82533.8352784979,671,21341.7,679.336,678.21,678.17,-0.0113205,-0.0111181
863|11,0.0014272,78983,0.0014272,1,11,0.1648602901107012,82533.8352784979,671,76078,76048.8,76047.2,76043.4,0.193773,0.194037
863|11,0.007136,77552,0.007136,2,11,0.1648602901107012,82533.8352784979,671,79206,78707.2,78670.8,78615.2,-0.0713943,-0.0678896
863|11,0.03568,64390,0.03568,3,11,0.1648602901107012,82533.8352784979,671,80317.5,72717.1,72083.8,71464.8,-0.535627,-0.496783
863|11,0.1784,28760,0.1784,4,11,0.1648602901107012,82533.8352784979,671,80500.6,29856.3,27905.6,26789.2,0.15263,0.366564
863|11,0.892,3118,0.892,5,11,0.1648602901107012,82533.8352784979,671,78983.6,3367.97,3060.59,2959.43,0.0859501,0.244753
863|11,4.46,660,4.46,6,11,0.1648602901107012,82533.8352784979,671,67870.3,840.328,817.908,814.116,-0.708283,-0.693619
863|11,22.3,624,22.3,7,11,0.1648602901107012,82533.8352784979,671,31314.6,682.1,680.595,680.525,-0.289197,-0.28886
863|11,111.5,676,111.5,8,11,0.1648602901107012,82533.8352784979,671,5996.37,672.591,672.494,672.499,0.0180644,0.0180388
863|12,0.0014272,82748,0.0014272,1,12,0.1648602901107012,82533.8352784979,671,72939.8,72911.8,72913.5,72911.5,0.676902,0.677058
863|12,0.007136,77620,0.007136,2,12,0.1648602901107012,82533.8352784979,671,76067.9,75589,75608.9,75583.3,0.133506,0.135252
863|12,0.03568,62159,0.03568,3,12,0.1648602901107012,82533.8352784979,671,77180.3,69879.3,70038.8,69800.4,-0.564522,-0.549309
863|12,0.1784,27297,0.1784,4,12,0.1648602901107012,82533.8352784979,671,77370.6,28712,28821.1,28501.3,-0.263697,-0.210688
863|12,0.892,3754,0.892,5,12,0.1648602901107012,82533.8352784979,671,75913,3262.26,3232.19,3232.78,0.743321,0.742347
863|12,4.46,602,4.46,6,12,0.1648602901107012,82533.8352784979,671,65223.3,833.697,828.884,831.798,-1.00782,-1.01815
863|12,22.3,652,22.3,7,12,0.1648602901107012,82533.8352784979,671,30090.2,681.697,681.238,681.583,-0.149307,-0.151014
863|12,111.5,620,111.5,8,12,0.1648602901107012,82533.8352784979,671,5774.78,672.566,672.53,672.56,-0.270637,-0.270782
863|9,0.0004479999999999,81052,0.0004479999999999,1,9,0.1648602901107012,82533.8352784979,671,77656,77652.1,77652.5,77652.2,0.21976,0.219781
863|9,0.00224,80554,0.00224,2,9,0.1648602901107012,82533.8352784979,671,80786,80718.2,80724.5,80720.3,-0.0106048,-0.0103428
863|9,0.0111999999999999,77564,0.0111999999999999,3,9,0.1648602901107012,82533.8352784979,671,81914.6,80791.4,80876.1,80826,-0.20561,-0.202622
863|9,0.0559999999999999,56662,0.0559999999999999,4,9,0.1648602901107012,82533.8352784979,671,82241.3,66921.9,67667.1,67311.6,-0.815938,-0.793728
863|9,0.2799999999999999,21150,0.2799999999999999,5,9,0.1648602901107012,82533.8352784979,671,81901.2,17610.1,18190.4,18037.5,0.806405,0.855133
863|9,1.4,1734,1.4,6,9,0.1648602901107012,82533.8352784979,671,78793,1944.17,1975.21,1984.29,-0.532963,-0.550825
863|9,7,666,7,7,9,0.1648602901107012,82533.8352784979,671,60589,749.332,749.82,751.808,-0.400221,-0.408945
863|9,35,660,35,8,9,0.1648602901107012,82533.8352784979,671,20726.3,676.519,676.466,676.664,-0.0844929,-0.0854929
863|10,0.0004479999999999,87360,0.0004479999999999,1,10,0.1648602901107012,82533.8352784979,671,77232.4,77228.4,77229.2,77228.8,0.658485,0.658511
863|10,0.00224,83548,0.00224,2,10,0.1648602901107012,82533.8352784979,671,80362.4,80294.8,80306.7,80301.7,0.202635,0.202962
863|10,0.0111999999999999,78230,0.0111999999999999,3,10,0.1648602901107012,82533.8352784979,671,81491,80373.6,80550,80484.7,-0.144601,-0.140645
863|10,0.0559999999999999,58709,0.0559999999999999,4,10,0.1648602901107012,82533.8352784979,671,81817.8,66578,68408.3,67845.3,-0.711363,-0.675611
863|10,0.2799999999999999,20498,0.2799999999999999,5,10,0.1648602901107012,82533.8352784979,671,81479.5,17522.2,19420.8,18975.7,0.275185,0.397875
863|10,1.4,2190,1.4,6,10,0.1648602901107012,82533.8352784979,671,78385.6,1937.53,2093.98,2076.03,0.20166,0.241155
863|10,6.8,652,6.8,7,10,0.1648602901107012,82533.8352784979,671,60843.3,752.899,761.456,761.899,-0.516929,-0.518806
863|10,35,698,35,8,10,0.1648602901107012,82533.8352784979,671,20615.9,676.494,676.879,676.995,0.108335,0.107729
863|3,0.0010624,89013,0.0010624,1,3,0.1648602901107012,82533.8352784979,671,77232.2,77216,77215.5,77213,0.766954,0.767141
863|3,0.005312,83582,0.005312,2,3,0.1648602901107012,82533.8352784979,671,80361,80082.7,80068.3,80031.2,0.220314,0.222745
863|3,0.02656,75500,0.02656,3,3,0.1648602901107012,82533.8352784979,671,81479.4,77058.3,76762.1,76291.5,-0.082531,-0.0520764
863|3,0.1328,35636,0.1328,4,3,0.1648602901107012,82533.8352784979,671,81720.1,42169.4,40409.9,38733.1,-0.590896,-0.399813
863|3,0.664,5534,0.664,5,3,0.1648602901107012,82533.8352784979,671,80670.9,5519.74,5063.09,4802.51,0.442039,0.721674
863|3,3.32,752,3.32,6,3,0.1648602901107012,82533.8352784979,671,72480.1,982.534,946.689,934.285,-0.783464,-0.740886
863|3,16.6,620,16.6,7,3,0.1648602901107012,82533.8352784979,671,39406,690.666,688.207,687.757,-0.345865,-0.343739
863|3,83,590,83,8,3,0.1648602901107012,82533.8352784979,671,8401.77,673.091,672.931,672.921,-0.427089,-0.427045
863|4,0.0010624,89205,0.0010624,1,4,0.1648602901107012,82533.8352784979,671,77655.9,77639.6,77642.9,77641.1,0.747527,0.747661
863|4,0.005312,81925,0.005312,2,4,0.1648602901107012,82533.8352784979,671,80784.7,80504.9,80557,80530.4,0.0852577,0.0869428
863|4,0.02656,72696,0.02656,3,4,0.1648602901107012,82533.8352784979,671,81903,77458.7,78184.1,77843.5,-0.352374,-0.331947
863|4,0.1328,39789,0.1328,4,4,0.1648602901107012,82533.8352784979,671,82143.1,42385.9,45810.5,44323.7,-0.658033,-0.512067
863|4,0.664,7098,0.664,5,4,0.1648602901107012,82533.8352784979,671,81088.3,5545.04,6281.73,5999.93,0.624478,0.877611
863|4,3.32,652,3.32,6,4,0.1648602901107012,82533.8352784979,671,72856.5,984.162,1028.1,1015.21,-1.42111,-1.38579
863|4,16.6,586,16.6,7,4,0.1648602901107012,82533.8352784979,671,39611.9,690.766,693.031,692.639,-0.540112,-0.538343
863|4,83,700,83,8,4,0.1648602901107012,82533.8352784979,671,8444.54,673.097,673.207,673.207,0.137941,0.137946
488|6,0.0006144,96232,0.0006144,1,6,0.0658460478189398,93832.9367488321,687,91708.4,91454.1,91425.9,91397.9,0.264041,0.265663
488|6,0.003072,95307,0.003072,2,6,0.0658460478189398,93832.9367488321,687,93130.1,92336.2,92245.8,92162.3,0.166688,0.17139
488|6,0.01536,103629,0.01536,3,6,0.0658460478189398,93832.9367488321,687,93636.8,91223,90943.6,90704.6,0.700607,0.71568
488|6,0.0768,97373,0.0768,4,6,0.0658460478189398,93832.9367488321,687,93733.4,86711.1,85912.8,85285.8,0.669869,0.711693
488|6,0.384,87530,0.384,5,6,0.0658460478189398,93832.9367488321,687,93145.6,74912.3,73048.6,71727,0.994912,1.10562
488|6,1.92,63970,1.92,6,6,0.0658460478189398,93832.9367488321,687,88317.5,52753.3,49916.5,48141.5,1.41022,1.64652
488|6,9.6,23620,9.6,7,6,0.0658460478189398,93832.9367488321,687,61823.5,27698.4,25340.9,24045.9,-0.338167,-0.0881329
488|6,48,5018,48,8,6,0.0658460478189398,93832.9367488321,687,17821,11431.9,10257,9679.87,-2.4996,-2.35281
488|5,0.0006144,97119,0.0006144,1,5,0.0658460478189398,93832.9367488321,687,91685.8,91431.6,91392.2,91371.8,0.314741,0.315932
488|5,0.003072,96198,0.003072,2,5,0.0658460478189398,93832.9367488321,687,93107.5,92313.8,92188.6,92128.9,0.218454,0.221852
488|5,0.01536,101181,0.01536,3,5,0.0658460478189398,93832.9367488321,687,93614.2,91201,90817.5,90649.8,0.573156,0.583508
488|5,0.0768,100658,0.0768,4,5,0.0658460478189398,93832.9367488321,687,93710.8,86690.3,85606,85175.9,0.882957,0.912759
488|5,0.384,92386,0.384,5,5,0.0658460478189398,93832.9367488321,687,93123.1,74894.3,72396,71515.7,1.38569,1.46445
488|5,1.92,64050,1.92,6,5,0.0658460478189398,93832.9367488321,687,88296.2,52740.7,49001.9,47863.1,1.53804,1.69354
488|5,9.6,21984,9.6,7,5,0.0658460478189398,93832.9367488321,687,61808.6,27691.8,24637.4,23840.2,-0.536104,-0.387411
488|5,48,4784,48,8,5,0.0658460478189398,93832.9367488321,687,17816.7,11429.2,9926.24,9584.96,-2.53276,-2.44626
488|4,0.000064,90076,0.000064,1,4,0.0658460478189398,93832.9367488321,687,91616.3,91564.7,91578.4,91571,-0.0824011,-0.0820051
488|4,0.00032,95871,0.00032,2,4,0.0658460478189398,93832.9367488321,687,93038.9,92875,92917.3,92894.7,0.159679,0.160935
488|4,0.0016,100086,0.0016,3,4,0.0658460478189398,93832.9367488321,687,93553.5,93046.4,93175.3,93107.3,0.372558,0.3765
488|4,0.008,105205,0.008,4,4,0.0658460478189398,93832.9367488321,687,93716.9,92169.7,92556.3,92354,0.686448,0.698946
488|4,0.04,98822,0.04,5,4,0.0658460478189398,93832.9367488321,687,93687.3,89097.1,90207.7,89630.1,0.479626,0.515075
488|4,0.2,88433,0.2,6,4,0.0658460478189398,93832.9367488321,687,93272.1,80654.5,83494.3,82016.5,0.297004,0.392804
488|4,1,78354,1,7,4,0.0658460478189398,93832.9367488321,687,90730.3,62356.3,67800.5,64929.7,0.78092,1.03707
488|4,5,36320,5,8,4,0.0658460478189398,93832.9367488321,687,75469.5,36562.8,42704.4,39388,-0.748081,-0.389517
488|3,0.000064,94358,0.000064,1,3,0.0658460478189398,93832.9367488321,687,91423.7,91372.4,91385.5,91374.2,0.163377,0.164017
488|3,0.00032,92993,0.00032,2,3,0.0658460478189398,93832.9367488321,687,92846.3,92682.9,92723.5,92688.7,0.0145985,0.0164887
488|3,0.0016,99499,0.0016,3,3,0.0658460478189398,93832.9367488321,687,93361,92855,92978.9,92873.1,0.352242,0.358365
488|3,0.008,102432,0.008,4,3,0.0658460478189398,93832.9367488321,687,93524.4,91980.5,92351.7,92035.3,0.548266,0.567415
488|3,0.04,102826,0.04,5,3,0.0658460478189398,93832.9367488321,687,93494.8,88914.2,89979.9,89072.2,0.717051,0.775515
488|3,0.2,85912,0.2,6,3,0.0658460478189398,93832.9367488321,687,93080.2,80488.7,83209.7,80889.4,0.163066,0.311744
488|3,1,75884,1,7,3,0.0658460478189398,93832.9367488321,687,90542.6,62227.8,67430,62971.9,0.628985,1.02836
488|3,5,33601,5,8,3,0.0658460478189398,93832.9367488321,687,75311.2,36486.9,42332.2,37283.7,-1.032,-0.493745
488|10,0.0003648,81577,0.0003648,1,10,0.0658460478189398,93832.9367488321,687,91423.7,90366.8,90485.5,90426.3,-0.49449,-0.491524
488|10,0.001824,77221,0.001824,2,10,0.0658460478189398,93832.9367488321,687,92845.8,89611.1,89956.3,89789,-0.711055,-0.703015
488|10,0.00912,73813,0.00912,3,10,0.0658460478189398,93832.9367488321,687,93356.7,84010.1,84918.9,84491,-0.65673,-0.634614
488|10,0.0456,47917,0.0456,4,10,0.0658460478189398,93832.9367488321,687,93488.5,69654.3,71543.5,70677.9,-1.6572,-1.61596
488|10,0.228,23762,0.228,5,10,0.0658460478189398,93832.9367488321,687,93193.4,45587.9,48043.8,46946.5,-2.53097,-2.47271
488|10,1.14,14795,1.14,6,10,0.0658460478189398,93832.9367488321,687,90618.9,22273.9,24012.4,23258.6,-1.9102,-1.81009
488|10,5.7,9720,5.7,7,10,0.0658460478189398,93832.9367488321,687,74014.7,8947.76,9719.77,9398.78,0.00011749,0.166812
488|10,28.5,5400,28.5,8,10,0.0658460478189398,93832.9367488321,687,29376.8,3494.61,3764.75,3658.32,2.02462,2.21429
488|9,0.0003648,88000,0.0003648,1,9,0.0658460478189398,93832.9367488321,687,91616.2,90557,90712.6,90656.6,-0.150196,-0.147184
488|9,0.001824,81172,0.001824,2,9,0.0658460478189398,93832.9367488321,687,93038.4,89796.8,90253.4,90094.9,-0.505379,-0.497428
488|9,0.00912,76271,0.00912,3,9,0.0658460478189398,93832.9367488321,687,93549.3,84183.1,85397.7,84990.9,-0.536679,-0.515201
488|9,0.0456,48779,0.0456,4,9,0.0658460478189398,93832.9367488321,687,93680.9,69797.2,72358.7,71527,-1.63536,-1.59595
488|9,0.228,28900,0.228,5,9,0.0658460478189398,93832.9367488321,687,93385.2,45681,49075.5,48000.9,-2.05902,-1.99272
488|9,1.14,16823,1.14,6,9,0.0658460478189398,93832.9367488321,687,90805.7,22318.8,24770.5,24018.1,-1.59723,-1.49075
488|9,5.7,9274,5.7,7,9,0.0658460478189398,93832.9367488321,687,74167.9,8965.01,10071.9,9748.23,-0.387496,-0.237713
488|9,28.5,5678,28.5,8,9,0.0658460478189398,93832.9367488321,687,29437.7,3500.56,3893.21,3785.6,2.14216,2.33106
488|8,0.0000768,96152,0.0000768,1,8,0.0658460478189398,93832.9367488321,687,91686,91327.5,91287.4,91272.4,0.26766,0.268529
488|8,0.000384,86213,0.000384,2,8,0.0658460478189398,93832.9367488321,687,93108.6,91992.4,91864.4,91822.7,-0.309004,-0.306865
488|8,0.00192,94198,0.00192,3,8,0.0658460478189398,93832.9367488321,687,93623.1,90245.8,89856.1,89747,0.242692,0.249091
488|8,0.0096,85402,0.0096,4,8,0.0658460478189398,93832.9367488321,687,93785.5,84088.1,83021.4,82770,0.143976,0.159668
488|8,0.048,55227,0.048,5,8,0.0658460478189398,93832.9367488321,687,93747.8,69205,66958,66525.8,-0.878928,-0.852022
488|8,0.24,28203,0.24,6,8,0.0658460478189398,93832.9367488321,687,93264.9,44801.4,41930.8,41497.7,-1.63799,-1.60275
488|8,1.2,15833,1.2,7,8,0.0658460478189398,93832.9367488321,687,90187.5,21628,19627,19398,-0.959246,-0.911824
488|8,6,10222,6,8,8,0.0658460478189398,93832.9367488321,687,72066.5,8581.17,7682.24,7607.37,1.60235,1.6652
488|7,0.0000768,88102,0.0000768,1,7,0.0658460478189398,93832.9367488321,687,91708.6,91350,91333.6,91304.7,-0.177721,-0.176185
488|7,0.000384,97131,0.000384,2,7,0.0658460478189398,93832.9367488321,687,93131.2,92014.7,91960.1,91875.2,0.282439,0.287338
488|7,0.00192,94452,0.00192,3,7,0.0658460478189398,93832.9367488321,687,93645.7,90267.6,90094.2,89857.2,0.242938,0.256824
488|7,0.0096,82610,0.0096,4,7,0.0658460478189398,93832.9367488321,687,93808.1,84108.4,83614.2,83021.9,-0.0603076,-0.0249121
488|7,0.048,53340,0.048,5,7,0.0658460478189398,93832.9367488321,687,93770.4,69221.7,68135,67004.2,-1.08943,-1.02307
488|7,0.24,30010,0.24,6,7,0.0658460478189398,93832.9367488321,687,93287.4,44812.2,43358.2,42060.1,-1.54063,-1.43342
488|7,1.2,17535,1.2,7,7,0.0658460478189398,93832.9367488321,687,90209.3,21633.1,20575.9,19764.8,-0.733908,-0.559905
488|7,6,10208,6,8,7,0.0658460478189398,93832.9367488321,687,72084.2,8583.13,8092.16,7764.77,1.26974,1.52569
488|11,0.0003712,81357,0.0003712,1,11,0.0658460478189398,93832.9367488321,687,90899.2,87549.9,87999.6,87888.4,-0.379096,-0.37322
488|11,0.001856,80376,0.001856,2,11,0.0658460478189398,93832.9367488321,687,92321.3,82579.6,83777,83499.8,-0.203844,-0.187848
488|11,0.00928,77900,0.00928,3,11,0.0658460478189398,93832.9367488321,687,92832.2,68100,70584.3,70045.8,0.520075,0.562632
488|11,0.0464,59219,0.0464,4,11,0.0658460478189398,93832.9367488321,687,92963.3,43991.7,47182.3,46535.5,1.27739,1.36461
488|11,0.2319999999999999,31458,0.2319999999999999,5,11,0.0658460478189398,93832.9367488321,687,92663,21243.9,23477.6,23061.4,1.69102,1.8109
488|11,1.16,7890,1.16,6,11,0.0658460478189398,93832.9367488321,687,90048.3,8518.85,9511.25,9346.86,-0.832288,-0.760635
488|11,5.8,2100,5.8,7,11,0.0658460478189398,93832.9367488321,687,73252,3366.52,3718.82,3668.95,-2.02716,-1.98936
488|11,29,842,29,8,11,0.0658460478189398,93832.9367488321,687,28763.8,1560.17,1673.97,1660.86,-2.11799,-2.09851
488|12,0.0003712,85678,0.0003712,1,12,0.0658460478189398,93832.9367488321,687,89473,86177.4,86250,86118.8,-0.0333059,-0.0257042
488|12,0.001856,78320,0.001856,2,12,0.0658460478189398,93832.9367488321,687,90895.2,81305.6,81471.6,81147.8,-0.194222,-0.174957
488|12,0.00928,75748,0.00928,3,12,0.0658460478189398,93832.9367488321,687,91406.1,67057.2,67339.2,66730,0.626462,0.677958
488|12,0.0464,56968,0.0464,4,12,0.0658460478189398,93832.9367488321,687,91537.7,43323,43600.8,42909.3,1.5343,1.63949
488|12,0.2319999999999999,26171,0.2319999999999999,5,12,0.0658460478189398,93832.9367488321,687,91242.2,20926.5,21062.8,20640.2,1.20474,1.33071
488|12,1.16,6422,1.16,6,12,0.0658460478189398,93832.9367488321,687,88665.3,8397.71,8433.22,8269.69,-1.15985,-1.08586
488|12,5.8,1454,5.8,7,12,0.0658460478189398,93832.9367488321,687,72122.6,3324.85,3328.44,3278.45,-2.59941,-2.56537
488|12,29,1264,29,8,12,0.0658460478189398,93832.9367488321,687,28319.9,1546.39,1544.5,1530.98,-0.764063,-0.732591
152|8,0.0016767999999999,93531,0.0016767999999999,1,8,0.1013304134917388,96589.0163845292,695.25,93187.1,93075.3,93065.9,93060.2,0.0251019,0.025414
152|8,0.0083839999999999,89173,0.0083839999999999,2,8,0.1013304134917388,96589.0163845292,695.25,95437.2,94484.1,94404.2,94356,-0.278357,-0.275933
152|8,0.04192,74809,0.04192,3,8,0.1013304134917388,96589.0163845292,695.25,96220.8,88693.6,88106.1,87760.4,-0.757959,-0.741147
152|8,0.2096,45160,0.2096,4,8,0.1013304134917388,96589.0163845292,695.25,96212.5,56283.9,54360.2,53293.1,-0.848161,-0.764718
152|8,1.048,15135,1.048,5,8,0.1013304134917388,96589.0163845292,695.25,93977.1,14200.6,13273.2,12793.4,0.69099,0.9009
152|8,5.24,2264,5.24,6,8,0.1013304134917388,96589.0163845292,695.25,78404.4,2522.2,2379.68,2308.1,-0.217091,-0.0850276
152|8,26.2,818,26.2,7,8,0.1013304134917388,96589.0163845292,695.25,32980.1,914.907,897.484,888.882,-0.332939,-0.299046
152|8,131,656,131,8,8,0.1013304134917388,96589.0163845292,695.25,6044.66,721.65,719.613,718.622,-0.312685,-0.308113
152|7,0.0016767999999999,91095,0.0016767999999999,1,7,0.1013304134917388,96589.0163845292,695.25,93222.8,93111.1,93119.2,93113.1,-0.109194,-0.10887
152|7,0.0083839999999999,90851,0.0083839999999999,2,7,0.1013304134917388,96589.0163845292,695.25,95473,94519.5,94588.6,94537,-0.198495,-0.195862
152|7,0.04192,78819,0.04192,3,7,0.1013304134917388,96589.0163845292,695.25,96256.6,88726.5,89233.7,88855,-0.586178,-0.567264
152|7,0.2096,44579,0.2096,4,7,0.1013304134917388,96589.0163845292,695.25,96248.2,56304.7,58037.5,56738,-1.16253,-1.07421
152|7,1.048,16869,1.048,5,7,0.1013304134917388,96589.0163845292,695.25,94012,14205.7,15090.6,14422.8,0.582101,0.836999
152|7,5.24,2542,5.24,6,7,0.1013304134917388,96589.0163845292,695.25,78433.5,2522.88,2659.95,2556.48,-0.200443,-0.0254976
152|7,26.2,990,26.2,7,7,0.1013304134917388,96589.0163845292,695.25,32992.3,914.989,931.605,919.083,0.237859,0.291814
152|7,131,662,131,8,7,0.1013304134917388,96589.0163845292,695.25,6046.73,721.66,723.583,722.137,-0.301539,-0.294873
152|6,0.0004351999999999,97021,0.0004351999999999,1,6,0.1013304134917388,96589.0163845292,695.25,93223.3,93204.3,93206.3,93205.2,0.205585,0.205646
152|6,0.0021759999999999,93823,0.0021759999999999,2,6,0.1013304134917388,96589.0163845292,695.25,95476.6,95315.3,95332.6,95323.4,-0.0795498,-0.0790702
152|6,0.0108799999999999,90270,0.0108799999999999,3,6,0.1013304134917388,96589.0163845292,695.25,96287.2,94935.1,95078.6,95002.4,-0.25406,-0.250234
152|6,0.0543999999999999,68233,0.0543999999999999,4,6,0.1013304134917388,96589.0163845292,695.25,96505.7,86182.2,87180.1,86649.3,-1.09145,-1.06735
152|6,0.2719999999999999,39599,0.2719999999999999,5,6,0.1013304134917388,96589.0163845292,695.25,96121.2,48103,50792.9,49337.5,-1.104,-0.988621
152|6,1.36,10738,1.36,6,6,0.1013304134917388,96589.0163845292,695.25,92747.4,10646.5,11688.9,11115.2,-0.399528,-0.166461
152|6,6.8,2696,6.8,7,6,0.1013304134917388,96589.0163845292,695.25,72261.4,1986.04,2135.77,2053.24,1.15644,1.37321
152|6,34,918,34,8,6,0.1013304134917388,96589.0163845292,695.25,25489.8,847.582,865.315,855.568,0.226747,0.270953
152|5,0.0004351999999999,94324,0.0004351999999999,1,5,0.1013304134917388,96589.0163845292,695.25,93187.5,93168.5,93167.4,93166,0.0623571,0.0624364
152|5,0.0021759999999999,94458,0.0021759999999999,2,5,0.1013304134917388,96589.0163845292,695.25,95440.8,95279.6,95270.3,95257.9,-0.0428318,-0.0421828
152|5,0.0108799999999999,93359,0.0108799999999999,3,5,0.1013304134917388,96589.0163845292,695.25,96251.4,94899.8,94822.6,94720.7,-0.0775397,-0.0722161
152|5,0.0543999999999999,70654,0.0543999999999999,4,5,0.1013304134917388,96589.0163845292,695.25,96469.9,86150.2,85615.7,84927.9,-0.877563,-0.843976
152|5,0.2719999999999999,40370,0.2719999999999999,5,5,0.1013304134917388,96589.0163845292,695.25,96085.6,48085.3,46721.7,45077.6,-0.680672,-0.522754
152|5,1.36,8986,1.36,6,5,0.1013304134917388,96589.0163845292,695.25,92712.9,10642.8,10142.9,9576.17,-0.557998,-0.30098
152|5,6.8,2416,6.8,7,5,0.1013304134917388,96589.0163845292,695.25,72234.3,1985.55,1914.04,1834.96,1.13966,1.36795
152|5,34,924,34,8,5,0.1013304134917388,96589.0163845292,695.25,25480.2,847.523,838.975,829.665,0.374352,0.418751
152|12,0.0014272,79697,0.0014272,1,12,0.1013304134917388,96589.0163845292,695.25,89681.3,89349.1,89291.9,89273.5,-0.539686,-0.538761
152|12,0.007136,67002,0.007136,2,12,0.1013304134917388,96589.0163845292,695.25,91932.2,89145.5,88678.8,88531.2,-1.22766,-1.22133
152|12,0.03568,48627,0.03568,3,12,0.1013304134917388,96589.0163845292,695.25,92723,73432,70869.6,70100.4,-1.57491,-1.53705
152|12,0.1784,20494,0.1784,4,12,0.1013304134917388,96589.0163845292,695.25,92775.1,29218.3,26149,25325.3,-1.07728,-0.949943
152|12,0.892,5710,0.892,5,12,0.1013304134917388,96589.0163845292,695.25,91025.3,5350.26,4687.05,4519.79,1.03256,1.24304
152|12,4.46,1250,4.46,6,12,0.1013304134917388,96589.0163845292,695.25,78340.8,1272.94,1187.29,1166.13,0.211682,0.287173
152|12,22.3,570,22.3,7,12,0.1013304134917388,96589.0163845292,695.25,36295,764.501,754.292,751.804,-0.876242,-0.866446
152|12,111.5,678,111.5,8,12,0.1013304134917388,96589.0163845292,695.25,6979.43,704.161,702.975,702.689,-0.124787,-0.123395
152|11,0.0014272,86935,0.0014272,1,11,0.1013304134917388,96589.0163845292,695.25,91940.7,91600.3,91607,91586.7,-0.256167,-0.255112
152|11,0.007136,80844,0.007136,2,11,0.1013304134917388,96589.0163845292,695.25,94191.6,91336.1,91389.7,91225.4,-0.579597,-0.57159
152|11,0.03568,56954,0.03568,3,11,0.1013304134917388,96589.0163845292,695.25,94981.8,75217.4,75514.5,74597.2,-1.23368,-1.18707
152|11,0.1784,26467,0.1784,4,11,0.1013304134917388,96589.0163845292,695.25,95028.6,29916.4,30294.7,29130.7,-0.630387,-0.456033
152|11,0.892,6328,0.892,5,11,0.1013304134917388,96589.0163845292,695.25,93236,5464.17,5547.41,5289.75,0.672107,0.935118
152|11,4.46,1324,4.46,6,11,0.1013304134917388,96589.0163845292,695.25,80246.6,1287.09,1297.64,1264.51,0.08287,0.190935
152|11,22.3,672,22.3,7,11,0.1013304134917388,96589.0163845292,695.25,37176.5,766.191,767.416,763.504,-0.448118,-0.43132
152|11,111.5,632,111.5,8,11,0.1013304134917388,96589.0163845292,695.25,7138.96,704.362,704.501,704.05,-0.361705,-0.359619
152|10,0.0004479999999999,91021,0.0004479999999999,1,10,0.1013304134917388,96589.0163845292,695.25,92772,92697.5,92693.5,92690,-0.0906328,-0.0904472
152|10,0.00224,88793,0.00224,2,10,0.1013304134917388,96589.0163845292,695.25,95025.3,94388.6,94354.6,94325.2,-0.296094,-0.29462
152|10,0.0111999999999999,78376,0.0111999999999999,3,10,0.1013304134917388,96589.0163845292,695.25,95835.7,90686.9,90423.6,90200.9,-0.66919,-0.65844
152|10,0.0559999999999999,50978,0.0559999999999999,4,10,0.1013304134917388,96589.0163845292,695.25,96052.7,65057.7,63933.5,63025.1,-1.01637,-0.958662
152|10,0.2799999999999999,18817,0.2799999999999999,5,10,0.1013304134917388,96589.0163845292,695.25,95655.1,19542.6,18744.8,18139.8,0.0191045,0.18501
152|10,1.4,3464,1.4,6,10,0.1013304134917388,96589.0163845292,695.25,92180.1,3398.35,3260,3158.61,0.288325,0.44427
152|10,7,1220,7,7,10,0.1013304134917388,96589.0163845292,695.25,71244.6,1022.53,1005.29,992.906,0.825428,0.881341
152|10,35,690,35,8,10,0.1013304134917388,96589.0163845292,695.25,24681.9,734.186,732.16,730.732,-0.20473,-0.19807
152|9,0.0004479999999999,92933,0.0004479999999999,1,9,0.1013304134917388,96589.0163845292,695.25,93077,93002.3,93016.3,93014.9,-0.0044998,-0.00442339
152|9,0.00224,84649,0.00224,2,9,0.1013304134917388,96589.0163845292,695.25,95330.3,94691.6,94811.3,94799.4,-0.538432,-0.53787
152|9,0.0111999999999999,78182,0.0111999999999999,3,9,0.1013304134917388,96589.0163845292,695.25,96140.7,90975.4,91903.8,91812.6,-0.749952,-0.745704
152|9,0.0559999999999999,55239,0.0559999999999999,4,9,0.1013304134917388,96589.0163845292,695.25,96357.5,65263.5,69459.5,69034.6,-1.02725,-1.00266
152|9,0.2799999999999999,20004,0.2799999999999999,5,9,0.1013304134917388,96589.0163845292,695.25,95958.7,19602.8,22944.3,22580.9,-0.637338,-0.567428
152|9,1.4,4986,1.4,6,9,0.1013304134917388,96589.0163845292,695.25,92473.4,3407.01,4008.14,3941.74,1.1424,1.23904
152|9,7,1028,7,7,9,0.1013304134917388,96589.0163845292,695.25,71472.7,1023.59,1098.29,1090.15,-0.252315,-0.224398
152|9,35,722,35,8,9,0.1013304134917388,96589.0163845292,695.25,24761.4,734.312,743.01,742.08,-0.100971,-0.0965857
152|3,0.0010624,87858,0.0010624,1,3,0.1013304134917388,96589.0163845292,695.25,92771.8,92696,92681.7,92680.2,-0.26143,-0.261352
152|3,0.005312,88455,0.005312,2,3,0.1013304134917388,96589.0163845292,695.25,95023.7,94376.6,94254.2,94241.6,-0.309072,-0.308441
152|3,0.02656,77137,0.02656,3,3,0.1013304134917388,96589.0163845292,695.25,95822.1,90594.6,89659.7,89567.1,-0.701486,-0.697019
152|3,0.1328,46188,0.1328,4,3,0.1013304134917388,96589.0163845292,695.25,95937.8,64663.1,60873.9,60529.6,-1.20974,-1.18806
152|3,0.664,17047,0.664,5,3,0.1013304134917388,96589.0163845292,695.25,94704.8,19260.2,16778.6,16578.6,0.0791641,0.139795
152|3,3.32,3062,3.32,6,3,0.1013304134917388,96589.0163845292,695.25,85228.1,3349.49,2931.99,2900.34,0.202372,0.254121
152|3,16.6,1382,16.6,7,3,0.1013304134917388,96589.0163845292,695.25,46545.5,1016.48,964.911,961.143,1.65437,1.67428
152|3,83,840,83,8,3,0.1013304134917388,96589.0163845292,695.25,9992.49,733.481,727.457,727.031,0.549002,0.551305
152|4,0.0010624,92432,0.0010624,1,4,0.1013304134917388,96589.0163845292,695.25,93076.8,93000.9,92999.5,92997.4,-0.0306534,-0.030541
152|4,0.005312,90579,0.005312,2,4,0.1013304134917388,96589.0163845292,695.25,95328.7,94679.5,94667.9,94650.3,-0.21697,-0.216079
152|4,0.02656,76034,0.02656,3,4,0.1013304134917388,96589.0163845292,695.25,96127,90882.8,90791,90658.7,-0.816382,-0.81024
152|4,0.1328,50378,0.1328,4,4,0.1013304134917388,96589.0163845292,695.25,96242.4,64867.6,64470,63926.4,-1.09637,-1.063
152|4,0.664,19217,0.664,5,4,0.1013304134917388,96589.0163845292,695.25,95005.4,19319.6,19033.6,18665.9,0.0477909,0.146408
152|4,3.32,3728,3.32,6,4,0.1013304134917388,96589.0163845292,695.25,85499.2,3357.99,3307.72,3246.04,0.586168,0.683871
152|4,16.6,1054,16.6,7,4,0.1013304134917388,96589.0163845292,695.25,46693.8,1017.52,1011.16,1003.68,0.16394,0.193686
152|4,83,902,83,8,4,0.1013304134917388,96589.0163845292,695.25,10023.3,733.604,732.847,731.991,0.820867,0.825706
847|6,0.0006144,127160,0.0006144,1,6,0.4375455934447559,153378.631132816,737.5,130245,130241,130243,130242,-0.118996,-0.118993
847|6,0.003072,130753,0.003072,2,6,0.4375455934447559,153378.631132816,737.5,145736,145717,145730,145729,-0.516838,-0.51682
847|6,0.01536,115206,0.01536,3,6,0.4375455934447559,153378.631132816,737.5,151331,151170,151284,151279,-1.19941,-1.19928
847|6,0.0768,93986,0.0768,4,6,0.4375455934447559,153378.631132816,737.5,153033,151676,152634,152591,-1.93254,-1.93167
847|6,0.384,45894,0.384,5,6,0.4375455934447559,153378.631132816,737.5,152071,141479,148810,148470,-3.47823,-3.47465
847|6,1.92,27093,1.92,6,6,0.4375455934447559,153378.631132816,737.5,142713,89376.3,121448,119557,-3.90554,-3.88764
847|6,9.6,17839,9.6,7,6,0.4375455934447559,153378.631132816,737.5,96630.6,21791.2,47714.9,45312,-3.13539,-3.03508
847|6,48,9360,48,8,6,0.4375455934447559,153378.631132816,737.5,25115.7,3299.02,7708.99,7222.62,1.03816,1.43082
847|3,0.000064,141928,0.000064,1,3,0.4375455934447559,153378.631132816,737.5,127143,127141,127141,127141,0.58472,0.58472
847|3,0.00032,138654,0.00032,2,3,0.4375455934447559,153378.631132816,737.5,142636,142634,142632,142632,-0.14026,-0.140255
847|3,0.0016,135457,0.0016,3,3,0.4375455934447559,153378.631132816,737.5,148244,148235,148220,148219,-0.433076,-0.43304
847|3,0.008,145249,0.008,4,3,0.4375455934447559,153378.631132816,737.5,150056,149988,149860,149851,-0.154761,-0.154444
847|3,0.04,131047,0.04,5,3,0.4375455934447559,153378.631132816,737.5,150008,149444,148383,148303,-0.587585,-0.5852
847|3,0.2,70406,0.2,6,3,0.4375455934447559,153378.631132816,737.5,147797,143255,135351,134794,-2.41269,-2.40186
847|3,1,35020,1,7,3,0.4375455934447559,153378.631132816,737.5,139088,110330,79268.4,77650.8,-2.80236,-2.75593
847|3,5,19157,5,8,3,0.4375455934447559,153378.631132816,737.5,104697,37036.7,16948.4,16315,0.645109,0.861749
847|4,0.000064,137164,0.000064,1,4,0.4375455934447559,153378.631132816,737.5,129240,129238,129238,129238,0.308349,0.30835
847|4,0.00032,143262,0.00032,2,4,0.4375455934447559,153378.631132816,737.5,144732,144731,144729,144729,-0.0509745,-0.0509676
847|4,0.0016,134282,0.0016,3,4,0.4375455934447559,153378.631132816,737.5,150340,150332,150317,150316,-0.53652,-0.536468
847|4,0.008,148754,0.008,4,4,0.4375455934447559,153378.631132816,737.5,152152,152084,151958,151943,-0.106042,-0.105566
847|4,0.04,120142,0.04,5,4,0.4375455934447559,153378.631132816,737.5,152104,151532,150485,150364,-1.0141,-1.01088
847|4,0.2,68131,0.2,6,4,0.4375455934447559,153378.631132816,737.5,149887,145281,137467,136621,-2.53625,-2.52079
847|4,1,33891,1,7,4,0.4375455934447559,153378.631132816,737.5,141133,111949,81035.5,78561.2,-2.92091,-2.85444
847|4,5,19357,5,8,4,0.4375455934447559,153378.631132816,737.5,106421,37638.8,17463.9,16485.8,0.536892,0.861743
847|10,0.0003648,119901,0.0003648,1,10,0.4375455934447559,153378.631132816,737.5,127143,126887,126834,126815,-0.27481,-0.274092
847|10,0.001824,119010,0.001824,2,10,0.4375455934447559,153378.631132816,737.5,142635,140268,139779,139606,-0.747175,-0.741863
847|10,0.00912,106506,0.00912,3,10,0.4375455934447559,153378.631132816,737.5,148237,129805,126485,125355,-0.794113,-0.755922
847|10,0.0456,64608,0.0456,4,10,0.4375455934447559,153378.631132816,737.5,149998,68518.8,61493.3,59370.7,0.254001,0.442281
847|10,0.228,13842,0.228,5,10,0.4375455934447559,153378.631132816,737.5,149523,14153.8,11981.5,11385.1,0.763089,1.05909
847|10,1.14,918,1.14,6,10,0.4375455934447559,153378.631132816,737.5,143879,2447.49,2150.49,2071.15,-2.52888,-2.44507
847|10,5.7,610,5.7,7,10,0.4375455934447559,153378.631132816,737.5,113640,935.743,901.103,891.958,-1.2157,-1.1865
847|10,28.5,526,28.5,8,10,0.4375455934447559,153378.631132816,737.5,40705.1,759.392,755.712,754.751,-1.09074,-1.08716
847|9,0.0003648,122535,0.0003648,1,9,0.4375455934447559,153378.631132816,737.5,129240,128980,128951,128940,-0.250149,-0.249759
847|9,0.001824,114457,0.001824,2,9,0.4375455934447559,153378.631132816,737.5,144731,142330,142064,141969,-0.977224,-0.974514
847|9,0.00912,103659,0.00912,3,9,0.4375455934447559,153378.631132816,737.5,150334,131640,129812,129181,-1.01293,-0.993302
847|9,0.0456,70963,0.0456,4,9,0.4375455934447559,153378.631132816,737.5,152094,69470.6,65449.8,64165,0.422543,0.53139
847|9,0.228,15485,0.228,5,9,0.4375455934447559,153378.631132816,737.5,151612,14342.2,13060.7,12677.6,0.914069,1.08972
847|9,1.14,998,1.14,6,9,0.4375455934447559,153378.631132816,737.5,145914,2471.79,2295.23,2243.87,-2.51359,-2.4627
847|9,5.7,588,5.7,7,9,0.4375455934447559,153378.631132816,737.5,115309,938.657,918.002,912.102,-1.35912,-1.34129
847|9,28.5,600,28.5,8,9,0.4375455934447559,153378.631132816,737.5,41368,759.739,757.537,756.918,-0.746744,-0.744245
847|7,0.0000768,124621,0.0000768,1,7,0.4375455934447559,153378.631132816,737.5,130245,130210,130216,130215,-0.216027,-0.215982
847|7,0.000384,124263,0.000384,2,7,0.4375455934447559,153378.631132816,737.5,145737,145425,145479,145468,-0.733416,-0.733083
847|7,0.00192,127505,0.00192,3,7,0.4375455934447559,153378.631132816,737.5,151345,148660,149120,149025,-0.729001,-0.726257
847|7,0.0096,128418,0.0096,4,7,0.4375455934447559,153378.631132816,737.5,153155,132949,136061,135412,-0.282448,-0.259716
847|7,0.048,77472,0.048,5,7,0.4375455934447559,153378.631132816,737.5,153094,67370.2,74560.8,72978.8,0.195969,0.308987
847|7,0.24,19051,0.24,6,7,0.4375455934447559,153378.631132816,737.5,150765,13455.9,15844.3,15294.1,1.00066,1.2137
847|7,1.2,998,1.2,7,7,0.4375455934447559,153378.631132816,737.5,141154,2309.35,2632.16,2557.54,-2.8033,-2.74502
847|7,6,632,6,8,7,0.4375455934447559,153378.631132816,737.5,102323,906.715,941.598,933.59,-1.25096,-1.22648
847|8,0.0000768,130681,0.0000768,1,8,0.4375455934447559,153378.631132816,737.5,129999,129964,129969,129966,0.0275494,0.0276511
847|8,0.000384,131502,0.000384,2,8,0.4375455934447559,153378.631132816,737.5,145491,145179,145223,145199,-0.475153,-0.474387
847|8,0.00192,123225,0.00192,3,8,0.4375455934447559,153378.631132816,737.5,151099,148419,148788,148581,-0.864067,-0.85827
847|8,0.0096,120550,0.0096,4,8,0.4375455934447559,153378.631132816,737.5,152909,132735,135222,133823,-0.545593,-0.4987
847|8,0.048,74924,0.048,5,8,0.4375455934447559,153378.631132816,737.5,152848,67262.6,72912.5,69652.9,0.138452,0.379716
847|8,0.24,17541,0.24,6,8,0.4375455934447559,153378.631132816,737.5,150520,13435.1,15282,14194.3,0.730343,1.1632
847|8,1.2,1000,1.2,7,8,0.4375455934447559,153378.631132816,737.5,140916,2306.68,2555.28,2408.47,-2.73968,-2.61528
847|8,6,620,6,8,8,0.4375455934447559,153378.631132816,737.5,102130,906.395,933.224,917.405,-1.27417,-1.22547
847|12,0.0003712,124911,0.0003712,1,12,0.4375455934447559,153378.631132816,737.5,105901,105876,105878,105877,0.903318,0.903368
847|12,0.001856,113518,0.001856,2,12,0.4375455934447559,153378.631132816,737.5,121393,121179,121201,121192,-0.318653,-0.31832
847|12,0.00928,110811,0.00928,3,12,0.4375455934447559,153378.631132816,737.5,126996,125152,125339,125266,-0.582709,-0.580121
847|12,0.0464,95553,0.0464,4,12,0.4375455934447559,153378.631132816,737.5,128764,114573,115879,115369,-0.881656,-0.86333
847|12,0.2319999999999999,71057,0.2319999999999999,5,12,0.4375455934447559,153378.631132816,737.5,128347,63099.9,66529.9,65164.7,0.341361,0.453565
847|12,1.16,17709,1.16,6,12,0.4375455934447559,153378.631132816,737.5,123182,13525.5,14805,14285.9,0.968515,1.18225
847|12,5.8,964,5.8,7,12,0.4375455934447559,153378.631132816,737.5,96284.4,2331.7,2507.72,2436.34,-2.76529,-2.70608
847|12,29,514,29,8,12,0.4375455934447559,153378.631132816,737.5,33467.6,905.342,923.937,916.438,-1.68018,-1.65957
847|11,0.0003712,133212,0.0003712,1,11,0.4375455934447559,153378.631132816,737.5,121432,121404,121403,121402,0.488998,0.489024
847|11,0.001856,105958,0.001856,2,11,0.4375455934447559,153378.631132816,737.5,136923,136683,136669,136663,-1.12992,-1.12977
847|11,0.00928,119951,0.00928,3,11,0.4375455934447559,153378.631132816,737.5,142526,140456,140333,140289,-0.730366,-0.729026
847|11,0.0464,102632,0.0464,4,11,0.4375455934447559,153378.631132816,737.5,144287,128377,127523,127231,-0.981329,-0.972017
847|11,0.2319999999999999,66738,0.2319999999999999,5,11,0.4375455934447559,153378.631132816,737.5,143820,70662,68540.7,67856.8,-0.131962,-0.0827156
847|11,1.16,18073,1.16,6,11,0.4375455934447559,153378.631132816,737.5,138242,15098.4,14347,14118.8,1.28151,1.38151
847|11,5.8,1002,5.8,7,11,0.4375455934447559,153378.631132816,737.5,108583,2536.78,2433.27,2402.99,-2.63355,-2.60664
847|11,29,630,29,8,11,0.4375455934447559,153378.631132816,737.5,38301,929.983,918.761,915.581,-1.18853,-1.1785
847|5,0.0006144,138978,0.0006144,1,5,0.4375455934447559,153378.631132816,737.5,129999,129995,129997,129996,0.347371,0.347373
847|5,0.003072,131680,0.003072,2,5,0.4375455934447559,153378.631132816,737.5,145490,145471,145484,145483,-0.477163,-0.477148
847|5,0.01536,120056,0.01536,3,5,0.4375455934447559,153378.631132816,737.5,151085,150924,151038,151034,-1.03167,-1.03156
847|5,0.0768,103047,0.0768,4,5,0.4375455934447559,153378.631132816,737.5,152787,151432,152387,152352,-1.62848,-1.62769
847|5,0.384,56782,0.384,5,5,0.4375455934447559,153378.631132816,737.5,151827,141252,148564,148285,-3.10705,-3.10343
847|5,1.92,28614,1.92,6,5,0.4375455934447559,153378.631132816,737.5,142481,89231.6,121209,119658,-3.84022,-3.82471
847|5,9.6,20034,9.6,7,5,0.4375455934447559,153378.631132816,737.5,96467.9,21755.5,47578.9,45601.7,-2.89897,-2.80677
847|5,48,9472,48,8,5,0.4375455934447559,153378.631132816,737.5,25069.5,3294.15,7684.07,7283.4,1.12776,1.45337
1241|8,0.0016767999999999,121770,0.0016767999999999,1,8,0.5225820858006799,165207.750852955,744.25,135121,135112,135110,135109,-0.49646,-0.496423
1241|8,0.0083839999999999,123321,0.0083839999999999,2,8,0.5225820858006799,165207.750852955,744.25,155051,154842,154805,154784,-1.02294,-1.0224
1241|8,0.04192,107730,0.04192,3,8,0.5225820858006799,165207.750852955,744.25,162214,158073,157309,156980,-1.58525,-1.57802
1241|8,0.2096,71467,0.2096,4,8,0.5225820858006799,165207.750852955,744.25,164085,109280,102282,100246,-1.51379,-1.44239
1241|8,1.048,15643,1.048,5,8,0.5225820858006799,165207.750852955,744.25,160263,16017.4,13469.1,13023.7,0.795348,0.990318
1241|8,5.24,1224,5.24,6,8,0.5225820858006799,165207.750852955,744.25,132098,1610.48,1444.94,1427.91,-0.636044,-0.592791
1241|8,16.6,688,16.6,7,8,0.5225820858006799,165207.750852955,744.25,75749.4,845.663,825.579,824.397,-0.612916,-0.608286
1241|8,131,698,131,8,8,0.5225820858006799,165207.750852955,744.25,8515.7,747.239,746.813,746.818,-0.233738,-0.233758
1241|7,0.0016767999999999,108612,0.0016767999999999,1,7,0.5225820858006799,165207.750852955,744.25,135437,135428,135427,135426,-0.995609,-0.99558
1241|7,0.0083839999999999,132043,0.0083839999999999,2,7,0.5225820858006799,165207.750852955,744.25,155367,155158,155129,155111,-0.748502,-0.748016
1241|7,0.04192,103837,0.04192,3,7,0.5225820858006799,165207.750852955,744.25,162530,158381,157755,157487,-1.71912,-1.7135
1241|7,0.2096,67344,0.2096,4,7,0.5225820858006799,165207.750852955,744.25,164401,109489,103604,101998,-1.75862,-1.7071
1241|7,1.048,16545,1.048,5,7,0.5225820858006799,165207.750852955,744.25,160571,16046.9,13841.3,13510.5,0.963167,1.10688
1241|7,5.24,1080,5.24,6,7,0.5225820858006799,165207.750852955,744.25,132355,1612.17,1466.99,1457.04,-1.10021,-1.07799
1241|7,26.2,630,26.2,7,7,0.5225820858006799,165207.750852955,744.25,53434.1,788.873,781.038,781.034,-0.700457,-0.700442
1241|7,131,742,131,8,7,0.5225820858006799,165207.750852955,744.25,8534,747.243,746.863,746.885,-0.0232856,-0.0233916
1241|5,0.0004351999999999,121832,0.0004351999999999,1,5,0.5225820858006799,165207.750852955,744.25,135121,135121,135121,135121,-0.494514,-0.49451
1241|5,0.0021759999999999,140835,0.0021759999999999,2,5,0.5225820858006799,165207.750852955,744.25,155057,155040,155044,155042,-0.460939,-0.460886
1241|5,0.0108799999999999,137897,0.0108799999999999,3,5,0.5225820858006799,165207.750852955,744.25,162265,161912,161988,161956,-0.748084,-0.74724
1241|5,0.0543999999999999,135431,0.0543999999999999,4,5,0.5225820858006799,165207.750852955,744.25,164526,157849,159144,158639,-0.749469,-0.73584
1241|5,0.2719999999999999,82387,0.2719999999999999,5,5,0.5225820858006799,165207.750852955,744.25,163868,90691.3,98967.7,95890.3,-0.84172,-0.707427
1241|5,1.36,13976,1.36,6,5,0.5225820858006799,165207.750852955,744.25,156284,10426.5,12338.8,11670.6,0.652516,0.970117
1241|5,6.8,886,6.8,7,5,0.5225820858006799,165207.750852955,744.25,117260,1259.05,1359.42,1329.59,-1.4329,-1.36711
1241|5,34,672,34,8,5,0.5225820858006799,165207.750852955,744.25,36752.7,768.77,772.996,772.011,-0.471871,-0.467696
1241|6,0.0004351999999999,111866,0.0004351999999999,1,6,0.5225820858006799,165207.750852955,744.25,135438,135437,135437,135437,-0.87511,-0.875108
1241|6,0.0021759999999999,142701,0.0021759999999999,2,6,0.5225820858006799,165207.750852955,744.25,155373,155356,155359,155358,-0.409812,-0.409772
1241|6,0.0108799999999999,125759,0.0108799999999999,3,6,0.5225820858006799,165207.750852955,744.25,162582,162228,162287,162265,-1.1322,-1.13166
1241|6,0.0543999999999999,131940,0.0543999999999999,4,6,0.5225820858006799,165207.750852955,744.25,164842,158152,159142,158810,-0.859758,-0.851057
1241|6,0.2719999999999999,82195,0.2719999999999999,5,6,0.5225820858006799,165207.750852955,744.25,164183,90865,96915,95159.8,-0.76304,-0.684411
1241|6,1.36,13458,1.36,6,6,0.5225820858006799,165207.750852955,744.25,156589,10445.5,11766.1,11461.3,0.706314,0.855161
1241|6,6.8,1074,6.8,7,6,0.5225820858006799,165207.750852955,744.25,117499,1260.1,1326.96,1317.63,-0.780852,-0.756364
1241|6,34,706,34,8,6,0.5225820858006799,165207.750852955,744.25,36837.5,768.825,771.532,771.468,-0.306592,-0.306315
1241|11,0.0014272,134163,0.0014272,1,11,0.5225820858006799,165207.750852955,744.25,124096,124072,124060,124055,0.40939,0.4096
1241|11,0.007136,125008,0.007136,2,11,0.5225820858006799,165207.750852955,744.25,144028,143491,143224,143129,-0.639596,-0.6367
1241|11,0.03568,97499,0.03568,3,11,0.5225820858006799,165207.750852955,744.25,151204,141075,136349,134992,-1.43273,-1.39656
1241|11,0.1784,48649,0.1784,4,11,0.5225820858006799,165207.750852955,744.25,153191,64860.1,49632.4,46903.4,-0.099242,0.18635
1241|11,0.892,4542,0.892,5,11,0.5225820858006799,165207.750852955,744.25,150294,6321.2,4371.63,4133.47,0.18357,0.46379
1241|11,4.46,750,4.46,6,11,0.5225820858006799,165207.750852955,744.25,127690,1043.25,934.038,923.823,-0.748158,-0.712505
1241|11,22.3,594,22.3,7,11,0.5225820858006799,165207.750852955,744.25,56651.7,760.145,754.55,754.169,-0.763173,-0.761634
1241|11,111.5,630,111.5,8,11,0.5225820858006799,165207.750852955,744.25,9454.98,745.923,745.665,745.653,-0.554456,-0.554408
1241|12,0.0014272,111500,0.0014272,1,12,0.5225820858006799,165207.750852955,744.25,104111,104091,104085,104082,0.357991,0.358144
1241|12,0.007136,107277,0.007136,2,12,0.5225820858006799,165207.750852955,744.25,124044,123581,123437,123378,-0.658127,-0.656054
1241|12,0.03568,90454,0.03568,3,12,0.5225820858006799,165207.750852955,744.25,131225,122441,119790,118946,-1.23104,-1.20409
1241|12,0.1784,42485,0.1784,4,12,0.5225820858006799,165207.750852955,744.25,133258,56476.7,47113.6,45193.7,-0.491922,-0.300026
1241|12,0.892,4900,0.892,5,12,0.5225820858006799,165207.750852955,744.25,130740,5592.12,4326.93,4155.37,0.62342,0.841208
1241|12,4.46,576,4.46,6,12,0.5225820858006799,165207.750852955,744.25,110833,1003.68,931.86,925.167,-1.4492,-1.42968
1241|12,22.3,596,22.3,7,12,0.5225820858006799,165207.750852955,744.25,48854.1,758.068,754.374,754.169,-0.752951,-0.752121
1241|12,111.5,724,111.5,8,12,0.5225820858006799,165207.750852955,744.25,8043.85,745.814,745.646,745.643,-0.103766,-0.103749
1241|9,0.0004479999999999,120464,0.0004479999999999,1,9,0.5225820858006799,165207.750852955,744.25,134145,134141,134143,134143,-0.51273,-0.512722
1241|9,0.00224,125146,0.00224,2,9,0.5225820858006799,165207.750852955,744.25,154080,154011,154041,154037,-0.943459,-0.943348
1241|9,0.0111999999999999,122270,0.0111999999999999,3,9,0.5225820858006799,165207.750852955,744.25,161288,159918,160490,160418,-1.19788,-1.19616
1241|9,0.0559999999999999,109131,0.0559999999999999,4,9,0.5225820858006799,165207.750852955,744.25,163546,140493,149100,148117,-1.34819,-1.32375
1241|9,0.2799999999999999,54272,0.2799999999999999,5,9,0.5225820858006799,165207.750852955,744.25,162867,39894.7,56987.7,54863.4,-0.238874,-0.0540276
1241|9,1.4,5582,1.4,6,9,0.5225820858006799,165207.750852955,744.25,155120,3363.46,5004.74,4824.49,0.547827,0.744144
1241|9,7,630,7,7,9,0.5225820858006799,165207.750852955,744.25,115424,878.33,960.906,954.424,-1.31668,-1.29753
1241|9,35,696,35,8,9,0.5225820858006799,165207.750852955,744.25,35495.7,751.322,754.96,754.799,-0.280155,-0.279432
1241|10,0.0004479999999999,119437,0.0004479999999999,1,10,0.5225820858006799,165207.750852955,744.25,131447,131443,131444,131444,-0.459295,-0.459283
1241|10,0.00224,128019,0.00224,2,10,0.5225820858006799,165207.750852955,744.25,151382,151315,151335,151328,-0.774874,-0.774683
1241|10,0.0111999999999999,115226,0.0111999999999999,3,10,0.5225820858006799,165207.750852955,744.25,158590,157243,157627,157506,-1.35301,-1.35018
1241|10,0.0559999999999999,98666,0.0559999999999999,4,10,0.5225820858006799,165207.750852955,744.25,160849,138178,143756,142098,-1.57736,-1.53703
1241|10,0.2799999999999999,43315,0.2799999999999999,5,10,0.5225820858006799,165207.750852955,744.25,160182,39246.3,48923.9,45947.6,-0.574186,-0.286845
1241|10,1.4,4672,1.4,6,10,0.5225820858006799,165207.750852955,744.25,152525,3319.46,4177.67,3931.05,0.555665,0.881374
1241|10,7,726,7,7,10,0.5225820858006799,165207.750852955,744.25,113406,875.988,918.087,907.655,-0.791061,-0.75453
1241|10,35,620,35,8,10,0.5225820858006799,165207.750852955,744.25,34792.9,751.2,753.009,752.642,-0.633177,-0.631647
1241|3,0.0010624,130158,0.0010624,1,3,0.5225820858006799,165207.750852955,744.25,131446,131444,131445,131444,-0.0492109,-0.0491998
1241|3,0.005312,136763,0.005312,2,3,0.5225820858006799,165207.750852955,744.25,151379,151334,151340,151334,-0.484438,-0.484265
1241|3,0.02656,145073,0.02656,3,3,0.5225820858006799,165207.750852955,744.25,158568,157631,157735,157633,-0.403773,-0.400775
1241|3,0.1328,129359,0.1328,4,3,0.5225820858006799,165207.750852955,744.25,160657,144027,145495,144067,-0.557756,-0.513412
1241|3,0.664,56804,0.664,5,3,0.5225820858006799,165207.750852955,744.25,158586,49995.4,53017.9,50085.4,0.357822,0.671929
1241|3,3.32,4212,3.32,6,3,0.5225820858006799,165207.750852955,744.25,140991,4333.61,4600.04,4342.87,-0.398637,-0.141876
1241|3,26.2,688,26.2,7,3,0.5225820858006799,165207.750852955,744.25,52074.1,824.777,829.322,824.987,-0.627514,-0.610599
1241|3,83,726,83,8,3,0.5225820858006799,165207.750852955,744.25,13941.2,753.598,753.989,753.62,-0.133114,-0.131409
1241|4,0.0010624,125943,0.0010624,1,4,0.5225820858006799,165207.750852955,744.25,134144,134142,134142,134142,-0.307337,-0.307334
1241|4,0.005312,138587,0.005312,2,4,0.5225820858006799,165207.750852955,744.25,154077,154031,154028,154028,-0.504222,-0.504198
1241|4,0.02656,140654,0.02656,3,4,0.5225820858006799,165207.750852955,744.25,161265,160312,160237,160235,-0.614727,-0.614677
1241|4,0.1328,125268,0.1328,4,4,0.5225820858006799,165207.750852955,744.25,163350,146440,145043,145241,-0.68564,-0.691574
1241|4,0.664,58098,0.664,5,4,0.5225820858006799,165207.750852955,744.25,161245,50824.9,47371.1,48238.9,1.13387,1.02352
1241|4,3.32,3740,3.32,6,4,0.5225820858006799,165207.750852955,744.25,143389,4394.94,4005.09,4134.52,-0.309909,-0.447787
1241|4,16.6,582,16.6,7,4,0.5225820858006799,165207.750852955,744.25,75274.6,931.913,909.301,918.323,-1.35765,-1.38479
1241|4,83,692,83,8,4,0.5225820858006799,165207.750852955,744.25,14213.7,753.771,752.635,753.15,-0.288748,-0.291059
474|5,0.0006144,132239,0.0006144,1,5,0.2579285029287503,135448.70084699,740.5,123286,123270,123270,123270,0.365755,0.365771
474|5,0.003072,134624,0.003072,2,5,0.2579285029287503,135448.70084699,740.5,131344,131206,131207,131203,0.130954,0.131079
474|5,0.01536,128618,0.01536,3,5,0.2579285029287503,135448.70084699,740.5,134250,133074,133077,133051,-0.168477,-0.167513
474|5,0.0768,115873,0.0768,4,5,0.2579285029287503,135448.70084699,740.5,135094,125745,125766,125573,-0.395471,-0.388352
474|5,0.384,72562,0.384,5,5,0.2579285029287503,135448.70084699,740.5,134245,82856.7,82918.7,82235.2,-0.627148,-0.590607
474|5,1.92,20404,1.92,6,5,0.2579285029287503,135448.70084699,740.5,126609,21706,21732.7,21365.4,-0.303831,-0.22358
474|5,9.6,3584,9.6,7,5,0.2579285029287503,135448.70084699,740.5,87113.9,3567.61,3570.58,3514.46,0.0174542,0.0917425
474|5,48,1678,48,8,5,0.2579285029287503,135448.70084699,740.5,23808.3,1062.5,1062.71,1056.35,2.2661,2.3002
474|6,0.0006144,136505,0.0006144,1,6,0.2579285029287503,135448.70084699,740.5,123414,123398,123399,123398,0.533924,0.533956
474|6,0.003072,126395,0.003072,2,6,0.2579285029287503,135448.70084699,740.5,131472,131334,131341,131335,-0.189357,-0.189124
474|6,0.01536,119521,0.01536,3,6,0.2579285029287503,135448.70084699,740.5,134378,133201,133263,133210,-0.518494,-0.516692
474|6,0.0768,112647,0.0768,4,6,0.2579285029287503,135448.70084699,740.5,135222,125864,126328,125933,-0.544466,-0.530405
474|6,0.384,74357,0.384,5,6,0.2579285029287503,135448.70084699,740.5,134372,82934.9,84635.8,83186.3,-0.609845,-0.532941
474|6,1.92,20760,1.92,6,6,0.2579285029287503,135448.70084699,740.5,126730,21726.1,22681.6,21865.6,-0.421292,-0.251304
474|6,9.6,3528,9.6,7,6,0.2579285029287503,135448.70084699,740.5,87198.5,3570.37,3719.71,3592.22,-0.24002,-0.0830299
474|6,48,1762,48,8,6,0.2579285029287503,135448.70084699,740.5,23832.3,1062.84,1080,1065.37,2.48042,2.5607
474|3,0.000064,140286,0.000064,1,3,0.2579285029287503,135448.70084699,740.5,121800,121799,121799,121799,0.762993,0.762995
474|3,0.00032,140390,0.00032,2,3,0.2579285029287503,135448.70084699,740.5,129860,129853,129853,129853,0.40798,0.407998
474|3,0.0016,126011,0.0016,3,3,0.2579285029287503,135448.70084699,740.5,132777,132718,132719,132716,-0.254142,-0.254012
474|3,0.008,136248,0.008,4,3,0.2579285029287503,135448.70084699,740.5,133718,133221,133229,133199,0.113942,0.115114
474|3,0.04,123688,0.04,5,3,0.2579285029287503,135448.70084699,740.5,133675,129610,129670,129430,-0.231948,-0.223055
474|3,0.2,100688,0.2,6,3,0.2579285029287503,135448.70084699,740.5,132377,104805,105130,103819,-0.212324,-0.151562
474|3,1,44295,1,7,3,0.2579285029287503,135448.70084699,740.5,126632,40303.3,40699.3,39102.9,0.441923,0.663974
474|3,5,6292,5,8,3,0.2579285029287503,135448.70084699,740.5,100303,6775.31,6855.84,6527.3,-0.396782,-0.173543
474|4,0.000064,137562,0.000064,1,4,0.2579285029287503,135448.70084699,740.5,122891,122890,122890,122890,0.600189,0.60019
474|4,0.00032,134604,0.00032,2,4,0.2579285029287503,135448.70084699,740.5,130951,130944,130943,130943,0.140562,0.140575
474|4,0.0016,133116,0.0016,3,4,0.2579285029287503,135448.70084699,740.5,133868,133809,133806,133803,-0.0259101,-0.0258078
474|4,0.008,133348,0.008,4,4,0.2579285029287503,135448.70084699,740.5,134808,134308,134281,134258,-0.0349466,-0.0340985
474|4,0.04,121193,0.04,5,4,0.2579285029287503,135448.70084699,740.5,134766,130667,130455,130275,-0.356947,-0.350523
474|4,0.2,98200,0.2,6,4,0.2579285029287503,135448.70084699,740.5,133464,105664,104492,103537,-0.302558,-0.259013
474|4,1,38819,1,7,4,0.2579285029287503,135448.70084699,740.5,127696,40637.5,39202,38106,-0.0488581,0.093549
474|4,5,6826,5,8,4,0.2579285029287503,135448.70084699,740.5,101200,6829.68,6531.15,6312.61,0.217344,0.390934
474|9,0.0003648,135511,0.0003648,1,9,0.2579285029287503,135448.70084699,740.5,122891,121859,121692,121686,0.570832,0.57112
474|9,0.001824,117258,0.001824,2,9,0.2579285029287503,135448.70084699,740.5,130950,122231,120918,120873,-0.152148,-0.150341
474|9,0.00912,89772,0.00912,3,9,0.2579285029287503,135448.70084699,740.5,133862,83715.1,78897.5,78755.6,0.691932,0.702219
474|9,0.0456,24875,0.0456,4,9,0.2579285029287503,135448.70084699,740.5,134756,22755.8,20100.3,20034.7,1.17921,1.19924
474|9,0.228,1858,0.228,5,9,0.2579285029287503,135448.70084699,740.5,134330,3797.88,3374.33,3365.23,-2.07657,-2.06923
474|9,1.14,680,1.14,6,9,0.2579285029287503,135448.70084699,740.5,129929,1109.27,1057.27,1056.29,-1.39501,-1.39241
474|9,5.7,720,5.7,7,9,0.2579285029287503,135448.70084699,740.5,104344,784.32,778.237,778.139,-0.270779,-0.270349
474|9,28.5,790,28.5,8,9,0.2579285029287503,135448.70084699,740.5,39362.7,746.273,745.593,745.584,0.212885,0.21293
474|10,0.0003648,136491,0.0003648,1,10,0.2579285029287503,135448.70084699,740.5,121800,120777,120683,120656,0.658448,0.659738
474|10,0.001824,112487,0.001824,2,10,0.2579285029287503,135448.70084699,740.5,129859,121213,120467,120256,-0.332987,-0.324741
474|10,0.00912,87404,0.00912,3,10,0.2579285029287503,135448.70084699,740.5,132771,83035.3,80235,79487.6,0.448584,0.499986
474|10,0.0456,26053,0.0456,4,10,0.2579285029287503,135448.70084699,740.5,133666,22576.7,20986.5,20592.6,1.19919,1.31678
474|10,0.228,1910,0.228,5,10,0.2579285029287503,135448.70084699,740.5,133243,3773.02,3516.85,3455.82,-2.11849,-2.07109
474|10,1.14,702,1.14,6,10,0.2579285029287503,135448.70084699,740.5,128870,1106.25,1074.71,1067.39,-1.36075,-1.34113
474|10,5.7,688,5.7,7,10,0.2579285029287503,135448.70084699,740.5,103476,783.961,780.264,779.427,-0.428191,-0.424633
474|10,28.5,768,28.5,8,10,0.2579285029287503,135448.70084699,740.5,39017.8,746.23,745.817,745.725,0.106323,0.106771
474|8,0.0000768,139337,0.0000768,1,8,0.2579285029287503,135448.70084699,740.5,123286,123153,123170,123167,0.659833,0.660011
474|8,0.000384,129049,0.000384,2,8,0.2579285029287503,135448.70084699,740.5,131345,130165,130316,130282,-0.048891,-0.0475994
474|8,0.00192,112244,0.00192,3,8,0.2579285029287503,135448.70084699,740.5,134263,124738,125888,125632,-0.544884,-0.535753
474|8,0.0096,86461,0.0096,4,8,0.2579285029287503,135448.70084699,740.5,135202,82389.2,86727.4,85740.2,-0.0154245,0.0422142
474|8,0.048,30862,0.048,5,8,0.2579285029287503,135448.70084699,740.5,135147,21595.9,24126.2,23528.2,1.38942,1.55071
474|8,0.24,2300,0.24,6,8,0.2579285029287503,135448.70084699,740.5,133748,3589.76,3996.51,3900,-1.98732,-1.91728
474|8,1.2,754,1.2,7,8,0.2579285029287503,135448.70084699,740.5,127217,1078.67,1127.71,1116.18,-1.31395,-1.28373
474|8,6,720,6,8,8,0.2579285029287503,135448.70084699,740.5,96864.9,779.154,784.627,783.354,-0.298726,-0.293185
474|7,0.0000768,132990,0.0000768,1,7,0.2579285029287503,135448.70084699,740.5,123414,123281,123298,123289,0.395172,0.395571
474|7,0.000384,129527,0.000384,2,7,0.2579285029287503,135448.70084699,740.5,131473,130292,130440,130360,-0.0351879,-0.0321298
474|7,0.00192,112032,0.00192,3,7,0.2579285029287503,135448.70084699,740.5,134391,124857,125983,125376,-0.556722,-0.53506
474|7,0.0096,80668,0.0096,4,7,0.2579285029287503,135448.70084699,740.5,135329,82466.9,86710.5,84384.1,-0.349955,-0.221132
474|7,0.048,30208,0.048,5,7,0.2579285029287503,135448.70084699,740.5,135275,21615.7,24087,22698.3,1.26463,1.64521
474|7,0.24,1942,0.24,6,7,0.2579285029287503,135448.70084699,740.5,133875,3592.49,3989.53,3765.16,-2.40241,-2.25706
474|7,1.2,666,1.2,7,7,0.2579285029287503,135448.70084699,740.5,127341,1079,1126.86,1099.86,-1.62134,-1.55565
474|7,6,798,6,8,7,0.2579285029287503,135448.70084699,740.5,96965.3,779.194,784.535,781.529,0.0622475,0.0763533
474|12,0.0003712,121914,0.0003712,1,12,0.2579285029287503,135448.70084699,740.5,110750,110647,110648,110641,0.511733,0.512042
474|12,0.001856,119881,0.001856,2,12,0.2579285029287503,135448.70084699,740.5,118809,117886,117894,117839,0.0847222,0.0870867
474|12,0.00928,117603,0.00928,3,12,0.2579285029287503,135448.70084699,740.5,121721,114199,114256,113839,0.147249,0.166164
474|12,0.0464,87318,0.0464,4,12,0.2579285029287503,135448.70084699,740.5,122619,78965.9,79178.1,77557.5,0.516109,0.631736
474|12,0.2319999999999999,26931,0.2319999999999999,5,12,0.2579285029287503,135448.70084699,740.5,122222,22113.2,22239.3,21248.2,1.04875,1.32874
474|12,1.16,1852,1.16,6,12,0.2579285029287503,135448.70084699,740.5,118066,3719.66,3739.2,3578.14,-2.35133,-2.23985
474|12,5.8,644,5.8,7,12,0.2579285029287503,135448.70084699,740.5,94238.2,1094.27,1096.48,1077.15,-1.62635,-1.57863
474|12,29,664,29,8,12,0.2579285029287503,135448.70084699,740.5,34978.5,780.636,780.865,778.732,-0.54206,-0.533214
474|11,0.0003712,134430,0.0003712,1,11,0.2579285029287503,135448.70084699,740.5,118829,118718,118726,118720,0.66486,0.665154
474|11,0.001856,130150,0.001856,2,11,0.2579285029287503,135448.70084699,740.5,126888,125902,125973,125919,0.16668,0.168916
474|11,0.00928,116133,0.00928,3,11,0.2579285029287503,135448.70084699,740.5,129800,121776,122322,121906,-0.254352,-0.238051
474|11,0.0464,92512,0.0464,4,11,0.2579285029287503,135448.70084699,740.5,130695,84149.2,86352,84667,0.358238,0.465278
474|11,0.2319999999999999,31016,0.2319999999999999,5,11,0.2579285029287503,135448.70084699,740.5,130272,23529.3,24954.7,23857.5,1.20927,1.49304
474|11,1.16,1746,1.16,6,11,0.2579285029287503,135448.70084699,740.5,125901,3918.54,4154.84,3972.78,-2.7216,-2.62296
474|11,5.8,650,5.8,7,11,0.2579285029287503,135448.70084699,740.5,100636,1118.41,1146.94,1124.99,-1.72409,-1.67322
474|11,29,692,29,8,11,0.2579285029287503,135448.70084699,740.5,37493,783.51,786.679,784.245,-0.436816,-0.426538
1056|8,0.0016767999999999,118740,0.0016767999999999,1,8,0.202279623173055,129543.657097695,713.75,120421,120375,120378,120376,-0.0683948,-0.0682997
1056|8,0.0083839999999999,113636,0.0083839999999999,2,8,0.202279623173055,129543.657097695,713.75,126460,125593,125658,125610,-0.480982,-0.479244
1056|8,0.04192,84503,0.04192,3,8,0.202279623173055,129543.657097695,713.75,128605,114259,115286,114503,-1.34209,-1.31687
1056|8,0.2096,42717,0.2096,4,8,0.202279623173055,129543.657097695,713.75,128948,39691.4,42143.3,40216.3,0.06811,0.311011
1056|8,1.048,4102,1.048,5,8,0.202279623173055,129543.657097695,713.75,125947,3724.23,4014.59,3781.31,0.101961,0.395436
1056|8,5.24,716,5.24,6,8,0.202279623173055,129543.657097695,713.75,104752,883.413,901.147,886.686,-0.773182,-0.721438
1056|8,26.2,656,26.2,7,8,0.202279623173055,129543.657097695,713.75,43563.7,723.899,724.92,724.077,-0.337028,-0.333177
1056|8,131,828,131,8,8,0.202279623173055,129543.657097695,713.75,7636.9,715.232,715.288,715.241,0.556377,0.556636
1056|7,0.0016767999999999,121659,0.0016767999999999,1,7,0.202279623173055,129543.657097695,713.75,120517,120471,120468,120469,0.0496887,0.0496369
1056|7,0.0083839999999999,115654,0.0083839999999999,2,7,0.202279623173055,129543.657097695,713.75,126556,125689,125649,125667,-0.399917,-0.400578
1056|7,0.04192,88699,0.04192,3,7,0.202279623173055,129543.657097695,713.75,128701,114344,113837,114025,-1.10988,-1.11634
1056|7,0.2096,41994,0.2096,4,7,0.202279623173055,129543.657097695,713.75,129044,39720.5,38819,39051,0.408969,0.376856
1056|7,1.048,3906,1.048,5,7,0.202279623173055,129543.657097695,713.75,126041,3726.47,3646.1,3654.54,0.331442,0.320005
1056|7,5.24,700,5.24,6,7,0.202279623173055,129543.657097695,713.75,104831,883.54,879.873,879.419,-0.764635,-0.763
1056|7,26.2,682,26.2,7,7,0.202279623173055,129543.657097695,713.75,43596.4,723.906,723.758,723.682,-0.204433,-0.204077
1056|7,131,978,131,8,7,0.202279623173055,129543.657097695,713.75,7642.45,715.232,715.227,715.22,1.2972,1.29724
1056|6,0.0004351999999999,124775,0.0004351999999999,1,6,0.202279623173055,129543.657097695,713.75,120517,120513,120513,120513,0.177792,0.177791
1056|6,0.0021759999999999,126207,0.0021759999999999,2,6,0.202279623173055,129543.657097695,713.75,126561,126485,126485,126485,-0.0110653,-0.0110594
1056|6,0.0108799999999999,119281,0.0108799999999999,3,6,0.202279623173055,129543.657097695,713.75,128742,127336,127359,127349,-0.318893,-0.318504
1056|6,0.0543999999999999,96692,0.0543999999999999,4,6,0.202279623173055,129543.657097695,713.75,129390,107760,108162,107924,-0.532909,-0.523011
1056|6,0.2719999999999999,31741,0.2719999999999999,5,6,0.202279623173055,129543.657097695,713.75,128874,28232.9,28846.7,28431.1,0.500337,0.580457
1056|6,1.36,2592,1.36,6,6,0.202279623173055,129543.657097695,713.75,124001,2604.55,2668.59,2621.64,-0.129782,-0.0510282
1056|6,6.8,696,6.8,7,6,0.202279623173055,129543.657097695,713.75,95736.7,818.563,822.745,819.515,-0.56607,-0.553228
1056|6,34,792,34,8,6,0.202279623173055,129543.657097695,713.75,32817,720.202,720.454,720.252,0.351392,0.352454
1056|5,0.0004351999999999,127222,0.0004351999999999,1,5,0.202279623173055,129543.657097695,713.75,120421,120417,120417,120416,0.284095,0.284106
1056|5,0.0021759999999999,128464,0.0021759999999999,2,5,0.202279623173055,129543.657097695,713.75,126465,126389,126388,126382,0.0825969,0.0828035
1056|5,0.0108799999999999,127679,0.0108799999999999,3,5,0.202279623173055,129543.657097695,713.75,128646,127241,127230,127130,0.0177446,0.0217251
1056|5,0.0543999999999999,99273,0.0543999999999999,4,5,0.202279623173055,129543.657097695,713.75,129294,107680,107639,106260,-0.390581,-0.330425
1056|5,0.2719999999999999,30808,0.2719999999999999,5,5,0.202279623173055,129543.657097695,713.75,128778,28212.4,28286.4,26588.7,0.444447,0.790638
1056|5,1.36,2194,1.36,6,5,0.202279623173055,129543.657097695,713.75,123909,2603.13,2620.17,2465.47,-0.734056,-0.493695
1056|5,6.8,672,6.8,7,5,0.202279623173055,129543.657097695,713.75,95664.3,818.484,820.03,810.823,-0.662727,-0.626631
1056|5,34,838,34,8,5,0.202279623173055,129543.657097695,713.75,32791.3,720.198,720.311,719.795,0.578104,0.580928
1056|12,0.0014272,103621,0.0014272,1,12,0.202279623173055,129543.657097695,713.75,111018,110834,110687,110672,-0.32082,-0.320204
1056|12,0.007136,90392,0.007136,2,12,0.202279623173055,129543.657097695,713.75,117059,113649,111071,110788,-0.935676,-0.925227
1056|12,0.03568,45926,0.03568,3,12,0.202279623173055,129543.657097695,713.75,119215,77259.5,60589.4,58978.1,-1.21353,-1.10954
1056|12,0.1784,8166,0.1784,4,12,0.202279623173055,129543.657097695,713.75,119650,11600,7099.18,6745.78,0.726064,1.01503
1056|12,0.892,754,0.892,5,12,0.202279623173055,129543.657097695,713.75,117390,1371.25,1087.44,1063.79,-1.20626,-1.14006
1056|12,4.46,634,4.46,6,12,0.202279623173055,129543.657097695,713.75,100696,750.903,735.346,733.926,-0.490631,-0.484418
1056|12,22.3,642,22.3,7,12,0.202279623173055,129543.657097695,713.75,46110.4,716.708,715.872,715.789,-0.364446,-0.364065
1056|12,111.5,824,111.5,8,12,0.202279623173055,129543.657097695,713.75,8503.21,714.854,714.811,714.806,0.539241,0.539267
1056|11,0.0014272,105151,0.0014272,1,11,0.202279623173055,129543.657097695,713.75,117078,116884,116810,116801,-0.501687,-0.501346
1056|11,0.007136,95978,0.007136,2,11,0.202279623173055,129543.657097695,713.75,123119,119531,118228,118046,-0.945976,-0.93969
1056|11,0.03568,58120,0.03568,3,11,0.202279623173055,129543.657097695,713.75,125273,81172.8,71846.5,70509.1,-0.958757,-0.881683
1056|11,0.1784,10642,0.1784,4,11,0.202279623173055,129543.657097695,713.75,125694,12153.2,9319.89,8932.47,0.692215,0.932588
1056|11,0.892,906,0.892,5,11,0.202279623173055,129543.657097695,713.75,123319,1404.61,1224.76,1197.53,-1.04967,-0.97741
1056|11,4.46,610,4.46,6,11,0.202279623173055,129543.657097695,713.75,105807,752.751,742.966,741.303,-0.639035,-0.632045
1056|11,22.3,712,22.3,7,11,0.202279623173055,129543.657097695,713.75,48474.7,716.81,716.288,716.19,-0.0211484,-0.0206631
1056|11,111.5,888,111.5,8,11,0.202279623173055,129543.657097695,713.75,8931.08,714.86,714.833,714.827,0.855184,0.855216
1056|10,0.0004479999999999,119885,0.0004479999999999,1,10,0.202279623173055,129543.657097695,713.75,119307,119282,119289,119289,0.025111,0.025105
1056|10,0.00224,122847,0.00224,2,10,0.202279623173055,129543.657097695,713.75,125351,124886,125024,125025,-0.0875487,-0.0875826
1056|10,0.0111999999999999,100100,0.0111999999999999,3,10,0.202279623173055,129543.657097695,713.75,127532,119456,121787,121770,-0.895159,-0.894588
1056|10,0.0559999999999999,61989,0.0559999999999999,4,10,0.202279623173055,129543.657097695,713.75,128178,57767.4,69375.5,69098,-0.534219,-0.516205
1056|10,0.2799999999999999,9934,0.2799999999999999,5,10,0.202279623173055,129543.657097695,713.75,127646,6160.91,8457.63,8353.25,0.849037,0.920024
1056|10,1.4,774,1.4,6,10,0.202279623173055,129543.657097695,713.75,122659,1025.76,1167.46,1158.47,-1.34606,-1.32338
1056|10,7,638,7,7,10,0.202279623173055,129543.657097695,713.75,93929.6,731.634,739.493,738.862,-0.489395,-0.486647
1056|10,35,822,35,8,10,0.202279623173055,129543.657097695,713.75,31607.9,715.637,716.057,716.016,0.522572,0.522793
1056|9,0.0004479999999999,120198,0.0004479999999999,1,9,0.202279623173055,129543.657097695,713.75,120125,120100,120110,120109,0.00367538,0.00370547
1056|9,0.00224,115424,0.00224,2,9,0.202279623173055,129543.657097695,713.75,126169,125701,125898,125883,-0.418258,-0.417704
1056|9,0.0111999999999999,104040,0.0111999999999999,3,9,0.202279623173055,129543.657097695,713.75,128350,120222,123549,123263,-0.79383,-0.784005
1056|9,0.0559999999999999,62803,0.0559999999999999,4,9,0.202279623173055,129543.657097695,713.75,128995,58133.4,75933.5,73874.4,-0.867962,-0.752164
1056|9,0.2799999999999999,11416,0.2799999999999999,5,9,0.202279623173055,129543.657097695,713.75,128460,6195.85,10052.6,9452.33,0.66336,1.01416
1056|9,1.4,788,1.4,6,9,0.202279623173055,129543.657097695,713.75,123446,1027.77,1267.4,1226.52,-1.53587,-1.4424
1056|9,7,614,7,7,9,0.202279623173055,129543.657097695,713.75,94541.5,731.745,744.98,742.577,-0.628281,-0.618168
1056|9,35,832,35,8,9,0.202279623173055,129543.657097695,713.75,31821,715.643,716.347,716.212,0.570305,0.571048
1056|4,0.0010624,123910,0.0010624,1,4,0.202279623173055,129543.657097695,713.75,120125,120099,120099,120099,0.159491,0.159533
1056|4,0.005312,126950,0.005312,2,4,0.202279623173055,129543.657097695,713.75,126167,125681,125697,125676,0.0501295,0.0509809
1056|4,0.02656,105914,0.02656,3,4,0.202279623173055,129543.657097695,713.75,128332,119896,120197,119811,-0.597338,-0.583067
1056|4,0.1328,55539,0.1328,4,4,0.202279623173055,129543.657097695,713.75,128841,56802.8,58208.7,56464.5,-0.229933,-0.0821557
1056|4,0.664,6766,0.664,5,4,0.202279623173055,129543.657097695,713.75,127182,5979.5,6238.33,5925.64,0.40637,0.67965
1056|4,3.32,686,3.32,6,4,0.202279623173055,129543.657097695,713.75,114119,1014.91,1032.09,1011.72,-1.30383,-1.24605
1056|4,16.6,742,16.6,7,4,0.202279623173055,129543.657097695,713.75,61692.6,731.046,732.079,730.872,0.0481807,0.0541044
1056|4,83,876,83,8,4,0.202279623173055,129543.657097695,713.75,12770.8,715.607,715.666,715.597,0.791161,0.791553
1056|3,0.0010624,130132,0.0010624,1,3,0.202279623173055,129543.657097695,713.75,119307,119281,119277,119275,0.457485,0.457548
1056|3,0.005312,127154,0.005312,2,3,0.202279623173055,129543.657097695,713.75,125349,124866,124789,124760,0.0952765,0.0964737
1056|3,0.02656,111063,0.02656,3,3,0.202279623173055,129543.657097695,713.75,127514,119132,117948,117436,-0.29343,-0.272763
1056|3,0.1328,53602,0.1328,4,3,0.202279623173055,129543.657097695,713.75,128024,56445.3,52217.5,50321.3,0.132847,0.326574
1056|3,0.664,5384,0.664,5,3,0.202279623173055,129543.657097695,713.75,126376,5945.94,5329.48,5037.08,0.0487549,0.327241
1056|3,3.32,738,3.32,6,3,0.202279623173055,129543.657097695,713.75,113392,1012.99,978.093,959.461,-0.942541,-0.8822
1056|3,16.6,690,16.6,7,3,0.202279623173055,129543.657097695,713.75,61295,730.94,729.123,728.029,-0.190541,-0.185407
1056|3,83,842,83,8,3,0.202279623173055,129543.657097695,713.75,12688.2,715.601,715.51,715.448,0.624256,0.624599
462|6,0.0006144,102350,0.0006144,1,6,0.7318320309318381,159371.165920845,643.5,119135,119135,119136,119136,-0.708241,-0.70824
462|6,0.003072,113884,0.003072,2,6,0.7318320309318381,159371.165920845,643.5,146079,146071,146077,146077,-1.10833,-1.10833
462|6,0.01536,121365,0.01536,3,6,0.7318320309318381,159371.165920845,643.5,155820,155749,155799,155798,-1.11165,-1.11164
462|6,0.0768,98102,0.0768,4,6,0.7318320309318381,159371.165920845,643.5,158862,158253,158675,158672,-1.92015,-1.92008
462|6,0.384,76259,0.384,5,6,0.7318320309318381,159371.165920845,643.5,157862,152944,156326,156299,-2.57616,-2.57573
462|6,1.92,51729,1.92,6,6,0.7318320309318381,159371.165920845,643.5,146940,116920,136238,136070,-3.11909,-3.11673
462|6,9.6,27657,9.6,7,6,0.7318320309318381,159371.165920845,643.5,96825.9,38731.8,66223.7,65887.5,-2.92144,-2.91068
462|6,48,13804,48,8,6,0.7318320309318381,159371.165920845,643.5,22948.2,5434.93,11168.6,11083.5,1.1575,1.20381
462|5,0.0006144,100518,0.0006144,1,5,0.7318320309318381,159371.165920845,643.5,118707,118707,118708,118708,-0.77025,-0.770249
462|5,0.003072,130424,0.003072,2,5,0.7318320309318381,159371.165920845,643.5,145651,145644,145650,145650,-0.525725,-0.525716
462|5,0.01536,129379,0.01536,3,5,0.7318320309318381,159371.165920845,643.5,155393,155322,155377,155375,-0.841587,-0.841522
462|5,0.0768,104544,0.0768,4,5,0.7318320309318381,159371.165920845,643.5,158434,157828,158300,158280,-1.70808,-1.70764
462|5,0.384,71521,0.384,5,5,0.7318320309318381,159371.165920845,643.5,157437,152533,156330,156162,-2.72866,-2.72618
462|5,1.92,57664,1.92,6,5,0.7318320309318381,159371.165920845,643.5,146537,116599,138682,137562,-2.93766,-2.9206
462|5,9.6,30300,9.6,7,5,0.7318320309318381,159371.165920845,643.5,96543,38619.7,72399.7,69774.2,-2.91817,-2.83869
462|5,48,15085,48,8,5,0.7318320309318381,159371.165920845,643.5,22867.7,5417.63,12941.9,12170.4,0.815283,1.17733
462|4,0.000064,104240,0.000064,1,4,0.7318320309318381,159371.165920845,643.5,117387,117388,117388,117388,-0.562992,-0.562991
462|4,0.00032,128947,0.00032,2,4,0.7318320309318381,159371.165920845,643.5,144333,144333,144332,144332,-0.536061,-0.536052
462|4,0.0016,136467,0.0016,3,4,0.7318320309318381,159371.165920845,643.5,154087,154084,154079,154076,-0.5749,-0.574827
462|4,0.008,138746,0.008,4,4,0.7318320309318381,159371.165920845,643.5,157242,157212,157166,157144,-0.589493,-0.588879
462|4,0.04,119405,0.04,5,4,0.7318320309318381,159371.165920845,643.5,157193,156938,156548,156368,-1.19339,-1.18895
462|4,0.2,86679,0.2,6,4,0.7318320309318381,159371.165920845,643.5,153622,151559,148489,147105,-2.09349,-2.06582
462|4,1,49742,1,7,4,0.7318320309318381,159371.165920845,643.5,140741,126564,109578,103168,-2.74428,-2.60208
462|4,5,30602,5,8,4,0.7318320309318381,159371.165920845,643.5,96656.4,53991.5,32300.3,27290.6,-0.262496,0.604726
462|3,0.000064,108562,0.000064,1,3,0.7318320309318381,159371.165920845,643.5,113741,113741,113741,113741,-0.228868,-0.228867
462|3,0.00032,130392,0.00032,2,3,0.7318320309318381,159371.165920845,643.5,140686,140686,140685,140685,-0.36793,-0.367924
462|3,0.0016,132645,0.0016,3,3,0.7318320309318381,159371.165920845,643.5,150441,150437,150432,150430,-0.594674,-0.594624
462|3,0.008,136907,0.008,4,3,0.7318320309318381,159371.165920845,643.5,153596,153566,153520,153505,-0.544265,-0.543846
462|3,0.04,113528,0.04,5,3,0.7318320309318381,159371.165920845,643.5,153547,153299,152907,152788,-1.2953,-1.29238
462|3,0.2,82203,0.2,6,3,0.7318320309318381,159371.165920845,643.5,149987,147973,144892,143977,-2.17585,-2.1577
462|3,1,54160,1,7,3,0.7318320309318381,159371.165920845,643.5,137185,123368,106407,102139,-2.46741,-2.36026
462|3,5,30876,5,8,3,0.7318320309318381,159371.165920845,643.5,93657.3,52325.2,30960.1,27583,-0.0135545,0.595058
462|9,0.0003648,110763,0.0003648,1,9,0.7318320309318381,159371.165920845,643.5,117387,116373,116247,116222,-0.237114,-0.236093
462|9,0.001824,99793,0.001824,2,9,0.7318320309318381,159371.165920845,643.5,144332,134454,133300,133082,-1.26389,-1.25771
462|9,0.00912,104612,0.00912,3,9,0.7318320309318381,159371.165920845,643.5,154080,95263.3,90868.5,90093.4,0.759666,0.80939
462|9,0.0456,29106,0.0456,4,9,0.7318320309318381,159371.165920845,643.5,157182,25759.7,23330.2,22937.7,1.23151,1.33741
462|9,0.228,1898,0.228,5,9,0.7318320309318381,159371.165920845,643.5,156684,4117.77,3731.31,3671.53,-2.28865,-2.2473
462|9,1.14,602,1.14,6,9,0.7318320309318381,159371.165920845,643.5,149547,1056.68,1009.85,1002.81,-1.56246,-1.54374
462|9,5.7,556,5.7,7,9,0.7318320309318381,159371.165920845,643.5,114971,690.444,685.196,684.427,-0.657117,-0.653713
462|9,28.5,492,28.5,8,9,0.7318320309318381,159371.165920845,643.5,37556.2,648.936,648.427,648.355,-0.826283,-0.825962
462|10,0.0003648,102838,0.0003648,1,10,0.7318320309318381,159371.165920845,643.5,113740,112759,112672,112621,-0.438669,-0.436591
462|10,0.001824,109527,0.001824,2,10,0.7318320309318381,159371.165920845,643.5,140685,131058,130263,129804,-0.800347,-0.785397
462|10,0.00912,75302,0.00912,3,10,0.7318320309318381,159371.165920845,643.5,150434,93014.7,89941.6,88268.6,-0.817511,-0.737762
462|10,0.0456,30834,0.0456,4,10,0.7318320309318381,159371.165920845,643.5,153537,25174.9,23447.1,22573.5,1.56727,1.81956
462|10,0.228,1866,0.228,5,10,0.7318320309318381,159371.165920845,643.5,153051,4036.89,3760.5,3625.11,-2.34806,-2.25536
462|10,1.14,542,1.14,6,10,0.7318320309318381,159371.165920845,643.5,146008,1046.88,1013.34,997.188,-1.80091,-1.76076
462|10,5.7,526,5.7,7,10,0.7318320309318381,159371.165920845,643.5,112070,689.278,685.52,683.737,-0.811086,-0.803464
462|10,28.5,550,28.5,8,10,0.7318320309318381,159371.165920845,643.5,36403.2,648.797,648.435,648.265,-0.51995,-0.519147
462|7,0.0000768,94296,0.0000768,1,7,0.7318320309318381,159371.165920845,643.5,119135,119004,119015,119013,-1.04403,-1.04398
462|7,0.000384,117953,0.000384,2,7,0.7318320309318381,159371.165920845,643.5,146081,144729,144840,144824,-0.933541,-0.933098
462|7,0.00192,127709,0.00192,3,7,0.7318320309318381,159371.165920845,643.5,155835,144472,145342,145222,-0.610131,-0.60648
462|7,0.0096,104166,0.0096,4,7,0.7318320309318381,159371.165920845,643.5,158989,95729,98938.9,98499.8,0.26543,0.289006
462|7,0.048,34555,0.048,5,7,0.7318320309318381,159371.165920845,643.5,158924,24625.2,26403,26159.6,1.53818,1.59868
462|7,0.24,2124,0.24,6,7,0.7318320309318381,159371.165920845,643.5,155237,3865.15,4142.39,4105.33,-2.28683,-2.2637
462|7,1.2,604,1.2,7,7,0.7318320309318381,159371.165920845,643.5,141484,1009.59,1041.48,1037.36,-1.63662,-1.62618
462|7,6,570,6,8,7,0.7318320309318381,159371.165920845,643.5,93588.2,679.901,682.985,682.601,-0.575948,-0.574213
462|8,0.0000768,101781,0.0000768,1,8,0.7318320309318381,159371.165920845,643.5,118707,118577,118594,118591,-0.712639,-0.712523
462|8,0.000384,127577,0.000384,2,8,0.7318320309318381,159371.165920845,643.5,145653,144305,144483,144451,-0.588438,-0.587455
462|8,0.00192,127445,0.00192,3,8,0.7318320309318381,159371.165920845,643.5,155407,144075,145479,145228,-0.623422,-0.615799
462|8,0.0096,110699,0.0096,4,8,0.7318320309318381,159371.165920845,643.5,158561,95472.2,100751,99784.1,0.496101,0.549576
462|8,0.048,35462,0.048,5,8,0.7318320309318381,159371.165920845,643.5,158497,24560.4,27567,26994.5,1.42748,1.56311
462|8,0.24,2200,0.24,6,8,0.7318320309318381,159371.165920845,643.5,154811,3856.27,4329.86,4239.5,-2.31554,-2.26138
462|8,1.2,518,1.2,7,8,0.7318320309318381,159371.165920845,643.5,141070,1008.51,1063.16,1052.85,-2.00714,-1.98414
462|8,6,538,6,8,8,0.7318320309318381,159371.165920845,643.5,93252.7,679.774,685.065,684.081,-0.748099,-0.743834
462|11,0.0003712,100654,0.0003712,1,11,0.7318320309318381,159371.165920845,643.5,103806,103778,103775,103774,-0.151127,-0.151083
462|11,0.001856,107033,0.001856,2,11,0.7318320309318381,159371.165920845,643.5,130751,130440,130409,130399,-0.901244,-0.90094
462|11,0.00928,111878,0.00928,3,11,0.7318320309318381,159371.165920845,643.5,140500,137729,137455,137372,-0.935662,-0.933208
462|11,0.0464,96908,0.0464,4,11,0.7318320309318381,159371.165920845,643.5,143606,122816,121035,120520,-1.00205,-0.984845
462|11,0.2319999999999999,62831,0.2319999999999999,5,11,0.7318320309318381,159371.165920845,643.5,143140,59325,55996.4,55105.1,0.611771,0.702671
462|11,1.16,11954,1.16,6,11,0.7318320309318381,159371.165920845,643.5,136275,11317.8,10395.1,10162.6,0.734192,0.862405
462|11,5.8,712,5.8,7,11,0.7318320309318381,159371.165920845,643.5,103675,1908.55,1791.62,1763.01,-2.59427,-2.56045
462|11,29,526,29,8,11,0.7318320309318381,159371.165920845,643.5,32750.8,764.547,753.309,750.62,-1.08178,-1.0717
462|12,0.0003712,92444,0.0003712,1,12,0.7318320309318381,159371.165920845,643.5,76795.1,76775,76772.3,76771.5,1.02467,1.02473
462|12,0.001856,89758,0.001856,2,12,0.7318320309318381,159371.165920845,643.5,103740,103494,103464,103455,-0.665619,-0.665249
462|12,0.00928,86511,0.00928,3,12,0.7318320309318381,159371.165920845,643.5,113490,111255,110981,110904,-1.10813,-1.10542
462|12,0.0464,76016,0.0464,4,12,0.7318320309318381,159371.165920845,643.5,116606,99743.5,97962.4,97483.2,-1.12551,-1.10633
462|12,0.2319999999999999,48569,0.2319999999999999,5,12,0.7318320309318381,159371.165920845,643.5,116229,48242.9,44950.3,44136.9,0.402969,0.502583
462|12,1.16,9584,1.16,6,12,0.7318320309318381,159371.165920845,643.5,110081,9256.54,8355.5,8147.11,0.714822,0.856687
462|12,5.8,838,5.8,7,12,0.7318320309318381,159371.165920845,643.5,82285.4,1646.13,1534.24,1509.07,-1.90706,-1.86361
462|12,29,604,29,8,12,0.7318320309318381,159371.165920845,643.5,24344.3,733.116,723.107,720.9,-0.583478,-0.573897
1159|8,0.0016767999999999,99593,0.0016767999999999,1,8,0.581062536914991,156009.173037016,654.75,124408,124403,124403,124402,-1.00259,-1.00258
1159|8,0.0083839999999999,116325,0.0083839999999999,2,8,0.581062536914991,156009.173037016,654.75,145342,145211,145199,145188,-1.00006,-0.99977
1159|8,0.04192,106706,0.04192,3,8,0.581062536914991,156009.173037016,654.75,152871,149737,149475,149233,-1.43902,-1.4332
1159|8,0.2096,68255,0.2096,4,8,0.581062536914991,156009.173037016,654.75,154886,105119,102360,99901.2,-1.67413,-1.59156
1159|8,1.048,14589,1.048,5,8,0.581062536914991,156009.173037016,654.75,151277,13755,12831.1,12065.1,0.674391,1.02821
1159|8,5.24,848,5.24,6,8,0.581062536914991,156009.173037016,654.75,124481,1279.98,1232.68,1193.34,-1.26023,-1.16105
1159|8,26.2,548,26.2,7,8,0.581062536914991,156009.173037016,654.75,49958.9,682.254,680.252,678.563,-0.676033,-0.668546
1159|8,131,584,131,8,8,0.581062536914991,156009.173037016,654.75,7811.91,656.761,656.685,656.62,-0.380644,-0.38033
1159|7,0.0016767999999999,101433,0.0016767999999999,1,7,0.581062536914991,156009.173037016,654.75,124741,124736,124736,124736,-0.939181,-0.939177
1159|7,0.0083839999999999,119429,0.0083839999999999,2,7,0.581062536914991,156009.173037016,654.75,145675,145543,145546,145543,-0.902408,-0.902326
1159|7,0.04192,110627,0.04192,3,7,0.581062536914991,156009.173037016,654.75,153203,150062,150125,150058,-1.32324,-1.32158
1159|7,0.2096,72057,0.2096,4,7,0.581062536914991,156009.173037016,654.75,155218,105343,106050,105295,-1.61074,-1.58622
1159|7,1.048,16805,1.048,5,7,0.581062536914991,156009.173037016,654.75,151601,13783.2,14042.6,13766.1,0.970274,1.08833
1159|7,5.24,794,5.24,6,7,0.581062536914991,156009.173037016,654.75,124752,1281.34,1295.16,1280.46,-1.57774,-1.54565
1159|7,26.2,548,26.2,7,7,0.581062536914991,156009.173037016,654.75,50072.2,682.315,682.919,682.277,-0.687804,-0.684979
1159|7,131,586,131,8,7,0.581062536914991,156009.173037016,654.75,7831.13,656.763,656.787,656.762,-0.370665,-0.370543
1159|5,0.0004351999999999,97161,0.0004351999999999,1,5,0.581062536914991,156009.173037016,654.75,124409,124408,124408,124408,-1.10104,-1.10104
1159|5,0.0021759999999999,125765,0.0021759999999999,2,5,0.581062536914991,156009.173037016,654.75,145348,145338,145338,145338,-0.677271,-0.677263
1159|5,0.0108799999999999,136220,0.0108799999999999,3,5,0.581062536914991,156009.173037016,654.75,152920,152690,152682,152675,-0.542269,-0.542072
1159|5,0.0543999999999999,114517,0.0543999999999999,4,5,0.581062536914991,156009.173037016,654.75,155302,150089,149918,149773,-1.18762,-1.18389
1159|5,0.2719999999999999,61943,0.2719999999999999,5,5,0.581062536914991,156009.173037016,654.75,154682,86785.6,85547.5,84483.7,-1.38559,-1.33975
1159|5,1.36,9970,1.36,6,5,0.581062536914991,156009.173037016,654.75,147281,8714.2,8474.74,8267.69,0.858223,1.00066
1159|5,6.8,728,6.8,7,5,0.581062536914991,156009.173037016,654.75,109907,1014.69,1003.66,993.805,-1.06105,-1.03086
1159|5,34,602,34,8,5,0.581062536914991,156009.173037016,654.75,33816.6,669.447,669.033,668.648,-0.346595,-0.344745
1159|6,0.0004351999999999,95565,0.0004351999999999,1,6,0.581062536914991,156009.173037016,654.75,124741,124740,124740,124740,-1.17583,-1.17583
1159|6,0.0021759999999999,128566,0.0021759999999999,2,6,0.581062536914991,156009.173037016,654.75,145680,145671,145671,145670,-0.590514,-0.590494
1159|6,0.0108799999999999,138726,0.0108799999999999,3,6,0.581062536914991,156009.173037016,654.75,153252,153022,153020,153005,-0.469837,-0.469379
1159|6,0.0543999999999999,118728,0.0543999999999999,4,6,0.581062536914991,156009.173037016,654.75,155634,150410,150385,150055,-1.05872,-1.04997
1159|6,0.2719999999999999,63450,0.2719999999999999,5,6,0.581062536914991,156009.173037016,654.75,155012,86970.7,86805.7,84390.3,-1.35119,-1.246
1159|6,1.36,9870,1.36,6,6,0.581062536914991,156009.173037016,654.75,147602,8731.79,8703.02,8233.01,0.652833,0.966174
1159|6,6.8,754,6.8,7,6,0.581062536914991,156009.173037016,654.75,110158,1015.52,1014.36,992.19,-0.994021,-0.924913
1159|6,34,622,34,8,6,0.581062536914991,156009.173037016,654.75,33905.7,669.484,669.447,668.592,-0.245223,-0.241013
1159|11,0.0014272,100576,0.0014272,1,11,0.581062536914991,156009.173037016,654.75,112829,112771,112738,112737,-0.54221,-0.542168
1159|11,0.007136,102398,0.007136,2,11,0.581062536914991,156009.173037016,654.75,133764,132255,131409,131381,-1.11001,-1.10917
1159|11,0.03568,72564,0.03568,3,11,0.581062536914991,156009.173037016,654.75,141306,112453,100778,100410,-1.40662,-1.39337
1159|11,0.1784,17511,0.1784,4,11,0.581062536914991,156009.173037016,654.75,143433,21683.1,14828.8,14660.8,0.893143,0.959761
1159|11,0.892,1002,0.892,5,11,0.581062536914991,156009.173037016,654.75,140720,1744.38,1352.81,1343.33,-1.06603,-1.04317
1159|11,4.46,496,4.46,6,11,0.581062536914991,156009.173037016,654.75,119325,703.719,686.402,685.966,-0.967244,-0.965455
1159|11,22.3,576,22.3,7,11,0.581062536914991,156009.173037016,654.75,52592.4,657.772,657.043,657.024,-0.424257,-0.424166
1159|11,111.5,544,111.5,8,11,0.581062536914991,156009.173037016,654.75,8576.22,655.828,655.8,655.8,-0.586025,-0.586021
1159|12,0.0014272,84673,0.0014272,1,12,0.581062536914991,156009.173037016,654.75,91838.2,91790.5,91740.2,91735.2,-0.386935,-0.386685
1159|12,0.007136,82237,0.007136,2,12,0.581062536914991,156009.173037016,654.75,112774,111502,110157,110025,-1.2738,-1.2693
1159|12,0.03568,57156,0.03568,3,12,0.581062536914991,156009.173037016,654.75,120322,95772.7,78519.4,77126.1,-1.36585,-1.29975
1159|12,0.1784,11396,0.1784,4,12,0.581062536914991,156009.173037016,654.75,122497,18599.7,10004.4,9570.6,0.680206,0.931457
1159|12,0.892,752,0.892,5,12,0.581062536914991,156009.173037016,654.75,120181,1584.74,1104.89,1082.25,-1.26081,-1.19918
1159|12,4.46,502,4.46,6,12,0.581062536914991,156009.173037016,654.75,101620,696.562,675.419,674.414,-0.890832,-0.886579
1159|12,22.3,554,22.3,7,12,0.581062536914991,156009.173037016,654.75,44402.4,657.454,656.572,656.53,-0.537223,-0.537024
1159|12,111.5,626,111.5,8,12,0.581062536914991,156009.173037016,654.75,7094.08,655.813,655.782,655.78,-0.156109,-0.156101
1159|9,0.0004479999999999,95841,0.0004479999999999,1,9,0.581062536914991,156009.173037016,654.75,123383,123376,123379,123379,-1.12204,-1.12204
1159|9,0.00224,110983,0.00224,2,9,0.581062536914991,156009.173037016,654.75,144322,144147,144226,144223,-1.15914,-1.15906
1159|9,0.0111999999999999,117579,0.0111999999999999,3,9,0.581062536914991,156009.173037016,654.75,151894,147855,149657,149584,-1.078,-1.07609
1159|9,0.0559999999999999,86107,0.0559999999999999,4,9,0.581062536914991,156009.173037016,654.75,154273,95653.9,115476,114519,-1.27835,-1.24701
1159|9,0.2799999999999999,21584,0.2799999999999999,5,9,0.581062536914991,156009.173037016,654.75,153633,10981.7,18517.8,18000.1,0.820902,0.986649
1159|9,1.4,1152,1.4,6,9,0.581062536914991,156009.173037016,654.75,146082,1138.99,1536.19,1507.13,-1.05122,-0.987282
1159|9,7,622,7,7,9,0.581062536914991,156009.173037016,654.75,108103,676.243,693.201,691.938,-0.359239,-0.353316
1159|9,35,558,35,8,9,0.581062536914991,156009.173037016,654.75,32626.1,656.531,657.177,657.128,-0.519112,-0.518883
1159|10,0.0004479999999999,85632,0.0004479999999999,1,10,0.581062536914991,156009.173037016,654.75,120549,120542,120545,120545,-1.45591,-1.4559
1159|10,0.00224,112052,0.00224,2,10,0.581062536914991,156009.173037016,654.75,141488,141316,141394,141388,-1.04356,-1.04339
1159|10,0.0111999999999999,106618,0.0111999999999999,3,10,0.581062536914991,156009.173037016,654.75,149060,145097,146858,146719,-1.37802,-1.37456
1159|10,0.0559999999999999,72910,0.0559999999999999,4,10,0.581062536914991,156009.173037016,654.75,151441,93902.3,113271,111459,-1.79089,-1.73822
1159|10,0.2799999999999999,19961,0.2799999999999999,5,10,0.581062536914991,156009.173037016,654.75,150813,10791.3,18140.5,17189.3,0.497369,0.798404
1159|10,1.4,1398,1.4,6,10,0.581062536914991,156009.173037016,654.75,143358,1129.93,1517.04,1464.27,-0.329127,-0.188686
1159|10,7,482,7,7,10,0.581062536914991,156009.173037016,654.75,105983,675.839,692.348,690.076,-1.06221,-1.05313
1159|10,35,578,35,8,10,0.581062536914991,156009.173037016,654.75,31887.9,656.513,657.14,657.053,-0.414249,-0.413832
1159|4,0.0010624,112128,0.0010624,1,4,0.581062536914991,156009.173037016,654.75,123383,123380,123381,123381,-0.458498,-0.458496
1159|4,0.005312,130767,0.005312,2,4,0.581062536914991,156009.173037016,654.75,144319,144271,144283,144281,-0.471095,-0.471042
1159|4,0.02656,137610,0.02656,3,4,0.581062536914991,156009.173037016,654.75,151872,150689,150973,150934,-0.445179,-0.443976
1159|4,0.1328,112132,0.1328,4,4,0.581062536914991,156009.173037016,654.75,154088,130697,135605,134894,-0.870399,-0.848463
1159|4,0.664,38749,0.664,5,4,0.581062536914991,156009.173037016,654.75,152102,30861.2,37953.8,36751.1,0.104745,0.271702
1159|4,3.32,2926,3.32,6,4,0.581062536914991,156009.173037016,654.75,135031,2284.38,2783.38,2693.84,0.232687,0.390074
1159|4,16.6,542,16.6,7,4,0.581062536914991,156009.173037016,654.75,70485.5,725.317,746.971,743.035,-0.981342,-0.966109
1159|4,83,574,83,8,4,0.581062536914991,156009.173037016,654.75,13046.7,658.398,659.224,659.072,-0.445134,-0.444411
1159|3,0.0010624,108512,0.0010624,1,3,0.581062536914991,156009.173037016,654.75,120549,120546,120547,120547,-0.501852,-0.501851
1159|3,0.005312,131884,0.005312,2,3,0.581062536914991,156009.173037016,654.75,141485,141438,141442,141441,-0.339811,-0.339803
1159|3,0.02656,133282,0.02656,3,3,0.581062536914991,156009.173037016,654.75,149039,147877,147970,147963,-0.499217,-0.499018
1159|3,0.1328,105629,0.1328,4,3,0.581062536914991,156009.173037016,654.75,151260,128299,129865,129745,-0.938315,-0.934518
1159|3,0.664,36126,0.664,5,3,0.581062536914991,156009.173037016,654.75,149310,30304.3,32319.7,32144.5,0.587958,0.618336
1159|3,3.32,2310,3.32,6,3,0.581062536914991,156009.173037016,654.75,132514,2253.87,2390.68,2377.77,-0.150797,-0.127276
1159|3,16.6,688,16.6,7,3,0.581062536914991,156009.173037016,654.75,69108,723.945,729.889,729.292,-0.203862,-0.201069
1159|3,83,592,83,8,3,0.581062536914991,156009.173037016,654.75,12760.5,658.337,658.564,658.539,-0.347908,-0.34779
75|6,0.0006144,8692,0.0006144,1,6,0.6894681434916233,14012.9610436902,523.5,10791.7,10758,10768.7,10765.8,-0.945033,-0.943972
75|6,0.003072,13380,0.003072,2,6,0.6894681434916233,14012.9610436902,523.5,12948.8,12612.4,12716.7,12688.6,0.256688,0.268138
75|6,0.01536,8136,0.01536,3,6,0.6894681434916233,14012.9610436902,523.5,13728.6,11221.6,11903.6,11713.2,-1.55515,-1.49995
75|6,0.0768,3106,0.0768,4,6,0.6894681434916233,14012.9610436902,523.5,13971.5,5048.74,6246.09,5869.5,-2.41537,-2.25533
75|6,0.384,1780,0.384,5,6,0.6894681434916233,14012.9610436902,523.5,13886.5,1287.88,1610.52,1500.94,0.445748,0.778466
75|6,1.92,1208,1.92,6,6,0.6894681434916233,14012.9610436902,523.5,12973,618.126,660.666,646.04,2.85452,2.97584
75|6,9.6,856,9.6,7,6,0.6894681434916233,14012.9610436902,523.5,8741.16,535.028,539.847,538.192,1.88445,1.89804
75|6,48,602,48,8,6,0.6894681434916233,14012.9610436902,523.5,2457.11,525.536,526.009,525.847,0.460488,0.461561
75|5,0.0006144,9826,0.0006144,1,5,0.6894681434916233,14012.9610436902,523.5,10757.4,10723.9,10730,10727.1,-0.41281,-0.411616
75|5,0.003072,10274,0.003072,2,5,0.6894681434916233,14012.9610436902,523.5,12914.5,12579.1,12638.5,12610.8,-0.920597,-0.911751
75|5,0.01536,8880,0.01536,3,5,0.6894681434916233,14012.9610436902,523.5,13694.4,11193.8,11573.3,11393.9,-1.14264,-1.08286
75|5,0.0768,3258,0.0768,4,5,0.6894681434916233,14012.9610436902,523.5,13937.3,5037.23,5651.47,5347.42,-2.02484,-1.86268
75|5,0.384,1754,0.384,5,5,0.6894681434916233,14012.9610436902,523.5,13852.5,1285.94,1441.79,1362.53,0.900407,1.18265
75|5,1.92,1028,1.92,6,5,0.6894681434916233,14012.9610436902,523.5,12940.7,617.883,638.172,627.822,2.08153,2.16049
75|5,9.6,926,9.6,7,5,0.6894681434916233,14012.9610436902,523.5,8718.51,534.999,537.291,536.124,2.32395,2.33416
75|5,48,608,48,8,5,0.6894681434916233,14012.9610436902,523.5,2450.66,525.532,525.757,525.643,0.498524,0.499285
75|3,0.000064,9174,0.000064,1,3,0.6894681434916233,14012.9610436902,523.5,10359.8,10358.3,10357.7,10357.5,-0.559436,-0.55935
75|3,0.00032,13782,0.00032,2,3,0.6894681434916233,14012.9610436902,523.5,12517,12500.4,12494.2,12492.2,0.50702,0.507921
75|3,0.0016,12730,0.0016,3,3,0.6894681434916233,14012.9610436902,523.5,13298,13149.9,13095.8,13077.8,-0.137549,-0.130954
75|3,0.008,12668,0.008,4,3,0.6894681434916233,14012.9610436902,523.5,13550.6,12379.1,11995.8,11873.7,0.275383,0.328654
75|3,0.04,5898,0.04,5,3,0.6894681434916233,14012.9610436902,523.5,13546.4,7632.72,6605.17,6327.87,-0.515694,-0.326581
75|3,0.2,1670,0.2,6,3,0.6894681434916233,14012.9610436902,523.5,13259.3,2118.86,1726.85,1637.01,-0.140949,0.0855828
75|3,1,916,1,7,3,0.6894681434916233,14012.9610436902,523.5,12217.2,724.218,670.608,658.842,1.26676,1.3437
75|3,5,826,5,8,3,0.6894681434916233,14012.9610436902,523.5,8613.26,544.241,538.879,537.715,1.71337,1.72269
75|4,0.000064,9994,0.000064,1,4,0.6894681434916233,14012.9610436902,523.5,10651.7,10650.2,10650.1,10649.9,-0.301815,-0.301739
75|4,0.00032,12470,0.00032,2,4,0.6894681434916233,14012.9610436902,523.5,12809,12791.9,12791.1,12789.3,-0.123551,-0.122887
75|4,0.0016,13558,0.0016,3,4,0.6894681434916233,14012.9610436902,523.5,13589.9,13438.4,13430.7,13415.3,0.0466902,0.0524014
75|4,0.008,12398,0.008,4,4,0.6894681434916233,14012.9610436902,523.5,13842.5,12644.8,12588.7,12478.8,-0.0745146,-0.0318546
75|4,0.04,5708,0.04,5,4,0.6894681434916233,14012.9610436902,523.5,13838.3,7792.02,7623.84,7315.96,-1.21762,-1.06323
75|4,0.2,2180,0.2,6,4,0.6894681434916233,14012.9610436902,523.5,13550.3,2155.3,2083.53,1961.29,0.203489,0.486217
75|4,1,968,1,7,4,0.6894681434916233,14012.9610436902,523.5,12501.9,729.079,718.936,702.13,1.22508,1.32954
75|4,5,668,5,8,4,0.6894681434916233,14012.9610436902,523.5,8853.37,544.827,543.797,542.115,0.73688,0.748338
75|9,0.0003648,9810,0.0003648,1,9,0.6894681434916233,14012.9610436902,523.5,10651.7,10651.8,10651.8,10651.8,-0.387183,-0.387181
75|9,0.001824,14515,0.001824,2,9,0.6894681434916233,14012.9610436902,523.5,12808.9,12808.2,12808.6,12808.6,0.655746,0.655763
75|9,0.00912,14010,0.00912,3,9,0.6894681434916233,14012.9610436902,523.5,13589.3,13582.3,13586,13585.7,0.15382,0.153948
75|9,0.0456,15117,0.0456,4,9,0.6894681434916233,14012.9610436902,523.5,13837.3,13777,13808.6,13805.7,0.467185,0.468324
75|9,0.228,12188,0.228,5,9,0.6894681434916233,14012.9610436902,523.5,13795,13306.7,13557.9,13534.4,-0.49797,-0.490253
75|9,1.14,6778,1.14,6,9,0.6894681434916233,14012.9610436902,523.5,13203.3,10178.3,11556.2,11413.9,-2.03005,-1.99352
75|9,5.7,3686,5.7,7,9,0.6894681434916233,14012.9610436902,523.5,10298.8,3614.01,5335.76,5103.28,-1.47378,-1.32051
75|9,28.5,1722,28.5,8,9,0.6894681434916233,14012.9610436902,523.5,3726.52,913.065,1243.45,1191.98,1.55687,1.78355
75|10,0.0003648,9492,0.0003648,1,10,0.6894681434916233,14012.9610436902,523.5,10359.8,10359.9,10359.9,10359.9,-0.410094,-0.410091
75|10,0.001824,15953,0.001824,2,10,0.6894681434916233,14012.9610436902,523.5,12517,12516.3,12516.6,12516.6,1.35062,1.35065
75|10,0.00912,16247,0.00912,3,10,0.6894681434916233,14012.9610436902,523.5,13297.4,13290.5,13293.8,13293.3,1.0944,1.09461
75|10,0.0456,12740,0.0456,4,10,0.6894681434916233,14012.9610436902,523.5,13545.5,13486.5,13514,13510.2,-0.282268,-0.280947
75|10,0.228,11350,0.228,5,10,0.6894681434916233,14012.9610436902,523.5,13504.1,13026.5,13245,13214.2,-0.704773,-0.694905
75|10,1.14,6674,1.14,6,10,0.6894681434916233,14012.9610436902,523.5,12920,9962.56,11144.8,10964,-1.9677,-1.91843
75|10,5.7,4010,5.7,7,10,0.6894681434916233,14012.9610436902,523.5,10066.5,3540.59,4952.74,4684.47,-0.90352,-0.681163
75|10,28.5,1556,28.5,8,10,0.6894681434916233,14012.9610436902,523.5,3634.21,901.864,1163.51,1107.99,1.34634,1.59714
75|7,0.0000768,10480,0.0000768,1,7,0.6894681434916233,14012.9610436902,523.5,10791.7,10791.8,10791.8,10791.8,-0.1416,-0.141599
75|7,0.000384,13258,0.000384,2,7,0.6894681434916233,14012.9610436902,523.5,12948.9,12948.9,12948.8,12948.8,0.117559,0.11756
75|7,0.00192,16339,0.00192,3,7,0.6894681434916233,14012.9610436902,523.5,13729.9,13729,13728.4,13728.4,0.937468,0.937475
75|7,0.0096,16439,0.0096,4,7,0.6894681434916233,14012.9610436902,523.5,13982.3,13974.5,13969.5,13969.4,0.871808,0.871864
75|7,0.048,14116,0.048,5,7,0.6894681434916233,14012.9610436902,523.5,13976.8,13911.6,13870.1,13869.1,0.0874039,0.0877912
75|7,0.24,12342,0.24,6,7,0.6894681434916233,14012.9610436902,523.5,13679,13162.3,12851.5,12844.1,-0.195172,-0.192416
75|7,1.2,5688,1.2,7,7,0.6894681434916233,14012.9610436902,523.5,12556.2,9539.21,8288.05,8262.82,-1.52475,-1.5144
75|7,6,2598,6,8,7,0.6894681434916233,14012.9610436902,523.5,8578.04,2977.67,2219.33,2207.73,0.755797,0.782549
75|8,0.0000768,10458,0.0000768,1,8,0.6894681434916233,14012.9610436902,523.5,10757.4,10757.6,10757.6,10757.6,-0.136459,-0.136457
75|8,0.000384,12990,0.000384,2,8,0.6894681434916233,14012.9610436902,523.5,12914.7,12914.6,12914.6,12914.5,0.0287605,0.0287708
75|8,0.00192,16171,0.00192,3,8,0.6894681434916233,14012.9610436902,523.5,13695.6,13694.7,13694,13693.8,0.891657,0.891757
75|8,0.0096,15275,0.0096,4,8,0.6894681434916233,14012.9610436902,523.5,13948,13940.3,13934.4,13932.4,0.474445,0.475227
75|8,0.048,14237,0.048,5,8,0.6894681434916233,14012.9610436902,523.5,13942.6,13877.6,13828.6,13811.9,0.145613,0.151736
75|8,0.24,10710,0.24,6,8,0.6894681434916233,14012.9610436902,523.5,13644.9,13129.6,12764.3,12644.6,-0.79212,-0.752858
75|8,1.2,6990,1.2,7,8,0.6894681434916233,14012.9610436902,523.5,12523.1,9514.36,8074.43,7685.1,-0.652156,-0.43839
75|8,6,2192,6,8,8,0.6894681434916233,14012.9610436902,523.5,8551.17,2969.48,2123.09,1955.62,0.142988,0.526811
75|12,0.0003712,10454,0.0003712,1,12,0.6894681434916233,14012.9610436902,523.5,7401.93,7391.51,7387.82,7387.15,2.0085,2.00912
75|12,0.001856,10998,0.001856,2,12,0.6894681434916233,14012.9610436902,523.5,9559.14,9442.05,9402.31,9395.21,0.828358,0.832652
75|12,0.00928,9204,0.00928,3,12,0.6894681434916233,14012.9610436902,523.5,10339.7,9361.08,9066.9,9016.69,0.0737211,0.101258
75|12,0.0464,4926,0.0464,4,12,0.6894681434916233,14012.9610436902,523.5,10588.8,5732.7,4987.72,4878.37,-0.0587596,0.0463064
75|12,0.2319999999999999,1482,0.2319999999999999,5,12,0.6894681434916233,14012.9610436902,523.5,10556.1,1661.01,1393.89,1359.81,0.261274,0.369758
75|12,1.16,542,1.16,6,12,0.6894681434916233,14012.9610436902,523.5,10043.2,670.598,633.385,628.825,-0.490449,-0.468247
75|12,5.8,592,5.8,7,12,0.6894681434916233,14012.9610436902,523.5,7678.99,540.682,536.515,536.012,0.332032,0.335242
75|12,29,536,29,8,12,0.6894681434916233,14012.9610436902,523.5,2664.91,525.967,525.589,525.543,0.0631229,0.0634
75|11,0.0003712,11442,0.0003712,1,11,0.6894681434916233,14012.9610436902,523.5,9564.45,9550.56,9554.38,9553.34,0.964794,0.965428
75|11,0.001856,13046,0.001856,2,11,0.6894681434916233,14012.9610436902,523.5,11721.7,11576.4,11615.4,11604.8,0.604791,0.609821
75|11,0.00928,11394,0.00928,3,11,0.6894681434916233,14012.9610436902,523.5,12502.1,11307.8,11606.8,11524.2,-0.090009,-0.0554835
75|11,0.0464,7362,0.0464,4,11,0.6894681434916233,14012.9610436902,523.5,12750.4,6851.23,7799.9,7517.12,-0.272265,-0.0999301
75|11,0.2319999999999999,2518,0.2319999999999999,5,11,0.6894681434916233,14012.9610436902,523.5,12710.6,1905.09,2339.5,2197.94,0.34009,0.644271
75|11,1.16,618,1.16,6,11,0.6894681434916233,14012.9610436902,523.5,12140.2,702.783,767.216,745.784,-0.70092,-0.612483
75|11,5.8,582,5.8,7,11,0.6894681434916233,14012.9610436902,523.5,9391.47,544.555,551.922,549.471,0.176758,0.191707
75|11,29,612,29,8,11,0.6894681434916233,14012.9610436902,523.5,3337.94,526.427,527.135,526.9,0.513565,0.515131
1017|7,0.0016767999999999,10494,0.0016767999999999,1,7,0.2275910745728733,12886.5598455883,553,11914.3,11675,11619.9,11595.9,-0.475787,-0.466577
1017|7,0.0083839999999999,10606,0.0083839999999999,2,7,0.2275910745728733,12886.5598455883,553,12564.9,10722.2,10365.7,10218,0.113477,0.185796
1017|7,0.04192,5238,0.04192,3,7,0.2275910745728733,12886.5598455883,553,12796.4,5401.29,4793.52,4575.34,0.439288,0.684193
1017|7,0.2096,1052,0.2096,4,7,0.2275910745728733,12886.5598455883,553,12837.7,1443.41,1282.64,1230.15,-0.731829,-0.584596
1017|7,1.048,592,1.048,5,7,0.2275910745728733,12886.5598455883,553,12550.2,666.79,645.243,638.372,-0.282182,-0.247557
1017|7,5.24,558,5.24,6,7,0.2275910745728733,12886.5598455883,553,10513.1,567.42,564.835,564.019,-0.0395729,-0.034879
1017|7,26.2,594,26.2,7,7,0.2275910745728733,12886.5598455883,553,4646.81,555.566,555.264,555.169,0.226754,0.227334
1017|7,131,636,131,8,7,0.2275910745728733,12886.5598455883,553,1210.93,554.178,554.144,554.133,0.479798,0.479866
1017|8,0.0016767999999999,10766,0.0016767999999999,1,8,0.2275910745728733,12886.5598455883,553,11904,11664.8,11652.5,11634.6,-0.373615,-0.366619
1017|8,0.0083839999999999,11542,0.0083839999999999,2,8,0.2275910745728733,12886.5598455883,553,12554.5,10713.4,10631.3,10515.6,0.419647,0.478018
1017|8,0.04192,5274,0.04192,3,8,0.2275910745728733,12886.5598455883,553,12786.1,5397.2,5245.38,5045.98,0.0259809,0.214725
1017|8,0.2096,1390,0.2096,4,8,0.2275910745728733,12886.5598455883,553,12827.4,1442.66,1400.25,1347.4,-0.0302894,0.129862
1017|8,1.048,624,1.048,5,8,0.2275910745728733,12886.5598455883,553,12540.2,666.695,660.924,653.888,-0.192521,-0.156976
1017|8,4.46,582,4.46,6,8,0.2275910745728733,12886.5598455883,553,10875.2,570.594,569.732,568.695,0.0706307,0.0766898
1017|8,16.6,600,16.6,7,8,0.2275910745728733,12886.5598455883,553,6387.16,556.861,556.712,556.534,0.252978,0.25407
1017|8,131,552,131,8,8,0.2275910745728733,12886.5598455883,553,1210.33,554.177,554.168,554.157,-0.0127079,-0.0126444
1017|5,0.0004351999999999,10556,0.0004351999999999,1,5,0.2275910745728733,12886.5598455883,553,11904,11863.2,11871.2,11869.8,-0.544321,-0.543807
1017|5,0.0021759999999999,10084,0.0021759999999999,2,5,0.2275910745728733,12886.5598455883,553,12555,12201.1,12268.9,12257.2,-0.875671,-0.871777
1017|5,0.0108799999999999,10022,0.0108799999999999,3,5,0.2275910745728733,12886.5598455883,553,12790,10296.9,10702.3,10630.7,-0.311442,-0.280476
1017|5,0.0543999999999999,5610,0.0543999999999999,4,5,0.2275910745728733,12886.5598455883,553,12860.5,4456.05,5057.96,4943.28,0.518696,0.640133
1017|5,0.2719999999999999,1302,0.2719999999999999,5,5,0.2275910745728733,12886.5598455883,553,12811.1,1196.9,1342.92,1313.94,-0.125103,-0.0371669
1017|5,1.36,572,1.36,6,5,0.2275910745728733,12886.5598455883,553,12336.9,633.53,652.632,648.841,-0.424046,-0.405716
1017|5,6.8,578,6.8,7,5,0.2275910745728733,12886.5598455883,553,9615.51,563.317,565.565,565.123,0.0719291,0.0745278
1017|5,34,612,34,8,5,0.2275910745728733,12886.5598455883,553,3595.35,555.049,555.301,555.252,0.331892,0.332199
1017|6,0.0004351999999999,9474,0.0004351999999999,1,6,0.2275910745728733,12886.5598455883,553,11914.3,11873.5,11878.4,11874.2,-0.994529,-0.993117
1017|6,0.0021759999999999,13580,0.0021759999999999,2,6,0.2275910745728733,12886.5598455883,553,12565.3,12211.1,12252.8,12216.9,0.532598,0.54857
1017|6,0.0108799999999999,10900,0.0108799999999999,3,6,0.2275910745728733,12886.5598455883,553,12800.4,10305.2,10550.5,10338.7,0.162245,0.265727
1017|6,0.0543999999999999,5064,0.0543999999999999,4,6,0.2275910745728733,12886.5598455883,553,12870.8,4459.33,4808.17,4504.78,0.252122,0.585868
1017|6,0.2719999999999999,1104,0.2719999999999999,5,6,0.2275910745728733,12886.5598455883,553,12821.4,1197.44,1279.75,1207.88,-0.558666,-0.345883
1017|6,1.36,532,1.36,6,6,0.2275910745728733,12886.5598455883,553,12346.9,633.597,644.297,634.952,-0.595758,-0.551603
1017|6,6.8,556,6.8,7,6,0.2275910745728733,12886.5598455883,553,9623.32,563.325,564.582,563.485,-0.0496997,-0.0433991
1017|6,34,534,34,8,6,0.2275910745728733,12886.5598455883,553,3598.12,555.05,555.191,555.068,-0.124056,-0.123354
1017|12,0.0014272,9766,0.0014272,1,12,0.2275910745728733,12886.5598455883,553,10891.3,10819.6,10792.7,10785.8,-0.466207,-0.463372
1017|12,0.007136,11476,0.007136,2,12,0.2275910745728733,12886.5598455883,553,11542,10932.1,10717.7,10664.6,0.346698,0.372769
1017|12,0.03568,7314,0.03568,3,12,0.2275910745728733,12886.5598455883,553,11774.6,8060.87,7220.59,7037.6,0.0625487,0.189692
1017|12,0.1784,2258,0.1784,4,12,0.2275910745728733,12886.5598455883,553,11825,2739.78,2225.78,2132.89,0.0641447,0.258554
1017|12,0.892,702,0.892,5,12,0.2275910745728733,12886.5598455883,553,11610.8,866.89,782.185,767.817,-0.371475,-0.308994
1017|12,4.46,612,4.46,6,12,0.2275910745728733,12886.5598455883,553,10021,591.828,581.391,579.648,0.173905,0.184168
1017|12,22.3,526,22.3,7,12,0.2275910745728733,12886.5598455883,553,4841.32,558.412,557.191,556.989,-0.182181,-0.181043
1017|12,111.5,626,111.5,8,12,0.2275910745728733,12886.5598455883,553,1283.91,554.495,554.358,554.336,0.419822,0.419964
1017|11,0.0014272,11078,0.0014272,1,11,0.2275910745728733,12886.5598455883,553,11543.9,11467.8,11470.1,11466.5,-0.167809,-0.166306
1017|11,0.007136,12576,0.007136,2,11,0.2275910745728733,12886.5598455883,553,12194.6,11548.6,11567.2,11538.2,0.428181,0.4416
1017|11,0.03568,8090,0.03568,3,11,0.2275910745728733,12886.5598455883,553,12427.1,8497.39,8577.45,8452.87,-0.276545,-0.208793
1017|11,0.1784,3278,0.1784,4,11,0.2275910745728733,12886.5598455883,553,12475.9,2866.02,2922.78,2834.71,0.554495,0.711383
1017|11,0.892,676,0.892,5,11,0.2275910745728733,12886.5598455883,553,12249.4,884.961,894.663,879.574,-0.918078,-0.865606
1017|11,5.24,582,5.24,6,11,0.2275910745728733,12886.5598455883,553,10211.9,586.358,587.315,585.818,-0.029999,-0.0215823
1017|11,22.3,524,22.3,7,11,0.2275910745728733,12886.5598455883,553,5095.97,558.674,558.811,558.596,-0.202942,-0.201739
1017|11,111.5,578,111.5,8,11,0.2275910745728733,12886.5598455883,553,1329.99,554.526,554.541,554.517,0.137441,0.137585
1017|10,0.0004479999999999,10692,0.0004479999999999,1,10,0.2275910745728733,12886.5598455883,553,11784,11767.1,11770,11768.8,-0.449879,-0.449439
1017|10,0.00224,12886,0.00224,2,10,0.2275910745728733,12886.5598455883,553,12435,12286.3,12311.2,12301.1,0.2296,0.233806
1017|10,0.0111999999999999,12124,0.0111999999999999,3,10,0.2275910745728733,12886.5598455883,553,12670,11501.6,11682.8,11609.2,0.185459,0.217746
1017|10,0.0559999999999999,7640,0.0559999999999999,4,10,0.2275910745728733,12886.5598455883,553,12740.3,6973.63,7529.78,7295.52,0.0708931,0.228393
1017|10,0.2799999999999999,2316,0.2799999999999999,5,10,0.2275910745728733,12886.5598455883,553,12689.5,1976.16,2224.01,2115.23,0.183254,0.417959
1017|10,1.4,630,1.4,6,10,0.2275910745728733,12886.5598455883,553,12204.4,741.046,778.024,761.663,-0.688389,-0.621687
1017|10,7,578,7,7,10,0.2275910745728733,12886.5598455883,553,9439.74,576.081,580.507,578.552,-0.0142571,-0.00314649
1017|10,35,576,35,8,10,0.2275910745728733,12886.5598455883,553,3479.41,556.484,556.981,556.762,0.111111,0.112418
1017|9,0.0004479999999999,10986,0.0004479999999999,1,9,0.2275910745728733,12886.5598455883,553,11872.1,11855.1,11857.9,11857,-0.361261,-0.360891
1017|9,0.00224,12902,0.00224,2,9,0.2275910745728733,12886.5598455883,553,12523.1,12373.3,12398,12389.7,0.199928,0.203376
1017|9,0.0111999999999999,13070,0.0111999999999999,3,9,0.2275910745728733,12886.5598455883,553,12758.1,11581.2,11761.1,11700,0.546646,0.575073
1017|9,0.0559999999999999,8680,0.0559999999999999,4,9,0.2275910745728733,12886.5598455883,553,12828.4,7020.02,7571.55,7376.84,0.709157,0.854858
1017|9,0.2799999999999999,2074,0.2799999999999999,5,9,0.2275910745728733,12886.5598455883,553,12777.2,1986.43,2231.92,2141.3,-0.313624,-0.138608
1017|9,1.4,634,1.4,6,9,0.2275910745728733,12886.5598455883,553,12289.2,742.406,779.018,765.394,-0.67379,-0.618254
1017|9,7,576,7,7,9,0.2275910745728733,12886.5598455883,553,9505.64,576.245,580.627,579.001,-0.0263109,-0.0170945
1017|9,35,628,35,8,9,0.2275910745728733,12886.5598455883,553,3502.36,556.504,556.996,556.814,0.41481,0.415962
1017|4,0.0010624,9714,0.0010624,1,4,0.2275910745728733,12886.5598455883,553,11872.1,11789.4,11803.4,11799.7,-0.869587,-0.868301
1017|4,0.005312,11992,0.005312,2,4,0.2275910745728733,12886.5598455883,553,12522.9,11824.5,11937.5,11907.4,0.0224136,0.0348934
1017|4,0.02656,9882,0.02656,3,4,0.2275910745728733,12886.5598455883,553,12756.3,8572.77,9068.46,8932.31,0.437365,0.518089
1017|4,0.1328,3414,0.1328,4,4,0.2275910745728733,12886.5598455883,553,12813.6,2829.89,3194.21,3088.2,0.31648,0.483787
1017|4,0.664,734,0.664,5,4,0.2275910745728733,12886.5598455883,553,12654.9,877.007,940.636,921.815,-0.835579,-0.771118
1017|4,3.32,542,3.32,6,4,0.2275910745728733,12886.5598455883,553,11397.4,593.024,600.91,598.584,-0.327484,-0.315362
1017|4,16.6,564,16.6,7,4,0.2275910745728733,12886.5598455883,553,6371.66,558.559,559.481,559.21,0.0263269,0.0279104
1017|4,83,516,83,8,4,0.2275910745728733,12886.5598455883,553,1696.71,554.514,554.617,554.587,-0.226227,-0.226059
1017|3,0.0010624,10506,0.0010624,1,3,0.2275910745728733,12886.5598455883,553,11784,11701.9,11691.3,11685,-0.497918,-0.495546
1017|3,0.005312,11892,0.005312,2,3,0.2275910745728733,12886.5598455883,553,12434.8,11741.6,11656.6,11607.5,0.0991767,0.120335
1017|3,0.02656,7480,0.02656,3,3,0.2275910745728733,12886.5598455883,553,12668.2,8514.88,8171.1,7985.47,-0.410876,-0.307242
1017|3,0.1328,2832,0.1328,4,3,0.2275910745728733,12886.5598455883,553,12725.6,2813.57,2594.05,2486.56,0.413545,0.623488
1017|3,0.664,740,0.664,5,3,0.2275910745728733,12886.5598455883,553,12568,874.69,838.027,820.744,-0.43196,-0.36126
1017|3,3.32,556,3.32,6,3,0.2275910745728733,12886.5598455883,553,11319.1,592.742,588.205,586.097,-0.181577,-0.170091
1017|3,26.2,600,26.2,7,3,0.2275910745728733,12886.5598455883,553,4602.4,556.474,556.183,556.049,0.256224,0.257046
1017|3,83,548,83,8,3,0.2275910745728733,12886.5598455883,553,1687.82,554.51,554.45,554.422,-0.037791,-0.037632
291|6,0.0006144,76513,0.0006144,1,6,0.531897618426373,113679.249718167,607,92847,92843.4,92843.3,92843.1,-0.883514,-0.883506
291|6,0.003072,102272,0.003072,2,6,0.531897618426373,113679.249718167,607,106797,106766,106763,106761,-0.211409,-0.211281
291|6,0.01536,99267,0.01536,3,6,0.531897618426373,113679.249718167,607,111838,111382,111352,111311,-0.545446,-0.543796
291|6,0.0768,85522,0.0768,4,6,0.531897618426373,113679.249718167,607,113389,107211,106835,106318,-1.00249,-0.982915
291|6,0.384,49954,0.384,5,6,0.531897618426373,113679.249718167,607,112676,62583.8,60855.9,58607.2,-0.898302,-0.740227
291|6,1.92,9548,1.92,6,6,0.531897618426373,113679.249718167,607,105472,9535.54,9043.24,8440.27,0.272098,0.638303
291|6,9.6,1270,9.6,7,6,0.531897618426373,113679.249718167,607,70834.8,1267.91,1228.85,1181.29,0.135149,0.300666
291|6,48,528,48,8,6,0.531897618426373,113679.249718167,607,17970.4,649.319,646.865,643.868,-0.628902,-0.61498
291|5,0.0006144,76851,0.0006144,1,5,0.531897618426373,113679.249718167,607,92625.6,92621.9,92621.6,92621.5,-0.855268,-0.855263
291|5,0.003072,101000,0.003072,2,5,0.531897618426373,113679.249718167,607,106575,106544,106539,106537,-0.261262,-0.26119
291|5,0.01536,101897,0.01536,3,5,0.531897618426373,113679.249718167,607,111616,111161,111087,111064,-0.415787,-0.41482
291|5,0.0768,93625,0.0768,4,5,0.531897618426373,113679.249718167,607,113168,107002,106072,105780,-0.589666,-0.577412
291|5,0.384,53214,0.384,5,5,0.531897618426373,113679.249718167,607,112456,62462.2,58336.8,57133.9,-0.440244,-0.343924
291|5,1.92,8940,1.92,6,5,0.531897618426373,113679.249718167,607,105263,9517.77,8385.32,8081.02,0.321641,0.516171
291|5,9.6,1202,9.6,7,5,0.531897618426373,113679.249718167,607,70688.3,1266.53,1177.09,1153.26,0.0846685,0.16835
291|5,48,628,48,8,5,0.531897618426373,113679.249718167,607,17928.7,649.22,643.598,642.096,-0.0828124,-0.0749566
291|4,0.000064,78742,0.000064,1,4,0.531897618426373,113679.249718167,607,91942.1,91940.2,91940.2,91940.2,-0.721052,-0.721052
291|4,0.00032,104674,0.00032,2,4,0.531897618426373,113679.249718167,607,105893,105892,105892,105892,-0.0577921,-0.0577901
291|4,0.0016,109031,0.0016,3,4,0.531897618426373,113679.249718167,607,110943,110932,110934,110933,-0.0862071,-0.0861798
291|4,0.008,112435,0.008,4,4,0.531897618426373,113679.249718167,607,112576,112418,112440,112432,-0.000243312,0.000143924
291|4,0.04,96222,0.04,5,4,0.531897618426373,113679.249718167,607,112540,110361,110658,110540,-0.655625,-0.65099
291|4,0.2,69267,0.2,6,4,0.531897618426373,113679.249718167,607,110609,86660.1,89318.8,88250,-1.12752,-1.0803
291|4,1,26117,1,7,4,0.531897618426373,113679.249718167,607,103261,21930.6,24530.7,23430.7,0.321872,0.570337
291|4,5,2412,5,8,4,0.531897618426373,113679.249718167,607,75723.3,2240.52,2493.07,2384.32,-0.145977,0.0518671
291|3,0.000064,84948,0.000064,1,3,0.531897618426373,113679.249718167,607,90054.1,90052,90052,90052,-0.284671,-0.284671
291|3,0.00032,102466,0.00032,2,3,0.531897618426373,113679.249718167,607,104005,104004,104004,104004,-0.0742874,-0.0742856
291|3,0.0016,104314,0.0016,3,3,0.531897618426373,113679.249718167,607,109055,109044,109045,109045,-0.218058,-0.218034
291|3,0.008,106252,0.008,4,3,0.531897618426373,113679.249718167,607,110688,110533,110550,110543,-0.1954,-0.195072
291|3,0.04,101815,0.04,5,3,0.531897618426373,113679.249718167,607,110653,108510,108743,108641,-0.320156,-0.315755
291|3,0.2,73444,0.2,6,3,0.531897618426373,113679.249718167,607,108727,85187.4,87258.4,86341,-0.795067,-0.750128
291|3,1,25577,1,7,3,0.531897618426373,113679.249718167,607,101420,21548.1,23536,22621.5,0.431433,0.649661
291|3,5,2234,5,8,3,0.531897618426373,113679.249718167,607,74170.5,2206.77,2398.12,2308.9,-0.305902,-0.144375
291|9,0.0003648,67254,0.0003648,1,9,0.531897618426373,113679.249718167,607,91942.1,91817.7,91816.1,91812.7,-1.3437,-1.34356
291|9,0.001824,84908,0.001824,2,9,0.531897618426373,113679.249718167,607,105893,103954,103930,103877,-0.9197,-0.917571
291|9,0.00912,66966,0.00912,3,9,0.531897618426373,113679.249718167,607,110938,88056.2,87834.2,87323.7,-1.19319,-1.17079
291|9,0.0456,29642,0.0456,4,9,0.531897618426373,113679.249718167,607,112532,24677.4,24450.3,23931.8,1.05688,1.18729
291|9,0.228,2230,0.228,5,9,0.531897618426373,113679.249718167,607,112177,2762.98,2737.92,2680.23,-0.841032,-0.759901
291|9,1.14,562,1.14,6,9,0.531897618426373,113679.249718167,607,107679,762.95,761.137,756.896,-0.940749,-0.924389
291|9,5.7,484,5.7,7,9,0.531897618426373,113679.249718167,607,84379.1,618.612,618.489,618.197,-0.733413,-0.732051
291|9,28.5,548,28.5,8,9,0.531897618426373,113679.249718167,607,29486,608.662,608.654,608.636,-0.334325,-0.334231
291|10,0.0003648,76142,0.0003648,1,10,0.531897618426373,113679.249718167,607,90054,89932,89924.8,89917.9,-0.769805,-0.769479
291|10,0.001824,78961,0.001824,2,10,0.531897618426373,113679.249718167,607,104004,102101,101988,101881,-1.13447,-1.13038
291|10,0.00912,61146,0.00912,3,10,0.531897618426373,113679.249718167,607,109050,86559.6,85504.1,84512.8,-1.43055,-1.38838
291|10,0.0456,26839,0.0456,4,10,0.531897618426373,113679.249718167,607,110645,24271.5,23210.5,22271.5,0.777598,1.01954
291|10,0.228,2248,0.228,5,10,0.531897618426373,113679.249718167,607,110295,2726.64,2609.54,2507.55,-0.625017,-0.464968
291|10,1.14,632,1.14,6,10,0.531897618426373,113679.249718167,607,105847,760.298,751.756,744.293,-0.570763,-0.538998
291|10,5.7,498,5.7,7,10,0.531897618426373,113679.249718167,607,82876.9,618.421,617.838,617.325,-0.653976,-0.651541
291|10,28.5,558,28.5,8,10,0.531897618426373,113679.249718167,607,28889,608.648,608.612,608.58,-0.278985,-0.278819
291|8,0.0000768,72099,0.0000768,1,8,0.531897618426373,113679.249718167,607,92625.7,92614.2,92615.7,92615.3,-1.11273,-1.11271
291|8,0.000384,93669,0.000384,2,8,0.531897618426373,113679.249718167,607,106577,106421,106445,106438,-0.603146,-0.602862
291|8,0.00192,96224,0.00192,3,8,0.531897618426373,113679.249718167,607,111627,109408,109741,109644,-0.61903,-0.615132
291|8,0.0096,78234,0.0096,4,8,0.531897618426373,113679.249718167,607,113258,88301.1,91378.5,90462.4,-0.722518,-0.678944
291|8,0.048,29776,0.048,5,8,0.531897618426373,113679.249718167,607,113212,23265.6,26423.4,25417,0.632108,0.85402
291|8,0.24,2672,0.24,6,8,0.531897618426373,113679.249718167,607,111199,2575.53,2924.16,2810.36,-0.393452,-0.22378
291|8,1.2,586,1.2,7,8,0.531897618426373,113679.249718167,607,103227,744.842,769.589,761.48,-0.86048,-0.828725
291|8,6,506,6,8,8,0.531897618426373,113679.249718167,607,72786.4,616.528,618.073,617.566,-0.611447,-0.609014
291|7,0.0000768,74219,0.0000768,1,7,0.531897618426373,113679.249718167,607,92847.2,92835.7,92835.6,92834.6,-1.00729,-1.00725
291|7,0.000384,94028,0.000384,2,7,0.531897618426373,113679.249718167,607,106798,106643,106640,106624,-0.594308,-0.593662
291|7,0.00192,88873,0.00192,3,7,0.531897618426373,113679.249718167,607,111848,109625,109585,109367,-0.949876,-0.94173
291|7,0.0096,71607,0.0096,4,7,0.531897618426373,113679.249718167,607,113479,88473.5,88125.4,86223.8,-0.941373,-0.851307
291|7,0.048,25271,0.048,5,7,0.531897618426373,113679.249718167,607,113434,23310.2,22991.7,21345.6,0.493062,0.913697
291|7,0.24,2124,0.24,6,7,0.531897618426373,113679.249718167,607,111420,2579.46,2545.82,2373.78,-0.745513,-0.469792
291|7,1.2,676,1.2,7,7,0.531897618426373,113679.249718167,607,103442,745.128,742.768,730.607,-0.320946,-0.265572
291|7,6,642,6,8,7,0.531897618426373,113679.249718167,607,72960.1,616.548,616.402,615.642,0.139911,0.144182
291|11,0.0003712,73274,0.0003712,1,11,0.531897618426373,113679.249718167,607,84910.7,84759.7,84732.3,84727.1,-0.679053,-0.67879
291|11,0.001856,69690,0.001856,2,11,0.531897618426373,113679.249718167,607,98861.2,96498.5,96073.6,95994.3,-1.37958,-1.37657
291|11,0.00928,51029,0.00928,3,11,0.531897618426373,113679.249718167,607,103907,77487.3,74013.9,73393.7,-1.55861,-1.52932
291|11,0.0464,18731,0.0464,4,11,0.531897618426373,113679.249718167,607,105503,18713.4,16311.8,15926.5,0.733687,0.870735
291|11,0.2319999999999999,1836,0.2319999999999999,5,11,0.531897618426373,113679.249718167,607,105162,2152.99,1915.16,1877.89,-0.17964,-0.0966836
291|11,1.16,454,1.16,6,11,0.531897618426373,113679.249718167,607,100786,718.507,701.31,698.607,-1.23774,-1.22751
291|11,5.8,548,5.8,7,11,0.531897618426373,113679.249718167,607,78414.2,615.541,614.368,614.183,-0.363549,-0.362606
291|11,29,510,29,8,11,0.531897618426373,113679.249718167,607,26844.9,608.465,608.393,608.382,-0.542499,-0.542442
291|12,0.0003712,69558,0.0003712,1,12,0.531897618426373,113679.249718167,607,70925.6,70798.1,70833.5,70831.3,-0.090359,-0.0902057
291|12,0.001856,72538,0.001856,2,12,0.531897618426373,113679.249718167,607,84876.2,82848.5,83417.9,83382.2,-0.654902,-0.653029
291|12,0.00928,50948,0.00928,3,12,0.531897618426373,113679.249718167,607,89922.9,67078.6,72328.4,71975,-1.48345,-1.46607
291|12,0.0464,23756,0.0464,4,12,0.531897618426373,113679.249718167,607,91524.1,16300.4,21171,20776.7,0.606572,0.712197
291|12,0.2319999999999999,2516,0.2319999999999999,5,12,0.531897618426373,113679.249718167,607,91228.3,1947.08,2473.36,2428.06,0.0773308,0.162109
291|12,1.16,468,1.16,6,12,0.531897618426373,113679.249718167,607,87224.5,703.546,741.844,738.515,-1.3175,-1.30563
291|12,5.8,510,5.8,7,12,0.531897618426373,113679.249718167,607,67339.6,614.468,617.065,616.838,-0.584763,-0.583667
291|12,29,486,29,8,12,0.531897618426373,113679.249718167,607,22492.4,608.389,608.544,608.53,-0.675543,-0.675478
1197|7,0.0016767999999999,74837,0.0016767999999999,1,7,0.5350781321251534,116813.80898494,636.5,95281.2,94979.5,95007.7,94974.4,-1.06651,-1.06512
1197|7,0.0083839999999999,71977,0.0083839999999999,2,7,0.5350781321251534,116813.80898494,636.5,109697,102894,103371,102785,-1.52604,-1.50606
1197|7,0.04192,42847,0.04192,3,7,0.5350781321251534,116813.80898494,636.5,114878,48559.6,50137.8,48090.1,-0.728394,-0.545986
1197|7,0.2096,5272,0.2096,4,7,0.5350781321251534,116813.80898494,636.5,116239,4528.83,4664.62,4465.79,0.615858,0.851518
1197|7,1.048,660,1.048,5,7,0.5350781321251534,116813.80898494,636.5,113534,830.758,833.586,827.526,-0.767894,-0.745047
1197|7,5.24,592,5.24,6,7,0.5350781321251534,116813.80898494,636.5,93571,646.672,646.613,646.518,-0.28903,-0.288555
1197|7,26.2,544,26.2,7,7,0.5350781321251534,116813.80898494,636.5,37800.3,637.923,637.911,637.915,-0.501588,-0.501608
1197|7,131,580,131,8,7,0.5350781321251534,116813.80898494,636.5,6110.4,637.519,637.519,637.519,-0.307339,-0.307342
1197|8,0.0016767999999999,74846,0.0016767999999999,1,8,0.5350781321251534,116813.80898494,636.5,95052.2,94751.3,94783.4,94751.2,-1.05666,-1.05531
1197|8,0.0083839999999999,76735,0.0083839999999999,2,8,0.5350781321251534,116813.80898494,636.5,109468,102679,103243,102677,-1.29011,-1.26952
1197|8,0.04192,41404,0.04192,3,8,0.5350781321251534,116813.80898494,636.5,114649,48463.6,50451.8,48456.2,-0.898339,-0.728856
1197|8,0.2096,5378,0.2096,4,8,0.5350781321251534,116813.80898494,636.5,116011,4521.15,4714.25,4520.15,0.66636,0.895863
1197|8,1.048,706,1.048,5,8,0.5350781321251534,116813.80898494,636.5,113311,830.376,836.1,830.325,-0.574257,-0.551555
1197|8,5.24,542,5.24,6,8,0.5350781321251534,116813.80898494,636.5,93384.9,646.654,646.73,646.651,-0.554193,-0.553821
1197|8,26.2,550,26.2,7,8,0.5350781321251534,116813.80898494,636.5,37722.3,637.922,637.916,637.922,-0.469566,-0.469591
1197|8,131,550,131,8,8,0.5350781321251534,116813.80898494,636.5,6097.16,637.519,637.519,637.519,-0.46764,-0.467642
1197|6,0.0004351999999999,82107,0.0004351999999999,1,6,0.5350781321251534,116813.80898494,636.5,95281.6,95257.7,95254.4,95251.6,-0.693366,-0.693237
1197|6,0.0021759999999999,94216,0.0021759999999999,2,6,0.5350781321251534,116813.80898494,636.5,109701,109134,109043,108990,-0.683344,-0.68122
1197|6,0.0108799999999999,78272,0.0108799999999999,3,6,0.5350781321251534,116813.80898494,636.5,114915,103705,101863,101185,-1.16368,-1.13778
1197|6,0.0543999999999999,33061,0.0543999999999999,4,6,0.5350781321251534,116813.80898494,636.5,116551,36173.3,31646.2,30826.7,0.223142,0.361683
1197|6,0.2719999999999999,2724,0.2719999999999999,5,6,0.5350781321251534,116813.80898494,636.5,116086,3049.47,2596.52,2567.03,0.221374,0.275384
1197|6,1.36,578,1.36,6,6,0.5350781321251534,116813.80898494,636.5,110683,754.078,729.874,730.386,-0.739132,-0.741257
1197|6,6.8,604,6.8,7,6,0.5350781321251534,116813.80898494,636.5,82987.1,642.856,641.655,641.767,-0.200325,-0.200894
1197|6,34,546,34,8,6,0.5350781321251534,116813.80898494,636.5,25998.3,637.725,637.671,637.68,-0.48975,-0.489789
1197|5,0.0004351999999999,85902,0.0004351999999999,1,5,0.5350781321251534,116813.80898494,636.5,95052.7,95028.8,95030.9,95026.4,-0.482567,-0.482348
1197|5,0.0021759999999999,97095,0.0021759999999999,2,5,0.5350781321251534,116813.80898494,636.5,109472,108906,108945,108848,-0.546628,-0.542616
1197|5,0.0108799999999999,87358,0.0108799999999999,3,5,0.5350781321251534,116813.80898494,636.5,114686,103499,103999,102460,-0.804049,-0.740616
1197|5,0.0543999999999999,36940,0.0543999999999999,4,5,0.5350781321251534,116813.80898494,636.5,116322,36103.1,36836.6,33719,0.0140244,0.477092
1197|5,0.2719999999999999,2878,0.2719999999999999,5,5,0.5350781321251534,116813.80898494,636.5,115858,3044.7,3065.28,2822.4,-0.279987,0.0895825
1197|5,1.36,646,1.36,6,5,0.5350781321251534,116813.80898494,636.5,110463,753.845,752.428,742.904,-0.506918,-0.465746
1197|5,6.8,580,6.8,7,5,0.5350781321251534,116813.80898494,636.5,82814.2,642.844,642.67,642.341,-0.333045,-0.331415
1197|5,34,628,34,8,5,0.5350781321251534,116813.80898494,636.5,25937,637.725,637.713,637.704,-0.0518881,-0.0518392
1197|12,0.0014272,64032,0.0014272,1,12,0.5350781321251534,116813.80898494,636.5,72623.2,72256.3,72161.9,72123.9,-0.565376,-0.563033
1197|12,0.007136,55335,0.007136,2,12,0.5350781321251534,116813.80898494,636.5,87040.2,78723.8,76633.1,76084.5,-1.39506,-1.36889
1197|12,0.03568,22894,0.03568,3,12,0.5350781321251534,116813.80898494,636.5,92235.4,29128.1,24074,23423.4,-0.243925,-0.112443
1197|12,0.1784,2488,0.1784,4,12,0.5350781321251534,116813.80898494,636.5,93711.9,2619.06,2123.45,2099.24,0.756329,0.814674
1197|12,0.892,422,0.892,5,12,0.5350781321251534,116813.80898494,636.5,91943.2,734.735,708.538,708.842,-1.42385,-1.42493
1197|12,4.46,484,4.46,6,12,0.5350781321251534,116813.80898494,636.5,77920.3,642.096,640.788,640.872,-0.834872,-0.835245
1197|12,22.3,418,22.3,7,12,0.5350781321251534,116813.80898494,636.5,34350.3,637.71,637.648,637.655,-1.17348,-1.17351
1197|12,111.5,586,111.5,8,12,0.5350781321251534,116813.80898494,636.5,5720.36,637.51,637.507,637.508,-0.275224,-0.275226
1197|10,0.0004479999999999,78110,0.0004479999999999,1,10,0.5350781321251534,116813.80898494,636.5,92394.6,92341.7,92354.6,92350.4,-0.774735,-0.774543
1197|10,0.00224,84573,0.00224,2,10,0.5350781321251534,116813.80898494,636.5,106814,105557,105841,105763,-1.00977,-1.00678
1197|10,0.0111999999999999,58621,0.0111999999999999,3,10,0.5350781321251534,116813.80898494,636.5,112028,89807.8,93739.8,92845.1,-1.88191,-1.85158
1197|10,0.0559999999999999,24817,0.0559999999999999,4,10,0.5350781321251534,116813.80898494,636.5,113663,18922.6,22495.1,21859.7,0.513202,0.672384
1197|10,0.2799999999999999,1870,0.2799999999999999,5,10,0.5350781321251534,116813.80898494,636.5,113192,1676.52,1898.87,1879.71,-0.0660078,-0.0223821
1197|10,1.4,510,1.4,6,10,0.5350781321251534,116813.80898494,636.5,107748,687.141,696.627,696.951,-0.938397,-0.939724
1197|10,7,484,7,7,10,0.5350781321251534,116813.80898494,636.5,80046.3,639.777,640.156,640.227,-0.832064,-0.83238
1197|10,111.5,602,111.5,8,10,0.5350781321251534,116813.80898494,636.5,7116.39,637.512,637.514,637.514,-0.189762,-0.189766
1197|9,0.0004479999999999,78594,0.0004479999999999,1,9,0.5350781321251534,116813.80898494,636.5,94346.1,94292.1,94308.8,94302.7,-0.837045,-0.836774
1197|9,0.00224,83899,0.00224,2,9,0.5350781321251534,116813.80898494,636.5,108765,107486,107861,107735,-1.11641,-1.11185
1197|9,0.0111999999999999,69732,0.0111999999999999,3,9,0.5350781321251534,116813.80898494,636.5,113979,91369.9,96749.5,95078.5,-1.40289,-1.33918
1197|9,0.0559999999999999,27611,0.0559999999999999,4,9,0.5350781321251534,116813.80898494,636.5,115613,19238.2,24557.7,22913.3,0.618876,1.01962
1197|9,0.2799999999999999,1566,0.2799999999999999,5,9,0.5350781321251534,116813.80898494,636.5,115134,1694.45,2041.94,1950.47,-1.02171,-0.858814
1197|9,1.4,560,1.4,6,9,0.5350781321251534,116813.80898494,636.5,109624,688.011,703.417,700.38,-0.716276,-0.703226
1197|9,7,566,7,7,9,0.5350781321251534,116813.80898494,636.5,81505.8,639.819,640.464,640.387,-0.396644,-0.396268
1197|9,35,568,35,8,9,0.5350781321251534,116813.80898494,636.5,25048.5,637.598,637.623,637.622,-0.371974,-0.371971
1197|3,0.0010624,83416,0.0010624,1,3,0.5350781321251534,116813.80898494,636.5,92394.4,92260.7,92268.2,92249.3,-0.481904,-0.480974
1197|3,0.005312,89383,0.005312,2,3,0.5350781321251534,116813.80898494,636.5,106812,103685,103794,103426,-0.697666,-0.68226
1197|3,0.02656,58909,0.02656,3,3,0.5350781321251534,116813.80898494,636.5,112012,68910.6,69321.3,66723.2,-0.753644,-0.587519
1197|3,0.1328,9266,0.1328,4,3,0.5350781321251534,116813.80898494,636.5,113527,8636.33,8596.35,8047.58,0.379107,0.735092
1197|3,0.664,850,0.664,5,3,0.5350781321251534,116813.80898494,636.5,112065,1049.82,1039.14,1017.46,-0.708803,-0.637828
1197|3,3.32,606,3.32,6,3,0.5350781321251534,116813.80898494,636.5,99608.2,657.096,656.191,655.553,-0.262981,-0.259811
1197|3,16.6,578,16.6,7,3,0.5350781321251534,116813.80898494,636.5,52245.1,638.4,638.341,638.329,-0.322138,-0.32208
1197|3,83,552,83,8,3,0.5350781321251534,116813.80898494,636.5,9901.57,637.539,637.536,637.536,-0.457036,-0.457037
1197|4,0.0010624,79953,0.0010624,1,4,0.5350781321251534,116813.80898494,636.5,94345.9,94209.4,94189.3,94168.1,-0.759254,-0.758294
1197|4,0.005312,90004,0.005312,2,4,0.5350781321251534,116813.80898494,636.5,108763,105579,105051,104651,-0.719769,-0.703308
1197|4,0.02656,58715,0.02656,3,4,0.5350781321251534,116813.80898494,636.5,113963,70106.7,65199.4,62821,-0.498875,-0.327798
1197|4,0.1328,7962,0.1328,4,4,0.5350781321251534,116813.80898494,636.5,115475,8774.36,7384.48,6988.24,0.378468,0.672803
1197|4,0.664,770,0.664,5,4,0.5350781321251534,116813.80898494,636.5,113988,1056.94,973.953,959.761,-0.803255,-0.755745
1197|4,3.32,568,3.32,6,4,0.5350781321251534,116813.80898494,636.5,101342,657.44,653.153,652.808,-0.447577,-0.445927
1197|4,16.6,564,16.6,7,4,0.5350781321251534,116813.80898494,636.5,53193.7,638.416,638.205,638.204,-0.396211,-0.396206
1197|4,83,596,83,8,4,0.5350781321251534,116813.80898494,636.5,10098.6,637.54,637.53,637.531,-0.221907,-0.22191
1197|11,0.0014272,67698,0.0014272,1,11,0.5350781321251534,116813.80898494,636.5,87078.2,86637.8,86564.9,86477.1,-1.09452,-1.09053
1197|11,0.007136,59779,0.007136,2,11,0.5350781321251534,116813.80898494,636.5,101495,91787.2,90139.7,88672.8,-1.6917,-1.6365
1197|11,0.03568,23906,0.03568,3,11,0.5350781321251534,116813.80898494,636.5,106686,33622.8,29342.4,26958.7,-0.924088,-0.564273
1197|11,0.1784,2906,0.1784,4,11,0.5350781321251534,116813.80898494,636.5,108129,2926.01,2487.51,2320.68,0.755074,1.12315
1197|11,0.892,526,0.892,5,11,0.5350781321251534,116813.80898494,636.5,106087,749.796,726.048,719.645,-0.977196,-0.951826
1197|11,4.46,512,4.46,6,11,0.5350781321251534,116813.80898494,636.5,90112.4,642.821,641.608,641.392,-0.689547,-0.688553
1197|11,22.3,520,22.3,7,11,0.5350781321251534,116813.80898494,636.5,39990.2,637.745,637.686,637.68,-0.628719,-0.628691
1197|11,35,602,35,8,11,0.5350781321251534,116813.80898494,636.5,23155.3,637.591,637.569,637.567,-0.190045,-0.190035
77|6,0.0006144,31418,0.0006144,1,6,-0.06431371042071,41988.2223733455,476.5,42912.9,38683.7,38306.5,38095.9,-0.899077,-0.876372
77|6,0.003072,16903,0.003072,2,6,-0.06431371042071,41988.2223733455,476.5,42293.2,22119.2,21118.2,20597.4,-0.991549,-0.890698
77|6,0.01536,4450,0.01536,3,6,-0.06431371042071,41988.2223733455,476.5,42065.2,5176.95,4790.55,4603.23,-0.336773,-0.15731
77|6,0.0768,1342,0.0768,4,6,-0.06431371042071,41988.2223733455,476.5,41961.2,1096.17,1039.95,1013.41,1.13127,1.25543
77|6,0.384,938,0.384,5,6,-0.06431371042071,41988.2223733455,476.5,41699.2,551.944,545.068,541.871,2.32773,2.35552
77|6,1.92,712,1.92,6,6,-0.06431371042071,41988.2223733455,476.5,39685.2,486.371,485.547,485.169,1.44242,1.44552
77|6,9.6,794,9.6,7,6,-0.06431371042071,41988.2223733455,476.5,28131.8,478.561,478.462,478.417,2.02803,2.02843
77|6,48,626,48,8,6,-0.06431371042071,41988.2223733455,476.5,8465.21,477.629,477.617,477.612,0.954713,0.954754
77|5,0.0006144,34690,0.0006144,1,5,-0.06431371042071,41988.2223733455,476.5,42922.8,38692.5,38793,38562.6,-0.528858,-0.502116
77|5,0.003072,18239,0.003072,2,5,-0.06431371042071,41988.2223733455,476.5,42303,22124.3,22398.1,21772.6,-0.923216,-0.806583
77|5,0.01536,4564,0.01536,3,5,-0.06431371042071,41988.2223733455,476.5,42075.1,5178.07,5286.73,5039.55,-0.651296,-0.448359
77|5,0.0768,1360,0.0768,4,5,-0.06431371042071,41988.2223733455,476.5,41971.1,1096.32,1111.98,1076.13,0.881719,1.03532
77|5,0.384,1130,0.384,5,5,-0.06431371042071,41988.2223733455,476.5,41708.9,551.962,553.839,549.502,3.37834,3.42104
77|5,1.92,728,1.92,6,5,-0.06431371042071,41988.2223733455,476.5,39694.5,486.373,486.593,486.08,1.53565,1.53991
77|5,9.6,752,9.6,7,5,-0.06431371042071,41988.2223733455,476.5,28138.3,478.561,478.587,478.526,1.757,1.75753
77|5,48,878,48,8,5,-0.06431371042071,41988.2223733455,476.5,8467.06,477.629,477.633,477.625,2.57597,2.57604
77|3,0.000064,43169,0.000064,1,3,-0.06431371042071,41988.2223733455,476.5,43037,42802.3,42803.5,42800.3,0.0427297,0.0431064
77|3,0.00032,39049,0.00032,2,3,-0.06431371042071,41988.2223733455,476.5,42417.6,40547.5,40555.5,40531.8,-0.185804,-0.182988
77|3,0.0016,29908,0.0016,3,3,-0.06431371042071,41988.2223733455,476.5,42193.2,30423.4,30457.7,30349.4,-0.0900528,-0.0725714
77|3,0.008,10350,0.008,4,3,-0.06431371042071,41988.2223733455,476.5,42119,10139.6,10166.6,10075,0.0882508,0.133525
77|3,0.04,1788,0.04,5,3,-0.06431371042071,41988.2223733455,476.5,42105.8,1919.73,1924.2,1907.62,-0.307821,-0.272386
77|3,0.2,944,0.2,6,3,-0.06431371042071,41988.2223733455,476.5,42066.8,654.461,654.95,652.929,1.51646,1.53028
77|3,1,862,1,7,3,-0.06431371042071,41988.2223733455,476.5,41369.2,498.707,498.757,498.523,2.27573,2.27786
77|3,5,850,5,8,3,-0.06431371042071,41988.2223733455,476.5,35479.4,480.058,480.063,480.036,2.37281,2.37307
77|4,0.000064,45568,0.000064,1,4,-0.06431371042071,41988.2223733455,476.5,42953.2,42719,42748.6,42730.1,0.330021,0.332331
77|4,0.00032,42519,0.00032,2,4,-0.06431371042071,41988.2223733455,476.5,42333.8,40467.4,40694.5,40552.4,0.224264,0.242574
77|4,0.0016,32499,0.0016,3,4,-0.06431371042071,41988.2223733455,476.5,42109.4,30363.2,31467.1,30769.6,0.163676,0.280473
77|4,0.008,11100,0.008,4,4,-0.06431371042071,41988.2223733455,476.5,42035.2,10120.2,11152,10485.6,-0.0228913,0.286935
77|4,0.04,1742,0.04,5,4,-0.06431371042071,41988.2223733455,476.5,42022,1916.83,2115.24,1986.07,-0.77698,-0.536727
77|4,0.2,908,0.2,6,4,-0.06431371042071,41988.2223733455,476.5,41983.3,654.106,679.239,662.882,1.17056,1.27544
77|4,1,792,1,7,4,-0.06431371042071,41988.2223733455,476.5,41287.5,498.665,501.679,499.721,1.81229,1.82895
77|4,5,628,5,8,4,-0.06431371042071,41988.2223733455,476.5,35410.5,480.053,480.415,480.18,0.946198,0.947988
77|9,0.0003648,39501,0.0003648,1,9,-0.06431371042071,41988.2223733455,476.5,42953.1,42907.9,42907.4,42902.9,-0.397262,-0.396783
77|9,0.001824,33817,0.001824,2,9,-0.06431371042071,41988.2223733455,476.5,42333.6,41961.8,41957.3,41921.1,-0.970688,-0.967194
77|9,0.00912,26621,0.00912,3,9,-0.06431371042071,41988.2223733455,476.5,42107.5,39186.6,39152.2,38888.1,-1.6005,-1.57733
77|9,0.0456,18897,0.0456,4,9,-0.06431371042071,41988.2223733455,476.5,42019.1,25881.8,25753,24833.8,-1.32592,-1.19012
77|9,0.228,6130,0.228,5,9,-0.06431371042071,41988.2223733455,476.5,41887,7016.83,6943.02,6458.91,-0.565251,-0.24504
77|9,1.14,1632,1.14,6,9,-0.06431371042071,41988.2223733455,476.5,40877.6,1380.61,1368.42,1292.37,0.793488,1.0711
77|9,5.7,948,5.7,7,9,-0.06431371042071,41988.2223733455,476.5,33780.9,587.421,585.862,576.492,2.04713,2.12241
77|9,28.5,518,28.5,8,9,-0.06431371042071,41988.2223733455,476.5,13907.4,490.778,490.584,489.455,0.173527,0.180925
77|10,0.0003648,35866,0.0003648,1,10,-0.06431371042071,41988.2223733455,476.5,43036.9,42991.6,42982.5,42980.1,-0.828505,-0.828272
77|10,0.001824,34189,0.001824,2,10,-0.06431371042071,41988.2223733455,476.5,42417.4,42044.9,41970.1,41950.8,-0.927573,-0.925696
77|10,0.00912,29560,0.00912,3,10,-0.06431371042071,41988.2223733455,476.5,42191.3,39264.5,38718.5,38581.6,-1.18274,-1.16916
77|10,0.0456,18735,0.0456,4,10,-0.06431371042071,41988.2223733455,476.5,42102.9,25933,24063.9,23635.3,-1.10202,-1.03153
77|10,0.228,5920,0.228,5,10,-0.06431371042071,41988.2223733455,476.5,41970.5,7030.02,6067.33,5870.17,-0.116509,0.040666
77|10,1.14,1412,1.14,6,10,-0.06431371042071,41988.2223733455,476.5,40958.9,1382.43,1231.32,1201.61,0.592441,0.703443
77|10,5.7,958,5.7,7,10,-0.06431371042071,41988.2223733455,476.5,33847.6,587.641,568.913,565.292,2.2421,2.27237
77|10,28.5,822,28.5,8,10,-0.06431371042071,41988.2223733455,476.5,13933.9,490.804,488.533,488.1,2.11608,2.11998
77|8,0.0000768,34940,0.0000768,1,8,-0.06431371042071,41988.2223733455,476.5,42922.8,42917,42917.8,42917.7,-0.930165,-0.930154
77|8,0.000384,36968,0.000384,2,8,-0.06431371042071,41988.2223733455,476.5,42303.5,42255.9,42262.1,42261.1,-0.626772,-0.626671
77|8,0.00192,37060,0.00192,3,8,-0.06431371042071,41988.2223733455,476.5,42079,41683.8,41735,41727.1,-0.560417,-0.559574
77|8,0.0096,34816,0.0096,4,8,-0.06431371042071,41988.2223733455,476.5,42004.4,38901.3,39278.8,39220.9,-0.568171,-0.561628
77|8,0.048,23358,0.048,5,8,-0.06431371042071,41988.2223733455,476.5,41987.5,25188.3,26558.7,26344.2,-0.60043,-0.564711
77|8,0.24,5846,0.24,6,8,-0.06431371042071,41988.2223733455,476.5,41918.7,6657.56,7422.55,7298.43,-1.02808,-0.962602
77|8,1.2,1892,1.2,7,8,-0.06431371042071,41988.2223733455,476.5,40981.5,1326.45,1449.26,1429.36,1.27144,1.34382
77|8,6,882,6,8,8,-0.06431371042071,41988.2223733455,476.5,33771.5,581.668,596.999,594.552,1.59121,1.60923
77|7,0.0000768,30832,0.0000768,1,7,-0.06431371042071,41988.2223733455,476.5,42913,42907.2,42907.8,42907.4,-1.4083,-1.40827
77|7,0.000384,38389,0.000384,2,7,-0.06431371042071,41988.2223733455,476.5,42293.6,42246.1,42251.4,42248.2,-0.457391,-0.457045
77|7,0.00192,35394,0.00192,3,7,-0.06431371042071,41988.2223733455,476.5,42069.2,41674.1,41718.3,41691.9,-0.758429,-0.755739
77|7,0.0096,35666,0.0096,4,7,-0.06431371042071,41988.2223733455,476.5,41994.5,38892.2,39217.9,39023.4,-0.452896,-0.430221
77|7,0.048,22898,0.048,5,7,-0.06431371042071,41988.2223733455,476.5,41977.7,25182.4,26356.8,25646.7,-0.653766,-0.533764
77|7,0.24,7590,0.24,6,7,-0.06431371042071,41988.2223733455,476.5,41908.9,6656.1,7305.28,6905.39,0.188532,0.478458
77|7,1.2,1360,1.2,7,7,-0.06431371042071,41988.2223733455,476.5,40972,1326.26,1430.11,1365.9,-0.203564,-0.0177853
77|7,6,822,6,8,7,-0.06431371042071,41988.2223733455,476.5,33763.7,581.644,594.597,586.601,1.27302,1.32959
77|12,0.0003712,45444,0.0003712,1,12,-0.06431371042071,41988.2223733455,476.5,43886.1,43758.2,43746.6,43739.2,0.194186,0.195062
77|12,0.001856,37090,0.001856,2,12,-0.06431371042071,41988.2223733455,476.5,43266.5,42228.2,42135.9,42078.1,-0.599165,-0.593107
77|12,0.00928,32149,0.00928,3,12,-0.06431371042071,41988.2223733455,476.5,43040.4,35670.4,35120,34787.1,-0.422655,-0.378848
77|12,0.0464,16881,0.0464,4,12,-0.06431371042071,41988.2223733455,476.5,42951.2,15850.7,14996.2,14518.5,0.620745,0.803165
77|12,0.2319999999999999,2962,0.2319999999999999,5,12,-0.06431371042071,41988.2223733455,476.5,42813.1,3157.44,2943.31,2829.8,0.0289892,0.21249
77|12,1.16,426,1.16,6,12,-0.06431371042071,41988.2223733455,476.5,41754.5,815.039,786.483,771.656,-1.66345,-1.61698
77|12,5.8,460,5.8,7,12,-0.06431371042071,41988.2223733455,476.5,34361.9,518.078,514.607,512.831,-0.335504,-0.325295
77|12,29,486,29,8,12,-0.06431371042071,41988.2223733455,476.5,13987.2,482.394,481.973,481.761,0.0257659,0.0271321
77|11,0.0003712,46172,0.0003712,1,11,-0.06431371042071,41988.2223733455,476.5,43265.3,43139.2,43146.3,43138,0.350922,0.35196
77|11,0.001856,35384,0.001856,2,11,-0.06431371042071,41988.2223733455,476.5,42645.7,41622.5,41678.7,41612.6,-0.755593,-0.748829
77|11,0.00928,31066,0.00928,3,11,-0.06431371042071,41988.2223733455,476.5,42419.6,35157.2,35495.9,35097.6,-0.623576,-0.573892
77|11,0.0464,17065,0.0464,4,11,-0.06431371042071,41988.2223733455,476.5,42330.7,15626.1,16181.7,15530.6,0.269995,0.488308
77|11,0.2319999999999999,3456,0.2319999999999999,5,11,-0.06431371042071,41988.2223733455,476.5,42194.5,3118.29,3261.84,3093.92,0.274277,0.536758
77|11,1.16,552,1.16,6,11,-0.06431371042071,41988.2223733455,476.5,41152.4,810.116,829.172,806.868,-1.23089,-1.15454
77|11,5.8,432,5.8,7,11,-0.06431371042071,41988.2223733455,476.5,33870.3,517.489,519.779,517.096,-0.535932,-0.521246
77|11,29,516,29,8,11,-0.06431371042071,41988.2223733455,476.5,13794,482.324,482.598,482.276,0.213554,0.215699
745|7,0.0016767999999999,14036,0.0016767999999999,1,7,0.1560078845540696,43666.5428025049,468.5,41332.1,34776.7,29104.6,28826.4,-2.58209,-2.55862
745|7,0.0083839999999999,8654,0.0083839999999999,2,7,0.1560078845540696,43666.5428025049,468.5,42893.6,16729.8,9697.24,9469.48,-0.525601,-0.420423
745|7,0.04192,2340,0.04192,3,7,0.1560078845540696,43666.5428025049,468.5,43444.9,3423.92,1842.57,1801.44,1.16696,1.28809
745|7,0.2096,544,0.2096,4,7,0.1560078845540696,43666.5428025049,468.5,43505.4,844.527,637.909,632.794,-0.501576,-0.476841
745|7,1.048,500,1.048,5,7,0.1560078845540696,43666.5428025049,468.5,42498.2,514.377,489.559,488.956,0.0661685,0.0700422
745|7,5.24,446,5.24,6,7,0.1560078845540696,43666.5428025049,468.5,35429.6,474.813,471.873,471.803,-0.167702,-0.167261
745|7,26.2,530,26.2,7,7,0.1560078845540696,43666.5428025049,468.5,14925.9,470.124,469.78,469.771,0.391383,0.39144
745|7,131,486,131,8,7,0.1560078845540696,43666.5428025049,468.5,2832.43,469.573,469.534,469.533,0.107052,0.107059
745|8,0.0016767999999999,19753,0.0016767999999999,1,8,0.1560078845540696,43666.5428025049,468.5,41307.2,34755.9,32770.7,32506.3,-1.98342,-1.95879
745|8,0.0083839999999999,15397,0.0083839999999999,2,8,0.1560078845540696,43666.5428025049,468.5,42868.8,16720.3,13610.6,13265.8,0.646931,0.791381
745|8,0.04192,2644,0.04192,3,8,0.1560078845540696,43666.5428025049,468.5,43420.1,3422.22,2644,2567.15,5.20424e-06,0.134823
745|8,0.2096,626,0.2096,4,8,0.1560078845540696,43666.5428025049,468.5,43480.7,844.312,740.798,730.891,-0.552862,-0.50998
745|8,1.048,466,1.048,5,8,0.1560078845540696,43666.5428025049,468.5,42474.1,514.351,501.882,500.707,-0.223931,-0.216912
745|8,5.24,480,5.24,6,8,0.1560078845540696,43666.5428025049,468.5,35409.4,474.81,473.331,473.194,0.043144,0.0440414
745|8,26.2,496,26.2,7,8,0.1560078845540696,43666.5428025049,468.5,14917.4,470.124,469.95,469.934,0.169264,0.169371
745|8,131,504,131,8,8,0.1560078845540696,43666.5428025049,468.5,2831,469.573,469.553,469.551,0.223942,0.223954
745|6,0.0004351999999999,15921,0.0004351999999999,1,6,0.1560078845540696,43666.5428025049,468.5,41332.2,40063.6,40488.1,40457.3,-3.03499,-3.03348
745|6,0.0021759999999999,19539,0.0021759999999999,2,6,0.1560078845540696,43666.5428025049,468.5,42895.2,33880.9,36494.2,36295.3,-2.32196,-2.30719
745|6,0.0108799999999999,15797,0.0108799999999999,3,6,0.1560078845540696,43666.5428025049,468.5,43458.7,13608.1,17686.3,17319.3,-0.529211,-0.435268
745|6,0.0543999999999999,4440,0.0543999999999999,4,6,0.1560078845540696,43666.5428025049,468.5,43621.4,2613.77,3641.07,3539,1.02016,1.18104
745|6,0.2719999999999999,686,0.2719999999999999,5,6,0.1560078845540696,43666.5428025049,468.5,43448.3,735.772,871.998,858.346,-0.795963,-0.746189
745|6,1.36,510,1.36,6,6,0.1560078845540696,43666.5428025049,468.5,41866.8,501.157,517.466,515.846,-0.0457112,-0.0358636
745|6,6.8,482,6.8,7,6,0.1560078845540696,43666.5428025049,468.5,32503.6,473.214,475.125,474.938,0.044374,0.045597
745|6,34,442,34,8,6,0.1560078845540696,43666.5428025049,468.5,11419.1,469.926,470.145,470.123,-0.182831,-0.182698
745|5,0.0004351999999999,22410,0.0004351999999999,1,5,0.1560078845540696,43666.5428025049,468.5,41307.4,40039.6,40699.3,40656.5,-2.24781,-2.24489
745|5,0.0021759999999999,20920,0.0021759999999999,2,5,0.1560078845540696,43666.5428025049,468.5,42870.4,33861.3,38081.8,37782,-2.25305,-2.23112
745|5,0.0108799999999999,19255,0.0108799999999999,3,5,0.1560078845540696,43666.5428025049,468.5,43433.9,13600.5,21199.4,20468,-0.455658,-0.294265
745|5,0.0543999999999999,5578,0.0543999999999999,4,5,0.1560078845540696,43666.5428025049,468.5,43596.6,2612.53,4768.3,4512.73,0.804226,1.11419
745|5,0.2719999999999999,778,0.2719999999999999,5,5,0.1560078845540696,43666.5428025049,468.5,43423.5,735.619,1028.84,992.82,-0.947293,-0.833761
745|5,3.32,492,3.32,6,5,0.1560078845540696,43666.5428025049,468.5,38643.5,479.213,490.034,488.709,0.0124493,0.0208769
745|5,6.8,448,6.8,7,5,0.1560078845540696,43666.5428025049,468.5,32484.8,473.211,477.345,476.84,-0.188875,-0.185745
745|5,34,514,34,8,5,0.1560078845540696,43666.5428025049,468.5,11412.4,469.926,470.399,470.341,0.283147,0.283541
745|3,0.0010624,37523,0.0010624,1,3,0.1560078845540696,43666.5428025049,468.5,41019.2,40593.9,40570.7,40560.7,-0.375753,-0.374605
745|3,0.005312,37208,0.005312,2,3,0.1560078845540696,43666.5428025049,468.5,42581.5,39132.1,38956.8,38883.3,-0.224473,-0.215435
745|3,0.02656,26461,0.02656,3,3,0.1560078845540696,43666.5428025049,468.5,43139.5,24835.6,24263.5,24036.2,0.450743,0.502018
745|3,0.1328,7202,0.1328,4,3,0.1560078845540696,43666.5428025049,468.5,43256.1,6317.53,6045.51,5943.8,0.917673,1.01463
745|3,0.664,758,0.664,5,3,0.1560078845540696,43666.5428025049,468.5,42702.2,1258.82,1217.03,1201.98,-1.51926,-1.48411
745|3,1.36,492,1.36,6,3,0.1560078845540696,43666.5428025049,468.5,41565.4,777.172,760.651,754.781,-1.26972,-1.24885
745|3,16.6,474,16.6,7,3,0.1560078845540696,43666.5428025049,468.5,20938.7,480.639,480.03,479.823,-0.0386766,-0.0373605
745|3,83,544,83,8,3,0.1560078845540696,43666.5428025049,468.5,4563.53,470.775,470.705,470.682,0.475787,0.475952
745|11,0.0014272,34041,0.0014272,1,11,0.1560078845540696,43666.5428025049,468.5,40442.8,39632.7,39296.1,39235,-0.668754,-0.661998
745|11,0.007136,31669,0.007136,2,11,0.1560078845540696,43666.5428025049,468.5,42004.7,35844.3,33730.4,33373.1,-0.305225,-0.254995
745|11,0.03568,15013,0.03568,3,11,0.1560078845540696,43666.5428025049,468.5,42559.1,17536.4,14067.3,13587.3,0.331601,0.517181
745|11,0.1784,2764,0.1784,4,11,0.1560078845540696,43666.5428025049,468.5,42645.2,3636.11,2735.44,2626.06,0.0473308,0.237123
745|11,0.892,588,0.892,5,11,0.1560078845540696,43666.5428025049,468.5,41843.7,872.082,751.781,737.629,-0.780567,-0.722793
745|11,4.46,514,4.46,6,11,0.1560078845540696,43666.5428025049,468.5,35981.2,517.501,503.058,501.38,0.0681874,0.0788078
745|11,22.3,488,22.3,7,11,0.1560078845540696,43666.5428025049,468.5,16675.8,475.13,473.434,473.239,0.094224,0.0955104
745|11,111.5,454,111.5,8,11,0.1560078845540696,43666.5428025049,468.5,3291.99,470.145,469.951,469.929,-0.103645,-0.103504
745|12,0.0014272,35658,0.0014272,1,12,0.1560078845540696,43666.5428025049,468.5,38875.8,38097.3,38043.8,37999.9,-0.31352,-0.308108
745|12,0.007136,33363,0.007136,2,12,0.1560078845540696,43666.5428025049,468.5,40437.7,34509.6,34155.7,33874.8,-0.115931,-0.0754571
745|12,0.03568,19647,0.03568,3,12,0.1560078845540696,43666.5428025049,468.5,40992.5,16901.1,16233,15738,1.04031,1.22789
745|12,0.1784,2970,0.1784,4,12,0.1560078845540696,43666.5428025049,468.5,41082.2,3518.75,3328.98,3195.67,-0.497743,-0.324818
745|12,0.892,516,0.892,5,12,0.1560078845540696,43666.5428025049,468.5,40310.4,857.162,831.289,813.513,-1.39756,-1.33971
745|12,4.46,476,4.46,6,12,0.1560078845540696,43666.5428025049,468.5,34659.5,515.714,512.587,510.472,-0.225344,-0.212867
745|12,22.3,430,22.3,7,12,0.1560078845540696,43666.5428025049,468.5,16064.4,474.918,474.549,474.303,-0.287761,-0.286263
745|12,111.5,508,111.5,8,12,0.1560078845540696,43666.5428025049,468.5,3181.34,470.12,470.077,470.05,0.246371,0.24656
745|10,0.0004479999999999,30856,0.0004479999999999,1,10,0.1560078845540696,43666.5428025049,468.5,41019.3,40839,40877.7,40867.6,-1.22636,-1.22542
745|10,0.00224,33967,0.00224,2,10,0.1560078845540696,43666.5428025049,468.5,42582.2,41057.7,41376.7,41292.7,-0.895869,-0.887509
745|10,0.0111999999999999,30390,0.0111999999999999,3,10,0.1560078845540696,43666.5428025049,468.5,43145.6,32891.2,34657.9,34179.6,-0.615177,-0.553804
745|10,0.0559999999999999,15487,0.0559999999999999,4,10,0.1560078845540696,43666.5428025049,468.5,43307.7,12166.8,14330.3,13696.1,0.398297,0.644607
745|10,0.2799999999999999,2782,0.2799999999999999,5,10,0.1560078845540696,43666.5428025049,468.5,43129.1,2298.29,2770.41,2626.69,0.018984,0.266914
745|10,1.4,586,1.4,6,10,0.1560078845540696,43666.5428025049,468.5,41505.9,694.177,754.936,736.395,-0.802743,-0.727355
745|10,7,518,7,7,10,0.1560078845540696,43666.5428025049,468.5,31965.4,495.949,503.129,500.946,0.0926614,0.106551
745|10,35,628,35,8,10,0.1560078845540696,43666.5428025049,468.5,11032.7,472.527,473.348,473.099,1.00051,1.00243
745|9,0.0004479999999999,34245,0.0004479999999999,1,9,0.1560078845540696,43666.5428025049,468.5,41230.8,41049.7,41095.8,41088.7,-0.833922,-0.833195
745|9,0.00224,30544,0.00224,2,9,0.1560078845540696,43666.5428025049,468.5,42793.8,41261.6,41642.6,41583.6,-1.33337,-1.32815
745|9,0.0111999999999999,32845,0.0111999999999999,3,9,0.1560078845540696,43666.5428025049,468.5,43357.2,33052,35181.1,34838.4,-0.331761,-0.285857
745|9,0.0559999999999999,16947,0.0559999999999999,4,9,0.1560078845540696,43666.5428025049,468.5,43519.1,12224.5,14898.7,14418,0.67891,0.865634
745|9,0.2799999999999999,2844,0.2799999999999999,5,9,0.1560078845540696,43666.5428025049,468.5,43339.7,2307.32,2899.55,2787.2,-0.0873456,0.0925508
745|9,1.4,526,1.4,6,9,0.1560078845540696,43666.5428025049,468.5,41709.3,695.29,771.727,757.182,-1.14944,-1.0962
745|9,7,504,7,7,9,0.1560078845540696,43666.5428025049,468.5,32123.7,496.082,505.121,503.411,-0.00696947,0.00366597
745|9,35,506,35,8,9,0.1560078845540696,43666.5428025049,468.5,11087.8,472.543,473.576,473.382,0.2097,0.211008
745|4,0.0010624,34037,0.0010624,1,4,0.1560078845540696,43666.5428025049,468.5,41230.7,40803.3,40866.2,40832.7,-0.835928,-0.832505
745|4,0.005312,36046,0.005312,2,4,0.1560078845540696,43666.5428025049,468.5,42793,39326.3,39804.1,39549.2,-0.472193,-0.442982
745|4,0.02656,26077,0.02656,3,4,0.1560078845540696,43666.5428025049,468.5,43351,24956.4,26615.6,25710.5,-0.100831,0.0709973
745|4,0.1328,8328,0.1328,4,4,0.1560078845540696,43666.5428025049,468.5,43467.3,6346.4,7204.41,6722.35,0.753984,1.15137
745|4,0.664,672,0.664,5,4,0.1560078845540696,43666.5428025049,468.5,42910.6,1262.72,1396.64,1320.9,-2.14529,-2.01053
745|4,3.32,466,3.32,6,4,0.1560078845540696,43666.5428025049,468.5,38575.4,564.837,581.195,571.954,-0.654617,-0.608441
745|4,16.6,460,16.6,7,4,0.1560078845540696,43666.5428025049,468.5,21041.5,480.695,482.614,481.532,-0.144579,-0.137851
745|4,83,550,83,8,4,0.1560078845540696,43666.5428025049,468.5,4584.89,470.782,471.001,470.878,0.51262,0.513501
322|6,0.0006144,61466,0.0006144,1,6,0.2728491479167245,61719.7628055607,489,55932.9,54634.3,54728.2,54638.8,0.617001,0.626209
322|6,0.003072,43953,0.003072,2,6,0.2728491479167245,61719.7628055607,489,59807.6,49841.8,50459.4,49871.3,-0.645912,-0.594415
322|6,0.01536,17317,0.01536,3,6,0.2728491479167245,61719.7628055607,489,61205.2,22973.7,24059.5,23024.1,-1.3946,-1.23283
322|6,0.0768,3170,0.0768,4,6,0.2728491479167245,61719.7628055607,489,61613.6,4482.61,4773.96,4495.92,-1.59133,-1.39165
322|6,0.384,1668,0.384,5,6,0.2728491479167245,61719.7628055607,489,61227.4,993.031,1031.92,994.811,2.39659,2.60879
322|6,1.92,986,1.92,6,6,0.2728491479167245,61719.7628055607,489,57730.5,549.722,554.348,549.935,2.52951,2.56855
322|6,9.6,876,9.6,7,6,0.2728491479167245,61719.7628055607,489,39719,496.935,497.47,496.96,2.37531,2.38002
322|6,48,568,48,8,6,0.2728491479167245,61719.7628055607,489,10926.1,490.771,490.83,490.774,0.488283,0.488673
322|5,0.0006144,57284,0.0006144,1,5,0.2728491479167245,61719.7628055607,489,55871.4,54574.2,54766.3,54657.7,0.230394,0.240811
322|5,0.003072,45244,0.003072,2,5,0.2728491479167245,61719.7628055607,489,59746.1,49790.6,51072.1,50341.9,-0.571675,-0.507258
322|5,0.01536,15013,0.01536,3,5,0.2728491479167245,61719.7628055607,489,61143.7,22950.9,25301.1,23922,-2.02478,-1.85318
322|5,0.0768,3166,0.0768,4,5,0.2728491479167245,61719.7628055607,489,61552.1,4478.59,5129.3,4740.06,-1.82049,-1.57216
322|5,0.384,1700,0.384,5,5,0.2728491479167245,61719.7628055607,489,61166.3,992.525,1080.13,1027.62,2.25426,2.54154
322|5,1.92,1178,1.92,6,5,0.2728491479167245,61719.7628055607,489,57672.5,549.662,560.121,553.861,3.59666,3.65957
322|5,9.6,802,9.6,7,5,0.2728491479167245,61719.7628055607,489,39678.3,496.928,498.14,497.416,1.90516,1.91142
322|5,48,592,48,8,5,0.2728491479167245,61719.7628055607,489,10914.6,490.771,490.905,490.825,0.63961,0.640181
322|3,0.000064,68369,0.000064,1,3,0.2728491479167245,61719.7628055607,489,55157.1,55091.2,55069.7,55058.8,1.21035,1.21158
322|3,0.00032,67810,0.00032,2,3,0.2728491479167245,61719.7628055607,489,59032.4,58446.3,58256.1,58160.8,0.822173,0.831734
322|3,0.0016,52285,0.0016,3,3,0.2728491479167245,61719.7628055607,489,60435.2,55731.8,54339.4,53667.6,-0.189468,-0.129097
322|3,0.008,24757,0.008,4,3,0.2728491479167245,61719.7628055607,489,60887.5,35666.5,31404.7,29643.6,-1.0565,-0.822282
322|3,0.04,6502,0.04,5,3,0.2728491479167245,61719.7628055607,489,60868.3,9071.17,7174.7,6514.33,-0.453207,-0.00911243
322|3,0.2,1324,0.2,6,3,0.2728491479167245,61719.7628055607,489,60253.5,1646.03,1362.56,1268.39,-0.116489,0.178057
322|3,1,1184,1,7,3,0.2728491479167245,61719.7628055607,489,57569,626.378,592.458,581.312,3.31938,3.42443
322|3,5,732,5,8,3,0.2728491479167245,61719.7628055607,489,45449.5,505.155,501.375,500.14,1.44019,1.45012
322|4,0.000064,62415,0.000064,1,4,0.2728491479167245,61719.7628055607,489,55681.6,55615,55625.5,55622.3,0.611766,0.612088
322|4,0.00032,67704,0.00032,2,4,0.2728491479167245,61719.7628055607,489,59556.9,58965.6,59057.8,59029.7,0.734014,0.736748
322|4,0.0016,62973,0.0016,3,4,0.2728491479167245,61719.7628055607,489,60959.6,56215.1,56909.9,56697.7,0.534046,0.554792
322|4,0.008,31769,0.008,4,4,0.2728491479167245,61719.7628055607,489,61412,35972,38454.3,37671,-0.869232,-0.783209
322|4,0.04,7024,0.04,5,4,0.2728491479167245,61719.7628055607,489,61392.6,9145.69,10485.2,10042.4,-1.61647,-1.47
322|4,0.2,2158,0.2,6,4,0.2728491479167245,61719.7628055607,489,60776.4,1656.15,1866.53,1796.33,0.676241,0.867136
322|4,1,1208,1,7,4,0.2728491479167245,61719.7628055607,489,58080.3,627.6,652.861,644.461,2.9188,2.98916
322|4,5,738,5,8,4,0.2728491479167245,61719.7628055607,489,45880.9,505.3,508.108,507.179,1.42374,1.43112
322|10,0.0003648,59489,0.0003648,1,10,0.2728491479167245,61719.7628055607,489,55157.1,54473.8,54267,54204.4,0.482234,0.48858
322|10,0.001824,58098,0.001824,2,10,0.2728491479167245,61719.7628055607,489,59032.1,53396.1,51870.6,51427,0.601499,0.649871
322|10,0.00912,33755,0.00912,3,10,0.2728491479167245,61719.7628055607,489,60432.4,32087.5,28059.4,27045,1.01194,1.23637
322|10,0.0456,5730,0.0456,4,10,0.2728491479167245,61719.7628055607,489,60864.1,7549.89,6034.33,5701.76,-0.241912,0.0236938
322|10,0.228,522,0.228,5,10,0.2728491479167245,61719.7628055607,489,60672.2,1424.59,1205.99,1159.8,-2.28035,-2.19337
322|10,1.14,508,1.14,6,10,0.2728491479167245,61719.7628055607,489,58661.5,601.665,575.235,569.716,-0.384661,-0.355311
322|10,5.7,466,5.7,7,10,0.2728491479167245,61719.7628055607,489,47069.9,502.972,499.894,499.256,-0.212047,-0.208224
322|10,28.5,506,28.5,8,10,0.2728491479167245,61719.7628055607,489,17774.6,491.44,491.098,491.028,0.0942581,0.0947107
322|9,0.0003648,63211,0.0003648,1,9,0.2728491479167245,61719.7628055607,489,55681.5,54991.8,55023.3,55001.2,0.745775,0.748082
322|9,0.001824,58837,0.001824,2,9,0.2728491479167245,61719.7628055607,489,59556.6,53870.1,54106.9,53941.7,0.438094,0.454776
322|9,0.00912,39073,0.00912,3,9,0.2728491479167245,61719.7628055607,489,60956.9,32364,33064.3,32575.1,0.907458,0.995935
322|9,0.0456,8670,0.0456,4,9,0.2728491479167245,61719.7628055607,489,61388.4,7611.19,7906.22,7699.78,0.46873,0.610781
322|9,0.228,700,0.228,5,9,0.2728491479167245,61719.7628055607,489,61194.7,1432.7,1476.03,1445.8,-2.19507,-2.14596
322|9,1.14,472,1.14,6,9,0.2728491479167245,61719.7628055607,489,59170.4,602.642,607.843,604.229,-0.749434,-0.732389
322|9,5.7,500,5.7,7,9,0.2728491479167245,61719.7628055607,489,47487.2,503.088,503.688,503.273,-0.0229617,-0.0203891
322|9,28.5,482,28.5,8,9,0.2728491479167245,61719.7628055607,489,17940.5,491.454,491.52,491.474,-0.0601831,-0.0598995
322|7,0.0000768,65787,0.0000768,1,7,0.2728491479167245,61719.7628055607,489,55933,55843.6,55852.9,55849.1,0.891482,0.891875
322|7,0.000384,73386,0.000384,2,7,0.2728491479167245,61719.7628055607,489,59808.3,59015.8,59096.8,59064.2,1.21228,1.21571
322|7,0.00192,64997,0.00192,3,7,0.2728491479167245,61719.7628055607,489,61211,54996.6,55577.2,55343.6,0.849493,0.874212
322|7,0.0096,39945,0.0096,4,7,0.2728491479167245,61719.7628055607,489,61662.6,31699.1,33350.4,32673.6,0.98746,1.11116
322|7,0.048,8318,0.048,5,7,0.2728491479167245,61719.7628055607,489,61637.8,7222.78,7896.42,7614.7,0.259032,0.447499
322|7,0.24,670,0.24,6,7,0.2728491479167245,61719.7628055607,489,60976.9,1368.77,1466.77,1425.77,-2.26551,-2.19981
322|7,1.2,500,1.2,7,7,0.2728491479167245,61719.7628055607,489,57933.4,593.255,604.887,600.045,-0.580528,-0.556691
322|7,6,490,6,8,7,0.2728491479167245,61719.7628055607,489,43979.3,501.479,502.769,502.235,-0.0795983,-0.0763219
322|8,0.0000768,62071,0.0000768,1,8,0.2728491479167245,61719.7628055607,489,55871.5,55782.2,55796.5,55794.1,0.563632,0.563877
322|8,0.000384,68715,0.000384,2,8,0.2728491479167245,61719.7628055607,489,59746.8,58955.1,59081,59059.7,0.817551,0.819657
322|8,0.00192,70174,0.00192,3,8,0.2728491479167245,61719.7628055607,489,61149.4,54941.4,55850.6,55696.3,1.28542,1.30285
322|8,0.0096,40494,0.0096,4,8,0.2728491479167245,61719.7628055607,489,61601.1,31667.7,34320.9,33851.1,0.898449,0.980122
322|8,0.048,8992,0.048,5,8,0.2728491479167245,61719.7628055607,489,61576.3,7216.01,8330.6,8123.67,0.385953,0.519145
322|8,0.24,784,0.24,6,8,0.2728491479167245,61719.7628055607,489,60915.6,1367.88,1531.45,1501,-2.05045,-2.00006
322|8,1.2,536,1.2,7,8,0.2728491479167245,61719.7628055607,489,57873.8,593.148,612.61,609.022,-0.420454,-0.402337
322|8,29,490,29,8,8,0.2728491479167245,61719.7628055607,489,17726,491.426,491.694,491.645,-0.0107039,-0.0103997
322|12,0.0003712,46716,0.0003712,1,12,0.2728491479167245,61719.7628055607,489,49843.6,49440.9,49362.1,49338.1,-0.26849,-0.266189
322|12,0.001856,42028,0.001856,2,12,0.2728491479167245,61719.7628055607,489,53718.6,50276.1,49644.6,49457.7,-0.768457,-0.752417
322|12,0.00928,33001,0.00928,3,12,0.2728491479167245,61719.7628055607,489,55119.1,35016.9,32659,32018.5,0.0522783,0.153175
322|12,0.0464,9910,0.0464,4,12,0.2728491479167245,61719.7628055607,489,55552.4,9820.72,8493.26,8171.83,0.811448,1.03329
322|12,0.2319999999999999,1086,0.2319999999999999,5,12,0.2728491479167245,61719.7628055607,489,55373.2,1792.37,1579.42,1529.98,-1.31913,-1.21892
322|12,1.16,452,1.16,6,12,0.2728491479167245,61719.7628055607,489,53468.7,646.638,620.515,614.545,-0.916959,-0.890214
322|12,5.8,472,5.8,7,12,0.2728491479167245,61719.7628055607,489,42641.5,508.17,505.127,504.44,-0.20591,-0.201811
322|12,29,506,29,8,12,0.2728491479167245,61719.7628055607,489,15850,492.003,491.667,491.592,0.0905971,0.0910795
322|11,0.0003712,53154,0.0003712,1,11,0.2728491479167245,61719.7628055607,489,53728.4,53294.3,53332.6,53308.1,-0.016778,-0.0144872
322|11,0.001856,50238,0.001856,2,11,0.2728491479167245,61719.7628055607,489,57603.4,53909.9,54217.1,54020.7,-0.367795,-0.350904
322|11,0.00928,51061,0.00928,3,11,0.2728491479167245,61719.7628055607,489,59003.7,37472.2,38710.5,37913.2,1.59529,1.7337
322|11,0.0464,11824,0.0464,4,11,0.2728491479167245,61719.7628055607,489,59435.4,10478.8,11263,10751.7,0.244384,0.488726
322|11,0.2319999999999999,1284,0.2319999999999999,5,11,0.2728491479167245,61719.7628055607,489,59243.7,1884.23,2014.05,1929.22,-1.58605,-1.45497
322|11,1.16,466,1.16,6,11,0.2728491479167245,61719.7628055607,489,57235.9,657.777,673.683,663.31,-1.06874,-1.02622
322|11,5.8,472,5.8,7,11,0.2728491479167245,61719.7628055607,489,45717.8,509.496,511.34,510.14,-0.242669,-0.235616
322|11,6,490,6,8,11,0.2728491479167245,61719.7628055607,489,42250,507.375,509.019,507.95,-0.117654,-0.111187
1043|6,0.0004351999999999,53834,0.0004351999999999,1,6,0.4581594561279049,61107.225240446,485,51486.8,50425.3,50852.2,50806.8,0.293745,0.298481
1043|6,0.0021759999999999,53832,0.0021759999999999,2,6,0.4581594561279049,61107.225240446,485,57929.1,49209.3,52417.8,52061.3,0.135176,0.170404
1043|6,0.0108799999999999,37408,0.0108799999999999,3,6,0.4581594561279049,61107.225240446,485,60258.2,24327.1,32043.3,31011.9,0.835758,1.02926
1043|6,0.0543999999999999,8112,0.0543999999999999,4,6,0.4581594561279049,61107.225240446,485,60984.9,4906.39,7579.01,7160.04,0.340671,0.642612
1043|6,0.2719999999999999,562,0.2719999999999999,5,6,0.4581594561279049,61107.225240446,485,60742.2,1046.98,1424.81,1363.77,-2.51277,-2.42037
1043|6,1.36,452,1.36,6,6,0.4581594561279049,61107.225240446,485,58044.8,552.323,597.562,590.259,-0.812191,-0.77773
1043|6,6.8,476,6.8,7,6,0.4581594561279049,61107.225240446,485,43859.1,493.577,498.747,497.917,-0.142513,-0.137452
1043|6,131,498,131,8,6,0.4581594561279049,61107.225240446,485,3435.18,486.136,486.227,486.212,0.0749258,0.0750197
1043|7,0.0016767999999999,37150,0.0016767999999999,1,7,0.4581594561279049,61107.225240446,485,51486.5,45749.5,41514.3,41175.8,-0.525933,-0.489102
1043|7,0.0083839999999999,21354,0.0083839999999999,2,7,0.4581594561279049,61107.225240446,485,57926.9,28270.7,19333.1,18814.8,0.518589,0.669272
1043|7,0.04192,3898,0.04192,3,7,0.4581594561279049,61107.225240446,485,60239,6469.71,3760.67,3636.67,0.170196,0.334069
1043|7,0.2096,538,0.2096,4,7,0.4581594561279049,61107.225240446,485,60822.3,1275.11,899.549,883.298,-1.51185,-1.46363
1043|7,1.048,474,1.048,5,7,0.4581594561279049,61107.225240446,485,59410.3,580.789,535.383,533.451,-0.367818,-0.357064
1043|7,5.24,484,5.24,6,7,0.4581594561279049,61107.225240446,485,49094.4,497.132,491.794,491.569,-0.0492545,-0.0478504
1043|7,26.2,498,26.2,7,7,0.4581594561279049,61107.225240446,485,20059.5,487.272,486.662,486.637,0.0721144,0.0722779
1043|7,131,562,131,8,7,0.4581594561279049,61107.225240446,485,3435.18,486.136,486.071,486.069,0.483318,0.483337
1043|8,0.0016767999999999,42907,0.0016767999999999,1,8,0.4581594561279049,61107.225240446,485,51384.3,45658.7,45183.8,45000.4,-0.252244,-0.232863
1043|8,0.0083839999999999,30010,0.0083839999999999,2,8,0.4581594561279049,61107.225240446,485,57824.6,28221.2,26925.5,26458.4,0.570837,0.668762
1043|8,0.04192,6668,0.04192,3,8,0.4581594561279049,61107.225240446,485,60136.8,6459.47,5987.25,5827.58,0.545176,0.690567
1043|8,0.2096,608,0.2096,4,8,0.4581594561279049,61107.225240446,485,60720.4,1273.77,1205.68,1183.3,-1.993,-1.94722
1043|8,1.048,452,1.048,5,8,0.4581594561279049,61107.225240446,485,59310.7,580.629,572.326,569.65,-0.690678,-0.677384
1043|8,5.24,462,5.24,6,8,0.4581594561279049,61107.225240446,485,49011.3,497.113,496.132,495.822,-0.214539,-0.212672
1043|8,26.2,470,26.2,7,8,0.4581594561279049,61107.225240446,485,20024.6,487.27,487.157,487.122,-0.109064,-0.108847
1043|8,34,498,34,8,8,0.4581594561279049,61107.225240446,485,14124.8,486.799,486.728,486.706,0.0716907,0.071832
1043|5,0.0004351999999999,40066,0.0004351999999999,1,5,0.4581594561279049,61107.225240446,485,51384.5,50325.2,50589.6,50546.9,-1.04204,-1.03868
1043|5,0.0021759999999999,35532,0.0021759999999999,2,5,0.4581594561279049,61107.225240446,485,57826.8,49122.5,51067.5,50746.2,-1.52401,-1.50188
1043|5,0.0108799999999999,26577,0.0108799999999999,3,5,0.4581594561279049,61107.225240446,485,60155.9,24286.3,28555.2,27777.9,-0.345429,-0.215511
1043|5,0.0543999999999999,7608,0.0543999999999999,4,5,0.4581594561279049,61107.225240446,485,60882.7,4898.92,6248.57,5983.42,1.04528,1.30183
1043|5,0.2719999999999999,586,0.2719999999999999,5,5,0.4581594561279049,61107.225240446,485,60640.4,1046.03,1232.71,1195.66,-2.11861,-2.04652
1043|5,1.36,472,1.36,6,5,0.4581594561279049,61107.225240446,485,57946.3,552.209,574.483,570.083,-0.586817,-0.564446
1043|5,6.8,462,6.8,7,5,0.4581594561279049,61107.225240446,485,43781.9,493.563,496.106,495.607,-0.214383,-0.211379
1043|5,34,504,34,8,5,0.4581594561279049,61107.225240446,485,14124.8,486.799,487.066,487.014,0.107654,0.107992
1043|11,0.0014272,37302,0.0014272,1,11,0.4581594561279049,61107.225240446,485,47821.5,44696.9,43019.9,42842.8,-0.665102,-0.647146
1043|11,0.007136,24945,0.007136,2,11,0.4581594561279049,61107.225240446,485,54262.4,34198.8,28048.8,27511.6,-0.551653,-0.464991
1043|11,0.03568,8204,0.03568,3,11,0.4581594561279049,61107.225240446,485,56579.5,9818.32,6711.16,6495.73,1.07219,1.26578
1043|11,0.1784,666,0.1784,4,11,0.4581594561279049,61107.225240446,485,57204.3,1801.93,1315.96,1284.59,-2.01995,-1.96037
1043|11,0.892,476,0.892,5,11,0.4581594561279049,61107.225240446,485,56126.4,645.508,585.792,582.014,-0.620696,-0.601887
1043|11,4.46,454,4.46,6,11,0.4581594561279049,61107.225240446,485,47813,504.736,497.707,497.268,-0.274181,-0.271576
1043|11,22.3,504,22.3,7,11,0.4581594561279049,61107.225240446,485,21468.6,488.134,487.334,487.284,0.105921,0.106241
1043|11,111.5,614,111.5,8,11,0.4581594561279049,61107.225240446,485,3828.33,486.225,486.141,486.136,0.813806,0.813844
1043|12,0.0014272,41296,0.0014272,1,12,0.4581594561279049,61107.225240446,485,41363.1,38664.7,38103,37948.1,0.418952,0.441062
1043|12,0.007136,29404,0.007136,2,12,0.4581594561279049,61107.225240446,485,47804.3,30150,27836.4,27255.6,0.28073,0.39284
1043|12,0.03568,8528,0.03568,3,12,0.4581594561279049,61107.225240446,485,50123.1,8744.14,7428.79,7137.27,0.716228,0.941668
1043|12,0.1784,660,0.1784,4,12,0.4581594561279049,61107.225240446,485,50762.7,1652.47,1440.16,1395.12,-2.25209,-2.17827
1043|12,0.892,452,0.892,5,12,0.4581594561279049,61107.225240446,485,49807.3,627.392,601.171,595.694,-0.829015,-0.80343
1043|12,4.46,528,4.46,6,12,0.4581594561279049,61107.225240446,485,42365.7,502.58,499.493,498.856,0.178432,0.182566
1043|12,22.3,452,22.3,7,12,0.4581594561279049,61107.225240446,485,18948.8,487.878,487.528,487.457,-0.225737,-0.225303
1043|12,111.5,496,111.5,8,12,0.4581594561279049,61107.225240446,485,3372.31,486.194,486.158,486.151,0.0626398,0.0626867
1043|10,0.0004479999999999,48855,0.0004479999999999,1,10,0.4581594561279049,61107.225240446,485,50196.9,49450.4,49628.1,49602.9,-0.0780225,-0.0755244
1043|10,0.00224,48559,0.00224,2,10,0.4581594561279049,61107.225240446,485,56639.2,50251.6,51651.4,51450.9,-0.299948,-0.281593
1043|10,0.0111999999999999,34900,0.0111999999999999,3,10,0.4581594561279049,61107.225240446,485,58968.2,28590.5,32596.6,31974.3,0.352818,0.456767
1043|10,0.0559999999999999,9316,0.0559999999999999,4,10,0.4581594561279049,61107.225240446,485,59694.5,6349.15,7965.48,7692.41,0.822876,1.02303
1043|10,0.2799999999999999,602,0.2799999999999999,5,10,0.4581594561279049,61107.225240446,485,59447.7,1248.72,1484.88,1444.44,-2.48495,-2.42592
1043|10,1.4,496,1.4,6,10,0.4581594561279049,61107.225240446,485,56721.1,576.437,604.81,599.98,-0.602292,-0.578626
1043|10,7,490,7,7,10,0.4581594561279049,61107.225240446,485,42482.7,496.326,499.565,499.018,-0.0598643,-0.0564808
1043|10,35,514,35,8,10,0.4581594561279049,61107.225240446,485,13435.7,487.087,487.427,487.37,0.168858,0.169232
1043|9,0.0004479999999999,56634,0.0004479999999999,1,9,0.4581594561279049,61107.225240446,485,51068.8,50309.2,50576.2,50556,0.599998,0.602241
1043|9,0.00224,53714,0.00224,2,9,0.4581594561279049,61107.225240446,485,57511.1,51024.3,53149.4,52984.5,0.0532305,0.0689874
1043|9,0.0111999999999999,39723,0.0111999999999999,3,9,0.4581594561279049,61107.225240446,485,59840.1,29009.5,35446.3,34872.4,0.602853,0.694906
1043|9,0.0559999999999999,10710,0.0559999999999999,4,9,0.4581594561279049,61107.225240446,485,60565.9,6435.45,9223.68,8933.77,0.786045,0.96884
1043|9,0.2799999999999999,828,0.2799999999999999,5,9,0.4581594561279049,61107.225240446,485,60315.5,1259.94,1675.43,1630.88,-2.15577,-2.08941
1043|9,1.4,508,1.4,6,9,0.4581594561279049,61107.225240446,485,57559.5,577.786,627.873,622.527,-0.647137,-0.621837
1043|9,7,462,7,7,9,0.4581594561279049,61107.225240446,485,43134.8,496.486,502.213,501.607,-0.250857,-0.247266
1043|9,35,546,35,8,9,0.4581594561279049,61107.225240446,485,13662.8,487.106,487.709,487.646,0.370282,0.370712
1043|4,0.0010624,51341,0.0010624,1,4,0.4581594561279049,61107.225240446,485,51068.7,49703.3,49689.2,49639.4,0.166502,0.171698
1043|4,0.005312,47213,0.005312,2,4,0.4581594561279049,61107.225240446,485,57510.1,46712.2,46615.6,46294,0.0641679,0.0993926
1043|4,0.02656,25619,0.02656,3,4,0.4581594561279049,61107.225240446,485,59831.6,20488.9,20337.6,19869.3,1.28936,1.43625
1043|4,0.1328,3204,0.1328,4,4,0.4581594561279049,61107.225240446,485,60493.6,3907.48,3869.39,3758.68,-0.803185,-0.687784
1043|4,0.664,534,0.664,5,4,0.4581594561279049,61107.225240446,485,59716.7,913.723,908.531,894.184,-1.55455,-1.51287
1043|4,3.32,492,3.32,6,4,0.4581594561279049,61107.225240446,485,53222.4,536.467,535.829,534.148,-0.262496,-0.252932
1043|4,16.6,542,16.6,7,4,0.4581594561279049,61107.225240446,485,28203.4,491.763,491.688,491.498,0.318004,0.319279
1043|4,83,532,83,8,4,0.4581594561279049,61107.225240446,485,5592.99,486.609,486.6,486.581,0.288795,0.288927
1043|3,0.0010624,52337,0.0010624,1,3,0.4581594561279049,61107.225240446,485,50196.8,48854.9,49003.9,48903.5,0.340655,0.351629
1043|3,0.005312,52465,0.005312,2,3,0.4581594561279049,61107.225240446,485,56638.2,46005.4,47004.1,46328.2,0.581721,0.663192
1043|3,0.02656,24983,0.02656,3,3,0.4581594561279049,61107.225240446,485,58959.8,20195.1,21791,20693.2,0.728009,1.02952
1043|3,0.1328,3902,0.1328,4,3,0.4581594561279049,61107.225240446,485,59623.2,3857.85,4258.45,3980.4,-0.393583,-0.0921802
1043|3,0.664,468,0.664,5,3,0.4581594561279049,61107.225240446,485,58857.6,907.519,960.371,923.678,-1.95998,-1.86806
1043|3,3.32,434,3.32,6,3,0.4581594561279049,61107.225240446,485,52447.8,535.726,541.981,537.645,-0.642007,-0.619396
1043|3,16.6,466,16.6,7,3,0.4581594561279049,61107.225240446,485,27779.6,491.675,492.386,491.894,-0.166631,-0.163623
1043|3,83,476,83,8,3,0.4581594561279049,61107.225240446,485,5504.96,486.598,486.673,486.621,-0.0678847,-0.0675615
963|6,0.0006144,23222,0.0006144,1,6,0.673656407167476,54320.5048679242,445.75,41749.5,29652.7,26528.5,25988.3,-0.620975,-0.530205
963|6,0.003072,9404,0.003072,2,6,0.673656407167476,54320.5048679242,445.75,50167.6,11524.9,8849.82,8470.26,0.305048,0.536206
963|6,0.01536,1486,0.01536,3,6,0.673656407167476,54320.5048679242,445.75,53210.7,2183.87,1690.47,1625.47,-0.516221,-0.363984
963|6,0.0768,804,0.0768,4,6,0.673656407167476,54320.5048679242,445.75,54157.6,663.152,600.317,592.194,1.13303,1.18888
963|6,0.384,554,0.384,5,6,0.673656407167476,54320.5048679242,445.75,53818.3,472.538,465.024,464.063,0.581838,0.58886
963|6,1.92,578,1.92,6,6,0.673656407167476,54320.5048679242,445.75,50191.1,449.759,448.881,448.77,0.862407,0.863277
963|6,9.6,540,9.6,7,6,0.673656407167476,54320.5048679242,445.75,33329,447.088,446.99,446.978,0.622792,0.622885
963|6,48,524,48,8,6,0.673656407167476,54320.5048679242,445.75,8221.25,446.785,446.775,446.774,0.517241,0.517251
963|5,0.0006144,21356,0.0006144,1,5,0.673656407167476,54320.5048679242,445.75,41615.8,29558.2,29893,29530,-1.42468,-1.38069
963|5,0.003072,12368,0.003072,2,5,0.673656407167476,54320.5048679242,445.75,50033.9,11495.1,11835.1,11466.7,0.221228,0.385837
963|5,0.01536,2146,0.01536,3,5,0.673656407167476,54320.5048679242,445.75,53077.1,2179.47,2245.55,2173.92,-0.196657,-0.0567553
963|5,0.0768,922,0.0768,4,5,0.673656407167476,54320.5048679242,445.75,54024.1,662.614,671.006,661.903,1.29515,1.35475
963|5,0.384,564,0.384,5,5,0.673656407167476,54320.5048679242,445.75,53685.6,472.474,473.466,472.389,0.585609,0.593397
963|5,1.92,616,1.92,6,5,0.673656407167476,54320.5048679242,445.75,50065.1,449.751,449.865,449.741,1.1082,1.10921
963|5,9.6,510,9.6,7,5,0.673656407167476,54320.5048679242,445.75,33240.6,447.087,447.1,447.086,0.421115,0.421215
963|5,48,534,48,8,5,0.673656407167476,54320.5048679242,445.75,8196.1,446.785,446.786,446.785,0.584139,0.584149
963|4,0.000064,32065,0.000064,1,4,0.673656407167476,54320.5048679242,445.75,41203.4,40375.4,40464.3,40454.2,-1.03825,-1.03725
963|4,0.00032,37511,0.00032,2,4,0.673656407167476,54320.5048679242,445.75,49622,42311.3,43000.7,42923.1,-0.638847,-0.630942
963|4,0.0016,27141,0.0016,3,4,0.673656407167476,54320.5048679242,445.75,52669.7,21583.7,23044.5,22877.3,0.884145,0.926864
963|4,0.008,4104,0.008,4,4,0.673656407167476,54320.5048679242,445.75,53655.2,4421.82,4864.12,4813.27,-0.740988,-0.698286
963|4,0.04,1172,0.04,5,4,0.673656407167476,54320.5048679242,445.75,53638.3,952.008,1012.42,1005.64,0.610141,0.639353
963|4,0.2,588,0.2,6,4,0.673656407167476,54320.5048679242,445.75,52511.4,506.128,513.267,512.49,0.459912,0.46513
963|4,1,672,1,7,4,0.673656407167476,54320.5048679242,445.75,48392.7,453.397,454.194,454.11,1.44459,1.44531
963|4,5,534,5,8,4,0.673656407167476,54320.5048679242,445.75,33966,447.406,447.484,447.476,0.578928,0.578988
963|3,0.000064,38041,0.000064,1,3,0.673656407167476,54320.5048679242,445.75,40064.1,39259.2,39417,39403.5,-0.174576,-0.172921
963|3,0.00032,35786,0.00032,2,3,0.673656407167476,54320.5048679242,445.75,48482.7,41341.3,42587.8,42480.6,-0.799158,-0.788527
963|3,0.0016,28073,0.0016,3,3,0.673656407167476,54320.5048679242,445.75,51530.3,21122.5,23894.8,23639.5,0.870085,0.933106
963|3,0.008,5340,0.008,4,3,0.673656407167476,54320.5048679242,445.75,52516,4336.71,5210.71,5126.07,0.118113,0.198484
963|3,0.04,754,0.04,5,3,0.673656407167476,54320.5048679242,445.75,52499.4,941.19,1061.76,1050.15,-1.13426,-1.10082
963|3,0.2,712,0.2,6,3,0.673656407167476,54320.5048679242,445.75,51375.5,504.833,519.114,517.765,1.17861,1.1888
963|3,1,546,1,7,3,0.673656407167476,54320.5048679242,445.75,47281.9,453.243,454.838,454.69,0.604118,0.605214
963|3,5,670,5,8,3,0.673656407167476,54320.5048679242,445.75,33029,447.388,447.543,447.529,1.48847,1.48859
963|10,0.0003648,28692,0.0003648,1,10,0.673656407167476,54320.5048679242,445.75,40064,39434.8,39461,39432,-1.36476,-1.36207
963|10,0.001824,38931,0.001824,2,10,0.673656407167476,54320.5048679242,445.75,48482.4,42735,42948,42711.9,-0.468038,-0.442947
963|10,0.00912,30460,0.00912,3,10,0.673656407167476,54320.5048679242,445.75,51528,24265.7,24804.9,24207.8,1.13496,1.28536
963|10,0.0456,5540,0.0456,4,10,0.673656407167476,54320.5048679242,445.75,52495.8,5340.54,5529.64,5320.4,0.00894928,0.196711
963|10,0.228,612,0.228,5,10,0.673656407167476,54320.5048679242,445.75,52330.3,1080.31,1106.81,1077.46,-1.76547,-1.696
963|10,1.14,454,1.14,6,10,0.673656407167476,54320.5048679242,445.75,50018.8,521.352,524.474,521.014,-0.427846,-0.40854
963|10,5.7,472,5.7,7,10,0.673656407167476,54320.5048679242,445.75,38667,455.092,455.438,455.054,0.10967,0.112267
963|10,28.5,442,28.5,8,10,0.673656407167476,54320.5048679242,445.75,12972.9,447.569,447.602,447.565,-0.0374812,-0.0372339
963|9,0.0003648,31797,0.0003648,1,9,0.673656407167476,54320.5048679242,445.75,41203.4,40556.1,40485.4,40442.5,-1.07342,-1.06925
963|9,0.001824,42931,0.001824,2,9,0.673656407167476,54320.5048679242,445.75,49621.8,43738,43167.2,42831.5,-0.0273846,0.0116267
963|9,0.00912,26667,0.00912,3,9,0.673656407167476,54320.5048679242,445.75,52667.3,24796.9,23421.7,22676.1,0.689288,0.875154
963|9,0.0456,5088,0.0456,4,9,0.673656407167476,54320.5048679242,445.75,53634.7,5447.62,4984.56,4750.6,0.0985374,0.336294
963|9,0.228,566,0.228,5,9,0.673656407167476,54320.5048679242,445.75,53465.5,1094.17,1029.1,997.005,-1.74853,-1.66745
963|9,1.14,520,1.14,6,9,0.673656407167476,54320.5048679242,445.75,51124.4,523.016,515.247,511.465,0.0291817,0.0526404
963|9,5.7,466,5.7,7,9,0.673656407167476,54320.5048679242,445.75,39573.5,455.29,454.416,453.995,0.0768107,0.0796427
963|9,28.5,550,28.5,8,9,0.673656407167476,54320.5048679242,445.75,13333.2,447.592,447.506,447.465,0.685827,0.68614
963|7,0.0000768,38811,0.0000768,1,7,0.673656407167476,54320.5048679242,445.75,41749.5,41665,41654.8,41650,-0.341547,-0.34101
963|7,0.000384,39843,0.000384,2,7,0.673656407167476,54320.5048679242,445.75,50168.2,49323.9,49223.2,49176.7,-0.954447,-0.950604
963|7,0.00192,42537,0.00192,3,7,0.673656407167476,54320.5048679242,445.75,53215.7,46514.7,45811.1,45496.3,-0.357793,-0.325613
963|7,0.0096,19731,0.0096,4,7,0.673656407167476,54320.5048679242,445.75,54200.7,24606,23078.1,22449.5,-0.721369,-0.602075
963|7,0.048,5488,0.048,5,7,0.673656407167476,54320.5048679242,445.75,54178.9,5196.55,4717.3,4533.38,0.77326,0.994195
963|7,0.24,816,0.24,6,7,0.673656407167476,54320.5048679242,445.75,53012.3,1047.12,981.756,957.279,-0.648862,-0.563764
963|7,1.2,518,1.2,7,7,0.673656407167476,54320.5048679242,445.75,48596.6,514.602,507.122,504.361,0.0674521,0.0848591
963|7,6,528,6,8,7,0.673656407167476,54320.5048679242,445.75,32844.5,453.452,452.71,452.44,0.500336,0.502311
963|8,0.0000768,42388,0.0000768,1,8,0.673656407167476,54320.5048679242,445.75,41615.9,41531.6,41550,41545.8,0.100901,0.10141
963|8,0.000384,47167,0.000384,2,8,0.673656407167476,54320.5048679242,445.75,50034.5,49192.6,49373.9,49333.2,-0.223874,-0.219924
963|8,0.00192,41432,0.00192,3,8,0.673656407167476,54320.5048679242,445.75,53082.1,46398,47706.1,47408.4,-0.658569,-0.631234
963|8,0.0096,29792,0.0096,4,8,0.673656407167476,54320.5048679242,445.75,54067.1,24545.9,27826.5,27025.1,0.35211,0.510192
963|8,0.048,7130,0.048,5,8,0.673656407167476,54320.5048679242,445.75,54045.3,5184.74,6355.07,6050.2,0.586329,0.856186
963|8,0.24,546,0.24,6,8,0.673656407167476,54320.5048679242,445.75,52879.2,1045.6,1209.1,1166.08,-2.20617,-2.12334
963|8,1.2,530,1.2,7,8,0.673656407167476,54320.5048679242,445.75,48467.2,514.419,533.096,528.199,-0.0186023,0.0108833
963|8,6,510,6,8,8,0.673656407167476,54320.5048679242,445.75,32739.7,453.43,455.273,454.792,0.362461,0.365875
963|11,0.0003712,32971,0.0003712,1,11,0.673656407167476,54320.5048679242,445.75,36960.3,36916.6,36910.3,36909.6,-0.533444,-0.533361
963|11,0.001856,45678,0.001856,2,11,0.673656407167476,54320.5048679242,445.75,45378.7,44930,44865.8,44859.1,0.0906094,0.0913764
963|11,0.00928,41502,0.00928,3,11,0.673656407167476,54320.5048679242,445.75,48424.4,44667.9,44171,44121.2,-0.302425,-0.297107
963|11,0.0464,26805,0.0464,4,11,0.673656407167476,54320.5048679242,445.75,49392.9,28984.4,27350.8,27200.9,-0.0994535,-0.0725323
963|11,0.2319999999999999,8100,0.2319999999999999,5,11,0.673656407167476,54320.5048679242,445.75,49233.7,7413.07,6637.61,6573.41,1.06144,1.11838
963|11,1.16,724,1.16,6,11,0.673656407167476,54320.5048679242,445.75,46974.9,1373.42,1256.99,1247.88,-1.71892,-1.69947
963|11,5.8,414,5.8,7,11,0.673656407167476,54320.5048679242,445.75,36028.2,551.577,538.168,537.164,-0.741584,-0.736467
963|11,29,424,29,8,11,0.673656407167476,54320.5048679242,445.75,11810.6,456.887,455.585,455.491,-0.209102,-0.208509
963|12,0.0003712,34774,0.0003712,1,12,0.673656407167476,54320.5048679242,445.75,28521.2,28487.5,28487.7,28486.7,1.10027,1.10049
963|12,0.001856,39569,0.001856,2,12,0.673656407167476,54320.5048679242,445.75,36939.6,36575.1,36577.2,36566.4,0.408802,0.410386
963|12,0.00928,35504,0.00928,3,12,0.673656407167476,54320.5048679242,445.75,39985.6,36889.8,36904.7,36821.3,-0.189706,-0.178806
963|12,0.0464,22196,0.0464,4,12,0.673656407167476,54320.5048679242,445.75,40957.5,24066.2,24113.3,23831.4,-0.395703,-0.341461
963|12,0.2319999999999999,7430,0.2319999999999999,5,12,0.673656407167476,54320.5048679242,445.75,40825.7,6212.48,6234.06,6095.89,0.921613,1.05028
963|12,1.16,894,1.16,6,12,0.673656407167476,54320.5048679242,445.75,38791.1,1210.42,1213.37,1192.82,-1.05957,-1.00499
963|12,5.8,404,5.8,7,12,0.673656407167476,54320.5048679242,445.75,29345.3,531.889,532.186,529.893,-0.771047,-0.759333
963|12,29,400,29,8,12,0.673656407167476,54320.5048679242,445.75,9184.15,454.545,454.569,454.362,-0.361747,-0.360473
1260|8,0.0016767999999999,16259,0.0016767999999999,1,8,0.4059706979586577,47960.79428854,528.25,41219.8,27383.1,21275.6,20457.9,-1.17147,-1.01913
1260|8,0.0083839999999999,5866,0.0083839999999999,2,8,0.4059706979586577,47960.79428854,528.25,45684.7,8986.74,5491.86,5149.5,0.325231,0.66192
1260|8,0.04192,1238,0.04192,3,8,0.4059706979586577,47960.79428854,528.25,47285.9,1775.11,1204.79,1153.84,0.110802,0.29062
1260|8,0.2096,526,0.2096,4,8,0.4059706979586577,47960.79428854,528.25,47675.2,682.442,611.376,605.141,-0.469196,-0.437905
1260|8,1.048,496,1.048,5,8,0.4059706979586577,47960.79428854,528.25,46571.8,547.494,539.014,538.276,-0.256642,-0.252457
1260|8,5.24,496,5.24,6,8,0.4059706979586577,47960.79428854,528.25,38565.3,531.395,530.398,530.312,-0.207348,-0.20685
1260|8,26.2,472,26.2,7,8,0.4059706979586577,47960.79428854,528.25,15916.4,529.497,529.383,529.373,-0.346322,-0.346267
1260|8,131,502,131,8,8,0.4059706979586577,47960.79428854,528.25,2882.24,529.278,529.266,529.265,-0.16458,-0.164573
1260|7,0.0016767999999999,10418,0.0016767999999999,1,7,0.4059706979586577,47960.79428854,528.25,41290.8,27429.9,16746.1,15992.2,-1.87027,-1.72365
1260|7,0.0083839999999999,4402,0.0083839999999999,2,7,0.4059706979586577,47960.79428854,528.25,45755.6,9000.02,3818.15,3589.69,0.713507,1.05093
1260|7,0.04192,880,0.04192,3,7,0.4059706979586577,47960.79428854,528.25,47356.8,1777,961.26,929.519,-0.323243,-0.202043
1260|7,0.2096,570,0.2096,4,7,0.4059706979586577,47960.79428854,528.25,47745.8,682.671,581.526,577.677,-0.0654731,-0.043799
1260|7,1.048,526,1.048,5,7,0.4059706979586577,47960.79428854,528.25,46640.8,547.521,535.462,535.007,-0.0566949,-0.0539966
1260|7,5.24,528,5.24,6,7,0.4059706979586577,47960.79428854,528.25,38623,531.398,529.981,529.928,-0.0119465,-0.0116266
1260|7,26.2,462,26.2,7,7,0.4059706979586577,47960.79428854,528.25,15940.5,529.498,529.335,529.329,-0.40641,-0.406376
1260|7,131,518,131,8,7,0.4059706979586577,47960.79428854,528.25,2886.34,529.278,529.261,529.26,-0.0679715,-0.0679675
1260|6,0.0004351999999999,26067,0.0004351999999999,1,6,0.4059706979586577,47960.79428854,528.25,41290.9,38049.5,39810.9,39757.6,-1.72657,-1.72216
1260|6,0.0021759999999999,26271,0.0021759999999999,2,6,0.4059706979586577,47960.79428854,528.25,45757.3,26709.7,34859.8,34556.4,-1.23087,-1.19772
1260|6,0.0108799999999999,15545,0.0108799999999999,3,6,0.4059706979586577,47960.79428854,528.25,47371.8,7102,13278.1,12947.6,0.841047,0.987659
1260|6,0.0543999999999999,2518,0.0543999999999999,4,6,0.4059706979586577,47960.79428854,528.25,47873.1,1429.8,2542.13,2474.86,-0.0426987,0.0781853
1260|6,0.2719999999999999,634,0.2719999999999999,5,6,0.4059706979586577,47960.79428854,528.25,47683.1,638.007,777.458,768.955,-0.667503,-0.632908
1260|6,1.36,518,1.36,6,6,0.4059706979586577,47960.79428854,528.25,45637.2,542.049,558.521,557.526,-0.236309,-0.230773
1260|6,6.8,488,6.8,7,6,0.4059706979586577,47960.79428854,528.25,34679.3,530.719,532.608,532.495,-0.268184,-0.267542
1260|6,34,530,34,8,6,0.4059706979586577,47960.79428854,528.25,11451.8,529.409,529.611,529.599,0.00234822,0.00242027
1260|5,0.0004351999999999,32187,0.0004351999999999,1,5,0.4059706979586577,47960.79428854,528.25,41220,37984.2,39877.7,39837.5,-0.964535,-0.960452
1260|5,0.0021759999999999,29372,0.0021759999999999,2,5,0.4059706979586577,47960.79428854,528.25,45686.4,26668.6,35605.4,35367.6,-0.874769,-0.847008
1260|5,0.0108799999999999,17625,0.0108799999999999,3,5,0.4059706979586577,47960.79428854,528.25,47300.9,7092.05,14199.9,13914.6,1.18995,1.31497
1260|5,0.0543999999999999,2370,0.0543999999999999,4,5,0.4059706979586577,47960.79428854,528.25,47802.2,1428.45,2739.28,2678.47,-0.611186,-0.520947
1260|5,0.2719999999999999,648,0.2719999999999999,5,5,0.4059706979586577,47960.79428854,528.25,47612.5,637.844,802.829,795.102,-0.70392,-0.673484
1260|5,1.36,632,1.36,6,5,0.4059706979586577,47960.79428854,528.25,45568.9,542.029,561.528,560.625,0.409552,0.41523
1260|5,6.8,538,6.8,7,5,0.4059706979586577,47960.79428854,528.25,34625.8,530.717,532.952,532.85,0.0303333,0.0309502
1260|5,34,494,34,8,5,0.4059706979586577,47960.79428854,528.25,11432.7,529.409,529.648,529.637,-0.215075,-0.215012
1260|11,0.0014272,27917,0.0014272,1,11,0.4059706979586577,47960.79428854,528.25,38749.8,37706.4,37013.4,36923.2,-1.22839,-1.21915
1260|11,0.007136,27045,0.007136,2,11,0.4059706979586577,47960.79428854,528.25,43215.1,35055.1,30998.2,30533.5,-0.636432,-0.57008
1260|11,0.03568,12328,0.03568,3,11,0.4059706979586577,47960.79428854,528.25,44820,15343,10647.7,10245.4,0.773124,0.994736
1260|11,0.1784,1804,0.1784,4,11,0.4059706979586577,47960.79428854,528.25,45240.8,3052.61,2050.64,1976.28,-0.527521,-0.380472
1260|11,0.892,508,0.892,5,11,0.4059706979586577,47960.79428854,528.25,44391.1,844.521,715.396,706.106,-1.02366,-0.986784
1260|11,4.46,460,4.46,6,11,0.4059706979586577,47960.79428854,528.25,37898.1,566.481,551.167,550.079,-0.53623,-0.530502
1260|11,22.3,450,22.3,7,11,0.4059706979586577,47960.79428854,528.25,17184.5,533.514,531.759,531.636,-0.492038,-0.491367
1260|11,111.5,542,111.5,8,11,0.4059706979586577,47960.79428854,528.25,3227.98,529.705,529.518,529.505,0.0753183,0.0753983
1260|12,0.0014272,35926,0.0014272,1,12,0.4059706979586577,47960.79428854,528.25,34272.2,33351,33062.7,33005.1,0.432438,0.441899
1260|12,0.007136,28728,0.007136,2,12,0.4059706979586577,47960.79428854,528.25,38737.7,31433.6,29625,29288.7,-0.151034,-0.0954891
1260|12,0.03568,13590,0.03568,3,12,0.4059706979586577,47960.79428854,528.25,40343.8,13845.8,11473.3,11101,0.905622,1.09968
1260|12,0.1784,1822,0.1784,4,12,0.4059706979586577,47960.79428854,528.25,40774.9,2800.57,2265.88,2189.44,-0.8699,-0.742166
1260|12,0.892,512,0.892,5,12,0.4059706979586577,47960.79428854,528.25,40010.1,813.031,743.501,733.804,-1.11202,-1.07539
1260|12,4.46,458,4.46,6,12,0.4059706979586577,47960.79428854,528.25,34121.5,562.718,554.469,553.333,-0.565236,-0.559318
1260|12,22.3,414,22.3,7,12,0.4059706979586577,47960.79428854,528.25,15437.5,533.067,532.125,531.997,-0.710582,-0.709919
1260|12,111.5,436,111.5,8,12,0.4059706979586577,47960.79428854,528.25,2911.82,529.652,529.553,529.54,-0.564502,-0.56443
1260|10,0.0004479999999999,35498,0.0004479999999999,1,10,0.4059706979586577,47960.79428854,528.25,40396.7,40156.8,40222.4,40214.4,-0.587473,-0.586593
1260|10,0.00224,40710,0.00224,2,10,0.4059706979586577,47960.79428854,528.25,44863.1,42712.8,43281.8,43212.3,-0.297357,-0.289777
1260|10,0.0111999999999999,38631,0.0111999999999999,3,10,0.4059706979586577,47960.79428854,528.25,46477.5,32677.7,35561.7,35189.2,0.431261,0.488679
1260|10,0.0559999999999999,16665,0.0559999999999999,4,10,0.4059706979586577,47960.79428854,528.25,46978.3,10598.1,13346.6,12944,1.22494,1.4153
1260|10,0.2799999999999999,1606,0.2799999999999999,5,10,0.4059706979586577,47960.79428854,528.25,46784.7,2006.98,2539.06,2457.29,-1.65299,-1.55276
1260|10,1.4,480,1.4,6,10,0.4059706979586577,47960.79428854,528.25,44712,707.745,774.455,764.201,-1.37389,-1.33876
1260|10,7,440,7,7,10,0.4059706979586577,47960.79428854,528.25,33686.3,549.771,557.464,556.29,-0.68586,-0.679933
1260|10,35,500,35,8,10,0.4059706979586577,47960.79428854,528.25,10914.7,531.444,532.265,532.14,-0.194056,-0.193338
1260|9,0.0004479999999999,41082,0.0004479999999999,1,9,0.4059706979586577,47960.79428854,528.25,41001.2,40757.6,40863.2,40849.1,0.0267828,0.0285223
1260|9,0.00224,44794,0.00224,2,9,0.4059706979586577,47960.79428854,528.25,45467.6,43288,44209,44084.2,0.0662243,0.0805847
1260|9,0.0111999999999999,38687,0.0111999999999999,3,9,0.4059706979586577,47960.79428854,528.25,47081.9,33100.6,37989.1,37258.3,0.0918398,0.19168
1260|9,0.0559999999999999,19775,0.0559999999999999,4,9,0.4059706979586577,47960.79428854,528.25,47582.5,10729,15986.6,15001.2,1.17185,1.57171
1260|9,0.2799999999999999,2028,0.2799999999999999,5,9,0.4059706979586577,47960.79428854,528.25,47386.3,2026.21,3110.92,2886.16,-1.59737,-1.35497
1260|9,1.4,514,1.4,6,9,0.4059706979586577,47960.79428854,528.25,45293.2,710.093,847.651,818.776,-1.45797,-1.366
1260|9,7,518,7,7,9,0.4059706979586577,47960.79428854,528.25,34138.4,550.051,565.952,562.619,-0.277258,-0.258982
1260|9,35,494,35,8,9,0.4059706979586577,47960.79428854,528.25,11072.2,531.477,533.178,532.822,-0.235378,-0.233343
1260|4,0.0010624,33661,0.0010624,1,4,0.4059706979586577,47960.79428854,528.25,41001.1,40774.2,40775.6,40760.8,-0.872782,-0.871281
1260|4,0.005312,36692,0.005312,2,4,0.4059706979586577,47960.79428854,528.25,45466.8,43430.2,43441.7,43315.3,-0.77755,-0.765202
1260|4,0.02656,31084,0.02656,3,4,0.4059706979586577,47960.79428854,528.25,47075.3,33783,33835.2,33229.8,-0.40611,-0.322464
1260|4,0.1328,13458,0.1328,4,4,0.4059706979586577,47960.79428854,528.25,47525.8,11305.7,11347.9,10835.2,0.912534,1.18645
1260|4,0.664,1668,0.664,5,4,0.4059706979586577,47960.79428854,528.25,46917.4,2132.23,2139.42,2045.51,-0.97166,-0.809177
1260|4,3.32,526,3.32,6,4,0.4059706979586577,47960.79428854,528.25,41891.5,723.297,724.111,712.493,-0.969554,-0.923111
1260|4,16.6,482,16.6,7,4,0.4059706979586577,47960.79428854,528.25,22371.8,551.575,551.659,550.328,-0.409488,-0.402286
1260|4,83,570,83,8,4,0.4059706979586577,47960.79428854,528.25,4615.42,531.64,531.648,531.507,0.230838,0.231728
1260|3,0.0010624,37180,0.0010624,1,3,0.4059706979586577,47960.79428854,528.25,40396.6,40173.1,40204,40193.6,-0.376202,-0.375008
1260|3,0.005312,42284,0.005312,2,3,0.4059706979586577,47960.79428854,528.25,44862.3,42853.1,43120.8,43031.1,-0.097105,-0.0868836
1260|3,0.02656,29878,0.02656,3,3,0.4059706979586577,47960.79428854,528.25,46470.9,33351.2,34700.9,34241.2,-0.69431,-0.636492
1260|3,0.1328,14579,0.1328,4,3,0.4059706979586577,47960.79428854,528.25,46922.4,11167.3,12432.7,11983.4,0.84912,1.06443
1260|3,0.664,2122,0.664,5,3,0.4059706979586577,47960.79428854,528.25,46321.8,2111.64,2353.98,2266.71,-0.439568,-0.283513
1260|3,3.32,498,3.32,6,3,0.4059706979586577,47960.79428854,528.25,41354.5,720.778,751.065,740.186,-1.20691,-1.16704
1260|3,16.6,458,16.6,7,3,0.4059706979586577,47960.79428854,528.25,22078,551.275,554.761,553.515,-0.566754,-0.560269
1260|3,83,484,83,8,3,0.4059706979586577,47960.79428854,528.25,4554.39,531.604,531.976,531.844,-0.288651,-0.287902
