id,time,rlu,plate_row,plate_col,virus_cc,mean_vc,popPred_medianCOV,popPred,indivPred_SAEM,indivPred_mode,indWRes_SAEM,indWRes_mode
8|84|cc|1|1|162,0.0,658,1,1,0,78856.625,0.0,0.0,0.0,0.0,1.0278,1.0278
8|84|cc|2|1|162,0.0,644,2,1,0,78856.625,0.0,0.0,0.0,0.0,1.00593,1.00593
8|84|cc|3|1|162,0.0,660,3,1,0,78856.625,0.0,0.0,0.0,0.0,1.03092,1.03092
8|84|cc|4|1|162,0.0,680,4,1,0,78856.625,0.0,0.0,0.0,0.0,1.06216,1.06216
8|84|cc|5|1|162,0.0,698,5,1,0,78856.625,0.0,0.0,0.0,0.0,1.09028,1.09028
8|84|cc|6|1|162,0.0,694,6,1,0,78856.625,0.0,0.0,0.0,0.0,1.08403,1.08403
8|84|cc|7|1|162,0.0,694,7,1,0,78856.625,0.0,0.0,0.0,0.0,1.08403,1.08403
8|84|cc|8|1|162,0.0,636,8,1,0,78856.625,0.0,0.0,0.0,0.0,0.993433,0.993433
8|84|sample|10|162,0.0003648,68673,1,10,1,78856.625,78856.6,78865.7,271.056,309.977,1.08957,0.953443
8|84|sample|10|162,0.001824,77369,2,10,1,78856.625,78856.6,78865.9,271.058,294.067,1.22808,1.13256
8|84|sample|10|162,0.00912,78012,3,10,1,78856.625,78856.6,78866.0,271.06,284.654,1.23831,1.17955
8|84|sample|10|162,0.0456,65967,4,10,1,78856.625,78856.6,78866.0,271.06,279.086,1.04645,1.01653
8|84|sample|10|162,0.228,47827,5,10,1,78856.625,78856.6,78866.0,271.06,275.792,0.757505,0.744564
8|84|sample|10|162,1.14,13678,6,10,1,78856.625,78856.6,78866.0,271.06,273.844,0.213555,0.211362
8|84|sample|10|162,5.7,1798,7,10,1,78856.625,78856.6,78865.9,271.058,272.692,0.0243224,0.0241523
8|84|sample|10|162,28.5,586,8,10,1,78856.625,78856.6,78865.7,271.056,272.01,0.00501672,0.00498417
8|84|sample|11|162,0.0003712,69151,1,11,1,78856.625,78856.6,78865.7,271.214,321.986,1.09655,0.924447
8|84|sample|11|162,0.001856,78893,2,11,1,78856.625,78856.6,78865.9,271.216,301.751,1.25163,1.1257
8|84|sample|11|162,0.00928,82686,3,11,1,78856.625,78856.6,78865.9,271.216,289.55,1.31201,1.22946
8|84|sample|11|162,0.0464,67678,4,11,1,78856.625,78856.6,78865.9,271.216,282.194,1.07309,1.03159
8|84|sample|11|162,0.2319999999999999,52077,5,11,1,78856.625,78856.6,78865.9,271.216,277.76,0.82473,0.805391
8|84|sample|11|162,1.16,21332,6,11,1,78856.625,78856.6,78865.9,271.216,275.087,0.33528,0.330549
8|84|sample|11|162,5.8,1872,7,11,1,78856.625,78856.6,78865.9,271.216,273.476,0.0254839,0.0252398
8|84|sample|11|162,29.0,564,8,11,1,78856.625,78856.6,78865.7,271.214,272.505,0.00466108,0.00461878
8|84|sample|12|162,0.0003712,63850,1,12,1,78856.625,78856.6,78865.7,270.521,273.145,1.01474,1.00505
8|84|sample|12|162,0.001856,63754,2,12,1,78856.625,78856.6,78865.7,270.521,272.035,1.0132,1.0076
8|84|sample|12|162,0.00928,61492,3,12,1,78856.625,78856.6,78865.7,270.521,271.497,0.977102,0.973611
8|84|sample|12|162,0.0464,55297,4,12,1,78856.625,78856.6,78865.7,270.521,271.236,0.878229,0.875926
8|84|sample|12|162,0.2319999999999999,41168,5,12,1,78856.625,78856.6,78865.7,270.521,271.11,0.652729,0.651316
8|84|sample|12|162,1.16,15633,6,12,1,78856.625,78856.6,78865.7,270.521,271.049,0.245187,0.244706
8|84|sample|12|162,5.8,1442,7,12,1,78856.625,78856.6,78865.7,270.521,271.019,0.0186969,0.018655
8|84|sample|12|162,29.0,668,8,12,1,78856.625,78856.6,78865.7,270.521,271.005,0.00634381,0.00632489
8|84|sample|3|162,6.4e-05,75994,1,3,1,78856.625,78856.6,78865.7,271.425,402.349,1.20456,0.813888
8|84|sample|3|162,0.00032,82778,2,3,1,78856.625,78856.6,78865.9,271.427,352.617,1.31247,1.01165
8|84|sample|3|162,0.0016,84235,3,3,1,78856.625,78856.6,78866.0,271.429,321.717,1.33563,1.12798
8|84|sample|3|162,0.008,86421,4,3,1,78856.625,78856.6,78866.0,271.429,302.524,1.37041,1.23039
8|84|sample|3|162,0.04,77403,5,3,1,78856.625,78856.6,78866.0,271.429,290.606,1.22695,1.14648
8|84|sample|3|162,0.2,68219,6,3,1,78856.625,78856.6,78866.0,271.429,283.206,1.08086,1.03617
8|84|sample|3|162,1.0,41754,7,3,1,78856.625,78856.6,78865.9,271.427,278.612,0.65988,0.64292
8|84|sample|3|162,5.0,13774,8,3,1,78856.625,78856.6,78865.7,271.425,275.76,0.214792,0.211382
8|84|sample|4|162,6.4e-05,74113,1,4,1,78856.625,78856.6,78865.7,271.11,389.466,1.17599,0.819845
8|84|sample|4|162,0.00032,84517,2,4,1,78856.625,78856.6,78865.9,271.112,344.044,1.34168,1.05863
8|84|sample|4|162,0.0016,82608,3,4,1,78856.625,78856.6,78866.0,271.114,316.041,1.31126,1.12588
8|84|sample|4|162,0.008,81228,4,4,1,78856.625,78856.6,78866.2,271.116,298.783,1.28928,1.1706
8|84|sample|4|162,0.04,77037,5,4,1,78856.625,78856.6,78866.2,271.116,288.149,1.22253,1.15071
8|84|sample|4|162,0.2,64814,6,4,1,78856.625,78856.6,78866.0,271.114,281.597,1.02788,0.989833
8|84|sample|4|162,1.0,39177,7,4,1,78856.625,78856.6,78865.9,271.112,277.561,0.619604,0.605251
8|84|sample|4|162,5.0,12834,8,4,1,78856.625,78856.6,78865.7,271.11,275.074,0.200074,0.197157
8|84|sample|5|162,0.0006144,72824,1,5,1,78856.625,78856.6,78865.7,271.245,331.051,1.15489,0.94722
8|84|sample|5|162,0.003072,78360,2,5,1,78856.625,78856.6,78865.9,271.247,308.016,1.24301,1.09544
8|84|sample|5|162,0.01536,80614,3,5,1,78856.625,78856.6,78866.0,271.249,293.82,1.27887,1.18123
8|84|sample|5|162,0.0768,74089,4,5,1,78856.625,78856.6,78866.2,271.251,285.073,1.175,1.11837
8|84|sample|5|162,0.384,55821,5,5,1,78856.625,78856.6,78866.2,271.251,279.684,0.884219,0.857691
8|84|sample|5|162,1.92,24346,6,5,1,78856.625,78856.6,78866.0,271.249,276.364,0.383216,0.376114
8|84|sample|5|162,9.6,9438,7,5,1,78856.625,78856.6,78865.9,271.247,274.319,0.145915,0.144249
8|84|sample|5|162,48.0,4872,8,5,1,78856.625,78856.6,78865.7,271.245,273.059,0.0732346,0.0727245
8|84|sample|6|162,0.0006144,70835,1,6,1,78856.625,78856.6,78865.7,271.128,332.169,1.12371,0.918142
8|84|sample|6|162,0.003072,80058,2,6,1,78856.625,78856.6,78865.9,271.13,308.753,1.27058,1.11661
8|84|sample|6|162,0.01536,79421,3,6,1,78856.625,78856.6,78866.0,271.132,294.305,1.26042,1.16177
8|84|sample|6|162,0.0768,77554,4,6,1,78856.625,78856.6,78866.2,271.134,285.391,1.23068,1.16958
8|84|sample|6|162,0.384,55427,5,6,1,78856.625,78856.6,78866.2,271.134,279.893,0.878324,0.850976
8|84|sample|6|162,1.92,28310,6,6,1,78856.625,78856.6,78866.0,271.132,276.501,0.446506,0.437839
8|84|sample|6|162,9.6,13006,7,6,1,78856.625,78856.6,78865.9,271.13,274.409,0.202798,0.200348
8|84|sample|6|162,48.0,4250,8,6,1,78856.625,78856.6,78865.7,271.128,273.118,0.0633626,0.0628741
8|84|sample|7|162,7.68e-05,69948,1,7,1,78856.625,78856.6,78865.7,271.266,364.847,1.10903,0.825619
8|84|sample|7|162,0.000384,87626,2,7,1,78856.625,78856.6,78865.9,271.268,328.098,1.39039,1.15084
8|84|sample|7|162,0.00192,79963,3,7,1,78856.625,78856.6,78866.0,271.27,305.743,1.26842,1.1262
8|84|sample|7|162,0.0096,76543,4,7,1,78856.625,78856.6,78866.2,271.272,292.148,1.21397,1.12774
8|84|sample|7|162,0.048,74241,5,7,1,78856.625,78856.6,78866.2,271.272,283.882,1.17733,1.12535
8|84|sample|7|162,0.24,46730,6,7,1,78856.625,78856.6,78866.0,271.27,278.855,0.739462,0.719428
8|84|sample|7|162,1.2,16917,7,7,1,78856.625,78856.6,78865.9,271.268,275.8,0.264944,0.260563
8|84|sample|7|162,6.0,1596,8,7,1,78856.625,78856.6,78865.7,271.266,273.942,0.0210855,0.0208394
8|84|sample|8|162,7.68e-05,70881,1,8,1,78856.625,78856.6,78865.7,271.024,356.366,1.12487,0.85655
8|84|sample|8|162,0.000384,79033,2,8,1,78856.625,78856.6,78865.9,271.026,322.576,1.25473,1.05525
8|84|sample|8|162,0.00192,84181,3,8,1,78856.625,78856.6,78866.0,271.028,302.166,1.33674,1.1998
8|84|sample|8|162,0.0096,79555,4,8,1,78856.625,78856.6,78866.2,271.03,289.841,1.26303,1.18156
8|84|sample|8|162,0.048,69015,5,8,1,78856.625,78856.6,78866.2,271.03,282.399,1.09512,1.05129
8|84|sample|8|162,0.24,49350,6,8,1,78856.625,78856.6,78866.0,271.028,277.906,0.781857,0.762591
8|84|sample|8|162,1.2,14789,7,8,1,78856.625,78856.6,78865.9,271.026,275.194,0.231282,0.227748
8|84|sample|8|162,6.0,1804,8,8,1,78856.625,78856.6,78865.7,271.024,273.557,0.0244216,0.0241578
8|84|sample|9|162,0.0003648,74429,1,9,1,78856.625,78856.6,78865.7,270.479,334.74,1.18376,0.957562
8|84|sample|9|162,0.001824,81503,2,9,1,78856.625,78856.6,78865.9,270.481,310.024,1.29667,1.13221
8|84|sample|9|162,0.00912,79111,3,9,1,78856.625,78856.6,78866.0,270.483,294.894,1.25848,1.15492
8|84|sample|9|162,0.0456,74577,4,9,1,78856.625,78856.6,78866.2,270.485,285.633,1.1861,1.12357
8|84|sample|9|162,0.228,48083,5,9,1,78856.625,78856.6,78866.2,270.485,279.966,0.763194,0.737459
8|84|sample|9|162,1.14,14006,6,9,1,78856.625,78856.6,78866.0,270.483,276.498,0.219251,0.214436
8|84|sample|9|162,5.7,1510,7,9,1,78856.625,78856.6,78865.9,270.481,274.375,0.0197858,0.0194465
8|84|sample|9|162,28.5,600,8,9,1,78856.625,78856.6,78865.7,270.479,273.076,0.00526,0.00516942
8|84|vc|1|2|162,0.0,73943,1,2,1,78856.625,271.098,271.114,271.215,271.126,1.17283,1.17321
8|84|vc|2|2|162,0.0,83068,2,2,1,78856.625,271.098,271.114,271.567,271.138,1.31641,1.31847
8|84|vc|3|2|162,0.0,83256,3,2,1,78856.625,271.098,271.114,271.057,271.139,1.32186,1.32146
8|84|vc|4|2|162,0.0,81859,4,2,1,78856.625,271.098,271.114,271.155,271.137,1.29914,1.29923
8|84|vc|5|2|162,0.0,83236,5,2,1,78856.625,271.098,271.114,270.722,271.139,1.32316,1.32114
8|84|vc|6|2|162,0.0,85784,6,2,1,78856.625,271.098,271.114,271.07,271.142,1.36206,1.3617
8|84|vc|7|2|162,0.0,78995,7,2,1,78856.625,271.098,271.114,271.088,271.133,1.25384,1.25364
8|84|vc|8|2|162,0.0,60712,8,2,1,78856.625,271.098,271.114,270.764,271.112,0.963792,0.962564
8|719|cc|1|1|274,0.0,640,1,1,0,84741.625,0.0,0.0,0.0,0.0,0.999681,0.999681
8|719|cc|2|1|274,0.0,658,2,1,0,84741.625,0.0,0.0,0.0,0.0,1.0278,1.0278
8|719|cc|3|1|274,0.0,684,3,1,0,84741.625,0.0,0.0,0.0,0.0,1.06841,1.06841
8|719|cc|4|1|274,0.0,730,4,1,0,84741.625,0.0,0.0,0.0,0.0,1.14026,1.14026
8|719|cc|5|1|274,0.0,706,5,1,0,84741.625,0.0,0.0,0.0,0.0,1.10277,1.10277
8|719|cc|6|1|274,0.0,732,6,1,0,84741.625,0.0,0.0,0.0,0.0,1.14339,1.14339
8|719|cc|7|1|274,0.0,746,7,1,0,84741.625,0.0,0.0,0.0,0.0,1.16525,1.16525
8|719|cc|8|1|274,0.0,716,8,1,0,84741.625,0.0,0.0,0.0,0.0,1.11839,1.11839
8|719|sample|10|274,0.0003648,94350,1,10,1,84741.625,84741.6,84741.6,270.839,388.66,1.49977,1.04705
8|719|sample|10|274,0.001824,93025,2,10,1,84741.625,84741.6,84741.6,270.839,345.775,1.47865,1.15983
8|719|sample|10|274,0.00912,89279,3,10,1,84741.625,84741.6,84741.6,270.839,318.513,1.41893,1.20775
8|719|sample|10|274,0.0456,68995,4,10,1,84741.625,84741.6,84741.6,270.839,301.187,1.09557,0.98576
8|719|sample|10|274,0.228,32223,5,10,1,84741.625,84741.6,84741.6,270.839,290.178,0.509367,0.475457
8|719|sample|10|274,1.14,4210,6,10,1,84741.625,84741.6,84741.6,270.839,283.184,0.0627964,0.0598974
8|719|sample|10|274,5.7,632,7,10,1,84741.625,84741.6,84741.6,270.839,278.741,0.00575746,0.00547346
8|719|sample|10|274,28.5,612,8,10,1,84741.625,84741.6,84741.6,270.839,275.918,0.00543863,0.00526004
8|719|sample|11|274,0.0003712,89357,1,11,1,84741.625,84741.6,84741.6,271.01,374.571,1.41928,1.02859
8|719|sample|11|274,0.001856,92891,2,11,1,84741.625,84741.6,84741.6,271.01,336.262,1.47558,1.19077
8|719|sample|11|274,0.00928,86253,3,11,1,84741.625,84741.6,84741.6,271.01,312.115,1.36983,1.19046
8|719|sample|11|274,0.0464,67865,4,11,1,84741.625,84741.6,84741.6,271.01,296.9,1.07688,0.983474
8|719|sample|11|274,0.2319999999999999,24977,5,11,1,84741.625,84741.6,84741.6,271.01,287.315,0.393606,0.37124
8|719|sample|11|274,1.16,2348,6,11,1,84741.625,84741.6,84741.6,271.01,281.276,0.0330898,0.0317363
8|719|sample|11|274,5.8,638,7,11,1,84741.625,84741.6,84741.6,271.01,277.473,0.00584673,0.00561134
8|719|sample|11|274,29.0,584,8,11,1,84741.625,84741.6,84741.6,271.01,275.077,0.00498643,0.00484962
8|719|sample|12|274,0.0003712,94222,1,12,1,84741.625,84741.6,84741.6,271.193,382.529,1.49579,1.06233
8|719|sample|12|274,0.001856,91978,2,12,1,84741.625,84741.6,84741.6,271.193,341.638,1.46006,1.16055
8|719|sample|12|274,0.00928,89439,3,12,1,84741.625,84741.6,84741.6,271.193,315.731,1.41964,1.22053
8|719|sample|12|274,0.0464,65541,4,12,1,84741.625,84741.6,84741.6,271.193,299.323,1.03916,0.941999
8|719|sample|12|274,0.2319999999999999,22932,5,12,1,84741.625,84741.6,84741.6,271.193,288.932,0.360782,0.338579
8|719|sample|12|274,1.16,1534,6,12,1,84741.625,84741.6,84741.6,271.193,282.352,0.0201051,0.0191476
8|719|sample|12|274,5.8,634,7,12,1,84741.625,84741.6,84741.6,271.193,278.187,0.00577623,0.0055239
8|719|sample|12|274,29.0,568,8,12,1,84741.625,84741.6,84741.6,271.193,275.549,0.00472545,0.00458323
8|719|sample|3|274,6.4e-05,94588,1,3,1,84741.625,84741.6,84741.6,271.265,460.105,1.50122,0.887015
8|719|sample|3|274,0.00032,87222,2,3,1,84741.625,84741.6,84741.6,271.265,391.103,1.38398,0.961593
8|719|sample|3|274,0.0016,85600,3,3,1,84741.625,84741.6,84741.6,271.265,347.267,1.35816,1.06234
8|719|sample|3|274,0.008,88953,4,3,1,84741.625,84741.6,84741.6,271.265,319.432,1.41153,1.19988
8|719|sample|3|274,0.04,78809,5,3,1,84741.625,84741.6,84741.6,271.265,301.763,1.25007,1.12445
8|719|sample|3|274,0.2,76136,6,3,1,84741.625,84741.6,84741.6,271.265,290.549,1.20752,1.12786
8|719|sample|3|274,1.0,50010,7,3,1,84741.625,84741.6,84741.6,271.265,283.433,0.791682,0.75784
8|719|sample|3|274,5.0,9930,8,3,1,84741.625,84741.6,84741.6,271.265,278.918,0.153736,0.149441
8|719|sample|4|274,6.4e-05,96662,1,4,1,84741.625,84741.6,84741.6,271.47,455.332,1.53308,0.916051
8|719|sample|4|274,0.00032,85208,2,4,1,84741.625,84741.6,84741.6,271.47,387.845,1.35091,0.947158
8|719|sample|4|274,0.0016,85066,3,4,1,84741.625,84741.6,84741.6,271.47,345.055,1.34865,1.06243
8|719|sample|4|274,0.008,87029,4,4,1,84741.625,84741.6,84741.6,271.47,317.937,1.37987,1.17932
8|719|sample|4|274,0.04,80898,5,4,1,84741.625,84741.6,84741.6,271.47,300.756,1.28236,1.15821
8|719|sample|4|274,0.2,71071,6,4,1,84741.625,84741.6,84741.6,271.47,289.873,1.12606,1.05498
8|719|sample|4|274,1.0,50818,7,4,1,84741.625,84741.6,84741.6,271.47,282.981,0.803938,0.771381
8|719|sample|4|274,5.0,10376,8,4,1,84741.625,84741.6,84741.6,271.47,278.615,0.160712,0.15652
8|719|sample|5|274,0.0006144,90234,1,5,1,84741.625,84741.6,84741.6,271.304,404.259,1.43171,0.96265
8|719|sample|5|274,0.003072,91037,2,5,1,84741.625,84741.6,84741.6,271.304,357.269,1.44449,1.09858
8|719|sample|5|274,0.01536,85896,3,5,1,84741.625,84741.6,84741.6,271.304,326.842,1.36268,1.13236
8|719|sample|5|274,0.0768,84081,4,5,1,84741.625,84741.6,84741.6,271.304,307.146,1.33379,1.17905
8|719|sample|5|274,0.384,66810,5,5,1,84741.625,84741.6,84741.6,271.304,294.398,1.05893,0.976305
8|719|sample|5|274,1.92,28534,6,5,1,84741.625,84741.6,84741.6,271.304,286.15,0.449788,0.426454
8|719|sample|5|274,9.6,4934,7,5,1,84741.625,84741.6,84741.6,271.304,280.813,0.0742046,0.0715705
8|719|sample|5|274,48.0,870,8,5,1,84741.625,84741.6,84741.6,271.304,277.36,0.00952796,0.00922773
8|719|sample|6|274,0.0006144,90599,1,6,1,84741.625,84741.6,84741.6,270.958,424.052,1.43935,0.92154
8|719|sample|6|274,0.003072,100276,2,6,1,84741.625,84741.6,84741.6,270.958,371.02,1.59355,1.16582
8|719|sample|6|274,0.01536,89109,3,6,1,84741.625,84741.6,84741.6,270.958,336.353,1.41561,1.1418
8|719|sample|6|274,0.0768,84595,4,6,1,84741.625,84741.6,84741.6,270.958,313.7,1.34368,1.16162
8|719|sample|6|274,0.384,66428,5,6,1,84741.625,84741.6,84741.6,270.958,298.9,1.05419,0.95615
8|719|sample|6|274,1.92,28310,6,6,1,84741.625,84741.6,84741.6,270.958,289.232,0.446793,0.41856
8|719|sample|6|274,9.6,3504,7,6,1,84741.625,84741.6,84741.6,270.958,282.918,0.0515175,0.0491783
8|719|sample|6|274,48.0,772,8,6,1,84741.625,84741.6,84741.6,270.958,278.794,0.00798394,0.00764036
8|719|sample|7|274,7.68e-05,96784,1,7,1,84741.625,84741.6,84741.6,270.809,434.02,1.53874,0.962177
8|719|sample|7|274,0.000384,90264,2,7,1,84741.625,84741.6,84741.6,270.809,373.771,1.43479,1.04129
8|719|sample|7|274,0.00192,93457,3,7,1,84741.625,84741.6,84741.6,270.809,335.776,1.4857,1.19977
8|719|sample|7|274,0.0096,84890,4,7,1,84741.625,84741.6,84741.6,270.809,311.826,1.34911,1.17266
8|719|sample|7|274,0.048,65169,5,7,1,84741.625,84741.6,84741.6,270.809,296.732,1.03469,0.944766
8|719|sample|7|274,0.24,30352,6,7,1,84741.625,84741.6,84741.6,270.809,287.222,0.479595,0.452206
8|719|sample|7|274,1.2,4196,7,7,1,84741.625,84741.6,84741.6,270.809,281.23,0.0625807,0.0601244
8|719|sample|7|274,6.0,676,8,7,1,84741.625,84741.6,84741.6,270.809,277.456,0.0064601,0.00620342
8|719|sample|8|274,7.68e-05,95369,1,8,1,84741.625,84741.6,84741.6,270.967,422.38,1.51531,0.974119
8|719|sample|8|274,0.000384,92759,2,8,1,84741.625,84741.6,84741.6,270.967,365.907,1.47372,1.09311
8|719|sample|8|274,0.00192,84653,3,8,1,84741.625,84741.6,84741.6,270.967,330.49,1.34456,1.10364
8|719|sample|8|274,0.0096,85030,4,8,1,84741.625,84741.6,84741.6,270.967,308.288,1.35056,1.18801
8|719|sample|8|274,0.048,63826,5,8,1,84741.625,84741.6,84741.6,270.967,294.374,1.0127,0.932584
8|719|sample|8|274,0.24,29936,6,8,1,84741.625,84741.6,84741.6,270.967,285.655,0.472687,0.448395
8|719|sample|8|274,1.2,4124,7,8,1,84741.625,84741.6,84741.6,270.967,280.192,0.0613948,0.0592512
8|719|sample|8|274,6.0,680,8,8,1,84741.625,84741.6,84741.6,270.967,276.769,0.0065176,0.00629179
8|719|sample|9|274,0.0003648,99893,1,9,1,84741.625,84741.6,84741.6,271.233,390.43,1.58584,1.10381
8|719|sample|9|274,0.001824,90396,2,9,1,84741.625,84741.6,84741.6,271.233,346.978,1.43466,1.12303
8|719|sample|9|274,0.00912,87530,3,9,1,84741.625,84741.6,84741.6,271.233,319.326,1.38904,1.181
8|719|sample|9|274,0.0456,67618,4,9,1,84741.625,84741.6,84741.6,271.233,301.735,1.07207,0.964254
8|719|sample|9|274,0.228,32029,5,9,1,84741.625,84741.6,84741.6,271.233,290.545,0.505541,0.471971
8|719|sample|9|274,1.14,4042,6,9,1,84741.625,84741.6,84741.6,271.233,283.429,0.0600255,0.057282
8|719|sample|9|274,5.7,674,7,9,1,84741.625,84741.6,84741.6,271.233,278.904,0.0064115,0.00611814
8|719|sample|9|274,28.5,644,8,9,1,84741.625,84741.6,84741.6,271.233,276.026,0.00593394,0.00575696
8|719|vc|1|2|274,0.0,95775,1,2,1,84741.625,271.098,271.098,271.288,271.141,1.51999,1.5208
8|719|vc|2|2|274,0.0,90514,2,2,1,84741.625,271.098,271.098,271.063,271.133,1.43744,1.43707
8|719|vc|3|2|274,0.0,86615,3,2,1,84741.625,271.098,271.098,271.263,271.128,1.37433,1.37501
8|719|vc|4|2|274,0.0,84683,4,2,1,84741.625,271.098,271.098,270.877,271.125,1.34548,1.34426
8|719|vc|5|2|274,0.0,87250,5,2,1,84741.625,271.098,271.098,271.336,271.128,1.38407,1.38512
8|719|vc|6|2|274,0.0,81493,6,2,1,84741.625,271.098,271.098,270.851,271.12,1.29475,1.29348
8|719|vc|7|2|274,0.0,76517,7,2,1,84741.625,271.098,271.098,271.199,271.114,1.21388,1.21426
8|719|vc|8|2|274,0.0,75086,8,2,1,84741.625,271.098,271.098,271.013,271.112,1.19191,1.19148
8|488|cc|1|1|322,0.0,690,1,1,0,92253.875,0.0,0.0,0.0,0.0,1.07778,1.07778
8|488|cc|2|1|322,0.0,744,2,1,0,92253.875,0.0,0.0,0.0,0.0,1.16213,1.16213
8|488|cc|3|1|322,0.0,678,3,1,0,92253.875,0.0,0.0,0.0,0.0,1.05904,1.05904
8|488|cc|4|1|322,0.0,658,4,1,0,92253.875,0.0,0.0,0.0,0.0,1.0278,1.0278
8|488|cc|5|1|322,0.0,652,5,1,0,92253.875,0.0,0.0,0.0,0.0,1.01843,1.01843
8|488|cc|6|1|322,0.0,686,6,1,0,92253.875,0.0,0.0,0.0,0.0,1.07153,1.07153
8|488|cc|7|1|322,0.0,710,7,1,0,92253.875,0.0,0.0,0.0,0.0,1.10902,1.10902
8|488|cc|8|1|322,0.0,678,8,1,0,92253.875,0.0,0.0,0.0,0.0,1.05904,1.05904
8|488|sample|10|322,0.0003648,81577,1,10,1,92253.875,92253.9,92253.5,271.079,317.16,1.29501,1.10787
8|488|sample|10|322,0.001824,77221,2,10,1,92253.875,92253.9,92253.5,271.079,298.322,1.22563,1.11435
8|488|sample|10|322,0.00912,73813,3,10,1,92253.875,92253.9,92253.4,271.079,287.168,1.17135,1.10611
8|488|sample|10|322,0.0456,47917,4,10,1,92253.875,92253.9,92253.4,271.079,280.564,0.758887,0.733337
8|488|sample|10|322,0.228,23762,5,10,1,92253.875,92253.9,92253.4,271.079,276.654,0.374155,0.366603
8|488|sample|10|322,1.14,14795,6,10,1,92253.875,92253.9,92253.4,271.079,274.34,0.231332,0.228558
8|488|sample|10|322,5.7,9720,7,10,1,92253.875,92253.9,92253.5,271.079,272.97,0.150499,0.149437
8|488|sample|10|322,28.5,5400,8,10,1,92253.875,92253.9,92253.5,271.079,272.159,0.0816916,0.0813536
8|488|sample|11|322,0.0003712,81357,1,11,1,92253.875,92253.9,92253.5,270.817,330.73,1.29275,1.05974
8|488|sample|11|322,0.001856,80376,2,11,1,92253.875,92253.9,92253.5,270.817,307.011,1.27711,1.12739
8|488|sample|11|322,0.00928,77900,3,11,1,92253.875,92253.9,92253.5,270.817,292.708,1.23763,1.14562
8|488|sample|11|322,0.0464,59219,4,11,1,92253.875,92253.9,92253.5,270.817,284.083,0.939803,0.896141
8|488|sample|11|322,0.2319999999999999,31458,5,11,1,92253.875,92253.9,92253.5,270.817,278.884,0.497213,0.482848
8|488|sample|11|322,1.16,7890,6,11,1,92253.875,92253.9,92253.5,270.817,275.749,0.121472,0.119243
8|488|sample|11|322,5.8,2100,7,11,1,92253.875,92253.9,92253.5,270.817,273.86,0.0291624,0.0287937
8|488|sample|11|322,29.0,842,8,11,1,92253.875,92253.9,92253.5,270.817,272.721,0.00910628,0.00901323
8|488|sample|12|322,0.0003712,85678,1,12,1,92253.875,92253.9,92253.5,270.941,331.403,1.36102,1.11399
8|488|sample|12|322,0.001856,78320,2,12,1,92253.875,92253.9,92253.5,270.941,307.443,1.24376,1.09691
8|488|sample|12|322,0.00928,75748,3,12,1,92253.875,92253.9,92253.5,270.941,292.983,1.20278,1.11282
8|488|sample|12|322,0.0464,56968,4,12,1,92253.875,92253.9,92253.5,270.941,284.258,0.903506,0.861387
8|488|sample|12|322,0.2319999999999999,26171,5,12,1,92253.875,92253.9,92253.5,270.941,278.993,0.412735,0.400816
8|488|sample|12|322,1.16,6422,6,12,1,92253.875,92253.9,92253.5,270.941,275.817,0.0980213,0.0962293
8|488|sample|12|322,5.8,1454,7,12,1,92253.875,92253.9,92253.5,270.941,273.901,0.0188528,0.0186045
8|488|sample|12|322,29.0,1264,8,12,1,92253.875,92253.9,92253.5,270.941,272.745,0.0158251,0.0156929
8|488|sample|3|322,6.4e-05,94358,1,3,1,92253.875,92253.9,92253.5,271.516,589.464,1.49619,0.690629
8|488|sample|3|322,0.00032,92993,2,3,1,92253.875,92253.9,92253.5,271.516,480.034,1.47448,0.835813
8|488|sample|3|322,0.0016,99499,3,3,1,92253.875,92253.9,92253.4,271.516,408.163,1.57794,1.05181
8|488|sample|3|322,0.008,102432,4,3,1,92253.875,92253.9,92253.4,271.516,360.993,1.62458,1.22392
8|488|sample|3|322,0.04,102826,5,3,1,92253.875,92253.9,92253.4,271.516,330.048,1.63085,1.34328
8|488|sample|3|322,0.2,85912,6,3,1,92253.875,92253.9,92253.4,271.516,309.753,1.36188,1.19473
8|488|sample|3|322,1.0,75884,7,3,1,92253.875,92253.9,92253.5,271.516,296.446,1.20241,1.10187
8|488|sample|3|322,5.0,33601,8,3,1,92253.875,92253.9,92253.5,271.516,287.721,0.530014,0.500206
8|488|sample|4|322,6.4e-05,90076,1,4,1,92253.875,92253.9,92253.5,271.149,595.358,1.43001,0.652554
8|488|sample|4|322,0.00032,95871,2,4,1,92253.875,92253.9,92253.5,271.149,484.199,1.52229,0.854407
8|488|sample|4|322,0.0016,100086,3,4,1,92253.875,92253.9,92253.4,271.149,411.09,1.58941,1.05052
8|488|sample|4|322,0.008,105205,4,4,1,92253.875,92253.9,92253.4,271.149,363.041,1.67092,1.25011
8|488|sample|4|322,0.04,98822,5,4,1,92253.875,92253.9,92253.4,271.149,331.475,1.56928,1.28528
8|488|sample|4|322,0.2,88433,6,4,1,92253.875,92253.9,92253.4,271.149,310.744,1.40385,1.22601
8|488|sample|4|322,1.0,78354,7,4,1,92253.875,92253.9,92253.5,271.149,297.132,1.24336,1.13526
8|488|sample|4|322,5.0,36320,8,4,1,92253.875,92253.9,92253.5,271.149,288.195,0.574025,0.540144
8|488|sample|5|322,0.0006144,97119,1,5,1,92253.875,92253.9,92253.5,270.862,510.336,1.54378,0.821274
8|488|sample|5|322,0.003072,96198,2,5,1,92253.875,92253.9,92253.5,270.862,431.326,1.5291,0.962286
8|488|sample|5|322,0.01536,101181,3,5,1,92253.875,92253.9,92253.4,270.862,378.375,1.60853,1.1536
8|488|sample|5|322,0.0768,100658,4,5,1,92253.875,92253.9,92253.4,270.862,342.906,1.6002,1.2658
8|488|sample|5|322,0.384,92386,5,5,1,92253.875,92253.9,92253.4,270.862,319.155,1.46834,1.24743
8|488|sample|5|322,1.92,64050,6,5,1,92253.875,92253.9,92253.4,270.862,303.253,1.01665,0.908593
8|488|sample|5|322,9.6,21984,7,5,1,92253.875,92253.9,92253.5,270.862,292.609,0.346113,0.320312
8|488|sample|5|322,48.0,4784,8,5,1,92253.875,92253.9,92253.5,270.862,285.484,0.0719405,0.0680703
8|488|sample|6|322,0.0006144,96232,1,6,1,92253.875,92253.9,92253.5,271.455,501.229,1.52633,0.828514
8|488|sample|6|322,0.003072,95307,2,6,1,92253.875,92253.9,92253.5,271.455,424.817,1.51162,0.967911
8|488|sample|6|322,0.01536,103629,3,6,1,92253.875,92253.9,92253.4,271.455,373.744,1.64399,1.1962
8|488|sample|6|322,0.0768,97373,4,6,1,92253.875,92253.9,92253.4,271.454,339.624,1.54448,1.23613
8|488|sample|6|322,0.384,87530,5,6,1,92253.875,92253.9,92253.4,271.454,316.836,1.38792,1.19024
8|488|sample|6|322,1.92,63970,6,6,1,92253.875,92253.9,92253.4,271.455,301.62,1.01318,0.912345
8|488|sample|6|322,9.6,23620,7,6,1,92253.875,92253.9,92253.5,271.455,291.461,0.371377,0.34583
8|488|sample|6|322,48.0,5018,8,6,1,92253.875,92253.9,92253.5,271.455,284.679,0.0754976,0.0718238
8|488|sample|7|322,7.68e-05,88102,1,7,1,92253.875,92253.9,92253.5,271.117,426.132,1.39874,0.891655
8|488|sample|7|322,0.000384,97131,2,7,1,92253.875,92253.9,92253.5,271.117,367.819,1.54254,1.13891
8|488|sample|7|322,0.00192,94452,3,7,1,92253.875,92253.9,92253.4,271.117,331.414,1.49987,1.22848
8|488|sample|7|322,0.0096,82610,4,7,1,92253.875,92253.9,92253.4,271.116,308.697,1.31128,1.15255
8|488|sample|7|322,0.048,53340,5,7,1,92253.875,92253.9,92253.4,271.116,294.523,0.845145,0.778267
8|488|sample|7|322,0.24,30010,6,7,1,92253.875,92253.9,92253.4,271.117,285.682,0.473605,0.449472
8|488|sample|7|322,1.2,17535,7,7,1,92253.875,92253.9,92253.5,271.117,280.167,0.274935,0.266002
8|488|sample|7|322,6.0,10208,8,7,1,92253.875,92253.9,92253.5,271.117,276.727,0.158249,0.154985
8|488|sample|8|322,7.68e-05,96152,1,8,1,92253.875,92253.9,92253.5,270.911,424.254,1.5281,0.977823
8|488|sample|8|322,0.000384,86213,2,8,1,92253.875,92253.9,92253.5,270.911,366.56,1.3697,1.01386
8|488|sample|8|322,0.00192,94198,3,8,1,92253.875,92253.9,92253.4,270.91,330.575,1.49696,1.22826
8|488|sample|8|322,0.0096,85402,4,8,1,92253.875,92253.9,92253.4,270.91,308.139,1.35677,1.1938
8|488|sample|8|322,0.048,55227,5,8,1,92253.875,92253.9,92253.4,270.91,294.154,0.875859,0.806958
8|488|sample|8|322,0.24,28203,6,8,1,92253.875,92253.9,92253.4,270.91,285.439,0.445166,0.422507
8|488|sample|8|322,1.2,15833,7,8,1,92253.875,92253.9,92253.5,270.911,280.007,0.24802,0.239901
8|488|sample|8|322,6.0,10222,8,8,1,92253.875,92253.9,92253.5,270.911,276.623,0.158595,0.155263
8|488|sample|9|322,0.0003648,88000,1,9,1,92253.875,92253.9,92253.5,271.01,337.046,1.39767,1.12523
8|488|sample|9|322,0.001824,81172,2,9,1,92253.875,92253.9,92253.5,271.01,311.081,1.28889,1.12378
8|488|sample|9|322,0.00912,76271,3,9,1,92253.875,92253.9,92253.4,271.01,295.319,1.2108,1.11172
8|488|sample|9|322,0.0456,48779,4,9,1,92253.875,92253.9,92253.4,271.01,285.752,0.772812,0.733105
8|488|sample|9|322,0.228,28900,5,9,1,92253.875,92253.9,92253.4,271.01,279.946,0.456107,0.441553
8|488|sample|9|322,1.14,16823,6,9,1,92253.875,92253.9,92253.4,271.01,276.423,0.2637,0.258503
8|488|sample|9|322,5.7,9274,7,9,1,92253.875,92253.9,92253.5,271.01,274.286,0.143432,0.141685
8|488|sample|9|322,28.5,5678,8,9,1,92253.875,92253.9,92253.5,271.01,272.988,0.0861422,0.0854929
8|488|vc|1|2|322,0.0,94917,1,2,1,92253.875,271.098,271.098,271.21,271.139,1.50676,1.50715
8|488|vc|2|2|322,0.0,99297,2,2,1,92253.875,271.098,271.098,270.903,271.146,1.57826,1.57686
8|488|vc|3|2|322,0.0,94280,3,2,1,92253.875,271.098,271.098,270.803,271.138,1.49885,1.49701
8|488|vc|4|2|322,0.0,91878,4,2,1,92253.875,271.098,271.098,270.945,271.135,1.45979,1.45878
8|488|vc|5|2|322,0.0,91882,5,2,1,92253.875,271.098,271.098,271.111,271.135,1.45897,1.45885
8|488|vc|6|2|322,0.0,90577,6,2,1,92253.875,271.098,271.098,271.305,271.133,1.43717,1.43808
8|488|vc|7|2|322,0.0,89724,7,2,1,92253.875,271.098,271.098,271.288,271.131,1.42368,1.4245
8|488|vc|8|2|322,0.0,85476,8,2,1,92253.875,271.098,271.098,271.162,271.125,1.3567,1.35688
8|847|cc|1|1|69,0.0,676,1,1,0,136227.125,0.0,0.0,0.0,0.0,1.05591,1.05591
8|847|cc|2|1|69,0.0,738,2,1,0,136227.125,0.0,0.0,0.0,0.0,1.15276,1.15276
8|847|cc|3|1|69,0.0,778,3,1,0,136227.125,0.0,0.0,0.0,0.0,1.21524,1.21524
8|847|cc|4|1|69,0.0,704,4,1,0,136227.125,0.0,0.0,0.0,0.0,1.09965,1.09965
8|847|cc|5|1|69,0.0,732,5,1,0,136227.125,0.0,0.0,0.0,0.0,1.14339,1.14339
8|847|cc|6|1|69,0.0,732,6,1,0,136227.125,0.0,0.0,0.0,0.0,1.14339,1.14339
8|847|cc|7|1|69,0.0,698,7,1,0,136227.125,0.0,0.0,0.0,0.0,1.09028,1.09028
8|847|cc|8|1|69,0.0,842,8,1,0,136227.125,0.0,0.0,0.0,0.0,1.31521,1.31521
8|847|sample|10|69,0.0003648,119901,1,10,1,136227.125,136227.0,136227.0,271.089,489.201,1.90535,1.05873
8|847|sample|10|69,0.001824,119010,2,10,1,136227.125,136227.0,136227.0,271.089,411.043,1.89116,1.25012
8|847|sample|10|69,0.00912,106506,3,10,1,136227.125,136227.0,136227.0,271.089,360.863,1.692,1.27323
8|847|sample|10|69,0.0456,64608,4,10,1,136227.125,136227.0,136227.0,271.089,328.655,1.02469,0.845968
8|847|sample|10|69,0.228,13842,5,10,1,136227.125,136227.0,136227.0,271.089,307.988,0.216144,0.189964
8|847|sample|10|69,1.14,918,6,10,1,136227.125,136227.0,136227.0,271.089,294.728,0.0103034,0.00913814
8|847|sample|10|69,5.7,610,7,10,1,136227.125,136227.0,136227.0,271.089,286.221,0.00539783,0.00488683
8|847|sample|10|69,28.5,526,8,10,1,136227.125,136227.0,136227.0,271.089,280.764,0.00405996,0.00377261
8|847|sample|11|69,0.0003712,133212,1,11,1,136227.125,136227.0,136227.0,271.509,572.503,2.1141,1.00573
8|847|sample|11|69,0.001856,105958,2,11,1,136227.125,136227.0,136227.0,271.509,468.992,1.68069,0.975351
8|847|sample|11|69,0.00928,119951,3,11,1,136227.125,136227.0,136227.0,271.509,400.988,1.90322,1.29152
8|847|sample|11|69,0.0464,102632,4,11,1,136227.125,136227.0,136227.0,271.509,356.331,1.6278,1.2423
8|847|sample|11|69,0.2319999999999999,66738,5,11,1,136227.125,136227.0,136227.0,271.509,327.013,1.05699,0.878376
8|847|sample|11|69,1.16,18073,6,11,1,136227.125,136227.0,136227.0,271.509,307.769,0.28309,0.249529
8|847|sample|11|69,5.8,1002,7,11,1,136227.125,136227.0,136227.0,271.509,295.139,0.0116167,0.0103494
8|847|sample|11|69,29.0,630,8,11,1,136227.125,136227.0,136227.0,271.509,286.851,0.00570094,0.00516793
8|847|sample|12|69,0.0003712,124911,1,12,1,136227.125,136227.0,136227.0,271.509,551.782,1.9821,0.978173
8|847|sample|12|69,0.001856,113518,2,12,1,136227.125,136227.0,136227.0,271.509,454.472,1.80092,1.07858
8|847|sample|12|69,0.00928,110811,3,12,1,136227.125,136227.0,136227.0,271.509,390.861,1.75787,1.22358
8|847|sample|12|69,0.0464,95553,4,12,1,136227.125,136227.0,136227.0,271.509,349.295,1.51523,1.17951
8|847|sample|12|69,0.2319999999999999,71057,5,12,1,136227.125,136227.0,136227.0,271.509,322.142,1.12568,0.949589
8|847|sample|12|69,1.16,17709,6,12,1,136227.125,136227.0,136227.0,271.509,304.407,0.277303,0.247139
8|847|sample|12|69,5.8,964,7,12,1,136227.125,136227.0,136227.0,271.509,292.825,0.0110125,0.00990383
8|847|sample|12|69,29.0,514,8,12,1,136227.125,136227.0,136227.0,271.509,285.262,0.00385626,0.00346387
8|847|sample|3|69,6.4e-05,141928,1,3,1,136227.125,136227.0,136227.0,271.413,889.045,2.2535,0.689845
8|847|sample|3|69,0.00032,138654,2,3,1,136227.125,136227.0,136227.0,271.413,685.114,2.20142,0.874882
8|847|sample|3|69,0.0016,135457,3,3,1,136227.125,136227.0,136227.0,271.413,548.344,2.15056,1.06777
8|847|sample|3|69,0.008,145249,4,3,1,136227.125,136227.0,136227.0,271.413,456.691,2.30633,1.37459
8|847|sample|3|69,0.04,131047,5,3,1,136227.125,136227.0,136227.0,271.413,395.308,2.0804,1.4316
8|847|sample|3|69,0.2,70406,6,3,1,136227.125,136227.0,136227.0,271.413,354.212,1.11572,0.85594
8|847|sample|3|69,1.0,35020,7,3,1,136227.125,136227.0,136227.0,271.413,326.705,0.552788,0.459294
8|847|sample|3|69,5.0,19157,8,3,1,136227.125,136227.0,136227.0,271.413,308.297,0.300436,0.264298
8|847|sample|4|69,6.4e-05,137164,1,4,1,136227.125,136227.0,136227.0,271.612,871.358,2.17614,0.680118
8|847|sample|4|69,0.00032,143262,2,4,1,136227.125,136227.0,136227.0,271.612,672.375,2.27307,0.921244
8|847|sample|4|69,0.0016,134282,3,4,1,136227.125,136227.0,136227.0,271.612,539.22,2.13032,1.07636
8|847|sample|4|69,0.008,148754,4,4,1,136227.125,136227.0,136227.0,271.612,450.189,2.36038,1.42814
8|847|sample|4|69,0.04,120142,5,4,1,136227.125,136227.0,136227.0,271.612,390.693,1.90554,1.32755
8|847|sample|4|69,0.2,68131,6,4,1,136227.125,136227.0,136227.0,271.612,350.948,1.07874,0.835825
8|847|sample|4|69,1.0,33891,7,4,1,136227.125,136227.0,136227.0,271.612,324.403,0.534437,0.447504
8|847|sample|4|69,5.0,19357,8,4,1,136227.125,136227.0,136227.0,271.612,306.678,0.303395,0.268522
8|847|sample|5|69,0.0006144,138978,1,5,1,136227.125,136227.0,136227.0,271.379,607.152,2.20685,0.989582
8|847|sample|5|69,0.003072,131680,2,5,1,136227.125,136227.0,136227.0,271.379,495.378,2.09073,1.14869
8|847|sample|5|69,0.01536,120056,3,5,1,136227.125,136227.0,136227.0,271.379,420.733,1.90579,1.23219
8|847|sample|5|69,0.0768,103047,4,5,1,136227.125,136227.0,136227.0,271.379,370.906,1.63518,1.19852
8|847|sample|5|69,0.384,56782,5,5,1,136227.125,136227.0,136227.0,271.379,337.655,0.899094,0.723216
8|847|sample|5|69,1.92,28614,6,5,1,136227.125,136227.0,136227.0,271.379,315.471,0.450936,0.38786
8|847|sample|5|69,9.6,20034,7,5,1,136227.125,136227.0,136227.0,271.379,300.672,0.314427,0.283655
8|847|sample|5|69,48.0,9472,8,5,1,136227.125,136227.0,136227.0,271.379,290.801,0.146383,0.136411
8|847|sample|6|69,0.0006144,127160,1,6,1,136227.125,136227.0,136227.0,271.401,566.599,2.01866,0.969836
8|847|sample|6|69,0.003072,130753,2,6,1,136227.125,136227.0,136227.0,271.401,466.583,2.07582,1.21081
8|847|sample|6|69,0.01536,115206,3,6,1,136227.125,136227.0,136227.0,271.401,400.378,1.82848,1.24214
8|847|sample|6|69,0.0768,93986,4,6,1,136227.125,136227.0,136227.0,271.401,356.572,1.4909,1.13651
8|847|sample|6|69,0.384,45894,5,6,1,136227.125,136227.0,136227.0,271.401,327.596,0.725805,0.601614
8|847|sample|6|69,1.92,27093,6,6,1,136227.125,136227.0,136227.0,271.401,308.431,0.426702,0.375413
8|847|sample|6|69,9.6,17839,7,6,1,136227.125,136227.0,136227.0,271.401,295.758,0.279481,0.256324
8|847|sample|6|69,48.0,9360,8,6,1,136227.125,136227.0,136227.0,271.401,287.378,0.14459,0.136388
8|847|sample|7|69,7.68e-05,124621,1,7,1,136227.125,136227.0,136227.0,271.374,671.91,1.97846,0.801363
8|847|sample|7|69,0.000384,124263,2,7,1,136227.125,136227.0,136227.0,271.374,531.884,1.97276,1.00945
8|847|sample|7|69,0.00192,127505,3,7,1,136227.125,136227.0,136227.0,271.374,440.71,2.02435,1.24976
8|847|sample|7|69,0.0096,128418,4,7,1,136227.125,136227.0,136227.0,271.374,381.379,2.03887,1.45381
8|847|sample|7|69,0.048,77472,5,7,1,136227.125,136227.0,136227.0,271.374,342.784,1.2283,0.973581
8|847|sample|7|69,0.24,19051,6,7,1,136227.125,136227.0,136227.0,271.374,317.685,0.298793,0.254985
8|847|sample|7|69,1.2,998,7,7,1,136227.125,136227.0,136227.0,271.374,301.366,0.011561,0.00999086
8|847|sample|7|69,6.0,632,8,7,1,136227.125,136227.0,136227.0,271.374,290.755,0.00573772,0.00507089
8|847|sample|8|69,7.68e-05,130681,1,8,1,136227.125,136227.0,136227.0,271.414,663.869,2.07457,0.850733
8|847|sample|8|69,0.000384,131502,2,8,1,136227.125,136227.0,136227.0,271.414,526.262,2.08763,1.07991
8|847|sample|8|69,0.00192,123225,3,8,1,136227.125,136227.0,136227.0,271.414,436.8,1.95596,1.21844
8|847|sample|8|69,0.0096,120550,4,8,1,136227.125,136227.0,136227.0,271.414,378.671,1.91341,1.37419
8|847|sample|8|69,0.048,74924,5,8,1,136227.125,136227.0,136227.0,271.414,340.917,1.18758,0.946557
8|847|sample|8|69,0.24,17541,6,8,1,136227.125,136227.0,136227.0,271.414,316.401,0.274727,0.235392
8|847|sample|8|69,1.2,1000,7,8,1,136227.125,136227.0,136227.0,271.414,300.485,0.0115904,0.0100613
8|847|sample|8|69,6.0,620,8,8,1,136227.125,136227.0,136227.0,271.414,290.152,0.00554535,0.00491163
8|847|sample|9|69,0.0003648,122535,1,9,1,136227.125,136227.0,136227.0,271.507,487.306,1.94433,1.08629
8|847|sample|9|69,0.001824,114457,2,9,1,136227.125,136227.0,136227.0,271.507,409.743,1.81586,1.20593
8|847|sample|9|69,0.00912,103659,3,9,1,136227.125,136227.0,136227.0,271.507,359.975,1.64415,1.24213
8|847|sample|9|69,0.0456,70963,4,9,1,136227.125,136227.0,136227.0,271.507,328.052,1.12419,0.931309
8|847|sample|9|69,0.228,15485,5,9,1,136227.125,136227.0,136227.0,271.507,307.579,0.241936,0.213311
8|847|sample|9|69,1.14,998,6,9,1,136227.125,136227.0,136227.0,271.507,294.452,0.0115532,0.0103247
8|847|sample|9|69,5.7,588,7,9,1,136227.125,136227.0,136227.0,271.507,286.036,0.00503311,0.00456052
8|847|sample|9|69,28.5,600,8,9,1,136227.125,136227.0,136227.0,271.507,280.64,0.00522394,0.00491507
8|847|vc|1|2|69,0.0,128428,1,2,1,136227.125,271.098,271.098,271.004,271.202,2.04179,2.04032
8|847|vc|2|2|69,0.0,140797,2,2,1,136227.125,271.098,271.098,271.233,271.229,2.23699,2.23701
8|847|vc|3|2|69,0.0,133543,3,2,1,136227.125,271.098,271.098,271.496,271.213,2.11947,2.12167
8|847|vc|4|2|69,0.0,145073,4,2,1,136227.125,271.098,271.098,271.115,271.239,2.30605,2.305
8|847|vc|5|2|69,0.0,153047,5,2,1,136227.125,271.098,271.098,270.936,271.259,2.43463,2.43176
8|847|vc|6|2|69,0.0,143667,6,2,1,136227.125,271.098,271.098,271.473,271.236,2.28067,2.28265
8|847|vc|7|2|69,0.0,129385,7,2,1,136227.125,271.098,271.098,271.112,271.204,2.05623,2.05554
8|847|vc|8|2|69,0.0,115877,8,2,1,136227.125,271.098,271.098,271.29,271.176,1.83991,1.84067
8|474|cc|1|1|276,0.0,688,1,1,0,126520.0,0.0,0.0,0.0,0.0,1.07466,1.07466
8|474|cc|2|1|276,0.0,722,2,1,0,126520.0,0.0,0.0,0.0,0.0,1.12777,1.12777
8|474|cc|3|1|276,0.0,726,3,1,0,126520.0,0.0,0.0,0.0,0.0,1.13401,1.13401
8|474|cc|4|1|276,0.0,740,4,1,0,126520.0,0.0,0.0,0.0,0.0,1.15588,1.15588
8|474|cc|5|1|276,0.0,730,5,1,0,126520.0,0.0,0.0,0.0,0.0,1.14026,1.14026
8|474|cc|6|1|276,0.0,798,6,1,0,126520.0,0.0,0.0,0.0,0.0,1.24648,1.24648
8|474|cc|7|1|276,0.0,812,7,1,0,126520.0,0.0,0.0,0.0,0.0,1.26835,1.26835
8|474|cc|8|1|276,0.0,708,8,1,0,126520.0,0.0,0.0,0.0,0.0,1.1059,1.1059
8|474|sample|10|276,0.0003648,136491,1,10,1,126520.0,126520.0,126520.0,271.176,459.425,2.16889,1.28378
8|474|sample|10|276,0.001824,112487,2,10,1,126520.0,126520.0,126520.0,271.176,391.316,1.7867,1.24071
8|474|sample|10|276,0.00912,87404,3,10,1,126520.0,126520.0,126520.0,271.176,347.809,1.38733,1.08314
8|474|sample|10|276,0.0456,26053,4,10,1,126520.0,126520.0,126520.0,271.176,320.026,0.410498,0.34772
8|474|sample|10|276,0.228,1910,5,10,1,126520.0,126520.0,126520.0,271.176,302.287,0.0260934,0.0229875
8|474|sample|10|276,1.14,702,6,10,1,126520.0,126520.0,126520.0,271.176,290.964,0.00685959,0.00610367
8|474|sample|10|276,5.7,688,7,10,1,126520.0,126520.0,126520.0,271.176,283.735,0.00663668,0.00615456
8|474|sample|10|276,28.5,768,8,10,1,126520.0,126520.0,126520.0,271.176,279.121,0.00791044,0.00756453
8|474|sample|11|276,0.0003712,134430,1,11,1,126520.0,126520.0,126520.0,271.724,564.601,2.1318,1.02916
8|474|sample|11|276,0.001856,130150,2,11,1,126520.0,126520.0,126520.0,271.724,464.439,2.06379,1.21076
8|474|sample|11|276,0.00928,116133,3,11,1,126520.0,126520.0,126520.0,271.724,398.414,1.84106,1.25832
8|474|sample|11|276,0.0464,92512,4,11,1,126520.0,126520.0,126520.0,271.724,354.912,1.46571,1.12383
8|474|sample|11|276,0.2319999999999999,31016,5,11,1,126520.0,126520.0,126520.0,271.724,326.258,0.488532,0.406844
8|474|sample|11|276,1.16,1746,6,11,1,126520.0,126520.0,126520.0,271.724,307.388,0.0234265,0.0202315
8|474|sample|11|276,5.8,650,7,11,1,126520.0,126520.0,126520.0,271.724,294.962,0.00601086,0.00520132
8|474|sample|11|276,29.0,692,8,11,1,126520.0,126520.0,126520.0,271.724,286.781,0.00667825,0.0061042
8|474|sample|12|276,0.0003712,121914,1,12,1,126520.0,126520.0,126520.0,271.383,529.932,1.93533,0.993932
8|474|sample|12|276,0.001856,119881,2,12,1,126520.0,126520.0,126520.0,271.383,440.108,1.90299,1.17637
8|474|sample|12|276,0.00928,117603,3,12,1,126520.0,126520.0,126520.0,271.383,381.419,1.86674,1.33087
8|474|sample|12|276,0.0464,87318,4,12,1,126520.0,126520.0,126520.0,271.383,343.088,1.38491,1.0969
8|474|sample|12|276,0.2319999999999999,26931,5,12,1,126520.0,126520.0,126520.0,271.383,318.06,0.424154,0.361814
8|474|sample|12|276,1.16,1852,6,12,1,126520.0,126520.0,126520.0,271.383,301.721,0.0251476,0.0222076
8|474|sample|12|276,5.8,644,7,12,1,126520.0,126520.0,126520.0,271.383,291.056,0.00592834,0.00523939
8|474|sample|12|276,29.0,664,8,12,1,126520.0,126520.0,126520.0,271.383,284.094,0.00624654,0.00577647
8|474|sample|3|276,6.4e-05,140286,1,3,1,126520.0,126520.0,126520.0,271.9,878.508,2.22342,0.690017
8|474|sample|3|276,0.00032,140390,2,3,1,126520.0,126520.0,126520.0,271.9,679.826,2.22508,0.892787
8|474|sample|3|276,0.0016,126011,3,3,1,126520.0,126520.0,126520.0,271.9,545.989,1.99674,0.997288
8|474|sample|3|276,0.008,136248,4,3,1,126520.0,126520.0,126520.0,271.9,455.912,2.1593,1.29134
8|474|sample|3|276,0.04,123688,5,3,1,126520.0,126520.0,126520.0,271.9,395.321,1.95985,1.35092
8|474|sample|3|276,0.2,100688,6,3,1,126520.0,126520.0,126520.0,271.9,354.581,1.59461,1.22468
8|474|sample|3|276,1.0,44295,7,3,1,126520.0,126520.0,126520.0,271.9,327.195,0.699087,0.581213
8|474|sample|3|276,5.0,6292,8,3,1,126520.0,126520.0,126520.0,271.9,308.789,0.0955992,0.0837647
8|474|sample|4|276,6.4e-05,137562,1,4,1,126520.0,126520.0,126520.0,271.933,861.847,2.1799,0.689655
8|474|sample|4|276,0.00032,134604,2,4,1,126520.0,126520.0,126520.0,271.933,667.772,2.13294,0.871275
8|474|sample|4|276,0.0016,133116,3,4,1,126520.0,126520.0,126520.0,271.933,537.319,2.10931,1.07075
8|474|sample|4|276,0.008,133348,4,4,1,126520.0,126520.0,126520.0,271.933,449.705,2.11299,1.28115
8|474|sample|4|276,0.04,121193,5,4,1,126520.0,126520.0,126520.0,271.933,390.897,1.91999,1.3385
8|474|sample|4|276,0.2,98200,6,4,1,126520.0,126520.0,126520.0,271.933,351.438,1.55491,1.20494
8|474|sample|4|276,1.0,38819,7,4,1,126520.0,126520.0,126520.0,271.933,324.969,0.612054,0.51231
8|474|sample|4|276,5.0,6826,8,4,1,126520.0,126520.0,126520.0,271.933,307.217,0.104066,0.0917253
8|474|sample|5|276,0.0006144,132239,1,5,1,126520.0,126520.0,126520.0,271.302,640.151,2.10022,0.892847
8|474|sample|5|276,0.003072,134624,2,5,1,126520.0,126520.0,126520.0,271.302,520.251,2.13818,1.11841
8|474|sample|5|276,0.01536,128618,3,5,1,126520.0,126520.0,126520.0,271.302,439.246,2.04259,1.26489
8|474|sample|5|276,0.0768,115873,4,5,1,126520.0,126520.0,126520.0,271.302,384.548,1.83976,1.3006
8|474|sample|5|276,0.384,72562,5,5,1,126520.0,126520.0,126520.0,271.302,347.626,1.15048,0.898947
8|474|sample|5|276,1.92,20404,6,5,1,126520.0,126520.0,126520.0,271.302,322.709,0.320405,0.269114
8|474|sample|5|276,9.6,3584,7,5,1,126520.0,126520.0,126520.0,271.302,305.896,0.0527205,0.0463233
8|474|sample|5|276,48.0,1678,8,5,1,126520.0,126520.0,126520.0,271.302,294.553,0.0223871,0.0202954
8|474|sample|6|276,0.0006144,136505,1,6,1,126520.0,126520.0,126520.0,271.493,616.438,2.1666,0.957256
8|474|sample|6|276,0.003072,126395,2,6,1,126520.0,126520.0,126520.0,271.493,503.183,2.00582,1.08534
8|474|sample|6|276,0.01536,119521,3,6,1,126520.0,126520.0,126520.0,271.493,427.017,1.8965,1.20868
8|474|sample|6|276,0.0768,112647,4,6,1,126520.0,126520.0,126520.0,271.493,375.82,1.78717,1.29351
8|474|sample|6|276,0.384,74357,5,6,1,126520.0,126520.0,126520.0,271.493,341.418,1.17823,0.937986
8|474|sample|6|276,1.92,20760,6,6,1,126520.0,126520.0,126520.0,271.493,318.307,0.325841,0.277699
8|474|sample|6|276,9.6,3528,7,6,1,126520.0,126520.0,126520.0,271.493,302.783,0.0517902,0.0460403
8|474|sample|6|276,48.0,1762,8,6,1,126520.0,126520.0,126520.0,271.493,292.356,0.0237044,0.0217204
8|474|sample|7|276,7.68e-05,132990,1,7,1,126520.0,126520.0,126520.0,270.854,557.87,2.11564,1.03036
8|474|sample|7|276,0.000384,129527,2,7,1,126520.0,126520.0,126520.0,270.854,454.056,2.06043,1.23242
8|474|sample|7|276,0.00192,112032,3,7,1,126520.0,126520.0,126520.0,270.854,387.778,1.78155,1.24691
8|474|sample|7|276,0.0096,80668,4,7,1,126520.0,126520.0,126520.0,270.854,345.483,1.28159,1.00603
8|474|sample|7|276,0.048,30208,5,7,1,126520.0,126520.0,126520.0,270.854,318.503,0.477219,0.4058
8|474|sample|7|276,0.24,1942,6,7,1,126520.0,126520.0,126520.0,270.854,301.294,0.0266392,0.0235359
8|474|sample|7|276,1.2,666,7,7,1,126520.0,126520.0,126520.0,270.854,290.32,0.0062989,0.00559091
8|474|sample|7|276,6.0,798,8,7,1,126520.0,126520.0,126520.0,270.854,283.322,0.00840308,0.00784683
8|474|sample|8|276,7.68e-05,139337,1,8,1,126520.0,126520.0,126520.0,271.032,571.598,2.21537,1.05383
8|474|sample|8|276,0.000384,129049,2,8,1,126520.0,126520.0,126520.0,271.032,463.49,2.05148,1.20293
8|474|sample|8|276,0.00192,112244,3,8,1,126520.0,126520.0,126520.0,271.032,394.225,1.78377,1.22892
8|474|sample|8|276,0.0096,86461,4,8,1,126520.0,126520.0,126520.0,271.032,349.87,1.37304,1.06512
8|474|sample|8|276,0.048,30862,5,8,1,126520.0,126520.0,126520.0,271.032,321.476,0.487325,0.410837
8|474|sample|8|276,0.24,2300,6,8,1,126520.0,126520.0,126520.0,271.032,303.303,0.0323222,0.0284547
8|474|sample|8|276,1.2,754,7,8,1,126520.0,126520.0,126520.0,271.032,291.673,0.00769384,0.00684878
8|474|sample|8|276,6.0,720,8,8,1,126520.0,126520.0,126520.0,271.032,284.231,0.00715221,0.00662273
8|474|sample|9|276,0.0003648,135511,1,9,1,126520.0,126520.0,126520.0,271.249,466.504,2.15271,1.25524
8|474|sample|9|276,0.001824,117258,2,9,1,126520.0,126520.0,126520.0,271.249,396.159,1.86217,1.27776
8|474|sample|9|276,0.00912,89772,3,9,1,126520.0,126520.0,126520.0,271.249,351.106,1.42465,1.10219
8|474|sample|9|276,0.0456,24875,4,9,1,126520.0,126520.0,126520.0,271.249,322.262,0.391637,0.329489
8|474|sample|9|276,0.228,1858,5,9,1,126520.0,126520.0,126520.0,271.249,303.799,0.0252575,0.0221128
8|474|sample|9|276,1.14,680,6,9,1,126520.0,126520.0,126520.0,271.249,291.983,0.0065064,0.00574193
8|474|sample|9|276,5.7,720,7,9,1,126520.0,126520.0,126520.0,271.249,284.42,0.00714311,0.00661548
8|474|sample|9|276,28.5,790,8,9,1,126520.0,126520.0,126520.0,271.249,279.581,0.00825736,0.00788497
8|474|vc|1|2|276,0.0,128388,1,2,1,126520.0,271.098,271.098,270.969,271.202,2.04142,2.03968
8|474|vc|2|2|276,0.0,126824,2,2,1,126520.0,271.098,271.098,270.757,271.198,2.01806,2.01481
8|474|vc|3|2|276,0.0,135976,3,2,1,126520.0,271.098,271.098,271.148,271.218,2.16091,2.16036
8|474|vc|4|2|276,0.0,130086,4,2,1,126520.0,271.098,271.098,271.201,271.205,2.06672,2.06669
8|474|vc|5|2|276,0.0,126830,5,2,1,126520.0,271.098,271.098,271.112,271.198,2.01554,2.0149
8|474|vc|6|2|276,0.0,130250,6,2,1,126520.0,271.098,271.098,270.921,271.206,2.07145,2.0693
8|474|vc|7|2|276,0.0,124477,7,2,1,126520.0,271.098,271.098,271.214,271.194,1.97733,1.97748
8|474|vc|8|2|276,0.0,109329,8,2,1,126520.0,271.098,271.098,271.313,271.164,1.73555,1.73649
8|462|cc|1|1|292,0.0,566,1,1,0,129563.0,0.0,0.0,0.0,0.0,0.884093,0.884093
8|462|cc|2|1|292,0.0,562,2,1,0,129563.0,0.0,0.0,0.0,0.0,0.877845,0.877845
8|462|cc|3|1|292,0.0,584,3,1,0,129563.0,0.0,0.0,0.0,0.0,0.912209,0.912209
8|462|cc|4|1|292,0.0,656,4,1,0,129563.0,0.0,0.0,0.0,0.0,1.02467,1.02467
8|462|cc|5|1|292,0.0,696,5,1,0,129563.0,0.0,0.0,0.0,0.0,1.08715,1.08715
8|462|cc|6|1|292,0.0,706,6,1,0,129563.0,0.0,0.0,0.0,0.0,1.10277,1.10277
8|462|cc|7|1|292,0.0,668,7,1,0,129563.0,0.0,0.0,0.0,0.0,1.04342,1.04342
8|462|cc|8|1|292,0.0,710,8,1,0,129563.0,0.0,0.0,0.0,0.0,1.10902,1.10902
8|462|sample|10|292,0.0003648,102838,1,10,1,129563.0,129563.0,253214.0,369.383,403.722,1.20099,1.09918
8|462|sample|10|292,0.001824,109527,2,10,1,129563.0,129563.0,255708.0,379.525,393.97,1.24534,1.19984
8|462|sample|10|292,0.00912,75302,3,10,1,129563.0,129563.0,258259.0,390.712,389.659,0.830415,0.832656
8|462|sample|10|292,0.0456,30834,4,10,1,129563.0,129563.0,258259.0,390.712,386.306,0.337473,0.341344
8|462|sample|10|292,0.228,1866,5,10,1,129563.0,129563.0,258259.0,390.712,384.532,0.016354,0.0166846
8|462|sample|10|292,1.14,542,6,10,1,129563.0,129563.0,258259.0,390.712,383.594,0.00167707,0.00178834
8|462|sample|10|292,5.7,526,7,10,1,129563.0,129563.0,255708.0,379.525,381.198,0.00167124,0.00164495
8|462|sample|10|292,28.5,550,8,10,1,129563.0,129563.0,253214.0,369.383,379.074,0.00211694,0.00195252
8|462|sample|11|292,0.0003712,100654,1,11,1,129563.0,129563.0,253214.0,369.897,452.956,1.17377,0.959058
8|462|sample|11|292,0.001856,107033,2,11,1,129563.0,129563.0,255708.0,380.053,423.423,1.2152,1.0911
8|462|sample|11|292,0.00928,111878,3,11,1,129563.0,129563.0,255708.0,380.053,405.089,1.2704,1.19215
8|462|sample|11|292,0.0464,96908,4,11,1,129563.0,129563.0,255708.0,380.053,394.627,1.09983,1.05934
8|462|sample|11|292,0.2319999999999999,62831,5,11,1,129563.0,129563.0,255708.0,380.053,388.657,0.711562,0.695826
8|462|sample|11|292,1.16,11954,6,11,1,129563.0,129563.0,255708.0,380.053,385.251,0.131873,0.130048
8|462|sample|11|292,5.8,712,7,11,1,129563.0,129563.0,255708.0,380.053,383.307,0.00378218,0.00371355
8|462|sample|11|292,29.0,526,8,11,1,129563.0,129563.0,253214.0,369.897,380.322,0.00182709,0.00165868
8|462|sample|12|292,0.0003712,92444,1,12,1,129563.0,129563.0,253214.0,369.492,385.035,1.07885,1.03544
8|462|sample|12|292,0.001856,89758,2,12,1,129563.0,129563.0,253214.0,369.492,381.807,1.04738,1.0137
8|462|sample|12|292,0.00928,86511,3,12,1,129563.0,129563.0,253214.0,369.492,380.254,1.00933,0.980854
8|462|sample|12|292,0.0464,76016,4,12,1,129563.0,129563.0,253214.0,369.492,379.507,0.886363,0.863028
8|462|sample|12|292,0.2319999999999999,48569,5,12,1,129563.0,129563.0,253214.0,369.492,379.148,0.564762,0.550373
8|462|sample|12|292,1.16,9584,6,12,1,129563.0,129563.0,253214.0,369.492,378.975,0.107968,0.105178
8|462|sample|12|292,5.8,838,7,12,1,129563.0,129563.0,253214.0,369.492,378.892,0.00548958,0.00524696
8|462|sample|12|292,29.0,604,8,12,1,129563.0,129563.0,253214.0,369.492,378.852,0.00274777,0.00257339
8|462|sample|3|292,6.4e-05,108562,1,3,1,129563.0,129563.0,253214.0,369.061,659.986,1.26918,0.710164
8|462|sample|3|292,0.00032,130392,2,3,1,129563.0,129563.0,255708.0,379.194,551.778,1.48469,1.02129
8|462|sample|3|292,0.0016,132645,3,3,1,129563.0,129563.0,258259.0,390.372,486.708,1.46735,1.17771
8|462|sample|3|292,0.008,136907,4,3,1,129563.0,129563.0,258259.0,390.372,445.343,1.51464,1.32831
8|462|sample|3|292,0.04,113528,5,3,1,129563.0,129563.0,258259.0,390.372,420.429,1.25525,1.16579
8|462|sample|3|292,0.2,82203,6,3,1,129563.0,129563.0,258259.0,390.372,405.426,0.907704,0.874068
8|462|sample|3|292,1.0,54160,7,3,1,129563.0,129563.0,255708.0,379.194,394.362,0.614154,0.590531
8|462|sample|3|292,5.0,30876,8,3,1,129563.0,129563.0,253214.0,369.061,387.034,0.357869,0.341169
8|462|sample|4|292,6.4e-05,104240,1,4,1,129563.0,129563.0,253214.0,369.912,668.477,1.21569,0.673041
8|462|sample|4|292,0.00032,128947,2,4,1,129563.0,129563.0,255708.0,380.068,557.339,1.46483,0.999857
8|462|sample|4|292,0.0016,136467,3,4,1,129563.0,129563.0,258259.0,391.272,490.333,1.5063,1.20283
8|462|sample|4|292,0.008,138746,4,4,1,129563.0,129563.0,260866.0,403.631,450.255,1.48482,1.33157
8|462|sample|4|292,0.04,119405,5,4,1,129563.0,129563.0,260866.0,403.631,424.244,1.27724,1.21537
8|462|sample|4|292,0.2,86679,6,4,1,129563.0,129563.0,258259.0,391.272,406.379,0.955168,0.91974
8|462|sample|4|292,1.0,49742,7,4,1,129563.0,129563.0,255708.0,380.068,394.964,0.562405,0.54118
8|462|sample|4|292,5.0,30602,8,4,1,129563.0,129563.0,253214.0,369.912,387.414,0.353836,0.337769
8|462|sample|5|292,0.0006144,100518,1,5,1,129563.0,129563.0,253214.0,368.902,534.057,1.17533,0.812411
8|462|sample|5|292,0.003072,130424,2,5,1,129563.0,129563.0,255708.0,379.03,475.885,1.48569,1.1842
8|462|sample|5|292,0.01536,129379,3,5,1,129563.0,129563.0,258259.0,390.203,440.975,1.43173,1.26743
8|462|sample|5|292,0.0768,104544,4,5,1,129563.0,129563.0,260866.0,402.528,420.34,1.12079,1.07342
8|462|sample|5|292,0.384,71521,5,5,1,129563.0,129563.0,260866.0,402.528,406.286,0.765387,0.758317
8|462|sample|5|292,1.92,57664,6,5,1,129563.0,129563.0,258259.0,390.203,395.697,0.63572,0.626896
8|462|sample|5|292,9.6,30300,7,5,1,129563.0,129563.0,255708.0,379.03,388.598,0.341831,0.333368
8|462|sample|5|292,48.0,15085,8,5,1,129563.0,129563.0,253214.0,368.902,383.609,0.172705,0.165965
8|462|sample|6|292,0.0006144,102350,1,6,1,129563.0,129563.0,253214.0,369.458,488.093,1.19503,0.905169
8|462|sample|6|292,0.003072,113884,2,6,1,129563.0,129563.0,255708.0,379.602,446.129,1.29479,1.10226
8|462|sample|6|292,0.01536,121365,3,6,1,129563.0,129563.0,258259.0,390.792,421.787,1.34077,1.24257
8|462|sample|6|292,0.0768,98102,4,6,1,129563.0,129563.0,260866.0,403.135,408.009,1.04988,1.03737
8|462|sample|6|292,0.384,76259,5,6,1,129563.0,129563.0,260866.0,403.135,398.465,0.815151,0.82469
8|462|sample|6|292,1.92,51729,6,6,1,129563.0,129563.0,258259.0,390.792,390.798,0.568985,0.568975
8|462|sample|6|292,9.6,27657,7,6,1,129563.0,129563.0,255708.0,379.602,385.537,0.311164,0.306342
8|462|sample|6|292,48.0,13804,8,6,1,129563.0,129563.0,253214.0,369.458,381.699,0.157429,0.152278
8|462|sample|7|292,7.68e-05,94296,1,7,1,129563.0,129563.0,253214.0,369.353,484.825,1.10097,0.839215
8|462|sample|7|292,0.000384,117953,2,7,1,129563.0,129563.0,255708.0,379.494,440.934,1.34159,1.15522
8|462|sample|7|292,0.00192,127709,3,7,1,129563.0,129563.0,258259.0,390.68,416.832,1.41148,1.32324
8|462|sample|7|292,0.0096,104166,4,7,1,129563.0,129563.0,260866.0,403.02,403.988,1.11536,1.11269
8|462|sample|7|292,0.048,34555,5,7,1,129563.0,129563.0,260866.0,403.02,395.484,0.367103,0.374132
8|462|sample|7|292,0.24,2124,6,7,1,129563.0,129563.0,258259.0,390.68,388.711,0.0192159,0.0193346
8|462|sample|7|292,1.2,604,7,7,1,129563.0,129563.0,255708.0,379.494,384.118,0.00256176,0.002479
8|462|sample|7|292,6.0,570,8,7,1,129563.0,129563.0,253214.0,369.353,380.753,0.0023519,0.00215233
8|462|sample|8|292,7.68e-05,101781,1,8,1,129563.0,129563.0,253214.0,369.747,524.292,1.18744,0.837995
8|462|sample|8|292,0.000384,127577,2,8,1,129563.0,129563.0,255708.0,379.899,465.325,1.44986,1.18448
8|462|sample|8|292,0.00192,127445,3,8,1,129563.0,129563.0,258259.0,391.097,431.834,1.40705,1.27477
8|462|sample|8|292,0.0096,110699,4,8,1,129563.0,129563.0,260866.0,403.451,413.178,1.18432,1.15652
8|462|sample|8|292,0.048,35462,5,8,1,129563.0,129563.0,260866.0,403.451,401.037,0.376449,0.378725
8|462|sample|8|292,0.24,2200,6,8,1,129563.0,129563.0,258259.0,391.097,392.022,0.0200326,0.0199755
8|462|sample|8|292,1.2,518,7,8,1,129563.0,129563.0,255708.0,379.899,386.088,0.00157415,0.00147968
8|462|sample|8|292,6.0,538,8,8,1,129563.0,129563.0,253214.0,369.747,381.922,0.0019701,0.0017697
8|462|sample|9|292,0.0003648,110763,1,9,1,129563.0,129563.0,253214.0,370.053,423.863,1.29155,1.12811
8|462|sample|9|292,0.001824,99793,2,9,1,129563.0,129563.0,255708.0,380.213,405.742,1.13223,1.06121
8|462|sample|9|292,0.00912,104612,3,9,1,129563.0,129563.0,258259.0,391.421,396.515,1.15324,1.13847
8|462|sample|9|292,0.0456,29106,4,9,1,129563.0,129563.0,260866.0,403.784,392.253,0.307943,0.31706
8|462|sample|9|292,0.228,1898,5,9,1,129563.0,129563.0,260866.0,403.784,388.764,0.0160313,0.0168136
8|462|sample|9|292,1.14,602,6,9,1,129563.0,129563.0,258259.0,391.421,384.892,0.00233014,0.00244285
8|462|sample|9|292,5.7,556,7,9,1,129563.0,129563.0,255708.0,380.213,381.936,0.00200207,0.00197356
8|462|sample|9|292,28.5,492,8,9,1,129563.0,129563.0,253214.0,370.053,379.496,0.00142673,0.00128374
8|462|vc|1|2|292,0.0,109457,1,2,1,129563.0,271.098,378.992,369.85,379.017,1.27697,1.2462
8|462|vc|2|2|292,0.0,135900,2,2,1,129563.0,271.098,380.854,379.587,380.918,1.546,1.54062
8|462|vc|3|2|292,0.0,145948,3,2,1,129563.0,271.098,380.854,380.264,380.934,1.65768,1.65477
8|462|vc|4|2|292,0.0,141437,4,2,1,129563.0,271.098,380.854,379.769,380.927,1.60839,1.60353
8|462|vc|5|2|292,0.0,134947,5,2,1,129563.0,271.098,380.854,379.855,380.916,1.53404,1.52979
8|462|vc|6|2|292,0.0,143094,6,2,1,129563.0,271.098,380.854,379.703,380.929,1.62757,1.62235
8|462|vc|7|2|292,0.0,130244,7,2,1,129563.0,271.098,380.854,379.602,380.909,1.48141,1.47635
8|462|vc|8|2|292,0.0,95477,8,2,1,129563.0,271.098,378.992,369.768,379.0,1.11356,1.08653
8|75|cc|1|1|65,0.0,476,1,1,0,11543.75,0.0,0.0,0.0,0.0,0.743513,0.743513
8|75|cc|2|1|65,0.0,506,2,1,0,11543.75,0.0,0.0,0.0,0.0,0.790373,0.790373
8|75|cc|3|1|65,0.0,530,3,1,0,11543.75,0.0,0.0,0.0,0.0,0.827861,0.827861
8|75|cc|4|1|65,0.0,516,4,1,0,11543.75,0.0,0.0,0.0,0.0,0.805993,0.805993
8|75|cc|5|1|65,0.0,544,5,1,0,11543.75,0.0,0.0,0.0,0.0,0.849729,0.849729
8|75|cc|6|1|65,0.0,508,6,1,0,11543.75,0.0,0.0,0.0,0.0,0.793497,0.793497
8|75|cc|7|1|65,0.0,588,7,1,0,11543.75,0.0,0.0,0.0,0.0,0.918457,0.918457
8|75|cc|8|1|65,0.0,520,8,1,0,11543.75,0.0,0.0,0.0,0.0,0.812241,0.812241
8|75|sample|10|65,0.0003648,9492,1,10,1,11543.75,11543.8,382.253,97.7263,59.1908,0.407674,0.66384
8|75|sample|10|65,0.001824,15953,2,10,1,11543.75,11543.8,325.232,79.8744,52.055,0.837583,1.26463
8|75|sample|10|65,0.00912,16247,3,10,1,11543.75,11543.8,271.95,60.1817,45.87,1.12123,1.45227
8|75|sample|10|65,0.0456,12740,4,10,1,11543.75,11543.8,271.95,60.1817,44.9707,0.878309,1.15941
8|75|sample|10|65,0.228,11350,5,10,1,11543.75,11543.8,271.95,60.1817,44.2588,0.782026,1.04815
8|75|sample|10|65,1.14,6674,6,10,1,11543.75,11543.8,271.95,60.1817,43.6962,0.458128,0.622132
8|75|sample|10|65,5.7,4010,7,10,1,11543.75,11543.8,325.232,79.8744,47.4986,0.207382,0.343696
8|75|sample|10|65,28.5,1556,8,10,1,11543.75,11543.8,382.253,97.7263,51.2,0.0632833,0.121574
8|75|sample|11|65,0.0003712,11442,1,11,1,11543.75,11543.8,382.253,97.581,49.4655,0.493015,0.950964
8|75|sample|11|65,0.001856,13046,2,11,1,11543.75,11543.8,325.232,79.7557,45.5602,0.685179,1.17283
8|75|sample|11|65,0.00928,11394,3,11,1,11543.75,11543.8,325.232,79.7557,45.5282,0.597882,1.02447
8|75|sample|11|65,0.0464,7362,4,11,1,11543.75,11543.8,325.232,79.7557,45.5094,0.384818,0.660747
8|75|sample|11|65,0.2319999999999999,2518,5,11,1,11543.75,11543.8,325.232,79.7557,45.4983,0.128845,0.223341
8|75|sample|11|65,1.16,618,6,11,1,11543.75,11543.8,325.232,79.7557,45.4918,0.0284426,0.0517217
8|75|sample|11|65,5.8,582,7,11,1,11543.75,11543.8,325.232,79.7557,45.4879,0.0265402,0.0484736
8|75|sample|11|65,29.0,612,8,11,1,11543.75,11543.8,382.253,97.581,49.3124,0.022356,0.047107
8|75|sample|12|65,0.0003712,10454,1,12,1,11543.75,11543.8,382.253,97.5501,49.3541,0.450218,0.870359
8|75|sample|12|65,0.001856,10998,2,12,1,11543.75,11543.8,382.253,97.5501,49.3297,0.473867,0.916295
8|75|sample|12|65,0.00928,9204,3,12,1,11543.75,11543.8,382.253,97.5501,49.3163,0.395878,0.766353
8|75|sample|12|65,0.0464,4926,4,12,1,11543.75,11543.8,382.253,97.5501,49.309,0.209903,0.408293
8|75|sample|12|65,0.2319999999999999,1482,5,12,1,11543.75,11543.8,382.253,97.5501,49.305,0.0601851,0.119959
8|75|sample|12|65,1.16,542,6,12,1,11543.75,11543.8,382.253,97.5501,49.3028,0.0193212,0.0412552
8|75|sample|12|65,5.8,592,7,12,1,11543.75,11543.8,382.253,97.5501,49.3016,0.0214948,0.045443
8|75|sample|12|65,29.0,536,8,12,1,11543.75,11543.8,382.253,97.5501,49.3009,0.0190604,0.0407544
8|75|sample|3|65,6.4e-05,9174,1,3,1,11543.75,11543.8,382.253,97.6527,49.7969,0.394166,0.756822
8|75|sample|3|65,0.00032,13782,2,3,1,11543.75,11543.8,325.232,79.8142,45.7383,0.723555,1.23466
8|75|sample|3|65,0.0016,12730,3,3,1,11543.75,11543.8,271.95,60.1363,41.7233,0.878252,1.24333
8|75|sample|3|65,0.008,12668,4,3,1,11543.75,11543.8,271.95,60.1363,41.6751,0.873954,1.2386
8|75|sample|3|65,0.04,5898,5,3,1,11543.75,11543.8,271.95,60.1363,41.6455,0.40467,0.57487
8|75|sample|3|65,0.2,1670,6,3,1,11543.75,11543.8,271.95,60.1363,41.6273,0.111593,0.159909
8|75|sample|3|65,1.0,916,7,3,1,11543.75,11543.8,325.232,79.8142,45.5129,0.0441555,0.0786074
8|75|sample|3|65,5.0,826,8,3,1,11543.75,11543.8,382.253,97.6527,49.334,0.0316306,0.0649939
8|75|sample|4|65,6.4e-05,9994,1,4,1,11543.75,11543.8,382.253,97.7713,50.0616,0.429265,0.820685
8|75|sample|4|65,0.00032,12470,2,4,1,11543.75,11543.8,325.232,79.9112,45.8885,0.653501,1.11328
8|75|sample|4|65,0.0016,13558,3,4,1,11543.75,11543.8,271.95,60.2094,41.8065,0.934557,1.32198
8|75|sample|4|65,0.008,12398,4,4,1,11543.75,11543.8,222.636,38.4761,37.7449,1.30641,1.33005
8|75|sample|4|65,0.04,5708,5,4,1,11543.75,11543.8,222.636,38.4761,37.7064,0.599272,0.610743
8|75|sample|4|65,0.2,2180,6,4,1,11543.75,11543.8,271.95,60.2094,41.6526,0.14677,0.20987
8|75|sample|4|65,1.0,968,7,4,1,11543.75,11543.8,325.232,79.9112,45.5336,0.0468413,0.0832655
8|75|sample|4|65,5.0,668,8,4,1,11543.75,11543.8,382.253,97.7713,49.3507,0.0247346,0.051754
8|75|sample|5|65,0.0006144,9826,1,5,1,11543.75,11543.8,382.253,97.7356,49.3576,0.422129,0.81777
8|75|sample|5|65,0.003072,10274,2,5,1,11543.75,11543.8,325.232,79.882,45.5018,0.537867,0.923873
8|75|sample|5|65,0.01536,8880,3,5,1,11543.75,11543.8,271.95,60.1874,41.5959,0.610878,0.868562
8|75|sample|5|65,0.0768,3258,4,5,1,11543.75,11543.8,222.636,38.462,37.6304,0.340423,0.347516
8|75|sample|5|65,0.384,1754,5,5,1,11543.75,11543.8,222.636,38.462,37.628,0.181395,0.185228
8|75|sample|5|65,1.92,1028,6,5,1,11543.75,11543.8,271.95,60.1874,41.5858,0.0670326,0.0969583
8|75|sample|5|65,9.6,926,7,5,1,11543.75,11543.8,325.232,79.882,45.4767,0.0446433,0.0795732
8|75|sample|5|65,48.0,608,8,5,1,11543.75,11543.8,382.253,97.7356,49.3018,0.0221414,0.0467825
8|75|sample|6|65,0.0006144,8692,1,6,1,11543.75,11543.8,382.253,97.7249,49.3694,0.372962,0.722753
8|75|sample|6|65,0.003072,13380,2,6,1,11543.75,11543.8,325.232,79.8733,45.5085,0.701822,1.20425
8|75|sample|6|65,0.01536,8136,3,6,1,11543.75,11543.8,271.95,60.1808,41.5999,0.559406,0.795376
8|75|sample|6|65,0.0768,3106,4,6,1,11543.75,11543.8,222.636,38.4578,37.633,0.324384,0.331092
8|75|sample|6|65,0.384,1780,5,6,1,11543.75,11543.8,222.636,38.4578,37.6301,0.184163,0.188024
8|75|sample|6|65,1.92,1208,6,6,1,11543.75,11543.8,271.95,60.1808,41.5879,0.0795085,0.114646
8|75|sample|6|65,9.6,856,7,6,1,11543.75,11543.8,325.232,79.8733,45.4788,0.0409547,0.073244
8|75|sample|6|65,48.0,602,8,6,1,11543.75,11543.8,382.253,97.7249,49.3039,0.0218838,0.0462781
8|75|sample|7|65,7.68e-05,10480,1,7,1,11543.75,11543.8,382.253,97.8914,72.1065,0.449803,0.606155
8|75|sample|7|65,0.000384,13258,2,7,1,11543.75,11543.8,325.232,80.0093,61.4705,0.694235,0.895768
8|75|sample|7|65,0.00192,16339,3,7,1,11543.75,11543.8,271.95,60.2833,52.558,1.12578,1.28352
8|75|sample|7|65,0.0096,16439,4,7,1,11543.75,11543.8,222.636,38.5233,44.9579,1.73156,1.49763
8|75|sample|7|65,0.048,14116,5,7,1,11543.75,11543.8,222.636,38.5233,43.7163,1.48629,1.31986
8|75|sample|7|65,0.24,12342,6,7,1,11543.75,11543.8,271.95,60.2833,47.8742,0.849362,1.05845
8|75|sample|7|65,1.2,5688,7,7,1,11543.75,11543.8,325.232,80.0093,51.8053,0.295437,0.450306
8|75|sample|7|65,6.0,2598,8,7,1,11543.75,11543.8,382.253,97.8914,55.5388,0.108317,0.190129
8|75|sample|8|65,7.68e-05,10458,1,8,1,11543.75,11543.8,382.253,97.8055,68.8591,0.449237,0.632486
8|75|sample|8|65,0.000384,12990,2,8,1,11543.75,11543.8,325.232,79.9391,59.0131,0.680697,0.912643
8|75|sample|8|65,0.00192,16171,3,8,1,11543.75,11543.8,271.95,60.2305,50.7513,1.1151,1.31329
8|75|sample|8|65,0.0096,15275,4,8,1,11543.75,11543.8,222.636,38.4895,43.672,1.60998,1.42992
8|75|sample|8|65,0.048,14237,5,8,1,11543.75,11543.8,222.636,38.4895,42.584,1.5003,1.36453
8|75|sample|8|65,0.24,10710,6,8,1,11543.75,11543.8,271.95,60.2305,46.6395,0.73712,0.940984
8|75|sample|8|65,1.2,6990,7,8,1,11543.75,11543.8,325.232,79.9391,50.4986,0.36434,0.568029
8|75|sample|8|65,6.0,2192,8,8,1,11543.75,11543.8,382.253,97.8055,54.1892,0.0908082,0.163656
8|75|sample|9|65,0.0003648,9810,1,9,1,11543.75,11543.8,382.253,97.8625,60.0899,0.420898,0.676345
8|75|sample|9|65,0.001824,14515,2,9,1,11543.75,11543.8,325.232,79.9857,52.7008,0.760674,1.13682
8|75|sample|9|65,0.00912,14010,3,9,1,11543.75,11543.8,271.95,60.2655,46.3216,0.964989,1.2402
8|75|sample|9|65,0.0456,15117,4,9,1,11543.75,11543.8,222.636,38.5119,40.6537,1.59242,1.5137
8|75|sample|9|65,0.228,12188,5,9,1,11543.75,11543.8,222.636,38.5119,40.033,1.28309,1.23736
8|75|sample|9|65,1.14,6778,6,9,1,11543.75,11543.8,271.95,60.2655,43.964,0.464707,0.628246
8|75|sample|9|65,5.7,3686,7,9,1,11543.75,11543.8,325.232,79.9857,47.7696,0.190024,0.313879
8|75|sample|9|65,28.5,1722,8,9,1,11543.75,11543.8,382.253,97.8625,51.4678,0.0703858,0.134298
8|75|vc|1|2|65,0.0,10294,1,2,1,11543.75,271.098,49.332,97.7412,49.3305,0.442411,0.857363
8|75|vc|2|2|65,0.0,11198,2,2,1,11543.75,271.098,45.5041,79.9978,45.5042,0.585793,1.00728
8|75|vc|3|2|65,0.0,11944,3,2,1,11543.75,271.098,45.5041,79.9837,45.5049,0.625206,1.07464
8|75|vc|4|2|65,0.0,13524,4,2,1,11543.75,271.098,45.5041,79.8758,45.5066,0.709399,1.2173
8|75|vc|5|2|65,0.0,13024,5,2,1,11543.75,271.098,45.5041,79.9791,45.506,0.682158,1.17216
8|75|vc|6|2|65,0.0,11948,6,2,1,11543.75,271.098,45.5041,79.9402,45.5049,0.625748,1.07501
8|75|vc|7|2|65,0.0,11746,7,2,1,11543.75,271.098,45.5041,80.0329,45.5047,0.614405,1.05677
8|75|vc|8|2|65,0.0,8672,8,2,1,11543.75,271.098,49.332,97.6961,49.3293,0.372202,0.721637
8|291|cc|1|1|103,0.0,528,1,1,0,98225.875,0.0,0.0,0.0,0.0,0.824737,0.824737
8|291|cc|2|1|103,0.0,646,2,1,0,98225.875,0.0,0.0,0.0,0.0,1.00905,1.00905
8|291|cc|3|1|103,0.0,582,3,1,0,98225.875,0.0,0.0,0.0,0.0,0.909085,0.909085
8|291|cc|4|1|103,0.0,620,4,1,0,98225.875,0.0,0.0,0.0,0.0,0.968441,0.968441
8|291|cc|5|1|103,0.0,622,5,1,0,98225.875,0.0,0.0,0.0,0.0,0.971565,0.971565
8|291|cc|6|1|103,0.0,604,6,1,0,98225.875,0.0,0.0,0.0,0.0,0.943449,0.943449
8|291|cc|7|1|103,0.0,640,7,1,0,98225.875,0.0,0.0,0.0,0.0,0.999681,0.999681
8|291|cc|8|1|103,0.0,614,8,1,0,98225.875,0.0,0.0,0.0,0.0,0.959069,0.959069
8|291|sample|10|103,0.0003648,76142,1,10,1,98225.875,98225.9,98225.9,271.189,294.486,1.20796,1.11295
8|291|sample|10|103,0.001824,78961,2,10,1,98225.875,98225.9,98225.9,271.189,284.196,1.25284,1.19586
8|291|sample|10|103,0.00912,61146,3,10,1,98225.875,98225.9,98225.9,271.189,278.407,0.969202,0.944213
8|291|sample|10|103,0.0456,26839,4,10,1,98225.875,98225.9,98225.9,271.189,275.149,0.422992,0.416903
8|291|sample|10|103,0.228,2248,5,10,1,98225.875,98225.9,98225.9,271.189,273.316,0.0314733,0.0311971
8|291|sample|10|103,1.14,632,6,10,1,98225.875,98225.9,98225.9,271.189,272.285,0.00574456,0.00570427
8|291|sample|10|103,5.7,498,7,10,1,98225.875,98225.9,98225.9,271.189,271.705,0.00361111,0.00359611
8|291|sample|10|103,28.5,558,8,10,1,98225.875,98225.9,98225.9,271.189,271.379,0.00456639,0.00456019
8|291|sample|11|103,0.0003712,73274,1,11,1,98225.875,98225.9,98225.9,271.173,277.516,1.16236,1.13596
8|291|sample|11|103,0.001856,69690,2,11,1,98225.875,98225.9,98225.9,271.173,274.331,1.1053,1.09265
8|291|sample|11|103,0.00928,51029,3,11,1,98225.875,98225.9,98225.9,271.173,272.689,0.808174,0.803702
8|291|sample|11|103,0.0464,18731,4,11,1,98225.875,98225.9,98225.9,271.173,271.843,0.29392,0.293193
8|291|sample|11|103,0.2319999999999999,1836,5,11,1,98225.875,98225.9,98225.9,271.173,271.407,0.0249154,0.0248905
8|291|sample|11|103,1.16,454,6,11,1,98225.875,98225.9,98225.9,271.173,271.182,0.002911,0.00291076
8|291|sample|11|103,5.8,548,7,11,1,98225.875,98225.9,98225.9,271.173,271.066,0.00440768,0.00441111
8|291|sample|11|103,29.0,510,8,11,1,98225.875,98225.9,98225.9,271.173,271.006,0.00380264,0.00380761
8|291|sample|12|103,0.0003712,69558,1,12,1,98225.875,98225.9,98225.9,270.524,275.78,1.10583,1.08488
8|291|sample|12|103,0.001856,72538,2,12,1,98225.875,98225.9,98225.9,270.524,273.385,1.15339,1.14139
8|291|sample|12|103,0.00928,50948,3,12,1,98225.875,98225.9,98225.9,270.524,272.176,0.808812,0.803926
8|291|sample|12|103,0.0464,23756,4,12,1,98225.875,98225.9,98225.9,270.524,271.566,0.374828,0.373387
8|291|sample|12|103,0.2319999999999999,2516,5,12,1,98225.875,98225.9,98225.9,270.524,271.258,0.0358378,0.03573
8|291|sample|12|103,1.16,468,6,12,1,98225.875,98225.9,98225.9,270.524,271.103,0.00315172,0.00313584
8|291|sample|12|103,5.8,510,7,12,1,98225.875,98225.9,98225.9,270.524,271.024,0.00382204,0.00380708
8|291|sample|12|103,29.0,486,8,12,1,98225.875,98225.9,98225.9,270.524,270.985,0.003439,0.00342586
8|291|sample|3|103,6.4e-05,84948,1,3,1,98225.875,98225.9,98225.9,271.369,563.714,1.34727,0.649762
8|291|sample|3|103,0.00032,102466,2,3,1,98225.875,98225.9,98225.9,271.369,460.993,1.62599,0.959405
8|291|sample|3|103,0.0016,104314,3,3,1,98225.875,98225.9,98225.9,271.369,394.284,1.6554,1.14162
8|291|sample|3|103,0.008,106252,4,3,1,98225.875,98225.9,98225.9,271.369,350.989,1.68623,1.30576
8|291|sample|3|103,0.04,101815,5,3,1,98225.875,98225.9,98225.9,271.369,322.9,1.61564,1.35932
8|291|sample|3|103,0.2,73444,6,3,1,98225.875,98225.9,98225.9,271.369,304.681,1.16423,1.03763
8|291|sample|3|103,1.0,25577,7,3,1,98225.875,98225.9,98225.9,271.369,292.867,0.402632,0.373039
8|291|sample|3|103,5.0,2234,8,3,1,98225.875,98225.9,98225.9,271.369,285.206,0.0312269,0.0295171
8|291|sample|4|103,6.4e-05,78742,1,4,1,98225.875,98225.9,98225.9,270.884,570.013,1.25075,0.595308
8|291|sample|4|103,0.00032,104674,2,4,1,98225.875,98225.9,98225.9,270.884,465.393,1.66408,0.970919
8|291|sample|4|103,0.0016,109031,3,4,1,98225.875,98225.9,98225.9,270.884,397.341,1.73352,1.18429
8|291|sample|4|103,0.008,112435,4,4,1,98225.875,98225.9,98225.9,270.884,353.101,1.78778,1.37377
8|291|sample|4|103,0.04,96222,5,4,1,98225.875,98225.9,98225.9,270.884,324.354,1.52936,1.27869
8|291|sample|4|103,0.2,69267,6,4,1,98225.875,98225.9,98225.9,270.884,305.678,1.09973,0.97519
8|291|sample|4|103,1.0,26117,7,4,1,98225.875,98225.9,98225.9,270.884,293.548,0.41196,0.38012
8|291|sample|4|103,5.0,2412,8,4,1,98225.875,98225.9,98225.9,270.884,285.67,0.0341271,0.0321543
8|291|sample|5|103,0.0006144,76851,1,5,1,98225.875,98225.9,98225.9,271.028,428.174,1.21997,0.77353
8|291|sample|5|103,0.003072,101000,2,5,1,98225.875,98225.9,98225.9,271.028,372.867,1.60467,1.16847
8|291|sample|5|103,0.01536,101897,3,5,1,98225.875,98225.9,98225.9,271.028,337.012,1.61896,1.30374
8|291|sample|5|103,0.0768,93625,4,5,1,98225.875,98225.9,98225.9,271.028,313.776,1.48719,1.28577
8|291|sample|5|103,0.384,53214,5,5,1,98225.875,98225.9,98225.9,271.028,298.72,0.843414,0.76555
8|291|sample|5|103,1.92,8940,6,5,1,98225.875,98225.9,98225.9,271.028,288.966,0.138102,0.129343
8|291|sample|5|103,9.6,1202,7,5,1,98225.875,98225.9,98225.9,271.028,282.648,0.014831,0.0140496
8|291|sample|5|103,48.0,628,8,5,1,98225.875,98225.9,98225.9,271.028,278.555,0.00568679,0.00541792
8|291|sample|6|103,0.0006144,76513,1,6,1,98225.875,98225.9,98225.9,271.08,414.297,1.21435,0.795877
8|291|sample|6|103,0.003072,102272,2,6,1,98225.875,98225.9,98225.9,271.08,363.289,1.62463,1.21431
8|291|sample|6|103,0.01536,99267,3,6,1,98225.875,98225.9,98225.9,271.08,330.43,1.57676,1.29515
8|291|sample|6|103,0.0768,85522,4,6,1,98225.875,98225.9,98225.9,271.08,309.269,1.35784,1.19114
8|291|sample|6|103,0.384,49954,5,6,1,98225.875,98225.9,98225.9,271.08,295.644,0.791328,0.725835
8|291|sample|6|103,1.92,9548,6,6,1,98225.875,98225.9,98225.9,271.08,286.872,0.147759,0.139465
8|291|sample|6|103,9.6,1270,7,6,1,98225.875,98225.9,98225.9,271.08,281.226,0.0159104,0.0151862
8|291|sample|6|103,48.0,528,8,6,1,98225.875,98225.9,98225.9,271.08,277.591,0.00409211,0.00389579
8|291|sample|7|103,7.68e-05,74219,1,7,1,98225.875,98225.9,98225.9,271.175,367.121,1.1774,0.870883
8|291|sample|7|103,0.000384,94028,2,7,1,98225.875,98225.9,98225.9,271.175,328.613,1.4928,1.23332
8|291|sample|7|103,0.00192,88873,3,7,1,98225.875,98225.9,98225.9,271.175,305.527,1.41072,1.25306
8|291|sample|7|103,0.0096,71607,4,7,1,98225.875,98225.9,98225.9,271.175,291.691,1.13581,1.05638
8|291|sample|7|103,0.048,25271,5,7,1,98225.875,98225.9,98225.9,271.175,283.399,0.398047,0.38086
8|291|sample|7|103,0.24,2124,6,7,1,98225.875,98225.9,98225.9,271.175,278.431,0.0295007,0.028627
8|291|sample|7|103,1.2,676,7,7,1,98225.875,98225.9,98225.9,271.175,275.454,0.00644562,0.00627943
8|291|sample|7|103,6.0,642,8,7,1,98225.875,98225.9,98225.9,271.175,273.67,0.00590427,0.00581163
8|291|sample|8|103,7.68e-05,72099,1,8,1,98225.875,98225.9,98225.9,270.634,381.173,1.14591,0.814765
8|291|sample|8|103,0.000384,93669,2,8,1,98225.875,98225.9,98225.9,270.634,337.712,1.49003,1.19564
8|291|sample|8|103,0.00192,96224,3,8,1,98225.875,98225.9,98225.9,270.634,311.391,1.53079,1.33165
8|291|sample|8|103,0.0096,78234,4,8,1,98225.875,98225.9,98225.9,270.634,295.454,1.24379,1.13992
8|291|sample|8|103,0.048,29776,5,8,1,98225.875,98225.9,98225.9,270.634,285.806,0.470714,0.445739
8|291|sample|8|103,0.24,2672,6,8,1,98225.875,98225.9,98225.9,270.634,279.966,0.0383102,0.0369019
8|291|sample|8|103,1.2,586,7,8,1,98225.875,98225.9,98225.9,270.634,276.432,0.00503119,0.00483616
8|291|sample|8|103,6.0,506,8,8,1,98225.875,98225.9,98225.9,270.634,274.293,0.00375491,0.00364775
8|291|sample|9|103,0.0003648,67254,1,9,1,98225.875,98225.9,98225.9,271.148,291.335,1.06661,0.993106
8|291|sample|9|103,0.001824,84908,2,9,1,98225.875,98225.9,98225.9,271.148,282.313,1.34773,1.29478
8|291|sample|9|103,0.00912,66966,3,9,1,98225.875,98225.9,98225.9,271.148,277.287,1.06202,1.03865
8|291|sample|9|103,0.0456,29642,4,9,1,98225.875,98225.9,98225.9,271.148,274.487,0.46769,0.462005
8|291|sample|9|103,0.228,2230,5,9,1,98225.875,98225.9,98225.9,271.148,272.928,0.031192,0.0309625
8|291|sample|9|103,1.14,562,6,9,1,98225.875,98225.9,98225.9,271.148,272.059,0.00463142,0.0046016
8|291|sample|9|103,5.7,484,7,9,1,98225.875,98225.9,98225.9,271.148,271.575,0.00338938,0.0033773
8|291|sample|9|103,28.5,548,8,9,1,98225.875,98225.9,98225.9,271.148,271.306,0.00440849,0.00440344
8|291|vc|1|2|103,0.0,87702,1,2,1,98225.875,271.098,271.098,270.874,271.129,1.39361,1.39231
8|291|vc|2|2|103,0.0,107225,2,2,1,98225.875,271.098,271.098,271.311,271.161,1.70207,1.70301
8|291|vc|3|2|103,0.0,103247,3,2,1,98225.875,271.098,271.098,271.353,271.154,1.63852,1.63971
8|291|vc|4|2|103,0.0,105493,4,2,1,98225.875,271.098,271.098,271.246,271.158,1.67491,1.67545
8|291|vc|5|2|103,0.0,108146,5,2,1,98225.875,271.098,271.098,270.942,271.162,1.71905,1.71767
8|291|vc|6|2|103,0.0,97541,6,2,1,98225.875,271.098,271.098,271.287,271.144,1.5481,1.54891
8|291|vc|7|2|103,0.0,95893,7,2,1,98225.875,271.098,271.098,270.903,271.142,1.52401,1.52268
8|291|vc|8|2|103,0.0,80560,8,2,1,98225.875,271.098,271.098,271.291,271.119,1.27782,1.27862
8|77|cc|1|1|218,0.0,474,1,1,0,42678.375,0.0,0.0,0.0,0.0,0.740389,0.740389
8|77|cc|2|1|218,0.0,504,2,1,0,42678.375,0.0,0.0,0.0,0.0,0.787249,0.787249
8|77|cc|3|1|218,0.0,490,3,1,0,42678.375,0.0,0.0,0.0,0.0,0.765381,0.765381
8|77|cc|4|1|218,0.0,528,4,1,0,42678.375,0.0,0.0,0.0,0.0,0.824737,0.824737
8|77|cc|5|1|218,0.0,460,5,1,0,42678.375,0.0,0.0,0.0,0.0,0.718521,0.718521
8|77|cc|6|1|218,0.0,446,6,1,0,42678.375,0.0,0.0,0.0,0.0,0.696653,0.696653
8|77|cc|7|1|218,0.0,412,7,1,0,42678.375,0.0,0.0,0.0,0.0,0.643545,0.643545
8|77|cc|8|1|218,0.0,498,8,1,0,42678.375,0.0,0.0,0.0,0.0,0.777877,0.777877
8|77|sample|10|218,0.0003648,35866,1,10,1,42678.375,42678.4,42678.4,270.889,271.074,0.567338,0.566952
8|77|sample|10|218,0.001824,34189,2,10,1,42678.375,42678.4,42678.4,270.889,270.957,0.540609,0.540475
8|77|sample|10|218,0.00912,29560,3,10,1,42678.375,42678.4,42678.4,270.889,270.906,0.466829,0.4668
8|77|sample|10|218,0.0456,18735,4,10,1,42678.375,42678.4,42678.4,270.889,270.884,0.294293,0.294299
8|77|sample|10|218,0.228,5920,5,10,1,42678.375,42678.4,42678.4,270.889,270.875,0.0900392,0.0900442
8|77|sample|10|218,1.14,1412,6,10,1,42678.375,42678.4,42678.4,270.889,270.871,0.0181878,0.0181893
8|77|sample|10|218,5.7,958,7,10,1,42678.375,42678.4,42678.4,270.889,270.869,0.0109516,0.0109528
8|77|sample|10|218,28.5,822,8,10,1,42678.375,42678.4,42678.4,270.889,270.868,0.00878396,0.00878497
8|77|sample|11|218,0.0003712,46172,1,11,1,42678.375,42678.4,42678.4,270.204,271.12,0.73345,0.730983
8|77|sample|11|218,0.001856,35384,2,11,1,42678.375,42678.4,42678.4,270.204,270.982,0.561072,0.559465
8|77|sample|11|218,0.00928,31066,3,11,1,42678.375,42678.4,42678.4,270.204,270.922,0.492076,0.490774
8|77|sample|11|218,0.0464,17065,4,11,1,42678.375,42678.4,42678.4,270.204,270.896,0.268359,0.267669
8|77|sample|11|218,0.2319999999999999,3456,5,11,1,42678.375,42678.4,42678.4,270.204,270.884,0.0509048,0.0507674
8|77|sample|11|218,1.16,552,6,11,1,42678.375,42678.4,42678.4,270.204,270.879,0.00450274,0.00448085
8|77|sample|11|218,5.8,432,7,11,1,42678.375,42678.4,42678.4,270.204,270.877,0.00258529,0.0025682
8|77|sample|11|218,29.0,516,8,11,1,42678.375,42678.4,42678.4,270.204,270.876,0.0039275,0.00390713
8|77|sample|12|218,0.0003712,45444,1,12,1,42678.375,42678.4,42678.4,270.474,271.121,0.7211,0.719386
8|77|sample|12|218,0.001856,37090,2,12,1,42678.375,42678.4,42678.4,270.474,270.983,0.587746,0.586645
8|77|sample|12|218,0.00928,32149,3,12,1,42678.375,42678.4,42678.4,270.474,270.923,0.508874,0.508032
8|77|sample|12|218,0.0464,16881,4,12,1,42678.375,42678.4,42678.4,270.474,270.897,0.265152,0.264736
8|77|sample|12|218,0.2319999999999999,2962,5,12,1,42678.375,42678.4,42678.4,270.474,270.885,0.0429646,0.0428934
8|77|sample|12|218,1.16,426,6,12,1,42678.375,42678.4,42678.4,270.474,270.88,0.00248265,0.00247248
8|77|sample|12|218,5.8,460,7,12,1,42678.375,42678.4,42678.4,270.474,270.878,0.00302539,0.00301447
8|77|sample|12|218,29.0,486,8,12,1,42678.375,42678.4,42678.4,270.474,270.877,0.00344042,0.00342892
8|77|sample|3|218,6.4e-05,43169,1,3,1,42678.375,42678.4,42678.4,271.154,271.149,0.683073,0.683086
8|77|sample|3|218,0.00032,39049,2,3,1,42678.375,42678.4,42678.4,271.154,270.986,0.61747,0.61785
8|77|sample|3|218,0.0016,29908,3,3,1,42678.375,42678.4,42678.4,271.154,270.92,0.471915,0.472323
8|77|sample|3|218,0.008,10350,4,3,1,42678.375,42678.4,42678.4,271.154,270.892,0.160488,0.160646
8|77|sample|3|218,0.04,1788,5,3,1,42678.375,42678.4,42678.4,271.154,270.881,0.0241531,0.0241816
8|77|sample|3|218,0.2,944,6,3,1,42678.375,42678.4,42678.4,271.154,270.877,0.0107139,0.0107292
8|77|sample|3|218,1.0,862,7,3,1,42678.375,42678.4,42678.4,271.154,270.875,0.00940819,0.00942225
8|77|sample|3|218,5.0,850,8,3,1,42678.375,42678.4,42678.4,271.154,270.874,0.00921711,0.00923101
8|77|sample|4|218,6.4e-05,45568,1,4,1,42678.375,42678.4,42678.4,271.206,271.177,0.721135,0.721211
8|77|sample|4|218,0.00032,42519,2,4,1,42678.375,42678.4,42678.4,271.206,271.002,0.672594,0.673099
8|77|sample|4|218,0.0016,32499,3,4,1,42678.375,42678.4,42678.4,271.206,270.93,0.513073,0.513596
8|77|sample|4|218,0.008,11100,4,4,1,42678.375,42678.4,42678.4,271.206,270.9,0.172397,0.172595
8|77|sample|4|218,0.04,1742,5,4,1,42678.375,42678.4,42678.4,271.206,270.888,0.0234154,0.0234477
8|77|sample|4|218,0.2,908,6,4,1,42678.375,42678.4,42678.4,271.206,270.883,0.0101379,0.010155
8|77|sample|4|218,1.0,792,7,4,1,42678.375,42678.4,42678.4,271.206,270.88,0.00829115,0.00830622
8|77|sample|4|218,5.0,628,8,4,1,42678.375,42678.4,42678.4,271.206,270.88,0.00568023,0.00569222
8|77|sample|5|218,0.0006144,34690,1,5,1,42678.375,42678.4,42678.4,270.612,271.027,0.549155,0.548316
8|77|sample|5|218,0.003072,18239,2,5,1,42678.375,42678.4,42678.4,270.612,270.927,0.286682,0.286348
8|77|sample|5|218,0.01536,4564,3,5,1,42678.375,42678.4,42678.4,270.612,270.883,0.0685002,0.068428
8|77|sample|5|218,0.0768,1360,4,5,1,42678.375,42678.4,42678.4,270.612,270.864,0.017381,0.0173609
8|77|sample|5|218,0.384,1130,5,5,1,42678.375,42678.4,42678.4,270.612,270.856,0.0137114,0.0136952
8|77|sample|5|218,1.92,728,6,5,1,42678.375,42678.4,42678.4,270.612,270.853,0.00729753,0.00728729
8|77|sample|5|218,9.6,752,7,5,1,42678.375,42678.4,42678.4,270.612,270.851,0.00768045,0.00766993
8|77|sample|5|218,48.0,878,8,5,1,42678.375,42678.4,42678.4,270.612,270.851,0.00969075,0.00967852
8|77|sample|6|218,0.0006144,31418,1,6,1,42678.375,42678.4,42678.4,271.309,271.019,0.495675,0.496206
8|77|sample|6|218,0.003072,16903,2,6,1,42678.375,42678.4,42678.4,271.309,270.922,0.26468,0.265062
8|77|sample|6|218,0.01536,4450,3,6,1,42678.375,42678.4,42678.4,271.309,270.88,0.0665006,0.0666119
8|77|sample|6|218,0.0768,1342,4,6,1,42678.375,42678.4,42678.4,271.309,270.862,0.0170392,0.0170742
8|77|sample|6|218,0.384,938,5,6,1,42678.375,42678.4,42678.4,271.309,270.854,0.0106099,0.0106348
8|77|sample|6|218,1.92,712,6,6,1,42678.375,42678.4,42678.4,271.309,270.85,0.00701325,0.00703233
8|77|sample|6|218,9.6,794,7,6,1,42678.375,42678.4,42678.4,271.309,270.849,0.00831821,0.00833955
8|77|sample|6|218,48.0,626,8,6,1,42678.375,42678.4,42678.4,271.309,270.848,0.00564462,0.00566149
8|77|sample|7|218,7.68e-05,30832,1,7,1,42678.375,42678.4,42678.4,270.669,271.117,0.487499,0.486694
8|77|sample|7|218,0.000384,38389,2,7,1,42678.375,42678.4,42678.4,270.669,270.978,0.608044,0.607352
8|77|sample|7|218,0.00192,35394,3,7,1,42678.375,42678.4,42678.4,270.669,270.922,0.560269,0.559748
8|77|sample|7|218,0.0096,35666,4,7,1,42678.375,42678.4,42678.4,270.669,270.899,0.564608,0.564131
8|77|sample|7|218,0.048,22898,5,7,1,42678.375,42678.4,42678.4,270.669,270.889,0.36094,0.360646
8|77|sample|7|218,0.24,7590,6,7,1,42678.375,42678.4,42678.4,270.669,270.885,0.116754,0.116659
8|77|sample|7|218,1.2,1360,7,7,1,42678.375,42678.4,42678.4,270.669,270.884,0.0173764,0.0173594
8|77|sample|7|218,6.0,822,8,7,1,42678.375,42678.4,42678.4,270.669,270.883,0.00879455,0.00878426
8|77|sample|8|218,7.68e-05,34940,1,8,1,42678.375,42678.4,42678.4,270.785,271.13,0.552791,0.55209
8|77|sample|8|218,0.000384,36968,2,8,1,42678.375,42678.4,42678.4,270.785,270.985,0.585126,0.584697
8|77|sample|8|218,0.00192,37060,3,8,1,42678.375,42678.4,42678.4,270.785,270.926,0.586593,0.58629
8|77|sample|8|218,0.0096,34816,4,8,1,42678.375,42678.4,42678.4,270.785,270.901,0.550813,0.550578
8|77|sample|8|218,0.048,23358,5,8,1,42678.375,42678.4,42678.4,270.785,270.892,0.368119,0.367975
8|77|sample|8|218,0.24,5846,6,8,1,42678.375,42678.4,42678.4,270.785,270.887,0.0888952,0.0888604
8|77|sample|8|218,1.2,1892,7,8,1,42678.375,42678.4,42678.4,270.785,270.886,0.0258498,0.0258387
8|77|sample|8|218,6.0,882,8,8,1,42678.375,42678.4,42678.4,270.785,270.885,0.00974564,0.0097405
8|77|sample|9|218,0.0003648,39501,1,9,1,42678.375,42678.4,42678.4,270.543,271.084,0.626072,0.624828
8|77|sample|9|218,0.001824,33817,2,9,1,42678.375,42678.4,42678.4,270.543,270.961,0.535362,0.534538
8|77|sample|9|218,0.00912,26621,3,9,1,42678.375,42678.4,42678.4,270.543,270.909,0.420522,0.419956
8|77|sample|9|218,0.0456,18897,4,9,1,42678.375,42678.4,42678.4,270.543,270.886,0.297256,0.296879
8|77|sample|9|218,0.228,6130,5,9,1,42678.375,42678.4,42678.4,270.543,270.876,0.0935101,0.0933911
8|77|sample|9|218,1.14,1632,6,9,1,42678.375,42678.4,42678.4,270.543,270.872,0.0217273,0.0216959
8|77|sample|9|218,5.7,948,7,9,1,42678.375,42678.4,42678.4,270.543,270.87,0.0108114,0.0107933
8|77|sample|9|218,28.5,518,8,9,1,42678.375,42678.4,42678.4,270.543,270.869,0.00394912,0.00393922
8|77|vc|1|2|218,0.0,44393,1,2,1,42678.375,271.098,271.098,271.063,271.082,0.702798,0.702749
8|77|vc|2|2|218,0.0,45576,2,2,1,42678.375,271.098,271.098,271.367,271.083,0.720837,0.721589
8|77|vc|3|2|218,0.0,43197,3,2,1,42678.375,271.098,271.098,271.181,271.081,0.683452,0.683702
8|77|vc|4|2|218,0.0,40982,4,2,1,42678.375,271.098,271.098,271.216,271.08,0.648101,0.648427
8|77|vc|5|2|218,0.0,41808,5,2,1,42678.375,271.098,271.098,271.175,271.08,0.66135,0.661582
8|77|vc|6|2|218,0.0,42921,6,2,1,42678.375,271.098,271.098,270.833,271.081,0.679926,0.679307
8|77|vc|7|2|218,0.0,40844,7,2,1,42678.375,271.098,271.098,270.88,271.079,0.646702,0.646229
8|77|vc|8|2|218,0.0,41706,8,2,1,42678.375,271.098,271.098,271.621,271.08,0.658648,0.659957
8|322|cc|1|1|174,0.0,458,1,1,0,57415.875,0.0,0.0,0.0,0.0,0.715397,0.715397
8|322|cc|2|1|174,0.0,448,2,1,0,57415.875,0.0,0.0,0.0,0.0,0.699777,0.699777
8|322|cc|3|1|174,0.0,402,3,1,0,57415.875,0.0,0.0,0.0,0.0,0.627925,0.627925
8|322|cc|4|1|174,0.0,478,4,1,0,57415.875,0.0,0.0,0.0,0.0,0.746637,0.746637
8|322|cc|5|1|174,0.0,488,5,1,0,57415.875,0.0,0.0,0.0,0.0,0.762257,0.762257
8|322|cc|6|1|174,0.0,550,6,1,0,57415.875,0.0,0.0,0.0,0.0,0.859101,0.859101
8|322|cc|7|1|174,0.0,526,7,1,0,57415.875,0.0,0.0,0.0,0.0,0.821613,0.821613
8|322|cc|8|1|174,0.0,562,8,1,0,57415.875,0.0,0.0,0.0,0.0,0.877845,0.877845
8|322|sample|10|174,0.0003648,59489,1,10,1,57415.875,57415.9,57415.9,270.81,271.403,0.944131,0.942081
8|322|sample|10|174,0.001824,58098,2,10,1,57415.875,57415.9,57415.9,270.81,271.127,0.921954,0.920882
8|322|sample|10|174,0.00912,33755,3,10,1,57415.875,57415.9,57415.9,270.81,271.004,0.533847,0.533467
8|322|sample|10|174,0.0456,5730,4,10,1,57415.875,57415.9,57415.9,270.81,270.949,0.0870373,0.0869911
8|322|sample|10|174,0.228,522,5,10,1,57415.875,57415.9,57415.9,270.81,270.924,0.00400478,0.00400131
8|322|sample|10|174,1.14,508,6,10,1,57415.875,57415.9,57415.9,270.81,270.913,0.00378158,0.00377853
8|322|sample|10|174,5.7,466,7,10,1,57415.875,57415.9,57415.9,270.81,270.908,0.00311196,0.0031093
8|322|sample|10|174,28.5,506,8,10,1,57415.875,57415.9,57415.9,270.81,270.906,0.00374969,0.00374687
8|322|sample|11|174,0.0003712,53154,1,11,1,57415.875,57415.9,57415.9,270.735,271.281,0.843364,0.841676
8|322|sample|11|174,0.001856,50238,2,11,1,57415.875,57415.9,57415.9,270.735,271.069,0.796861,0.795882
8|322|sample|11|174,0.00928,51061,3,11,1,57415.875,57415.9,57415.9,270.735,270.977,0.809986,0.809267
8|322|sample|11|174,0.0464,11824,4,11,1,57415.875,57415.9,57415.9,270.735,270.936,0.184248,0.184109
8|322|sample|11|174,0.2319999999999999,1284,5,11,1,57415.875,57415.9,57415.9,270.735,270.918,0.0161592,0.0161455
8|322|sample|11|174,1.16,466,6,11,1,57415.875,57415.9,57415.9,270.735,270.91,0.00311402,0.00310923
8|322|sample|11|174,5.8,472,7,11,1,57415.875,57415.9,57415.9,270.735,270.907,0.00320971,0.00320495
8|322|sample|11|174,6.0,490,8,11,1,57415.875,57415.9,57415.9,270.735,270.907,0.00349677,0.00349183
8|322|sample|12|174,0.0003712,46716,1,12,1,57415.875,57415.9,57415.9,271.251,271.147,0.739289,0.739571
8|322|sample|12|174,0.001856,42028,2,12,1,57415.875,57415.9,57415.9,271.251,270.994,0.664667,0.665295
8|322|sample|12|174,0.00928,33001,3,12,1,57415.875,57415.9,57415.9,271.251,270.929,0.520979,0.521598
8|322|sample|12|174,0.0464,9910,4,12,1,57415.875,57415.9,57415.9,271.251,270.901,0.153426,0.153628
8|322|sample|12|174,0.2319999999999999,1086,5,12,1,57415.875,57415.9,57415.9,271.251,270.889,0.0129688,0.0129918
8|322|sample|12|174,1.16,452,6,12,1,57415.875,57415.9,57415.9,271.251,270.883,0.00287708,0.00288682
8|322|sample|12|174,5.8,472,7,12,1,57415.875,57415.9,57415.9,271.251,270.881,0.00319543,0.00320566
8|322|sample|12|174,29.0,506,8,12,1,57415.875,57415.9,57415.9,271.251,270.88,0.00373663,0.00374762
8|322|sample|3|174,6.4e-05,68369,1,3,1,57415.875,57415.9,57415.9,270.98,273.96,1.08503,1.0733
8|322|sample|3|174,0.00032,67810,2,3,1,57415.875,57415.9,57415.9,270.98,272.389,1.07612,1.07059
8|322|sample|3|174,0.0016,52285,3,3,1,57415.875,57415.9,57415.9,270.98,271.635,0.828758,0.826769
8|322|sample|3|174,0.008,24757,4,3,1,57415.875,57415.9,57415.9,270.98,271.274,0.390144,0.389722
8|322|sample|3|174,0.04,6502,5,3,1,57415.875,57415.9,57415.9,270.98,271.1,0.0992811,0.0992357
8|322|sample|3|174,0.2,1324,6,3,1,57415.875,57415.9,57415.9,270.98,271.017,0.0167781,0.0167753
8|322|sample|3|174,1.0,1184,7,3,1,57415.875,57415.9,57415.9,270.98,270.977,0.0145475,0.0145477
8|322|sample|3|174,5.0,732,8,3,1,57415.875,57415.9,57415.9,270.98,270.958,0.00734559,0.00734654
8|322|sample|4|174,6.4e-05,62415,1,4,1,57415.875,57415.9,57415.9,270.571,272.829,0.991652,0.983493
8|322|sample|4|174,0.00032,67704,2,4,1,57415.875,57415.9,57415.9,270.571,271.819,1.07605,1.07114
8|322|sample|4|174,0.0016,62973,3,4,1,57415.875,57415.9,57415.9,270.571,271.351,1.00056,0.997696
8|322|sample|4|174,0.008,31769,4,4,1,57415.875,57415.9,57415.9,270.571,271.135,0.502627,0.501584
8|322|sample|4|174,0.04,7024,5,4,1,57415.875,57415.9,57415.9,270.571,271.034,0.107766,0.107576
8|322|sample|4|174,0.2,2158,6,4,1,57415.875,57415.9,57415.9,270.571,270.988,0.0301181,0.0300656
8|322|sample|4|174,1.0,1208,7,4,1,57415.875,57415.9,57415.9,270.571,270.967,0.0149588,0.0149308
8|322|sample|4|174,5.0,738,8,4,1,57415.875,57415.9,57415.9,270.571,270.957,0.00745886,0.00744222
8|322|sample|5|174,0.0006144,57284,1,5,1,57415.875,57415.9,57415.9,270.77,271.213,0.909112,0.907632
8|322|sample|5|174,0.003072,45244,2,5,1,57415.875,57415.9,57415.9,270.77,271.029,0.717127,0.716442
8|322|sample|5|174,0.01536,15013,3,5,1,57415.875,57415.9,57415.9,270.77,270.948,0.235074,0.234918
8|322|sample|5|174,0.0768,3166,4,5,1,57415.875,57415.9,57415.9,270.77,270.912,0.0461663,0.04614
8|322|sample|5|174,0.384,1700,5,5,1,57415.875,57415.9,57415.9,270.77,270.896,0.02279,0.0227775
8|322|sample|5|174,1.92,1178,6,5,1,57415.875,57415.9,57415.9,270.77,270.889,0.0144664,0.0144582
8|322|sample|5|174,9.6,802,7,5,1,57415.875,57415.9,57415.9,270.77,270.886,0.00847081,0.00846537
8|322|sample|5|174,48.0,592,8,5,1,57415.875,57415.9,57415.9,270.77,270.884,0.00512222,0.00511825
8|322|sample|6|174,0.0006144,61466,1,6,1,57415.875,57415.9,57415.9,271.115,271.264,0.974559,0.974027
8|322|sample|6|174,0.003072,43953,2,6,1,57415.875,57415.9,57415.9,271.115,271.056,0.695656,0.695809
8|322|sample|6|174,0.01536,17317,3,6,1,57415.875,57415.9,57415.9,271.115,270.962,0.271464,0.271619
8|322|sample|6|174,0.0768,3170,4,6,1,57415.875,57415.9,57415.9,271.115,270.921,0.0461662,0.0462022
8|322|sample|6|174,0.384,1668,5,6,1,57415.875,57415.9,57415.9,271.115,270.902,0.0222461,0.0222668
8|322|sample|6|174,1.92,986,6,6,1,57415.875,57415.9,57415.9,271.115,270.894,0.0113849,0.0113977
8|322|sample|6|174,9.6,876,7,6,1,57415.875,57415.9,57415.9,271.115,270.89,0.00963309,0.00964462
8|322|sample|6|174,48.0,568,8,6,1,57415.875,57415.9,57415.9,271.115,270.888,0.00472804,0.00473558
8|322|sample|7|174,7.68e-05,65787,1,7,1,57415.875,57415.9,57415.9,270.752,277.796,1.04477,1.01843
8|322|sample|7|174,0.000384,73386,2,7,1,57415.875,57415.9,57415.9,270.752,274.466,1.16595,1.15027
8|322|sample|7|174,0.00192,64997,3,7,1,57415.875,57415.9,57415.9,270.752,272.759,1.03217,1.02462
8|322|sample|7|174,0.0096,39945,4,7,1,57415.875,57415.9,57415.9,270.752,271.884,0.632672,0.630047
8|322|sample|7|174,0.048,8318,5,7,1,57415.875,57415.9,57415.9,270.752,271.435,0.128327,0.127996
8|322|sample|7|174,0.24,670,6,7,1,57415.875,57415.9,57415.9,270.752,271.205,0.00636668,0.00634894
8|322|sample|7|174,1.2,500,7,7,1,57415.875,57415.9,57415.9,270.752,271.087,0.00365575,0.00364594
8|322|sample|7|174,6.0,490,8,7,1,57415.875,57415.9,57415.9,270.752,271.026,0.00349628,0.0034884
8|322|sample|8|174,7.68e-05,62071,1,8,1,57415.875,57415.9,57415.9,270.881,273.899,0.985042,0.97425
8|322|sample|8|174,0.000384,68715,2,8,1,57415.875,57415.9,57415.9,270.881,272.376,1.09094,1.08499
8|322|sample|8|174,0.00192,70174,3,8,1,57415.875,57415.9,57415.9,270.881,271.643,1.1142,1.11109
8|322|sample|8|174,0.0096,40494,4,8,1,57415.875,57415.9,57415.9,270.881,271.29,0.641122,0.640159
8|322|sample|8|174,0.048,8992,5,8,1,57415.875,57415.9,57415.9,270.881,271.12,0.139007,0.138882
8|322|sample|8|174,0.24,784,6,8,1,57415.875,57415.9,57415.9,270.881,271.038,0.00817869,0.0081715
8|322|sample|8|174,1.2,536,7,8,1,57415.875,57415.9,57415.9,270.881,270.998,0.00422578,0.00422209
8|322|sample|8|174,29.0,490,8,8,1,57415.875,57415.9,57415.9,270.881,270.97,0.00349258,0.00349001
8|322|sample|9|174,0.0003648,63211,1,9,1,57415.875,57415.9,57415.9,270.94,271.56,1.00299,1.00072
8|322|sample|9|174,0.001824,58837,2,9,1,57415.875,57415.9,57415.9,270.94,271.207,0.933291,0.932378
8|322|sample|9|174,0.00912,39073,3,9,1,57415.875,57415.9,57415.9,270.94,271.046,0.618338,0.618096
8|322|sample|9|174,0.0456,8670,4,9,1,57415.875,57415.9,57415.9,270.94,270.973,0.133845,0.133828
8|322|sample|9|174,0.228,700,5,9,1,57415.875,57415.9,57415.9,270.94,270.94,0.00683737,0.00683738
8|322|sample|9|174,1.14,472,6,9,1,57415.875,57415.9,57415.9,270.94,270.925,0.00320403,0.00320446
8|322|sample|9|174,5.7,500,7,9,1,57415.875,57415.9,57415.9,270.94,270.918,0.00365023,0.00365089
8|322|sample|9|174,28.5,482,8,9,1,57415.875,57415.9,57415.9,270.94,270.914,0.00336338,0.00336411
8|322|vc|1|2|174,0.0,64086,1,2,1,57415.875,271.098,271.098,271.122,271.1,1.01626,1.01634
8|322|vc|2|2|174,0.0,59601,2,2,1,57415.875,271.098,271.098,271.533,271.095,0.943414,0.944929
8|322|vc|3|2|174,0.0,60716,3,2,1,57415.875,271.098,271.098,271.115,271.096,0.962618,0.962683
8|322|vc|4|2|174,0.0,64995,4,2,1,57415.875,271.098,271.098,270.928,271.101,1.03147,1.03082
8|322|vc|5|2|174,0.0,56075,5,2,1,57415.875,271.098,271.098,271.566,271.092,0.887238,0.888782
8|322|vc|6|2|174,0.0,55557,6,2,1,57415.875,271.098,271.098,271.092,271.091,0.880531,0.880534
8|322|vc|7|2|174,0.0,54622,7,2,1,57415.875,271.098,271.098,271.236,271.09,0.865183,0.865645
8|322|vc|8|2|174,0.0,43675,8,2,1,57415.875,271.098,271.098,271.181,271.081,0.691062,0.691315
8|963|cc|1|1|319,0.0,464,1,1,0,44968.25,0.0,0.0,0.0,0.0,0.724769,0.724769
8|963|cc|2|1|319,0.0,386,2,1,0,44968.25,0.0,0.0,0.0,0.0,0.602933,0.602933
8|963|cc|3|1|319,0.0,462,3,1,0,44968.25,0.0,0.0,0.0,0.0,0.721645,0.721645
8|963|cc|4|1|319,0.0,444,4,1,0,44968.25,0.0,0.0,0.0,0.0,0.693529,0.693529
8|963|cc|5|1|319,0.0,462,5,1,0,44968.25,0.0,0.0,0.0,0.0,0.721645,0.721645
8|963|cc|6|1|319,0.0,502,6,1,0,44968.25,0.0,0.0,0.0,0.0,0.784125,0.784125
8|963|cc|7|1|319,0.0,480,7,1,0,44968.25,0.0,0.0,0.0,0.0,0.749761,0.749761
8|963|cc|8|1|319,0.0,366,8,1,0,44968.25,0.0,0.0,0.0,0.0,0.571693,0.571693
8|963|sample|10|319,0.0003648,28692,1,10,1,44968.25,44968.3,44968.3,271.143,271.061,0.452571,0.452708
8|963|sample|10|319,0.001824,38931,2,10,1,44968.25,44968.3,44968.3,271.143,270.948,0.615615,0.616057
8|963|sample|10|319,0.00912,30460,3,10,1,44968.25,44968.3,44968.3,271.143,270.9,0.480724,0.481155
8|963|sample|10|319,0.0456,5540,4,10,1,44968.25,44968.3,44968.3,271.143,270.88,0.0839007,0.0839857
8|963|sample|10|319,0.228,612,5,10,1,44968.25,44968.3,44968.3,271.143,270.871,0.00542777,0.00543751
8|963|sample|10|319,1.14,454,6,10,1,44968.25,44968.3,44968.3,271.143,270.867,0.00291179,0.00291913
8|963|sample|10|319,5.7,472,7,10,1,44968.25,44968.3,44968.3,271.143,270.866,0.00319842,0.00320609
8|963|sample|10|319,28.5,442,8,10,1,44968.25,44968.3,44968.3,271.143,270.865,0.00272071,0.00272791
8|963|sample|11|319,0.0003712,32971,1,11,1,44968.25,44968.3,44968.3,270.58,271.109,0.521791,0.520775
8|963|sample|11|319,0.001856,45678,2,11,1,44968.25,44968.3,44968.3,270.58,270.981,0.724552,0.723485
8|963|sample|11|319,0.00928,41502,3,11,1,44968.25,44968.3,44968.3,270.58,270.926,0.657917,0.657081
8|963|sample|11|319,0.0464,26805,4,11,1,44968.25,44968.3,44968.3,270.58,270.902,0.423402,0.422898
8|963|sample|11|319,0.2319999999999999,8100,5,11,1,44968.25,44968.3,44968.3,270.58,270.892,0.124932,0.124784
8|963|sample|11|319,1.16,724,6,11,1,44968.25,44968.3,44968.3,270.58,270.887,0.00723508,0.00722206
8|963|sample|11|319,5.8,414,7,11,1,44968.25,44968.3,44968.3,270.58,270.885,0.00228851,0.00228109
8|963|sample|11|319,29.0,424,8,11,1,44968.25,44968.3,44968.3,270.58,270.885,0.00244808,0.0024405
8|963|sample|12|319,0.0003712,34774,1,12,1,44968.25,44968.3,44968.3,271.078,271.09,0.549551,0.549528
8|963|sample|12|319,0.001856,39569,2,12,1,44968.25,44968.3,44968.3,271.078,270.967,0.625924,0.62618
8|963|sample|12|319,0.00928,35504,3,12,1,44968.25,44968.3,44968.3,271.078,270.915,0.561178,0.561516
8|963|sample|12|319,0.0464,22196,4,12,1,44968.25,44968.3,44968.3,271.078,270.892,0.349213,0.349453
8|963|sample|12|319,0.2319999999999999,7430,5,12,1,44968.25,44968.3,44968.3,271.078,270.882,0.114025,0.11411
8|963|sample|12|319,1.16,894,6,12,1,44968.25,44968.3,44968.3,271.078,270.878,0.0099217,0.00993213
8|963|sample|12|319,5.8,404,7,12,1,44968.25,44968.3,44968.3,271.078,270.876,0.00211714,0.00212191
8|963|sample|12|319,29.0,400,8,12,1,44968.25,44968.3,44968.3,271.078,270.876,0.00205343,0.00205817
8|963|sample|3|319,6.4e-05,38041,1,3,1,44968.25,44968.3,44968.3,270.939,271.115,0.601895,0.601506
8|963|sample|3|319,0.00032,35786,2,3,1,44968.25,44968.3,44968.3,270.939,270.967,0.565959,0.565901
8|963|sample|3|319,0.0016,28073,3,3,1,44968.25,44968.3,44968.3,270.939,270.907,0.443047,0.443099
8|963|sample|3|319,0.008,5340,4,3,1,44968.25,44968.3,44968.3,270.939,270.883,0.0807793,0.0807968
8|963|sample|3|319,0.04,754,5,3,1,44968.25,44968.3,44968.3,270.939,270.873,0.00769794,0.00770085
8|963|sample|3|319,0.2,712,6,3,1,44968.25,44968.3,44968.3,270.939,270.869,0.00702864,0.00703155
8|963|sample|3|319,1.0,546,7,3,1,44968.25,44968.3,44968.3,270.939,270.868,0.00438331,0.00438559
8|963|sample|3|319,5.0,670,8,3,1,44968.25,44968.3,44968.3,270.939,270.867,0.00635934,0.00636217
8|963|sample|4|319,6.4e-05,32065,1,4,1,44968.25,44968.3,44968.3,271.151,271.095,0.506267,0.506371
8|963|sample|4|319,0.00032,37511,2,4,1,44968.25,44968.3,44968.3,271.151,270.957,0.592986,0.59341
8|963|sample|4|319,0.0016,27141,3,4,1,44968.25,44968.3,44968.3,271.151,270.901,0.42786,0.428255
8|963|sample|4|319,0.008,4104,4,4,1,44968.25,44968.3,44968.3,271.151,270.879,0.0610321,0.0610972
8|963|sample|4|319,0.04,1172,5,4,1,44968.25,44968.3,44968.3,271.151,270.87,0.0143446,0.0143638
8|963|sample|4|319,0.2,588,6,4,1,44968.25,44968.3,44968.3,271.151,270.866,0.00504533,0.00505512
8|963|sample|4|319,1.0,672,7,4,1,44968.25,44968.3,44968.3,271.151,270.864,0.0063829,0.00639414
8|963|sample|4|319,5.0,534,8,4,1,44968.25,44968.3,44968.3,271.151,270.864,0.00418546,0.00419443
8|963|sample|5|319,0.0006144,21356,1,5,1,44968.25,44968.3,44968.3,271.114,271.0,0.335789,0.335931
8|963|sample|5|319,0.003072,12368,2,5,1,44968.25,44968.3,44968.3,271.114,270.91,0.19265,0.192797
8|963|sample|5|319,0.01536,2146,3,5,1,44968.25,44968.3,44968.3,271.114,270.871,0.0298586,0.029889
8|963|sample|5|319,0.0768,922,4,5,1,44968.25,44968.3,44968.3,271.114,270.855,0.0103657,0.0103797
8|963|sample|5|319,0.384,564,5,5,1,44968.25,44968.3,44968.3,271.114,270.848,0.00466437,0.00467317
8|963|sample|5|319,1.92,616,6,5,1,44968.25,44968.3,44968.3,271.114,270.845,0.0054925,0.00550221
8|963|sample|5|319,9.6,510,7,5,1,44968.25,44968.3,44968.3,271.114,270.843,0.00380439,0.00381248
8|963|sample|5|319,48.0,534,8,5,1,44968.25,44968.3,44968.3,271.114,270.843,0.00418661,0.00419509
8|963|sample|6|319,0.0006144,23222,1,6,1,44968.25,44968.3,44968.3,271.106,271.001,0.365517,0.365658
8|963|sample|6|319,0.003072,9404,2,6,1,44968.25,44968.3,44968.3,271.106,270.911,0.145451,0.145558
8|963|sample|6|319,0.01536,1486,3,6,1,44968.25,44968.3,44968.3,271.106,270.872,0.0193484,0.0193688
8|963|sample|6|319,0.0768,804,4,6,1,44968.25,44968.3,44968.3,271.106,270.855,0.00848688,0.00849868
8|963|sample|6|319,0.384,554,5,6,1,44968.25,44968.3,44968.3,271.106,270.848,0.00450537,0.00451375
8|963|sample|6|319,1.92,578,6,6,1,44968.25,44968.3,44968.3,271.106,270.845,0.0048876,0.00489644
8|963|sample|6|319,9.6,540,7,6,1,44968.25,44968.3,44968.3,271.106,270.843,0.00428241,0.00429072
8|963|sample|6|319,48.0,524,8,6,1,44968.25,44968.3,44968.3,271.106,270.843,0.00402759,0.00403567
8|963|sample|7|319,7.68e-05,38811,1,7,1,44968.25,44968.3,44968.3,270.559,271.146,0.615026,0.613697
8|963|sample|7|319,0.000384,39843,2,7,1,44968.25,44968.3,44968.3,270.559,270.99,0.631495,0.630493
8|963|sample|7|319,0.00192,42537,3,7,1,44968.25,44968.3,44968.3,270.559,270.926,0.674485,0.673575
8|963|sample|7|319,0.0096,19731,4,7,1,44968.25,44968.3,44968.3,270.559,270.899,0.310549,0.310156
8|963|sample|7|319,0.048,5488,5,7,1,44968.25,44968.3,44968.3,270.559,270.889,0.0832596,0.083154
8|963|sample|7|319,0.24,816,6,7,1,44968.25,44968.3,44968.3,270.559,270.884,0.00870412,0.00868858
8|963|sample|7|319,1.2,518,7,7,1,44968.25,44968.3,44968.3,270.559,270.882,0.00394865,0.00393882
8|963|sample|7|319,6.0,528,8,7,1,44968.25,44968.3,44968.3,270.559,270.882,0.00410823,0.00409824
8|963|sample|8|319,7.68e-05,42388,1,8,1,44968.25,44968.3,44968.3,271.501,271.194,0.669785,0.670538
8|963|sample|8|319,0.000384,47167,2,8,1,44968.25,44968.3,44968.3,271.501,271.017,0.745786,0.747109
8|963|sample|8|319,0.00192,41432,3,8,1,44968.25,44968.3,44968.3,271.501,270.944,0.654581,0.655921
8|963|sample|8|319,0.0096,29792,4,8,1,44968.25,44968.3,44968.3,271.501,270.914,0.469469,0.470484
8|963|sample|8|319,0.048,7130,5,8,1,44968.25,44968.3,44968.3,271.501,270.901,0.109072,0.10932
8|963|sample|8|319,0.24,546,6,8,1,44968.25,44968.3,44968.3,271.501,270.896,0.0043654,0.00438468
8|963|sample|8|319,1.2,530,7,8,1,44968.25,44968.3,44968.3,271.501,270.894,0.00411095,0.00412974
8|963|sample|8|319,6.0,510,8,8,1,44968.25,44968.3,44968.3,271.501,270.893,0.00379289,0.003811
8|963|sample|9|319,0.0003648,31797,1,9,1,44968.25,44968.3,44968.3,271.007,271.073,0.502266,0.502144
8|963|sample|9|319,0.001824,42931,2,9,1,44968.25,44968.3,44968.3,271.007,270.955,0.67965,0.67978
8|963|sample|9|319,0.00912,26667,3,9,1,44968.25,44968.3,44968.3,271.007,270.905,0.420536,0.420695
8|963|sample|9|319,0.0456,5088,4,9,1,44968.25,44968.3,44968.3,271.007,270.883,0.0767433,0.0767801
8|963|sample|9|319,0.228,566,5,9,1,44968.25,44968.3,44968.3,271.007,270.874,0.00469976,0.00470418
8|963|sample|9|319,1.14,520,6,9,1,44968.25,44968.3,44968.3,271.007,270.87,0.0039669,0.00397108
8|963|sample|9|319,5.7,466,7,9,1,44968.25,44968.3,44968.3,271.007,270.868,0.00310659,0.00311038
8|963|sample|9|319,28.5,550,8,9,1,44968.25,44968.3,44968.3,271.007,270.867,0.00444486,0.00444936
8|963|vc|1|2|319,0.0,34792,1,2,1,44968.25,271.098,271.098,270.833,271.076,0.550335,0.549843
8|963|vc|2|2|319,0.0,46782,2,2,1,44968.25,271.098,271.098,271.347,271.084,0.74008,0.740795
8|963|vc|3|2|319,0.0,50148,3,2,1,44968.25,271.098,271.098,271.11,271.086,0.794332,0.794399
8|963|vc|4|2|319,0.0,48893,4,2,1,44968.25,271.098,271.098,271.354,271.085,0.77365,0.774413
8|963|vc|5|2|319,0.0,49292,5,2,1,44968.25,271.098,271.098,271.073,271.086,0.780805,0.780767
8|963|vc|6|2|319,0.0,45050,6,2,1,44968.25,271.098,271.098,270.998,271.082,0.713435,0.713213
8|963|vc|7|2|319,0.0,46782,7,2,1,44968.25,271.098,271.098,271.16,271.084,0.740589,0.740795
8|963|vc|8|2|319,0.0,38007,8,2,1,44968.25,271.098,271.098,270.849,271.078,0.601553,0.601046
8|1241|cc|1|1|69,0.0,692,1,1,0,143143.0,0.0,0.0,0.0,0.0,1.08091,1.08091
8|1241|cc|2|1|69,0.0,714,2,1,0,143143.0,0.0,0.0,0.0,0.0,1.11527,1.11527
8|1241|cc|3|1|69,0.0,742,3,1,0,143143.0,0.0,0.0,0.0,0.0,1.15901,1.15901
8|1241|cc|4|1|69,0.0,754,4,1,0,143143.0,0.0,0.0,0.0,0.0,1.17775,1.17775
8|1241|cc|5|1|69,0.0,770,5,1,0,143143.0,0.0,0.0,0.0,0.0,1.20274,1.20274
8|1241|cc|6|1|69,0.0,746,6,1,0,143143.0,0.0,0.0,0.0,0.0,1.16525,1.16525
8|1241|cc|7|1|69,0.0,752,7,1,0,143143.0,0.0,0.0,0.0,0.0,1.17463,1.17463
8|1241|cc|8|1|69,0.0,784,8,1,0,143143.0,0.0,0.0,0.0,0.0,1.22461,1.22461
8|1241|sample|3|69,0.0010624,130158,1,3,1,143143.0,143143.0,143143.0,271.047,700.607,2.06903,0.802829
8|1241|sample|3|69,0.005312,136763,2,3,1,143143.0,143143.0,143143.0,271.047,564.194,2.17424,1.04785
8|1241|sample|3|69,0.02656,145073,3,3,1,143143.0,143143.0,143143.0,271.047,471.042,2.30662,1.33121
8|1241|sample|3|69,0.1328,129359,4,3,1,143143.0,143143.0,143143.0,271.047,407.464,2.0563,1.3711
8|1241|sample|3|69,0.664,56804,5,3,1,143143.0,143143.0,143143.0,271.047,364.085,0.90054,0.671063
8|1241|sample|3|69,3.32,4212,6,3,1,143143.0,143143.0,143143.0,271.047,334.495,0.0627773,0.0501475
8|1241|sample|3|69,83.0,726,8,3,1,143143.0,143143.0,143143.0,271.047,300.553,0.00724715,0.00611795
8|1241|sample|4|69,0.0010624,125943,1,4,1,143143.0,143143.0,143143.0,271.262,659.288,2.00031,0.825433
8|1241|sample|4|69,0.005312,138587,2,4,1,143143.0,143143.0,143143.0,271.262,534.202,2.20157,1.12143
8|1241|sample|4|69,0.02656,140654,3,4,1,143143.0,143143.0,143143.0,271.262,449.366,2.23447,1.3526
8|1241|sample|4|69,0.1328,125268,4,4,1,143143.0,143143.0,143143.0,271.262,391.856,1.98957,1.38028
8|1241|sample|4|69,0.664,58098,5,4,1,143143.0,143143.0,143143.0,271.262,352.881,0.920427,0.708208
8|1241|sample|4|69,3.32,3740,6,4,1,143143.0,143143.0,143143.0,271.262,326.475,0.0552118,0.0452223
8|1241|sample|4|69,16.6,582,7,4,1,143143.0,143143.0,143143.0,271.262,308.586,0.00494601,0.00383028
8|1241|sample|4|69,83.0,692,8,4,1,143143.0,143143.0,143143.0,271.262,296.469,0.00669687,0.00576539
8|1241|sample|8|69,16.6,688,7,8,1,143143.0,143143.0,143143.0,270.949,271.239,0.0066458,0.00663414
8|1241|vc|1|2|69,0.0,134396,1,2,1,143143.0,271.098,271.098,271.117,271.215,2.136,2.13523
8|1241|vc|2|2|69,0.0,143827,2,2,1,143143.0,271.098,271.098,271.331,271.236,2.2844,2.28519
8|1241|vc|3|2|69,0.0,147132,3,2,1,143143.0,271.098,271.098,271.195,271.244,2.33816,2.33773
8|1241|vc|4|2|69,0.0,155723,4,2,1,143143.0,271.098,271.098,271.612,271.266,2.47116,2.47429
8|1241|vc|5|2|69,0.0,155074,5,2,1,143143.0,271.098,271.098,271.091,271.264,2.46553,2.46397
8|1241|vc|6|2|69,0.0,152580,6,2,1,143143.0,271.098,271.098,270.955,271.258,2.42702,2.42433
8|1241|vc|7|2|69,0.0,142167,7,2,1,143143.0,271.098,271.098,270.96,271.232,2.26105,2.2588
8|1241|vc|8|2|69,0.0,114245,8,2,1,143143.0,271.098,271.098,271.357,271.173,1.81349,1.81471
8|1056|cc|1|1|276,0.0,686,1,1,0,122846.625,0.0,0.0,0.0,0.0,1.07153,1.07153
8|1056|cc|2|1|276,0.0,688,2,1,0,122846.625,0.0,0.0,0.0,0.0,1.07466,1.07466
8|1056|cc|3|1|276,0.0,708,3,1,0,122846.625,0.0,0.0,0.0,0.0,1.1059,1.1059
8|1056|cc|4|1|276,0.0,700,4,1,0,122846.625,0.0,0.0,0.0,0.0,1.0934,1.0934
8|1056|cc|5|1|276,0.0,734,5,1,0,122846.625,0.0,0.0,0.0,0.0,1.14651,1.14651
8|1056|cc|6|1|276,0.0,694,6,1,0,122846.625,0.0,0.0,0.0,0.0,1.08403,1.08403
8|1056|cc|7|1|276,0.0,744,7,1,0,122846.625,0.0,0.0,0.0,0.0,1.16213,1.16213
8|1056|cc|8|1|276,0.0,756,8,1,0,122846.625,0.0,0.0,0.0,0.0,1.18087,1.18087
8|1056|sample|3|276,0.0010624,130132,1,3,1,122846.625,122847.0,122847.0,271.158,501.816,2.06778,1.1206
8|1056|sample|3|276,0.005312,127154,2,3,1,122846.625,122847.0,122847.0,271.158,423.666,2.02036,1.29629
8|1056|sample|3|276,0.02656,111063,3,3,1,122846.625,122847.0,122847.0,271.158,371.954,1.76414,1.28847
8|1056|sample|3|276,0.1328,53602,4,3,1,122846.625,122847.0,122847.0,271.158,337.749,0.849188,0.682282
8|1056|sample|3|276,0.664,5384,5,3,1,122846.625,122847.0,122847.0,271.158,315.129,0.0814119,0.0695488
8|1056|sample|3|276,3.32,738,6,3,1,122846.625,122847.0,122847.0,271.158,300.172,0.00743354,0.00630389
8|1056|sample|3|276,16.6,690,7,3,1,122846.625,122847.0,122847.0,271.158,290.284,0.00666923,0.00594932
8|1056|sample|3|276,83.0,842,8,3,1,122846.625,122847.0,122847.0,271.158,283.748,0.00908953,0.00849851
8|1056|sample|4|276,0.0010624,123910,1,4,1,122846.625,122847.0,122847.0,270.865,488.473,1.97082,1.0959
8|1056|sample|4|276,0.005312,126950,2,4,1,122846.625,122847.0,122847.0,270.865,414.27,2.01928,1.32346
8|1056|sample|4|276,0.02656,105914,3,4,1,122846.625,122847.0,122847.0,270.865,365.366,1.68396,1.25059
8|1056|sample|4|276,0.1328,55539,4,4,1,122846.625,122847.0,122847.0,270.865,333.146,0.880979,0.71684
8|1056|sample|4|276,0.664,6766,5,4,1,122846.625,122847.0,122847.0,270.865,311.924,0.103533,0.0894566
8|1056|sample|4|276,3.32,686,6,4,1,122846.625,122847.0,122847.0,270.865,297.947,0.0066173,0.00562857
8|1056|sample|4|276,16.6,742,7,4,1,122846.625,122847.0,122847.0,270.865,288.743,0.00750994,0.00678189
8|1056|sample|4|276,83.0,876,8,4,1,122846.625,122847.0,122847.0,270.865,282.682,0.00964591,0.00906603
8|1056|vc|1|2|276,0.0,125929,1,2,1,122846.625,271.098,271.098,271.274,271.197,2.0,2.00057
8|1056|vc|2|2|276,0.0,128067,2,2,1,122846.625,271.098,271.098,271.502,271.201,2.03234,2.03458
8|1056|vc|3|2|276,0.0,126059,3,2,1,122846.625,271.098,271.098,271.223,271.197,2.00245,2.00264
8|1056|vc|4|2|276,0.0,129668,4,2,1,122846.625,271.098,271.098,270.972,271.204,2.06179,2.06004
8|1056|vc|5|2|276,0.0,124889,5,2,1,122846.625,271.098,271.098,271.31,271.194,1.98319,1.98403
8|1056|vc|6|2|276,0.0,120436,6,2,1,122846.625,271.098,271.098,270.993,271.185,1.91454,1.9132
8|1056|vc|7|2|276,0.0,119889,7,2,1,122846.625,271.098,271.098,271.269,271.184,1.9039,1.90449
8|1056|vc|8|2|276,0.0,107836,8,2,1,122846.625,271.098,271.098,271.093,271.162,1.71317,1.71273
8|1159|cc|1|1|292,0.0,640,1,1,0,132841.25,0.0,0.0,0.0,0.0,0.999681,0.999681
8|1159|cc|2|1|292,0.0,616,2,1,0,132841.25,0.0,0.0,0.0,0.0,0.962193,0.962193
8|1159|cc|3|1|292,0.0,690,3,1,0,132841.25,0.0,0.0,0.0,0.0,1.07778,1.07778
8|1159|cc|4|1|292,0.0,614,4,1,0,132841.25,0.0,0.0,0.0,0.0,0.959069,0.959069
8|1159|cc|5|1|292,0.0,622,5,1,0,132841.25,0.0,0.0,0.0,0.0,0.971565,0.971565
8|1159|cc|6|1|292,0.0,654,6,1,0,132841.25,0.0,0.0,0.0,0.0,1.02155,1.02155
8|1159|cc|7|1|292,0.0,732,7,1,0,132841.25,0.0,0.0,0.0,0.0,1.14339,1.14339
8|1159|cc|8|1|292,0.0,670,8,1,0,132841.25,0.0,0.0,0.0,0.0,1.04654,1.04654
8|1159|sample|3|292,0.0010624,108512,1,3,1,132841.25,132841.0,132841.0,271.426,576.291,1.72183,0.813059
8|1159|sample|3|292,0.005312,131884,2,3,1,132841.25,132841.0,132841.0,271.426,475.663,2.09362,1.19806
8|1159|sample|3|292,0.02656,133282,3,3,1,132841.25,132841.0,132841.0,271.426,408.172,2.11586,1.41037
8|1159|sample|3|292,0.1328,105629,4,3,1,132841.25,132841.0,132841.0,271.426,362.925,1.67597,1.25557
8|1159|sample|3|292,0.664,36126,5,3,1,132841.25,132841.0,132841.0,271.426,332.599,0.570355,0.465531
8|1159|sample|3|292,3.32,2310,6,3,1,132841.25,132841.0,132841.0,271.426,312.277,0.0324285,0.0276583
8|1159|sample|3|292,16.6,688,7,3,1,132841.25,132841.0,132841.0,271.426,298.662,0.00662664,0.00563383
8|1159|sample|3|292,83.0,592,8,3,1,132841.25,132841.0,132841.0,271.426,289.539,0.00509952,0.00451326
8|1159|sample|4|292,0.0010624,112128,1,4,1,132841.25,132841.0,132841.0,271.514,595.672,1.77878,0.812943
8|1159|sample|4|292,0.005312,130767,2,4,1,132841.25,132841.0,132841.0,271.514,489.553,2.07518,1.15424
8|1159|sample|4|292,0.02656,137610,3,4,1,132841.25,132841.0,132841.0,271.514,418.084,2.184,1.42191
8|1159|sample|4|292,0.1328,112132,4,4,1,132841.25,132841.0,132841.0,271.514,369.972,1.77884,1.30785
8|1159|sample|4|292,0.664,38749,5,4,1,132841.25,132841.0,132841.0,271.514,337.593,0.611882,0.492252
8|1159|sample|4|292,3.32,2926,6,4,1,132841.25,132841.0,132841.0,271.514,315.806,0.0422125,0.0357377
8|1159|sample|4|292,16.6,542,7,4,1,132841.25,132841.0,132841.0,271.514,301.149,0.00430136,0.00345665
8|1159|sample|4|292,83.0,574,8,4,1,132841.25,132841.0,132841.0,271.514,291.289,0.00481023,0.00419345
8|1159|vc|1|2|292,0.0,114165,1,2,1,132841.25,271.098,271.098,270.958,271.173,1.81486,1.81343
8|1159|vc|2|2|292,0.0,136148,2,2,1,132841.25,271.098,271.098,271.996,271.219,2.15696,2.16309
8|1159|vc|3|2|292,0.0,149475,3,2,1,132841.25,271.098,271.098,271.274,271.25,2.37477,2.37498
8|1159|vc|4|2|292,0.0,146290,4,2,1,132841.25,271.098,271.098,271.28,271.242,2.32402,2.32435
8|1159|vc|5|2|292,0.0,136813,5,2,1,132841.25,271.098,271.098,271.122,271.22,2.17444,2.17367
8|1159|vc|6|2|292,0.0,141806,6,2,1,132841.25,271.098,271.098,271.131,271.232,2.25389,2.25306
8|1159|vc|7|2|292,0.0,125865,7,2,1,132841.25,271.098,271.098,270.885,271.196,2.00184,1.99955
8|1159|vc|8|2|292,0.0,112168,8,2,1,132841.25,271.098,271.098,271.202,271.169,1.78145,1.78166
8|1017|cc|1|1|65,0.0,614,1,1,0,12137.0,0.0,0.0,0.0,0.0,0.959069,0.959069
8|1017|cc|2|1|65,0.0,574,2,1,0,12137.0,0.0,0.0,0.0,0.0,0.896589,0.896589
8|1017|cc|3|1|65,0.0,530,3,1,0,12137.0,0.0,0.0,0.0,0.0,0.827861,0.827861
8|1017|cc|4|1|65,0.0,626,4,1,0,12137.0,0.0,0.0,0.0,0.0,0.977813,0.977813
8|1017|cc|5|1|65,0.0,490,5,1,0,12137.0,0.0,0.0,0.0,0.0,0.765381,0.765381
8|1017|cc|6|1|65,0.0,480,6,1,0,12137.0,0.0,0.0,0.0,0.0,0.749761,0.749761
8|1017|cc|7|1|65,0.0,564,7,1,0,12137.0,0.0,0.0,0.0,0.0,0.880969,0.880969
8|1017|cc|8|1|65,0.0,546,8,1,0,12137.0,0.0,0.0,0.0,0.0,0.852853,0.852853
8|1017|sample|3|65,0.0010624,10506,1,3,1,12137.0,12137.0,12137.0,271.014,271.003,0.163057,0.163064
8|1017|sample|3|65,0.005312,11892,2,3,1,12137.0,12137.0,12137.0,271.014,270.934,0.185138,0.185194
8|1017|sample|3|65,0.02656,7480,3,3,1,12137.0,12137.0,12137.0,271.014,270.901,0.114849,0.114898
8|1017|sample|3|65,0.1328,2832,4,3,1,12137.0,12137.0,12137.0,271.014,270.886,0.0408,0.0408212
8|1017|sample|3|65,0.664,740,5,3,1,12137.0,12137.0,12137.0,271.014,270.879,0.00747158,0.00747744
8|1017|sample|3|65,3.32,556,6,3,1,12137.0,12137.0,12137.0,271.014,270.875,0.00454021,0.00454473
8|1017|sample|3|65,83.0,548,8,3,1,12137.0,12137.0,12137.0,271.014,270.873,0.00441276,0.00441729
8|1017|sample|4|65,0.0010624,9714,1,4,1,12137.0,12137.0,12137.0,271.298,270.97,0.15028,0.150465
8|1017|sample|4|65,0.005312,11992,2,4,1,12137.0,12137.0,12137.0,271.298,270.901,0.186534,0.18681
8|1017|sample|4|65,0.02656,9882,3,4,1,12137.0,12137.0,12137.0,271.298,270.869,0.152953,0.1532
8|1017|sample|4|65,0.1328,3414,4,4,1,12137.0,12137.0,12137.0,271.298,270.854,0.0500158,0.0501041
8|1017|sample|4|65,0.664,734,5,4,1,12137.0,12137.0,12137.0,271.298,270.846,0.00736386,0.0073832
8|1017|sample|4|65,3.32,542,6,4,1,12137.0,12137.0,12137.0,271.298,270.843,0.0043082,0.00432261
8|1017|sample|4|65,16.6,564,7,4,1,12137.0,12137.0,12137.0,271.298,270.841,0.00465832,0.00467337
8|1017|sample|4|65,83.0,516,8,4,1,12137.0,12137.0,12137.0,271.298,270.841,0.00389441,0.0039082
8|1017|sample|8|65,16.6,600,7,8,1,12137.0,12137.0,12137.0,270.904,271.23,0.00524506,0.00523363
8|1017|vc|1|2|65,0.0,12754,1,2,1,12137.0,271.098,271.098,270.843,271.067,0.198999,0.198832
8|1017|vc|2|2|65,0.0,10974,2,2,1,12137.0,271.098,271.098,270.899,271.067,0.170587,0.17048
8|1017|vc|3|2|65,0.0,11326,3,2,1,12137.0,271.098,271.098,271.397,271.067,0.175869,0.176087
8|1017|vc|4|2|65,0.0,14058,4,2,1,12137.0,271.098,271.098,271.298,271.067,0.219414,0.219602
8|1017|vc|5|2|65,0.0,13090,5,2,1,12137.0,271.098,271.098,271.462,271.067,0.203884,0.204184
8|1017|vc|6|2|65,0.0,11930,6,2,1,12137.0,271.098,271.098,271.383,271.067,0.185488,0.185707
8|1017|vc|7|2|65,0.0,12278,7,2,1,12137.0,271.098,271.098,270.54,271.067,0.191628,0.19125
8|1017|vc|8|2|65,0.0,10686,8,2,1,12137.0,271.098,271.098,271.306,271.067,0.165744,0.165893
8|1197|cc|1|1|103,0.0,606,1,1,0,100839.375,0.0,0.0,0.0,0.0,0.946573,0.946573
8|1197|cc|2|1|103,0.0,666,2,1,0,100839.375,0.0,0.0,0.0,0.0,1.04029,1.04029
8|1197|cc|3|1|103,0.0,676,3,1,0,100839.375,0.0,0.0,0.0,0.0,1.05591,1.05591
8|1197|cc|4|1|103,0.0,624,4,1,0,100839.375,0.0,0.0,0.0,0.0,0.974689,0.974689
8|1197|cc|5|1|103,0.0,566,5,1,0,100839.375,0.0,0.0,0.0,0.0,0.884093,0.884093
8|1197|cc|6|1|103,0.0,622,6,1,0,100839.375,0.0,0.0,0.0,0.0,0.971565,0.971565
8|1197|cc|7|1|103,0.0,690,7,1,0,100839.375,0.0,0.0,0.0,0.0,1.07778,1.07778
8|1197|cc|8|1|103,0.0,642,8,1,0,100839.375,0.0,0.0,0.0,0.0,1.00281,1.00281
8|1197|sample|3|103,0.0010624,83416,1,3,1,100839.375,100839.0,100839.0,271.142,313.155,1.324,1.14736
8|1197|sample|3|103,0.005312,89383,2,3,1,100839.375,100839.0,100839.0,271.142,296.222,1.41901,1.29963
8|1197|sample|3|103,0.02656,58909,3,3,1,100839.375,100839.0,100839.0,271.142,286.083,0.933748,0.885226
8|1197|sample|3|103,0.1328,9266,4,3,1,100839.375,100839.0,100839.0,271.142,280.014,0.143234,0.138604
8|1197|sample|3|103,0.664,850,5,3,1,100839.375,100839.0,100839.0,271.142,276.38,0.00921772,0.00896291
8|1197|sample|3|103,3.32,606,6,3,1,100839.375,100839.0,100839.0,271.142,274.205,0.00533227,0.00522506
8|1197|sample|3|103,16.6,578,7,3,1,100839.375,100839.0,100839.0,271.142,272.903,0.0048864,0.00482732
8|1197|sample|3|103,83.0,552,8,3,1,100839.375,100839.0,100839.0,271.142,272.124,0.00447238,0.00444082
8|1197|sample|4|103,0.0010624,79953,1,4,1,100839.375,100839.0,100839.0,270.46,308.299,1.27203,1.11678
8|1197|sample|4|103,0.005312,90004,2,4,1,100839.375,100839.0,100839.0,270.46,293.134,1.43248,1.32239
8|1197|sample|4|103,0.02656,58715,3,4,1,100839.375,100839.0,100839.0,270.46,284.128,0.932992,0.888338
8|1197|sample|4|103,0.1328,7962,4,4,1,100839.375,100839.0,100839.0,270.46,278.78,0.122785,0.119029
8|1197|sample|4|103,0.664,770,5,4,1,100839.375,100839.0,100839.0,270.46,275.604,0.00797451,0.00774657
8|1197|sample|4|103,3.32,568,6,4,1,100839.375,100839.0,100839.0,270.46,273.718,0.00474984,0.00464248
8|1197|sample|4|103,16.6,564,7,4,1,100839.375,100839.0,100839.0,270.46,272.598,0.00468599,0.00461574
8|1197|sample|4|103,83.0,596,8,4,1,100839.375,100839.0,100839.0,270.46,271.933,0.00519683,0.00514556
8|1197|vc|1|2|103,0.0,87946,1,2,1,100839.375,271.098,271.098,271.03,271.13,1.3967,1.39619
8|1197|vc|2|2|103,0.0,107862,2,2,1,100839.375,271.098,271.098,271.506,271.162,1.71099,1.71315
8|1197|vc|3|2|103,0.0,103669,3,2,1,100839.375,271.098,271.098,270.891,271.154,1.64802,1.64643
8|1197|vc|4|2|103,0.0,103811,4,2,1,100839.375,271.098,271.098,271.378,271.155,1.64734,1.64869
8|1197|vc|5|2|103,0.0,109061,5,2,1,100839.375,271.098,271.098,271.473,271.164,1.73027,1.73223
8|1197|vc|6|2|103,0.0,103883,6,2,1,100839.375,271.098,271.098,271.078,271.155,1.6503,1.64983
8|1197|vc|7|2|103,0.0,108538,7,2,1,100839.375,271.098,271.098,270.908,271.163,1.72552,1.7239
8|1197|vc|8|2|103,0.0,81945,8,2,1,100839.375,271.098,271.098,271.068,271.121,1.30092,1.30067
8|745|cc|1|1|218,0.0,424,1,1,0,41925.5,0.0,0.0,0.0,0.0,0.662289,0.662289
8|745|cc|2|1|218,0.0,424,2,1,0,41925.5,0.0,0.0,0.0,0.0,0.662289,0.662289
8|745|cc|3|1|218,0.0,442,3,1,0,41925.5,0.0,0.0,0.0,0.0,0.690405,0.690405
8|745|cc|4|1|218,0.0,476,4,1,0,41925.5,0.0,0.0,0.0,0.0,0.743513,0.743513
8|745|cc|5|1|218,0.0,500,5,1,0,41925.5,0.0,0.0,0.0,0.0,0.781001,0.781001
8|745|cc|6|1|218,0.0,514,6,1,0,41925.5,0.0,0.0,0.0,0.0,0.802869,0.802869
8|745|cc|7|1|218,0.0,472,7,1,0,41925.5,0.0,0.0,0.0,0.0,0.737265,0.737265
8|745|cc|8|1|218,0.0,496,8,1,0,41925.5,0.0,0.0,0.0,0.0,0.774753,0.774753
8|745|sample|3|218,0.0010624,37523,1,3,1,41925.5,41925.5,9118.16,135.36,135.613,1.1805,1.17834
8|745|sample|3|218,0.005312,37208,2,3,1,41925.5,41925.5,8761.54,121.336,129.518,1.3033,1.22244
8|745|sample|3|218,0.02656,26461,3,3,1,41925.5,41925.5,8406.07,105.866,124.777,1.05803,0.900545
8|745|sample|3|218,0.1328,7202,4,3,1,41925.5,41925.5,8406.07,105.866,123.524,0.284875,0.244443
8|745|sample|3|218,0.664,758,5,3,1,41925.5,41925.5,8406.07,105.866,122.728,0.0261799,0.0220771
8|745|sample|3|218,16.6,474,7,3,1,41925.5,41925.5,8761.54,121.336,124.465,0.0123933,0.0119813
8|745|sample|3|218,83.0,544,8,3,1,41925.5,41925.5,9118.16,135.36,126.764,0.0129027,0.0140482
8|745|sample|4|218,0.0010624,34037,1,4,1,41925.5,41925.5,9118.16,135.173,129.211,1.07189,1.1205
8|745|sample|4|218,0.005312,36046,2,4,1,41925.5,41925.5,8761.54,121.169,125.474,1.26417,1.22159
8|745|sample|4|218,0.02656,26077,3,4,1,41925.5,41925.5,8406.07,105.72,122.234,1.04402,0.90555
8|745|sample|4|218,0.1328,8328,4,4,1,41925.5,41925.5,8052.01,88.6787,119.255,0.39292,0.29339
8|745|sample|4|218,0.664,672,5,4,1,41925.5,41925.5,8052.01,88.6787,119.045,0.0278177,0.0197973
8|745|sample|4|218,3.32,466,6,4,1,41925.5,41925.5,8406.07,105.72,121.512,0.014483,0.0120889
8|745|sample|4|218,16.6,460,7,4,1,41925.5,41925.5,8761.54,121.169,123.979,0.0119233,0.0115622
8|745|sample|4|218,83.0,550,8,4,1,41925.5,41925.5,9118.16,135.173,126.431,0.0131158,0.0142981
8|745|sample|5|218,3.32,492,6,5,1,41925.5,41925.5,8406.07,105.741,121.456,0.0155243,0.0130091
8|745|vc|1|2|218,0.0,40530,1,2,1,41925.5,271.098,126.427,135.16,126.44,1.27731,1.36378
8|745|vc|2|2|218,0.0,43557,2,2,1,41925.5,271.098,123.93,121.19,123.949,1.52821,1.49486
8|745|vc|3|2|218,0.0,43897,3,2,1,41925.5,271.098,123.93,121.158,123.949,1.54058,1.50655
8|745|vc|4|2|218,0.0,43871,4,2,1,41925.5,271.098,123.93,121.156,123.949,1.53969,1.50566
8|745|vc|5|2|218,0.0,42072,5,2,1,41925.5,271.098,123.93,121.399,123.947,1.47348,1.44377
8|745|vc|6|2|218,0.0,41786,6,2,1,41925.5,271.098,123.93,121.136,123.946,1.46655,1.43393
8|745|vc|7|2|218,0.0,38985,7,2,1,41925.5,271.098,123.93,121.31,123.942,1.36603,1.33757
8|745|vc|8|2|218,0.0,40706,8,2,1,41925.5,271.098,126.427,135.36,126.441,1.281,1.36972
8|1043|cc|1|1|174,0.0,462,1,1,0,53952.0,0.0,0.0,0.0,0.0,0.721645,0.721645
8|1043|cc|2|1|174,0.0,482,2,1,0,53952.0,0.0,0.0,0.0,0.0,0.752885,0.752885
8|1043|cc|3|1|174,0.0,512,3,1,0,53952.0,0.0,0.0,0.0,0.0,0.799745,0.799745
8|1043|cc|4|1|174,0.0,514,4,1,0,53952.0,0.0,0.0,0.0,0.0,0.802869,0.802869
8|1043|cc|5|1|174,0.0,496,5,1,0,53952.0,0.0,0.0,0.0,0.0,0.774753,0.774753
8|1043|cc|6|1|174,0.0,482,6,1,0,53952.0,0.0,0.0,0.0,0.0,0.752885,0.752885
8|1043|cc|7|1|174,0.0,458,7,1,0,53952.0,0.0,0.0,0.0,0.0,0.715397,0.715397
8|1043|cc|8|1|174,0.0,474,8,1,0,53952.0,0.0,0.0,0.0,0.0,0.740389,0.740389
8|1043|sample|3|174,0.0010624,52337,1,3,1,53952.0,53952.0,53952.0,270.955,271.19,0.829663,0.828949
8|1043|sample|3|174,0.005312,52465,2,3,1,53952.0,53952.0,53952.0,270.955,271.024,0.831702,0.831493
8|1043|sample|3|174,0.02656,24983,3,3,1,53952.0,53952.0,53952.0,270.955,270.949,0.393782,0.393791
8|1043|sample|3|174,0.1328,3902,4,3,1,53952.0,53952.0,53952.0,270.955,270.915,0.05786,0.0578691
8|1043|sample|3|174,0.664,468,5,3,1,53952.0,53952.0,53952.0,270.955,270.9,0.00313987,0.00314138
8|1043|sample|3|174,3.32,434,6,3,1,53952.0,53952.0,53952.0,270.955,270.893,0.00259809,0.00259966
8|1043|sample|3|174,16.6,466,7,3,1,53952.0,53952.0,53952.0,270.955,270.89,0.003108,0.00310978
8|1043|sample|3|174,83.0,476,8,3,1,53952.0,53952.0,53952.0,270.955,270.889,0.00326735,0.0032692
8|1043|sample|4|174,0.0010624,51341,1,4,1,53952.0,53952.0,53952.0,270.882,271.16,0.81401,0.813181
8|1043|sample|4|174,0.005312,47213,2,4,1,53952.0,53952.0,53952.0,270.882,271.007,0.748214,0.747871
8|1043|sample|4|174,0.02656,25619,3,4,1,53952.0,53952.0,53952.0,270.882,270.938,0.404025,0.403942
8|1043|sample|4|174,0.1328,3204,4,4,1,53952.0,53952.0,53952.0,270.882,270.908,0.0467512,0.0467464
8|1043|sample|4|174,0.664,534,5,4,1,53952.0,53952.0,53952.0,270.882,270.894,0.00419385,0.00419349
8|1043|sample|4|174,3.32,492,6,4,1,53952.0,53952.0,53952.0,270.882,270.888,0.00352441,0.00352425
8|1043|sample|4|174,16.6,542,7,4,1,53952.0,53952.0,53952.0,270.882,270.885,0.00432137,0.00432128
8|1043|sample|4|174,83.0,532,8,4,1,53952.0,53952.0,53952.0,270.882,270.884,0.00416198,0.00416193
8|1043|vc|1|2|174,0.0,50112,1,2,1,53952.0,271.098,271.098,271.186,271.086,0.793535,0.793826
8|1043|vc|2|2|174,0.0,56646,2,2,1,53952.0,271.098,271.098,270.673,271.092,0.899256,0.897875
8|1043|vc|3|2|174,0.0,62497,3,2,1,53952.0,271.098,271.098,271.193,271.098,0.990698,0.991042
8|1043|vc|4|2|174,0.0,57542,4,2,1,53952.0,271.098,271.098,271.086,271.093,0.912167,0.912142
8|1043|vc|5|2|174,0.0,52635,5,2,1,53952.0,271.098,271.098,271.53,271.089,0.832655,0.834003
8|1043|vc|6|2|174,0.0,56628,6,2,1,53952.0,271.098,271.098,271.232,271.092,0.897129,0.897588
8|1043|vc|7|2|174,0.0,50206,7,2,1,53952.0,271.098,271.098,271.0,271.086,0.795576,0.795322
8|1043|vc|8|2|174,0.0,45350,8,2,1,53952.0,271.098,271.098,270.898,271.083,0.718477,0.71799
8|1260|cc|1|1|319,0.0,514,1,1,0,42984.625,0.0,0.0,0.0,0.0,0.802869,0.802869
8|1260|cc|2|1|319,0.0,604,2,1,0,42984.625,0.0,0.0,0.0,0.0,0.943449,0.943449
8|1260|cc|3|1|319,0.0,546,3,1,0,42984.625,0.0,0.0,0.0,0.0,0.852853,0.852853
8|1260|cc|4|1|319,0.0,580,4,1,0,42984.625,0.0,0.0,0.0,0.0,0.905961,0.905961
8|1260|cc|5|1|319,0.0,564,5,1,0,42984.625,0.0,0.0,0.0,0.0,0.880969,0.880969
8|1260|cc|6|1|319,0.0,508,6,1,0,42984.625,0.0,0.0,0.0,0.0,0.793497,0.793497
8|1260|cc|7|1|319,0.0,466,7,1,0,42984.625,0.0,0.0,0.0,0.0,0.727893,0.727893
8|1260|cc|8|1|319,0.0,444,8,1,0,42984.625,0.0,0.0,0.0,0.0,0.693529,0.693529
8|1260|sample|3|319,0.0010624,37180,1,3,1,42984.625,42984.6,42984.6,271.197,271.075,0.587616,0.587879
8|1260|sample|3|319,0.005312,42284,2,3,1,42984.625,42984.6,42984.6,271.197,270.963,0.668875,0.669452
8|1260|sample|3|319,0.02656,29878,3,3,1,42984.625,42984.6,42984.6,271.197,270.913,0.471363,0.471857
8|1260|sample|3|319,0.1328,14579,4,3,1,42984.625,42984.6,42984.6,271.197,270.89,0.227791,0.228051
8|1260|sample|3|319,0.664,2122,5,3,1,42984.625,42984.6,42984.6,271.197,270.88,0.0294662,0.0295053
8|1260|sample|3|319,3.32,498,6,3,1,42984.625,42984.6,42984.6,271.197,270.876,0.00361087,0.00362023
8|1260|sample|3|319,16.6,458,7,3,1,42984.625,42984.6,42984.6,271.197,270.874,0.00297404,0.0029827
8|1260|sample|3|319,83.0,484,8,3,1,42984.625,42984.6,42984.6,271.197,270.873,0.00338798,0.00339716
8|1260|sample|4|319,0.0010624,33661,1,4,1,42984.625,42984.6,42984.6,270.53,271.055,0.532899,0.531869
8|1260|sample|4|319,0.005312,36692,2,4,1,42984.625,42984.6,42984.6,270.53,270.95,0.581273,0.580373
8|1260|sample|4|319,0.02656,31084,3,4,1,42984.625,42984.6,42984.6,270.53,270.904,0.491771,0.491093
8|1260|sample|4|319,0.1328,13458,4,4,1,42984.625,42984.6,42984.6,270.53,270.883,0.210467,0.210189
8|1260|sample|4|319,0.664,1668,5,4,1,42984.625,42984.6,42984.6,270.53,270.874,0.0223031,0.0222695
8|1260|sample|4|319,3.32,526,6,4,1,42984.625,42984.6,42984.6,270.53,270.87,0.0040772,0.00406671
8|1260|sample|4|319,16.6,482,7,4,1,42984.625,42984.6,42984.6,270.53,270.869,0.00337498,0.00336541
8|1260|sample|4|319,83.0,570,8,4,1,42984.625,42984.6,42984.6,270.53,270.868,0.00477943,0.00476814
8|1260|vc|1|2|319,0.0,40866,1,2,1,42984.625,271.098,271.098,270.963,271.079,0.646857,0.646579
8|1260|vc|2|2|319,0.0,45338,2,2,1,42984.625,271.098,271.098,270.927,271.083,0.718209,0.717799
8|1260|vc|3|2|319,0.0,44073,3,2,1,42984.625,271.098,271.098,271.068,271.082,0.697687,0.697653
8|1260|vc|4|2|319,0.0,47115,4,2,1,42984.625,271.098,271.098,270.737,271.084,0.747049,0.746098
8|1260|vc|5|2|319,0.0,43457,5,2,1,42984.625,271.098,271.098,270.804,271.081,0.688544,0.687843
8|1260|vc|6|2|319,0.0,43107,6,2,1,42984.625,271.098,271.098,271.047,271.081,0.682355,0.682269
8|1260|vc|7|2|319,0.0,44409,7,2,1,42984.625,271.098,271.098,270.997,271.082,0.703224,0.703004
8|1260|vc|8|2|319,0.0,35512,8,2,1,42984.625,271.098,271.098,270.839,271.076,0.5618,0.56131
8|1042|cc|1|1|162,0.0,624,1,1,0,78994.875,0.0,0.0,0.0,0.0,0.974689,0.974689
8|1042|cc|2|1|162,0.0,714,2,1,0,78994.875,0.0,0.0,0.0,0.0,1.11527,1.11527
8|1042|cc|3|1|162,0.0,694,3,1,0,78994.875,0.0,0.0,0.0,0.0,1.08403,1.08403
8|1042|cc|4|1|162,0.0,700,4,1,0,78994.875,0.0,0.0,0.0,0.0,1.0934,1.0934
8|1042|cc|5|1|162,0.0,674,5,1,0,78994.875,0.0,0.0,0.0,0.0,1.05279,1.05279
8|1042|cc|6|1|162,0.0,730,6,1,0,78994.875,0.0,0.0,0.0,0.0,1.14026,1.14026
8|1042|cc|7|1|162,0.0,664,7,1,0,78994.875,0.0,0.0,0.0,0.0,1.03717,1.03717
8|1042|cc|8|1|162,0.0,778,8,1,0,78994.875,0.0,0.0,0.0,0.0,1.21524,1.21524
8|1042|sample|3|162,0.0010624,72910,1,3,1,78994.875,78994.9,78994.9,271.372,323.103,1.15572,0.971578
8|1042|sample|3|162,0.005312,82674,2,3,1,78994.875,78994.9,78994.9,271.372,303.15,1.31107,1.17444
8|1042|sample|3|162,0.02656,79881,3,3,1,78994.875,78994.9,78994.9,271.372,290.837,1.26663,1.18238
8|1042|sample|3|162,0.1328,67396,4,3,1,78994.875,78994.9,78994.9,271.372,283.239,1.06799,1.0235
8|1042|sample|3|162,0.664,36552,5,3,1,78994.875,78994.9,78994.9,271.372,278.552,0.577245,0.562404
8|1042|sample|3|162,3.32,5516,6,3,1,78994.875,78994.9,78994.9,271.372,275.66,0.083445,0.0820929
8|1042|sample|3|162,16.6,726,7,3,1,78994.875,78994.9,78994.9,271.372,273.876,0.00723338,0.00712845
8|1042|sample|3|162,83.0,688,8,3,1,78994.875,78994.9,78994.9,271.372,272.776,0.00662878,0.00657281
8|1042|sample|4|162,0.0010624,73625,1,4,1,78994.875,78994.9,78994.9,270.871,319.477,1.16925,0.992238
8|1042|sample|4|162,0.005312,80800,2,4,1,78994.875,78994.9,78994.9,270.871,300.77,1.28361,1.15676
8|1042|sample|4|162,0.02656,78030,3,4,1,78994.875,78994.9,78994.9,270.871,289.28,1.23946,1.16106
8|1042|sample|4|162,0.1328,66522,4,4,1,78994.875,78994.9,78994.9,270.871,282.225,1.05603,1.01378
8|1042|sample|4|162,0.664,38695,5,4,1,78994.875,78994.9,78994.9,270.871,277.893,0.612471,0.597039
8|1042|sample|4|162,3.32,6000,6,4,1,78994.875,78994.9,78994.9,270.871,275.233,0.0913209,0.0898195
8|1042|sample|4|162,16.6,662,7,4,1,78994.875,78994.9,78994.9,270.871,273.6,0.0062345,0.00612986
8|1042|sample|4|162,83.0,696,8,4,1,78994.875,78994.9,78994.9,270.871,272.597,0.00677645,0.00670661
8|1042|vc|1|2|162,0.0,79529,1,2,1,78994.875,271.098,271.098,271.183,271.118,1.26191,1.26221
8|1042|vc|2|2|162,0.0,77876,2,2,1,78994.875,271.098,271.098,271.015,271.116,1.23635,1.2359
8|1042|vc|3|2|162,0.0,85444,3,2,1,78994.875,271.098,271.098,271.1,271.126,1.3565,1.35637
8|1042|vc|4|2|162,0.0,85154,4,2,1,78994.875,271.098,271.098,271.153,271.126,1.35162,1.35175
8|1042|vc|5|2|162,0.0,85440,5,2,1,78994.875,271.098,271.098,271.143,271.126,1.35622,1.3563
8|1042|vc|6|2|162,0.0,76072,6,2,1,78994.875,271.098,271.098,270.868,271.113,1.20826,1.20718
8|1042|vc|7|2|162,0.0,75138,7,2,1,78994.875,271.098,271.098,271.602,271.112,1.19017,1.19231
8|1042|vc|8|2|162,0.0,67306,8,2,1,78994.875,271.098,271.098,271.422,271.103,1.06636,1.06761
8|863|cc|1|1|274,0.0,622,1,1,0,79056.375,0.0,0.0,0.0,0.0,0.971565,0.971565
8|863|cc|2|1|274,0.0,702,2,1,0,79056.375,0.0,0.0,0.0,0.0,1.09653,1.09653
8|863|cc|3|1|274,0.0,724,3,1,0,79056.375,0.0,0.0,0.0,0.0,1.13089,1.13089
8|863|cc|4|1|274,0.0,660,4,1,0,79056.375,0.0,0.0,0.0,0.0,1.03092,1.03092
8|863|cc|5|1|274,0.0,644,5,1,0,79056.375,0.0,0.0,0.0,0.0,1.00593,1.00593
8|863|cc|6|1|274,0.0,642,6,1,0,79056.375,0.0,0.0,0.0,0.0,1.00281,1.00281
8|863|cc|7|1|274,0.0,664,7,1,0,79056.375,0.0,0.0,0.0,0.0,1.03717,1.03717
8|863|cc|8|1|274,0.0,710,8,1,0,79056.375,0.0,0.0,0.0,0.0,1.10902,1.10902
8|863|sample|3|274,0.0010624,89013,1,3,1,79056.375,79056.4,79056.4,271.085,328.537,1.41341,1.16758
8|863|sample|3|274,0.005312,83582,2,3,1,79056.375,79056.4,79056.4,271.085,306.726,1.32691,1.17362
8|863|sample|3|274,0.02656,75500,3,3,1,79056.375,79056.4,79056.4,271.085,293.177,1.19819,1.10843
8|863|sample|3|274,0.1328,35636,4,3,1,79056.375,79056.4,79056.4,271.085,284.763,0.563266,0.536267
8|863|sample|3|274,0.664,5534,5,3,1,79056.375,79056.4,79056.4,271.085,279.537,0.0838237,0.0811839
8|863|sample|3|274,3.32,752,6,3,1,79056.375,79056.4,79056.4,271.085,276.292,0.00765965,0.00743538
8|863|sample|3|274,16.6,620,7,3,1,79056.375,79056.4,79056.4,271.085,274.277,0.00555725,0.00544299
8|863|sample|3|274,83.0,590,8,3,1,79056.375,79056.4,79056.4,271.085,273.026,0.00507943,0.00501302
8|863|sample|4|274,0.0010624,89205,1,4,1,79056.375,79056.4,79056.4,270.891,325.833,1.41748,1.17977
8|863|sample|4|274,0.005312,81925,2,4,1,79056.375,79056.4,79056.4,270.891,304.938,1.30145,1.15698
8|863|sample|4|274,0.02656,72696,3,4,1,79056.375,79056.4,79056.4,270.891,292.0,1.15435,1.07138
8|863|sample|4|274,0.1328,39789,4,4,1,79056.375,79056.4,79056.4,270.891,283.99,0.629863,0.600894
8|863|sample|4|274,0.664,7098,5,4,1,79056.375,79056.4,79056.4,270.891,279.031,0.108814,0.105545
8|863|sample|4|274,3.32,652,6,4,1,79056.375,79056.4,79056.4,270.891,275.962,0.00607435,0.00588448
8|863|sample|4|274,16.6,586,7,4,1,79056.375,79056.4,79056.4,270.891,274.062,0.0050224,0.0049149
8|863|sample|4|274,83.0,700,8,4,1,79056.375,79056.4,79056.4,270.891,272.886,0.0068394,0.00675832
8|863|vc|1|2|274,0.0,84225,1,2,1,79056.375,271.098,271.098,271.159,271.124,1.3368,1.33696
8|863|vc|2|2|274,0.0,81106,2,2,1,79056.375,271.098,271.098,270.893,271.12,1.28838,1.28731
8|863|vc|3|2|274,0.0,81311,3,2,1,79056.375,271.098,271.098,270.78,271.12,1.29219,1.29058
8|863|vc|4|2|274,0.0,81469,4,2,1,79056.375,271.098,271.098,271.254,271.12,1.29246,1.29309
8|863|vc|5|2|274,0.0,80994,5,2,1,79056.375,271.098,271.098,271.317,271.12,1.2846,1.28553
8|863|vc|6|2|274,0.0,78472,6,2,1,79056.375,271.098,271.098,271.04,271.116,1.24573,1.24538
8|863|vc|7|2|274,0.0,76847,7,2,1,79056.375,271.098,271.098,271.166,271.114,1.21928,1.21951
8|863|vc|8|2|274,0.0,68027,8,2,1,79056.375,271.098,271.098,271.39,271.104,1.07796,1.07909
8|152|cc|1|1|322,0.0,712,1,1,0,94087.625,0.0,0.0,0.0,0.0,1.11215,1.11215
8|152|cc|2|1|322,0.0,712,2,1,0,94087.625,0.0,0.0,0.0,0.0,1.11215,1.11215
8|152|cc|3|1|322,0.0,642,3,1,0,94087.625,0.0,0.0,0.0,0.0,1.00281,1.00281
8|152|cc|4|1|322,0.0,720,4,1,0,94087.625,0.0,0.0,0.0,0.0,1.12464,1.12464
8|152|cc|5|1|322,0.0,666,5,1,0,94087.625,0.0,0.0,0.0,0.0,1.04029,1.04029
8|152|cc|6|1|322,0.0,674,6,1,0,94087.625,0.0,0.0,0.0,0.0,1.05279,1.05279
8|152|cc|7|1|322,0.0,722,7,1,0,94087.625,0.0,0.0,0.0,0.0,1.12777,1.12777
8|152|cc|8|1|322,0.0,714,8,1,0,94087.625,0.0,0.0,0.0,0.0,1.11527,1.11527
8|152|sample|3|322,0.0010624,87858,1,3,1,94087.625,94087.6,109970.0,291.516,340.842,1.29788,1.11095
8|152|sample|3|322,0.005312,88455,2,3,1,94087.625,94087.6,110256.0,293.63,322.154,1.29737,1.18311
8|152|sample|3|322,0.02656,77137,3,3,1,94087.625,94087.6,110546.0,295.961,311.065,1.12196,1.06776
8|152|sample|3|322,0.1328,46188,4,3,1,94087.625,94087.6,110546.0,295.961,304.131,0.670072,0.652121
8|152|sample|3|322,0.664,17047,5,3,1,94087.625,94087.6,110546.0,295.961,299.969,0.244583,0.241287
8|152|sample|3|322,3.32,3062,6,3,1,94087.625,94087.6,110546.0,295.961,297.471,0.0403871,0.0401621
8|152|sample|3|322,16.6,1382,7,3,1,94087.625,94087.6,110256.0,293.63,295.58,0.0160164,0.0158831
8|152|sample|3|322,83.0,840,8,3,1,94087.625,94087.6,109970.0,291.516,294.3,0.00812942,0.00801235
8|152|sample|4|322,0.0010624,92432,1,4,1,94087.625,94087.6,109970.0,291.473,352.019,1.36587,1.13205
8|152|sample|4|322,0.005312,90579,2,4,1,94087.625,94087.6,110256.0,293.586,329.378,1.32883,1.18517
8|152|sample|4|322,0.02656,76034,3,4,1,94087.625,94087.6,110546.0,295.918,315.716,1.10602,1.037
8|152|sample|4|322,0.1328,50378,4,4,1,94087.625,94087.6,110842.0,298.49,307.536,0.725077,0.703813
8|152|sample|4|322,0.664,19217,5,4,1,94087.625,94087.6,110842.0,298.49,302.283,0.273912,0.270452
8|152|sample|4|322,3.32,3728,6,4,1,94087.625,94087.6,110546.0,295.918,298.681,0.0501193,0.04962
8|152|sample|4|322,16.6,1054,7,4,1,94087.625,94087.6,110256.0,293.586,296.347,0.0111918,0.0110483
8|152|sample|4|322,83.0,902,8,4,1,94087.625,94087.6,109970.0,291.473,294.785,0.00905032,0.00890104
8|152|vc|1|2|322,0.0,94260,1,2,1,94087.625,271.098,293.088,291.526,293.121,1.39271,1.38518
8|152|vc|2|2|322,0.0,95803,2,2,1,94087.625,271.098,293.468,293.54,293.503,1.40593,1.40611
8|152|vc|3|2|322,0.0,99229,3,2,1,94087.625,271.098,293.468,293.766,293.508,1.45525,1.45652
8|152|vc|4|2|322,0.0,96260,4,2,1,94087.625,271.098,293.468,293.735,293.503,1.41173,1.41284
8|152|vc|5|2|322,0.0,93357,5,2,1,94087.625,271.098,293.468,294.339,293.499,1.36623,1.37012
8|152|vc|6|2|322,0.0,92328,6,2,1,94087.625,271.098,293.468,294.154,293.498,1.35197,1.35497
8|152|vc|7|2|322,0.0,91784,7,2,1,94087.625,271.098,293.468,293.617,293.497,1.34642,1.34697
8|152|vc|8|2|322,0.0,89680,8,2,1,94087.625,271.098,293.088,291.625,293.115,1.32439,1.3177
9|411|cc|1|1|274,0.0,868,1,1,0,57906.875,0.0,0.0,0.0,0.0,1.35582,1.35582
9|411|cc|2|1|274,0.0,912,2,1,0,57906.875,0.0,0.0,0.0,0.0,1.42455,1.42455
9|411|cc|3|1|274,0.0,846,3,1,0,57906.875,0.0,0.0,0.0,0.0,1.32145,1.32145
9|411|cc|4|1|274,0.0,900,4,1,0,57906.875,0.0,0.0,0.0,0.0,1.4058,1.4058
9|411|cc|5|1|274,0.0,962,5,1,0,57906.875,0.0,0.0,0.0,0.0,1.50265,1.50265
9|411|cc|6|1|274,0.0,886,6,1,0,57906.875,0.0,0.0,0.0,0.0,1.38393,1.38393
9|411|cc|7|1|274,0.0,922,7,1,0,57906.875,0.0,0.0,0.0,0.0,1.44017,1.44017
9|411|cc|8|1|274,0.0,984,8,1,0,57906.875,0.0,0.0,0.0,0.0,1.53701,1.53701
9|411|sample|10|274,0.002286236854138,53166,1,10,1,57906.875,57906.9,57906.9,270.853,271.327,0.843191,0.841725
9|411|sample|10|274,0.0068587105624142,61628,2,10,1,57906.875,57906.9,57906.9,270.853,271.18,0.978081,0.976906
9|411|sample|10|274,0.0205761316872428,54148,3,10,1,57906.875,57906.9,57906.9,270.853,271.094,0.858844,0.858084
9|411|sample|10|274,0.0617283950617284,54949,4,10,1,57906.875,57906.9,57906.9,270.853,271.043,0.871613,0.871006
9|411|sample|10|274,0.1851851851851852,46394,5,10,1,57906.875,57906.9,57906.9,270.853,271.012,0.735239,0.734809
9|411|sample|10|274,0.5555555555555556,30684,6,10,1,57906.875,57906.9,57906.9,270.853,270.994,0.48481,0.484557
9|411|sample|10|274,1.66666666666667,13846,7,10,1,57906.875,57906.9,57906.9,270.853,270.983,0.216399,0.216293
9|411|sample|10|274,5.0,3124,8,10,1,57906.875,57906.9,57906.9,270.853,270.977,0.0454814,0.0454588
9|411|sample|11|274,0.0457247370827617,54260,1,11,1,57906.875,57906.9,57906.9,270.8,271.033,0.860795,0.860059
9|411|sample|11|274,0.1371742112482853,45084,2,11,1,57906.875,57906.9,57906.9,270.8,270.975,0.714495,0.714036
9|411|sample|11|274,0.411522633744856,27045,3,11,1,57906.875,57906.9,57906.9,270.8,270.94,0.426884,0.426664
9|411|sample|11|274,1.23456790123457,12392,4,11,1,57906.875,57906.9,57906.9,270.8,270.918,0.193258,0.193173
9|411|sample|11|274,3.7037037037037,3032,5,11,1,57906.875,57906.9,57906.9,270.8,270.905,0.0440241,0.0440056
9|411|sample|11|274,11.1111111111111,1264,6,11,1,57906.875,57906.9,57906.9,270.8,270.898,0.0158354,0.0158282
9|411|sample|11|274,33.3333333333333,860,7,11,1,57906.875,57906.9,57906.9,270.8,270.893,0.00939411,0.00938945
9|411|sample|11|274,100.0,802,8,11,1,57906.875,57906.9,57906.9,270.8,270.89,0.00846936,0.00846516
9|411|sample|12|274,0.0457247370827617,47309,1,12,1,57906.875,57906.9,57906.9,271.08,271.003,0.749201,0.749411
9|411|sample|12|274,0.1371742112482853,39899,2,12,1,57906.875,57906.9,57906.9,271.08,270.952,0.631177,0.631473
9|411|sample|12|274,0.411522633744856,26409,3,12,1,57906.875,57906.9,57906.9,271.08,270.921,0.416314,0.416557
9|411|sample|12|274,1.23456790123457,9114,4,12,1,57906.875,57906.9,57906.9,271.08,270.903,0.140846,0.14094
9|411|sample|12|274,3.7037037037037,2878,5,12,1,57906.875,57906.9,57906.9,271.08,270.892,0.041522,0.0415534
9|411|sample|12|274,11.1111111111111,968,6,12,1,57906.875,57906.9,57906.9,271.08,270.885,0.0111003,0.0111112
9|411|sample|12|274,33.3333333333333,796,7,12,1,57906.875,57906.9,57906.9,271.08,270.881,0.00836072,0.00836993
9|411|sample|12|274,100.0,796,8,12,1,57906.875,57906.9,57906.9,271.08,270.879,0.00836072,0.00837004
9|411|sample|3|274,0.0457247370827617,58138,1,3,1,57906.875,57906.9,57906.9,270.771,271.036,0.922723,0.921827
9|411|sample|3|274,0.1371742112482853,40956,2,3,1,57906.875,57906.9,57906.9,270.771,270.977,0.648747,0.648258
9|411|sample|3|274,0.411522633744856,25675,3,3,1,57906.875,57906.9,57906.9,270.771,270.94,0.405084,0.404831
9|411|sample|3|274,1.23456790123457,7926,4,3,1,57906.875,57906.9,57906.9,270.771,270.919,0.122067,0.121999
9|411|sample|3|274,3.7037037037037,2156,5,3,1,57906.875,57906.9,57906.9,270.771,270.905,0.030061,0.0300441
9|411|sample|3|274,11.1111111111111,986,6,3,1,57906.875,57906.9,57906.9,270.771,270.897,0.0114047,0.0113974
9|411|sample|3|274,33.3333333333333,960,7,3,1,57906.875,57906.9,57906.9,270.771,270.892,0.0109901,0.0109833
9|411|sample|3|274,100.0,882,8,3,1,57906.875,57906.9,57906.9,270.771,270.889,0.00974636,0.00974028
9|411|sample|4|274,0.0457247370827617,53482,1,4,1,57906.875,57906.9,57906.9,270.438,271.042,0.849521,0.847638
9|411|sample|4|274,0.1371742112482853,45186,2,4,1,57906.875,57906.9,57906.9,270.438,270.982,0.717075,0.715642
9|411|sample|4|274,0.411522633744856,36004,3,4,1,57906.875,57906.9,57906.9,270.438,270.946,0.570485,0.569419
9|411|sample|4|274,1.23456790123457,15537,4,4,1,57906.875,57906.9,57906.9,270.438,270.924,0.24373,0.24329
9|411|sample|4|274,3.7037037037037,4302,5,4,1,57906.875,57906.9,57906.9,270.438,270.911,0.0643637,0.0642451
9|411|sample|4|274,11.1111111111111,1258,6,4,1,57906.875,57906.9,57906.9,270.438,270.903,0.0157664,0.0157322
9|411|sample|4|274,33.3333333333333,948,7,4,1,57906.875,57906.9,57906.9,270.438,270.898,0.0108172,0.0107918
9|411|sample|4|274,100.0,850,8,4,1,57906.875,57906.9,57906.9,270.438,270.895,0.00925268,0.00922996
9|411|sample|5|274,0.002286236854138,55169,1,5,1,57906.875,57906.9,57906.9,271.083,271.284,0.874379,0.873734
9|411|sample|5|274,0.0068587105624142,55989,2,5,1,57906.875,57906.9,57906.9,271.083,271.151,0.88744,0.887219
9|411|sample|5|274,0.0205761316872428,54885,3,5,1,57906.875,57906.9,57906.9,271.083,271.072,0.869856,0.869891
9|411|sample|5|274,0.0617283950617284,49434,4,5,1,57906.875,57906.9,57906.9,271.083,271.026,0.783036,0.783201
9|411|sample|5|274,0.1851851851851852,45208,5,5,1,57906.875,57906.9,57906.9,271.083,270.998,0.715727,0.71595
9|411|sample|5|274,0.5555555555555556,30556,6,5,1,57906.875,57906.9,57906.9,271.083,270.982,0.482359,0.482539
9|411|sample|5|274,1.66666666666667,13064,7,5,1,57906.875,57906.9,57906.9,271.083,270.973,0.203757,0.203842
9|411|sample|5|274,5.0,2918,8,5,1,57906.875,57906.9,57906.9,271.083,270.967,0.0421584,0.0421782
9|411|sample|6|274,0.002286236854138,62015,1,6,1,57906.875,57906.9,57906.9,271.202,271.618,0.98299,0.981494
9|411|sample|6|274,0.0068587105624142,61528,2,6,1,57906.875,57906.9,57906.9,271.202,271.369,0.975236,0.97464
9|411|sample|6|274,0.0205761316872428,61845,3,6,1,57906.875,57906.9,57906.9,271.202,271.218,0.980283,0.980227
9|411|sample|6|274,0.0617283950617284,54318,4,6,1,57906.875,57906.9,57906.9,271.202,271.126,0.86045,0.86069
9|411|sample|6|274,0.1851851851851852,48773,5,6,1,57906.875,57906.9,57906.9,271.202,271.07,0.772171,0.772545
9|411|sample|6|274,0.5555555555555556,29602,6,6,1,57906.875,57906.9,57906.9,271.202,271.036,0.46696,0.467245
9|411|sample|6|274,1.66666666666667,12240,7,6,1,57906.875,57906.9,57906.9,271.202,271.016,0.190549,0.190681
9|411|sample|6|274,5.0,3840,8,6,1,57906.875,57906.9,57906.9,271.202,271.003,0.0568169,0.0568613
9|411|sample|7|274,0.0457247370827617,51443,1,7,1,57906.875,57906.9,57906.9,270.482,271.03,0.816837,0.815194
9|411|sample|7|274,0.1371742112482853,47489,2,7,1,57906.875,57906.9,57906.9,270.482,270.973,0.753722,0.752363
9|411|sample|7|274,0.411522633744856,28239,3,7,1,57906.875,57906.9,57906.9,270.482,270.938,0.446445,0.445694
9|411|sample|7|274,1.23456790123457,11458,4,7,1,57906.875,57906.9,57906.9,270.482,270.917,0.17858,0.178289
9|411|sample|7|274,3.7037037037037,2676,5,7,1,57906.875,57906.9,57906.9,270.482,270.905,0.0383979,0.0383318
9|411|sample|7|274,11.1111111111111,1026,6,7,1,57906.875,57906.9,57906.9,270.482,270.897,0.0120599,0.012035
9|411|sample|7|274,33.3333333333333,928,7,7,1,57906.875,57906.9,57906.9,270.482,270.892,0.0104956,0.0104733
9|411|sample|7|274,100.0,848,8,7,1,57906.875,57906.9,57906.9,270.482,270.89,0.00921858,0.00919835
9|411|sample|8|274,0.0457247370827617,49844,1,8,1,57906.875,57906.9,57906.9,270.98,271.024,0.789866,0.789739
9|411|sample|8|274,0.1371742112482853,46084,2,8,1,57906.875,57906.9,57906.9,270.98,270.968,0.729957,0.729988
9|411|sample|8|274,0.411522633744856,29492,3,8,1,57906.875,57906.9,57906.9,270.98,270.935,0.46559,0.465667
9|411|sample|8|274,1.23456790123457,12168,4,8,1,57906.875,57906.9,57906.9,270.98,270.915,0.18956,0.189606
9|411|sample|8|274,3.7037037037037,3114,5,8,1,57906.875,57906.9,57906.9,270.98,270.902,0.0452989,0.045313
9|411|sample|8|274,11.1111111111111,1024,6,8,1,57906.875,57906.9,57906.9,270.98,270.895,0.0119982,0.0120032
9|411|sample|8|274,33.3333333333333,882,7,8,1,57906.875,57906.9,57906.9,270.98,270.89,0.00973562,0.00974022
9|411|sample|8|274,100.0,778,8,8,1,57906.875,57906.9,57906.9,270.98,270.888,0.00807855,0.00808273
9|411|sample|9|274,0.002286236854138,52761,1,9,1,57906.875,57906.9,57906.9,271.114,271.297,0.835933,0.83537
9|411|sample|9|274,0.0068587105624142,58591,2,9,1,57906.875,57906.9,57906.9,271.114,271.161,0.928779,0.928617
9|411|sample|9|274,0.0205761316872428,53528,3,9,1,57906.875,57906.9,57906.9,271.114,271.081,0.848148,0.848249
9|411|sample|9|274,0.0617283950617284,55935,4,9,1,57906.875,57906.9,57906.9,271.114,271.034,0.88648,0.886741
9|411|sample|9|274,0.1851851851851852,49128,5,9,1,57906.875,57906.9,57906.9,271.114,271.006,0.778075,0.778384
9|411|sample|9|274,0.5555555555555556,28450,6,9,1,57906.875,57906.9,57906.9,271.114,270.989,0.448765,0.448972
9|411|sample|9|274,1.66666666666667,10662,7,9,1,57906.875,57906.9,57906.9,271.114,270.979,0.165481,0.165564
9|411|sample|9|274,5.0,3030,8,9,1,57906.875,57906.9,57906.9,271.114,270.974,0.0439369,0.0439616
9|411|vc|1|2|274,0.0,57888,1,2,1,57906.875,271.098,271.098,271.074,271.093,0.917717,0.917652
9|411|vc|2|2|274,0.0,57026,2,2,1,57906.875,271.098,271.098,270.928,271.093,0.904473,0.903926
9|411|vc|3|2|274,0.0,62361,3,2,1,57906.875,271.098,271.098,271.095,271.098,0.988885,0.988876
9|411|vc|4|2|274,0.0,58423,4,2,1,57906.875,271.098,271.098,271.33,271.094,0.92537,0.926171
9|411|vc|5|2|274,0.0,61789,5,2,1,57906.875,271.098,271.098,271.25,271.097,0.979221,0.979769
9|411|vc|6|2|274,0.0,57424,6,2,1,57906.875,271.098,271.098,270.727,271.093,0.911488,0.910263
9|411|vc|7|2|274,0.0,54022,7,2,1,57906.875,271.098,271.098,271.017,271.09,0.85632,0.85609
9|411|vc|8|2|274,0.0,54322,8,2,1,57906.875,271.098,271.098,270.987,271.09,0.861193,0.860868
