id,time,rlu,plate_row,plate_col,virus_cc,mean_vc,popPred_medianCOV,popPred,indivPred_SAEM,indivPred_mode,indWRes_SAEM,indWRes_mode
8|84|cc|1|1|162,0.0,658,1,1,0,78856.625,0.0,0.0,0.0,0.0,1.04355,1.04355
8|84|cc|2|1|162,0.0,644,2,1,0,78856.625,0.0,0.0,0.0,0.0,1.02135,1.02135
8|84|cc|3|1|162,0.0,660,3,1,0,78856.625,0.0,0.0,0.0,0.0,1.04673,1.04673
8|84|cc|4|1|162,0.0,680,4,1,0,78856.625,0.0,0.0,0.0,0.0,1.07844,1.07844
8|84|cc|5|1|162,0.0,698,5,1,0,78856.625,0.0,0.0,0.0,0.0,1.10699,1.10699
8|84|cc|6|1|162,0.0,694,6,1,0,78856.625,0.0,0.0,0.0,0.0,1.10065,1.10065
8|84|cc|7|1|162,0.0,694,7,1,0,78856.625,0.0,0.0,0.0,0.0,1.10065,1.10065
8|84|cc|8|1|162,0.0,636,8,1,0,78856.625,0.0,0.0,0.0,0.0,1.00866,1.00866
8|84|sample|10|162,0.0003648,68673,1,10,1,78856.625,54942.9,28869.6,28869.6,28869.6,0.9041,0.904102
8|84|sample|10|162,0.001824,77369,2,10,1,78856.625,54430.8,25928.4,25928.5,25928.4,1.29886,1.29886
8|84|sample|10|162,0.00912,78012,3,10,1,78856.625,49563.1,21407.5,21407.6,21407.5,1.72527,1.72528
8|84|sample|10|162,0.0456,65967,4,10,1,78856.625,44343.2,17425.2,17425.3,17425.2,1.8097,1.80972
8|84|sample|10|162,0.228,47827,5,10,1,78856.625,38946.0,14013.8,14013.9,14013.8,1.55855,1.55856
8|84|sample|10|162,1.14,13678,6,10,1,78856.625,33571.6,11160.7,11160.8,11160.7,0.144611,0.144619
8|84|sample|10|162,5.7,1798,7,10,1,78856.625,28416.9,8821.95,8822.06,8821.95,-0.505646,-0.505644
8|84|sample|10|162,28.5,586,8,10,1,78856.625,22094.4,6487.17,6487.26,6487.17,-0.568427,-0.568425
8|84|sample|11|162,0.0003712,69151,1,11,1,78856.625,54901.3,32133.4,32133.5,32133.4,0.75652,0.756521
8|84|sample|11|162,0.001856,78893,2,11,1,78856.625,54380.6,29574.7,29574.8,29574.7,1.09389,1.09389
8|84|sample|11|162,0.00928,82686,3,11,1,78856.625,49508.3,25055.4,25055.5,25055.4,1.50501,1.50502
8|84|sample|11|162,0.0464,67678,4,11,1,78856.625,44285.5,20940.8,20940.9,20940.8,1.45564,1.45565
8|84|sample|11|162,0.2319999999999999,52077,5,11,1,78856.625,38887.4,17293.2,17293.3,17293.2,1.30644,1.30645
8|84|sample|11|162,1.16,21332,6,11,1,78856.625,33514.4,14135.3,14135.4,14135.3,0.328944,0.328953
8|84|sample|11|162,5.8,1872,7,11,1,78856.625,28363.0,11456.8,11456.9,11456.8,-0.536916,-0.536914
8|84|sample|11|162,29.0,564,8,11,1,78856.625,22048.6,8624.05,8624.15,8624.05,-0.59293,-0.592929
8|84|sample|12|162,0.0003712,63850,1,12,1,78856.625,54901.3,32133.4,32133.5,32133.4,0.648185,0.648185
8|84|sample|12|162,0.001856,63754,2,12,1,78856.625,50798.2,27631.0,27631.1,27631.0,0.856732,0.856734
8|84|sample|12|162,0.00928,61492,3,12,1,78856.625,46247.5,23410.1,23410.2,23410.1,1.06317,1.06318
8|84|sample|12|162,0.0464,55297,4,12,1,78856.625,41369.6,19567.1,19567.2,19567.1,1.1893,1.18931
8|84|sample|12|162,0.2319999999999999,41168,5,12,1,78856.625,36327.9,16160.4,16160.5,16160.4,1.00344,1.00345
8|84|sample|12|162,1.16,15633,6,12,1,78856.625,31309.7,13210.9,13211.0,13210.9,0.118214,0.11822
8|84|sample|12|162,5.8,1442,7,12,1,78856.625,26498.4,10709.2,10709.3,10709.2,-0.553999,-0.553998
8|84|sample|12|162,29.0,668,8,12,1,78856.625,22048.6,8624.05,8624.14,8624.05,-0.585279,-0.585278
8|84|sample|3|162,6.4e-05,75994,1,3,1,78856.625,58792.9,37319.5,37319.5,37319.5,0.681769,0.681769
8|84|sample|3|162,0.00032,82778,2,3,1,78856.625,59151.8,36344.7,36344.7,36344.7,0.840247,0.840248
8|84|sample|3|162,0.0016,84235,3,3,1,78856.625,54807.3,32795.1,32795.2,32795.1,1.03032,1.03032
8|84|sample|3|162,0.008,86421,4,3,1,78856.625,49974.6,29355.9,29356.0,29355.9,1.27501,1.27502
8|84|sample|3|162,0.04,77403,5,3,1,78856.625,44777.4,26076.6,26076.7,26076.6,1.28872,1.28873
8|84|sample|3|162,0.2,68219,6,3,1,78856.625,39387.3,22997.4,22997.6,22997.4,1.28474,1.28475
8|84|sample|3|162,1.0,41754,7,3,1,78856.625,34003.4,20147.4,20147.5,20147.4,0.698903,0.698912
8|84|sample|3|162,5.0,13774,8,3,1,78856.625,26929.1,16394.9,16395.0,16394.9,-0.103702,-0.103698
8|84|sample|4|162,6.4e-05,74113,1,4,1,78856.625,58792.9,37319.5,37319.5,37319.5,0.64861,0.64861
8|84|sample|4|162,0.00032,84517,2,4,1,78856.625,59151.8,36344.7,36344.7,36344.7,0.871716,0.871717
8|84|sample|4|162,0.0016,82608,3,4,1,78856.625,54807.3,32795.1,32795.2,32795.1,0.997734,0.997736
8|84|sample|4|162,0.008,81228,4,4,1,78856.625,49974.6,29355.9,29356.0,29355.9,1.15899,1.15899
8|84|sample|4|162,0.04,77037,5,4,1,78856.625,44777.4,26076.6,26076.7,26076.6,1.27953,1.27954
8|84|sample|4|162,0.2,64814,6,4,1,78856.625,39387.3,22997.4,22997.6,22997.4,1.188,1.18801
8|84|sample|4|162,1.0,39177,7,4,1,78856.625,34003.4,20147.4,20147.5,20147.4,0.615545,0.615553
8|84|sample|4|162,5.0,12834,8,4,1,78856.625,26929.1,16394.9,16395.0,16394.9,-0.140894,-0.14089
8|84|sample|5|162,0.0006144,72824,1,5,1,78856.625,53669.9,32601.2,32601.3,32601.2,0.810379,0.81038
8|84|sample|5|162,0.003072,78360,2,5,1,78856.625,52901.6,31384.8,31384.9,31384.8,0.982615,0.982618
8|84|sample|5|162,0.01536,80614,3,5,1,78856.625,47903.2,28005.0,28005.1,28005.0,1.23131,1.23132
8|84|sample|5|162,0.0768,74089,4,5,1,78856.625,42605.0,24802.6,24802.7,24802.6,1.30001,1.30002
8|84|sample|5|162,0.384,55821,5,5,1,78856.625,37192.8,21813.4,21813.5,21813.4,1.01761,1.01761
8|84|sample|5|162,1.92,24346,6,5,1,78856.625,31869.1,19061.9,19062.0,19061.9,0.180444,0.180449
8|84|sample|5|162,9.6,9438,7,5,1,78856.625,26823.2,16561.5,16561.7,16561.5,-0.279087,-0.279084
8|84|sample|5|162,48.0,4872,8,5,1,78856.625,20748.2,13379.6,13379.7,13379.6,-0.410169,-0.410166
8|84|sample|6|162,0.0006144,70835,1,6,1,78856.625,53669.9,32601.2,32601.3,32601.2,0.770306,0.770307
8|84|sample|6|162,0.003072,80058,2,6,1,78856.625,52901.6,31384.8,31384.9,31384.8,1.01813,1.01814
8|84|sample|6|162,0.01536,79421,3,6,1,78856.625,47903.2,28005.0,28005.1,28005.0,1.20339,1.2034
8|84|sample|6|162,0.0768,77554,4,6,1,78856.625,42605.0,24802.6,24802.7,24802.6,1.3914,1.39141
8|84|sample|6|162,0.384,55427,5,6,1,78856.625,37192.8,21813.4,21813.5,21813.4,1.00582,1.00582
8|84|sample|6|162,1.92,28310,6,6,1,78856.625,31869.1,19061.9,19062.0,19061.9,0.315811,0.315818
8|84|sample|6|162,9.6,13006,7,6,1,78856.625,26823.2,16561.5,16561.7,16561.5,-0.139302,-0.139298
8|84|sample|6|162,48.0,4250,8,6,1,78856.625,20748.2,13379.6,13379.7,13379.6,-0.440156,-0.440154
8|84|sample|7|162,7.68e-05,69948,1,7,1,78856.625,58419.0,33643.1,33643.1,33643.1,0.709071,0.709072
8|84|sample|7|162,0.000384,87626,2,7,1,78856.625,58686.8,30736.7,30736.7,30736.7,1.21476,1.21476
8|84|sample|7|162,0.00192,79963,3,7,1,78856.625,54282.6,25776.7,25776.8,25776.7,1.3761,1.37611
8|84|sample|7|162,0.0096,76543,4,7,1,78856.625,49401.3,21272.0,21272.1,21272.0,1.69515,1.69516
8|84|sample|7|162,0.048,74241,5,7,1,78856.625,44172.9,17307.6,17307.7,17307.6,2.13663,2.13665
8|84|sample|7|162,0.24,46730,6,7,1,78856.625,38773.2,13914.4,13914.5,13914.4,1.52305,1.52307
8|84|sample|7|162,1.2,16917,7,7,1,78856.625,33402.9,11078.5,11078.6,11078.5,0.337807,0.337817
8|84|sample|7|162,6.0,1596,8,7,1,78856.625,26400.5,8186.09,8186.19,8186.09,-0.509467,-0.509465
8|84|sample|8|162,7.68e-05,70881,1,8,1,78856.625,58419.0,33643.1,33643.1,33643.1,0.727294,0.727294
8|84|sample|8|162,0.000384,79033,2,8,1,78856.625,58686.8,30736.7,30736.7,30736.7,1.03127,1.03127
8|84|sample|8|162,0.00192,84181,3,8,1,78856.625,54282.6,25776.7,25776.8,25776.7,1.48322,1.48323
8|84|sample|8|162,0.0096,79555,4,8,1,78856.625,49401.3,21272.0,21272.1,21272.0,1.78753,1.78754
8|84|sample|8|162,0.048,69015,5,8,1,78856.625,44172.9,17307.6,17307.7,17307.6,1.9405,1.94052
8|84|sample|8|162,0.24,49350,6,8,1,78856.625,38773.2,13914.4,13914.5,13914.4,1.64465,1.64467
8|84|sample|8|162,1.2,14789,7,8,1,78856.625,33402.9,11078.5,11078.6,11078.5,0.214681,0.21469
8|84|sample|8|162,6.0,1804,8,8,1,78856.625,26400.5,8186.09,8186.19,8186.09,-0.493387,-0.493385
8|84|sample|9|162,0.0003648,74429,1,9,1,78856.625,54942.9,28869.6,28869.6,28869.6,1.03484,1.03485
8|84|sample|9|162,0.001824,81503,2,9,1,78856.625,54430.8,25928.4,25928.5,25928.4,1.40324,1.40325
8|84|sample|9|162,0.00912,79111,3,9,1,78856.625,49563.1,21407.5,21407.6,21407.5,1.75876,1.75878
8|84|sample|9|162,0.0456,74577,4,9,1,78856.625,44343.2,17425.2,17425.3,17425.2,2.13069,2.13071
8|84|sample|9|162,0.228,48083,5,9,1,78856.625,38946.0,14013.8,14013.9,14013.8,1.57035,1.57036
8|84|sample|9|162,1.14,14006,6,9,1,78856.625,33571.6,11160.7,11160.8,11160.7,0.163454,0.163463
8|84|sample|9|162,5.7,1510,7,9,1,78856.625,28416.9,8821.95,8822.06,8821.95,-0.526379,-0.526377
8|84|sample|9|162,28.5,600,8,9,1,78856.625,22094.4,6487.17,6487.26,6487.17,-0.567078,-0.567077
8|84|vc|1|2|162,0.0,73943,1,2,1,78856.625,73658.1,73659.3,73659.2,73659.3,0.00254835,0.00254807
8|84|vc|2|2|162,0.0,83068,2,2,1,78856.625,78856.6,78856.6,78856.6,78856.6,0.0353415,0.0353415
8|84|vc|3|2|162,0.0,83256,3,2,1,78856.625,78856.6,78856.6,78856.6,78856.6,0.0369192,0.0369192
8|84|vc|4|2|162,0.0,81859,4,2,1,78856.625,78856.6,78856.6,78856.6,78856.6,0.0251957,0.0251957
8|84|vc|5|2|162,0.0,83236,5,2,1,78856.625,78856.6,78856.6,78856.6,78856.6,0.0367513,0.0367513
8|84|vc|6|2|162,0.0,85784,6,2,1,78856.625,78856.6,78856.6,78856.6,78856.6,0.0581339,0.0581339
8|84|vc|7|2|162,0.0,78995,7,2,1,78856.625,78856.6,78856.6,78856.6,78856.6,0.00116125,0.00116125
8|84|vc|8|2|162,0.0,60712,8,2,1,78856.625,73658.1,73659.3,73659.2,73659.3,-0.116275,-0.116275
8|719|cc|1|1|274,0.0,640,1,1,0,84741.625,0.0,0.0,0.0,0.0,1.01501,1.01501
8|719|cc|2|1|274,0.0,658,2,1,0,84741.625,0.0,0.0,0.0,0.0,1.04355,1.04355
8|719|cc|3|1|274,0.0,684,3,1,0,84741.625,0.0,0.0,0.0,0.0,1.08479,1.08479
8|719|cc|4|1|274,0.0,730,4,1,0,84741.625,0.0,0.0,0.0,0.0,1.15774,1.15774
8|719|cc|5|1|274,0.0,706,5,1,0,84741.625,0.0,0.0,0.0,0.0,1.11968,1.11968
8|719|cc|6|1|274,0.0,732,6,1,0,84741.625,0.0,0.0,0.0,0.0,1.16091,1.16091
8|719|cc|7|1|274,0.0,746,7,1,0,84741.625,0.0,0.0,0.0,0.0,1.18312,1.18312
8|719|cc|8|1|274,0.0,716,8,1,0,84741.625,0.0,0.0,0.0,0.0,1.13554,1.13554
8|719|sample|10|274,0.0003648,94350,1,10,1,84741.625,59038.7,31323.4,31323.5,31323.4,1.32093,1.32093
8|719|sample|10|274,0.001824,93025,2,10,1,84741.625,58487.1,29314.4,29314.5,29314.4,1.42548,1.42548
8|719|sample|10|274,0.00912,89279,3,10,1,84741.625,53254.9,25372.7,25372.9,25372.7,1.64837,1.64838
8|719|sample|10|274,0.0456,68995,4,10,1,84741.625,47644.3,21758.7,21758.8,21758.7,1.41693,1.41695
8|719|sample|10|274,0.228,32223,5,10,1,84741.625,41843.0,18505.2,18505.3,18505.2,0.482228,0.482236
8|719|sample|10|274,1.14,4210,6,10,1,84741.625,36066.2,15624.3,15624.4,15624.3,-0.473311,-0.473309
8|719|sample|10|274,5.7,632,7,10,1,84741.625,30525.6,13110.4,13110.5,13110.4,-0.613576,-0.613575
8|719|sample|10|274,28.5,612,8,10,1,84741.625,23730.5,10230.8,10230.9,10230.8,-0.600846,-0.600845
8|719|sample|11|274,0.0003712,89357,1,11,1,84741.625,58994.0,31969.2,31969.2,31969.2,1.17877,1.17877
8|719|sample|11|274,0.001856,92891,2,11,1,84741.625,58433.1,28800.4,28800.5,28800.4,1.4592,1.45921
8|719|sample|11|274,0.00928,86253,3,11,1,84741.625,53196.0,23842.5,23842.6,23842.5,1.71132,1.71133
8|719|sample|11|274,0.0464,67865,4,11,1,84741.625,47582.2,19450.6,19450.8,19450.6,1.62096,1.62097
8|719|sample|11|274,0.2319999999999999,24977,5,11,1,84741.625,41780.0,15670.1,15670.3,15670.1,0.384815,0.384824
8|719|sample|11|274,1.16,2348,6,11,1,84741.625,36004.7,12495.2,12495.3,12495.2,-0.522717,-0.522715
8|719|sample|11|274,5.8,638,7,11,1,84741.625,30467.7,9883.62,9883.75,9883.62,-0.596996,-0.596995
8|719|sample|11|274,29.0,584,8,11,1,84741.625,23681.4,7267.56,7267.67,7267.56,-0.578432,-0.578431
8|719|sample|12|274,0.0003712,94222,1,12,1,84741.625,58994.0,31969.2,31969.2,31969.2,1.2787,1.2787
8|719|sample|12|274,0.001856,91978,2,12,1,84741.625,54583.6,26907.6,26907.7,26907.6,1.58413,1.58414
8|719|sample|12|274,0.00928,89439,3,12,1,84741.625,49692.2,22277.0,22277.1,22277.0,1.96864,1.96865
8|719|sample|12|274,0.0464,65541,4,12,1,84741.625,44449.0,18175.1,18175.3,18175.1,1.69464,1.69465
8|719|sample|12|274,0.2319999999999999,22932,5,12,1,84741.625,39029.9,14644.2,14644.3,14644.2,0.366016,0.366024
8|719|sample|12|274,1.16,1534,6,12,1,84741.625,33635.8,11678.9,11679.0,11678.9,-0.557859,-0.557858
8|719|sample|12|274,5.8,634,7,12,1,84741.625,28464.4,9239.78,9239.89,9239.78,-0.59272,-0.592719
8|719|sample|12|274,29.0,568,8,12,1,84741.625,23681.4,7267.56,7267.66,7267.56,-0.579817,-0.579816
8|719|sample|3|274,6.4e-05,94588,1,3,1,84741.625,63176.9,42020.0,42019.9,42020.0,0.824053,0.824052
8|719|sample|3|274,0.00032,87222,2,3,1,84741.625,63561.6,40861.7,40861.7,40861.7,0.74713,0.747131
8|719|sample|3|274,0.0016,85600,3,3,1,84741.625,58891.8,36773.3,36773.3,36773.3,0.873375,0.873377
8|719|sample|3|274,0.008,88953,4,3,1,84741.625,53697.3,32791.4,32791.5,32791.4,1.12502,1.12502
8|719|sample|3|274,0.04,78809,5,3,1,84741.625,48110.9,28983.8,28983.9,28983.8,1.12734,1.12734
8|719|sample|3|274,0.2,76136,6,3,1,84741.625,42317.3,25406.3,25406.4,25406.3,1.3068,1.30681
8|719|sample|3|274,1.0,50010,7,3,1,84741.625,36530.4,22099.9,22100.0,22099.9,0.824525,0.824533
8|719|sample|3|274,5.0,9930,8,3,1,84741.625,28927.2,17838.6,17838.7,17838.6,-0.288172,-0.288169
8|719|sample|4|274,6.4e-05,96662,1,4,1,84741.625,63176.9,42020.0,42019.9,42020.0,0.856565,0.856564
8|719|sample|4|274,0.00032,85208,2,4,1,84741.625,63561.6,40861.7,40861.7,40861.7,0.714673,0.714674
8|719|sample|4|274,0.0016,85066,3,4,1,84741.625,58891.8,36773.3,36773.3,36773.3,0.863824,0.863825
8|719|sample|4|274,0.008,87029,4,4,1,84741.625,53697.3,32791.4,32791.5,32791.4,1.08648,1.08648
8|719|sample|4|274,0.04,80898,5,4,1,84741.625,48110.9,28983.8,28983.9,28983.8,1.1746,1.17461
8|719|sample|4|274,0.2,71071,6,4,1,84741.625,42317.3,25406.3,25406.4,25406.3,1.17633,1.17633
8|719|sample|4|274,1.0,50818,7,4,1,84741.625,36530.4,22099.9,22100.0,22099.9,0.848395,0.848404
8|719|sample|4|274,5.0,10376,8,4,1,84741.625,28927.2,17838.6,17838.7,17838.6,-0.271921,-0.271918
8|719|sample|5|274,0.0006144,90234,1,5,1,84741.625,57670.4,36617.2,36617.2,36617.2,0.9631,0.9631
8|719|sample|5|274,0.003072,91037,2,5,1,84741.625,56843.5,35142.5,35142.5,35142.5,1.04565,1.04565
8|719|sample|5|274,0.01536,85896,3,5,1,84741.625,51470.8,31223.7,31223.8,31223.7,1.14945,1.14945
8|719|sample|5|274,0.0768,84081,4,5,1,84741.625,45776.0,27503.4,27503.5,27503.4,1.34798,1.34799
8|719|sample|5|274,0.384,66810,5,5,1,84741.625,39958.6,24031.7,24031.8,24031.7,1.16392,1.16393
8|719|sample|5|274,1.92,28534,6,5,1,84741.625,34236.2,20843.4,20843.5,20843.4,0.24062,0.240626
8|719|sample|5|274,9.6,4934,7,5,1,84741.625,28812.6,17958.2,17958.3,17958.2,-0.471481,-0.47148
8|719|sample|5|274,48.0,870,8,5,1,84741.625,22283.6,14374.9,14375.0,14374.9,-0.607292,-0.607292
8|719|sample|6|274,0.0006144,90599,1,6,1,84741.625,57670.4,36617.2,36617.2,36617.2,0.969656,0.969657
8|719|sample|6|274,0.003072,100276,2,6,1,84741.625,56843.5,35142.5,35142.5,35142.5,1.21849,1.21849
8|719|sample|6|274,0.01536,89109,3,6,1,84741.625,51470.8,31223.7,31223.8,31223.7,1.217,1.217
8|719|sample|6|274,0.0768,84595,4,6,1,84741.625,45776.0,27503.4,27503.5,27503.4,1.36023,1.36024
8|719|sample|6|274,0.384,66428,5,6,1,84741.625,39958.6,24031.7,24031.8,24031.7,1.15353,1.15354
8|719|sample|6|274,1.92,28310,6,6,1,84741.625,34236.2,20843.4,20843.5,20843.4,0.233611,0.233617
8|719|sample|6|274,9.6,3504,7,6,1,84741.625,28812.6,17958.2,17958.3,17958.2,-0.523247,-0.523246
8|719|sample|6|274,48.0,772,8,6,1,84741.625,22283.6,14374.9,14375.0,14374.9,-0.611699,-0.611699
8|719|sample|7|274,7.68e-05,96784,1,7,1,84741.625,62775.0,35308.9,35308.9,35308.9,1.14469,1.14469
8|719|sample|7|274,0.000384,90264,2,7,1,84741.625,63061.8,33390.6,33390.7,33390.6,1.11909,1.11909
8|719|sample|7|274,0.00192,93457,3,7,1,84741.625,58327.8,29184.2,29184.3,29184.2,1.44438,1.44439
8|719|sample|7|274,0.0096,84890,4,7,1,84741.625,53081.1,25252.3,25252.4,25252.3,1.54549,1.5455
8|719|sample|7|274,0.048,65169,5,7,1,84741.625,47461.2,21649.3,21649.4,21649.3,1.31192,1.31193
8|719|sample|7|274,0.24,30352,6,7,1,84741.625,41657.3,18407.6,18407.7,18407.6,0.422061,0.422069
8|719|sample|7|274,1.2,4196,7,7,1,84741.625,35884.9,15538.6,15538.7,15538.6,-0.472864,-0.472862
8|719|sample|7|274,6.0,676,8,7,1,84741.625,28359.1,12184.2,12184.3,12184.2,-0.607454,-0.607453
8|719|sample|8|274,7.68e-05,95369,1,8,1,84741.625,62775.0,35308.9,35308.9,35308.9,1.11834,1.11834
8|719|sample|8|274,0.000384,92759,2,8,1,84741.625,63061.8,33390.6,33390.6,33390.6,1.16818,1.16819
8|719|sample|8|274,0.00192,84653,3,8,1,84741.625,58327.8,29184.2,29184.3,29184.2,1.24653,1.24654
8|719|sample|8|274,0.0096,85030,4,8,1,84741.625,53081.1,25252.3,25252.4,25252.3,1.54912,1.54913
8|719|sample|8|274,0.048,63826,5,8,1,84741.625,47461.2,21649.3,21649.4,21649.3,1.27143,1.27144
8|719|sample|8|274,0.24,29936,6,8,1,84741.625,41657.3,18407.6,18407.7,18407.6,0.407362,0.407369
8|719|sample|8|274,1.2,4124,7,8,1,84741.625,35884.9,15538.6,15538.7,15538.6,-0.475865,-0.475864
8|719|sample|8|274,6.0,680,8,8,1,84741.625,28359.1,12184.2,12184.3,12184.2,-0.607243,-0.607242
8|719|sample|9|274,0.0003648,99893,1,9,1,84741.625,59038.7,31323.4,31323.5,31323.4,1.4371,1.4371
8|719|sample|9|274,0.001824,90396,2,9,1,84741.625,58487.1,29314.4,29314.5,29314.4,1.36666,1.36666
8|719|sample|9|274,0.00912,87530,3,9,1,84741.625,53254.9,25372.7,25372.9,25372.7,1.60326,1.60327
8|719|sample|9|274,0.0456,67618,4,9,1,84741.625,47644.3,21758.7,21758.8,21758.7,1.37563,1.37564
8|719|sample|9|274,0.228,32029,5,9,1,84741.625,41843.0,18505.2,18505.3,18505.2,0.475408,0.475416
8|719|sample|9|274,1.14,4042,6,9,1,84741.625,36066.2,15624.3,15624.4,15624.3,-0.480277,-0.480276
8|719|sample|9|274,5.7,674,7,9,1,84741.625,30525.6,13110.4,13110.5,13110.4,-0.61151,-0.61151
8|719|sample|9|274,28.5,644,8,9,1,84741.625,23730.5,10230.8,10230.9,10230.8,-0.598847,-0.598846
8|719|vc|1|2|274,0.0,95775,1,2,1,84741.625,79155.2,79155.2,79155.2,79155.2,0.138949,0.138949
8|719|vc|2|2|274,0.0,90514,2,2,1,84741.625,84741.6,84741.6,84741.6,84741.6,0.0450937,0.0450937
8|719|vc|3|2|274,0.0,86615,3,2,1,84741.625,84741.6,84741.6,84741.6,84741.6,0.0146348,0.0146348
8|719|vc|4|2|274,0.0,84683,4,2,1,84741.625,84741.6,84741.6,84741.6,84741.6,-0.000457961,-0.000457961
8|719|vc|5|2|274,0.0,87250,5,2,1,84741.625,84741.6,84741.6,84741.6,84741.6,0.0195954,0.0195954
8|719|vc|6|2|274,0.0,81493,6,2,1,84741.625,84741.6,84741.6,84741.6,84741.6,-0.0253782,-0.0253782
8|719|vc|7|2|274,0.0,76517,7,2,1,84741.625,84741.6,84741.6,84741.6,84741.6,-0.0642507,-0.0642507
8|719|vc|8|2|274,0.0,75086,8,2,1,84741.625,79155.2,79155.2,79155.2,79155.2,-0.0340199,-0.0340202
8|488|cc|1|1|322,0.0,690,1,1,0,92253.875,0.0,0.0,0.0,0.0,1.0943,1.0943
8|488|cc|2|1|322,0.0,744,2,1,0,92253.875,0.0,0.0,0.0,0.0,1.17994,1.17994
8|488|cc|3|1|322,0.0,678,3,1,0,92253.875,0.0,0.0,0.0,0.0,1.07527,1.07527
8|488|cc|4|1|322,0.0,658,4,1,0,92253.875,0.0,0.0,0.0,0.0,1.04355,1.04355
8|488|cc|5|1|322,0.0,652,5,1,0,92253.875,0.0,0.0,0.0,0.0,1.03404,1.03404
8|488|cc|6|1|322,0.0,686,6,1,0,92253.875,0.0,0.0,0.0,0.0,1.08796,1.08796
8|488|cc|7|1|322,0.0,710,7,1,0,92253.875,0.0,0.0,0.0,0.0,1.12602,1.12602
8|488|cc|8|1|322,0.0,678,8,1,0,92253.875,0.0,0.0,0.0,0.0,1.07527,1.07527
8|488|sample|10|322,0.0003648,81577,1,10,1,92253.875,64266.9,31521.5,31521.6,31521.5,1.04257,1.04257
8|488|sample|10|322,0.001824,77221,2,10,1,92253.875,63665.0,28236.1,28236.2,28236.1,1.13725,1.13725
8|488|sample|10|322,0.00912,73813,3,10,1,92253.875,57967.6,23281.4,23281.5,23281.4,1.4184,1.41841
8|488|sample|10|322,0.0456,47917,4,10,1,92253.875,51858.1,18948.5,18948.6,18948.5,0.99504,0.995052
8|488|sample|10|322,0.228,23762,5,10,1,92253.875,45541.0,15254.3,15254.4,15254.3,0.361103,0.361112
8|488|sample|10|322,1.14,14795,6,10,1,92253.875,39250.6,12172.2,12172.4,12172.2,0.138564,0.138573
8|488|sample|10|322,5.7,9720,7,10,1,92253.875,33217.4,9647.03,9647.16,9647.03,0.0048138,0.00482228
8|488|sample|10|322,28.5,5400,8,10,1,92253.875,25819.1,7115.2,7115.31,7115.2,-0.151452,-0.151445
8|488|sample|11|322,0.0003712,81357,1,11,1,92253.875,64218.2,33821.1,33821.2,33821.1,0.923596,0.923599
8|488|sample|11|322,0.001856,80376,2,11,1,92253.875,63606.2,30375.7,30375.8,30375.7,1.08016,1.08017
8|488|sample|11|322,0.00928,77900,3,11,1,92253.875,57903.5,25076.0,25076.1,25076.0,1.37838,1.37839
8|488|sample|11|322,0.0464,59219,4,11,1,92253.875,51790.5,20405.6,20405.7,20405.6,1.23992,1.23993
8|488|sample|11|322,0.2319999999999999,31458,5,11,1,92253.875,45472.4,16403.4,16403.5,16403.4,0.595342,0.595353
8|488|sample|11|322,1.16,7890,6,11,1,92253.875,39183.7,13055.1,13055.2,13055.1,-0.25502,-0.255015
8|488|sample|11|322,5.8,2100,7,11,1,92253.875,33154.3,10309.8,10309.9,10309.8,-0.509057,-0.509055
8|488|sample|11|322,29.0,842,8,11,1,92253.875,25765.6,7570.09,7570.19,7570.09,-0.560238,-0.560236
8|488|sample|12|322,0.0003712,85678,1,12,1,92253.875,64218.2,33821.1,33821.2,33821.1,1.00755,1.00755
8|488|sample|12|322,0.001856,78320,2,12,1,92253.875,59415.6,28379.3,28379.4,28379.3,1.15367,1.15368
8|488|sample|12|322,0.00928,75748,3,12,1,92253.875,54089.3,23429.4,23429.5,23429.4,1.45945,1.45946
8|488|sample|12|322,0.0464,56968,4,12,1,92253.875,48379.9,19067.3,19067.4,19067.3,1.29392,1.29393
8|488|sample|12|322,0.2319999999999999,26171,5,12,1,92253.875,42478.9,15329.3,15329.4,15329.3,0.457979,0.457988
8|488|sample|12|322,1.16,6422,6,12,1,92253.875,36605.2,12202.1,12202.2,12202.1,-0.304669,-0.304665
8|488|sample|12|322,5.8,1454,7,12,1,92253.875,30973.9,9637.98,9638.09,9637.98,-0.541352,-0.541351
8|488|sample|12|322,29.0,1264,8,12,1,92253.875,25765.6,7570.09,7570.19,7570.09,-0.525099,-0.525097
8|488|sample|3|322,6.4e-05,94358,1,3,1,92253.875,68773.1,49493.3,49493.2,49493.3,0.597996,0.597994
8|488|sample|3|322,0.00032,92993,2,3,1,92253.875,69190.7,49039.5,49039.5,49039.5,0.591223,0.591222
8|488|sample|3|322,0.0016,99499,3,3,1,92253.875,64105.7,45055.7,45055.7,45055.7,0.796477,0.796477
8|488|sample|3|322,0.008,102432,4,3,1,92253.875,58449.3,41089.9,41089.9,41089.9,0.983138,0.98314
8|488|sample|3|322,0.04,102826,5,3,1,92253.875,52366.3,37200.5,37200.6,37200.5,1.16053,1.16053
8|488|sample|3|322,0.2,85912,6,3,1,92253.875,46057.5,33441.5,33441.6,33441.5,1.0309,1.0309
8|488|sample|3|322,1.0,75884,7,3,1,92253.875,39756.1,29859.5,29859.7,29859.5,1.01122,1.01123
8|488|sample|3|322,5.0,33601,8,3,1,92253.875,31477.9,24751.9,24752.1,24751.9,0.233875,0.23388
8|488|sample|4|322,6.4e-05,90076,1,4,1,92253.875,68773.1,49493.3,49493.2,49493.3,0.540922,0.54092
8|488|sample|4|322,0.00032,95871,2,4,1,92253.875,69190.7,49039.5,49039.5,49039.5,0.629935,0.629934
8|488|sample|4|322,0.0016,100086,3,4,1,92253.875,64105.7,45055.7,45055.7,45055.7,0.805064,0.805064
8|488|sample|4|322,0.008,105205,4,4,1,92253.875,58449.3,41089.9,41089.9,41089.9,1.02758,1.02758
8|488|sample|4|322,0.04,98822,5,4,1,92253.875,52366.3,37200.5,37200.6,37200.5,1.08972,1.08972
8|488|sample|4|322,0.2,88433,6,4,1,92253.875,46057.5,33441.5,33441.7,33441.5,1.08043,1.08043
8|488|sample|4|322,1.0,78354,7,4,1,92253.875,39756.1,29859.5,29859.7,29859.5,1.06549,1.0655
8|488|sample|4|322,5.0,36320,8,4,1,92253.875,31477.9,24751.9,24752.1,24751.9,0.305737,0.305743
8|488|sample|5|322,0.0006144,97119,1,5,1,92253.875,62776.9,44304.5,44304.5,44304.5,0.785627,0.785626
8|488|sample|5|322,0.003072,96198,2,5,1,92253.875,61875.2,43442.8,43442.8,43442.8,0.80016,0.800161
8|488|sample|5|322,0.01536,101181,3,5,1,92253.875,56024.9,39501.1,39501.2,39501.1,1.02789,1.0279
8|488|sample|5|322,0.0768,100658,4,5,1,92253.875,49823.7,35658.4,35658.5,35658.4,1.19859,1.19859
8|488|sample|5|322,0.384,92386,5,5,1,92253.875,43489.1,31966.0,31966.2,31966.0,1.24117,1.24117
8|488|sample|5|322,1.92,64050,6,5,1,92253.875,37257.9,28467.0,28467.2,28467.0,0.819496,0.819503
8|488|sample|5|322,9.6,21984,7,5,1,92253.875,31352.0,25194.6,25194.7,25194.6,-0.0833927,-0.0833888
8|488|sample|5|322,48.0,4784,8,5,1,92253.875,24243.5,20716.8,20717.0,20716.8,-0.501496,-0.501495
8|488|sample|6|322,0.0006144,96232,1,6,1,92253.875,62776.9,44304.5,44304.5,44304.5,0.772433,0.772432
8|488|sample|6|322,0.003072,95307,2,6,1,92253.875,61875.2,43442.8,43442.8,43442.8,0.786646,0.786647
8|488|sample|6|322,0.01536,103629,3,6,1,92253.875,56024.9,39501.1,39501.2,39501.1,1.06869,1.06869
8|488|sample|6|322,0.0768,97373,4,6,1,92253.875,49823.7,35658.4,35658.5,35658.4,1.13801,1.13802
8|488|sample|6|322,0.384,87530,5,6,1,92253.875,43489.1,31966.0,31966.2,31966.0,1.14141,1.14142
8|488|sample|6|322,1.92,63970,6,6,1,92253.875,37257.9,28467.0,28467.1,28467.0,0.817653,0.817661
8|488|sample|6|322,9.6,23620,7,6,1,92253.875,31352.0,25194.6,25194.7,25194.6,-0.0409009,-0.0408967
8|488|sample|6|322,48.0,5018,8,6,1,92253.875,24243.5,20716.8,20717.0,20716.8,-0.494131,-0.49413
8|488|sample|7|322,7.68e-05,88102,1,7,1,92253.875,68335.4,36870.8,36870.8,36870.8,0.913991,0.913992
8|488|sample|7|322,0.000384,97131,2,7,1,92253.875,68646.4,33557.3,33557.4,33557.3,1.24479,1.2448
8|488|sample|7|322,0.00192,94452,3,7,1,92253.875,63491.5,28069.1,28069.2,28069.1,1.55019,1.5502
8|488|sample|7|322,0.0096,82610,4,7,1,92253.875,57778.3,23133.5,23133.6,23133.5,1.67996,1.67998
8|488|sample|7|322,0.048,53340,5,7,1,92253.875,51658.8,18820.9,18821.1,18820.9,1.19356,1.19357
8|488|sample|7|322,0.24,30010,6,7,1,92253.875,45338.8,15146.9,15147.0,15146.9,0.635213,0.635225
8|488|sample|7|322,1.2,17535,7,7,1,92253.875,39053.2,12083.5,12083.6,12083.5,0.290061,0.290071
8|488|sample|7|322,6.0,10208,8,7,1,92253.875,30859.3,8951.73,8951.84,8951.73,0.0891758,0.089185
8|488|sample|8|322,7.68e-05,96152,1,8,1,92253.875,68335.4,36870.8,36870.8,36870.8,1.05761,1.05761
8|488|sample|8|322,0.000384,86213,2,8,1,92253.875,68646.4,33557.3,33557.4,33557.3,1.03101,1.03102
8|488|sample|8|322,0.00192,94198,3,8,1,92253.875,63491.5,28069.1,28069.2,28069.1,1.54426,1.54427
8|488|sample|8|322,0.0096,85402,4,8,1,92253.875,57778.3,23133.5,23133.6,23133.5,1.75883,1.75884
8|488|sample|8|322,0.048,55227,5,8,1,92253.875,51658.8,18820.9,18821.1,18820.9,1.2588,1.25882
8|488|sample|8|322,0.24,28203,6,8,1,92253.875,45338.8,15146.9,15147.0,15146.9,0.557985,0.557997
8|488|sample|8|322,1.2,15833,7,8,1,92253.875,39053.2,12083.5,12083.6,12083.5,0.199499,0.199509
8|488|sample|8|322,6.0,10222,8,8,1,92253.875,30859.3,8951.73,8951.84,8951.73,0.0901698,0.0901789
8|488|sample|9|322,0.0003648,88000,1,9,1,92253.875,64266.9,31521.5,31521.6,31521.5,1.17635,1.17635
8|488|sample|9|322,0.001824,81172,2,9,1,92253.875,63665.0,28236.1,28236.2,28236.1,1.22897,1.22898
8|488|sample|9|322,0.00912,76271,3,9,1,92253.875,57967.6,23281.4,23281.5,23281.4,1.4874,1.48741
8|488|sample|9|322,0.0456,48779,4,9,1,92253.875,51858.1,18948.5,18948.6,18948.5,1.02465,1.02466
8|488|sample|9|322,0.228,28900,5,9,1,92253.875,45541.0,15254.3,15254.4,15254.3,0.579185,0.579196
8|488|sample|9|322,1.14,16823,6,9,1,92253.875,39250.6,12172.2,12172.4,12172.2,0.245712,0.245721
8|488|sample|9|322,5.7,9274,7,9,1,92253.875,33217.4,9647.03,9647.16,9647.03,-0.024661,-0.024653
8|488|sample|9|322,28.5,5678,8,9,1,92253.875,25819.1,7115.2,7115.31,7115.2,-0.126906,-0.126898
8|488|vc|1|2|322,0.0,94917,1,2,1,92253.875,86172.2,86172.6,86172.6,86172.6,0.0671825,0.0671822
8|488|vc|2|2|322,0.0,99297,2,2,1,92253.875,92253.9,92253.9,92253.9,92253.9,0.0505608,0.0505608
8|488|vc|3|2|322,0.0,94280,3,2,1,92253.875,92253.9,92253.9,92253.9,92253.9,0.014545,0.014545
8|488|vc|4|2|322,0.0,91878,4,2,1,92253.875,92253.9,92253.9,92253.9,92253.9,-0.00269829,-0.00269829
8|488|vc|5|2|322,0.0,91882,5,2,1,92253.875,92253.9,92253.9,92253.9,92253.9,-0.00266958,-0.00266958
8|488|vc|6|2|322,0.0,90577,6,2,1,92253.875,92253.9,92253.9,92253.9,92253.9,-0.0120378,-0.0120378
8|488|vc|7|2|322,0.0,89724,7,2,1,92253.875,92253.9,92253.9,92253.9,92253.9,-0.0181613,-0.0181613
8|488|vc|8|2|322,0.0,85476,8,2,1,92253.875,86172.2,86172.6,86172.6,86172.6,-0.00535168,-0.00535197
8|847|cc|1|1|69,0.0,676,1,1,0,136227.125,0.0,0.0,0.0,0.0,1.0721,1.0721
8|847|cc|2|1|69,0.0,738,2,1,0,136227.125,0.0,0.0,0.0,0.0,1.17043,1.17043
8|847|cc|3|1|69,0.0,778,3,1,0,136227.125,0.0,0.0,0.0,0.0,1.23387,1.23387
8|847|cc|4|1|69,0.0,704,4,1,0,136227.125,0.0,0.0,0.0,0.0,1.11651,1.11651
8|847|cc|5|1|69,0.0,732,5,1,0,136227.125,0.0,0.0,0.0,0.0,1.16091,1.16091
8|847|cc|6|1|69,0.0,732,6,1,0,136227.125,0.0,0.0,0.0,0.0,1.16091,1.16091
8|847|cc|7|1|69,0.0,698,7,1,0,136227.125,0.0,0.0,0.0,0.0,1.10699,1.10699
8|847|cc|8|1|69,0.0,842,8,1,0,136227.125,0.0,0.0,0.0,0.0,1.33537,1.33537
8|847|sample|10|69,0.0003648,119901,1,10,1,136227.125,94870.5,41159.1,41159.2,41159.1,1.2599,1.25991
8|847|sample|10|69,0.001824,119010,2,10,1,136227.125,93974.1,36299.8,36299.9,36299.8,1.49853,1.49854
8|847|sample|10|69,0.00912,106506,3,10,1,136227.125,85553.6,29480.8,29481.0,29480.8,1.71378,1.7138
8|847|sample|10|69,0.0456,64608,4,10,1,136227.125,76524.0,23650.6,23650.8,23650.6,1.13202,1.13203
8|847|sample|10|69,0.228,13842,5,10,1,136227.125,67187.6,18782.2,18782.4,18782.2,-0.171168,-0.171163
8|847|sample|10|69,1.14,918,6,10,1,136227.125,57890.7,14796.8,14797.0,14796.8,-0.606802,-0.606801
8|847|sample|10|69,5.7,610,7,10,1,136227.125,48973.8,11586.9,11587.0,11586.9,-0.608234,-0.608233
8|847|sample|10|69,28.5,526,8,10,1,136227.125,38044.7,8447.67,8447.81,8447.67,-0.594342,-0.594341
8|847|sample|11|69,0.0003712,133212,1,11,1,136227.125,94798.6,54721.8,54721.7,54721.8,0.946985,0.94698
8|847|sample|11|69,0.001856,105958,2,11,1,136227.125,93887.2,49889.5,49889.3,49889.5,0.741446,0.741439
8|847|sample|11|69,0.00928,119951,3,11,1,136227.125,85458.8,41802.7,41802.4,41802.7,1.23136,1.23135
8|847|sample|11|69,0.0464,102632,4,11,1,136227.125,76424.1,34511.1,34510.7,34511.1,1.29743,1.29741
8|847|sample|11|69,0.2319999999999999,66738,5,11,1,136227.125,67086.3,28122.0,28121.6,28122.0,0.900128,0.900105
8|847|sample|11|69,1.16,18073,6,11,1,136227.125,57791.7,22662.6,22662.1,22662.6,-0.132272,-0.132282
8|847|sample|11|69,5.8,1002,7,11,1,136227.125,48880.7,18096.8,18096.3,18096.8,-0.614203,-0.614205
8|847|sample|11|69,29.0,630,8,11,1,136227.125,37965.6,13408.5,13408.1,13408.5,-0.614785,-0.614786
8|847|sample|12|69,0.0003712,124911,1,12,1,136227.125,94798.6,54721.8,54721.7,54721.8,0.846833,0.846829
8|847|sample|12|69,0.001856,113518,2,12,1,136227.125,87700.4,46606.2,46605.9,46606.2,0.946618,0.94661
8|847|sample|12|69,0.00928,110811,3,12,1,136227.125,79828.1,39053.0,39052.6,39053.0,1.20944,1.20943
8|847|sample|12|69,0.0464,95553,4,12,1,136227.125,71389.5,32242.5,32242.2,32242.5,1.28956,1.28954
8|847|sample|12|69,0.2319999999999999,71057,5,12,1,136227.125,62667.8,26275.0,26274.6,26275.0,1.11608,1.11605
8|847|sample|12|69,1.16,17709,6,12,1,136227.125,53986.6,21175.8,21175.4,21175.8,-0.106791,-0.106801
8|847|sample|12|69,5.8,964,7,12,1,136227.125,45663.5,16911.3,16910.9,16911.3,-0.612169,-0.61217
8|847|sample|12|69,29.0,514,8,12,1,136227.125,37965.6,13408.5,13408.1,13408.5,-0.620366,-0.620367
8|847|sample|3|69,6.4e-05,141928,1,3,1,136227.125,101531.0,64590.4,64590.4,64590.4,0.791433,0.791433
8|847|sample|3|69,0.00032,138654,2,3,1,136227.125,102141.0,60019.1,60019.0,60019.1,0.865577,0.865574
8|847|sample|3|69,0.0016,135457,3,3,1,136227.125,94625.4,51185.4,51185.1,51185.4,1.08642,1.08641
8|847|sample|3|69,0.008,145249,4,3,1,136227.125,86265.5,42926.9,42926.5,42926.9,1.57045,1.57044
8|847|sample|3|69,0.04,131047,5,3,1,136227.125,77275.1,35453.8,35453.4,35453.8,1.77283,1.77279
8|847|sample|3|69,0.2,70406,6,3,1,136227.125,67951.0,28888.6,28888.1,28888.6,0.94245,0.942423
8|847|sample|3|69,1.0,35020,7,3,1,136227.125,58637.7,23269.0,23268.5,23269.0,0.33004,0.330019
8|847|sample|3|69,5.0,19157,8,3,1,136227.125,46408.4,17348.9,17348.5,17348.9,0.0677163,0.0676973
8|847|sample|4|69,6.4e-05,137164,1,4,1,136227.125,101531.0,64590.4,64590.4,64590.4,0.742681,0.742681
8|847|sample|4|69,0.00032,143262,2,4,1,136227.125,102141.0,60019.1,60019.0,60019.1,0.9163,0.916296
8|847|sample|4|69,0.0016,134282,3,4,1,136227.125,94625.4,51185.4,51185.1,51185.4,1.07127,1.07126
8|847|sample|4|69,0.008,148754,4,4,1,136227.125,86265.5,42926.9,42926.5,42926.9,1.62425,1.62423
8|847|sample|4|69,0.04,120142,5,4,1,136227.125,77275.1,35453.8,35453.4,35453.8,1.57059,1.57056
8|847|sample|4|69,0.2,68131,6,4,1,136227.125,67951.0,28888.6,28888.1,28888.6,0.890808,0.890782
8|847|sample|4|69,1.0,33891,7,4,1,136227.125,58637.7,23269.0,23268.5,23269.0,0.298332,0.298311
8|847|sample|4|69,5.0,19357,8,4,1,136227.125,46408.4,17348.9,17348.5,17348.9,0.0752046,0.0751856
8|847|sample|5|69,0.0006144,138978,1,5,1,136227.125,92668.3,52674.2,52674.1,52674.2,1.08141,1.08141
8|847|sample|5|69,0.003072,131680,2,5,1,136227.125,91328.8,47755.0,47754.7,47755.0,1.15899,1.15898
8|847|sample|5|69,0.01536,120056,3,5,1,136227.125,82682.4,39794.3,39793.9,39794.3,1.32783,1.32781
8|847|sample|5|69,0.0768,103047,4,5,1,136227.125,73517.2,32679.5,32679.1,32679.5,1.41439,1.41436
8|847|sample|5|69,0.384,56782,5,5,1,136227.125,64155.0,26497.3,26496.8,26497.3,0.748543,0.748517
8|847|sample|5|69,1.92,28614,6,5,1,136227.125,54945.6,21255.6,21255.1,21255.6,0.225872,0.225852
8|847|sample|5|69,9.6,20034,7,5,1,136227.125,46217.0,16902.9,16902.5,16902.9,0.120272,0.12025
8|847|sample|5|69,48.0,9472,8,5,1,136227.125,35716.0,12478.5,12478.1,12478.5,-0.15506,-0.155076
8|847|sample|6|69,0.0006144,127160,1,6,1,136227.125,92668.3,52674.2,52674.0,52674.2,0.933331,0.933325
8|847|sample|6|69,0.003072,130753,2,6,1,136227.125,91328.8,47755.0,47754.7,47755.0,1.14619,1.14618
8|847|sample|6|69,0.01536,115206,3,6,1,136227.125,82682.4,39794.3,39793.9,39794.3,1.24759,1.24757
8|847|sample|6|69,0.0768,93986,4,6,1,136227.125,73517.2,32679.5,32679.1,32679.5,1.23226,1.23224
8|847|sample|6|69,0.384,45894,5,6,1,136227.125,64155.0,26497.3,26496.8,26497.3,0.47943,0.479409
8|847|sample|6|69,1.92,27093,6,6,1,136227.125,54945.6,21255.6,21255.1,21255.6,0.179187,0.179168
8|847|sample|6|69,9.6,17839,7,6,1,136227.125,46217.0,16902.9,16902.5,16902.9,0.0359693,0.0359499
8|847|sample|6|69,48.0,9360,8,6,1,136227.125,35716.0,12478.5,12478.1,12478.5,-0.160837,-0.160853
8|847|sample|7|69,7.68e-05,124621,1,7,1,136227.125,100884.0,48884.0,48884.1,48884.0,1.02196,1.02196
8|847|sample|7|69,0.000384,124263,2,7,1,136227.125,101336.0,43797.1,43797.2,43797.1,1.21068,1.21068
8|847|sample|7|69,0.00192,127505,3,7,1,136227.125,93717.6,36067.5,36067.6,36067.5,1.6672,1.66721
8|847|sample|7|69,0.0096,128418,4,7,1,136227.125,85273.8,29279.7,29279.9,29279.7,2.22073,2.22075
8|847|sample|7|69,0.048,77472,5,7,1,136227.125,76229.4,23480.9,23481.1,23480.9,1.50285,1.50287
8|847|sample|7|69,0.24,19051,6,7,1,136227.125,66888.8,18642.1,18642.3,18642.1,0.0142638,0.0142711
8|847|sample|7|69,1.2,998,7,7,1,136227.125,57599.0,14683.2,14683.4,14683.2,-0.602838,-0.602837
8|847|sample|7|69,6.0,632,8,7,1,136227.125,45494.1,10746.2,10746.4,10746.2,-0.602629,-0.602628
8|847|sample|8|69,7.68e-05,130681,1,8,1,136227.125,100884.0,48884.0,48884.1,48884.0,1.10373,1.10373
8|847|sample|8|69,0.000384,131502,2,8,1,136227.125,101336.0,43797.1,43797.2,43797.1,1.31959,1.3196
8|847|sample|8|69,0.00192,123225,3,8,1,136227.125,93717.6,36067.5,36067.6,36067.5,1.58916,1.58917
8|847|sample|8|69,0.0096,120550,4,8,1,136227.125,85273.8,29279.7,29279.9,29279.7,2.04448,2.0445
8|847|sample|8|69,0.048,74924,5,8,1,136227.125,76229.4,23480.9,23481.1,23480.9,1.43193,1.43194
8|847|sample|8|69,0.24,17541,6,8,1,136227.125,66888.8,18642.1,18642.3,18642.1,-0.0384369,-0.0384302
8|847|sample|8|69,1.2,1000,7,8,1,136227.125,57599.0,14683.2,14683.4,14683.2,-0.60275,-0.602749
8|847|sample|8|69,6.0,620,8,8,1,136227.125,45494.1,10746.2,10746.4,10746.2,-0.603344,-0.603343
8|847|sample|9|69,0.0003648,122535,1,9,1,136227.125,94870.5,41159.1,41159.2,41159.1,1.30205,1.30205
8|847|sample|9|69,0.001824,114457,2,9,1,136227.125,93974.1,36299.8,36299.9,36299.8,1.41604,1.41605
8|847|sample|9|69,0.00912,103659,3,9,1,136227.125,85553.6,29480.8,29481.0,29480.8,1.65044,1.65045
8|847|sample|9|69,0.0456,70963,4,9,1,136227.125,76524.0,23650.6,23650.8,23650.6,1.30766,1.30768
8|847|sample|9|69,0.228,15485,5,9,1,136227.125,67187.6,18782.2,18782.4,18782.2,-0.114244,-0.114238
8|847|sample|9|69,1.14,998,6,9,1,136227.125,57890.7,14796.8,14797.0,14796.8,-0.603304,-0.603303
8|847|sample|9|69,5.7,588,7,9,1,136227.125,48973.8,11586.9,11587.0,11586.9,-0.609453,-0.609452
8|847|sample|9|69,28.5,600,8,9,1,136227.125,38044.7,8447.67,8447.8,8447.67,-0.58879,-0.588789
8|847|vc|1|2|69,0.0,128428,1,2,1,136227.125,127247.0,127246.0,127246.0,127246.0,0.00615719,0.0061569
8|847|vc|2|2|69,0.0,140797,2,2,1,136227.125,136227.0,136227.0,136227.0,136227.0,0.0222489,0.0222489
8|847|vc|3|2|69,0.0,133543,3,2,1,136227.125,136227.0,136227.0,136227.0,136227.0,-0.0130679,-0.0130679
8|847|vc|4|2|69,0.0,145073,4,2,1,136227.125,136227.0,136227.0,136227.0,136227.0,0.043067,0.043067
8|847|vc|5|2|69,0.0,153047,5,2,1,136227.125,136227.0,136227.0,136227.0,136227.0,0.0818893,0.0818893
8|847|vc|6|2|69,0.0,143667,6,2,1,136227.125,136227.0,136227.0,136227.0,136227.0,0.0362218,0.0362218
8|847|vc|7|2|69,0.0,129385,7,2,1,136227.125,136227.0,136227.0,136227.0,136227.0,-0.0333116,-0.0333116
8|847|vc|8|2|69,0.0,115877,8,2,1,136227.125,127247.0,127246.0,127246.0,127246.0,-0.0592471,-0.0592474
8|474|cc|1|1|276,0.0,688,1,1,0,126520.0,0.0,0.0,0.0,0.0,1.09113,1.09113
8|474|cc|2|1|276,0.0,722,2,1,0,126520.0,0.0,0.0,0.0,0.0,1.14505,1.14505
8|474|cc|3|1|276,0.0,726,3,1,0,126520.0,0.0,0.0,0.0,0.0,1.1514,1.1514
8|474|cc|4|1|276,0.0,740,4,1,0,126520.0,0.0,0.0,0.0,0.0,1.1736,1.1736
8|474|cc|5|1|276,0.0,730,5,1,0,126520.0,0.0,0.0,0.0,0.0,1.15774,1.15774
8|474|cc|6|1|276,0.0,798,6,1,0,126520.0,0.0,0.0,0.0,0.0,1.26559,1.26559
8|474|cc|7|1|276,0.0,812,7,1,0,126520.0,0.0,0.0,0.0,0.0,1.28779,1.28779
8|474|cc|8|1|276,0.0,708,8,1,0,126520.0,0.0,0.0,0.0,0.0,1.12285,1.12285
8|474|sample|10|276,0.0003648,136491,1,10,1,126520.0,88114.8,35519.4,35519.5,35519.4,1.86912,1.86912
8|474|sample|10|276,0.001824,112487,2,10,1,126520.0,87283.3,31147.2,31147.4,31147.2,1.71424,1.71426
8|474|sample|10|276,0.00912,87404,3,10,1,126520.0,79464.0,25174.3,25174.5,25174.3,1.61757,1.61758
8|474|sample|10|276,0.0456,26053,4,10,1,126520.0,71079.0,20116.6,20116.8,20116.6,0.192305,0.192313
8|474|sample|10|276,0.228,1910,5,10,1,126520.0,62409.1,15927.7,15927.8,15927.7,-0.570476,-0.570475
8|474|sample|10|276,1.14,702,6,10,1,126520.0,53775.9,12521.4,12521.6,12521.4,-0.607624,-0.607623
8|474|sample|10|276,5.7,688,7,10,1,126520.0,45495.6,9792.66,9792.81,9792.66,-0.593131,-0.59313
8|474|sample|10|276,28.5,768,8,10,1,126520.0,35345.9,7138.05,7138.17,7138.05,-0.560747,-0.560745
8|474|sample|11|276,0.0003712,134430,1,11,1,126520.0,88047.9,46374.1,46374.2,46374.1,1.25191,1.25191
8|474|sample|11|276,0.001856,130150,2,11,1,126520.0,87202.7,41640.8,41640.9,41640.8,1.39997,1.39997
8|474|sample|11|276,0.00928,116133,3,11,1,126520.0,79375.9,34361.8,34362.0,34361.8,1.56406,1.56408
8|474|sample|11|276,0.0464,92512,4,11,1,126520.0,70986.2,27946.0,27946.1,27946.0,1.51431,1.51432
8|474|sample|11|276,0.2319999999999999,31016,5,11,1,126520.0,62315.0,22447.0,22447.2,22447.0,0.249299,0.249307
8|474|sample|11|276,1.16,1746,6,11,1,126520.0,53684.0,17845.8,17846.0,17845.8,-0.586405,-0.586404
8|474|sample|11|276,5.8,650,7,11,1,126520.0,45409.1,14072.7,14072.9,14072.7,-0.616183,-0.616182
8|474|sample|11|276,29.0,692,8,11,1,126520.0,35272.5,10310.3,10310.5,10310.3,-0.596364,-0.596363
8|474|sample|12|276,0.0003712,121914,1,12,1,126520.0,88047.9,46374.1,46374.2,46374.1,1.07397,1.07397
8|474|sample|12|276,0.001856,119881,2,12,1,126520.0,81456.5,38901.6,38901.7,38901.6,1.3701,1.3701
8|474|sample|12|276,0.00928,117603,3,12,1,126520.0,74146.2,32102.9,32103.1,32102.9,1.74898,1.74899
8|474|sample|12|276,0.0464,87318,4,12,1,126520.0,66310.1,26110.5,26110.6,26110.5,1.53485,1.53487
8|474|sample|12|276,0.2319999999999999,26931,5,12,1,126520.0,58211.1,20974.4,20974.6,20974.4,0.185223,0.18523
8|474|sample|12|276,1.16,1852,6,12,1,126520.0,50149.6,16676.9,16677.1,16676.9,-0.576887,-0.576887
8|474|sample|12|276,5.8,644,7,12,1,126520.0,42420.7,13152.8,13152.9,13152.8,-0.613149,-0.613148
8|474|sample|12|276,29.0,664,8,12,1,126520.0,35272.5,10310.3,10310.5,10310.3,-0.5981,-0.598099
8|474|sample|3|276,6.4e-05,140286,1,3,1,126520.0,94299.4,58260.6,58260.6,58260.6,0.929951,0.929951
8|474|sample|3|276,0.00032,140390,2,3,1,126520.0,94867.0,56226.5,56226.5,56226.5,0.988455,0.988457
8|474|sample|3|276,0.0016,126011,3,3,1,126520.0,87888.1,50219.8,50219.9,50219.8,0.995711,0.995714
8|474|sample|3|276,0.008,136248,4,3,1,126520.0,80125.0,44452.6,44452.7,44452.6,1.36096,1.36097
8|474|sample|3|276,0.04,123688,5,3,1,126520.0,71776.4,39013.2,39013.4,39013.2,1.42856,1.42857
8|474|sample|3|276,0.2,100688,6,3,1,126520.0,63118.0,33968.5,33968.7,33968.5,1.29076,1.29077
8|474|sample|3|276,1.0,44295,7,3,1,126520.0,54469.6,29362.4,29362.6,29362.4,0.333562,0.333569
8|474|sample|3|276,5.0,6292,8,3,1,126520.0,43112.5,23560.9,23561.1,23560.9,-0.479086,-0.479084
8|474|sample|4|276,6.4e-05,137562,1,4,1,126520.0,94299.4,58260.6,58260.6,58260.6,0.899068,0.899068
8|474|sample|4|276,0.00032,134604,2,4,1,126520.0,94867.0,56226.5,56226.5,56226.5,0.920502,0.920503
8|474|sample|4|276,0.0016,133116,3,4,1,126520.0,87888.1,50219.8,50219.9,50219.8,1.08905,1.08906
8|474|sample|4|276,0.008,133348,4,4,1,126520.0,80125.0,44452.6,44452.7,44452.6,1.31797,1.31797
8|474|sample|4|276,0.04,121193,5,4,1,126520.0,71776.4,39013.2,39013.4,39013.2,1.38646,1.38647
8|474|sample|4|276,0.2,98200,6,4,1,126520.0,63118.0,33968.5,33968.7,33968.5,1.24262,1.24263
8|474|sample|4|276,1.0,38819,7,4,1,126520.0,54469.6,29362.4,29362.6,29362.4,0.211238,0.211245
8|474|sample|4|276,5.0,6826,8,4,1,126520.0,43112.5,23560.9,23561.1,23560.9,-0.464271,-0.46427
8|474|sample|5|276,0.0006144,132239,1,5,1,126520.0,86069.8,50229.8,50229.9,50229.8,1.07719,1.07719
8|474|sample|5|276,0.003072,134624,2,5,1,126520.0,84826.9,47848.0,47848.1,47848.0,1.19604,1.19605
8|474|sample|5|276,0.01536,128618,3,5,1,126520.0,76797.7,42204.1,42204.3,42204.1,1.34876,1.34876
8|474|sample|5|276,0.0768,115873,4,5,1,126520.0,68286.9,36918.0,36918.1,36918.0,1.40681,1.40682
8|474|sample|5|276,0.384,72562,5,5,1,126520.0,59592.9,32047.1,32047.3,32047.1,0.830189,0.830198
8|474|sample|5|276,1.92,20404,6,5,1,126520.0,51041.0,27626.0,27626.2,27626.0,-0.171319,-0.171315
8|474|sample|5|276,9.6,3584,7,5,1,126520.0,42935.5,23667.7,23667.9,23667.7,-0.554704,-0.554703
8|474|sample|5|276,48.0,1678,8,5,1,126520.0,33183.4,18844.9,18845.1,18844.9,-0.592844,-0.592843
8|474|sample|6|276,0.0006144,136505,1,6,1,126520.0,86069.8,50229.8,50229.9,50229.8,1.13322,1.13322
8|474|sample|6|276,0.003072,126395,2,6,1,126520.0,84826.9,47848.0,47848.1,47848.0,1.08262,1.08263
8|474|sample|6|276,0.01536,119521,3,6,1,126520.0,76797.7,42204.1,42204.3,42204.1,1.20677,1.20678
8|474|sample|6|276,0.0768,112647,4,6,1,126520.0,68286.9,36918.0,36918.2,36918.0,1.34933,1.34934
8|474|sample|6|276,0.384,74357,5,6,1,126520.0,59592.9,32047.1,32047.3,32047.1,0.86697,0.86698
8|474|sample|6|276,1.92,20760,6,6,1,126520.0,51041.0,27626.0,27626.2,27626.0,-0.162874,-0.16287
8|474|sample|6|276,9.6,3528,7,6,1,126520.0,42935.5,23667.7,23667.9,23667.7,-0.556251,-0.55625
8|474|sample|6|276,48.0,1762,8,6,1,126520.0,33183.4,18844.9,18845.1,18844.9,-0.589943,-0.589942
8|474|sample|7|276,7.68e-05,132990,1,7,1,126520.0,93698.7,42448.1,42448.2,42448.1,1.40515,1.40515
8|474|sample|7|276,0.000384,129527,2,7,1,126520.0,94120.0,37787.3,37787.5,37787.3,1.59741,1.59742
8|474|sample|7|276,0.00192,112032,3,7,1,126520.0,87045.2,30942.7,30942.9,30942.7,1.72011,1.72012
8|474|sample|7|276,0.0096,80668,4,7,1,126520.0,79204.1,24999.1,24999.3,24999.1,1.457,1.45702
8|474|sample|7|276,0.048,30208,5,7,1,126520.0,70805.4,19970.1,19970.3,19970.1,0.334037,0.334047
8|474|sample|7|276,0.24,1942,6,7,1,126520.0,62131.6,15807.6,15807.7,15807.6,-0.568462,-0.568461
8|474|sample|7|276,1.2,666,7,7,1,126520.0,53505.0,12424.5,12424.7,12424.5,-0.609054,-0.609053
8|474|sample|7|276,6.0,798,8,7,1,126520.0,42263.4,9083.42,9083.55,9083.42,-0.580045,-0.580044
8|474|sample|8|276,7.68e-05,139337,1,8,1,126520.0,93698.7,42448.1,42448.2,42448.1,1.50365,1.50365
8|474|sample|8|276,0.000384,129049,2,8,1,126520.0,94120.0,37787.3,37787.5,37787.3,1.58909,1.5891
8|474|sample|8|276,0.00192,112244,3,8,1,126520.0,87045.2,30942.7,30942.9,30942.7,1.72461,1.72462
8|474|sample|8|276,0.0096,86461,4,8,1,126520.0,79204.1,24999.1,24999.3,24999.1,1.60862,1.60864
8|474|sample|8|276,0.048,30862,5,8,1,126520.0,70805.4,19970.1,19970.3,19970.1,0.355376,0.355386
8|474|sample|8|276,0.24,2300,6,8,1,126520.0,62131.6,15807.6,15807.7,15807.6,-0.553785,-0.553784
8|474|sample|8|276,1.2,754,7,8,1,126520.0,53505.0,12424.5,12424.7,12424.5,-0.604496,-0.604495
8|474|sample|8|276,6.0,720,8,8,1,126520.0,42263.4,9083.42,9083.55,9083.42,-0.585506,-0.585505
8|474|sample|9|276,0.0003648,135511,1,9,1,126520.0,88114.8,35519.4,35519.5,35519.4,1.85098,1.85098
8|474|sample|9|276,0.001824,117258,2,9,1,126520.0,87283.3,31147.2,31147.4,31147.2,1.8148,1.81481
8|474|sample|9|276,0.00912,89772,3,9,1,126520.0,79464.0,25174.3,25174.5,25174.3,1.67912,1.67914
8|474|sample|9|276,0.0456,24875,4,9,1,126520.0,71079.0,20116.6,20116.8,20116.6,0.154144,0.154151
8|474|sample|9|276,0.228,1858,5,9,1,126520.0,62409.1,15927.7,15927.8,15927.7,-0.572592,-0.572591
8|474|sample|9|276,1.14,680,6,9,1,126520.0,53775.9,12521.4,12521.5,12521.4,-0.608755,-0.608754
8|474|sample|9|276,5.7,720,7,9,1,126520.0,45495.6,9792.66,9792.81,9792.66,-0.591046,-0.591045
8|474|sample|9|276,28.5,790,8,9,1,126520.0,35345.9,7138.05,7138.16,7138.05,-0.55881,-0.558809
8|474|vc|1|2|276,0.0,128388,1,2,1,126520.0,118179.0,118179.0,118179.0,118179.0,0.0572659,0.0572656
8|474|vc|2|2|276,0.0,126824,2,2,1,126520.0,126520.0,126520.0,126520.0,126520.0,0.00159325,0.00159325
8|474|vc|3|2|276,0.0,135976,3,2,1,126520.0,126520.0,126520.0,126520.0,126520.0,0.049558,0.049558
8|474|vc|4|2|276,0.0,130086,4,2,1,126520.0,126520.0,126520.0,126520.0,126520.0,0.0186891,0.0186891
8|474|vc|5|2|276,0.0,126830,5,2,1,126520.0,126520.0,126520.0,126520.0,126520.0,0.0016247,0.0016247
8|474|vc|6|2|276,0.0,130250,6,2,1,126520.0,126520.0,126520.0,126520.0,126520.0,0.0195486,0.0195486
8|474|vc|7|2|276,0.0,124477,7,2,1,126520.0,126520.0,126520.0,126520.0,126520.0,-0.0107072,-0.0107072
8|474|vc|8|2|276,0.0,109329,8,2,1,126520.0,118179.0,118179.0,118179.0,118179.0,-0.0496453,-0.0496455
8|462|cc|1|1|292,0.0,566,1,1,0,129563.0,0.0,0.0,0.0,0.0,0.897646,0.897646
8|462|cc|2|1|292,0.0,562,2,1,0,129563.0,0.0,0.0,0.0,0.0,0.891302,0.891302
8|462|cc|3|1|292,0.0,584,3,1,0,129563.0,0.0,0.0,0.0,0.0,0.926193,0.926193
8|462|cc|4|1|292,0.0,656,4,1,0,129563.0,0.0,0.0,0.0,0.0,1.04038,1.04038
8|462|cc|5|1|292,0.0,696,5,1,0,129563.0,0.0,0.0,0.0,0.0,1.10382,1.10382
8|462|cc|6|1|292,0.0,706,6,1,0,129563.0,0.0,0.0,0.0,0.0,1.11968,1.11968
8|462|cc|7|1|292,0.0,668,7,1,0,129563.0,0.0,0.0,0.0,0.0,1.05941,1.05941
8|462|cc|8|1|292,0.0,710,8,1,0,129563.0,0.0,0.0,0.0,0.0,1.12602,1.12602
8|462|sample|10|292,0.0003648,102838,1,10,1,129563.0,90232.6,36444.8,36444.9,36444.8,1.19817,1.19818
8|462|sample|10|292,0.001824,109527,2,10,1,129563.0,89380.8,31864.5,31864.7,31864.5,1.60038,1.60039
8|462|sample|10|292,0.00912,75302,3,10,1,129563.0,81373.0,25667.7,25667.9,25667.7,1.26576,1.26578
8|462|sample|10|292,0.0456,30834,4,10,1,129563.0,72785.9,20435.6,20435.8,20435.6,0.3317,0.331709
8|462|sample|10|292,0.228,1866,5,10,1,129563.0,63907.1,16117.1,16117.3,16117.1,-0.573332,-0.573331
8|462|sample|10|292,1.14,542,6,10,1,129563.0,55065.8,12618.9,12619.1,12618.9,-0.616219,-0.616218
8|462|sample|10|292,5.7,526,7,10,1,129563.0,46585.9,9828.03,9828.18,9828.03,-0.603897,-0.603896
8|462|sample|10|292,28.5,550,8,10,1,129563.0,36191.9,7133.95,7134.07,7133.95,-0.579891,-0.579889
8|462|sample|11|292,0.0003712,100654,1,11,1,129563.0,90164.1,48664.6,48664.7,48664.6,0.704654,0.704656
8|462|sample|11|292,0.001856,107033,2,11,1,129563.0,89298.2,43806.9,43807.0,43806.9,0.951077,0.951081
8|462|sample|11|292,0.00928,111878,3,11,1,129563.0,81282.8,36231.0,36231.2,36231.0,1.37313,1.37314
8|462|sample|11|292,0.0464,96908,4,11,1,129563.0,72690.9,29523.8,29524.0,29523.8,1.49713,1.49714
8|462|sample|11|292,0.2319999999999999,62831,5,11,1,129563.0,63810.7,23752.8,23753.0,23752.8,1.07551,1.07552
8|462|sample|11|292,1.16,11954,6,11,1,129563.0,54971.7,18908.3,18908.5,18908.3,-0.239378,-0.239374
8|462|sample|11|292,5.8,712,7,11,1,129563.0,46497.3,14924.9,14925.1,14924.9,-0.616221,-0.616221
8|462|sample|11|292,29.0,526,8,11,1,129563.0,36116.7,10941.6,10941.7,10941.6,-0.609913,-0.609912
8|462|sample|12|292,0.0003712,92444,1,12,1,129563.0,90164.1,48664.6,48664.7,48664.6,0.593377,0.593379
8|462|sample|12|292,0.001856,89758,2,12,1,129563.0,83413.8,40925.5,40925.6,40925.5,0.785756,0.785759
8|462|sample|12|292,0.00928,86511,3,12,1,129563.0,75927.4,33849.4,33849.5,33849.4,1.02234,1.02234
8|462|sample|12|292,0.0464,76016,4,12,1,129563.0,67902.4,27584.7,27584.9,27584.7,1.15054,1.15055
8|462|sample|12|292,0.2319999999999999,48569,5,12,1,129563.0,59608.2,22194.5,22194.7,22194.5,0.775895,0.775906
8|462|sample|12|292,1.16,9584,6,12,1,129563.0,51352.5,17669.7,17669.8,17669.7,-0.297376,-0.297372
8|462|sample|12|292,5.8,838,7,12,1,129563.0,43437.3,13949.1,13949.2,13949.1,-0.607056,-0.607055
8|462|sample|12|292,29.0,604,8,12,1,129563.0,36116.7,10941.6,10941.7,10941.6,-0.605346,-0.605345
8|462|sample|3|292,6.4e-05,108562,1,3,1,129563.0,96566.3,65897.2,65897.2,65897.2,0.428006,0.428005
8|462|sample|3|292,0.00032,130392,2,3,1,129563.0,97147.2,62508.4,62508.4,62508.4,0.71767,0.71767
8|462|sample|3|292,0.0016,132645,3,3,1,129563.0,90000.1,54548.0,54548.0,54548.0,0.945215,0.945218
8|462|sample|3|292,0.008,136907,4,3,1,129563.0,82050.0,46897.8,46897.9,46897.8,1.26552,1.26552
8|462|sample|3|292,0.04,113528,5,3,1,129563.0,73500.1,39758.2,39758.4,39758.2,1.2215,1.22151
8|462|sample|3|292,0.2,82203,6,3,1,129563.0,64633.0,33275.5,33275.7,33275.5,0.966022,0.96603
8|462|sample|3|292,1.0,54160,7,3,1,129563.0,55776.2,27534.0,27534.2,27534.0,0.633677,0.633686
8|462|sample|3|292,5.0,30876,8,3,1,129563.0,44145.7,21080.4,21080.6,21080.4,0.303099,0.303107
8|462|sample|4|292,6.4e-05,104240,1,4,1,129563.0,96566.3,65897.2,65897.2,65897.2,0.384649,0.384648
8|462|sample|4|292,0.00032,128947,2,4,1,129563.0,97147.2,62508.4,62508.4,62508.4,0.702393,0.702393
8|462|sample|4|292,0.0016,136467,3,4,1,129563.0,90000.1,54548.0,54548.0,54548.0,0.991473,0.991476
8|462|sample|4|292,0.008,138746,4,4,1,129563.0,82050.0,46897.8,46897.9,46897.8,1.29138,1.29138
8|462|sample|4|292,0.04,119405,5,4,1,129563.0,73500.1,39758.2,39758.4,39758.2,1.31881,1.31882
8|462|sample|4|292,0.2,86679,6,4,1,129563.0,64633.0,33275.5,33275.7,33275.5,1.0544,1.05441
8|462|sample|4|292,1.0,49742,7,4,1,129563.0,55776.2,27534.0,27534.2,27534.0,0.528531,0.52854
8|462|sample|4|292,5.0,30602,8,4,1,129563.0,44145.7,21080.4,21080.6,21080.4,0.29462,0.294628
8|462|sample|5|292,0.0006144,100518,1,5,1,129563.0,88138.3,55358.2,55358.2,55358.2,0.538634,0.538634
8|462|sample|5|292,0.003072,130424,2,5,1,129563.0,86865.2,51397.5,51397.6,51397.5,1.01462,1.01462
8|462|sample|5|292,0.01536,129379,3,5,1,129563.0,78642.4,43932.9,43933.0,43932.9,1.28167,1.28168
8|462|sample|5|292,0.0768,104544,4,5,1,129563.0,69926.5,37045.4,37045.6,37045.4,1.19859,1.1986
8|462|sample|5|292,0.384,71521,5,5,1,129563.0,61023.0,30856.3,30856.5,30856.3,0.864981,0.86499
8|462|sample|5|292,1.92,57664,6,5,1,129563.0,52265.0,25425.7,25425.9,25425.7,0.829829,0.82984
8|462|sample|5|292,9.6,30300,7,5,1,129563.0,43964.2,20759.2,20759.4,20759.2,0.29969,0.2997
8|462|sample|5|292,48.0,15085,8,5,1,129563.0,33977.4,15719.9,15720.1,15719.9,-0.0261786,-0.0261718
8|462|sample|6|292,0.0006144,102350,1,6,1,129563.0,88138.3,55358.2,55358.2,55358.2,0.560485,0.560485
8|462|sample|6|292,0.003072,113884,2,6,1,129563.0,86865.2,51397.5,51397.6,51397.5,0.802261,0.802264
8|462|sample|6|292,0.01536,121365,3,6,1,129563.0,78642.4,43932.9,43933.0,43932.9,1.16146,1.16147
8|462|sample|6|292,0.0768,98102,4,6,1,129563.0,69926.5,37045.4,37045.6,37045.4,1.0842,1.0842
8|462|sample|6|292,0.384,76259,5,6,1,129563.0,61023.0,30856.3,30856.5,30856.3,0.965763,0.965774
8|462|sample|6|292,1.92,51729,6,6,1,129563.0,52265.0,25425.7,25425.9,25425.7,0.677058,0.677068
8|462|sample|6|292,9.6,27657,7,6,1,129563.0,43964.2,20759.2,20759.4,20759.2,0.216668,0.216676
8|462|sample|6|292,48.0,13804,8,6,1,129563.0,33977.4,15719.9,15720.1,15719.9,-0.078982,-0.0789755
8|462|sample|7|292,7.68e-05,94296,1,7,1,129563.0,95951.1,43657.8,43657.8,43657.8,0.764303,0.764306
8|462|sample|7|292,0.000384,117953,2,7,1,129563.0,96382.2,38768.1,38768.3,38768.1,1.34429,1.3443
8|462|sample|7|292,0.00192,127709,3,7,1,129563.0,89136.9,31652.1,31652.3,31652.1,1.99254,1.99256
8|462|sample|7|292,0.0096,104166,4,7,1,129563.0,81106.9,25486.2,25486.4,25486.2,2.02054,2.02056
8|462|sample|7|292,0.048,34555,5,7,1,129563.0,72505.7,20284.3,20284.5,20284.3,0.458552,0.458563
8|462|sample|7|292,0.24,2124,6,7,1,129563.0,63622.9,15993.5,15993.7,15993.5,-0.562182,-0.562181
8|462|sample|7|292,1.2,604,7,7,1,129563.0,54788.4,12519.7,12519.8,12519.7,-0.612655,-0.612654
8|462|sample|7|292,6.0,570,8,7,1,129563.0,43276.2,9115.03,9115.17,9115.03,-0.596237,-0.596236
8|462|sample|8|292,7.68e-05,101781,1,8,1,129563.0,95951.1,43657.8,43657.9,43657.8,0.877277,0.87728
8|462|sample|8|292,0.000384,127577,2,8,1,129563.0,96382.2,38768.1,38768.3,38768.1,1.50768,1.50768
8|462|sample|8|292,0.00192,127445,3,8,1,129563.0,89136.9,31652.1,31652.3,31652.1,1.98707,1.98708
8|462|sample|8|292,0.0096,110699,4,8,1,129563.0,81106.9,25486.2,25486.4,25486.2,2.18831,2.18833
8|462|sample|8|292,0.048,35462,5,8,1,129563.0,72505.7,20284.3,20284.5,20284.3,0.487697,0.487708
8|462|sample|8|292,0.24,2200,6,8,1,129563.0,63622.9,15993.5,15993.7,15993.5,-0.559102,-0.559101
8|462|sample|8|292,1.2,518,7,8,1,129563.0,54788.4,12519.7,12519.8,12519.7,-0.617077,-0.617076
8|462|sample|8|292,6.0,538,8,8,1,129563.0,43276.2,9115.03,9115.18,9115.03,-0.59847,-0.598469
8|462|sample|9|292,0.0003648,110763,1,9,1,129563.0,90232.6,36444.8,36444.9,36444.8,1.34119,1.3412
8|462|sample|9|292,0.001824,99793,2,9,1,129563.0,89380.8,31864.5,31864.7,31864.5,1.39979,1.39981
8|462|sample|9|292,0.00912,104612,3,9,1,129563.0,81373.0,25667.7,25667.9,25667.7,2.01322,2.01324
8|462|sample|9|292,0.0456,29106,4,9,1,129563.0,72785.9,20435.6,20435.8,20435.6,0.276577,0.276586
8|462|sample|9|292,0.228,1898,5,9,1,129563.0,63907.1,16117.1,16117.3,16117.1,-0.572045,-0.572044
8|462|sample|9|292,1.14,602,6,9,1,129563.0,55065.8,12618.9,12619.1,12618.9,-0.613158,-0.613157
8|462|sample|9|292,5.7,556,7,9,1,129563.0,46585.9,9828.03,9828.19,9828.03,-0.601949,-0.601948
8|462|sample|9|292,28.5,492,8,9,1,129563.0,36191.9,7133.95,7134.07,7133.95,-0.584999,-0.584998
8|462|vc|1|2|292,0.0,109457,1,2,1,129563.0,121022.0,121024.0,121024.0,121024.0,-0.0633626,-0.0633629
8|462|vc|2|2|292,0.0,135900,2,2,1,129563.0,129563.0,129563.0,129563.0,129563.0,0.0324341,0.0324341
8|462|vc|3|2|292,0.0,145948,3,2,1,129563.0,129563.0,129563.0,129563.0,129563.0,0.0838619,0.0838619
8|462|vc|4|2|292,0.0,141437,4,2,1,129563.0,129563.0,129563.0,129563.0,129563.0,0.0607736,0.0607736
8|462|vc|5|2|292,0.0,134947,5,2,1,129563.0,129563.0,129563.0,129563.0,129563.0,0.0275565,0.0275565
8|462|vc|6|2|292,0.0,143094,6,2,1,129563.0,129563.0,129563.0,129563.0,129563.0,0.0692545,0.0692545
8|462|vc|7|2|292,0.0,130244,7,2,1,129563.0,129563.0,129563.0,129563.0,129563.0,0.00348552,0.00348552
8|462|vc|8|2|292,0.0,95477,8,2,1,129563.0,121022.0,121024.0,121024.0,121024.0,-0.139947,-0.139947
8|75|cc|1|1|65,0.0,476,1,1,0,11543.75,0.0,0.0,0.0,0.0,0.754911,0.754911
8|75|cc|2|1|65,0.0,506,2,1,0,11543.75,0.0,0.0,0.0,0.0,0.802489,0.802489
8|75|cc|3|1|65,0.0,530,3,1,0,11543.75,0.0,0.0,0.0,0.0,0.840552,0.840552
8|75|cc|4|1|65,0.0,516,4,1,0,11543.75,0.0,0.0,0.0,0.0,0.818349,0.818349
8|75|cc|5|1|65,0.0,544,5,1,0,11543.75,0.0,0.0,0.0,0.0,0.862755,0.862755
8|75|cc|6|1|65,0.0,508,6,1,0,11543.75,0.0,0.0,0.0,0.0,0.805661,0.805661
8|75|cc|7|1|65,0.0,588,7,1,0,11543.75,0.0,0.0,0.0,0.0,0.932537,0.932537
8|75|cc|8|1|65,0.0,520,8,1,0,11543.75,0.0,0.0,0.0,0.0,0.824692,0.824692
8|75|sample|10|65,0.0003648,9492,1,10,1,11543.75,8095.83,4282.86,4282.86,4282.86,0.736977,0.736979
8|75|sample|10|65,0.001824,15953,2,10,1,11543.75,8034.65,3872.65,3872.66,3872.65,1.87244,1.87245
8|75|sample|10|65,0.00912,16247,3,10,1,11543.75,7335.33,3232.65,3232.67,3232.65,2.3707,2.37071
8|75|sample|10|65,0.0456,12740,4,10,1,11543.75,6585.42,2670.82,2670.84,2670.82,2.16767,2.16768
8|75|sample|10|65,0.228,11350,5,10,1,11543.75,5810.03,2190.98,2191.0,2190.98,2.33416,2.33418
8|75|sample|10|65,1.14,6674,6,10,1,11543.75,5037.93,1790.68,1790.7,1790.68,1.46991,1.46992
8|75|sample|10|65,5.7,4010,7,10,1,11543.75,4297.38,1463.23,1463.25,1463.23,0.899917,0.89993
8|75|sample|10|65,28.5,1556,8,10,1,11543.75,3379.79,1128.65,1128.66,1128.65,0.183639,0.183646
8|75|sample|11|65,0.0003712,11442,1,11,1,11543.75,8089.85,3553.0,3553.0,3553.0,1.32118,1.32118
8|75|sample|11|65,0.001856,13046,2,11,1,11543.75,8027.43,3173.18,3173.19,3173.18,1.82821,1.82821
8|75|sample|11|65,0.00928,11394,3,11,1,11543.75,7327.45,2625.93,2625.94,2625.93,1.9154,1.9154
8|75|sample|11|65,0.0464,7362,4,11,1,11543.75,6577.12,2158.59,2158.59,2158.59,1.34275,1.34275
8|75|sample|11|65,0.2319999999999999,2518,5,11,1,11543.75,5801.62,1768.4,1768.4,1768.4,0.227933,0.227934
8|75|sample|11|65,1.16,618,6,11,1,11543.75,5029.71,1448.73,1448.73,1448.73,-0.295826,-0.295826
8|75|sample|11|65,5.8,582,7,11,1,11543.75,4289.65,1190.86,1190.86,1190.86,-0.251537,-0.251537
8|75|sample|11|65,29.0,612,8,11,1,11543.75,3373.23,928.687,928.688,928.687,-0.156275,-0.156275
8|75|sample|12|65,0.0003712,10454,1,12,1,11543.75,8089.85,3553.0,3553.0,3553.0,1.15572,1.15572
8|75|sample|12|65,0.001856,10998,2,12,1,11543.75,7500.77,2970.51,2970.51,2970.51,1.57537,1.57537
8|75|sample|12|65,0.00928,9204,3,12,1,11543.75,6847.44,2459.76,2459.77,2459.76,1.55832,1.55832
8|75|sample|12|65,0.0464,4926,4,12,1,11543.75,6147.11,2023.59,2023.59,2023.59,0.790359,0.79036
8|75|sample|12|65,0.2319999999999999,1482,5,12,1,11543.75,5423.29,1659.43,1659.43,1659.43,-0.0567795,-0.0567791
8|75|sample|12|65,1.16,542,6,12,1,11543.75,4702.82,1361.08,1361.08,1361.08,-0.306035,-0.306035
8|75|sample|12|65,5.8,592,7,12,1,11543.75,4012.08,1120.41,1120.41,1120.41,-0.228288,-0.228288
8|75|sample|12|65,29.0,536,8,12,1,11543.75,3373.23,928.687,928.688,928.687,-0.193779,-0.193778
8|75|sample|3|65,6.4e-05,9174,1,3,1,11543.75,8648.56,4142.85,4142.86,4142.85,0.733636,0.733639
8|75|sample|3|65,0.00032,13782,2,3,1,11543.75,8712.89,3856.51,3856.52,3856.51,1.54425,1.54425
8|75|sample|3|65,0.0016,12730,3,3,1,11543.75,8088.73,3328.85,3328.87,3328.85,1.66856,1.66857
8|75|sample|3|65,0.008,12668,4,3,1,11543.75,7394.45,2852.86,2852.88,2852.86,1.99544,1.99545
8|75|sample|3|65,0.04,5898,5,3,1,11543.75,6647.79,2431.57,2431.59,2431.57,0.808864,0.808874
8|75|sample|3|65,0.2,1670,6,3,1,11543.75,5873.43,2064.93,2064.95,2064.93,-0.10576,-0.105755
8|75|sample|3|65,1.0,916,7,3,1,11543.75,5099.97,1750.52,1750.54,1750.52,-0.255851,-0.255847
8|75|sample|3|65,5.0,826,8,3,1,11543.75,4073.9,1394.38,1394.39,1394.38,-0.20847,-0.208467
8|75|sample|4|65,6.4e-05,9994,1,4,1,11543.75,8648.56,4142.85,4142.86,4142.85,0.853208,0.853211
8|75|sample|4|65,0.00032,12470,2,4,1,11543.75,8712.89,3856.51,3856.52,3856.51,1.34012,1.34013
8|75|sample|4|65,0.0016,13558,3,4,1,11543.75,8088.73,3328.85,3328.87,3328.85,1.81552,1.81553
8|75|sample|4|65,0.008,12398,4,4,1,11543.75,7394.45,2852.86,2852.88,2852.86,1.94054,1.94056
8|75|sample|4|65,0.04,5708,5,4,1,11543.75,6647.79,2431.57,2431.59,2431.57,0.764529,0.764539
8|75|sample|4|65,0.2,2180,6,4,1,11543.75,5873.43,2064.93,2064.95,2064.93,0.0308072,0.0308126
8|75|sample|4|65,1.0,968,7,4,1,11543.75,5099.97,1750.52,1750.54,1750.52,-0.239909,-0.239905
8|75|sample|4|65,5.0,668,8,4,1,11543.75,4073.9,1394.38,1394.39,1394.38,-0.26642,-0.266417
8|75|sample|5|65,0.0006144,9826,1,5,1,11543.75,7913.06,3403.26,3403.27,3403.26,1.11775,1.11776
8|75|sample|5|65,0.003072,10274,2,5,1,11543.75,7814.96,3129.45,3129.47,3129.45,1.3393,1.33931
8|75|sample|5|65,0.01536,8880,3,5,1,11543.75,7096.87,2675.45,2675.47,2675.45,1.3337,1.33371
8|75|sample|5|65,0.0768,3258,4,5,1,11543.75,6335.71,2276.47,2276.49,2276.47,0.242204,0.242211
8|75|sample|5|65,0.384,1754,5,5,1,11543.75,5558.17,1931.41,1931.42,1931.41,-0.050209,-0.0502041
8|75|sample|5|65,1.92,1028,6,5,1,11543.75,4793.34,1637.08,1637.09,1637.08,-0.197034,-0.19703
8|75|sample|5|65,9.6,926,7,5,1,11543.75,4068.43,1388.97,1388.99,1388.97,-0.170318,-0.170313
8|75|sample|5|65,48.0,608,8,5,1,11543.75,3186.53,1112.17,1112.19,1112.17,-0.218992,-0.218988
8|75|sample|6|65,0.0006144,8692,1,6,1,11543.75,7913.06,3403.26,3403.27,3403.26,0.920401,0.920407
8|75|sample|6|65,0.003072,13380,2,6,1,11543.75,7814.96,3129.45,3129.47,3129.45,1.92154,1.92155
8|75|sample|6|65,0.01536,8136,3,6,1,11543.75,7096.87,2675.45,2675.47,2675.45,1.17377,1.17378
8|75|sample|6|65,0.0768,3106,4,6,1,11543.75,6335.71,2276.47,2276.49,2276.47,0.204696,0.204702
8|75|sample|6|65,0.384,1780,5,6,1,11543.75,5558.17,1931.41,1931.42,1931.41,-0.0428513,-0.0428464
8|75|sample|6|65,1.92,1208,6,6,1,11543.75,4793.34,1637.08,1637.09,1637.08,-0.138806,-0.138802
8|75|sample|6|65,9.6,856,7,6,1,11543.75,4068.43,1388.97,1388.99,1388.97,-0.196068,-0.196064
8|75|sample|6|65,48.0,602,8,6,1,11543.75,3186.53,1112.17,1112.19,1112.17,-0.221598,-0.221594
8|75|sample|7|65,7.68e-05,10480,1,7,1,11543.75,8594.87,4963.52,4963.52,4963.52,0.681774,0.681775
8|75|sample|7|65,0.000384,13258,2,7,1,11543.75,8646.08,4555.92,4555.93,4555.92,1.16358,1.16359
8|75|sample|7|65,0.00192,16339,3,7,1,11543.75,8013.35,3851.14,3851.16,3851.14,1.94535,1.94536
8|75|sample|7|65,0.0096,16439,4,7,1,11543.75,7312.09,3213.5,3213.52,3213.5,2.42186,2.42187
8|75|sample|7|65,0.048,14116,5,7,1,11543.75,6560.95,2654.26,2654.28,2654.26,2.48074,2.48076
8|75|sample|7|65,0.24,12342,6,7,1,11543.75,5785.22,2177.02,2177.04,2177.02,2.60445,2.60448
8|75|sample|7|65,1.2,5688,7,7,1,11543.75,5013.7,1779.16,1779.18,1779.16,1.18274,1.18276
8|75|sample|7|65,6.0,2598,8,7,1,11543.75,3998.02,1365.93,1365.95,1365.93,0.459082,0.459091
8|75|sample|8|65,7.68e-05,10458,1,8,1,11543.75,8594.87,4963.52,4963.52,4963.52,0.679055,0.679056
8|75|sample|8|65,0.000384,12990,2,8,1,11543.75,8646.08,4555.92,4555.93,4555.92,1.12775,1.12775
8|75|sample|8|65,0.00192,16171,3,8,1,11543.75,8013.35,3851.14,3851.16,3851.14,1.91918,1.91919
8|75|sample|8|65,0.0096,15275,4,8,1,11543.75,7312.09,3213.5,3213.52,3213.5,2.20871,2.20872
8|75|sample|8|65,0.048,14237,5,8,1,11543.75,6560.95,2654.26,2654.28,2654.26,2.50693,2.50695
8|75|sample|8|65,0.24,10710,6,8,1,11543.75,5785.22,2177.02,2177.04,2177.02,2.1863,2.18632
8|75|sample|8|65,1.2,6990,7,8,1,11543.75,5013.7,1779.16,1779.18,1779.16,1.57671,1.57672
8|75|sample|8|65,6.0,2192,8,8,1,11543.75,3998.02,1365.93,1365.95,1365.93,0.3078,0.307808
8|75|sample|9|65,0.0003648,9810,1,9,1,11543.75,8095.83,4282.86,4282.86,4282.86,0.781967,0.781969
8|75|sample|9|65,0.001824,14515,2,9,1,11543.75,8034.65,3872.65,3872.66,3872.65,1.64955,1.64956
8|75|sample|9|65,0.00912,14010,3,9,1,11543.75,7335.33,3232.65,3232.67,3232.65,1.96321,1.96322
8|75|sample|9|65,0.0456,15117,4,9,1,11543.75,6585.42,2670.82,2670.84,2670.82,2.67938,2.6794
8|75|sample|9|65,0.228,12188,5,9,1,11543.75,5810.03,2190.98,2191.0,2190.98,2.54772,2.54774
8|75|sample|9|65,1.14,6778,6,9,1,11543.75,5037.93,1790.68,1790.7,1790.68,1.50121,1.50123
8|75|sample|9|65,5.7,3686,7,9,1,11543.75,4297.38,1463.23,1463.25,1463.23,0.785429,0.785441
8|75|sample|9|65,28.5,1722,8,9,1,11543.75,3379.79,1128.65,1128.66,1128.65,0.254974,0.254981
8|75|vc|1|2|65,0.0,10294,1,2,1,11543.75,10782.7,10782.8,10782.8,10782.8,-0.0290273,-0.0290276
8|75|vc|2|2|65,0.0,11198,2,2,1,11543.75,11543.7,11543.7,11543.7,11543.7,-0.0192272,-0.0192272
8|75|vc|3|2|65,0.0,11944,3,2,1,11543.75,11543.7,11543.7,11543.7,11543.7,0.022258,0.022258
8|75|vc|4|2|65,0.0,13524,4,2,1,11543.75,11543.7,11543.7,11543.7,11543.7,0.110122,0.110122
8|75|vc|5|2|65,0.0,13024,5,2,1,11543.75,11543.7,11543.7,11543.7,11543.7,0.082317,0.082317
8|75|vc|6|2|65,0.0,11948,6,2,1,11543.75,11543.7,11543.7,11543.7,11543.7,0.0224804,0.0224804
8|75|vc|7|2|65,0.0,11746,7,2,1,11543.75,11543.7,11543.7,11543.7,11543.7,0.0112472,0.0112472
8|75|vc|8|2|65,0.0,8672,8,2,1,11543.75,10782.7,10782.8,10782.8,10782.8,-0.125354,-0.125355
8|291|cc|1|1|103,0.0,528,1,1,0,98225.875,0.0,0.0,0.0,0.0,0.83738,0.83738
8|291|cc|2|1|103,0.0,646,2,1,0,98225.875,0.0,0.0,0.0,0.0,1.02452,1.02452
8|291|cc|3|1|103,0.0,582,3,1,0,98225.875,0.0,0.0,0.0,0.0,0.923021,0.923021
8|291|cc|4|1|103,0.0,620,4,1,0,98225.875,0.0,0.0,0.0,0.0,0.983287,0.983287
8|291|cc|5|1|103,0.0,622,5,1,0,98225.875,0.0,0.0,0.0,0.0,0.986459,0.986459
8|291|cc|6|1|103,0.0,604,6,1,0,98225.875,0.0,0.0,0.0,0.0,0.957912,0.957912
8|291|cc|7|1|103,0.0,640,7,1,0,98225.875,0.0,0.0,0.0,0.0,1.01501,1.01501
8|291|cc|8|1|103,0.0,614,8,1,0,98225.875,0.0,0.0,0.0,0.0,0.973772,0.973772
8|291|sample|10|103,0.0003648,76142,1,10,1,98225.875,68423.2,27565.5,27565.6,27565.5,1.15478,1.15479
8|291|sample|10|103,0.001824,78961,2,10,1,98225.875,67781.3,23417.1,23417.2,23417.1,1.55022,1.55023
8|291|sample|10|103,0.00912,61146,3,10,1,98225.875,61714.1,18265.9,18266.0,18265.9,1.5267,1.52672
8|291|sample|10|103,0.0456,26839,4,10,1,98225.875,55208.0,14049.9,14050.0,14049.9,0.588008,0.58802
8|291|sample|10|103,0.228,2248,5,10,1,98225.875,48480.8,10693.0,10693.1,10693.0,-0.505583,-0.505582
8|291|sample|10|103,1.14,632,6,10,1,98225.875,41782.1,8078.06,8078.16,8078.06,-0.582957,-0.582956
8|291|sample|10|103,5.7,498,7,10,1,98225.875,35357.2,6075.73,6075.82,6075.73,-0.571305,-0.571304
8|291|sample|10|103,28.5,558,8,10,1,98225.875,27479.5,4270.24,4270.31,4270.24,-0.526615,-0.526613
8|291|sample|11|103,0.0003712,73274,1,11,1,98225.875,68371.3,30370.1,30370.2,30370.1,0.927029,0.927034
8|291|sample|11|103,0.001856,69690,2,11,1,98225.875,67718.7,26843.9,26844.0,26843.9,1.04552,1.04553
8|291|sample|11|103,0.00928,51029,3,11,1,98225.875,61645.8,21849.2,21849.3,21849.2,0.871739,0.871749
8|291|sample|11|103,0.0464,18731,4,11,1,98225.875,55136.0,17565.7,17565.9,17565.7,0.0430983,0.0431041
8|291|sample|11|103,0.2319999999999999,1836,5,11,1,98225.875,48407.8,13979.8,13980.0,13979.8,-0.561071,-0.56107
8|291|sample|11|103,1.16,454,6,11,1,98225.875,41710.8,11038.0,11038.2,11038.0,-0.61456,-0.614559
8|291|sample|11|103,5.8,548,7,11,1,98225.875,35290.1,8664.46,8664.59,8664.46,-0.594423,-0.594422
8|291|sample|11|103,29.0,510,8,11,1,98225.875,27422.5,6336.57,6336.67,6336.57,-0.573752,-0.57375
8|291|sample|12|103,0.0003712,69558,1,12,1,98225.875,68371.3,30370.1,30370.2,30370.1,0.846737,0.846741
8|291|sample|12|103,0.001856,72538,2,12,1,98225.875,63257.0,25081.1,25081.2,25081.1,1.23808,1.23809
8|291|sample|12|103,0.00928,50948,3,12,1,98225.875,57584.9,20416.0,20416.1,20416.0,0.974876,0.974887
8|291|sample|12|103,0.0464,23756,4,12,1,98225.875,51504.8,16415.2,16415.4,16415.2,0.290086,0.290094
8|291|sample|12|103,0.2319999999999999,2516,5,12,1,98225.875,45220.7,13066.0,13066.1,13066.0,-0.520463,-0.520461
8|291|sample|12|103,1.16,468,6,12,1,98225.875,38965.8,10318.3,10318.4,10318.3,-0.610293,-0.610292
8|291|sample|12|103,5.8,510,7,12,1,98225.875,32968.9,8101.38,8101.5,8101.38,-0.592708,-0.592707
8|291|sample|12|103,29.0,486,8,12,1,98225.875,27422.5,6336.57,6336.67,6336.57,-0.576115,-0.576114
8|291|sample|3|103,6.4e-05,84948,1,3,1,98225.875,73221.9,46014.7,46014.7,46014.7,0.55781,0.557809
8|291|sample|3|103,0.00032,102466,2,3,1,98225.875,73665.6,44078.8,44078.8,44078.8,0.872925,0.872926
8|291|sample|3|103,0.0016,104314,3,3,1,98225.875,68250.6,39015.3,39015.4,39015.3,1.10161,1.10161
8|291|sample|3|103,0.008,106252,4,3,1,98225.875,62227.0,34170.7,34170.8,34170.7,1.38635,1.38635
8|291|sample|3|103,0.04,101815,5,3,1,98225.875,55749.1,29631.4,29631.5,29631.4,1.59802,1.59803
8|291|sample|3|103,0.2,73444,6,3,1,98225.875,49030.9,25460.9,25461.0,25460.9,1.23344,1.23345
8|291|sample|3|103,1.0,25577,7,3,1,98225.875,42320.4,21697.7,21697.8,21697.7,0.116684,0.116689
8|291|sample|3|103,5.0,2234,8,3,1,98225.875,33505.6,17154.2,17154.4,17154.2,-0.564827,-0.564826
8|291|sample|4|103,6.4e-05,78742,1,4,1,98225.875,73221.9,46014.7,46014.7,46014.7,0.468894,0.468894
8|291|sample|4|103,0.00032,104674,2,4,1,98225.875,73665.6,44078.8,44078.8,44078.8,0.905936,0.905937
8|291|sample|4|103,0.0016,109031,3,4,1,98225.875,68250.6,39015.3,39015.4,39015.3,1.18118,1.18119
8|291|sample|4|103,0.008,112435,4,4,1,98225.875,62227.0,34170.7,34170.8,34170.7,1.50526,1.50527
8|291|sample|4|103,0.04,96222,5,4,1,98225.875,55749.1,29631.4,29631.5,29631.4,1.4742,1.47421
8|291|sample|4|103,0.2,69267,6,4,1,98225.875,49030.9,25460.9,25461.0,25460.9,1.12607,1.12608
8|291|sample|4|103,1.0,26117,7,4,1,98225.875,42320.4,21697.7,21697.8,21697.7,0.132926,0.132932
8|291|sample|4|103,5.0,2412,8,4,1,98225.875,33505.6,17154.2,17154.4,17154.2,-0.558089,-0.558088
8|291|sample|5|103,0.0006144,76851,1,5,1,98225.875,66836.5,39243.2,39243.2,39243.2,0.630811,0.630812
8|291|sample|5|103,0.003072,101000,2,5,1,98225.875,65875.3,37020.0,37020.1,37020.0,1.13688,1.13689
8|291|sample|5|103,0.01536,101897,3,5,1,98225.875,59645.3,32289.9,32290.0,32289.9,1.41573,1.41574
8|291|sample|5|103,0.0768,93625,4,5,1,98225.875,53041.5,27893.8,27894.0,27893.8,1.54447,1.54448
8|291|sample|5|103,0.384,53214,5,5,1,98225.875,46295.7,23885.2,23885.3,23885.2,0.802793,0.802802
8|291|sample|5|103,1.92,8940,6,5,1,98225.875,39660.1,20292.6,20292.7,20292.6,-0.364651,-0.364648
8|291|sample|5|103,9.6,1202,7,5,1,98225.875,33370.8,17122.6,17122.8,17122.6,-0.603784,-0.603784
8|291|sample|5|103,48.0,628,8,5,1,98225.875,25801.6,13424.6,13424.8,13424.6,-0.614941,-0.614941
8|291|sample|6|103,0.0006144,76513,1,6,1,98225.875,66836.5,39243.2,39243.2,39243.2,0.625141,0.625142
8|291|sample|6|103,0.003072,102272,2,6,1,98225.875,65875.3,37020.0,37020.1,37020.0,1.15949,1.15949
8|291|sample|6|103,0.01536,99267,3,6,1,98225.875,59645.3,32289.9,32290.0,32289.9,1.36224,1.36225
8|291|sample|6|103,0.0768,85522,4,6,1,98225.875,53041.5,27893.8,27894.0,27893.8,1.35408,1.35409
8|291|sample|6|103,0.384,49954,5,6,1,98225.875,46295.7,23885.2,23885.3,23885.2,0.713559,0.713568
8|291|sample|6|103,1.92,9548,6,6,1,98225.875,39660.1,20292.6,20292.7,20292.6,-0.345122,-0.345119
8|291|sample|6|103,9.6,1270,7,6,1,98225.875,33370.8,17122.6,17122.8,17122.6,-0.601205,-0.601205
8|291|sample|6|103,48.0,528,8,6,1,98225.875,25801.6,13424.6,13424.8,13424.6,-0.619747,-0.619746
8|291|sample|7|103,7.68e-05,74219,1,7,1,98225.875,72755.8,33807.4,33807.4,33807.4,0.78549,0.785492
8|291|sample|7|103,0.000384,94028,2,7,1,98225.875,73086.0,29296.1,29296.2,29296.1,1.44922,1.44923
8|291|sample|7|103,0.00192,88873,3,7,1,98225.875,67596.5,23238.2,23238.3,23238.2,1.8457,1.84572
8|291|sample|7|103,0.0096,71607,4,7,1,98225.875,61512.5,18117.3,18117.4,18117.3,1.9197,1.91972
8|291|sample|7|103,0.048,25271,5,7,1,98225.875,54995.7,13930.2,13930.4,13930.2,0.525767,0.525778
8|291|sample|7|103,0.24,2124,6,7,1,98225.875,48265.5,10598.9,10599.0,10598.9,-0.511706,-0.511705
8|291|sample|7|103,1.2,676,7,7,1,98225.875,41571.9,8005.47,8005.58,8005.47,-0.578774,-0.578773
8|291|sample|7|103,6.0,642,8,7,1,98225.875,32846.8,5632.07,5632.16,5632.07,-0.548585,-0.548584
8|291|sample|8|103,7.68e-05,72099,1,8,1,98225.875,72755.8,33807.4,33807.5,33807.4,0.744282,0.744285
8|291|sample|8|103,0.000384,93669,2,8,1,98225.875,73086.0,29296.1,29296.3,29296.1,1.44118,1.44119
8|291|sample|8|103,0.00192,96224,3,8,1,98225.875,67596.5,23238.2,23238.3,23238.2,2.05242,2.05243
8|291|sample|8|103,0.0096,78234,4,8,1,98225.875,61512.5,18117.3,18117.4,18117.3,2.15754,2.15756
8|291|sample|8|103,0.048,29776,5,8,1,98225.875,54995.7,13930.2,13930.4,13930.2,0.734624,0.734638
8|291|sample|8|103,0.24,2672,6,8,1,98225.875,48265.5,10598.9,10599.0,10598.9,-0.478619,-0.478617
8|291|sample|8|103,1.2,586,7,8,1,98225.875,41571.9,8005.47,8005.58,8005.47,-0.585881,-0.58588
8|291|sample|8|103,6.0,506,8,8,1,98225.875,32846.8,5632.07,5632.16,5632.07,-0.563536,-0.563535
8|291|sample|9|103,0.0003648,67254,1,9,1,98225.875,68423.2,27565.5,27565.6,27565.5,0.943494,0.943499
8|291|sample|9|103,0.001824,84908,2,9,1,98225.875,67781.3,23417.1,23417.2,23417.1,1.7162,1.71621
8|291|sample|9|103,0.00912,66966,3,9,1,98225.875,61714.1,18265.9,18266.0,18265.9,1.73392,1.73393
8|291|sample|9|103,0.0456,29642,4,9,1,98225.875,55208.0,14049.9,14050.0,14049.9,0.716884,0.716897
8|291|sample|9|103,0.228,2230,5,9,1,98225.875,48480.8,10693.0,10693.1,10693.0,-0.506661,-0.506659
8|291|sample|9|103,1.14,562,6,9,1,98225.875,41782.1,8078.06,8078.16,8078.06,-0.588438,-0.588437
8|291|sample|9|103,5.7,484,7,9,1,98225.875,35357.2,6075.73,6075.82,6075.73,-0.572739,-0.572738
8|291|sample|9|103,28.5,548,8,9,1,98225.875,27479.5,4270.24,4270.31,4270.24,-0.528034,-0.528032
8|291|vc|1|2|103,0.0,87702,1,2,1,98225.875,91750.5,91752.5,91752.5,91752.5,-0.0292353,-0.0292356
8|291|vc|2|2|103,0.0,107225,2,2,1,98225.875,98225.9,98225.9,98225.9,98225.9,0.0606913,0.0606913
8|291|vc|3|2|103,0.0,103247,3,2,1,98225.875,98225.9,98225.9,98225.9,98225.9,0.0338632,0.0338632
8|291|vc|4|2|103,0.0,105493,4,2,1,98225.875,98225.9,98225.9,98225.9,98225.9,0.0490105,0.0490105
8|291|vc|5|2|103,0.0,108146,5,2,1,98225.875,98225.9,98225.9,98225.9,98225.9,0.0669027,0.0669027
8|291|vc|6|2|103,0.0,97541,6,2,1,98225.875,98225.9,98225.9,98225.9,98225.9,-0.00461887,-0.00461887
8|291|vc|7|2|103,0.0,95893,7,2,1,98225.875,98225.9,98225.9,98225.9,98225.9,-0.0157332,-0.0157332
8|291|vc|8|2|103,0.0,80560,8,2,1,98225.875,91750.5,91752.5,91752.5,91752.5,-0.0807848,-0.080785
8|77|cc|1|1|218,0.0,474,1,1,0,42678.375,0.0,0.0,0.0,0.0,0.751739,0.751739
8|77|cc|2|1|218,0.0,504,2,1,0,42678.375,0.0,0.0,0.0,0.0,0.799317,0.799317
8|77|cc|3|1|218,0.0,490,3,1,0,42678.375,0.0,0.0,0.0,0.0,0.777114,0.777114
8|77|cc|4|1|218,0.0,528,4,1,0,42678.375,0.0,0.0,0.0,0.0,0.83738,0.83738
8|77|cc|5|1|218,0.0,460,5,1,0,42678.375,0.0,0.0,0.0,0.0,0.729536,0.729536
8|77|cc|6|1|218,0.0,446,6,1,0,42678.375,0.0,0.0,0.0,0.0,0.707332,0.707332
8|77|cc|7|1|218,0.0,412,7,1,0,42678.375,0.0,0.0,0.0,0.0,0.65341,0.65341
8|77|cc|8|1|218,0.0,498,8,1,0,42678.375,0.0,0.0,0.0,0.0,0.789802,0.789802
8|77|sample|10|218,0.0003648,35866,1,10,1,42678.375,29764.3,12547.9,12548.0,12547.9,1.1963,1.19631
8|77|sample|10|218,0.001824,34189,2,10,1,42678.375,29494.5,11080.7,11080.7,11080.7,1.33679,1.3368
8|77|sample|10|218,0.00912,29560,3,10,1,42678.375,26867.2,9027.64,9027.69,9027.64,1.4459,1.44591
8|77|sample|10|218,0.0456,18735,4,10,1,42678.375,24049.7,7278.16,7278.21,7278.16,0.99016,0.990171
8|77|sample|10|218,0.228,5920,5,10,1,42678.375,21136.6,5820.67,5820.72,5820.67,0.0105848,0.01059
8|77|sample|10|218,1.14,1412,6,10,1,42678.375,18235.8,4629.13,4629.18,4629.13,-0.423937,-0.423935
8|77|sample|10|218,5.7,958,7,10,1,42678.375,15453.5,3669.96,3670.0,3669.96,-0.441188,-0.441186
8|77|sample|10|218,28.5,822,8,10,1,42678.375,12036.0,2724.03,2724.06,2724.03,-0.402539,-0.402536
8|77|sample|11|218,0.0003712,46172,1,11,1,42678.375,29741.8,12933.1,12933.1,12933.1,1.65609,1.6561
8|77|sample|11|218,0.001856,35384,2,11,1,42678.375,29467.4,10841.6,10841.6,10841.6,1.4499,1.44991
8|77|sample|11|218,0.00928,31066,3,11,1,42678.375,26837.6,8321.01,8321.06,8321.01,1.73121,1.73122
8|77|sample|11|218,0.0464,17065,4,11,1,42678.375,24018.6,6287.82,6287.86,6287.82,1.06895,1.06896
8|77|sample|11|218,0.2319999999999999,3456,5,11,1,42678.375,21105.0,4701.82,4701.87,4701.82,-0.161842,-0.161837
8|77|sample|11|218,1.16,552,6,11,1,42678.375,18204.9,3496.73,3496.77,3496.73,-0.500246,-0.500244
8|77|sample|11|218,5.8,432,7,11,1,42678.375,15424.4,2599.2,2599.23,2599.2,-0.477624,-0.477622
8|77|sample|11|218,29.0,516,8,11,1,42678.375,12011.3,1821.1,1821.12,1821.1,-0.387515,-0.387512
8|77|sample|12|218,0.0003712,45444,1,12,1,42678.375,29741.8,12933.1,12933.1,12933.1,1.61982,1.61982
8|77|sample|12|218,0.001856,37090,2,12,1,42678.375,27527.4,10133.4,10133.4,10133.4,1.6994,1.69941
8|77|sample|12|218,0.00928,32149,3,12,1,42678.375,25071.4,7779.52,7779.56,7779.52,1.97736,1.97737
8|77|sample|12|218,0.0464,16881,4,12,1,42678.375,22438.8,5880.78,5880.82,5880.78,1.16156,1.16157
8|77|sample|12|218,0.2319999999999999,2962,5,12,1,42678.375,19717.8,4399.67,4399.71,4399.67,-0.198472,-0.198469
8|77|sample|12|218,1.16,426,6,12,1,42678.375,17009.5,3274.27,3274.31,3274.27,-0.513,-0.512999
8|77|sample|12|218,5.8,460,7,12,1,42678.375,14412.8,2436.1,2436.13,2436.1,-0.460383,-0.460381
8|77|sample|12|218,29.0,486,8,12,1,42678.375,12011.3,1821.1,1821.12,1821.1,-0.396423,-0.39642
8|77|sample|3|218,6.4e-05,43169,1,3,1,42678.375,31842.1,12783.7,12783.8,12783.7,1.53103,1.53104
8|77|sample|3|218,0.00032,39049,2,3,1,42678.375,32042.7,11286.8,11286.8,11286.8,1.57774,1.57775
8|77|sample|3|218,0.0016,29908,3,3,1,42678.375,29697.8,9189.51,9189.58,9189.51,1.43443,1.43444
8|77|sample|3|218,0.008,10350,4,3,1,42678.375,27089.3,7400.74,7400.81,7400.74,0.25089,0.250898
8|77|sample|3|218,0.04,1788,5,3,1,42678.375,24284.1,5910.21,5910.27,5910.21,-0.433264,-0.433262
8|77|sample|3|218,0.2,944,6,3,1,42678.375,21374.8,4692.1,4692.16,4692.1,-0.487821,-0.487819
8|77|sample|3|218,1.0,862,7,3,1,42678.375,18468.9,3712.35,3712.4,3712.35,-0.458945,-0.458942
8|77|sample|3|218,5.0,850,8,3,1,42678.375,14645.2,2749.04,2749.09,2749.04,-0.398735,-0.398732
8|77|sample|4|218,6.4e-05,45568,1,4,1,42678.375,31842.1,12783.7,12783.8,12783.7,1.65191,1.65192
8|77|sample|4|218,0.00032,42519,2,4,1,42678.375,32042.7,11286.8,11286.8,11286.8,1.77494,1.77496
8|77|sample|4|218,0.0016,32499,3,4,1,42678.375,29697.8,9189.51,9189.58,9189.51,1.61381,1.61383
8|77|sample|4|218,0.008,11100,4,4,1,42678.375,27089.3,7400.74,7400.81,7400.74,0.314693,0.314701
8|77|sample|4|218,0.04,1742,5,4,1,42678.375,24284.1,5910.21,5910.27,5910.21,-0.438099,-0.438096
8|77|sample|4|218,0.2,908,6,4,1,42678.375,21374.8,4692.1,4692.16,4692.1,-0.492506,-0.492504
8|77|sample|4|218,1.0,792,7,4,1,42678.375,18468.9,3712.35,3712.4,3712.35,-0.470216,-0.470213
8|77|sample|4|218,5.0,628,8,4,1,42678.375,14645.2,2749.04,2749.09,2749.04,-0.445347,-0.445344
8|77|sample|5|218,0.0006144,34690,1,5,1,42678.375,29077.3,9720.77,9720.82,9720.77,1.63816,1.63817
8|77|sample|5|218,0.003072,18239,2,5,1,42678.375,28669.2,8427.46,8427.53,8427.46,0.737803,0.737814
8|77|sample|5|218,0.01536,4564,3,5,1,42678.375,25971.3,6761.86,6761.92,6761.86,-0.203613,-0.203609
8|77|sample|5|218,0.0768,1360,4,5,1,42678.375,23111.6,5385.47,5385.53,5385.47,-0.461342,-0.46134
8|77|sample|5|218,0.384,1130,5,5,1,42678.375,20190.3,4268.33,4268.38,4268.33,-0.445383,-0.44538
8|77|sample|5|218,1.92,728,6,5,1,42678.375,17316.8,3374.75,3374.8,3374.75,-0.464082,-0.464079
8|77|sample|5|218,9.6,752,7,5,1,42678.375,14593.3,2668.32,2668.37,2668.32,-0.412881,-0.412878
8|77|sample|5|218,48.0,878,8,5,1,42678.375,11309.4,1983.86,1983.9,1983.86,-0.306123,-0.306118
8|77|sample|6|218,0.0006144,31418,1,6,1,42678.375,29077.3,9720.77,9720.82,9720.77,1.42349,1.4235
8|77|sample|6|218,0.003072,16903,2,6,1,42678.375,28669.2,8427.46,8427.53,8427.46,0.637338,0.637349
8|77|sample|6|218,0.01536,4450,3,6,1,42678.375,25971.3,6761.86,6761.93,6761.86,-0.214174,-0.21417
8|77|sample|6|218,0.0768,1342,4,6,1,42678.375,23111.6,5385.47,5385.53,5385.47,-0.463405,-0.463402
8|77|sample|6|218,0.384,938,5,6,1,42678.375,20190.3,4268.33,4268.38,4268.33,-0.472631,-0.472628
8|77|sample|6|218,1.92,712,6,6,1,42678.375,17316.8,3374.75,3374.8,3374.75,-0.466887,-0.466884
8|77|sample|6|218,9.6,794,7,6,1,42678.375,14593.3,2668.32,2668.37,2668.32,-0.403832,-0.403829
8|77|sample|6|218,48.0,626,8,6,1,42678.375,11309.4,1983.86,1983.9,1983.86,-0.375879,-0.375874
8|77|sample|7|218,7.68e-05,30832,1,7,1,42678.375,31640.3,14897.0,14897.1,14897.0,0.692138,0.692139
8|77|sample|7|218,0.000384,38389,2,7,1,42678.375,31791.7,13348.0,13348.1,13348.0,1.21003,1.21004
8|77|sample|7|218,0.00192,35394,3,7,1,42678.375,29414.5,11010.6,11010.7,11010.6,1.4192,1.41921
8|77|sample|7|218,0.0096,35666,4,7,1,42678.375,26779.9,8967.21,8967.26,8967.21,1.89225,1.89226
8|77|sample|7|218,0.048,22898,5,7,1,42678.375,23957.8,7227.31,7227.36,7227.31,1.36335,1.36336
8|77|sample|7|218,0.24,7590,6,7,1,42678.375,21043.4,5778.76,5778.8,5778.76,0.1944,0.194407
8|77|sample|7|218,1.2,1360,7,7,1,42678.375,18144.7,4595.17,4595.21,4595.17,-0.429201,-0.429199
8|77|sample|7|218,6.0,822,8,7,1,42678.375,14360.0,3410.81,3410.85,3410.81,-0.449648,-0.449646
8|77|sample|8|218,7.68e-05,34940,1,8,1,42678.375,31640.3,14897.0,14897.1,14897.0,0.870569,0.870571
8|77|sample|8|218,0.000384,36968,2,8,1,42678.375,31791.7,13348.0,13348.1,13348.0,1.14137,1.14137
8|77|sample|8|218,0.00192,37060,3,8,1,42678.375,29414.5,11010.6,11010.7,11010.6,1.51617,1.51618
8|77|sample|8|218,0.0096,34816,4,8,1,42678.375,26779.9,8967.21,8967.26,8967.21,1.83201,1.83202
8|77|sample|8|218,0.048,23358,5,8,1,42678.375,23957.8,7227.31,7227.36,7227.31,1.40337,1.40338
8|77|sample|8|218,0.24,5846,6,8,1,42678.375,21043.4,5778.76,5778.8,5778.76,0.00721245,0.00721749
8|77|sample|8|218,1.2,1892,7,8,1,42678.375,18144.7,4595.17,4595.21,4595.17,-0.358623,-0.358621
8|77|sample|8|218,6.0,882,8,8,1,42678.375,14360.0,3410.81,3410.85,3410.81,-0.439227,-0.439225
8|77|sample|9|218,0.0003648,39501,1,9,1,42678.375,29764.3,12547.9,12548.0,12547.9,1.38279,1.3828
8|77|sample|9|218,0.001824,33817,2,9,1,42678.375,29494.5,11080.7,11080.7,11080.7,1.31527,1.31528
8|77|sample|9|218,0.00912,26621,3,9,1,42678.375,26867.2,9027.64,9027.69,9027.64,1.23894,1.23894
8|77|sample|9|218,0.0456,18897,4,9,1,42678.375,24049.7,7278.16,7278.21,7278.16,1.00416,1.00417
8|77|sample|9|218,0.228,6130,5,9,1,42678.375,21136.6,5820.67,5820.71,5820.67,0.0329734,0.0329786
8|77|sample|9|218,1.14,1632,6,9,1,42678.375,18235.8,4629.13,4629.18,4629.13,-0.394947,-0.394945
8|77|sample|9|218,5.7,948,7,9,1,42678.375,15453.5,3669.96,3670.0,3669.96,-0.442815,-0.442813
8|77|sample|9|218,28.5,518,8,9,1,42678.375,12036.0,2724.03,2724.06,2724.03,-0.466875,-0.466873
8|77|vc|1|2|218,0.0,44393,1,2,1,42678.375,39864.9,39864.7,39864.7,39864.7,0.0747829,0.0747826
8|77|vc|2|2|218,0.0,45576,2,2,1,42678.375,42678.4,42678.4,42678.4,42678.4,0.044729,0.044729
8|77|vc|3|2|218,0.0,43197,3,2,1,42678.375,42678.4,42678.4,42678.4,42678.4,0.00800574,0.00800574
8|77|vc|4|2|218,0.0,40982,4,2,1,42678.375,42678.4,42678.4,42678.4,42678.4,-0.026186,-0.026186
8|77|vc|5|2|218,0.0,41808,5,2,1,42678.375,42678.4,42678.4,42678.4,42678.4,-0.0134355,-0.0134355
8|77|vc|6|2|218,0.0,42921,6,2,1,42678.375,42678.4,42678.4,42678.4,42678.4,0.00374528,0.00374528
8|77|vc|7|2|218,0.0,40844,7,2,1,42678.375,42678.4,42678.4,42678.4,42678.4,-0.0283162,-0.0283162
8|77|vc|8|2|218,0.0,41706,8,2,1,42678.375,39864.9,39864.7,39864.7,39864.7,0.0304082,0.0304079
8|322|cc|1|1|174,0.0,458,1,1,0,57415.875,0.0,0.0,0.0,0.0,0.726364,0.726364
8|322|cc|2|1|174,0.0,448,2,1,0,57415.875,0.0,0.0,0.0,0.0,0.710504,0.710504
8|322|cc|3|1|174,0.0,402,3,1,0,57415.875,0.0,0.0,0.0,0.0,0.637551,0.637551
8|322|cc|4|1|174,0.0,478,4,1,0,57415.875,0.0,0.0,0.0,0.0,0.758083,0.758083
8|322|cc|5|1|174,0.0,488,5,1,0,57415.875,0.0,0.0,0.0,0.0,0.773942,0.773942
8|322|cc|6|1|174,0.0,550,6,1,0,57415.875,0.0,0.0,0.0,0.0,0.872271,0.872271
8|322|cc|7|1|174,0.0,526,7,1,0,57415.875,0.0,0.0,0.0,0.0,0.834208,0.834208
8|322|cc|8|1|174,0.0,562,8,1,0,57415.875,0.0,0.0,0.0,0.0,0.891302,0.891302
8|322|sample|10|174,0.0003648,59489,1,10,1,57415.875,40021.0,16039.7,16039.8,16039.7,1.7562,1.75621
8|322|sample|10|174,0.001824,58098,2,10,1,57415.875,39652.5,14076.7,14076.8,14076.7,2.02027,2.02028
8|322|sample|10|174,0.00912,33755,3,10,1,57415.875,36112.5,11396.9,11397.0,11396.9,1.25877,1.25879
8|322|sample|10|174,0.0456,5730,4,10,1,57415.875,32316.4,9131.01,9131.1,9131.01,-0.236915,-0.236911
8|322|sample|10|174,0.228,522,5,10,1,57415.875,28391.4,7256.6,7256.68,7256.6,-0.583681,-0.58368
8|322|sample|10|174,1.14,508,6,10,1,57415.875,24482.9,5733.94,5734.02,5733.94,-0.565004,-0.565003
8|322|sample|10|174,5.7,466,7,10,1,57415.875,20734.2,4515.18,4515.24,4515.18,-0.545901,-0.545899
8|322|sample|10|174,28.5,506,8,10,1,57415.875,16133.3,3325.35,3325.41,3325.35,-0.500866,-0.500864
8|322|sample|11|174,0.0003712,53154,1,11,1,57415.875,39990.8,16256.6,16256.6,16256.6,1.47199,1.47199
8|322|sample|11|174,0.001856,50238,2,11,1,57415.875,39616.0,13455.0,13455.1,13455.0,1.76372,1.76373
8|322|sample|11|174,0.00928,51061,3,11,1,57415.875,36072.7,10195.4,10195.5,10195.4,2.5612,2.56122
8|322|sample|11|174,0.0464,11824,4,11,1,57415.875,32274.5,7607.39,7607.46,7607.39,0.34947,0.349478
8|322|sample|11|174,0.2319999999999999,1284,5,11,1,57415.875,28348.8,5618.09,5618.15,5618.09,-0.477573,-0.477571
8|322|sample|11|174,1.16,466,6,11,1,57415.875,24441.3,4126.69,4126.74,4126.69,-0.535699,-0.535698
8|322|sample|11|174,5.8,472,7,11,1,57415.875,20695.1,3029.37,3029.41,3029.37,-0.493314,-0.493312
8|322|sample|11|174,6.0,490,8,11,1,57415.875,19264.8,2819.83,2819.87,2819.83,-0.478494,-0.478492
8|322|sample|12|174,0.0003712,46716,1,12,1,57415.875,39990.8,16256.6,16256.6,16256.6,1.21515,1.21515
8|322|sample|12|174,0.001856,42028,2,12,1,57415.875,37006.9,12574.8,12574.9,12574.8,1.50792,1.50793
8|322|sample|12|174,0.00928,33001,3,12,1,57415.875,33697.7,9530.61,9530.67,9530.61,1.56925,1.56926
8|322|sample|12|174,0.0464,9910,4,12,1,57415.875,30150.4,7113.63,7113.69,7113.63,0.246951,0.246958
8|322|sample|12|174,0.2319999999999999,1086,5,12,1,57415.875,26484.1,5255.78,5255.83,5255.78,-0.4888,-0.488799
8|322|sample|12|174,1.16,452,6,12,1,57415.875,22834.8,3862.93,3862.97,3862.93,-0.529893,-0.529892
8|322|sample|12|174,5.8,472,7,12,1,57415.875,19336.0,2838.12,2838.15,2838.12,-0.483218,-0.483216
8|322|sample|12|174,29.0,506,8,12,1,57415.875,16100.1,2094.47,2094.5,2094.47,-0.420367,-0.420364
8|322|sample|3|174,6.4e-05,68369,1,3,1,57415.875,42820.7,19899.4,19899.4,19899.4,1.58698,1.58699
8|322|sample|3|174,0.00032,67810,2,3,1,57415.875,43085.8,17782.5,17782.5,17782.5,1.82849,1.8285
8|322|sample|3|174,0.0016,52285,3,3,1,57415.875,39926.3,14621.3,14621.4,14621.3,1.66592,1.66593
8|322|sample|3|174,0.008,24757,4,3,1,57415.875,36411.8,11863.8,11863.9,11863.8,0.698305,0.698315
8|322|sample|3|174,0.04,6502,5,3,1,57415.875,32632.2,9521.55,9521.64,9521.55,-0.20208,-0.202075
8|322|sample|3|174,0.2,1324,6,3,1,57415.875,28712.3,7576.61,7576.69,7576.61,-0.520221,-0.520219
8|322|sample|3|174,1.0,1184,7,3,1,57415.875,24797.0,5991.7,5991.77,5991.7,-0.498889,-0.498887
8|322|sample|3|174,5.0,732,8,3,1,57415.875,19649.1,4416.78,4416.85,4416.78,-0.506882,-0.506879
8|322|sample|4|174,6.4e-05,62415,1,4,1,57415.875,42820.7,19899.4,19899.4,19899.4,1.39204,1.39204
8|322|sample|4|174,0.00032,67704,2,4,1,57415.875,43085.8,17782.5,17782.5,17782.5,1.82461,1.82462
8|322|sample|4|174,0.0016,62973,3,4,1,57415.875,39926.3,14621.3,14621.3,14621.3,2.13866,2.13868
8|322|sample|4|174,0.008,31769,4,4,1,57415.875,36411.8,11863.8,11863.9,11863.8,1.07808,1.07809
8|322|sample|4|174,0.04,7024,5,4,1,57415.875,32632.2,9521.55,9521.64,9521.55,-0.167146,-0.167142
8|322|sample|4|174,0.2,2158,6,4,1,57415.875,28712.3,7576.61,7576.69,7576.61,-0.450832,-0.45083
8|322|sample|4|174,1.0,1208,7,4,1,57415.875,24797.0,5991.7,5991.77,5991.7,-0.496398,-0.496396
8|322|sample|4|174,5.0,738,8,4,1,57415.875,19649.1,4416.78,4416.85,4416.78,-0.506056,-0.506054
8|322|sample|5|174,0.0006144,57284,1,5,1,57415.875,39095.3,15376.3,15376.4,15376.3,1.76503,1.76504
8|322|sample|5|174,0.003072,45244,2,5,1,57415.875,38540.5,13453.5,13453.6,13453.5,1.52449,1.52451
8|322|sample|5|174,0.01536,15013,3,5,1,57415.875,34905.4,10864.8,10864.9,10864.8,0.244551,0.244558
8|322|sample|5|174,0.0768,3166,4,5,1,57415.875,31052.4,8687.14,8687.23,8687.14,-0.403345,-0.403343
8|322|sample|5|174,0.384,1700,5,5,1,57415.875,27116.5,6893.36,6893.44,6893.36,-0.472462,-0.47246
8|322|sample|5|174,1.92,1178,6,5,1,57415.875,23244.8,5441.27,5441.35,5441.27,-0.483943,-0.483941
8|322|sample|5|174,9.6,802,7,5,1,57415.875,19575.2,4282.24,4282.31,4282.24,-0.492445,-0.492442
8|322|sample|5|174,48.0,592,8,5,1,57415.875,15154.4,3153.77,3153.82,3153.77,-0.47696,-0.476957
8|322|sample|6|174,0.0006144,61466,1,6,1,57415.875,39095.3,15376.3,15376.4,15376.3,1.94117,1.94118
8|322|sample|6|174,0.003072,43953,2,6,1,57415.875,38540.5,13453.5,13453.6,13453.5,1.46258,1.4626
8|322|sample|6|174,0.01536,17317,3,6,1,57415.875,34905.4,10864.8,10864.9,10864.8,0.380384,0.380392
8|322|sample|6|174,0.0768,3170,4,6,1,57415.875,31052.4,8687.14,8687.23,8687.14,-0.403053,-0.403051
8|322|sample|6|174,0.384,1668,5,6,1,57415.875,27116.5,6893.36,6893.44,6893.36,-0.475373,-0.475371
8|322|sample|6|174,1.92,986,6,6,1,57415.875,23244.8,5441.27,5441.35,5441.27,-0.505738,-0.505736
8|322|sample|6|174,9.6,876,7,6,1,57415.875,19575.2,4282.24,4282.31,4282.24,-0.481974,-0.481971
8|322|sample|6|174,48.0,568,8,6,1,57415.875,15154.4,3153.77,3153.82,3153.77,-0.481428,-0.481425
8|322|sample|7|174,7.68e-05,65787,1,7,1,57415.875,42548.8,19158.9,19159.0,19158.9,1.58442,1.58443
8|322|sample|7|174,0.000384,73386,2,7,1,57415.875,42747.7,17060.7,17060.7,17060.7,2.14368,2.14369
8|322|sample|7|174,0.00192,64997,3,7,1,57415.875,39544.7,13984.9,13985.0,13984.9,2.35602,2.35604
8|322|sample|7|174,0.0096,39945,4,7,1,57415.875,35994.9,11318.4,11318.5,11318.4,1.62248,1.6225
8|322|sample|7|174,0.048,8318,5,7,1,57415.875,32192.6,9065.41,9065.5,9065.41,-0.0524296,-0.052424
8|322|sample|7|174,0.24,670,6,7,1,57415.875,28265.8,7202.89,7202.97,7202.89,-0.570189,-0.570188
8|322|sample|7|174,1.2,500,7,7,1,57415.875,24360.3,5690.68,5690.75,5690.68,-0.565165,-0.565164
8|322|sample|7|174,6.0,490,8,7,1,57415.875,19264.8,4193.57,4193.63,4193.57,-0.534117,-0.534115
8|322|sample|8|174,7.68e-05,62071,1,8,1,57415.875,42548.8,19158.9,19159.0,19158.9,1.45815,1.45816
8|322|sample|8|174,0.000384,68715,2,8,1,57415.875,42747.7,17060.7,17060.7,17060.7,1.9659,1.96591
8|322|sample|8|174,0.00192,70174,3,8,1,57415.875,39544.7,13984.9,13985.0,13984.9,2.59512,2.59514
8|322|sample|8|174,0.0096,40494,4,8,1,57415.875,35994.9,11318.4,11318.5,11318.4,1.6536,1.65361
8|322|sample|8|174,0.048,8992,5,8,1,57415.875,32192.6,9065.41,9065.5,9065.41,-0.00515549,-0.00514912
8|322|sample|8|174,0.24,784,6,8,1,57415.875,28265.8,7202.89,7202.97,7202.89,-0.560239,-0.560238
8|322|sample|8|174,1.2,536,7,8,1,57415.875,24360.3,5690.68,5690.76,5690.68,-0.561245,-0.561244
8|322|sample|8|174,29.0,490,8,8,1,57415.875,16100.1,3316.76,3316.82,3316.76,-0.503337,-0.503335
8|322|sample|9|174,0.0003648,63211,1,9,1,57415.875,40021.0,16039.7,16039.8,16039.7,1.90664,1.90665
8|322|sample|9|174,0.001824,58837,2,9,1,57415.875,39652.5,14076.7,14076.8,14076.7,2.05418,2.0542
8|322|sample|9|174,0.00912,39073,3,9,1,57415.875,36112.5,11396.9,11397.0,11396.9,1.55818,1.5582
8|322|sample|9|174,0.0456,8670,4,9,1,57415.875,32316.4,9131.01,9131.1,9131.01,-0.0321196,-0.0321137
8|322|sample|9|174,0.228,700,5,9,1,57415.875,28391.4,7256.6,7256.69,7256.6,-0.568254,-0.568253
8|322|sample|9|174,1.14,472,6,9,1,57415.875,24482.9,5733.94,5734.02,5733.94,-0.568896,-0.568895
8|322|sample|9|174,5.7,500,7,9,1,57415.875,20734.2,4515.18,4515.24,4515.18,-0.541317,-0.541315
8|322|sample|9|174,28.5,482,8,9,1,57415.875,16133.3,3325.35,3325.41,3325.35,-0.50513,-0.505127
8|322|vc|1|2|174,0.0,64086,1,2,1,57415.875,53630.8,53630.8,53630.8,53630.8,0.128688,0.128687
8|322|vc|2|2|174,0.0,59601,2,2,1,57415.875,57415.9,57415.9,57415.9,57415.9,0.0251354,0.0251354
8|322|vc|3|2|174,0.0,60716,3,2,1,57415.875,57415.9,57415.9,57415.9,57415.9,0.0379612,0.0379612
8|322|vc|4|2|174,0.0,64995,4,2,1,57415.875,57415.9,57415.9,57415.9,57415.9,0.0871824,0.0871824
8|322|vc|5|2|174,0.0,56075,5,2,1,57415.875,57415.9,57415.9,57415.9,57415.9,-0.015424,-0.015424
8|322|vc|6|2|174,0.0,55557,6,2,1,57415.875,57415.9,57415.9,57415.9,57415.9,-0.0213825,-0.0213825
8|322|vc|7|2|174,0.0,54622,7,2,1,57415.875,57415.9,57415.9,57415.9,57415.9,-0.0321378,-0.0321378
8|322|vc|8|2|174,0.0,43675,8,2,1,57415.875,53630.8,53630.8,53630.8,53630.8,-0.122541,-0.122541
8|963|cc|1|1|319,0.0,464,1,1,0,44968.25,0.0,0.0,0.0,0.0,0.735879,0.735879
8|963|cc|2|1|319,0.0,386,2,1,0,44968.25,0.0,0.0,0.0,0.0,0.612176,0.612176
8|963|cc|3|1|319,0.0,462,3,1,0,44968.25,0.0,0.0,0.0,0.0,0.732708,0.732708
8|963|cc|4|1|319,0.0,444,4,1,0,44968.25,0.0,0.0,0.0,0.0,0.70416,0.70416
8|963|cc|5|1|319,0.0,462,5,1,0,44968.25,0.0,0.0,0.0,0.0,0.732708,0.732708
8|963|cc|6|1|319,0.0,502,6,1,0,44968.25,0.0,0.0,0.0,0.0,0.796145,0.796145
8|963|cc|7|1|319,0.0,480,7,1,0,44968.25,0.0,0.0,0.0,0.0,0.761255,0.761255
8|963|cc|8|1|319,0.0,366,8,1,0,44968.25,0.0,0.0,0.0,0.0,0.580457,0.580457
8|963|sample|10|319,0.0003648,28692,1,10,1,44968.25,31358.0,11481.7,11481.7,11481.7,0.962057,0.962064
8|963|sample|10|319,0.001824,38931,2,10,1,44968.25,31072.9,9936.26,9936.32,9936.26,1.86268,1.86269
8|963|sample|10|319,0.00912,30460,3,10,1,44968.25,28303.7,7939.12,7939.19,7939.12,1.79246,1.79248
8|963|sample|10|319,0.0456,5540,4,10,1,44968.25,25334.2,6283.95,6284.02,6283.95,-0.0738392,-0.0738332
8|963|sample|10|319,0.228,612,5,10,1,44968.25,22263.8,4941.13,4941.2,4941.13,-0.537267,-0.537266
8|963|sample|10|319,1.14,454,6,10,1,44968.25,19206.4,3870.43,3870.49,3870.43,-0.52982,-0.529818
8|963|sample|10|319,5.7,472,7,10,1,44968.25,16274.0,3028.45,3028.5,3028.45,-0.493269,-0.493266
8|963|sample|10|319,28.5,442,8,10,1,44968.25,12672.6,2225.5,2225.54,2225.5,-0.448597,-0.448594
8|963|sample|11|319,0.0003712,32971,1,11,1,44968.25,31334.3,15287.2,15287.3,15287.2,0.749016,0.749019
8|963|sample|11|319,0.001856,45678,2,11,1,44968.25,31044.3,13641.1,13641.1,13641.1,1.51582,1.51583
8|963|sample|11|319,0.00928,41502,3,11,1,44968.25,28272.5,11205.6,11205.6,11205.6,1.73379,1.7338
8|963|sample|11|319,0.0464,26805,4,11,1,44968.25,25301.4,9088.53,9088.6,9088.53,1.23961,1.23963
8|963|sample|11|319,0.2319999999999999,8100,5,11,1,44968.25,22230.5,7295.71,7295.78,7295.71,0.0693467,0.0693534
8|963|sample|11|319,1.16,724,6,11,1,44968.25,19173.9,5810.74,5810.81,5810.74,-0.543175,-0.543174
8|963|sample|11|319,5.8,414,7,11,1,44968.25,16243.4,4603.17,4603.23,4603.17,-0.55488,-0.554878
8|963|sample|11|319,29.0,424,8,11,1,44968.25,12646.6,3403.97,3404.02,3403.97,-0.518514,-0.518512
8|963|sample|12|319,0.0003712,34774,1,12,1,44968.25,31334.3,15287.2,15287.3,15287.2,0.825384,0.825388
8|963|sample|12|319,0.001856,39569,2,12,1,44968.25,29000.3,12747.9,12747.9,12747.9,1.35512,1.35513
8|963|sample|12|319,0.00928,35504,3,12,1,44968.25,26411.7,10473.4,10473.4,10473.4,1.52872,1.52874
8|963|sample|12|319,0.0464,22196,4,12,1,44968.25,23637.0,8496.27,8496.34,8496.27,1.02224,1.02225
8|963|sample|12|319,0.2319999999999999,7430,5,12,1,44968.25,20769.1,6821.97,6822.04,6821.97,0.0558535,0.0558599
8|963|sample|12|319,1.16,894,6,12,1,44968.25,17914.6,5435.17,5435.23,5435.17,-0.516025,-0.516023
8|963|sample|12|319,5.8,404,7,12,1,44968.25,15177.8,4307.42,4307.47,4307.42,-0.54938,-0.549378
8|963|sample|12|319,29.0,400,8,12,1,44968.25,12646.6,3403.97,3404.02,3403.97,-0.52269,-0.522688
8|963|sample|3|319,6.4e-05,38041,1,3,1,44968.25,33547.9,12305.7,12305.8,12305.7,1.34544,1.34545
8|963|sample|3|319,0.00032,35786,2,3,1,44968.25,33758.6,10790.1,10790.1,10790.1,1.48348,1.48349
8|963|sample|3|319,0.0016,28073,3,3,1,44968.25,31287.0,8734.16,8734.23,8734.16,1.40551,1.40553
8|963|sample|3|319,0.008,5340,4,3,1,44968.25,28537.8,7000.84,7000.91,7000.84,-0.14891,-0.148905
8|963|sample|3|319,0.04,754,5,3,1,44968.25,25581.2,5570.47,5570.54,5570.47,-0.534946,-0.534944
8|963|sample|3|319,0.2,712,6,3,1,44968.25,22514.9,4410.84,4410.9,4410.84,-0.509441,-0.509439
8|963|sample|3|319,1.0,546,7,3,1,44968.25,19452.1,3484.12,3484.18,3484.12,-0.500736,-0.500734
8|963|sample|3|319,5.0,670,8,3,1,44968.25,15422.7,2578.83,2578.87,2578.83,-0.423542,-0.423539
8|963|sample|4|319,6.4e-05,32065,1,4,1,44968.25,33547.9,12305.7,12305.8,12305.7,1.03301,1.03302
8|963|sample|4|319,0.00032,37511,2,4,1,44968.25,33758.6,10790.1,10790.1,10790.1,1.58585,1.58587
8|963|sample|4|319,0.0016,27141,3,4,1,44968.25,31287.0,8734.16,8734.23,8734.16,1.33778,1.33779
8|963|sample|4|319,0.008,4104,4,4,1,44968.25,28537.8,7000.84,7000.91,7000.84,-0.259723,-0.25972
8|963|sample|4|319,0.04,1172,5,4,1,44968.25,25581.2,5570.47,5570.54,5570.47,-0.488521,-0.488519
8|963|sample|4|319,0.2,588,6,4,1,44968.25,22514.9,4410.84,4410.9,4410.84,-0.526519,-0.526518
8|963|sample|4|319,1.0,672,7,4,1,44968.25,19452.1,3484.12,3484.18,3484.12,-0.479263,-0.47926
8|963|sample|4|319,5.0,534,8,4,1,44968.25,15422.7,2578.83,2578.87,2578.83,-0.453718,-0.453715
8|963|sample|5|319,0.0006144,21356,1,5,1,44968.25,30633.8,9270.52,9270.58,9270.52,0.829733,0.829742
8|963|sample|5|319,0.003072,12368,2,5,1,44968.25,30202.9,7993.48,7993.55,7993.48,0.345918,0.345927
8|963|sample|5|319,0.01536,2146,3,5,1,44968.25,27359.5,6386.21,6386.27,6386.21,-0.414496,-0.414494
8|963|sample|5|319,0.0768,922,4,5,1,44968.25,24345.4,5069.91,5069.97,5069.91,-0.502701,-0.502699
8|963|sample|5|319,0.384,564,5,5,1,44968.25,21266.5,4009.35,4009.41,4009.35,-0.517546,-0.517544
8|963|sample|5|319,1.92,616,6,5,1,44968.25,18237.9,3166.03,3166.08,3166.03,-0.473151,-0.473148
8|963|sample|5|319,9.6,510,7,5,1,44968.25,15367.4,2502.45,2502.49,2502.45,-0.453652,-0.453649
8|963|sample|5|319,48.0,534,8,5,1,44968.25,11906.9,1862.12,1862.16,1862.12,-0.387262,-0.387258
8|963|sample|6|319,0.0006144,23222,1,6,1,44968.25,30633.8,9270.52,9270.58,9270.52,0.957844,0.957855
8|963|sample|6|319,0.003072,9404,2,6,1,44968.25,30202.9,7993.48,7993.55,7993.48,0.111534,0.111541
8|963|sample|6|319,0.01536,1486,3,6,1,44968.25,27359.5,6386.21,6386.27,6386.21,-0.479013,-0.479011
8|963|sample|6|319,0.0768,804,4,6,1,44968.25,24345.4,5069.91,5069.97,5069.91,-0.517001,-0.517
8|963|sample|6|319,0.384,554,5,6,1,44968.25,21266.5,4009.35,4009.41,4009.35,-0.519048,-0.519046
8|963|sample|6|319,1.92,578,6,6,1,44968.25,18237.9,3166.03,3166.08,3166.03,-0.480201,-0.480199
8|963|sample|6|319,9.6,540,7,6,1,44968.25,15367.4,2502.45,2502.49,2502.45,-0.446822,-0.446818
8|963|sample|6|319,48.0,524,8,6,1,44968.25,11906.9,1862.12,1862.16,1862.12,-0.390178,-0.390174
8|963|sample|7|319,7.68e-05,38811,1,7,1,44968.25,33335.2,13900.5,13900.6,13900.5,1.15728,1.15729
8|963|sample|7|319,0.000384,39843,2,7,1,44968.25,33494.0,12204.8,12204.8,12204.8,1.45648,1.45649
8|963|sample|7|319,0.00192,42537,3,7,1,44968.25,30988.5,9867.17,9867.23,9867.17,2.11287,2.11289
8|963|sample|7|319,0.0096,19731,4,7,1,44968.25,28211.7,7881.21,7881.28,7881.21,0.949714,0.949728
8|963|sample|7|319,0.048,5488,5,7,1,44968.25,25237.3,6236.53,6236.6,6236.53,-0.0748229,-0.074817
8|963|sample|7|319,0.24,816,6,7,1,44968.25,22165.6,4903.04,4903.1,4903.04,-0.510853,-0.510851
8|963|sample|7|319,1.2,518,7,7,1,44968.25,19110.5,3840.3,3840.36,3840.3,-0.518867,-0.518865
8|963|sample|7|319,6.0,528,8,7,1,44968.25,15122.1,2815.16,2815.2,2815.16,-0.470409,-0.470406
8|963|sample|8|319,7.68e-05,42388,1,8,1,44968.25,33335.2,13900.5,13900.6,13900.5,1.32346,1.32347
8|963|sample|8|319,0.000384,47167,2,8,1,44968.25,33494.0,12204.8,12204.8,12204.8,1.84244,1.84245
8|963|sample|8|319,0.00192,41432,3,8,1,44968.25,30988.5,9867.17,9867.23,9867.17,2.0414,2.04142
8|963|sample|8|319,0.0096,29792,4,8,1,44968.25,28211.7,7881.21,7881.28,7881.21,1.75607,1.75609
8|963|sample|8|319,0.048,7130,5,8,1,44968.25,25237.3,6236.53,6236.6,6236.53,0.0892953,0.0893031
8|963|sample|8|319,0.24,546,6,8,1,44968.25,22165.6,4903.04,4903.1,4903.04,-0.544601,-0.544599
8|963|sample|8|319,1.2,530,7,8,1,44968.25,19110.5,3840.3,3840.36,3840.3,-0.516993,-0.516991
8|963|sample|8|319,6.0,510,8,8,1,44968.25,15122.1,2815.16,2815.2,2815.16,-0.474111,-0.474108
8|963|sample|9|319,0.0003648,31797,1,9,1,44968.25,31358.0,11481.7,11481.7,11481.7,1.13563,1.13563
8|963|sample|9|319,0.001824,42931,2,9,1,44968.25,31072.9,9936.26,9936.33,9936.26,2.11964,2.11966
8|963|sample|9|319,0.00912,26667,3,9,1,44968.25,28303.7,7939.12,7939.19,7939.12,1.49057,1.49059
8|963|sample|9|319,0.0456,5088,4,9,1,44968.25,25334.2,6283.95,6284.02,6283.95,-0.118697,-0.118692
8|963|sample|9|319,0.228,566,5,9,1,44968.25,22263.8,4941.13,4941.2,4941.13,-0.542976,-0.542975
8|963|sample|9|319,1.14,520,6,9,1,44968.25,19206.4,3870.43,3870.49,3870.43,-0.519585,-0.519583
8|963|sample|9|319,5.7,466,7,9,1,44968.25,16274.0,3028.45,3028.5,3028.45,-0.494426,-0.494424
8|963|sample|9|319,28.5,550,8,9,1,44968.25,12672.6,2225.5,2225.54,2225.5,-0.421432,-0.421429
8|963|vc|1|2|319,0.0,34792,1,2,1,44968.25,42003.8,42004.2,42004.1,42004.2,-0.113099,-0.113099
8|963|vc|2|2|319,0.0,46782,2,2,1,44968.25,44968.2,44968.2,44968.2,44968.2,0.0265853,0.0265853
8|963|vc|3|2|319,0.0,50148,3,2,1,44968.25,44968.2,44968.2,44968.2,44968.2,0.075923,0.075923
8|963|vc|4|2|319,0.0,48893,4,2,1,44968.25,44968.2,44968.2,44968.2,44968.2,0.0575276,0.0575276
8|963|vc|5|2|319,0.0,49292,5,2,1,44968.25,44968.2,44968.2,44968.2,44968.2,0.063376,0.063376
8|963|vc|6|2|319,0.0,45050,6,2,1,44968.25,44968.2,44968.2,44968.2,44968.2,0.00119828,0.00119828
8|963|vc|7|2|319,0.0,46782,7,2,1,44968.25,44968.2,44968.2,44968.2,44968.2,0.0265853,0.0265853
8|963|vc|8|2|319,0.0,38007,8,2,1,44968.25,42003.8,42004.2,42004.1,42004.2,-0.0626822,-0.0626825
8|1241|cc|1|1|69,0.0,692,1,1,0,143143.0,0.0,0.0,0.0,0.0,1.09748,1.09748
8|1241|cc|2|1|69,0.0,714,2,1,0,143143.0,0.0,0.0,0.0,0.0,1.13237,1.13237
8|1241|cc|3|1|69,0.0,742,3,1,0,143143.0,0.0,0.0,0.0,0.0,1.17677,1.17677
8|1241|cc|4|1|69,0.0,754,4,1,0,143143.0,0.0,0.0,0.0,0.0,1.1958,1.1958
8|1241|cc|5|1|69,0.0,770,5,1,0,143143.0,0.0,0.0,0.0,0.0,1.22118,1.22118
8|1241|cc|6|1|69,0.0,746,6,1,0,143143.0,0.0,0.0,0.0,0.0,1.18312,1.18312
8|1241|cc|7|1|69,0.0,752,7,1,0,143143.0,0.0,0.0,0.0,0.0,1.19263,1.19263
8|1241|cc|8|1|69,0.0,784,8,1,0,143143.0,0.0,0.0,0.0,0.0,1.24338,1.24338
8|1241|sample|3|69,0.0010624,130158,1,3,1,143143.0,94834.9,51865.3,51865.0,51865.3,0.996214,0.996207
8|1241|sample|3|69,0.005312,136763,2,3,1,143143.0,92948.8,46775.1,46774.8,46775.1,1.26853,1.26851
8|1241|sample|3|69,0.02656,145073,3,3,1,143143.0,83643.1,38805.5,38805.1,38805.5,1.80238,1.80236
8|1241|sample|3|69,0.1328,129359,4,3,1,143143.0,73900.8,31755.4,31755.0,31755.4,2.01818,2.01814
8|1241|sample|3|69,0.664,56804,5,3,1,143143.0,64075.8,25681.0,25680.5,25681.0,0.793322,0.793298
8|1241|sample|3|69,3.32,4212,6,3,1,143143.0,54534.0,20564.9,20564.5,20564.9,-0.518441,-0.518444
8|1241|sample|3|69,83.0,726,8,3,1,143143.0,35051.4,12058.0,12057.7,12058.0,-0.604201,-0.604203
8|1241|sample|4|69,0.0010624,125943,1,4,1,143143.0,94834.9,51865.3,51865.0,51865.3,0.942581,0.942575
8|1241|sample|4|69,0.005312,138587,2,4,1,143143.0,92948.8,46775.1,46774.7,46775.1,1.29424,1.29423
8|1241|sample|4|69,0.02656,140654,3,4,1,143143.0,83643.1,38805.5,38805.1,38805.5,1.72743,1.72741
8|1241|sample|4|69,0.1328,125268,4,4,1,143143.0,73900.8,31755.4,31755.0,31755.4,1.93359,1.93355
8|1241|sample|4|69,0.664,58098,5,4,1,143143.0,64075.8,25681.0,25680.5,25681.0,0.826306,0.826281
8|1241|sample|4|69,3.32,3740,6,4,1,143143.0,54534.0,20564.9,20564.5,20564.9,-0.533405,-0.533408
8|1241|sample|4|69,16.6,582,7,4,1,143143.0,45600.5,16337.9,16337.5,16337.9,-0.625517,-0.625518
8|1241|sample|4|69,83.0,692,8,4,1,143143.0,35051.4,12058.0,12057.7,12058.0,-0.606014,-0.606015
8|1241|sample|8|69,16.6,688,7,8,1,143143.0,45600.5,16337.9,16337.5,16337.9,-0.621309,-0.62131
8|1241|vc|1|2|69,0.0,134396,1,2,1,143143.0,133706.0,133706.0,133706.0,133706.0,0.00342049,0.0034202
8|1241|vc|2|2|69,0.0,143827,2,2,1,143143.0,143143.0,143143.0,143143.0,143143.0,0.00316972,0.00316972
8|1241|vc|3|2|69,0.0,147132,3,2,1,143143.0,143143.0,143143.0,143143.0,143143.0,0.0184853,0.0184853
8|1241|vc|4|2|69,0.0,155723,4,2,1,143143.0,143143.0,143143.0,143143.0,143143.0,0.0582965,0.0582965
8|1241|vc|5|2|69,0.0,155074,5,2,1,143143.0,143143.0,143143.0,143143.0,143143.0,0.055289,0.055289
8|1241|vc|6|2|69,0.0,152580,6,2,1,143143.0,143143.0,143143.0,143143.0,143143.0,0.0437317,0.0437317
8|1241|vc|7|2|69,0.0,142167,7,2,1,143143.0,143143.0,143143.0,143143.0,143143.0,-0.00452283,-0.00452283
8|1241|vc|8|2|69,0.0,114245,8,2,1,143143.0,133706.0,133706.0,133706.0,133706.0,-0.0965305,-0.0965307
8|1056|cc|1|1|276,0.0,686,1,1,0,122846.625,0.0,0.0,0.0,0.0,1.08796,1.08796
8|1056|cc|2|1|276,0.0,688,2,1,0,122846.625,0.0,0.0,0.0,0.0,1.09113,1.09113
8|1056|cc|3|1|276,0.0,708,3,1,0,122846.625,0.0,0.0,0.0,0.0,1.12285,1.12285
8|1056|cc|4|1|276,0.0,700,4,1,0,122846.625,0.0,0.0,0.0,0.0,1.11016,1.11016
8|1056|cc|5|1|276,0.0,734,5,1,0,122846.625,0.0,0.0,0.0,0.0,1.16409,1.16409
8|1056|cc|6|1|276,0.0,694,6,1,0,122846.625,0.0,0.0,0.0,0.0,1.10065,1.10065
8|1056|cc|7|1|276,0.0,744,7,1,0,122846.625,0.0,0.0,0.0,0.0,1.17994,1.17994
8|1056|cc|8|1|276,0.0,756,8,1,0,122846.625,0.0,0.0,0.0,0.0,1.19898,1.19898
8|1056|sample|3|276,0.0010624,130132,1,3,1,122846.625,81398.2,40227.3,40227.4,40227.3,1.47149,1.47149
8|1056|sample|3|276,0.005312,127154,2,3,1,122846.625,79782.0,35729.9,35730.0,35729.9,1.68252,1.68253
8|1056|sample|3|276,0.02656,111063,3,3,1,122846.625,71798.1,29200.1,29200.3,29200.1,1.83868,1.8387
8|1056|sample|3|276,0.1328,53602,4,3,1,122846.625,63439.6,23551.5,23551.7,23551.5,0.833993,0.834004
8|1056|sample|3|276,0.664,5384,5,3,1,122846.625,55010.1,18787.7,18787.9,18787.7,-0.464265,-0.464263
8|1056|sample|3|276,3.32,738,6,3,1,122846.625,46823.6,14855.5,14855.7,14855.5,-0.614866,-0.614865
8|1056|sample|3|276,16.6,690,7,3,1,122846.625,39159.0,11666.9,11667.0,11666.9,-0.604208,-0.604208
8|1056|sample|3|276,83.0,842,8,3,1,122846.625,30106.9,8525.34,8525.47,8525.34,-0.571455,-0.571454
8|1056|sample|4|276,0.0010624,123910,1,4,1,122846.625,81398.2,40227.3,40227.4,40227.3,1.36965,1.36966
8|1056|sample|4|276,0.005312,126950,2,4,1,122846.625,79782.0,35729.9,35730.0,35729.9,1.67877,1.67878
8|1056|sample|4|276,0.02656,105914,3,4,1,122846.625,71798.1,29200.1,29200.3,29200.1,1.72303,1.72305
8|1056|sample|4|276,0.1328,55539,4,4,1,122846.625,63439.6,23551.5,23551.7,23551.5,0.887751,0.887763
8|1056|sample|4|276,0.664,6766,5,4,1,122846.625,55010.1,18787.7,18787.9,18787.7,-0.416397,-0.416395
8|1056|sample|4|276,3.32,686,6,4,1,122846.625,46823.6,14855.5,14855.7,14855.5,-0.617131,-0.61713
8|1056|sample|4|276,16.6,742,7,4,1,122846.625,39159.0,11666.9,11667.0,11666.9,-0.601346,-0.601345
8|1056|sample|4|276,83.0,876,8,4,1,122846.625,30106.9,8525.34,8525.47,8525.34,-0.568927,-0.568925
8|1056|vc|1|2|276,0.0,125929,1,2,1,122846.625,114748.0,114749.0,114749.0,114749.0,0.0645816,0.0645813
8|1056|vc|2|2|276,0.0,128067,2,2,1,122846.625,122847.0,122847.0,122847.0,122847.0,0.0281748,0.0281748
8|1056|vc|3|2|276,0.0,126059,3,2,1,122846.625,122847.0,122847.0,122847.0,122847.0,0.0173375,0.0173375
8|1056|vc|4|2|276,0.0,129668,4,2,1,122846.625,122847.0,122847.0,122847.0,122847.0,0.0368156,0.0368156
8|1056|vc|5|2|276,0.0,124889,5,2,1,122846.625,122847.0,122847.0,122847.0,122847.0,0.0110229,0.0110229
8|1056|vc|6|2|276,0.0,120436,6,2,1,122846.625,122847.0,122847.0,122847.0,122847.0,-0.0130103,-0.0130103
8|1056|vc|7|2|276,0.0,119889,7,2,1,122846.625,122847.0,122847.0,122847.0,122847.0,-0.0159625,-0.0159625
8|1056|vc|8|2|276,0.0,107836,8,2,1,122846.625,114748.0,114749.0,114749.0,114749.0,-0.0399336,-0.0399339
8|1159|cc|1|1|292,0.0,640,1,1,0,132841.25,0.0,0.0,0.0,0.0,1.01501,1.01501
8|1159|cc|2|1|292,0.0,616,2,1,0,132841.25,0.0,0.0,0.0,0.0,0.976943,0.976943
8|1159|cc|3|1|292,0.0,690,3,1,0,132841.25,0.0,0.0,0.0,0.0,1.0943,1.0943
8|1159|cc|4|1|292,0.0,614,4,1,0,132841.25,0.0,0.0,0.0,0.0,0.973772,0.973772
8|1159|cc|5|1|292,0.0,622,5,1,0,132841.25,0.0,0.0,0.0,0.0,0.986459,0.986459
8|1159|cc|6|1|292,0.0,654,6,1,0,132841.25,0.0,0.0,0.0,0.0,1.03721,1.03721
8|1159|cc|7|1|292,0.0,732,7,1,0,132841.25,0.0,0.0,0.0,0.0,1.16091,1.16091
8|1159|cc|8|1|292,0.0,670,8,1,0,132841.25,0.0,0.0,0.0,0.0,1.06258,1.06258
8|1159|sample|3|292,0.0010624,108512,1,3,1,132841.25,88014.9,44641.3,44641.4,44641.3,0.942984,0.942987
8|1159|sample|3|292,0.005312,131884,2,3,1,132841.25,86265.8,39740.9,39741.0,39740.9,1.52639,1.5264
8|1159|sample|3|292,0.02656,133282,3,3,1,132841.25,77631.0,32542.3,32542.5,32542.3,2.03324,2.03326
8|1159|sample|3|292,0.1328,105629,4,3,1,132841.25,68591.1,26289.8,26290.0,26289.8,1.97617,1.97619
8|1159|sample|3|292,0.664,36126,5,3,1,132841.25,59474.4,20998.4,20998.6,20998.4,0.469878,0.469888
8|1159|sample|3|292,3.32,2310,6,3,1,132841.25,50620.5,16618.1,16618.3,16618.1,-0.558699,-0.558698
8|1159|sample|3|292,16.6,688,7,3,1,132841.25,42331.0,13057.7,13057.9,13057.7,-0.610609,-0.610609
8|1159|sample|3|292,83.0,592,8,3,1,132841.25,32541.8,9542.07,9542.21,9542.07,-0.597727,-0.597726
8|1159|sample|4|292,0.0010624,112128,1,4,1,132841.25,88014.9,44641.3,44641.4,44641.3,0.99637,0.996374
8|1159|sample|4|292,0.005312,130767,2,4,1,132841.25,86265.8,39740.9,39741.0,39740.9,1.50789,1.5079
8|1159|sample|4|292,0.02656,137610,3,4,1,132841.25,77631.0,32542.3,32542.5,32542.3,2.12059,2.12061
8|1159|sample|4|292,0.1328,112132,4,4,1,132841.25,68591.1,26289.8,26290.0,26289.8,2.13814,2.13816
8|1159|sample|4|292,0.664,38749,5,4,1,132841.25,59474.4,20998.4,20998.6,20998.4,0.551351,0.551363
8|1159|sample|4|292,3.32,2926,6,4,1,132841.25,50620.5,16618.1,16618.3,16618.1,-0.534646,-0.534644
8|1159|sample|4|292,16.6,542,7,4,1,132841.25,42331.0,13057.7,13057.9,13057.7,-0.617816,-0.617816
8|1159|sample|4|292,83.0,574,8,4,1,132841.25,32541.8,9542.07,9542.22,9542.07,-0.598929,-0.598928
8|1159|vc|1|2|292,0.0,114165,1,2,1,132841.25,124084.0,124088.0,124087.0,124088.0,-0.0530186,-0.0530189
8|1159|vc|2|2|292,0.0,136148,2,2,1,132841.25,132841.0,132841.0,132841.0,132841.0,0.0165083,0.0165083
8|1159|vc|3|2|292,0.0,149475,3,2,1,132841.25,132841.0,132841.0,132841.0,132841.0,0.0830407,0.0830407
8|1159|vc|4|2|292,0.0,146290,4,2,1,132841.25,132841.0,132841.0,132841.0,132841.0,0.0671402,0.0671402
8|1159|vc|5|2|292,0.0,136813,5,2,1,132841.25,132841.0,132841.0,132841.0,132841.0,0.0198282,0.0198282
8|1159|vc|6|2|292,0.0,141806,6,2,1,132841.25,132841.0,132841.0,132841.0,132841.0,0.0447547,0.0447547
8|1159|vc|7|2|292,0.0,125865,7,2,1,132841.25,132841.0,132841.0,132841.0,132841.0,-0.0348275,-0.0348275
8|1159|vc|8|2|292,0.0,112168,8,2,1,132841.25,124084.0,124088.0,124087.0,124088.0,-0.0636892,-0.0636895
8|1017|cc|1|1|65,0.0,614,1,1,0,12137.0,0.0,0.0,0.0,0.0,0.973772,0.973772
8|1017|cc|2|1|65,0.0,574,2,1,0,12137.0,0.0,0.0,0.0,0.0,0.910334,0.910334
8|1017|cc|3|1|65,0.0,530,3,1,0,12137.0,0.0,0.0,0.0,0.0,0.840552,0.840552
8|1017|cc|4|1|65,0.0,626,4,1,0,12137.0,0.0,0.0,0.0,0.0,0.992803,0.992803
8|1017|cc|5|1|65,0.0,490,5,1,0,12137.0,0.0,0.0,0.0,0.0,0.777114,0.777114
8|1017|cc|6|1|65,0.0,480,6,1,0,12137.0,0.0,0.0,0.0,0.0,0.761255,0.761255
8|1017|cc|7|1|65,0.0,564,7,1,0,12137.0,0.0,0.0,0.0,0.0,0.894474,0.894474
8|1017|cc|8|1|65,0.0,546,8,1,0,12137.0,0.0,0.0,0.0,0.0,0.865927,0.865927
8|1017|sample|3|65,0.0010624,10506,1,3,1,12137.0,8105.64,3317.53,3317.53,3317.53,1.27972,1.27972
8|1017|sample|3|65,0.005312,11892,2,3,1,12137.0,7961.75,2940.05,2940.06,2940.05,1.77272,1.77272
8|1017|sample|3|65,0.02656,7480,3,3,1,12137.0,7187.68,2419.02,2419.02,2419.02,1.18617,1.18617
8|1017|sample|3|65,0.1328,2832,4,3,1,12137.0,6377.3,1980.77,1980.77,1980.77,0.235935,0.235935
8|1017|sample|3|65,0.664,740,5,3,1,12137.0,5560.04,1619.51,1619.51,1619.51,-0.286964,-0.286964
8|1017|sample|3|65,3.32,556,6,3,1,12137.0,4766.33,1326.63,1326.63,1326.63,-0.293613,-0.293613
8|1017|sample|3|65,83.0,548,8,3,1,12137.0,3136.08,855.518,855.519,855.518,-0.160459,-0.160459
8|1017|sample|4|65,0.0010624,9714,1,4,1,12137.0,8105.64,3317.53,3317.53,3317.53,1.13872,1.13872
8|1017|sample|4|65,0.005312,11992,2,4,1,12137.0,7961.75,2940.05,2940.06,2940.05,1.79252,1.79253
8|1017|sample|4|65,0.02656,9882,3,4,1,12137.0,7187.68,2419.02,2419.02,2419.02,1.74914,1.74915
8|1017|sample|4|65,0.1328,3414,4,4,1,12137.0,6377.3,1980.77,1980.77,1980.77,0.397247,0.397248
8|1017|sample|4|65,0.664,734,5,4,1,12137.0,5560.04,1619.51,1619.51,1619.51,-0.288922,-0.288922
8|1017|sample|4|65,3.32,542,6,4,1,12137.0,4766.33,1326.63,1326.63,1326.63,-0.298948,-0.298947
8|1017|sample|4|65,16.6,564,7,4,1,12137.0,4023.22,1092.37,1092.37,1092.37,-0.232504,-0.232504
8|1017|sample|4|65,83.0,516,8,4,1,12137.0,3136.08,855.518,855.519,855.518,-0.177156,-0.177156
8|1017|sample|8|65,16.6,600,7,8,1,12137.0,4023.22,1092.37,1092.37,1092.37,-0.216663,-0.216662
8|1017|vc|1|2|65,0.0,12754,1,2,1,12137.0,11336.9,11336.9,11336.9,11336.9,0.0801933,0.080193
8|1017|vc|2|2|65,0.0,10974,2,2,1,12137.0,12137.0,12137.0,12137.0,12137.0,-0.061619,-0.061619
8|1017|vc|3|2|65,0.0,11326,3,2,1,12137.0,12137.0,12137.0,12137.0,12137.0,-0.042969,-0.042969
8|1017|vc|4|2|65,0.0,14058,4,2,1,12137.0,12137.0,12137.0,12137.0,12137.0,0.10178,0.10178
8|1017|vc|5|2|65,0.0,13090,5,2,1,12137.0,12137.0,12137.0,12137.0,12137.0,0.0504926,0.0504926
8|1017|vc|6|2|65,0.0,11930,6,2,1,12137.0,12137.0,12137.0,12137.0,12137.0,-0.0109674,-0.0109674
8|1017|vc|7|2|65,0.0,12278,7,2,1,12137.0,12137.0,12137.0,12137.0,12137.0,0.00747059,0.00747059
8|1017|vc|8|2|65,0.0,10686,8,2,1,12137.0,11336.9,11336.9,11336.9,11336.9,-0.0368322,-0.0368325
8|1197|cc|1|1|103,0.0,606,1,1,0,100839.375,0.0,0.0,0.0,0.0,0.961084,0.961084
8|1197|cc|2|1|103,0.0,666,2,1,0,100839.375,0.0,0.0,0.0,0.0,1.05624,1.05624
8|1197|cc|3|1|103,0.0,676,3,1,0,100839.375,0.0,0.0,0.0,0.0,1.0721,1.0721
8|1197|cc|4|1|103,0.0,624,4,1,0,100839.375,0.0,0.0,0.0,0.0,0.989631,0.989631
8|1197|cc|5|1|103,0.0,566,5,1,0,100839.375,0.0,0.0,0.0,0.0,0.897646,0.897646
8|1197|cc|6|1|103,0.0,622,6,1,0,100839.375,0.0,0.0,0.0,0.0,0.986459,0.986459
8|1197|cc|7|1|103,0.0,690,7,1,0,100839.375,0.0,0.0,0.0,0.0,1.0943,1.0943
8|1197|cc|8|1|103,0.0,642,8,1,0,100839.375,0.0,0.0,0.0,0.0,1.01818,1.01818
8|1197|sample|3|103,0.0010624,83416,1,3,1,100839.375,66828.9,27556.6,27556.7,27556.6,1.32834,1.32835
8|1197|sample|3|103,0.005312,89383,2,3,1,100839.375,65505.3,24120.7,24120.8,24120.7,1.76923,1.76924
8|1197|sample|3|103,0.02656,58909,3,3,1,100839.375,58954.6,19468.8,19469.0,19468.8,1.31929,1.3193
8|1197|sample|3|103,0.1328,9266,4,3,1,100839.375,52096.6,15543.5,15543.7,15543.5,-0.261627,-0.261623
8|1197|sample|3|103,0.664,850,5,3,1,100839.375,45180.3,12302.0,12302.1,12302.0,-0.59889,-0.598889
8|1197|sample|3|103,3.32,606,6,3,1,100839.375,38463.3,9672.48,9672.62,9672.48,-0.597677,-0.597676
8|1197|sample|3|103,16.6,578,7,3,1,100839.375,32174.6,7570.15,7570.27,7570.15,-0.582221,-0.58222
8|1197|sample|3|103,83.0,552,8,3,1,100839.375,24745.5,5527.38,5527.47,5527.38,-0.556599,-0.556597
8|1197|sample|4|103,0.0010624,79953,1,4,1,100839.375,66828.9,27556.6,27556.7,27556.6,1.24599,1.246
8|1197|sample|4|103,0.005312,90004,2,4,1,100839.375,65505.3,24120.7,24120.8,24120.7,1.78606,1.78608
8|1197|sample|4|103,0.02656,58715,3,4,1,100839.375,58954.6,19468.8,19468.9,19468.8,1.3128,1.31281
8|1197|sample|4|103,0.1328,7962,4,4,1,100839.375,52096.6,15543.5,15543.6,15543.5,-0.315972,-0.315968
8|1197|sample|4|103,0.664,770,5,4,1,100839.375,45180.3,12302.0,12302.1,12302.0,-0.603074,-0.603073
8|1197|sample|4|103,3.32,568,6,4,1,100839.375,38463.3,9672.48,9672.61,9672.48,-0.600182,-0.600181
8|1197|sample|4|103,16.6,564,7,4,1,100839.375,32174.6,7570.15,7570.27,7570.15,-0.583387,-0.583385
8|1197|sample|4|103,83.0,596,8,4,1,100839.375,24745.5,5527.38,5527.47,5527.38,-0.551677,-0.551675
8|1197|vc|1|2|103,0.0,87946,1,2,1,100839.375,94191.7,94191.7,94191.6,94191.7,-0.0439175,-0.0439178
8|1197|vc|2|2|103,0.0,107862,2,2,1,100839.375,100839.0,100839.0,100839.0,100839.0,0.0461391,0.0461391
8|1197|vc|3|2|103,0.0,103669,3,2,1,100839.375,100839.0,100839.0,100839.0,100839.0,0.0185908,0.0185908
8|1197|vc|4|2|103,0.0,103811,4,2,1,100839.375,100839.0,100839.0,100839.0,100839.0,0.0195238,0.0195238
8|1197|vc|5|2|103,0.0,109061,5,2,1,100839.375,100839.0,100839.0,100839.0,100839.0,0.0540167,0.0540167
8|1197|vc|6|2|103,0.0,103883,6,2,1,100839.375,100839.0,100839.0,100839.0,100839.0,0.0199968,0.0199968
8|1197|vc|7|2|103,0.0,108538,7,2,1,100839.375,100839.0,100839.0,100839.0,100839.0,0.0505805,0.0505805
8|1197|vc|8|2|103,0.0,81945,8,2,1,100839.375,94191.7,94191.7,94191.6,94191.7,-0.0861148,-0.086115
8|745|cc|1|1|218,0.0,424,1,1,0,41925.5,0.0,0.0,0.0,0.0,0.672442,0.672442
8|745|cc|2|1|218,0.0,424,2,1,0,41925.5,0.0,0.0,0.0,0.0,0.672442,0.672442
8|745|cc|3|1|218,0.0,442,3,1,0,41925.5,0.0,0.0,0.0,0.0,0.700989,0.700989
8|745|cc|4|1|218,0.0,476,4,1,0,41925.5,0.0,0.0,0.0,0.0,0.754911,0.754911
8|745|cc|5|1|218,0.0,500,5,1,0,41925.5,0.0,0.0,0.0,0.0,0.792974,0.792974
8|745|cc|6|1|218,0.0,514,6,1,0,41925.5,0.0,0.0,0.0,0.0,0.815177,0.815177
8|745|cc|7|1|218,0.0,472,7,1,0,41925.5,0.0,0.0,0.0,0.0,0.748567,0.748567
8|745|cc|8|1|218,0.0,496,8,1,0,41925.5,0.0,0.0,0.0,0.0,0.78663,0.78663
8|745|sample|3|218,0.0010624,37523,1,3,1,41925.5,27826.4,10864.0,10864.0,10864.0,1.57182,1.57183
8|745|sample|3|218,0.005312,37208,2,3,1,41925.5,27286.3,8981.31,8981.35,8981.31,1.99754,1.99755
8|745|sample|3|218,0.02656,26461,3,3,1,41925.5,24572.3,6820.74,6820.79,6820.74,1.80465,1.80467
8|745|sample|3|218,0.1328,7202,4,3,1,41925.5,21731.0,5117.17,5117.21,5117.17,0.250503,0.250511
8|745|sample|3|218,0.664,758,5,3,1,41925.5,18865.5,3811.9,3811.94,3811.9,-0.48015,-0.480148
8|745|sample|3|218,16.6,474,7,3,1,41925.5,13477.2,2112.44,2112.47,2112.44,-0.430513,-0.43051
8|745|sample|3|218,83.0,544,8,3,1,41925.5,10393.1,1491.1,1491.12,1491.1,-0.32979,-0.329786
8|745|sample|4|218,0.0010624,34037,1,4,1,41925.5,27826.4,10864.0,10864.0,10864.0,1.36628,1.36629
8|745|sample|4|218,0.005312,36046,2,4,1,41925.5,27286.3,8981.31,8981.36,8981.31,1.91531,1.91532
8|745|sample|4|218,0.02656,26077,3,4,1,41925.5,24572.3,6820.74,6820.79,6820.74,1.76937,1.76939
8|745|sample|4|218,0.1328,8328,4,4,1,41925.5,21731.0,5117.17,5117.22,5117.17,0.385801,0.38581
8|745|sample|4|218,0.664,672,5,4,1,41925.5,18865.5,3811.9,3811.94,3811.9,-0.493671,-0.49367
8|745|sample|4|218,3.32,466,6,4,1,41925.5,16082.6,2833.61,2833.65,2833.61,-0.484193,-0.484191
8|745|sample|4|218,16.6,460,7,4,1,41925.5,13477.2,2112.44,2112.47,2112.44,-0.434191,-0.434189
8|745|sample|4|218,83.0,550,8,4,1,41925.5,10393.1,1491.1,1491.12,1491.1,-0.327701,-0.327697
8|745|sample|5|218,3.32,492,6,5,1,41925.5,16082.6,2833.61,2833.65,2833.61,-0.478876,-0.478874
8|745|vc|1|2|218,0.0,40530,1,2,1,41925.5,39161.6,39161.5,39161.5,39161.5,0.0230022,0.0230019
8|745|vc|2|2|218,0.0,43557,2,2,1,41925.5,41925.5,41925.5,41925.5,41925.5,0.0256323,0.0256323
8|745|vc|3|2|218,0.0,43897,3,2,1,41925.5,41925.5,41925.5,41925.5,41925.5,0.030974,0.030974
8|745|vc|4|2|218,0.0,43871,4,2,1,41925.5,41925.5,41925.5,41925.5,41925.5,0.0305656,0.0305656
8|745|vc|5|2|218,0.0,42072,5,2,1,41925.5,41925.5,41925.5,41925.5,41925.5,0.00230166,0.00230166
8|745|vc|6|2|218,0.0,41786,6,2,1,41925.5,41925.5,41925.5,41925.5,41925.5,-0.00219165,-0.00219165
8|745|vc|7|2|218,0.0,38985,7,2,1,41925.5,41925.5,41925.5,41925.5,41925.5,-0.0461979,-0.0461979
8|745|vc|8|2|218,0.0,40706,8,2,1,41925.5,39161.6,39161.5,39161.5,39161.5,0.0259604,0.0259601
8|1043|cc|1|1|174,0.0,462,1,1,0,53952.0,0.0,0.0,0.0,0.0,0.732708,0.732708
8|1043|cc|2|1|174,0.0,482,2,1,0,53952.0,0.0,0.0,0.0,0.0,0.764426,0.764426
8|1043|cc|3|1|174,0.0,512,3,1,0,53952.0,0.0,0.0,0.0,0.0,0.812005,0.812005
8|1043|cc|4|1|174,0.0,514,4,1,0,53952.0,0.0,0.0,0.0,0.0,0.815177,0.815177
8|1043|cc|5|1|174,0.0,496,5,1,0,53952.0,0.0,0.0,0.0,0.0,0.78663,0.78663
8|1043|cc|6|1|174,0.0,482,6,1,0,53952.0,0.0,0.0,0.0,0.0,0.764426,0.764426
8|1043|cc|7|1|174,0.0,458,7,1,0,53952.0,0.0,0.0,0.0,0.0,0.726364,0.726364
8|1043|cc|8|1|174,0.0,474,8,1,0,53952.0,0.0,0.0,0.0,0.0,0.751739,0.751739
8|1043|sample|3|174,0.0010624,52337,1,3,1,53952.0,35788.2,12961.3,12961.3,12961.3,1.95771,1.95772
8|1043|sample|3|174,0.005312,52465,2,3,1,53952.0,35088.3,10581.8,10581.9,10581.8,2.53276,2.53278
8|1043|sample|3|174,0.02656,24983,3,3,1,53952.0,31591.0,7937.57,7937.62,7937.57,1.35692,1.35693
8|1043|sample|3|174,0.1328,3902,4,3,1,53952.0,27929.7,5883.89,5883.95,5883.89,-0.209179,-0.209175
8|1043|sample|3|174,0.664,468,5,3,1,53952.0,24237.3,4332.04,4332.08,4332.04,-0.541019,-0.541018
8|1043|sample|3|174,3.32,434,6,3,1,53952.0,20651.4,3183.49,3183.53,3183.49,-0.507687,-0.507685
8|1043|sample|3|174,16.6,466,7,3,1,53952.0,17294.0,2346.46,2346.49,2346.46,-0.452299,-0.452297
8|1043|sample|3|174,83.0,476,8,3,1,53952.0,13322.9,1636.98,1637.01,1636.98,-0.375587,-0.375584
8|1043|sample|4|174,0.0010624,51341,1,4,1,53952.0,35788.2,12961.3,12961.3,12961.3,1.90819,1.9082
8|1043|sample|4|174,0.005312,47213,2,4,1,53952.0,35088.3,10581.8,10581.9,10581.8,2.21516,2.21518
8|1043|sample|4|174,0.02656,25619,3,4,1,53952.0,31591.0,7937.57,7937.63,7937.57,1.40755,1.40756
8|1043|sample|4|174,0.1328,3204,4,4,1,53952.0,27929.7,5883.89,5883.95,5883.89,-0.282847,-0.282844
8|1043|sample|4|174,0.664,534,5,4,1,53952.0,24237.3,4332.04,4332.08,4332.04,-0.531778,-0.531777
8|1043|sample|4|174,3.32,492,6,4,1,53952.0,20651.4,3183.49,3183.53,3183.49,-0.496977,-0.496975
8|1043|sample|4|174,16.6,542,7,4,1,53952.0,17294.0,2346.46,2346.49,2346.46,-0.43402,-0.434017
8|1043|sample|4|174,83.0,532,8,4,1,53952.0,13322.9,1636.98,1637.01,1636.98,-0.357471,-0.357468
8|1043|vc|1|2|174,0.0,50112,1,2,1,53952.0,50395.3,50395.1,50395.1,50395.1,-0.00370646,-0.00370675
8|1043|vc|2|2|174,0.0,56646,2,2,1,53952.0,53952.0,53952.0,53952.0,53952.0,0.0329632,0.0329632
8|1043|vc|3|2|174,0.0,62497,3,2,1,53952.0,53952.0,53952.0,53952.0,53952.0,0.104555,0.104555
8|1043|vc|4|2|174,0.0,57542,4,2,1,53952.0,53952.0,53952.0,53952.0,53952.0,0.0439265,0.0439265
8|1043|vc|5|2|174,0.0,52635,5,2,1,53952.0,53952.0,53952.0,53952.0,53952.0,-0.0161145,-0.0161145
8|1043|vc|6|2|174,0.0,56628,6,2,1,53952.0,53952.0,53952.0,53952.0,53952.0,0.032743,0.032743
8|1043|vc|7|2|174,0.0,50206,7,2,1,53952.0,53952.0,53952.0,53952.0,53952.0,-0.0458352,-0.0458352
8|1043|vc|8|2|174,0.0,45350,8,2,1,53952.0,50395.3,50395.1,50395.1,50395.1,-0.0660518,-0.066052
8|1260|cc|1|1|319,0.0,514,1,1,0,42984.625,0.0,0.0,0.0,0.0,0.815177,0.815177
8|1260|cc|2|1|319,0.0,604,2,1,0,42984.625,0.0,0.0,0.0,0.0,0.957912,0.957912
8|1260|cc|3|1|319,0.0,546,3,1,0,42984.625,0.0,0.0,0.0,0.0,0.865927,0.865927
8|1260|cc|4|1|319,0.0,580,4,1,0,42984.625,0.0,0.0,0.0,0.0,0.919849,0.919849
8|1260|cc|5|1|319,0.0,564,5,1,0,42984.625,0.0,0.0,0.0,0.0,0.894474,0.894474
8|1260|cc|6|1|319,0.0,508,6,1,0,42984.625,0.0,0.0,0.0,0.0,0.805661,0.805661
8|1260|cc|7|1|319,0.0,466,7,1,0,42984.625,0.0,0.0,0.0,0.0,0.739051,0.739051
8|1260|cc|8|1|319,0.0,444,8,1,0,42984.625,0.0,0.0,0.0,0.0,0.70416,0.70416
8|1260|sample|3|319,0.0010624,37180,1,3,1,42984.625,28527.6,13008.5,13008.6,13008.5,1.19754,1.19755
8|1260|sample|3|319,0.005312,42284,2,3,1,42984.625,27973.4,11493.4,11493.5,11493.4,1.7195,1.71951
8|1260|sample|3|319,0.02656,29878,3,3,1,42984.625,25190.4,9362.86,9362.93,9362.86,1.39518,1.39519
8|1260|sample|3|319,0.1328,14579,4,3,1,42984.625,22276.9,7543.05,7543.12,7543.05,0.58785,0.587861
8|1260|sample|3|319,0.664,2122,5,3,1,42984.625,19338.6,6024.76,6024.83,6024.76,-0.402908,-0.402905
8|1260|sample|3|319,3.32,498,6,3,1,42984.625,16485.0,4782.71,4782.77,4782.71,-0.547948,-0.547946
8|1260|sample|3|319,16.6,458,7,3,1,42984.625,13813.3,3782.86,3782.92,3782.86,-0.526364,-0.526362
8|1260|sample|3|319,83.0,484,8,3,1,42984.625,10651.1,2799.4,2799.45,2799.4,-0.478549,-0.478546
8|1260|sample|4|319,0.0010624,33661,1,4,1,42984.625,28527.6,13008.5,13008.6,13008.5,1.0232,1.0232
8|1260|sample|4|319,0.005312,36692,2,4,1,42984.625,27973.4,11493.4,11493.5,11493.4,1.40721,1.40722
8|1260|sample|4|319,0.02656,31084,3,4,1,42984.625,25190.4,9362.86,9362.93,9362.86,1.4772,1.47721
8|1260|sample|4|319,0.1328,13458,4,4,1,42984.625,22276.9,7543.05,7543.12,7543.05,0.49419,0.4942
8|1260|sample|4|319,0.664,1668,5,4,1,42984.625,19338.6,6024.76,6024.83,6024.76,-0.449777,-0.449774
8|1260|sample|4|319,3.32,526,6,4,1,42984.625,16485.0,4782.71,4782.77,4782.71,-0.544367,-0.544365
8|1260|sample|4|319,16.6,482,7,4,1,42984.625,13813.3,3782.86,3782.92,3782.86,-0.522565,-0.522563
8|1260|sample|4|319,83.0,570,8,4,1,42984.625,10651.1,2799.4,2799.45,2799.4,-0.460775,-0.460772
8|1260|vc|1|2|319,0.0,40866,1,2,1,42984.625,40150.9,40152.0,40152.0,40152.0,0.0117085,0.0117082
8|1260|vc|2|2|319,0.0,45338,2,2,1,42984.625,42984.6,42984.6,42984.6,42984.6,0.0360714,0.0360714
8|1260|vc|3|2|319,0.0,44073,3,2,1,42984.625,42984.6,42984.6,42984.6,42984.6,0.0166821,0.0166821
8|1260|vc|4|2|319,0.0,47115,4,2,1,42984.625,42984.6,42984.6,42984.6,42984.6,0.0633085,0.0633085
8|1260|vc|5|2|319,0.0,43457,5,2,1,42984.625,42984.6,42984.6,42984.6,42984.6,0.00724036,0.00724036
8|1260|vc|6|2|319,0.0,43107,6,2,1,42984.625,42984.6,42984.6,42984.6,42984.6,0.00187572,0.00187572
8|1260|vc|7|2|319,0.0,44409,7,2,1,42984.625,42984.6,42984.6,42984.6,42984.6,0.0218322,0.0218322
8|1260|vc|8|2|319,0.0,35512,8,2,1,42984.625,40150.9,40152.0,40152.0,40152.0,-0.0760847,-0.0760849
8|1042|cc|1|1|162,0.0,624,1,1,0,78994.875,0.0,0.0,0.0,0.0,0.989631,0.989631
8|1042|cc|2|1|162,0.0,714,2,1,0,78994.875,0.0,0.0,0.0,0.0,1.13237,1.13237
8|1042|cc|3|1|162,0.0,694,3,1,0,78994.875,0.0,0.0,0.0,0.0,1.10065,1.10065
8|1042|cc|4|1|162,0.0,700,4,1,0,78994.875,0.0,0.0,0.0,0.0,1.11016,1.11016
8|1042|cc|5|1|162,0.0,674,5,1,0,78994.875,0.0,0.0,0.0,0.0,1.06893,1.06893
8|1042|cc|6|1|162,0.0,730,6,1,0,78994.875,0.0,0.0,0.0,0.0,1.15774,1.15774
8|1042|cc|7|1|162,0.0,664,7,1,0,78994.875,0.0,0.0,0.0,0.0,1.05307,1.05307
8|1042|cc|8|1|162,0.0,778,8,1,0,78994.875,0.0,0.0,0.0,0.0,1.23387,1.23387
8|1042|sample|3|162,0.0010624,72910,1,3,1,78994.875,52367.3,29216.3,29216.3,29216.3,0.980854,0.980856
8|1042|sample|3|162,0.005312,82674,2,3,1,78994.875,51334.2,26626.9,26626.9,26626.9,1.37862,1.37863
8|1042|sample|3|162,0.02656,79881,3,3,1,78994.875,46206.1,22355.3,22355.4,22355.3,1.68038,1.68039
8|1042|sample|3|162,0.1328,67396,4,3,1,78994.875,40837.4,18534.6,18534.7,18534.6,1.71499,1.715
8|1042|sample|3|162,0.664,36552,5,3,1,78994.875,35423.1,15200.8,15200.9,15200.8,0.909353,0.909365
8|1042|sample|3|162,3.32,5516,6,3,1,78994.875,30164.9,12353.9,12354.0,12353.9,-0.356141,-0.356138
8|1042|sample|3|162,16.6,726,7,3,1,78994.875,25241.8,9967.38,9967.49,9967.38,-0.59191,-0.59191
8|1042|sample|3|162,83.0,688,8,3,1,78994.875,19423.8,7478.38,7478.47,7478.38,-0.57199,-0.571989
8|1042|sample|4|162,0.0010624,73625,1,4,1,78994.875,52367.3,29216.3,29216.3,29216.3,0.996905,0.996907
8|1042|sample|4|162,0.005312,80800,2,4,1,78994.875,51334.2,26626.9,26626.9,26626.9,1.33253,1.33253
8|1042|sample|4|162,0.02656,78030,3,4,1,78994.875,46206.1,22355.3,22355.4,22355.3,1.62631,1.62632
8|1042|sample|4|162,0.1328,66522,4,4,1,78994.875,40837.4,18534.6,18534.7,18534.6,1.68431,1.68433
8|1042|sample|4|162,0.664,38695,5,4,1,78994.875,35423.1,15200.8,15200.9,15200.8,1.00063,1.00064
8|1042|sample|4|162,3.32,6000,6,4,1,78994.875,30164.9,12353.9,12354.0,12353.9,-0.330933,-0.33093
8|1042|sample|4|162,16.6,662,7,4,1,78994.875,25241.8,9967.38,9967.49,9967.38,-0.596009,-0.596009
8|1042|sample|4|162,83.0,696,8,4,1,78994.875,19423.8,7478.38,7478.47,7478.38,-0.571316,-0.571315
8|1042|vc|1|2|162,0.0,79529,1,2,1,78994.875,73787.2,73787.5,73787.5,73787.5,0.0514739,0.0514736
8|1042|vc|2|2|162,0.0,77876,2,2,1,78994.875,78994.9,78994.9,78994.9,78994.9,-0.00937313,-0.00937313
8|1042|vc|3|2|162,0.0,85444,3,2,1,78994.875,78994.9,78994.9,78994.9,78994.9,0.0540262,0.0540262
8|1042|vc|4|2|162,0.0,85154,4,2,1,78994.875,78994.9,78994.9,78994.9,78994.9,0.0515968,0.0515968
8|1042|vc|5|2|162,0.0,85440,5,2,1,78994.875,78994.9,78994.9,78994.9,78994.9,0.0539927,0.0539927
8|1042|vc|6|2|162,0.0,76072,6,2,1,78994.875,78994.9,78994.9,78994.9,78994.9,-0.0244858,-0.0244858
8|1042|vc|7|2|162,0.0,75138,7,2,1,78994.875,78994.9,78994.9,78994.9,78994.9,-0.0323102,-0.0323102
8|1042|vc|8|2|162,0.0,67306,8,2,1,78994.875,73787.2,73787.5,73787.5,73787.5,-0.0581073,-0.0581076
8|863|cc|1|1|274,0.0,622,1,1,0,79056.375,0.0,0.0,0.0,0.0,0.986459,0.986459
8|863|cc|2|1|274,0.0,702,2,1,0,79056.375,0.0,0.0,0.0,0.0,1.11333,1.11333
8|863|cc|3|1|274,0.0,724,3,1,0,79056.375,0.0,0.0,0.0,0.0,1.14823,1.14823
8|863|cc|4|1|274,0.0,660,4,1,0,79056.375,0.0,0.0,0.0,0.0,1.04673,1.04673
8|863|cc|5|1|274,0.0,644,5,1,0,79056.375,0.0,0.0,0.0,0.0,1.02135,1.02135
8|863|cc|6|1|274,0.0,642,6,1,0,79056.375,0.0,0.0,0.0,0.0,1.01818,1.01818
8|863|cc|7|1|274,0.0,664,7,1,0,79056.375,0.0,0.0,0.0,0.0,1.05307,1.05307
8|863|cc|8|1|274,0.0,710,8,1,0,79056.375,0.0,0.0,0.0,0.0,1.12602,1.12602
8|863|sample|3|274,0.0010624,89013,1,3,1,79056.375,52408.0,26711.0,26711.1,26711.0,1.52772,1.52773
8|863|sample|3|274,0.005312,83582,2,3,1,79056.375,51374.1,23802.8,23802.9,23802.8,1.64185,1.64186
8|863|sample|3|274,0.02656,75500,3,3,1,79056.375,46242.0,19516.0,19516.2,19516.0,1.86825,1.86827
8|863|sample|3|274,0.1328,35636,4,3,1,79056.375,40869.1,15790.8,15790.9,15790.8,0.814448,0.81446
8|863|sample|3|274,0.664,5534,5,3,1,79056.375,35450.6,12636.7,12636.9,12636.7,-0.361922,-0.361919
8|863|sample|3|274,3.32,752,6,3,1,79056.375,30188.2,10024.8,10024.9,10024.8,-0.590657,-0.590657
8|863|sample|3|274,16.6,620,7,3,1,79056.375,25261.4,7901.05,7901.17,7901.05,-0.582166,-0.582165
8|863|sample|3|274,83.0,590,8,3,1,79056.375,19438.8,5799.26,5799.35,5799.26,-0.557285,-0.557284
8|863|sample|4|274,0.0010624,89205,1,4,1,79056.375,52408.0,26711.0,26711.1,26711.0,1.53243,1.53244
8|863|sample|4|274,0.005312,81925,2,4,1,79056.375,51374.1,23802.8,23802.9,23802.8,1.59634,1.59635
8|863|sample|4|274,0.02656,72696,3,4,1,79056.375,46242.0,19516.0,19516.2,19516.0,1.77468,1.77469
8|863|sample|4|274,0.1328,39789,4,4,1,79056.375,40869.1,15790.8,15790.9,15790.8,0.984889,0.984901
8|863|sample|4|274,0.664,7098,5,4,1,79056.375,35450.6,12636.7,12636.9,12636.7,-0.282229,-0.282225
8|863|sample|4|274,3.32,652,6,4,1,79056.375,30188.2,10024.8,10024.9,10024.8,-0.597027,-0.597026
8|863|sample|4|274,16.6,586,7,4,1,79056.375,25261.4,7901.05,7901.16,7901.05,-0.584884,-0.584883
8|863|sample|4|274,83.0,700,8,4,1,79056.375,19438.8,5799.26,5799.35,5799.26,-0.545518,-0.545516
8|863|vc|1|2|274,0.0,84225,1,2,1,79056.375,73844.7,73844.7,73844.7,73844.7,0.0929896,0.0929893
8|863|vc|2|2|274,0.0,81106,2,2,1,79056.375,79056.4,79056.4,79056.4,79056.4,0.017157,0.017157
8|863|vc|3|2|274,0.0,81311,3,2,1,79056.375,79056.4,79056.4,79056.4,79056.4,0.0188731,0.0188731
8|863|vc|4|2|274,0.0,81469,4,2,1,79056.375,79056.4,79056.4,79056.4,79056.4,0.0201957,0.0201957
8|863|vc|5|2|274,0.0,80994,5,2,1,79056.375,79056.4,79056.4,79056.4,79056.4,0.0162195,0.0162195
8|863|vc|6|2|274,0.0,78472,6,2,1,79056.375,79056.4,79056.4,79056.4,79056.4,-0.00489168,-0.00489168
8|863|vc|7|2|274,0.0,76847,7,2,1,79056.375,79056.4,79056.4,79056.4,79056.4,-0.0184943,-0.0184943
8|863|vc|8|2|274,0.0,68027,8,2,1,79056.375,73844.7,73844.7,73844.7,73844.7,-0.0521163,-0.0521166
8|152|cc|1|1|322,0.0,712,1,1,0,94087.625,0.0,0.0,0.0,0.0,1.12919,1.12919
8|152|cc|2|1|322,0.0,712,2,1,0,94087.625,0.0,0.0,0.0,0.0,1.12919,1.12919
8|152|cc|3|1|322,0.0,642,3,1,0,94087.625,0.0,0.0,0.0,0.0,1.01818,1.01818
8|152|cc|4|1|322,0.0,720,4,1,0,94087.625,0.0,0.0,0.0,0.0,1.14188,1.14188
8|152|cc|5|1|322,0.0,666,5,1,0,94087.625,0.0,0.0,0.0,0.0,1.05624,1.05624
8|152|cc|6|1|322,0.0,674,6,1,0,94087.625,0.0,0.0,0.0,0.0,1.06893,1.06893
8|152|cc|7|1|322,0.0,722,7,1,0,94087.625,0.0,0.0,0.0,0.0,1.14505,1.14505
8|152|cc|8|1|322,0.0,714,8,1,0,94087.625,0.0,0.0,0.0,0.0,1.13237,1.13237
8|152|sample|3|322,0.0010624,87858,1,3,1,94087.625,62359.0,30813.8,30813.9,30813.8,1.21505,1.21506
8|152|sample|3|322,0.005312,88455,2,3,1,94087.625,61125.3,27375.4,27375.5,27375.4,1.46195,1.46196
8|152|sample|3|322,0.02656,77137,3,3,1,94087.625,55014.3,22381.7,22381.9,22381.7,1.5976,1.59761
8|152|sample|3|322,0.1328,46188,4,3,1,94087.625,48616.6,18062.7,18062.9,18062.7,1.01237,1.01239
8|152|sample|3|322,0.664,17047,5,3,1,94087.625,42164.5,14420.9,14421.0,14420.9,0.117719,0.117727
8|152|sample|3|322,3.32,3062,6,3,1,94087.625,35898.4,11415.2,11415.3,11415.2,-0.469571,-0.469568
8|152|sample|3|322,16.6,1382,7,3,1,94087.625,30031.8,8978.14,8978.27,8978.14,-0.537749,-0.537747
8|152|sample|3|322,83.0,840,8,3,1,94087.625,23100.7,6575.12,6575.22,6575.12,-0.545486,-0.545484
8|152|sample|4|322,0.0010624,92432,1,4,1,94087.625,62359.0,30813.8,30813.9,30813.8,1.31248,1.31249
8|152|sample|4|322,0.005312,90579,2,4,1,94087.625,61125.3,27375.4,27375.5,27375.4,1.51279,1.51279
8|152|sample|4|322,0.02656,76034,3,4,1,94087.625,55014.3,22381.7,22381.9,22381.7,1.56541,1.56543
8|152|sample|4|322,0.1328,50378,4,4,1,94087.625,48616.6,18062.7,18062.9,18062.7,1.16319,1.16321
8|152|sample|4|322,0.664,19217,5,4,1,94087.625,42164.5,14420.9,14421.0,14420.9,0.214997,0.215006
8|152|sample|4|322,3.32,3728,6,4,1,94087.625,35898.4,11415.2,11415.3,11415.2,-0.432132,-0.432129
8|152|sample|4|322,16.6,1054,7,4,1,94087.625,30031.8,8978.14,8978.26,8978.14,-0.560968,-0.560967
8|152|sample|4|322,83.0,902,8,4,1,94087.625,23100.7,6575.12,6575.22,6575.12,-0.539589,-0.539587
8|152|vc|1|2|322,0.0,94260,1,2,1,94087.625,87885.0,87885.1,87885.1,87885.1,0.0480278,0.0480275
8|152|vc|2|2|322,0.0,95803,2,2,1,94087.625,94087.6,94087.6,94087.6,94087.6,0.0120753,0.0120753
8|152|vc|3|2|322,0.0,99229,3,2,1,94087.625,94087.6,94087.6,94087.6,94087.6,0.0361924,0.0361924
8|152|vc|4|2|322,0.0,96260,4,2,1,94087.625,94087.6,94087.6,94087.6,94087.6,0.0152923,0.0152923
8|152|vc|5|2|322,0.0,93357,5,2,1,94087.625,94087.6,94087.6,94087.6,94087.6,-0.00514318,-0.00514318
8|152|vc|6|2|322,0.0,92328,6,2,1,94087.625,94087.6,94087.6,94087.6,94087.6,-0.0123868,-0.0123868
8|152|vc|7|2|322,0.0,91784,7,2,1,94087.625,94087.6,94087.6,94087.6,94087.6,-0.0162162,-0.0162162
8|152|vc|8|2|322,0.0,89680,8,2,1,94087.625,87885.0,87885.1,87885.1,87885.1,0.0135225,0.0135222
9|411|cc|1|1|274,0.0,868,1,1,0,57906.875,0.0,0.0,0.0,0.0,1.3766,1.3766
9|411|cc|2|1|274,0.0,912,2,1,0,57906.875,0.0,0.0,0.0,0.0,1.44638,1.44638
9|411|cc|3|1|274,0.0,846,3,1,0,57906.875,0.0,0.0,0.0,0.0,1.34171,1.34171
9|411|cc|4|1|274,0.0,900,4,1,0,57906.875,0.0,0.0,0.0,0.0,1.42735,1.42735
9|411|cc|5|1|274,0.0,962,5,1,0,57906.875,0.0,0.0,0.0,0.0,1.52568,1.52568
9|411|cc|6|1|274,0.0,886,6,1,0,57906.875,0.0,0.0,0.0,0.0,1.40515,1.40515
9|411|cc|7|1|274,0.0,922,7,1,0,57906.875,0.0,0.0,0.0,0.0,1.46224,1.46224
9|411|cc|8|1|274,0.0,984,8,1,0,57906.875,0.0,0.0,0.0,0.0,1.56057,1.56057
9|411|sample|10|274,0.002286236854138,53166,1,10,1,57906.875,36907.4,19956.3,19956.3,19956.3,1.08431,1.08431
9|411|sample|10|274,0.0068587105624142,61628,2,10,1,57906.875,37074.7,18910.2,18910.2,18910.2,1.47023,1.47024
9|411|sample|10|274,0.0205761316872428,54148,3,10,1,57906.875,34509.8,16618.7,16618.8,16618.7,1.46537,1.46538
9|411|sample|10|274,0.0617283950617284,54949,4,10,1,57906.875,31852.6,14506.1,14506.2,14506.1,1.80264,1.80265
9|411|sample|10|274,0.1851851851851852,46394,5,10,1,57906.875,29146.9,12585.1,12585.2,12585.1,1.72954,1.72956
9|411|sample|10|274,0.5555555555555556,30684,6,10,1,57906.875,26440.1,10860.1,10860.2,10860.1,1.16921,1.16922
9|411|sample|10|274,1.66666666666667,13846,7,10,1,57906.875,23779.3,9328.47,9328.56,9328.47,0.308303,0.308312
9|411|sample|10|274,5.0,3124,8,10,1,57906.875,19815.9,7463.44,7463.52,7463.44,-0.366229,-0.366226
9|411|sample|11|274,0.0457247370827617,54260,1,11,1,57906.875,30440.6,14078.0,14078.1,14078.0,1.84391,1.84392
9|411|sample|11|274,0.1371742112482853,45084,2,11,1,57906.875,29888.2,13090.5,13090.6,13090.5,1.57546,1.57547
9|411|sample|11|274,0.411522633744856,27045,3,11,1,57906.875,27176.9,11311.9,11312.0,11311.9,0.892197,0.892208
9|411|sample|11|274,1.23456790123457,12392,4,11,1,57906.875,24498.9,9728.05,9728.14,9728.05,0.174642,0.17465
9|411|sample|11|274,3.7037037037037,3032,5,11,1,57906.875,21899.7,8332.08,8332.17,8332.08,-0.402905,-0.402902
9|411|sample|11|274,11.1111111111111,1264,6,11,1,57906.875,19419.3,7112.91,7112.99,7112.91,-0.51659,-0.516589
9|411|sample|11|274,33.3333333333333,860,7,11,1,57906.875,17090.1,6056.6,6056.68,6056.6,-0.53384,-0.533838
9|411|sample|11|274,100.0,802,8,11,1,57906.875,13957.4,4816.4,4816.46,4816.4,-0.510076,-0.510074
9|411|sample|12|274,0.0457247370827617,47309,1,12,1,57906.875,30440.6,14078.0,14078.1,14078.0,1.52493,1.52494
9|411|sample|12|274,0.1371742112482853,39899,2,12,1,57906.875,27921.8,12234.3,12234.4,12234.3,1.45446,1.45448
9|411|sample|12|274,0.411522633744856,26409,3,12,1,57906.875,25389.6,10573.3,10573.4,10573.3,0.958356,0.958368
9|411|sample|12|274,1.23456790123457,9114,4,12,1,57906.875,22888.6,9094.08,9094.16,9094.08,0.00138712,0.00139274
9|411|sample|12|274,3.7037037037037,2878,5,12,1,57906.875,20461.1,7790.35,7790.43,7790.35,-0.398071,-0.398069
9|411|sample|12|274,11.1111111111111,968,6,12,1,57906.875,18144.5,6651.74,6651.81,6651.74,-0.534741,-0.53474
9|411|sample|12|274,33.3333333333333,796,7,12,1,57906.875,15969.2,5665.23,5665.3,5665.23,-0.532383,-0.532382
9|411|sample|12|274,100.0,796,8,12,1,57906.875,13957.4,4816.4,4816.46,4816.4,-0.510839,-0.510837
9|411|sample|3|274,0.0457247370827617,58138,1,3,1,57906.875,30440.6,14078.0,14078.1,14078.0,2.02186,2.02188
9|411|sample|3|274,0.1371742112482853,40956,2,3,1,57906.875,29888.2,13090.5,13090.6,13090.5,1.37218,1.37219
9|411|sample|3|274,0.411522633744856,25675,3,3,1,57906.875,27176.9,11311.9,11312.0,11311.9,0.814505,0.814516
9|411|sample|3|274,1.23456790123457,7926,4,3,1,57906.875,24498.9,9728.05,9728.15,9728.05,-0.118149,-0.118144
9|411|sample|3|274,3.7037037037037,2156,5,3,1,57906.875,21899.7,8332.08,8332.17,8332.08,-0.469496,-0.469494
9|411|sample|3|274,11.1111111111111,986,6,3,1,57906.875,19419.3,7112.91,7113.0,7112.91,-0.541144,-0.541142
9|411|sample|3|274,33.3333333333333,960,7,3,1,57906.875,17090.1,6056.6,6056.68,6056.6,-0.523567,-0.523566
9|411|sample|3|274,100.0,882,8,3,1,57906.875,13957.4,4816.4,4816.47,4816.4,-0.499912,-0.49991
9|411|sample|4|274,0.0457247370827617,53482,1,4,1,57906.875,30440.6,14078.0,14078.1,14078.0,1.80821,1.80822
9|411|sample|4|274,0.1371742112482853,45186,2,4,1,57906.875,29888.2,13090.5,13090.6,13090.5,1.58048,1.58049
9|411|sample|4|274,0.411522633744856,36004,3,4,1,57906.875,27176.9,11311.9,11312.0,11311.9,1.40025,1.40026
9|411|sample|4|274,1.23456790123457,15537,4,4,1,57906.875,24498.9,9728.05,9728.14,9728.05,0.380828,0.380837
9|411|sample|4|274,3.7037037037037,4302,5,4,1,57906.875,21899.7,8332.08,8332.17,8332.08,-0.306363,-0.306359
9|411|sample|4|274,11.1111111111111,1258,6,4,1,57906.875,19419.3,7112.91,7112.99,7112.91,-0.51712,-0.517119
9|411|sample|4|274,33.3333333333333,948,7,4,1,57906.875,17090.1,6056.6,6056.68,6056.6,-0.5248,-0.524798
9|411|sample|4|274,100.0,850,8,4,1,57906.875,13957.4,4816.4,4816.46,4816.4,-0.503978,-0.503975
9|411|sample|5|274,0.002286236854138,55169,1,5,1,57906.875,36907.4,19956.3,19956.3,19956.3,1.14971,1.14971
9|411|sample|5|274,0.0068587105624142,55989,2,5,1,57906.875,37074.7,18910.2,18910.2,18910.2,1.27615,1.27616
9|411|sample|5|274,0.0205761316872428,54885,3,5,1,57906.875,34509.8,16618.7,16618.8,16618.7,1.49414,1.49415
9|411|sample|5|274,0.0617283950617284,49434,4,5,1,57906.875,31852.6,14506.1,14506.2,14506.1,1.55682,1.55683
9|411|sample|5|274,0.1851851851851852,45208,5,5,1,57906.875,29146.9,12585.1,12585.2,12585.1,1.66887,1.66889
9|411|sample|5|274,0.5555555555555556,30556,6,5,1,57906.875,26440.1,10860.1,10860.2,10860.1,1.16166,1.16167
9|411|sample|5|274,1.66666666666667,13064,7,5,1,57906.875,23779.3,9328.47,9328.56,9328.47,0.254933,0.254942
9|411|sample|5|274,5.0,2918,8,5,1,57906.875,19815.9,7463.44,7463.52,7463.44,-0.383614,-0.383611
9|411|sample|6|274,0.002286236854138,62015,1,6,1,57906.875,36907.4,19956.3,19956.3,19956.3,1.37323,1.37324
9|411|sample|6|274,0.0068587105624142,61528,2,6,1,57906.875,37074.7,18910.2,18910.2,18910.2,1.46679,1.4668
9|411|sample|6|274,0.0205761316872428,61845,3,6,1,57906.875,34509.8,16618.7,16618.8,16618.7,1.76591,1.76592
9|411|sample|6|274,0.0617283950617284,54318,4,6,1,57906.875,31852.6,14506.1,14506.2,14506.1,1.77451,1.77453
9|411|sample|6|274,0.1851851851851852,48773,5,6,1,57906.875,29146.9,12585.1,12585.2,12585.1,1.85124,1.85126
9|411|sample|6|274,0.5555555555555556,29602,6,6,1,57906.875,26440.1,10860.1,10860.2,10860.1,1.10539,1.10541
9|411|sample|6|274,1.66666666666667,12240,7,6,1,57906.875,23779.3,9328.47,9328.56,9328.47,0.198698,0.198706
9|411|sample|6|274,5.0,3840,8,6,1,57906.875,19815.9,7463.44,7463.52,7463.44,-0.305803,-0.305799
9|411|sample|7|274,0.0457247370827617,51443,1,7,1,57906.875,30440.6,14078.0,14078.1,14078.0,1.71464,1.71465
9|411|sample|7|274,0.1371742112482853,47489,2,7,1,57906.875,29888.2,13090.5,13090.6,13090.5,1.69389,1.6939
9|411|sample|7|274,0.411522633744856,28239,3,7,1,57906.875,27176.9,11311.9,11312.0,11311.9,0.959907,0.959919
9|411|sample|7|274,1.23456790123457,11458,4,7,1,57906.875,24498.9,9728.05,9728.14,9728.05,0.11341,0.113416
9|411|sample|7|274,3.7037037037037,2676,5,7,1,57906.875,21899.7,8332.08,8332.17,8332.08,-0.429967,-0.429965
9|411|sample|7|274,11.1111111111111,1026,6,7,1,57906.875,19419.3,7112.91,7112.99,7112.91,-0.537611,-0.537609
9|411|sample|7|274,33.3333333333333,928,7,7,1,57906.875,17090.1,6056.6,6056.68,6056.6,-0.526855,-0.526853
9|411|sample|7|274,100.0,848,8,7,1,57906.875,13957.4,4816.4,4816.46,4816.4,-0.504232,-0.50423
9|411|sample|8|274,0.0457247370827617,49844,1,8,1,57906.875,30440.6,14078.0,14078.1,14078.0,1.64126,1.64127
9|411|sample|8|274,0.1371742112482853,46084,2,8,1,57906.875,29888.2,13090.5,13090.6,13090.5,1.6247,1.62471
9|411|sample|8|274,0.411522633744856,29492,3,8,1,57906.875,27176.9,11311.9,11312.0,11311.9,1.03096,1.03098
9|411|sample|8|274,1.23456790123457,12168,4,8,1,57906.875,24498.9,9728.05,9728.15,9728.05,0.159957,0.159964
9|411|sample|8|274,3.7037037037037,3114,5,8,1,57906.875,21899.7,8332.08,8332.17,8332.08,-0.396672,-0.396669
9|411|sample|8|274,11.1111111111111,1024,6,8,1,57906.875,19419.3,7112.91,7112.99,7112.91,-0.537787,-0.537786
9|411|sample|8|274,33.3333333333333,882,7,8,1,57906.875,17090.1,6056.6,6056.68,6056.6,-0.53158,-0.531578
9|411|sample|8|274,100.0,778,8,8,1,57906.875,13957.4,4816.4,4816.46,4816.4,-0.513126,-0.513124
9|411|sample|9|274,0.002286236854138,52761,1,9,1,57906.875,36907.4,19956.3,19956.3,19956.3,1.07109,1.07109
9|411|sample|9|274,0.0068587105624142,58591,2,9,1,57906.875,37074.7,18910.2,18910.2,18910.2,1.36571,1.36571
9|411|sample|9|274,0.0205761316872428,53528,3,9,1,57906.875,34509.8,16618.7,16618.8,16618.7,1.44116,1.44117
9|411|sample|9|274,0.0617283950617284,55935,4,9,1,57906.875,31852.6,14506.1,14506.2,14506.1,1.84659,1.8466
9|411|sample|9|274,0.1851851851851852,49128,5,9,1,57906.875,29146.9,12585.1,12585.2,12585.1,1.8694,1.86942
9|411|sample|9|274,0.5555555555555556,28450,6,9,1,57906.875,26440.1,10860.1,10860.2,10860.1,1.03745,1.03746
9|411|sample|9|274,1.66666666666667,10662,7,9,1,57906.875,23779.3,9328.47,9328.56,9328.47,0.0910036,0.0910107
9|411|sample|9|274,5.0,3030,8,9,1,57906.875,19815.9,7463.44,7463.52,7463.44,-0.374162,-0.374159
9|411|vc|1|2|274,0.0,57888,1,2,1,57906.875,54089.4,54089.4,54089.4,54089.4,0.0463614,0.0463611
9|411|vc|2|2|274,0.0,57026,2,2,1,57906.875,57906.9,57906.9,57906.9,57906.9,-0.0100474,-0.0100474
9|411|vc|3|2|274,0.0,62361,3,2,1,57906.875,57906.9,57906.9,57906.9,57906.9,0.0508043,0.0508043
9|411|vc|4|2|274,0.0,58423,4,2,1,57906.875,57906.9,57906.9,57906.9,57906.9,0.005887,0.005887
9|411|vc|5|2|274,0.0,61789,5,2,1,57906.875,57906.9,57906.9,57906.9,57906.9,0.04428,0.04428
9|411|vc|6|2|274,0.0,57424,6,2,1,57906.875,57906.9,57906.9,57906.9,57906.9,-0.00550772,-0.00550772
9|411|vc|7|2|274,0.0,54022,7,2,1,57906.875,57906.9,57906.9,57906.9,57906.9,-0.0443113,-0.0443113
9|411|vc|8|2|274,0.0,54322,8,2,1,57906.875,54089.4,54089.4,54089.4,54089.4,0.00283861,0.00283832
