id,time,rlu,plate_row,plate_col,mean_vc,mean_cc,binary_vc,binary_cc,binary_sample,popPred_medianCOV,popPred,indivPred_SAEM,indivPred_mode,indWRes_SAEM,indWRes_mode
9|411|9|411|sample|4|274|4|274|70.0,0.0457247370827617,53482,1,4,57906.875,910,0,0,1,55031.8,55031.8,54020.2,55031,-0.0657285,-0.185709
9|411|9|411|sample|4|274|4|274|70.0,0.1371742112482853,45186,2,4,57906.875,910,0,0,1,52626,52626,48445.4,51597.2,-0.443811,-0.819728
9|411|9|411|sample|4|274|4|274|70.0,0.411522633744856,36004,3,4,57906.875,910,0,0,1,43491.6,43491.6,32478,37343.1,0.715646,-0.236454
9|411|9|411|sample|4|274|4|274|70.0,1.23456790123457,15537,4,4,57906.875,910,0,0,1,24767,24767,13197.3,14752.7,1.16495,0.349549
9|411|9|411|sample|4|274|4|274|70.0,3.7037037037037,4302,5,4,57906.875,910,0,0,1,9031.27,9031.28,4094.59,3919.67,0.328963,0.632977
9|411|9|411|sample|4|274|4|274|70.0,11.1111111111111,1258,6,4,57906.875,910,0,0,1,2976.19,2976.19,1608.51,1437.13,-1.37901,-0.784873
9|411|9|411|sample|4|274|4|274|70.0,33.3333333333333,948,7,4,57906.875,910,0,0,1,1372.79,1372.79,1040.33,980.005,-0.549061,-0.201246
9|411|9|411|sample|4|274|4|274|70.0,100,850,8,4,57906.875,910,0,0,1,990.688,990.689,912.688,895.745,-0.421156,-0.312719
9|411|9|411|sample|3|274|3|274|70.0,0.0457247370827617,58138,1,3,57906.875,910,0,0,1,54871.8,54871.9,54135.9,53720.4,0.487734,0.542532
9|411|9|411|sample|3|274|3|274|70.0,0.1371742112482853,40956,2,3,57906.875,910,0,0,1,52473.9,52473.9,47484.9,46058.3,-0.906955,-0.730706
9|411|9|411|sample|3|274|3|274|70.0,0.411522633744856,25675,3,3,57906.875,910,0,0,1,43366.3,43366.4,26875.8,25073.7,-0.294376,0.157973
9|411|9|411|sample|3|274|3|274|70.0,1.23456790123457,7926,4,3,57906.875,910,0,0,1,24695.8,24695.8,7855.54,7398.44,0.0587282,0.466611
9|411|9|411|sample|3|274|3|274|70.0,3.7037037037037,2156,5,3,57906.875,910,0,0,1,9005.3,9005.3,2150.88,2122.92,0.01523,0.099619
9|411|9|411|sample|3|274|3|274|70.0,11.1111111111111,986,6,3,57906.875,910,0,0,1,2967.61,2967.62,1093.5,1100.25,-0.610065,-0.644587
9|411|9|411|sample|3|274|3|274|70.0,33.3333333333333,960,7,3,57906.875,910,0,0,1,1368.82,1368.82,915.389,918.494,0.29889,0.277214
9|411|9|411|sample|3|274|3|274|70.0,100,882,8,3,57906.875,910,0,0,1,987.809,987.809,882.103,882.915,-0.000712684,-0.00634109
9|411|9|411|sample|5|274|5|274|70.0,0.002286236854138,55169,1,5,57906.875,910,0,0,1,55967.2,55967.3,55968,55972.4,-0.0941936,-0.0947007
9|411|9|411|sample|5|274|5|274|70.0,0.0068587105624142,55989,2,5,57906.875,910,0,0,1,56226.8,56226.9,56222.8,56239.7,-0.0274322,-0.0294137
9|411|9|411|sample|5|274|5|274|70.0,0.0205761316872428,54885,3,5,57906.875,910,0,0,1,56188.8,56188.9,56148.8,56193.3,-0.148507,-0.153609
9|411|9|411|sample|5|274|5|274|70.0,0.0617283950617284,49434,4,5,57906.875,910,0,0,1,55295.2,55295.3,54943.7,55049.1,-0.661606,-0.672973
9|411|9|411|sample|5|274|5|274|70.0,0.1851851851851852,45208,5,5,57906.875,910,0,0,1,51361.9,51361.9,49207.7,49295,-0.536193,-0.546928
9|411|9|411|sample|5|274|5|274|70.0,0.5555555555555556,30556,6,5,57906.875,910,0,0,1,39144.3,39144.3,32237.6,31734.1,-0.343845,-0.244709
9|411|9|411|sample|5|274|5|274|70.0,1.66666666666667,13064,7,5,57906.875,910,0,0,1,19423.6,19423.6,12132.4,11378.6,0.504353,0.97247
9|411|9|411|sample|5|274|5|274|70.0,5,2918,8,5,57906.875,910,0,0,1,6545.61,6545.62,3512.56,3192.56,-1.09617,-0.555838
9|411|9|411|sample|6|274|6|274|70.0,0.002286236854138,62015,1,6,57906.875,910,0,0,1,56014.4,56014.5,55992,55999.4,0.709725,0.708763
9|411|9|411|sample|6|274|6|274|70.0,0.0068587105624142,61528,2,6,57906.875,910,0,0,1,56274,56274,56182,56206.8,0.62782,0.624635
9|411|9|411|sample|6|274|6|274|70.0,0.0205761316872428,61845,3,6,57906.875,910,0,0,1,56235.8,56235.8,55877.2,55939.8,0.704657,0.696489
9|411|9|411|sample|6|274|6|274|70.0,0.0617283950617284,54318,4,6,57906.875,910,0,0,1,55341.4,55341.4,53956.3,54093.5,0.0442214,0.0273856
9|411|9|411|sample|6|274|6|274|70.0,0.1851851851851852,48773,5,6,57906.875,910,0,0,1,51404.8,51404.8,46808.4,46953.5,0.276844,0.255616
9|411|9|411|sample|6|274|6|274|70.0,0.5555555555555556,29602,6,6,57906.875,910,0,0,1,39177,39177,30001.6,29768.7,-0.0877772,-0.0368998
9|411|9|411|sample|6|274|6|274|70.0,1.66666666666667,12240,7,6,57906.875,910,0,0,1,19439.8,19439.9,12231.8,11778.7,0.00440572,0.257204
9|411|9|411|sample|6|274|6|274|70.0,5,3840,8,6,57906.875,910,0,0,1,6551.13,6551.14,4017.05,3774.7,-0.286141,0.112189
9|411|9|411|sample|8|274|8|274|70.0,0.0457247370827617,49844,1,8,57906.875,910,0,0,1,55129.8,55129.8,54864.9,54749.5,-0.603776,-0.591144
9|411|9|411|sample|8|274|8|274|70.0,0.1371742112482853,46084,2,8,57906.875,910,0,0,1,52719.2,52719.2,50195.7,49771.8,-0.540371,-0.488779
9|411|9|411|sample|8|274|8|274|70.0,0.411522633744856,29492,3,8,57906.875,910,0,0,1,43568.3,43568.4,32865.3,32162.7,-0.676596,-0.54735
9|411|9|411|sample|8|274|8|274|70.0,1.23456790123457,12168,4,8,57906.875,910,0,0,1,24810.6,24810.7,11175.2,10953.9,0.583208,0.727527
9|411|9|411|sample|8|274|8|274|70.0,3.7037037037037,3114,5,8,57906.875,910,0,0,1,9047.18,9047.18,2923.57,2920.63,0.420161,0.427046
9|411|9|411|sample|8|274|8|274|70.0,11.1111111111111,1024,6,8,57906.875,910,0,0,1,2981.44,2981.44,1238.85,1247.28,-1.08391,-1.11923
9|411|9|411|sample|8|274|8|274|70.0,33.3333333333333,882,7,8,57906.875,910,0,0,1,1375.22,1375.22,944.253,947.285,-0.405225,-0.423699
9|411|9|411|sample|8|274|8|274|70.0,100,778,8,8,57906.875,910,0,0,1,992.452,992.452,890.478,891.255,-0.773129,-0.77784
9|411|9|411|sample|7|274|7|274|70.0,0.0457247370827617,51443,1,7,57906.875,910,0,0,1,55176.2,55176.3,54745.1,54803.9,-0.397951,-0.404608
9|411|9|411|sample|7|274|7|274|70.0,0.1371742112482853,47489,2,7,57906.875,910,0,0,1,52763.4,52763.4,49440.2,49626.4,-0.260343,-0.28412
9|411|9|411|sample|7|274|7|274|70.0,0.411522633744856,28239,3,7,57906.875,910,0,0,1,43604.8,43604.8,31014.6,31213.1,-0.589871,-0.628035
9|411|9|411|sample|7|274|7|274|70.0,1.23456790123457,11458,4,7,57906.875,910,0,0,1,24831.3,24831.4,10101.7,10087.3,0.880811,0.891428
9|411|9|411|sample|7|274|7|274|70.0,3.7037037037037,2676,5,7,57906.875,910,0,0,1,9054.73,9054.73,2681.62,2650.81,-0.0134958,0.0611365
9|411|9|411|sample|7|274|7|274|70.0,11.1111111111111,1026,6,7,57906.875,910,0,0,1,2983.93,2983.93,1197.31,1187.19,-0.892561,-0.846583
9|411|9|411|sample|7|274|7|274|70.0,33.3333333333333,928,7,7,57906.875,910,0,0,1,1376.37,1376.37,937.985,935.572,-0.0654008,-0.0497144
9|411|9|411|sample|7|274|7|274|70.0,100,848,8,7,57906.875,910,0,0,1,993.289,993.289,890.067,889.549,-0.289275,-0.285864
9|411|9|411|sample|9|274|9|274|70.0,0.002286236854138,52761,1,9,57906.875,910,0,0,1,55867.8,55867.8,55861,55865,-0.366146,-0.366595
9|411|9|411|sample|9|274|9|274|70.0,0.0068587105624142,58591,2,9,57906.875,910,0,0,1,56127.5,56127.5,56086.7,56104.7,0.294599,0.29239
9|411|9|411|sample|9|274|9|274|70.0,0.0205761316872428,53528,3,9,57906.875,910,0,0,1,56089.9,56089.9,55887.5,55938,-0.278551,-0.284255
9|411|9|411|sample|9|274|9|274|70.0,0.0617283950617284,55935,4,9,57906.875,910,0,0,1,55198,55198,54181.8,54314.7,0.213487,0.196818
9|411|9|411|sample|9|274|9|274|70.0,0.1851851851851852,49128,5,9,57906.875,910,0,0,1,51271.6,51271.6,46950.1,47166.7,0.305982,0.274292
9|411|9|411|sample|9|274|9|274|70.0,0.5555555555555556,28450,6,9,57906.875,910,0,0,1,39075.3,39075.4,28690.3,28635.4,-0.0552049,-0.0426712
9|411|9|411|sample|9|274|9|274|70.0,1.66666666666667,10662,7,9,57906.875,910,0,0,1,19389.2,19389.3,10419.5,10146.4,0.152736,0.333361
9|411|9|411|sample|9|274|9|274|70.0,5,3030,8,9,57906.875,910,0,0,1,6533.98,6533.99,3158,3018.18,-0.261906,0.025285
9|411|9|411|sample|10|274|10|274|70.0,0.002286236854138,53166,1,10,57906.875,910,0,0,1,55705.4,55705.4,55715.7,55711.3,-0.301934,-0.301438
9|411|9|411|sample|10|274|10|274|70.0,0.0068587105624142,61628,2,10,57906.875,910,0,0,1,55965.3,55965.3,55995.3,55982.4,0.663694,0.665371
9|411|9|411|sample|10|274|10|274|70.0,0.0205761316872428,54148,3,10,57906.875,910,0,0,1,55928.3,55928.3,56029,55955.7,-0.221498,-0.213148
9|411|9|411|sample|10|274|10|274|70.0,0.0617283950617284,54949,4,10,57906.875,910,0,0,1,55039.2,55039.3,55247.4,54912.8,-0.0356295,0.00435235
9|411|9|411|sample|10|274|10|274|70.0,0.1851851851851852,46394,5,10,57906.875,910,0,0,1,51124.1,51124.2,50735.1,49580.6,-0.564469,-0.423979
9|411|9|411|sample|10|274|10|274|70.0,0.5555555555555556,30684,6,10,57906.875,910,0,0,1,38962.8,38962.8,34589.5,32741.1,-0.744388,-0.41417
9|411|9|411|sample|10|274|10|274|70.0,1.66666666666667,13846,7,10,57906.875,910,0,0,1,19333.2,19333.2,12653.6,12069.9,0.619079,0.966426
9|411|9|411|sample|10|274|10|274|70.0,5,3124,8,10,57906.875,910,0,0,1,6514.99,6514.99,3351.83,3375.74,-0.439764,-0.482558
9|411|9|411|sample|12|274|12|274|70.0,0.0457247370827617,47309,1,12,57906.875,910,0,0,1,54288.7,54288.7,52744.6,52784,-0.679888,-0.684303
9|411|9|411|sample|12|274|12|274|70.0,0.1371742112482853,39899,2,12,57906.875,910,0,0,1,51919.3,51919.4,45229,45192.1,-0.777283,-0.77253
9|411|9|411|sample|12|274|12|274|70.0,0.411522633744856,26409,3,12,57906.875,910,0,0,1,42909.6,42909.6,26347,25946.5,0.0155071,0.117446
9|411|9|411|sample|12|274|12|274|70.0,1.23456790123457,9114,4,12,57906.875,910,0,0,1,24436.1,24436.1,9014.2,8642.18,0.0725695,0.357739
9|411|9|411|sample|12|274|12|274|70.0,3.7037037037037,2878,5,12,57906.875,910,0,0,1,8910.6,8910.61,2726.1,2588.24,0.358817,0.719924
9|411|9|411|sample|12|274|12|274|70.0,11.1111111111111,968,6,12,57906.875,910,0,0,1,2936.36,2936.36,1255.34,1217.53,-1.43157,-1.2797
9|411|9|411|sample|12|274|12|274|70.0,33.3333333333333,796,7,12,57906.875,910,0,0,1,1354.35,1354.36,948.565,939.162,-0.988901,-0.936593
9|411|9|411|sample|12|274|12|274|70.0,100,796,8,12,57906.875,910,0,0,1,977.311,977.311,882.653,880.308,-0.600506,-0.585696
9|411|9|411|sample|11|274|11|274|70.0,0.0457247370827617,54260,1,11,57906.875,910,0,0,1,54632.7,54632.7,53638.3,53853.2,0.0764686,0.0498354
9|411|9|411|sample|11|274|11|274|70.0,0.1371742112482853,45084,2,11,57906.875,910,0,0,1,52246.5,52246.5,47405.3,48103.6,-0.323003,-0.41408
9|411|9|411|sample|11|274|11|274|70.0,0.411522633744856,27045,3,11,57906.875,910,0,0,1,43179,43179.1,29439.5,30443.9,-0.536039,-0.735838
9|411|9|411|sample|11|274|11|274|70.0,1.23456790123457,12392,4,11,57906.875,910,0,0,1,24589.3,24589.3,10409.3,10764.5,1.24981,0.99226
9|411|9|411|sample|11|274|11|274|70.0,3.7037037037037,3032,5,11,57906.875,910,0,0,1,8966.46,8966.47,3028.02,3060.73,0.00848863,-0.0606021
9|411|9|411|sample|11|274|11|274|70.0,11.1111111111111,1264,6,11,57906.875,910,0,0,1,2954.8,2954.8,1309.51,1304.08,-0.217843,-0.19261
9|411|9|411|sample|11|274|11|274|70.0,33.3333333333333,860,7,11,57906.875,910,0,0,1,1362.89,1362.89,961.071,957.692,-0.647187,-0.627605
9|411|9|411|sample|11|274|11|274|70.0,100,802,8,11,57906.875,910,0,0,1,983.504,983.504,888.948,887.793,-0.598601,-0.591357
9|411|9|411|cc|1|1|274|1|274|69.0,0,868,1,1,57906.875,910,0,1,0,866.339,866.339,866.483,866.339,0.010694,0.0117116
9|411|9|411|cc|2|1|274|1|274|69.0,0,912,2,1,57906.875,910,0,1,0,871.241,871.241,871.299,871.241,0.285457,0.285881
9|411|9|411|cc|3|1|274|1|274|69.0,0,846,3,1,57906.875,910,0,1,0,874.243,874.243,874.254,874.243,-0.197539,-0.197469
9|411|9|411|cc|4|1|274|1|274|69.0,0,900,4,1,57906.875,910,0,1,0,875.667,875.668,875.657,875.668,0.169942,0.169866
9|411|9|411|cc|5|1|274|1|274|69.0,0,962,5,1,57906.875,910,0,1,0,875.667,875.668,875.657,875.668,0.602779,0.602698
9|411|9|411|cc|6|1|274|1|274|69.0,0,886,6,1,57906.875,910,0,1,0,874.243,874.243,874.254,874.243,0.0821251,0.0821987
9|411|9|411|cc|7|1|274|1|274|69.0,0,922,7,1,57906.875,910,0,1,0,871.241,871.241,871.299,871.241,0.355592,0.356021
9|411|9|411|cc|8|1|274|1|274|69.0,0,984,8,1,57906.875,910,0,1,0,866.339,866.339,866.483,866.339,0.828446,0.82959
9|411|9|411|vc|1|2|274|2|274|69.0,0,57888,1,2,57906.875,910,1,0,0,55477.8,55477.9,55481.6,55477.9,0.286161,0.286627
9|411|9|411|vc|2|2|274|2|274|69.0,0,57026,2,2,57906.875,910,1,0,0,55789.8,55789.8,55788.1,55789.8,0.146401,0.146192
9|411|9|411|vc|3|2|274|2|274|69.0,0,62361,3,2,57906.875,910,1,0,0,55980.8,55980.9,55976.1,55980.9,0.75258,0.751955
9|411|9|411|vc|4|2|274|2|274|69.0,0,58423,4,2,57906.875,910,1,0,0,56071.5,56071.5,56065.4,56071.5,0.277443,0.276695
9|411|9|411|vc|5|2|274|2|274|69.0,0,61789,5,2,57906.875,910,1,0,0,56071.5,56071.5,56065.4,56071.5,0.673558,0.672768
9|411|9|411|vc|6|2|274|2|274|69.0,0,57424,6,2,57906.875,910,1,0,0,55980.8,55980.9,55976.1,55980.9,0.170661,0.170086
9|411|9|411|vc|7|2|274|2|274|69.0,0,54022,7,2,57906.875,910,1,0,0,55789.8,55789.8,55788.1,55789.8,-0.208868,-0.209066
9|411|9|411|vc|8|2|274|2|274|69.0,0,54322,8,2,57906.875,910,1,0,0,55477.8,55477.9,55481.6,55477.9,-0.137901,-0.137464
14|783|14|783|sample|3|71|3|71|6.0,0.00128,68212.8,1,3,65466.9,572.004,0,0,1,62987.3,62987.3,62956,62964.5,0.550998,0.550027
14|783|14|783|sample|3|71|3|71|6.0,0.0064,68155.2,2,3,65466.9,572.004,0,0,1,63278.1,63278.1,63198.7,63231.9,0.51752,0.513789
14|783|14|783|sample|3|71|3|71|6.0,0.032,68608.8,3,3,65466.9,572.004,0,0,1,62957.2,62957.2,63042.3,63128.8,0.58266,0.572816
14|783|14|783|sample|3|71|3|71|6.0,0.16,64072.8,4,3,65466.9,572.004,0,0,1,58730,58730,61856.9,62060.4,0.236384,0.213976
14|783|14|783|sample|3|71|3|71|6.0,0.8,57218.4,5,3,65466.9,572.004,0,0,1,36815.5,36815.5,57661.6,58030.4,-0.0507133,-0.0923302
14|783|14|783|sample|3|71|3|71|6.0,4,44143.2,6,3,65466.9,572.004,0,0,1,8999.36,8999.36,46358.5,46606.1,-0.31521,-0.348581
14|783|14|783|sample|3|71|3|71|6.0,20,28238.4,7,3,65466.9,572.004,0,0,1,1648.43,1648.43,27354.2,26906.6,0.21298,0.326134
14|783|14|783|sample|3|71|3|71|6.0,100,11044.8,8,3,65466.9,572.004,0,0,1,677.983,677.983,11312.3,10634.4,-0.155239,0.253266
14|783|14|783|sample|4|71|4|71|6.0,0.00128,69595.2,1,4,65466.9,572.004,0,0,1,63170.9,63170.9,63116.3,63116.2,0.67737,0.677379
14|783|14|783|sample|4|71|4|71|6.0,0.0064,69638.4,2,4,65466.9,572.004,0,0,1,63461.5,63461.5,63317.6,63318.7,0.658741,0.658615
14|783|14|783|sample|4|71|4|71|6.0,0.032,67262.4,3,4,65466.9,572.004,0,0,1,63139.1,63139.1,63047.1,63030.6,0.441193,0.443034
14|783|14|783|sample|4|71|4|71|6.0,0.16,63900,4,4,65466.9,572.004,0,0,1,58899.4,58899.4,61579.8,61484.6,0.248621,0.259225
14|783|14|783|sample|4|71|4|71|6.0,0.8,56001.6,5,4,65466.9,572.004,0,0,1,36921.7,36921.7,56853.8,56502.1,-0.098896,-0.0584413
14|783|14|783|sample|4|71|4|71|6.0,4,42962.4,6,4,65466.9,572.004,0,0,1,9025.36,9025.36,45177.4,44307.5,-0.32339,-0.200239
14|783|14|783|sample|4|71|4|71|6.0,20,26215.2,7,4,65466.9,572.004,0,0,1,1653.21,1653.21,26852.1,25713.8,-0.156281,0.128464
14|783|14|783|sample|4|71|4|71|6.0,100,11448,8,4,65466.9,572.004,0,0,1,679.959,679.959,11586.7,10844.1,-0.0786028,0.365493
14|783|14|783|sample|5|71|5|71|6.0,0.00128,67507.2,1,5,65466.9,572.004,0,0,1,63283.4,63283.4,63100.7,63119.7,0.460808,0.458685
14|783|14|783|sample|5|71|5|71|6.0,0.0064,64807.2,2,5,65466.9,572.004,0,0,1,63573.8,63573.8,63044.2,63091.7,0.184535,0.179428
14|783|14|783|sample|5|71|5|71|6.0,0.032,65296.8,3,5,65466.9,572.004,0,0,1,63250.4,63250.4,62020.2,62109.7,0.348609,0.3386
14|783|14|783|sample|5|71|5|71|6.0,0.16,59824.8,4,5,65466.9,572.004,0,0,1,59003.2,59003.2,58531.7,58645.1,0.145774,0.132729
14|783|14|783|sample|5|71|5|71|6.0,0.8,43956,5,5,65466.9,572.004,0,0,1,36986.7,36986.7,49560.9,49530.5,-0.746033,-0.742445
14|783|14|783|sample|5|71|5|71|6.0,4,33624,6,5,65466.9,572.004,0,0,1,9041.28,9041.28,33477,33042.1,0.0289384,0.1161
14|783|14|783|sample|5|71|5|71|6.0,20,17287.2,7,5,65466.9,572.004,0,0,1,1656.14,1656.14,16735.2,16117.8,0.216999,0.477193
14|783|14|783|sample|5|71|5|71|6.0,100,6449.76,8,5,65466.9,572.004,0,0,1,681.17,681.17,6759.83,6345.64,-0.299892,0.107205
14|783|14|783|sample|6|71|6|71|6.0,0.00128,72936,1,6,65466.9,572.004,0,0,1,63336.7,63336.7,63150.7,63141.4,1.0225,1.02362
14|783|14|783|sample|6|71|6|71|6.0,0.0064,71100,2,6,65466.9,572.004,0,0,1,63627.2,63627.2,63083.9,63059.8,0.838509,0.841357
14|783|14|783|sample|6|71|6|71|6.0,0.032,65887.2,3,6,65466.9,572.004,0,0,1,63303.3,63303.3,62021.6,61947.1,0.411277,0.419702
14|783|14|783|sample|6|71|6|71|6.0,0.16,59457.6,4,6,65466.9,572.004,0,0,1,59052.4,59052.4,58408,58217.7,0.118574,0.140525
14|783|14|783|sample|6|71|6|71|6.0,0.8,43984.8,5,6,65466.9,572.004,0,0,1,37017.6,37017.6,49144.8,48789,-0.692619,-0.649566
14|783|14|783|sample|6|71|6|71|6.0,4,31118.4,6,6,65466.9,572.004,0,0,1,9048.84,9048.84,32761.1,32376,-0.330528,-0.256053
14|783|14|783|sample|6|71|6|71|6.0,20,17712,7,6,65466.9,572.004,0,0,1,1657.53,1657.53,16114.7,15912.6,0.651958,0.743739
14|783|14|783|sample|6|71|6|71|6.0,100,6401.52,8,6,65466.9,572.004,0,0,1,681.744,681.744,6438.84,6384.4,-0.0378741,0.0175188
14|783|14|783|sample|7|71|7|71|6.0,0.00128,67154.4,1,7,65466.9,572.004,0,0,1,63336.7,63336.7,62864.7,63039.2,0.450275,0.430768
14|783|14|783|sample|7|71|7|71|6.0,0.0064,54813.6,2,7,65466.9,572.004,0,0,1,63627.2,63627.2,59837,60866.6,-0.553942,-0.656202
14|783|14|783|sample|7|71|7|71|6.0,0.032,37951.2,3,7,65466.9,572.004,0,0,1,63303.3,63303.3,41397.6,44235.2,-0.549041,-0.936963
14|783|14|783|sample|7|71|7|71|6.0,0.16,14299.2,4,7,65466.9,572.004,0,0,1,59052.4,59052.4,11742.6,12477.4,1.4297,0.95914
14|783|14|783|sample|7|71|7|71|6.0,0.8,1840.32,5,7,65466.9,572.004,0,0,1,37017.6,37017.6,2121.45,2052.94,-0.847235,-0.661432
14|783|14|783|sample|7|71|7|71|6.0,4,763.2,6,7,65466.9,572.004,0,0,1,9048.84,9048.84,747.177,718.002,0.129433,0.378616
14|783|14|783|sample|7|71|7|71|6.0,20,651.672,7,7,65466.9,572.004,0,0,1,1657.53,1657.53,579.576,574.02,0.732517,0.795767
14|783|14|783|sample|7|71|7|71|6.0,100,652.968,8,7,65466.9,572.004,0,0,1,681.744,681.744,557.003,556.14,1.0101,1.02059
14|783|14|783|sample|8|71|8|71|6.0,0.00128,63050.4,1,8,65466.9,572.004,0,0,1,63283.4,63283.4,62967.7,63013.8,0.00866434,0.00383503
14|783|14|783|sample|8|71|8|71|6.0,0.0064,58111.2,2,8,65466.9,572.004,0,0,1,63573.8,63573.8,60864.5,61148.6,-0.298495,-0.327767
14|783|14|783|sample|8|71|8|71|6.0,0.032,39211.2,3,8,65466.9,572.004,0,0,1,63250.4,63250.4,45445.5,46375.4,-0.904841,-1.01898
14|783|14|783|sample|8|71|8|71|6.0,0.16,16286.4,4,8,65466.9,572.004,0,0,1,59003.2,59003.2,14168.4,14536.9,0.982629,0.791189
14|783|14|783|sample|8|71|8|71|6.0,0.8,2345.04,5,8,65466.9,572.004,0,0,1,36986.7,36986.7,2444.17,2437.5,-0.260409,-0.243527
14|783|14|783|sample|8|71|8|71|6.0,4,787.68,6,8,65466.9,572.004,0,0,1,9041.28,9041.28,775.425,766.742,0.0956947,0.165188
14|783|14|783|sample|8|71|8|71|6.0,20,566.928,7,8,65466.9,572.004,0,0,1,1656.14,1656.14,581.243,579.465,-0.145077,-0.127405
14|783|14|783|sample|8|71|8|71|6.0,100,548.928,8,8,65466.9,572.004,0,0,1,681.17,681.17,556.649,556.369,-0.0813169,-0.0784041
14|783|14|783|sample|10|71|10|71|6.0,0.00128,76608,1,10,65466.9,572.004,0,0,1,62987.3,62987.3,62951.9,62959.4,1.43147,1.4305
14|783|14|783|sample|10|71|10|71|6.0,0.0064,70869.6,2,10,65466.9,572.004,0,0,1,63278.1,63278.1,63186.3,63215.5,0.802391,0.798974
14|783|14|783|sample|10|71|10|71|6.0,0.032,68104.8,3,10,65466.9,572.004,0,0,1,62957.2,62957.2,63006.2,63078,0.53399,0.525869
14|783|14|783|sample|10|71|10|71|6.0,0.16,65124,4,10,65466.9,572.004,0,0,1,58730,58730,61759.6,61912.5,0.35947,0.342279
14|783|14|783|sample|10|71|10|71|6.0,0.8,59119.2,5,10,65466.9,572.004,0,0,1,36815.5,36815.5,57441.4,57662.6,0.192719,0.166671
14|783|14|783|sample|10|71|10|71|6.0,4,42307.2,6,10,65466.9,572.004,0,0,1,8999.36,8999.36,46036.7,45994.2,-0.534359,-0.528754
14|783|14|783|sample|10|71|10|71|6.0,20,27712.8,7,10,65466.9,572.004,0,0,1,1648.43,1648.43,27181.6,26479.2,0.128777,0.306947
14|783|14|783|sample|10|71|10|71|6.0,100,11037.6,8,10,65466.9,572.004,0,0,1,677.983,677.983,11339.8,10573.7,-0.174987,0.287905
14|783|14|783|sample|9|71|9|71|6.0,0.00128,74160,1,9,65466.9,572.004,0,0,1,63170.9,63170.9,63151.3,63146.1,1.15031,1.15096
14|783|14|783|sample|9|71|9|71|6.0,0.0064,70380,2,9,65466.9,572.004,0,0,1,63461.5,63461.5,63423.7,63409.5,0.723759,0.725398
14|783|14|783|sample|9|71|9|71|6.0,0.032,62517.6,3,9,65466.9,572.004,0,0,1,63139.1,63139.1,63355.7,63296.5,-0.0872901,-0.0812046
14|783|14|783|sample|9|71|9|71|6.0,0.16,69746.4,4,9,65466.9,572.004,0,0,1,58899.4,58899.4,62412.8,62209.9,0.775358,0.799409
14|783|14|783|sample|9|71|9|71|6.0,0.8,56138.4,5,9,65466.9,572.004,0,0,1,36921.7,36921.7,58748.4,58177.5,-0.293141,-0.23126
14|783|14|783|sample|9|71|9|71|6.0,4,43509.6,6,9,65466.9,572.004,0,0,1,9025.36,9025.36,47987.7,46873.8,-0.615567,-0.473426
14|783|14|783|sample|9|71|9|71|6.0,20,28951.2,7,9,65466.9,572.004,0,0,1,1653.21,1653.21,28410,27375.1,0.125528,0.379374
14|783|14|783|sample|9|71|9|71|6.0,100,11426.4,8,9,65466.9,572.004,0,0,1,679.959,679.959,11376.2,11009.9,0.0289892,0.248289
14|783|14|783|sample|12|71|12|71|6.0,0.00128,56412,1,12,65466.9,572.004,0,0,1,62317.9,62317.9,61876.8,61739.7,-0.582777,-0.569417
14|783|14|783|sample|12|71|12|71|6.0,0.0064,44661.6,2,12,65466.9,572.004,0,0,1,62609.3,62609.3,56293.2,55155.3,-1.36329,-1.25526
14|783|14|783|sample|12|71|12|71|6.0,0.032,22356,3,12,65466.9,572.004,0,0,1,62294.1,62294.1,23187.7,21458.7,-0.236243,0.275323
14|783|14|783|sample|12|71|12|71|6.0,0.16,2838.96,4,12,65466.9,572.004,0,0,1,58112.5,58112.5,2794.1,2667.65,0.103459,0.413295
14|783|14|783|sample|12|71|12|71|6.0,0.8,601.272,5,12,65466.9,572.004,0,0,1,36428.4,36428.4,703.019,703.295,-0.868833,-0.870876
14|783|14|783|sample|12|71|12|71|6.0,4,473.256,6,12,65466.9,572.004,0,0,1,8904.58,8904.58,560.411,561.056,-0.912416,-0.918231
14|783|14|783|sample|12|71|12|71|6.0,20,409.608,7,12,65466.9,572.004,0,0,1,1631.01,1631.01,549.281,549.331,-1.48848,-1.48889
14|783|14|783|sample|12|71|12|71|6.0,100,416.808,8,12,65466.9,572.004,0,0,1,670.778,670.778,545.644,545.562,-1.38109,-1.3804
14|783|14|783|sample|11|71|11|71|6.0,0.00128,65894.4,1,11,65466.9,572.004,0,0,1,62712.8,62712.8,62355.6,62313.7,0.374485,0.379172
14|783|14|783|sample|11|71|11|71|6.0,0.0064,47419.2,2,11,65466.9,572.004,0,0,1,63003.8,63003.8,57330.4,56865.6,-1.14066,-1.09604
14|783|14|783|sample|11|71|11|71|6.0,0.032,23608.8,3,11,65466.9,572.004,0,0,1,62685.3,62685.3,23694.5,22611.8,-0.0238259,0.290384
14|783|14|783|sample|11|71|11|71|6.0,0.16,2632.32,4,11,65466.9,572.004,0,0,1,58476.8,58476.8,2652.85,2527.73,-0.0498093,0.265927
14|783|14|783|sample|11|71|11|71|6.0,0.8,606.096,5,11,65466.9,572.004,0,0,1,36656.7,36656.7,682.806,676.362,-0.672611,-0.621425
14|783|14|783|sample|11|71|11|71|6.0,4,537.696,6,11,65466.9,572.004,0,0,1,8960.49,8960.49,561.467,561.211,-0.248444,-0.245864
14|783|14|783|sample|11|71|11|71|6.0,20,480.6,7,11,65466.9,572.004,0,0,1,1641.29,1641.29,552.484,552.488,-0.762119,-0.762157
14|783|14|783|sample|11|71|11|71|6.0,100,448.488,8,11,65466.9,572.004,0,0,1,675.028,675.028,549.032,548.994,-1.07191,-1.07158
14|783|14|783|cc|1|1|71|1|71|69.0,0,657.504,1,1,65466.9,572.004,0,1,0,544.559,544.559,544.65,544.559,1.21172,1.21287
14|783|14|783|cc|2|1|71|1|71|69.0,0,596.952,2,1,65466.9,572.004,0,1,0,547.641,547.641,547.677,547.641,0.526476,0.526897
14|783|14|783|cc|3|1|71|1|71|69.0,0,556.272,3,1,65466.9,572.004,0,1,0,549.528,549.528,549.534,549.528,0.0717717,0.0718421
14|783|14|783|cc|4|1|71|1|71|69.0,0,549.216,4,1,65466.9,572.004,0,1,0,550.423,550.423,550.417,550.423,-0.0127723,-0.0128432
14|783|14|783|cc|5|1|71|1|71|69.0,0,572.832,5,1,65466.9,572.004,0,1,0,550.423,550.423,550.417,550.423,0.23844,0.238367
14|783|14|783|cc|6|1|71|1|71|69.0,0,552.672,6,1,65466.9,572.004,0,1,0,549.528,549.528,549.534,549.528,0.0334226,0.0334926
14|783|14|783|cc|7|1|71|1|71|69.0,0,577.728,7,1,65466.9,572.004,0,1,0,547.641,547.641,547.677,547.641,0.321077,0.321485
14|783|14|783|cc|8|1|71|1|71|69.0,0,512.856,8,1,65466.9,572.004,0,1,0,544.559,544.559,544.65,544.559,-0.341375,-0.340453
14|783|14|783|vc|1|2|71|2|71|69.0,0,68788.8,1,2,65466.9,572.004,1,0,0,62720.7,62720.8,62725,62720.8,0.637919,0.638408
14|783|14|783|vc|2|2|71|2|71|69.0,0,70473.6,2,2,65466.9,572.004,1,0,0,63073.4,63073.4,63071.5,63073.4,0.774439,0.774211
14|783|14|783|vc|3|2|71|2|71|69.0,0,67924.8,3,2,65466.9,572.004,1,0,0,63289.4,63289.4,63284,63289.4,0.483907,0.483305
14|783|14|783|vc|4|2|71|2|71|69.0,0,68968.8,4,2,65466.9,572.004,1,0,0,63391.9,63391.9,63385,63391.9,0.581312,0.580532
14|783|14|783|vc|5|2|71|2|71|69.0,0,61610.4,5,2,65466.9,572.004,1,0,0,63391.9,63391.9,63385,63391.9,-0.184748,-0.185445
14|783|14|783|vc|6|2|71|2|71|69.0,0,63612,6,2,65466.9,572.004,1,0,0,63289.4,63289.4,63284,63289.4,0.0341991,0.0336355
14|783|14|783|vc|7|2|71|2|71|69.0,0,65966.4,7,2,65466.9,572.004,1,0,0,63073.4,63073.4,63071.5,63073.4,0.302879,0.302665
14|783|14|783|vc|8|2|71|2|71|69.0,0,56390.4,8,2,65466.9,572.004,1,0,0,62720.7,62720.8,62725,62720.8,-0.666406,-0.666004
14|491|14|491|sample|10|99|10|99|6.0,0.000042624,46100.6,1,10,49900.9875,254.219875,0,0,1,48017,48017,47966,47989.8,-0.256536,-0.259679
14|491|14|491|sample|10|99|10|99|6.0,0.00021312,58358.3,2,10,49900.9875,254.219875,0,0,1,48285.3,48285.3,47808.5,47993.6,1.45561,1.42457
14|491|14|491|sample|10|99|10|99|6.0,0.0010656,49385.7,3,10,49900.9875,254.219875,0,0,1,48445.7,48445.7,44401.6,45482.7,0.74036,0.566021
14|491|14|491|sample|10|99|10|99|6.0,0.005328,29975.4,4,10,49900.9875,254.219875,0,0,1,48486.6,48486.6,26448.6,28593.6,0.878559,0.31846
14|491|14|491|sample|10|99|10|99|6.0,0.02664,6151.6,5,10,49900.9875,254.219875,0,0,1,48164.6,48164.6,5763.51,5902.43,0.439452,0.275576
14|491|14|491|sample|10|99|10|99|6.0,0.1332,676.403,6,10,49900.9875,254.219875,0,0,1,45453.3,45453.3,914.002,836.996,-1.59414,-1.16889
14|491|14|491|sample|10|99|10|99|6.0,0.666,423.514,7,10,49900.9875,254.219875,0,0,1,30678.1,30678.1,319.994,302.352,1.75078,2.14607
14|491|14|491|sample|10|99|10|99|6.0,3.33,334.516,8,10,49900.9875,254.219875,0,0,1,8142.4,8142.4,253.493,250.729,1.65145,1.72249
14|491|14|491|sample|9|99|9|99|6.0,0.000042624,41177.5,1,9,49900.9875,254.219875,0,0,1,48157,48157,48098.9,48120.7,-0.949234,-0.951793
14|491|14|491|sample|9|99|9|99|6.0,0.00021312,52388.7,2,9,49900.9875,254.219875,0,0,1,48425.3,48425.3,47918.6,48070.5,0.615345,0.592561
14|491|14|491|sample|9|99|9|99|6.0,0.0010656,46491.9,3,9,49900.9875,254.219875,0,0,1,48585.6,48585.6,44481.6,45308.1,0.298081,0.172329
14|491|14|491|sample|9|99|9|99|6.0,0.005328,31322.2,4,9,49900.9875,254.219875,0,0,1,48626.5,48626.5,26893.9,28495.4,1.0849,0.653731
14|491|14|491|sample|9|99|9|99|6.0,0.02664,6345.43,5,9,49900.9875,254.219875,0,0,1,48303.5,48303.5,6154.18,6299.78,0.202968,0.0473444
14|491|14|491|sample|9|99|9|99|6.0,0.1332,794.885,6,9,49900.9875,254.219875,0,0,1,45584.6,45584.6,998.728,942.576,-1.2593,-0.962967
14|491|14|491|sample|9|99|9|99|6.0,0.666,427.518,7,9,49900.9875,254.219875,0,0,1,30767.1,30767.1,333.691,319.148,1.53309,1.83678
14|491|14|491|sample|9|99|9|99|6.0,3.33,336.973,8,9,49900.9875,254.219875,0,0,1,8166.13,8166.13,256.023,253.559,1.63719,1.69983
14|491|14|491|sample|12|99|12|99|6.0,0.000042624,41486.9,1,12,49900.9875,254.219875,0,0,1,47506.7,47506.7,47470,47369.9,-0.831407,-0.819217
14|491|14|491|sample|12|99|12|99|6.0,0.00021312,52406.9,2,12,49900.9875,254.219875,0,0,1,47775,47775,47516.5,47117.7,0.67889,0.740469
14|491|14|491|sample|12|99|12|99|6.0,0.0010656,49303.8,3,12,49900.9875,254.219875,0,0,1,47935.4,47935.4,46436.3,44910.2,0.407316,0.64527
14|491|14|491|sample|12|99|12|99|6.0,0.005328,36736.7,4,12,49900.9875,254.219875,0,0,1,47976.8,47976.8,40348.2,36222.3,-0.590269,0.093641
14|491|14|491|sample|12|99|12|99|6.0,0.02664,18300.1,5,12,49900.9875,254.219875,0,0,1,47658.1,47658.1,22747.8,18728.2,-1.28765,-0.150431
14|491|14|491|sample|12|99|12|99|6.0,0.1332,5950.49,6,12,49900.9875,254.219875,0,0,1,44974.6,44974.6,6525.75,5753,-0.576118,0.224025
14|491|14|491|sample|12|99|12|99|6.0,0.666,1494.22,7,12,49900.9875,254.219875,0,0,1,30353.9,30353.9,1441.09,1494.49,0.232178,-0.00114264
14|491|14|491|sample|12|99|12|99|6.0,3.33,542.178,8,12,49900.9875,254.219875,0,0,1,8055.86,8055.86,450.017,505.651,1.16941,0.418737
14|491|14|491|sample|11|99|11|99|6.0,0.000042624,44171.4,1,11,49900.9875,254.219875,0,0,1,47807.7,47807.7,47677.7,47723.7,-0.485107,-0.491007
14|491|14|491|sample|11|99|11|99|6.0,0.00021312,56738.5,2,11,49900.9875,254.219875,0,0,1,48076.1,48076.1,47465.7,47658.6,1.28865,1.25673
14|491|14|491|sample|11|99|11|99|6.0,0.0010656,49103.6,3,11,49900.9875,254.219875,0,0,1,48236.4,48236.4,45552.5,46222.7,0.5142,0.411106
14|491|14|491|sample|11|99|11|99|6.0,0.005328,43780.1,4,11,49900.9875,254.219875,0,0,1,48277.5,48277.5,38033.7,39694.1,0.996248,0.67882
14|491|14|491|sample|11|99|11|99|6.0,0.02664,23277.8,5,11,49900.9875,254.219875,0,0,1,47956.9,47956.9,21618.6,23259.3,0.505366,0.0052412
14|491|14|491|sample|11|99|11|99|6.0,0.1332,7411.04,6,11,49900.9875,254.219875,0,0,1,45257,45257,7372.19,7718.3,0.0344812,-0.260605
14|491|14|491|sample|11|99|11|99|6.0,0.666,2003.82,7,11,49900.9875,254.219875,0,0,1,30545.2,30545.2,1995.87,1953.41,0.0254129,0.164527
14|491|14|491|sample|11|99|11|99|6.0,3.33,644.735,8,11,49900.9875,254.219875,0,0,1,8106.91,8106.91,634.76,595.459,0.0934178,0.488726
14|491|14|491|sample|4|99|4|99|44.0,0.000042624,35471.8,1,4,49900.9875,254.219875,0,0,1,48157,48157,48153.8,48155.6,-1.73728,-1.73746
14|491|14|491|sample|4|99|4|99|44.0,0.00021312,52725.4,2,4,49900.9875,254.219875,0,0,1,48425.3,48425.3,48400.6,48412.5,0.589431,0.587666
14|491|14|491|sample|4|99|4|99|44.0,0.0010656,53225.9,3,4,49900.9875,254.219875,0,0,1,48585.6,48585.6,48413.3,48466.2,0.655734,0.64782
14|491|14|491|sample|4|99|4|99|44.0,0.005328,47875.1,4,4,49900.9875,254.219875,0,0,1,48626.5,48626.5,47239.2,47536.7,0.0887999,0.0469608
14|491|14|491|sample|4|99|4|99|44.0,0.02664,39939.9,5,4,49900.9875,254.219875,0,0,1,48303.5,48303.5,38654.9,39859.8,0.219209,0.0132514
14|491|14|491|sample|4|99|4|99|44.0,0.1332,18218.2,6,4,49900.9875,254.219875,0,0,1,45584.6,45584.6,15141.4,16015.4,1.33615,0.90466
14|491|14|491|sample|4|99|4|99|44.0,0.666,1977.43,7,4,49900.9875,254.219875,0,0,1,30767.1,30767.1,2614.21,2633.36,-1.56683,-1.60252
14|491|14|491|sample|4|99|4|99|44.0,3.33,617.344,8,4,49900.9875,254.219875,0,0,1,8166.13,8166.13,531.738,513.469,0.938861,1.17485
14|491|14|491|sample|3|99|3|99|44.0,0.000042624,38192.7,1,3,49900.9875,254.219875,0,0,1,48017,48017,48017.2,48016.5,-1.34966,-1.34958
14|491|14|491|sample|3|99|3|99|44.0,0.00021312,53999.4,2,3,49900.9875,254.219875,0,0,1,48285.3,48285.3,48276.9,48279.8,0.781917,0.781471
14|491|14|491|sample|3|99|3|99|44.0,0.0010656,53908.4,3,3,49900.9875,254.219875,0,0,1,48445.7,48445.7,48390.5,48385.4,0.752186,0.752974
14|491|14|491|sample|3|99|3|99|44.0,0.005328,47765.9,4,3,49900.9875,254.219875,0,0,1,48486.6,48486.6,47936.1,47836,-0.0234157,-0.00966031
14|491|14|491|sample|3|99|3|99|44.0,0.02664,42487.9,5,3,49900.9875,254.219875,0,0,1,48164.6,48164.6,42736.8,41991.9,-0.0384125,0.077899
14|491|14|491|sample|3|99|3|99|44.0,0.1332,20165.6,6,3,49900.9875,254.219875,0,0,1,45453.3,45453.3,19437.1,18202.6,0.246705,0.709678
14|491|14|491|sample|3|99|3|99|44.0,0.666,2372.37,7,3,49900.9875,254.219875,0,0,1,30678.1,30678.1,2947.74,2758.88,-1.2593,-0.902401
14|491|14|491|sample|3|99|3|99|44.0,3.33,565.383,8,3,49900.9875,254.219875,0,0,1,8142.4,8142.4,500.522,489.331,0.75022,0.897243
14|491|14|491|sample|6|99|6|99|44.0,0.000042624,36154.3,1,6,49900.9875,254.219875,0,0,1,48283.4,48283.4,48248.3,48252.6,-1.65349,-1.65393
14|491|14|491|sample|6|99|6|99|44.0,0.00021312,48384.7,2,6,49900.9875,254.219875,0,0,1,48551.7,48551.7,48391.2,48405.6,-0.000883986,-0.00285171
14|491|14|491|sample|6|99|6|99|44.0,0.0010656,49121.8,3,6,49900.9875,254.219875,0,0,1,48712,48712,47996.7,48027.9,0.154623,0.15025
14|491|14|491|sample|6|99|6|99|44.0,0.005328,50359.4,4,6,49900.9875,254.219875,0,0,1,48752.8,48752.8,45645.9,45690.9,0.681108,0.673946
14|491|14|491|sample|6|99|6|99|44.0,0.02664,38638.6,5,6,49900.9875,254.219875,0,0,1,48428.9,48428.9,36987.9,36927.2,0.294263,0.305584
14|491|14|491|sample|6|99|6|99|44.0,0.1332,18918.9,6,6,49900.9875,254.219875,0,0,1,45703.2,45703.2,19700.1,19385.9,-0.261025,-0.158567
14|491|14|491|sample|6|99|6|99|44.0,0.666,6082.44,7,6,49900.9875,254.219875,0,0,1,30847.4,30847.4,6341.6,6096.13,-0.267,-0.0146691
14|491|14|491|sample|6|99|6|99|44.0,3.33,1701.7,8,6,49900.9875,254.219875,0,0,1,8187.56,8187.57,1695.14,1604.28,0.0245599,0.38423
14|491|14|491|sample|5|99|5|99|44.0,0.000042624,41359.5,1,5,49900.9875,254.219875,0,0,1,48242.7,48242.7,48194.4,48193.6,-0.935508,-0.935415
14|491|14|491|sample|5|99|5|99|44.0,0.00021312,49767.9,2,5,49900.9875,254.219875,0,0,1,48511,48511,48294.9,48292,0.201194,0.201606
14|491|14|491|sample|5|99|5|99|44.0,0.0010656,48857.9,3,5,49900.9875,254.219875,0,0,1,48671.4,48671.4,47733.1,47709.3,0.155439,0.158803
14|491|14|491|sample|5|99|5|99|44.0,0.005328,47119.8,4,5,49900.9875,254.219875,0,0,1,48712.1,48712.1,44804,44716.6,0.340911,0.354468
14|491|14|491|sample|5|99|5|99|44.0,0.02664,36381.8,5,5,49900.9875,254.219875,0,0,1,48388.6,48388.6,34948.9,34779.4,0.270308,0.303746
14|491|14|491|sample|5|99|5|99|44.0,0.1332,16953.3,6,5,49900.9875,254.219875,0,0,1,45665,45665,17619.9,17520.3,-0.248922,-0.212951
14|491|14|491|sample|5|99|5|99|44.0,0.666,5673.85,7,5,49900.9875,254.219875,0,0,1,30821.5,30821.5,5589.12,5586.8,0.0989021,0.101647
14|491|14|491|sample|5|99|5|99|44.0,3.33,1630.72,8,5,49900.9875,254.219875,0,0,1,8180.67,8180.67,1539.56,1549.66,0.373993,0.330495
14|491|14|491|sample|7|99|7|99|63.0,0.000042624,35499.1,1,7,49900.9875,254.219875,0,0,1,48283.4,48283.4,48181.1,48161.7,-1.7363,-1.73433
14|491|14|491|sample|7|99|7|99|63.0,0.00021312,44253.3,2,7,49900.9875,254.219875,0,0,1,48551.7,48551.7,47505.3,47355.8,-0.45156,-0.432154
14|491|14|491|sample|7|99|7|99|63.0,0.0010656,33642.7,3,7,49900.9875,254.219875,0,0,1,48712,48712,39596.6,38904.6,-0.991566,-0.891875
14|491|14|491|sample|7|99|7|99|63.0,0.005328,15679.3,4,7,49900.9875,254.219875,0,0,1,48752.8,48752.8,14375.6,13974.8,0.596178,0.801683
14|491|14|491|sample|7|99|7|99|63.0,0.02664,1933.75,5,7,49900.9875,254.219875,0,0,1,48428.9,48428.9,2072.45,2091.55,-0.427563,-0.482146
14|491|14|491|sample|7|99|7|99|63.0,0.1332,456.638,6,7,49900.9875,254.219875,0,0,1,45703.2,45703.2,428.217,439.679,0.376382,0.21955
14|491|14|491|sample|7|99|7|99|63.0,0.666,325.689,7,7,49900.9875,254.219875,0,0,1,30847.4,30847.4,265.313,267.387,1.18732,1.13949
14|491|14|491|sample|7|99|7|99|63.0,3.33,292.383,8,7,49900.9875,254.219875,0,0,1,8187.56,8187.56,248.547,248.845,0.907343,0.900335
14|491|14|491|sample|8|99|8|99|63.0,0.000042624,40840.8,1,8,49900.9875,254.219875,0,0,1,48242.7,48242.7,48180.2,48159.6,-1.00486,-1.00246
14|491|14|491|sample|8|99|8|99|63.0,0.00021312,50404.9,2,8,49900.9875,254.219875,0,0,1,48511,48511,47795.5,47610.8,0.36013,0.387112
14|491|14|491|sample|8|99|8|99|63.0,0.0010656,39821.6,3,8,49900.9875,254.219875,0,0,1,48671.4,48671.4,41435.4,40327,-0.256859,-0.0826502
14|491|14|491|sample|8|99|8|99|63.0,0.005328,16543.8,4,8,49900.9875,254.219875,0,0,1,48712.1,48712.1,16067.6,15028.4,0.194947,0.663016
14|491|14|491|sample|8|99|8|99|63.0,0.02664,1856.4,5,8,49900.9875,254.219875,0,0,1,48388.6,48388.6,2165.83,2115.11,-0.914018,-0.781923
14|491|14|491|sample|8|99|8|99|63.0,0.1332,467.194,6,8,49900.9875,254.219875,0,0,1,45665,45665,417.655,425.165,0.670241,0.560023
14|491|14|491|sample|8|99|8|99|63.0,0.666,353.808,7,8,49900.9875,254.219875,0,0,1,30821.5,30821.5,262.422,264.199,1.81274,1.76807
14|491|14|491|sample|8|99|8|99|63.0,3.33,309.764,8,8,49900.9875,254.219875,0,0,1,8180.67,8180.67,247.943,248.2,1.28203,1.27567
14|491|14|491|cc|1|1|99|1|99|69.0,0,227.591,1,1,49900.9875,254.219875,0,1,0,242.022,242.022,242.063,242.022,-0.305754,-0.304943
14|491|14|491|cc|2|1|99|1|99|69.0,0,260.442,2,1,49900.9875,254.219875,0,1,0,243.392,243.392,243.408,243.392,0.358342,0.358702
14|491|14|491|cc|3|1|99|1|99|69.0,0,264.992,3,1,49900.9875,254.219875,0,1,0,244.231,244.231,244.234,244.231,0.435552,0.435617
14|491|14|491|cc|4|1|99|1|99|69.0,0,244.335,4,1,49900.9875,254.219875,0,1,0,244.629,244.629,244.626,244.629,-0.00609127,-0.00615342
14|491|14|491|cc|5|1|99|1|99|69.0,0,253.253,5,1,49900.9875,254.219875,0,1,0,244.629,244.629,244.626,244.629,0.180793,0.180729
14|491|14|491|cc|6|1|99|1|99|69.0,0,262.808,6,1,49900.9875,254.219875,0,1,0,244.231,244.231,244.234,244.231,0.389728,0.389792
14|491|14|491|cc|7|1|99|1|99|69.0,0,249.795,7,1,49900.9875,254.219875,0,1,0,243.392,243.392,243.408,243.392,0.13436,0.134708
14|491|14|491|cc|8|1|99|1|99|69.0,0,270.543,8,1,49900.9875,254.219875,0,1,0,242.022,242.022,242.063,242.022,0.60172,0.602648
14|491|14|491|vc|1|2|99|2|99|69.0,0,42023.8,1,2,49900.9875,254.219875,1,0,0,47807.8,47807.8,47811,47807.8,-0.798454,-0.798062
14|491|14|491|vc|2|2|99|2|99|69.0,0,56483.7,2,2,49900.9875,254.219875,1,0,0,48076.6,48076.6,48075.1,48076.6,1.15376,1.15352
14|491|14|491|vc|3|2|99|2|99|69.0,0,54518.1,3,2,49900.9875,254.219875,1,0,0,48241.2,48241.2,48237.1,48241.2,0.858933,0.8583
14|491|14|491|vc|4|2|99|2|99|69.0,0,52652.6,4,2,49900.9875,254.219875,1,0,0,48319.3,48319.3,48314.1,48319.3,0.592354,0.591573
14|491|14|491|vc|5|2|99|2|99|69.0,0,47975.2,5,2,49900.9875,254.219875,1,0,0,48319.3,48319.3,48314.1,48319.3,-0.0462703,-0.0469823
14|491|14|491|vc|6|2|99|2|99|69.0,0,53107.6,6,2,49900.9875,254.219875,1,0,0,48241.2,48241.2,48237.1,48241.2,0.666045,0.665428
14|491|14|491|vc|7|2|99|2|99|69.0,0,50341.2,7,2,49900.9875,254.219875,1,0,0,48076.6,48076.6,48075.1,48076.6,0.310934,0.31072
14|491|14|491|vc|8|2|99|2|99|69.0,0,42105.7,8,2,49900.9875,254.219875,1,0,0,47807.8,47807.8,47811,47807.8,-0.787155,-0.786762
14|433|14|433|sample|4|99|4|99|6.0,0.0004262399999999,18573.6,1,4,65832.0875,335.306375,0,0,1,63529.5,63529.5,57087.3,57384,-4.45131,-4.46244
14|433|14|433|sample|4|99|4|99|6.0,0.0021311999999999,25709.1,2,4,65832.0875,335.306375,0,0,1,63869.9,63869.9,45977.6,46380.3,-2.90776,-2.93982
14|433|14|433|sample|4|99|4|99|6.0,0.0106559999999999,25041.7,3,4,65832.0875,335.306375,0,0,1,63962.3,63962.3,27407.7,27569.1,-0.56881,-0.604066
14|433|14|433|sample|4|99|4|99|6.0,0.0532799999999999,14086.4,4,4,65832.0875,335.306375,0,0,1,62995.9,62995.9,11572,11472.7,1.42669,1.49583
14|433|14|433|sample|4|99|4|99|6.0,0.2663999999999999,4147.11,5,4,65832.0875,335.306375,0,0,1,54992.5,54992.5,4048.03,3938.05,0.158925,0.344523
14|433|14|433|sample|4|99|4|99|6.0,1.332,1302.85,6,4,65832.0875,335.306375,0,0,1,26137.9,26137.9,1448.95,1392.14,-0.635169,-0.40327
14|433|14|433|sample|4|99|4|99|6.0,6.66,645.816,7,4,65832.0875,335.306375,0,0,1,4919.93,4919.93,653.979,630.742,-0.0744239,0.141979
14|433|14|433|sample|4|99|4|99|6.0,33.3,320.139,8,4,65832.0875,335.306375,0,0,1,883.784,883.785,419.219,410.639,-1.33624,-1.24229
14|433|14|433|sample|3|99|3|99|6.0,0.0004262399999999,26170.6,1,3,65832.0875,335.306375,0,0,1,63344.9,63344.9,62132.8,61586.2,-3.81928,-3.79457
14|433|14|433|sample|3|99|3|99|6.0,0.0021311999999999,45518.1,2,3,65832.0875,335.306375,0,0,1,63685.3,63685.3,57583.8,55709.3,-1.38252,-1.20697
14|433|14|433|sample|3|99|3|99|6.0,0.0106559999999999,34442.1,3,3,65832.0875,335.306375,0,0,1,63778.1,63778.1,40573,37199.3,-0.996507,-0.48872
14|433|14|433|sample|3|99|3|99|6.0,0.0532799999999999,16500.4,4,3,65832.0875,335.306375,0,0,1,62814.7,62814.7,15673.5,14057.8,0.346965,1.14209
14|433|14|433|sample|3|99|3|99|6.0,0.2663999999999999,3434.27,5,3,65832.0875,335.306375,0,0,1,54834.3,54834.3,3843.57,3631.97,-0.690802,-0.35274
14|433|14|433|sample|3|99|3|99|6.0,1.332,949.98,6,3,65832.0875,335.306375,0,0,1,26062.6,26062.6,1003.32,1012.1,-0.328124,-0.37902
14|433|14|433|sample|3|99|3|99|6.0,6.66,539.103,7,3,65832.0875,335.306375,0,0,1,4905.71,4905.71,450.664,462.666,1.12078,0.946877
14|433|14|433|sample|3|99|3|99|6.0,33.3,314.246,8,3,65832.0875,335.306375,0,0,1,881.216,881.216,346.586,350.836,-0.512079,-0.573535
14|433|14|433|sample|6|99|6|99|6.0,0.0004262399999999,65149.6,1,6,65832.0875,335.306375,0,0,1,63696.3,63696.3,63671.7,63676.8,0.153165,0.152624
14|433|14|433|sample|6|99|6|99|6.0,0.0021311999999999,73130,2,6,65832.0875,335.306375,0,0,1,64036.6,64036.6,63909.3,63927.8,0.95207,0.949887
14|433|14|433|sample|6|99|6|99|6.0,0.0106559999999999,74976,3,6,65832.0875,335.306375,0,0,1,64128.7,64128.7,63502.1,63543.5,1.19231,1.18723
14|433|14|433|sample|6|99|6|99|6.0,0.0532799999999999,61429.2,4,6,65832.0875,335.306375,0,0,1,63159.5,63159.5,60305,60339.5,0.123004,0.119163
14|433|14|433|sample|6|99|6|99|6.0,0.2663999999999999,40541,5,6,65832.0875,335.306375,0,0,1,55135.3,55135.3,46658.2,46299.8,-0.864809,-0.820427
14|433|14|433|sample|6|99|6|99|6.0,1.332,19603.1,6,6,65832.0875,335.306375,0,0,1,26205.9,26205.9,20562,19706.9,-0.307024,-0.0346722
14|433|14|433|sample|6|99|6|99|6.0,6.66,5439.31,7,6,65832.0875,335.306375,0,0,1,4932.78,4932.78,5151.88,4736.99,0.363585,0.965068
14|433|14|433|sample|6|99|6|99|6.0,33.3,1010.33,8,6,65832.0875,335.306375,0,0,1,886.104,886.104,1230.76,1120.76,-1.11897,-0.612339
14|433|14|433|sample|5|99|5|99|6.0,0.0004262399999999,40661.7,1,5,65832.0875,335.306375,0,0,1,63642.6,63642.6,63597.7,63586,-2.37982,-2.37904
14|433|14|433|sample|5|99|5|99|6.0,0.0021311999999999,50843.1,2,5,65832.0875,335.306375,0,0,1,63982.9,63982.9,63758,63707.3,-1.33668,-1.33248
14|433|14|433|sample|5|99|5|99|6.0,0.0106559999999999,60903.8,3,5,65832.0875,335.306375,0,0,1,64075.2,64075.2,63006.1,62783.9,-0.220183,-0.197601
14|433|14|433|sample|5|99|5|99|6.0,0.0532799999999999,53569.5,4,5,65832.0875,335.306375,0,0,1,63106.8,63106.8,58506.7,57758.4,-0.5568,-0.478527
14|433|14|433|sample|5|99|5|99|6.0,0.2663999999999999,35528.4,5,5,65832.0875,335.306375,0,0,1,55089.4,55089.4,42425.5,41111.3,-1.07218,-0.895571
14|433|14|433|sample|5|99|5|99|6.0,1.332,17671.9,6,5,65832.0875,335.306375,0,0,1,26184,26184,17544.5,16988.8,0.0477763,0.264534
14|433|14|433|sample|5|99|5|99|6.0,6.66,5317.19,7,5,65832.0875,335.306375,0,0,1,4928.64,4928.64,4534.21,4538.03,1.12327,1.11687
14|433|14|433|sample|5|99|5|99|6.0,33.3,1019.56,8,5,65832.0875,335.306375,0,0,1,885.358,885.358,1172.89,1212.75,-0.814565,-0.994471
14|433|14|433|sample|8|99|8|99|6.0,0.0004262399999999,61280.1,1,8,65832.0875,335.306375,0,0,1,63642.6,63642.6,62590,62821.1,-0.138102,-0.161871
14|433|14|433|sample|8|99|8|99|6.0,0.0021311999999999,55891.2,2,8,65832.0875,335.306375,0,0,1,63982.9,63982.9,55830.8,57067,0.00713331,-0.135947
14|433|14|433|sample|8|99|8|99|6.0,0.0106559999999999,30586.8,3,8,65832.0875,335.306375,0,0,1,64075.2,64075.2,28356.4,30280.2,0.518333,0.0667391
14|433|14|433|sample|8|99|8|99|6.0,0.0532799999999999,6215.34,4,8,65832.0875,335.306375,0,0,1,63106.8,63106.8,5604.1,5889.4,0.711568,0.361275
14|433|14|433|sample|8|99|8|99|6.0,0.2663999999999999,927.26,5,8,65832.0875,335.306375,0,0,1,55089.4,55089.4,982.648,978.595,-0.347399,-0.323223
14|433|14|433|sample|8|99|8|99|6.0,1.332,454.755,6,8,65832.0875,335.306375,0,0,1,26184,26184,403.747,398.671,0.710354,0.789501
14|433|14|433|sample|8|99|8|99|6.0,6.66,339.522,7,8,65832.0875,335.306375,0,0,1,4928.64,4928.64,335.587,334.539,0.0639964,0.0812497
14|433|14|433|sample|8|99|8|99|6.0,33.3,323.334,8,8,65832.0875,335.306375,0,0,1,885.358,885.358,326.113,325.945,-0.0462672,-0.0435029
14|433|14|433|sample|7|99|7|99|6.0,0.0004262399999999,54883,1,7,65832.0875,335.306375,0,0,1,63696.3,63696.3,63586.8,63497.5,-0.903256,-0.89524
14|433|14|433|sample|7|99|7|99|6.0,0.0021311999999999,56111.3,2,7,65832.0875,335.306375,0,0,1,64036.6,64036.6,62066.8,61056.4,-0.633158,-0.53443
14|433|14|433|sample|7|99|7|99|6.0,0.0106559999999999,33270.6,3,7,65832.0875,335.306375,0,0,1,64128.7,64128.7,40350.2,36524.1,-1.15705,-0.587337
14|433|14|433|sample|7|99|7|99|6.0,0.0532799999999999,5974.65,4,7,65832.0875,335.306375,0,0,1,63159.5,63159.5,5601.72,5289.97,0.434328,0.843773
14|433|14|433|sample|7|99|7|99|6.0,0.2663999999999999,577.869,5,7,65832.0875,335.306375,0,0,1,55135.3,55135.3,635.342,673.132,-0.537818,-0.846147
14|433|14|433|sample|7|99|7|99|6.0,1.332,365.011,6,7,65832.0875,335.306375,0,0,1,26205.9,26205.9,344.746,350.562,0.322312,0.226628
14|433|14|433|sample|7|99|7|99|6.0,6.66,424.367,7,7,65832.0875,335.306375,0,0,1,4932.78,4932.78,328.052,328.643,1.596,1.58385
14|433|14|433|sample|7|99|7|99|6.0,33.3,281.373,8,7,65832.0875,335.306375,0,0,1,886.104,886.104,325.438,325.496,-0.735005,-0.735865
14|433|14|433|sample|10|99|10|99|6.0,0.0004262399999999,31360.7,1,10,65832.0875,335.306375,0,0,1,63344.9,63344.9,63298.8,63267,-3.3295,-3.32785
14|433|14|433|sample|10|99|10|99|6.0,0.0021311999999999,58816.4,2,10,65832.0875,335.306375,0,0,1,63685.3,63685.3,63297.4,63102.1,-0.46715,-0.448164
14|433|14|433|sample|10|99|10|99|6.0,0.0106559999999999,57680.4,3,10,65832.0875,335.306375,0,0,1,63778.1,63778.1,60773.5,59650.9,-0.33583,-0.217964
14|433|14|433|sample|10|99|10|99|6.0,0.0532799999999999,37750.7,4,10,65832.0875,335.306375,0,0,1,62814.7,62814.7,45002.6,41630.6,-1.06287,-0.614646
14|433|14|433|sample|10|99|10|99|6.0,0.2663999999999999,13788.2,5,10,65832.0875,335.306375,0,0,1,54834.3,54834.3,14512.7,12852.6,-0.328183,0.478291
14|433|14|433|sample|10|99|10|99|6.0,1.332,2433.88,6,10,65832.0875,335.306375,0,0,1,26062.6,26062.6,2473.42,2327.22,-0.102674,0.293854
14|433|14|433|sample|10|99|10|99|6.0,6.66,591.785,7,10,65832.0875,335.306375,0,0,1,4905.71,4905.71,594.281,597.434,-0.0247999,-0.0558597
14|433|14|433|sample|10|99|10|99|6.0,33.3,301.324,8,10,65832.0875,335.306375,0,0,1,881.216,881.216,356.343,359.639,-0.851291,-0.895372
14|433|14|433|sample|9|99|9|99|6.0,0.0004262399999999,46568.9,1,9,65832.0875,335.306375,0,0,1,63529.5,63529.5,63272,63346.3,-1.74201,-1.74771
14|433|14|433|sample|9|99|9|99|6.0,0.0021311999999999,57119.5,2,9,65832.0875,335.306375,0,0,1,63869.9,63869.9,62405.5,62739.2,-0.558938,-0.591061
14|433|14|433|sample|9|99|9|99|6.0,0.0106559999999999,58440.1,3,9,65832.0875,335.306375,0,0,1,63962.3,63962.3,56394,57526.4,0.239385,0.104798
14|433|14|433|sample|9|99|9|99|6.0,0.0532799999999999,38737.6,4,9,65832.0875,335.306375,0,0,1,62995.9,62995.9,35916.8,37477.5,0.517804,0.221706
14|433|14|433|sample|9|99|9|99|6.0,0.2663999999999999,12354,5,9,65832.0875,335.306375,0,0,1,54992.5,54992.5,11737.1,11937.5,0.34517,0.229118
14|433|14|433|sample|9|99|9|99|6.0,1.332,2364.3,6,9,65832.0875,335.306375,0,0,1,26137.9,26137.9,2637.23,2513.62,-0.665856,-0.381709
14|433|14|433|sample|9|99|9|99|6.0,6.66,789.52,7,9,65832.0875,335.306375,0,0,1,4919.93,4919.93,736.443,684.87,0.434459,0.915085
14|433|14|433|sample|9|99|9|99|6.0,33.3,317.938,8,9,65832.0875,335.306375,0,0,1,883.784,883.785,395.411,381.798,-1.09821,-0.93249
14|433|14|433|sample|11|99|11|99|6.0,0.0004262399999999,43515.9,1,11,65832.0875,335.306375,0,0,1,63068.8,63068.8,62982.5,62986.2,-2.03954,-2.03981
14|433|14|433|sample|11|99|11|99|6.0,0.0021311999999999,62373.5,2,11,65832.0875,335.306375,0,0,1,63409.3,63409.3,62944.7,62983.9,-0.0598797,-0.0639553
14|433|14|433|sample|11|99|11|99|6.0,0.0106559999999999,67521,3,11,65832.0875,335.306375,0,0,1,63502.6,63502.6,61223.6,61393.1,0.678718,0.658632
14|433|14|433|sample|11|99|11|99|6.0,0.0532799999999999,55564.6,4,11,65832.0875,335.306375,0,0,1,62543.8,62543.8,52929.1,53502.1,0.328497,0.254337
14|433|14|433|sample|11|99|11|99|6.0,0.2663999999999999,31311,5,11,65832.0875,335.306375,0,0,1,54597.9,54597.9,31026.7,31918.4,0.0603942,-0.125427
14|433|14|433|sample|11|99|11|99|6.0,1.332,10174.3,6,11,65832.0875,335.306375,0,0,1,25950,25950,10028.4,10425.8,0.0954405,-0.158312
14|433|14|433|sample|11|99|11|99|6.0,6.66,2837.16,7,11,65832.0875,335.306375,0,0,1,4884.45,4884.45,2452.36,2533.93,1.00757,0.769107
14|433|14|433|sample|11|99|11|99|6.0,33.3,710.71,8,11,65832.0875,335.306375,0,0,1,877.375,877.375,741.86,754.65,-0.253279,-0.351735
14|433|14|433|sample|12|99|12|99|6.0,0.0004262399999999,65518.8,1,12,65832.0875,335.306375,0,0,1,62671.7,62671.7,62475.6,62300.5,0.321427,0.340875
14|433|14|433|sample|12|99|12|99|6.0,0.0021311999999999,57069.8,2,12,65832.0875,335.306375,0,0,1,63012.2,63012.2,62092.2,61513.7,-0.533742,-0.476696
14|433|14|433|sample|12|99|12|99|6.0,0.0106559999999999,51766.1,3,12,65832.0875,335.306375,0,0,1,63106.4,63106.4,59178.9,57432.8,-0.82651,-0.651003
14|433|14|433|sample|12|99|12|99|6.0,0.0532799999999999,43111.2,4,12,65832.0875,335.306375,0,0,1,62154.2,62154.2,48295.7,44752.5,-0.708125,-0.241893
14|433|14|433|sample|12|99|12|99|6.0,0.2663999999999999,23955.4,5,12,65832.0875,335.306375,0,0,1,54257.7,54257.7,26316.6,23483.7,-0.59114,0.1323
14|433|14|433|sample|12|99|12|99|6.0,1.332,8768.5,6,12,65832.0875,335.306375,0,0,1,25788.1,25788.1,8748.04,8111.89,0.0153248,0.530115
14|433|14|433|sample|12|99|12|99|6.0,6.66,2399.8,7,12,65832.0875,335.306375,0,0,1,4853.87,4853.87,2386.82,2404.56,0.0349055,-0.0127041
14|433|14|433|sample|12|99|12|99|6.0,33.3,844.9,8,12,65832.0875,335.306375,0,0,1,871.851,871.851,784.381,836.719,0.467606,0.0595678
14|433|14|433|cc|1|1|99|1|99|69.0,0,319.642,1,1,65832.0875,335.306375,0,1,0,319.218,319.218,319.272,319.218,0.00627604,0.00717668
14|433|14|433|cc|2|1|99|1|99|69.0,0,340.374,2,1,65832.0875,335.306375,0,1,0,321.025,321.025,321.046,321.025,0.326002,0.326381
14|433|14|433|cc|3|1|99|1|99|69.0,0,348.752,3,1,65832.0875,335.306375,0,1,0,322.131,322.131,322.135,322.131,0.447707,0.447776
14|433|14|433|cc|4|1|99|1|99|69.0,0,338.741,4,1,65832.0875,335.306375,0,1,0,322.656,322.656,322.652,322.656,0.270265,0.270197
14|433|14|433|cc|5|1|99|1|99|69.0,0,329.724,5,1,65832.0875,335.306375,0,1,0,322.656,322.656,322.652,322.656,0.118797,0.11873
14|433|14|433|cc|6|1|99|1|99|69.0,0,337.818,6,1,65832.0875,335.306375,0,1,0,322.131,322.131,322.135,322.131,0.263795,0.263862
14|433|14|433|cc|7|1|99|1|99|69.0,0,329.582,7,1,65832.0875,335.306375,0,1,0,321.025,321.025,321.046,321.025,0.143974,0.144342
14|433|14|433|cc|8|1|99|1|99|69.0,0,337.818,8,1,65832.0875,335.306375,0,1,0,319.218,319.218,319.272,319.218,0.314246,0.315188
14|433|14|433|vc|1|2|99|2|99|69.0,0,52327,1,2,65832.0875,335.306375,1,0,0,63070.6,63070.6,63074.9,63070.6,-1.12442,-1.12405
14|433|14|433|vc|2|2|99|2|99|69.0,0,69473.5,2,2,65832.0875,335.306375,1,0,0,63425.3,63425.3,63423.3,63425.3,0.629488,0.629264
14|433|14|433|vc|3|2|99|2|99|69.0,0,77603,3,2,65832.0875,335.306375,1,0,0,63642.4,63642.4,63637,63642.4,1.4482,1.44752
14|433|14|433|vc|4|2|99|2|99|69.0,0,71994,4,2,65832.0875,335.306375,1,0,0,63745.5,63745.5,63738.6,63745.5,0.854685,0.853875
14|433|14|433|vc|5|2|99|2|99|69.0,0,73840,5,2,65832.0875,335.306375,1,0,0,63745.5,63745.5,63738.6,63745.5,1.0458,1.04497
14|433|14|433|vc|6|2|99|2|99|69.0,0,76183,6,2,65832.0875,335.306375,1,0,0,63642.4,63642.4,63637,63642.4,1.30095,1.30028
14|433|14|433|vc|7|2|99|2|99|69.0,0,65071.5,7,2,65832.0875,335.306375,1,0,0,63425.3,63425.3,63423.3,63425.3,0.171486,0.171277
14|433|14|433|vc|8|2|99|2|99|69.0,0,40164.7,8,2,65832.0875,335.306375,1,0,0,63070.6,63070.6,63074.9,63070.6,-2.39682,-2.39654
14|297|14|297|sample|3|71|3|71|6.0,0.0004262399999999,55309,1,3,70106.2875,362.242,0,0,1,67457.6,67457.7,67400.8,67310.3,-1.18392,-1.17663
14|297|14|297|sample|3|71|3|71|6.0,0.0021311999999999,72491,2,3,70106.2875,362.242,0,0,1,67820.1,67820.2,67513,67153.8,0.486592,0.524491
14|297|14|297|sample|3|71|3|71|6.0,0.0106559999999999,70659.2,3,3,70106.2875,362.242,0,0,1,67918.9,67919.1,66389.3,65032.4,0.424428,0.570965
14|297|14|297|sample|3|71|3|71|6.0,0.0532799999999999,52476.1,4,3,70106.2875,362.242,0,0,1,66893.1,66893.2,60110.5,56160.4,-0.838041,-0.432846
14|297|14|297|sample|3|71|3|71|6.0,0.2663999999999999,29912.3,5,3,70106.2875,362.242,0,0,1,58395.2,58395.3,39805.3,34472.2,-1.63895,-0.872058
14|297|14|297|sample|3|71|3|71|6.0,1.332,13830.8,6,3,70106.2875,362.242,0,0,1,27757.7,27757.8,14361.1,12593.5,-0.242734,0.645456
14|297|14|297|sample|3|71|3|71|6.0,6.66,3814.83,7,3,70106.2875,362.242,0,0,1,5228.8,5228.81,3498.91,3448.51,0.58467,0.687655
14|297|14|297|sample|3|71|3|71|6.0,33.3,936.49,8,3,70106.2875,362.242,0,0,1,943.294,943.296,959.707,1045.86,-0.14886,-0.647156
14|297|14|297|sample|4|71|4|71|6.0,0.0004262399999999,51006.4,1,4,70106.2875,362.242,0,0,1,67654.2,67654.4,67456.9,67480.6,-1.60934,-1.6111
14|297|14|297|sample|4|71|4|71|6.0,0.0021311999999999,75118,2,4,70106.2875,362.242,0,0,1,68016.7,68016.8,67180.1,67262,0.77975,0.770767
14|297|14|297|sample|4|71|4|71|6.0,0.0106559999999999,72491,3,4,70106.2875,362.242,0,0,1,68115.2,68115.3,64758.5,64978.5,0.787949,0.762942
14|297|14|297|sample|4|71|4|71|6.0,0.0532799999999999,54251.1,4,4,70106.2875,362.242,0,0,1,67086,67086.1,55525.2,55917.7,-0.1514,-0.196646
14|297|14|297|sample|4|71|4|71|6.0,0.2663999999999999,30025.9,5,4,70106.2875,362.242,0,0,1,58563.6,58563.7,34399.8,34564.2,-0.838254,-0.865626
14|297|14|297|sample|4|71|4|71|6.0,1.332,13404.8,6,4,70106.2875,362.242,0,0,1,27837.9,27837.9,13221.1,13031.2,0.0912853,0.188356
14|297|14|297|sample|4|71|4|71|6.0,6.66,4392.77,7,4,70106.2875,362.242,0,0,1,5243.96,5243.97,3852.22,3702.05,0.910308,1.20949
14|297|14|297|sample|4|71|4|71|6.0,33.3,942.88,8,4,70106.2875,362.242,0,0,1,946.044,946.046,1195.9,1136.22,-1.31974,-1.05835
14|297|14|297|sample|5|71|5|71|6.0,0.0004262399999999,54400.2,1,5,70106.2875,362.242,0,0,1,67774.6,67774.8,67647.4,67668,-1.29232,-1.29393
14|297|14|297|sample|5|71|5|71|6.0,0.0021311999999999,68948.1,2,5,70106.2875,362.242,0,0,1,68137.1,68137.2,66635,66782.3,0.229072,0.214021
14|297|14|297|sample|5|71|5|71|6.0,0.0106559999999999,55351.6,3,5,70106.2875,362.242,0,0,1,68235.3,68235.4,53693,54172.6,0.203795,0.143588
14|297|14|297|sample|5|71|5|71|6.0,0.0532799999999999,17331.1,4,5,70106.2875,362.242,0,0,1,67204.2,67204.3,16109.4,15924.3,0.498816,0.581042
14|297|14|297|sample|5|71|5|71|6.0,0.2663999999999999,1604.6,5,5,70106.2875,362.242,0,0,1,58666.8,58666.9,2010.33,1897.54,-1.28803,-0.983266
14|297|14|297|sample|5|71|5|71|6.0,1.332,594.909,6,5,70106.2875,362.242,0,0,1,27887,27887,494.228,477.357,1.17752,1.41716
14|297|14|297|sample|5|71|5|71|6.0,6.66,373.886,7,5,70106.2875,362.242,0,0,1,5253.24,5253.25,364.653,362.735,0.140124,0.169992
14|297|14|297|sample|5|71|5|71|6.0,33.3,516.383,8,5,70106.2875,362.242,0,0,1,947.728,947.73,352.113,351.919,2.56712,2.57132
14|297|14|297|sample|6|71|6|71|6.0,0.0004262399999999,58844.8,1,6,70106.2875,362.242,0,0,1,67831.8,67831.9,67810.7,67790.3,-0.872553,-0.870835
14|297|14|297|sample|6|71|6|71|6.0,0.0021311999999999,70254.5,2,6,70106.2875,362.242,0,0,1,68194.2,68194.3,67800.7,67503.4,0.238837,0.268952
14|297|14|297|sample|6|71|6|71|6.0,0.0106559999999999,54833.3,3,6,70106.2875,362.242,0,0,1,68292.3,68292.5,61287,58441.1,-0.694848,-0.407333
14|297|14|297|sample|6|71|6|71|6.0,0.0532799999999999,19312,4,6,70106.2875,362.242,0,0,1,67260.3,67260.4,20959.3,18248,-0.517463,0.383699
14|297|14|297|sample|6|71|6|71|6.0,0.2663999999999999,1794.17,5,6,70106.2875,362.242,0,0,1,58715.7,58715.8,1821.78,1809.15,-0.0963741,-0.0526337
14|297|14|297|sample|6|71|6|71|6.0,1.332,462.352,6,6,70106.2875,362.242,0,0,1,27910.3,27910.4,430.441,445.344,0.420733,0.217767
14|297|14|297|sample|6|71|6|71|6.0,6.66,367.567,7,6,70106.2875,362.242,0,0,1,5257.64,5257.65,357.219,358.969,0.159778,0.132217
14|297|14|297|sample|6|71|6|71|6.0,33.3,426.71,8,6,70106.2875,362.242,0,0,1,948.527,948.529,351.648,351.806,1.17433,1.17141
14|297|14|297|sample|8|71|8|71|6.0,0.0004262399999999,61294.3,1,8,70106.2875,362.242,0,0,1,67774.6,67774.8,67774.4,67776.7,-0.630972,-0.631181
14|297|14|297|sample|8|71|8|71|6.0,0.0021311999999999,72846,2,8,70106.2875,362.242,0,0,1,68137.1,68137.2,68145.2,68152.3,0.45524,0.454503
14|297|14|297|sample|8|71|8|71|6.0,0.0106559999999999,68756.4,3,8,70106.2875,362.242,0,0,1,68235.3,68235.4,68344.1,68253.6,0.0398081,0.0486167
14|297|14|297|sample|8|71|8|71|6.0,0.0532799999999999,42181.1,4,8,70106.2875,362.242,0,0,1,67204.2,67204.3,64662.8,61151,-2.2943,-2.04696
14|297|14|297|sample|8|71|8|71|6.0,0.2663999999999999,9130.6,5,8,70106.2875,362.242,0,0,1,58666.8,58666.9,7668.49,8369.58,1.24807,0.595652
14|297|14|297|sample|8|71|8|71|6.0,1.332,410.451,6,8,70106.2875,362.242,0,0,1,27887,27887,412.625,500.043,-0.0297167,-1.03715
14|297|14|297|sample|8|71|8|71|6.0,6.66,337.889,7,8,70106.2875,362.242,0,0,1,5253.24,5253.25,353.498,355.472,-0.243127,-0.272614
14|297|14|297|sample|8|71|8|71|6.0,33.3,468.103,8,8,70106.2875,362.242,0,0,1,947.728,947.73,351.163,351.21,1.83159,1.83065
14|297|14|297|sample|7|71|7|71|6.0,0.0004262399999999,64979.2,1,7,70106.2875,362.242,0,0,1,67831.8,67831.9,67831,67833.7,-0.277448,-0.2777
14|297|14|297|sample|7|71|7|71|6.0,0.0021311999999999,77106,2,7,70106.2875,362.242,0,0,1,68194.2,68194.3,68196.8,68201.6,0.862133,0.861613
14|297|14|297|sample|7|71|7|71|6.0,0.0106559999999999,70815.4,3,7,70106.2875,362.242,0,0,1,68292.3,68292.5,68165,68032.3,0.256593,0.269972
14|297|14|297|sample|7|71|7|71|6.0,0.0532799999999999,42557.4,4,7,70106.2875,362.242,0,0,1,67260.3,67260.4,57336.1,54904.7,-1.70068,-1.48372
14|297|14|297|sample|7|71|7|71|6.0,0.2663999999999999,7114.2,5,7,70106.2875,362.242,0,0,1,58715.7,58715.8,6608.88,6380.28,0.499769,0.751586
14|297|14|297|sample|7|71|7|71|6.0,1.332,389.932,6,7,70106.2875,362.242,0,0,1,27910.3,27910.4,490.752,514.233,-1.18645,-1.40404
14|297|14|297|sample|7|71|7|71|6.0,6.66,352.728,7,7,70106.2875,362.242,0,0,1,5257.64,5257.65,356.076,357.291,-0.0518319,-0.070438
14|297|14|297|sample|7|71|7|71|6.0,33.3,565.941,8,7,70106.2875,362.242,0,0,1,948.527,948.529,351.507,351.561,3.35587,3.35458
14|297|14|297|sample|9|71|9|71|6.0,0.0004262399999999,53569.5,1,9,70106.2875,362.242,0,0,1,67654.2,67654.4,67653.5,67653,-1.37382,-1.37379
14|297|14|297|sample|9|71|9|71|6.0,0.0021311999999999,69849.8,2,9,70106.2875,362.242,0,0,1,68016.7,68016.8,67967,67928.7,0.182808,0.186638
14|297|14|297|sample|9|71|9|71|6.0,0.0106559999999999,60435.2,3,9,70106.2875,362.242,0,0,1,68115.2,68115.3,66077.9,65098,-0.563525,-0.472667
14|297|14|297|sample|9|71|9|71|6.0,0.0532799999999999,28172.8,4,9,70106.2875,362.242,0,0,1,67086,67086.1,30492.5,27177.1,-0.501396,0.241412
14|297|14|297|sample|9|71|9|71|6.0,0.2663999999999999,1777.13,5,9,70106.2875,362.242,0,0,1,58563.6,58563.7,1750.87,1736.15,0.095247,0.149838
14|297|14|297|sample|9|71|9|71|6.0,1.332,364.656,6,9,70106.2875,362.242,0,0,1,27837.9,27837.9,391.131,398.527,-0.378773,-0.476953
14|297|14|297|sample|9|71|9|71|6.0,6.66,346.622,7,9,70106.2875,362.242,0,0,1,5243.96,5243.97,353.448,353.929,-0.106344,-0.113695
14|297|14|297|sample|9|71|9|71|6.0,33.3,410.167,8,9,70106.2875,362.242,0,0,1,946.044,946.046,350.567,350.593,0.934811,0.934343
14|297|14|297|sample|10|71|10|71|6.0,0.0004262399999999,55458.1,1,10,70106.2875,362.242,0,0,1,67457.6,67457.7,67441.9,67447.6,-1.17263,-1.17309
14|297|14|297|sample|10|71|10|71|6.0,0.0021311999999999,69594.2,2,10,70106.2875,362.242,0,0,1,67820.1,67820.2,67471.9,67570.2,0.207579,0.197679
14|297|14|297|sample|10|71|10|71|6.0,0.0106559999999999,58702.8,3,10,70106.2875,362.242,0,0,1,67918.9,67919.1,61692.2,62596.9,-0.319745,-0.410498
14|297|14|297|sample|10|71|10|71|6.0,0.0532799999999999,24374.3,4,10,70106.2875,362.242,0,0,1,66893.1,66893.2,22874.6,23389.8,0.431768,0.277214
14|297|14|297|sample|10|71|10|71|6.0,0.2663999999999999,1924.81,5,10,70106.2875,362.242,0,0,1,58395.2,58395.3,2050.03,1894.72,-0.390071,0.101131
14|297|14|297|sample|10|71|10|71|6.0,1.332,416.912,6,10,70106.2875,362.242,0,0,1,27757.7,27757.8,442.199,423.812,-0.325752,-0.0921969
14|297|14|297|sample|10|71|10|71|6.0,6.66,340.019,7,10,70106.2875,362.242,0,0,1,5228.8,5228.81,356.069,354.694,-0.248487,-0.227945
14|297|14|297|sample|10|71|10|71|6.0,33.3,409.954,8,10,70106.2875,362.242,0,0,1,943.294,943.296,349.77,349.674,0.945761,0.947495
14|297|14|297|sample|12|71|12|71|6.0,0.0004262399999999,52043,1,12,70106.2875,362.242,0,0,1,66740.7,66740.9,66611.6,66621.8,-1.4433,-1.44409
14|297|14|297|sample|12|71|12|71|6.0,0.0021311999999999,59427,2,12,70106.2875,362.242,0,0,1,67103.3,67103.5,66591.4,66651.4,-0.709984,-0.715285
14|297|14|297|sample|12|71|12|71|6.0,0.0106559999999999,57751.4,3,12,70106.2875,362.242,0,0,1,67203.6,67203.8,65387.4,65564.3,-0.770646,-0.786369
14|297|14|297|sample|12|71|12|71|6.0,0.0532799999999999,51957.8,4,12,70106.2875,362.242,0,0,1,66189.7,66189.8,60628.8,61019.8,-0.9437,-0.979944
14|297|14|297|sample|12|71|12|71|6.0,0.2663999999999999,42195.3,5,12,70106.2875,362.242,0,0,1,57781.2,57781.3,47440.5,47902.8,-0.729314,-0.785948
14|297|14|297|sample|12|71|12|71|6.0,1.332,25886.6,6,12,70106.2875,362.242,0,0,1,27465.3,27465.4,26171.8,26185.8,-0.0718016,-0.0752907
14|297|14|297|sample|12|71|12|71|6.0,6.66,11750.5,7,12,70106.2875,362.242,0,0,1,5173.54,5173.56,9911.94,9657.79,1.21671,1.42108
14|297|14|297|sample|12|71|12|71|6.0,33.3,2570.2,8,12,70106.2875,362.242,0,0,1,933.269,933.272,3179.08,3011.33,-1.23776,-0.945558
14|297|14|297|sample|11|71|11|71|6.0,0.0004262399999999,49345,1,11,70106.2875,362.242,0,0,1,67163.6,67163.8,67168.6,67163.1,-1.75115,-1.75075
14|297|14|297|sample|11|71|11|71|6.0,0.0021311999999999,80443,2,11,70106.2875,362.242,0,0,1,67526.2,67526.3,67528.8,67525,1.26204,1.26249
14|297|14|297|sample|11|71|11|71|6.0,0.0106559999999999,76325,3,11,70106.2875,362.242,0,0,1,67625.6,67625.7,67675.6,67646.5,0.843433,0.846635
14|297|14|297|sample|11|71|11|71|6.0,0.0532799999999999,66349.5,4,11,70106.2875,362.242,0,0,1,66604.6,66604.8,67184.3,67002.3,-0.0819996,-0.0642951
14|297|14|297|sample|11|71|11|71|6.0,0.2663999999999999,59206.9,5,11,70106.2875,362.242,0,0,1,58143.4,58143.5,63017.9,62195.7,-0.399064,-0.317101
14|297|14|297|sample|11|71|11|71|6.0,1.332,36423,6,11,70106.2875,362.242,0,0,1,27637.8,27637.9,43018.4,41480.1,-1.01117,-0.804026
14|297|14|297|sample|11|71|11|71|6.0,6.66,14562.1,7,11,70106.2875,362.242,0,0,1,5206.14,5206.15,12933.3,12693.7,0.827447,0.966983
14|297|14|297|sample|11|71|11|71|6.0,33.3,2317.44,8,11,70106.2875,362.242,0,0,1,939.183,939.186,2344.74,2443.65,-0.0746714,-0.331612
14|297|14|297|cc|1|1|71|1|71|69.0,0,341.723,1,1,70106.2875,362.242,0,1,0,344.862,344.863,344.92,344.863,-0.0508297,-0.0499247
14|297|14|297|cc|2|1|71|1|71|69.0,0,365.792,2,1,70106.2875,362.242,0,1,0,346.813,346.814,346.837,346.814,0.299957,0.300339
14|297|14|297|cc|3|1|71|1|71|69.0,0,364.017,3,1,70106.2875,362.242,0,1,0,348.008,348.009,348.013,348.009,0.252546,0.252614
14|297|14|297|cc|4|1|71|1|71|69.0,0,347.687,4,1,70106.2875,362.242,0,1,0,348.575,348.576,348.572,348.576,-0.0139464,-0.0140129
14|297|14|297|cc|5|1|71|1|71|69.0,0,357.556,5,1,70106.2875,362.242,0,1,0,348.575,348.576,348.572,348.576,0.141583,0.141515
14|297|14|297|cc|6|1|71|1|71|69.0,0,363.236,6,1,70106.2875,362.242,0,1,0,348.008,348.009,348.013,348.009,0.240221,0.240289
14|297|14|297|cc|7|1|71|1|71|69.0,0,364.017,7,1,70106.2875,362.242,0,1,0,346.813,346.814,346.837,346.814,0.271868,0.272248
14|297|14|297|cc|8|1|71|1|71|69.0,0,393.908,8,1,70106.2875,362.242,0,1,0,344.862,344.863,344.92,344.863,0.778803,0.779823
14|297|14|297|vc|1|2|71|2|71|69.0,0,51475,1,2,70106.2875,362.242,1,0,0,67165.5,67165.7,67170.3,67165.7,-1.542,-1.54166
14|297|14|297|vc|2|2|71|2|71|69.0,0,69892.4,2,2,70106.2875,362.242,1,0,0,67543.2,67543.4,67541.3,67543.4,0.229723,0.229511
14|297|14|297|vc|3|2|71|2|71|69.0,0,79662,3,2,70106.2875,362.242,1,0,0,67774.5,67774.6,67768.9,67774.6,1.15815,1.15749
14|297|14|297|vc|4|2|71|2|71|69.0,0,78881,4,2,70106.2875,362.242,1,0,0,67884.2,67884.4,67877,67884.4,1.06986,1.06902
14|297|14|297|vc|5|2|71|2|71|69.0,0,74408,5,2,70106.2875,362.242,1,0,0,67884.2,67884.4,67877,67884.4,0.634973,0.634187
14|297|14|297|vc|6|2|71|2|71|69.0,0,79733,6,2,70106.2875,362.242,1,0,0,67774.5,67774.6,67768.9,67774.6,1.16506,1.1644
14|297|14|297|vc|7|2|71|2|71|69.0,0,74408,7,2,70106.2875,362.242,1,0,0,67543.2,67543.4,67541.3,67543.4,0.670929,0.670704
14|297|14|297|vc|8|2|71|2|71|69.0,0,52390.9,8,2,70106.2875,362.242,1,0,0,67165.5,67165.7,67170.3,67165.7,-1.45202,-1.45167
14|183|14|183|sample|4|233|4|233|6.0,0.0004262399999999,10799.1,1,4,11487.8,363.422375,0,0,1,11086,11487.5,11487.7,11487.7,-0.39356,-0.393568
14|183|14|183|sample|4|233|4|233|6.0,0.0021311999999999,12716.1,2,4,11487.8,363.422375,0,0,1,11145.5,11485,11485.9,11486.1,0.703218,0.703091
14|183|14|183|sample|4|233|4|233|6.0,0.0106559999999999,13710.1,3,4,11487.8,363.422375,0,0,1,11162.2,11463.2,11458,11460,1.29049,1.28911
14|183|14|183|sample|4|233|4|233|6.0,0.0532799999999999,12417.9,4,4,11487.8,363.422375,0,0,1,10998.5,11277,11032.8,11044.9,0.824069,0.815968
14|183|14|183|sample|4|233|4|233|6.0,0.2663999999999999,7192.3,5,4,11487.8,363.422375,0,0,1,9639.28,9883.37,6995.54,6957.24,0.183947,0.220956
14|183|14|183|sample|4|233|4|233|6.0,1.332,1275.16,6,4,11487.8,363.422375,0,0,1,4738.33,4866.12,1310.17,1262.25,-0.167502,0.0640058
14|183|14|183|sample|4|233|4|233|6.0,6.66,376.939,7,4,11487.8,363.422375,0,0,1,1133.79,1168.33,429.113,423.04,-0.689709,-0.616935
14|183|14|183|sample|4|233|4|233|6.0,33.3,683.304,8,4,11487.8,363.422375,0,0,1,446.663,462.838,368.517,367.977,4.73554,4.74951
14|183|14|183|sample|3|233|3|233|6.0,0.0004262399999999,10309.2,1,3,11487.8,363.422375,0,0,1,11053.8,11487.5,11460.9,11439.4,-0.659774,-0.648663
14|183|14|183|sample|3|233|3|233|6.0,0.0021311999999999,12936.2,2,3,11487.8,363.422375,0,0,1,11113.3,11485,11370.9,11303.4,0.903809,0.948333
14|183|14|183|sample|3|233|3|233|6.0,0.0106559999999999,12659.3,3,3,11487.8,363.422375,0,0,1,11130,11463.2,10993.2,10809.2,0.994795,1.12337
14|183|14|183|sample|3|233|3|233|6.0,0.0532799999999999,11864.1,4,3,11487.8,363.422375,0,0,1,10966.9,11277,9604.85,9259.96,1.54256,1.84376
14|183|14|183|sample|3|233|3|233|6.0,0.2663999999999999,6753.52,5,3,11487.8,363.422375,0,0,1,9611.56,9883.37,6242.35,6024.02,0.534911,0.790722
14|183|14|183|sample|3|233|3|233|6.0,1.332,1355.39,6,3,11487.8,363.422375,0,0,1,4724.68,4866.12,2630.73,2720.39,-3.11886,-3.23088
14|183|14|183|sample|3|233|3|233|6.0,6.66,387.234,7,3,11487.8,363.422375,0,0,1,1130.51,1168.33,978.457,1089.32,-3.72302,-3.99857
14|183|14|183|sample|3|233|3|233|6.0,33.3,858.39,8,3,11487.8,363.422375,0,0,1,445.364,462.838,510.871,562.011,3.94809,3.09492
14|183|14|183|sample|6|233|6|233|6.0,0.0004262399999999,9435.9,1,6,11487.8,363.422375,0,0,1,11115.1,11487.5,11487.4,11487.4,-1.17258,-1.17255
14|183|14|183|sample|6|233|6|233|6.0,0.0021311999999999,11956.4,2,6,11487.8,363.422375,0,0,1,11174.6,11485,11481.9,11481,0.271325,0.271864
14|183|14|183|sample|6|233|6|233|6.0,0.0106559999999999,13305.4,3,6,11487.8,363.422375,0,0,1,11191.2,11463.2,11395.3,11381.8,1.10049,1.10963
14|183|14|183|sample|6|233|6|233|6.0,0.0532799999999999,10706.8,4,6,11487.8,363.422375,0,0,1,11027.1,11277,10183.5,10021.8,0.33714,0.448348
14|183|14|183|sample|6|233|6|233|6.0,0.2663999999999999,3670.7,5,6,11487.8,363.422375,0,0,1,9664.32,9883.37,3946.67,3641.88,-0.453822,0.0512915
14|183|14|183|sample|6|233|6|233|6.0,1.332,664.134,6,6,11487.8,363.422375,0,0,1,4750.65,4866.12,688.136,651.453,-0.208976,0.11602
14|183|14|183|sample|6|233|6|233|6.0,6.66,382.193,7,6,11487.8,363.422375,0,0,1,1136.75,1168.33,385.421,383.074,-0.046766,-0.0128218
14|183|14|183|sample|6|233|6|233|6.0,33.3,570.698,8,6,11487.8,363.422375,0,0,1,447.835,462.838,365.75,365.607,3.10272,3.1059
14|183|14|183|sample|5|233|5|233|6.0,0.0004262399999999,11132.8,1,5,11487.8,363.422375,0,0,1,11105.7,11487.5,11487.5,11487.6,-0.20276,-0.202797
14|183|14|183|sample|5|233|5|233|6.0,0.0021311999999999,12829.7,2,5,11487.8,363.422375,0,0,1,11165.2,11485,11483.3,11484.3,0.769804,0.769215
14|183|14|183|sample|5|233|5|233|6.0,0.0106559999999999,12808.4,3,5,11487.8,363.422375,0,0,1,11181.9,11463.2,11408.7,11419.3,0.805484,0.798638
14|183|14|183|sample|5|233|5|233|6.0,0.0532799999999999,10358.9,4,5,11487.8,363.422375,0,0,1,11017.9,11277,10227.9,10291.6,0.0840496,0.0428847
14|183|14|183|sample|5|233|5|233|6.0,0.2663999999999999,3834.71,5,5,11487.8,363.422375,0,0,1,9656.26,9883.37,3756.58,3690.1,0.134864,0.254018
14|183|14|183|sample|5|233|5|233|6.0,1.332,593.631,6,5,11487.8,363.422375,0,0,1,4746.69,4866.12,631.39,602.992,-0.355325,-0.0918009
14|183|14|183|sample|5|233|5|233|6.0,6.66,380.986,7,5,11487.8,363.422375,0,0,1,1135.8,1168.33,379.732,376.937,0.0183994,0.0597638
14|183|14|183|sample|5|233|5|233|6.0,33.3,581.135,8,5,11487.8,363.422375,0,0,1,447.458,462.838,365.282,365.066,3.27133,3.27621
14|183|14|183|sample|7|233|7|233|6.0,0.0004262399999999,10550.6,1,7,11487.8,363.422375,0,0,1,11115.1,11487.5,11487.8,11487.8,-0.535652,-0.535648
14|183|14|183|sample|7|233|7|233|6.0,0.0021311999999999,11438.1,2,7,11487.8,363.422375,0,0,1,11174.6,11485,11487.8,11487.6,-0.0284015,-0.0283126
14|183|14|183|sample|7|233|7|233|6.0,0.0106559999999999,13880.5,3,7,11487.8,363.422375,0,0,1,11191.2,11463.2,11487.3,11483.3,1.36785,1.37067
14|183|14|183|sample|7|233|7|233|6.0,0.0532799999999999,13596.5,4,7,11487.8,363.422375,0,0,1,11027.1,11277,11461.2,11363.6,1.22325,1.2901
14|183|14|183|sample|7|233|7|233|6.0,0.2663999999999999,9151.9,5,7,11487.8,363.422375,0,0,1,9664.32,9883.37,10109.9,8836.97,-0.621678,0.233565
14|183|14|183|sample|7|233|7|233|6.0,1.332,1552.06,6,7,11487.8,363.422375,0,0,1,4750.65,4866.12,1556.08,1515.18,-0.0163342,0.153627
14|183|14|183|sample|7|233|7|233|6.0,6.66,370.833,7,7,11487.8,363.422375,0,0,1,1136.75,1168.33,387.017,410.57,-0.233626,-0.545548
14|183|14|183|sample|7|233|7|233|6.0,33.3,565.728,8,7,11487.8,363.422375,0,0,1,447.835,462.838,364.806,366.095,3.04835,3.01986
14|183|14|183|sample|8|233|8|233|6.0,0.0004262399999999,10990.8,1,8,11487.8,363.422375,0,0,1,11105.7,11487.5,11487.8,11487.8,-0.284056,-0.284041
14|183|14|183|sample|8|233|8|233|6.0,0.0021311999999999,12240.4,2,8,11487.8,363.422375,0,0,1,11165.2,11485,11487.7,11487.2,0.430218,0.430484
14|183|14|183|sample|8|233|8|233|6.0,0.0106559999999999,13298.3,3,8,11487.8,363.422375,0,0,1,11181.9,11463.2,11484.4,11477,1.03702,1.04192
14|183|14|183|sample|8|233|8|233|6.0,0.0532799999999999,13497.1,4,8,11487.8,363.422375,0,0,1,11017.9,11277,11393,11282,1.21254,1.28899
14|183|14|183|sample|8|233|8|233|6.0,0.2663999999999999,8938.9,5,8,11487.8,363.422375,0,0,1,9656.26,9883.37,9311.84,8505.89,-0.262585,0.333531
14|183|14|183|sample|8|233|8|233|6.0,1.332,1754.41,6,8,11487.8,363.422375,0,0,1,4746.69,4866.12,1776,1734.98,-0.0772293,0.0710937
14|183|14|183|sample|8|233|8|233|6.0,6.66,403.209,7,8,11487.8,363.422375,0,0,1,1135.8,1168.33,421.278,444.301,-0.242668,-0.527195
14|183|14|183|sample|8|233|8|233|6.0,33.3,660.726,8,8,11487.8,363.422375,0,0,1,447.458,462.838,366.442,368.562,4.44812,4.39476
14|183|14|183|sample|10|233|10|233|6.0,0.0004262399999999,8101.1,1,10,11487.8,363.422375,0,0,1,11053.8,11487.5,11487.8,11487.6,-1.93565,-1.93557
14|183|14|183|sample|10|233|10|233|6.0,0.0021311999999999,12638,2,10,11487.8,363.422375,0,0,1,11113.3,11485,11487.4,11483.3,0.65766,0.660232
14|183|14|183|sample|10|233|10|233|6.0,0.0106559999999999,10380.2,3,10,11487.8,363.422375,0,0,1,11130,11463.2,11467.3,11392,-0.622424,-0.583149
14|183|14|183|sample|10|233|10|233|6.0,0.0532799999999999,8236,4,10,11487.8,363.422375,0,0,1,10966.9,11277,10578.6,9746.99,-1.45319,-1.01673
14|183|14|183|sample|10|233|10|233|6.0,0.2663999999999999,2866.98,5,10,11487.8,363.422375,0,0,1,9611.56,9883.37,2467.51,2604.94,1.03972,0.646987
14|183|14|183|sample|10|233|10|233|6.0,1.332,402.854,6,10,11487.8,363.422375,0,0,1,4724.68,4866.12,417.989,494.189,-0.204637,-1.06829
14|183|14|183|sample|10|233|10|233|6.0,6.66,378.856,7,10,11487.8,363.422375,0,0,1,1130.51,1168.33,365.539,370.564,0.201697,0.12417
14|183|14|183|sample|10|233|10|233|6.0,33.3,574.674,8,10,11487.8,363.422375,0,0,1,445.364,462.838,364.446,364.71,3.1922,3.18625
14|183|14|183|sample|9|233|9|233|6.0,0.0004262399999999,8903.4,1,9,11487.8,363.422375,0,0,1,11086,11487.5,11487.8,11487.8,-1.47709,-1.47709
14|183|14|183|sample|9|233|9|233|6.0,0.0021311999999999,12219.1,2,9,11487.8,363.422375,0,0,1,11145.5,11485,11487.1,11486.9,0.418407,0.4185
14|183|14|183|sample|9|233|9|233|6.0,0.0106559999999999,12843.9,3,9,11487.8,363.422375,0,0,1,11162.2,11463.2,11463.1,11459.6,0.790909,0.793124
14|183|14|183|sample|9|233|9|233|6.0,0.0532799999999999,9641.8,4,9,11487.8,363.422375,0,0,1,10998.5,11277,10690.5,10639.6,-0.643776,-0.615481
14|183|14|183|sample|9|233|9|233|6.0,0.2663999999999999,3595.44,5,9,11487.8,363.422375,0,0,1,9639.28,9883.37,3391.82,3386.27,0.388493,0.399722
14|183|14|183|sample|9|233|9|233|6.0,1.332,447.655,6,9,11487.8,363.422375,0,0,1,4738.33,4866.12,483.238,490.713,-0.424419,-0.506741
14|183|14|183|sample|9|233|9|233|6.0,6.66,371.969,7,9,11487.8,363.422375,0,0,1,1133.79,1168.33,367.889,368.354,0.0614659,0.0544033
14|183|14|183|sample|9|233|9|233|6.0,33.3,589.655,8,9,11487.8,363.422375,0,0,1,446.663,462.838,364.523,364.543,3.4179,3.41742
14|183|14|183|sample|12|233|12|233|6.0,0.0004262399999999,6529.16,1,12,11487.8,363.422375,0,0,1,10936.3,11487.5,11475,11470.9,-2.82991,-2.82856
14|183|14|183|sample|12|233|12|233|6.0,0.0021311999999999,7582.8,2,12,11487.8,363.422375,0,0,1,10995.8,11485,11424.9,11408.1,-2.20796,-2.2015
14|183|14|183|sample|12|233|12|233|6.0,0.0106559999999999,8058.5,3,12,11487.8,363.422375,0,0,1,11012.8,11463.2,11184.1,11119.7,-1.83463,-1.80717
14|183|14|183|sample|12|233|12|233|6.0,0.0532799999999999,6933.86,4,12,11487.8,363.422375,0,0,1,10851.6,11277,10133.7,9935.28,-2.07156,-1.98162
14|183|14|183|sample|12|233|12|233|6.0,0.2663999999999999,6366.57,5,12,11487.8,363.422375,0,0,1,9510.49,9883.37,6968.02,6652.98,-0.564492,-0.28141
14|183|14|183|sample|12|233|12|233|6.0,1.332,3312.15,6,12,11487.8,363.422375,0,0,1,4674.92,4866.12,2904.09,2759.66,0.906208,1.28956
14|183|14|183|sample|12|233|12|233|6.0,6.66,877.56,7,12,11487.8,363.422375,0,0,1,1118.57,1168.33,993.214,973.225,-0.718188,-0.605436
14|183|14|183|sample|12|233|12|233|6.0,33.3,466.328,8,12,11487.8,363.422375,0,0,1,440.631,462.838,497.768,498.669,-0.365422,-0.3753
14|183|14|183|sample|11|233|11|233|6.0,0.0004262399999999,9471.4,1,11,11487.8,363.422375,0,0,1,11005.6,11487.5,11487.6,11487.6,-1.15239,-1.15238
14|183|14|183|sample|11|233|11|233|6.0,0.0021311999999999,10699.7,2,11,11487.8,363.422375,0,0,1,11065.1,11485,11486.2,11486.1,-0.449575,-0.44955
14|183|14|183|sample|11|233|11|233|6.0,0.0106559999999999,12659.3,3,11,11487.8,363.422375,0,0,1,11082,11463.2,11472.3,11471.6,0.679329,0.679748
14|183|14|183|sample|11|233|11|233|6.0,0.0532799999999999,11189.6,4,11,11487.8,363.422375,0,0,1,10919.6,11277,11340.9,11332.5,-0.087572,-0.0828145
14|183|14|183|sample|11|233|11|233|6.0,0.2663999999999999,9812.2,5,11,11487.8,363.422375,0,0,1,9570.11,9883.37,10221.2,10140.9,-0.262542,-0.212669
14|183|14|183|sample|11|233|11|233|6.0,1.332,5440.73,6,11,11487.8,363.422375,0,0,1,4704.27,4866.12,5344.59,5116.28,0.117289,0.413227
14|183|14|183|sample|11|233|11|233|6.0,6.66,1136.71,7,11,11487.8,363.422375,0,0,1,1125.61,1168.33,1230.63,1156.11,-0.476805,-0.10446
14|183|14|183|sample|11|233|11|233|6.0,33.3,483.368,8,11,11487.8,363.422375,0,0,1,443.423,462.838,461.422,451.313,0.272491,0.405728
14|183|14|183|cc|1|1|233|1|233|69.0,0,326.316,1,1,11487.8,363.422375,0,1,0,345.986,363.422,363.422,363.422,-0.564767,-0.564766
14|183|14|183|cc|2|1|233|1|233|69.0,0,349.888,2,1,11487.8,363.422375,0,1,0,347.943,363.422,363.422,363.422,-0.205996,-0.205995
14|183|14|183|cc|3|1|233|1|233|69.0,0,343.924,3,1,11487.8,363.422375,0,1,0,349.142,363.422,363.422,363.422,-0.29677,-0.296769
14|183|14|183|cc|4|1|233|1|233|69.0,0,346.338,4,1,11487.8,363.422375,0,1,0,349.711,363.422,363.422,363.422,-0.260028,-0.260027
14|183|14|183|cc|5|1|233|1|233|69.0,0,361.603,5,1,11487.8,363.422375,0,1,0,349.711,363.422,363.422,363.422,-0.0276912,-0.0276903
14|183|14|183|cc|6|1|233|1|233|69.0,0,360.396,6,1,11487.8,363.422375,0,1,0,349.142,363.422,363.422,363.422,-0.046062,-0.0460611
14|183|14|183|cc|7|1|233|1|233|69.0,0,355.994,7,1,11487.8,363.422375,0,1,0,347.943,363.422,363.422,363.422,-0.113061,-0.113061
14|183|14|183|cc|8|1|233|1|233|69.0,0,462.92,8,1,11487.8,363.422375,0,1,0,345.986,363.422,363.422,363.422,1.51438,1.51438
14|183|14|183|vc|1|2|233|2|233|69.0,0,8754.3,1,2,11487.8,363.422375,1,0,0,11005.9,11487.8,11487.8,11487.8,-1.56232,-1.56232
14|183|14|183|vc|2|2|233|2|233|69.0,0,12332.7,2,2,11487.8,363.422375,1,0,0,11067.8,11487.8,11487.8,11487.8,0.482899,0.482899
14|183|14|183|vc|3|2|233|2|233|69.0,0,12219.1,3,2,11487.8,363.422375,1,0,0,11105.7,11487.8,11487.8,11487.8,0.417971,0.417971
14|183|14|183|vc|4|2|233|2|233|69.0,0,12197.8,4,2,11487.8,363.422375,1,0,0,11123.7,11487.8,11487.8,11487.8,0.405797,0.405797
14|183|14|183|vc|5|2|233|2|233|69.0,0,12794.2,5,2,11487.8,363.422375,1,0,0,11123.7,11487.8,11487.8,11487.8,0.746667,0.746667
14|183|14|183|vc|6|2|233|2|233|69.0,0,12297.2,6,2,11487.8,363.422375,1,0,0,11105.7,11487.8,11487.8,11487.8,0.462609,0.462609
14|183|14|183|vc|7|2|233|2|233|69.0,0,11956.4,7,2,11487.8,363.422375,1,0,0,11067.8,11487.8,11487.8,11487.8,0.267826,0.267826
14|183|14|183|vc|8|2|233|2|233|69.0,0,9350.7,8,2,11487.8,363.422375,1,0,0,11005.9,11487.8,11487.8,11487.8,-1.22145,-1.22145
14|705|14|705|sample|3|233|3|233|6.0,0.0004262399999999,8569.7,1,3,11166.525,377.072125,0,0,1,10744.6,10744.6,10745.1,10744.9,-1.3287,-1.32865
14|705|14|705|sample|3|233|3|233|6.0,0.0021311999999999,13170.5,2,3,11166.525,377.072125,0,0,1,10802.5,10802.5,10804.2,10805.1,1.43749,1.4368
14|705|14|705|sample|3|233|3|233|6.0,0.0106559999999999,14214.2,3,3,11166.525,377.072125,0,0,1,10818.8,10818.8,10840.4,10841.9,2.04268,2.04148
14|705|14|705|sample|3|233|3|233|6.0,0.0532799999999999,13220.2,4,3,11166.525,377.072125,0,0,1,10660.6,10660.6,10857.6,10859.3,1.42818,1.42697
14|705|14|705|sample|3|233|3|233|6.0,0.2663999999999999,12020.3,5,3,11166.525,377.072125,0,0,1,9346.1,9346.1,10857.4,10857.4,0.703002,0.703006
14|705|14|705|sample|3|233|3|233|6.0,1.332,12993,6,3,11166.525,377.072125,0,0,1,4606.33,4606.33,10835.8,10812.5,1.30668,1.32359
14|705|14|705|sample|3|233|3|233|6.0,6.66,11949.3,7,3,11166.525,377.072125,0,0,1,1120.3,1120.3,10720.9,10395.8,0.751952,0.980563
14|705|14|705|sample|3|233|3|233|6.0,33.3,7039.65,8,3,11166.525,377.072125,0,0,1,455.647,455.647,9430.62,6889.73,-1.66243,0.142287
14|705|14|705|sample|4|233|4|233|6.0,0.0004262399999999,8782.7,1,4,11166.525,377.072125,0,0,1,10776,10776,10776.1,10776.3,-1.21405,-1.21416
14|705|14|705|sample|4|233|4|233|6.0,0.0021311999999999,13475.8,2,4,11166.525,377.072125,0,0,1,10833.8,10833.8,10835.2,10836.4,1.59957,1.59861
14|705|14|705|sample|4|233|4|233|6.0,0.0106559999999999,13979.9,3,4,11166.525,377.072125,0,0,1,10850.1,10850.1,10871.4,10873.3,1.87673,1.8753
14|705|14|705|sample|4|233|4|233|6.0,0.0532799999999999,13269.9,4,4,11166.525,377.072125,0,0,1,10691.4,10691.4,10888.6,10890.6,1.43542,1.43396
14|705|14|705|sample|4|233|4|233|6.0,0.2663999999999999,13610.7,5,4,11166.525,377.072125,0,0,1,9373.06,9373.06,10888.5,10889,1.64092,1.64056
14|705|14|705|sample|4|233|4|233|6.0,1.332,13220.2,6,4,11166.525,377.072125,0,0,1,4619.63,4619.63,10870.3,10850.3,1.4189,1.43354
14|705|14|705|sample|4|233|4|233|6.0,6.66,11935.1,7,4,11166.525,377.072125,0,0,1,1123.55,1123.55,10821.7,10540.6,0.675275,0.868161
14|705|14|705|sample|4|233|4|233|6.0,33.3,8122.4,8,4,11166.525,377.072125,0,0,1,456.976,456.976,10620.2,7872.94,-1.54347,0.207457
14|705|14|705|sample|5|233|5|233|6.0,0.0004262399999999,8470.3,1,5,11166.525,377.072125,0,0,1,10795.2,10795.2,10795.1,10795.5,-1.41342,-1.41361
14|705|14|705|sample|5|233|5|233|6.0,0.0021311999999999,13064,2,5,11166.525,377.072125,0,0,1,10852.9,10852.9,10854.2,10855.6,1.33627,1.33523
14|705|14|705|sample|5|233|5|233|6.0,0.0106559999999999,13880.5,3,5,11166.525,377.072125,0,0,1,10869.2,10869.2,10890.4,10892.4,1.80211,1.80056
14|705|14|705|sample|5|233|5|233|6.0,0.0532799999999999,14611.8,4,5,11166.525,377.072125,0,0,1,10710.2,10710.2,10907.6,10909.7,2.229,2.22729
14|705|14|705|sample|5|233|5|233|6.0,0.2663999999999999,14164.5,5,5,11166.525,377.072125,0,0,1,9389.57,9389.57,10907.2,10907.6,1.96019,1.95982
14|705|14|705|sample|5|233|5|233|6.0,1.332,14086.4,6,5,11166.525,377.072125,0,0,1,4627.78,4627.78,10883.9,10864.1,1.9313,1.94671
14|705|14|705|sample|5|233|5|233|6.0,6.66,11246.4,7,5,11166.525,377.072125,0,0,1,1125.54,1125.54,10766.1,10516.9,0.292799,0.45517
14|705|14|705|sample|5|233|5|233|6.0,33.3,8030.1,8,5,11166.525,377.072125,0,0,1,457.789,457.789,9717.15,7747.23,-1.13866,0.23903
14|705|14|705|sample|6|233|6|233|6.0,0.0004262399999999,9173.2,1,6,11166.525,377.072125,0,0,1,10804.3,10804.3,10804.1,10804.6,-0.990739,-0.990973
14|705|14|705|sample|6|233|6|233|6.0,0.0021311999999999,13177.6,2,6,11166.525,377.072125,0,0,1,10862,10862,10863.2,10864.7,1.39835,1.39725
14|705|14|705|sample|6|233|6|233|6.0,0.0106559999999999,13277,3,6,11166.525,377.072125,0,0,1,10878.3,10878.3,10899.5,10901.5,1.43175,1.43023
14|705|14|705|sample|6|233|6|233|6.0,0.0532799999999999,14363.3,4,6,11166.525,377.072125,0,0,1,10719.1,10719.1,10916.7,10918.9,2.0723,2.07054
14|705|14|705|sample|6|233|6|233|6.0,0.2663999999999999,13639.1,5,6,11166.525,377.072125,0,0,1,9397.4,9397.4,10916.7,10917.3,1.63689,1.63641
14|705|14|705|sample|6|233|6|233|6.0,1.332,14072.2,6,6,11166.525,377.072125,0,0,1,4631.65,4631.65,10899.1,10878.3,1.91091,1.9271
14|705|14|705|sample|6|233|6|233|6.0,6.66,11864.1,7,6,11166.525,377.072125,0,0,1,1126.48,1126.48,10858,10560.8,0.608143,0.809845
14|705|14|705|sample|6|233|6|233|6.0,33.3,8058.5,8,6,11166.525,377.072125,0,0,1,458.175,458.175,10732.3,7815.24,-1.63508,0.203782
14|705|14|705|sample|7|233|7|233|6.0,0.0004262399999999,7696.4,1,7,11166.525,377.072125,0,0,1,10804.3,10804.3,10804.1,10804.6,-1.88786,-1.88806
14|705|14|705|sample|7|233|7|233|6.0,0.0021311999999999,13376.4,2,7,11166.525,377.072125,0,0,1,10862,10862,10863.2,10864.7,1.51846,1.51734
14|705|14|705|sample|7|233|7|233|6.0,0.0106559999999999,14143.2,3,7,11166.525,377.072125,0,0,1,10878.3,10878.3,10899.5,10901.5,1.95338,1.95175
14|705|14|705|sample|7|233|7|233|6.0,0.0532799999999999,14008.3,4,7,11166.525,377.072125,0,0,1,10719.1,10719.1,10916.7,10918.9,1.85885,1.85713
14|705|14|705|sample|7|233|7|233|6.0,0.2663999999999999,15201.1,5,7,11166.525,377.072125,0,0,1,9397.4,9397.4,10916.6,10917.1,2.57606,2.57566
14|705|14|705|sample|7|233|7|233|6.0,1.332,15243.7,6,7,11166.525,377.072125,0,0,1,4631.65,4631.65,10898.8,10871.8,2.61664,2.63943
14|705|14|705|sample|7|233|7|233|6.0,6.66,11743.4,7,7,11166.525,377.072125,0,0,1,1126.48,1126.48,10852.3,10417.6,0.538952,0.835051
14|705|14|705|sample|7|233|7|233|6.0,33.3,6646.31,8,7,11166.525,377.072125,0,0,1,458.175,458.175,10621.1,6513.85,-2.45593,0.132892
14|705|14|705|sample|8|233|8|233|6.0,0.0004262399999999,8392.2,1,8,11166.525,377.072125,0,0,1,10795.2,10795.2,10795.1,10795.5,-1.46091,-1.46109
14|705|14|705|sample|8|233|8|233|6.0,0.0021311999999999,13362.2,2,8,11166.525,377.072125,0,0,1,10852.9,10852.9,10854.2,10855.6,1.51659,1.51553
14|705|14|705|sample|8|233|8|233|6.0,0.0106559999999999,13610.7,3,8,11166.525,377.072125,0,0,1,10869.2,10869.2,10890.4,10892.4,1.6395,1.63799
14|705|14|705|sample|8|233|8|233|6.0,0.0532799999999999,14682.8,4,8,11166.525,377.072125,0,0,1,10710.2,10710.2,10907.6,10909.8,2.27173,2.26999
14|705|14|705|sample|8|233|8|233|6.0,0.2663999999999999,14377.5,5,8,11166.525,377.072125,0,0,1,9389.57,9389.57,10907.2,10907.7,2.08831,2.08791
14|705|14|705|sample|8|233|8|233|6.0,1.332,14448.5,6,8,11166.525,377.072125,0,0,1,4627.78,4627.78,10885.7,10864.8,2.14819,2.16494
14|705|14|705|sample|8|233|8|233|6.0,6.66,11296.1,7,8,11166.525,377.072125,0,0,1,1125.54,1125.54,10800.4,10517.4,0.301213,0.485851
14|705|14|705|sample|8|233|8|233|6.0,33.3,7973.3,8,8,11166.525,377.072125,0,0,1,457.789,457.789,10211.2,7702.94,-1.43786,0.229755
14|705|14|705|sample|10|233|10|233|6.0,0.0004262399999999,7937.8,1,10,11166.525,377.072125,0,0,1,10744.6,10744.6,10745,10744.9,-1.71463,-1.71459
14|705|14|705|sample|10|233|10|233|6.0,0.0021311999999999,13213.1,2,10,11166.525,377.072125,0,0,1,10802.5,10802.5,10802.5,10804.1,1.46462,1.46339
14|705|14|705|sample|10|233|10|233|6.0,0.0106559999999999,14129,3,10,11166.525,377.072125,0,0,1,10818.8,10818.8,10803.6,10817.2,2.02018,2.00946
14|705|14|705|sample|10|233|10|233|6.0,0.0532799999999999,10529.3,4,10,11166.525,377.072125,0,0,1,10660.6,10660.6,10108.2,10256.3,0.273286,0.174611
14|705|14|705|sample|10|233|10|233|6.0,0.2663999999999999,4592.28,5,10,11166.525,377.072125,0,0,1,9346.1,9346.1,4283,4452,0.469307,0.204912
14|705|14|705|sample|10|233|10|233|6.0,1.332,624.871,6,10,11166.525,377.072125,0,0,1,4606.33,4606.33,645.221,620.378,-0.187804,0.0429595
14|705|14|705|sample|10|233|10|233|6.0,6.66,342.007,7,10,11166.525,377.072125,0,0,1,1120.3,1120.3,378.838,375.882,-0.541345,-0.501201
14|705|14|705|sample|10|233|10|233|6.0,33.3,322.482,8,10,11166.525,377.072125,0,0,1,455.647,455.647,364.397,364.187,-0.636531,-0.633648
14|705|14|705|sample|9|233|9|233|6.0,0.0004262399999999,8811.1,1,9,11166.525,377.072125,0,0,1,10776,10776,10776.1,10776.3,-1.19676,-1.19686
14|705|14|705|sample|9|233|9|233|6.0,0.0021311999999999,12531.5,2,9,11166.525,377.072125,0,0,1,10833.8,10833.8,10835.1,10836.4,1.02757,1.02669
14|705|14|705|sample|9|233|9|233|6.0,0.0106559999999999,11991.9,3,9,11166.525,377.072125,0,0,1,10850.1,10850.1,10870,10871.4,0.677416,0.676481
14|705|14|705|sample|9|233|9|233|6.0,0.0532799999999999,11558.8,4,9,11166.525,377.072125,0,0,1,10691.4,10691.4,10767.6,10756.2,0.482249,0.489725
14|705|14|705|sample|9|233|9|233|6.0,0.2663999999999999,6037.13,5,9,11166.525,377.072125,0,0,1,9373.06,9373.06,5581.11,5749.69,0.533034,0.326247
14|705|14|705|sample|9|233|9|233|6.0,1.332,493.095,6,9,11166.525,377.072125,0,0,1,4619.63,4619.63,484.669,515.131,0.100237,-0.248524
14|705|14|705|sample|9|233|9|233|6.0,6.66,340.871,7,9,11166.525,377.072125,0,0,1,1123.55,1123.55,368.196,368.91,-0.411364,-0.421427
14|705|14|705|sample|9|233|9|233|6.0,33.3,353.296,8,9,11166.525,377.072125,0,0,1,456.976,456.976,364.867,364.886,-0.175532,-0.175813
14|705|14|705|sample|12|233|12|233|6.0,0.0004262399999999,7476.3,1,12,11166.525,377.072125,0,0,1,10630.5,10630.5,10618.6,10620.8,-1.94202,-1.94297
14|705|14|705|sample|12|233|12|233|6.0,0.0021311999999999,6678.97,2,12,11166.525,377.072125,0,0,1,10688.3,10688.3,10598.8,10619.8,-2.42703,-2.43524
14|705|14|705|sample|12|233|12|233|6.0,0.0106559999999999,7568.6,3,12,11166.525,377.072125,0,0,1,10704.9,10704.9,10135,10238.5,-1.66125,-1.71088
14|705|14|705|sample|12|233|12|233|6.0,0.0532799999999999,6813.87,4,12,11166.525,377.072125,0,0,1,10548.5,10548.5,7747.7,8031.05,-0.789048,-0.992497
14|705|14|705|sample|12|233|12|233|6.0,0.2663999999999999,3670.7,5,12,11166.525,377.072125,0,0,1,9247.83,9247.83,3157.49,3305.33,1.05027,0.714958
14|705|14|705|sample|12|233|12|233|6.0,1.332,964.89,6,12,11166.525,377.072125,0,0,1,4557.81,4557.81,903.842,906.68,0.41386,0.393476
14|705|14|705|sample|12|233|12|233|6.0,6.66,295.644,7,12,11166.525,377.072125,0,0,1,1108.46,1108.46,446.261,441.351,-1.92503,-1.88013
14|705|14|705|sample|12|233|12|233|6.0,33.3,337.179,8,12,11166.525,377.072125,0,0,1,450.805,450.805,372.605,371.054,-0.528022,-0.506674
14|705|14|705|sample|11|233|11|233|6.0,0.0004262399999999,7646.7,1,11,11166.525,377.072125,0,0,1,10697.8,10697.8,10698.8,10698.1,-1.87222,-1.8719
14|705|14|705|sample|11|233|11|233|6.0,0.0021311999999999,11416.8,2,11,11166.525,377.072125,0,0,1,10755.6,10755.6,10757.1,10757.3,0.402518,0.402387
14|705|14|705|sample|11|233|11|233|6.0,0.0106559999999999,11999,3,11,11166.525,377.072125,0,0,1,10772.1,10772.1,10776.3,10774.4,0.744693,0.745937
14|705|14|705|sample|11|233|11|233|6.0,0.0532799999999999,10380.2,4,11,11166.525,377.072125,0,0,1,10614.7,10614.7,10457.8,10405,-0.0486932,-0.0156253
14|705|14|705|sample|11|233|11|233|6.0,0.2663999999999999,6246.58,5,11,11166.525,377.072125,0,0,1,9305.8,9305.8,6464.62,6075.8,-0.22041,0.18356
14|705|14|705|sample|11|233|11|233|6.0,1.332,978.38,6,11,11166.525,377.072125,0,0,1,4586.43,4586.43,1038.36,946.527,-0.357312,0.206879
14|705|14|705|sample|11|233|11|233|6.0,6.66,338.528,7,11,11166.525,377.072125,0,0,1,1115.44,1115.44,399.363,394.176,-0.855113,-0.790934
14|705|14|705|sample|11|233|11|233|6.0,33.3,359.544,8,11,11166.525,377.072125,0,0,1,453.662,453.662,363.96,363.674,-0.0671358,-0.0628176
14|705|14|705|cc|1|1|233|1|233|69.0,0,381.412,1,1,11166.525,377.072125,0,1,0,358.98,358.98,359.04,358.98,0.343979,0.344945
14|705|14|705|cc|2|1|233|1|233|69.0,0,368.419,2,1,11166.525,377.072125,0,1,0,361.012,361.012,361.036,361.012,0.112997,0.113371
14|705|14|705|cc|3|1|233|1|233|69.0,0,363.378,3,1,11166.525,377.072125,0,1,0,362.256,362.256,362.26,362.256,0.017063,0.017129
14|705|14|705|cc|4|1|233|1|233|69.0,0,366.573,4,1,11166.525,377.072125,0,1,0,362.846,362.846,362.842,362.846,0.0568703,0.0568026
14|705|14|705|cc|5|1|233|1|233|69.0,0,367.922,5,1,11166.525,377.072125,0,1,0,362.846,362.846,362.842,362.846,0.0774299,0.077362
14|705|14|705|cc|6|1|233|1|233|69.0,0,383.968,6,1,11166.525,377.072125,0,1,0,362.256,362.256,362.26,362.256,0.331289,0.331358
14|705|14|705|cc|7|1|233|1|233|69.0,0,385.317,7,1,11166.525,377.072125,0,1,0,361.012,361.012,361.036,361.012,0.371611,0.371999
14|705|14|705|cc|8|1|233|1|233|69.0,0,399.588,8,1,11166.525,377.072125,0,1,0,358.98,358.98,359.04,358.98,0.623444,0.624448
14|705|14|705|vc|1|2|233|2|233|69.0,0,8278.6,1,2,11166.525,377.072125,1,0,0,10698.1,10698.1,10698.8,10698.1,-1.48462,-1.48427
14|705|14|705|vc|2|2|233|2|233|69.0,0,11360,2,2,11166.525,377.072125,1,0,0,10758.3,10758.3,10757.9,10758.3,0.367297,0.367082
14|705|14|705|vc|3|2|233|2|233|69.0,0,12957.5,3,2,11166.525,377.072125,1,0,0,10795.1,10795.1,10794.2,10795.1,1.31536,1.31469
14|705|14|705|vc|4|2|233|2|233|69.0,0,11835.7,4,2,11166.525,377.072125,1,0,0,10812.6,10812.6,10811.4,10812.6,0.62181,0.62103
14|705|14|705|vc|5|2|233|2|233|69.0,0,12375.3,5,2,11166.525,377.072125,1,0,0,10812.6,10812.6,10811.4,10812.6,0.949386,0.94857
14|705|14|705|vc|6|2|233|2|233|69.0,0,12176.5,6,2,11166.525,377.072125,1,0,0,10795.1,10795.1,10794.2,10795.1,0.840486,0.839857
14|705|14|705|vc|7|2|233|2|233|69.0,0,12588.3,7,2,11166.525,377.072125,1,0,0,10758.3,10758.3,10757.9,10758.3,1.11664,1.11641
14|705|14|705|vc|8|2|233|2|233|69.0,0,7760.3,8,2,11166.525,377.072125,1,0,0,10698.1,10698.1,10698.8,10698.1,-1.80255,-1.80223
14|555|14|555|sample|4|233|4|233|6.0,0.00128,24786.1,1,4,28898.775,503.381125,0,0,1,27885.3,27885.3,27867.2,27863.2,-0.728553,-0.72771
14|555|14|555|sample|4|233|4|233|6.0,0.0064,28968,2,4,28898.775,503.381125,0,0,1,28013.8,28013.8,27945.5,27931.4,0.24111,0.244561
14|555|14|555|sample|4|233|4|233|6.0,0.032,30224.7,3,4,28898.775,503.381125,0,0,1,27873.6,27873.6,27705.1,27646.8,0.599249,0.61441
14|555|14|555|sample|4|233|4|233|6.0,0.16,26994.2,4,4,28898.775,503.381125,0,0,1,26018.9,26018.9,26330.4,26134.7,0.16611,0.216661
14|555|14|555|sample|4|233|4|233|6.0,0.8,19617.3,5,4,28898.775,503.381125,0,0,1,16402.5,16402.5,21399.9,20972.8,-0.548485,-0.425532
14|555|14|555|sample|4|233|4|233|6.0,4,12261.7,6,4,28898.775,503.381125,0,0,1,4196.06,4196.06,11686.8,11329.8,0.322999,0.54
14|555|14|555|sample|4|233|4|233|6.0,20,3868.08,7,4,28898.775,503.381125,0,0,1,969.529,969.529,4088,4008.35,-0.349347,-0.227171
14|555|14|555|sample|4|233|4|233|6.0,100,1458.34,8,4,28898.775,503.381125,0,0,1,542.314,542.314,1366.19,1368.31,0.423712,0.413312
14|555|14|555|sample|3|233|3|233|6.0,0.00128,24608.6,1,3,28898.775,503.381125,0,0,1,27804.3,27804.3,27782.6,27776.3,-0.752796,-0.751472
14|555|14|555|sample|3|233|3|233|6.0,0.0064,30317,2,3,28898.775,503.381125,0,0,1,27932.8,27932.8,27852.1,27831.5,0.583165,0.588477
14|555|14|555|sample|3|233|3|233|6.0,0.032,30352.5,3,3,28898.775,503.381125,0,0,1,27793.3,27793.3,27595,27513.1,0.658447,0.680013
14|555|14|555|sample|3|233|3|233|6.0,0.16,27001.3,4,3,28898.775,503.381125,0,0,1,25944.1,25944.1,26237.7,25952.8,0.191747,0.266165
14|555|14|555|sample|3|233|3|233|6.0,0.8,19262.3,5,3,28898.775,503.381125,0,0,1,16355.3,16355.3,21594.8,20891.8,-0.711228,-0.513519
14|555|14|555|sample|3|233|3|233|6.0,4,12503.1,6,3,28898.775,503.381125,0,0,1,4183.97,4183.97,12403.3,11609.6,0.0528403,0.505337
14|555|14|555|sample|3|233|3|233|6.0,20,4208.17,7,3,28898.775,503.381125,0,0,1,966.726,966.726,4650.69,4309.53,-0.619189,-0.152867
14|555|14|555|sample|3|233|3|233|6.0,100,1591.82,8,3,28898.775,503.381125,0,0,1,540.738,540.738,1584,1501.04,0.0312354,0.381593
14|555|14|555|sample|5|233|5|233|6.0,0.00128,23770.8,1,5,28898.775,503.381125,0,0,1,27934.9,27934.9,27917.1,27911.9,-0.978693,-0.977648
14|555|14|555|sample|5|233|5|233|6.0,0.0064,28151.5,2,5,28898.775,503.381125,0,0,1,28063.4,28063.4,28000.9,27981.1,0.035445,0.0401314
14|555|14|555|sample|5|233|5|233|6.0,0.032,28584.6,3,5,28898.775,503.381125,0,0,1,27922.7,27922.7,27793.9,27713.2,0.187453,0.207199
14|555|14|555|sample|5|233|5|233|6.0,0.16,26270,4,5,28898.775,503.381125,0,0,1,26064.7,26064.7,26589.8,26312.3,-0.0792346,-0.0105882
14|555|14|555|sample|5|233|5|233|6.0,0.8,20440.9,5,5,28898.775,503.381125,0,0,1,16431.4,16431.4,22230.7,21559.9,-0.530192,-0.341749
14|555|14|555|sample|5|233|5|233|6.0,4,12070,6,5,28898.775,503.381125,0,0,1,4203.46,4203.46,13009.8,12287,-0.474622,-0.115983
14|555|14|555|sample|5|233|5|233|6.0,20,5130.46,7,5,28898.775,503.381125,0,0,1,971.245,971.245,4853.44,4587.53,0.371647,0.769985
14|555|14|555|sample|5|233|5|233|6.0,100,1508.04,8,5,28898.775,503.381125,0,0,1,543.28,543.28,1612.71,1567.77,-0.410774,-0.240831
14|555|14|555|sample|6|233|6|233|6.0,0.00128,23728.2,1,6,28898.775,503.381125,0,0,1,27958.5,27958.5,27910.7,27918.7,-0.987461,-0.989067
14|555|14|555|sample|6|233|6|233|6.0,0.0064,28329,2,6,28898.775,503.381125,0,0,1,28086.9,28086.9,27924,27948.2,0.0955631,0.089783
14|555|14|555|sample|6|233|6|233|6.0,0.032,28769.2,3,6,28898.775,503.381125,0,0,1,27946.1,27946.1,27500.4,27559.3,0.304009,0.289283
14|555|14|555|sample|6|233|6|233|6.0,0.16,26270,4,6,28898.775,503.381125,0,0,1,26086.5,26086.5,25748.6,25860.9,0.133414,0.104232
14|555|14|555|sample|6|233|6|233|6.0,0.8,18687.2,5,6,28898.775,503.381125,0,0,1,16445.1,16445.1,20677.1,20762.7,-0.633604,-0.65813
14|555|14|555|sample|6|233|6|233|6.0,4,12261.7,6,6,28898.775,503.381125,0,0,1,4206.97,4206.97,11941,11820.9,0.176393,0.244871
14|555|14|555|sample|6|233|6|233|6.0,20,5001.24,7,6,28898.775,503.381125,0,0,1,972.059,972.059,4820.93,4637.75,0.243512,0.509999
14|555|14|555|sample|6|233|6|233|6.0,100,1657.85,8,6,28898.775,503.381125,0,0,1,543.738,543.738,1773.91,1674.58,-0.415684,-0.0633279
14|555|14|555|sample|7|233|7|233|6.0,0.00128,23266.7,1,7,28898.775,503.381125,0,0,1,27958.5,27958.5,27958.7,27960.4,-1.10584,-1.10618
14|555|14|555|sample|7|233|7|233|6.0,0.0064,28897,2,7,28898.775,503.381125,0,0,1,28086.9,28086.9,28076.4,28087.3,0.192606,0.189954
14|555|14|555|sample|7|233|7|233|6.0,0.032,29181,3,7,28898.775,503.381125,0,0,1,27946.1,27946.1,27573,27656.5,0.384269,0.363214
14|555|14|555|sample|7|233|7|233|6.0,0.16,18176,4,7,28898.775,503.381125,0,0,1,26086.5,26086.5,20252.3,20587.1,-0.674922,-0.771055
14|555|14|555|sample|7|233|7|233|6.0,0.8,4345.91,5,7,28898.775,503.381125,0,0,1,16445.1,16445.1,3965.07,3914.98,0.623405,0.714267
14|555|14|555|sample|7|233|7|233|6.0,4,579.076,6,7,28898.775,503.381125,0,0,1,4206.97,4206.97,719.753,699.942,-1.17582,-1.03621
14|555|14|555|sample|7|233|7|233|6.0,20,511.129,7,7,28898.775,503.381125,0,0,1,972.059,972.059,503.902,501.927,0.0830979,0.106181
14|555|14|555|sample|7|233|7|233|6.0,100,514.679,8,7,28898.775,503.381125,0,0,1,543.738,543.738,488.772,488.628,0.305948,0.30773
14|555|14|555|sample|8|233|8|233|6.0,0.00128,24601.5,1,8,28898.775,503.381125,0,0,1,27934.9,27934.9,27929,27933.2,-0.785079,-0.785962
14|555|14|555|sample|8|233|8|233|6.0,0.0064,25545.8,2,8,28898.775,503.381125,0,0,1,28063.4,28063.4,27987.2,28022.9,-0.574814,-0.582484
14|555|14|555|sample|8|233|8|233|6.0,0.032,24601.5,3,8,28898.775,503.381125,0,0,1,27922.7,27922.7,26975.4,27247,-0.579838,-0.639752
14|555|14|555|sample|8|233|8|233|6.0,0.16,17068.4,4,8,28898.775,503.381125,0,0,1,26064.7,26064.7,18330.8,19242.9,-0.453193,-0.74378
14|555|14|555|sample|8|233|8|233|6.0,0.8,4732.86,5,8,28898.775,503.381125,0,0,1,16431.4,16431.4,4073.66,4177.66,1.05079,0.863345
14|555|14|555|sample|8|233|8|233|6.0,4,664.347,6,8,28898.775,503.381125,0,0,1,4203.46,4203.46,825.552,800.168,-1.18833,-1.0304
14|555|14|555|sample|8|233|8|233|6.0,20,531.648,7,8,28898.775,503.381125,0,0,1,971.245,971.245,517.932,513.132,0.15395,0.209539
14|555|14|555|sample|8|233|8|233|6.0,100,544.57,8,8,28898.775,503.381125,0,0,1,543.28,543.28,489.868,489.287,0.644747,0.652276
14|555|14|555|sample|9|233|9|233|6.0,0.00128,28400,1,9,28898.775,503.381125,0,0,1,27885.3,27885.3,27847.4,27861.5,0.130761,0.127354
14|555|14|555|sample|9|233|9|233|6.0,0.0064,27789.4,2,9,28898.775,503.381125,0,0,1,28013.8,28013.8,27877,27926.8,-0.0207064,-0.0324313
14|555|14|555|sample|9|233|9|233|6.0,0.032,29323,3,9,28898.775,503.381125,0,0,1,27873.6,27873.6,27485.3,27639.1,0.440574,0.401449
14|555|14|555|sample|9|233|9|233|6.0,0.16,27988.2,4,9,28898.775,503.381125,0,0,1,26018.9,26018.9,25739.7,26149.4,0.575514,0.463298
14|555|14|555|sample|9|233|9|233|6.0,0.8,19986.5,5,9,28898.775,503.381125,0,0,1,16402.5,16402.5,20439.9,21138.2,-0.146047,-0.358746
14|555|14|555|sample|9|233|9|233|6.0,4,11686.6,6,9,28898.775,503.381125,0,0,1,4196.06,4196.06,11299.2,11692.9,0.225119,-0.0035121
14|555|14|555|sample|9|233|9|233|6.0,20,4575.95,7,9,28898.775,503.381125,0,0,1,969.529,969.529,4287.6,4255.8,0.437075,0.488842
14|555|14|555|sample|9|233|9|233|6.0,100,1463.31,8,9,28898.775,503.381125,0,0,1,542.314,542.314,1536.27,1459.47,-0.29996,0.0165978
14|555|14|555|sample|10|233|10|233|6.0,0.00128,29102.9,1,10,28898.775,503.381125,0,0,1,27804.3,27804.3,27792,27784.1,0.310812,0.312775
14|555|14|555|sample|10|233|10|233|6.0,0.0064,25950.5,2,10,28898.775,503.381125,0,0,1,27932.8,27932.8,27887.2,27859.8,-0.457614,-0.451583
14|555|14|555|sample|10|233|10|233|6.0,0.032,29216.5,3,10,28898.775,503.381125,0,0,1,27793.3,27793.3,27718.5,27609.7,0.356119,0.383469
14|555|14|555|sample|10|233|10|233|6.0,0.16,26092.5,4,10,28898.775,503.381125,0,0,1,25944.1,25944.1,26619.9,26240.1,-0.130544,-0.0370682
14|555|14|555|sample|10|233|10|233|6.0,0.8,22734.2,5,10,28898.775,503.381125,0,0,1,16355.3,16355.3,22410.6,21466.2,0.0951023,0.388946
14|555|14|555|sample|10|233|10|233|6.0,4,12027.4,6,10,28898.775,503.381125,0,0,1,4183.97,4183.97,13079,12056.4,-0.528312,-0.0158161
14|555|14|555|sample|10|233|10|233|6.0,20,4408.39,7,10,28898.775,503.381125,0,0,1,966.726,966.726,4745.76,4386.18,-0.462735,0.0329274
14|555|14|555|sample|10|233|10|233|6.0,100,1568.39,8,10,28898.775,503.381125,0,0,1,540.738,540.738,1536.54,1480.96,0.130906,0.372241
14|555|14|555|sample|12|233|12|233|6.0,0.00128,21044.4,1,12,28898.775,503.381125,0,0,1,27508.8,27508.8,27451,27449.7,-1.53781,-1.53757
14|555|14|555|sample|12|233|12|233|6.0,0.0064,21328.4,2,12,28898.775,503.381125,0,0,1,27637.6,27637.6,27019.7,27026.6,-1.38787,-1.38919
14|555|14|555|sample|12|233|12|233|6.0,0.032,18282.5,3,12,28898.775,503.381125,0,0,1,27500.5,27500.5,22380.1,22277.8,-1.20572,-1.18101
14|555|14|555|sample|12|233|12|233|6.0,0.16,8733,4,12,28898.775,503.381125,0,0,1,25671.3,25671.3,8363.86,8028.61,0.289124,0.574543
14|555|14|555|sample|12|233|12|233|6.0,0.8,1515.14,5,12,28898.775,503.381125,0,0,1,16183.4,16183.4,1545.46,1450.24,-0.123952,0.281918
14|555|14|555|sample|12|233|12|233|6.0,4,461.713,6,12,28898.775,503.381125,0,0,1,4139.9,4139.9,593.828,580.08,-1.31354,-1.20172
14|555|14|555|sample|12|233|12|233|6.0,20,405.268,7,12,28898.775,503.381125,0,0,1,956.51,956.51,493.818,492.064,-1.03639,-1.01904
14|555|14|555|sample|12|233|12|233|6.0,100,451.915,8,12,28898.775,503.381125,0,0,1,534.991,534.991,481.34,481.056,-0.352178,-0.348961
14|555|14|555|sample|11|233|11|233|6.0,0.00128,25631,1,11,28898.775,503.381125,0,0,1,27683.1,27683.1,27609.5,27599.2,-0.472197,-0.469914
14|555|14|555|sample|11|233|11|233|6.0,0.0064,26092.5,2,11,28898.775,503.381125,0,0,1,27811.8,27811.8,27111.3,27044.5,-0.247599,-0.231943
14|555|14|555|sample|11|233|11|233|6.0,0.032,21087,3,11,28898.775,503.381125,0,0,1,27673.2,27673.2,22297.1,21930.4,-0.357409,-0.253242
14|555|14|555|sample|11|233|11|233|6.0,0.16,8406.4,4,11,28898.775,503.381125,0,0,1,25832.2,25832.2,8486.68,8098.3,-0.0619737,0.249156
14|555|14|555|sample|11|233|11|233|6.0,0.8,1638.68,5,11,28898.775,503.381125,0,0,1,16284.8,16284.8,1634.95,1572.07,0.0144543,0.267875
14|555|14|555|sample|11|233|11|233|6.0,4,580.851,6,11,28898.775,503.381125,0,0,1,4165.9,4165.9,613.695,607.834,-0.317069,-0.262734
14|555|14|555|sample|11|233|11|233|6.0,20,445.525,7,11,28898.775,503.381125,0,0,1,962.537,962.537,499.315,498.838,-0.623488,-0.618474
14|555|14|555|sample|11|233|11|233|6.0,100,520.004,8,11,28898.775,503.381125,0,0,1,538.381,538.381,484.67,484.599,0.42037,0.421257
14|555|14|555|cc|1|1|233|1|233|69.0,0,503.674,1,1,28898.775,503.381125,0,1,0,479.229,479.229,479.309,479.229,0.292695,0.293696
14|555|14|555|cc|2|1|233|1|233|69.0,0,542.014,2,1,28898.775,503.381125,0,1,0,481.941,481.941,481.973,481.941,0.717788,0.718213
14|555|14|555|cc|3|1|233|1|233|69.0,0,537.044,3,1,28898.775,503.381125,0,1,0,483.601,483.601,483.607,483.601,0.636949,0.637024
14|555|14|555|cc|4|1|233|1|233|69.0,0,528.24,4,1,28898.775,503.381125,0,1,0,484.39,484.39,484.384,484.39,0.522023,0.521947
14|555|14|555|cc|5|1|233|1|233|69.0,0,532.429,5,1,28898.775,503.381125,0,1,0,484.39,484.39,484.384,484.39,0.571884,0.571808
14|555|14|555|cc|6|1|233|1|233|69.0,0,472.363,6,1,28898.775,503.381125,0,1,0,483.601,483.601,483.607,483.601,-0.134028,-0.133961
14|555|14|555|cc|7|1|233|1|233|69.0,0,472.15,7,1,28898.775,503.381125,0,1,0,481.941,481.941,481.973,481.941,-0.117432,-0.117055
14|555|14|555|cc|8|1|233|1|233|69.0,0,439.135,8,1,28898.775,503.381125,0,1,0,479.229,479.229,479.309,479.229,-0.482602,-0.481714
14|555|14|555|vc|1|2|233|2|233|69.0,0,27768.1,1,2,28898.775,503.381125,1,0,0,27686.6,27686.6,27688.4,27686.6,0.0189611,0.0194079
14|555|14|555|vc|2|2|233|2|233|69.0,0,28442.6,2,2,28898.775,503.381125,1,0,0,27842.2,27842.2,27841.4,27842.2,0.142298,0.14209
14|555|14|555|vc|3|2|233|2|233|69.0,0,30267.3,3,2,28898.775,503.381125,1,0,0,27937.6,27937.6,27935.2,27937.6,0.550109,0.549503
14|555|14|555|vc|4|2|233|2|233|69.0,0,29216.5,4,2,28898.775,503.381125,1,0,0,27982.8,27982.8,27979.8,27982.8,0.291263,0.290516
14|555|14|555|vc|5|2|233|2|233|69.0,0,30246,5,2,28898.775,503.381125,1,0,0,27982.8,27982.8,27979.8,27982.8,0.533722,0.532947
14|555|14|555|vc|6|2|233|2|233|69.0,0,30757.2,6,2,28898.775,503.381125,1,0,0,27937.6,27937.6,27935.2,27937.6,0.66567,0.665053
14|555|14|555|vc|7|2|233|2|233|69.0,0,29692.2,7,2,28898.775,503.381125,1,0,0,27842.2,27842.2,27841.4,27842.2,0.438052,0.437834
14|555|14|555|vc|8|2|233|2|233|69.0,0,24800.3,8,2,28898.775,503.381125,1,0,0,27686.6,27686.6,27688.4,27686.6,-0.687323,-0.686924
14|394|14|394|sample|5|42|5|42|6.0,0.00128,37381.5,1,5,39545.1875,266.9225,0,0,1,38226.2,38226.2,36724.9,36027.1,0.117893,0.247862
14|394|14|394|sample|5|42|5|42|6.0,0.0064,32480.5,2,5,39545.1875,266.9225,0,0,1,38401.6,38401.6,35315.4,34173.5,-0.529245,-0.32661
14|394|14|394|sample|5|42|5|42|6.0,0.032,30270.5,3,5,39545.1875,266.9225,0,0,1,38205.6,38205.6,32386.6,30732.7,-0.430696,-0.0991194
14|394|14|394|sample|5|42|5|42|6.0,0.16,21814,4,5,39545.1875,266.9225,0,0,1,35634.8,35634.8,27367.8,25409.9,-1.33716,-0.932289
14|394|14|394|sample|5|42|5|42|6.0,0.8,17010.5,5,5,39545.1875,266.9225,0,0,1,22309.3,22309.3,20486.8,18756.9,-1.1171,-0.612758
14|394|14|394|sample|5|42|5|42|6.0,4,13721.5,6,5,39545.1875,266.9225,0,0,1,5395.32,5395.32,13304.9,12246.7,0.205779,0.79096
14|394|14|394|sample|5|42|5|42|6.0,20,8372,7,5,39545.1875,266.9225,0,0,1,925.69,925.69,7628.09,7216.54,0.638337,1.04749
14|394|14|394|sample|5|42|5|42|6.0,100,3641.95,8,5,39545.1875,266.9225,0,0,1,336.012,336.012,4044.87,3991.08,-0.646771,-0.567841
14|394|14|394|sample|6|42|6|42|6.0,0.00128,38246,1,6,39545.1875,266.9225,0,0,1,38258.5,38258.5,35254.5,35469.5,0.559434,0.516088
14|394|14|394|sample|6|42|6|42|6.0,0.0064,34905,2,6,39545.1875,266.9225,0,0,1,38433.8,38433.8,33003.3,33299.9,0.379849,0.317748
14|394|14|394|sample|6|42|6|42|6.0,0.032,30316,3,6,39545.1875,266.9225,0,0,1,38237.5,38237.5,29206.3,29546.9,0.250391,0.171557
14|394|14|394|sample|6|42|6|42|6.0,0.16,20819.5,4,6,39545.1875,266.9225,0,0,1,35664.5,35664.5,23810,24104.1,-0.827277,-0.897583
14|394|14|394|sample|6|42|6|42|6.0,0.8,15775.5,5,6,39545.1875,266.9225,0,0,1,22327.9,22327.9,17515.5,17670.3,-0.653632,-0.705573
14|394|14|394|sample|6|42|6|42|6.0,4,11706.5,6,6,39545.1875,266.9225,0,0,1,5399.82,5399.82,11598.7,11600.3,0.0610286,0.0601245
14|394|14|394|sample|6|42|6|42|6.0,20,8404.5,7,6,39545.1875,266.9225,0,0,1,926.467,926.467,7049.71,6961.58,1.25696,1.35551
14|394|14|394|sample|6|42|6|42|6.0,100,3721.9,8,6,39545.1875,266.9225,0,0,1,336.295,336.295,4061.71,3953.75,-0.543241,-0.380598
14|394|14|394|sample|7|42|7|42|6.0,0.00128,38109.5,1,7,39545.1875,266.9225,0,0,1,38258.5,38258.5,38207.9,38180.3,-0.0169778,-0.0122238
14|394|14|394|sample|7|42|7|42|6.0,0.0064,38857,2,7,39545.1875,266.9225,0,0,1,38433.8,38433.8,38316.7,38246.7,0.0929764,0.105226
14|394|14|394|sample|7|42|7|42|6.0,0.032,42445,3,7,39545.1875,266.9225,0,0,1,38237.5,38237.5,38160.4,37977.1,0.740368,0.775755
14|394|14|394|sample|7|42|7|42|6.0,0.16,38883,4,7,39545.1875,266.9225,0,0,1,35664.5,35664.5,37430,36976,0.255971,0.340056
14|394|14|394|sample|7|42|7|42|6.0,0.8,33826,5,7,39545.1875,266.9225,0,0,1,22327.9,22327.9,35341.7,34331.2,-0.28275,-0.0970096
14|394|14|394|sample|7|42|7|42|6.0,4,28483,6,7,39545.1875,266.9225,0,0,1,5399.82,5399.82,30440.3,28632.5,-0.423799,-0.034398
14|394|14|394|sample|7|42|7|42|6.0,20,17907.5,7,7,39545.1875,266.9225,0,0,1,926.467,926.467,21816.6,19651.3,-1.17987,-0.584124
14|394|14|394|sample|7|42|7|42|6.0,100,11765,8,7,39545.1875,266.9225,0,0,1,336.295,336.295,12105.6,10584,-0.184781,0.732237
14|394|14|394|sample|8|42|8|42|6.0,0.00128,42640,1,8,39545.1875,266.9225,0,0,1,38226.2,38226.2,38179.8,38200.5,0.770313,0.76632
14|394|14|394|sample|8|42|8|42|6.0,0.0064,40423.5,2,8,39545.1875,266.9225,0,0,1,38401.6,38401.6,38290,38346.3,0.367407,0.357188
14|394|14|394|sample|8|42|8|42|6.0,0.032,39806,3,8,39545.1875,266.9225,0,0,1,38205.6,38205.6,38126,38263.6,0.290553,0.265801
14|394|14|394|sample|8|42|8|42|6.0,0.16,43758,4,8,39545.1875,266.9225,0,0,1,35634.8,35634.8,37342.1,37661,1.13288,1.06748
14|394|14|394|sample|8|42|8|42|6.0,0.8,35867,5,8,39545.1875,266.9225,0,0,1,22309.3,22309.3,35038.5,35690.9,0.15589,0.0325339
14|394|14|394|sample|8|42|8|42|6.0,4,28834,6,8,39545.1875,266.9225,0,0,1,5395.32,5395.32,29565.5,30548,-0.163068,-0.369814
14|394|14|394|sample|8|42|8|42|6.0,20,20111,7,8,39545.1875,266.9225,0,0,1,925.69,925.69,20206,20958.8,-0.0309498,-0.266313
14|394|14|394|sample|8|42|8|42|6.0,100,11479,8,8,39545.1875,266.9225,0,0,1,336.012,336.012,10465.3,10541.8,0.635624,0.583435
14|394|14|394|sample|10|42|10|42|6.0,0.00128,33767.5,1,10,39545.1875,266.9225,0,0,1,38047.4,38047.4,30525.4,30610.1,0.700023,0.679849
14|394|14|394|sample|10|42|10|42|6.0,0.0064,22964.5,2,10,39545.1875,266.9225,0,0,1,38222.9,38222.9,26060.7,25982.7,-0.782741,-0.765313
14|394|14|394|sample|10|42|10|42|6.0,0.032,16341,3,10,39545.1875,266.9225,0,0,1,38028.5,38028.5,20337,20021.1,-1.29356,-1.21002
14|394|14|394|sample|10|42|10|42|6.0,0.16,12766,4,10,39545.1875,266.9225,0,0,1,35469.8,35469.8,14353.8,13850.1,-0.727202,-0.514464
14|394|14|394|sample|10|42|10|42|6.0,0.8,8833.5,5,10,39545.1875,266.9225,0,0,1,22206,22206,9243.82,8699.52,-0.291014,0.100922
14|394|14|394|sample|10|42|10|42|6.0,4,6669,6,10,39545.1875,266.9225,0,0,1,5370.3,5370.3,5568.93,5107.65,1.28862,1.99188
14|394|14|394|sample|10|42|10|42|6.0,20,2575.3,7,10,39545.1875,266.9225,0,0,1,921.384,921.384,3238.44,2903.55,-1.32389,-0.729111
14|394|14|394|sample|10|42|10|42|6.0,100,1574.95,8,10,39545.1875,266.9225,0,0,1,334.44,334.44,1876.15,1655.43,-1.02208,-0.308007
14|394|14|394|sample|9|42|9|42|6.0,0.00128,39286,1,9,39545.1875,266.9225,0,0,1,38158.3,38158.3,31199.2,32375.3,1.70843,1.40704
14|394|14|394|sample|9|42|9|42|6.0,0.0064,30569.5,2,9,39545.1875,266.9225,0,0,1,38333.7,38333.7,26756.7,28106.5,0.938896,0.577455
14|394|14|394|sample|9|42|9|42|6.0,0.032,18928,3,9,39545.1875,266.9225,0,0,1,38138.3,38138.3,20887.8,22056.7,-0.617749,-0.934078
14|394|14|394|sample|9|42|9|42|6.0,0.16,14371.5,4,9,39545.1875,266.9225,0,0,1,35572.1,35572.1,14642.7,15316,-0.121762,-0.405528
14|394|14|394|sample|9|42|9|42|6.0,0.8,8996,5,9,39545.1875,266.9225,0,0,1,22270,22270,9295.25,9467.92,-0.211073,-0.326838
14|394|14|394|sample|9|42|9|42|6.0,4,5444.4,6,9,39545.1875,266.9225,0,0,1,5385.81,5385.81,5491.9,5381.78,-0.0564074,0.0758674
14|394|14|394|sample|9|42|9|42|6.0,20,3246.75,7,9,39545.1875,266.9225,0,0,1,924.055,924.055,3127.48,2937.13,0.24638,0.680051
14|394|14|394|sample|9|42|9|42|6.0,100,1693.25,8,9,39545.1875,266.9225,0,0,1,335.415,335.415,1778.32,1607.93,-0.303945,0.3358
14|394|14|394|sample|12|42|12|42|6.0,0.00128,35041.5,1,12,39545.1875,266.9225,0,0,1,37643.1,37643.1,35767.4,35377.1,-0.133801,-0.0625352
14|394|14|394|sample|12|42|12|42|6.0,0.0064,35750,2,12,39545.1875,266.9225,0,0,1,37819,37819,34217,33603.2,0.295353,0.421154
14|394|14|394|sample|12|42|12|42|6.0,0.032,33351.5,3,12,39545.1875,266.9225,0,0,1,37627.9,37627.9,31263.8,30393.1,0.440147,0.641548
14|394|14|394|sample|12|42|12|42|6.0,0.16,24134.5,4,12,39545.1875,266.9225,0,0,1,35096.9,35096.9,26531.4,25489.9,-0.595228,-0.350301
14|394|14|394|sample|12|42|12|42|6.0,0.8,18018,5,12,39545.1875,266.9225,0,0,1,21972.5,21972.5,20295.3,19315,-0.738705,-0.441972
14|394|14|394|sample|12|42|12|42|6.0,4,12486.5,6,12,39545.1875,266.9225,0,0,1,5313.74,5313.74,13777.6,13084.5,-0.615898,-0.300285
14|394|14|394|sample|12|42|12|42|6.0,20,8521.5,7,12,39545.1875,266.9225,0,0,1,911.646,911.646,8397.56,8034.81,0.0966858,0.396663
14|394|14|394|sample|12|42|12|42|6.0,100,5012.8,8,12,39545.1875,266.9225,0,0,1,330.886,330.885,4753.1,4617.09,0.35566,0.557653
14|394|14|394|sample|11|42|11|42|6.0,0.00128,40612,1,11,39545.1875,266.9225,0,0,1,37881.6,37881.6,36711.3,36292.2,0.700584,0.784792
14|394|14|394|sample|11|42|11|42|6.0,0.0064,40807,2,11,39545.1875,266.9225,0,0,1,38057.3,38057.3,35613.1,34915.3,0.96155,1.11248
14|394|14|394|sample|11|42|11|42|6.0,0.032,33462,3,11,39545.1875,266.9225,0,0,1,37864.2,37864.2,33190.1,32145.9,0.0540031,0.269873
14|394|14|394|sample|11|42|11|42|6.0,0.16,24752,4,11,39545.1875,266.9225,0,0,1,35316.9,35316.9,28792.5,27498.5,-0.924785,-0.658125
14|394|14|394|sample|11|42|11|42|6.0,0.8,18401.5,5,11,39545.1875,266.9225,0,0,1,22110.2,22110.2,22316.7,21123.1,-1.15531,-0.848338
14|394|14|394|sample|11|42|11|42|6.0,4,15236,6,11,39545.1875,266.9225,0,0,1,5347.1,5347.1,15001.1,14275.8,0.102973,0.442147
14|394|14|394|sample|11|42|11|42|6.0,20,8359,7,11,39545.1875,266.9225,0,0,1,917.391,917.39,8803.85,8576.57,-0.331149,-0.166218
14|394|14|394|sample|11|42|11|42|6.0,100,5257.2,8,11,39545.1875,266.9225,0,0,1,332.982,332.982,4705.64,4752.16,0.76287,0.691799
14|394|14|394|sample|3|42|3|42|63.0,0.00128,19714.5,1,3,39545.1875,266.9225,0,0,1,38047.4,38047.4,22533,25312,-0.823727,-1.45682
14|394|14|394|sample|3|42|3|42|63.0,0.0064,18492.5,2,3,39545.1875,266.9225,0,0,1,38222.9,38222.9,17386.9,19689.3,0.418391,-0.400119
14|394|14|394|sample|3|42|3|42|63.0,0.032,11667.5,3,3,39545.1875,266.9225,0,0,1,38028.5,38028.5,12434.3,13892.4,-0.405077,-1.05266
14|394|14|394|sample|3|42|3|42|63.0,0.16,9009,4,3,39545.1875,266.9225,0,0,1,35469.8,35469.8,8335.29,8982.64,0.529468,0.0192376
14|394|14|394|sample|3|42|3|42|63.0,0.8,6145.1,5,3,39545.1875,266.9225,0,0,1,22206,22206,5336.16,5454.97,0.98839,0.825086
14|394|14|394|sample|3|42|3|42|63.0,4,4151.55,6,3,39545.1875,266.9225,0,0,1,5370.3,5370.3,3331.87,3206.08,1.59146,1.90617
14|394|14|394|sample|3|42|3|42|63.0,20,1883.7,7,3,39545.1875,266.9225,0,0,1,921.384,921.384,2071.89,1879.43,-0.580265,0.0144568
14|394|14|394|sample|3|42|3|42|63.0,100,672.75,8,3,39545.1875,266.9225,0,0,1,334.44,334.44,1309.85,1132.22,-3.04881,-2.52347
14|394|14|394|sample|4|42|4|42|63.0,0.00128,18733,1,4,39545.1875,266.9225,0,0,1,38158.3,38158.3,27753,27633.5,-2.14162,-2.12236
14|394|14|394|sample|4|42|4|42|63.0,0.0064,16620.5,2,4,39545.1875,266.9225,0,0,1,38333.7,38333.7,22396.9,22237.8,-1.69844,-1.66344
14|394|14|394|sample|4|42|4|42|63.0,0.032,13377,3,4,39545.1875,266.9225,0,0,1,38138.3,38138.3,16358.3,16184.5,-1.19879,-1.141
14|394|14|394|sample|4|42|4|42|63.0,0.16,11953.5,4,4,39545.1875,266.9225,0,0,1,35572.1,35572.1,10836.1,10681.8,0.676791,0.781295
14|394|14|394|sample|4|42|4|42|63.0,0.8,7020,5,4,39545.1875,266.9225,0,0,1,22270,22270,6647.44,6532.09,0.366355,0.488169
14|394|14|394|sample|4|42|4|42|63.0,4,5218.2,6,4,39545.1875,266.9225,0,0,1,5385.81,5385.81,3893.96,3817.64,2.20658,2.37956
14|394|14|394|sample|4|42|4|42|63.0,20,1979.9,7,4,39545.1875,266.9225,0,0,1,924.055,924.055,2249.55,2202.83,-0.767766,-0.647798
14|394|14|394|sample|4|42|4|42|63.0,100,718.25,8,4,39545.1875,266.9225,0,0,1,335.415,335.415,1323.09,1295.78,-2.86694,-2.79222
14|394|14|394|cc|1|1|42|1|42|69.0,0,279.305,1,1,39545.1875,266.9225,0,1,0,254.116,254.116,254.158,254.116,0.511512,0.512438
14|394|14|394|cc|2|1|42|1|42|69.0,0,273.39,2,1,39545.1875,266.9225,0,1,0,255.554,255.554,255.571,255.554,0.360892,0.361255
14|394|14|394|cc|3|1|42|1|42|69.0,0,270.53,3,1,39545.1875,266.9225,0,1,0,256.434,256.434,256.437,256.434,0.284661,0.284725
14|394|14|394|cc|4|1|42|1|42|69.0,0,261.235,4,1,39545.1875,266.9225,0,1,0,256.852,256.852,256.849,256.852,0.0884836,0.0884199
14|394|14|394|cc|5|1|42|1|42|69.0,0,261.495,5,1,39545.1875,266.9225,0,1,0,256.852,256.852,256.849,256.852,0.0937288,0.093665
14|394|14|394|cc|6|1|42|1|42|69.0,0,281.645,6,1,39545.1875,266.9225,0,1,0,256.434,256.434,256.437,256.434,0.509173,0.50924
14|394|14|394|cc|7|1|42|1|42|69.0,0,244.27,7,1,39545.1875,266.9225,0,1,0,255.554,255.554,255.571,255.554,-0.228867,-0.228535
14|394|14|394|cc|8|1|42|1|42|69.0,0,263.51,8,1,39545.1875,266.9225,0,1,0,254.116,254.116,254.158,254.116,0.190229,0.191113
14|394|14|394|vc|1|2|42|2|42|69.0,0,40183,1,2,39545.1875,266.9225,1,0,0,37886.4,37886.4,37888.9,37886.4,0.399239,0.399712
14|394|14|394|vc|2|2|42|2|42|69.0,0,39617.5,2,2,39545.1875,266.9225,1,0,0,38099.4,38099.4,38098.2,38099.4,0.262951,0.262739
14|394|14|394|vc|3|2|42|2|42|69.0,0,39240.5,3,2,39545.1875,266.9225,1,0,0,38229.9,38229.9,38226.6,38229.9,0.174891,0.174316
14|394|14|394|vc|4|2|42|2|42|69.0,0,41671.5,4,2,39545.1875,266.9225,1,0,0,38291.8,38291.8,38287.6,38291.8,0.582782,0.582002
14|394|14|394|vc|5|2|42|2|42|69.0,0,40521,5,2,39545.1875,266.9225,1,0,0,38291.8,38291.8,38287.6,38291.8,0.38464,0.383881
14|394|14|394|vc|6|2|42|2|42|69.0,0,39988,6,2,39545.1875,266.9225,1,0,0,38229.9,38229.9,38226.6,38229.9,0.303832,0.303246
14|394|14|394|vc|7|2|42|2|42|69.0,0,36250.5,7,2,39545.1875,266.9225,1,0,0,38099.4,38099.4,38098.2,38099.4,-0.3198,-0.319995
14|394|14|394|vc|8|2|42|2|42|69.0,0,38889.5,8,2,39545.1875,266.9225,1,0,0,37886.4,37886.4,37888.9,37886.4,0.174129,0.174586
14|1099|14|1099|sample|3|73|3|73|6.0,0.00128,7046,1,3,7869.875,295.221875,0,0,1,7571.83,7571.85,7158.98,7114.7,-0.103234,-0.063159
14|1099|14|1099|sample|3|73|3|73|6.0,0.0064,7702.5,2,3,7869.875,295.221875,0,0,1,7607,7607.01,6777.06,6708.24,0.892798,0.96893
14|1099|14|1099|sample|3|73|3|73|6.0,0.032,6302.4,3,3,7869.875,295.221875,0,0,1,7570.3,7570.32,6047.47,5955.58,0.275267,0.3802
14|1099|14|1099|sample|3|73|3|73|6.0,0.16,4467.45,4,3,7869.875,295.221875,0,0,1,7077.32,7077.33,4912.28,4817.32,-0.589745,-0.472857
14|1099|14|1099|sample|3|73|3|73|6.0,0.8,3406,5,3,7869.875,295.221875,0,0,1,4519.71,4519.72,3532.58,3464.84,-0.23208,-0.109937
14|1099|14|1099|sample|3|73|3|73|6.0,4,2157.35,6,3,7869.875,295.221875,0,0,1,1272.98,1272.98,2263.59,2234.88,-0.300664,-0.222146
14|1099|14|1099|sample|3|73|3|73|6.0,20,1314.95,7,3,7869.875,295.221875,0,0,1,414.31,414.312,1359.41,1357.12,-0.205405,-0.195137
14|1099|14|1099|sample|3|73|3|73|6.0,100,977.6,8,3,7869.875,295.221875,0,0,1,299.815,299.816,825.1,832.597,1.12473,1.06057
14|1099|14|1099|sample|4|73|4|73|6.0,0.00128,7481.5,1,4,7869.875,295.221875,0,0,1,7593.9,7593.92,7004.83,6948.98,0.445053,0.501155
14|1099|14|1099|sample|4|73|4|73|6.0,0.0064,6643,2,4,7869.875,295.221875,0,0,1,7629.05,7629.06,6551.5,6465.52,0.0912843,0.179385
14|1099|14|1099|sample|4|73|4|73|6.0,0.032,5935.8,3,4,7869.875,295.221875,0,0,1,7592.17,7592.19,5784.26,5667.19,0.170987,0.309257
14|1099|14|1099|sample|4|73|4|73|6.0,0.16,4124.9,4,4,7869.875,295.221875,0,0,1,7097.73,7097.74,4700.64,4568.31,-0.797158,-0.631447
14|1099|14|1099|sample|4|73|4|73|6.0,0.8,3175.25,5,4,7869.875,295.221875,0,0,1,4532.75,4532.76,3459.1,3340.38,-0.531243,-0.319805
14|1099|14|1099|sample|4|73|4|73|6.0,4,2295.8,6,4,7869.875,295.221875,0,0,1,1276.66,1276.66,2323.72,2239.58,-0.0770294,0.16076
14|1099|14|1099|sample|4|73|4|73|6.0,20,1472.9,7,4,7869.875,295.221875,0,0,1,415.511,415.512,1477.75,1428.94,-0.0206772,0.193673
14|1099|14|1099|sample|4|73|4|73|6.0,100,1016.6,8,4,7869.875,295.221875,0,0,1,300.689,300.69,938.054,913.693,0.514425,0.690656
14|1099|14|1099|sample|5|73|5|73|6.0,0.00128,2156.7,1,5,7869.875,295.221875,0,0,1,7607.42,7607.44,6318.76,6294.79,-4.30328,-4.2946
14|1099|14|1099|sample|5|73|5|73|6.0,0.0064,4521.4,2,5,7869.875,295.221875,0,0,1,7642.55,7642.57,5781.32,5748.56,-1.4223,-1.39312
14|1099|14|1099|sample|5|73|5|73|6.0,0.032,4678.7,3,5,7869.875,295.221875,0,0,1,7605.57,7605.58,5081.37,5039.75,-0.516325,-0.466729
14|1099|14|1099|sample|5|73|5|73|6.0,0.16,4338.1,4,5,7869.875,295.221875,0,0,1,7110.23,7110.24,4264.02,4216.15,0.112905,0.18793
14|1099|14|1099|sample|5|73|5|73|6.0,0.8,3880.5,5,5,7869.875,295.221875,0,0,1,4540.73,4540.74,3410.08,3360.79,0.892838,1.00055
14|1099|14|1099|sample|5|73|5|73|6.0,4,2618.2,6,5,7869.875,295.221875,0,0,1,1278.91,1278.91,2610.84,2565.31,0.0181335,0.132548
14|1099|14|1099|sample|5|73|5|73|6.0,20,2187.25,7,5,7869.875,295.221875,0,0,1,416.247,416.248,1934.54,1896.33,0.832573,0.977076
14|1099|14|1099|sample|5|73|5|73|6.0,100,1243.45,8,5,7869.875,295.221875,0,0,1,301.224,301.225,1408.75,1379.07,-0.738171,-0.61803
14|1099|14|1099|sample|6|73|6|73|6.0,0.00128,2173.6,1,6,7869.875,295.221875,0,0,1,7613.83,7613.85,6226.25,6291.3,-4.25171,-4.27579
14|1099|14|1099|sample|6|73|6|73|6.0,0.0064,4706,2,6,7869.875,295.221875,0,0,1,7648.96,7648.98,5725.44,5779.78,-1.16193,-1.21249
14|1099|14|1099|sample|6|73|6|73|6.0,0.032,4895.8,3,6,7869.875,295.221875,0,0,1,7611.92,7611.94,5091.16,5121,-0.250023,-0.286555
14|1099|14|1099|sample|6|73|6|73|6.0,0.16,4835.35,4,6,7869.875,295.221875,0,0,1,7116.16,7116.17,4358.77,4353.23,0.710786,0.719951
14|1099|14|1099|sample|6|73|6|73|6.0,0.8,3753.1,5,6,7869.875,295.221875,0,0,1,4544.52,4544.53,3587.45,3543.9,0.299154,0.382348
14|1099|14|1099|sample|6|73|6|73|6.0,4,2828.8,6,6,7869.875,295.221875,0,0,1,1279.98,1279.98,2845.58,2771.41,-0.0380186,0.133397
14|1099|14|1099|sample|6|73|6|73|6.0,20,2241.2,7,6,7869.875,295.221875,0,0,1,416.596,416.597,2190.06,2099.12,0.149435,0.43259
14|1099|14|1099|sample|6|73|6|73|6.0,100,1610.7,8,6,7869.875,295.221875,0,0,1,301.478,301.479,1652.12,1558.74,-0.158837,0.210669
14|1099|14|1099|sample|8|73|8|73|6.0,0.00128,3918.2,1,8,7869.875,295.221875,0,0,1,7607.42,7607.44,7602.54,7603.48,-3.17201,-3.17244
14|1099|14|1099|sample|8|73|8|73|6.0,0.0064,7462,2,8,7869.875,295.221875,0,0,1,7642.55,7642.57,7632.11,7634.8,-0.14589,-0.148148
14|1099|14|1099|sample|8|73|8|73|6.0,0.032,7241,3,8,7869.875,295.221875,0,0,1,7605.57,7605.58,7619.68,7624.85,-0.3253,-0.329519
14|1099|14|1099|sample|8|73|8|73|6.0,0.16,6539,4,8,7869.875,295.221875,0,0,1,7110.23,7110.24,7514.34,7522.62,-0.849476,-0.855752
14|1099|14|1099|sample|8|73|8|73|6.0,0.8,6792.5,5,8,7869.875,295.221875,0,0,1,4540.73,4540.74,7167.05,7173.6,-0.34187,-0.347537
14|1099|14|1099|sample|8|73|8|73|6.0,4,6191.9,6,8,7869.875,295.221875,0,0,1,1278.91,1278.91,6250.72,6229.38,-0.0614722,-0.0393039
14|1099|14|1099|sample|8|73|8|73|6.0,20,4473.95,7,8,7869.875,295.221875,0,0,1,416.247,416.248,4483.6,4394.76,-0.0139918,0.117149
14|1099|14|1099|sample|8|73|8|73|6.0,100,2483.65,8,8,7869.875,295.221875,0,0,1,301.224,301.225,2450.53,2331.66,0.0867931,0.417966
14|1099|14|1099|sample|7|73|7|73|6.0,0.00128,4726.8,1,7,7869.875,295.221875,0,0,1,7613.83,7613.85,7213.54,7213.62,-2.25528,-2.25533
14|1099|14|1099|sample|7|73|7|73|6.0,0.0064,5435.3,2,7,7869.875,295.221875,0,0,1,7648.96,7648.98,7009.52,7001.8,-1.46884,-1.46323
14|1099|14|1099|sample|7|73|7|73|6.0,0.032,5294.9,3,7,7869.875,295.221875,0,0,1,7611.92,7611.94,6662.6,6638.38,-1.34189,-1.32289
14|1099|14|1099|sample|7|73|7|73|6.0,0.16,6222.45,4,7,7869.875,295.221875,0,0,1,7116.16,7116.17,6139.25,6087.37,0.0885085,0.14491
14|1099|14|1099|sample|7|73|7|73|6.0,0.8,5335.85,5,7,7869.875,295.221875,0,0,1,4544.52,4544.53,5425.35,5336.09,-0.107584,-0.000298595
14|1099|14|1099|sample|7|73|7|73|6.0,4,4543.5,6,7,7869.875,295.221875,0,0,1,1279.98,1279.98,4552.1,4424.34,-0.0122829,0.17513
14|1099|14|1099|sample|7|73|7|73|6.0,20,3995.55,7,7,7869.875,295.221875,0,0,1,416.596,416.597,3606.8,3453.05,0.698354,1.01707
14|1099|14|1099|sample|7|73|7|73|6.0,100,2592.2,8,7,7869.875,295.221875,0,0,1,301.478,301.479,2706.62,2549,-0.272176,0.108942
14|1099|14|1099|sample|9|73|9|73|6.0,0.00128,7325.5,1,9,7869.875,295.221875,0,0,1,7593.9,7593.92,6904.44,6956.96,0.398788,0.346443
14|1099|14|1099|sample|9|73|9|73|6.0,0.0064,5971.55,2,9,7869.875,295.221875,0,0,1,7629.05,7629.06,6410.36,6478.99,-0.447287,-0.511819
14|1099|14|1099|sample|9|73|9|73|6.0,0.032,5183.75,3,9,7869.875,295.221875,0,0,1,7592.17,7592.19,5614.45,5687.3,-0.500484,-0.577736
14|1099|14|1099|sample|9|73|9|73|6.0,0.16,4508.4,4,9,7869.875,295.221875,0,0,1,7097.73,7097.74,4537.97,4593.44,-0.0423856,-0.120449
14|1099|14|1099|sample|9|73|9|73|6.0,0.8,3333.85,5,9,7869.875,295.221875,0,0,1,4532.75,4532.76,3344.38,3365.65,-0.020376,-0.0611285
14|1099|14|1099|sample|9|73|9|73|6.0,4,2406.3,6,9,7869.875,295.221875,0,0,1,1276.66,1276.66,2270.26,2260.04,0.38391,0.414564
14|1099|14|1099|sample|9|73|9|73|6.0,20,1592.5,7,9,7869.875,295.221875,0,0,1,415.511,415.512,1468.35,1442.82,0.532934,0.653346
14|1099|14|1099|sample|9|73|9|73|6.0,100,912.6,8,9,7869.875,295.221875,0,0,1,300.689,300.69,948.63,922.034,-0.233528,-0.0627836
14|1099|14|1099|sample|10|73|10|73|6.0,0.00128,7078.5,1,10,7869.875,295.221875,0,0,1,7571.83,7571.85,6790.13,6778.74,0.277666,0.289114
14|1099|14|1099|sample|10|73|10|73|6.0,0.0064,6256.25,2,10,7869.875,295.221875,0,0,1,7607,7607.01,6287.3,6269.4,-0.0322663,-0.013707
14|1099|14|1099|sample|10|73|10|73|6.0,0.032,5591.3,3,10,7869.875,295.221875,0,0,1,7570.3,7570.32,5514.89,5488.87,0.0903768,0.121714
14|1099|14|1099|sample|10|73|10|73|6.0,0.16,4080.05,4,10,7869.875,295.221875,0,0,1,7077.32,7077.33,4502.63,4470.07,-0.610426,-0.567428
14|1099|14|1099|sample|10|73|10|73|6.0,0.8,3553.55,5,10,7869.875,295.221875,0,0,1,4519.71,4519.72,3390.51,3356.58,0.311197,0.379673
14|1099|14|1099|sample|10|73|10|73|6.0,4,1853.8,6,10,7869.875,295.221875,0,0,1,1272.98,1272.98,2373.42,2343.97,-1.40451,-1.34107
14|1099|14|1099|sample|10|73|10|73|6.0,20,1829.75,7,10,7869.875,295.221875,0,0,1,414.31,414.312,1585.61,1563.66,0.973817,1.07561
14|1099|14|1099|sample|10|73|10|73|6.0,100,1097.2,8,10,7869.875,295.221875,0,0,1,299.815,299.816,1049.67,1035.01,0.280268,0.371575
14|1099|14|1099|sample|11|73|11|73|6.0,0.00128,7644,1,11,7869.875,295.221875,0,0,1,7538.83,7538.85,7520.66,7520.42,0.107332,0.107549
14|1099|14|1099|sample|11|73|11|73|6.0,0.0064,7397,2,11,7869.875,295.221875,0,0,1,7574.03,7574.05,7530.64,7531.52,-0.116148,-0.116893
14|1099|14|1099|sample|11|73|11|73|6.0,0.032,6766.5,3,11,7869.875,295.221875,0,0,1,7537.61,7537.62,7474.63,7476.79,-0.619998,-0.62171
14|1099|14|1099|sample|11|73|11|73|6.0,0.16,7202,4,11,7869.875,295.221875,0,0,1,7046.8,7046.81,7282.1,7286.37,-0.0719684,-0.075762
14|1099|14|1099|sample|11|73|11|73|6.0,0.8,6379.75,5,11,7869.875,295.221875,0,0,1,4500.22,4500.23,6799.29,6807.27,-0.403431,-0.410628
14|1099|14|1099|sample|11|73|11|73|6.0,4,5507.45,6,11,7869.875,295.221875,0,0,1,1267.48,1267.49,5795.73,5808.6,-0.324641,-0.338386
14|1099|14|1099|sample|11|73|11|73|6.0,20,4337.45,7,11,7869.875,295.221875,0,0,1,412.515,412.516,4211.41,4226.43,0.194456,0.170682
14|1099|14|1099|sample|11|73|11|73|6.0,100,2754.05,8,11,7869.875,295.221875,0,0,1,298.508,298.51,2522.59,2533.78,0.589655,0.558724
14|1099|14|1099|sample|12|73|12|73|6.0,0.00128,8274.5,1,12,7869.875,295.221875,0,0,1,7491.36,7491.39,7460.16,7439.27,0.714358,0.734724
14|1099|14|1099|sample|12|73|12|73|6.0,0.0064,6929,2,12,7869.875,295.221875,0,0,1,7526.61,7526.63,7457.86,7417.75,-0.464067,-0.431168
14|1099|14|1099|sample|12|73|12|73|6.0,0.032,7247.5,3,12,7869.875,295.221875,0,0,1,7490.57,7490.59,7383.4,7306.04,-0.120443,-0.0524219
14|1099|14|1099|sample|12|73|12|73|6.0,0.16,7312.5,4,12,7869.875,295.221875,0,0,1,7002.9,7002.92,7174.05,7031.76,0.126252,0.261124
14|1099|14|1099|sample|12|73|12|73|6.0,0.8,6961.5,5,12,7869.875,295.221875,0,0,1,4472.19,4472.2,6710.77,6474.61,0.244253,0.491419
14|1099|14|1099|sample|12|73|12|73|6.0,4,4681.95,6,12,7869.875,295.221875,0,0,1,1259.57,1259.58,5835.02,5509.59,-1.28985,-0.979807
14|1099|14|1099|sample|12|73|12|73|6.0,20,3630.9,7,12,7869.875,295.221875,0,0,1,409.932,409.933,4498.38,4164.6,-1.25426,-0.832469
14|1099|14|1099|sample|12|73|12|73|6.0,100,3244.15,8,12,7869.875,295.221875,0,0,1,296.629,296.63,2983.25,2750.52,0.564373,1.15592
14|1099|14|1099|cc|1|1|73|1|73|69.0,0,283.465,1,1,7869.875,295.221875,0,1,0,281.057,281.058,281.105,281.058,0.0443284,0.0452121
14|1099|14|1099|cc|2|1|73|1|73|69.0,0,291.915,2,1,7869.875,295.221875,0,1,0,282.648,282.648,282.667,282.648,0.172927,0.173288
14|1099|14|1099|cc|3|1|73|1|73|69.0,0,306.605,3,1,7869.875,295.221875,0,1,0,283.622,283.622,283.626,283.622,0.428536,0.428602
14|1099|14|1099|cc|4|1|73|1|73|69.0,0,277.095,4,1,7869.875,295.221875,0,1,0,284.084,284.084,284.081,284.084,-0.130113,-0.130176
14|1099|14|1099|cc|5|1|73|1|73|69.0,0,283.14,5,1,7869.875,295.221875,0,1,0,284.084,284.084,284.081,284.084,-0.0175256,-0.0175899
14|1099|14|1099|cc|6|1|73|1|73|69.0,0,296.92,6,1,7869.875,295.221875,0,1,0,283.622,283.622,283.626,283.622,0.247922,0.247987
14|1099|14|1099|cc|7|1|73|1|73|69.0,0,290.745,7,1,7869.875,295.221875,0,1,0,282.648,282.648,282.667,282.648,0.151049,0.151409
14|1099|14|1099|cc|8|1|73|1|73|69.0,0,331.89,8,1,7869.875,295.221875,0,1,0,281.057,281.058,281.105,281.058,0.953866,0.954871
14|1099|14|1099|vc|1|2|73|2|73|69.0,0,7826,1,2,7869.875,295.221875,1,0,0,7539.76,7539.78,7540.29,7539.78,0.247995,0.248454
14|1099|14|1099|vc|2|2|73|2|73|69.0,0,7676.5,2,2,7869.875,295.221875,1,0,0,7582.15,7582.17,7581.93,7582.17,0.0816347,0.081429
14|1099|14|1099|vc|3|2|73|2|73|69.0,0,7787,3,2,7869.875,295.221875,1,0,0,7608.11,7608.13,7607.48,7608.13,0.154453,0.153884
14|1099|14|1099|vc|4|2|73|2|73|69.0,0,8339.5,4,2,7869.875,295.221875,1,0,0,7620.43,7620.45,7619.62,7620.45,0.618398,0.61762
14|1099|14|1099|vc|5|2|73|2|73|69.0,0,7150,5,2,7869.875,295.221875,1,0,0,7620.43,7620.45,7619.62,7620.45,-0.403421,-0.404089
14|1099|14|1099|vc|6|2|73|2|73|69.0,0,7995,6,2,7869.875,295.221875,1,0,0,7608.11,7608.13,7607.48,7608.13,0.333414,0.33283
14|1099|14|1099|vc|7|2|73|2|73|69.0,0,8664.5,7,2,7869.875,295.221875,1,0,0,7582.15,7582.17,7581.93,7582.17,0.934538,0.934307
14|1099|14|1099|vc|8|2|73|2|73|69.0,0,7520.5,8,2,7869.875,295.221875,1,0,0,7539.76,7539.78,7540.29,7539.78,-0.017175,-0.016734
14|611|14|611|sample|4|73|4|73|6.0,0.00128,8222.5,1,4,9355.125,389.553125,0,0,1,9027.07,9353.98,9355.12,9355.11,-0.793816,-0.793808
14|611|14|611|sample|4|73|4|73|6.0,0.0064,9906,2,4,9355.125,389.553125,0,0,1,9068.89,9345.15,9355.12,9355.04,0.386093,0.386154
14|611|14|611|sample|4|73|4|73|6.0,0.032,10530,3,4,9355.125,389.553125,0,0,1,9025.37,9268.8,9355.07,9354.56,0.823473,0.823874
14|611|14|611|sample|4|73|4|73|6.0,0.16,10068.5,4,4,9355.125,389.553125,0,0,1,8440.19,8653.91,9354.61,9351.5,0.500366,0.502711
14|611|14|611|sample|4|73|4|73|6.0,0.8,9295,5,4,9355.125,389.553125,0,0,1,5404.14,5540.99,9350.48,9332.01,-0.0389048,-0.0260034
14|611|14|611|sample|4|73|4|73|6.0,4,8489,6,4,9355.125,389.553125,0,0,1,1550,1591.81,9313.33,9209.33,-0.580318,-0.512784
14|611|14|611|sample|4|73|4|73|6.0,20,7923.5,7,4,9355.125,389.553125,0,0,1,530.57,546.733,8990.99,8497.91,-0.778231,-0.442855
14|611|14|611|sample|4|73|4|73|6.0,100,6156.15,8,4,9355.125,389.553125,0,0,1,394.445,408.73,6873.84,5738.65,-0.682732,0.474766
14|611|14|611|sample|3|73|3|73|6.0,0.00128,9132.5,1,3,9355.125,389.553125,0,0,1,9000.83,9353.98,9355.12,9355.12,-0.156029,-0.156028
14|611|14|611|sample|3|73|3|73|6.0,0.0064,10361,2,3,9355.125,389.553125,0,0,1,9042.68,9345.15,9355.12,9355.1,0.704986,0.705003
14|611|14|611|sample|3|73|3|73|6.0,0.032,10159.5,3,3,9355.125,389.553125,0,0,1,8999.37,9268.8,9355.07,9354.9,0.563803,0.563927
14|611|14|611|sample|3|73|3|73|6.0,0.16,10634,4,3,9355.125,389.553125,0,0,1,8415.91,8653.91,9354.56,9353.32,0.896767,0.897754
14|611|14|611|sample|3|73|3|73|6.0,0.8,10543,5,3,9355.125,389.553125,0,0,1,5388.6,5540.99,9349.73,9340.49,0.8368,0.844105
14|611|14|611|sample|3|73|3|73|6.0,4,9542,6,3,9355.125,389.553125,0,0,1,1545.54,1591.81,9303.84,9237.63,0.167833,0.216018
14|611|14|611|sample|3|73|3|73|6.0,20,8385,7,3,9355.125,389.553125,0,0,1,529.036,546.733,8888.02,8482.16,-0.370934,-0.0750484
14|611|14|611|sample|3|73|3|73|6.0,100,5422.95,8,3,9355.125,389.553125,0,0,1,393.299,408.73,6268.45,5168.18,-0.881122,0.32127
14|611|14|611|sample|5|73|5|73|6.0,0.00128,7332,1,5,9355.125,389.553125,0,0,1,9043.14,9353.98,9353.77,9353.89,-1.41719,-1.41725
14|611|14|611|sample|5|73|5|73|6.0,0.0064,11089,2,5,9355.125,389.553125,0,0,1,9084.94,9345.15,9349.66,9350.05,1.21975,1.21943
14|611|14|611|sample|5|73|5|73|6.0,0.032,11245,3,5,9355.125,389.553125,0,0,1,9041.3,9268.8,9333.16,9334.32,1.34307,1.34209
14|611|14|611|sample|5|73|5|73|6.0,0.16,11004.5,4,5,9355.125,389.553125,0,0,1,8455.05,8653.91,9267.41,9270.34,1.2289,1.22644
14|611|14|611|sample|5|73|5|73|6.0,0.8,9509.5,5,5,9355.125,389.553125,0,0,1,5413.66,5540.99,9012.31,9017.05,0.361614,0.357978
14|611|14|611|sample|5|73|5|73|6.0,4,7117.5,6,5,9355.125,389.553125,0,0,1,1552.73,1591.81,8118.71,8112.92,-0.807653,-0.80355
14|611|14|611|sample|5|73|5|73|6.0,20,5870.8,7,5,9355.125,389.553125,0,0,1,531.509,546.733,5844.29,5790.06,0.0296128,0.0910158
14|611|14|611|sample|5|73|5|73|6.0,100,2986.75,8,5,9355.125,389.553125,0,0,1,395.147,408.73,2887.46,2806.82,0.221733,0.413093
14|611|14|611|sample|6|73|6|73|6.0,0.00128,8183.5,1,6,9355.125,389.553125,0,0,1,9050.77,9353.98,9355.1,9354.97,-0.821134,-0.821056
14|611|14|611|sample|6|73|6|73|6.0,0.0064,11836.5,2,6,9355.125,389.553125,0,0,1,9092.56,9345.15,9354.95,9354.3,1.73926,1.73984
14|611|14|611|sample|6|73|6|73|6.0,0.032,11141,3,6,9355.125,389.553125,0,0,1,9048.85,9268.8,9353.91,9350.65,1.25267,1.25538
14|611|14|611|sample|6|73|6|73|6.0,0.16,10679.5,4,6,9355.125,389.553125,0,0,1,8462.11,8653.91,9346.78,9331.06,0.934881,0.947494
14|611|14|611|sample|6|73|6|73|6.0,0.8,9431.5,5,6,9355.125,389.553125,0,0,1,5418.18,5540.99,9298.16,9226.78,0.0940195,0.145461
14|611|14|611|sample|6|73|6|73|6.0,4,8131.5,6,6,9355.125,389.553125,0,0,1,1554.03,1591.81,8978.11,8703.64,-0.618078,-0.430763
14|611|14|611|sample|6|73|6|73|6.0,20,6818.5,7,6,9355.125,389.553125,0,0,1,531.955,546.733,7278.89,6691.01,-0.413825,0.124564
14|611|14|611|sample|6|73|6|73|6.0,100,3272.1,8,6,9355.125,389.553125,0,0,1,395.481,408.73,3311.24,3122.41,-0.0764642,0.3097
14|611|14|611|sample|7|73|7|73|6.0,0.00128,8190,1,7,9355.125,389.553125,0,0,1,9050.77,9353.98,9355.11,9355.09,-0.816585,-0.816574
14|611|14|611|sample|7|73|7|73|6.0,0.0064,11719.5,2,7,9355.125,389.553125,0,0,1,9092.56,9345.15,9355.03,9354.93,1.65719,1.65728
14|611|14|611|sample|7|73|7|73|6.0,0.032,11687,3,7,9355.125,389.553125,0,0,1,9048.85,9268.8,9354.53,9353.94,1.63485,1.63536
14|611|14|611|sample|7|73|7|73|6.0,0.16,10393.5,4,7,9355.125,389.553125,0,0,1,8462.11,8653.91,9351.29,9348.12,0.730746,0.733218
14|611|14|611|sample|7|73|7|73|6.0,0.8,10146.5,5,7,9355.125,389.553125,0,0,1,5418.18,5540.99,9330.58,9313.71,0.573342,0.586247
14|611|14|611|sample|7|73|7|73|6.0,4,8924.5,6,7,9355.125,389.553125,0,0,1,1554.03,1591.81,9200.01,9115,-0.196323,-0.137004
14|611|14|611|sample|7|73|7|73|6.0,20,7598.5,7,7,9355.125,389.553125,0,0,1,531.955,546.733,8445.5,8097.19,-0.657039,-0.403345
14|611|14|611|sample|7|73|7|73|6.0,100,5283.85,8,7,9355.125,389.553125,0,0,1,395.481,408.73,5589.68,4945.69,-0.35694,0.445335
14|611|14|611|sample|8|73|8|73|6.0,0.00128,9054.5,1,8,9355.125,389.553125,0,0,1,9043.14,9353.98,9355.12,9355.12,-0.210697,-0.210697
14|611|14|611|sample|8|73|8|73|6.0,0.0064,10913.5,2,8,9355.125,389.553125,0,0,1,9084.94,9345.15,9355.12,9355.12,1.09221,1.09221
14|611|14|611|sample|8|73|8|73|6.0,0.032,12870,3,8,9355.125,389.553125,0,0,1,9041.3,9268.8,9355.12,9355.08,2.46345,2.46349
14|611|14|611|sample|8|73|8|73|6.0,0.16,11030.5,4,8,9355.125,389.553125,0,0,1,8455.05,8653.91,9355.07,9354.68,1.17425,1.17458
14|611|14|611|sample|8|73|8|73|6.0,0.8,10770.5,5,8,9355.125,389.553125,0,0,1,5413.66,5540.99,9354.53,9350.73,0.992464,0.995527
14|611|14|611|sample|8|73|8|73|6.0,4,10413,6,8,9355.125,389.553125,0,0,1,1552.73,1591.81,9348.24,9312.43,0.746796,0.77486
14|611|14|611|sample|8|73|8|73|6.0,20,8690.5,7,8,9355.125,389.553125,0,0,1,531.509,546.733,9275.9,8954.92,-0.413764,-0.193537
14|611|14|611|sample|8|73|8|73|6.0,100,6922.5,8,8,9355.125,389.553125,0,0,1,395.147,408.73,8514.57,6546.21,-1.22507,0.375685
14|611|14|611|sample|9|73|9|73|6.0,0.00128,10101,1,9,9355.125,389.553125,0,0,1,9027.07,9353.98,9309.05,9297.61,0.557772,0.566522
14|611|14|611|sample|9|73|9|73|6.0,0.0064,9516,2,9,9355.125,389.553125,0,0,1,9068.89,9345.15,9213.41,9184.64,0.215314,0.236516
14|611|14|611|sample|9|73|9|73|6.0,0.032,9340.5,3,9,9355.125,389.553125,0,0,1,9025.37,9268.8,8928.68,8862.04,0.302308,0.353845
14|611|14|611|sample|9|73|9|73|6.0,0.16,7949.5,4,9,9355.125,389.553125,0,0,1,8440.19,8653.91,8150.03,8021.57,-0.161146,-0.0588354
14|611|14|611|sample|9|73|9|73|6.0,0.8,5449.6,5,9,9355.125,389.553125,0,0,1,5404.14,5540.99,6435.76,6270.19,-1.00129,-0.854931
14|611|14|611|sample|9|73|9|73|6.0,4,3717.35,6,9,9355.125,389.553125,0,0,1,1550,1591.81,3974.04,3871.54,-0.419258,-0.258383
14|611|14|611|sample|9|73|9|73|6.0,20,2372.5,7,9,9355.125,389.553125,0,0,1,530.57,546.733,1971.81,1955.14,1.29604,1.36103
14|611|14|611|sample|9|73|9|73|6.0,100,865.15,8,9,9355.125,389.553125,0,0,1,394.445,408.73,968.204,980.317,-0.655349,-0.723938
14|611|14|611|sample|10|73|10|73|6.0,0.00128,9191,1,10,9355.125,389.553125,0,0,1,9000.83,9353.98,9307.93,9323.62,-0.0823667,-0.093259
14|611|14|611|sample|10|73|10|73|6.0,0.0064,10439,2,10,9355.125,389.553125,0,0,1,9042.68,9345.15,9216.3,9255.71,0.86976,0.838166
14|611|14|611|sample|10|73|10|73|6.0,0.032,8762,3,10,9355.125,389.553125,0,0,1,8999.37,9268.8,8954.71,9046.49,-0.141054,-0.206137
14|611|14|611|sample|10|73|10|73|6.0,0.16,7709,4,10,9355.125,389.553125,0,0,1,8415.91,8653.91,8261.31,8442.3,-0.43791,-0.569052
14|611|14|611|sample|10|73|10|73|6.0,0.8,5874.7,5,10,9355.125,389.553125,0,0,1,5388.6,5540.99,6734.57,6979.9,-0.834723,-1.03555
14|611|14|611|sample|10|73|10|73|6.0,4,4806.1,6,10,9355.125,389.553125,0,0,1,1545.54,1591.81,4414.51,4567.68,0.576782,0.339579
14|611|14|611|sample|10|73|10|73|6.0,20,2637.7,7,10,9355.125,389.553125,0,0,1,529.036,546.733,2318.64,2320.86,0.882175,0.87522
14|611|14|611|sample|10|73|10|73|6.0,100,1036.75,8,10,9355.125,389.553125,0,0,1,393.299,408.73,1147.22,1102.79,-0.599241,-0.371774
14|611|14|611|sample|12|73|12|73|6.0,0.00128,9633,1,12,9355.125,389.553125,0,0,1,8905.18,9353.98,9355.11,9355.09,0.194762,0.194781
14|611|14|611|sample|12|73|12|73|6.0,0.0064,10757.5,2,12,9355.125,389.553125,0,0,1,8947.11,9345.15,9355.04,9354.89,0.982942,0.983061
14|611|14|611|sample|12|73|12|73|6.0,0.032,11349,3,12,9355.125,389.553125,0,0,1,8904.59,9268.8,9354.58,9353.77,1.3979,1.39859
14|611|14|611|sample|12|73|12|73|6.0,0.16,9652.5,4,12,9355.125,389.553125,0,0,1,8327.42,8653.91,9351.57,9347.21,0.210994,0.214147
14|611|14|611|sample|12|73|12|73|6.0,0.8,9555,5,12,9355.125,389.553125,0,0,1,5331.94,5540.99,9331.94,9309.09,0.156721,0.173197
14|611|14|611|sample|12|73|12|73|6.0,4,8632,6,12,9355.125,389.553125,0,0,1,1529.26,1591.81,9205.9,9092.75,-0.408694,-0.332167
14|611|14|611|sample|12|73|12|73|6.0,20,7735,7,12,9355.125,389.553125,0,0,1,523.445,546.733,8463.02,8012.8,-0.563582,-0.227031
14|611|14|611|sample|12|73|12|73|6.0,100,5118.75,8,12,9355.125,389.553125,0,0,1,389.119,408.73,5598.09,4809.62,-0.558614,0.418457
14|611|14|611|sample|11|73|11|73|6.0,0.00128,9834.5,1,11,9355.125,389.553125,0,0,1,8961.61,9353.98,9355.12,9355.12,0.335977,0.335977
14|611|14|611|sample|11|73|11|73|6.0,0.0064,11843,2,11,9355.125,389.553125,0,0,1,9003.49,9345.15,9355.12,9355.12,1.74367,1.74367
14|611|14|611|sample|11|73|11|73|6.0,0.032,10634,3,11,9355.125,389.553125,0,0,1,8960.51,9268.8,9355.08,9355.03,0.896352,0.896394
14|611|14|611|sample|11|73|11|73|6.0,0.16,11056.5,4,11,9355.125,389.553125,0,0,1,8379.62,8653.91,9354.69,9354.2,1.19279,1.1932
14|611|14|611|sample|11|73|11|73|6.0,0.8,10107.5,5,11,9355.125,389.553125,0,0,1,5365.36,5540.99,9350.76,9346.14,0.530618,0.534121
14|611|14|611|sample|11|73|11|73|6.0,4,8976.5,6,11,9355.125,389.553125,0,0,1,1538.86,1591.81,9311.61,9268.74,-0.235958,-0.206716
14|611|14|611|sample|11|73|11|73|6.0,20,9022,7,11,9355.125,389.553125,0,0,1,526.744,546.733,8937.77,8582.36,0.0617721,0.335642
14|611|14|611|sample|11|73|11|73|6.0,100,5258.5,8,11,9355.125,389.553125,0,0,1,391.585,408.73,6411.7,5072.8,-1.17523,0.238509
14|611|14|611|cc|1|1|73|1|73|69.0,0,395.135,1,1,9355.125,389.553125,0,1,0,370.863,389.553,389.553,389.553,0.0801331,0.0801331
14|611|14|611|cc|2|1|73|1|73|69.0,0,393.25,2,1,9355.125,389.553125,0,1,0,372.961,389.553,389.553,389.553,0.0530721,0.0530721
14|611|14|611|cc|3|1|73|1|73|69.0,0,376.025,3,1,9355.125,389.553125,0,1,0,374.246,389.553,389.553,389.553,-0.194209,-0.194209
14|611|14|611|cc|4|1|73|1|73|69.0,0,369.525,4,1,9355.125,389.553125,0,1,0,374.856,389.553,389.553,389.553,-0.287523,-0.287523
14|611|14|611|cc|5|1|73|1|73|69.0,0,397.475,5,1,9355.125,389.553125,0,1,0,374.856,389.553,389.553,389.553,0.113726,0.113726
14|611|14|611|cc|6|1|73|1|73|69.0,0,381.03,6,1,9355.125,389.553125,0,1,0,374.246,389.553,389.553,389.553,-0.122358,-0.122358
14|611|14|611|cc|7|1|73|1|73|69.0,0,395.655,7,1,9355.125,389.553125,0,1,0,372.961,389.553,389.553,389.553,0.0875982,0.0875982
14|611|14|611|cc|8|1|73|1|73|69.0,0,408.33,8,1,9355.125,389.553125,0,1,0,370.863,389.553,389.553,389.553,0.26956,0.26956
14|611|14|611|vc|1|2|73|2|73|69.0,0,7962.5,1,2,9355.125,389.553125,1,0,0,8962.7,9355.12,9355.12,9355.12,-0.976041,-0.976041
14|611|14|611|vc|2|2|73|2|73|69.0,0,10426,2,2,9355.125,389.553125,1,0,0,9013.1,9355.12,9355.12,9355.12,0.750538,0.750538
14|611|14|611|vc|3|2|73|2|73|69.0,0,10127,3,2,9355.125,389.553125,1,0,0,9043.96,9355.12,9355.12,9355.12,0.540979,0.540979
14|611|14|611|vc|4|2|73|2|73|69.0,0,9197.5,4,2,9355.125,389.553125,1,0,0,9058.61,9355.12,9355.12,9355.12,-0.110474,-0.110474
14|611|14|611|vc|5|2|73|2|73|69.0,0,10419.5,5,2,9355.125,389.553125,1,0,0,9058.61,9355.12,9355.12,9355.12,0.745982,0.745982
14|611|14|611|vc|6|2|73|2|73|69.0,0,8911.5,6,2,9355.125,389.553125,1,0,0,9043.96,9355.12,9355.12,9355.12,-0.310921,-0.310921
14|611|14|611|vc|7|2|73|2|73|69.0,0,9847.5,7,2,9355.125,389.553125,1,0,0,9013.1,9355.12,9355.12,9355.12,0.345088,0.345088
14|611|14|611|vc|8|2|73|2|73|69.0,0,7949.5,8,2,9355.125,389.553125,1,0,0,8962.7,9355.12,9355.12,9355.12,-0.985152,-0.985152
8|84|8|84|sample|5|162|5|162|55.0,0.0006144,72824,1,5,78856.625,670.5,0,0,1,76232.6,76232.7,75716.5,75878.2,-0.252133,-0.265662
8|84|8|84|sample|5|162|5|162|55.0,0.003072,78360,2,5,78856.625,670.5,0,0,1,76629.4,76629.6,75058.1,75484.4,0.290345,0.25143
8|84|8|84|sample|5|162|5|162|55.0,0.01536,80614,3,5,78856.625,670.5,0,0,1,76646,76646.2,72150,73154.8,0.774221,0.672948
8|84|8|84|sample|5|162|5|162|55.0,0.0768,74089,4,5,78856.625,670.5,0,0,1,74705,74705.1,63941.7,65854.3,1.04722,0.825181
8|84|8|84|sample|5|162|5|162|55.0,0.384,55821,5,5,78856.625,670.5,0,0,1,60534.4,60534.5,47148.3,49402.8,1.21336,0.857012
8|84|8|84|sample|5|162|5|162|55.0,1.92,24346,6,5,78856.625,670.5,0,0,1,23045,23045,26093.8,27197.2,-0.441302,-0.690752
8|84|8|84|sample|5|162|5|162|55.0,9.6,9438,7,5,78856.625,670.5,0,0,1,4107.84,4107.85,11196.3,11225.3,-1.03097,-1.04524
8|84|8|84|sample|5|162|5|162|55.0,48,4872,8,5,78856.625,670.5,0,0,1,1059.41,1059.41,4373.63,4173.4,0.740808,1.08743
8|84|8|84|sample|6|162|6|162|55.0,0.0006144,70835,1,6,78856.625,670.5,0,0,1,76296.8,76297,76135.3,76135.8,-0.459478,-0.459514
8|84|8|84|sample|6|162|6|162|55.0,0.003072,80058,2,6,78856.625,670.5,0,0,1,76693.7,76693.9,76116.3,76115.4,0.341785,0.341866
8|84|8|84|sample|6|162|6|162|55.0,0.01536,79421,3,6,78856.625,670.5,0,0,1,76710,76710.2,74798.6,74767.2,0.407864,0.410802
8|84|8|84|sample|6|162|6|162|55.0,0.0768,77554,4,6,78856.625,670.5,0,0,1,74767.3,74767.5,69627.3,69480.7,0.751316,0.766822
8|84|8|84|sample|6|162|6|162|55.0,0.384,55427,5,6,78856.625,670.5,0,0,1,60584.9,60585,55258.8,54861.8,0.0200818,0.0679723
8|84|8|84|sample|6|162|6|162|55.0,1.92,28310,6,6,78856.625,670.5,0,0,1,23064.3,23064.3,31461.8,30947.8,-0.660311,-0.56179
8|84|8|84|sample|6|162|6|162|55.0,9.6,13006,7,6,78856.625,670.5,0,0,1,4111.29,4111.29,12431.9,12131.3,0.303349,0.473584
8|84|8|84|sample|6|162|6|162|55.0,48,4250,8,6,78856.625,670.5,0,0,1,1060.3,1060.3,4224.33,4113.76,0.0394891,0.215099
8|84|8|84|sample|4|162|4|162|55.0,0.000064,74113,1,4,78856.625,670.5,0,0,1,76100.5,76100.7,76097.5,76098.2,-0.172116,-0.172178
8|84|8|84|sample|4|162|4|162|55.0,0.00032,84517,2,4,78856.625,670.5,0,0,1,76524,76524.2,76505.9,76511.1,0.691108,0.690616
8|84|8|84|sample|4|162|4|162|55.0,0.0016,82608,3,4,78856.625,670.5,0,0,1,76772.5,76772.7,76710.6,76705.1,0.507406,0.507917
8|84|8|84|sample|4|162|4|162|55.0,0.008,81228,4,4,78856.625,670.5,0,0,1,76794.5,76794.7,76538.6,76465.2,0.404377,0.4111
8|84|8|84|sample|4|162|4|162|55.0,0.04,77037,5,4,78856.625,670.5,0,0,1,75920.8,75921,74897.1,74521.9,0.18857,0.222743
8|84|8|84|sample|4|162|4|162|55.0,0.2,64814,6,4,78856.625,670.5,0,0,1,68958.7,68958.9,66593.8,65264.6,-0.176369,-0.0455584
8|84|8|84|sample|4|162|4|162|55.0,1,39177,7,4,78856.625,670.5,0,0,1,38588.6,38588.7,40881.9,38897.6,-0.275026,0.0473666
8|84|8|84|sample|4|162|4|162|55.0,5,12834,8,4,78856.625,670.5,0,0,1,8405.13,8405.15,13052.5,12385.8,-0.109975,0.237719
8|84|8|84|sample|3|162|3|162|55.0,0.000064,75994,1,3,78856.625,670.5,0,0,1,75879.3,75879.5,75878.8,75878.2,0.0100212,0.0100713
8|84|8|84|sample|3|162|3|162|55.0,0.00032,82778,2,3,78856.625,670.5,0,0,1,76302.8,76303,76288.1,76296,0.561477,0.560735
8|84|8|84|sample|3|162|3|162|55.0,0.0016,84235,3,3,78856.625,670.5,0,0,1,76551.4,76551.5,76497.6,76514,0.667564,0.666015
8|84|8|84|sample|3|162|3|162|55.0,0.008,86421,4,3,78856.625,670.5,0,0,1,76573.7,76573.8,76353.9,76387.4,0.870203,0.866925
8|84|8|84|sample|3|162|3|162|55.0,0.04,77403,5,3,78856.625,670.5,0,0,1,75702.5,75702.6,74868.9,74935.2,0.22339,0.21735
8|84|8|84|sample|3|162|3|162|55.0,0.2,68219,6,3,78856.625,670.5,0,0,1,68760.1,68760.2,67263,67226.3,0.0937925,0.0974461
8|84|8|84|sample|3|162|3|162|55.0,1,41754,7,3,78856.625,670.5,0,0,1,38477,38477.1,42695.4,41905.4,-0.145415,-0.0238248
8|84|8|84|sample|3|162|3|162|55.0,5,13774,8,3,78856.625,670.5,0,0,1,8380.7,8380.72,14130.9,13276.9,-0.166028,0.246057
8|84|8|84|sample|9|162|9|162|32.0,0.0003648,74429,1,9,78856.625,670.5,0,0,1,76098.9,76099.1,76097.5,76100.4,-0.144709,-0.144955
8|84|8|84|sample|9|162|9|162|32.0,0.001824,81503,2,9,78856.625,670.5,0,0,1,76509.9,76510.1,76494.5,76518.5,0.43214,0.429933
8|84|8|84|sample|9|162|9|162|32.0,0.00912,79111,3,9,78856.625,670.5,0,0,1,76649.3,76649.4,76509.6,76675.4,0.224408,0.209651
8|84|8|84|sample|9|162|9|162|32.0,0.0456,74577,4,9,78856.625,670.5,0,0,1,75733.1,75733.3,73882.2,75235.3,0.0620641,-0.0577482
8|84|8|84|sample|9|162|9|162|32.0,0.228,48083,5,9,78856.625,670.5,0,0,1,67739.3,67739.5,51898.3,57269.5,-0.484995,-1.05838
8|84|8|84|sample|9|162|9|162|32.0,1.14,14006,6,9,78856.625,670.5,0,0,1,35371.5,35371.6,11873.4,12621.4,1.17955,0.720666
8|84|8|84|sample|9|162|9|162|32.0,5.7,1510,7,9,78856.625,670.5,0,0,1,7301.31,7301.32,1741.67,1556.37,-0.844481,-0.188276
8|84|8|84|sample|9|162|9|162|32.0,28.5,600,8,9,78856.625,670.5,0,0,1,1469.52,1469.52,740.663,706.902,-1.14541,-0.908291
8|84|8|84|sample|10|162|10|162|32.0,0.0003648,68673,1,10,78856.625,670.5,0,0,1,75877.7,75877.9,75879.3,75878.1,-0.626807,-0.626715
8|84|8|84|sample|10|162|10|162|32.0,0.001824,77369,2,10,78856.625,670.5,0,0,1,76288.7,76288.9,76282.8,76285.9,0.0939787,0.0937092
8|84|8|84|sample|10|162|10|162|32.0,0.00912,78012,3,10,78856.625,670.5,0,0,1,76428.5,76428.6,76364.9,76338,0.142355,0.144731
8|84|8|84|sample|10|162|10|162|32.0,0.0456,65967,4,10,78856.625,670.5,0,0,1,75515.3,75515.5,74366.4,74011.4,-0.745436,-0.717347
8|84|8|84|sample|10|162|10|162|32.0,0.228,47827,5,10,78856.625,670.5,0,0,1,67544.5,67544.7,55222.9,53284.8,-0.883619,-0.675756
8|84|8|84|sample|10|162|10|162|32.0,1.14,13678,6,10,78856.625,670.5,0,0,1,35269.6,35269.7,13443.8,12478.5,0.114465,0.631439
8|84|8|84|sample|10|162|10|162|32.0,5.7,1798,7,10,78856.625,670.5,0,0,1,7280.2,7280.22,1852.09,1778.32,-0.185861,0.0703003
8|84|8|84|sample|10|162|10|162|32.0,28.5,586,8,10,78856.625,670.5,0,0,1,1465.25,1465.25,742.857,739.52,-1.27382,-1.25186
8|84|8|84|sample|7|162|7|162|32.0,0.0000768,69948,1,7,78856.625,670.5,0,0,1,76300.2,76300.4,76297.4,76300.6,-0.549247,-0.549501
8|84|8|84|sample|7|162|7|162|32.0,0.000384,87626,2,7,78856.625,670.5,0,0,1,76723.3,76723.5,76714.4,76725.1,0.938778,0.937723
8|84|8|84|sample|7|162|7|162|32.0,0.00192,79963,3,7,78856.625,670.5,0,0,1,76968.6,76968.7,76965,76980.7,0.257092,0.25569
8|84|8|84|sample|7|162|7|162|32.0,0.0096,76543,4,7,78856.625,670.5,0,0,1,76962.1,76962.3,77003.2,77031.1,-0.0394412,-0.0418217
8|84|8|84|sample|7|162|7|162|32.0,0.048,74241,5,7,78856.625,670.5,0,0,1,75846.9,75847.1,75736,75869.2,-0.130286,-0.141638
8|84|8|84|sample|7|162|7|162|32.0,0.24,46730,6,7,78856.625,670.5,0,0,1,67234.2,67234.4,60314.3,60928.8,-1.48613,-1.53772
8|84|8|84|sample|7|162|7|162|32.0,1.2,16917,7,7,78856.625,670.5,0,0,1,34045.2,34045.3,14964.4,14992.6,0.857931,0.843977
8|84|8|84|sample|7|162|7|162|32.0,6,1596,8,7,78856.625,670.5,0,0,1,6873.9,6873.92,1767.37,1721.67,-0.615945,-0.463201
8|84|8|84|sample|8|162|8|162|32.0,0.0000768,70881,1,8,78856.625,670.5,0,0,1,76235.9,76236.1,76233.4,76236.2,-0.463391,-0.463617
8|84|8|84|sample|8|162|8|162|32.0,0.000384,79033,2,8,78856.625,670.5,0,0,1,76659,76659.2,76648.3,76659.6,0.205342,0.204342
8|84|8|84|sample|8|162|8|162|32.0,0.00192,84181,3,8,78856.625,670.5,0,0,1,76904.3,76904.5,76878.2,76902.8,0.626955,0.624645
8|84|8|84|sample|8|162|8|162|32.0,0.0096,79555,4,8,78856.625,670.5,0,0,1,76897.9,76898.1,76716,76823.5,0.244244,0.234669
8|84|8|84|sample|8|162|8|162|32.0,0.048,69015,5,8,78856.625,670.5,0,0,1,75783.7,75783.9,73760.3,74478,-0.424591,-0.484103
8|84|8|84|sample|8|162|8|162|32.0,0.24,49350,6,8,78856.625,670.5,0,0,1,67178.1,67178.2,51956,54506.3,-0.330907,-0.624134
8|84|8|84|sample|8|162|8|162|32.0,1.2,14789,7,8,78856.625,670.5,0,0,1,34016.7,34016.8,12733.3,13357.1,1.06062,0.704492
8|84|8|84|sample|8|162|8|162|32.0,6,1804,8,8,78856.625,670.5,0,0,1,6868.11,6868.12,1939.93,1895.44,-0.446632,-0.307234
8|84|8|84|sample|12|162|12|162|22.0,0.0003712,63850,1,12,78856.625,670.5,0,0,1,75071.3,75071.4,75085.5,75072.9,-0.987595,-0.986649
8|84|8|84|sample|12|162|12|162|22.0,0.001856,63754,2,12,78856.625,670.5,0,0,1,75482.2,75482.3,75500.1,75492.7,-1.02681,-1.02626
8|84|8|84|sample|12|162|12|162|22.0,0.00928,61492,3,12,78856.625,670.5,0,0,1,75620.3,75620.5,75702.9,75671.6,-1.23895,-1.23673
8|84|8|84|sample|12|162|12|162|22.0,0.0464,55297,4,12,78856.625,670.5,0,0,1,74694.2,74694.4,74843.1,74508.2,-1.72365,-1.70172
8|84|8|84|sample|12|162|12|162|22.0,0.2319999999999999,41168,5,12,78856.625,670.5,0,0,1,66646.3,66646.4,60303.2,58546.5,-2.09379,-1.95856
8|84|8|84|sample|12|162|12|162|22.0,1.16,15633,6,12,78856.625,670.5,0,0,1,34462.4,34462.5,13429.2,13549.6,1.07843,1.0105
8|84|8|84|sample|12|162|12|162|22.0,5.8,1442,7,12,78856.625,670.5,0,0,1,7064.49,7064.5,1456.32,1595.02,-0.0619407,-0.606902
8|84|8|84|sample|12|162|12|162|22.0,29,668,8,12,78856.625,670.5,0,0,1,1431.12,1431.13,683.16,698.793,-0.13286,-0.264389
8|84|8|84|sample|11|162|11|162|22.0,0.0003712,69151,1,11,78856.625,670.5,0,0,1,75547,75547.1,75553.9,75548.9,-0.559326,-0.558922
8|84|8|84|sample|11|162|11|162|22.0,0.001856,78893,2,11,78856.625,670.5,0,0,1,75957.8,75957.9,75969.3,75972.5,0.254007,0.253714
8|84|8|84|sample|11|162|11|162|22.0,0.00928,82686,3,11,78856.625,670.5,0,0,1,76095.1,76095.3,76188.6,76208.1,0.562854,0.561019
8|84|8|84|sample|11|162|11|162|22.0,0.0464,67678,4,11,78856.625,670.5,0,0,1,75162.5,75162.6,75651.7,75829.6,-0.695639,-0.709497
8|84|8|84|sample|11|162|11|162|22.0,0.2319999999999999,52077,5,11,78856.625,670.5,0,0,1,67064.1,67064.2,65451.3,66806.8,-1.34845,-1.45501
8|84|8|84|sample|11|162|11|162|22.0,1.16,21332,6,11,78856.625,670.5,0,0,1,34678.8,34678.9,19349.3,19693.7,0.67446,0.547615
8|84|8|84|sample|11|162|11|162|22.0,5.8,1872,7,11,78856.625,670.5,0,0,1,7109,7109.02,1991.77,1860.82,-0.383638,0.0382287
8|84|8|84|sample|11|162|11|162|22.0,29,564,8,11,78856.625,670.5,0,0,1,1440.19,1440.2,718.595,702.943,-1.29405,-1.18657
8|84|8|84|cc|1|1|162|1|162|69.0,0,658,1,1,78856.625,670.5,0,1,0,638.33,638.331,638.437,638.331,0.182269,0.183285
8|84|8|84|cc|2|1|162|1|162|69.0,0,644,2,1,78856.625,670.5,0,1,0,641.942,641.943,641.985,641.943,0.0186759,0.0190731
8|84|8|84|cc|3|1|162|1|162|69.0,0,660,3,1,78856.625,670.5,0,1,0,644.154,644.155,644.162,644.155,0.146374,0.146447
8|84|8|84|cc|4|1|162|1|162|69.0,0,680,4,1,78856.625,670.5,0,1,0,645.203,645.205,645.197,645.205,0.321196,0.321121
8|84|8|84|cc|5|1|162|1|162|69.0,0,698,5,1,78856.625,670.5,0,1,0,645.203,645.205,645.197,645.205,0.487317,0.487239
8|84|8|84|cc|6|1|162|1|162|69.0,0,694,6,1,78856.625,670.5,0,1,0,644.154,644.155,644.162,644.155,0.460611,0.460687
8|84|8|84|cc|7|1|162|1|162|69.0,0,694,7,1,78856.625,670.5,0,1,0,641.942,641.943,641.985,641.943,0.4822,0.482625
8|84|8|84|cc|8|1|162|1|162|69.0,0,636,8,1,78856.625,670.5,0,1,0,638.33,638.331,638.437,638.331,-0.0227028,-0.0217168
8|84|8|84|vc|1|2|162|2|162|69.0,0,73943,1,2,78856.625,670.5,1,0,0,75548.8,75548.9,75554,75548.9,-0.140732,-0.140296
8|84|8|84|vc|2|2|162|2|162|69.0,0,83068,2,2,78856.625,670.5,1,0,0,75973.6,75973.8,75971.4,75973.8,0.616518,0.616294
8|84|8|84|vc|3|2|162|2|162|69.0,0,83256,3,2,78856.625,670.5,1,0,0,76233.8,76233.9,76227.4,76233.9,0.608558,0.607945
8|84|8|84|vc|4|2|162|2|162|69.0,0,81859,4,2,78856.625,670.5,1,0,0,76357.2,76357.4,76349.1,76357.4,0.47631,0.475541
8|84|8|84|vc|5|2|162|2|162|69.0,0,83236,5,2,78856.625,670.5,1,0,0,76357.2,76357.4,76349.1,76357.4,0.595346,0.594564
8|84|8|84|vc|6|2|162|2|162|69.0,0,85784,6,2,78856.625,670.5,1,0,0,76233.8,76233.9,76227.4,76233.9,0.827441,0.82681
8|84|8|84|vc|7|2|162|2|162|69.0,0,78995,7,2,78856.625,670.5,1,0,0,75973.6,75973.8,75971.4,75973.8,0.262675,0.262463
8|84|8|84|vc|8|2|162|2|162|69.0,0,60712,8,2,78856.625,670.5,1,0,0,75548.8,75548.9,75554,75548.9,-1.29652,-1.29616
8|1042|8|1042|sample|8|162|8|162|65.0,0.0016767999999999,72142,1,8,78994.875,697.25,0,0,1,76355.9,71638.3,71697.6,71649.1,0.0409103,0.0454055
8|1042|8|1042|sample|8|162|8|162|65.0,0.0083839999999999,73484,2,8,78994.875,697.25,0,0,1,76673.6,72726.3,72754,72803.1,0.0662202,0.0617245
8|1042|8|1042|sample|8|162|8|162|65.0,0.04192,70719,3,8,78994.875,697.25,0,0,1,76002.5,72565.1,72214.1,72932.9,-0.13664,-0.200336
8|1042|8|1042|sample|8|162|8|162|65.0,0.2096,53892,4,8,78994.875,697.25,0,0,1,68858.5,65947.5,60050.5,64627.7,-0.6767,-1.09619
8|1042|8|1042|sample|8|162|8|162|65.0,1.048,23686,5,8,78994.875,697.25,0,0,1,37724.4,36129.6,19632.5,22273.7,1.35906,0.41756
8|1042|8|1042|sample|8|162|8|162|65.0,5.24,2550,6,8,78994.875,697.25,0,0,1,8099.45,7733.13,2673.62,2459.99,-0.2976,0.234978
8|1042|8|1042|sample|8|162|8|162|65.0,26.2,636,7,8,78994.875,697.25,0,0,1,1605.7,1523.04,811.883,755.378,-1.31662,-0.954765
8|1042|8|1042|sample|8|162|8|162|65.0,131,646,8,8,78994.875,697.25,0,0,1,781.82,733.516,647.334,640.017,-0.0122721,0.0556174
8|1042|8|1042|sample|7|162|7|162|65.0,0.0016767999999999,71919,1,7,78994.875,697.25,0,0,1,76420.3,71818.4,71883.5,71831.2,0.00325859,0.00806437
8|1042|8|1042|sample|7|162|7|162|65.0,0.0083839999999999,77373,2,7,78994.875,697.25,0,0,1,76737.9,72906.2,73035.6,73014,0.391943,0.394013
8|1042|8|1042|sample|7|162|7|162|65.0,0.04192,72552,3,7,78994.875,697.25,0,0,1,76066.1,72742.8,73539.7,73527.5,-0.0886382,-0.0875641
8|1042|8|1042|sample|7|162|7|162|65.0,0.2096,57582,4,7,78994.875,697.25,0,0,1,68916,66108.2,68547.2,68313.4,-1.05568,-1.03669
8|1042|8|1042|sample|7|162|7|162|65.0,1.048,23988,5,7,78994.875,697.25,0,0,1,37755.9,36217.6,23172,22364.3,0.231915,0.478124
8|1042|8|1042|sample|7|162|7|162|65.0,5.24,1698,6,7,78994.875,697.25,0,0,1,8106.22,7752.06,1801.15,1735.97,-0.364047,-0.138847
8|1042|8|1042|sample|7|162|7|162|65.0,131,706,8,7,78994.875,697.25,0,0,1,782.479,735.36,636.878,636.311,0.645418,0.651239
8|1042|8|1042|sample|6|162|6|162|65.0,0.0004351999999999,71021,1,6,78994.875,697.25,0,0,1,76431.9,71829.4,71883.5,71831.1,-0.0791881,-0.0744334
8|1042|8|1042|sample|6|162|6|162|65.0,0.0021759999999999,73274,2,6,78994.875,697.25,0,0,1,76839.9,73003.1,73039.2,73016.5,0.0212186,0.0232738
8|1042|8|1042|sample|6|162|6|162|65.0,0.0108799999999999,77614,3,6,78994.875,697.25,0,0,1,76946.8,73585,73690.5,73671.8,0.351396,0.353159
8|1042|8|1042|sample|6|162|6|162|65.0,0.0543999999999999,74099,4,6,78994.875,697.25,0,0,1,75753,72666.6,73117.2,72966.5,0.0886243,0.10243
8|1042|8|1042|sample|6|162|6|162|65.0,0.2719999999999999,56265,5,6,78994.875,697.25,0,0,1,65933.6,63247.4,61540.6,60593.2,-0.565666,-0.471328
8|1042|8|1042|sample|6|162|6|162|65.0,1.36,18863,6,6,78994.875,697.25,0,0,1,31102.6,29743.8,18236.6,17864,0.226027,0.367977
8|1042|8|1042|sample|6|162|6|162|65.0,6.8,2218,7,6,78994.875,697.25,0,0,1,6043.74,5741.96,2112.66,2159.76,0.318745,0.172508
8|1042|8|1042|sample|6|162|6|162|65.0,34,670,8,6,78994.875,697.25,0,0,1,1327.55,1247.61,731.486,740.343,-0.506404,-0.573025
8|1042|8|1042|sample|5|162|5|162|65.0,0.0004351999999999,71127,1,5,78994.875,697.25,0,0,1,76367.6,71649.3,71706.2,71651.2,-0.0533053,-0.0482799
8|1042|8|1042|sample|5|162|5|162|65.0,0.0021759999999999,80354,2,5,78994.875,697.25,0,0,1,76775.5,72823,72860.1,72838.4,0.678804,0.680979
8|1042|8|1042|sample|5|162|5|162|65.0,0.0108799999999999,79323,3,5,78994.875,697.25,0,0,1,76882.5,73405.3,73490,73513.5,0.523841,0.521558
8|1042|8|1042|sample|5|162|5|162|65.0,0.0543999999999999,79391,4,5,78994.875,697.25,0,0,1,75689.8,72490,72661.5,72981.1,0.611235,0.579658
8|1042|8|1042|sample|5|162|5|162|65.0,0.2719999999999999,54965,5,5,78994.875,697.25,0,0,1,65878.7,63093.6,59153.6,61070.2,-0.467218,-0.659654
8|1042|8|1042|sample|5|162|5|162|65.0,1.36,18145,6,5,78994.875,697.25,0,0,1,31076.7,29671.1,16311.7,16873.7,0.739278,0.495635
8|1042|8|1042|sample|5|162|5|162|65.0,6.8,1850,7,5,78994.875,697.25,0,0,1,6038.68,5727.8,1981.9,1879.31,-0.424528,-0.0992907
8|1042|8|1042|sample|5|162|5|162|65.0,34,714,8,5,78994.875,697.25,0,0,1,1326.43,1244.48,726.276,708.487,-0.10177,0.0467433
8|1042|8|1042|sample|12|162|12|162|28.0,0.0014272,63207,1,12,78994.875,697.25,0,0,1,75193.7,68382.1,68502.4,68386.9,-0.510142,-0.49986
8|1042|8|1042|sample|12|162|12|162|28.0,0.007136,60308,2,12,78994.875,697.25,0,0,1,75533.7,69493.7,69490.5,69499.3,-0.872051,-0.872777
8|1042|8|1042|sample|12|162|12|162|28.0,0.03568,52653,3,12,78994.875,697.25,0,0,1,75053.5,69535.7,68142.2,69006.4,-1.50008,-1.56396
8|1042|8|1042|sample|12|162|12|162|28.0,0.1784,38581,4,12,78994.875,697.25,0,0,1,69274.4,64392.4,50383.2,54440,-1.54532,-1.92196
8|1042|8|1042|sample|12|162|12|162|28.0,0.892,14795,5,12,78994.875,697.25,0,0,1,41235.2,38329.2,12260.3,12786.4,1.35792,1.03206
8|1042|8|1042|sample|12|162|12|162|28.0,4.46,1358,6,12,78994.875,697.25,0,0,1,9538.46,8837.21,1733.81,1536.83,-1.37586,-0.734951
8|1042|8|1042|sample|12|162|12|162|28.0,111.5,622,8,12,78994.875,697.25,0,0,1,795.323,723.276,612.915,608.148,0.0878006,0.134813
8|1042|8|1042|sample|7|162|7|162|28.0,22.3,678,7,7,78994.875,697.25,0,0,1,1828.41,1737.12,655.03,691.021,0.209113,-0.112943
8|1042|8|1042|sample|11|162|11|162|28.0,0.0014272,69426,1,11,78994.875,697.25,0,0,1,75670.2,69714.9,69817.8,69724.1,-0.037032,-0.0282117
8|1042|8|1042|sample|11|162|11|162|28.0,0.007136,69786,2,11,78994.875,697.25,0,0,1,76009.6,70825.1,70960.9,70892,-0.109274,-0.102964
8|1042|8|1042|sample|11|162|11|162|28.0,0.03568,64780,3,11,78994.875,697.25,0,0,1,75524.8,70854.1,71296.6,71146.5,-0.603218,-0.590559
8|1042|8|1042|sample|11|162|11|162|28.0,0.1784,51077,4,11,78994.875,697.25,0,0,1,69708.7,65607.3,63983.5,62754.1,-1.3311,-1.22787
8|1042|8|1042|sample|11|162|11|162|28.0,0.892,19557,5,11,78994.875,697.25,0,0,1,41493.7,39052.4,18938,17916.1,0.215118,0.60269
8|1042|8|1042|sample|11|162|11|162|28.0,4.46,1636,6,11,78994.875,697.25,0,0,1,9598.35,9004.76,1689.97,1695.38,-0.202504,-0.22212
8|1042|8|1042|sample|11|162|11|162|28.0,22.3,686,7,11,78994.875,697.25,0,0,1,1810.5,1687.01,673.827,677.511,0.10802,0.0749611
8|1042|8|1042|sample|11|162|11|162|28.0,111.5,610,8,11,78994.875,697.25,0,0,1,800.362,737.374,619.139,618.683,-0.0875337,-0.0832127
8|1042|8|1042|sample|9|162|9|162|28.0,0.0004479999999999,70018,1,9,78994.875,697.25,0,0,1,76231.8,71269.6,71333.5,71271.6,-0.121706,-0.116078
8|1042|8|1042|sample|9|162|9|162|28.0,0.00224,68995,2,9,78994.875,697.25,0,0,1,76639.1,72442.7,72491.8,72458.8,-0.318352,-0.315489
8|1042|8|1042|sample|9|162|9|162|28.0,0.0111999999999999,73322,3,9,78994.875,697.25,0,0,1,76740.3,73020,73176.1,73130.5,0.0131588,0.0172788
8|1042|8|1042|sample|9|162|9|162|28.0,0.0559999999999999,64897,4,9,78994.875,697.25,0,0,1,75498.7,72062.3,72930.5,72484.3,-0.726987,-0.690828
8|1042|8|1042|sample|9|162|9|162|28.0,0.2799999999999999,46953,5,9,78994.875,697.25,0,0,1,65382.5,62406.5,62252,58658.3,-1.62169,-1.31668
8|1042|8|1042|sample|9|162|9|162|28.0,1.4,15423,6,9,78994.875,697.25,0,0,1,30312.1,28842.6,15251.1,13864.3,0.0741094,0.738953
8|1042|8|1042|sample|9|162|9|162|28.0,7,1484,7,9,78994.875,697.25,0,0,1,5837.16,5517.55,1467.42,1543.37,0.0712048,-0.243015
8|1042|8|1042|sample|9|162|9|162|28.0,35,592,8,9,78994.875,697.25,0,0,1,1299.4,1214.82,668.515,681.339,-0.683875,-0.784868
8|1042|8|1042|sample|10|162|10|162|28.0,0.0004479999999999,71249,1,10,78994.875,697.25,0,0,1,76010.2,70649.7,70725,70651.7,0.0488959,0.0557964
8|1042|8|1042|sample|10|162|10|162|28.0,0.00224,76383,2,10,78994.875,697.25,0,0,1,76417.5,71823,71877.6,71838.6,0.413677,0.417484
8|1042|8|1042|sample|10|162|10|162|28.0,0.0111999999999999,71091,3,10,78994.875,697.25,0,0,1,76519.2,72401.5,72483.4,72504.6,-0.12678,-0.128677
8|1042|8|1042|sample|10|162|10|162|28.0,0.0559999999999999,64036,4,10,78994.875,697.25,0,0,1,75281.6,71454.9,71258.1,71741.8,-0.66888,-0.708872
8|1042|8|1042|sample|10|162|10|162|28.0,0.2799999999999999,45000,5,10,78994.875,697.25,0,0,1,65194.5,61880.5,53867.2,56478.6,-1.08604,-1.34095
8|1042|8|1042|sample|10|162|10|162|28.0,1.4,13696,6,10,78994.875,697.25,0,0,1,30224.8,28598.3,11872.9,12163.5,1.00837,0.827518
8|1042|8|1042|sample|10|162|10|162|28.0,7,1282,7,10,78994.875,697.25,0,0,1,5820.29,5470.35,1498.03,1389.66,-0.909787,-0.487055
8|1042|8|1042|sample|10|162|10|162|28.0,35,628,8,10,78994.875,697.25,0,0,1,1295.62,1204.25,682.035,666.602,-0.474277,-0.345908
8|1042|8|1042|sample|4|162|4|162|22.0,0.0010624,73625,1,4,78994.875,697.25,0,0,1,76226.6,71264.7,71333.2,71271.3,0.212032,0.217949
8|1042|8|1042|sample|4|162|4|162|22.0,0.005312,80800,2,4,78994.875,697.25,0,0,1,76593.8,72400,72486.6,72453.7,0.756918,0.760255
8|1042|8|1042|sample|4|162|4|162|22.0,0.02656,78030,3,4,78994.875,697.25,0,0,1,76347.7,72646.5,73075,73030.9,0.447514,0.451767
8|1042|8|1042|sample|4|162|4|162|22.0,0.1328,66522,4,4,78994.875,697.25,0,0,1,72313.8,69022.3,71063.8,70635.8,-0.421794,-0.384357
8|1042|8|1042|sample|4|162|4|162|22.0,0.664,38695,5,4,78994.875,697.25,0,0,1,49126.3,46890.3,43703,41693.7,-0.755787,-0.474329
8|1042|8|1042|sample|4|162|4|162|22.0,3.32,6000,6,4,78994.875,697.25,0,0,1,13325.4,12679.4,5600.84,5321.33,0.464947,0.831501
8|1042|8|1042|sample|4|162|4|162|22.0,16.6,662,7,4,78994.875,697.25,0,0,1,2370.3,2240.52,907.187,903.853,-1.65652,-1.63958
8|1042|8|1042|sample|4|162|4|162|22.0,83,696,8,4,78994.875,697.25,0,0,1,870.614,813.943,643.891,643.873,0.481789,0.481969
8|1042|8|1042|sample|3|162|3|162|22.0,0.0010624,72910,1,3,78994.875,697.25,0,0,1,76005,70644.9,70725.2,70651.1,0.20387,0.211004
8|1042|8|1042|sample|3|162|3|162|22.0,0.005312,82674,2,3,78994.875,697.25,0,0,1,76372.4,71780.6,71879.1,71829.1,0.991151,0.996433
8|1042|8|1042|sample|3|162|3|162|22.0,0.02656,79881,3,3,78994.875,697.25,0,0,1,76127.8,72031.2,72472,72344.5,0.67471,0.687531
8|1042|8|1042|sample|3|162|3|162|22.0,0.1328,67396,4,3,78994.875,697.25,0,0,1,72105.8,68440.5,70431.8,69221.9,-0.284461,-0.174075
8|1042|8|1042|sample|3|162|3|162|22.0,0.664,36552,5,3,78994.875,697.25,0,0,1,48985,46495,42134.1,38333.9,-0.873751,-0.306519
8|1042|8|1042|sample|3|162|3|162|22.0,3.32,5516,6,3,78994.875,697.25,0,0,1,13287,12572,5037.58,4968.15,0.61871,0.71827
8|1042|8|1042|sample|3|162|3|162|22.0,16.6,726,7,3,78994.875,697.25,0,0,1,2363.45,2221.35,858.642,901.663,-0.942959,-1.19354
8|1042|8|1042|sample|3|162|3|162|22.0,83,688,8,3,78994.875,697.25,0,0,1,868.084,806.864,635.796,639.958,0.488193,0.44664
8|1042|8|1042|sample|12|162|12|162|65.0,26.2,678,7,12,78994.875,697.25,0,0,1,1581.34,1454.89,638.207,678.772,0.370871,-0.00680399
8|1042|8|1042|cc|1|1|162|1|162|69.0,0,624,1,1,78994.875,697.25,0,1,0,663.796,603.664,604.769,603.664,0.1881,0.199238
8|1042|8|1042|cc|2|1|162|1|162|69.0,0,714,2,1,78994.875,697.25,0,1,0,667.552,614.172,615.004,614.172,0.953854,0.963046
8|1042|8|1042|cc|3|1|162|1|162|69.0,0,694,3,1,78994.875,697.25,0,1,0,669.853,620.607,621.283,620.607,0.694291,0.701437
8|1042|8|1042|cc|4|1|162|1|162|69.0,0,700,4,1,78994.875,697.25,0,1,0,670.944,623.66,624.266,623.66,0.719996,0.726388
8|1042|8|1042|cc|5|1|162|1|162|69.0,0,674,5,1,78994.875,697.25,0,1,0,670.944,623.66,624.266,623.66,0.472817,0.478994
8|1042|8|1042|cc|6|1|162|1|162|69.0,0,730,6,1,78994.875,697.25,0,1,0,669.853,620.607,621.283,620.607,1.03801,1.0455
8|1042|8|1042|cc|7|1|162|1|162|69.0,0,664,7,1,78994.875,697.25,0,1,0,667.552,614.172,615.004,614.172,0.472089,0.480695
8|1042|8|1042|cc|8|1|162|1|162|69.0,0,778,8,1,78994.875,697.25,0,1,0,663.796,603.664,604.769,603.664,1.69442,1.70803
8|1042|8|1042|vc|1|2|162|2|162|69.0,0,79529,1,2,78994.875,697.25,1,0,0,75681.3,69725.2,69818.5,69725.2,0.917869,0.927932
8|1042|8|1042|vc|2|2|162|2|162|69.0,0,77876,2,2,78994.875,697.25,1,0,0,76106.8,70915.6,70978.1,70915.6,0.641376,0.647752
8|1042|8|1042|vc|3|2|162|2|162|69.0,0,85444,3,2,78994.875,697.25,1,0,0,76367.4,71644.7,71689.4,71644.7,1.26623,1.27115
8|1042|8|1042|vc|4|2|162|2|162|69.0,0,85154,4,2,78994.875,697.25,1,0,0,76491.1,71990.6,72027.3,71990.6,1.20276,1.20675
8|1042|8|1042|vc|5|2|162|2|162|69.0,0,85440,5,2,78994.875,697.25,1,0,0,76491.1,71990.6,72027.3,71990.6,1.22897,1.23296
8|1042|8|1042|vc|6|2|162|2|162|69.0,0,76072,6,2,78994.875,697.25,1,0,0,76367.4,71644.7,71689.4,71644.7,0.403456,0.407832
8|1042|8|1042|vc|7|2|162|2|162|69.0,0,75138,7,2,78994.875,697.25,1,0,0,76106.8,70915.6,70978.1,70915.6,0.386795,0.392946
8|1042|8|1042|vc|8|2|162|2|162|69.0,0,67306,8,2,78994.875,697.25,1,0,0,75681.3,69725.2,69818.5,69725.2,-0.237491,-0.228973
8|719|8|719|sample|5|274|5|274|55.0,0.0006144,90234,1,5,84741.625,701.5,0,0,1,81921.7,81921.7,81921.2,81924.6,0.669773,0.669469
8|719|8|719|sample|5|274|5|274|55.0,0.003072,91037,2,5,84741.625,701.5,0,0,1,82348.2,82348.2,82355.7,82371.2,0.695771,0.694405
8|719|8|719|sample|5|274|5|274|55.0,0.01536,85896,3,5,84741.625,701.5,0,0,1,82366,82366,82490.3,82541.8,0.27251,0.268218
8|719|8|719|sample|5|274|5|274|55.0,0.0768,84081,4,5,84741.625,701.5,0,0,1,80279.6,80279.6,81228.2,81502.3,0.231815,0.208836
8|719|8|719|sample|5|274|5|274|55.0,0.384,66810,5,5,84741.625,701.5,0,0,1,65048,65048,69445.7,70590.1,-0.250476,-0.353404
8|719|8|719|sample|5|274|5|274|55.0,1.92,28534,6,5,84741.625,701.5,0,0,1,24751.7,24751.7,28424.1,28889.4,0.0254881,-0.0810739
8|719|8|719|sample|5|274|5|274|55.0,9.6,4934,7,5,84741.625,701.5,0,0,1,4396.67,4396.67,4627.67,4427.18,0.430726,0.744388
8|719|8|719|sample|5|274|5|274|55.0,48,870,8,5,84741.625,701.5,0,0,1,1120.09,1120.09,1085.97,1034.94,-1.23358,-0.985577
8|719|8|719|sample|6|274|6|274|55.0,0.0006144,90599,1,6,84741.625,701.5,0,0,1,81990.8,81990.8,81990.9,81994.4,0.692972,0.692662
8|719|8|719|sample|6|274|6|274|55.0,0.003072,100276,2,6,84741.625,701.5,0,0,1,82417.3,82417.3,82435.4,82447.2,1.42848,1.42732
8|719|8|719|sample|6|274|6|274|55.0,0.01536,89109,3,6,84741.625,701.5,0,0,1,82434.8,82434.8,82653.7,82673.7,0.515505,0.513781
8|719|8|719|sample|6|274|6|274|55.0,0.0768,84595,4,6,84741.625,701.5,0,0,1,80346.5,80346.5,81994.7,82047.9,0.209325,0.204904
8|719|8|719|sample|6|274|6|274|55.0,0.384,66428,5,6,84741.625,701.5,0,0,1,65102.3,65102.3,72330.1,72491.3,-0.538531,-0.552015
8|719|8|719|sample|6|274|6|274|55.0,1.92,28310,6,6,84741.625,701.5,0,0,1,24772.3,24772.3,27505.3,27308.5,0.192772,0.24165
8|719|8|719|sample|6|274|6|274|55.0,9.6,3504,7,6,84741.625,701.5,0,0,1,4400.36,4400.36,3420.35,3321.01,0.158289,0.356427
8|719|8|719|sample|6|274|6|274|55.0,48,772,8,6,84741.625,701.5,0,0,1,1121.04,1121.04,880.011,867.357,-0.750595,-0.671601
8|719|8|719|sample|3|274|3|274|55.0,0.000064,94588,1,3,84741.625,701.5,0,0,1,81542.1,81542.1,81543.2,81542.3,1.0559,1.05599
8|719|8|719|sample|3|274|3|274|55.0,0.00032,87222,2,3,84741.625,701.5,0,0,1,81997.2,81997.2,81991.5,81998.4,0.421065,0.420471
8|719|8|719|sample|3|274|3|274|55.0,0.0016,85600,3,3,84741.625,701.5,0,0,1,82264.3,82264.3,82264.3,82274.2,0.26764,0.266815
8|719|8|719|sample|3|274|3|274|55.0,0.008,88953,4,3,84741.625,701.5,0,0,1,82288.3,82288.3,82367.8,82365.2,0.527699,0.527925
8|719|8|719|sample|3|274|3|274|55.0,0.04,78809,5,3,84741.625,701.5,0,0,1,81351.8,81351.8,82053,81915,-0.260954,-0.250273
8|719|8|719|sample|3|274|3|274|55.0,0.2,76136,6,3,84741.625,701.5,0,0,1,73889.7,73889.7,78436.8,77193.2,-0.193609,-0.0903891
8|719|8|719|sample|3|274|3|274|55.0,1,50010,7,3,84741.625,701.5,0,0,1,41339.3,41339.3,52371.6,47865,-0.297492,0.295613
8|719|8|719|sample|3|274|3|274|55.0,5,9930,8,3,84741.625,701.5,0,0,1,8989.65,8989.65,11225,9789.13,-0.757383,0.0943821
8|719|8|719|sample|4|274|4|274|55.0,0.000064,96662,1,4,84741.625,701.5,0,0,1,81779.8,81779.8,81778.3,81780,1.20129,1.20113
8|719|8|719|sample|4|274|4|274|55.0,0.00032,85208,2,4,84741.625,701.5,0,0,1,82234.9,82234.9,82225.9,82236,0.239379,0.23854
8|719|8|719|sample|4|274|4|274|55.0,0.0016,85066,3,4,84741.625,701.5,0,0,1,82502,82502,82493.1,82510.8,0.205867,0.204404
8|719|8|719|sample|4|274|4|274|55.0,0.008,87029,4,4,84741.625,701.5,0,0,1,82525.6,82525.6,82550.7,82594.3,0.358076,0.3544
8|719|8|719|sample|4|274|4|274|55.0,0.04,80898,5,4,84741.625,701.5,0,0,1,81586.5,81586.5,81888,82091.5,-0.0797965,-0.0959661
8|719|8|719|sample|4|274|4|274|55.0,0.2,71071,6,4,84741.625,701.5,0,0,1,74103.1,74103.1,76169.5,77131,-0.441784,-0.518557
8|719|8|719|sample|4|274|4|274|55.0,1,50818,7,4,84741.625,701.5,0,0,1,41459.1,41459.1,46822,47961.5,0.56295,0.392879
8|719|8|719|sample|4|274|4|274|55.0,5,10376,8,4,84741.625,701.5,0,0,1,9015.85,9015.85,10791.9,10263.8,-0.252958,0.0717362
8|719|8|719|sample|10|274|10|274|32.0,0.0003648,94350,1,10,84741.625,701.5,0,0,1,81540.4,81540.4,81541.2,81540.6,1.03682,1.03688
8|719|8|719|sample|10|274|10|274|32.0,0.001824,93025,2,10,84741.625,701.5,0,0,1,81982.1,81982.1,81959.9,81970.8,0.891108,0.890109
8|719|8|719|sample|10|274|10|274|32.0,0.00912,89279,3,10,84741.625,701.5,0,0,1,82132.2,82132.2,81766.5,81818.2,0.606437,0.601883
8|719|8|719|sample|10|274|10|274|32.0,0.0456,68995,4,10,84741.625,701.5,0,0,1,81150.7,81150.7,75158.5,75432.6,-0.541242,-0.563257
8|719|8|719|sample|10|274|10|274|32.0,0.228,32223,5,10,84741.625,701.5,0,0,1,72583.1,72583.1,32969.1,32903.2,-0.149183,-0.136283
8|719|8|719|sample|10|274|10|274|32.0,1.14,4210,6,10,84741.625,701.5,0,0,1,37891.7,37891.7,3930.66,3785.83,0.461187,0.726616
8|719|8|719|sample|10|274|10|274|32.0,5.7,632,7,10,84741.625,701.5,0,0,1,7806.65,7806.65,893.236,874.663,-1.79049,-1.69587
8|719|8|719|sample|10|274|10|274|32.0,28.5,612,8,10,84741.625,701.5,0,0,1,1556.41,1556.41,689.502,687.781,-0.673567,-0.660102
8|719|8|719|sample|9|274|9|274|32.0,0.0003648,99893,1,9,84741.625,701.5,0,0,1,81778.1,81778.1,81777.4,81778.2,1.46216,1.46208
8|719|8|719|sample|9|274|9|274|32.0,0.001824,90396,2,9,84741.625,701.5,0,0,1,82219.8,82219.8,82207.5,82206.2,0.65746,0.657573
8|719|8|719|sample|9|274|9|274|32.0,0.00912,87530,3,9,84741.625,701.5,0,0,1,82369.5,82369.5,82145.1,82023.2,0.432684,0.44314
8|719|8|719|sample|9|274|9|274|32.0,0.0456,67618,4,9,84741.625,701.5,0,0,1,81384.8,81384.8,76517.7,75281,-0.767648,-0.671822
8|719|8|719|sample|9|274|9|274|32.0,0.228,32029,5,9,84741.625,701.5,0,0,1,72792.4,72792.4,33674,32092.1,-0.322041,-0.0129692
8|719|8|719|sample|9|274|9|274|32.0,1.14,4042,6,9,84741.625,701.5,0,0,1,38001.2,38001.2,3573.64,3688.72,0.849019,0.620817
8|719|8|719|sample|9|274|9|274|32.0,5.7,674,7,9,84741.625,701.5,0,0,1,7829.28,7829.28,843.55,872.027,-1.22524,-1.3878
8|719|8|719|sample|9|274|9|274|32.0,28.5,644,8,9,84741.625,701.5,0,0,1,1560.94,1560.94,686.701,689.585,-0.372482,-0.396137
8|719|8|719|sample|8|274|8|274|32.0,0.0000768,95369,1,8,84741.625,701.5,0,0,1,81925.4,81925.4,81922.5,81925.3,1.08338,1.08311
8|719|8|719|sample|8|274|8|274|32.0,0.000384,92759,2,8,84741.625,701.5,0,0,1,82380,82380,82368.7,82378.4,0.832612,0.831738
8|719|8|719|sample|8|274|8|274|32.0,0.00192,84653,3,8,84741.625,701.5,0,0,1,82643.6,82643.6,82609,82609.1,0.163316,0.163312
8|719|8|719|sample|8|274|8|274|32.0,0.0096,85030,4,8,84741.625,701.5,0,0,1,82636.7,82636.7,82218.3,82055,0.225727,0.239312
8|719|8|719|sample|8|274|8|274|32.0,0.048,63826,5,8,84741.625,701.5,0,0,1,81439.1,81439.1,75101.2,73439.8,-0.990876,-0.863962
8|719|8|719|sample|8|274|8|274|32.0,0.24,29936,6,8,84741.625,701.5,0,0,1,72189.1,72189.1,32795.5,29760.9,-0.574772,0.0387671
8|719|8|719|sample|8|274|8|274|32.0,1.2,4124,7,8,84741.625,701.5,0,0,1,36544.9,36544.9,4035.37,3737.68,0.142601,0.670146
8|719|8|719|sample|8|274|8|274|32.0,6,680,8,8,84741.625,701.5,0,0,1,7363.72,7363.72,909.49,901.567,-1.54682,-1.50559
8|719|8|719|sample|7|274|7|274|32.0,0.0000768,96784,1,7,84741.625,701.5,0,0,1,81994.4,81994.4,81991.1,81994.4,1.19087,1.19055
8|719|8|719|sample|7|274|7|274|32.0,0.000384,90264,2,7,84741.625,701.5,0,0,1,82449.1,82449.1,82437.2,82447.8,0.626666,0.625742
8|719|8|719|sample|7|274|7|274|32.0,0.00192,93457,3,7,84741.625,701.5,0,0,1,82712.7,82712.7,82677.1,82681.8,0.860612,0.860188
8|719|8|719|sample|7|274|7|274|32.0,0.0096,84890,4,7,84741.625,701.5,0,0,1,82705.7,82705.7,82275.5,82165.6,0.209748,0.218852
8|719|8|719|sample|7|274|7|274|32.0,0.048,65169,5,7,84741.625,701.5,0,0,1,81507,81507,74967,73869.9,-0.862594,-0.777379
8|719|8|719|sample|7|274|7|274|32.0,0.24,30352,6,7,84741.625,701.5,0,0,1,72249.5,72249.5,32113.7,30375.2,-0.361602,-0.00502339
8|719|8|719|sample|7|274|7|274|32.0,1.2,4196,7,7,84741.625,701.5,0,0,1,36575.6,36575.6,3897.03,3791.94,0.497795,0.691067
8|719|8|719|sample|7|274|7|274|32.0,6,676,8,7,84741.625,701.5,0,0,1,7369.92,7369.92,898.275,903.045,-1.51553,-1.54047
8|719|8|719|sample|12|274|12|274|22.0,0.0003712,94222,1,12,84741.625,701.5,0,0,1,80673.8,80673.8,80689,80675.5,1.107,1.10829
8|719|8|719|sample|12|274|12|274|22.0,0.001856,91978,2,12,84741.625,701.5,0,0,1,81115.3,81115.3,81133.2,81125.4,0.882259,0.882976
8|719|8|719|sample|12|274|12|274|22.0,0.00928,89439,3,12,84741.625,701.5,0,0,1,81263.8,81263.8,81252.9,81190.5,0.664985,0.670564
8|719|8|719|sample|12|274|12|274|22.0,0.0464,65541,4,12,84741.625,701.5,0,0,1,80268.3,80268.3,76220.4,74967.3,-0.924748,-0.829869
8|719|8|719|sample|12|274|12|274|22.0,0.2319999999999999,22932,5,12,84741.625,701.5,0,0,1,71617.8,71617.8,23770.5,21671.4,-0.232344,0.38303
8|719|8|719|sample|12|274|12|274|22.0,1.16,1534,6,12,84741.625,701.5,0,0,1,37024.2,37024.2,1573.87,1544.37,-0.160164,-0.0424226
8|719|8|719|sample|12|274|12|274|22.0,5.8,634,7,12,84741.625,701.5,0,0,1,7574.98,7574.98,698.135,699.763,-0.551138,-0.563929
8|719|8|719|sample|12|274|12|274|22.0,29,568,8,12,84741.625,701.5,0,0,1,1519.93,1519.93,669.62,669.634,-0.906901,-0.907004
8|719|8|719|sample|11|274|11|274|22.0,0.0003712,89357,1,11,84741.625,701.5,0,0,1,81185,81185,81191,81185.8,0.663852,0.664322
8|719|8|719|sample|11|274|11|274|22.0,0.001856,92891,2,11,84741.625,701.5,0,0,1,81626.4,81626.4,81613.6,81619.5,0.912052,0.911508
8|719|8|719|sample|11|274|11|274|22.0,0.00928,86253,3,11,84741.625,701.5,0,0,1,81774,81774,81391.3,81438,0.394257,0.390253
8|719|8|719|sample|11|274|11|274|22.0,0.0464,67865,4,11,84741.625,701.5,0,0,1,80771.5,80771.5,72990.8,73206.4,-0.463473,-0.481549
8|719|8|719|sample|11|274|11|274|22.0,0.2319999999999999,24977,5,11,84741.625,701.5,0,0,1,72066.7,72066.7,24523.9,24073.5,0.121698,0.247216
8|719|8|719|sample|11|274|11|274|22.0,1.16,2348,6,11,84741.625,701.5,0,0,1,37256.7,37256.7,2390.31,2261.3,-0.113566,0.245614
8|719|8|719|sample|11|274|11|274|22.0,5.8,638,7,11,84741.625,701.5,0,0,1,7622.71,7622.71,767.134,755.901,-1.0183,-0.942355
8|719|8|719|sample|11|274|11|274|22.0,29,584,8,11,84741.625,701.5,0,0,1,1529.56,1529.56,677.746,676.907,-0.827546,-0.821057
8|719|8|719|cc|1|1|274|1|274|69.0,0,640,1,1,84741.625,701.5,0,1,0,667.842,667.842,667.953,667.842,-0.25003,-0.249074
8|719|8|719|cc|2|1|274|1|274|69.0,0,658,2,1,84741.625,701.5,0,1,0,671.621,671.621,671.666,671.621,-0.121624,-0.121234
8|719|8|719|cc|3|1|274|1|274|69.0,0,684,3,1,84741.625,701.5,0,1,0,673.936,673.936,673.944,673.936,0.0892264,0.0892985
8|719|8|719|cc|4|1|274|1|274|69.0,0,730,4,1,84741.625,701.5,0,1,0,675.034,675.034,675.026,675.034,0.487057,0.486979
8|719|8|719|cc|5|1|274|1|274|69.0,0,706,5,1,84741.625,701.5,0,1,0,675.034,675.034,675.026,675.034,0.274425,0.274349
8|719|8|719|cc|6|1|274|1|274|69.0,0,732,6,1,84741.625,701.5,0,1,0,673.936,673.936,673.944,673.936,0.51511,0.515187
8|719|8|719|cc|7|1|274|1|274|69.0,0,746,7,1,84741.625,701.5,0,1,0,671.621,671.621,671.666,671.621,0.661558,0.661996
8|719|8|719|cc|8|1|274|1|274|69.0,0,716,8,1,84741.625,701.5,0,1,0,667.842,667.842,667.953,667.842,0.429755,0.430813
8|719|8|719|vc|1|2|274|2|274|69.0,0,95775,1,2,84741.625,701.5,1,0,0,81187,81187,81192.4,81187,1.18547,1.18599
8|719|8|719|vc|2|2|274|2|274|69.0,0,90514,2,2,84741.625,701.5,1,0,0,81643.5,81643.5,81640.9,81643.5,0.717365,0.717138
8|719|8|719|vc|3|2|274|2|274|69.0,0,86615,3,2,84741.625,701.5,1,0,0,81923,81923,81916.1,81923,0.378622,0.378029
8|719|8|719|vc|4|2|274|2|274|69.0,0,84683,4,2,84741.625,701.5,1,0,0,82055.7,82055.7,82046.8,82055.7,0.212079,0.211339
8|719|8|719|vc|5|2|274|2|274|69.0,0,87250,5,2,84741.625,701.5,1,0,0,82055.7,82055.7,82046.8,82055.7,0.418589,0.417826
8|719|8|719|vc|6|2|274|2|274|69.0,0,81493,6,2,84741.625,701.5,1,0,0,81923,81923,81916.1,81923,-0.0340889,-0.0346469
8|719|8|719|vc|7|2|274|2|274|69.0,0,76517,7,2,84741.625,701.5,1,0,0,81643.5,81643.5,81640.9,81643.5,-0.414256,-0.414448
8|719|8|719|vc|8|2|274|2|274|69.0,0,75086,8,2,84741.625,701.5,1,0,0,81187,81187,81192.4,81187,-0.496415,-0.496002
8|863|8|863|sample|7|274|7|274|65.0,0.0016767999999999,82319,1,7,79056.375,671,0,0,1,76479.8,76479.8,76484,76481.3,0.503518,0.503771
8|863|8|863|sample|7|274|7|274|65.0,0.0083839999999999,83542,2,7,79056.375,671,0,0,1,76797.6,76797.5,76768.8,76688.6,0.58232,0.589823
8|863|8|863|sample|7|274|7|274|65.0,0.04192,65069,3,7,79056.375,671,0,0,1,76124.9,76124.9,74230.7,73084.9,-0.81457,-0.723859
8|863|8|863|sample|7|274|7|274|65.0,0.2096,36554,4,7,79056.375,671,0,0,1,68966.8,68966.8,41759.7,37995.4,-0.822122,-0.250146
8|863|8|863|sample|7|274|7|274|65.0,1.048,4884,5,7,79056.375,671,0,0,1,37771.8,37771.8,4540.93,4377.68,0.491452,0.751941
8|863|8|863|sample|7|274|7|274|65.0,5.24,624,6,7,79056.375,671,0,0,1,8088.92,8088.91,843.977,865.174,-1.58891,-1.70255
8|863|8|863|sample|7|274|7|274|65.0,26.2,626,7,7,79056.375,671,0,0,1,1582.55,1582.55,662.416,665.06,-0.328185,-0.350749
8|863|8|863|sample|7|274|7|274|65.0,131,654,8,7,79056.375,671,0,0,1,757.2,757.2,650.588,650.817,0.0312551,0.0291496
8|863|8|863|sample|8|274|8|274|65.0,0.0016767999999999,81813,1,8,79056.375,671,0,0,1,76415.4,76415.3,76406.1,76410.2,0.467058,0.466674
8|863|8|863|sample|8|274|8|274|65.0,0.0083839999999999,80278,2,8,79056.375,671,0,0,1,76733.2,76733.2,76512.7,76535.1,0.324802,0.322774
8|863|8|863|sample|8|274|8|274|65.0,0.04192,68381,3,8,79056.375,671,0,0,1,76061.4,76061.3,72034.4,72057.3,-0.334722,-0.336713
8|863|8|863|sample|8|274|8|274|65.0,0.2096,34726,4,8,79056.375,671,0,0,1,68909.3,68909.3,36259.4,35624.8,-0.27883,-0.16635
8|863|8|863|sample|8|274|8|274|65.0,1.048,4740,5,8,79056.375,671,0,0,1,37740.3,37740.3,4553.3,4305.01,0.266733,0.656739
8|863|8|863|sample|8|274|8|274|65.0,5.24,706,6,8,79056.375,671,0,0,1,8082.16,8082.16,907.477,882.528,-1.3608,-1.2235
8|863|8|863|sample|8|274|8|274|65.0,26.2,686,7,8,79056.375,671,0,0,1,1581.22,1581.22,668.753,666.796,0.1541,0.172037
8|863|8|863|sample|8|274|8|274|65.0,131,674,8,8,79056.375,671,0,0,1,756.562,756.562,650.601,650.469,0.214331,0.215576
8|863|8|863|sample|6|274|6|274|65.0,0.0004351999999999,84201,1,6,79056.375,671,0,0,1,76491.5,76491.4,76490.3,76493.3,0.665331,0.665043
8|863|8|863|sample|6|274|6|274|65.0,0.0021759999999999,83262,2,6,79056.375,671,0,0,1,76899.7,76899.7,76902.5,76909.6,0.545795,0.545143
8|863|8|863|sample|6|274|6|274|65.0,0.0108799999999999,73877,3,6,79056.375,671,0,0,1,77006.6,77006.6,76980.5,76923.7,-0.266083,-0.261407
8|863|8|863|sample|6|274|6|274|65.0,0.0543999999999999,56720,4,6,79056.375,671,0,0,1,75811.4,75811.4,72217.3,71207.7,-1.41625,-1.34274
8|863|8|863|sample|6|274|6|274|65.0,0.2719999999999999,26035,5,6,79056.375,671,0,0,1,65981.1,65981.1,25617.1,24471.2,0.107465,0.420938
8|863|8|863|sample|6|274|6|274|65.0,1.36,1998,6,6,79056.375,671,0,0,1,31111.1,31111.1,1900.32,1976.37,0.327394,0.0698163
8|863|8|863|sample|6|274|6|274|65.0,6.8,596,7,6,79056.375,671,0,0,1,6024.21,6024.21,696.873,705.954,-0.868263,-0.935359
8|863|8|863|sample|6|274|6|274|65.0,34,680,8,6,79056.375,671,0,0,1,1302.88,1302.88,651.659,652.237,0.259219,0.253725
8|863|8|863|sample|5|274|5|274|65.0,0.0004351999999999,83981,1,5,79056.375,671,0,0,1,76427,76427,76424.6,76428.1,0.652571,0.65224
8|863|8|863|sample|5|274|5|274|65.0,0.0021759999999999,84944,2,5,79056.375,671,0,0,1,76835.3,76835.3,76811.4,76832.6,0.6988,0.696789
8|863|8|863|sample|5|274|5|274|65.0,0.0108799999999999,76489,3,5,79056.375,671,0,0,1,76942.3,76942.3,76520,76669.8,-0.00267024,-0.0155599
8|863|8|863|sample|5|274|5|274|65.0,0.0543999999999999,61614,4,5,79056.375,671,0,0,1,75748.2,75748.2,68202.2,69252.3,-0.637483,-0.727895
8|863|8|863|sample|5|274|5|274|65.0,0.2719999999999999,25403,5,5,79056.375,671,0,0,1,65926.1,65926.1,23673.1,23794,0.481309,0.445411
8|863|8|863|sample|5|274|5|274|65.0,1.36,2262,6,5,79056.375,671,0,0,1,31085.1,31085.1,2496.17,2288.46,-0.602676,-0.0740847
8|863|8|863|sample|5|274|5|274|65.0,34,676,8,5,79056.375,671,0,0,1,1301.79,1301.79,655.807,653.871,0.183636,0.201777
8|863|8|863|sample|11|274|11|274|28.0,0.0014272,78983,1,11,79056.375,671,0,0,1,75729.1,75729.1,75702.3,75718.2,0.286027,0.284576
8|863|8|863|sample|11|274|11|274|28.0,0.007136,77552,2,11,79056.375,671,0,0,1,76068.8,76068.7,75505,75766.4,0.178927,0.155544
8|863|8|863|sample|11|274|11|274|28.0,0.03568,64390,3,11,79056.375,671,0,0,1,75583.3,75583.2,67404.9,69737.2,-0.295168,-0.506023
8|863|8|863|sample|11|274|11|274|28.0,0.1784,28760,4,11,79056.375,671,0,0,1,69760.7,69760.6,25346.7,28127.2,0.887141,0.148254
8|863|8|863|sample|11|274|11|274|28.0,0.892,3118,5,11,79056.375,671,0,0,1,41514.1,41514,2962.97,2945.39,0.337612,0.378072
8|863|8|863|sample|11|274|11|274|28.0,4.46,660,6,11,79056.375,671,0,0,1,9582.98,9582.97,804.407,779.223,-1.09023,-0.926774
8|863|8|863|sample|11|274|11|274|28.0,22.3,624,7,11,79056.375,671,0,0,1,1786.49,1786.49,657.482,654.538,-0.303792,-0.278199
8|863|8|863|sample|11|274|11|274|28.0,111.5,676,8,11,79056.375,671,0,0,1,775.361,775.36,644.507,644.2,0.290922,0.293892
8|863|8|863|sample|12|274|12|274|28.0,0.0014272,82748,1,12,79056.375,671,0,0,1,75252.2,75252.2,75244.2,75221.8,0.658192,0.66035
8|863|8|863|sample|12|274|12|274|28.0,0.007136,77620,2,12,79056.375,671,0,0,1,75592.5,75592.4,75203.5,75077.2,0.212079,0.223535
8|863|8|863|sample|12|274|12|274|28.0,0.03568,62159,3,12,79056.375,671,0,0,1,75111.6,75111.6,68967.5,67786.6,-0.651497,-0.547869
8|863|8|863|sample|12|274|12|274|28.0,0.1784,27297,4,12,79056.375,671,0,0,1,69326.1,69326,29798,27602.8,-0.553165,-0.0730053
8|863|8|863|sample|12|274|12|274|28.0,0.892,3754,5,12,79056.375,671,0,0,1,41255.4,41255.4,3586.91,3380.22,0.301792,0.715557
8|863|8|863|sample|12|274|12|274|28.0,4.46,602,6,12,79056.375,671,0,0,1,9523.18,9523.17,841.778,836.584,-1.73611,-1.70822
8|863|8|863|sample|12|274|12|274|28.0,22.3,652,7,12,79056.375,671,0,0,1,1775.3,1775.3,656.04,656.278,-0.0367304,-0.0388786
8|863|8|863|sample|12|274|12|274|28.0,111.5,620,8,12,79056.375,671,0,0,1,770.478,770.478,640.672,640.625,-0.191995,-0.19157
8|863|8|863|sample|9|274|9|274|28.0,0.0004479999999999,81052,1,9,79056.375,671,0,0,1,76291.1,76291.1,76291.5,76292.6,0.411834,0.411738
8|863|8|863|sample|9|274|9|274|28.0,0.00224,80554,2,9,79056.375,671,0,0,1,76698.7,76698.7,76699,76699.3,0.331729,0.331706
8|863|8|863|sample|9|274|9|274|28.0,0.0111999999999999,77564,3,9,79056.375,671,0,0,1,76800,76799.9,76668.3,76529,0.0771078,0.0892642
8|863|8|863|sample|9|274|9|274|28.0,0.0559999999999999,56662,4,9,79056.375,671,0,0,1,75557,75557,69907,68066.2,-1.25038,-1.10569
8|863|8|863|sample|9|274|9|274|28.0,0.2799999999999999,21150,5,9,79056.375,671,0,0,1,65429.4,65429.4,21109.1,19658.8,0.0127601,0.499316
8|863|8|863|sample|9|274|9|274|28.0,1.4,1734,6,9,79056.375,671,0,0,1,30319.8,30319.7,1696.37,1758,0.140687,-0.0866959
8|863|8|863|sample|9|274|9|274|28.0,7,666,7,9,79056.375,671,0,0,1,5817.47,5817.47,691.939,701.6,-0.224717,-0.304554
8|863|8|863|sample|9|274|9|274|28.0,35,660,8,9,79056.375,671,0,0,1,1274.77,1274.77,650.005,650.697,0.0916241,0.0851978
8|863|8|863|sample|10|274|10|274|28.0,0.0004479999999999,87360,1,10,79056.375,671,0,0,1,76069.4,76069.3,76070.8,76067.3,0.979468,0.979817
8|863|8|863|sample|10|274|10|274|28.0,0.00224,83548,2,10,79056.375,671,0,0,1,76477,76477,76459.4,76430.8,0.611898,0.614596
8|863|8|863|sample|10|274|10|274|28.0,0.0111999999999999,78230,3,10,79056.375,671,0,0,1,76578.7,76578.7,76171.1,75750,0.178396,0.216079
8|863|8|863|sample|10|274|10|274|28.0,0.0559999999999999,58709,4,10,79056.375,671,0,0,1,75339.7,75339.7,67508,63934.3,-0.860149,-0.539316
8|863|8|863|sample|10|274|10|274|28.0,0.2799999999999999,20498,5,10,79056.375,671,0,0,1,65241.2,65241.2,22010.5,19165,-0.452492,0.457781
8|863|8|863|sample|10|274|10|274|28.0,1.4,2190,6,10,79056.375,671,0,0,1,30232.4,30232.4,2233.76,2221.29,-0.125453,-0.0901993
8|863|8|863|sample|10|274|10|274|28.0,35,698,8,10,79056.375,671,0,0,1,1271.06,1271.06,651.393,653.465,0.426436,0.406311
8|863|8|863|sample|5|274|5|274|28.0,7,652,7,5,79056.375,671,0,0,1,5827.77,5827.77,662.763,690.627,-0.0969485,-0.335208
8|863|8|863|sample|3|274|3|274|22.0,0.0010624,89013,1,3,79056.375,671,0,0,1,76064.2,76064.2,76062,76055.2,1.12378,1.12447
8|863|8|863|sample|3|274|3|274|22.0,0.005312,83582,2,3,79056.375,671,0,0,1,76431.9,76431.9,76295.7,76222.4,0.630309,0.637267
8|863|8|863|sample|3|274|3|274|22.0,0.02656,75500,3,3,79056.375,671,0,0,1,76186.9,76186.8,73291.3,72409.4,0.19889,0.281694
8|863|8|863|sample|3|274|3|274|22.0,0.1328,35636,4,3,79056.375,671,0,0,1,72160.3,72160.3,41251.9,38603.1,-0.897803,-0.506835
8|863|8|863|sample|3|274|3|274|22.0,0.664,5534,5,3,79056.375,671,0,0,1,49013.7,49013.6,5090.79,4939.07,0.567266,0.784516
8|863|8|863|sample|3|274|3|274|22.0,3.32,752,6,3,79056.375,671,0,0,1,13275.6,13275.6,906.66,923.896,-1.04547,-1.14184
8|863|8|863|sample|3|274|3|274|22.0,16.6,620,7,3,79056.375,671,0,0,1,2339.94,2339.94,663.982,666.558,-0.395525,-0.417226
8|863|8|863|sample|3|274|3|274|22.0,83,590,8,3,79056.375,671,0,0,1,843.045,843.044,647.381,647.604,-0.527949,-0.52984
8|863|8|863|sample|4|274|4|274|22.0,0.0010624,89205,1,4,79056.375,671,0,0,1,76286,76285.9,76286.9,76287.3,1.11763,1.11759
8|863|8|863|sample|4|274|4|274|22.0,0.005312,81925,2,4,79056.375,671,0,0,1,76653.4,76653.4,76603.1,76595.4,0.458531,0.459237
8|863|8|863|sample|4|274|4|274|22.0,0.02656,72696,3,4,79056.375,671,0,0,1,76407,76406.9,74764.9,74575.9,-0.182635,-0.166371
8|863|8|863|sample|4|274|4|274|22.0,0.1328,39789,4,4,79056.375,671,0,0,1,72368.4,72368.4,47681,47028.9,-1.09181,-1.01547
8|863|8|863|sample|4|274|4|274|22.0,0.664,7098,5,4,79056.375,671,0,0,1,49155,49155,6052.57,6142.64,1.12789,1.01578
8|863|8|863|sample|4|274|4|274|22.0,3.32,652,6,4,79056.375,671,0,0,1,13314,13314,928.746,949.194,-1.8294,-1.92517
8|863|8|863|sample|4|274|4|274|22.0,16.6,586,7,4,79056.375,671,0,0,1,2346.73,2346.73,665.102,666.925,-0.710275,-0.724845
8|863|8|863|sample|4|274|4|274|22.0,83,700,8,4,79056.375,671,0,0,1,845.502,845.502,649.118,649.252,0.467025,0.465708
8|863|8|863|sample|10|274|10|274|65.0,6.8,652,7,10,79056.375,671,0,0,1,5991.16,5991.16,659.212,688.777,-0.0652802,-0.319932
8|863|8|863|cc|1|1|274|1|274|69.0,0,622,1,1,79056.375,671,0,1,0,638.806,638.805,638.912,638.805,-0.157459,-0.156494
8|863|8|863|cc|2|1|274|1|274|69.0,0,702,2,1,79056.375,671,0,1,0,642.42,642.42,642.463,642.42,0.551568,0.551998
8|863|8|863|cc|3|1|274|1|274|69.0,0,724,3,1,79056.375,671,0,1,0,644.634,644.634,644.641,644.634,0.73296,0.733039
8|863|8|863|cc|4|1|274|1|274|69.0,0,660,4,1,79056.375,671,0,1,0,645.684,645.684,645.676,645.684,0.132103,0.132029
8|863|8|863|cc|5|1|274|1|274|69.0,0,644,5,1,79056.375,671,0,1,0,645.684,645.684,645.676,645.684,-0.0154608,-0.0155329
8|863|8|863|cc|6|1|274|1|274|69.0,0,642,6,1,79056.375,671,0,1,0,644.634,644.634,644.641,644.634,-0.0243968,-0.0243262
8|863|8|863|cc|7|1|274|1|274|69.0,0,664,7,1,79056.375,671,0,1,0,642.42,642.42,642.463,642.42,0.199526,0.199934
8|863|8|863|cc|8|1|274|1|274|69.0,0,710,8,1,79056.375,671,0,1,0,638.806,638.805,638.912,638.805,0.661878,0.662966
8|863|8|863|vc|1|2|274|2|274|69.0,0,84225,1,2,79056.375,671,1,0,0,75740.2,75740.2,75745.3,75740.2,0.738874,0.73937
8|863|8|863|vc|2|2|274|2|274|69.0,0,81106,2,2,79056.375,671,1,0,0,76166.1,76166,76163.7,76166,0.428282,0.428065
8|863|8|863|vc|3|2|274|2|274|69.0,0,81311,3,2,79056.375,671,1,0,0,76426.9,76426.8,76420.4,76426.8,0.422382,0.421786
8|863|8|863|vc|4|2|274|2|274|69.0,0,81469,4,2,79056.375,671,1,0,0,76550.6,76550.6,76542.3,76550.6,0.42482,0.424057
8|863|8|863|vc|5|2|274|2|274|69.0,0,80994,5,2,79056.375,671,1,0,0,76550.6,76550.6,76542.3,76550.6,0.383862,0.383103
8|863|8|863|vc|6|2|274|2|274|69.0,0,78472,6,2,79056.375,671,1,0,0,76426.9,76426.8,76420.4,76426.8,0.177191,0.176615
8|863|8|863|vc|7|2|274|2|274|69.0,0,76847,7,2,79056.375,671,1,0,0,76166.1,76166,76163.7,76166,0.0592143,0.0590079
8|863|8|863|vc|8|2|274|2|274|69.0,0,68027,8,2,79056.375,671,1,0,0,75740.2,75740.2,75745.3,75740.2,-0.672527,-0.672126
8|488|8|488|sample|6|322|6|322|55.0,0.0006144,96232,1,6,92253.875,687,0,0,1,89259.2,89259.2,89256.6,89260.8,0.515864,0.515531
8|488|8|488|sample|6|322|6|322|55.0,0.003072,95307,2,6,92253.875,687,0,0,1,89723.4,89723.4,89727.6,89742.3,0.410461,0.409312
8|488|8|488|sample|6|322|6|322|55.0,0.01536,103629,3,6,92253.875,687,0,0,1,89742.3,89742.3,89913.4,89941.3,1.00693,1.00457
8|488|8|488|sample|6|322|6|322|55.0,0.0768,97373,4,6,92253.875,687,0,0,1,87466.9,87466.9,89313.5,89375.4,0.595654,0.590675
8|488|8|488|sample|6|322|6|322|55.0,0.384,87530,5,6,92253.875,687,0,0,1,70857.3,70857.3,84724,84830.9,0.218608,0.210014
8|488|8|488|sample|6|322|6|322|55.0,1.92,63970,6,6,92253.875,687,0,0,1,26915.4,26915.4,63268.2,62988.6,0.0731956,0.102808
8|488|8|488|sample|6|322|6|322|55.0,9.6,23620,7,6,92253.875,687,0,0,1,4719.14,4719.14,24022.3,23201,-0.110315,0.118931
8|488|8|488|sample|6|322|6|322|55.0,48,5018,8,6,92253.875,687,0,0,1,1146.53,1146.53,5205.34,4867.8,-0.234568,0.200918
8|488|8|488|sample|5|322|5|322|55.0,0.0006144,97119,1,5,92253.875,687,0,0,1,89184,89184,89183.4,89185.7,0.587355,0.58717
8|488|8|488|sample|5|322|5|322|55.0,0.003072,96198,2,5,92253.875,687,0,0,1,89648.3,89648.3,89661.1,89667.8,0.481254,0.48073
8|488|8|488|sample|5|322|5|322|55.0,0.01536,101181,3,5,92253.875,687,0,0,1,89667.3,89667.3,89883,89868.5,0.829719,0.830922
8|488|8|488|sample|5|322|5|322|55.0,0.0768,100658,4,5,92253.875,687,0,0,1,87394,87394,89458.1,89300.7,0.826421,0.839513
8|488|8|488|sample|5|322|5|322|55.0,0.384,92386,5,5,92253.875,687,0,0,1,70798.2,70798.2,85499.9,84663.4,0.531618,0.602082
8|488|8|488|sample|5|322|5|322|55.0,1.92,64050,6,5,92253.875,687,0,0,1,26893,26893,64457.2,62218.7,-0.0416862,0.194221
8|488|8|488|sample|5|322|5|322|55.0,9.6,21984,7,5,92253.875,687,0,0,1,4715.18,4715.18,23252.6,22244.5,-0.359336,-0.0771262
8|488|8|488|sample|5|322|5|322|55.0,48,4784,8,5,92253.875,687,0,0,1,1145.57,1145.57,4577.83,4572.77,0.292996,0.300524
8|488|8|488|sample|4|322|4|322|55.0,0.000064,90076,1,4,92253.875,687,0,0,1,89029.5,89029.5,89028,89029.7,0.0777056,0.0775755
8|488|8|488|sample|4|322|4|322|55.0,0.00032,95871,2,4,92253.875,687,0,0,1,89525,89525,89516.1,89526.4,0.468615,0.467798
8|488|8|488|sample|4|322|4|322|55.0,0.0016,100086,3,4,92253.875,687,0,0,1,89815.7,89815.7,89814.2,89828.5,0.754931,0.753765
8|488|8|488|sample|4|322|4|322|55.0,0.008,105205,4,4,92253.875,687,0,0,1,89841.3,89841.3,89943.5,89952.8,1.12005,1.11925
8|488|8|488|sample|4|322|4|322|55.0,0.04,98822,5,4,92253.875,687,0,0,1,88818.1,88818.1,89818.5,89775.5,0.661689,0.665163
8|488|8|488|sample|4|322|4|322|55.0,0.2,88433,6,4,92253.875,687,0,0,1,80664.6,80664.6,88494.9,88099.7,-0.00461366,0.0249753
8|488|8|488|sample|4|322|4|322|55.0,1,78354,7,4,92253.875,687,0,0,1,45097.2,45097.2,78298.3,76306.6,0.00469393,0.17709
8|488|8|488|sample|4|322|4|322|55.0,5,36320,8,4,92253.875,687,0,0,1,9748.62,9748.62,37661.6,35418.5,-0.23489,0.167806
8|488|8|488|sample|3|322|3|322|55.0,0.000064,94358,1,3,92253.875,687,0,0,1,88770.8,88770.8,88771.9,88770.9,0.41537,0.41545
8|488|8|488|sample|3|322|3|322|55.0,0.00032,92993,2,3,92253.875,687,0,0,1,89266.2,89266.2,89259.9,89267.5,0.276069,0.275484
8|488|8|488|sample|3|322|3|322|55.0,0.0016,99499,3,3,92253.875,687,0,0,1,89557,89557,89557.2,89568.7,0.732779,0.731836
8|488|8|488|sample|3|322|3|322|55.0,0.008,102432,4,3,92253.875,687,0,0,1,89582.9,89582.9,89679.2,89686.2,0.938685,0.938097
8|488|8|488|sample|3|322|3|322|55.0,0.04,102826,5,3,92253.875,687,0,0,1,88562.6,88562.6,89499.7,89459.8,0.982863,0.986246
8|488|8|488|sample|3|322|3|322|55.0,0.2,85912,6,3,92253.875,687,0,0,1,80432.3,80432.3,87794.6,87450.5,-0.141544,-0.116126
8|488|8|488|sample|3|322|3|322|55.0,1,75884,7,3,92253.875,687,0,0,1,44966.8,44966.8,75729.5,74094.5,0.0134649,0.159398
8|488|8|488|sample|3|322|3|322|55.0,5,33601,8,3,92253.875,687,0,0,1,9720.29,9720.29,34500.8,32742.7,-0.171941,0.172804
8|488|8|488|sample|10|322|10|322|32.0,0.0003648,81577,1,10,92253.875,687,0,0,1,88768.9,88768.9,79931.8,81077.9,0.135851,0.0406341
8|488|8|488|sample|10|322|10|322|32.0,0.001824,77221,2,10,92253.875,687,0,0,1,89249.7,89249.7,72546.6,74138,0.425245,0.274452
8|488|8|488|sample|10|322|10|322|32.0,0.00912,73813,3,10,92253.875,687,0,0,1,89413,89413,60535.8,62267.3,1.44723,1.22354
8|488|8|488|sample|10|322|10|322|32.0,0.0456,47917,4,10,92253.875,687,0,0,1,88343.5,88343.5,44946.2,46237.4,0.435954,0.23961
8|488|8|488|sample|10|322|10|322|32.0,0.228,23762,5,10,92253.875,687,0,0,1,79008.5,79008.5,29319.7,29828,-1.24923,-1.3403
8|488|8|488|sample|10|322|10|322|32.0,1.14,14795,6,10,92253.875,687,0,0,1,41210.2,41210.2,17147.1,17067.8,-0.902458,-0.876068
8|488|8|488|sample|10|322|10|322|32.0,5.7,9720,7,10,92253.875,687,0,0,1,8430.92,8430.92,9384,9090.75,0.234771,0.453747
8|488|8|488|sample|10|322|10|322|32.0,28.5,5400,8,10,92253.875,687,0,0,1,1621.31,1621.31,5045.07,4763,0.458338,0.870597
8|488|8|488|sample|9|322|9|322|32.0,0.0003648,88000,1,9,92253.875,687,0,0,1,89027.7,89027.7,82323.7,82732.2,0.455115,0.420274
8|488|8|488|sample|9|322|9|322|32.0,0.001824,81172,2,9,92253.875,687,0,0,1,89508.4,89508.4,76041.2,76627,0.445332,0.391474
8|488|8|488|sample|9|322|9|322|32.0,0.00912,76271,3,9,92253.875,687,0,0,1,89671.3,89671.3,64836.3,65474.8,1.16381,1.08813
8|488|8|488|sample|9|322|9|322|32.0,0.0456,48779,4,9,92253.875,687,0,0,1,88598.3,88598.3,48994.5,49423.8,-0.0290185,-0.0860698
8|488|8|488|sample|9|322|9|322|32.0,0.228,28900,5,9,92253.875,687,0,0,1,79236.4,79236.4,32045.2,32107.1,-0.64696,-0.658425
8|488|8|488|sample|9|322|9|322|32.0,1.14,16823,6,9,92253.875,687,0,0,1,41329.3,41329.3,18430,18242.2,-0.573826,-0.511966
8|488|8|488|sample|9|322|9|322|32.0,5.7,9274,7,9,92253.875,687,0,0,1,8455.36,8455.36,9778.02,9539.23,-0.338083,-0.182328
8|488|8|488|sample|9|322|9|322|32.0,28.5,5678,8,9,92253.875,687,0,0,1,1626.03,1626.03,5069.24,4881.12,0.782423,1.06312
8|488|8|488|sample|8|322|8|322|32.0,0.0000768,96152,1,8,92253.875,687,0,0,1,89188,89188,88059.9,87786.7,0.606573,0.629
8|488|8|488|sample|8|322|8|322|32.0,0.000384,86213,2,8,92253.875,687,0,0,1,89682.9,89682.9,86816.5,86229.5,-0.0458833,-0.00126625
8|488|8|488|sample|8|322|8|322|32.0,0.00192,94198,3,8,92253.875,687,0,0,1,89969.9,89969.9,82945,81766.3,0.895484,1.00353
8|488|8|488|sample|8|322|8|322|32.0,0.0096,85402,4,8,92253.875,687,0,0,1,89962.2,89962.2,73984.4,71979.7,1.01852,1.23067
8|488|8|488|sample|8|322|8|322|32.0,0.048,55227,5,8,92253.875,687,0,0,1,88657.3,88657.3,57760.1,55248.6,-0.289358,-0.00257885
8|488|8|488|sample|8|322|8|322|32.0,0.24,28203,6,8,92253.875,687,0,0,1,78579,78579,36974.3,34960.5,-1.56418,-1.27432
8|488|8|488|sample|8|322|8|322|32.0,1.2,15833,7,8,92253.875,687,0,0,1,39742.7,39742.7,19365.5,18368.5,-1.20068,-0.908381
8|488|8|488|sample|8|322|8|322|32.0,6,10222,8,8,92253.875,687,0,0,1,7948.38,7948.38,8948.65,8628.49,0.932665,1.21012
8|488|8|488|sample|7|322|7|322|32.0,0.0000768,88102,1,7,92253.875,687,0,0,1,89263.2,89263.2,87791.8,87877.8,0.0233251,0.0168432
8|488|8|488|sample|7|322|7|322|32.0,0.000384,97131,2,7,92253.875,687,0,0,1,89758.1,89758.1,86173.9,86351.2,0.839291,0.824022
8|488|8|488|sample|7|322|7|322|32.0,0.00192,94452,3,7,92253.875,687,0,0,1,90045,90045,81649.9,81964.3,1.0349,1.00562
8|488|8|488|sample|7|322|7|322|32.0,0.0096,82610,4,7,92253.875,687,0,0,1,90037.3,90037.3,71871.9,72327.9,0.986031,0.93821
8|488|8|488|sample|7|322|7|322|32.0,0.048,53340,5,7,92253.875,687,0,0,1,88731.3,88731.3,55313.3,55774,-0.235379,-0.287932
8|488|8|488|sample|7|322|7|322|32.0,0.24,30010,6,7,92253.875,687,0,0,1,78644.7,78644.7,35265.7,35521.9,-0.982567,-1.02304
8|488|8|488|sample|7|322|7|322|32.0,1.2,17535,7,7,92253.875,687,0,0,1,39776.1,39776.1,18742.7,18779.4,-0.424091,-0.436127
8|488|8|488|sample|7|322|7|322|32.0,6,10208,8,7,92253.875,687,0,0,1,7955.08,7955.09,8909.35,8857.42,0.955356,0.99934
8|488|8|488|sample|11|322|11|322|22.0,0.0003712,81357,1,11,92253.875,687,0,0,1,88382,88382,88240.4,88195.1,-0.514915,-0.511792
8|488|8|488|sample|11|322|11|322|22.0,0.001856,80376,2,11,92253.875,687,0,0,1,88862.5,88862.5,88021.5,87832.5,-0.573348,-0.560376
8|488|8|488|sample|11|322|11|322|22.0,0.00928,77900,3,11,92253.875,687,0,0,1,89023.1,89023.1,84461.8,83625,-0.512799,-0.451878
8|488|8|488|sample|11|322|11|322|22.0,0.0464,59219,4,11,92253.875,687,0,0,1,87930.6,87930.6,67678.6,65221,-0.824884,-0.607282
8|488|8|488|sample|11|322|11|322|22.0,0.2319999999999999,31458,5,11,92253.875,687,0,0,1,78446.2,78446.2,31738.3,29444.6,-0.0582151,0.450652
8|488|8|488|sample|11|322|11|322|22.0,1.16,7890,6,11,92253.875,687,0,0,1,40518.7,40518.7,8273.22,7693.47,-0.303411,0.167218
8|488|8|488|sample|11|322|11|322|22.0,5.8,2100,7,11,92253.875,687,0,0,1,8230.83,8230.83,2085.19,2007.53,0.0453755,0.293957
8|488|8|488|sample|11|322|11|322|22.0,29,842,8,11,92253.875,687,0,0,1,1592.38,1592.38,909.024,902.161,-0.451973,-0.408556
8|488|8|488|sample|12|322|12|322|22.0,0.0003712,85678,1,12,92253.875,687,0,0,1,87825.5,87825.5,87231.7,87325.5,-0.117568,-0.124533
8|488|8|488|sample|12|322|12|322|22.0,0.001856,78320,2,12,92253.875,687,0,0,1,88306.1,88306.1,85678.8,85991,-0.566923,-0.588836
8|488|8|488|sample|12|322|12|322|22.0,0.00928,75748,3,12,92253.875,687,0,0,1,88467.6,88467.6,77966,78571.1,-0.187765,-0.237154
8|488|8|488|sample|12|322|12|322|22.0,0.0464,56968,4,12,92253.875,687,0,0,1,87382.8,87382.8,55384.3,55409.1,0.188665,0.185619
8|488|8|488|sample|12|322|12|322|22.0,0.2319999999999999,26171,5,12,92253.875,687,0,0,1,77957.5,77957.5,24484.5,23389,0.45374,0.783406
8|488|8|488|sample|12|322|12|322|22.0,1.16,6422,6,12,92253.875,687,0,0,1,40265.9,40265.9,7461.29,6693.84,-0.911553,-0.265478
8|488|8|488|sample|12|322|12|322|22.0,5.8,1454,7,12,92253.875,687,0,0,1,8179.29,8179.29,2288.54,2005.02,-2.3369,-1.75375
8|488|8|488|sample|12|322|12|322|22.0,29,1264,8,12,92253.875,687,0,0,1,1582.35,1582.35,1026.89,942.052,1.42719,2.10023
8|488|8|488|cc|1|1|322|1|322|69.0,0,690,1,1,92253.875,687,0,1,0,654.038,654.038,654.147,654.038,0.3268,0.32784
8|488|8|488|cc|2|1|322|1|322|69.0,0,744,2,1,92253.875,687,0,1,0,657.739,657.739,657.783,657.739,0.781943,0.782387
8|488|8|488|cc|3|1|322|1|322|69.0,0,678,3,1,92253.875,687,0,1,0,660.005,660.005,660.013,660.005,0.162632,0.162705
8|488|8|488|cc|4|1|322|1|322|69.0,0,658,4,1,92253.875,687,0,1,0,661.081,661.081,661.073,661.081,-0.0277429,-0.0278151
8|488|8|488|cc|5|1|322|1|322|69.0,0,652,5,1,92253.875,687,0,1,0,661.081,661.081,661.073,661.081,-0.0819148,-0.0819864
8|488|8|488|cc|6|1|322|1|322|69.0,0,686,6,1,92253.875,687,0,1,0,660.005,660.005,660.013,660.005,0.234966,0.23504
8|488|8|488|cc|7|1|322|1|322|69.0,0,710,7,1,92253.875,687,0,1,0,657.739,657.739,657.783,657.739,0.473582,0.474007
8|488|8|488|cc|8|1|322|1|322|69.0,0,678,8,1,92253.875,687,0,1,0,654.038,654.038,654.147,654.038,0.21742,0.218445
8|488|8|488|vc|1|2|322|2|322|69.0,0,94917,1,2,92253.875,687,1,0,0,88384.1,88384.1,88390.1,88384.1,0.487426,0.487905
8|488|8|488|vc|2|2|322|2|322|69.0,0,99297,2,2,92253.875,687,1,0,0,88881.1,88881.1,88878.3,88881.1,0.773788,0.773559
8|488|8|488|vc|3|2|322|2|322|69.0,0,94280,3,2,92253.875,687,1,0,0,89185.4,89185.4,89177.8,89185.4,0.377662,0.377069
8|488|8|488|vc|4|2|322|2|322|69.0,0,91878,4,2,92253.875,687,1,0,0,89329.8,89329.8,89320.1,89329.8,0.189033,0.188295
8|488|8|488|vc|5|2|322|2|322|69.0,0,91882,5,2,92253.875,687,1,0,0,89329.8,89329.8,89320.1,89329.8,0.189328,0.18859
8|488|8|488|vc|6|2|322|2|322|69.0,0,90577,6,2,92253.875,687,1,0,0,89185.4,89185.4,89177.8,89185.4,0.103566,0.102997
8|488|8|488|vc|7|2|322|2|322|69.0,0,89724,7,2,92253.875,687,1,0,0,88881.1,88881.1,88878.3,88881.1,0.0628091,0.0626026
8|488|8|488|vc|8|2|322|2|322|69.0,0,85476,8,2,92253.875,687,1,0,0,88384.1,88384.1,88390.1,88384.1,-0.21762,-0.217188
8|152|8|152|sample|8|322|8|322|65.0,0.0016767999999999,93531,1,8,94087.625,695.25,0,0,1,90944.5,90944.5,90904.5,90847.7,0.190724,0.19497
8|152|8|152|sample|8|322|8|322|65.0,0.0083839999999999,89173,2,8,94087.625,695.25,0,0,1,91322.6,91322.6,90927.1,90515.9,-0.127344,-0.0979296
8|152|8|152|sample|8|322|8|322|65.0,0.04192,74809,3,8,94087.625,695.25,0,0,1,90521.8,90521.8,86763.2,84306.3,-0.909456,-0.743575
8|152|8|152|sample|8|322|8|322|65.0,0.2096,45160,4,8,94087.625,695.25,0,0,1,82000.3,82000.3,58583,52720.9,-1.51184,-0.946144
8|152|8|152|sample|8|322|8|322|65.0,1.048,15135,5,8,94087.625,695.25,0,0,1,44863.8,44863.8,14286.7,13091.4,0.390323,1.02569
8|152|8|152|sample|8|322|8|322|65.0,5.24,2264,6,8,94087.625,695.25,0,0,1,9527.68,9527.68,2261.83,2348.99,0.00615926,-0.232052
8|152|8|152|sample|8|322|8|322|65.0,26.2,818,7,8,94087.625,695.25,0,0,1,1782.45,1782.45,838.448,877.482,-0.148596,-0.414457
8|152|8|152|sample|8|322|8|322|65.0,131,656,8,8,94087.625,695.25,0,0,1,800.471,800.471,689.337,696.821,-0.289794,-0.351393
8|152|8|152|sample|7|322|7|322|65.0,0.0016767999999999,91095,1,7,94087.625,695.25,0,0,1,91021.1,91021.1,90915.3,90882.7,0.0130469,0.0154181
8|152|8|152|sample|7|322|7|322|65.0,0.0083839999999999,90851,2,7,94087.625,695.25,0,0,1,91399.2,91399.2,90589.1,90377.8,0.0190818,0.0345619
8|152|8|152|sample|7|322|7|322|65.0,0.04192,78819,3,7,94087.625,695.25,0,0,1,90597.4,90597.4,84800.6,83681.6,-0.465593,-0.383553
8|152|8|152|sample|7|322|7|322|65.0,0.2096,44579,4,7,94087.625,695.25,0,0,1,82068.7,82068.7,55438.6,53000.1,-1.2924,-1.04824
8|152|8|152|sample|7|322|7|322|65.0,1.048,16869,5,7,94087.625,695.25,0,0,1,44901.2,44901.2,15117.2,14426.9,0.761984,1.11279
8|152|8|152|sample|7|322|7|322|65.0,5.24,2542,6,7,94087.625,695.25,0,0,1,9535.64,9535.64,2776.21,2765.03,-0.543503,-0.519583
8|152|8|152|sample|7|322|7|322|65.0,26.2,990,7,7,94087.625,695.25,0,0,1,1783.94,1783.94,944.636,957.516,0.295179,0.208723
8|152|8|152|sample|7|322|7|322|65.0,131,662,8,7,94087.625,695.25,0,0,1,801.146,801.146,707.06,710.572,-0.382775,-0.410753
8|152|8|152|sample|6|322|6|322|65.0,0.0004351999999999,97021,1,6,94087.625,695.25,0,0,1,91035,91035,90934.2,90928.2,0.441849,0.442317
8|152|8|152|sample|6|322|6|322|65.0,0.0021759999999999,93823,2,6,94087.625,695.25,0,0,1,91520.9,91520.9,90939.7,90904.3,0.209292,0.211943
8|152|8|152|sample|6|322|6|322|65.0,0.0108799999999999,90270,3,6,94087.625,695.25,0,0,1,91647.9,91647.9,88418.7,88223.4,0.138208,0.153129
8|152|8|152|sample|6|322|6|322|65.0,0.0543999999999999,68233,4,6,94087.625,695.25,0,0,1,90223.7,90223.7,74825,74178.9,-0.581451,-0.529026
8|152|8|152|sample|6|322|6|322|65.0,0.2719999999999999,39599,5,6,94087.625,695.25,0,0,1,78511.3,78511.3,39134.5,38454.5,0.0782764,0.196247
8|152|8|152|sample|6|322|6|322|65.0,1.36,10738,6,6,94087.625,695.25,0,0,1,36965.5,36965.5,10629,10497.4,0.0673229,0.150409
8|152|8|152|sample|6|322|6|322|65.0,6.8,2696,7,6,94087.625,695.25,0,0,1,7075.99,7075.99,2513.69,2515.26,0.466022,0.461749
8|152|8|152|sample|6|322|6|322|65.0,34,918,8,6,94087.625,695.25,0,0,1,1451.3,1451.3,986.429,991.659,-0.427656,-0.458074
8|152|8|152|sample|5|322|5|322|65.0,0.0004351999999999,94324,1,5,94087.625,695.25,0,0,1,90958.3,90958.3,90883.3,90870.6,0.249902,0.250861
8|152|8|152|sample|5|322|5|322|65.0,0.0021759999999999,94458,2,5,94087.625,695.25,0,0,1,91444.2,91444.2,90975.7,90906.4,0.252667,0.257898
8|152|8|152|sample|5|322|5|322|65.0,0.0108799999999999,93359,3,5,94087.625,695.25,0,0,1,91571.4,91571.4,88746.4,88389.1,0.343086,0.371148
8|152|8|152|sample|5|322|5|322|65.0,0.0543999999999999,70654,4,5,94087.625,695.25,0,0,1,90148.5,90148.5,75427.4,74270.3,-0.41768,-0.321353
8|152|8|152|sample|5|322|5|322|65.0,0.2719999999999999,40370,5,5,94087.625,695.25,0,0,1,78445.9,78445.9,38380.8,37330.7,0.341763,0.536834
8|152|8|152|sample|5|322|5|322|65.0,1.36,8986,6,5,94087.625,695.25,0,0,1,36934.7,36934.7,9658.78,9567.84,-0.456813,-0.39879
8|152|8|152|sample|5|322|5|322|65.0,6.8,2416,7,5,94087.625,695.25,0,0,1,7070.06,7070.06,2192.78,2230.82,0.65152,0.531551
8|152|8|152|sample|5|322|5|322|65.0,34,924,8,5,94087.625,695.25,0,0,1,1450.08,1450.08,910.565,925.63,0.0904533,-0.0108076
8|152|8|152|sample|12|322|12|322|28.0,0.0014272,79697,1,12,94087.625,695.25,0,0,1,89560.2,89560.2,88415,87846,-0.650869,-0.612325
8|152|8|152|sample|12|322|12|322|28.0,0.007136,67002,2,12,94087.625,695.25,0,0,1,89965,89965,83155.2,81026.8,-1.28218,-1.14246
8|152|8|152|sample|12|322|12|322|28.0,0.03568,48627,3,12,94087.625,695.25,0,0,1,89391.7,89391.7,59386.1,55357,-1.19543,-0.802113
8|152|8|152|sample|12|322|12|322|28.0,0.1784,20494,4,12,94087.625,695.25,0,0,1,82498.3,82498.3,21479.5,20027.1,-0.30211,0.153481
8|152|8|152|sample|12|322|12|322|28.0,0.892,5710,5,12,94087.625,695.25,0,0,1,49053.5,49053.5,4781.84,4808.92,1.2636,1.21993
8|152|8|152|sample|12|322|12|322|28.0,4.46,1250,6,12,94087.625,695.25,0,0,1,11246.1,11246.1,1348.27,1424.27,-0.457546,-0.770128
8|152|8|152|sample|12|322|12|322|28.0,22.3,570,7,12,94087.625,695.25,0,0,1,2015.23,2015.23,775.067,799.907,-1.60191,-1.7447
8|152|8|152|sample|12|322|12|322|28.0,111.5,678,8,12,94087.625,695.25,0,0,1,818.592,818.592,680.13,686.186,-0.0187397,-0.0714548
8|152|8|152|sample|11|322|11|322|28.0,0.0014272,86935,1,11,94087.625,695.25,0,0,1,90127.7,90127.7,89416.8,89426.7,-0.183213,-0.183922
8|152|8|152|sample|11|322|11|322|28.0,0.007136,80844,2,11,94087.625,695.25,0,0,1,90531.8,90531.8,85914.9,85963.5,-0.389594,-0.393106
8|152|8|152|sample|11|322|11|322|28.0,0.03568,56954,3,11,94087.625,695.25,0,0,1,89953,89953,66366.8,66343.1,-0.93596,-0.933932
8|152|8|152|sample|11|322|11|322|28.0,0.1784,26467,4,11,94087.625,695.25,0,0,1,83015.5,83015.5,26334.8,26088.8,0.0330839,0.0955176
8|152|8|152|sample|11|322|11|322|28.0,0.892,6328,5,11,94087.625,695.25,0,0,1,49361,49361,5691.86,5572.89,0.729284,0.883912
8|152|8|152|sample|11|322|11|322|28.0,4.46,1324,6,11,94087.625,695.25,0,0,1,11316.7,11316.7,1452.72,1424.42,-0.558221,-0.443726
8|152|8|152|sample|11|322|11|322|28.0,22.3,672,7,11,94087.625,695.25,0,0,1,2027.93,2027.93,786.85,781.287,-0.884838,-0.847479
8|152|8|152|sample|11|322|11|322|28.0,111.5,632,8,11,94087.625,695.25,0,0,1,823.779,823.779,684.225,683.16,-0.457061,-0.44837
8|152|8|152|sample|10|322|10|322|28.0,0.0004479999999999,91021,1,10,94087.625,695.25,0,0,1,90532.7,90532.7,89990.8,90309.5,0.0755684,0.0520022
8|152|8|152|sample|10|322|10|322|28.0,0.00224,88793,2,10,94087.625,695.25,0,0,1,91017.8,91017.8,88135.6,89581.3,0.0492335,-0.0580907
8|152|8|152|sample|10|322|10|322|28.0,0.0111999999999999,78376,3,10,94087.625,695.25,0,0,1,91138.6,91138.6,77522.9,82578,0.0726342,-0.335872
8|152|8|152|sample|10|322|10|322|28.0,0.0559999999999999,50978,4,10,94087.625,695.25,0,0,1,89662.2,89662.2,46646.7,54149.4,0.61247,-0.386405
8|152|8|152|sample|10|322|10|322|28.0,0.2799999999999999,18817,5,10,94087.625,695.25,0,0,1,77630.4,77630.4,15110.8,17029.6,1.61273,0.690514
8|152|8|152|sample|10|322|10|322|28.0,1.4,3464,6,10,94087.625,695.25,0,0,1,35919.2,35919.2,3728.1,3630.47,-0.459276,-0.297143
8|152|8|152|sample|10|322|10|322|28.0,7,1220,7,10,94087.625,695.25,0,0,1,6810.19,6810.19,1250.24,1138.14,-0.151223,0.447378
8|152|8|152|sample|10|322|10|322|28.0,35,690,8,10,94087.625,695.25,0,0,1,1413.95,1413.95,776.228,741.111,-0.672658,-0.415961
8|152|8|152|sample|9|322|9|322|28.0,0.0004479999999999,92933,1,9,94087.625,695.25,0,0,1,90796.6,90796.6,90631.7,90614.1,0.167609,0.168927
8|152|8|152|sample|9|322|9|322|28.0,0.00224,84649,2,9,94087.625,695.25,0,0,1,91281.7,91281.7,90196.3,90106.4,-0.405979,-0.399797
8|152|8|152|sample|9|322|9|322|28.0,0.0111999999999999,78182,3,9,94087.625,695.25,0,0,1,91401.9,91401.9,84728,84309.9,-0.509957,-0.479758
8|152|8|152|sample|9|322|9|322|28.0,0.0559999999999999,55239,4,9,94087.625,695.25,0,0,1,89920.9,89920.9,59638.4,58734.4,-0.486751,-0.392672
8|152|8|152|sample|9|322|9|322|28.0,0.2799999999999999,20004,5,9,94087.625,695.25,0,0,1,77854.3,77854.3,20362.4,20038.8,-0.115876,-0.0114297
8|152|8|152|sample|9|322|9|322|28.0,1.4,4986,6,9,94087.625,695.25,0,0,1,36022.9,36022.9,4292.91,4297.29,1.04931,1.04163
8|152|8|152|sample|9|322|9|322|28.0,7,1028,7,9,94087.625,695.25,0,0,1,6829.93,6829.93,1235.54,1248.89,-1.04968,-1.1059
8|152|8|152|sample|9|322|9|322|28.0,35,722,8,9,94087.625,695.25,0,0,1,1418.07,1418.07,755.97,759.926,-0.271491,-0.301665
8|152|8|152|sample|3|322|3|322|22.0,0.0010624,87858,1,3,94087.625,695.25,0,0,1,90526.6,90526.6,89861.6,90024,-0.14718,-0.158822
8|152|8|152|sample|3|322|3|322|22.0,0.005312,88455,2,3,94087.625,695.25,0,0,1,90964,90964,87651.9,88278.9,0.0604759,0.0131641
8|152|8|152|sample|3|322|3|322|22.0,0.02656,77137,3,3,94087.625,695.25,0,0,1,90671.8,90671.8,76237.2,77924.7,0.0778954,-0.0667219
8|152|8|152|sample|3|322|3|322|22.0,0.1328,46188,4,3,94087.625,695.25,0,0,1,85874.1,85874.1,45470.3,47064.6,0.104107,-0.122865
8|152|8|152|sample|3|322|3|322|22.0,0.664,17047,5,3,94087.625,695.25,0,0,1,58296,58296,15137.5,15142.1,0.829465,0.827208
8|152|8|152|sample|3|322|3|322|22.0,3.32,3062,6,3,94087.625,695.25,0,0,1,15715.9,15715.9,3898.3,3689.53,-1.392,-1.1025
8|152|8|152|sample|3|322|3|322|22.0,16.6,1382,7,3,94087.625,695.25,0,0,1,2686.91,2686.91,1316.95,1233.94,0.309711,0.749747
8|152|8|152|sample|3|322|3|322|22.0,83,840,8,3,94087.625,695.25,0,0,1,903.984,903.984,795.169,771.575,0.342073,0.536725
8|152|8|152|sample|4|322|4|322|22.0,0.0010624,92432,1,4,94087.625,695.25,0,0,1,90790.4,90790.4,90647.9,90558.6,0.12992,0.136554
8|152|8|152|sample|4|322|4|322|22.0,0.005312,90579,2,4,94087.625,695.25,0,0,1,91227.7,91227.7,90255.7,89778.2,0.0236473,0.0588803
8|152|8|152|sample|4|322|4|322|22.0,0.02656,76034,3,4,94087.625,695.25,0,0,1,90933.7,90933.7,84789.9,82619.6,-0.681626,-0.526123
8|152|8|152|sample|4|322|4|322|22.0,0.1328,50378,4,4,94087.625,695.25,0,0,1,86121.8,86121.8,58874.1,54164.6,-0.952188,-0.461228
8|152|8|152|sample|4|322|4|322|22.0,0.664,19217,5,4,94087.625,695.25,0,0,1,58464.1,58464.1,19112.7,17237.5,0.0359193,0.755525
8|152|8|152|sample|4|322|4|322|22.0,3.32,3728,6,4,94087.625,695.25,0,0,1,15761.4,15761.4,3869.75,3727.95,-0.237656,9.38281e-05
8|152|8|152|sample|4|322|4|322|22.0,16.6,1054,7,4,94087.625,695.25,0,0,1,2694.7,2694.7,1145.78,1164.26,-0.49847,-0.589847
8|152|8|152|sample|4|322|4|322|22.0,83,902,8,4,94087.625,695.25,0,0,1,906.619,906.619,739.241,748.153,1.32766,1.2413
8|152|8|152|cc|1|1|322|1|322|69.0,0,712,1,1,94087.625,695.25,0,1,0,661.892,661.892,662.002,661.892,0.450839,0.4519
8|152|8|152|cc|2|1|322|1|322|69.0,0,712,2,1,94087.625,695.25,0,1,0,665.637,665.637,665.682,665.637,0.415573,0.415996
8|152|8|152|cc|3|1|322|1|322|69.0,0,642,3,1,94087.625,695.25,0,1,0,667.931,667.931,667.939,667.931,-0.232018,-0.231949
8|152|8|152|cc|4|1|322|1|322|69.0,0,720,4,1,94087.625,695.25,0,1,0,669.02,669.02,669.011,669.02,0.455417,0.455339
8|152|8|152|cc|5|1|322|1|322|69.0,0,666,5,1,94087.625,695.25,0,1,0,669.02,669.02,669.011,669.02,-0.0268972,-0.0269694
8|152|8|152|cc|6|1|322|1|322|69.0,0,674,6,1,94087.625,695.25,0,1,0,667.931,667.931,667.939,667.931,0.054213,0.0542847
8|152|8|152|cc|7|1|322|1|322|69.0,0,722,7,1,94087.625,695.25,0,1,0,665.637,665.637,665.682,665.637,0.505295,0.505723
8|152|8|152|cc|8|1|322|1|322|69.0,0,714,8,1,94087.625,695.25,0,1,0,661.892,661.892,662.002,661.892,0.468874,0.469937
8|152|8|152|vc|1|2|322|2|322|69.0,0,94260,1,2,94087.625,695.25,1,0,0,90140.9,90140.9,90147,90140.9,0.301173,0.301639
8|152|8|152|vc|2|2|322|2|322|69.0,0,95803,2,2,94087.625,695.25,1,0,0,90647.8,90647.8,90645,90647.8,0.375623,0.375407
8|152|8|152|vc|3|2|322|2|322|69.0,0,99229,3,2,94087.625,695.25,1,0,0,90958.2,90958.2,90950.4,90958.2,0.600845,0.600233
8|152|8|152|vc|4|2|322|2|322|69.0,0,96260,4,2,94087.625,695.25,1,0,0,91105.5,91105.5,91095.6,91105.5,0.374231,0.373472
8|152|8|152|vc|5|2|322|2|322|69.0,0,93357,5,2,94087.625,695.25,1,0,0,91105.5,91105.5,91095.6,91105.5,0.163871,0.163135
8|152|8|152|vc|6|2|322|2|322|69.0,0,92328,6,2,94087.625,695.25,1,0,0,90958.2,90958.2,90950.4,90958.2,0.0999812,0.0994118
8|152|8|152|vc|7|2|322|2|322|69.0,0,91784,7,2,94087.625,695.25,1,0,0,90647.8,90647.8,90645,90647.8,0.0829482,0.0827411
8|152|8|152|vc|8|2|322|2|322|69.0,0,89680,8,2,94087.625,695.25,1,0,0,90140.9,90140.9,90147,90140.9,-0.0341968,-0.0337528
8|847|8|847|sample|6|69|6|69|55.0,0.0006144,127160,1,6,136227.125,737.5,0,0,1,131805,131805,125682,125186,0.0776274,0.104123
8|847|8|847|sample|6|69|6|69|55.0,0.003072,130753,2,6,136227.125,737.5,0,0,1,132490,132490,119256,118368,0.636512,0.690813
8|847|8|847|sample|6|69|6|69|55.0,0.01536,115206,3,6,136227.125,737.5,0,0,1,132517,132517,106031,104643,0.571267,0.666374
8|847|8|847|sample|6|69|6|69|55.0,0.0768,93986,4,6,136227.125,737.5,0,0,1,129150,129150,84320.1,82623.9,0.756652,0.907678
8|847|8|847|sample|6|69|6|69|55.0,0.384,45894,5,6,136227.125,737.5,0,0,1,104573,104573,57440,55965.4,-1.32628,-1.18733
8|847|8|847|sample|6|69|6|69|55.0,1.92,27093,6,6,136227.125,737.5,0,0,1,39553.5,39553.5,33366.2,32476,-1.23941,-1.09262
8|847|8|847|sample|6|69|6|69|55.0,9.6,17839,7,6,136227.125,737.5,0,0,1,6710.87,6710.87,17254.2,16861.5,0.222973,0.381396
8|847|8|847|sample|6|69|6|69|55.0,48,9360,8,6,136227.125,737.5,0,0,1,1426.04,1426.04,8458.75,8326.02,0.698036,0.813495
8|847|8|847|sample|3|69|3|69|55.0,0.000064,141928,1,3,136227.125,737.5,0,0,1,131084,131084,130842,130844,0.559426,0.559332
8|847|8|847|sample|3|69|3|69|55.0,0.00032,138654,2,3,136227.125,737.5,0,0,1,131815,131815,131026,131036,0.384371,0.383865
8|847|8|847|sample|3|69|3|69|55.0,0.0016,135457,3,3,136227.125,737.5,0,0,1,132245,132245,129777,129751,0.288995,0.290364
8|847|8|847|sample|3|69|3|69|55.0,0.008,145249,4,3,136227.125,737.5,0,0,1,132283,132283,124852,124628,1.07866,1.09243
8|847|8|847|sample|3|69|3|69|55.0,0.04,131047,5,3,136227.125,737.5,0,0,1,130773,130773,110863,109980,1.20195,1.2646
8|847|8|847|sample|3|69|3|69|55.0,0.2,70406,6,3,136227.125,737.5,0,0,1,118743,118743,81546.4,79528.6,-0.901714,-0.757113
8|847|8|847|sample|3|69|3|69|55.0,1,35020,7,3,136227.125,737.5,0,0,1,66266.3,66266.3,44312.1,42013.6,-1.38308,-1.09782
8|847|8|847|sample|3|69|3|69|55.0,5,19157,8,3,136227.125,737.5,0,0,1,14114,14114,18279.9,16873.9,0.315765,0.890127
8|847|8|847|sample|4|69|4|69|55.0,0.000064,137164,1,4,136227.125,737.5,0,0,1,131466,131466,130971,131105,0.312196,0.305133
8|847|8|847|sample|4|69|4|69|55.0,0.00032,143262,2,4,136227.125,737.5,0,0,1,132197,132197,130751,131093,0.631793,0.612883
8|847|8|847|sample|4|69|4|69|55.0,0.0016,134282,3,4,136227.125,737.5,0,0,1,132627,132627,128516,129304,0.296227,0.254207
8|847|8|847|sample|4|69|4|69|55.0,0.008,148754,4,4,136227.125,737.5,0,0,1,132664,132664,121504,123101,1.48075,1.37585
8|847|8|847|sample|4|69|4|69|55.0,0.04,120142,5,4,136227.125,737.5,0,0,1,131150,131150,104446,106901,0.992105,0.817705
8|847|8|847|sample|4|69|4|69|55.0,0.2,68131,6,4,136227.125,737.5,0,0,1,119086,119086,74064.9,76129.5,-0.528764,-0.693428
8|847|8|847|sample|4|69|4|69|55.0,1,33891,7,4,136227.125,737.5,0,0,1,66458.4,66458.4,40207.4,40590.2,-1.03598,-1.08843
8|847|8|847|sample|4|69|4|69|55.0,5,19357,8,4,136227.125,737.5,0,0,1,14155.1,14155.1,17488.4,16970,0.702997,0.925376
8|847|8|847|sample|10|69|10|69|32.0,0.0003648,119901,1,10,136227.125,737.5,0,0,1,131081,131081,131084,131080,-0.563294,-0.56308
8|847|8|847|sample|10|69|10|69|32.0,0.001824,119010,2,10,136227.125,737.5,0,0,1,131791,131791,131766,131713,-0.639184,-0.636778
8|847|8|847|sample|10|69|10|69|32.0,0.00912,106506,3,10,136227.125,737.5,0,0,1,132032,132032,130928,129796,-1.23158,-1.18473
8|847|8|847|sample|10|69|10|69|32.0,0.0456,64608,4,10,136227.125,737.5,0,0,1,130449,130449,99580,91160.6,-2.31841,-1.9227
8|847|8|847|sample|10|69|10|69|32.0,0.228,13842,5,10,136227.125,737.5,0,0,1,116636,116636,11785.5,11789.3,1.1459,1.14338
8|847|8|847|sample|10|69|10|69|32.0,1.14,918,6,10,136227.125,737.5,0,0,1,60706.7,60706.7,1083.85,1220.82,-0.949062,-1.54903
8|847|8|847|sample|10|69|10|69|32.0,5.7,610,7,10,136227.125,737.5,0,0,1,12204.6,12204.6,725.72,735.716,-0.959977,-1.02997
8|847|8|847|sample|10|69|10|69|32.0,28.5,526,8,10,136227.125,737.5,0,0,1,2130.05,2130.05,710.966,711.499,-1.56339,-1.56683
8|847|8|847|sample|9|69|9|69|32.0,0.0003648,122535,1,9,136227.125,737.5,0,0,1,131463,131463,131460,131464,-0.448253,-0.448457
8|847|8|847|sample|9|69|9|69|32.0,0.001824,114457,2,9,136227.125,737.5,0,0,1,132173,132173,132093,132144,-0.881542,-0.883744
8|847|8|847|sample|9|69|9|69|32.0,0.00912,103659,3,9,136227.125,737.5,0,0,1,132413,132413,130448,131096,-1.3559,-1.38185
8|847|8|847|sample|9|69|9|69|32.0,0.0456,70963,4,9,136227.125,737.5,0,0,1,130825,130825,94683.5,99795.9,-1.65377,-1.9073
8|847|8|847|sample|9|69|9|69|32.0,0.228,15485,5,9,136227.125,737.5,0,0,1,116972,116972,12936.8,13491.2,1.29414,0.971193
8|847|8|847|sample|9|69|9|69|32.0,1.14,998,6,9,136227.125,737.5,0,0,1,60882.1,60882.1,1272.7,1221.17,-1.35093,-1.14129
8|847|8|847|sample|9|69|9|69|32.0,5.7,588,7,9,136227.125,737.5,0,0,1,12240,12240,739.509,734.601,-1.23548,-1.20274
8|847|8|847|sample|9|69|9|69|32.0,28.5,600,8,9,136227.125,737.5,0,0,1,2136.26,2136.26,713.62,713.327,-0.957099,-0.954991
8|847|8|847|sample|7|69|7|69|32.0,0.0000768,124621,1,7,136227.125,737.5,0,0,1,131811,131811,131806,131811,-0.359907,-0.36017
8|847|8|847|sample|7|69|7|69|32.0,0.000384,124263,2,7,136227.125,737.5,0,0,1,132542,132542,132526,132545,-0.411655,-0.412557
8|847|8|847|sample|7|69|7|69|32.0,0.00192,127505,3,7,136227.125,737.5,0,0,1,132965,132965,132935,132984,-0.269713,-0.272036
8|847|8|847|sample|7|69|7|69|32.0,0.0096,128418,4,7,136227.125,737.5,0,0,1,132953,132953,132159,132743,-0.186879,-0.215112
8|847|8|847|sample|7|69|7|69|32.0,0.048,77472,5,7,136227.125,737.5,0,0,1,131021,131021,107831,115231,-1.85869,-2.16338
8|847|8|847|sample|7|69|7|69|32.0,0.24,19051,6,7,136227.125,737.5,0,0,1,116096,116096,16822.2,17262.6,0.871586,0.681599
8|847|8|847|sample|7|69|7|69|32.0,1.2,998,7,7,136227.125,737.5,0,0,1,58584.1,58584.1,1315.21,1139.98,-1.51213,-0.774795
8|847|8|847|sample|7|69|7|69|32.0,6,632,8,7,136227.125,737.5,0,0,1,11500.6,11500.6,734.089,723.995,-0.838093,-0.764819
8|847|8|847|sample|8|69|8|69|32.0,0.0000768,130681,1,8,136227.125,737.5,0,0,1,131700,131700,131696,131700,-0.0508641,-0.0510957
8|847|8|847|sample|8|69|8|69|32.0,0.000384,131502,2,8,136227.125,737.5,0,0,1,132431,132431,132416,132434,-0.0455889,-0.0464414
8|847|8|847|sample|8|69|8|69|32.0,0.00192,123225,3,8,136227.125,737.5,0,0,1,132854,132854,132849,132863,-0.478315,-0.47896
8|847|8|847|sample|8|69|8|69|32.0,0.0096,120550,4,8,136227.125,737.5,0,0,1,132843,132843,132621,132341,-0.600961,-0.588254
8|847|8|847|sample|8|69|8|69|32.0,0.048,74924,5,8,136227.125,737.5,0,0,1,130912,130912,115307,109918,-2.31222,-2.10181
8|847|8|847|sample|8|69|8|69|32.0,0.24,17541,6,8,136227.125,737.5,0,0,1,116000,116000,17086.6,15663.3,0.174968,0.788377
8|847|8|847|sample|8|69|8|69|32.0,1.2,1000,7,8,136227.125,737.5,0,0,1,58535,58535,1124.55,1170.73,-0.688418,-0.908581
8|847|8|847|sample|8|69|8|69|32.0,6,620,8,8,136227.125,737.5,0,0,1,11490.9,11490.9,722.824,726.184,-0.856111,-0.880361
8|847|8|847|sample|12|69|12|69|22.0,0.0003712,124911,1,12,136227.125,737.5,0,0,1,129688,129688,129712,129691,-0.244398,-0.243349
8|847|8|847|sample|12|69|12|69|22.0,0.001856,113518,2,12,136227.125,737.5,0,0,1,130398,130398,130429,130424,-0.856078,-0.85587
8|847|8|847|sample|12|69|12|69|22.0,0.00928,110811,3,12,136227.125,737.5,0,0,1,130636,130636,130778,130859,-1.00806,-1.01152
8|847|8|847|sample|12|69|12|69|22.0,0.0464,95553,4,12,136227.125,737.5,0,0,1,129030,129030,128911,130463,-1.70853,-1.76677
8|847|8|847|sample|12|69|12|69|22.0,0.2319999999999999,71057,5,12,136227.125,737.5,0,0,1,115084,115084,95090.8,110130,-1.66844,-2.3423
8|847|8|847|sample|12|69|12|69|22.0,1.16,17709,6,12,136227.125,737.5,0,0,1,59312.2,59312.2,14304.8,15800.7,1.56439,0.794297
8|847|8|847|sample|12|69|12|69|22.0,5.8,964,7,12,136227.125,737.5,0,0,1,11835.2,11835.2,1376.58,1132.95,-1.88334,-0.927346
8|847|8|847|sample|12|69|12|69|22.0,29,514,8,12,136227.125,737.5,0,0,1,2075.27,2075.27,732.945,713.739,-1.79997,-1.68229
8|847|8|847|sample|11|69|11|69|22.0,0.0003712,133212,1,11,136227.125,737.5,0,0,1,130510,130510,130522,130513,0.136098,0.136553
8|847|8|847|sample|11|69|11|69|22.0,0.001856,105958,2,11,136227.125,737.5,0,0,1,131219,131219,131242,131246,-1.272,-1.27217
8|847|8|847|sample|11|69|11|69|22.0,0.00928,119951,3,11,136227.125,737.5,0,0,1,131456,131456,131663,131674,-0.587325,-0.587853
8|847|8|847|sample|11|69|11|69|22.0,0.0464,102632,4,11,136227.125,737.5,0,0,1,129839,129839,131123,131137,-1.43463,-1.4352
8|847|8|847|sample|11|69|11|69|22.0,0.2319999999999999,66738,5,11,136227.125,737.5,0,0,1,115805,115805,109249,108977,-2.56891,-2.55886
8|847|8|847|sample|11|69|11|69|22.0,1.16,18073,6,11,136227.125,737.5,0,0,1,59684.7,59684.7,16398.7,15981.8,0.671573,0.860623
8|847|8|847|sample|11|69|11|69|22.0,5.8,1002,7,11,136227.125,737.5,0,0,1,11909.7,11909.7,1213.69,1191.1,-1.08887,-0.990115
8|847|8|847|sample|11|69|11|69|22.0,29,630,8,11,136227.125,737.5,0,0,1,2088.42,2088.42,721.802,720.899,-0.765325,-0.758665
8|847|8|847|sample|5|69|5|69|55.0,0.0006144,138978,1,5,136227.125,737.5,0,0,1,131694,131694,127049,127359,0.619931,0.60236
8|847|8|847|sample|5|69|5|69|55.0,0.003072,131680,2,5,136227.125,737.5,0,0,1,132379,132379,121972,122441,0.525489,0.498167
8|847|8|847|sample|5|69|5|69|55.0,0.01536,120056,3,5,136227.125,737.5,0,0,1,132407,132407,110677,111170,0.559431,0.527711
8|847|8|847|sample|5|69|5|69|55.0,0.0768,103047,4,5,136227.125,737.5,0,0,1,129042,129042,90605,90724.2,0.906457,0.896597
8|847|8|847|sample|5|69|5|69|55.0,0.384,56782,5,5,136227.125,737.5,0,0,1,104486,104486,63552.4,62944.5,-0.702988,-0.646043
8|847|8|847|sample|5|69|5|69|55.0,1.92,28614,6,5,136227.125,737.5,0,0,1,39520.4,39520.4,37516,36440.8,-1.5646,-1.41614
8|847|8|847|sample|5|69|5|69|55.0,9.6,20034,7,5,136227.125,737.5,0,0,1,6705.24,6705.24,19350.2,18360.8,0.232599,0.599703
8|847|8|847|sample|5|69|5|69|55.0,48,9472,8,5,136227.125,737.5,0,0,1,1424.84,1424.84,9324.62,8660.34,0.103632,0.614132
8|847|8|847|cc|1|1|69|1|69|69.0,0,676,1,1,136227.125,737.5,0,1,0,702.115,702.115,702.232,702.115,-0.224225,-0.22326
8|847|8|847|cc|2|1|69|1|69|69.0,0,738,2,1,136227.125,737.5,0,1,0,706.088,706.088,706.135,706.088,0.271008,0.271424
8|847|8|847|cc|3|1|69|1|69|69.0,0,778,3,1,136227.125,737.5,0,1,0,708.521,708.521,708.529,708.521,0.589022,0.5891
8|847|8|847|cc|4|1|69|1|69|69.0,0,704,4,1,136227.125,737.5,0,1,0,709.676,709.676,709.667,709.676,-0.0479781,-0.0480505
8|847|8|847|cc|5|1|69|1|69|69.0,0,732,5,1,136227.125,737.5,0,1,0,709.676,709.676,709.667,709.676,0.18908,0.189005
8|847|8|847|cc|6|1|69|1|69|69.0,0,732,6,1,136227.125,737.5,0,1,0,708.521,708.521,708.529,708.521,0.199001,0.199074
8|847|8|847|cc|7|1|69|1|69|69.0,0,698,7,1,136227.125,737.5,0,1,0,706.088,706.088,706.135,706.088,-0.0691865,-0.068791
8|847|8|847|cc|8|1|69|1|69|69.0,0,842,8,1,136227.125,737.5,0,1,0,702.115,702.115,702.232,702.115,1.19471,1.19589
8|847|8|847|vc|1|2|69|2|69|69.0,0,128428,1,2,136227.125,737.5,1,0,0,130513,130513,130522,130513,-0.105908,-0.105468
8|847|8|847|vc|2|2|69|2|69|69.0,0,140797,2,2,136227.125,737.5,1,0,0,131247,131247,131243,131247,0.480668,0.480449
8|847|8|847|vc|3|2|69|2|69|69.0,0,133543,3,2,136227.125,737.5,1,0,0,131696,131696,131685,131696,0.0931658,0.0925968
8|847|8|847|vc|4|2|69|2|69|69.0,0,145073,4,2,136227.125,737.5,1,0,0,131909,131909,131895,131909,0.659688,0.658899
8|847|8|847|vc|5|2|69|2|69|69.0,0,153047,5,2,136227.125,737.5,1,0,0,131909,131909,131895,131909,1.05886,1.05803
8|847|8|847|vc|6|2|69|2|69|69.0,0,143667,6,2,136227.125,737.5,1,0,0,131696,131696,131685,131696,0.600779,0.600167
8|847|8|847|vc|7|2|69|2|69|69.0,0,129385,7,2,136227.125,737.5,1,0,0,131247,131247,131243,131247,-0.0934516,-0.0936534
8|847|8|847|vc|8|2|69|2|69|69.0,0,115877,8,2,136227.125,737.5,1,0,0,130513,130513,130522,130513,-0.740815,-0.740419
8|1241|8|1241|sample|8|69|8|69|65.0,0.0016767999999999,121770,1,8,143143,744.25,0,0,1,138361,126615,126532,126628,-0.24846,-0.253284
8|1241|8|1241|sample|8|69|8|69|65.0,0.0083839999999999,123321,2,8,143143,744.25,0,0,1,138936,129108,128952,129118,-0.288331,-0.296439
8|1241|8|1241|sample|8|69|8|69|65.0,0.04192,107730,3,8,143143,744.25,0,0,1,137714,129156,126927,127432,-0.998594,-1.02082
8|1241|8|1241|sample|8|69|8|69|65.0,0.2096,71467,4,8,143143,744.25,0,0,1,124720,117475,86878.9,87694.6,-1.17095,-1.22146
8|1241|8|1241|sample|8|69|8|69|65.0,1.048,15643,5,8,143143,744.25,0,0,1,68096.6,64141.1,14106.5,13503.7,0.715948,1.04115
8|1241|8|1241|sample|8|69|8|69|65.0,5.24,1224,6,8,143143,744.25,0,0,1,14218.7,13335.1,1555.97,1452.17,-1.34826,-0.989859
8|1241|8|1241|sample|8|69|8|69|65.0,131,698,8,8,143143,744.25,0,0,1,914.673,837.025,661.829,661.578,0.326241,0.328611
8|1241|8|1241|sample|7|69|7|69|65.0,0.0016767999999999,108612,1,7,143143,744.25,0,0,1,138478,127020,126943,127040,-0.953415,-0.957726
8|1241|8|1241|sample|7|69|7|69|65.0,0.0083839999999999,132043,2,7,143143,744.25,0,0,1,139052,129512,129463,129638,0.131592,0.122499
8|1241|8|1241|sample|7|69|7|69|65.0,0.04192,103837,3,7,143143,744.25,0,0,1,137829,129555,128533,129418,-1.26861,-1.30506
8|1241|8|1241|sample|7|69|7|69|65.0,0.2096,67344,4,7,143143,744.25,0,0,1,124824,117836,91510.2,97199.1,-1.74322,-2.02764
8|1241|8|1241|sample|7|69|7|69|65.0,1.048,16545,5,7,143143,744.25,0,0,1,68153.5,64338.2,13208.6,14244.2,1.65982,1.06183
8|1241|8|1241|sample|7|69|7|69|65.0,5.24,1080,6,7,143143,744.25,0,0,1,14230.6,13376.3,1326.35,1306.37,-1.16499,-1.08601
8|1241|8|1241|sample|7|69|7|69|65.0,26.2,630,7,7,143143,744.25,0,0,1,2412.25,2246.75,704.671,701.064,-0.636263,-0.608365
8|1241|8|1241|sample|7|69|7|69|65.0,131,742,8,7,143143,744.25,0,0,1,915.444,839.701,662.318,662.478,0.718194,0.716601
8|1241|8|1241|sample|5|69|5|69|65.0,0.0004351999999999,121832,1,5,143143,744.25,0,0,1,138382,126634,126545,126638,-0.245906,-0.250578
8|1241|8|1241|sample|5|69|5|69|65.0,0.0021759999999999,140835,2,5,143143,744.25,0,0,1,139121,129280,129186,129313,0.595389,0.588314
8|1241|8|1241|sample|5|69|5|69|65.0,0.0108799999999999,137897,3,5,143143,744.25,0,0,1,139314,130657,130795,130916,0.358489,0.352075
8|1241|8|1241|sample|5|69|5|69|65.0,0.0543999999999999,135431,4,5,143143,744.25,0,0,1,137144,129178,131065,130535,0.219924,0.247629
8|1241|8|1241|sample|5|69|5|69|65.0,0.2719999999999999,82387,5,5,143143,744.25,0,0,1,119301,112371,110541,101211,-1.68145,-1.22782
8|1241|8|1241|sample|5|69|5|69|65.0,1.36,13976,6,5,143143,744.25,0,0,1,56007.2,52526.7,13226.6,12504.9,0.37233,0.772804
8|1241|8|1241|sample|5|69|5|69|65.0,6.8,886,7,5,143143,744.25,0,0,1,10472.5,9731.69,952.119,1061.19,-0.427083,-1.02258
8|1241|8|1241|sample|5|69|5|69|65.0,34,672,8,5,143143,744.25,0,0,1,1905.16,1743.42,664.443,670.869,0.0679127,0.0100805
8|1241|8|1241|sample|6|69|6|69|65.0,0.0004351999999999,111866,1,6,143143,744.25,0,0,1,138499,127039,126949,127043,-0.784434,-0.788752
8|1241|8|1241|sample|6|69|6|69|65.0,0.0021759999999999,142701,2,6,143143,744.25,0,0,1,139238,129685,129587,129714,0.66815,0.66104
8|1241|8|1241|sample|6|69|6|69|65.0,0.0108799999999999,125759,3,6,143143,744.25,0,0,1,139431,131061,131152,131251,-0.271477,-0.27629
8|1241|8|1241|sample|6|69|6|69|65.0,0.0543999999999999,131940,4,6,143143,744.25,0,0,1,137259,129575,130359,129686,0.0800842,0.114767
8|1241|8|1241|sample|6|69|6|69|65.0,0.2719999999999999,82195,5,6,143143,744.25,0,0,1,119400,112716,97807.1,91706.8,-1.05372,-0.68466
8|1241|8|1241|sample|6|69|6|69|65.0,1.36,13458,6,6,143143,744.25,0,0,1,56054,52689.1,12648.4,12154.6,0.420478,0.704346
8|1241|8|1241|sample|6|69|6|69|65.0,6.8,1074,7,6,143143,744.25,0,0,1,10481.3,9762.15,1135.02,1203.94,-0.334365,-0.673484
8|1241|8|1241|sample|6|69|6|69|65.0,34,706,8,6,143143,744.25,0,0,1,1906.76,1749,677.007,683.643,0.25619,0.19581
8|1241|8|1241|sample|11|69|11|69|28.0,0.0014272,134163,1,11,143143,744.25,0,0,1,137118,122291,122221,122281,0.645089,0.641535
8|1241|8|1241|sample|11|69|11|69|28.0,0.007136,125008,2,11,143143,744.25,0,0,1,137733,124824,124389,124430,0.0328646,0.030653
8|1241|8|1241|sample|11|69|11|69|28.0,0.03568,97499,3,11,143143,744.25,0,0,1,136849,125221,117027,116444,-1.10168,-1.07413
8|1241|8|1241|sample|11|69|11|69|28.0,0.1784,48649,4,11,143143,744.25,0,0,1,126271,116063,48416.7,47152,0.0316519,0.209416
8|1241|8|1241|sample|11|69|11|69|28.0,0.892,4542,5,11,143143,744.25,0,0,1,74956.4,68896.7,4335.05,4295.51,0.310318,0.372951
8|1241|8|1241|sample|11|69|11|69|28.0,4.46,750,6,11,143143,744.25,0,0,1,16949.3,15509,843.797,848.248,-0.677635,-0.706354
8|1241|8|1241|sample|11|69|11|69|28.0,22.3,594,7,11,143143,744.25,0,0,1,2787.28,2526.05,659.228,660.227,-0.590408,-0.598629
8|1241|8|1241|sample|11|69|11|69|28.0,111.5,630,8,11,143143,744.25,0,0,1,952.969,849.919,636.886,637.255,-0.0642966,-0.0677113
8|1241|8|1241|sample|12|69|12|69|28.0,0.0014272,111500,1,12,143143,744.25,0,0,1,136255,119295,119251,119262,-0.429153,-0.429692
8|1241|8|1241|sample|12|69|12|69|28.0,0.007136,107277,2,12,143143,744.25,0,0,1,136871,121832,121348,121132,-0.765567,-0.75516
8|1241|8|1241|sample|12|69|12|69|28.0,0.03568,90454,3,12,143143,744.25,0,0,1,135995,122258,113606,110671,-1.34546,-1.20602
8|1241|8|1241|sample|12|69|12|69|28.0,0.1784,42485,4,12,143143,744.25,0,0,1,125484,113333,47767.7,42590.7,-0.729506,-0.016367
8|1241|8|1241|sample|12|69|12|69|28.0,0.892,4900,5,12,143143,744.25,0,0,1,74489.5,67276.4,4636.47,4362.79,0.369851,0.800493
8|1241|8|1241|sample|12|69|12|69|28.0,4.46,576,6,12,143143,744.25,0,0,1,16843.5,15142.1,864.638,872.982,-2.0388,-2.07918
8|1241|8|1241|sample|12|69|12|69|28.0,22.3,596,7,12,143143,744.25,0,0,1,2769.83,2465.49,646.624,648.797,-0.466273,-0.484822
8|1241|8|1241|sample|12|69|12|69|28.0,111.5,724,8,12,143143,744.25,0,0,1,946.968,829.098,621.65,621.99,0.976706,0.972982
8|1241|8|1241|sample|9|69|9|69|28.0,0.0004479999999999,120464,1,9,143143,744.25,0,0,1,138136,125781,125695,125784,-0.274753,-0.279252
8|1241|8|1241|sample|9|69|9|69|28.0,0.00224,125146,2,9,143143,744.25,0,0,1,138874,128426,128316,128441,-0.163111,-0.169366
8|1241|8|1241|sample|9|69|9|69|28.0,0.0111999999999999,122270,3,9,143143,744.25,0,0,1,139056,129794,129534,129683,-0.370252,-0.377429
8|1241|8|1241|sample|9|69|9|69|28.0,0.0559999999999999,109131,4,9,143143,744.25,0,0,1,136798,128242,122512,122724,-0.721105,-0.731291
8|1241|8|1241|sample|9|69|9|69|28.0,0.2799999999999999,54272,5,9,143143,744.25,0,0,1,118399,110994,55170.4,55294.5,-0.10744,-0.122009
8|1241|8|1241|sample|9|69|9|69|28.0,1.4,5582,6,9,143143,744.25,0,0,1,54617.6,50979.5,5056.56,5039.02,0.677002,0.702003
8|1241|8|1241|sample|9|69|9|69|28.0,7,630,7,9,143143,744.25,0,0,1,10106.9,9346.5,885.488,883.575,-1.76528,-1.75558
8|1241|8|1241|sample|9|69|9|69|28.0,35,696,8,9,143143,744.25,0,0,1,1856.89,1690.81,664.78,665.045,0.280454,0.277971
8|1241|8|1241|sample|10|69|10|69|28.0,0.0004479999999999,119437,1,10,143143,744.25,0,0,1,137735,124388,124309,124388,-0.258745,-0.262805
8|1241|8|1241|sample|10|69|10|69|28.0,0.00224,128019,2,10,143143,744.25,0,0,1,138473,127033,126910,127007,0.0576828,0.0526025
8|1241|8|1241|sample|10|69|10|69|28.0,0.0111999999999999,115226,3,10,143143,744.25,0,0,1,138656,128404,127829,127714,-0.650952,-0.645613
8|1241|8|1241|sample|10|69|10|69|28.0,0.0559999999999999,98666,4,10,143143,744.25,0,0,1,136404,126877,117189,114895,-1.04356,-0.932536
8|1241|8|1241|sample|10|69|10|69|28.0,0.2799999999999999,43315,5,10,143143,744.25,0,0,1,118059,109813,45627.4,42361.1,-0.334279,0.148515
8|1241|8|1241|sample|10|69|10|69|28.0,1.4,4672,6,10,143143,744.25,0,0,1,54460.3,50433.5,4403.66,4307.81,0.396197,0.549483
8|1241|8|1241|sample|10|69|10|69|28.0,7,726,7,10,143143,744.25,0,0,1,10077.7,9245.13,873.307,887.059,-1.03095,-1.11101
8|1241|8|1241|sample|10|69|10|69|28.0,35,620,8,10,143143,744.25,0,0,1,1851.5,1672.08,658.868,661.139,-0.351984,-0.371398
8|1241|8|1241|sample|3|69|3|69|22.0,0.0010624,130158,1,3,143143,744.25,0,0,1,137725,124380,124311,124391,0.31056,0.306078
8|1241|8|1241|sample|3|69|3|69|22.0,0.005312,136763,2,3,143143,744.25,0,0,1,138391,126958,126948,127057,0.510462,0.504366
8|1241|8|1241|sample|3|69|3|69|22.0,0.02656,145073,3,3,143143,744.25,0,0,1,137944,127744,128455,128438,0.854153,0.855128
8|1241|8|1241|sample|3|69|3|69|22.0,0.1328,129359,4,3,143143,744.25,0,0,1,130628,121505,125447,122907,0.20591,0.346568
8|1241|8|1241|sample|3|69|3|69|22.0,0.664,56804,5,3,143143,744.25,0,0,1,88578.7,82391.9,62868.4,54759.5,-0.63653,0.246329
8|1241|8|1241|sample|3|69|3|69|22.0,3.32,4212,6,3,143143,744.25,0,0,1,23655.6,21906.5,4071.25,4179.85,0.224491,0.0499659
8|1241|8|1241|sample|3|69|3|69|22.0,83,726,8,3,143143,744.25,0,0,1,1073.93,969.868,650.085,652.913,0.695857,0.667315
8|1241|8|1241|sample|4|69|4|69|22.0,0.0010624,125943,1,4,143143,744.25,0,0,1,138127,125773,125696,125785,0.0130005,0.00829985
8|1241|8|1241|sample|4|69|4|69|22.0,0.005312,138587,2,4,143143,744.25,0,0,1,138792,128350,128333,128456,0.527565,0.520709
8|1241|8|1241|sample|4|69|4|69|22.0,0.02656,140654,3,4,143143,744.25,0,0,1,138342,129127,129832,129952,0.550333,0.543764
8|1241|8|1241|sample|4|69|4|69|22.0,0.1328,125268,4,4,143143,744.25,0,0,1,131005,122812,126533,126044,-0.0660198,-0.040662
8|1241|8|1241|sample|4|69|4|69|22.0,0.664,58098,5,4,143143,744.25,0,0,1,88834.2,83278.5,61000.7,57233,-0.31399,0.0997191
8|1241|8|1241|sample|4|69|4|69|22.0,3.32,3740,6,4,143143,744.25,0,0,1,23724,22143.7,3821.5,3553.83,-0.138326,0.339335
8|1241|8|1241|sample|4|69|4|69|22.0,16.6,582,7,4,143143,744.25,0,0,1,3801.72,3515.7,759.835,754.736,-1.41466,-1.38259
8|1241|8|1241|sample|4|69|4|69|22.0,83,692,8,4,143143,744.25,0,0,1,1077.06,980.731,657.003,657.371,0.317747,0.314245
8|1241|8|1241|sample|3|69|3|69|65.0,26.2,688,7,3,143143,744.25,0,0,1,2399.02,2200.83,670.734,705,0.153858,-0.144798
8|1241|8|1241|sample|8|69|8|69|22.0,16.6,688,7,8,143143,744.25,0,0,1,3808.45,3539.05,683.353,714.346,0.040716,-0.221723
8|1241|8|1241|cc|1|1|69|1|69|69.0,0,692,1,1,143143,744.25,0,1,0,708.541,620.348,620.189,620.348,0.686731,0.685045
8|1241|8|1241|cc|2|1|69|1|69|69.0,0,714,2,1,143143,744.25,0,1,0,712.55,634.26,633.919,634.26,0.750894,0.747333
8|1241|8|1241|cc|3|1|69|1|69|69.0,0,742,3,1,143143,744.25,0,1,0,715.006,642.779,642.342,642.779,0.92342,0.918801
8|1241|8|1241|cc|4|1|69|1|69|69.0,0,754,4,1,143143,744.25,0,1,0,716.171,646.822,646.343,646.822,0.991968,0.986895
8|1241|8|1241|cc|5|1|69|1|69|69.0,0,770,5,1,143143,744.25,0,1,0,716.171,646.822,646.343,646.822,1.13939,1.13422
8|1241|8|1241|cc|6|1|69|1|69|69.0,0,746,6,1,143143,744.25,0,1,0,715.006,642.779,642.342,642.779,0.960484,0.955842
8|1241|8|1241|cc|7|1|69|1|69|69.0,0,752,7,1,143143,744.25,0,1,0,712.55,634.26,633.919,634.26,1.10721,1.10347
8|1241|8|1241|cc|8|1|69|1|69|69.0,0,784,8,1,143143,744.25,0,1,0,708.541,620.348,620.189,620.348,1.56653,1.56464
8|1241|8|1241|vc|1|2|69|2|69|69.0,0,134396,1,2,143143,744.25,1,0,0,137139,122309,122245,122309,0.656245,0.652469
8|1241|8|1241|vc|2|2|69|2|69|69.0,0,143827,2,2,143143,744.25,1,0,0,137910,124985,124886,124985,1.00136,0.99537
8|1241|8|1241|vc|3|2|69|2|69|69.0,0,147132,3,2,143143,744.25,1,0,0,138382,126623,126506,126623,1.07649,1.06939
8|1241|8|1241|vc|4|2|69|2|69|69.0,0,155723,4,2,143143,744.25,1,0,0,138606,127401,127276,127401,1.47572,1.4678
8|1241|8|1241|vc|5|2|69|2|69|69.0,0,155074,5,2,143143,744.25,1,0,0,138606,127401,127276,127401,1.44206,1.43416
8|1241|8|1241|vc|6|2|69|2|69|69.0,0,152580,6,2,143143,744.25,1,0,0,138382,126623,126506,126623,1.36082,1.35346
8|1241|8|1241|vc|7|2|69|2|69|69.0,0,142167,7,2,143143,744.25,1,0,0,137910,124985,124886,124985,0.913603,0.907679
8|1241|8|1241|vc|8|2|69|2|69|69.0,0,114245,8,2,143143,744.25,1,0,0,137139,122309,122245,122309,-0.432091,-0.4353
8|474|8|474|sample|5|276|5|276|55.0,0.0006144,132239,1,5,126520,740.5,0,0,1,122310,122258,122169,122178,0.544195,0.543665
8|474|8|474|sample|5|276|5|276|55.0,0.003072,134624,2,5,126520,740.5,0,0,1,122947,122903,122475,122446,0.654919,0.656658
8|474|8|474|sample|5|276|5|276|55.0,0.01536,128618,3,5,126520,740.5,0,0,1,122972,122933,120648,120402,0.436137,0.450556
8|474|8|474|sample|5|276|5|276|55.0,0.0768,115873,4,5,126520,740.5,0,0,1,119849,119814,108740,107726,0.433059,0.499305
8|474|8|474|sample|5|276|5|276|55.0,0.384,72562,5,5,126520,740.5,0,0,1,97052.3,97023.9,67612.8,65968.2,0.483059,0.659609
8|474|8|474|sample|5|276|5|276|55.0,1.92,20404,6,5,126520,740.5,0,0,1,36742.7,36731.1,20815.9,20307.1,-0.130271,0.0314149
8|474|8|474|sample|5|276|5|276|55.0,9.6,3584,7,5,126520,740.5,0,0,1,6279.07,6276.83,4522.72,4496.78,-1.35008,-1.32022
8|474|8|474|sample|5|276|5|276|55.0,48,1678,8,5,126520,740.5,0,0,1,1376.8,1376.21,1352.58,1363.16,1.51051,1.45064
8|474|8|474|sample|6|276|6|276|55.0,0.0006144,136505,1,6,126520,740.5,0,0,1,122413,122362,122244,122272,0.77022,0.768552
8|474|8|474|sample|6|276|6|276|55.0,0.003072,126395,2,6,126520,740.5,0,0,1,123050,123007,122435,122501,0.213542,0.209847
8|474|8|474|sample|6|276|6|276|55.0,0.01536,119521,3,6,126520,740.5,0,0,1,123075,123037,120091,120316,-0.0313118,-0.0436316
8|474|8|474|sample|6|276|6|276|55.0,0.0768,112647,4,6,126520,740.5,0,0,1,119949,119915,106476,107342,0.382605,0.326281
8|474|8|474|sample|6|276|6|276|55.0,0.384,74357,5,6,126520,740.5,0,0,1,97133.3,97105.9,64155.6,65862.4,1.0493,0.851122
8|474|8|474|sample|6|276|6|276|55.0,1.92,20760,6,6,126520,740.5,0,0,1,36773.4,36762.2,19844.5,20712.4,0.303669,0.015132
8|474|8|474|sample|6|276|6|276|55.0,9.6,3528,7,6,126520,740.5,0,0,1,6284.33,6282.16,4507.36,4695.89,-1.41325,-1.61864
8|474|8|474|sample|6|276|6|276|55.0,48,1762,8,6,126520,740.5,0,0,1,1377.96,1377.38,1385.92,1418.39,1.70573,1.52448
8|474|8|474|sample|3|276|3|276|55.0,0.000064,140286,1,3,126520,740.5,0,0,1,121743,121684,121667,121684,1.0104,1.00932
8|474|8|474|sample|3|276|3|276|55.0,0.00032,140390,2,3,126520,740.5,0,0,1,122423,122372,122345,122372,0.973778,0.972105
8|474|8|474|sample|3|276|3|276|55.0,0.0016,126011,3,3,126520,740.5,0,0,1,122821,122776,122745,122779,0.175676,0.173786
8|474|8|474|sample|3|276|3|276|55.0,0.008,136248,4,3,126520,740.5,0,0,1,122857,122813,122757,122810,0.725598,0.722449
8|474|8|474|sample|3|276|3|276|55.0,0.04,123688,5,3,126520,740.5,0,0,1,121455,121412,120843,121004,0.155427,0.146462
8|474|8|474|sample|3|276|3|276|55.0,0.2,100688,6,3,126520,740.5,0,0,1,110287,110246,103755,104258,-0.195141,-0.226053
8|474|8|474|sample|3|276|3|276|55.0,1,44295,7,3,126520,740.5,0,0,1,61571.2,61545.6,42245.1,42174.5,0.320027,0.331598
8|474|8|474|sample|3|276|3|276|55.0,5,6292,8,3,126520,740.5,0,0,1,13156.3,13149.9,6427.64,6236.7,-0.137891,0.057918
8|474|8|474|sample|4|276|4|276|55.0,0.000064,137562,1,4,126520,740.5,0,0,1,122098,122043,122023,122042,0.840797,0.839586
8|474|8|474|sample|4|276|4|276|55.0,0.00032,134604,2,4,126520,740.5,0,0,1,122777,122731,122697,122727,0.640748,0.638958
8|474|8|474|sample|4|276|4|276|55.0,0.0016,133116,3,4,126520,740.5,0,0,1,123176,123135,123060,123101,0.53952,0.53713
8|474|8|474|sample|4|276|4|276|55.0,0.008,133348,4,4,126520,740.5,0,0,1,123211,123172,122822,122895,0.565857,0.561574
8|474|8|474|sample|4|276|4|276|55.0,0.04,121193,5,4,126520,740.5,0,0,1,121805,121767,119391,119560,0.0996681,0.0901724
8|474|8|474|sample|4|276|4|276|55.0,0.2,98200,6,4,126520,740.5,0,0,1,110606,110569,97204.5,97109.8,0.0676044,0.0741075
8|474|8|474|sample|4|276|4|276|55.0,1,38819,7,4,126520,740.5,0,0,1,61749.7,61726.3,39088.9,37853.7,-0.0455275,0.168143
8|474|8|474|sample|4|276|4|276|55.0,5,6826,8,4,126520,740.5,0,0,1,13194.6,13188.7,7209.52,6681.85,-0.348012,0.141024
8|474|8|474|sample|9|276|9|276|32.0,0.0003648,135511,1,9,126520,740.5,0,0,1,122095,122040,122007,122002,0.730776,0.731033
8|474|8|474|sample|9|276|9|276|32.0,0.001824,117258,2,9,126520,740.5,0,0,1,122755,122708,122205,121770,-0.267277,-0.244653
8|474|8|474|sample|9|276|9|276|32.0,0.00912,89772,3,9,126520,740.5,0,0,1,122978,122937,109832,103756,-1.20578,-0.889752
8|474|8|474|sample|9|276|9|276|32.0,0.0456,24875,4,9,126520,740.5,0,0,1,121504,121465,27303.6,23198.7,-0.586097,0.475911
8|474|8|474|sample|9|276|9|276|32.0,0.228,1858,5,9,126520,740.5,0,0,1,108644,108609,1856.57,1874.79,0.00490264,-0.0570137
8|474|8|474|sample|9|276|9|276|32.0,1.14,680,6,9,126520,740.5,0,0,1,56573.3,56554.3,760.097,770.813,-0.636964,-0.712985
8|474|8|474|sample|9|276|9|276|32.0,5.7,720,7,9,126520,740.5,0,0,1,11417.1,11412.7,720.431,721.372,-0.00359686,-0.0114482
8|474|8|474|sample|9|276|9|276|32.0,28.5,790,8,9,126520,740.5,0,0,1,2037.13,2036.22,715.191,715.35,0.628907,0.627446
8|474|8|474|sample|10|276|10|276|32.0,0.0003648,136491,1,10,126520,740.5,0,0,1,121741,121681,121517,121645,0.813604,0.805774
8|474|8|474|sample|10|276|10|276|32.0,0.001824,112487,2,10,126520,740.5,0,0,1,122400,122349,120025,121457,-0.414629,-0.487609
8|474|8|474|sample|10|276|10|276|32.0,0.00912,87404,3,10,126520,740.5,0,0,1,122624,122578,94250.1,104266,-0.479497,-1.06763
8|474|8|474|sample|10|276|10|276|32.0,0.0456,26053,4,10,126520,740.5,0,0,1,121154,121111,21890,24156.5,1.25232,0.517132
8|474|8|474|sample|10|276|10|276|32.0,0.228,1910,5,10,126520,740.5,0,0,1,108331,108293,2333.93,1938.81,-1.16469,-0.0947156
8|474|8|474|sample|10|276|10|276|32.0,1.14,702,6,10,126520,740.5,0,0,1,56410.3,56389.3,823.625,771.771,-0.8985,-0.54716
8|474|8|474|sample|10|276|10|276|32.0,5.7,688,7,10,126520,740.5,0,0,1,11384.1,11379.3,723.677,719.405,-0.296723,-0.26261
8|474|8|474|sample|10|276|10|276|32.0,28.5,768,8,10,126520,740.5,0,0,1,2031.21,2030.22,713.477,713.25,0.459366,0.461413
8|474|8|474|sample|8|276|8|276|32.0,0.0000768,139337,1,8,126520,740.5,0,0,1,122315,122263,122242,122262,0.923306,0.922107
8|474|8|474|sample|8|276|8|276|32.0,0.000384,129049,2,8,126520,740.5,0,0,1,122994,122950,122910,122914,0.329757,0.329517
8|474|8|474|sample|8|276|8|276|32.0,0.00192,112244,3,8,126520,740.5,0,0,1,123388,123349,122958,122521,-0.575322,-0.553825
8|474|8|474|sample|8|276|8|276|32.0,0.0096,86461,4,8,126520,740.5,0,0,1,123377,123341,113047,107109,-1.55264,-1.27268
8|474|8|474|sample|8|276|8|276|32.0,0.048,30862,5,8,126520,740.5,0,0,1,121584,121549,33116,28548.1,-0.448682,0.534114
8|474|8|474|sample|8|276|8|276|32.0,0.24,2300,6,8,126520,740.5,0,0,1,107741,107707,2175.25,2329.36,0.366951,-0.0808266
8|474|8|474|sample|8|276|8|276|32.0,1.2,754,7,8,126520,740.5,0,0,1,54394.3,54374.9,769.414,794.066,-0.121221,-0.306103
8|474|8|474|sample|8|276|8|276|32.0,6,720,8,8,126520,740.5,0,0,1,10721.4,10716.8,718.062,719.866,0.0162351,0.0011225
8|474|8|474|sample|7|276|7|276|32.0,0.0000768,132990,1,7,126520,740.5,0,0,1,122418,122367,122346,122367,0.574397,0.57317
8|474|8|474|sample|7|276|7|276|32.0,0.000384,129527,2,7,126520,740.5,0,0,1,123097,123055,123014,123037,0.34959,0.348256
8|474|8|474|sample|7|276|7|276|32.0,0.00192,112032,3,7,126520,740.5,0,0,1,123491,123453,123032,122913,-0.59031,-0.584493
8|474|8|474|sample|7|276|7|276|32.0,0.0096,80668,4,7,126520,740.5,0,0,1,123480,123445,112142,109736,-1.85292,-1.74879
8|474|8|474|sample|7|276|7|276|32.0,0.048,30208,5,7,126520,740.5,0,0,1,121686,121651,30267.7,27892.7,-0.0129985,0.54698
8|474|8|474|sample|7|276|7|276|32.0,0.24,1942,6,7,126520,740.5,0,0,1,107831,107798,1978.62,1974.01,-0.118055,-0.103436
8|474|8|474|sample|7|276|7|276|32.0,1.2,666,7,7,126520,740.5,0,0,1,54439.9,54421.1,762.291,766.865,-0.763729,-0.795638
8|474|8|474|sample|7|276|7|276|32.0,6,798,8,7,126520,740.5,0,0,1,10730.5,10726,718.381,718.812,0.66664,0.662664
8|474|8|474|sample|12|276|12|276|22.0,0.0003712,121914,1,12,126520,740.5,0,0,1,120447,120371,120370,120373,0.0847141,0.0845208
8|474|8|474|sample|12|276|12|276|22.0,0.001856,119881,2,12,126520,740.5,0,0,1,121106,121039,121021,121037,-0.0621723,-0.0630526
8|474|8|474|sample|12|276|12|276|22.0,0.00928,117603,3,12,126520,740.5,0,0,1,121327,121265,120687,120781,-0.168725,-0.173732
8|474|8|474|sample|12|276|12|276|22.0,0.0464,87318,4,12,126520,740.5,0,0,1,119837,119778,104388,105648,-1.07954,-1.1454
8|474|8|474|sample|12|276|12|276|22.0,0.2319999999999999,26931,5,12,126520,740.5,0,0,1,106890,106837,23689.3,25022.4,0.90132,0.502485
8|474|8|474|sample|12|276|12|276|22.0,1.16,1852,6,12,126520,740.5,0,0,1,55115.2,55087.1,1808.63,1868.3,0.152466,-0.0555416
8|474|8|474|sample|12|276|12|276|22.0,5.8,644,7,12,126520,740.5,0,0,1,11040.5,11034.4,752.543,754.228,-0.871097,-0.882816
8|474|8|474|sample|12|276|12|276|22.0,29,664,8,12,126520,740.5,0,0,1,1979.78,1978.54,707.136,707.189,-0.366395,-0.366822
8|474|8|474|sample|11|276|11|276|22.0,0.0003712,134430,1,11,126520,740.5,0,0,1,121210,121144,121133,121147,0.724719,0.723932
8|474|8|474|sample|11|276|11|276|22.0,0.001856,130150,2,11,126520,740.5,0,0,1,121869,121811,121791,121827,0.45312,0.451032
8|474|8|474|sample|11|276|11|276|22.0,0.00928,116133,3,11,126520,740.5,0,0,1,122089,122036,121620,121933,-0.297853,-0.314063
8|474|8|474|sample|11|276|11|276|22.0,0.0464,92512,4,11,126520,740.5,0,0,1,120588,120539,108203,111990,-0.957344,-1.14825
8|474|8|474|sample|11|276|11|276|22.0,0.2319999999999999,31016,5,11,126520,740.5,0,0,1,107560,107516,28022.8,29096.1,0.70385,0.434854
8|474|8|474|sample|11|276|11|276|22.0,1.16,1746,6,11,126520,740.5,0,0,1,55461.3,55437.5,2047.21,1764.03,-0.939577,-0.0649068
8|474|8|474|sample|11|276|11|276|22.0,5.8,650,7,11,126520,740.5,0,0,1,11110.1,11104.8,765.244,744.16,-0.91082,-0.763448
8|474|8|474|sample|11|276|11|276|22.0,29,692,8,11,126520,740.5,0,0,1,1992.33,1991.24,711.891,710.865,-0.167926,-0.159476
8|474|8|474|cc|1|1|276|1|276|69.0,0,688,1,1,126520,740.5,0,1,0,704.971,704.529,704.509,704.529,-0.140704,-0.140867
8|474|8|474|cc|2|1|276|1|276|69.0,0,722,2,1,126520,740.5,0,1,0,708.96,708.567,708.492,708.567,0.114533,0.113885
8|474|8|474|cc|3|1|276|1|276|69.0,0,726,3,1,126520,740.5,0,1,0,711.403,711.041,710.936,711.041,0.127332,0.126428
8|474|8|474|cc|4|1|276|1|276|69.0,0,740,4,1,126520,740.5,0,1,0,712.562,712.214,712.097,712.214,0.235507,0.234477
8|474|8|474|cc|5|1|276|1|276|69.0,0,730,5,1,126520,740.5,0,1,0,712.562,712.214,712.097,712.214,0.151106,0.150089
8|474|8|474|cc|6|1|276|1|276|69.0,0,798,6,1,126520,740.5,0,1,0,711.403,711.041,710.936,711.041,0.73592,0.734935
8|474|8|474|cc|7|1|276|1|276|69.0,0,812,7,1,126520,740.5,0,1,0,708.96,708.567,708.492,708.567,0.877655,0.876933
8|474|8|474|cc|8|1|276|1|276|69.0,0,708,8,1,126520,740.5,0,1,0,704.971,704.529,704.509,704.529,0.0297498,0.029583
8|474|8|474|vc|1|2|276|2|276|69.0,0,128388,1,2,126520,740.5,1,0,0,121213,121147,121134,121147,0.395351,0.394636
8|474|8|474|vc|2|2|276|2|276|69.0,0,126824,2,2,126520,740.5,1,0,0,121894,121837,121815,121837,0.271491,0.270256
8|474|8|474|vc|3|2|276|2|276|69.0,0,135976,3,2,126520,740.5,1,0,0,122312,122259,122232,122259,0.742356,0.740735
8|474|8|474|vc|4|2|276|2|276|69.0,0,130086,4,2,126520,740.5,1,0,0,122510,122460,122431,122460,0.412828,0.411156
8|474|8|474|vc|5|2|276|2|276|69.0,0,126830,5,2,126520,740.5,1,0,0,122510,122460,122431,122460,0.237241,0.235611
8|474|8|474|vc|6|2|276|2|276|69.0,0,130250,6,2,126520,740.5,1,0,0,122312,122259,122232,122259,0.433068,0.431515
8|474|8|474|vc|7|2|276|2|276|69.0,0,124477,7,2,126520,740.5,1,0,0,121894,121837,121815,121837,0.144284,0.143072
8|474|8|474|vc|8|2|276|2|276|69.0,0,109329,8,2,126520,740.5,1,0,0,121213,121147,121134,121147,-0.643441,-0.644051
8|1056|8|1056|sample|8|276|8|276|65.0,0.0016767999999999,118740,1,8,122846.625,713.75,0,0,1,118743,118743,118729,118729,0.000592719,0.000618
8|1056|8|1056|sample|8|276|8|276|65.0,0.0083839999999999,113636,2,8,122846.625,713.75,0,0,1,119236,119236,118828,118763,-0.288449,-0.28502
8|1056|8|1056|sample|8|276|8|276|65.0,0.04192,84503,3,8,122846.625,713.75,0,0,1,118188,118188,109647,108511,-1.51395,-1.46066
8|1056|8|1056|sample|8|276|8|276|65.0,0.2096,42717,4,8,122846.625,713.75,0,0,1,107044,107044,43869.1,40969.6,-0.173209,0.281281
8|1056|8|1056|sample|8|276|8|276|65.0,1.048,4102,5,8,122846.625,713.75,0,0,1,58479,58479,4172.15,3863.43,-0.109223,0.400616
8|1056|8|1056|sample|8|276|8|276|65.0,5.24,716,6,8,122846.625,713.75,0,0,1,12268.8,12268.8,885.731,870.585,-1.17245,-1.08501
8|1056|8|1056|sample|8|276|8|276|65.0,26.2,656,7,8,122846.625,713.75,0,0,1,2140.67,2140.67,704.716,704.104,-0.415084,-0.410189
8|1056|8|1056|sample|8|276|8|276|65.0,131,828,8,8,122846.625,713.75,0,0,1,857.55,857.55,691.498,691.491,1.18323,1.1833
8|1056|8|1056|sample|7|276|7|276|65.0,0.0016767999999999,121659,1,7,122846.625,713.75,0,0,1,118843,118843,118812,118832,0.158229,0.157083
8|1056|8|1056|sample|7|276|7|276|65.0,0.0083839999999999,115654,2,7,122846.625,713.75,0,0,1,119336,119336,118689,118892,-0.168811,-0.179795
8|1056|8|1056|sample|7|276|7|276|65.0,0.04192,88699,3,7,122846.625,713.75,0,0,1,118287,118287,107205,108709,-1.13963,-1.21518
8|1056|8|1056|sample|7|276|7|276|65.0,0.2096,41994,4,7,122846.625,713.75,0,0,1,107133,107133,39914.2,40361.4,0.343625,0.266756
8|1056|8|1056|sample|7|276|7|276|65.0,1.048,3906,5,7,122846.625,713.75,0,0,1,58527.8,58527.8,4010.54,3690.33,-0.169221,0.378822
8|1056|8|1056|sample|7|276|7|276|65.0,5.24,700,6,7,122846.625,713.75,0,0,1,12279,12279,895.706,855.857,-1.33793,-1.11133
8|1056|8|1056|sample|7|276|7|276|65.0,26.2,682,7,7,122846.625,713.75,0,0,1,2142.47,2142.47,706.867,703.581,-0.211292,-0.184149
8|1056|8|1056|sample|7|276|7|276|65.0,131,978,8,7,122846.625,713.75,0,0,1,858.273,858.273,692.221,692,2.47484,2.47748
8|1056|8|1056|sample|6|276|6|276|65.0,0.0004351999999999,124775,1,6,122846.625,713.75,0,0,1,118861,118861,118857,118863,0.328727,0.328404
8|1056|8|1056|sample|6|276|6|276|65.0,0.0021759999999999,126207,2,6,122846.625,713.75,0,0,1,119495,119495,119462,119487,0.37275,0.371309
8|1056|8|1056|sample|6|276|6|276|65.0,0.0108799999999999,119281,3,6,122846.625,713.75,0,0,1,119661,119661,118996,119112,0.0158116,0.00934342
8|1056|8|1056|sample|6|276|6|276|65.0,0.0543999999999999,96692,4,6,122846.625,713.75,0,0,1,117798,117798,104563,104990,-0.496934,-0.521774
8|1056|8|1056|sample|6|276|6|276|65.0,0.2719999999999999,31741,5,6,122846.625,713.75,0,0,1,102481,102481,31311,30228.9,0.0905284,0.329674
8|1056|8|1056|sample|6|276|6|276|65.0,1.36,2592,6,6,122846.625,713.75,0,0,1,48150.3,48150.3,2780.24,2536.07,-0.436195,0.141752
8|1056|8|1056|sample|6|276|6|276|65.0,6.8,696,7,6,122846.625,713.75,0,0,1,9063.1,9063.1,804.179,784.064,-0.816933,-0.680685
8|1056|8|1056|sample|6|276|6|276|65.0,34,792,8,6,122846.625,713.75,0,0,1,1708.51,1708.51,697.139,695.786,0.81623,0.829341
8|1056|8|1056|sample|5|276|5|276|65.0,0.0004351999999999,127222,1,5,122846.625,713.75,0,0,1,118761,118761,118759,118763,0.470514,0.470224
8|1056|8|1056|sample|5|276|5|276|65.0,0.0021759999999999,128464,2,5,122846.625,713.75,0,0,1,119395,119395,119375,119403,0.502675,0.501019
8|1056|8|1056|sample|5|276|5|276|65.0,0.0108799999999999,127679,3,5,122846.625,713.75,0,0,1,119561,119561,119025,119247,0.480052,0.466876
8|1056|8|1056|sample|5|276|5|276|65.0,0.0543999999999999,99273,4,5,122846.625,713.75,0,0,1,117700,117700,104579,106773,-0.334944,-0.463723
8|1056|8|1056|sample|5|276|5|276|65.0,0.2719999999999999,30808,5,5,122846.625,713.75,0,0,1,102396,102396,28292.2,29361.8,0.585982,0.324602
8|1056|8|1056|sample|5|276|5|276|65.0,1.36,2194,6,5,122846.625,713.75,0,0,1,48110.1,48110.1,2276.61,2166.42,-0.232493,0.0814417
8|1056|8|1056|sample|5|276|5|276|65.0,6.8,672,7,5,122846.625,713.75,0,0,1,9055.5,9055.5,765.972,753.371,-0.742053,-0.652379
8|1056|8|1056|sample|5|276|5|276|65.0,34,838,8,5,122846.625,713.75,0,0,1,1707.07,1707.07,694.139,693.298,1.24271,1.25135
8|1056|8|1056|sample|12|276|12|276|28.0,0.0014272,103621,1,12,122846.625,713.75,0,0,1,116935,116935,116847,116210,-0.747327,-0.715208
8|1056|8|1056|sample|12|276|12|276|28.0,0.007136,90392,2,12,122846.625,713.75,0,0,1,117464,117464,114574,107882,-1.39342,-1.07031
8|1056|8|1056|sample|12|276|12|276|28.0,0.03568,45926,3,12,122846.625,713.75,0,0,1,116713,116713,71009.6,52093.9,-2.33126,-0.78111
8|1056|8|1056|sample|12|276|12|276|28.0,0.1784,8166,4,12,122846.625,713.75,0,0,1,107698,107698,7329.03,6836.07,0.747215,1.27206
8|1056|8|1056|sample|12|276|12|276|28.0,0.892,754,5,12,122846.625,713.75,0,0,1,63960.9,63960.9,968.951,1145.29,-1.36596,-2.12591
8|1056|8|1056|sample|12|276|12|276|28.0,4.46,634,6,12,122846.625,713.75,0,0,1,14519,14519,697.944,719.122,-0.549631,-0.712049
8|1056|8|1056|sample|12|276|12|276|28.0,22.3,642,7,12,122846.625,713.75,0,0,1,2447.97,2447.98,684.807,686.602,-0.374346,-0.389119
8|1056|8|1056|sample|12|276|12|276|28.0,111.5,824,8,12,122846.625,713.75,0,0,1,884.134,884.139,680.593,680.623,1.26113,1.26082
8|1056|8|1056|sample|11|276|11|276|28.0,0.0014272,105151,1,11,122846.625,713.75,0,0,1,117676,117676,117626,117449,-0.700188,-0.691323
8|1056|8|1056|sample|11|276|11|276|28.0,0.007136,95978,2,11,122846.625,713.75,0,0,1,118204,118204,116340,113989,-1.15552,-1.04317
8|1056|8|1056|sample|11|276|11|276|28.0,0.03568,58120,3,11,122846.625,713.75,0,0,1,117446,117446,81204.4,69746.6,-1.87633,-1.10012
8|1056|8|1056|sample|11|276|11|276|28.0,0.1784,10642,4,11,122846.625,713.75,0,0,1,108373,108373,9449.41,9095.9,0.827562,1.11425
8|1056|8|1056|sample|11|276|11|276|28.0,0.892,906,5,11,122846.625,713.75,0,0,1,64361.9,64361.9,1043.74,1181.27,-0.816566,-1.45259
8|1056|8|1056|sample|11|276|11|276|28.0,4.46,610,6,11,122846.625,713.75,0,0,1,14610.1,14610.1,704.058,717.603,-0.802097,-0.901833
8|1056|8|1056|sample|11|276|11|276|28.0,22.3,712,7,11,122846.625,713.75,0,0,1,2463.4,2463.4,689.091,690.064,0.199213,0.190501
8|1056|8|1056|sample|11|276|11|276|28.0,111.5,888,8,11,122846.625,713.75,0,0,1,889.737,889.742,684.838,684.851,1.77658,1.77643
8|1056|8|1056|sample|10|276|10|276|28.0,0.0004479999999999,119885,1,10,122846.625,713.75,0,0,1,118205,118205,118202,118202,0.0940064,0.0940112
8|1056|8|1056|sample|10|276|10|276|28.0,0.00224,122847,2,10,122846.625,713.75,0,0,1,118838,118838,118687,118718,0.231398,0.22961
8|1056|8|1056|sample|10|276|10|276|28.0,0.0111999999999999,100100,3,10,122846.625,713.75,0,0,1,118996,118996,115666,115980,-0.88848,-0.903961
8|1056|8|1056|sample|10|276|10|276|28.0,0.0559999999999999,61989,4,10,122846.625,713.75,0,0,1,117065,117065,71965.4,73397.7,-0.9149,-1.02585
8|1056|8|1056|sample|10|276|10|276|28.0,0.2799999999999999,9934,5,10,122846.625,713.75,0,0,1,101330,101330,8506.71,8589.18,1.09928,1.0259
8|1056|8|1056|sample|10|276|10|276|28.0,1.4,774,6,10,122846.625,713.75,0,0,1,46782.9,46782.9,1084.24,1073.65,-1.77466,-1.72994
8|1056|8|1056|sample|10|276|10|276|28.0,7,638,7,10,122846.625,713.75,0,0,1,8716.54,8716.55,709.869,708.744,-0.608315,-0.599653
8|1056|8|1056|sample|10|276|10|276|28.0,35,822,8,10,122846.625,713.75,0,0,1,1660.7,1660.71,688.633,688.539,1.16042,1.16138
8|1056|8|1056|sample|9|276|9|276|28.0,0.0004479999999999,120198,1,9,122846.625,713.75,0,0,1,118550,118550,118550,118550,0.0917673,0.0918037
8|1056|8|1056|sample|9|276|9|276|28.0,0.00224,115424,2,9,122846.625,713.75,0,0,1,119183,119183,119173,119122,-0.207705,-0.20495
8|1056|8|1056|sample|9|276|9|276|28.0,0.0111999999999999,104040,3,9,122846.625,713.75,0,0,1,119340,119340,118586,117340,-0.809842,-0.74835
8|1056|8|1056|sample|9|276|9|276|28.0,0.0559999999999999,62803,4,9,122846.625,713.75,0,0,1,117402,117402,91380,80901.2,-2.06433,-1.47656
8|1056|8|1056|sample|9|276|9|276|28.0,0.2799999999999999,11416,5,9,122846.625,713.75,0,0,1,101622,101622,10292.9,9830.41,0.715887,1.05794
8|1056|8|1056|sample|9|276|9|276|28.0,1.4,788,6,9,122846.625,713.75,0,0,1,46918.1,46918.1,981.274,1092.55,-1.21381,-1.72967
8|1056|8|1056|sample|9|276|9|276|28.0,7,614,7,9,122846.625,713.75,0,0,1,8741.81,8741.82,701.373,709.6,-0.747678,-0.809454
8|1056|8|1056|sample|9|276|9|276|28.0,35,832,8,9,122846.625,713.75,0,0,1,1665.54,1665.55,689.976,690.416,1.23356,1.22903
8|1056|8|1056|sample|4|276|4|276|22.0,0.0010624,123910,1,4,122846.625,713.75,0,0,1,118542,118542,118547,118539,0.298687,0.299142
8|1056|8|1056|sample|4|276|4|276|22.0,0.005312,126950,2,4,122846.625,713.75,0,0,1,119112,119112,119087,118922,0.435958,0.445686
8|1056|8|1056|sample|4|276|4|276|22.0,0.02656,105914,3,4,122846.625,713.75,0,0,1,118727,118727,116473,113866,-0.598514,-0.461062
8|1056|8|1056|sample|4|276|4|276|22.0,0.1328,55539,4,4,122846.625,713.75,0,0,1,112434,112434,68612.2,58989.5,-1.25743,-0.385953
8|1056|8|1056|sample|4|276|4|276|22.0,0.664,6766,5,4,122846.625,713.75,0,0,1,76265.1,76265.1,6104.76,6012.07,0.707367,0.81881
8|1056|8|1056|sample|4|276|4|276|22.0,3.32,686,6,4,122846.625,713.75,0,0,1,20421.2,20421.2,898.257,966.035,-1.44725,-1.78455
8|1056|8|1056|sample|4|276|4|276|22.0,16.6,742,7,4,122846.625,713.75,0,0,1,3333.99,3333.99,700.782,706.765,0.352983,0.299425
8|1056|8|1056|sample|4|276|4|276|22.0,83,876,8,4,122846.625,713.75,0,0,1,996.7,996.7,690.015,690.408,1.6153,1.61106
8|1056|8|1056|sample|3|276|3|276|22.0,0.0010624,130132,1,3,122846.625,713.75,0,0,1,118197,118197,118206,118196,0.666079,0.666747
8|1056|8|1056|sample|3|276|3|276|22.0,0.005312,127154,2,3,122846.625,713.75,0,0,1,118768,118768,118752,118580,0.467101,0.477398
8|1056|8|1056|sample|3|276|3|276|22.0,0.02656,111063,3,3,122846.625,713.75,0,0,1,118385,118385,116083,113136,-0.28551,-0.120953
8|1056|8|1056|sample|3|276|3|276|22.0,0.1328,53602,4,3,122846.625,713.75,0,0,1,112111,112111,65596.9,54469.2,-1.20669,-0.105043
8|1056|8|1056|sample|3|276|3|276|22.0,0.664,5384,5,3,122846.625,713.75,0,0,1,76045.7,76045.7,5260.18,4974.3,0.153446,0.536487
8|1056|8|1056|sample|3|276|3|276|22.0,3.32,738,6,3,122846.625,713.75,0,0,1,20362.3,20362.3,850.912,893.859,-0.809436,-1.06756
8|1056|8|1056|sample|3|276|3|276|22.0,16.6,690,7,3,122846.625,713.75,0,0,1,3324.35,3324.35,696.755,700.63,-0.058149,-0.0910516
8|1056|8|1056|sample|3|276|3|276|22.0,83,842,8,3,122846.625,713.75,0,0,1,993.803,993.803,687.945,688.171,1.34164,1.33927
8|1056|8|1056|cc|1|1|276|1|276|69.0,0,686,1,1,122846.625,713.75,0,1,0,679.505,679.505,679.618,679.505,0.0562004,0.0572042
8|1056|8|1056|cc|2|1|276|1|276|69.0,0,688,2,1,122846.625,713.75,0,1,0,683.35,683.35,683.395,683.35,0.0403461,0.040747
8|1056|8|1056|cc|3|1|276|1|276|69.0,0,708,3,1,122846.625,713.75,0,1,0,685.704,685.704,685.712,685.704,0.194672,0.194745
8|1056|8|1056|cc|4|1|276|1|276|69.0,0,700,4,1,122846.625,713.75,0,1,0,686.822,686.822,686.813,686.822,0.115013,0.114939
8|1056|8|1056|cc|5|1|276|1|276|69.0,0,734,5,1,122846.625,713.75,0,1,0,686.822,686.822,686.813,686.822,0.411555,0.411477
8|1056|8|1056|cc|6|1|276|1|276|69.0,0,694,6,1,122846.625,713.75,0,1,0,685.704,685.704,685.712,685.704,0.0723884,0.0724604
8|1056|8|1056|cc|7|1|276|1|276|69.0,0,744,7,1,122846.625,713.75,0,1,0,683.35,683.35,683.395,683.35,0.530982,0.531413
8|1056|8|1056|cc|8|1|276|1|276|69.0,0,756,8,1,122846.625,713.75,0,1,0,679.505,679.505,679.618,679.505,0.672584,0.67368
8|1056|8|1056|vc|1|2|276|2|276|69.0,0,125929,1,2,122846.625,713.75,1,0,0,117694,117694,117702,117694,0.461502,0.46198
8|1056|8|1056|vc|2|2|276|2|276|69.0,0,128067,2,2,122846.625,713.75,1,0,0,118355,118355,118352,118355,0.541968,0.541747
8|1056|8|1056|vc|3|2|276|2|276|69.0,0,126059,3,2,122846.625,713.75,1,0,0,118761,118761,118751,118761,0.406334,0.405738
8|1056|8|1056|vc|4|2|276|2|276|69.0,0,129668,4,2,122846.625,713.75,1,0,0,118953,118953,118940,118953,0.595501,0.594719
8|1056|8|1056|vc|5|2|276|2|276|69.0,0,124889,5,2,122846.625,713.75,1,0,0,118953,118953,118940,118953,0.330224,0.32947
8|1056|8|1056|vc|6|2|276|2|276|69.0,0,120436,6,2,122846.625,713.75,1,0,0,118761,118761,118751,118761,0.0937085,0.0931395
8|1056|8|1056|vc|7|2|276|2|276|69.0,0,119889,7,2,122846.625,713.75,1,0,0,118355,118355,118352,118355,0.0857599,0.0855526
8|1056|8|1056|vc|8|2|276|2|276|69.0,0,107836,8,2,122846.625,713.75,1,0,0,117694,117694,117702,117694,-0.553384,-0.552975
8|462|8|462|sample|6|292|6|292|55.0,0.0006144,102350,1,6,129563,643.5,0,0,1,125357,125357,122455,123108,-1.08397,-1.11329
8|462|8|462|sample|6|292|6|292|55.0,0.003072,113884,2,6,129563,643.5,0,0,1,126009,126009,119549,120707,-0.312849,-0.373216
8|462|8|462|sample|6|292|6|292|55.0,0.01536,121365,3,6,129563,643.5,0,0,1,126035,126035,112467,114222,0.522353,0.412856
8|462|8|462|sample|6|292|6|292|55.0,0.0768,98102,4,6,129563,643.5,0,0,1,122830,122830,98571.1,100556,-0.0314176,-0.161137
8|462|8|462|sample|6|292|6|292|55.0,0.384,76259,5,6,129563,643.5,0,0,1,99445.2,99445.2,76675.4,77804.6,-0.0358458,-0.13111
8|462|8|462|sample|6|292|6|292|55.0,1.92,51729,6,6,129563,643.5,0,0,1,37578.6,37578.6,50832.9,50292.5,0.11629,0.188423
8|462|8|462|sample|6|292|6|292|55.0,9.6,27657,7,6,129563,643.5,0,0,1,6328.83,6328.83,28794.8,27224.7,-0.260404,0.104629
8|462|8|462|sample|6|292|6|292|55.0,48,13804,8,6,129563,643.5,0,0,1,1300.59,1300.59,14619.5,13097.3,-0.366734,0.354534
8|462|8|462|sample|5|292|5|292|55.0,0.0006144,100518,1,5,129563,643.5,0,0,1,125252,125252,123334,123529,-1.22141,-1.22989
8|462|8|462|sample|5|292|5|292|55.0,0.003072,130424,2,5,129563,643.5,0,0,1,125904,125904,121354,121729,0.493463,0.471608
8|462|8|462|sample|5|292|5|292|55.0,0.01536,129379,3,5,129563,643.5,0,0,1,125929,125929,115742,116360,0.777857,0.738707
8|462|8|462|sample|5|292|5|292|55.0,0.0768,104544,4,5,129563,643.5,0,0,1,122728,122728,103514,104304,0.0656979,0.0151846
8|462|8|462|sample|5|292|5|292|55.0,0.384,71521,5,5,129563,643.5,0,0,1,99362.3,99362.3,82190.7,82775.4,-0.856851,-0.897426
8|462|8|462|sample|5|292|5|292|55.0,1.92,57664,6,5,129563,643.5,0,0,1,37547.2,37547.3,54796.3,54752.5,0.345286,0.350834
8|462|8|462|sample|5|292|5|292|55.0,9.6,30300,7,5,129563,643.5,0,0,1,6323.52,6323.53,30402.3,29880.5,-0.0221688,0.0925229
8|462|8|462|sample|5|292|5|292|55.0,48,15085,8,5,129563,643.5,0,0,1,1299.49,1299.5,14798,14244.8,0.127495,0.387744
8|462|8|462|sample|4|292|4|292|55.0,0.000064,104240,1,4,129563,643.5,0,0,1,125035,125035,124937,124835,-1.09377,-1.08927
8|462|8|462|sample|4|292|4|292|55.0,0.00032,128947,2,4,129563,643.5,0,0,1,125730,125730,125399,125130,0.186828,0.201408
8|462|8|462|sample|4|292|4|292|55.0,0.0016,136467,3,4,129563,643.5,0,0,1,126139,126139,125072,124354,0.601553,0.6431
8|462|8|462|sample|4|292|4|292|55.0,0.008,138746,4,4,129563,643.5,0,0,1,126174,126174,122830,121065,0.855542,0.964215
8|462|8|462|sample|4|292|4|292|55.0,0.04,119405,5,4,129563,643.5,0,0,1,124734,124734,115312,111646,0.234358,0.458815
8|462|8|462|sample|4|292|4|292|55.0,0.2,86679,6,4,129563,643.5,0,0,1,113255,113255,95571.4,90325.1,-0.614216,-0.266457
8|462|8|462|sample|4|292|4|292|55.0,1,49742,7,4,129563,643.5,0,0,1,63179.2,63179.2,60823.4,57389.2,-1.20218,-0.879203
8|462|8|462|sample|4|292|4|292|55.0,5,30602,8,4,129563,643.5,0,0,1,13412.6,13412.6,27611.2,27501.9,0.713748,0.742759
8|462|8|462|sample|3|292|3|292|55.0,0.000064,108562,1,3,129563,643.5,0,0,1,124671,124671,124304,124433,-0.836135,-0.842114
8|462|8|462|sample|3|292|3|292|55.0,0.00032,130392,2,3,129563,643.5,0,0,1,125367,125367,124352,124671,0.320677,0.302959
8|462|8|462|sample|3|292|3|292|55.0,0.0016,132645,3,3,129563,643.5,0,0,1,125775,125775,123064,123772,0.514014,0.473287
8|462|8|462|sample|3|292|3|292|55.0,0.008,136907,4,3,129563,643.5,0,0,1,125811,125811,118832,120255,1.00422,0.914203
8|462|8|462|sample|3|292|3|292|55.0,0.04,113528,5,3,129563,643.5,0,0,1,124375,124375,108240,110579,0.322542,0.176087
8|462|8|462|sample|3|292|3|292|55.0,0.2,82203,6,3,129563,643.5,0,0,1,112928,112928,86972.2,89420.8,-0.361961,-0.532811
8|462|8|462|sample|3|292|3|292|55.0,1,54160,7,3,129563,643.5,0,0,1,62996.6,62996.6,56675.4,57414.5,-0.292833,-0.37401
8|462|8|462|sample|3|292|3|292|55.0,5,30876,8,3,129563,643.5,0,0,1,13373.6,13373.6,29198.2,28217.3,0.378686,0.62089
8|462|8|462|sample|9|292|9|292|32.0,0.0003648,110763,1,9,129563,643.5,0,0,1,125032,125032,124952,125013,-0.749735,-0.752603
8|462|8|462|sample|9|292|9|292|32.0,0.001824,99793,2,9,129563,643.5,0,0,1,125707,125707,124227,125132,-1.29861,-1.33699
8|462|8|462|sample|9|292|9|292|32.0,0.00912,104612,3,9,129563,643.5,0,0,1,125935,125935,103140,111488,0.0942154,-0.407159
8|462|8|462|sample|9|292|9|292|32.0,0.0456,29106,4,9,129563,643.5,0,0,1,124424,124424,24935.1,27776.7,1.1019,0.315342
8|462|8|462|sample|9|292|9|292|32.0,0.228,1898,5,9,129563,643.5,0,0,1,111243,111243,2228.31,1877.97,-0.949168,0.0679119
8|462|8|462|sample|9|292|9|292|32.0,1.14,602,6,9,129563,643.5,0,0,1,57873.1,57873.1,714.413,673.476,-0.945978,-0.634575
8|462|8|462|sample|9|292|9|292|32.0,5.7,556,7,9,129563,643.5,0,0,1,11590,11590,630.038,627.115,-0.698069,-0.673326
8|462|8|462|sample|9|292|9|292|32.0,28.5,492,8,9,129563,643.5,0,0,1,1976.52,1976.52,622.213,622.036,-1.24159,-1.24022
8|462|8|462|sample|10|292|10|292|32.0,0.0003648,102838,1,10,129563,643.5,0,0,1,124669,124669,124651,124652,-1.1554,-1.15543
8|462|8|462|sample|10|292|10|292|32.0,0.001824,109527,2,10,129563,643.5,0,0,1,125344,125344,124776,124826,-0.806902,-0.809217
8|462|8|462|sample|10|292|10|292|32.0,0.00912,75302,3,10,129563,643.5,0,0,1,125573,125573,111650,112004,-2.1493,-2.16336
8|462|8|462|sample|10|292|10|292|32.0,0.0456,30834,4,10,129563,643.5,0,0,1,124066,124066,28778.2,28451.6,0.470772,0.551807
8|462|8|462|sample|10|292|10|292|32.0,0.228,1866,5,10,129563,643.5,0,0,1,110923,110923,1950.66,1877.44,-0.276682,-0.0388031
8|462|8|462|sample|10|292|10|292|32.0,1.14,542,6,10,129563,643.5,0,0,1,57706.4,57706.4,674.901,670.303,-1.17766,-1.14397
8|462|8|462|sample|10|292|10|292|32.0,5.7,526,7,10,129563,643.5,0,0,1,11556.5,11556.5,625.395,625.208,-0.9434,-0.941884
8|462|8|462|sample|10|292|10|292|32.0,28.5,550,8,10,129563,643.5,0,0,1,1970.77,1970.77,620.241,620.223,-0.671664,-0.671508
8|462|8|462|sample|7|292|7|292|32.0,0.0000768,94296,1,7,129563,643.5,0,0,1,125363,125363,125357,125363,-1.63597,-1.63618
8|462|8|462|sample|7|292|7|292|32.0,0.000384,117953,2,7,129563,643.5,0,0,1,126058,126058,126030,126047,-0.423137,-0.423955
8|462|8|462|sample|7|292|7|292|32.0,0.00192,127709,3,7,129563,643.5,0,0,1,126461,126461,126062,126065,0.0862616,0.0860768
8|462|8|462|sample|7|292|7|292|32.0,0.0096,104166,4,7,129563,643.5,0,0,1,126449,126449,115746,115353,-0.660521,-0.640258
8|462|8|462|sample|7|292|7|292|32.0,0.048,34555,5,7,129563,643.5,0,0,1,124611,124611,33752.8,32983.7,0.156672,0.314046
8|462|8|462|sample|7|292|7|292|32.0,0.24,2124,6,7,129563,643.5,0,0,1,110410,110410,2127.83,2094.77,-0.0114975,0.0891641
8|462|8|462|sample|7|292|7|292|32.0,1.2,604,7,7,129563,643.5,0,0,1,55686.6,55686.6,678.088,677.489,-0.65371,-0.648949
8|462|8|462|sample|7|292|7|292|32.0,6,570,8,7,129563,643.5,0,0,1,10886.6,10886.6,625.301,625.32,-0.524958,-0.52512
8|462|8|462|sample|8|292|8|292|32.0,0.0000768,101781,1,8,129563,643.5,0,0,1,125257,125257,125253,125257,-1.23726,-1.23745
8|462|8|462|sample|8|292|8|292|32.0,0.000384,127577,2,8,129563,643.5,0,0,1,125952,125952,125928,125943,0.0864706,0.0856425
8|462|8|462|sample|8|292|8|292|32.0,0.00192,127445,3,8,129563,643.5,0,0,1,126355,126355,126023,126013,0.0745044,0.0750073
8|462|8|462|sample|8|292|8|292|32.0,0.0096,110699,4,8,129563,643.5,0,0,1,126344,126344,117034,116221,-0.357376,-0.313672
8|462|8|462|sample|8|292|8|292|32.0,0.048,35462,5,8,129563,643.5,0,0,1,124507,124507,36661.6,34411.6,-0.215747,0.201245
8|462|8|462|sample|8|292|8|292|32.0,0.24,2200,6,8,129563,643.5,0,0,1,110318,110318,2259.95,2125.32,-0.169937,0.22465
8|462|8|462|sample|8|292|8|292|32.0,1.2,518,7,8,129563,643.5,0,0,1,55639.9,55639.9,680.477,676.145,-1.42905,-1.39902
8|462|8|462|sample|8|292|8|292|32.0,6,538,8,8,129563,643.5,0,0,1,10877.4,10877.4,624.823,624.704,-0.824756,-0.823767
8|462|8|462|sample|11|292|11|292|22.0,0.0003712,100654,1,11,129563,643.5,0,0,1,124125,124125,124136,124128,-1.24895,-1.24859
8|462|8|462|sample|11|292|11|292|22.0,0.001856,107033,2,11,129563,643.5,0,0,1,124800,124800,124815,124823,-0.940626,-0.940989
8|462|8|462|sample|11|292|11|292|22.0,0.00928,111878,3,11,129563,643.5,0,0,1,125025,125025,125086,125170,-0.697165,-0.701121
8|462|8|462|sample|11|292|11|292|22.0,0.0464,96908,4,11,129563,643.5,0,0,1,123486,123486,122168,123300,-1.36515,-1.41324
8|462|8|462|sample|11|292|11|292|22.0,0.2319999999999999,62831,5,11,129563,643.5,0,0,1,110133,110133,79829.1,86126.6,-1.40542,-1.78538
8|462|8|462|sample|11|292|11|292|22.0,1.16,11954,6,11,129563,643.5,0,0,1,56734.2,56734.2,9985.43,10181.3,1.29322,1.1423
8|462|8|462|sample|11|292|11|292|22.0,5.8,712,7,11,129563,643.5,0,0,1,11276.1,11276.1,1091.09,1013.87,-2.15574,-1.83885
8|462|8|462|sample|11|292|11|292|22.0,29,526,8,11,129563,643.5,0,0,1,1931.4,1931.4,639.46,632.44,-1.05557,-1.00015
8|462|8|462|sample|12|292|12|292|22.0,0.0003712,92444,1,12,129563,643.5,0,0,1,123344,123344,123343,123340,-1.65397,-1.65386
8|462|8|462|sample|12|292|12|292|22.0,0.001856,89758,2,12,129563,643.5,0,0,1,124019,124019,123821,123961,-1.8163,-1.82171
8|462|8|462|sample|12|292|12|292|22.0,0.00928,86511,3,12,129563,643.5,0,0,1,124245,124245,122294,123438,-1.93184,-1.97512
8|462|8|462|sample|12|292|12|292|22.0,0.0464,76016,4,12,129563,643.5,0,0,1,122717,122717,106629,112938,-1.89537,-2.15836
8|462|8|462|sample|12|292|12|292|22.0,0.2319999999999999,48569,5,12,129563,643.5,0,0,1,109447,109447,48013.4,54636.9,0.0763278,-0.732728
8|462|8|462|sample|12|292|12|292|22.0,1.16,9584,6,12,129563,643.5,0,0,1,56380.2,56380.2,8184.52,7866.9,1.11993,1.42909
8|462|8|462|sample|12|292|12|292|22.0,5.8,838,7,12,129563,643.5,0,0,1,11205.5,11205.5,1456.37,1232.25,-2.67525,-1.99903
8|462|8|462|sample|12|292|12|292|22.0,29,604,8,12,129563,643.5,0,0,1,1919.24,1919.24,702.047,663.105,-0.838288,-0.532159
8|462|8|462|cc|1|1|292|1|292|69.0,0,566,1,1,129563,643.5,0,1,0,612.625,612.625,612.727,612.625,-0.45173,-0.450812
8|462|8|462|cc|2|1|292|1|292|69.0,0,562,2,1,129563,643.5,0,1,0,616.092,616.092,616.133,616.092,-0.520728,-0.520364
8|462|8|462|cc|3|1|292|1|292|69.0,0,584,3,1,129563,643.5,0,1,0,618.215,618.215,618.222,618.215,-0.328199,-0.328132
8|462|8|462|cc|4|1|292|1|292|69.0,0,656,4,1,129563,643.5,0,1,0,619.222,619.222,619.214,619.222,0.352277,0.352201
8|462|8|462|cc|5|1|292|1|292|69.0,0,696,5,1,129563,643.5,0,1,0,619.222,619.222,619.214,619.222,0.735337,0.735257
8|462|8|462|cc|6|1|292|1|292|69.0,0,706,6,1,129563,643.5,0,1,0,618.215,618.215,618.222,618.215,0.841818,0.841897
8|462|8|462|cc|7|1|292|1|292|69.0,0,668,7,1,129563,643.5,0,1,0,616.092,616.092,616.133,616.092,0.498937,0.499361
8|462|8|462|cc|8|1|292|1|292|69.0,0,710,8,1,129563,643.5,0,1,0,612.625,612.625,612.727,612.625,0.940379,0.941504
8|462|8|462|vc|1|2|292|2|292|69.0,0,109457,1,2,129563,643.5,1,0,0,124128,124128,124137,124128,-0.780758,-0.780364
8|462|8|462|vc|2|2|292|2|292|69.0,0,135900,2,2,129563,643.5,1,0,0,124826,124826,124822,124826,0.585951,0.585729
8|462|8|462|vc|3|2|292|2|292|69.0,0,145948,3,2,129563,643.5,1,0,0,125254,125254,125243,125254,1.09151,1.09086
8|462|8|462|vc|4|2|292|2|292|69.0,0,141437,4,2,129563,643.5,1,0,0,125456,125456,125443,125456,0.841826,0.841017
8|462|8|462|vc|5|2|292|2|292|69.0,0,134947,5,2,129563,643.5,1,0,0,125456,125456,125443,125456,0.500237,0.499465
8|462|8|462|vc|6|2|292|2|292|69.0,0,143094,6,2,129563,643.5,1,0,0,125254,125254,125243,125254,0.941055,0.940414
8|462|8|462|vc|7|2|292|2|292|69.0,0,130244,7,2,129563,643.5,1,0,0,124826,124826,124822,124826,0.286779,0.286566
8|462|8|462|vc|8|2|292|2|292|69.0,0,95477,8,2,129563,643.5,1,0,0,124128,124128,124137,124128,-1.52431,-1.52396
8|1159|8|1159|sample|8|292|8|292|65.0,0.0016767999999999,99593,1,8,132841.25,654.75,0,0,1,128403,115055,115084,115075,-0.888667,-0.888228
8|1159|8|1159|sample|8|292|8|292|65.0,0.0083839999999999,116325,2,8,132841.25,654.75,0,0,1,128937,117768,117878,117924,-0.0869708,-0.0895316
8|1159|8|1159|sample|8|292|8|292|65.0,0.04192,106706,3,8,132841.25,654.75,0,0,1,127802,118076,118622,118704,-0.663226,-0.667313
8|1159|8|1159|sample|8|292|8|292|65.0,0.2096,68255,4,8,132841.25,654.75,0,0,1,115740,107507,94594.2,94704.9,-1.83808,-1.84364
8|1159|8|1159|sample|8|292|8|292|65.0,1.048,14589,5,8,132841.25,654.75,0,0,1,63177.8,58683.7,12875.7,12866.6,0.87423,0.879503
8|1159|8|1159|sample|8|292|8|292|65.0,5.24,848,6,8,132841.25,654.75,0,0,1,13163.8,12162,1016.01,1014.39,-1.02142,-1.0131
8|1159|8|1159|sample|8|292|8|292|65.0,26.2,548,7,8,132841.25,654.75,0,0,1,2202.33,2011.56,595.26,595.374,-0.46887,-0.469918
8|1159|8|1159|sample|8|292|8|292|65.0,131,584,8,8,132841.25,654.75,0,0,1,814.221,729.576,568.503,568.454,0.160183,0.1607
8|1159|8|1159|sample|7|292|7|292|65.0,0.0016767999999999,101433,1,7,132841.25,654.75,0,0,1,128512,115490,115516,115511,-0.804902,-0.804662
8|1159|8|1159|sample|7|292|7|292|65.0,0.0083839999999999,119429,2,7,132841.25,654.75,0,0,1,129045,118203,118334,118385,0.0610859,0.0582182
8|1159|8|1159|sample|7|292|7|292|65.0,0.04192,110627,3,7,132841.25,654.75,0,0,1,127909,118506,119715,119824,-0.501226,-0.506733
8|1159|8|1159|sample|7|292|7|292|65.0,0.2096,72057,4,7,132841.25,654.75,0,0,1,115837,107896,105458,106061,-2.09092,-2.11656
8|1159|8|1159|sample|7|292|7|292|65.0,1.048,16805,5,7,132841.25,654.75,0,0,1,63230.5,58895.8,15279.7,15267,0.656417,0.662442
8|1159|8|1159|sample|7|292|7|292|65.0,5.24,794,6,7,132841.25,654.75,0,0,1,13174.8,12206.3,931.766,918.141,-0.907941,-0.829422
8|1159|8|1159|sample|7|292|7|292|65.0,26.2,548,7,7,132841.25,654.75,0,0,1,2204.18,2018.99,591.033,590.729,-0.429657,-0.426823
8|1159|8|1159|sample|7|292|7|292|65.0,131,586,8,7,132841.25,654.75,0,0,1,814.907,732.339,570.366,570.326,0.16113,0.161551
8|1159|8|1159|sample|5|292|5|292|65.0,0.0004351999999999,97161,1,5,132841.25,654.75,0,0,1,128423,115072,115085,115075,-1.02823,-1.02779
8|1159|8|1159|sample|5|292|5|292|65.0,0.0021759999999999,125765,2,5,132841.25,654.75,0,0,1,129109,117925,117907,117949,0.440026,0.437517
8|1159|8|1159|sample|5|292|5|292|65.0,0.0108799999999999,136220,3,5,132841.25,654.75,0,0,1,129288,119449,119563,119564,0.919823,0.919747
8|1159|8|1159|sample|5|292|5|292|65.0,0.0543999999999999,114517,4,5,132841.25,654.75,0,0,1,127273,118220,118342,117208,-0.213368,-0.151559
8|1159|8|1159|sample|5|292|5|292|65.0,0.2719999999999999,61943,5,5,132841.25,654.75,0,0,1,110710,102834,81416,74171.1,-1.57869,-1.08808
8|1159|8|1159|sample|5|292|5|292|65.0,1.36,9970,6,5,132841.25,654.75,0,0,1,51955.4,48001.5,9132.07,8618.24,0.60151,1.02775
8|1159|8|1159|sample|5|292|5|292|65.0,6.8,728,7,5,132841.25,654.75,0,0,1,9686.38,8847.31,919.719,967.291,-1.27889,-1.52306
8|1159|8|1159|sample|5|292|5|292|65.0,34,602,8,5,132841.25,654.75,0,0,1,1733.67,1553.44,580.44,585.217,0.218766,0.16905
8|1159|8|1159|sample|6|292|6|292|65.0,0.0004351999999999,95565,1,6,132841.25,654.75,0,0,1,128531,115508,115516,115511,-1.14026,-1.14004
8|1159|8|1159|sample|6|292|6|292|65.0,0.0021759999999999,128566,2,6,132841.25,654.75,0,0,1,129217,118361,118332,118384,0.570994,0.567818
8|1159|8|1159|sample|6|292|6|292|65.0,0.0108799999999999,138726,3,6,132841.25,654.75,0,0,1,129396,119884,119883,119998,1.03776,1.0304
8|1159|8|1159|sample|6|292|6|292|65.0,0.0543999999999999,118728,4,6,132841.25,654.75,0,0,1,127380,118647,117103,117614,0.0916254,0.0625402
8|1159|8|1159|sample|6|292|6|292|65.0,0.2719999999999999,63450,5,6,132841.25,654.75,0,0,1,110802,103206,73086.4,74287.8,-0.870179,-0.962855
8|1159|8|1159|sample|6|292|6|292|65.0,1.36,9870,6,6,132841.25,654.75,0,0,1,51998.8,48176.3,8915.94,8610.01,0.701347,0.958886
8|1159|8|1159|sample|6|292|6|292|65.0,6.8,754,7,6,132841.25,654.75,0,0,1,9694.5,8880,1018.02,968.841,-1.60215,-1.3654
8|1159|8|1159|sample|6|292|6|292|65.0,34,622,8,6,132841.25,654.75,0,0,1,1735.13,1559.33,591.217,587.343,0.307267,0.347966
8|1159|8|1159|sample|11|292|11|292|28.0,0.0014272,100576,1,11,132841.25,654.75,0,0,1,127250,110400,110469,110398,-0.591254,-0.587348
8|1159|8|1159|sample|11|292|11|292|28.0,0.007136,102398,2,11,132841.25,654.75,0,0,1,127820,113151,112756,112662,-0.606456,-0.601491
8|1159|8|1159|sample|11|292|11|292|28.0,0.03568,72564,3,11,132841.25,654.75,0,0,1,127000,113785,98008,96601.9,-1.7138,-1.64264
8|1159|8|1159|sample|11|292|11|292|28.0,0.1784,17511,4,11,132841.25,654.75,0,0,1,117180,105580,16610.7,15873.3,0.356555,0.678539
8|1159|8|1159|sample|11|292|11|292|28.0,0.892,1002,5,11,132841.25,654.75,0,0,1,69545.9,62660.9,1095.87,1088.49,-0.531601,-0.492948
8|1159|8|1159|sample|11|292|11|292|28.0,4.46,496,6,11,132841.25,654.75,0,0,1,15698.9,14065.3,582.652,583.113,-0.876263,-0.880304
8|1159|8|1159|sample|11|292|11|292|28.0,22.3,576,7,11,132841.25,654.75,0,0,1,2552.65,2259.68,559.747,559.706,0.170334,0.170775
8|1159|8|1159|sample|11|292|11|292|28.0,111.5,544,8,11,132841.25,654.75,0,0,1,850.084,737.515,545.402,545.063,-0.0150339,-0.0114103
8|1159|8|1159|sample|12|292|12|292|28.0,0.0014272,84673,1,12,132841.25,654.75,0,0,1,126449,107175,107081,107098,-1.38151,-1.38236
8|1159|8|1159|sample|12|292|12|292|28.0,0.007136,82237,2,12,132841.25,654.75,0,0,1,127020,109930,106087,107887,-1.48418,-1.56957
8|1159|8|1159|sample|12|292|12|292|28.0,0.03568,57156,3,12,132841.25,654.75,0,0,1,126208,110596,67104.3,75882.9,-0.978344,-1.6288
8|1159|8|1159|sample|12|292|12|292|28.0,0.1784,11396,4,12,132841.25,654.75,0,0,1,116450,102642,9327.68,9749.98,1.45385,1.10725
8|1159|8|1159|sample|12|292|12|292|28.0,0.892,752,5,12,132841.25,654.75,0,0,1,69112.7,60917.3,1096.85,981.527,-1.95135,-1.44115
8|1159|8|1159|sample|12|292|12|292|28.0,4.46,502,6,12,132841.25,654.75,0,0,1,15600.9,13671.1,583.011,570.118,-0.818775,-0.702316
8|1159|8|1159|sample|12|292|12|292|28.0,22.3,554,7,12,132841.25,654.75,0,0,1,2536.67,2195.36,545.417,544.106,0.0920467,0.106332
8|1159|8|1159|sample|12|292|12|292|28.0,111.5,626,8,12,132841.25,654.75,0,0,1,844.732,715.974,529.838,529.163,1.05797,1.0666
8|1159|8|1159|sample|9|292|9|292|28.0,0.0004479999999999,95841,1,9,132841.25,654.75,0,0,1,128195,114154,114175,114157,-1.06017,-1.05928
8|1159|8|1159|sample|9|292|9|292|28.0,0.00224,110983,2,9,132841.25,654.75,0,0,1,128879,117006,116989,117025,-0.338948,-0.340846
8|1159|8|1159|sample|9|292|9|292|28.0,0.0111999999999999,117579,3,9,132841.25,654.75,0,0,1,129049,118522,118297,118334,-0.0400576,-0.0421135
8|1159|8|1159|sample|9|292|9|292|28.0,0.0559999999999999,86107,4,9,132841.25,654.75,0,0,1,126952,117229,105272,104742,-1.20187,-1.17456
8|1159|8|1159|sample|9|292|9|292|28.0,0.2799999999999999,21584,5,9,132841.25,654.75,0,0,1,109873,101458,20373.4,19934.2,0.391186,0.544813
8|1159|8|1159|sample|9|292|9|292|28.0,1.4,1152,6,9,132841.25,654.75,0,0,1,50665.5,46532.7,1224.08,1219.41,-0.367764,-0.34519
8|1159|8|1159|sample|9|292|9|292|28.0,7,622,7,9,132841.25,654.75,0,0,1,9347.07,8485.92,594.758,595.129,0.270474,0.266637
8|1159|8|1159|sample|9|292|9|292|28.0,35,558,8,9,132841.25,654.75,0,0,1,1688.93,1503.95,564.068,563.991,-0.0631606,-0.0623666
8|1159|8|1159|sample|10|292|10|292|28.0,0.0004479999999999,85632,1,10,132841.25,654.75,0,0,1,127822,112654,112693,112656,-1.58537,-1.58368
8|1159|8|1159|sample|10|292|10|292|28.0,0.00224,112052,2,10,132841.25,654.75,0,0,1,128507,115507,115492,115484,-0.196656,-0.196187
8|1159|8|1159|sample|10|292|10|292|28.0,0.0111999999999999,106618,3,10,132841.25,654.75,0,0,1,128677,117026,116491,116050,-0.559566,-0.536585
8|1159|8|1159|sample|10|292|10|292|28.0,0.0559999999999999,72910,4,10,132841.25,654.75,0,0,1,126587,115760,100008,94649.8,-1.78872,-1.51622
8|1159|8|1159|sample|10|292|10|292|28.0,0.2799999999999999,19961,5,10,132841.25,654.75,0,0,1,109557,100186,20073.7,17992.2,-0.0369489,0.720053
8|1159|8|1159|sample|10|292|10|292|28.0,1.4,1398,6,10,132841.25,654.75,0,0,1,50519.6,45945.3,1411.46,1453.2,-0.0600112,-0.239312
8|1159|8|1159|sample|10|292|10|292|28.0,7,482,7,10,132841.25,654.75,0,0,1,9320.05,8377.19,600.098,607.978,-1.1632,-1.22641
8|1159|8|1159|sample|10|292|10|292|28.0,35,578,8,10,132841.25,654.75,0,0,1,1684.02,1484.19,557.351,557.712,0.217223,0.213311
8|1159|8|1159|sample|4|292|4|292|22.0,0.0010624,112128,1,4,132841.25,654.75,0,0,1,128186,114146,114175,114157,-0.118384,-0.11733
8|1159|8|1159|sample|4|292|4|292|22.0,0.005312,130767,2,4,132841.25,654.75,0,0,1,128803,116936,116988,117021,0.777635,0.775535
8|1159|8|1159|sample|4|292|4|292|22.0,0.02656,137610,3,4,132841.25,654.75,0,0,1,128386,117913,118389,118390,1.07188,1.07185
8|1159|8|1159|sample|4|292|4|292|22.0,0.1328,112132,4,4,132841.25,654.75,0,0,1,121575,112264,111206,110151,0.0549642,0.118722
8|1159|8|1159|sample|4|292|4|292|22.0,0.664,38749,5,4,132841.25,654.75,0,0,1,82428.1,76115.3,40934.6,38415.8,-0.352117,0.0571977
8|1159|8|1159|sample|4|292|4|292|22.0,3.32,2926,6,4,132841.25,654.75,0,0,1,21987.5,20193.9,2889.01,2765.51,0.0825642,0.373832
8|1159|8|1159|sample|4|292|4|292|22.0,16.6,542,7,4,132841.25,654.75,0,0,1,3494.08,3172.17,667.147,665.861,-1.12061,-1.11103
8|1159|8|1159|sample|4|292|4|292|22.0,83,574,8,4,132841.25,654.75,0,0,1,965.028,859.331,567,566.989,0.07252,0.0726417
8|1159|8|1159|sample|3|292|3|292|22.0,0.0010624,108512,1,3,132841.25,654.75,0,0,1,127813,112647,112694,112657,-0.245,-0.242921
8|1159|8|1159|sample|3|292|3|292|22.0,0.005312,131884,2,3,132841.25,654.75,0,0,1,128431,115438,115509,115522,0.935924,0.935098
8|1159|8|1159|sample|3|292|3|292|22.0,0.02656,133282,3,3,132841.25,654.75,0,0,1,128016,116425,116950,116882,0.92202,0.926359
8|1159|8|1159|sample|3|292|3|292|22.0,0.1328,105629,4,3,132841.25,654.75,0,0,1,121225,110857,109682,107974,-0.243951,-0.143352
8|1159|8|1159|sample|3|292|3|292|22.0,0.664,36126,5,3,132841.25,654.75,0,0,1,82191.1,75161.2,36474.6,34316.2,-0.0630139,0.347677
8|1159|8|1159|sample|3|292|3|292|22.0,3.32,2310,6,3,132841.25,654.75,0,0,1,21924.1,19939,2289.98,2341.33,0.0560397,-0.0858092
8|1159|8|1159|sample|3|292|3|292|22.0,16.6,688,7,3,132841.25,654.75,0,0,1,3483.99,3131.53,628.115,637.428,0.566181,0.471845
8|1159|8|1159|sample|3|292|3|292|22.0,83,592,8,3,132841.25,654.75,0,0,1,962.223,848.042,558.21,558.611,0.354986,0.350546
8|1159|8|1159|cc|1|1|292|1|292|69.0,0,640,1,1,132841.25,654.75,0,1,0,623.335,528.324,528.934,528.324,1.22379,1.23176
8|1159|8|1159|cc|2|1|292|1|292|69.0,0,616,2,1,132841.25,654.75,0,1,0,626.862,542.519,542.858,542.519,0.78763,0.791718
8|1159|8|1159|cc|3|1|292|1|292|69.0,0,690,3,1,132841.25,654.75,0,1,0,629.023,551.212,551.4,551.212,1.47201,1.47446
8|1159|8|1159|cc|4|1|292|1|292|69.0,0,614,4,1,132841.25,654.75,0,1,0,630.048,555.337,555.458,555.337,0.617722,0.61912
8|1159|8|1159|cc|5|1|292|1|292|69.0,0,622,5,1,132841.25,654.75,0,1,0,630.048,555.337,555.458,555.337,0.702136,0.70355
8|1159|8|1159|cc|6|1|292|1|292|69.0,0,654,6,1,132841.25,654.75,0,1,0,629.023,551.212,551.4,551.212,1.08967,1.092
8|1159|8|1159|cc|7|1|292|1|292|69.0,0,732,7,1,132841.25,654.75,0,1,0,626.862,542.519,542.858,542.519,2.03677,2.04155
8|1159|8|1159|cc|8|1|292|1|292|69.0,0,670,8,1,132841.25,654.75,0,1,0,623.335,528.324,528.934,528.324,1.55435,1.56265
8|1159|8|1159|vc|1|2|292|2|292|69.0,0,114165,1,2,132841.25,654.75,1,0,0,127269,110416,110485,110416,0.219914,0.224166
8|1159|8|1159|vc|2|2|292|2|292|69.0,0,136148,2,2,132841.25,654.75,1,0,0,127985,113296,113310,113296,1.33068,1.33166
8|1159|8|1159|vc|3|2|292|2|292|69.0,0,149475,3,2,132841.25,654.75,1,0,0,128423,115060,115043,115060,1.976,1.97476
8|1159|8|1159|vc|4|2|292|2|292|69.0,0,146290,4,2,132841.25,654.75,1,0,0,128631,115896,115866,115896,1.73357,1.73139
8|1159|8|1159|vc|5|2|292|2|292|69.0,0,136813,5,2,132841.25,654.75,1,0,0,128631,115896,115866,115896,1.19357,1.19153
8|1159|8|1159|vc|6|2|292|2|292|69.0,0,141806,6,2,132841.25,654.75,1,0,0,128423,115060,115043,115060,1.53589,1.53471
8|1159|8|1159|vc|7|2|292|2|292|69.0,0,125865,7,2,132841.25,654.75,1,0,0,127985,113296,113310,113296,0.731539,0.732439
8|1159|8|1159|vc|8|2|292|2|292|69.0,0,112168,8,2,132841.25,654.75,1,0,0,127269,110416,110485,110416,0.100585,0.104762
8|75|8|75|sample|6|65|6|65|55.0,0.0006144,8692,1,6,11543.75,523.5,0,0,1,11169,11169,10742.3,10620.1,-1.25265,-1.19142
8|75|8|75|sample|6|65|6|65|55.0,0.003072,13380,2,6,11543.75,523.5,0,0,1,11227.3,11227.3,9906.42,9639.22,2.29999,2.54507
8|75|8|75|sample|6|65|6|65|55.0,0.01536,8136,3,6,11543.75,523.5,0,0,1,11231,11231,7798.93,7407.79,0.282961,0.643274
8|75|8|75|sample|6|65|6|65|55.0,0.0768,3106,4,6,11543.75,523.5,0,0,1,10957.9,10957.9,4642.8,4363.77,-2.15393,-1.87378
8|75|8|75|sample|6|65|6|65|55.0,0.384,1780,5,6,11543.75,523.5,0,0,1,8959.04,8959.04,2186.99,2103.85,-1.19094,-0.983881
8|75|8|75|sample|6|65|6|65|55.0,1.92,1208,6,6,11543.75,523.5,0,0,1,3670.29,3670.29,1067.46,1062.81,0.81576,0.846221
8|75|8|75|sample|6|65|6|65|55.0,9.6,856,7,6,11543.75,523.5,0,0,1,997.678,997.679,680.299,687.543,1.54573,1.46784
8|75|8|75|sample|6|65|6|65|55.0,48,602,8,6,11543.75,523.5,0,0,1,565.363,565.364,558.096,563.025,0.461319,0.406338
8|75|8|75|sample|5|65|5|65|55.0,0.0006144,9826,1,5,11543.75,523.5,0,0,1,11159.6,11159.6,10305.3,10525.2,-0.305156,-0.435929
8|75|8|75|sample|5|65|5|65|55.0,0.003072,10274,2,5,11543.75,523.5,0,0,1,11217.9,11217.9,9074.74,9447.97,0.866287,0.57329
8|75|8|75|sample|5|65|5|65|55.0,0.01536,8880,3,5,11543.75,523.5,0,0,1,11221.6,11221.6,6759.79,7139.33,2.0506,1.5949
8|75|8|75|sample|5|65|5|65|55.0,0.0768,3258,4,5,11543.75,523.5,0,0,1,10948.7,10948.7,4019.95,4164.93,-1.23053,-1.41453
8|75|8|75|sample|5|65|5|65|55.0,0.384,1754,5,5,11543.75,523.5,0,0,1,8951.58,8951.58,2062.42,2028.74,-0.955193,-0.864527
8|75|8|75|sample|5|65|5|65|55.0,1.92,1028,6,5,11543.75,523.5,0,0,1,3667.22,3667.22,1105.96,1046.2,-0.437739,-0.107653
8|75|8|75|sample|5|65|5|65|55.0,9.6,926,7,5,11543.75,523.5,0,0,1,996.842,996.843,723.733,685.95,1.68214,2.09607
8|75|8|75|sample|5|65|5|65|55.0,48,608,8,5,11543.75,523.5,0,0,1,564.886,564.887,582.07,563.6,0.262455,0.462486
8|75|8|75|sample|3|65|3|65|55.0,0.000064,9174,1,3,11543.75,523.5,0,0,1,11107.9,11107.9,11101.9,11097.9,-1.13994,-1.138
8|75|8|75|sample|3|65|3|65|55.0,0.00032,13782,2,3,11543.75,523.5,0,0,1,11169.9,11169.9,11131.3,11113.6,1.56321,1.57615
8|75|8|75|sample|3|65|3|65|55.0,0.0016,12730,3,3,11543.75,523.5,0,0,1,11206.4,11206.4,10978.1,10895.6,1.04748,1.10503
8|75|8|75|sample|3|65|3|65|55.0,0.008,12668,4,3,11543.75,523.5,0,0,1,11210.2,11210.2,9960.34,9669.89,1.78321,2.03336
8|75|8|75|sample|3|65|3|65|55.0,0.04,5898,5,3,11543.75,523.5,0,0,1,11087.4,11087.4,6398.24,5979.21,-0.51086,-0.0886732
8|75|8|75|sample|3|65|3|65|55.0,0.2,1670,6,3,11543.75,523.5,0,0,1,10108.3,10108.3,2285.49,2176.51,-1.72573,-1.48905
8|75|8|75|sample|3|65|3|65|55.0,1,916,7,3,11543.75,523.5,0,0,1,5838.82,5838.82,843.024,845.088,0.527658,0.51158
8|75|8|75|sample|3|65|3|65|55.0,5,826,8,3,11543.75,523.5,0,0,1,1594.79,1594.79,560.638,565.741,2.77705,2.70181
8|75|8|75|sample|4|65|4|65|55.0,0.000064,9994,1,4,11543.75,523.5,0,0,1,11140.3,11140.3,11130.7,11132.3,-0.670401,-0.67122
8|75|8|75|sample|4|65|4|65|55.0,0.00032,12470,2,4,11543.75,523.5,0,0,1,11202.3,11202.3,11148.7,11155.9,0.777996,0.773283
8|75|8|75|sample|4|65|4|65|55.0,0.0016,13558,3,4,11543.75,523.5,0,0,1,11238.7,11238.7,10950.7,10975.5,1.56279,1.54446
8|75|8|75|sample|4|65|4|65|55.0,0.008,12398,4,4,11543.75,523.5,0,0,1,11242.5,11242.5,9820.58,9885.11,1.72141,1.66744
8|75|8|75|sample|4|65|4|65|55.0,0.04,5708,5,4,11543.75,523.5,0,0,1,11119.4,11119.4,6280.12,6327.92,-0.595128,-0.640034
8|75|8|75|sample|4|65|4|65|55.0,0.2,2180,6,4,11543.75,523.5,0,0,1,10137.5,10137.5,2352.49,2328,-0.470271,-0.407623
8|75|8|75|sample|4|65|4|65|55.0,1,968,7,4,11543.75,523.5,0,0,1,5855.75,5855.75,891.04,873.055,0.528683,0.664661
8|75|8|75|sample|4|65|4|65|55.0,5,668,8,4,11543.75,523.5,0,0,1,1599.44,1599.44,576.164,570.563,0.938011,1.00391
8|75|8|75|sample|9|65|9|65|32.0,0.0003648,9810,1,9,11543.75,523.5,0,0,1,11140.1,11140.1,11136.5,11137.4,-0.781939,-0.782381
8|75|8|75|sample|9|65|9|65|32.0,0.001824,14515,2,9,11543.75,523.5,0,0,1,11200.3,11200.3,11185.9,11189.5,1.95377,1.95106
8|75|8|75|sample|9|65|9|65|32.0,0.00912,14010,3,9,11543.75,523.5,0,0,1,11221.4,11221.4,11173.3,11182.7,1.66662,1.65971
8|75|8|75|sample|9|65|9|65|32.0,0.0456,15117,4,9,11543.75,523.5,0,0,1,11092.9,11092.9,10982,11006.3,2.47147,2.45159
8|75|8|75|sample|9|65|9|65|32.0,0.228,12188,5,9,11543.75,523.5,0,0,1,9966.28,9966.28,10173.1,10222.5,1.29939,1.26149
8|75|8|75|sample|9|65|9|65|32.0,1.14,6778,6,9,11543.75,523.5,0,0,1,5403.76,5403.76,7760.81,7792.81,-0.829042,-0.852554
8|75|8|75|sample|9|65|9|65|32.0,5.7,3686,7,9,11543.75,523.5,0,0,1,1446.18,1446.18,4012.12,3957.59,-0.52768,-0.445397
8|75|8|75|sample|9|65|9|65|32.0,28.5,1722,8,9,11543.75,523.5,0,0,1,621.948,621.949,1593.56,1536.43,0.509857,0.762827
8|75|8|75|sample|10|65|10|65|32.0,0.0003648,9492,1,10,11543.75,523.5,0,0,1,11107.7,11107.7,11105.4,11105.5,-0.953672,-0.95373
8|75|8|75|sample|10|65|10|65|32.0,0.001824,15953,2,10,11543.75,523.5,0,0,1,11167.9,11167.9,11157,11158.8,2.8219,2.82035
8|75|8|75|sample|10|65|10|65|32.0,0.00912,16247,3,10,11543.75,523.5,0,0,1,11189,11189,11151.8,11156.4,2.99935,2.9954
8|75|8|75|sample|10|65|10|65|32.0,0.0456,12740,4,10,11543.75,523.5,0,0,1,11061,11061,10980.7,10991.8,1.05165,1.044
8|75|8|75|sample|10|65|10|65|32.0,0.228,11350,5,10,11543.75,523.5,0,0,1,9937.62,9937.62,10205.3,10226.8,0.735881,0.720588
8|75|8|75|sample|10|65|10|65|32.0,1.14,6674,6,10,11543.75,523.5,0,0,1,5388.2,5388.2,7763.28,7772.98,-0.918565,-0.925598
8|75|8|75|sample|10|65|10|65|32.0,5.7,4010,7,10,11543.75,523.5,0,0,1,1442,1442,3899.04,3866.5,0.184656,0.240779
8|75|8|75|sample|10|65|10|65|32.0,28.5,1556,8,10,11543.75,523.5,0,0,1,620.141,620.141,1497.51,1468.9,0.246411,0.373751
8|75|8|75|sample|7|65|7|65|32.0,0.0000768,10480,1,7,11543.75,523.5,0,0,1,11169.5,11169.5,11169,11169.5,-0.404976,-0.405229
8|75|8|75|sample|7|65|7|65|32.0,0.000384,13258,2,7,11543.75,523.5,0,0,1,11231.5,11231.5,11229.7,11231.2,1.18572,1.18468
8|75|8|75|sample|7|65|7|65|32.0,0.00192,16339,3,7,11543.75,523.5,0,0,1,11267.5,11267.5,11264.6,11266.4,2.95738,2.95585
8|75|8|75|sample|7|65|7|65|32.0,0.0096,16439,4,7,11543.75,523.5,0,0,1,11267.2,11267.2,11264.1,11264.6,3.01604,3.01564
8|75|8|75|sample|7|65|7|65|32.0,0.048,14116,5,7,11543.75,523.5,0,0,1,11110,11110,11139.6,11131.6,1.75401,1.75997
8|75|8|75|sample|7|65|7|65|32.0,0.24,12342,6,7,11543.75,523.5,0,0,1,9895.51,9895.51,10334.4,10291.6,1.27464,1.30714
8|75|8|75|sample|7|65|7|65|32.0,1.2,5688,7,7,11543.75,523.5,0,0,1,5216.51,5216.51,6977.5,6893.39,-1.20864,-1.14345
8|75|8|75|sample|7|65|7|65|32.0,6,2598,8,7,11543.75,523.5,0,0,1,1384.72,1384.72,2428.18,2405.19,0.448952,0.514469
8|75|8|75|sample|8|65|8|65|32.0,0.0000768,10458,1,8,11543.75,523.5,0,0,1,11160.1,11160.1,11159.7,11160.1,-0.412785,-0.413006
8|75|8|75|sample|8|65|8|65|32.0,0.000384,12990,2,8,11543.75,523.5,0,0,1,11222.1,11222.1,11220.7,11222.2,1.03518,1.03415
8|75|8|75|sample|8|65|8|65|32.0,0.00192,16171,3,8,11543.75,523.5,0,0,1,11258,11258,11256.8,11259.2,2.86593,2.864
8|75|8|75|sample|8|65|8|65|32.0,0.0096,15275,4,8,11543.75,523.5,0,0,1,11257.8,11257.8,11264,11267.6,2.33771,2.33488
8|75|8|75|sample|8|65|8|65|32.0,0.048,14237,5,8,11543.75,523.5,0,0,1,11100.8,11100.8,11177.8,11185.5,1.79666,1.79094
8|75|8|75|sample|8|65|8|65|32.0,0.24,10710,6,8,11543.75,523.5,0,0,1,9887.25,9887.25,10503.5,10508.2,0.129011,0.125987
8|75|8|75|sample|8|65|8|65|32.0,1.2,6990,7,8,11543.75,523.5,0,0,1,5212.14,5212.14,7125.45,7004.19,-0.124349,-0.0132491
8|75|8|75|sample|8|65|8|65|32.0,6,2192,8,8,11543.75,523.5,0,0,1,1383.55,1383.55,2261.2,2119.5,-0.196034,0.218687
8|75|8|75|sample|12|65|12|65|22.0,0.0003712,10454,1,12,11543.75,523.5,0,0,1,10989.6,10989.6,10960.6,10959.6,-0.30336,-0.302806
8|75|8|75|sample|12|65|12|65|22.0,0.001856,10998,2,12,11543.75,523.5,0,0,1,11049.9,11049.9,10814,10817,0.111681,0.109828
8|75|8|75|sample|12|65|12|65|22.0,0.00928,9204,3,12,11543.75,523.5,0,0,1,11070.7,11070.7,9474.6,9480.29,-0.187278,-0.191102
8|75|8|75|sample|12|65|12|65|22.0,0.0464,4926,4,12,11543.75,523.5,0,0,1,10940.9,10940.9,4921.58,4902.11,0.00585377,0.0317352
8|75|8|75|sample|12|65|12|65|22.0,0.2319999999999999,1482,5,12,11543.75,523.5,0,0,1,9806.63,9806.63,1396.3,1380.6,0.385938,0.461602
8|75|8|75|sample|12|65|12|65|22.0,1.16,542,6,12,11543.75,523.5,0,0,1,5270.03,5270.03,627.412,623.649,-0.808339,-0.776918
8|75|8|75|sample|12|65|12|65|22.0,5.8,592,7,12,11543.75,523.5,0,0,1,1407.21,1407.21,518.185,517.478,0.828181,0.837123
8|75|8|75|sample|12|65|12|65|22.0,29,536,8,12,11543.75,523.5,0,0,1,610.935,610.935,501.465,501.273,0.398792,0.401152
8|75|8|75|sample|11|65|11|65|22.0,0.0003712,11442,1,11,11543.75,523.5,0,0,1,11059.3,11059.3,11057.9,11056.2,0.227991,0.229077
8|75|8|75|sample|11|65|11|65|22.0,0.001856,13046,2,11,11543.75,523.5,0,0,1,11119.5,11119.5,11092.9,11084.2,1.1558,1.16183
8|75|8|75|sample|11|65|11|65|22.0,0.00928,11394,3,11,11543.75,523.5,0,0,1,11140.3,11140.3,10821.3,10754.9,0.347352,0.389999
8|75|8|75|sample|11|65|11|65|22.0,0.0464,7362,4,11,11543.75,523.5,0,0,1,11009.5,11009.5,8140.52,7916.16,-0.626348,-0.458366
8|75|8|75|sample|11|65|11|65|22.0,0.2319999999999999,2518,5,11,11543.75,523.5,0,0,1,9868.11,9868.11,2336.24,2314.41,0.498886,0.563911
8|75|8|75|sample|11|65|11|65|22.0,1.16,618,6,11,11543.75,523.5,0,0,1,5303.13,5303.13,685.227,698.394,-0.58757,-0.69062
8|75|8|75|sample|11|65|11|65|22.0,5.8,582,7,11,11543.75,523.5,0,0,1,1416.07,1416.07,520.149,522.72,0.691641,0.660017
8|75|8|75|sample|11|65|11|65|22.0,29,612,8,11,11543.75,523.5,0,0,1,614.807,614.807,503.748,504.053,1.24508,1.24091
8|75|8|75|cc|1|1|65|1|65|69.0,0,476,1,1,11543.75,523.5,0,1,0,498.383,498.383,498.466,498.383,-0.260791,-0.259866
8|75|8|75|cc|2|1|65|1|65|69.0,0,506,2,1,11543.75,523.5,0,1,0,501.203,501.203,501.236,501.203,0.0550334,0.055422
8|75|8|75|cc|3|1|65|1|65|69.0,0,530,3,1,11543.75,523.5,0,1,0,502.93,502.93,502.936,502.93,0.311725,0.311797
8|75|8|75|cc|4|1|65|1|65|69.0,0,516,4,1,11543.75,523.5,0,1,0,503.749,503.749,503.743,503.749,0.140975,0.140903
8|75|8|75|cc|5|1|65|1|65|69.0,0,544,5,1,11543.75,523.5,0,1,0,503.749,503.749,503.743,503.749,0.463025,0.46295
8|75|8|75|cc|6|1|65|1|65|69.0,0,508,6,1,11543.75,523.5,0,1,0,502.93,502.93,502.936,502.93,0.0583294,0.0583989
8|75|8|75|cc|7|1|65|1|65|69.0,0,588,7,1,11543.75,523.5,0,1,0,501.203,501.203,501.236,501.203,1.00232,1.00276
8|75|8|75|cc|8|1|65|1|65|69.0,0,520,8,1,11543.75,523.5,0,1,0,498.383,498.383,498.466,498.383,0.249982,0.250981
8|75|8|75|vc|1|2|65|2|65|69.0,0,10294,1,2,11543.75,523.5,1,0,0,11059.5,11059.5,11060.3,11059.5,-0.45478,-0.454367
8|75|8|75|vc|2|2|65|2|65|69.0,0,11198,2,2,11543.75,523.5,1,0,0,11121.7,11121.7,11121.4,11121.7,0.045235,0.0450302
8|75|8|75|vc|3|2|65|2|65|69.0,0,11944,3,2,11543.75,523.5,1,0,0,11159.8,11159.8,11158.8,11159.8,0.461898,0.461302
8|75|8|75|vc|4|2|65|2|65|69.0,0,13524,4,2,11543.75,523.5,1,0,0,11177.9,11177.9,11176.6,11177.9,1.37873,1.37787
8|75|8|75|vc|5|2|65|2|65|69.0,0,13024,5,2,11543.75,523.5,1,0,0,11177.9,11177.9,11176.6,11177.9,1.08506,1.08422
8|75|8|75|vc|6|2|65|2|65|69.0,0,11948,6,2,11543.75,523.5,1,0,0,11159.8,11159.8,11158.8,11159.8,0.464251,0.463654
8|75|8|75|vc|7|2|65|2|65|69.0,0,11746,7,2,11543.75,523.5,1,0,0,11121.7,11121.7,11121.4,11121.7,0.368697,0.368482
8|75|8|75|vc|8|2|65|2|65|69.0,0,8672,8,2,11543.75,523.5,1,0,0,11059.5,11059.5,11060.3,11059.5,-1.41743,-1.41709
8|1017|8|1017|sample|7|65|7|65|65.0,0.0016767999999999,10494,1,7,12137,553,0,0,1,11741.5,11741.5,11661.8,11656.7,-0.657547,-0.654941
8|1017|8|1017|sample|7|65|7|65|65.0,0.0083839999999999,10606,2,7,12137,553,0,0,1,11790.9,11790.9,10742.3,10702.9,-0.0832474,-0.0594064
8|1017|8|1017|sample|7|65|7|65|65.0,0.04192,5238,3,7,12137,553,0,0,1,11693,11693,5078.97,5036.85,0.204012,0.260174
8|1017|8|1017|sample|7|65|7|65|65.0,0.2096,1052,4,7,12137,553,0,0,1,10636,10636,1049.28,1054.33,0.0160407,-0.0136586
8|1017|8|1017|sample|7|65|7|65|65.0,1.048,592,5,7,12137,553,0,0,1,6026.22,6026.22,578.686,580.153,0.135459,0.120263
8|1017|8|1017|sample|7|65|7|65|65.0,5.24,558,6,7,12137,553,0,0,1,1639.22,1639.22,543.35,543.619,0.157635,0.154671
8|1017|8|1017|sample|7|65|7|65|65.0,26.2,594,7,7,12137,553,0,0,1,676.263,676.263,539.133,539.224,0.594442,0.593362
8|1017|8|1017|sample|7|65|7|65|65.0,131,636,8,7,12137,553,0,0,1,551.851,551.851,536.032,536.056,1.08861,1.08831
8|1017|8|1017|sample|8|65|8|65|65.0,0.0016767999999999,10766,1,8,12137,553,0,0,1,11731.6,11731.6,11645.9,11588.6,-0.496118,-0.466092
8|1017|8|1017|sample|8|65|8|65|65.0,0.0083839999999999,11542,2,8,12137,553,0,0,1,11781,11781,10837.8,10486.4,0.426478,0.660585
8|1017|8|1017|sample|8|65|8|65|65.0,0.04192,5274,3,8,12137,553,0,0,1,11683.3,11683.3,5908.71,5396.48,-0.701251,-0.148004
8|1017|8|1017|sample|8|65|8|65|65.0,0.2096,1390,4,8,12137,553,0,0,1,10627.1,10627.1,1344.38,1330.53,0.212977,0.280411
8|1017|8|1017|sample|8|65|8|65|65.0,1.048,624,5,8,12137,553,0,0,1,6021.2,6021.2,613.648,625.033,0.0999426,-0.00981136
8|1017|8|1017|sample|8|65|8|65|65.0,131,552,8,8,12137,553,0,0,1,551.386,551.386,535.615,535.673,0.17855,0.177903
8|1017|8|1017|sample|5|65|5|65|65.0,0.0004351999999999,10556,1,5,12137,553,0,0,1,11733.3,11733.3,11728.6,11721.8,-0.656512,-0.6531
8|1017|8|1017|sample|5|65|5|65|65.0,0.0021759999999999,10084,2,5,12137,553,0,0,1,11796.1,11796.1,11733.4,11671.5,-0.923113,-0.893114
8|1017|8|1017|sample|5|65|5|65|65.0,0.0108799999999999,10022,3,5,12137,553,0,0,1,11813.4,11813.4,11015.5,10592.8,-0.592049,-0.3536
8|1017|8|1017|sample|5|65|5|65|65.0,0.0543999999999999,5610,4,5,12137,553,0,0,1,11637.7,11637.7,5995.33,5375.11,-0.419646,0.284945
8|1017|8|1017|sample|5|65|5|65|65.0,0.2719999999999999,1302,5,5,12137,553,0,0,1,10186.3,10186.3,1260.74,1271.02,0.20473,0.152525
8|1017|8|1017|sample|5|65|5|65|65.0,1.36,572,6,5,12137,553,0,0,1,5037.04,5037.04,596.016,611.943,-0.237991,-0.386593
8|1017|8|1017|sample|5|65|5|65|65.0,6.8,578,7,5,12137,553,0,0,1,1331.5,1331.5,542.574,545.204,0.381656,0.351814
8|1017|8|1017|sample|5|65|5|65|65.0,34,612,8,5,12137,553,0,0,1,631.955,631.955,535.867,536.2,0.829283,0.8252
8|1017|8|1017|sample|6|65|6|65|65.0,0.0004351999999999,9474,1,6,12137,553,0,0,1,11743.2,11743.2,11737.4,11736.7,-1.26629,-1.26596
8|1017|8|1017|sample|6|65|6|65|65.0,0.0021759999999999,13580,2,6,12137,553,0,0,1,11806,11806,11726.8,11715.7,1.03774,1.04495
8|1017|8|1017|sample|6|65|6|65|65.0,0.0108799999999999,10900,3,6,12137,553,0,0,1,11823.3,11823.3,10798.6,10699.9,0.0615992,0.122704
8|1017|8|1017|sample|6|65|6|65|65.0,0.0543999999999999,5064,4,6,12137,553,0,0,1,11647.4,11647.4,5162.78,5013.78,-0.124687,0.0652545
8|1017|8|1017|sample|6|65|6|65|65.0,0.2719999999999999,1104,5,6,12137,553,0,0,1,10194.8,10194.8,1066.1,1062.01,0.220281,0.244895
8|1017|8|1017|sample|6|65|6|65|65.0,1.36,532,6,6,12137,553,0,0,1,5041.25,5041.25,579.298,580.892,-0.480772,-0.495752
8|1017|8|1017|sample|6|65|6|65|65.0,6.8,556,7,6,12137,553,0,0,1,1332.62,1332.62,541.667,541.981,0.154649,0.151181
8|1017|8|1017|sample|6|65|6|65|65.0,34,534,8,6,12137,553,0,0,1,632.487,632.488,536.21,536.259,-0.0240579,-0.0245904
8|1017|8|1017|sample|12|65|12|65|28.0,0.0014272,9766,1,12,12137,553,0,0,1,11553,11553,11501.5,11478.2,-0.990767,-0.97939
8|1017|8|1017|sample|12|65|12|65|28.0,0.007136,11476,2,12,12137,553,0,0,1,11605.8,11605.8,11085.6,10933.7,0.231203,0.325565
8|1017|8|1017|sample|12|65|12|65|28.0,0.03568,7314,3,12,12137,553,0,0,1,11536.2,11536.2,7888.56,7388.91,-0.47689,-0.06634
8|1017|8|1017|sample|12|65|12|65|28.0,0.1784,2258,4,12,12137,553,0,0,1,10682,10682,2335.57,2152.82,-0.212964,0.312509
8|1017|8|1017|sample|12|65|12|65|28.0,0.892,702,5,12,12137,553,0,0,1,6533.93,6533.93,741.786,730.267,-0.323522,-0.233159
8|1017|8|1017|sample|12|65|12|65|28.0,4.46,612,6,12,12137,553,0,0,1,1844.09,1844.09,553.2,553.415,0.622685,0.620193
8|1017|8|1017|sample|12|65|12|65|28.0,22.3,526,7,12,12137,553,0,0,1,697.67,697.67,532.509,532.644,-0.0712946,-0.0727524
8|1017|8|1017|sample|12|65|12|65|28.0,111.5,626,8,12,12137,553,0,0,1,546.736,546.736,527.711,527.655,1.08522,1.08593
8|1017|8|1017|sample|11|65|11|65|28.0,0.0014272,11078,1,11,12137,553,0,0,1,11626.2,11626.2,11613.1,11612.3,-0.302576,-0.302108
8|1017|8|1017|sample|11|65|11|65|28.0,0.007136,12576,2,11,12137,553,0,0,1,11678.9,11678.9,11485.3,11482.6,0.623494,0.62523
8|1017|8|1017|sample|11|65|11|65|28.0,0.03568,8090,3,11,12137,553,0,0,1,11608.6,11608.6,9448.22,9402.78,-0.94262,-0.915452
8|1017|8|1017|sample|11|65|11|65|28.0,0.1784,3278,4,11,12137,553,0,0,1,10748.9,10748.9,3047.94,2980.25,0.48734,0.644724
8|1017|8|1017|sample|11|65|11|65|28.0,0.892,676,5,11,12137,553,0,0,1,6574.89,6574.89,770.729,760.655,-0.743803,-0.672759
8|1017|8|1017|sample|11|65|11|65|28.0,22.3,524,7,11,12137,553,0,0,1,702.066,702.066,535.032,534.966,-0.12033,-0.119627
8|1017|8|1017|sample|11|65|11|65|28.0,111.5,578,8,11,12137,553,0,0,1,550.201,550.201,530.893,530.85,0.517358,0.517866
8|1017|8|1017|sample|8|65|8|65|28.0,4.46,582,6,8,12137,553,0,0,1,1872.4,1872.4,554.324,592.691,0.292557,-0.106474
8|1017|8|1017|sample|10|65|10|65|28.0,0.0004479999999999,10692,1,10,12137,553,0,0,1,11678.4,11678.4,11674.8,11675.4,-0.552771,-0.553082
8|1017|8|1017|sample|10|65|10|65|28.0,0.00224,12886,2,10,12137,553,0,0,1,11741.1,11741.1,11696.7,11704,0.667692,0.663157
8|1017|8|1017|sample|10|65|10|65|28.0,0.0111999999999999,12124,3,10,12137,553,0,0,1,11757.7,11757.7,11278.5,11324.8,0.492176,0.463325
8|1017|8|1017|sample|10|65|10|65|28.0,0.0559999999999999,7640,4,10,12137,553,0,0,1,11575.3,11575.3,7905.21,8026.01,-0.219663,-0.314955
8|1017|8|1017|sample|10|65|10|65|28.0,0.2799999999999999,2316,5,10,12137,553,0,0,1,10083,10083,2156.86,2153.63,0.471981,0.482265
8|1017|8|1017|sample|10|65|10|65|28.0,1.4,630,6,10,12137,553,0,0,1,4908.98,4908.98,702.788,694.578,-0.621732,-0.557523
8|1017|8|1017|sample|10|65|10|65|28.0,7,578,7,10,12137,553,0,0,1,1297.15,1297.15,550.81,549.422,0.289044,0.304479
8|1017|8|1017|sample|10|65|10|65|28.0,35,576,8,10,12137,553,0,0,1,625.358,625.358,534.397,534.207,0.454262,0.456483
8|1017|8|1017|sample|9|65|9|65|28.0,0.0004479999999999,10986,1,9,12137,553,0,0,1,11712.5,11712.5,11712.5,11711.8,-0.40731,-0.406942
8|1017|8|1017|sample|9|65|9|65|28.0,0.00224,12902,2,9,12137,553,0,0,1,11775.2,11775.2,11773.9,11761.3,0.629195,0.63689
8|1017|8|1017|sample|9|65|9|65|28.0,0.0111999999999999,13070,3,9,12137,553,0,0,1,11791.6,11791.6,11728.9,11546.6,0.750858,0.866259
8|1017|8|1017|sample|9|65|9|65|28.0,0.0559999999999999,8680,4,9,12137,553,0,0,1,11608.7,11608.7,9704.48,8585.57,-0.692357,0.0720654
8|1017|8|1017|sample|9|65|9|65|28.0,0.2799999999999999,2074,5,9,12137,553,0,0,1,10112.1,10112.1,1966.04,2022.83,0.350192,0.161461
8|1017|8|1017|sample|9|65|9|65|28.0,1.4,634,6,9,12137,553,0,0,1,4923.16,4923.16,593.817,642.516,0.399527,-0.0788922
8|1017|8|1017|sample|9|65|9|65|28.0,7,576,7,9,12137,553,0,0,1,1300.91,1300.91,539.392,543.948,0.396455,0.344533
8|1017|8|1017|sample|9|65|9|65|28.0,35,628,8,9,12137,553,0,0,1,627.181,627.181,534.689,535.023,1.01837,1.01417
8|1017|8|1017|sample|4|65|4|65|22.0,0.0010624,9714,1,4,12137,553,0,0,1,11711.7,11711.7,11705.7,11705.1,-1.1173,-1.11699
8|1017|8|1017|sample|4|65|4|65|22.0,0.005312,11992,2,4,12137,553,0,0,1,11768.5,11768.5,11660.4,11650.6,0.186748,0.192437
8|1017|8|1017|sample|4|65|4|65|22.0,0.02656,9882,3,4,12137,553,0,0,1,11733.6,11733.6,10109.6,10017.7,-0.147701,-0.0888689
8|1017|8|1017|sample|4|65|4|65|22.0,0.1328,3414,4,4,12137,553,0,0,1,11137.5,11137.5,3337.77,3267.93,0.147751,0.289036
8|1017|8|1017|sample|4|65|4|65|22.0,0.664,734,5,4,12137,553,0,0,1,7707.19,7707.19,754.396,753.636,-0.163318,-0.157378
8|1017|8|1017|sample|4|65|4|65|22.0,3.32,542,6,4,12137,553,0,0,1,2410.19,2410.19,552.142,552.561,-0.107584,-0.111954
8|1017|8|1017|sample|4|65|4|65|22.0,16.6,564,7,4,12137,553,0,0,1,788.036,788.036,538.309,538.414,0.278721,0.277534
8|1017|8|1017|sample|4|65|4|65|22.0,83,516,8,4,12137,553,0,0,1,563.748,563.748,534.672,534.686,-0.203785,-0.203937
8|1017|8|1017|sample|3|65|3|65|22.0,0.0010624,10506,1,3,12137,553,0,0,1,11677.7,11677.7,11612.8,11622.6,-0.62584,-0.630819
8|1017|8|1017|sample|3|65|3|65|22.0,0.005312,11892,2,3,12137,553,0,0,1,11734.5,11734.5,11165.7,11223.7,0.427035,0.390869
8|1017|8|1017|sample|3|65|3|65|22.0,0.02656,7480,3,3,12137,553,0,0,1,11699.7,11699.7,8059.76,8199.91,-0.471074,-0.575035
8|1017|8|1017|sample|3|65|3|65|22.0,0.1328,2832,4,3,12137,553,0,0,1,11105.5,11105.5,2583.17,2589.02,0.619424,0.603526
8|1017|8|1017|sample|3|65|3|65|22.0,0.664,740,5,3,12137,553,0,0,1,7685.03,7685.03,806.357,793.757,-0.499864,-0.410853
8|1017|8|1017|sample|3|65|3|65|22.0,3.32,556,6,3,12137,553,0,0,1,2403.25,2403.25,567.792,564.945,-0.122023,-0.0929755
8|1017|8|1017|sample|3|65|3|65|22.0,83,548,8,3,12137,553,0,0,1,562.109,562.109,533.449,533.376,0.159128,0.159954
8|1017|8|1017|sample|3|65|3|65|65.0,26.2,600,7,3,12137,553,0,0,1,672.553,672.553,550.35,591.898,0.528207,0.0807849
8|1017|8|1017|sample|11|65|11|65|65.0,5.24,582,6,11,12137,553,0,0,1,1623.22,1623.22,560.445,589.867,0.225641,-0.0786896
8|1017|8|1017|sample|8|65|8|65|22.0,16.6,600,7,8,12137,553,0,0,1,789.431,789.431,551.403,595.963,0.516128,0.0400121
8|1017|8|1017|cc|1|1|65|1|65|69.0,0,614,1,1,12137,553,0,1,0,526.467,526.467,526.555,526.467,0.967356,0.968467
8|1017|8|1017|cc|2|1|65|1|65|69.0,0,574,2,1,12137,553,0,1,0,529.446,529.446,529.482,529.446,0.490081,0.490498
8|1017|8|1017|cc|3|1|65|1|65|69.0,0,530,3,1,12137,553,0,1,0,531.271,531.271,531.277,531.271,-0.0140157,-0.0139464
8|1017|8|1017|cc|4|1|65|1|65|69.0,0,626,4,1,12137,553,0,1,0,532.136,532.136,532.13,532.136,1.02883,1.02875
8|1017|8|1017|cc|5|1|65|1|65|69.0,0,490,5,1,12137,553,0,1,0,532.136,532.136,532.13,532.136,-0.461748,-0.461814
8|1017|8|1017|cc|6|1|65|1|65|69.0,0,480,6,1,12137,553,0,1,0,531.271,531.271,531.277,531.271,-0.562798,-0.562734
8|1017|8|1017|cc|7|1|65|1|65|69.0,0,564,7,1,12137,553,0,1,0,529.446,529.446,529.482,529.446,0.379996,0.380406
8|1017|8|1017|cc|8|1|65|1|65|69.0,0,546,8,1,12137,553,0,1,0,526.467,526.467,526.555,526.467,0.215111,0.216111
8|1017|8|1017|vc|1|2|65|2|65|69.0,0,12754,1,2,12137,553,1,0,0,11627.9,11627.9,11628.7,11627.9,0.635431,0.635918
8|1017|8|1017|vc|2|2|65|2|65|69.0,0,10974,2,2,12137,553,1,0,0,11693.3,11693.3,11692.9,11693.3,-0.403724,-0.403915
8|1017|8|1017|vc|3|2|65|2|65|69.0,0,11326,3,2,12137,553,1,0,0,11733.3,11733.3,11732.3,11733.3,-0.227416,-0.227954
8|1017|8|1017|vc|4|2|65|2|65|69.0,0,14058,4,2,12137,553,1,0,0,11752.3,11752.3,11751,11752.3,1.28918,1.28832
8|1017|8|1017|vc|5|2|65|2|65|69.0,0,13090,5,2,12137,553,1,0,0,11752.3,11752.3,11751,11752.3,0.748241,0.747446
8|1017|8|1017|vc|6|2|65|2|65|69.0,0,11930,6,2,12137,553,1,0,0,11733.3,11733.3,11732.3,11733.3,0.110646,0.110079
8|1017|8|1017|vc|7|2|65|2|65|69.0,0,12278,7,2,12137,553,1,0,0,11693.3,11693.3,11692.9,11693.3,0.328577,0.328363
8|1017|8|1017|vc|8|2|65|2|65|69.0,0,10686,8,2,12137,553,1,0,0,11627.9,11627.9,11628.7,11627.9,-0.532293,-0.531885
8|291|8|291|sample|6|103|6|103|55.0,0.0006144,76513,1,6,98225.875,607,0,0,1,95037.3,88176.1,88140.5,88178.1,-0.87079,-0.873234
8|291|8|291|sample|6|103|6|103|55.0,0.003072,102272,2,6,98225.875,607,0,0,1,95531.6,88165.6,88134.4,88173.7,1.05885,1.05543
8|291|8|291|sample|6|103|6|103|55.0,0.01536,99267,3,6,98225.875,607,0,0,1,95551.2,87900.1,87815.8,87848,0.860755,0.858017
8|291|8|291|sample|6|103|6|103|55.0,0.0768,85522,4,6,98225.875,607,0,0,1,93125.3,85538.3,83677.6,83646.1,0.145487,0.148033
8|291|8|291|sample|6|103|6|103|55.0,0.384,49954,5,6,98225.875,607,0,0,1,75417.9,69273.5,51671.3,51548.9,-0.219252,-0.204114
8|291|8|291|sample|6|103|6|103|55.0,1.92,9548,6,6,98225.875,607,0,0,1,28571.9,26284.1,8959.94,8986.71,0.43019,0.409387
8|291|8|291|sample|6|103|6|103|55.0,9.6,1270,7,6,98225.875,607,0,0,1,4908.96,4530.46,1246,1255.53,0.120446,0.0720573
8|291|8|291|sample|6|103|6|103|55.0,48,528,8,6,98225.875,607,0,0,1,1100.91,1021.43,599.089,600.574,-0.701246,-0.714305
8|291|8|291|sample|5|103|5|103|55.0,0.0006144,76851,1,5,98225.875,607,0,0,1,94957.3,88169.5,88132.7,88172.1,-0.844964,-0.847537
8|291|8|291|sample|5|103|5|103|55.0,0.003072,101000,2,5,98225.875,607,0,0,1,95451.6,88158.9,88109,88173.8,0.965755,0.960199
8|291|8|291|sample|5|103|5|103|55.0,0.01536,101897,3,5,98225.875,607,0,0,1,95471.5,87893.5,87627.4,87907.4,1.07491,1.05046
8|291|8|291|sample|5|103|5|103|55.0,0.0768,93625,4,5,98225.875,607,0,0,1,93047.6,85531.8,82263.9,84140.6,0.911563,0.744026
8|291|8|291|sample|5|103|5|103|55.0,0.384,53214,5,5,98225.875,607,0,0,1,75355,69268.3,48116,52511,0.698906,0.0883276
8|291|8|291|sample|5|103|5|103|55.0,1.92,8940,6,5,98225.875,607,0,0,1,28548,26282.1,8656.15,8752.55,0.214872,0.140353
8|291|8|291|sample|5|103|5|103|55.0,9.6,1202,7,5,98225.875,607,0,0,1,4904.85,4530.12,1306.6,1183.68,-0.501726,0.09649
8|291|8|291|sample|5|103|5|103|55.0,48,628,8,5,98225.875,607,0,0,1,1099.98,1021.35,611.419,591.336,0.160603,0.365902
8|291|8|291|sample|4|103|4|103|55.0,0.000064,78742,1,4,98225.875,607,0,0,1,94792.8,88160,88124.9,88160.2,-0.70281,-0.705176
8|291|8|291|sample|4|103|4|103|55.0,0.00032,104674,2,4,98225.875,607,0,0,1,95320.3,88180.2,88143.9,88181.7,1.2379,1.23453
8|291|8|291|sample|4|103|4|103|55.0,0.0016,109031,3,4,98225.875,607,0,0,1,95629.8,88181.2,88155.9,88193.6,1.56307,1.55958
8|291|8|291|sample|4|103|4|103|55.0,0.008,112435,4,4,98225.875,607,0,0,1,95657,88071.8,88147.1,88157,1.8188,1.81785
8|291|8|291|sample|4|103|4|103|55.0,0.04,96222,5,4,98225.875,607,0,0,1,94566.1,87067.5,87803.4,87414,0.63289,0.665109
8|291|8|291|sample|4|103|4|103|55.0,0.2,69267,6,4,98225.875,607,0,0,1,85873.9,79185.2,80647.6,76399,-0.931413,-0.616128
8|291|8|291|sample|4|103|4|103|55.0,1,26117,7,4,98225.875,607,0,0,1,47956.1,44363.9,28507.3,24480,-0.552559,0.440489
8|291|8|291|sample|4|103|4|103|55.0,5,2412,8,4,98225.875,607,0,0,1,10271.9,9553.13,2313.9,2427.99,0.271771,-0.0422726
8|291|8|291|sample|3|103|3|103|55.0,0.000064,84948,1,3,98225.875,607,0,0,1,94517.3,88139.9,88107.1,88140.1,-0.236674,-0.23906
8|291|8|291|sample|3|103|3|103|55.0,0.00032,102466,2,3,98225.875,607,0,0,1,95044.8,88160.1,88126.1,88161.7,1.0741,1.071
8|291|8|291|sample|3|103|3|103|55.0,0.0016,104314,3,3,98225.875,607,0,0,1,95354.4,88161.1,88137.4,88174.4,1.21151,1.20824
8|291|8|291|sample|3|103|3|103|55.0,0.008,106252,4,3,98225.875,607,0,0,1,95381.8,88051.8,88117.8,88148.8,1.35843,1.35563
8|291|8|291|sample|3|103|3|103|55.0,0.04,101815,5,3,98225.875,607,0,0,1,94294.1,87047.6,87620.6,87531.8,1.06933,1.0771
8|291|8|291|sample|3|103|3|103|55.0,0.2,73444,6,3,98225.875,607,0,0,1,85626.6,79167.1,79023.5,77287.5,-0.466017,-0.328228
8|291|8|291|sample|3|103|3|103|55.0,1,25577,7,3,98225.875,607,0,0,1,47817.5,44353.7,27582.6,24305.1,-0.479113,0.344714
8|291|8|291|sample|3|103|3|103|55.0,5,2234,8,3,98225.875,607,0,0,1,10242,9550.95,2527.7,2233.01,-0.746716,0.00283708
8|291|8|291|sample|9|103|9|103|32.0,0.0003648,67254,1,9,98225.875,607,0,0,1,94790.8,88158.2,88115.4,88146.3,-1.56276,-1.56453
8|291|8|291|sample|9|103|9|103|32.0,0.001824,84908,2,9,98225.875,607,0,0,1,95302.7,88163.9,87898.9,87849,-0.224603,-0.220981
8|291|8|291|sample|9|103|9|103|32.0,0.00912,66966,3,9,98225.875,607,0,0,1,95475.9,88039.3,82199.7,80866.8,-1.22324,-1.13459
8|291|8|291|sample|9|103|9|103|32.0,0.0456,29642,4,9,98225.875,607,0,0,1,94331.8,86851.7,30786.1,28079.9,-0.244947,0.366584
8|291|8|291|sample|9|103|9|103|32.0,0.228,2230,5,9,98225.875,607,0,0,1,84351.1,77662.5,2286.01,2192.03,-0.157015,0.110848
8|291|8|291|sample|9|103|9|103|32.0,1.14,562,6,9,98225.875,607,0,0,1,43938.7,40516.3,613.886,615.962,-0.500751,-0.519219
8|291|8|291|sample|9|103|9|103|32.0,5.7,484,7,9,98225.875,607,0,0,1,8892.44,8226.34,548.219,548.759,-0.685547,-0.690705
8|291|8|291|sample|9|103|9|103|32.0,28.5,548,8,9,98225.875,607,0,0,1,1612.42,1499.59,545.577,545.818,0.0259717,0.0233848
8|291|8|291|sample|10|103|10|103|32.0,0.0003648,76142,1,10,98225.875,607,0,0,1,94515.3,88138.1,88085.7,88107.2,-0.895024,-0.896416
8|291|8|291|sample|10|103|10|103|32.0,0.001824,78961,2,10,98225.875,607,0,0,1,95027.2,88143.8,87665.5,87537.5,-0.655415,-0.646716
8|291|8|291|sample|10|103|10|103|32.0,0.00912,61146,3,10,98225.875,607,0,0,1,95200.9,88019.2,79145.2,77621.4,-1.50104,-1.40091
8|291|8|291|sample|10|103|10|103|32.0,0.0456,26839,4,10,98225.875,607,0,0,1,94060.4,86831.9,25744.4,24802.2,0.280109,0.540975
8|291|8|291|sample|10|103|10|103|32.0,0.228,2248,5,10,98225.875,607,0,0,1,84108.5,77644.8,2150.2,2269.01,0.290925,-0.0593192
8|291|8|291|sample|10|103|10|103|32.0,1.14,632,6,10,98225.875,607,0,0,1,43812.1,40507.1,621.019,637.809,0.104887,-0.0541729
8|291|8|291|sample|10|103|10|103|32.0,5.7,498,7,10,98225.875,607,0,0,1,8866.74,8224.46,548.973,550.532,-0.543487,-0.558695
8|291|8|291|sample|10|103|10|103|32.0,28.5,558,8,10,98225.875,607,0,0,1,1607.73,1499.25,545.528,545.824,0.133725,0.130486
8|291|8|291|sample|8|103|8|103|32.0,0.0000768,72099,1,8,98225.875,607,0,0,1,94961.5,88173.4,88135.7,88172.6,-1.20106,-1.20332
8|291|8|291|sample|8|103|8|103|32.0,0.000384,93669,2,8,98225.875,607,0,0,1,95488.5,88193.1,88134.9,88174.9,0.414479,0.411298
8|291|8|291|sample|8|103|8|103|32.0,0.00192,96224,3,8,98225.875,607,0,0,1,95794,88190.4,87748.4,87789.5,0.637575,0.634189
8|291|8|291|sample|8|103|8|103|32.0,0.0096,78234,4,8,98225.875,607,0,0,1,95785.7,88048.7,80397,80278.9,-0.177578,-0.168129
8|291|8|291|sample|8|103|8|103|32.0,0.048,29776,5,8,98225.875,607,0,0,1,94394.5,86769.9,30053.8,29218.7,-0.0609306,0.125705
8|291|8|291|sample|8|103|8|103|32.0,0.24,2672,6,8,98225.875,607,0,0,1,83650.3,77010.6,2691.78,2559.99,-0.0473022,0.281297
8|291|8|291|sample|8|103|8|103|32.0,1.2,586,7,8,98225.875,607,0,0,1,42247.5,39019.8,654.307,645.519,-0.622473,-0.549047
8|291|8|291|sample|8|103|8|103|32.0,6,506,8,8,98225.875,607,0,0,1,8352.42,7755.37,550.927,550.602,-0.477517,-0.474305
8|291|8|291|sample|7|103|7|103|32.0,0.0000768,74219,1,7,98225.875,607,0,0,1,95041.6,88180.1,88140.3,88178.4,-1.04257,-1.04498
8|291|8|291|sample|7|103|7|103|32.0,0.000384,94028,2,7,98225.875,607,0,0,1,95568.6,88199.8,88119.3,88166,0.44261,0.438882
8|291|8|291|sample|7|103|7|103|32.0,0.00192,88873,3,7,98225.875,607,0,0,1,95874,88197.1,87413,87540,0.110246,0.100509
8|291|8|291|sample|7|103|7|103|32.0,0.0096,71607,4,7,98225.875,607,0,0,1,95865.6,88055.3,76169.3,76978.8,-0.395324,-0.460571
8|291|8|291|sample|7|103|7|103|32.0,0.048,25271,5,7,98225.875,607,0,0,1,94473.3,86776.4,23140.8,23717,0.606278,0.431565
8|291|8|291|sample|7|103|7|103|32.0,0.24,2124,6,7,98225.875,607,0,0,1,83720.2,77016.5,2193.94,2179.24,-0.204029,-0.162208
8|291|8|291|sample|7|103|7|103|32.0,1.2,676,7,7,98225.875,607,0,0,1,42283,39022.7,638.279,633.798,0.351523,0.395778
8|291|8|291|sample|7|103|7|103|32.0,6,642,8,7,98225.875,607,0,0,1,8359.47,7755.96,550.699,550.465,0.970768,0.973613
8|291|8|291|sample|11|103|11|103|22.0,0.0003712,73274,1,11,98225.875,607,0,0,1,94103.3,88111.1,87978.8,88011.5,-1.10327,-1.10531
8|291|8|291|sample|11|103|11|103|22.0,0.001856,69690,2,11,98225.875,607,0,0,1,94614.9,88116.5,86534.5,86579.3,-1.28489,-1.28764
8|291|8|291|sample|11|103|11|103|22.0,0.00928,51029,3,11,98225.875,607,0,0,1,94785.7,87988.7,69063.2,68929.8,-1.72328,-1.71384
8|291|8|291|sample|11|103|11|103|22.0,0.0464,18731,4,11,98225.875,607,0,0,1,93620.9,86774,17257.4,16864.7,0.561779,0.728
8|291|8|291|sample|11|103|11|103|22.0,0.2319999999999999,1836,5,11,98225.875,607,0,0,1,83509.6,77402.2,1879.16,1817.14,-0.146235,0.065993
8|291|8|291|sample|11|103|11|103|22.0,1.16,454,6,11,98225.875,607,0,0,1,43075.5,39986.5,634.13,628.546,-1.68851,-1.64923
8|291|8|291|sample|11|103|11|103|22.0,5.8,548,7,11,98225.875,607,0,0,1,8653.95,8059.58,551.16,550.877,-0.0335711,-0.030584
8|291|8|291|sample|11|103|11|103|22.0,29,510,8,11,98225.875,607,0,0,1,1577.41,1476.97,545.601,545.748,-0.381666,-0.383148
8|291|8|291|sample|12|103|12|103|22.0,0.0003712,69558,1,12,98225.875,607,0,0,1,93510.8,88077.5,88024,88002.3,-1.38475,-1.38347
8|291|8|291|sample|12|103|12|103|22.0,0.001856,72538,2,12,98225.875,607,0,0,1,94022.5,88082.9,87497.3,86943.1,-1.12853,-1.09365
8|291|8|291|sample|12|103|12|103|22.0,0.00928,50948,3,12,98225.875,607,0,0,1,94194.2,87955.1,78079.7,73316.2,-2.29348,-2.01355
8|291|8|291|sample|12|103|12|103|22.0,0.0464,23756,4,12,98225.875,607,0,0,1,93037.6,86740.9,25441.3,21983,-0.436408,0.531112
8|291|8|291|sample|12|103|12|103|22.0,0.2319999999999999,2516,5,12,98225.875,607,0,0,1,82989.3,77372.7,2293.69,2377.45,0.621174,0.373887
8|291|8|291|sample|12|103|12|103|22.0,1.16,468,6,12,98225.875,607,0,0,1,42806.7,39971.3,636.619,668.576,-1.57504,-1.79255
8|291|8|291|sample|12|103|12|103|22.0,5.8,510,7,12,98225.875,607,0,0,1,8599.77,8056.5,549.844,553.458,-0.424229,-0.460028
8|291|8|291|sample|12|103|12|103|22.0,29,486,8,12,98225.875,607,0,0,1,1567.48,1476.41,545.276,545.732,-0.635807,-0.640224
8|291|8|291|cc|1|1|103|1|103|69.0,0,528,1,1,98225.875,607,0,1,0,577.876,544.3,544.139,544.3,-0.173433,-0.175112
8|291|8|291|cc|2|1|103|1|103|69.0,0,646,2,1,98225.875,607,0,1,0,581.146,544.434,544.257,544.434,1.09312,1.09091
8|291|8|291|cc|3|1|103|1|103|69.0,0,582,3,1,98225.875,607,0,1,0,583.149,544.523,544.336,544.523,0.404614,0.402478
8|291|8|291|cc|4|1|103|1|103|69.0,0,620,4,1,98225.875,607,0,1,0,584.099,544.567,544.375,544.567,0.812359,0.810034
8|291|8|291|cc|5|1|103|1|103|69.0,0,622,5,1,98225.875,607,0,1,0,584.099,544.567,544.375,544.567,0.833843,0.831511
8|291|8|291|cc|6|1|103|1|103|69.0,0,604,6,1,98225.875,607,0,1,0,583.149,544.523,544.336,544.523,0.64095,0.638743
8|291|8|291|cc|7|1|103|1|103|69.0,0,640,7,1,98225.875,607,0,1,0,581.146,544.434,544.257,544.434,1.02866,1.02646
8|291|8|291|cc|8|1|103|1|103|69.0,0,614,8,1,98225.875,607,0,1,0,577.876,544.3,544.139,544.3,0.750723,0.748803
8|291|8|291|vc|1|2|103|2|103|69.0,0,87702,1,2,98225.875,607,1,0,0,94105.6,88113.3,88083.4,88113.3,-0.0285784,-0.0308088
8|291|8|291|vc|2|2|103|2|103|69.0,0,107225,2,2,98225.875,607,1,0,0,94634.7,88134.9,88102.4,88134.9,1.43272,1.42975
8|291|8|291|vc|3|2|103|2|103|69.0,0,103247,3,2,98225.875,607,1,0,0,94958.8,88149.4,88115.1,88149.4,1.13356,1.13055
8|291|8|291|vc|4|2|103|2|103|69.0,0,105493,4,2,98225.875,607,1,0,0,95112.5,88156.6,88121.4,88156.6,1.30124,1.2981
8|291|8|291|vc|5|2|103|2|103|69.0,0,108146,5,2,98225.875,607,1,0,0,95112.5,88156.6,88121.4,88156.6,1.49997,1.49674
8|291|8|291|vc|6|2|103|2|103|69.0,0,97541,6,2,98225.875,607,1,0,0,94958.8,88149.4,88115.1,88149.4,0.706112,0.703273
8|291|8|291|vc|7|2|103|2|103|69.0,0,95893,7,2,98225.875,607,1,0,0,94634.7,88134.9,88102.4,88134.9,0.583692,0.581042
8|291|8|291|vc|8|2|103|2|103|69.0,0,80560,8,2,98225.875,607,1,0,0,94105.6,88113.3,88083.4,88113.3,-0.563792,-0.565841
8|1197|8|1197|sample|7|103|7|103|65.0,0.0016767999999999,74837,1,7,100839.375,636.5,0,0,1,97552.8,87547.8,87151.2,87292,-0.932677,-0.941819
8|1197|8|1197|sample|7|103|7|103|65.0,0.0083839999999999,71977,2,7,100839.375,636.5,0,0,1,97957.8,89627.3,82832,84820.8,-0.864988,-0.999493
8|1197|8|1197|sample|7|103|7|103|65.0,0.04192,42847,3,7,100839.375,636.5,0,0,1,97097.2,89872.3,40392.4,43669.3,0.400746,-0.124192
8|1197|8|1197|sample|7|103|7|103|65.0,0.2096,5272,4,7,100839.375,636.5,0,0,1,87946.4,81843.9,5096.58,4793.45,0.224266,0.649944
8|1197|8|1197|sample|7|103|7|103|65.0,1.048,660,5,7,100839.375,636.5,0,0,1,48068.5,44733.1,894.43,815.164,-1.60477,-1.15722
8|1197|8|1197|sample|7|103|7|103|65.0,5.24,592,6,7,100839.375,636.5,0,0,1,10124.1,9370.77,596.804,588.544,-0.047548,0.0346354
8|1197|8|1197|sample|7|103|7|103|65.0,26.2,544,7,7,100839.375,636.5,0,0,1,1807.47,1653.76,569.011,568.177,-0.258314,-0.250025
8|1197|8|1197|sample|7|103|7|103|65.0,131,580,8,7,100839.375,636.5,0,0,1,753.596,676.308,554.128,553.607,0.273579,0.279318
8|1197|8|1197|sample|8|103|8|103|65.0,0.0016767999999999,74846,1,8,100839.375,636.5,0,0,1,97470.6,87214.1,86889.6,86907.3,-0.914927,-0.916081
8|1197|8|1197|sample|8|103|8|103|65.0,0.0083839999999999,76735,2,8,100839.375,636.5,0,0,1,97875.8,89294,83116.9,83975.6,-0.506806,-0.569121
8|1197|8|1197|sample|8|103|8|103|65.0,0.04192,41404,3,8,100839.375,636.5,0,0,1,97016.2,89543,41260.9,42593.3,0.0228666,-0.184153
8|1197|8|1197|sample|8|103|8|103|65.0,0.2096,5378,4,8,100839.375,636.5,0,0,1,87873.1,81546.1,5057.83,4884.96,0.41243,0.657259
8|1197|8|1197|sample|8|103|8|103|65.0,1.048,706,5,8,100839.375,636.5,0,0,1,48028.5,44570.4,874.473,835.347,-1.17762,-0.943182
8|1197|8|1197|sample|8|103|8|103|65.0,5.24,542,6,8,100839.375,636.5,0,0,1,10115.6,9336.44,592.575,588.577,-0.503783,-0.466773
8|1197|8|1197|sample|8|103|8|103|65.0,26.2,550,7,8,100839.375,636.5,0,0,1,1805.96,1647.61,566.73,566.232,-0.17341,-0.168383
8|1197|8|1197|sample|8|103|8|103|65.0,131,550,8,8,100839.375,636.5,0,0,1,752.961,673.729,552.031,551.508,-0.0215497,-0.016014
8|1197|8|1197|sample|6|103|6|103|65.0,0.0004351999999999,82107,1,6,100839.375,636.5,0,0,1,97567.7,87561.2,87612.4,87550.5,-0.414788,-0.41041
8|1197|8|1197|sample|6|103|6|103|65.0,0.0021759999999999,94216,2,6,100839.375,636.5,0,0,1,98088.4,89746.8,89298.5,89455.2,0.363503,0.351305
8|1197|8|1197|sample|6|103|6|103|65.0,0.0108799999999999,78272,3,6,100839.375,636.5,0,0,1,98224.4,90915.6,82416.4,84269.8,-0.331915,-0.469791
8|1197|8|1197|sample|6|103|6|103|65.0,0.0543999999999999,33061,4,6,100839.375,636.5,0,0,1,96696.1,89986.5,30605.4,32112.6,0.528816,0.194667
8|1197|8|1197|sample|6|103|6|103|65.0,0.2719999999999999,2724,5,6,100839.375,636.5,0,0,1,84129.6,78292,2857.77,2619.38,-0.301778,0.256927
8|1197|8|1197|sample|6|103|6|103|65.0,1.36,578,6,6,100839.375,636.5,0,0,1,39554.3,36611.1,696.902,665.611,-1.02341,-0.786131
8|1197|8|1197|sample|6|103|6|103|65.0,6.8,604,7,6,100839.375,636.5,0,0,1,7485.44,6848.86,573.874,571.342,0.308799,0.336074
8|1197|8|1197|sample|6|103|6|103|65.0,34,546,8,6,100839.375,636.5,0,0,1,1451.16,1302.33,554.356,553.734,-0.0883302,-0.0818337
8|1197|8|1197|sample|5|103|5|103|65.0,0.0004351999999999,85902,1,5,100839.375,636.5,0,0,1,97485.5,87227.4,87303.9,87221.7,-0.105995,-0.0998696
8|1197|8|1197|sample|5|103|5|103|65.0,0.0021759999999999,97095,2,5,100839.375,636.5,0,0,1,98006.2,89413,89321.2,89220.3,0.574496,0.582605
8|1197|8|1197|sample|5|103|5|103|65.0,0.0108799999999999,87358,3,5,100839.375,636.5,0,0,1,98142.4,90582.5,86829.6,85544.3,0.0401683,0.139947
8|1197|8|1197|sample|5|103|5|103|65.0,0.0543999999999999,36940,4,5,100839.375,636.5,0,0,1,96615.5,89659.1,39574.7,36017.4,-0.439024,0.168898
8|1197|8|1197|sample|5|103|5|103|65.0,0.2719999999999999,2878,5,5,100839.375,636.5,0,0,1,84059.5,78007.1,2874.08,2814.64,0.008792,0.145082
8|1197|8|1197|sample|5|103|5|103|65.0,1.36,646,6,5,100839.375,636.5,0,0,1,39521.2,36476.9,654.499,663.722,-0.0774334,-0.159433
8|1197|8|1197|sample|5|103|5|103|65.0,6.8,580,7,5,100839.375,636.5,0,0,1,7479.17,6823.39,568.309,568.903,0.120881,0.114627
8|1197|8|1197|sample|5|103|5|103|65.0,34,628,8,5,100839.375,636.5,0,0,1,1449.94,1297.37,552.052,551.597,0.805769,0.811189
8|1197|8|1197|sample|12|103|12|103|28.0,0.0014272,64032,1,12,100839.375,636.5,0,0,1,95987,81177.7,80870.4,80225.6,-1.3743,-1.33229
8|1197|8|1197|sample|12|103|12|103|28.0,0.007136,55335,2,12,100839.375,636.5,0,0,1,96420.8,83289.1,74314,70172.1,-1.68554,-1.39539
8|1197|8|1197|sample|12|103|12|103|28.0,0.03568,22894,3,12,100839.375,636.5,0,0,1,95805.3,83809.5,25130.9,21688.6,-0.586366,0.365968
8|1197|8|1197|sample|12|103|12|103|28.0,0.1784,2488,4,12,100839.375,636.5,0,0,1,88409.1,77797.6,2304.01,2314.74,0.511864,0.479846
8|1197|8|1197|sample|12|103|12|103|28.0,0.892,422,5,12,100839.375,636.5,0,0,1,52525.3,46220.8,633.078,655.126,-1.98157,-2.12206
8|1197|8|1197|sample|12|103|12|103|28.0,4.46,484,6,12,100839.375,636.5,0,0,1,11961,10463.4,541.225,543.063,-0.617872,-0.635807
8|1197|8|1197|sample|12|103|12|103|28.0,22.3,418,7,12,100839.375,636.5,0,0,1,2057.33,1777.14,528.377,527.681,-1.21733,-1.21105
8|1197|8|1197|sample|12|103|12|103|28.0,111.5,586,8,12,100839.375,636.5,0,0,1,774.018,654.599,514.54,513.304,0.806755,0.822446
8|1197|8|1197|sample|10|103|10|103|28.0,0.0004479999999999,78110,1,10,100839.375,636.5,0,0,1,97029.3,85375,85476.7,85357.5,-0.568876,-0.560447
8|1197|8|1197|sample|10|103|10|103|28.0,0.00224,84573,2,10,100839.375,636.5,0,0,1,97549.3,87560.3,87348.5,87107,-0.209738,-0.192023
8|1197|8|1197|sample|10|103|10|103|28.0,0.0111999999999999,58621,3,10,100839.375,636.5,0,0,1,97678.5,88726.4,81565.6,78941.1,-1.85672,-1.69896
8|1197|8|1197|sample|10|103|10|103|28.0,0.0559999999999999,24817,4,10,100839.375,636.5,0,0,1,96094.3,87775,26135.9,23095.2,-0.332459,0.491014
8|1197|8|1197|sample|10|103|10|103|28.0,0.2799999999999999,1870,5,10,100839.375,636.5,0,0,1,83185,75983.4,1866.82,1850.82,0.0108404,0.065939
8|1197|8|1197|sample|10|103|10|103|28.0,1.4,510,6,10,100839.375,636.5,0,0,1,38432.2,34909.9,610.588,618.119,-0.975481,-1.03705
8|1197|8|1197|sample|10|103|10|103|28.0,7,484,7,10,100839.375,636.5,0,0,1,7200.84,6463.48,555.801,556.079,-0.757214,-0.759803
8|1197|8|1197|sample|10|103|10|103|28.0,111.5,602,8,10,100839.375,636.5,0,0,1,782.333,688.366,540.451,539.762,0.665403,0.673601
8|1197|8|1197|sample|9|103|9|103|28.0,0.0004479999999999,78594,1,9,100839.375,636.5,0,0,1,97312.2,86523.8,86609.7,86521.4,-0.610901,-0.604783
8|1197|8|1197|sample|9|103|9|103|28.0,0.00224,83899,2,9,100839.375,636.5,0,0,1,97832,88708.8,88554.7,88550.2,-0.347038,-0.34672
8|1197|8|1197|sample|9|103|9|103|28.0,0.0111999999999999,69732,3,9,100839.375,636.5,0,0,1,97960.7,89872.5,83468.3,84027.5,-1.08625,-1.12295
8|1197|8|1197|sample|9|103|9|103|28.0,0.0559999999999999,27611,4,9,100839.375,636.5,0,0,1,96371.5,88900.7,25464.1,26045.1,0.555419,0.396109
8|1197|8|1197|sample|9|103|9|103|28.0,0.2799999999999999,1566,5,9,100839.375,636.5,0,0,1,83425,76957.9,1609.08,1576.84,-0.169427,-0.0434844
8|1197|8|1197|sample|9|103|9|103|28.0,1.4,560,6,9,100839.375,636.5,0,0,1,38543.2,35360.9,601.225,598.284,-0.405365,-0.3781
8|1197|8|1197|sample|9|103|9|103|28.0,7,566,7,9,100839.375,636.5,0,0,1,7221.71,6548.26,562.142,561.773,0.0402751,0.0441602
8|1197|8|1197|sample|9|103|9|103|28.0,35,568,8,9,100839.375,636.5,0,0,1,1415.78,1258.83,547.61,547.037,0.217885,0.22421
8|1197|8|1197|sample|3|103|3|103|22.0,0.0010624,83416,1,3,100839.375,636.5,0,0,1,97022.7,85369.2,85439.1,85317.7,-0.156297,-0.147124
8|1197|8|1197|sample|3|103|3|103|22.0,0.005312,89383,2,3,100839.375,636.5,0,0,1,97491.6,87508.5,86354.5,86114.6,0.231491,0.250524
8|1197|8|1197|sample|3|103|3|103|22.0,0.02656,58909,3,3,100839.375,636.5,0,0,1,97177.6,88271.3,63891,62940.7,-0.514558,-0.422683
8|1197|8|1197|sample|3|103|3|103|22.0,0.1328,9266,4,3,100839.375,636.5,0,0,1,92029.9,84062.6,8334.42,8576.08,0.732198,0.527106
8|1197|8|1197|sample|3|103|3|103|22.0,0.664,850,5,3,100839.375,636.5,0,0,1,62440.7,57034.9,887.302,927.528,-0.257251,-0.513113
8|1197|8|1197|sample|3|103|3|103|22.0,3.32,606,6,3,100839.375,636.5,0,0,1,16755.7,15220,574.506,577.078,0.322502,0.294988
8|1197|8|1197|sample|3|103|3|103|22.0,16.6,578,7,3,100839.375,636.5,0,0,1,2776.87,2492.52,554.506,554.302,0.248285,0.250519
8|1197|8|1197|sample|3|103|3|103|22.0,83,552,8,3,100839.375,636.5,0,0,1,864.517,760.679,540.461,539.776,0.12474,0.132296
8|1197|8|1197|sample|4|103|4|103|22.0,0.0010624,79953,1,4,100839.375,636.5,0,0,1,97305.6,86517.9,86486.8,86470.7,-0.498665,-0.497534
8|1197|8|1197|sample|4|103|4|103|22.0,0.005312,90004,2,4,100839.375,636.5,0,0,1,97774.2,88656.3,86197.2,87237.5,0.291513,0.209324
8|1197|8|1197|sample|4|103|4|103|22.0,0.02656,58715,3,4,100839.375,636.5,0,0,1,97458.3,89411.6,56546.6,61922,0.253014,-0.341753
8|1197|8|1197|sample|4|103|4|103|22.0,0.1328,7962,4,4,100839.375,636.5,0,0,1,92295.4,85140.7,7530.47,7395.72,0.375047,0.501039
8|1197|8|1197|sample|4|103|4|103|22.0,0.664,770,5,4,100839.375,636.5,0,0,1,62620.8,57766.4,949.727,850.07,-1.16363,-0.574524
8|1197|8|1197|sample|4|103|4|103|22.0,3.32,568,6,4,100839.375,636.5,0,0,1,16804.1,15416.6,588.338,579.852,-0.203893,-0.120373
8|1197|8|1197|sample|4|103|4|103|22.0,16.6,564,7,4,100839.375,636.5,0,0,1,2784.92,2525.21,562.119,561.345,0.0196361,0.0277495
8|1197|8|1197|sample|4|103|4|103|22.0,83,596,8,4,100839.375,636.5,0,0,1,867.038,770.914,547.627,547.029,0.516886,0.523784
8|1197|8|1197|sample|11|103|11|103|28.0,0.0014272,67698,1,11,100839.375,636.5,0,0,1,96595.3,83647.9,82502.7,82448.1,-1.18443,-1.18084
8|1197|8|1197|sample|11|103|11|103|28.0,0.007136,59779,2,11,100839.375,636.5,0,0,1,97028.3,85756.5,70804.5,71277.3,-1.02767,-1.06464
8|1197|8|1197|sample|11|103|11|103|28.0,0.03568,23906,3,11,100839.375,636.5,0,0,1,96406.9,86252.7,22615.6,22916.2,0.375768,0.284451
8|1197|8|1197|sample|11|103|11|103|28.0,0.1784,2906,4,11,100839.375,636.5,0,0,1,88963.3,80048.6,2695.18,2680.71,0.503539,0.540929
8|1197|8|1197|sample|11|103|11|103|28.0,0.892,526,5,11,100839.375,636.5,0,0,1,52854.5,47558.2,716.809,711.422,-1.60081,-1.56633
8|1197|8|1197|sample|11|103|11|103|28.0,4.46,512,6,11,100839.375,636.5,0,0,1,12036.1,10768.4,563.547,562.51,-0.536973,-0.527035
8|1197|8|1197|sample|11|103|11|103|28.0,22.3,520,7,11,100839.375,636.5,0,0,1,2070.29,1829.79,544.264,543.628,-0.260684,-0.254117
8|1197|8|1197|sample|11|103|11|103|28.0,35,602,8,11,100839.375,636.5,0,0,1,1405.52,1217.13,530.201,529.26,0.789453,0.801047
8|1197|8|1197|cc|1|1|103|1|103|69.0,0,606,1,1,100839.375,636.5,0,1,0,605.961,512.47,513.721,512.47,1.04326,1.05966
8|1197|8|1197|cc|2|1|103|1|103|69.0,0,666,2,1,100839.375,636.5,0,1,0,609.39,526.396,527.309,526.396,1.53233,1.54477
8|1197|8|1197|cc|3|1|103|1|103|69.0,0,676,3,1,100839.375,636.5,0,1,0,611.49,534.924,535.645,534.924,1.52939,1.53907
8|1197|8|1197|cc|4|1|103|1|103|69.0,0,624,4,1,100839.375,636.5,0,1,0,612.486,538.971,539.605,538.971,0.913651,0.921466
8|1197|8|1197|cc|5|1|103|1|103|69.0,0,566,5,1,100839.375,636.5,0,1,0,612.486,538.971,539.605,538.971,0.285751,0.292914
8|1197|8|1197|cc|6|1|103|1|103|69.0,0,622,6,1,100839.375,636.5,0,1,0,611.49,534.924,535.645,534.924,0.940976,0.949954
8|1197|8|1197|cc|7|1|103|1|103|69.0,0,690,7,1,100839.375,636.5,0,1,0,609.39,526.396,527.309,526.396,1.79749,1.81034
8|1197|8|1197|cc|8|1|103|1|103|69.0,0,642,8,1,100839.375,636.5,0,1,0,605.961,512.47,513.721,512.47,1.45025,1.46753
8|1197|8|1197|vc|1|2|103|2|103|69.0,0,87946,1,2,100839.375,636.5,1,0,0,96609.5,83660.2,83803.4,83660.2,0.326282,0.33814
8|1197|8|1197|vc|2|2|103|2|103|69.0,0,107862,2,2,100839.375,636.5,1,0,0,97152.7,85866.4,85956.1,85866.4,1.68219,1.69085
8|1197|8|1197|vc|3|2|103|2|103|69.0,0,103669,3,2,100839.375,636.5,1,0,0,97485.3,87217.5,87276.8,87217.5,1.23976,1.24508
8|1197|8|1197|vc|4|2|103|2|103|69.0,0,103811,4,2,100839.375,636.5,1,0,0,97643.2,87858.7,87904.2,87858.7,1.19447,1.1985
8|1197|8|1197|vc|5|2|103|2|103|69.0,0,109061,5,2,100839.375,636.5,1,0,0,97643.2,87858.7,87904.2,87858.7,1.5887,1.59294
8|1197|8|1197|vc|6|2|103|2|103|69.0,0,103883,6,2,100839.375,636.5,1,0,0,97485.3,87217.5,87276.8,87217.5,1.25594,1.26128
8|1197|8|1197|vc|7|2|103|2|103|69.0,0,108538,7,2,100839.375,636.5,1,0,0,97152.7,85866.4,85956.1,85866.4,1.73411,1.74281
8|1197|8|1197|vc|8|2|103|2|103|69.0,0,81945,8,2,100839.375,636.5,1,0,0,96609.5,83660.2,83803.4,83660.2,-0.146374,-0.135325
8|77|8|77|sample|6|218|6|218|55.0,0.0006144,31418,1,6,42678.375,476.5,0,0,1,41293,41293,28597.5,28053,0.649953,0.790434
8|77|8|77|sample|6|218|6|218|55.0,0.003072,16903,2,6,42678.375,476.5,0,0,1,41507.8,41507.8,15177,14681.6,0.747811,0.994774
8|77|8|77|sample|6|218|6|218|55.0,0.01536,4450,3,6,42678.375,476.5,0,0,1,41517,41517,5548.71,5354.58,-1.29166,-1.1015
8|77|8|77|sample|6|218|6|218|55.0,0.0768,1342,4,6,42678.375,476.5,0,0,1,40468.6,40468.6,1880.22,1832.32,-1.8226,-1.70218
8|77|8|77|sample|6|218|6|218|55.0,0.384,938,5,6,42678.375,476.5,0,0,1,32813.6,32813.6,832.395,822.77,0.772575,0.852072
8|77|8|77|sample|6|218|6|218|55.0,1.92,712,6,6,42678.375,476.5,0,0,1,12561.4,12561.4,558.683,557.064,1.60947,1.63066
8|77|8|77|sample|6|218|6|218|55.0,9.6,794,7,6,42678.375,476.5,0,0,1,2331.03,2331.04,487.83,487.659,3.62186,3.62498
8|77|8|77|sample|6|218|6|218|55.0,48,626,8,6,42678.375,476.5,0,0,1,683.628,683.629,467.846,467.855,1.94033,1.94018
8|77|8|77|sample|5|218|5|218|55.0,0.0006144,34690,1,5,42678.375,476.5,0,0,1,41258.2,41258.2,28125.4,28123.4,1.53805,1.53863
8|77|8|77|sample|5|218|5|218|55.0,0.003072,18239,2,5,42678.375,476.5,0,0,1,41473,41473,15556.5,15696.9,1.13399,1.06507
8|77|8|77|sample|5|218|5|218|55.0,0.01536,4564,3,5,42678.375,476.5,0,0,1,41482.4,41482.4,6168.74,6315.3,-1.69908,-1.8117
8|77|8|77|sample|5|218|5|218|55.0,0.0768,1360,4,5,42678.375,476.5,0,0,1,40434.9,40434.9,2220.85,2296.91,-2.48177,-2.61428
8|77|8|77|sample|5|218|5|218|55.0,0.384,1130,5,5,42678.375,476.5,0,0,1,32786.2,32786.2,966.659,996.828,1.04028,0.824171
8|77|8|77|sample|5|218|5|218|55.0,1.92,728,6,5,42678.375,476.5,0,0,1,12550.9,12550.9,604.934,615.661,1.20346,1.08138
8|77|8|77|sample|5|218|5|218|55.0,9.6,752,7,5,42678.375,476.5,0,0,1,2329.08,2329.08,502.588,506.21,2.87447,2.81494
8|77|8|77|sample|5|218|5|218|55.0,48,878,8,5,42678.375,476.5,0,0,1,683.052,683.053,472.19,473.358,4.93886,4.91409
8|77|8|77|sample|3|218|3|218|55.0,0.000064,43169,1,3,42678.375,476.5,0,0,1,41067,41067,39601.5,39581.9,0.594049,0.597621
8|77|8|77|sample|3|218|3|218|55.0,0.00032,39049,2,3,42678.375,476.5,0,0,1,41296.2,41296.2,35528.5,35485.3,0.653304,0.662124
8|77|8|77|sample|3|218|3|218|55.0,0.0016,29908,3,3,42678.375,476.5,0,0,1,41430.8,41430.8,24260,24212.4,1.53351,1.54947
8|77|8|77|sample|3|218|3|218|55.0,0.008,10350,4,3,42678.375,476.5,0,0,1,41443,41443,10310.5,10305.4,0.0251651,0.0284121
8|77|8|77|sample|3|218|3|218|55.0,0.04,1788,5,3,42678.375,476.5,0,0,1,40972.7,40972.7,3217.62,3226.64,-2.87215,-2.88236
8|77|8|77|sample|3|218|3|218|55.0,0.2,944,6,3,42678.375,476.5,0,0,1,37225.4,37225.4,1124.05,1129.11,-0.995637,-1.01927
8|77|8|77|sample|3|218|3|218|55.0,1,862,7,3,42678.375,476.5,0,0,1,20879.5,20879.5,613.869,615.704,2.39479,2.37071
8|77|8|77|sample|3|218|3|218|55.0,5,850,8,3,42678.375,476.5,0,0,1,4634.24,4634.24,493.987,494.534,4.16556,4.15512
8|77|8|77|sample|4|218|4|218|55.0,0.000064,45568,1,4,42678.375,476.5,0,0,1,41186.7,41186.7,40867.1,40647.6,0.758595,0.798287
8|77|8|77|sample|4|218|4|218|55.0,0.00032,42519,2,4,42678.375,476.5,0,0,1,41415.9,41415.9,39324.6,38330.2,0.535671,0.720603
8|77|8|77|sample|4|218|4|218|55.0,0.0016,32499,3,4,42678.375,476.5,0,0,1,41550.5,41550.5,30553.6,27948.7,0.41966,1.07283
8|77|8|77|sample|4|218|4|218|55.0,0.008,11100,4,4,42678.375,476.5,0,0,1,41562.5,41562.5,12267,10734.8,-0.624889,0.223297
8|77|8|77|sample|4|218|4|218|55.0,0.04,1742,5,4,42678.375,476.5,0,0,1,41090.9,41090.9,2761.68,2601.23,-2.37834,-2.12446
8|77|8|77|sample|4|218|4|218|55.0,0.2,908,6,4,42678.375,476.5,0,0,1,37332.9,37332.9,818.617,831.833,0.664034,0.557561
8|77|8|77|sample|4|218|4|218|55.0,1,792,7,4,42678.375,476.5,0,0,1,20940.1,20940.1,515.527,524.025,3.11601,2.97707
8|77|8|77|sample|4|218|4|218|55.0,5,628,8,4,42678.375,476.5,0,0,1,4647.75,4647.75,468.441,470.752,1.9554,1.91885
8|77|8|77|sample|9|218|9|218|32.0,0.0003648,39501,1,9,42678.375,476.5,0,0,1,41185.9,41185.9,40349.5,40401.5,-0.138681,-0.146979
8|77|8|77|sample|9|218|9|218|32.0,0.001824,33817,2,9,42678.375,476.5,0,0,1,41408.3,41408.3,38098.4,38247.5,-0.741015,-0.763832
8|77|8|77|sample|9|218|9|218|32.0,0.00912,26621,3,9,42678.375,476.5,0,0,1,41483.9,41483.9,30462.5,30729.2,-0.831144,-0.881163
8|77|8|77|sample|9|218|9|218|32.0,0.0456,18897,4,9,42678.375,476.5,0,0,1,40989.6,40989.6,16591.6,16758.4,0.914054,0.839521
8|77|8|77|sample|9|218|9|218|32.0,0.228,6130,5,9,42678.375,476.5,0,0,1,36674.9,36674.9,5941.34,5946.03,0.207312,0.202001
8|77|8|77|sample|9|218|9|218|32.0,1.14,1632,6,9,42678.375,476.5,0,0,1,19204,19204,1913.97,1893.25,-0.938601,-0.878809
8|77|8|77|sample|9|218|9|218|32.0,5.7,948,7,9,42678.375,476.5,0,0,1,4052.58,4052.58,816.835,806.208,0.976393,1.06828
8|77|8|77|sample|9|218|9|218|32.0,28.5,518,8,9,42678.375,476.5,0,0,1,904.215,904.215,545.099,541.25,-0.290753,-0.251026
8|77|8|77|sample|10|218|10|218|32.0,0.0003648,35866,1,10,42678.375,476.5,0,0,1,41066.2,41066.2,39781.8,39864.2,-0.64911,-0.661391
8|77|8|77|sample|10|218|10|218|32.0,0.001824,34189,2,10,42678.375,476.5,0,0,1,41288.6,41288.6,36891.6,37063.4,-0.483032,-0.51136
8|77|8|77|sample|10|218|10|218|32.0,0.00912,29560,3,10,42678.375,476.5,0,0,1,41364.4,41364.4,28785.6,28952.5,0.177286,0.138281
8|77|8|77|sample|10|218|10|218|32.0,0.0456,18735,4,10,42678.375,476.5,0,0,1,40871.7,40871.7,15948.1,15890.2,1.14931,1.17747
8|77|8|77|sample|10|218|10|218|32.0,0.228,5920,5,10,42678.375,476.5,0,0,1,36569.4,36569.4,6245.48,6092.93,-0.340425,-0.185344
8|77|8|77|sample|10|218|10|218|32.0,1.14,1412,6,10,42678.375,476.5,0,0,1,19148.7,19148.7,2204.39,2113.31,-2.30093,-2.12139
8|77|8|77|sample|10|218|10|218|32.0,5.7,958,7,10,42678.375,476.5,0,0,1,4040.86,4040.86,946.524,909.218,0.0745372,0.328892
8|77|8|77|sample|10|218|10|218|32.0,28.5,822,8,10,42678.375,476.5,0,0,1,901.587,901.587,591.012,577.791,2.30634,2.48807
8|77|8|77|sample|8|218|8|218|32.0,0.0000768,34940,1,8,42678.375,476.5,0,0,1,41260,41260,41199.1,41190.4,-1.00192,-1.00073
8|77|8|77|sample|8|218|8|218|32.0,0.000384,36968,2,8,42678.375,476.5,0,0,1,41489,41489,41179.2,41140.2,-0.674426,-0.668807
8|77|8|77|sample|8|218|8|218|32.0,0.00192,37060,3,8,42678.375,476.5,0,0,1,41621.8,41621.8,40098.2,39926.8,-0.499663,-0.473493
8|77|8|77|sample|8|218|8|218|32.0,0.0096,34816,4,8,42678.375,476.5,0,0,1,41618.5,41618.5,34892.9,34351.5,-0.0145266,0.0891463
8|77|8|77|sample|8|218|8|218|32.0,0.048,23358,5,8,42678.375,476.5,0,0,1,41017.1,41017.1,20946.3,20209.4,0.758053,1.02566
8|77|8|77|sample|8|218|8|218|32.0,0.24,5846,6,8,42678.375,476.5,0,0,1,36372,36372,7107.79,6833.9,-1.1612,-0.945212
8|77|8|77|sample|8|218|8|218|32.0,1.2,1892,7,8,42678.375,476.5,0,0,1,18472.6,18472.6,1947.11,1907.12,-0.180422,-0.0504951
8|77|8|77|sample|8|218|8|218|32.0,6,882,8,8,42678.375,476.5,0,0,1,3818.33,3818.33,757.701,755.733,0.991336,1.00943
8|77|8|77|sample|7|218|7|218|32.0,0.0000768,30832,1,7,42678.375,476.5,0,0,1,41294.8,41294.8,41279.7,41266.1,-1.66913,-1.6675
8|77|8|77|sample|7|218|7|218|32.0,0.000384,38389,2,7,42678.375,476.5,0,0,1,41523.8,41523.8,41426.8,41352.2,-0.483599,-0.472568
8|77|8|77|sample|7|218|7|218|32.0,0.00192,35394,3,7,42678.375,476.5,0,0,1,41656.6,41656.6,41036,40652.7,-0.90672,-0.853067
8|77|8|77|sample|7|218|7|218|32.0,0.0096,35666,4,7,42678.375,476.5,0,0,1,41653.2,41653.2,37830.3,36336.4,-0.377234,-0.121641
8|77|8|77|sample|7|218|7|218|32.0,0.048,22898,5,7,42678.375,476.5,0,0,1,41051.3,41051.3,24612.9,22210.4,-0.458978,0.203866
8|77|8|77|sample|7|218|7|218|32.0,0.24,7590,6,7,42678.375,476.5,0,0,1,36402.4,36402.4,7544.68,6945.66,0.0393127,0.606673
8|77|8|77|sample|7|218|7|218|32.0,1.2,1360,7,7,42678.375,476.5,0,0,1,18488.1,18488.1,1680.1,1709.59,-1.20787,-1.2973
8|77|8|77|sample|7|218|7|218|32.0,6,822,8,7,42678.375,476.5,0,0,1,3821.55,3821.55,644.376,674.844,1.64115,1.30407
8|77|8|77|sample|12|218|12|218|22.0,0.0003712,45444,1,12,42678.375,476.5,0,0,1,40629.7,40629.7,40624.9,40604.3,0.782297,0.786031
8|77|8|77|sample|12|218|12|218|22.0,0.001856,37090,2,12,42678.375,476.5,0,0,1,40852.1,40852.1,40669.5,40522.5,-0.580433,-0.558602
8|77|8|77|sample|12|218|12|218|22.0,0.00928,32149,3,12,42678.375,476.5,0,0,1,40927,40927,38201,37034.3,-1.04465,-0.86978
8|77|8|77|sample|12|218|12|218|22.0,0.0464,16881,4,12,42678.375,476.5,0,0,1,40427.4,40427.4,19410.2,17422.8,-0.857683,-0.204588
8|77|8|77|sample|12|218|12|218|22.0,0.2319999999999999,2962,5,12,42678.375,476.5,0,0,1,36083.4,36083.4,2642.81,2606.49,0.777094,0.877276
8|77|8|77|sample|12|218|12|218|22.0,1.16,426,6,12,42678.375,476.5,0,0,1,18711.8,18711.8,607.787,634.076,-1.77021,-1.95061
8|77|8|77|sample|12|218|12|218|22.0,5.8,460,7,12,42678.375,476.5,0,0,1,3923.25,3923.25,466.871,470.813,-0.0844557,-0.131932
8|77|8|77|sample|12|218|12|218|22.0,29,486,8,12,42678.375,476.5,0,0,1,881.992,881.992,455.291,455.646,0.385756,0.38103
8|77|8|77|sample|11|218|11|218|22.0,0.0003712,46172,1,11,42678.375,476.5,0,0,1,40887.2,40887.2,40843,40844.8,0.86045,0.860133
8|77|8|77|sample|11|218|11|218|22.0,0.001856,35384,2,11,42678.375,476.5,0,0,1,41109.5,41109.5,40615.6,40649,-0.849442,-0.854175
8|77|8|77|sample|11|218|11|218|22.0,0.00928,31066,3,11,42678.375,476.5,0,0,1,41184,41184,36518,36668.6,-0.98437,-1.00741
8|77|8|77|sample|11|218|11|218|22.0,0.0464,17065,4,11,42678.375,476.5,0,0,1,40680.8,40680.8,17608.1,17651.5,-0.202949,-0.218608
8|77|8|77|sample|11|218|11|218|22.0,0.2319999999999999,3456,5,11,42678.375,476.5,0,0,1,36309.6,36309.6,3088.52,3022.35,0.768457,0.926211
8|77|8|77|sample|11|218|11|218|22.0,1.16,552,6,11,42678.375,476.5,0,0,1,18829.3,18829.3,726.054,711.073,-1.4433,-1.34435
8|77|8|77|sample|11|218|11|218|22.0,5.8,432,7,11,42678.375,476.5,0,0,1,3947.97,3947.97,485.217,483.054,-0.632491,-0.609159
8|77|8|77|sample|11|218|11|218|22.0,29,516,8,11,42678.375,476.5,0,0,1,887.58,887.58,459.882,459.578,0.69882,0.703016
8|77|8|77|cc|1|1|218|1|218|69.0,0,474,1,1,42678.375,476.5,0,1,0,453.638,453.638,453.713,453.638,0.255599,0.256587
8|77|8|77|cc|2|1|218|1|218|69.0,0,504,2,1,42678.375,476.5,0,1,0,456.205,456.205,456.235,456.205,0.598924,0.599339
8|77|8|77|cc|3|1|218|1|218|69.0,0,490,3,1,42678.375,476.5,0,1,0,457.777,457.777,457.782,457.777,0.402797,0.402869
8|77|8|77|cc|4|1|218|1|218|69.0,0,528,4,1,42678.375,476.5,0,1,0,458.523,458.523,458.517,458.523,0.867487,0.867409
8|77|8|77|cc|5|1|218|1|218|69.0,0,460,5,1,42678.375,476.5,0,1,0,458.523,458.523,458.517,458.523,0.0185153,0.0184457
8|77|8|77|cc|6|1|218|1|218|69.0,0,446,6,1,42678.375,476.5,0,1,0,457.777,457.777,457.782,457.777,-0.147302,-0.147236
8|77|8|77|cc|7|1|218|1|218|69.0,0,412,7,1,42678.375,476.5,0,1,0,456.205,456.205,456.235,456.205,-0.55466,-0.554312
8|77|8|77|cc|8|1|218|1|218|69.0,0,498,8,1,42678.375,476.5,0,1,0,453.638,453.638,453.713,453.638,0.557982,0.559013
8|77|8|77|vc|1|2|218|2|218|69.0,0,44393,1,2,42678.375,476.5,1,0,0,40888.1,40888.1,40890.9,40888.1,0.564809,0.565293
8|77|8|77|vc|2|2|218|2|218|69.0,0,45576,2,2,42678.375,476.5,1,0,0,41118,41118,41116.8,41118,0.715228,0.715002
8|77|8|77|vc|3|2|218|2|218|69.0,0,43197,3,2,42678.375,476.5,1,0,0,41258.8,41258.8,41255.3,41258.8,0.310384,0.309798
8|77|8|77|vc|4|2|218|2|218|69.0,0,40982,4,2,42678.375,476.5,1,0,0,41325.7,41325.7,41321.2,41325.7,-0.0541308,-0.0548418
8|77|8|77|vc|5|2|218|2|218|69.0,0,41808,5,2,42678.375,476.5,1,0,0,41325.7,41325.7,41321.2,41325.7,0.0776995,0.0769742
8|77|8|77|vc|6|2|218|2|218|69.0,0,42921,6,2,42678.375,476.5,1,0,0,41258.8,41258.8,41255.3,41258.8,0.266264,0.265681
8|77|8|77|vc|7|2|218|2|218|69.0,0,40844,7,2,42678.375,476.5,1,0,0,41118,41118,41116.8,41118,-0.0437506,-0.0439537
8|77|8|77|vc|8|2|218|2|218|69.0,0,41706,8,2,42678.375,476.5,1,0,0,40888.1,40888.1,40890.9,40888.1,0.131457,0.131912
8|745|8|745|sample|7|218|7|218|65.0,0.0016767999999999,14036,1,7,41925.5,468.5,0,0,1,40559.1,40559.1,23353.9,21975.7,-2.62782,-2.37913
8|745|8|745|sample|7|218|7|218|65.0,0.0083839999999999,8654,2,7,41925.5,468.5,0,0,1,40727.8,40727.8,8194.4,7673.36,0.367353,0.836558
8|745|8|745|sample|7|218|7|218|65.0,0.04192,2340,3,7,41925.5,468.5,0,0,1,40372.4,40372.4,2102.73,2052.89,0.721227,0.893198
8|745|8|745|sample|7|218|7|218|65.0,0.2096,544,4,7,41925.5,468.5,0,0,1,36586.8,36586.8,763.032,769.638,-1.7357,-1.77399
8|745|8|745|sample|7|218|7|218|65.0,1.048,500,5,7,41925.5,468.5,0,0,1,20088.3,20088.3,513.581,517.912,-0.153578,-0.201062
8|745|8|745|sample|7|218|7|218|65.0,5.24,446,6,7,41925.5,468.5,0,0,1,4389.46,4389.46,468.006,469.425,-0.269906,-0.286557
8|745|8|745|sample|7|218|7|218|65.0,26.2,530,7,7,41925.5,468.5,0,0,1,947.986,947.986,458.478,458.887,0.893005,0.887223
8|745|8|745|sample|7|218|7|218|65.0,131,486,8,7,41925.5,468.5,0,0,1,510.862,510.862,454.569,454.67,0.395359,0.39402
8|745|8|745|sample|8|218|8|218|65.0,0.0016767999999999,19753,1,8,41925.5,468.5,0,0,1,40524.9,40524.9,33317.6,33779.8,-2.68388,-2.73744
8|745|8|745|sample|8|218|8|218|65.0,0.0083839999999999,15397,2,8,41925.5,468.5,0,0,1,40693.7,40693.7,13801.9,14162.4,0.759607,0.57304
8|745|8|745|sample|8|218|8|218|65.0,0.04192,2644,3,8,41925.5,468.5,0,0,1,40338.7,40338.7,2522.74,2522.9,0.308888,0.308452
8|745|8|745|sample|8|218|8|218|65.0,0.2096,626,4,8,41925.5,468.5,0,0,1,36556.3,36556.3,694.113,685.023,-0.588397,-0.516008
8|745|8|745|sample|8|218|8|218|65.0,1.048,466,5,8,41925.5,468.5,0,0,1,20071.6,20071.6,484.344,482.461,-0.218368,-0.196619
8|745|8|745|sample|8|218|8|218|65.0,5.24,480,6,8,41925.5,468.5,0,0,1,4385.79,4385.79,460.685,460.454,0.240163,0.243144
8|745|8|745|sample|8|218|8|218|65.0,26.2,496,7,8,41925.5,468.5,0,0,1,947.192,947.192,456.67,456.685,0.492756,0.492545
8|745|8|745|sample|8|218|8|218|65.0,131,504,8,8,41925.5,468.5,0,0,1,510.432,510.432,453.915,453.925,0.630793,0.630653
8|745|8|745|sample|6|218|6|218|65.0,0.0004351999999999,15921,1,6,41925.5,468.5,0,0,1,40565.3,40565.3,39926.1,39249.6,-3.96486,-3.91943
8|745|8|745|sample|6|218|6|218|65.0,0.0021759999999999,19539,2,6,41925.5,468.5,0,0,1,40781.8,40781.8,35742.5,33069.1,-2.98893,-2.69713
8|745|8|745|sample|6|218|6|218|65.0,0.0108799999999999,15797,3,6,41925.5,468.5,0,0,1,40838.7,40838.7,18339.9,15717.7,-0.912465,0.0331623
8|745|8|745|sample|6|218|6|218|65.0,0.0543999999999999,4440,4,6,41925.5,468.5,0,0,1,40206.8,40206.8,3792.7,3694.82,1.10686,1.30736
8|745|8|745|sample|6|218|6|218|65.0,0.2719999999999999,686,5,6,41925.5,468.5,0,0,1,35007.7,35007.7,866.037,956.905,-1.26979,-1.74171
8|745|8|745|sample|6|218|6|218|65.0,1.36,510,6,6,41925.5,468.5,0,0,1,16565.5,16565.5,504.686,530.353,0.0610222,-0.223727
8|745|8|745|sample|6|218|6|218|65.0,6.8,482,7,6,41925.5,468.5,0,0,1,3297.1,3297.1,461.988,467.11,0.248215,0.182933
8|745|8|745|sample|6|218|6|218|65.0,34,442,8,6,41925.5,468.5,0,0,1,799.464,799.464,454.852,455.749,-0.161576,-0.172562
8|745|8|745|sample|5|218|5|218|65.0,0.0004351999999999,22410,1,5,41925.5,468.5,0,0,1,40531.1,40531.1,40144.8,39969.8,-2.91329,-2.89715
8|745|8|745|sample|5|218|5|218|65.0,0.0021759999999999,20920,2,5,41925.5,468.5,0,0,1,40747.6,40747.6,37306.1,36431.6,-2.89617,-2.80728
8|745|8|745|sample|5|218|5|218|65.0,0.0108799999999999,19255,3,5,41925.5,468.5,0,0,1,40804.6,40804.6,21742.8,20515,-0.753423,-0.404338
8|745|8|745|sample|5|218|5|218|65.0,0.0543999999999999,5578,4,5,41925.5,468.5,0,0,1,40173.3,40173.3,4654.63,4683.89,1.29092,1.24232
8|745|8|745|sample|5|218|5|218|65.0,0.2719999999999999,778,5,5,41925.5,468.5,0,0,1,34978.5,34978.5,939.574,1009.41,-1.05662,-1.41547
8|745|8|745|sample|5|218|5|218|65.0,6.8,448,7,5,41925.5,468.5,0,0,1,3294.34,3294.34,461.603,464.207,-0.168848,-0.200189
8|745|8|745|sample|5|218|5|218|65.0,34,514,8,5,41925.5,468.5,0,0,1,798.79,798.79,454.424,454.814,0.749601,0.744137
8|745|8|745|sample|3|218|3|218|65.0,1.36,492,6,3,41925.5,468.5,0,0,1,16474.9,16474.9,470.92,508.652,0.257153,-0.189902
8|745|8|745|sample|11|218|11|218|28.0,0.0014272,34041,1,11,41925.5,468.5,0,0,1,40161,40161,39645.1,39464.8,-0.932169,-0.906282
8|745|8|745|sample|11|218|11|218|28.0,0.007136,31669,2,11,41925.5,468.5,0,0,1,40341.2,40341.2,35259.8,34292.1,-0.671408,-0.50429
8|745|8|745|sample|11|218|11|218|28.0,0.03568,15013,3,11,41925.5,468.5,0,0,1,40084.8,40084.8,15722.9,14736.5,-0.296925,0.123381
8|745|8|745|sample|11|218|11|218|28.0,0.1784,2764,4,11,41925.5,468.5,0,0,1,37005.6,37005.6,2578.24,2557.11,0.46329,0.520122
8|745|8|745|sample|11|218|11|218|28.0,0.892,588,5,11,41925.5,468.5,0,0,1,22066.5,22066.5,657.041,674.876,-0.626803,-0.769852
8|745|8|745|sample|11|218|11|218|28.0,4.46,514,6,11,41925.5,468.5,0,0,1,5178.55,5178.55,472.276,475.944,0.507718,0.459978
8|745|8|745|sample|11|218|11|218|28.0,22.3,488,7,11,41925.5,468.5,0,0,1,1054.76,1054.76,453.989,454.531,0.42829,0.421031
8|745|8|745|sample|11|218|11|218|28.0,111.5,454,8,11,41925.5,468.5,0,0,1,519.38,519.38,449.987,450.024,0.0509233,0.0504501
8|745|8|745|sample|12|218|12|218|28.0,0.0014272,35658,1,12,41925.5,468.5,0,0,1,39908.1,39908.1,39718.8,39734.1,-0.674207,-0.676488
8|745|8|745|sample|12|218|12|218|28.0,0.007136,33363,2,12,41925.5,468.5,0,0,1,40088.6,40088.6,37347.8,37542.2,-0.703516,-0.734012
8|745|8|745|sample|12|218|12|218|28.0,0.03568,19647,3,12,41925.5,468.5,0,0,1,39834.7,39834.7,19268.8,19677.6,0.129203,-0.0102332
8|745|8|745|sample|12|218|12|218|28.0,0.1784,2970,4,12,41925.5,468.5,0,0,1,36775,36775,2736.69,2745.31,0.549034,0.527122
8|745|8|745|sample|12|218|12|218|28.0,0.892,516,5,12,41925.5,468.5,0,0,1,21929,21929,615.523,610.204,-0.958208,-0.914081
8|745|8|745|sample|12|218|12|218|28.0,4.46,476,6,12,41925.5,468.5,0,0,1,5146.24,5146.24,462.19,461.428,0.171233,0.180939
8|745|8|745|sample|12|218|12|218|28.0,22.3,430,7,12,41925.5,468.5,0,0,1,1048.15,1048.16,450.286,450.179,-0.257267,-0.255965
8|745|8|745|sample|12|218|12|218|28.0,111.5,508,8,12,41925.5,468.5,0,0,1,516.109,516.109,447.099,447.018,0.777112,0.77827
8|745|8|745|sample|10|218|10|218|28.0,0.0004479999999999,30856,1,10,41925.5,468.5,0,0,1,40341.4,40341.4,40273.8,40268.9,-1.54211,-1.5415
8|745|8|745|sample|10|218|10|218|28.0,0.00224,33967,2,10,41925.5,468.5,0,0,1,40557.6,40557.6,39872.7,39845.8,-0.976731,-0.972935
8|745|8|745|sample|10|218|10|218|28.0,0.0111999999999999,30390,3,10,41925.5,468.5,0,0,1,40611.8,40611.8,34641.9,34515.6,-0.809178,-0.788015
8|745|8|745|sample|10|218|10|218|28.0,0.0559999999999999,15487,4,10,41925.5,468.5,0,0,1,39956.7,39956.7,14911.3,14850.7,0.25386,0.28171
8|745|8|745|sample|10|218|10|218|28.0,0.2799999999999999,2782,5,10,41925.5,468.5,0,0,1,34615.8,34615.8,2572.47,2596.36,0.52371,0.459842
8|745|8|745|sample|10|218|10|218|28.0,1.4,586,6,10,41925.5,468.5,0,0,1,16100.1,16100.1,675.525,682.295,-0.792633,-0.844906
8|745|8|745|sample|10|218|10|218|28.0,7,518,7,10,41925.5,468.5,0,0,1,3178.26,3178.26,476.074,477.199,0.506637,0.492026
8|745|8|745|sample|10|218|10|218|28.0,35,628,8,10,41925.5,468.5,0,0,1,782.025,782.025,453.93,454.074,2.19224,2.18983
8|745|8|745|sample|9|218|9|218|28.0,0.0004479999999999,34245,1,9,41925.5,468.5,0,0,1,40459,40459,40419.7,40427.1,-1.00742,-1.00845
8|745|8|745|sample|9|218|9|218|28.0,0.00224,30544,2,9,41925.5,468.5,0,0,1,40675.2,40675.2,40231,40286,-1.58788,-1.59471
8|745|8|745|sample|9|218|9|218|28.0,0.0111999999999999,32845,3,9,41925.5,468.5,0,0,1,40729.1,40729.1,36215.4,36445.6,-0.613604,-0.651386
8|745|8|745|sample|9|218|9|218|28.0,0.0559999999999999,16947,4,9,41925.5,468.5,0,0,1,40071.9,40071.9,16870.2,16802.5,0.0299315,0.0565605
8|745|8|745|sample|9|218|9|218|28.0,0.2799999999999999,2844,5,9,41925.5,468.5,0,0,1,34715.6,34715.6,2750.57,2602.85,0.218779,0.595896
8|745|8|745|sample|9|218|9|218|28.0,1.4,526,6,9,41925.5,468.5,0,0,1,16146.6,16146.6,669.447,643.021,-1.28048,-1.08327
8|745|8|745|sample|9|218|9|218|28.0,7,504,7,9,41925.5,468.5,0,0,1,3187.47,3187.47,474.276,470.978,0.360371,0.402788
8|745|8|745|sample|9|218|9|218|28.0,35,506,8,9,41925.5,468.5,0,0,1,784.305,784.305,454.72,454.353,0.644847,0.649919
8|745|8|745|sample|4|218|4|218|22.0,0.0010624,34037,1,4,41925.5,468.5,0,0,1,40456.3,40456.3,40456.9,40452,-1.04647,-1.0458
8|745|8|745|sample|4|218|4|218|22.0,0.005312,36046,2,4,41925.5,468.5,0,0,1,40651.3,40651.3,40576.8,40452.1,-0.736368,-0.718293
8|745|8|745|sample|4|218|4|218|22.0,0.02656,26077,3,4,41925.5,468.5,0,0,1,40521.3,40521.3,36982.5,35078.6,-1.94433,-1.69182
8|745|8|745|sample|4|218|4|218|22.0,0.1328,8328,4,4,41925.5,468.5,0,0,1,38385.6,38385.6,8184.27,7543.08,0.115026,0.681052
8|745|8|745|sample|4|218|4|218|22.0,0.664,672,5,4,41925.5,468.5,0,0,1,26108.4,26108.4,693.425,758.567,-0.185248,-0.689686
8|745|8|745|sample|4|218|4|218|22.0,3.32,466,6,4,41925.5,468.5,0,0,1,7152.62,7152.62,462.961,467.831,0.0376198,-0.0224645
8|745|8|745|sample|4|218|4|218|22.0,16.6,460,7,4,41925.5,468.5,0,0,1,1351.86,1351.86,455.713,455.996,0.0538119,0.0502337
8|745|8|745|sample|4|218|4|218|22.0,83,550,8,4,41925.5,468.5,0,0,1,557.275,557.275,453.086,453.105,1.2225,1.22223
8|745|8|745|sample|3|218|3|218|22.0,0.0010624,37523,1,3,41925.5,468.5,0,0,1,40338.7,40338.7,40328.8,40303.9,-0.458807,-0.455016
8|745|8|745|sample|3|218|3|218|22.0,0.005312,37208,2,3,41925.5,468.5,0,0,1,40533.8,40533.8,40214.2,39877.3,-0.492969,-0.441421
8|745|8|745|sample|3|218|3|218|22.0,0.02656,26461,3,3,41925.5,468.5,0,0,1,40404.6,40404.6,33529.5,31041,-1.38975,-0.972503
8|745|8|745|sample|3|218|3|218|22.0,0.1328,7202,4,3,41925.5,468.5,0,0,1,38275.2,38275.2,6826.12,6477.16,0.360048,0.731298
8|745|8|745|sample|3|218|3|218|22.0,0.664,758,5,3,41925.5,468.5,0,0,1,26033.3,26033.3,762.036,845.457,-0.0320244,-0.630685
8|745|8|745|sample|3|218|3|218|22.0,16.6,474,7,3,41925.5,468.5,0,0,1,1347.95,1347.95,454.772,455.506,0.241773,0.232212
8|745|8|745|sample|3|218|3|218|22.0,83,544,8,3,41925.5,468.5,0,0,1,555.655,555.655,451.8,451.841,1.1659,1.1653
8|745|8|745|sample|5|218|5|218|22.0,3.32,492,6,5,41925.5,468.5,0,0,1,7165.23,7165.23,471.699,505.991,0.247289,-0.160298
8|745|8|745|cc|1|1|218|1|218|69.0,0,424,1,1,41925.5,468.5,0,1,0,446.022,446.022,446.096,446.022,-0.282494,-0.281586
8|745|8|745|cc|2|1|218|1|218|69.0,0,424,2,1,41925.5,468.5,0,1,0,448.545,448.545,448.575,448.545,-0.312694,-0.312332
8|745|8|745|cc|3|1|218|1|218|69.0,0,442,3,1,41925.5,468.5,0,1,0,450.091,450.091,450.096,450.091,-0.102716,-0.102649
8|745|8|745|cc|4|1|218|1|218|69.0,0,476,4,1,41925.5,468.5,0,1,0,450.824,450.824,450.819,450.824,0.319024,0.318952
8|745|8|745|cc|5|1|218|1|218|69.0,0,500,5,1,41925.5,468.5,0,1,0,450.824,450.824,450.819,450.824,0.623085,0.623009
8|745|8|745|cc|6|1|218|1|218|69.0,0,514,6,1,41925.5,468.5,0,1,0,450.091,450.091,450.096,450.091,0.810732,0.810808
8|745|8|745|cc|7|1|218|1|218|69.0,0,472,7,1,41925.5,468.5,0,1,0,448.545,448.545,448.575,448.545,0.298056,0.298453
8|745|8|745|cc|8|1|218|1|218|69.0,0,496,8,1,41925.5,468.5,0,1,0,446.022,446.022,446.096,446.022,0.638026,0.639067
8|745|8|745|vc|1|2|218|2|218|69.0,0,40530,1,2,41925.5,468.5,1,0,0,40166.8,40166.8,40169.6,40166.8,0.0591728,0.0596227
8|745|8|745|vc|2|2|218|2|218|69.0,0,43557,2,2,41925.5,468.5,1,0,0,40392.7,40392.7,40391.4,40392.7,0.516834,0.516614
8|745|8|745|vc|3|2|218|2|218|69.0,0,43897,3,2,41925.5,468.5,1,0,0,40531,40531,40527.6,40531,0.548276,0.547669
8|745|8|745|vc|4|2|218|2|218|69.0,0,43871,4,2,41925.5,468.5,1,0,0,40596.6,40596.6,40592.2,40596.6,0.532675,0.5319
8|745|8|745|vc|5|2|218|2|218|69.0,0,42072,5,2,41925.5,468.5,1,0,0,40596.6,40596.6,40592.2,40596.6,0.240406,0.239663
8|745|8|745|vc|6|2|218|2|218|69.0,0,41786,6,2,41925.5,468.5,1,0,0,40531,40531,40527.6,40531,0.204773,0.204195
8|745|8|745|vc|7|2|218|2|218|69.0,0,38985,7,2,41925.5,468.5,1,0,0,40392.7,40392.7,40391.4,40392.7,-0.229628,-0.229825
8|745|8|745|vc|8|2|218|2|218|69.0,0,40706,8,2,41925.5,468.5,1,0,0,40166.8,40166.8,40169.6,40166.8,0.0880664,0.0885182
8|322|8|322|sample|6|174|6|174|55.0,0.0006144,61466,1,6,57415.875,489,0,0,1,55552.1,55552.1,48256.6,48656.9,1.80568,1.73658
8|322|8|322|sample|6|174|6|174|55.0,0.003072,43953,2,6,57415.875,489,0,0,1,55841,55841,35029.3,35566.3,1.67952,1.55467
8|322|8|322|sample|6|174|6|174|55.0,0.01536,17317,3,6,57415.875,489,0,0,1,55852.9,55852.9,16919.9,17131,0.154397,0.0714194
8|322|8|322|sample|6|174|6|174|55.0,0.0768,3170,4,6,57415.875,489,0,0,1,54438.5,54438.5,5833.57,5808.84,-2.98025,-2.965
8|322|8|322|sample|6|174|6|174|55.0,0.384,1668,5,6,57415.875,489,0,0,1,44112.4,44112.4,1940.4,1900.59,-0.894825,-0.779482
8|322|8|322|sample|6|174|6|174|55.0,1.92,986,6,6,57415.875,489,0,0,1,16793.9,16793.9,855.271,836.481,0.932745,1.08891
8|322|8|322|sample|6|174|6|174|55.0,9.6,876,7,6,57415.875,489,0,0,1,2994.45,2994.45,572.354,565.514,3.1198,3.22437
8|322|8|322|sample|6|174|6|174|55.0,48,568,8,6,57415.875,489,0,0,1,773.048,773.047,498.229,495.988,0.810275,0.839608
8|322|8|322|sample|5|174|5|174|55.0,0.0006144,57284,1,5,57415.875,489,0,0,1,55505.3,55505.3,47977.4,47437.2,1.27956,1.36925
8|322|8|322|sample|5|174|5|174|55.0,0.003072,45244,2,5,57415.875,489,0,0,1,55794.3,55794.3,35045.9,34144.8,1.91847,2.14298
8|322|8|322|sample|5|174|5|174|55.0,0.01536,15013,3,5,57415.875,489,0,0,1,55806.3,55806.3,17422.9,16756.9,-0.910049,-0.684614
8|322|8|322|sample|5|174|5|174|55.0,0.0768,3166,4,5,57415.875,489,0,0,1,54393.1,54393.1,6254.46,6023.28,-3.22571,-3.09747
8|322|8|322|sample|5|174|5|174|55.0,0.384,1700,5,5,57415.875,489,0,0,1,44075.6,44075.6,2128.8,2075.69,-1.28795,-1.15635
8|322|8|322|sample|5|174|5|174|55.0,1.92,1178,6,5,57415.875,489,0,0,1,16779.9,16779.9,922.31,912.789,1.70116,1.78159
8|322|8|322|sample|5|174|5|174|55.0,9.6,802,7,5,57415.875,489,0,0,1,2991.94,2991.94,593.86,592.717,2.06931,2.08426
8|322|8|322|sample|5|174|5|174|55.0,48,592,8,5,57415.875,489,0,0,1,772.396,772.396,504.6,504.658,1.00376,1.00299
8|322|8|322|sample|3|174|3|174|55.0,0.000064,68369,1,3,57415.875,489,0,0,1,55248.1,55248.1,54581.1,54437,1.66665,1.68852
8|322|8|322|sample|3|174|3|174|55.0,0.00032,67810,2,3,57415.875,489,0,0,1,55556.4,55556.4,52502.7,52032.7,1.92345,2.00041
8|322|8|322|sample|3|174|3|174|55.0,0.0016,52285,3,3,57415.875,489,0,0,1,55737.4,55737.4,43701.9,42637.4,1.29537,1.49231
8|322|8|322|sample|3|174|3|174|55.0,0.008,24757,4,3,57415.875,489,0,0,1,55753.6,55753.6,24305.7,23408.1,0.122315,0.379544
8|322|8|322|sample|3|174|3|174|55.0,0.04,6502,5,3,57415.875,489,0,0,1,55119.3,55119.3,8075.58,7925.76,-1.2761,-1.17623
8|322|8|322|sample|3|174|3|174|55.0,0.2,1324,6,3,57415.875,489,0,0,1,50064.6,50064.6,2267.02,2302.8,-2.66497,-2.72439
8|322|8|322|sample|3|174|3|174|55.0,1,1184,7,3,57415.875,489,0,0,1,28015.8,28015.8,859.804,885.091,2.30186,2.06616
8|322|8|322|sample|3|174|3|174|55.0,5,732,8,3,57415.875,489,0,0,1,6102.96,6102.96,552.706,561.881,1.90021,1.77682
8|322|8|322|sample|4|174|4|174|55.0,0.000064,62415,1,4,57415.875,489,0,0,1,55409.1,55409.1,54971.9,54961.3,0.893322,0.894757
8|322|8|322|sample|4|174|4|174|55.0,0.00032,67704,2,4,57415.875,489,0,0,1,55717.5,55717.5,53625.7,53575,1.73203,1.73991
8|322|8|322|sample|4|174|4|174|55.0,0.0016,62973,3,4,57415.875,489,0,0,1,55898.4,55898.4,46953.6,46737.9,2.25047,2.29129
8|322|8|322|sample|4|174|4|174|55.0,0.008,31769,4,4,57415.875,489,0,0,1,55914.5,55914.5,29037.6,28612.4,0.619901,0.727019
8|322|8|322|sample|4|174|4|174|55.0,0.04,7024,5,4,57415.875,489,0,0,1,55278.3,55278.3,10343.5,10083.9,-2.10571,-1.99068
8|322|8|322|sample|4|174|4|174|55.0,0.2,2158,6,4,57415.875,489,0,0,1,50209.3,50209.3,2817.14,2742.37,-1.50789,-1.37236
8|322|8|322|sample|4|174|4|174|55.0,1,1208,7,4,57415.875,489,0,0,1,28097,28097,967.696,950.73,1.52891,1.66405
8|322|8|322|sample|4|174|4|174|55.0,5,738,8,4,57415.875,489,0,0,1,6120.75,6120.75,573.428,569.779,1.68807,1.73533
8|322|8|322|sample|10|174|10|174|32.0,0.0003648,59489,1,10,57415.875,489,0,0,1,55246.9,55246.9,55242.8,55212.1,0.507125,0.511081
8|322|8|322|sample|10|174|10|174|32.0,0.001824,58098,2,10,57415.875,489,0,0,1,55546.2,55546.2,55273,54647.6,0.337214,0.416563
8|322|8|322|sample|10|174|10|174|32.0,0.00912,33755,3,10,57415.875,489,0,0,1,55647.9,55647.9,45120.3,39196.1,-1.66142,-0.915399
8|322|8|322|sample|10|174|10|174|32.0,0.0456,5730,4,10,57415.875,489,0,0,1,54983.1,54983.1,5057.61,5137.08,0.866164,0.752147
8|322|8|322|sample|10|174|10|174|32.0,0.228,522,5,10,57415.875,489,0,0,1,49179.6,49179.6,583.433,675.764,-0.620502,-1.36096
8|322|8|322|sample|10|174|10|174|32.0,1.14,508,6,10,57415.875,489,0,0,1,25680.6,25680.6,477.987,483.6,0.361409,0.290842
8|322|8|322|sample|10|174|10|174|32.0,5.7,466,7,10,57415.875,489,0,0,1,5301.7,5301.7,474.148,474.448,-0.0988133,-0.102384
8|322|8|322|sample|10|174|10|174|32.0,28.5,506,8,10,57415.875,489,0,0,1,1067.88,1067.88,471.507,471.513,0.420321,0.420248
8|322|8|322|sample|9|174|9|174|32.0,0.0003648,63211,1,9,57415.875,489,0,0,1,55408,55408,55407.1,55395.4,0.929267,0.930858
8|322|8|322|sample|9|174|9|174|32.0,0.001824,58837,2,9,57415.875,489,0,0,1,55707.2,55707.2,55643.9,55312,0.378615,0.420472
8|322|8|322|sample|9|174|9|174|32.0,0.00912,39073,3,9,57415.875,489,0,0,1,55808.7,55808.7,51825.5,45989.7,-1.62334,-0.992017
8|322|8|322|sample|9|174|9|174|32.0,0.0456,8670,4,9,57415.875,489,0,0,1,55141.7,55141.7,9590.76,7975.33,-0.629586,0.570361
8|322|8|322|sample|9|174|9|174|32.0,0.228,700,5,9,57415.875,489,0,0,1,49321.4,49321.4,647.153,771.252,0.486395,-0.559116
8|322|8|322|sample|9|174|9|174|32.0,1.14,472,6,9,57415.875,489,0,0,1,25754.8,25754.8,479.692,487.147,-0.0923417,-0.179405
8|322|8|322|sample|9|174|9|174|32.0,5.7,500,7,9,57415.875,489,0,0,1,5317.07,5317.07,475.5,475.855,0.296365,0.291889
8|322|8|322|sample|9|174|9|174|32.0,28.5,482,8,9,57415.875,489,0,0,1,1070.99,1070.99,472.867,472.887,0.111019,0.11077
8|322|8|322|sample|7|174|7|174|32.0,0.0000768,65787,1,7,57415.875,489,0,0,1,55554.5,55554.5,55551.6,55554.3,1.21565,1.21526
8|322|8|322|sample|7|174|7|174|32.0,0.000384,73386,2,7,57415.875,489,0,0,1,55862.6,55862.6,55835.2,55851.9,2.07391,2.07132
8|322|8|322|sample|7|174|7|174|32.0,0.00192,64997,3,7,57415.875,489,0,0,1,56041.2,56041.2,55497.4,55675,1.12936,1.10471
8|322|8|322|sample|7|174|7|174|32.0,0.0096,39945,4,7,57415.875,489,0,0,1,56036.5,56036.5,44717.7,46308.1,-0.703964,-0.906362
8|322|8|322|sample|7|174|7|174|32.0,0.048,8318,5,7,57415.875,489,0,0,1,55224.5,55224.5,7691.45,7691.97,0.533248,0.532766
8|322|8|322|sample|7|174|7|174|32.0,0.24,670,6,7,57415.875,489,0,0,1,48953.7,48953.7,794.285,741.436,-0.949295,-0.581144
8|322|8|322|sample|7|174|7|174|32.0,1.2,500,7,7,57415.875,489,0,0,1,24789.1,24789.1,488.855,485.171,0.131598,0.176266
8|322|8|322|sample|7|174|7|174|32.0,6,490,8,7,57415.875,489,0,0,1,5005.88,5005.88,474.561,474.384,0.187077,0.189291
8|322|8|322|sample|8|174|8|174|32.0,0.0000768,62071,1,8,57415.875,489,0,0,1,55507.7,55507.7,55505.7,55507.1,0.780396,0.780204
8|322|8|322|sample|8|174|8|174|32.0,0.000384,68715,2,8,57415.875,489,0,0,1,55815.8,55815.8,55801.4,55797.3,1.52686,1.52747
8|322|8|322|sample|8|174|8|174|32.0,0.00192,70174,3,8,57415.875,489,0,0,1,55994.4,55994.4,55723.9,55500.1,1.71092,1.74442
8|322|8|322|sample|8|174|8|174|32.0,0.0096,40494,4,8,57415.875,489,0,0,1,55989.8,55989.8,48378.4,45488.7,-1.07506,-0.724233
8|322|8|322|sample|8|174|8|174|32.0,0.048,8992,5,8,57415.875,489,0,0,1,55178.5,55178.5,9374.61,8386.82,-0.267602,0.472711
8|322|8|322|sample|8|174|8|174|32.0,0.24,784,6,8,57415.875,489,0,0,1,48912.8,48912.8,799.984,835.215,-0.121285,-0.373505
8|322|8|322|sample|8|174|8|174|32.0,1.2,536,7,8,57415.875,489,0,0,1,24768.3,24768.3,486.186,490.351,0.591022,0.537575
8|322|8|322|sample|12|174|12|174|22.0,0.0003712,46716,1,12,57415.875,489,0,0,1,54659.8,54659.8,54572.1,54557.7,-0.949784,-0.948286
8|322|8|322|sample|12|174|12|174|22.0,0.001856,42028,2,12,57415.875,489,0,0,1,54958.9,54958.9,53567.5,53520.7,-1.42122,-1.41669
8|322|8|322|sample|12|174|12|174|22.0,0.00928,33001,3,12,57415.875,489,0,0,1,55059.5,55059.5,39896.4,39800.6,-1.13974,-1.1266
8|322|8|322|sample|12|174|12|174|22.0,0.0464,9910,4,12,57415.875,489,0,0,1,54385.2,54385.2,8698.03,8795.18,0.913081,0.830685
8|322|8|322|sample|12|174|12|174|22.0,0.2319999999999999,1086,5,12,57415.875,489,0,0,1,48525.6,48525.6,1125.92,1149.81,-0.220393,-0.34539
8|322|8|322|sample|12|174|12|174|22.0,1.16,452,6,12,57415.875,489,0,0,1,25092.8,25092.8,515.958,518.684,-0.720313,-0.747541
8|322|8|322|sample|12|174|12|174|22.0,5.8,472,7,12,57415.875,489,0,0,1,5144.63,5144.63,472.246,472.476,-0.00299516,-0.00578513
8|322|8|322|sample|12|174|12|174|22.0,29,506,8,12,57415.875,489,0,0,1,1043.02,1043.02,466.778,466.723,0.482156,0.482878
8|322|8|322|sample|8|174|8|174|22.0,29,490,8,8,57415.875,489,0,0,1,1059.18,1059.18,477.407,502.468,0.151808,-0.143722
8|322|8|322|sample|11|174|11|174|22.0,0.0003712,53154,1,11,57415.875,489,0,0,1,55006.1,55006.1,54938.3,54978.7,-0.214287,-0.218972
8|322|8|322|sample|11|174|11|174|22.0,0.001856,50238,2,11,57415.875,489,0,0,1,55305.2,55305.2,54262,54764.6,-0.489265,-0.545331
8|322|8|322|sample|11|174|11|174|22.0,0.00928,51061,3,11,57415.875,489,0,0,1,55405.2,55405.2,43240.2,46482.1,1.19291,0.649785
8|322|8|322|sample|11|174|11|174|22.0,0.0464,11824,4,11,57415.875,489,0,0,1,54726.2,54726.2,11076.2,11999.6,0.44317,-0.096097
8|322|8|322|sample|11|174|11|174|22.0,0.2319999999999999,1284,5,11,57415.875,489,0,0,1,48829.8,48829.8,1356.42,1219.83,-0.335266,0.328529
8|322|8|322|sample|11|174|11|174|22.0,1.16,466,6,11,57415.875,489,0,0,1,25250.4,25250.4,534.703,512.789,-0.749792,-0.529812
8|322|8|322|sample|11|174|11|174|22.0,5.8,472,7,11,57415.875,489,0,0,1,5177.05,5177.05,476.23,474.107,-0.0510968,-0.0255536
8|322|8|322|sample|11|174|11|174|32.0,6,490,8,11,57415.875,489,0,0,1,4956.57,4956.57,480.821,507.879,0.109967,-0.204168
8|322|8|322|cc|1|1|174|1|174|69.0,0,458,1,1,57415.875,489,0,1,0,465.538,465.538,465.615,465.538,-0.0938187,-0.0928782
8|322|8|322|cc|2|1|174|1|174|69.0,0,448,2,1,57415.875,489,0,1,0,468.172,468.172,468.203,468.172,-0.247702,-0.247334
8|322|8|322|cc|3|1|174|1|174|69.0,0,402,3,1,57415.875,489,0,1,0,469.785,469.785,469.791,469.785,-0.828706,-0.828646
8|322|8|322|cc|4|1|174|1|174|69.0,0,478,4,1,57415.875,489,0,1,0,470.551,470.551,470.545,470.551,0.0910031,0.0909324
8|322|8|322|cc|5|1|174|1|174|69.0,0,488,5,1,57415.875,489,0,1,0,470.551,470.551,470.545,470.551,0.213077,0.213005
8|322|8|322|cc|6|1|174|1|174|69.0,0,550,6,1,57415.875,489,0,1,0,469.785,469.785,469.791,469.785,0.980508,0.980587
8|322|8|322|cc|7|1|174|1|174|69.0,0,526,7,1,57415.875,489,0,1,0,468.172,468.172,468.203,468.172,0.708612,0.709035
8|322|8|322|cc|8|1|174|1|174|69.0,0,562,8,1,57415.875,489,0,1,0,465.538,465.538,465.615,465.538,1.18742,1.18855
8|322|8|322|vc|1|2|174|2|174|69.0,0,64086,1,2,57415.875,489,1,0,0,55007.4,55007.4,55011.2,55007.4,1.08838,1.0889
8|322|8|322|vc|2|2|174|2|174|69.0,0,59601,2,2,57415.875,489,1,0,0,55316.7,55316.7,55315,55316.7,0.511213,0.510992
8|322|8|322|vc|3|2|174|2|174|69.0,0,60716,3,2,57415.875,489,1,0,0,55506.2,55506.2,55501.4,55506.2,0.619884,0.61927
8|322|8|322|vc|4|2|174|2|174|69.0,0,64995,4,2,57415.875,489,1,0,0,55596,55596,55590,55596,1.11625,1.11541
8|322|8|322|vc|5|2|174|2|174|69.0,0,56075,5,2,57415.875,489,1,0,0,55596,55596,55590,55596,0.057563,0.0568396
8|322|8|322|vc|6|2|174|2|174|69.0,0,55557,6,2,57415.875,489,1,0,0,55506.2,55506.2,55501.4,55506.2,0.00660428,0.00604309
8|322|8|322|vc|7|2|174|2|174|69.0,0,54622,7,2,57415.875,489,1,0,0,55316.7,55316.7,55315,55316.7,-0.0826614,-0.0828633
8|322|8|322|vc|8|2|174|2|174|69.0,0,43675,8,2,57415.875,489,1,0,0,55007.4,55007.4,55011.2,55007.4,-1.35959,-1.35923
8|1043|8|1043|sample|6|174|6|174|65.0,0.0004351999999999,53834,1,6,53952,485,0,0,1,52201.6,50124.9,50288.6,50123.1,0.465083,0.488406
8|1043|8|1043|sample|6|174|6|174|65.0,0.0021759999999999,53832,2,6,53952,485,0,0,1,52480.2,50191.4,50266.7,50056.2,0.467907,0.497606
8|1043|8|1043|sample|6|174|6|174|65.0,0.0108799999999999,37408,3,6,53952,485,0,0,1,52553.2,50142.6,45354,44368.9,-1.1556,-1.03477
8|1043|8|1043|sample|6|174|6|174|65.0,0.0543999999999999,8112,4,6,53952,485,0,0,1,51738,49310.9,7796.16,7552.59,0.265226,0.484779
8|1043|8|1043|sample|6|174|6|174|65.0,0.2719999999999999,562,5,6,53952,485,0,0,1,45032.7,42920.1,621.48,636.659,-0.567749,-0.697341
8|1043|8|1043|sample|6|174|6|174|65.0,1.36,452,6,6,53952,485,0,0,1,21247.9,20273.2,457.557,456.81,-0.0695063,-0.0602436
8|1043|8|1043|sample|6|174|6|174|65.0,6.8,476,7,6,53952,485,0,0,1,4136,3955.62,453.855,452.333,0.27894,0.298972
8|1043|8|1043|sample|6|174|6|174|65.0,131,498,8,6,53952,485,0,0,1,543.219,521.61,453.021,451.54,0.567458,0.5878
8|1043|8|1043|sample|7|174|7|174|65.0,0.0016767999999999,37150,1,7,53952,485,0,0,1,52193.6,50117.3,46659.7,45477.8,-1.34437,-1.20783
8|1043|8|1043|sample|7|174|7|174|65.0,0.0083839999999999,21354,2,7,53952,485,0,0,1,52410.5,50124.7,24353.9,22306.1,-0.811395,-0.281074
8|1043|8|1043|sample|7|174|7|174|65.0,0.04192,3898,3,7,53952,485,0,0,1,51951.8,49568.8,3561.31,3419.83,0.612402,0.905009
8|1043|8|1043|sample|7|174|7|174|65.0,0.2096,538,4,7,53952,485,0,0,1,47069.3,44861.2,692.657,706.927,-1.33856,-1.43524
8|1043|8|1043|sample|7|174|7|174|65.0,1.048,474,5,7,53952,485,0,0,1,25791.1,24581.2,471.813,473.573,0.0266401,0.00518328
8|1043|8|1043|sample|7|174|7|174|65.0,5.24,484,6,7,53952,485,0,0,1,5544.43,5290.11,455.545,454.374,0.357268,0.372798
8|1043|8|1043|sample|7|174|7|174|65.0,26.2,498,7,7,53952,485,0,0,1,1106.34,1058.09,453.881,452.377,0.555688,0.57629
8|1043|8|1043|sample|7|174|7|174|65.0,131,562,8,7,53952,485,0,0,1,543.219,521.61,453.027,451.551,1.37478,1.39734
8|1043|8|1043|sample|8|174|8|174|65.0,0.0016767999999999,42907,1,8,53952,485,0,0,1,52149.6,50096.8,49571.6,49231.8,-0.886895,-0.847476
8|1043|8|1043|sample|8|174|8|174|65.0,0.0083839999999999,30010,2,8,53952,485,0,0,1,52366.6,50104.3,37626.6,36441.1,-1.33476,-1.16359
8|1043|8|1043|sample|8|174|8|174|65.0,0.04192,6668,3,8,53952,485,0,0,1,51908.4,49548.7,5849.13,5901.06,0.913824,0.848428
8|1043|8|1043|sample|8|174|8|174|65.0,0.2096,608,4,8,53952,485,0,0,1,47030,44842.9,703.954,738.371,-0.818375,-1.06461
8|1043|8|1043|sample|8|174|8|174|65.0,1.048,452,5,8,53952,485,0,0,1,25769.6,24571.2,464.749,466.229,-0.15732,-0.175093
8|1043|8|1043|sample|8|174|8|174|65.0,5.24,462,6,8,53952,485,0,0,1,5539.8,5287.96,454.531,453.153,0.0939512,0.111581
8|1043|8|1043|sample|8|174|8|174|65.0,26.2,470,7,8,53952,485,0,0,1,1105.41,1057.66,453.611,452.087,0.206534,0.226387
8|1043|8|1043|sample|8|174|8|174|65.0,34,498,8,8,53952,485,0,0,1,914.659,878.655,452.833,451.374,0.570032,0.590089
8|1043|8|1043|sample|5|174|5|174|65.0,0.0004351999999999,40066,1,5,53952,485,0,0,1,52157.6,50104.5,50243.6,50074.7,-1.3363,-1.31855
8|1043|8|1043|sample|5|174|5|174|65.0,0.0021759999999999,35532,2,5,53952,485,0,0,1,52436.2,50170.9,49754.1,49490.9,-1.88568,-1.86062
8|1043|8|1043|sample|5|174|5|174|65.0,0.0108799999999999,26577,3,5,53952,485,0,0,1,52509.3,50122.3,39065.2,38247.7,-2.10802,-2.01206
8|1043|8|1043|sample|5|174|5|174|65.0,0.0543999999999999,7608,4,5,53952,485,0,0,1,51694.9,49290.8,6631.28,6587.45,0.962765,1.0126
8|1043|8|1043|sample|5|174|5|174|65.0,0.2719999999999999,586,5,5,53952,485,0,0,1,44995.2,42902.7,744.666,762.52,-1.28566,-1.39967
8|1043|8|1043|sample|5|174|5|174|65.0,1.36,472,6,5,53952,485,0,0,1,21230.1,20265,466.19,466.397,0.0715048,0.0689225
8|1043|8|1043|sample|5|174|5|174|65.0,6.8,462,7,5,53952,485,0,0,1,4132.53,3954.01,454.093,452.676,0.0995466,0.117715
8|1043|8|1043|sample|5|174|5|174|65.0,34,504,8,5,53952,485,0,0,1,914.659,878.655,452.843,451.383,0.645616,0.665892
8|1043|8|1043|sample|11|174|11|174|28.0,0.0014272,37302,1,11,53952,485,0,0,1,51681.3,49910.9,49270.2,49110.6,-1.6024,-1.58617
8|1043|8|1043|sample|11|174|11|174|28.0,0.007136,24945,2,11,53952,485,0,0,1,51913.1,49932.3,37807.4,37743.8,-2.24328,-2.23594
8|1043|8|1043|sample|11|174|11|174|28.0,0.03568,8204,3,11,53952,485,0,0,1,51582.1,49495.5,6913.23,7060.63,1.22097,1.05918
8|1043|8|1043|sample|11|174|11|174|28.0,0.1784,666,4,11,53952,485,0,0,1,47610.5,45634,816.205,833.537,-1.11892,-1.2241
8|1043|8|1043|sample|11|174|11|174|28.0,0.892,476,5,11,53952,485,0,0,1,28343.5,27166.8,470.582,470.524,0.0661293,0.0668562
8|1043|8|1043|sample|11|174|11|174|28.0,4.46,454,6,11,53952,485,0,0,1,6563.26,6297.76,453.161,451.812,0.0105803,0.0276634
8|1043|8|1043|sample|11|174|11|174|28.0,22.3,504,7,11,53952,485,0,0,1,1245.18,1197.67,451.807,450.416,0.659996,0.679397
8|1043|8|1043|sample|11|174|11|174|28.0,111.5,614,8,11,53952,485,0,0,1,555.343,536.32,450.994,449.666,2.06446,2.08659
8|1043|8|1043|sample|12|174|12|174|28.0,0.0014272,41296,1,12,53952,485,0,0,1,51355.9,49803.6,49133.4,49379.6,-1.05225,-1.0799
8|1043|8|1043|sample|12|174|12|174|28.0,0.007136,29404,2,12,53952,485,0,0,1,51588.1,49825.2,37772.2,40693.9,-1.46082,-1.82961
8|1043|8|1043|sample|12|174|12|174|28.0,0.03568,8528,3,12,53952,485,0,0,1,51260.2,49389.3,7120.72,7600.21,1.29277,0.799023
8|1043|8|1043|sample|12|174|12|174|28.0,0.1784,660,4,12,53952,485,0,0,1,47313.9,45536.2,841.522,770.656,-1.31467,-0.868936
8|1043|8|1043|sample|12|174|12|174|28.0,0.892,452,5,12,53952,485,0,0,1,28166.9,27108.6,471.514,462.539,-0.237784,-0.130584
8|1043|8|1043|sample|12|174|12|174|28.0,4.46,528,6,12,53952,485,0,0,1,6522.31,6284.25,452.243,450.343,0.957173,0.984758
8|1043|8|1043|sample|12|174|12|174|28.0,22.3,452,7,12,53952,485,0,0,1,1237.38,1195.1,450.765,449.418,0.0156487,0.0328037
8|1043|8|1043|sample|12|174|12|174|28.0,111.5,496,8,12,53952,485,0,0,1,551.847,535.167,449.945,448.698,0.584463,0.601727
8|1043|8|1043|sample|10|174|10|174|28.0,0.0004479999999999,48855,1,10,53952,485,0,0,1,51913.5,50001,50140.4,49999.3,-0.169117,-0.150971
8|1043|8|1043|sample|10|174|10|174|28.0,0.00224,48559,2,10,53952,485,0,0,1,52191.7,50067,49821.2,49940.9,-0.167128,-0.182544
8|1043|8|1043|sample|10|174|10|174|28.0,0.0111999999999999,34900,3,10,53952,485,0,0,1,52261.2,50014.6,41376.3,44814.6,-1.03225,-1.45922
8|1043|8|1043|sample|10|174|10|174|28.0,0.0559999999999999,9316,4,10,53952,485,0,0,1,51416.1,49151.7,8044.74,8606.51,1.03485,0.540155
8|1043|8|1043|sample|10|174|10|174|28.0,0.2799999999999999,602,5,10,53952,485,0,0,1,44527.9,42566.9,801.426,680.238,-1.51075,-0.688352
8|1043|8|1043|sample|10|174|10|174|28.0,1.4,496,6,10,53952,485,0,0,1,20648.4,19760.7,466.804,456.983,0.358893,0.488537
8|1043|8|1043|sample|10|174|10|174|28.0,7,490,7,10,53952,485,0,0,1,3983.36,3821.2,453.122,451.252,0.465164,0.490498
8|1043|8|1043|sample|10|174|10|174|28.0,35,514,8,10,53952,485,0,0,1,893.578,860.658,451.836,450.426,0.786041,0.806036
8|1043|8|1043|sample|9|174|9|174|28.0,0.0004479999999999,56634,1,9,53952,485,0,0,1,52064.9,50063.3,50216.3,50055.9,0.843084,0.866931
8|1043|8|1043|sample|9|174|9|174|28.0,0.00224,53714,2,9,53952,485,0,0,1,52343,50129.3,50071,49887.9,0.479963,0.50593
8|1043|8|1043|sample|9|174|9|174|28.0,0.0111999999999999,39723,3,9,53952,485,0,0,1,52412.2,50076.8,44090.3,43826.8,-0.653311,-0.617586
8|1043|8|1043|sample|9|174|9|174|28.0,0.0559999999999999,10710,4,9,53952,485,0,0,1,51564.4,49212.7,9883.72,10059,0.548358,0.424584
8|1043|8|1043|sample|9|174|9|174|28.0,0.2799999999999999,828,5,9,53952,485,0,0,1,44656.4,42619.7,840.125,866.924,-0.0879494,-0.274271
8|1043|8|1043|sample|9|174|9|174|28.0,1.4,508,6,9,53952,485,0,0,1,20708,19785.3,466.719,466.817,0.507525,0.506225
8|1043|8|1043|sample|9|174|9|174|28.0,7,462,7,9,53952,485,0,0,1,3994.91,3825.96,453.628,452.201,0.105502,0.123814
8|1043|8|1043|sample|9|174|9|174|28.0,35,546,8,9,53952,485,0,0,1,896.182,861.73,452.436,451.003,1.18172,1.20312
8|1043|8|1043|sample|4|174|4|174|22.0,0.0010624,51341,1,4,53952,485,0,0,1,52061.3,50059.9,50183.3,49930.7,0.152191,0.186334
8|1043|8|1043|sample|4|174|4|174|22.0,0.005312,47213,2,4,53952,485,0,0,1,52312.1,50099.7,49198.1,47717.6,-0.266165,-0.0697493
8|1043|8|1043|sample|4|174|4|174|22.0,0.02656,25619,3,4,53952,485,0,0,1,52144.1,49820.6,31081.2,25692,-1.15834,-0.018712
8|1043|8|1043|sample|4|174|4|174|22.0,0.1328,3204,4,4,53952,485,0,0,1,49389.5,47137,3170.8,3022.1,0.067661,0.388541
8|1043|8|1043|sample|4|174|4|174|22.0,0.664,534,5,4,53952,485,0,0,1,33555.6,32025.2,557.818,595.187,-0.250377,-0.6071
8|1043|8|1043|sample|4|174|4|174|22.0,3.32,492,6,4,53952,485,0,0,1,9108.39,8702.53,457.468,459.715,0.431978,0.402166
8|1043|8|1043|sample|4|174|4|174|22.0,16.6,542,7,4,53952,485,0,0,1,1627.52,1558.68,453.329,452.086,1.11801,1.13637
8|1043|8|1043|sample|4|174|4|174|22.0,83,532,8,4,53952,485,0,0,1,603.38,580.185,452.427,451.006,1.00503,1.02576
8|1043|8|1043|sample|3|174|3|174|22.0,0.0010624,52337,1,3,53952,485,0,0,1,51910,49997.6,50093.5,49890.5,0.295444,0.323489
8|1043|8|1043|sample|3|174|3|174|22.0,0.005312,52465,2,3,53952,485,0,0,1,52160.9,50037.5,48843.5,48035.4,0.489107,0.608302
8|1043|8|1043|sample|3|174|3|174|22.0,0.02656,24983,3,3,53952,485,0,0,1,51993.9,49758.8,30593.1,27820.4,-1.20863,-0.672066
8|1043|8|1043|sample|3|174|3|174|22.0,0.1328,3902,4,3,53952,485,0,0,1,49247.4,47078.5,3612.85,3471.09,0.518588,0.803747
8|1043|8|1043|sample|3|174|3|174|22.0,0.664,468,5,3,53952,485,0,0,1,33459.1,31985.5,602.065,620.717,-1.31661,-1.45931
8|1043|8|1043|sample|3|174|3|174|22.0,3.32,434,6,3,53952,485,0,0,1,9082.15,8691.73,459.685,460.517,-0.31997,-0.329821
8|1043|8|1043|sample|3|174|3|174|22.0,16.6,466,7,3,53952,485,0,0,1,1622.81,1556.75,452.877,451.596,0.165604,0.182216
8|1043|8|1043|sample|3|174|3|174|22.0,83,476,8,3,53952,485,0,0,1,601.627,579.463,451.828,450.448,0.30565,0.323949
8|1043|8|1043|cc|1|1|174|1|174|69.0,0,462,1,1,53952,485,0,1,0,461.73,447.774,449.016,447.774,0.165064,0.181292
8|1043|8|1043|cc|2|1|174|1|174|69.0,0,482,2,1,53952,485,0,1,0,464.343,448.474,449.785,448.474,0.408943,0.42666
8|1043|8|1043|cc|3|1|174|1|174|69.0,0,512,3,1,53952,485,0,1,0,465.943,448.937,450.292,448.937,0.782578,0.801856
8|1043|8|1043|cc|4|1|174|1|174|69.0,0,514,4,1,53952,485,0,1,0,466.702,449.166,450.544,449.166,0.804363,0.824001
8|1043|8|1043|cc|5|1|174|1|174|69.0,0,496,5,1,53952,485,0,1,0,466.702,449.166,450.544,449.166,0.576197,0.595231
8|1043|8|1043|cc|6|1|174|1|174|69.0,0,482,6,1,53952,485,0,1,0,465.943,448.937,450.292,448.937,0.402118,0.420403
8|1043|8|1043|cc|7|1|174|1|174|69.0,0,458,7,1,53952,485,0,1,0,464.343,448.474,449.785,448.474,0.104278,0.121226
8|1043|8|1043|cc|8|1|174|1|174|69.0,0,474,8,1,53952,485,0,1,0,461.73,447.774,449.016,447.774,0.317622,0.334215
8|1043|8|1043|vc|1|2|174|2|174|69.0,0,50112,1,2,53952,485,1,0,0,51688.9,49918.2,50065.7,49918.2,0.00610207,0.0256049
8|1043|8|1043|vc|2|2|174|2|174|69.0,0,56646,2,2,53952,485,1,0,0,51979.5,49996.2,50151.3,49996.2,0.854315,0.877424
8|1043|8|1043|vc|3|2|174|2|174|69.0,0,62497,3,2,53952,485,1,0,0,52157.5,50047.6,50207.6,50047.6,1.61473,1.64098
8|1043|8|1043|vc|4|2|174|2|174|69.0,0,57542,4,2,53952,485,1,0,0,52242,50073.2,50235.6,50073.2,0.959467,0.98398
8|1043|8|1043|vc|5|2|174|2|174|69.0,0,52635,5,2,53952,485,1,0,0,52242,50073.2,50235.6,50073.2,0.315084,0.337509
8|1043|8|1043|vc|6|2|174|2|174|69.0,0,56628,6,2,53952,485,1,0,0,52157.5,50047.6,50207.6,50047.6,0.843585,0.867373
8|1043|8|1043|vc|7|2|174|2|174|69.0,0,50206,7,2,53952,485,1,0,0,51979.5,49996.2,50151.3,49996.2,0.00720069,0.027685
8|1043|8|1043|vc|8|2|174|2|174|69.0,0,45350,8,2,53952,485,1,0,0,51688.9,49918.2,50065.7,49918.2,-0.621358,-0.603706
8|963|8|963|sample|6|319|6|319|55.0,0.0006144,23222,1,6,44968.25,445.75,0,0,1,43508.5,43508.5,22786.4,24837,0.12591,-0.428352
8|963|8|963|sample|6|319|6|319|55.0,0.003072,9404,2,6,44968.25,445.75,0,0,1,43734.9,43734.9,7736.5,8212.2,1.411,0.950547
8|963|8|963|sample|6|319|6|319|55.0,0.01536,1486,3,6,44968.25,445.75,0,0,1,43744.4,43744.4,2031.62,1972.52,-1.71457,-1.57308
8|963|8|963|sample|6|319|6|319|55.0,0.0768,804,4,6,44968.25,445.75,0,0,1,42638.2,42638.2,746.377,702.329,0.465934,0.868956
8|963|8|963|sample|6|319|6|319|55.0,0.384,554,5,6,44968.25,445.75,0,0,1,34562.2,34562.2,495.293,481.528,0.685321,0.86709
8|963|8|963|sample|6|319|6|319|55.0,1.92,578,6,6,44968.25,445.75,0,0,1,13196.5,13196.5,447.064,443.625,1.67089,1.72624
8|963|8|963|sample|6|319|6|319|55.0,9.6,540,7,6,44968.25,445.75,0,0,1,2403.75,2403.75,436.676,435.923,1.34553,1.35735
8|963|8|963|sample|6|319|6|319|55.0,48,524,8,6,44968.25,445.75,0,0,1,666.061,666.062,432.636,432.477,1.19933,1.2018
8|963|8|963|sample|5|319|5|319|55.0,0.0006144,21356,1,5,44968.25,445.75,0,0,1,43471.9,43471.9,26825.4,26751.3,-1.34339,-1.32885
8|963|8|963|sample|5|319|5|319|55.0,0.003072,12368,2,5,44968.25,445.75,0,0,1,43698.2,43698.2,10314.5,10271.6,1.30625,1.33911
8|963|8|963|sample|5|319|5|319|55.0,0.01536,2146,3,5,44968.25,445.75,0,0,1,43707.9,43707.9,2707.4,2698.67,-1.33501,-1.3184
8|963|8|963|sample|5|319|5|319|55.0,0.0768,922,4,5,44968.25,445.75,0,0,1,42602.7,42602.7,879.834,878.804,0.293075,0.300562
8|963|8|963|sample|5|319|5|319|55.0,0.384,564,5,5,44968.25,445.75,0,0,1,34533.4,34533.4,519.832,519.837,0.494171,0.49411
8|963|8|963|sample|5|319|5|319|55.0,1.92,616,6,5,44968.25,445.75,0,0,1,13185.5,13185.5,451.274,451.362,2.08513,2.08366
8|963|8|963|sample|5|319|5|319|55.0,9.6,510,7,5,44968.25,445.75,0,0,1,2401.74,2401.74,437.15,437.213,0.947795,0.946855
8|963|8|963|sample|5|319|5|319|55.0,48,534,8,5,44968.25,445.75,0,0,1,665.5,665.5,432.427,432.444,1.3339,1.33363
8|963|8|963|sample|4|319|4|319|55.0,0.000064,32065,1,4,44968.25,445.75,0,0,1,43396.6,43396.6,42861.6,42800.8,-1.66132,-1.6543
8|963|8|963|sample|4|319|4|319|55.0,0.00032,37511,2,4,44968.25,445.75,0,0,1,43638.1,43638.1,39465.6,39153.7,-0.326598,-0.276662
8|963|8|963|sample|4|319|4|319|55.0,0.0016,27141,3,4,44968.25,445.75,0,0,1,43779.8,43779.8,23178.3,22620.6,1.126,1.31604
8|963|8|963|sample|4|319|4|319|55.0,0.008,4104,4,4,44968.25,445.75,0,0,1,43792.4,43792.4,5435.14,5337.68,-1.59719,-1.50692
8|963|8|963|sample|4|319|4|319|55.0,0.04,1172,5,4,44968.25,445.75,0,0,1,43294.9,43294.9,1091.67,1096.41,0.456551,0.427888
8|963|8|963|sample|4|319|4|319|55.0,0.2,588,6,4,44968.25,445.75,0,0,1,39330.3,39330.3,513.206,516.191,0.846321,0.808413
8|963|8|963|sample|4|319|4|319|55.0,1,672,7,4,44968.25,445.75,0,0,1,22036.2,22036.2,442.703,443.382,2.95093,2.93831
8|963|8|963|sample|4|319|4|319|55.0,5,534,8,4,44968.25,445.75,0,0,1,4848.32,4848.32,432.209,432.325,1.33734,1.3355
8|963|8|963|sample|3|319|3|319|55.0,0.000064,38041,1,3,44968.25,445.75,0,0,1,43270.4,43270.4,42699.1,43014.7,-0.719481,-0.762604
8|963|8|963|sample|3|319|3|319|55.0,0.00032,35786,2,3,44968.25,445.75,0,0,1,43511.9,43511.9,39151.9,40846.6,-0.566915,-0.817047
8|963|8|963|sample|3|319|3|319|55.0,0.0016,28073,3,3,44968.25,445.75,0,0,1,43653.7,43653.7,22760.8,25501.9,1.53705,0.664192
8|963|8|963|sample|3|319|3|319|55.0,0.008,5340,4,3,44968.25,445.75,0,0,1,43666.5,43666.5,5363.49,5269.82,-0.0285541,0.086819
8|963|8|963|sample|3|319|3|319|55.0,0.04,754,5,3,44968.25,445.75,0,0,1,43170.4,43170.4,1093.08,924.568,-1.92491,-1.13225
8|963|8|963|sample|3|319|3|319|55.0,0.2,712,6,3,44968.25,445.75,0,0,1,39217,39217,513.856,478.79,2.23959,2.80417
8|963|8|963|sample|3|319|3|319|55.0,1,546,7,3,44968.25,445.75,0,0,1,21972.5,21972.5,441.875,436.381,1.34221,1.42833
8|963|8|963|sample|3|319|3|319|55.0,5,670,8,3,44968.25,445.75,0,0,1,4834.22,4834.23,431.04,430.254,3.1468,3.16209
8|963|8|963|sample|10|319|10|319|32.0,0.0003648,28692,1,10,44968.25,445.75,0,0,1,43269.5,43269.5,43266.1,43238.9,-2.22164,-2.21889
8|963|8|963|sample|10|319|10|319|32.0,0.001824,38931,2,10,44968.25,445.75,0,0,1,43503.9,43503.9,43312,42815,-0.667122,-0.598293
8|963|8|963|sample|10|319|10|319|32.0,0.00912,30460,3,10,44968.25,445.75,0,0,1,43583.7,43583.7,36975.6,32059.3,-1.16188,-0.328829
8|963|8|963|sample|10|319|10|319|32.0,0.0456,5540,4,10,44968.25,445.75,0,0,1,43063.8,43063.8,5668.12,5154.07,-0.147485,0.487973
8|963|8|963|sample|10|319|10|319|32.0,0.228,612,5,10,44968.25,445.75,0,0,1,38524.9,38524.9,583.535,670.9,0.28746,-0.524736
8|963|8|963|sample|10|319|10|319|32.0,1.14,454,6,10,44968.25,445.75,0,0,1,20146.3,20146.3,437.459,444.414,0.21507,0.122957
8|963|8|963|sample|10|319|10|319|32.0,5.7,472,7,10,44968.25,445.75,0,0,1,4207.91,4207.91,432.347,432.767,0.520823,0.514879
8|963|8|963|sample|10|319|10|319|32.0,28.5,442,8,10,44968.25,445.75,0,0,1,896.309,896.309,429.891,429.905,0.159828,0.159638
8|963|8|963|sample|9|319|9|319|32.0,0.0003648,31797,1,9,44968.25,445.75,0,0,1,43395.7,43395.7,43360.5,43335.8,-1.75888,-1.75613
8|963|8|963|sample|9|319|9|319|32.0,0.001824,42931,2,9,44968.25,445.75,0,0,1,43630,43630,42847.8,42516.6,0.0128139,0.0642884
8|963|8|963|sample|9|319|9|319|32.0,0.00912,26667,3,9,44968.25,445.75,0,0,1,43709.6,43709.6,31019.1,29309.9,-0.924773,-0.594246
8|963|8|963|sample|9|319|9|319|32.0,0.0456,5088,4,9,44968.25,445.75,0,0,1,43188,43188,4612.78,4600.59,0.670327,0.689315
8|963|8|963|sample|9|319|9|319|32.0,0.228,566,5,9,44968.25,445.75,0,0,1,38636.1,38636.1,639.963,679.387,-0.687623,-0.998735
8|963|8|963|sample|9|319|9|319|32.0,1.14,520,6,9,44968.25,445.75,0,0,1,20204.5,20204.5,444.046,448.027,0.974941,0.916746
8|963|8|963|sample|9|319|9|319|32.0,5.7,466,7,9,44968.25,445.75,0,0,1,4220.11,4220.11,433.896,434.233,0.420378,0.41568
8|963|8|963|sample|9|319|9|319|32.0,28.5,550,8,9,44968.25,445.75,0,0,1,898.922,898.922,431.146,431.173,1.56482,1.56438
8|963|8|963|sample|7|319|7|319|32.0,0.0000768,38811,1,7,44968.25,445.75,0,0,1,43510.5,43510.5,43481.7,43461.2,-0.708472,-0.70569
8|963|8|963|sample|7|319|7|319|32.0,0.000384,39843,2,7,44968.25,445.75,0,0,1,43751.7,43751.7,43456,43290,-0.548359,-0.52516
8|963|8|963|sample|7|319|7|319|32.0,0.00192,42537,3,7,44968.25,445.75,0,0,1,43891.6,43891.6,40945.6,39891.1,0.25632,0.437395
8|963|8|963|sample|7|319|7|319|32.0,0.0096,19731,4,7,44968.25,445.75,0,0,1,43888,43888,24844.5,22688.9,-1.35583,-0.858571
8|963|8|963|sample|7|319|7|319|32.0,0.048,5488,5,7,44968.25,445.75,0,0,1,43253,43253,5051.1,4790.16,0.563526,0.948422
8|963|8|963|sample|7|319|7|319|32.0,0.24,816,6,7,44968.25,445.75,0,0,1,38348.5,38348.5,909.522,943.344,-0.630342,-0.829675
8|963|8|963|sample|7|319|7|319|32.0,1.2,518,7,7,44968.25,445.75,0,0,1,19449.3,19449.3,478.883,488.957,0.470274,0.342879
8|963|8|963|sample|7|319|7|319|32.0,6,528,8,7,44968.25,445.75,0,0,1,3976.54,3976.54,436.344,438.011,1.19437,1.16879
8|963|8|963|sample|8|319|8|319|32.0,0.0000768,42388,1,8,44968.25,445.75,0,0,1,43473.8,43473.8,43472.2,43473.7,-0.164494,-0.164707
8|963|8|963|sample|8|319|8|319|32.0,0.000384,47167,2,8,44968.25,445.75,0,0,1,43715.1,43715.1,43704.5,43707.7,0.522537,0.522006
8|963|8|963|sample|8|319|8|319|32.0,0.00192,41432,3,8,44968.25,445.75,0,0,1,43855,43855,43643.4,43597.9,-0.334197,-0.327653
8|963|8|963|sample|8|319|8|319|32.0,0.0096,29792,4,8,44968.25,445.75,0,0,1,43851.4,43851.4,37363.2,36819.4,-1.33614,-1.25845
8|963|8|963|sample|8|319|8|319|32.0,0.048,7130,5,8,44968.25,445.75,0,0,1,43216.9,43216.9,6306.53,6485.2,0.853046,0.649754
8|963|8|963|sample|8|319|8|319|32.0,0.24,546,6,8,44968.25,445.75,0,0,1,38316.5,38316.5,622.783,656.232,-0.731528,-1.00187
8|963|8|963|sample|8|319|8|319|32.0,1.2,530,7,8,44968.25,445.75,0,0,1,19433,19433,439.446,441.285,1.17283,1.14488
8|963|8|963|sample|8|319|8|319|32.0,6,510,8,8,44968.25,445.75,0,0,1,3973.19,3973.19,432.032,432.123,1.02471,1.02332
8|963|8|963|sample|11|319|11|319|22.0,0.0003712,32971,1,11,44968.25,445.75,0,0,1,43080.9,43080.9,43081.6,43080.9,-1.54783,-1.54775
8|963|8|963|sample|11|319|11|319|22.0,0.001856,45678,2,11,44968.25,445.75,0,0,1,43315.2,43315.2,43268.6,43301.3,0.367271,0.36201
8|963|8|963|sample|11|319|11|319|22.0,0.00928,41502,3,11,44968.25,445.75,0,0,1,43393.6,43393.6,42586.3,42982.8,-0.167927,-0.22721
8|963|8|963|sample|11|319|11|319|22.0,0.0464,26805,4,11,44968.25,445.75,0,0,1,42862.6,42862.6,32463.9,34985,-1.14905,-1.54151
8|963|8|963|sample|11|319|11|319|22.0,0.2319999999999999,8100,5,11,44968.25,445.75,0,0,1,38251.1,38251.1,6857.19,7243.76,1.18511,0.77333
8|963|8|963|sample|11|319|11|319|22.0,1.16,724,6,11,44968.25,445.75,0,0,1,19809.6,19809.6,883.518,803.98,-1.10446,-0.604121
8|963|8|963|sample|11|319|11|319|22.0,5.8,414,7,11,44968.25,445.75,0,0,1,4110.15,4110.15,457.933,447.794,-0.549109,-0.430637
8|963|8|963|sample|11|319|11|319|22.0,29,424,8,11,44968.25,445.75,0,0,1,881.772,881.772,429.698,428.814,-0.0752363,-0.0636702
8|963|8|963|sample|12|319|12|319|22.0,0.0003712,34774,1,12,44968.25,445.75,0,0,1,42809.7,42809.7,42801.3,42798,-1.23693,-1.23652
8|963|8|963|sample|12|319|12|319|22.0,0.001856,39569,2,12,44968.25,445.75,0,0,1,43044,43044,42871.8,42900.5,-0.508097,-0.512172
8|963|8|963|sample|12|319|12|319|22.0,0.00928,35504,3,12,44968.25,445.75,0,0,1,43122.8,43122.8,41235.2,41433,-0.916607,-0.943725
8|963|8|963|sample|12|319|12|319|22.0,0.0464,22196,4,12,44968.25,445.75,0,0,1,42595.6,42595.6,28324.6,28647.3,-1.42583,-1.48403
8|963|8|963|sample|12|319|12|319|22.0,0.2319999999999999,7430,5,12,44968.25,445.75,0,0,1,38012.8,38012.8,6587.74,6356.55,0.835654,1.10334
8|963|8|963|sample|12|319|12|319|22.0,1.16,894,6,12,44968.25,445.75,0,0,1,19686,19686,1065.4,993.052,-0.996732,-0.615185
8|963|8|963|sample|12|319|12|319|22.0,5.8,404,7,12,44968.25,445.75,0,0,1,4084.41,4084.41,485.562,475.05,-0.968781,-0.860175
8|963|8|963|sample|12|319|12|319|22.0,29,400,8,12,44968.25,445.75,0,0,1,876.22,876.22,430.563,429.235,-0.402864,-0.386378
8|963|8|963|cc|1|1|319|1|319|69.0,0,464,1,1,44968.25,445.75,0,1,0,424.363,424.363,424.434,424.363,0.527991,0.529008
8|963|8|963|cc|2|1|319|1|319|69.0,0,386,2,1,44968.25,445.75,0,1,0,426.764,426.764,426.793,426.764,-0.541775,-0.541428
8|963|8|963|cc|3|1|319|1|319|69.0,0,462,3,1,44968.25,445.75,0,1,0,428.235,428.235,428.24,428.235,0.447071,0.447143
8|963|8|963|cc|4|1|319|1|319|69.0,0,444,4,1,44968.25,445.75,0,1,0,428.933,428.933,428.927,428.933,0.199325,0.199254
8|963|8|963|cc|5|1|319|1|319|69.0,0,462,5,1,44968.25,445.75,0,1,0,428.933,428.933,428.927,428.933,0.437364,0.437291
8|963|8|963|cc|6|1|319|1|319|69.0,0,502,6,1,44968.25,445.75,0,1,0,428.235,428.235,428.24,428.235,0.976776,0.976854
8|963|8|963|cc|7|1|319|1|319|69.0,0,480,7,1,44968.25,445.75,0,1,0,426.764,426.764,426.793,426.764,0.706654,0.707071
8|963|8|963|cc|8|1|319|1|319|69.0,0,366,8,1,44968.25,445.75,0,1,0,424.363,424.363,424.434,424.363,-0.779765,-0.778934
8|963|8|963|vc|1|2|319|2|319|69.0,0,34792,1,2,44968.25,445.75,1,0,0,43082,43082,43084.9,43082,-1.26946,-1.2691
8|963|8|963|vc|2|2|319|2|319|69.0,0,46782,2,2,44968.25,445.75,1,0,0,43324.2,43324.2,43322.9,43324.2,0.526615,0.526394
8|963|8|963|vc|3|2|319|2|319|69.0,0,50148,3,2,44968.25,445.75,1,0,0,43472.6,43472.6,43468.9,43472.6,1.01341,1.01277
8|963|8|963|vc|4|2|319|2|319|69.0,0,48893,4,2,44968.25,445.75,1,0,0,43543,43543,43538.2,43543,0.811179,0.810374
8|963|8|963|vc|5|2|319|2|319|69.0,0,49292,5,2,44968.25,445.75,1,0,0,43543,43543,43538.2,43543,0.871622,0.87081
8|963|8|963|vc|6|2|319|2|319|69.0,0,45050,6,2,44968.25,445.75,1,0,0,43472.6,43472.6,43468.9,43472.6,0.239903,0.239322
8|963|8|963|vc|7|2|319|2|319|69.0,0,46782,7,2,44968.25,445.75,1,0,0,43324.2,43324.2,43322.9,43324.2,0.526615,0.526394
8|963|8|963|vc|8|2|319|2|319|69.0,0,38007,8,2,44968.25,445.75,1,0,0,43082,43082,43084.9,43082,-0.777311,-0.776918
8|1260|8|1260|sample|8|319|8|319|65.0,0.0016767999999999,16259,1,8,42984.625,528.25,0,0,1,41548.7,41548.7,19630.1,19712.6,-1.13043,-1.15324
8|1260|8|1260|sample|8|319|8|319|65.0,0.0083839999999999,5866,2,8,42984.625,528.25,0,0,1,41721.7,41721.7,5198.09,5116.96,0.837453,0.953866
8|1260|8|1260|sample|8|319|8|319|65.0,0.04192,1238,3,8,42984.625,528.25,0,0,1,41358.4,41358.4,1280.06,1245.33,-0.205706,-0.0367787
8|1260|8|1260|sample|8|319|8|319|65.0,0.2096,526,4,8,42984.625,528.25,0,0,1,37484.9,37484.9,631.105,622.95,-0.989481,-0.923443
8|1260|8|1260|sample|8|319|8|319|65.0,1.048,496,5,8,42984.625,528.25,0,0,1,20602.8,20602.8,533.775,532.237,-0.412889,-0.397087
8|1260|8|1260|sample|8|319|8|319|65.0,5.24,496,6,8,42984.625,528.25,0,0,1,4538.76,4538.76,518.627,518.42,-0.253672,-0.251444
8|1260|8|1260|sample|8|319|8|319|65.0,26.2,472,7,8,42984.625,528.25,0,0,1,1017.11,1017.11,514.806,514.821,-0.483041,-0.4832
8|1260|8|1260|sample|8|319|8|319|65.0,131,502,8,8,42984.625,528.25,0,0,1,569.559,569.559,511.697,511.706,-0.110011,-0.110113
8|1260|8|1260|sample|7|319|7|319|65.0,0.0016767999999999,10418,1,7,42984.625,528.25,0,0,1,41583.7,41583.7,13104.8,13735.1,-1.34718,-1.58725
8|1260|8|1260|sample|7|319|7|319|65.0,0.0083839999999999,4402,2,7,42984.625,528.25,0,0,1,41756.7,41756.7,3536.36,3560.19,1.58542,1.53166
8|1260|8|1260|sample|7|319|7|319|65.0,0.04192,880,3,7,42984.625,528.25,0,0,1,41392.9,41392.9,1092.45,1062.49,-1.2067,-1.06394
8|1260|8|1260|sample|7|319|7|319|65.0,0.2096,570,4,7,42984.625,528.25,0,0,1,37516.1,37516.1,621.572,610.193,-0.492199,-0.39001
8|1260|8|1260|sample|7|319|7|319|65.0,1.048,526,5,7,42984.625,528.25,0,0,1,20620,20620,536.044,533.087,-0.109372,-0.0775473
8|1260|8|1260|sample|7|319|7|319|65.0,5.24,528,6,7,42984.625,528.25,0,0,1,4542.56,4542.56,519.915,519.298,0.0904443,0.0974513
8|1260|8|1260|sample|7|319|7|319|65.0,26.2,462,7,7,42984.625,528.25,0,0,1,1017.96,1017.96,515.465,515.381,-0.602644,-0.601781
8|1260|8|1260|sample|7|319|7|319|65.0,131,518,8,7,42984.625,528.25,0,0,1,570.039,570.039,512.178,512.167,0.0659987,0.0661234
8|1260|8|1260|sample|6|319|6|319|65.0,0.0004351999999999,26067,1,6,42984.625,528.25,0,0,1,41590,41590,40179.1,40854.1,-2.31621,-2.38697
8|1260|8|1260|sample|6|319|6|319|65.0,0.0021759999999999,26271,2,6,42984.625,528.25,0,0,1,41812,41812,32465.2,35198.5,-1.25769,-1.67219
8|1260|8|1260|sample|6|319|6|319|65.0,0.0108799999999999,15545,3,6,42984.625,528.25,0,0,1,41870.5,41870.5,12671.3,14349.6,1.48991,0.547626
8|1260|8|1260|sample|6|319|6|319|65.0,0.0543999999999999,2518,4,6,42984.625,528.25,0,0,1,41223.4,41223.4,2509.68,2416.07,0.0212965,0.270791
8|1260|8|1260|sample|6|319|6|319|65.0,0.2719999999999999,634,5,6,42984.625,528.25,0,0,1,35899,35899,770.089,706.993,-1.06937,-0.620114
8|1260|8|1260|sample|6|319|6|319|65.0,1.36,518,6,6,42984.625,528.25,0,0,1,17012.1,17012.1,547.405,534.864,-0.314312,-0.184002
8|1260|8|1260|sample|6|319|6|319|65.0,6.8,488,7,6,42984.625,528.25,0,0,1,3423.71,3423.71,518.607,516.679,-0.343152,-0.322591
8|1260|8|1260|sample|6|319|6|319|65.0,34,530,8,6,42984.625,528.25,0,0,1,865.598,865.598,512.524,512.259,0.197982,0.201072
8|1260|8|1260|sample|5|319|5|319|65.0,0.0004351999999999,32187,1,5,42984.625,528.25,0,0,1,41555,41555,41050,41161.6,-1.42387,-1.4379
8|1260|8|1260|sample|5|319|5|319|65.0,0.0021759999999999,29372,2,5,42984.625,528.25,0,0,1,41777,41777,36408.2,37169.6,-1.27422,-1.38325
8|1260|8|1260|sample|5|319|5|319|65.0,0.0108799999999999,17625,3,5,42984.625,528.25,0,0,1,41835.5,41835.5,15302.2,16231.7,0.998189,0.564584
8|1260|8|1260|sample|5|319|5|319|65.0,0.0543999999999999,2370,4,5,42984.625,528.25,0,0,1,41189,41189,2348.09,2383.62,0.0598323,-0.0366603
8|1260|8|1260|sample|5|319|5|319|65.0,0.2719999999999999,648,5,5,42984.625,528.25,0,0,1,35869.1,35869.1,675.687,667.133,-0.245078,-0.171327
8|1260|8|1260|sample|5|319|5|319|65.0,1.36,632,6,5,42984.625,528.25,0,0,1,16997.9,16997.9,529.388,527.841,1.12978,1.14978
8|1260|8|1260|sample|5|319|5|319|65.0,6.8,538,7,5,42984.625,528.25,0,0,1,3420.84,3420.84,515.542,515.403,0.253108,0.254732
8|1260|8|1260|sample|5|319|5|319|65.0,34,494,8,5,42984.625,528.25,0,0,1,864.869,864.869,511.735,511.731,-0.201188,-0.201139
8|1260|8|1260|sample|11|319|11|319|28.0,0.0014272,27917,1,11,42984.625,528.25,0,0,1,41175.5,41175.5,39916.2,40368.7,-1.98237,-2.0341
8|1260|8|1260|sample|11|319|11|319|28.0,0.007136,27045,2,11,42984.625,528.25,0,0,1,41360.4,41360.4,31503.2,33540.8,-0.932794,-1.27672
8|1260|8|1260|sample|11|319|11|319|28.0,0.03568,12328,3,11,42984.625,528.25,0,0,1,41098,41098,10338.6,11354.2,1.26256,0.563068
8|1260|8|1260|sample|11|319|11|319|28.0,0.1784,1804,4,11,42984.625,528.25,0,0,1,37944.5,37944.5,1775.02,1737.7,0.103713,0.242226
8|1260|8|1260|sample|11|319|11|319|28.0,0.892,508,5,11,42984.625,528.25,0,0,1,22645.3,22645.3,643.116,620.248,-1.25061,-1.07333
8|1260|8|1260|sample|11|319|11|319|28.0,4.46,460,6,11,42984.625,528.25,0,0,1,5350.21,5350.21,524.775,520.875,-0.718711,-0.679896
8|1260|8|1260|sample|11|319|11|319|28.0,22.3,450,7,11,42984.625,528.25,0,0,1,1126.85,1126.85,511.207,510.688,-0.694955,-0.689679
8|1260|8|1260|sample|11|319|11|319|28.0,111.5,542,8,11,42984.625,528.25,0,0,1,578.3,578.3,507.216,507.117,0.397672,0.39888
8|1260|8|1260|sample|12|319|12|319|28.0,0.0014272,35926,1,12,42984.625,528.25,0,0,1,40916.3,40916.3,40392.6,40423.3,-0.729231,-0.733686
8|1260|8|1260|sample|12|319|12|319|28.0,0.007136,28728,2,12,42984.625,528.25,0,0,1,41101.4,41101.4,35012,35228.4,-1.1833,-1.21654
8|1260|8|1260|sample|12|319|12|319|28.0,0.03568,13590,3,12,42984.625,528.25,0,0,1,40841.5,40841.5,12655.3,12756.8,0.4852,0.429088
8|1260|8|1260|sample|12|319|12|319|28.0,0.1784,1822,4,12,42984.625,528.25,0,0,1,37708.2,37708.2,1777.2,1754.34,0.160168,0.244924
8|1260|8|1260|sample|12|319|12|319|28.0,0.892,512,5,12,42984.625,528.25,0,0,1,22504.2,22504.2,607.863,603.123,-0.933388,-0.89348
8|1260|8|1260|sample|12|319|12|319|28.0,4.46,458,6,12,42984.625,528.25,0,0,1,5316.82,5316.82,515.91,515.33,-0.652255,-0.646363
8|1260|8|1260|sample|12|319|12|319|28.0,22.3,414,7,12,42984.625,528.25,0,0,1,1119.79,1119.79,507.303,507.21,-1.06654,-1.06565
8|1260|8|1260|sample|12|319|12|319|28.0,111.5,436,8,12,42984.625,528.25,0,0,1,574.659,574.659,503.983,503.893,-0.781598,-0.780692
8|1260|8|1260|sample|10|319|10|319|28.0,0.0004479999999999,35498,1,10,42984.625,528.25,0,0,1,41360.5,41360.5,41352,41356.9,-0.933614,-0.934278
8|1260|8|1260|sample|10|319|10|319|28.0,0.00224,40710,2,10,42984.625,528.25,0,0,1,41582.2,41582.2,41392.5,41476.1,-0.108735,-0.121814
8|1260|8|1260|sample|10|319|10|319|28.0,0.0111999999999999,38631,3,10,42984.625,528.25,0,0,1,41637.8,41637.8,38220,39103.6,0.0709153,-0.0796962
8|1260|8|1260|sample|10|319|10|319|28.0,0.0559999999999999,16665,4,10,42984.625,528.25,0,0,1,40967,40967,15284.7,16245.9,0.593823,0.169702
8|1260|8|1260|sample|10|319|10|319|28.0,0.2799999999999999,1606,5,10,42984.625,528.25,0,0,1,35497.4,35497.4,1673.7,1554.62,-0.256381,0.208853
8|1260|8|1260|sample|10|319|10|319|28.0,1.4,480,6,10,42984.625,528.25,0,0,1,16535.3,16535.3,575.442,558.525,-0.975927,-0.824538
8|1260|8|1260|sample|10|319|10|319|28.0,7,440,7,10,42984.625,528.25,0,0,1,3301.74,3301.74,515.266,513.99,-0.84867,-0.836104
8|1260|8|1260|sample|10|319|10|319|28.0,35,500,8,10,42984.625,528.25,0,0,1,847.481,847.481,509.439,509.347,-0.107502,-0.106469
8|1260|8|1260|sample|9|319|9|319|28.0,0.0004479999999999,41082,1,9,42984.625,528.25,0,0,1,41481.1,41481.1,41478.7,41478.4,-0.0630673,-0.0630187
8|1260|8|1260|sample|9|319|9|319|28.0,0.00224,44794,2,9,42984.625,528.25,0,0,1,41702.8,41702.8,41635.3,41620.9,0.500328,0.502794
8|1260|8|1260|sample|9|319|9|319|28.0,0.0111999999999999,38687,3,9,42984.625,528.25,0,0,1,41758.1,41758.1,40053.2,39805.3,-0.224944,-0.185259
8|1260|8|1260|sample|9|319|9|319|28.0,0.0559999999999999,19775,4,9,42984.625,528.25,0,0,1,41085.2,41085.2,19769.3,19311.5,0.00189847,0.157968
8|1260|8|1260|sample|9|319|9|319|28.0,0.2799999999999999,2028,5,9,42984.625,528.25,0,0,1,35599.8,35599.8,1889.81,1957.32,0.46566,0.230249
8|1260|8|1260|sample|9|319|9|319|28.0,1.4,514,6,9,42984.625,528.25,0,0,1,16583,16583,571.192,579.918,-0.588678,-0.669395
8|1260|8|1260|sample|9|319|9|319|28.0,7,518,7,9,42984.625,528.25,0,0,1,3311.31,3311.31,515.748,516.4,0.0253722,0.0180028
8|1260|8|1260|sample|9|319|9|319|28.0,35,494,8,9,42984.625,528.25,0,0,1,849.951,849.951,510.83,510.874,-0.191216,-0.191703
8|1260|8|1260|sample|4|319|4|319|22.0,0.0010624,33661,1,4,42984.625,528.25,0,0,1,41478.3,41478.3,41460,41452.3,-1.24057,-1.23958
8|1260|8|1260|sample|4|319|4|319|22.0,0.005312,36692,2,4,42984.625,528.25,0,0,1,41678.2,41678.2,41361.8,41268.7,-0.744578,-0.73137
8|1260|8|1260|sample|4|319|4|319|22.0,0.02656,31084,3,4,42984.625,528.25,0,0,1,41545.3,41545.3,36861.2,36072,-1.03339,-0.911708
8|1260|8|1260|sample|4|319|4|319|22.0,0.1328,13458,4,4,42984.625,528.25,0,0,1,39358.2,39358.2,13392,12616.8,0.0323819,0.438012
8|1260|8|1260|sample|4|319|4|319|22.0,0.664,1668,5,4,42984.625,528.25,0,0,1,26785.1,26785.1,1642.24,1633.49,0.0993425,0.133777
8|1260|8|1260|sample|4|319|4|319|22.0,3.32,526,6,4,42984.625,528.25,0,0,1,7372.2,7372.2,586.736,592.208,-0.61038,-0.659872
8|1260|8|1260|sample|4|319|4|319|22.0,16.6,482,7,4,42984.625,528.25,0,0,1,1431.45,1431.45,517.964,518.758,-0.403659,-0.412013
8|1260|8|1260|sample|4|319|4|319|22.0,83,570,8,4,42984.625,528.25,0,0,1,617.448,617.448,511.016,511.098,0.669942,0.668916
8|1260|8|1260|sample|3|319|3|319|22.0,0.0010624,37180,1,3,42984.625,528.25,0,0,1,41357.7,41357.7,41330.3,41324.7,-0.66225,-0.661441
8|1260|8|1260|sample|3|319|3|319|22.0,0.005312,42284,2,3,42984.625,528.25,0,0,1,41557.8,41557.8,41161.7,41108.2,0.179821,0.188632
8|1260|8|1260|sample|3|319|3|319|22.0,0.02656,29878,3,3,42984.625,528.25,0,0,1,41425.6,41425.6,36611.2,36137.5,-1.2126,-1.14204
8|1260|8|1260|sample|3|319|3|319|22.0,0.1328,14579,4,3,42984.625,528.25,0,0,1,39245,39245,14706,13981,-0.0567557,0.281137
8|1260|8|1260|sample|3|319|3|319|22.0,0.664,2122,5,3,42984.625,528.25,0,0,1,26708,26708,2060.75,1980.68,0.189846,0.455104
8|1260|8|1260|sample|3|319|3|319|22.0,3.32,498,6,3,42984.625,528.25,0,0,1,7350.97,7350.97,632.573,628.962,-1.26426,-1.23668
8|1260|8|1260|sample|3|319|3|319|22.0,16.6,458,7,3,42984.625,528.25,0,0,1,1427.31,1427.31,520.892,520.867,-0.702402,-0.702147
8|1260|8|1260|sample|3|319|3|319|22.0,83,484,8,3,42984.625,528.25,0,0,1,615.653,615.653,509.926,509.931,-0.295021,-0.29507
8|1260|8|1260|cc|1|1|319|1|319|69.0,0,514,1,1,42984.625,528.25,0,1,0,502.905,502.905,502.988,502.905,0.12682,0.127802
8|1260|8|1260|cc|2|1|319|1|319|69.0,0,604,2,1,42984.625,528.25,0,1,0,505.75,505.75,505.784,505.75,1.12566,1.12611
8|1260|8|1260|cc|3|1|319|1|319|69.0,0,546,3,1,42984.625,528.25,0,1,0,507.493,507.493,507.499,507.493,0.439951,0.440025
8|1260|8|1260|cc|4|1|319|1|319|69.0,0,580,4,1,42984.625,528.25,0,1,0,508.32,508.32,508.314,508.32,0.818009,0.817929
8|1260|8|1260|cc|5|1|319|1|319|69.0,0,564,5,1,42984.625,528.25,0,1,0,508.32,508.32,508.314,508.32,0.635433,0.635356
8|1260|8|1260|cc|6|1|319|1|319|69.0,0,508,6,1,42984.625,528.25,0,1,0,507.493,507.493,507.499,507.493,0.00572254,0.0057916
8|1260|8|1260|cc|7|1|319|1|319|69.0,0,466,7,1,42984.625,528.25,0,1,0,505.75,505.75,505.784,505.75,-0.455968,-0.455609
8|1260|8|1260|cc|8|1|319|1|319|69.0,0,444,8,1,42984.625,528.25,0,1,0,502.905,502.905,502.988,502.905,-0.679365,-0.678501
8|1260|8|1260|vc|1|2|319|2|319|69.0,0,40866,1,2,42984.625,528.25,1,0,0,41181.5,41181.5,41184.3,41181.5,-0.0509737,-0.0505313
8|1260|8|1260|vc|2|2|319|2|319|69.0,0,45338,2,2,42984.625,528.25,1,0,0,41413.1,41413.1,41411.8,41413.1,0.625253,0.625029
8|1260|8|1260|vc|3|2|319|2|319|69.0,0,44073,3,2,42984.625,528.25,1,0,0,41554.9,41554.9,41551.4,41554.9,0.400227,0.399633
8|1260|8|1260|vc|4|2|319|2|319|69.0,0,47115,4,2,42984.625,528.25,1,0,0,41622.2,41622.2,41617.7,41622.2,0.871137,0.870326
8|1260|8|1260|vc|5|2|319|2|319|69.0,0,43457,5,2,42984.625,528.25,1,0,0,41622.2,41622.2,41617.7,41622.2,0.29147,0.290721
8|1260|8|1260|vc|6|2|319|2|319|69.0,0,43107,6,2,42984.625,528.25,1,0,0,41554.9,41554.9,41551.4,41554.9,0.246905,0.246324
8|1260|8|1260|vc|7|2|319|2|319|69.0,0,44409,7,2,42984.625,528.25,1,0,0,41413.1,41413.1,41411.8,41413.1,0.477308,0.477088
8|1260|8|1260|vc|8|2|319|2|319|69.0,0,35512,8,2,42984.625,528.25,1,0,0,41181.5,41181.5,41184.3,41181.5,-0.908311,-0.907926
