id,time,rlu,plate_row,plate_col,mean_vc,mean_cc,binary_vc,binary_cc,binary_sample,popPred_medianCOV,popPred,indivPred_SAEM,indivPred_mode,indWRes_SAEM,indWRes_mode
9|411|9|411|sample|4|274|4|274|70.0,0.0457247370827617,53482,1,4,57906.875,910,0,0,1,27995.9,27996.2,54281.3,54297.8,-0.0988349,-0.100848
9|411|9|411|sample|4|274|4|274|70.0,0.1371742112482853,45186,2,4,57906.875,910,0,0,1,28334.1,28334.4,51296.6,51275.2,-0.799596,-0.79712
9|411|9|411|sample|4|274|4|274|70.0,0.411522633744856,36004,3,4,57906.875,910,0,0,1,28591.4,28591.7,37325.8,37360.5,-0.237704,-0.243715
9|411|9|411|sample|4|274|4|274|70.0,1.23456790123457,15537,4,4,57906.875,910,0,0,1,28787.1,28787.4,14660,14809.3,0.401556,0.329828
9|411|9|411|sample|4|274|4|274|70.0,3.7037037037037,4302,5,4,57906.875,910,0,0,1,28787.1,28787.4,3844.24,3918.89,0.799289,0.656191
9|411|9|411|sample|4|274|4|274|70.0,11.1111111111111,1258,6,4,57906.875,910,0,0,1,28591.4,28591.7,1409.59,1430.1,-0.721853,-0.807766
9|411|9|411|sample|4|274|4|274|70.0,33.3333333333333,948,7,4,57906.875,910,0,0,1,28334.1,28334.4,967.894,972.85,-0.137966,-0.171453
9|411|9|411|sample|4|274|4|274|70.0,100,850,8,4,57906.875,910,0,0,1,27995.9,27996.2,883.229,884.752,-0.252531,-0.26365
9|411|9|411|sample|3|274|3|274|70.0,0.0457247370827617,58138,1,3,57906.875,910,0,0,1,27995.9,27996.2,53120.3,53175.8,0.634046,0.626368
9|411|9|411|sample|3|274|3|274|70.0,0.1371742112482853,40956,2,3,57906.875,910,0,0,1,28334.1,28334.4,45729.2,45949.7,-0.700631,-0.729477
9|411|9|411|sample|3|274|3|274|70.0,0.411522633744856,25675,3,3,57906.875,910,0,0,1,28591.4,28591.7,24663.9,25189.1,0.27517,0.129481
9|411|9|411|sample|3|274|3|274|70.0,1.23456790123457,7926,4,3,57906.875,910,0,0,1,28591.4,28591.7,7110.68,7402.21,0.769641,0.474971
9|411|9|411|sample|3|274|3|274|70.0,3.7037037037037,2156,5,3,57906.875,910,0,0,1,28591.4,28591.7,2042.56,2118.52,0.372802,0.118746
9|411|9|411|sample|3|274|3|274|70.0,11.1111111111111,986,6,3,57906.875,910,0,0,1,28591.4,28591.7,1084.98,1101.2,-0.612373,-0.70221
9|411|9|411|sample|3|274|3|274|70.0,33.3333333333333,960,7,3,57906.875,910,0,0,1,28334.1,28334.4,912.044,915.55,0.35294,0.325887
9|411|9|411|sample|3|274|3|274|70.0,100,882,8,3,57906.875,910,0,0,1,27995.9,27996.2,873.736,874.893,0.0634876,0.0545261
9|411|9|411|sample|5|274|5|274|70.0,0.002286236854138,55169,1,5,57906.875,910,0,0,1,27995.9,27996.2,55058.5,55113,0.0134715,0.00681522
9|411|9|411|sample|5|274|5|274|70.0,0.0068587105624142,55989,2,5,57906.875,910,0,0,1,28334.1,28334.4,55632.3,55733.2,0.0430435,0.030803
9|411|9|411|sample|5|274|5|274|70.0,0.0205761316872428,54885,3,5,57906.875,910,0,0,1,28591.4,28591.7,55679.7,55997.5,-0.0958036,-0.133348
9|411|9|411|sample|5|274|5|274|70.0,0.0617283950617284,49434,4,5,57906.875,910,0,0,1,28787.1,28787.4,54072.9,55128.3,-0.57585,-0.693325
9|411|9|411|sample|5|274|5|274|70.0,0.1851851851851852,45208,5,5,57906.875,910,0,0,1,28787.1,28787.4,46723.8,49347.6,-0.217756,-0.563068
9|411|9|411|sample|5|274|5|274|70.0,0.5555555555555556,30556,6,5,57906.875,910,0,0,1,28591.4,28591.7,29100.7,31670.7,0.335683,-0.236258
9|411|9|411|sample|5|274|5|274|70.0,1.66666666666667,13064,7,5,57906.875,910,0,0,1,28334.1,28334.4,11284.2,11382.6,1.05871,0.991551
9|411|9|411|sample|5|274|5|274|70.0,5,2918,8,5,57906.875,910,0,0,1,27995.9,27996.2,3583.36,3192.79,-1.24635,-0.577695
9|411|9|411|sample|6|274|6|274|70.0,0.002286236854138,62015,1,6,57906.875,910,0,0,1,27995.9,27996.2,55057.2,55090.9,0.848256,0.843635
9|411|9|411|sample|6|274|6|274|70.0,0.0068587105624142,61528,2,6,57906.875,910,0,0,1,28334.1,28334.4,55629.2,55646.3,0.711759,0.709478
9|411|9|411|sample|6|274|6|274|70.0,0.0205761316872428,61845,3,6,57906.875,910,0,0,1,28591.4,28591.7,55677.3,55674.2,0.743558,0.743984
9|411|9|411|sample|6|274|6|274|70.0,0.0617283950617284,54318,4,6,57906.875,910,0,0,1,28787.1,28787.4,54108.1,54060.8,0.0260445,0.0319289
9|411|9|411|sample|6|274|6|274|70.0,0.1851851851851852,48773,5,6,57906.875,910,0,0,1,28787.1,28787.4,46986.5,46846.5,0.255215,0.276038
9|411|9|411|sample|6|274|6|274|70.0,0.5555555555555556,29602,6,6,57906.875,910,0,0,1,28591.4,28591.7,29801.9,29606.8,-0.0450207,-0.00108519
9|411|9|411|sample|6|274|6|274|70.0,1.66666666666667,12240,7,6,57906.875,910,0,0,1,28334.1,28334.4,11877.7,11784.6,0.204771,0.259379
9|411|9|411|sample|6|274|6|274|70.0,5,3840,8,6,57906.875,910,0,0,1,27995.9,27996.2,3817.06,3798.12,0.0403461,0.0740205
9|411|9|411|sample|8|274|8|274|70.0,0.0457247370827617,49844,1,8,57906.875,910,0,0,1,27995.9,27996.2,54606.6,53956.7,-0.585425,-0.511623
9|411|9|411|sample|8|274|8|274|70.0,0.1371742112482853,46084,2,8,57906.875,910,0,0,1,28334.1,28334.4,52345.8,49485.4,-0.802953,-0.461369
9|411|9|411|sample|8|274|8|274|70.0,0.411522633744856,29492,3,8,57906.875,910,0,0,1,28591.4,28591.7,37997.2,32275.2,-1.50246,-0.578818
9|411|9|411|sample|8|274|8|274|70.0,1.23456790123457,12168,4,8,57906.875,910,0,0,1,28787.1,28787.4,12885.5,11007.8,-0.373754,0.707442
9|411|9|411|sample|8|274|8|274|70.0,3.7037037037037,3114,5,8,57906.875,910,0,0,1,28787.1,28787.4,2881.32,2911.35,0.542054,0.467216
9|411|9|411|sample|8|274|8|274|70.0,11.1111111111111,1024,6,8,57906.875,910,0,0,1,28591.4,28591.7,1161.98,1237.46,-0.797064,-1.15785
9|411|9|411|sample|8|274|8|274|70.0,33.3333333333333,882,7,8,57906.875,910,0,0,1,28334.1,28334.4,915.856,938.398,-0.248134,-0.40341
9|411|9|411|sample|8|274|8|274|70.0,100,778,8,8,57906.875,910,0,0,1,27995.9,27996.2,873.153,878.686,-0.731484,-0.769142
9|411|9|411|sample|7|274|7|274|70.0,0.0457247370827617,51443,1,7,57906.875,910,0,0,1,27995.9,27996.2,54412.5,53965.9,-0.366323,-0.313795
9|411|9|411|sample|7|274|7|274|70.0,0.1371742112482853,47489,2,7,57906.875,910,0,0,1,28334.1,28334.4,51278.7,49309.7,-0.49607,-0.247848
9|411|9|411|sample|7|274|7|274|70.0,0.411522633744856,28239,3,7,57906.875,910,0,0,1,28591.4,28591.7,34909.4,31314.6,-1.28258,-0.659267
9|411|9|411|sample|7|274|7|274|70.0,1.23456790123457,11458,4,7,57906.875,910,0,0,1,28787.1,28787.4,11164.6,10132.7,0.176388,0.87793
9|411|9|411|sample|7|274|7|274|70.0,3.7037037037037,2676,5,7,57906.875,910,0,0,1,28787.1,28787.4,2622.96,2641.32,0.135731,0.088143
9|411|9|411|sample|7|274|7|274|70.0,11.1111111111111,1026,6,7,57906.875,910,0,0,1,28591.4,28591.7,1137.29,1177.79,-0.656836,-0.865083
9|411|9|411|sample|7|274|7|274|70.0,33.3333333333333,928,7,7,57906.875,910,0,0,1,28334.1,28334.4,914.229,926.399,0.101106,0.0116029
9|411|9|411|sample|7|274|7|274|70.0,100,848,8,7,57906.875,910,0,0,1,27995.9,27996.2,873.175,876.37,-0.193523,-0.21729
9|411|9|411|sample|9|274|9|274|70.0,0.002286236854138,52761,1,9,57906.875,910,0,0,1,27995.9,27996.2,55083.8,55104.2,-0.283046,-0.285428
9|411|9|411|sample|9|274|9|274|70.0,0.0068587105624142,58591,2,9,57906.875,910,0,0,1,28334.1,28334.4,55737.6,55693.6,0.343626,0.349197
9|411|9|411|sample|9|274|9|274|70.0,0.0205761316872428,53528,3,9,57906.875,910,0,0,1,28591.4,28591.7,56098.6,55825.7,-0.307583,-0.27627
9|411|9|411|sample|9|274|9|274|70.0,0.0617283950617284,55935,4,9,57906.875,910,0,0,1,28787.1,28787.4,55575.3,54436.9,0.0434399,0.184723
9|411|9|411|sample|9|274|9|274|70.0,0.1851851851851852,49128,5,9,57906.875,910,0,0,1,28787.1,28787.4,50674.7,47180.6,-0.204871,0.277051
9|411|9|411|sample|9|274|9|274|70.0,0.5555555555555556,28450,6,9,57906.875,910,0,0,1,28591.4,28591.7,33051.4,28522.3,-0.93448,-0.0170037
9|411|9|411|sample|9|274|9|274|70.0,1.66666666666667,10662,7,9,57906.875,910,0,0,1,28334.1,28334.4,11180.4,10153.1,-0.311222,0.336439
9|411|9|411|sample|9|274|9|274|70.0,5,3030,8,9,57906.875,910,0,0,1,27995.9,27996.2,2881.12,3030.75,0.346852,-0.00165289
9|411|9|411|sample|10|274|10|274|70.0,0.002286236854138,53166,1,10,57906.875,910,0,0,1,27995.9,27996.2,55081.3,55113.7,-0.2334,-0.237215
9|411|9|411|sample|10|274|10|274|70.0,0.0068587105624142,61628,2,10,57906.875,910,0,0,1,28334.1,28334.4,55726.1,55737,0.710891,0.709442
9|411|9|411|sample|10|274|10|274|70.0,0.0205761316872428,54148,3,10,57906.875,910,0,0,1,28591.4,28591.7,56050.2,56017.9,-0.227804,-0.224063
9|411|9|411|sample|10|274|10|274|70.0,0.0617283950617284,54949,4,10,57906.875,910,0,0,1,28591.4,28591.7,55021,54859.6,-0.00877998,0.010938
9|411|9|411|sample|10|274|10|274|70.0,0.1851851851851852,46394,5,10,57906.875,910,0,0,1,28591.4,28591.7,49977.4,49474.3,-0.481278,-0.417918
9|411|9|411|sample|10|274|10|274|70.0,0.5555555555555556,30684,6,10,57906.875,910,0,0,1,28591.4,28591.7,33332.6,32719.2,-0.533353,-0.417516
9|411|9|411|sample|10|274|10|274|70.0,1.66666666666667,13846,7,10,57906.875,910,0,0,1,28334.1,28334.4,12092.2,12068.8,0.973529,0.988411
9|411|9|411|sample|10|274|10|274|70.0,5,3124,8,10,57906.875,910,0,0,1,27995.9,27996.2,3283.7,3379.16,-0.326457,-0.506839
9|411|9|411|sample|12|274|12|274|70.0,0.0457247370827617,47309,1,12,57906.875,910,0,0,1,27995.9,27996.2,53534.2,52859.7,-0.780534,-0.704844
9|411|9|411|sample|12|274|12|274|70.0,0.1371742112482853,39899,2,12,57906.875,910,0,0,1,27995.9,27996.2,47262.3,45181.6,-1.04576,-0.784802
9|411|9|411|sample|12|274|12|274|70.0,0.411522633744856,26409,3,12,57906.875,910,0,0,1,27995.9,27996.2,28474.8,26033.5,-0.486961,0.0968159
9|411|9|411|sample|12|274|12|274|70.0,1.23456790123457,9114,4,12,57906.875,910,0,0,1,27995.9,27996.2,9198.03,8668.35,-0.0613249,0.345085
9|411|9|411|sample|12|274|12|274|70.0,3.7037037037037,2878,5,12,57906.875,910,0,0,1,27995.9,27996.2,2537.41,2580.91,0.90099,0.772659
9|411|9|411|sample|12|274|12|274|70.0,11.1111111111111,968,6,12,57906.875,910,0,0,1,27995.9,27996.2,1167.93,1209.74,-1.14902,-1.34133
9|411|9|411|sample|12|274|12|274|70.0,33.3333333333333,796,7,12,57906.875,910,0,0,1,27995.9,27996.2,920.913,935.289,-0.910459,-0.999641
9|411|9|411|sample|12|274|12|274|70.0,100,796,8,12,57906.875,910,0,0,1,27995.9,27996.2,877.455,881.698,-0.623112,-0.652413
9|411|9|411|sample|11|274|11|274|70.0,0.0457247370827617,54260,1,11,57906.875,910,0,0,1,27995.9,27996.2,54520.7,53544.3,-0.0320916,0.0897169
9|411|9|411|sample|11|274|11|274|70.0,0.1371742112482853,45084,2,11,57906.875,910,0,0,1,28334.1,28334.4,51980.1,48221,-0.890515,-0.436664
9|411|9|411|sample|11|274|11|274|70.0,0.411522633744856,27045,3,11,57906.875,910,0,0,1,28334.1,28334.4,37016.1,30520.4,-1.80811,-0.764349
9|411|9|411|sample|11|274|11|274|70.0,1.23456790123457,12392,4,11,57906.875,910,0,0,1,28334.1,28334.4,12727.9,10780.3,-0.177145,1.00352
9|411|9|411|sample|11|274|11|274|70.0,3.7037037037037,3032,5,11,57906.875,910,0,0,1,28334.1,28334.4,2955.96,3054.72,0.17266,-0.0499245
9|411|9|411|sample|11|274|11|274|70.0,11.1111111111111,1264,6,11,57906.875,910,0,0,1,28334.1,28334.4,1185.6,1300.8,0.443847,-0.18991
9|411|9|411|sample|11|274|11|274|70.0,33.3333333333333,860,7,11,57906.875,910,0,0,1,28334.1,28334.4,922.958,958.817,-0.457869,-0.691783
9|411|9|411|sample|11|274|11|274|70.0,100,802,8,11,57906.875,910,0,0,1,27995.9,27996.2,874.445,883.533,-0.556094,-0.619414
9|411|9|411|cc|1|1|274|1|274|69.0,0,868,1,1,57906.875,910,0,1,0,nan,nan,865.715,866.261,0.0177159,0.013478
9|411|9|411|cc|2|1|274|1|274|69.0,0,912,2,1,57906.875,910,0,1,0,nan,nan,865.715,866.261,0.35887,0.354417
9|411|9|411|cc|3|1|274|1|274|69.0,0,846,3,1,57906.875,910,0,1,0,nan,nan,865.715,866.261,-0.152861,-0.156991
9|411|9|411|cc|4|1|274|1|274|69.0,0,900,4,1,57906.875,910,0,1,0,nan,nan,865.715,866.261,0.265828,0.261434
9|411|9|411|cc|5|1|274|1|274|69.0,0,962,5,1,57906.875,910,0,1,0,nan,nan,865.715,866.261,0.746544,0.741848
9|411|9|411|cc|6|1|274|1|274|69.0,0,886,6,1,57906.875,910,0,1,0,nan,nan,865.715,866.261,0.157279,0.152953
9|411|9|411|cc|7|1|274|1|274|69.0,0,922,7,1,57906.875,910,0,1,0,nan,nan,865.715,866.261,0.436405,0.431903
9|411|9|411|cc|8|1|274|1|274|69.0,0,984,8,1,57906.875,910,0,1,0,nan,nan,865.715,866.261,0.917121,0.912317
9|411|9|411|vc|1|2|274|2|274|69.0,0,57888,1,2,57906.875,910,1,0,0,nan,nan,55088.9,55123.6,0.341063,0.336621
9|411|9|411|vc|2|2|274|2|274|69.0,0,57026,2,2,57906.875,910,1,0,0,nan,nan,55768.3,55789.5,0.151373,0.148772
9|411|9|411|vc|3|2|274|2|274|69.0,0,62361,3,2,57906.875,910,1,0,0,nan,nan,55768.3,55789.5,0.793497,0.790654
9|411|9|411|vc|4|2|274|2|274|69.0,0,58423,4,2,57906.875,910,1,0,0,nan,nan,55768.3,55789.5,0.319517,0.316853
9|411|9|411|vc|5|2|274|2|274|69.0,0,61789,5,2,57906.875,910,1,0,0,nan,nan,55768.3,55789.5,0.724651,0.721833
9|411|9|411|vc|6|2|274|2|274|69.0,0,57424,6,2,57906.875,910,1,0,0,nan,nan,55768.3,55789.5,0.199277,0.196658
9|411|9|411|vc|7|2|274|2|274|69.0,0,54022,7,2,57906.875,910,1,0,0,nan,nan,55768.3,55789.5,-0.210191,-0.212654
9|411|9|411|vc|8|2|274|2|274|69.0,0,54322,8,2,57906.875,910,1,0,0,nan,nan,55088.9,55123.6,-0.0934374,-0.0976054
14|783|14|783|sample|3|71|3|71|6.0,0.00128,68212.8,1,3,65466.9,572.004,0,0,1,31433.4,31439.4,62236.9,62265.3,0.644509,0.641151
14|783|14|783|sample|3|71|3|71|6.0,0.0064,68155.2,2,3,65466.9,572.004,0,0,1,31813.1,31819.2,62893.3,62883.1,0.561583,0.562754
14|783|14|783|sample|3|71|3|71|6.0,0.032,68608.8,3,3,65466.9,572.004,0,0,1,32102,32108.1,63085,62994.3,0.587735,0.598249
14|783|14|783|sample|3|71|3|71|6.0,0.16,64072.8,4,3,65466.9,572.004,0,0,1,32102,32108.1,61758.6,61469.4,0.251519,0.284287
14|783|14|783|sample|3|71|3|71|6.0,0.8,57218.4,5,3,65466.9,572.004,0,0,1,32102,32108.1,57530.3,56768.4,-0.0363966,0.0532092
14|783|14|783|sample|3|71|3|71|6.0,4,44143.2,6,3,65466.9,572.004,0,0,1,32102,32108.1,46440.6,45019.1,-0.332051,-0.130602
14|783|14|783|sample|3|71|3|71|6.0,20,28238.4,7,3,65466.9,572.004,0,0,1,31813.1,31819.2,27600,26236,0.155269,0.512306
14|783|14|783|sample|3|71|3|71|6.0,100,11044.8,8,3,65466.9,572.004,0,0,1,31433.4,31439.4,11604.7,11002.1,-0.323841,0.0260287
14|783|14|783|sample|4|71|4|71|6.0,0.00128,69595.2,1,4,65466.9,572.004,0,0,1,31433.4,31439.4,62248.3,62212.3,0.792226,0.796571
14|783|14|783|sample|4|71|4|71|6.0,0.0064,69638.4,2,4,65466.9,572.004,0,0,1,31813.1,31819.2,62927.5,62736,0.715833,0.738514
14|783|14|783|sample|4|71|4|71|6.0,0.032,67262.4,3,4,65466.9,572.004,0,0,1,32102,32108.1,63182.4,62604,0.433452,0.499467
14|783|14|783|sample|4|71|4|71|6.0,0.16,63900,4,4,65466.9,572.004,0,0,1,32321.7,32327.9,62438.2,60941.6,0.15715,0.325849
14|783|14|783|sample|4|71|4|71|6.0,0.8,56001.6,5,4,65466.9,572.004,0,0,1,32321.7,32327.9,58438.8,55270.4,-0.279936,0.0887985
14|783|14|783|sample|4|71|4|71|6.0,4,42962.4,6,4,65466.9,572.004,0,0,1,32102,32108.1,46986.2,42651,-0.574833,0.0490146
14|783|14|783|sample|4|71|4|71|6.0,20,26215.2,7,4,65466.9,572.004,0,0,1,31813.1,31819.2,27492,25124.2,-0.311735,0.291481
14|783|14|783|sample|4|71|4|71|6.0,100,11448,8,4,65466.9,572.004,0,0,1,31433.4,31439.4,11087,11233.3,0.218588,0.128265
14|783|14|783|sample|5|71|5|71|6.0,0.00128,67507.2,1,5,65466.9,572.004,0,0,1,31433.4,31439.4,62044.3,62083.4,0.591009,0.586413
14|783|14|783|sample|5|71|5|71|6.0,0.0064,64807.2,2,5,65466.9,572.004,0,0,1,31813.1,31819.2,62335.2,62349.6,0.266182,0.264578
14|783|14|783|sample|5|71|5|71|6.0,0.032,65296.8,3,5,65466.9,572.004,0,0,1,32102,32108.1,61517.2,61476.5,0.412405,0.417122
14|783|14|783|sample|5|71|5|71|6.0,0.16,59824.8,4,5,65466.9,572.004,0,0,1,32321.7,32327.9,58082.7,57873.9,0.20132,0.226265
14|783|14|783|sample|5|71|5|71|6.0,0.8,43956,5,5,65466.9,572.004,0,0,1,32321.7,32327.9,48943.5,48341.4,-0.684008,-0.608928
14|783|14|783|sample|5|71|5|71|6.0,4,33624,6,5,65466.9,572.004,0,0,1,32102,32108.1,33089.3,32072.4,0.108476,0.324739
14|783|14|783|sample|5|71|5|71|6.0,20,17287.2,7,5,65466.9,572.004,0,0,1,31813.1,31819.2,16922.2,16004.8,0.144784,0.537808
14|783|14|783|sample|5|71|5|71|6.0,100,6449.76,8,5,65466.9,572.004,0,0,1,31433.4,31439.4,7078.04,6570.8,-0.595816,-0.12365
14|783|14|783|sample|6|71|6|71|6.0,0.00128,72936,1,6,65466.9,572.004,0,0,1,31433.4,31439.4,62024.8,62042.6,1.18081,1.17855
14|783|14|783|sample|6|71|6|71|6.0,0.0064,71100,2,6,65466.9,572.004,0,0,1,31813.1,31819.2,62287.6,62245.8,0.949652,0.954793
14|783|14|783|sample|6|71|6|71|6.0,0.032,65887.2,3,6,65466.9,572.004,0,0,1,32102,32108.1,61409.8,61229.6,0.489398,0.510588
14|783|14|783|sample|6|71|6|71|6.0,0.16,59457.6,4,6,65466.9,572.004,0,0,1,32321.7,32327.9,57877.7,57363.4,0.183232,0.245055
14|783|14|783|sample|6|71|6|71|6.0,0.8,43984.8,5,6,65466.9,572.004,0,0,1,32321.7,32327.9,48675,47569.7,-0.646776,-0.505852
14|783|14|783|sample|6|71|6|71|6.0,4,31118.4,6,6,65466.9,572.004,0,0,1,32102,32108.1,32946,31436.8,-0.372348,-0.0679824
14|783|14|783|sample|6|71|6|71|6.0,20,17712,7,6,65466.9,572.004,0,0,1,31813.1,31819.2,16982.3,15814.2,0.288421,0.805538
14|783|14|783|sample|6|71|6|71|6.0,100,6401.52,8,6,65466.9,572.004,0,0,1,31433.4,31439.4,7189.89,6610.92,-0.736001,-0.212608
14|783|14|783|sample|7|71|7|71|6.0,0.00128,67154.4,1,7,65466.9,572.004,0,0,1,31433.4,31439.4,61756,62026.6,0.586759,0.554917
14|783|14|783|sample|7|71|7|71|6.0,0.0064,54813.6,2,7,65466.9,572.004,0,0,1,31813.1,31819.2,58931.2,60309.6,-0.469001,-0.611695
14|783|14|783|sample|7|71|7|71|6.0,0.032,37951.2,3,7,65466.9,572.004,0,0,1,32102,32108.1,40476.4,44135.4,-0.41876,-0.940522
14|783|14|783|sample|7|71|7|71|6.0,0.16,14299.2,4,7,65466.9,572.004,0,0,1,32321.7,32327.9,11575.3,12475.6,1.57956,0.981136
14|783|14|783|sample|7|71|7|71|6.0,0.8,1840.32,5,7,65466.9,572.004,0,0,1,32321.7,32327.9,2151.93,2051.76,-0.971987,-0.691717
14|783|14|783|sample|7|71|7|71|6.0,4,763.2,6,7,65466.9,572.004,0,0,1,32102,32108.1,765.005,725.155,-0.0158402,0.352164
14|783|14|783|sample|7|71|7|71|6.0,20,651.672,7,7,65466.9,572.004,0,0,1,31813.1,31819.2,588.546,581.11,0.719947,0.815051
14|783|14|783|sample|7|71|7|71|6.0,100,652.968,8,7,65466.9,572.004,0,0,1,31433.4,31439.4,560.96,560.106,1.10094,1.11286
14|783|14|783|sample|8|71|8|71|6.0,0.00128,63050.4,1,8,65466.9,572.004,0,0,1,31433.4,31439.4,62188.3,62054.7,0.0930483,0.107702
14|783|14|783|sample|8|71|8|71|6.0,0.0064,58111.2,2,8,65466.9,572.004,0,0,1,31813.1,31819.2,61908.6,60644.2,-0.411722,-0.280363
14|783|14|783|sample|8|71|8|71|6.0,0.032,39211.2,3,8,65466.9,572.004,0,0,1,32102,32108.1,51841.8,46325.7,-1.63538,-1.03085
14|783|14|783|sample|8|71|8|71|6.0,0.16,16286.4,4,8,65466.9,572.004,0,0,1,32321.7,32327.9,17093.6,14549.2,-0.316987,0.801459
14|783|14|783|sample|8|71|8|71|6.0,0.8,2345.04,5,8,65466.9,572.004,0,0,1,32321.7,32327.9,2329.69,2431.91,0.0442335,-0.239776
14|783|14|783|sample|8|71|8|71|6.0,4,787.68,6,8,65466.9,572.004,0,0,1,32102,32108.1,714.881,772.698,0.683536,0.130148
14|783|14|783|sample|8|71|8|71|6.0,20,566.928,7,8,65466.9,572.004,0,0,1,31813.1,31819.2,576.63,586.708,-0.11294,-0.226297
14|783|14|783|sample|8|71|8|71|6.0,100,548.928,8,8,65466.9,572.004,0,0,1,31433.4,31439.4,559.061,560.752,-0.121663,-0.141537
14|783|14|783|sample|10|71|10|71|6.0,0.00128,76608,1,10,65466.9,572.004,0,0,1,31433.4,31439.4,62240,62258.3,1.54953,1.5471
14|783|14|783|sample|10|71|10|71|6.0,0.0064,70869.6,2,10,65466.9,572.004,0,0,1,31813.1,31819.2,62900,62862.4,0.850471,0.854993
14|783|14|783|sample|10|71|10|71|6.0,0.032,68104.8,3,10,65466.9,572.004,0,0,1,32102,32108.1,63093.6,62934.9,0.533127,0.551394
14|783|14|783|sample|10|71|10|71|6.0,0.16,65124,4,10,65466.9,572.004,0,0,1,32102,32108.1,61736.1,61312,0.368358,0.417329
14|783|14|783|sample|10|71|10|71|6.0,0.8,59119.2,5,10,65466.9,572.004,0,0,1,32102,32108.1,57303,56413.8,0.212739,0.3219
14|783|14|783|sample|10|71|10|71|6.0,4,42307.2,6,10,65466.9,572.004,0,0,1,32102,32108.1,45566.8,44479,-0.480168,-0.327746
14|783|14|783|sample|10|71|10|71|6.0,20,27712.8,7,10,65466.9,572.004,0,0,1,31813.1,31819.2,26122.4,25858.4,0.408654,0.481376
14|783|14|783|sample|10|71|10|71|6.0,100,11037.6,8,10,65466.9,572.004,0,0,1,31433.4,31439.4,10513.8,10922.3,0.334386,0.0708424
14|783|14|783|sample|9|71|9|71|6.0,0.00128,74160,1,9,65466.9,572.004,0,0,1,31433.4,31439.4,62242.5,62260.3,1.2852,1.28291
14|783|14|783|sample|9|71|9|71|6.0,0.0064,70380,2,9,65466.9,572.004,0,0,1,31813.1,31819.2,62910,62869.9,0.797026,0.801823
14|783|14|783|sample|9|71|9|71|6.0,0.032,62517.6,3,9,65466.9,572.004,0,0,1,32102,32108.1,63132.6,62962.1,-0.0653899,-0.0473834
14|783|14|783|sample|9|71|9|71|6.0,0.16,69746.4,4,9,65466.9,572.004,0,0,1,32321.7,32327.9,62311.4,61826.2,0.800919,0.859877
14|783|14|783|sample|9|71|9|71|6.0,0.8,56138.4,5,9,65466.9,572.004,0,0,1,32321.7,32327.9,58188.9,57089.9,-0.23653,-0.111877
14|783|14|783|sample|9|71|9|71|6.0,4,43509.6,6,9,65466.9,572.004,0,0,1,32102,32108.1,46755.7,45126.2,-0.466017,-0.240469
14|783|14|783|sample|9|71|9|71|6.0,20,28951.2,7,9,65466.9,572.004,0,0,1,31813.1,31819.2,27649.2,26648,0.316086,0.580137
14|783|14|783|sample|9|71|9|71|6.0,100,11426.4,8,9,65466.9,572.004,0,0,1,31433.4,31439.4,11434,11409,-0.00447609,0.0102661
14|783|14|783|sample|12|71|12|71|6.0,0.00128,56412,1,12,65466.9,572.004,0,0,1,31433.4,31439.4,61886.8,61783,-0.593802,-0.583523
14|783|14|783|sample|12|71|12|71|6.0,0.0064,44661.6,2,12,65466.9,572.004,0,0,1,31433.4,31439.4,56476,55214.1,-1.40418,-1.28285
14|783|14|783|sample|12|71|12|71|6.0,0.032,22356,3,12,65466.9,572.004,0,0,1,31433.4,31439.4,23618,21663.1,-0.358664,0.214696
14|783|14|783|sample|12|71|12|71|6.0,0.16,2838.96,4,12,65466.9,572.004,0,0,1,31433.4,31439.4,2756.33,2648.97,0.201226,0.481423
14|783|14|783|sample|12|71|12|71|6.0,0.8,601.272,5,12,65466.9,572.004,0,0,1,31433.4,31439.4,698.943,704.171,-0.937985,-0.980855
14|783|14|783|sample|12|71|12|71|6.0,4,473.256,6,12,65466.9,572.004,0,0,1,31433.4,31439.4,566.871,568.339,-1.10849,-1.12297
14|783|14|783|sample|12|71|12|71|6.0,20,409.608,7,12,65466.9,572.004,0,0,1,31433.4,31439.4,558.675,559.15,-1.79099,-1.79518
14|783|14|783|sample|12|71|12|71|6.0,100,416.808,8,12,65466.9,572.004,0,0,1,31433.4,31439.4,558.167,558.53,-1.69993,-1.70319
14|783|14|783|sample|11|71|11|71|6.0,0.00128,65894.4,1,11,65466.9,572.004,0,0,1,31433.4,31439.4,61831.1,61944.7,0.441106,0.427988
14|783|14|783|sample|11|71|11|71|6.0,0.0064,47419.2,2,11,65466.9,572.004,0,0,1,31813.1,31819.2,56470.5,57120.1,-1.07588,-1.13998
14|783|14|783|sample|11|71|11|71|6.0,0.032,23608.8,3,11,65466.9,572.004,0,0,1,31813.1,31819.2,22215.5,22800.7,0.420987,0.23791
14|783|14|783|sample|11|71|11|71|6.0,0.16,2632.32,4,11,65466.9,572.004,0,0,1,31813.1,31819.2,2565.87,2508.6,0.173826,0.331047
14|783|14|783|sample|11|71|11|71|6.0,0.8,606.096,5,11,65466.9,572.004,0,0,1,31813.1,31819.2,693.72,681.58,-0.847835,-0.743382
14|783|14|783|sample|11|71|11|71|6.0,4,537.696,6,11,65466.9,572.004,0,0,1,31813.1,31819.2,573.063,572.005,-0.414258,-0.402612
14|783|14|783|sample|11|71|11|71|6.0,20,480.6,7,11,65466.9,572.004,0,0,1,31813.1,31819.2,565.52,565.626,-1.00794,-1.009
14|783|14|783|sample|11|71|11|71|6.0,100,448.488,8,11,65466.9,572.004,0,0,1,31433.4,31439.4,558.164,558.508,-1.31894,-1.32225
14|783|14|783|cc|1|1|71|1|71|69.0,0,657.504,1,1,65466.9,572.004,0,1,0,nan,nan,544.168,544.511,1.39801,1.3929
14|783|14|783|cc|2|1|71|1|71|69.0,0,596.952,2,1,65466.9,572.004,0,1,0,nan,nan,544.168,544.511,0.651095,0.646459
14|783|14|783|cc|3|1|71|1|71|69.0,0,556.272,3,1,65466.9,572.004,0,1,0,nan,nan,544.168,544.511,0.149307,0.144986
14|783|14|783|cc|4|1|71|1|71|69.0,0,549.216,4,1,65466.9,572.004,0,1,0,nan,nan,544.168,544.511,0.062271,0.058005
14|783|14|783|cc|5|1|71|1|71|69.0,0,572.832,5,1,65466.9,572.004,0,1,0,nan,nan,544.168,544.511,0.353575,0.349125
14|783|14|783|cc|6|1|71|1|71|69.0,0,552.672,6,1,65466.9,572.004,0,1,0,nan,nan,544.168,544.511,0.104901,0.100608
14|783|14|783|cc|7|1|71|1|71|69.0,0,577.728,7,1,65466.9,572.004,0,1,0,nan,nan,544.168,544.511,0.413967,0.409479
14|783|14|783|cc|8|1|71|1|71|69.0,0,512.856,8,1,65466.9,572.004,0,1,0,nan,nan,544.168,544.511,-0.38623,-0.390214
14|783|14|783|vc|1|2|71|2|71|69.0,0,68788.8,1,2,65466.9,572.004,1,0,0,nan,nan,62281,62320.2,0.701378,0.69671
14|783|14|783|vc|2|2|71|2|71|69.0,0,70473.6,2,2,65466.9,572.004,1,0,0,nan,nan,63049.2,63073.1,0.790416,0.787573
14|783|14|783|vc|3|2|71|2|71|69.0,0,67924.8,3,2,65466.9,572.004,1,0,0,nan,nan,63049.2,63073.1,0.519067,0.516327
14|783|14|783|vc|4|2|71|2|71|69.0,0,68968.8,4,2,65466.9,572.004,1,0,0,nan,nan,63049.2,63073.1,0.630213,0.627431
14|783|14|783|vc|5|2|71|2|71|69.0,0,61610.4,5,2,65466.9,572.004,1,0,0,nan,nan,63049.2,63073.1,-0.153175,-0.15566
14|783|14|783|vc|6|2|71|2|71|69.0,0,63612,6,2,65466.9,572.004,1,0,0,nan,nan,63049.2,63073.1,0.0599191,0.0573532
14|783|14|783|vc|7|2|71|2|71|69.0,0,65966.4,7,2,65466.9,572.004,1,0,0,nan,nan,63049.2,63073.1,0.310572,0.307911
14|783|14|783|vc|8|2|71|2|71|69.0,0,56390.4,8,2,65466.9,572.004,1,0,0,nan,nan,62281,62320.2,-0.634856,-0.638683
14|491|14|491|sample|10|99|10|99|6.0,0.000042624,46100.6,1,10,49900.9875,254.219875,0,0,1,23873.2,23868.4,47442.5,47447.4,-0.189856,-0.190531
14|491|14|491|sample|10|99|10|99|6.0,0.00021312,58358.3,2,10,49900.9875,254.219875,0,0,1,24161.6,24157.9,47815.8,47639.5,1.47994,1.51025
14|491|14|491|sample|10|99|10|99|6.0,0.0010656,49385.7,3,10,49900.9875,254.219875,0,0,1,24381,24378.2,45984.8,44743.9,0.496429,0.696351
14|491|14|491|sample|10|99|10|99|6.0,0.005328,29975.4,4,10,49900.9875,254.219875,0,0,1,24381,24378.2,30222,27225,-0.0547747,0.678108
14|491|14|491|sample|10|99|10|99|6.0,0.02664,6151.6,5,10,49900.9875,254.219875,0,0,1,24381,24378.2,6460.54,6022.45,-0.320983,0.14394
14|491|14|491|sample|10|99|10|99|6.0,0.1332,676.403,6,10,49900.9875,254.219875,0,0,1,24381,24378.2,882.625,941.794,-1.56831,-1.89149
14|491|14|491|sample|10|99|10|99|6.0,0.666,423.514,7,10,49900.9875,254.219875,0,0,1,24161.6,24157.9,303.666,321.074,2.64916,2.1416
14|491|14|491|sample|10|99|10|99|6.0,3.33,334.516,8,10,49900.9875,254.219875,0,0,1,23873.2,23868.4,248.477,251.44,2.32423,2.21777
14|491|14|491|sample|9|99|9|99|6.0,0.000042624,41177.5,1,9,49900.9875,254.219875,0,0,1,23873.2,23868.4,47370.8,47437.3,-0.877572,-0.88575
14|491|14|491|sample|9|99|9|99|6.0,0.00021312,52388.7,2,9,49900.9875,254.219875,0,0,1,24161.6,24157.9,47341.7,47578.6,0.715589,0.678598
14|491|14|491|sample|9|99|9|99|6.0,0.0010656,46491.9,3,9,49900.9875,254.219875,0,0,1,24381,24378.2,43508.4,44501.9,0.460283,0.30015
14|491|14|491|sample|9|99|9|99|6.0,0.005328,31322.2,4,9,49900.9875,254.219875,0,0,1,24547.9,24545.7,26056.8,27392,1.3564,0.963074
14|491|14|491|sample|9|99|9|99|6.0,0.02664,6345.43,5,9,49900.9875,254.219875,0,0,1,24547.9,24545.7,6514.54,6401.58,-0.174242,-0.058872
14|491|14|491|sample|9|99|9|99|6.0,0.1332,794.885,6,9,49900.9875,254.219875,0,0,1,24381,24378.2,1164.01,1036.81,-2.12857,-1.56621
14|491|14|491|sample|9|99|9|99|6.0,0.666,427.518,7,9,49900.9875,254.219875,0,0,1,24161.6,24157.9,366.864,337.244,1.10976,1.79676
14|491|14|491|sample|9|99|9|99|6.0,3.33,336.973,8,9,49900.9875,254.219875,0,0,1,23873.2,23868.4,258.956,253.816,2.02225,2.19915
14|491|14|491|sample|12|99|12|99|6.0,0.000042624,41486.9,1,12,49900.9875,254.219875,0,0,1,23873.2,23868.4,47361.4,47353,-0.832567,-0.831527
14|491|14|491|sample|12|99|12|99|6.0,0.00021312,52406.9,2,12,49900.9875,254.219875,0,0,1,23873.2,23868.4,46951.5,46827.8,0.779914,0.799706
14|491|14|491|sample|12|99|12|99|6.0,0.0010656,49303.8,3,12,49900.9875,254.219875,0,0,1,23873.2,23868.4,44983.5,44462.8,0.644668,0.730815
14|491|14|491|sample|12|99|12|99|6.0,0.005328,36736.7,4,12,49900.9875,254.219875,0,0,1,23873.2,23868.4,37125.1,35802.4,-0.0702194,0.175169
14|491|14|491|sample|12|99|12|99|6.0,0.02664,18300.1,5,12,49900.9875,254.219875,0,0,1,23873.2,23868.4,19776,18576.8,-0.500959,-0.0999945
14|491|14|491|sample|12|99|12|99|6.0,0.1332,5950.49,6,12,49900.9875,254.219875,0,0,1,23873.2,23868.4,6024.48,5759.04,-0.0824369,0.223141
14|491|14|491|sample|12|99|12|99|6.0,0.666,1494.22,7,12,49900.9875,254.219875,0,0,1,23873.2,23868.4,1511.12,1510.27,-0.0750734,-0.0713264
14|491|14|491|sample|12|99|12|99|6.0,3.33,542.178,8,12,49900.9875,254.219875,0,0,1,23873.2,23868.4,499.594,513.301,0.572145,0.377614
14|491|14|491|sample|11|99|11|99|6.0,0.000042624,44171.4,1,11,49900.9875,254.219875,0,0,1,23873.2,23868.4,47352.7,47403.9,-0.450954,-0.457717
14|491|14|491|sample|11|99|11|99|6.0,0.00021312,56738.5,2,11,49900.9875,254.219875,0,0,1,24161.6,24157.9,47525.7,47628.3,1.30117,1.28391
14|491|14|491|sample|11|99|11|99|6.0,0.0010656,49103.6,3,11,49900.9875,254.219875,0,0,1,24161.6,24157.9,45666.2,45979.3,0.505246,0.456103
14|491|14|491|sample|11|99|11|99|6.0,0.005328,43780.1,4,11,49900.9875,254.219875,0,0,1,24161.6,24157.9,38549.7,39305.3,0.910717,0.764181
14|491|14|491|sample|11|99|11|99|6.0,0.02664,23277.8,5,11,49900.9875,254.219875,0,0,1,24161.6,24157.9,22257.7,23001.4,0.307641,0.0806638
14|491|14|491|sample|11|99|11|99|6.0,0.1332,7411.04,6,11,49900.9875,254.219875,0,0,1,24161.6,24157.9,7560.77,7708.53,-0.13293,-0.259045
14|491|14|491|sample|11|99|11|99|6.0,0.666,2003.82,7,11,49900.9875,254.219875,0,0,1,24161.6,24157.9,2007.11,1981.97,-0.0109952,0.073992
14|491|14|491|sample|11|99|11|99|6.0,3.33,644.735,8,11,49900.9875,254.219875,0,0,1,23873.2,23868.4,622.543,603.164,0.239272,0.462625
14|491|14|491|sample|4|99|4|99|44.0,0.000042624,35471.8,1,4,49900.9875,254.219875,0,0,1,23873.2,23964.7,47463.4,47493.1,-1.69586,-1.69901
14|491|14|491|sample|4|99|4|99|44.0,0.00021312,52725.4,2,4,49900.9875,254.219875,0,0,1,24161.6,24255.3,48049.1,48067.1,0.653268,0.650514
14|491|14|491|sample|4|99|4|99|44.0,0.0010656,53225.9,3,4,49900.9875,254.219875,0,0,1,24381,24476.4,48465.9,48474.8,0.659245,0.657893
14|491|14|491|sample|4|99|4|99|44.0,0.005328,47875.1,4,4,49900.9875,254.219875,0,0,1,24547.9,24644.7,48388.7,48376.7,-0.0712476,-0.0695972
14|491|14|491|sample|4|99|4|99|44.0,0.02664,39939.9,5,4,49900.9875,254.219875,0,0,1,24547.9,24644.7,43158.4,42998.8,-0.500567,-0.477512
14|491|14|491|sample|4|99|4|99|44.0,0.1332,18218.2,6,4,49900.9875,254.219875,0,0,1,24381,24476.4,17043.7,16759,0.462552,0.584444
14|491|14|491|sample|4|99|4|99|44.0,0.666,1977.43,7,4,49900.9875,254.219875,0,0,1,24161.6,24255.3,2140.63,2107.46,-0.511739,-0.41414
14|491|14|491|sample|4|99|4|99|44.0,3.33,617.344,8,4,49900.9875,254.219875,0,0,1,23873.2,23964.7,557.524,556.038,0.720209,0.740067
14|491|14|491|sample|3|99|3|99|44.0,0.000042624,38192.7,1,3,49900.9875,254.219875,0,0,1,23873.2,23964.7,47463.5,47493.2,-1.31108,-1.31446
14|491|14|491|sample|3|99|3|99|44.0,0.00021312,53999.4,2,3,49900.9875,254.219875,0,0,1,24161.6,24255.3,48050.4,48068.1,0.831043,0.828254
14|491|14|491|sample|3|99|3|99|44.0,0.0010656,53908.4,3,3,49900.9875,254.219875,0,0,1,24381,24476.4,48482.1,48488.2,0.751271,0.750329
14|491|14|491|sample|3|99|3|99|44.0,0.005328,47765.9,4,3,49900.9875,254.219875,0,0,1,24381,24476.4,48249.3,48206.5,-0.0672537,-0.0613547
14|491|14|491|sample|3|99|3|99|44.0,0.02664,42487.9,5,3,49900.9875,254.219875,0,0,1,24381,24476.4,44730.4,44197.7,-0.336507,-0.259667
14|491|14|491|sample|3|99|3|99|44.0,0.1332,20165.6,6,3,49900.9875,254.219875,0,0,1,24381,24476.4,20508.8,19371.1,-0.112341,0.275321
14|491|14|491|sample|3|99|3|99|44.0,0.666,2372.37,7,3,49900.9875,254.219875,0,0,1,24161.6,24255.3,2435.05,2341.8,-0.172774,0.0876232
14|491|14|491|sample|3|99|3|99|44.0,3.33,565.383,8,3,49900.9875,254.219875,0,0,1,23873.2,23964.7,560.734,560.805,0.0556559,0.0547998
14|491|14|491|sample|6|99|6|99|44.0,0.000042624,36154.3,1,6,49900.9875,254.219875,0,0,1,23873.2,23964.7,47441.3,47467.5,-1.59696,-1.59979
14|491|14|491|sample|6|99|6|99|44.0,0.00021312,48384.7,2,6,49900.9875,254.219875,0,0,1,24161.6,24255.3,47937.5,47941.6,0.0626124,0.0620316
14|491|14|491|sample|6|99|6|99|44.0,0.0010656,49121.8,3,6,49900.9875,254.219875,0,0,1,24381,24476.4,47921.6,47881.6,0.168111,0.173856
14|491|14|491|sample|6|99|6|99|44.0,0.005328,50359.4,4,6,49900.9875,254.219875,0,0,1,24547.9,24644.7,46036.5,45897.2,0.630305,0.652576
14|491|14|491|sample|6|99|6|99|44.0,0.02664,38638.6,5,6,49900.9875,254.219875,0,0,1,24547.9,24644.7,37358.5,37167.5,0.229991,0.265679
14|491|14|491|sample|6|99|6|99|44.0,0.1332,18918.9,6,6,49900.9875,254.219875,0,0,1,24381,24476.4,19108.8,19216.5,-0.0667015,-0.103948
14|491|14|491|sample|6|99|6|99|44.0,0.666,6082.44,7,6,49900.9875,254.219875,0,0,1,24161.6,24255.3,5746.47,5941.61,0.392444,0.1591
14|491|14|491|sample|6|99|6|99|44.0,3.33,1701.7,8,6,49900.9875,254.219875,0,0,1,23873.2,23964.7,1572.2,1655.29,0.552876,0.188181
14|491|14|491|sample|5|99|5|99|44.0,0.000042624,41359.5,1,5,49900.9875,254.219875,0,0,1,23873.2,23964.7,47436.9,47451.5,-0.859946,-0.861756
14|491|14|491|sample|5|99|5|99|44.0,0.00021312,49767.9,2,5,49900.9875,254.219875,0,0,1,24161.6,24255.3,47917.8,47875.1,0.259165,0.265379
14|491|14|491|sample|5|99|5|99|44.0,0.0010656,48857.9,3,5,49900.9875,254.219875,0,0,1,24381,24476.4,47837.7,47617.3,0.143145,0.174874
14|491|14|491|sample|5|99|5|99|44.0,0.005328,47119.8,4,5,49900.9875,254.219875,0,0,1,24547.9,24644.7,45717.4,44969,0.205898,0.321047
14|491|14|491|sample|5|99|5|99|44.0,0.02664,36381.8,5,5,49900.9875,254.219875,0,0,1,24547.9,24644.7,36532.7,34994.8,-0.0277198,0.266048
14|491|14|491|sample|5|99|5|99|44.0,0.1332,16953.3,6,5,49900.9875,254.219875,0,0,1,24381,24476.4,18324.3,17326.7,-0.502209,-0.144639
14|491|14|491|sample|5|99|5|99|44.0,0.666,5673.85,7,5,49900.9875,254.219875,0,0,1,24161.6,24255.3,5531.4,5448.4,0.172866,0.27775
14|491|14|491|sample|5|99|5|99|44.0,3.33,1630.72,8,5,49900.9875,254.219875,0,0,1,23873.2,23964.7,1546.3,1605.78,0.366471,0.104257
14|491|14|491|sample|7|99|7|99|63.0,0.000042624,35499.1,1,7,49900.9875,254.219875,0,0,1,23873.2,23902.6,47340.1,47427.7,-1.67892,-1.68823
14|491|14|491|sample|7|99|7|99|63.0,0.00021312,44253.3,2,7,49900.9875,254.219875,0,0,1,24161.6,24192.5,46834.4,47283.4,-0.369919,-0.430151
14|491|14|491|sample|7|99|7|99|63.0,0.0010656,33642.7,3,7,49900.9875,254.219875,0,0,1,24381,24413.1,38535.9,40437,-0.852317,-1.12782
14|491|14|491|sample|7|99|7|99|63.0,0.005328,15679.3,4,7,49900.9875,254.219875,0,0,1,24547.9,24580.9,13808.1,14514.7,0.909635,0.538583
14|491|14|491|sample|7|99|7|99|63.0,0.02664,1933.75,5,7,49900.9875,254.219875,0,0,1,24547.9,24580.9,2125.85,1934.22,-0.606553,-0.00162869
14|491|14|491|sample|7|99|7|99|63.0,0.1332,456.638,6,7,49900.9875,254.219875,0,0,1,24381,24413.1,504.696,456.11,-0.639155,0.00776805
14|491|14|491|sample|7|99|7|99|63.0,0.666,325.689,7,7,49900.9875,254.219875,0,0,1,24161.6,24192.5,334.204,327.112,-0.17102,-0.0291918
14|491|14|491|sample|7|99|7|99|63.0,3.33,292.383,8,7,49900.9875,254.219875,0,0,1,23873.2,23902.6,313.612,312.899,-0.454363,-0.440115
14|491|14|491|sample|8|99|8|99|63.0,0.000042624,40840.8,1,8,49900.9875,254.219875,0,0,1,23873.2,23902.6,47381.2,47451.2,-0.926559,-0.935089
14|491|14|491|sample|8|99|8|99|63.0,0.00021312,50404.9,2,8,49900.9875,254.219875,0,0,1,24161.6,24192.5,47119.5,47501.8,0.468013,0.41023
14|491|14|491|sample|8|99|8|99|63.0,0.0010656,39821.6,3,8,49900.9875,254.219875,0,0,1,24381,24413.1,39595.8,41791,0.0382817,-0.316325
14|491|14|491|sample|8|99|8|99|63.0,0.005328,16543.8,4,8,49900.9875,254.219875,0,0,1,24547.9,24580.9,13872.3,15576,1.29264,0.417041
14|491|14|491|sample|8|99|8|99|63.0,0.02664,1856.4,5,8,49900.9875,254.219875,0,0,1,24547.9,24580.9,1918.16,1919,-0.216107,-0.218966
14|491|14|491|sample|8|99|8|99|63.0,0.1332,467.194,6,8,49900.9875,254.219875,0,0,1,24381,24413.1,462.216,440.223,0.0722839,0.411236
14|491|14|491|sample|8|99|8|99|63.0,0.666,353.808,7,8,49900.9875,254.219875,0,0,1,24161.6,24192.5,328.167,324.719,0.524456,0.601295
14|491|14|491|sample|8|99|8|99|63.0,3.33,309.764,8,8,49900.9875,254.219875,0,0,1,23873.2,23902.6,312.858,312.624,-0.0663765,-0.0613978
14|491|14|491|cc|1|1|99|1|99|69.0,0,227.591,1,1,49900.9875,254.219875,0,1,0,nan,nan,241.802,241.954,-0.394501,-0.39846
14|491|14|491|cc|2|1|99|1|99|69.0,0,260.442,2,1,49900.9875,254.219875,0,1,0,nan,nan,241.802,241.954,0.517427,0.512897
14|491|14|491|cc|3|1|99|1|99|69.0,0,264.992,3,1,49900.9875,254.219875,0,1,0,nan,nan,241.802,241.954,0.643733,0.639123
14|491|14|491|cc|4|1|99|1|99|69.0,0,244.335,4,1,49900.9875,254.219875,0,1,0,nan,nan,241.802,241.954,0.0703042,0.0660541
14|491|14|491|cc|5|1|99|1|99|69.0,0,253.253,5,1,49900.9875,254.219875,0,1,0,nan,nan,241.802,241.954,0.317864,0.313458
14|491|14|491|cc|6|1|99|1|99|69.0,0,262.808,6,1,49900.9875,254.219875,0,1,0,nan,nan,241.802,241.954,0.583106,0.578534
14|491|14|491|cc|7|1|99|1|99|69.0,0,249.795,7,1,49900.9875,254.219875,0,1,0,nan,nan,241.802,241.954,0.221871,0.217526
14|491|14|491|cc|8|1|99|1|99|69.0,0,270.543,8,1,49900.9875,254.219875,0,1,0,nan,nan,241.802,241.954,0.797826,0.79312
14|491|14|491|vc|1|2|99|2|99|69.0,0,42023.8,1,2,49900.9875,254.219875,1,0,0,nan,nan,47463.5,47493.3,-0.769292,-0.773016
14|491|14|491|vc|2|2|99|2|99|69.0,0,56483.7,2,2,49900.9875,254.219875,1,0,0,nan,nan,48051.3,48069.4,1.17793,1.17496
14|491|14|491|vc|3|2|99|2|99|69.0,0,54518.1,3,2,49900.9875,254.219875,1,0,0,nan,nan,48051.3,48069.4,0.903357,0.900492
14|491|14|491|vc|4|2|99|2|99|69.0,0,52652.6,4,2,49900.9875,254.219875,1,0,0,nan,nan,48051.3,48069.4,0.642763,0.639997
14|491|14|491|vc|5|2|99|2|99|69.0,0,47975.2,5,2,49900.9875,254.219875,1,0,0,nan,nan,48051.3,48069.4,-0.010626,-0.013147
14|491|14|491|vc|6|2|99|2|99|69.0,0,53107.6,6,2,49900.9875,254.219875,1,0,0,nan,nan,48051.3,48069.4,0.706323,0.703532
14|491|14|491|vc|7|2|99|2|99|69.0,0,50341.2,7,2,49900.9875,254.219875,1,0,0,nan,nan,48051.3,48069.4,0.319882,0.317237
14|491|14|491|vc|8|2|99|2|99|69.0,0,42105.7,8,2,49900.9875,254.219875,1,0,0,nan,nan,47463.5,47493.3,-0.75771,-0.761441
14|433|14|433|sample|4|99|4|99|6.0,0.0004262399999999,18573.6,1,4,65832.0875,335.306375,0,0,1,31494.5,31495.1,54908.1,56402.6,-4.44176,-4.50193
14|433|14|433|sample|4|99|4|99|6.0,0.0021311999999999,25709.1,2,4,65832.0875,335.306375,0,0,1,31875,31876,43446.5,45692.5,-2.74036,-2.9356
14|433|14|433|sample|4|99|4|99|6.0,0.0106559999999999,25041.7,3,4,65832.0875,335.306375,0,0,1,32164.4,32165.6,25649.7,27223.2,-0.159105,-0.537887
14|433|14|433|sample|4|99|4|99|6.0,0.0532799999999999,14086.4,4,4,65832.0875,335.306375,0,0,1,32384.6,32385.8,11097.4,11414.2,1.80795,1.57142
14|433|14|433|sample|4|99|4|99|6.0,0.2663999999999999,4147.11,5,4,65832.0875,335.306375,0,0,1,32384.6,32385.8,4055.53,3944.67,0.151575,0.344469
14|433|14|433|sample|4|99|4|99|6.0,1.332,1302.85,6,4,65832.0875,335.306375,0,0,1,32164.4,32165.6,1506.03,1396.94,-0.905553,-0.452126
14|433|14|433|sample|4|99|4|99|6.0,6.66,645.816,7,4,65832.0875,335.306375,0,0,1,31875,31876,686.092,631.251,-0.394033,0.15487
14|433|14|433|sample|4|99|4|99|6.0,33.3,320.139,8,4,65832.0875,335.306375,0,0,1,31494.5,31495.1,430.173,407.668,-1.71694,-1.44118
14|433|14|433|sample|3|99|3|99|6.0,0.0004262399999999,26170.6,1,3,65832.0875,335.306375,0,0,1,31494.5,31495.1,61436.7,60801.5,-3.85303,-3.82316
14|433|14|433|sample|3|99|3|99|6.0,0.0021311999999999,45518.1,2,3,65832.0875,335.306375,0,0,1,31875,31876,57344.4,55102.2,-1.3843,-1.16749
14|433|14|433|sample|3|99|3|99|6.0,0.0106559999999999,34442.1,3,3,65832.0875,335.306375,0,0,1,32164.4,32165.6,40663.8,36757.7,-1.027,-0.42285
14|433|14|433|sample|3|99|3|99|6.0,0.0532799999999999,16500.4,4,3,65832.0875,335.306375,0,0,1,32164.4,32165.6,15678,13932.5,0.352087,1.23717
14|433|14|433|sample|3|99|3|99|6.0,0.2663999999999999,3434.27,5,3,65832.0875,335.306375,0,0,1,32164.4,32165.6,3839.28,3659.48,-0.708095,-0.413085
14|433|14|433|sample|3|99|3|99|6.0,1.332,949.98,6,3,65832.0875,335.306375,0,0,1,32164.4,32165.6,1003.22,1034.13,-0.356216,-0.546209
14|433|14|433|sample|3|99|3|99|6.0,6.66,539.103,7,3,65832.0875,335.306375,0,0,1,31875,31876,448.619,468.202,1.35384,1.01647
14|433|14|433|sample|3|99|3|99|6.0,33.3,314.246,8,3,65832.0875,335.306375,0,0,1,31494.5,31495.1,343.128,349.646,-0.565,-0.679591
14|433|14|433|sample|6|99|6|99|6.0,0.0004262399999999,65149.6,1,6,65832.0875,335.306375,0,0,1,31494.5,31495.1,62614.9,62646.7,0.271718,0.268174
14|433|14|433|sample|6|99|6|99|6.0,0.0021311999999999,73130,2,6,65832.0875,335.306375,0,0,1,31875,31876,63310.1,63295.2,1.04114,1.04296
14|433|14|433|sample|6|99|6|99|6.0,0.0106559999999999,74976,3,6,65832.0875,335.306375,0,0,1,32164.4,32165.6,63417.7,63243.4,1.22337,1.24524
14|433|14|433|sample|6|99|6|99|6.0,0.0532799999999999,61429.2,4,6,65832.0875,335.306375,0,0,1,32384.6,32385.8,61058.6,60270.9,0.0407423,0.128997
14|433|14|433|sample|6|99|6|99|6.0,0.2663999999999999,40541,5,6,65832.0875,335.306375,0,0,1,32384.6,32385.8,48140.4,46100.5,-1.0596,-0.809473
14|433|14|433|sample|6|99|6|99|6.0,1.332,19603.1,6,6,65832.0875,335.306375,0,0,1,32164.4,32165.6,20934.9,19578.1,-0.427007,0.00855636
14|433|14|433|sample|6|99|6|99|6.0,6.66,5439.31,7,6,65832.0875,335.306375,0,0,1,31875,31876,4892.71,4740.41,0.74988,0.989633
14|433|14|433|sample|6|99|6|99|6.0,33.3,1010.33,8,6,65832.0875,335.306375,0,0,1,31494.5,31495.1,1104.14,1124.86,-0.570278,-0.683449
14|433|14|433|sample|5|99|5|99|6.0,0.0004262399999999,40661.7,1,5,65832.0875,335.306375,0,0,1,31494.5,31495.1,62586.1,62605.6,-2.35138,-2.35273
14|433|14|433|sample|5|99|5|99|6.0,0.0021311999999999,50843.1,2,5,65832.0875,335.306375,0,0,1,31875,31876,63170.1,63112.7,-1.30984,-1.30493
14|433|14|433|sample|5|99|5|99|6.0,0.0106559999999999,60903.8,3,5,65832.0875,335.306375,0,0,1,32164.4,32165.6,62769.2,62481.9,-0.199478,-0.169534
14|433|14|433|sample|5|99|5|99|6.0,0.0532799999999999,53569.5,4,5,65832.0875,335.306375,0,0,1,32384.6,32385.8,58447.7,57591.5,-0.560225,-0.468767
14|433|14|433|sample|5|99|5|99|6.0,0.2663999999999999,35528.4,5,5,65832.0875,335.306375,0,0,1,32384.6,32385.8,41878.7,40789.7,-1.01782,-0.865788
14|433|14|433|sample|5|99|5|99|6.0,1.332,17671.9,6,5,65832.0875,335.306375,0,0,1,32164.4,32165.6,16816.4,16838.5,0.341464,0.332234
14|433|14|433|sample|5|99|5|99|6.0,6.66,5317.19,7,5,65832.0875,335.306375,0,0,1,31875,31876,4248.13,4543,1.68919,1.14387
14|433|14|433|sample|5|99|5|99|6.0,33.3,1019.56,8,5,65832.0875,335.306375,0,0,1,31494.5,31495.1,1095.05,1221.6,-0.462742,-1.11016
14|433|14|433|sample|8|99|8|99|6.0,0.0004262399999999,61280.1,1,8,65832.0875,335.306375,0,0,1,31494.5,31495.1,61905.2,61826.8,-0.0677784,-0.0593506
14|433|14|433|sample|8|99|8|99|6.0,0.0021311999999999,55891.2,2,8,65832.0875,335.306375,0,0,1,31875,31876,57051.5,56400.6,-0.136509,-0.0606213
14|433|14|433|sample|8|99|8|99|6.0,0.0106559999999999,30586.8,3,8,65832.0875,335.306375,0,0,1,32164.4,32165.6,31151.5,29997.9,-0.12167,0.131763
14|433|14|433|sample|8|99|8|99|6.0,0.0532799999999999,6215.34,4,8,65832.0875,335.306375,0,0,1,32384.6,32385.8,6086.19,5913.1,0.142438,0.343093
14|433|14|433|sample|8|99|8|99|6.0,0.2663999999999999,927.26,5,8,65832.0875,335.306375,0,0,1,32384.6,32385.8,987.682,991.6,-0.410632,-0.435528
14|433|14|433|sample|8|99|8|99|6.0,1.332,454.755,6,8,65832.0875,335.306375,0,0,1,32164.4,32165.6,396.833,400.126,0.97974,0.916436
14|433|14|433|sample|8|99|8|99|6.0,6.66,339.522,7,8,65832.0875,335.306375,0,0,1,31875,31876,331.751,332.516,0.157225,0.141425
14|433|14|433|sample|8|99|8|99|6.0,33.3,323.334,8,8,65832.0875,335.306375,0,0,1,31494.5,31495.1,321.319,321.621,0.0420911,0.035755
14|433|14|433|sample|7|99|7|99|6.0,0.0004262399999999,54883,1,7,65832.0875,335.306375,0,0,1,31494.5,31495.1,62521.3,62492.3,-0.820052,-0.817318
14|433|14|433|sample|7|99|7|99|6.0,0.0021311999999999,56111.3,2,7,65832.0875,335.306375,0,0,1,31875,31876,61431.7,60656.9,-0.581331,-0.503013
14|433|14|433|sample|7|99|7|99|6.0,0.0106559999999999,33270.6,3,7,65832.0875,335.306375,0,0,1,32164.4,32165.6,40217.8,36918.4,-1.15948,-0.663222
14|433|14|433|sample|7|99|7|99|6.0,0.0532799999999999,5974.65,4,7,65832.0875,335.306375,0,0,1,32384.6,32385.8,5668.61,5287.36,0.362393,0.872518
14|433|14|433|sample|7|99|7|99|6.0,0.2663999999999999,577.869,5,7,65832.0875,335.306375,0,0,1,32384.6,32385.8,643.564,661.432,-0.685191,-0.84801
14|433|14|433|sample|7|99|7|99|6.0,1.332,365.011,6,7,65832.0875,335.306375,0,0,1,32164.4,32165.6,344.477,348.13,0.400112,0.325493
14|433|14|433|sample|7|99|7|99|6.0,6.66,424.367,7,7,65832.0875,335.306375,0,0,1,31875,31876,325.436,325.913,2.0405,2.02771
14|433|14|433|sample|7|99|7|99|6.0,33.3,281.373,8,7,65832.0875,335.306375,0,0,1,31494.5,31495.1,320.618,320.848,-0.821609,-0.825845
14|433|14|433|sample|10|99|10|99|6.0,0.0004262399999999,31360.7,1,10,65832.0875,335.306375,0,0,1,31494.5,31495.1,62553,62590.5,-3.34712,-3.34914
14|433|14|433|sample|10|99|10|99|6.0,0.0021311999999999,58816.4,2,10,65832.0875,335.306375,0,0,1,31875,31876,62818.2,62830.3,-0.427609,-0.42881
14|433|14|433|sample|10|99|10|99|6.0,0.0106559999999999,57680.4,3,10,65832.0875,335.306375,0,0,1,32164.4,32165.6,59776.4,59727.9,-0.235362,-0.230102
14|433|14|433|sample|10|99|10|99|6.0,0.0532799999999999,37750.7,4,10,65832.0875,335.306375,0,0,1,32164.4,32165.6,41757.9,41610.2,-0.644126,-0.622588
14|433|14|433|sample|10|99|10|99|6.0,0.2663999999999999,13788.2,5,10,65832.0875,335.306375,0,0,1,32164.4,32165.6,12901.9,12842.9,0.461093,0.494052
14|433|14|433|sample|10|99|10|99|6.0,1.332,2433.88,6,10,65832.0875,335.306375,0,0,1,32164.4,32165.6,2331.93,2329.61,0.293443,0.300438
14|433|14|433|sample|10|99|10|99|6.0,6.66,591.785,7,10,65832.0875,335.306375,0,0,1,31875,31876,594.206,595.297,-0.0273488,-0.0396032
14|433|14|433|sample|10|99|10|99|6.0,33.3,301.324,8,10,65832.0875,335.306375,0,0,1,31494.5,31495.1,355.884,356.388,-1.02906,-1.03709
14|433|14|433|sample|9|99|9|99|6.0,0.0004262399999999,46568.9,1,9,65832.0875,335.306375,0,0,1,31494.5,31495.1,62352.1,62471.6,-1.69909,-1.70868
14|433|14|433|sample|9|99|9|99|6.0,0.0021311999999999,57119.5,2,9,65832.0875,335.306375,0,0,1,31875,31876,61826.8,62217.2,-0.511053,-0.54997
14|433|14|433|sample|9|99|9|99|6.0,0.0106559999999999,58440.1,3,9,65832.0875,335.306375,0,0,1,32164.4,32165.6,55845.8,57177.7,0.311817,0.148203
14|433|14|433|sample|9|99|9|99|6.0,0.0532799999999999,38737.6,4,9,65832.0875,335.306375,0,0,1,32384.6,32385.8,35179.4,37231.1,0.67892,0.271595
14|433|14|433|sample|9|99|9|99|6.0,0.2663999999999999,12354,5,9,65832.0875,335.306375,0,0,1,32384.6,32385.8,11374.5,11926.2,0.57802,0.240753
14|433|14|433|sample|9|99|9|99|6.0,1.332,2364.3,6,9,65832.0875,335.306375,0,0,1,32164.4,32165.6,2561.84,2537.65,-0.517578,-0.458517
14|433|14|433|sample|9|99|9|99|6.0,6.66,789.52,7,9,65832.0875,335.306375,0,0,1,31875,31876,722.911,691.942,0.618477,0.946578
14|433|14|433|sample|9|99|9|99|6.0,33.3,317.938,8,9,65832.0875,335.306375,0,0,1,31494.5,31495.1,389.694,380.151,-1.23596,-1.0985
14|433|14|433|sample|11|99|11|99|6.0,0.0004262399999999,43515.9,1,11,65832.0875,335.306375,0,0,1,31494.5,31495.1,62521.9,62583.2,-2.04047,-2.04505
14|433|14|433|sample|11|99|11|99|6.0,0.0021311999999999,62373.5,2,11,65832.0875,335.306375,0,0,1,31875,31876,62858.1,62976.2,-0.0517512,-0.0642355
14|433|14|433|sample|11|99|11|99|6.0,0.0106559999999999,67521,3,11,65832.0875,335.306375,0,0,1,31875,31876,60760.7,61150.1,0.746825,0.699316
14|433|14|433|sample|11|99|11|99|6.0,0.0532799999999999,55564.6,4,11,65832.0875,335.306375,0,0,1,31875,31876,52056.9,53145.5,0.452292,0.305533
14|433|14|433|sample|11|99|11|99|6.0,0.2663999999999999,31311,5,11,65832.0875,335.306375,0,0,1,31875,31876,30359.7,31686.3,0.210323,-0.0795067
14|433|14|433|sample|11|99|11|99|6.0,1.332,10174.3,6,11,65832.0875,335.306375,0,0,1,31875,31876,10001.5,10401.2,0.115998,-0.146406
14|433|14|433|sample|11|99|11|99|6.0,6.66,2837.16,7,11,65832.0875,335.306375,0,0,1,31875,31876,2523.86,2549.6,0.833245,0.757061
14|433|14|433|sample|11|99|11|99|6.0,33.3,710.71,8,11,65832.0875,335.306375,0,0,1,31494.5,31495.1,766.118,755.97,-0.485452,-0.40187
14|433|14|433|sample|12|99|12|99|6.0,0.0004262399999999,65518.8,1,12,65832.0875,335.306375,0,0,1,31494.5,31495.1,62271.8,62290.8,0.350001,0.347845
14|433|14|433|sample|12|99|12|99|6.0,0.0021311999999999,57069.8,2,12,65832.0875,335.306375,0,0,1,31494.5,31495.1,61182.5,61148.4,-0.4512,-0.447716
14|433|14|433|sample|12|99|12|99|6.0,0.0106559999999999,51766.1,3,12,65832.0875,335.306375,0,0,1,31494.5,31495.1,57077.4,56881.6,-0.62461,-0.603657
14|433|14|433|sample|12|99|12|99|6.0,0.0532799999999999,43111.2,4,12,65832.0875,335.306375,0,0,1,31494.5,31495.1,44750.5,44266.3,-0.24588,-0.17516
14|433|14|433|sample|12|99|12|99|6.0,0.2663999999999999,23955.4,5,12,65832.0875,335.306375,0,0,1,31494.5,31495.1,23786.3,23295.7,0.0477128,0.190091
14|433|14|433|sample|12|99|12|99|6.0,1.332,8768.5,6,12,65832.0875,335.306375,0,0,1,31494.5,31495.1,8299.62,8101.28,0.379203,0.552822
14|433|14|433|sample|12|99|12|99|6.0,6.66,2399.8,7,12,65832.0875,335.306375,0,0,1,31494.5,31495.1,2468.51,2419.93,-0.186829,-0.055826
14|433|14|433|sample|12|99|12|99|6.0,33.3,844.9,8,12,65832.0875,335.306375,0,0,1,31494.5,31495.1,856.734,847.102,-0.0927154,-0.0174446
14|433|14|433|cc|1|1|99|1|99|69.0,0,319.642,1,1,65832.0875,335.306375,0,1,0,nan,nan,318.997,319.198,0.0135775,0.00934251
14|433|14|433|cc|2|1|99|1|99|69.0,0,340.374,2,1,65832.0875,335.306375,0,1,0,nan,nan,318.997,319.198,0.449819,0.44531
14|433|14|433|cc|3|1|99|1|99|69.0,0,348.752,3,1,65832.0875,335.306375,0,1,0,nan,nan,318.997,319.198,0.626109,0.621488
14|433|14|433|cc|4|1|99|1|99|69.0,0,338.741,4,1,65832.0875,335.306375,0,1,0,nan,nan,318.997,319.198,0.415458,0.41097
14|433|14|433|cc|5|1|99|1|99|69.0,0,329.724,5,1,65832.0875,335.306375,0,1,0,nan,nan,318.997,319.198,0.225723,0.221354
14|433|14|433|cc|6|1|99|1|99|69.0,0,337.818,6,1,65832.0875,335.306375,0,1,0,nan,nan,318.997,319.198,0.396036,0.39156
14|433|14|433|cc|7|1|99|1|99|69.0,0,329.582,7,1,65832.0875,335.306375,0,1,0,nan,nan,318.997,319.198,0.222735,0.218368
14|433|14|433|cc|8|1|99|1|99|69.0,0,337.818,8,1,65832.0875,335.306375,0,1,0,nan,nan,318.997,319.198,0.396036,0.39156
14|433|14|433|vc|1|2|99|2|99|69.0,0,52327,1,2,65832.0875,335.306375,1,0,0,nan,nan,62629.9,62669.4,-1.10421,-1.10774
14|433|14|433|vc|2|2|99|2|99|69.0,0,69473.5,2,2,65832.0875,335.306375,1,0,0,nan,nan,63403.2,63427.3,0.642641,0.639854
14|433|14|433|vc|3|2|99|2|99|69.0,0,77603,3,2,65832.0875,335.306375,1,0,0,nan,nan,63403.2,63427.3,1.50329,1.50017
14|433|14|433|vc|4|2|99|2|99|69.0,0,71994,4,2,65832.0875,335.306375,1,0,0,nan,nan,63403.2,63427.3,0.909479,0.906591
14|433|14|433|vc|5|2|99|2|99|69.0,0,73840,5,2,65832.0875,335.306375,1,0,0,nan,nan,63403.2,63427.3,1.10491,1.10195
14|433|14|433|vc|6|2|99|2|99|69.0,0,76183,6,2,65832.0875,335.306375,1,0,0,nan,nan,63403.2,63427.3,1.35296,1.3499
14|433|14|433|vc|7|2|99|2|99|69.0,0,65071.5,7,2,65832.0875,335.306375,1,0,0,nan,nan,63403.2,63427.3,0.176614,0.174004
14|433|14|433|vc|8|2|99|2|99|69.0,0,40164.7,8,2,65832.0875,335.306375,1,0,0,nan,nan,62629.9,62669.4,-2.4077,-2.41041
14|297|14|297|sample|3|71|3|71|6.0,0.0004262399999999,55309,1,3,70106.2875,362.242,0,0,1,33541.7,33547.8,66538.5,66578.6,-1.13282,-1.13618
14|297|14|297|sample|3|71|3|71|6.0,0.0021311999999999,72491,2,3,70106.2875,362.242,0,0,1,33946.9,33953,66807.7,66823.4,0.571015,0.569307
14|297|14|297|sample|3|71|3|71|6.0,0.0106559999999999,70659.2,3,3,70106.2875,362.242,0,0,1,34255.2,34261.3,65017.6,64984.7,0.582425,0.586128
14|297|14|297|sample|3|71|3|71|6.0,0.0532799999999999,52476.1,4,3,70106.2875,362.242,0,0,1,34255.2,34261.3,55983.4,55818.5,-0.420515,-0.401938
14|297|14|297|sample|3|71|3|71|6.0,0.2663999999999999,29912.3,5,3,70106.2875,362.242,0,0,1,34255.2,34261.3,34441.3,34116.5,-0.882669,-0.827165
14|297|14|297|sample|3|71|3|71|6.0,1.332,13830.8,6,3,70106.2875,362.242,0,0,1,34255.2,34261.3,12746.8,12532.6,0.57082,0.695322
14|297|14|297|sample|3|71|3|71|6.0,6.66,3814.83,7,3,70106.2875,362.242,0,0,1,33946.9,33953,3524.3,3455.36,0.553339,0.698293
14|297|14|297|sample|3|71|3|71|6.0,33.3,936.49,8,3,70106.2875,362.242,0,0,1,33541.7,33547.8,1075.11,1057.89,-0.865433,-0.770263
14|297|14|297|sample|4|71|4|71|6.0,0.0004262399999999,51006.4,1,4,70106.2875,362.242,0,0,1,33541.7,33547.8,66554.9,66548.4,-1.56813,-1.56762
14|297|14|297|sample|4|71|4|71|6.0,0.0021311999999999,75118,2,4,70106.2875,362.242,0,0,1,33946.9,33953,66878,66722.7,0.827022,0.844565
14|297|14|297|sample|4|71|4|71|6.0,0.0106559999999999,72491,3,4,70106.2875,362.242,0,0,1,34255.2,34261.3,65301.3,64703.5,0.739034,0.807869
14|297|14|297|sample|4|71|4|71|6.0,0.0532799999999999,54251.1,4,4,70106.2875,362.242,0,0,1,34489.7,34495.9,57286.1,55724.5,-0.355619,-0.177482
14|297|14|297|sample|4|71|4|71|6.0,0.2663999999999999,30025.9,5,4,70106.2875,362.242,0,0,1,34489.7,34495.9,36179.3,34297.8,-1.14164,-0.836035
14|297|14|297|sample|4|71|4|71|6.0,1.332,13404.8,6,4,70106.2875,362.242,0,0,1,34255.2,34261.3,13599.2,12937.5,-0.0959658,0.242444
14|297|14|297|sample|4|71|4|71|6.0,6.66,4392.77,7,4,70106.2875,362.242,0,0,1,33946.9,33953,3762.18,3710.15,1.12508,1.23497
14|297|14|297|sample|4|71|4|71|6.0,33.3,942.88,8,4,70106.2875,362.242,0,0,1,33541.7,33547.8,1126.8,1150.86,-1.09562,-1.21301
14|297|14|297|sample|5|71|5|71|6.0,0.0004262399999999,54400.2,1,5,70106.2875,362.242,0,0,1,33541.7,33547.8,66513.6,66625.9,-1.22244,-1.2317
14|297|14|297|sample|5|71|5|71|6.0,0.0021311999999999,68948.1,2,5,70106.2875,362.242,0,0,1,33946.9,33953,65534.4,66149.4,0.349649,0.283988
14|297|14|297|sample|5|71|5|71|6.0,0.0106559999999999,55351.6,3,5,70106.2875,362.242,0,0,1,34255.2,34261.3,51015.7,53817.4,0.570485,0.191346
14|297|14|297|sample|5|71|5|71|6.0,0.0532799999999999,17331.1,4,5,70106.2875,362.242,0,0,1,34489.7,34495.9,14714,15890.8,1.19388,0.608389
14|297|14|297|sample|5|71|5|71|6.0,0.2663999999999999,1604.6,5,5,70106.2875,362.242,0,0,1,34489.7,34495.9,1965.11,1919.34,-1.23142,-1.10072
14|297|14|297|sample|5|71|5|71|6.0,1.332,594.909,6,5,70106.2875,362.242,0,0,1,34255.2,34261.3,512.109,490.629,1.08528,1.42667
14|297|14|297|sample|5|71|5|71|6.0,6.66,373.886,7,5,70106.2875,362.242,0,0,1,33946.9,33953,376.024,372.875,-0.0381642,0.0181947
14|297|14|297|sample|5|71|5|71|6.0,33.3,516.383,8,5,70106.2875,362.242,0,0,1,33541.7,33547.8,359.738,359.566,2.92282,2.92744
14|297|14|297|sample|6|71|6|71|6.0,0.0004262399999999,58844.8,1,6,70106.2875,362.242,0,0,1,33541.7,33547.8,66664.7,66697.5,-0.78737,-0.790284
14|297|14|297|sample|6|71|6|71|6.0,0.0021311999999999,70254.5,2,6,70106.2875,362.242,0,0,1,33946.9,33953,66994.4,66882.4,0.326639,0.338424
14|297|14|297|sample|6|71|6|71|6.0,0.0106559999999999,54833.3,3,6,70106.2875,362.242,0,0,1,34255.2,34261.3,60028.8,58475.7,-0.580957,-0.418102
14|297|14|297|sample|6|71|6|71|6.0,0.0532799999999999,19312,4,6,70106.2875,362.242,0,0,1,34489.7,34495.9,20706.2,18354.9,-0.45195,0.349991
14|297|14|297|sample|6|71|6|71|6.0,0.2663999999999999,1794.17,5,6,70106.2875,362.242,0,0,1,34489.7,34495.9,2001.14,1794.24,-0.694228,-0.000279603
14|297|14|297|sample|6|71|6|71|6.0,1.332,462.352,6,6,70106.2875,362.242,0,0,1,34255.2,34261.3,462.082,452.509,0.00392603,0.146012
14|297|14|297|sample|6|71|6|71|6.0,6.66,367.567,7,6,70106.2875,362.242,0,0,1,33946.9,33953,368.485,368.231,-0.0167213,-0.0121024
14|297|14|297|sample|6|71|6|71|6.0,33.3,426.71,8,6,70106.2875,362.242,0,0,1,33541.7,33547.8,358.893,359.106,1.26837,1.26363
14|297|14|297|sample|8|71|8|71|6.0,0.0004262399999999,61294.3,1,8,70106.2875,362.242,0,0,1,33541.7,33547.8,66694.8,66736.8,-0.543515,-0.547399
14|297|14|297|sample|8|71|8|71|6.0,0.0021311999999999,72846,2,8,70106.2875,362.242,0,0,1,33946.9,33953,67517.2,67542.1,0.529765,0.527096
14|297|14|297|sample|8|71|8|71|6.0,0.0106559999999999,68756.4,3,8,70106.2875,362.242,0,0,1,34255.2,34261.3,68123.7,68087.2,0.062344,0.0659763
14|297|14|297|sample|8|71|8|71|6.0,0.0532799999999999,42181.1,4,8,70106.2875,362.242,0,0,1,34489.7,34495.9,65776.3,63167.3,-2.40783,-2.23005
14|297|14|297|sample|8|71|8|71|6.0,0.2663999999999999,9130.6,5,8,70106.2875,362.242,0,0,1,34489.7,34495.9,8776.58,8495.04,0.270755,0.502188
14|297|14|297|sample|8|71|8|71|6.0,1.332,410.451,6,8,70106.2875,362.242,0,0,1,34255.2,34261.3,424.386,473.83,-0.220407,-0.897829
14|297|14|297|sample|8|71|8|71|6.0,6.66,337.889,7,8,70106.2875,362.242,0,0,1,33946.9,33953,363.354,364.392,-0.470419,-0.488201
14|297|14|297|sample|8|71|8|71|6.0,33.3,468.103,8,8,70106.2875,362.242,0,0,1,33541.7,33547.8,358.582,358.821,2.05012,2.0443
14|297|14|297|sample|7|71|7|71|6.0,0.0004262399999999,64979.2,1,7,70106.2875,362.242,0,0,1,33541.7,33547.8,66694.8,66736.7,-0.172658,-0.17677
14|297|14|297|sample|7|71|7|71|6.0,0.0021311999999999,77106,2,7,70106.2875,362.242,0,0,1,33946.9,33953,67517.3,67539.2,0.953273,0.950792
14|297|14|297|sample|7|71|7|71|6.0,0.0106559999999999,70815.4,3,7,70106.2875,362.242,0,0,1,34255.2,34261.3,68128.3,67940.8,0.264746,0.284005
14|297|14|297|sample|7|71|7|71|6.0,0.0532799999999999,42557.4,4,7,70106.2875,362.242,0,0,1,34489.7,34495.9,65778.9,58202.1,-2.3696,-1.80427
14|297|14|297|sample|7|71|7|71|6.0,0.2663999999999999,7114.2,5,7,70106.2875,362.242,0,0,1,34489.7,34495.9,6821.53,6472.94,0.287987,0.664977
14|297|14|297|sample|7|71|7|71|6.0,1.332,389.932,6,7,70106.2875,362.242,0,0,1,34255.2,34261.3,398.391,484.057,-0.142523,-1.30521
14|297|14|297|sample|7|71|7|71|6.0,6.66,352.728,7,7,70106.2875,362.242,0,0,1,33946.9,33953,363.147,365.207,-0.192578,-0.229355
14|297|14|297|sample|7|71|7|71|6.0,33.3,565.941,8,7,70106.2875,362.242,0,0,1,33541.7,33547.8,358.581,358.842,3.88159,3.87388
14|297|14|297|sample|9|71|9|71|6.0,0.0004262399999999,53569.5,1,9,70106.2875,362.242,0,0,1,33541.7,33547.8,66694.5,66733.9,-1.32093,-1.32412
14|297|14|297|sample|9|71|9|71|6.0,0.0021311999999999,69849.8,2,9,70106.2875,362.242,0,0,1,33946.9,33953,67500,67448.1,0.233672,0.239015
14|297|14|297|sample|9|71|9|71|6.0,0.0106559999999999,60435.2,3,9,70106.2875,362.242,0,0,1,34255.2,34261.3,67157.9,65156.5,-0.671925,-0.486385
14|297|14|297|sample|9|71|9|71|6.0,0.0532799999999999,28172.8,4,9,70106.2875,362.242,0,0,1,34489.7,34495.9,37513,27499.1,-1.67127,0.164448
14|297|14|297|sample|9|71|9|71|6.0,0.2663999999999999,1777.13,5,9,70106.2875,362.242,0,0,1,34489.7,34495.9,1772.94,1717.13,0.0158666,0.234525
14|297|14|297|sample|9|71|9|71|6.0,1.332,364.656,6,9,70106.2875,362.242,0,0,1,34255.2,34261.3,391.389,408.136,-0.458477,-0.715078
14|297|14|297|sample|9|71|9|71|6.0,6.66,346.622,7,9,70106.2875,362.242,0,0,1,33946.9,33953,363.439,364.403,-0.310597,-0.327535
14|297|14|297|sample|9|71|9|71|6.0,33.3,410.167,8,9,70106.2875,362.242,0,0,1,33541.7,33547.8,358.588,358.844,0.965495,0.960008
14|297|14|297|sample|10|71|10|71|6.0,0.0004262399999999,55458.1,1,10,70106.2875,362.242,0,0,1,33541.7,33547.8,66688.2,66726.3,-1.13033,-1.13352
14|297|14|297|sample|10|71|10|71|6.0,0.0021311999999999,69594.2,2,10,70106.2875,362.242,0,0,1,33946.9,33953,67348.5,67300.3,0.223814,0.228785
14|297|14|297|sample|10|71|10|71|6.0,0.0106559999999999,58702.8,3,10,70106.2875,362.242,0,0,1,34255.2,34261.3,64083,62942.9,-0.563544,-0.452168
14|297|14|297|sample|10|71|10|71|6.0,0.0532799999999999,24374.3,4,10,70106.2875,362.242,0,0,1,34255.2,34261.3,26333.7,23623.5,-0.499435,0.213325
14|297|14|297|sample|10|71|10|71|6.0,0.2663999999999999,1924.81,5,10,70106.2875,362.242,0,0,1,34255.2,34261.3,1991.87,1872.58,-0.225977,0.187236
14|297|14|297|sample|10|71|10|71|6.0,1.332,416.912,6,10,70106.2875,362.242,0,0,1,34255.2,34261.3,432.186,433.392,-0.237223,-0.255236
14|297|14|297|sample|10|71|10|71|6.0,6.66,340.019,7,10,70106.2875,362.242,0,0,1,33946.9,33953,365.586,366.03,-0.469419,-0.476997
14|297|14|297|sample|10|71|10|71|6.0,33.3,409.954,8,10,70106.2875,362.242,0,0,1,33541.7,33547.8,358.681,358.931,0.959511,0.954184
14|297|14|297|sample|12|71|12|71|6.0,0.0004262399999999,52043,1,12,70106.2875,362.242,0,0,1,33541.7,33547.8,66628.1,66597.2,-1.46935,-1.46691
14|297|14|297|sample|12|71|12|71|6.0,0.0021311999999999,59427,2,12,70106.2875,362.242,0,0,1,33541.7,33547.8,66412.7,66212.4,-0.706043,-0.687872
14|297|14|297|sample|12|71|12|71|6.0,0.0106559999999999,57751.4,3,12,70106.2875,362.242,0,0,1,33541.7,33547.8,65513.1,64797.9,-0.795247,-0.729938
14|297|14|297|sample|12|71|12|71|6.0,0.0532799999999999,51957.8,4,12,70106.2875,362.242,0,0,1,33541.7,33547.8,61950.7,59960.8,-1.08272,-0.895901
14|297|14|297|sample|12|71|12|71|6.0,0.2663999999999999,42195.3,5,12,70106.2875,362.242,0,0,1,33541.7,33547.8,50343.5,46791.5,-1.0864,-0.659327
14|297|14|297|sample|12|71|12|71|6.0,1.332,25886.6,6,12,70106.2875,362.242,0,0,1,33541.7,33547.8,28122.4,25664.6,-0.533646,0.0580537
14|297|14|297|sample|12|71|12|71|6.0,6.66,11750.5,7,12,70106.2875,362.242,0,0,1,33541.7,33547.8,9971.95,9665.24,1.19718,1.44817
14|297|14|297|sample|12|71|12|71|6.0,33.3,2570.2,8,12,70106.2875,362.242,0,0,1,33541.7,33547.8,2904.18,3104.99,-0.771906,-1.15609
14|297|14|297|sample|11|71|11|71|6.0,0.0004262399999999,49345,1,11,70106.2875,362.242,0,0,1,33541.7,33547.8,66692.3,66733.9,-1.74594,-1.74903
14|297|14|297|sample|11|71|11|71|6.0,0.0021311999999999,80443,2,11,70106.2875,362.242,0,0,1,33946.9,33953,67499.8,67523,1.28709,1.28435
14|297|14|297|sample|11|71|11|71|6.0,0.0106559999999999,76325,3,11,70106.2875,362.242,0,0,1,33946.9,33953,67395.8,67406.4,0.889313,0.888109
14|297|14|297|sample|11|71|11|71|6.0,0.0532799999999999,66349.5,4,11,70106.2875,362.242,0,0,1,33946.9,33953,66681.4,66619.9,-0.033405,-0.0272471
14|297|14|297|sample|11|71|11|71|6.0,0.2663999999999999,59206.9,5,11,70106.2875,362.242,0,0,1,33946.9,33953,62108.4,61697.2,-0.313581,-0.270926
14|297|14|297|sample|11|71|11|71|6.0,1.332,36423,6,11,70106.2875,362.242,0,0,1,33946.9,33953,42106.3,41026.8,-0.905996,-0.753221
14|297|14|297|sample|11|71|11|71|6.0,6.66,14562.1,7,11,70106.2875,362.242,0,0,1,33946.9,33953,13202.6,12664.1,0.691174,1.00598
14|297|14|297|sample|11|71|11|71|6.0,33.3,2317.44,8,11,70106.2875,362.242,0,0,1,33541.7,33547.8,2540.94,2464.51,-0.590415,-0.400558
14|297|14|297|cc|1|1|71|1|71|69.0,0,341.723,1,1,70106.2875,362.242,0,1,0,nan,nan,344.615,344.832,-0.0563205,-0.0605119
14|297|14|297|cc|2|1|71|1|71|69.0,0,365.792,2,1,70106.2875,362.242,0,1,0,nan,nan,344.615,344.832,0.41249,0.408003
14|297|14|297|cc|3|1|71|1|71|69.0,0,364.017,3,1,70106.2875,362.242,0,1,0,nan,nan,344.615,344.832,0.377917,0.373452
14|297|14|297|cc|4|1|71|1|71|69.0,0,347.687,4,1,70106.2875,362.242,0,1,0,nan,nan,344.615,344.832,0.0598449,0.0555803
14|297|14|297|cc|5|1|71|1|71|69.0,0,357.556,5,1,70106.2875,362.242,0,1,0,nan,nan,344.615,344.832,0.252071,0.247685
14|297|14|297|cc|6|1|71|1|71|69.0,0,363.236,6,1,70106.2875,362.242,0,1,0,nan,nan,344.615,344.832,0.362704,0.358249
14|297|14|297|cc|7|1|71|1|71|69.0,0,364.017,7,1,70106.2875,362.242,0,1,0,nan,nan,344.615,344.832,0.377917,0.373452
14|297|14|297|cc|8|1|71|1|71|69.0,0,393.908,8,1,70106.2875,362.242,0,1,0,nan,nan,344.615,344.832,0.960126,0.955295
14|297|14|297|vc|1|2|71|2|71|69.0,0,51475,1,2,70106.2875,362.242,1,0,0,nan,nan,66694.8,66736.8,-1.53175,-1.53502
14|297|14|297|vc|2|2|71|2|71|69.0,0,69892.4,2,2,70106.2875,362.242,1,0,0,nan,nan,67517.4,67542.9,0.236118,0.233485
14|297|14|297|vc|3|2|71|2|71|69.0,0,79662,3,2,70106.2875,362.242,1,0,0,nan,nan,67517.4,67542.9,1.20737,1.20437
14|297|14|297|vc|4|2|71|2|71|69.0,0,78881,4,2,70106.2875,362.242,1,0,0,nan,nan,67517.4,67542.9,1.12973,1.12676
14|297|14|297|vc|5|2|71|2|71|69.0,0,74408,5,2,70106.2875,362.242,1,0,0,nan,nan,67517.4,67542.9,0.685041,0.682239
14|297|14|297|vc|6|2|71|2|71|69.0,0,79733,6,2,70106.2875,362.242,1,0,0,nan,nan,67517.4,67542.9,1.21443,1.21143
14|297|14|297|vc|7|2|71|2|71|69.0,0,74408,7,2,70106.2875,362.242,1,0,0,nan,nan,67517.4,67542.9,0.685041,0.682239
14|297|14|297|vc|8|2|71|2|71|69.0,0,52390.9,8,2,70106.2875,362.242,1,0,0,nan,nan,66694.8,66736.8,-1.43957,-1.44289
14|183|14|183|sample|4|233|4|233|6.0,0.0004262399999999,10799.1,1,4,11487.8,363.422375,0,0,1,5641.79,6624.24,12896.1,12839.4,-1.09149,-1.06666
14|183|14|183|sample|4|233|4|233|6.0,0.0021311999999999,12716.1,2,4,11487.8,363.422375,0,0,1,5709.95,6457.39,12556,12514.4,0.085594,0.10821
14|183|14|183|sample|4|233|4|233|6.0,0.0106559999999999,13710.1,3,4,11487.8,363.422375,0,0,1,5761.8,6330.46,12285.6,12240.2,0.778281,0.80607
14|183|14|183|sample|4|233|4|233|6.0,0.0532799999999999,12417.9,4,4,11487.8,363.422375,0,0,1,5801.24,6233.89,11813.6,11593.6,0.343363,0.477243
14|183|14|183|sample|4|233|4|233|6.0,0.2663999999999999,7192.3,5,4,11487.8,363.422375,0,0,1,5801.24,6233.89,7820.92,7049.12,-0.539515,0.136337
14|183|14|183|sample|4|233|4|233|6.0,1.332,1275.16,6,4,11487.8,363.422375,0,0,1,5761.8,6330.46,1237.16,1235.18,0.206186,0.217289
14|183|14|183|sample|4|233|4|233|6.0,6.66,376.939,7,4,11487.8,363.422375,0,0,1,5709.95,6457.39,440.705,452.008,-0.971215,-1.11478
14|183|14|183|sample|4|233|4|233|6.0,33.3,683.304,8,4,11487.8,363.422375,0,0,1,5641.79,6624.24,412.61,412.134,4.40363,4.41649
14|183|14|183|sample|3|233|3|233|6.0,0.0004262399999999,10309.2,1,3,11487.8,363.422375,0,0,1,5641.79,6624.24,12854.6,12771.7,-1.32914,-1.29421
14|183|14|183|sample|3|233|3|233|6.0,0.0021311999999999,12936.2,2,3,11487.8,363.422375,0,0,1,5709.95,6457.39,12384.5,12267.7,0.298994,0.365745
14|183|14|183|sample|3|233|3|233|6.0,0.0106559999999999,12659.3,3,3,11487.8,363.422375,0,0,1,5761.8,6330.46,11607.1,11391.6,0.608452,0.746987
14|183|14|183|sample|3|233|3|233|6.0,0.0532799999999999,11864.1,4,3,11487.8,363.422375,0,0,1,5761.8,6330.46,9804.58,9495.36,1.40997,1.67448
14|183|14|183|sample|3|233|3|233|6.0,0.2663999999999999,6753.52,5,3,11487.8,363.422375,0,0,1,5761.8,6330.46,5959.72,5882.71,0.894037,0.993614
14|183|14|183|sample|3|233|3|233|6.0,1.332,1355.39,6,3,11487.8,363.422375,0,0,1,5761.8,6330.46,2412.82,2575.11,-2.94171,-3.17933
14|183|14|183|sample|3|233|3|233|6.0,6.66,387.234,7,3,11487.8,363.422375,0,0,1,5709.95,6457.39,952.126,1074.16,-3.98239,-4.29253
14|183|14|183|sample|3|233|3|233|6.0,33.3,858.39,8,3,11487.8,363.422375,0,0,1,5641.79,6624.24,547.525,598.328,3.81101,2.9175
14|183|14|183|sample|6|233|6|233|6.0,0.0004262399999999,9435.9,1,6,11487.8,363.422375,0,0,1,5641.79,6624.24,12896.1,12839.1,-1.801,-1.7792
14|183|14|183|sample|6|233|6|233|6.0,0.0021311999999999,11956.4,2,6,11487.8,363.422375,0,0,1,5709.95,6457.39,12554.4,12509.2,-0.319745,-0.296602
14|183|14|183|sample|6|233|6|233|6.0,0.0106559999999999,13305.4,3,6,11487.8,363.422375,0,0,1,5761.8,6330.46,12251.5,12157.4,0.577393,0.633856
14|183|14|183|sample|6|233|6|233|6.0,0.0532799999999999,10706.8,4,6,11487.8,363.422375,0,0,1,5801.24,6233.89,11133.6,10473.9,-0.257306,0.149238
14|183|14|183|sample|6|233|6|233|6.0,0.2663999999999999,3670.7,5,6,11487.8,363.422375,0,0,1,5801.24,6233.89,4241.69,3585.78,-0.903577,0.158968
14|183|14|183|sample|6|233|6|233|6.0,1.332,664.134,6,6,11487.8,363.422375,0,0,1,5761.8,6330.46,644.719,653.713,0.202135,0.107006
14|183|14|183|sample|6|233|6|233|6.0,6.66,382.193,7,6,11487.8,363.422375,0,0,1,5709.95,6457.39,411.612,415.109,-0.479752,-0.532251
14|183|14|183|sample|6|233|6|233|6.0,33.3,570.698,8,6,11487.8,363.422375,0,0,1,5641.79,6624.24,411.292,409.972,2.60151,2.6315
14|183|14|183|sample|5|233|5|233|6.0,0.0004262399999999,11132.8,1,5,11487.8,363.422375,0,0,1,5641.79,6624.24,12896.1,12839.4,-0.917768,-0.892183
14|183|14|183|sample|5|233|5|233|6.0,0.0021311999999999,12829.7,2,5,11487.8,363.422375,0,0,1,5709.95,6457.39,12554.1,12513,0.14734,0.1699
14|183|14|183|sample|5|233|5|233|6.0,0.0106559999999999,12808.4,3,5,11487.8,363.422375,0,0,1,5761.8,6330.46,12244.2,12204.2,0.309317,0.332312
14|183|14|183|sample|5|233|5|233|6.0,0.0532799999999999,10358.9,4,5,11487.8,363.422375,0,0,1,5801.24,6233.89,10986.2,10831.7,-0.383284,-0.292976
14|183|14|183|sample|5|233|5|233|6.0,0.2663999999999999,3834.71,5,5,11487.8,363.422375,0,0,1,5801.24,6233.89,3826.37,3660.04,0.0146246,0.32034
14|183|14|183|sample|5|233|5|233|6.0,1.332,593.631,6,5,11487.8,363.422375,0,0,1,5761.8,6330.46,604.705,602.122,-0.122918,-0.0946601
14|183|14|183|sample|5|233|5|233|6.0,6.66,380.986,7,5,11487.8,363.422375,0,0,1,5709.95,6457.39,409.636,408.868,-0.469459,-0.457731
14|183|14|183|sample|5|233|5|233|6.0,33.3,581.135,8,5,11487.8,363.422375,0,0,1,5641.79,6624.24,411.198,409.445,2.77402,2.81463
14|183|14|183|sample|7|233|7|233|6.0,0.0004262399999999,10550.6,1,7,11487.8,363.422375,0,0,1,5641.79,6624.24,12896.2,12839.5,-1.22084,-1.19661
14|183|14|183|sample|7|233|7|233|6.0,0.0021311999999999,11438.1,2,7,11487.8,363.422375,0,0,1,5709.95,6457.39,12556.4,12516,-0.597814,-0.578056
14|183|14|183|sample|7|233|7|233|6.0,0.0106559999999999,13880.5,3,7,11487.8,363.422375,0,0,1,5761.8,6330.46,12293.8,12265.4,0.866334,0.883874
14|183|14|183|sample|7|233|7|233|6.0,0.0532799999999999,13596.5,4,7,11487.8,363.422375,0,0,1,5801.24,6233.89,11964.4,11949.5,0.915622,0.925183
14|183|14|183|sample|7|233|7|233|6.0,0.2663999999999999,9151.9,5,7,11487.8,363.422375,0,0,1,5801.24,6233.89,9154.7,9135.37,-0.00205365,0.012142
14|183|14|183|sample|7|233|7|233|6.0,1.332,1552.06,6,7,11487.8,363.422375,0,0,1,5761.8,6330.46,1533.68,1487.57,0.0804291,0.291017
14|183|14|183|sample|7|233|7|233|6.0,6.66,370.833,7,7,11487.8,363.422375,0,0,1,5709.95,6457.39,445.768,440.739,-1.12836,-1.06464
14|183|14|183|sample|7|233|7|233|6.0,33.3,565.728,8,7,11487.8,363.422375,0,0,1,5641.79,6624.24,412.446,410.441,2.49457,2.53955
14|183|14|183|sample|8|233|8|233|6.0,0.0004262399999999,10990.8,1,8,11487.8,363.422375,0,0,1,5641.79,6624.24,12896.1,12839.5,-0.991714,-0.966475
14|183|14|183|sample|8|233|8|233|6.0,0.0021311999999999,12240.4,2,8,11487.8,363.422375,0,0,1,5709.95,6457.39,12556,12515.6,-0.168719,-0.147602
14|183|14|183|sample|8|233|8|233|6.0,0.0106559999999999,13298.3,3,8,11487.8,363.422375,0,0,1,5761.8,6330.46,12287.3,12259.7,0.552276,0.568673
14|183|14|183|sample|8|233|8|233|6.0,0.0532799999999999,13497.1,4,8,11487.8,363.422375,0,0,1,5801.24,6233.89,11876.7,11870.7,0.91582,0.919625
14|183|14|183|sample|8|233|8|233|6.0,0.2663999999999999,8938.9,5,8,11487.8,363.422375,0,0,1,5801.24,6233.89,8752.59,8813.41,0.142884,0.0955766
14|183|14|183|sample|8|233|8|233|6.0,1.332,1754.41,6,8,11487.8,363.422375,0,0,1,5761.8,6330.46,1695.77,1689.76,0.232102,0.256793
14|183|14|183|sample|8|233|8|233|6.0,6.66,403.209,7,8,11487.8,363.422375,0,0,1,5709.95,6457.39,473.138,469.092,-0.992069,-0.942734
14|183|14|183|sample|8|233|8|233|6.0,33.3,660.726,8,8,11487.8,363.422375,0,0,1,5641.79,6624.24,414.485,412.417,3.98771,4.04136
14|183|14|183|sample|10|233|10|233|6.0,0.0004262399999999,8101.1,1,10,11487.8,363.422375,0,0,1,5641.79,6624.24,12896.2,12839.4,-2.49578,-2.47714
14|183|14|183|sample|10|233|10|233|6.0,0.0021311999999999,12638,2,10,11487.8,363.422375,0,0,1,5709.95,6457.39,12555.8,12513,0.0439611,0.0670518
14|183|14|183|sample|10|233|10|233|6.0,0.0106559999999999,10380.2,3,10,11487.8,363.422375,0,0,1,5761.8,6330.46,12267.5,12192,-1.03267,-0.997482
14|183|14|183|sample|10|233|10|233|6.0,0.0532799999999999,8236,4,10,11487.8,363.422375,0,0,1,5761.8,6330.46,11180.4,10542.8,-1.76773,-1.46867
14|183|14|183|sample|10|233|10|233|6.0,0.2663999999999999,2866.98,5,10,11487.8,363.422375,0,0,1,5761.8,6330.46,2740.32,2601.32,0.31025,0.685502
14|183|14|183|sample|10|233|10|233|6.0,1.332,402.854,6,10,11487.8,363.422375,0,0,1,5761.8,6330.46,465.794,495.534,-0.906996,-1.25541
14|183|14|183|sample|10|233|10|233|6.0,6.66,378.856,7,10,11487.8,363.422375,0,0,1,5709.95,6457.39,401.883,402.847,-0.384597,-0.399739
14|183|14|183|sample|10|233|10|233|6.0,33.3,574.674,8,10,11487.8,363.422375,0,0,1,5641.79,6624.24,410.812,409.124,2.67736,2.7161
14|183|14|183|sample|9|233|9|233|6.0,0.0004262399999999,8903.4,1,9,11487.8,363.422375,0,0,1,5641.79,6624.24,12896.2,12839.5,-2.0782,-2.05774
14|183|14|183|sample|9|233|9|233|6.0,0.0021311999999999,12219.1,2,9,11487.8,363.422375,0,0,1,5709.95,6457.39,12556.6,12515.7,-0.180404,-0.159051
14|183|14|183|sample|9|233|9|233|6.0,0.0106559999999999,12843.9,3,9,11487.8,363.422375,0,0,1,5761.8,6330.46,12297.6,12251,0.298161,0.324823
14|183|14|183|sample|9|233|9|233|6.0,0.0532799999999999,9641.8,4,9,11487.8,363.422375,0,0,1,5801.24,6233.89,11921.9,11337.2,-1.28374,-1.00379
14|183|14|183|sample|9|233|9|233|6.0,0.2663999999999999,3595.44,5,9,11487.8,363.422375,0,0,1,5801.24,6233.89,3856.3,3394.8,-0.454051,0.396703
14|183|14|183|sample|9|233|9|233|6.0,1.332,447.655,6,9,11487.8,363.422375,0,0,1,5761.8,6330.46,424.813,487.11,0.360925,-0.543681
14|183|14|183|sample|9|233|9|233|6.0,6.66,371.969,7,9,11487.8,363.422375,0,0,1,5709.95,6457.39,400.169,400.992,-0.473022,-0.485818
14|183|14|183|sample|9|233|9|233|6.0,33.3,589.655,8,9,11487.8,363.422375,0,0,1,5641.79,6624.24,410.763,409.014,2.92329,2.9645
14|183|14|183|sample|12|233|12|233|6.0,0.0004262399999999,6529.16,1,12,11487.8,363.422375,0,0,1,5641.79,6624.24,12872.9,12798.9,-3.30781,-3.28814
14|183|14|183|sample|12|233|12|233|6.0,0.0021311999999999,7582.8,2,12,11487.8,363.422375,0,0,1,5641.79,6624.24,12788.3,12668.8,-2.73226,-2.69473
14|183|14|183|sample|12|233|12|233|6.0,0.0106559999999999,8058.5,3,12,11487.8,363.422375,0,0,1,5641.79,6624.24,12408.9,12145.2,-2.35325,-2.25862
14|183|14|183|sample|12|233|12|233|6.0,0.0532799999999999,6933.86,4,12,11487.8,363.422375,0,0,1,5641.79,6624.24,10909.5,10342.5,-2.44609,-2.21221
14|183|14|183|sample|12|233|12|233|6.0,0.2663999999999999,6366.57,5,12,11487.8,363.422375,0,0,1,5641.79,6624.24,7045.91,6419.48,-0.647175,-0.0553237
14|183|14|183|sample|12|233|12|233|6.0,1.332,3312.15,6,12,11487.8,363.422375,0,0,1,5641.79,6624.24,2854.96,2653.27,1.0749,1.66685
14|183|14|183|sample|12|233|12|233|6.0,6.66,877.56,7,12,11487.8,363.422375,0,0,1,5641.79,6624.24,1030.65,1021.73,-0.997029,-0.947141
14|183|14|183|sample|12|233|12|233|6.0,33.3,466.328,8,12,11487.8,363.422375,0,0,1,5641.79,6624.24,549.202,558.816,-1.01288,-1.11094
14|183|14|183|sample|11|233|11|233|6.0,0.0004262399999999,9471.4,1,11,11487.8,363.422375,0,0,1,5641.79,6624.24,12895.9,12839.3,-1.78245,-1.76072
14|183|14|183|sample|11|233|11|233|6.0,0.0021311999999999,10699.7,2,11,11487.8,363.422375,0,0,1,5709.95,6457.39,12554.1,12513.9,-0.991476,-0.973112
14|183|14|183|sample|11|233|11|233|6.0,0.0106559999999999,12659.3,3,11,11487.8,363.422375,0,0,1,5709.95,6457.39,12533,12494.6,0.0676682,0.0884843
14|183|14|183|sample|11|233|11|233|6.0,0.0532799999999999,11189.6,4,11,11487.8,363.422375,0,0,1,5709.95,6457.39,12338.7,12311.3,-0.625099,-0.611584
14|183|14|183|sample|11|233|11|233|6.0,0.2663999999999999,9812.2,5,11,11487.8,363.422375,0,0,1,5709.95,6457.39,10780.9,10790.7,-0.603124,-0.608676
14|183|14|183|sample|11|233|11|233|6.0,1.332,5440.73,6,11,11487.8,363.422375,0,0,1,5709.95,6457.39,5070.3,5052.86,0.490397,0.515248
14|183|14|183|sample|11|233|11|233|6.0,6.66,1136.71,7,11,11487.8,363.422375,0,0,1,5709.95,6457.39,1158.73,1133.62,-0.127553,0.0183059
14|183|14|183|sample|11|233|11|233|6.0,33.3,483.368,8,11,11487.8,363.422375,0,0,1,5641.79,6624.24,498.833,491.51,-0.208098,-0.111196
14|183|14|183|cc|1|1|233|1|233|69.0,0,326.316,1,1,11487.8,363.422375,0,1,0,nan,nan,407.977,406.185,-1.34354,-1.31986
14|183|14|183|cc|2|1|233|1|233|69.0,0,349.888,2,1,11487.8,363.422375,0,1,0,nan,nan,407.977,406.185,-0.955721,-0.930321
14|183|14|183|cc|3|1|233|1|233|69.0,0,343.924,3,1,11487.8,363.422375,0,1,0,nan,nan,407.977,406.185,-1.05384,-1.02888
14|183|14|183|cc|4|1|233|1|233|69.0,0,346.338,4,1,11487.8,363.422375,0,1,0,nan,nan,407.977,406.185,-1.01413,-0.988986
14|183|14|183|cc|5|1|233|1|233|69.0,0,361.603,5,1,11487.8,363.422375,0,1,0,nan,nan,407.977,406.185,-0.762978,-0.736728
14|183|14|183|cc|6|1|233|1|233|69.0,0,360.396,6,1,11487.8,363.422375,0,1,0,nan,nan,407.977,406.185,-0.782836,-0.756674
14|183|14|183|cc|7|1|233|1|233|69.0,0,355.994,7,1,11487.8,363.422375,0,1,0,nan,nan,407.977,406.185,-0.855261,-0.829418
14|183|14|183|cc|8|1|233|1|233|69.0,0,462.92,8,1,11487.8,363.422375,0,1,0,nan,nan,407.977,406.185,0.903959,0.937564
14|183|14|183|vc|1|2|233|2|233|69.0,0,8754.3,1,2,11487.8,363.422375,1,0,0,nan,nan,12896.2,12839.5,-2.1558,-2.1357
14|183|14|183|vc|2|2|233|2|233|69.0,0,12332.7,2,2,11487.8,363.422375,1,0,0,nan,nan,12556.6,12516.1,-0.119682,-0.0983681
14|183|14|183|vc|3|2|233|2|233|69.0,0,12219.1,3,2,11487.8,363.422375,1,0,0,nan,nan,12556.6,12516.1,-0.180408,-0.159291
14|183|14|183|vc|4|2|233|2|233|69.0,0,12197.8,4,2,11487.8,363.422375,1,0,0,nan,nan,12556.6,12516.1,-0.191795,-0.170714
14|183|14|183|vc|5|2|233|2|233|69.0,0,12794.2,5,2,11487.8,363.422375,1,0,0,nan,nan,12556.6,12516.1,0.12702,0.149131
14|183|14|183|vc|6|2|233|2|233|69.0,0,12297.2,6,2,11487.8,363.422375,1,0,0,nan,nan,12556.6,12516.1,-0.138659,-0.117407
14|183|14|183|vc|7|2|233|2|233|69.0,0,11956.4,7,2,11487.8,363.422375,1,0,0,nan,nan,12556.6,12516.1,-0.320839,-0.300175
14|183|14|183|vc|8|2|233|2|233|69.0,0,9350.7,8,2,11487.8,363.422375,1,0,0,nan,nan,12896.2,12839.5,-1.84538,-1.82391
14|705|14|705|sample|3|233|3|233|6.0,0.0004262399999999,8569.7,1,3,11166.525,377.072125,0,0,1,5495.37,5495.56,10623.1,10629.8,-1.29747,-1.30088
14|705|14|705|sample|3|233|3|233|6.0,0.0021311999999999,13170.5,2,3,11166.525,377.072125,0,0,1,5561.76,5561.94,10754.1,10758.2,1.5082,1.50509
14|705|14|705|sample|3|233|3|233|6.0,0.0106559999999999,14214.2,3,3,11166.525,377.072125,0,0,1,5612.26,5612.45,10853.6,10855.9,2.07836,2.07648
14|705|14|705|sample|3|233|3|233|6.0,0.0532799999999999,13220.2,4,3,11166.525,377.072125,0,0,1,5612.26,5612.45,10853.6,10855.8,1.46362,1.46197
14|705|14|705|sample|3|233|3|233|6.0,0.2663999999999999,12020.3,5,3,11166.525,377.072125,0,0,1,5612.26,5612.45,10853.6,10854,0.721555,0.721274
14|705|14|705|sample|3|233|3|233|6.0,1.332,12993,6,3,11166.525,377.072125,0,0,1,5612.26,5612.45,10853.5,10827.9,1.32313,1.34216
14|705|14|705|sample|3|233|3|233|6.0,6.66,11949.3,7,3,11166.525,377.072125,0,0,1,5561.76,5561.94,10753.4,10367,0.74646,1.02446
14|705|14|705|sample|3|233|3|233|6.0,33.3,7039.65,8,3,11166.525,377.072125,0,0,1,5495.37,5495.56,10606.3,6895.98,-2.25719,0.139841
14|705|14|705|sample|4|233|4|233|6.0,0.0004262399999999,8782.7,1,4,11166.525,377.072125,0,0,1,5495.37,5495.56,10623.1,10629.8,-1.16288,-1.16638
14|705|14|705|sample|4|233|4|233|6.0,0.0021311999999999,13475.8,2,4,11166.525,377.072125,0,0,1,5561.76,5561.94,10754.1,10758.2,1.69876,1.69557
14|705|14|705|sample|4|233|4|233|6.0,0.0106559999999999,13979.9,3,4,11166.525,377.072125,0,0,1,5612.26,5612.45,10853.6,10855.9,1.93346,1.93161
14|705|14|705|sample|4|233|4|233|6.0,0.0532799999999999,13269.9,4,4,11166.525,377.072125,0,0,1,5650.68,5650.87,10929,10930.1,1.43772,1.43692
14|705|14|705|sample|4|233|4|233|6.0,0.2663999999999999,13610.7,5,4,11166.525,377.072125,0,0,1,5650.68,5650.87,10928.8,10928.3,1.64719,1.64753
14|705|14|705|sample|4|233|4|233|6.0,1.332,13220.2,6,4,11166.525,377.072125,0,0,1,5612.26,5612.45,10851.5,10832.3,1.46517,1.47971
14|705|14|705|sample|4|233|4|233|6.0,6.66,11935.1,7,4,11166.525,377.072125,0,0,1,5561.76,5561.94,10736.1,10468,0.749623,0.940747
14|705|14|705|sample|4|233|4|233|6.0,33.3,8122.4,8,4,11166.525,377.072125,0,0,1,5495.37,5495.56,10467.2,7882.25,-1.50367,0.204504
14|705|14|705|sample|5|233|5|233|6.0,0.0004262399999999,8470.3,1,5,11166.525,377.072125,0,0,1,5495.37,5495.56,10623.1,10629.8,-1.36027,-1.36364
14|705|14|705|sample|5|233|5|233|6.0,0.0021311999999999,13064,2,5,11166.525,377.072125,0,0,1,5561.76,5561.94,10754.1,10758.2,1.44173,1.43864
14|705|14|705|sample|5|233|5|233|6.0,0.0106559999999999,13880.5,3,5,11166.525,377.072125,0,0,1,5612.26,5612.45,10853.6,10855.9,1.87198,1.87016
14|705|14|705|sample|5|233|5|233|6.0,0.0532799999999999,14611.8,4,5,11166.525,377.072125,0,0,1,5650.68,5650.87,10929,10930,2.26186,2.26109
14|705|14|705|sample|5|233|5|233|6.0,0.2663999999999999,14164.5,5,5,11166.525,377.072125,0,0,1,5650.68,5650.87,10929,10927.4,1.98719,1.98843
14|705|14|705|sample|5|233|5|233|6.0,1.332,14086.4,6,5,11166.525,377.072125,0,0,1,5612.26,5612.45,10852.4,10824.3,2.00024,2.02287
14|705|14|705|sample|5|233|5|233|6.0,6.66,11246.4,7,5,11166.525,377.072125,0,0,1,5561.76,5561.94,10735.4,10414.1,0.319507,0.53645
14|705|14|705|sample|5|233|5|233|6.0,33.3,8030.1,8,5,11166.525,377.072125,0,0,1,5495.37,5495.56,10325.1,7759.13,-1.49197,0.234414
14|705|14|705|sample|6|233|6|233|6.0,0.0004262399999999,9173.2,1,6,11166.525,377.072125,0,0,1,5495.37,5495.56,10623.1,10629.8,-0.91614,-0.919789
14|705|14|705|sample|6|233|6|233|6.0,0.0021311999999999,13177.6,2,6,11166.525,377.072125,0,0,1,5561.76,5561.94,10754.1,10758.2,1.51263,1.50952
14|705|14|705|sample|6|233|6|233|6.0,0.0106559999999999,13277,3,6,11166.525,377.072125,0,0,1,5612.26,5612.45,10853.6,10855.9,1.49875,1.497
14|705|14|705|sample|6|233|6|233|6.0,0.0532799999999999,14363.3,4,6,11166.525,377.072125,0,0,1,5650.68,5650.87,10929,10930.1,2.10924,2.10838
14|705|14|705|sample|6|233|6|233|6.0,0.2663999999999999,13639.1,5,6,11166.525,377.072125,0,0,1,5650.68,5650.87,10929,10928.5,1.66447,1.66489
14|705|14|705|sample|6|233|6|233|6.0,1.332,14072.2,6,6,11166.525,377.072125,0,0,1,5612.26,5612.45,10853.1,10833,1.99089,2.00709
14|705|14|705|sample|6|233|6|233|6.0,6.66,11864.1,7,6,11166.525,377.072125,0,0,1,5561.76,5561.94,10745.8,10468.2,0.698528,0.895031
14|705|14|705|sample|6|233|6|233|6.0,33.3,8058.5,8,6,11166.525,377.072125,0,0,1,5495.37,5495.56,10470.1,7824.71,-1.54606,0.200555
14|705|14|705|sample|7|233|7|233|6.0,0.0004262399999999,7696.4,1,7,11166.525,377.072125,0,0,1,5495.37,5495.56,10623.1,10629.8,-1.84927,-1.85233
14|705|14|705|sample|7|233|7|233|6.0,0.0021311999999999,13376.4,2,7,11166.525,377.072125,0,0,1,5561.76,5561.94,10754.1,10758.2,1.63671,1.63355
14|705|14|705|sample|7|233|7|233|6.0,0.0106559999999999,14143.2,3,7,11166.525,377.072125,0,0,1,5612.26,5612.45,10853.6,10855.9,2.03445,2.03257
14|705|14|705|sample|7|233|7|233|6.0,0.0532799999999999,14008.3,4,7,11166.525,377.072125,0,0,1,5650.68,5650.87,10929,10930.1,1.89121,1.89034
14|705|14|705|sample|7|233|7|233|6.0,0.2663999999999999,15201.1,5,7,11166.525,377.072125,0,0,1,5650.68,5650.87,10928.9,10928.7,2.62388,2.62408
14|705|14|705|sample|7|233|7|233|6.0,1.332,15243.7,6,7,11166.525,377.072125,0,0,1,5612.26,5612.45,10851.1,10830.7,2.71724,2.73493
14|705|14|705|sample|7|233|7|233|6.0,6.66,11743.4,7,7,11166.525,377.072125,0,0,1,5561.76,5561.94,10693.2,10357.5,0.659239,0.898115
14|705|14|705|sample|7|233|7|233|6.0,33.3,6646.31,8,7,11166.525,377.072125,0,0,1,5495.37,5495.56,9326.08,6517.18,-1.92873,0.133
14|705|14|705|sample|8|233|8|233|6.0,0.0004262399999999,8392.2,1,8,11166.525,377.072125,0,0,1,5495.37,5495.56,10623.1,10629.8,-1.40962,-1.41296
14|705|14|705|sample|8|233|8|233|6.0,0.0021311999999999,13362.2,2,8,11166.525,377.072125,0,0,1,5561.76,5561.94,10754.1,10758.2,1.62785,1.62469
14|705|14|705|sample|8|233|8|233|6.0,0.0106559999999999,13610.7,3,8,11166.525,377.072125,0,0,1,5612.26,5612.45,10853.6,10855.9,1.70513,1.70333
14|705|14|705|sample|8|233|8|233|6.0,0.0532799999999999,14682.8,4,8,11166.525,377.072125,0,0,1,5650.68,5650.87,10929,10930,2.30546,2.30466
14|705|14|705|sample|8|233|8|233|6.0,0.2663999999999999,14377.5,5,8,11166.525,377.072125,0,0,1,5650.68,5650.87,10929,10927.7,2.11797,2.11906
14|705|14|705|sample|8|233|8|233|6.0,1.332,14448.5,6,8,11166.525,377.072125,0,0,1,5612.26,5612.45,10853.4,10826.1,2.22341,2.24593
14|705|14|705|sample|8|233|8|233|6.0,6.66,11296.1,7,8,11166.525,377.072125,0,0,1,5561.76,5561.94,10751.4,10420.3,0.340036,0.564172
14|705|14|705|sample|8|233|8|233|6.0,33.3,7973.3,8,8,11166.525,377.072125,0,0,1,5495.37,5495.56,10585,7714.78,-1.65619,0.22493
14|705|14|705|sample|10|233|10|233|6.0,0.0004262399999999,7937.8,1,10,11166.525,377.072125,0,0,1,5495.37,5495.56,10623.1,10629.8,-1.69673,-1.69988
14|705|14|705|sample|10|233|10|233|6.0,0.0021311999999999,13213.1,2,10,11166.525,377.072125,0,0,1,5561.76,5561.94,10753.4,10757.4,1.53534,1.53231
14|705|14|705|sample|10|233|10|233|6.0,0.0106559999999999,14129,3,10,11166.525,377.072125,0,0,1,5612.26,5612.45,10833.4,10833.3,2.04191,2.04201
14|705|14|705|sample|10|233|10|233|6.0,0.0532799999999999,10529.3,4,10,11166.525,377.072125,0,0,1,5612.26,5612.45,10320.7,10282,0.135696,0.161454
14|705|14|705|sample|10|233|10|233|6.0,0.2663999999999999,4592.28,5,10,11166.525,377.072125,0,0,1,5612.26,5612.45,4580.07,4478.17,0.0178967,0.171042
14|705|14|705|sample|10|233|10|233|6.0,1.332,624.871,6,10,11166.525,377.072125,0,0,1,5612.26,5612.45,615.94,615.119,0.0973272,0.106412
14|705|14|705|sample|10|233|10|233|6.0,6.66,342.007,7,10,11166.525,377.072125,0,0,1,5561.76,5561.94,374.538,374.983,-0.583009,-0.590276
14|705|14|705|sample|10|233|10|233|6.0,33.3,322.482,8,10,11166.525,377.072125,0,0,1,5495.37,5495.56,361.402,361.653,-0.722855,-0.727011
14|705|14|705|sample|9|233|9|233|6.0,0.0004262399999999,8811.1,1,9,11166.525,377.072125,0,0,1,5495.37,5495.56,10623.1,10629.8,-1.14494,-1.14844
14|705|14|705|sample|9|233|9|233|6.0,0.0021311999999999,12531.5,2,9,11166.525,377.072125,0,0,1,5561.76,5561.94,10754.1,10758.2,1.10936,1.10641
14|705|14|705|sample|9|233|9|233|6.0,0.0106559999999999,11991.9,3,9,11166.525,377.072125,0,0,1,5612.26,5612.45,10853.1,10854.4,0.704296,0.703445
14|705|14|705|sample|9|233|9|233|6.0,0.0532799999999999,11558.8,4,9,11166.525,377.072125,0,0,1,5650.68,5650.87,10866.8,10807.3,0.427433,0.466726
14|705|14|705|sample|9|233|9|233|6.0,0.2663999999999999,6037.13,5,9,11166.525,377.072125,0,0,1,5650.68,5650.87,6162.95,5789.01,-0.137039,0.287692
14|705|14|705|sample|9|233|9|233|6.0,1.332,493.095,6,9,11166.525,377.072125,0,0,1,5612.26,5612.45,459.898,504.34,0.484515,-0.149656
14|705|14|705|sample|9|233|9|233|6.0,6.66,340.871,7,9,11166.525,377.072125,0,0,1,5561.76,5561.94,366.19,367.36,-0.464109,-0.483996
14|705|14|705|sample|9|233|9|233|6.0,33.3,353.296,8,9,11166.525,377.072125,0,0,1,5495.37,5495.56,361.086,361.33,-0.144817,-0.149243
14|705|14|705|sample|12|233|12|233|6.0,0.0004262399999999,7476.3,1,12,11166.525,377.072125,0,0,1,5495.37,5495.56,10613.6,10620.9,-1.98411,-1.98737
14|705|14|705|sample|12|233|12|233|6.0,0.0021311999999999,6678.97,2,12,11166.525,377.072125,0,0,1,5495.37,5495.56,10555.2,10565.3,-2.46498,-2.46907
14|705|14|705|sample|12|233|12|233|6.0,0.0106559999999999,7568.6,3,12,11166.525,377.072125,0,0,1,5495.37,5495.56,10153.9,10176.8,-1.70902,-1.72028
14|705|14|705|sample|12|233|12|233|6.0,0.0532799999999999,6813.87,4,12,11166.525,377.072125,0,0,1,5495.37,5495.56,7993.95,8040.27,-0.990885,-1.02384
14|705|14|705|sample|12|233|12|233|6.0,0.2663999999999999,3670.7,5,12,11166.525,377.072125,0,0,1,5495.37,5495.56,3313.18,3325.68,0.724305,0.696367
14|705|14|705|sample|12|233|12|233|6.0,1.332,964.89,6,12,11166.525,377.072125,0,0,1,5495.37,5495.56,906.918,901.663,0.429068,0.470686
14|705|14|705|sample|12|233|12|233|6.0,6.66,295.644,7,12,11166.525,377.072125,0,0,1,5495.37,5495.56,440.655,438.782,-2.20889,-2.18967
14|705|14|705|sample|12|233|12|233|6.0,33.3,337.179,8,12,11166.525,377.072125,0,0,1,5495.37,5495.56,372.225,371.982,-0.631986,-0.628009
14|705|14|705|sample|11|233|11|233|6.0,0.0004262399999999,7646.7,1,11,11166.525,377.072125,0,0,1,5495.37,5495.56,10623.1,10629.8,-1.88067,-1.8837
14|705|14|705|sample|11|233|11|233|6.0,0.0021311999999999,11416.8,2,11,11166.525,377.072125,0,0,1,5561.76,5561.94,10753.8,10757.4,0.413844,0.411473
14|705|14|705|sample|11|233|11|233|6.0,0.0106559999999999,11999,3,11,11166.525,377.072125,0,0,1,5561.76,5561.94,10744.7,10740,0.783568,0.786844
14|705|14|705|sample|11|233|11|233|6.0,0.0532799999999999,10380.2,4,11,11166.525,377.072125,0,0,1,5561.76,5561.94,10510.5,10383,-0.0832199,-0.00180126
14|705|14|705|sample|11|233|11|233|6.0,0.2663999999999999,6246.58,5,11,11166.525,377.072125,0,0,1,5561.76,5561.94,6720.47,6140.02,-0.473312,0.116487
14|705|14|705|sample|11|233|11|233|6.0,1.332,978.38,6,11,11166.525,377.072125,0,0,1,5561.76,5561.94,949.935,940.601,0.200996,0.269595
14|705|14|705|sample|11|233|11|233|6.0,6.66,338.528,7,11,11166.525,377.072125,0,0,1,5561.76,5561.94,388.911,394.1,-0.869574,-0.946502
14|705|14|705|sample|11|233|11|233|6.0,33.3,359.544,8,11,11166.525,377.072125,0,0,1,5495.37,5495.56,361.957,362.628,-0.044752,-0.0570874
14|705|14|705|cc|1|1|233|1|233|69.0,0,381.412,1,1,11166.525,377.072125,0,1,0,nan,nan,358.722,358.948,0.424569,0.420075
14|705|14|705|cc|2|1|233|1|233|69.0,0,368.419,2,1,11166.525,377.072125,0,1,0,nan,nan,358.722,358.948,0.181448,0.177107
14|705|14|705|cc|3|1|233|1|233|69.0,0,363.378,3,1,11166.525,377.072125,0,1,0,nan,nan,358.722,358.948,0.0871216,0.08284
14|705|14|705|cc|4|1|233|1|233|69.0,0,366.573,4,1,11166.525,377.072125,0,1,0,nan,nan,358.722,358.948,0.146906,0.142586
14|705|14|705|cc|5|1|233|1|233|69.0,0,367.922,5,1,11166.525,377.072125,0,1,0,nan,nan,358.722,358.948,0.172148,0.167813
14|705|14|705|cc|6|1|233|1|233|69.0,0,383.968,6,1,11166.525,377.072125,0,1,0,nan,nan,358.722,358.948,0.472397,0.467872
14|705|14|705|cc|7|1|233|1|233|69.0,0,385.317,7,1,11166.525,377.072125,0,1,0,nan,nan,358.722,358.948,0.497639,0.493099
14|705|14|705|cc|8|1|233|1|233|69.0,0,399.588,8,1,11166.525,377.072125,0,1,0,nan,nan,358.722,358.948,0.764674,0.759966
14|705|14|705|vc|1|2|233|2|233|69.0,0,8278.6,1,2,11166.525,377.072125,1,0,0,nan,nan,10623.1,10629.8,-1.4814,-1.4847
14|705|14|705|vc|2|2|233|2|233|69.0,0,11360,2,2,11166.525,377.072125,1,0,0,nan,nan,10754.1,10758.2,0.378155,0.375469
14|705|14|705|vc|3|2|233|2|233|69.0,0,12957.5,3,2,11166.525,377.072125,1,0,0,nan,nan,10754.1,10758.2,1.37525,1.37219
14|705|14|705|vc|4|2|233|2|233|69.0,0,11835.7,4,2,11166.525,377.072125,1,0,0,nan,nan,10754.1,10758.2,0.675069,0.67227
14|705|14|705|vc|5|2|233|2|233|69.0,0,12375.3,5,2,11166.525,377.072125,1,0,0,nan,nan,10754.1,10758.2,1.01187,1.00894
14|705|14|705|vc|6|2|233|2|233|69.0,0,12176.5,6,2,11166.525,377.072125,1,0,0,nan,nan,10754.1,10758.2,0.887783,0.884904
14|705|14|705|vc|7|2|233|2|233|69.0,0,12588.3,7,2,11166.525,377.072125,1,0,0,nan,nan,10754.1,10758.2,1.14481,1.14184
14|705|14|705|vc|8|2|233|2|233|69.0,0,7760.3,8,2,11166.525,377.072125,1,0,0,nan,nan,10623.1,10629.8,-1.80889,-1.81198
14|555|14|555|sample|4|233|4|233|6.0,0.00128,24786.1,1,4,28898.775,503.381125,0,0,1,13995.5,13995.7,27454.1,27478.5,-0.652308,-0.657681
14|555|14|555|sample|4|233|4|233|6.0,0.0064,28968,2,4,28898.775,503.381125,0,0,1,14164.5,14164.7,27672.1,27708.4,0.314341,0.305145
14|555|14|555|sample|4|233|4|233|6.0,0.032,30224.7,3,4,28898.775,503.381125,0,0,1,14293.2,14293.4,27436.6,27531.8,0.682114,0.656537
14|555|14|555|sample|4|233|4|233|6.0,0.16,26994.2,4,4,28898.775,503.381125,0,0,1,14391,14391.2,25759.5,26032.8,0.321739,0.247898
14|555|14|555|sample|4|233|4|233|6.0,0.8,19617.3,5,4,28898.775,503.381125,0,0,1,14391,14391.2,20168.9,20718.9,-0.183572,-0.356884
14|555|14|555|sample|4|233|4|233|6.0,4,12261.7,6,4,28898.775,503.381125,0,0,1,14293.2,14293.4,10702.8,11164.2,0.977703,0.659869
14|555|14|555|sample|4|233|4|233|6.0,20,3868.08,7,4,28898.775,503.381125,0,0,1,14164.5,14164.7,3893.2,4028.46,-0.0433053,-0.267229
14|555|14|555|sample|4|233|4|233|6.0,100,1458.34,8,4,28898.775,503.381125,0,0,1,13995.5,13995.7,1381.29,1397.52,0.37444,0.292125
14|555|14|555|sample|3|233|3|233|6.0,0.00128,24608.6,1,3,28898.775,503.381125,0,0,1,13995.5,13995.7,27480.5,27471.3,-0.701482,-0.699474
14|555|14|555|sample|3|233|3|233|6.0,0.0064,30317,2,3,28898.775,503.381125,0,0,1,14164.5,14164.7,27772.7,27685.9,0.614918,0.637905
14|555|14|555|sample|3|233|3|233|6.0,0.032,30352.5,3,3,28898.775,503.381125,0,0,1,14293.2,14293.4,27802,27470.1,0.615777,0.704326
14|555|14|555|sample|3|233|3|233|6.0,0.16,27001.3,4,3,28898.775,503.381125,0,0,1,14293.2,14293.4,26744.8,25737,0.0643698,0.32973
14|555|14|555|sample|3|233|3|233|6.0,0.8,19262.3,5,3,28898.775,503.381125,0,0,1,14293.2,14293.4,22578.1,20542.9,-0.985774,-0.418425
14|555|14|555|sample|3|233|3|233|6.0,4,12503.1,6,3,28898.775,503.381125,0,0,1,14293.2,14293.4,12945.3,11450.5,-0.229302,0.617014
14|555|14|555|sample|3|233|3|233|6.0,20,4208.17,7,3,28898.775,503.381125,0,0,1,14164.5,14164.7,4435.13,4326.77,-0.343486,-0.183984
14|555|14|555|sample|3|233|3|233|6.0,100,1591.82,8,3,28898.775,503.381125,0,0,1,13995.5,13995.7,1385.18,1533.3,1.00135,0.256203
14|555|14|555|sample|5|233|5|233|6.0,0.00128,23770.8,1,5,28898.775,503.381125,0,0,1,13995.5,13995.7,27479.4,27476.7,-0.905895,-0.905317
14|555|14|555|sample|5|233|5|233|6.0,0.0064,28151.5,2,5,28898.775,503.381125,0,0,1,14164.5,14164.7,27770.1,27706,0.0921838,0.107928
14|555|14|555|sample|5|233|5|233|6.0,0.032,28584.6,3,5,28898.775,503.381125,0,0,1,14293.2,14293.4,27801.6,27542.9,0.189046,0.253859
14|555|14|555|sample|5|233|5|233|6.0,0.16,26270,4,5,28898.775,503.381125,0,0,1,14391,14391.2,26982.3,26150.6,-0.177191,0.0306408
14|555|14|555|sample|5|233|5|233|6.0,0.8,20440.9,5,5,28898.775,503.381125,0,0,1,14391,14391.2,23094.1,21237,-0.771155,-0.251631
14|555|14|555|sample|5|233|5|233|6.0,4,12070,6,5,28898.775,503.381125,0,0,1,14293.2,14293.4,13803.9,12054.4,-0.84315,0.0086804
14|555|14|555|sample|5|233|5|233|6.0,20,5130.46,7,5,28898.775,503.381125,0,0,1,14164.5,14164.7,5034.1,4593.45,0.128488,0.784715
14|555|14|555|sample|5|233|5|233|6.0,100,1508.04,8,5,28898.775,503.381125,0,0,1,13995.5,13995.7,1587.05,1602.64,-0.334161,-0.396222
14|555|14|555|sample|6|233|6|233|6.0,0.00128,23728.2,1,6,28898.775,503.381125,0,0,1,13995.5,13995.7,27445.5,27455.8,-0.909138,-0.911311
14|555|14|555|sample|6|233|6|233|6.0,0.0064,28329,2,6,28898.775,503.381125,0,0,1,14164.5,14164.7,27650.1,27638.3,0.164798,0.167738
14|555|14|555|sample|6|233|6|233|6.0,0.032,28769.2,3,6,28898.775,503.381125,0,0,1,14293.2,14293.4,27399.4,27339.2,0.335581,0.351102
14|555|14|555|sample|6|233|6|233|6.0,0.16,26270,4,6,28898.775,503.381125,0,0,1,14391,14391.2,25796.4,25633,0.123239,0.166809
14|555|14|555|sample|6|233|6|233|6.0,0.8,18687.2,5,6,28898.775,503.381125,0,0,1,14391,14391.2,20671.7,20402.8,-0.644378,-0.564402
14|555|14|555|sample|6|233|6|233|6.0,4,12261.7,6,6,28898.775,503.381125,0,0,1,14293.2,14293.4,11766.3,11597.1,0.282619,0.384654
14|555|14|555|sample|6|233|6|233|6.0,20,5001.24,7,6,28898.775,503.381125,0,0,1,14164.5,14164.7,4658.61,4649.49,0.493674,0.507811
14|555|14|555|sample|6|233|6|233|6.0,100,1657.85,8,6,28898.775,503.381125,0,0,1,13995.5,13995.7,1691.65,1715.64,-0.134097,-0.226085
14|555|14|555|sample|7|233|7|233|6.0,0.00128,23266.7,1,7,28898.775,503.381125,0,0,1,13995.5,13995.7,27487.6,27508.6,-1.03072,-1.03505
14|555|14|555|sample|7|233|7|233|6.0,0.0064,28897,2,7,28898.775,503.381125,0,0,1,14164.5,14164.7,27761,27818,0.27468,0.260367
14|555|14|555|sample|7|233|7|233|6.0,0.032,29181,3,7,28898.775,503.381125,0,0,1,14293.2,14293.4,27092.9,27614.7,0.517321,0.380712
14|555|14|555|sample|7|233|7|233|6.0,0.16,18176,4,7,28898.775,503.381125,0,0,1,14391,14391.2,18519.6,21007.1,-0.124553,-0.904611
14|555|14|555|sample|7|233|7|233|6.0,0.8,4345.91,5,7,28898.775,503.381125,0,0,1,14391,14391.2,3639.15,3919.75,1.30359,0.72977
14|555|14|555|sample|7|233|7|233|6.0,4,579.076,6,7,28898.775,503.381125,0,0,1,14293.2,14293.4,732.875,683.946,-1.40863,-1.02921
14|555|14|555|sample|7|233|7|233|6.0,20,511.129,7,7,28898.775,503.381125,0,0,1,14164.5,14164.7,503.832,496.927,0.0972186,0.191842
14|555|14|555|sample|7|233|7|233|6.0,100,514.679,8,7,28898.775,503.381125,0,0,1,13995.5,13995.7,482.382,482.019,0.449418,0.454808
14|555|14|555|sample|8|233|8|233|6.0,0.00128,24601.5,1,8,28898.775,503.381125,0,0,1,13995.5,13995.7,27486.4,27505.3,-0.704513,-0.708627
14|555|14|555|sample|8|233|8|233|6.0,0.0064,25545.8,2,8,28898.775,503.381125,0,0,1,14164.5,14164.7,27752.3,27778.1,-0.533684,-0.53942
14|555|14|555|sample|8|233|8|233|6.0,0.032,24601.5,3,8,28898.775,503.381125,0,0,1,14293.2,14293.4,27080.7,27213,-0.614492,-0.644139
14|555|14|555|sample|8|233|8|233|6.0,0.16,17068.4,4,8,28898.775,503.381125,0,0,1,14391,14391.2,19083.6,19468.7,-0.70881,-0.827562
14|555|14|555|sample|8|233|8|233|6.0,0.8,4732.86,5,8,28898.775,503.381125,0,0,1,14391,14391.2,4219.81,4178.68,0.8161,0.890185
14|555|14|555|sample|8|233|8|233|6.0,4,664.347,6,8,28898.775,503.381125,0,0,1,14293.2,14293.4,815.093,788.072,-1.2414,-1.05382
14|555|14|555|sample|8|233|8|233|6.0,20,531.648,7,8,28898.775,503.381125,0,0,1,14164.5,14164.7,511.998,508.425,0.257612,0.306588
14|555|14|555|sample|8|233|8|233|6.0,100,544.57,8,8,28898.775,503.381125,0,0,1,13995.5,13995.7,483.124,483.026,0.853707,0.855237
14|555|14|555|sample|9|233|9|233|6.0,0.00128,28400,1,9,28898.775,503.381125,0,0,1,13995.5,13995.7,27426.4,27476.1,0.238279,0.225696
14|555|14|555|sample|9|233|9|233|6.0,0.0064,27789.4,2,9,28898.775,503.381125,0,0,1,14164.5,14164.7,27588.3,27701.9,0.048931,0.0212023
14|555|14|555|sample|9|233|9|233|6.0,0.032,29323,3,9,28898.775,503.381125,0,0,1,14293.2,14293.4,27210.6,27519,0.521097,0.440024
14|555|14|555|sample|9|233|9|233|6.0,0.16,27988.2,4,9,28898.775,503.381125,0,0,1,14391,14391.2,25298.1,26036,0.713757,0.503287
14|555|14|555|sample|9|233|9|233|6.0,0.8,19986.5,5,9,28898.775,503.381125,0,0,1,14391,14391.2,19780.8,20861.8,0.0697897,-0.281617
14|555|14|555|sample|9|233|9|233|6.0,4,11686.6,6,9,28898.775,503.381125,0,0,1,14293.2,14293.4,11046,11497.4,0.389272,0.110478
14|555|14|555|sample|9|233|9|233|6.0,20,4575.95,7,9,28898.775,503.381125,0,0,1,14164.5,14164.7,4442.18,4266.6,0.202139,0.486671
14|555|14|555|sample|9|233|9|233|6.0,100,1463.31,8,9,28898.775,503.381125,0,0,1,13995.5,13995.7,1673.33,1489.92,-0.842478,-0.119901
14|555|14|555|sample|10|233|10|233|6.0,0.00128,29102.9,1,10,28898.775,503.381125,0,0,1,13995.5,13995.7,27472.4,27481.1,0.398382,0.396133
14|555|14|555|sample|10|233|10|233|6.0,0.0064,25950.5,2,10,28898.775,503.381125,0,0,1,14164.5,14164.7,27741.7,27720.1,-0.433386,-0.428492
14|555|14|555|sample|10|233|10|233|6.0,0.032,29216.5,3,10,28898.775,503.381125,0,0,1,14293.2,14293.4,27690.6,27582.7,0.369896,0.397579
14|555|14|555|sample|10|233|10|233|6.0,0.16,26092.5,4,10,28898.775,503.381125,0,0,1,14293.2,14293.4,26403.7,26055.9,-0.079119,0.00942686
14|555|14|555|sample|10|233|10|233|6.0,0.8,22734.2,5,10,28898.775,503.381125,0,0,1,14293.2,14293.4,21904.9,21145.1,0.25413,0.504445
14|555|14|555|sample|10|233|10|233|6.0,4,12027.4,6,10,28898.775,503.381125,0,0,1,14293.2,14293.4,12582.8,11899.7,-0.296263,0.07202
14|555|14|555|sample|10|233|10|233|6.0,20,4408.39,7,10,28898.775,503.381125,0,0,1,14164.5,14164.7,4571.53,4401.17,-0.239536,0.0110054
14|555|14|555|sample|10|233|10|233|6.0,100,1568.39,8,10,28898.775,503.381125,0,0,1,13995.5,13995.7,1508.7,1510.49,0.265544,0.257305
14|555|14|555|sample|12|233|12|233|6.0,0.00128,21044.4,1,12,28898.775,503.381125,0,0,1,13995.5,13995.7,27466.8,27452.6,-1.5695,-1.56683
14|555|14|555|sample|12|233|12|233|6.0,0.0064,21328.4,2,12,28898.775,503.381125,0,0,1,13995.5,13995.7,27161.5,26913.2,-1.44151,-1.39289
14|555|14|555|sample|12|233|12|233|6.0,0.032,18282.5,3,12,28898.775,503.381125,0,0,1,13995.5,13995.7,23726.6,22275.9,-1.54014,-1.20331
14|555|14|555|sample|12|233|12|233|6.0,0.16,8733,4,12,28898.775,503.381125,0,0,1,13995.5,13995.7,9149.66,8083.79,-0.30567,0.539069
14|555|14|555|sample|12|233|12|233|6.0,0.8,1515.14,5,12,28898.775,503.381125,0,0,1,13995.5,13995.7,1424.41,1440.35,0.427535,0.34855
14|555|14|555|sample|12|233|12|233|6.0,4,461.713,6,12,28898.775,503.381125,0,0,1,13995.5,13995.7,555.86,574.648,-1.13688,-1.31917
14|555|14|555|sample|12|233|12|233|6.0,20,405.268,7,12,28898.775,503.381125,0,0,1,13995.5,13995.7,486.971,490.324,-1.12618,-1.16438
14|555|14|555|sample|12|233|12|233|6.0,100,451.915,8,12,28898.775,503.381125,0,0,1,13995.5,13995.7,481.683,482.372,-0.414817,-0.423822
14|555|14|555|sample|11|233|11|233|6.0,0.00128,25631,1,11,28898.775,503.381125,0,0,1,13995.5,13995.7,27276.8,27423.4,-0.405006,-0.438713
14|555|14|555|sample|11|233|11|233|6.0,0.0064,26092.5,2,11,28898.775,503.381125,0,0,1,14164.5,14164.7,26351.4,27048.5,-0.0659402,-0.237251
14|555|14|555|sample|11|233|11|233|6.0,0.032,21087,3,11,28898.775,503.381125,0,0,1,14164.5,14164.7,19921.5,21885.2,0.392712,-0.244807
14|555|14|555|sample|11|233|11|233|6.0,0.16,8406.4,4,11,28898.775,503.381125,0,0,1,14164.5,14164.7,7508.02,8098.46,0.803167,0.255234
14|555|14|555|sample|11|233|11|233|6.0,0.8,1638.68,5,11,28898.775,503.381125,0,0,1,14164.5,14164.7,1753.84,1574.09,-0.440759,0.27544
14|555|14|555|sample|11|233|11|233|6.0,4,580.851,6,11,28898.775,503.381125,0,0,1,14164.5,14164.7,672.664,608.277,-0.916175,-0.302649
14|555|14|555|sample|11|233|11|233|6.0,20,445.525,7,11,28898.775,503.381125,0,0,1,14164.5,14164.7,513.413,500.392,-0.887562,-0.735995
14|555|14|555|sample|11|233|11|233|6.0,100,520.004,8,11,28898.775,503.381125,0,0,1,13995.5,13995.7,484.891,482.929,0.486072,0.515307
14|555|14|555|cc|1|1|233|1|233|69.0,0,503.674,1,1,28898.775,503.381125,0,1,0,nan,nan,478.884,479.186,0.347465,0.343019
14|555|14|555|cc|2|1|233|1|233|69.0,0,542.014,2,1,28898.775,503.381125,0,1,0,nan,nan,478.884,479.186,0.88486,0.880076
14|555|14|555|cc|3|1|233|1|233|69.0,0,537.044,3,1,28898.775,503.381125,0,1,0,nan,nan,478.884,479.186,0.815198,0.810458
14|555|14|555|cc|4|1|233|1|233|69.0,0,528.24,4,1,28898.775,503.381125,0,1,0,nan,nan,478.884,479.186,0.691796,0.687134
14|555|14|555|cc|5|1|233|1|233|69.0,0,532.429,5,1,28898.775,503.381125,0,1,0,nan,nan,478.884,479.186,0.750511,0.745812
14|555|14|555|cc|6|1|233|1|233|69.0,0,472.363,6,1,28898.775,503.381125,0,1,0,nan,nan,478.884,479.186,-0.0914081,-0.0955772
14|555|14|555|cc|7|1|233|1|233|69.0,0,472.15,7,1,28898.775,503.381125,0,1,0,nan,nan,478.884,479.186,-0.0943936,-0.0985608
14|555|14|555|cc|8|1|233|1|233|69.0,0,439.135,8,1,28898.775,503.381125,0,1,0,nan,nan,478.884,479.186,-0.557151,-0.561027
14|555|14|555|vc|1|2|233|2|233|69.0,0,27768.1,1,2,28898.775,503.381125,1,0,0,nan,nan,27492.4,27509.8,0.0673037,0.0630347
14|555|14|555|vc|2|2|233|2|233|69.0,0,28442.6,2,2,28898.775,503.381125,1,0,0,nan,nan,27831.5,27842.1,0.147372,0.144774
14|555|14|555|vc|3|2|233|2|233|69.0,0,30267.3,3,2,28898.775,503.381125,1,0,0,nan,nan,27831.5,27842.1,0.587447,0.584682
14|555|14|555|vc|4|2|233|2|233|69.0,0,29216.5,4,2,28898.775,503.381125,1,0,0,nan,nan,27831.5,27842.1,0.334019,0.331349
14|555|14|555|vc|5|2|233|2|233|69.0,0,30246,5,2,28898.775,503.381125,1,0,0,nan,nan,27831.5,27842.1,0.58231,0.579547
14|555|14|555|vc|6|2|233|2|233|69.0,0,30757.2,6,2,28898.775,503.381125,1,0,0,nan,nan,27831.5,27842.1,0.7056,0.702789
14|555|14|555|vc|7|2|233|2|233|69.0,0,29692.2,7,2,28898.775,503.381125,1,0,0,nan,nan,27831.5,27842.1,0.448747,0.446034
14|555|14|555|vc|8|2|233|2|233|69.0,0,24800.3,8,2,28898.775,503.381125,1,0,0,nan,nan,27492.4,27509.8,-0.657289,-0.661102
14|394|14|394|sample|5|42|5|42|6.0,0.00128,37381.5,1,5,39545.1875,266.9225,0,0,1,18950.3,18950.8,34912.9,34864,0.474608,0.484682
14|394|14|394|sample|5|42|5|42|6.0,0.0064,32480.5,2,5,39545.1875,266.9225,0,0,1,19179.2,19179.8,33124.2,32985.7,-0.130449,-0.102811
14|394|14|394|sample|5|42|5|42|6.0,0.032,30270.5,3,5,39545.1875,266.9225,0,0,1,19353.3,19353.9,29818.7,29546.2,0.101696,0.164542
14|394|14|394|sample|5|42|5|42|6.0,0.16,21814,4,5,39545.1875,266.9225,0,0,1,19485.8,19486.4,24853.4,24427.6,-0.820881,-0.718168
14|394|14|394|sample|5|42|5|42|6.0,0.8,17010.5,5,5,39545.1875,266.9225,0,0,1,19485.8,19486.4,18672.9,18150.1,-0.597564,-0.421435
14|394|14|394|sample|5|42|5|42|6.0,4,13721.5,6,5,39545.1875,266.9225,0,0,1,19353.3,19353.9,12568.5,12063.9,0.615742,0.922281
14|394|14|394|sample|5|42|5|42|6.0,20,8372,7,5,39545.1875,266.9225,0,0,1,19179.2,19179.8,7734.18,7336.14,0.553549,0.947773
14|394|14|394|sample|5|42|5|42|6.0,100,3641.95,8,5,39545.1875,266.9225,0,0,1,18950.3,18950.8,4481.46,4211.26,-1.25741,-0.907424
14|394|14|394|sample|6|42|6|42|6.0,0.00128,38246,1,6,39545.1875,266.9225,0,0,1,18950.3,18950.8,33300,34347.8,0.99698,0.761798
14|394|14|394|sample|6|42|6|42|6.0,0.0064,34905,2,6,39545.1875,266.9225,0,0,1,19179.2,19179.8,30875.5,32223.6,0.876007,0.558555
14|394|14|394|sample|6|42|6|42|6.0,0.032,30316,3,6,39545.1875,266.9225,0,0,1,19353.3,19353.9,27069.4,28557.8,0.805046,0.41325
14|394|14|394|sample|6|42|6|42|6.0,0.16,20819.5,4,6,39545.1875,266.9225,0,0,1,19485.8,19486.4,22060.1,23364.3,-0.377487,-0.731089
14|394|14|394|sample|6|42|6|42|6.0,0.8,15775.5,5,6,39545.1875,266.9225,0,0,1,19485.8,19486.4,16448.4,17254.8,-0.27461,-0.575474
14|394|14|394|sample|6|42|6|42|6.0,4,11706.5,6,6,39545.1875,266.9225,0,0,1,19353.3,19353.9,11243.5,11491.9,0.27638,0.125329
14|394|14|394|sample|6|42|6|42|6.0,20,8404.5,7,6,39545.1875,266.9225,0,0,1,19179.2,19179.8,7188.35,7062.55,1.13561,1.27541
14|394|14|394|sample|6|42|6|42|6.0,100,3721.9,8,6,39545.1875,266.9225,0,0,1,18950.3,18950.8,4394.41,4122.19,-1.02724,-0.651806
14|394|14|394|sample|7|42|7|42|6.0,0.00128,38109.5,1,7,39545.1875,266.9225,0,0,1,18950.3,18950.8,37389.6,37456.9,0.129247,0.116954
14|394|14|394|sample|7|42|7|42|6.0,0.0064,38857,2,7,39545.1875,266.9225,0,0,1,19179.2,19179.8,37544,37642.5,0.23474,0.216572
14|394|14|394|sample|7|42|7|42|6.0,0.032,42445,3,7,39545.1875,266.9225,0,0,1,19353.3,19353.9,37189.3,37347.3,0.948603,0.916185
14|394|14|394|sample|7|42|7|42|6.0,0.16,38883,4,7,39545.1875,266.9225,0,0,1,19485.8,19486.4,35899.5,36135.5,0.557849,0.510367
14|394|14|394|sample|7|42|7|42|6.0,0.8,33826,5,7,39545.1875,266.9225,0,0,1,19485.8,19486.4,32748.3,33016.4,0.220901,0.164585
14|394|14|394|sample|7|42|7|42|6.0,4,28483,6,7,39545.1875,266.9225,0,0,1,19353.3,19353.9,27011.8,27131.3,0.365593,0.334404
14|394|14|394|sample|7|42|7|42|6.0,20,17907.5,7,7,39545.1875,266.9225,0,0,1,19179.2,19179.8,19219.9,18990.1,-0.458332,-0.382662
14|394|14|394|sample|7|42|7|42|6.0,100,11765,8,7,39545.1875,266.9225,0,0,1,18950.3,18950.8,11518.3,11025.4,0.143783,0.450283
14|394|14|394|sample|8|42|8|42|6.0,0.00128,42640,1,8,39545.1875,266.9225,0,0,1,18950.3,18950.8,37555.7,37570.2,0.908708,0.905767
14|394|14|394|sample|8|42|8|42|6.0,0.0064,40423.5,2,8,39545.1875,266.9225,0,0,1,19179.2,19179.8,37900.7,37891.7,0.446793,0.44849
14|394|14|394|sample|8|42|8|42|6.0,0.032,39806,3,8,39545.1875,266.9225,0,0,1,19353.3,19353.9,37920.3,37870.4,0.333799,0.34308
14|394|14|394|sample|8|42|8|42|6.0,0.16,43758,4,8,39545.1875,266.9225,0,0,1,19485.8,19486.4,37279.2,37145.7,1.16653,1.19486
14|394|14|394|sample|8|42|8|42|6.0,0.8,35867,5,8,39545.1875,266.9225,0,0,1,19485.8,19486.4,34956.9,34667.4,0.174748,0.23227
14|394|14|394|sample|8|42|8|42|6.0,4,28834,6,8,39545.1875,266.9225,0,0,1,19353.3,19353.9,29558.4,29066,-0.164496,-0.0535777
14|394|14|394|sample|8|42|8|42|6.0,20,20111,7,8,39545.1875,266.9225,0,0,1,19179.2,19179.8,20702,20147.1,-0.191616,-0.0120114
14|394|14|394|sample|8|42|8|42|6.0,100,11479,8,8,39545.1875,266.9225,0,0,1,18950.3,18950.8,11291.9,10931.5,0.111223,0.336204
14|394|14|394|sample|10|42|10|42|6.0,0.00128,33767.5,1,10,39545.1875,266.9225,0,0,1,18950.3,18950.8,31624.4,29703.5,0.454883,0.918379
14|394|14|394|sample|10|42|10|42|6.0,0.0064,22964.5,2,10,39545.1875,266.9225,0,0,1,19179.2,19179.8,27503.3,25243.9,-1.10772,-0.60609
14|394|14|394|sample|10|42|10|42|6.0,0.032,16341,3,10,39545.1875,266.9225,0,0,1,19353.3,19353.9,21599,19529.5,-1.63402,-1.09589
14|394|14|394|sample|10|42|10|42|6.0,0.16,12766,4,10,39545.1875,266.9225,0,0,1,19353.3,19353.9,14925.8,13551.6,-0.971273,-0.389139
14|394|14|394|sample|10|42|10|42|6.0,0.8,8833.5,5,10,39545.1875,266.9225,0,0,1,19353.3,19353.9,9228.34,8610.04,-0.287191,0.174208
14|394|14|394|sample|10|42|10|42|6.0,4,6669,6,10,39545.1875,266.9225,0,0,1,19353.3,19353.9,5272.93,5145.58,1.77717,1.98728
14|394|14|394|sample|10|42|10|42|6.0,20,2575.3,7,10,39545.1875,266.9225,0,0,1,19179.2,19179.8,2878.08,2960.79,-0.70615,-0.873927
14|394|14|394|sample|10|42|10|42|6.0,100,1574.95,8,10,39545.1875,266.9225,0,0,1,18950.3,18950.8,1576.18,1704.82,-0.0052446,-0.511336
14|394|14|394|sample|9|42|9|42|6.0,0.00128,39286,1,9,39545.1875,266.9225,0,0,1,18950.3,18950.8,30844.4,31563,1.83704,1.6424
14|394|14|394|sample|9|42|9|42|6.0,0.0064,30569.5,2,9,39545.1875,266.9225,0,0,1,19179.2,19179.8,26654.6,27463.4,0.985863,0.759166
14|394|14|394|sample|9|42|9|42|6.0,0.032,18928,3,9,39545.1875,266.9225,0,0,1,19353.3,19353.9,20936.5,21630.6,-0.643923,-0.838649
14|394|14|394|sample|9|42|9|42|6.0,0.16,14371.5,4,9,39545.1875,266.9225,0,0,1,19485.8,19486.4,14744.4,15143.4,-0.169751,-0.342129
14|394|14|394|sample|9|42|9|42|6.0,0.8,8996,5,9,39545.1875,266.9225,0,0,1,19485.8,19486.4,9342.24,9444.82,-0.248769,-0.318968
14|394|14|394|sample|9|42|9|42|6.0,4,5444.4,6,9,39545.1875,266.9225,0,0,1,19353.3,19353.9,5475.88,5411.61,-0.0385913,0.0406754
14|394|14|394|sample|9|42|9|42|6.0,20,3246.75,7,9,39545.1875,266.9225,0,0,1,19179.2,19179.8,3091.64,2980.11,0.336752,0.600576
14|394|14|394|sample|9|42|9|42|6.0,100,1693.25,8,9,39545.1875,266.9225,0,0,1,18950.3,18950.8,1742.21,1642.54,-0.188632,0.207248
14|394|14|394|sample|12|42|12|42|6.0,0.00128,35041.5,1,12,39545.1875,266.9225,0,0,1,18950.3,18950.8,35335.5,34989.7,-0.0558472,0.0099298
14|394|14|394|sample|12|42|12|42|6.0,0.0064,35750,2,12,39545.1875,266.9225,0,0,1,18950.3,18950.8,33398.2,32873,0.472656,0.587457
14|394|14|394|sample|12|42|12|42|6.0,0.032,33351.5,3,12,39545.1875,266.9225,0,0,1,18950.3,18950.8,30167.6,29465.8,0.708419,0.885152
14|394|14|394|sample|12|42|12|42|6.0,0.16,24134.5,4,12,39545.1875,266.9225,0,0,1,18950.3,18950.8,25378.3,24598.9,-0.328979,-0.126719
14|394|14|394|sample|12|42|12|42|6.0,0.8,18018,5,12,39545.1875,266.9225,0,0,1,18950.3,18950.8,19387.5,18712.9,-0.474159,-0.249259
14|394|14|394|sample|12|42|12|42|6.0,4,12486.5,6,12,39545.1875,266.9225,0,0,1,18950.3,18950.8,13303,12873.7,-0.411979,-0.201892
14|394|14|394|sample|12|42|12|42|6.0,20,8521.5,7,12,39545.1875,266.9225,0,0,1,18950.3,18950.8,8300.01,8115.17,0.179118,0.336093
14|394|14|394|sample|12|42|12|42|6.0,100,5012.8,8,12,39545.1875,266.9225,0,0,1,18950.3,18950.8,4853.02,4820.75,0.220989,0.267413
14|394|14|394|sample|11|42|11|42|6.0,0.00128,40612,1,11,39545.1875,266.9225,0,0,1,18950.3,18950.8,35135.7,35697.1,1.04618,0.924178
14|394|14|394|sample|11|42|11|42|6.0,0.0064,40807,2,11,39545.1875,266.9225,0,0,1,19179.2,19179.8,33596.5,34355.4,1.4406,1.26052
14|394|14|394|sample|11|42|11|42|6.0,0.032,33462,3,11,39545.1875,266.9225,0,0,1,19179.2,19179.8,30413.1,31290.2,0.67291,0.465882
14|394|14|394|sample|11|42|11|42|6.0,0.16,24752,4,11,39545.1875,266.9225,0,0,1,19179.2,19179.8,25803.6,26564.6,-0.273558,-0.458014
14|394|14|394|sample|11|42|11|42|6.0,0.8,18401.5,5,11,39545.1875,266.9225,0,0,1,19179.2,19179.8,20078.5,20427.2,-0.560618,-0.665631
14|394|14|394|sample|11|42|11|42|6.0,4,15236,6,11,39545.1875,266.9225,0,0,1,19179.2,19179.8,14181.9,14014.2,0.498901,0.585205
14|394|14|394|sample|11|42|11|42|6.0,20,8359,7,11,39545.1875,266.9225,0,0,1,19179.2,19179.8,9171.52,8670.05,-0.594653,-0.240817
14|394|14|394|sample|11|42|11|42|6.0,100,5257.2,8,11,39545.1875,266.9225,0,0,1,18950.3,18950.8,5496.43,4934.67,-0.292154,0.438721
14|394|14|394|sample|3|42|3|42|63.0,0.00128,19714.5,1,3,39545.1875,266.9225,0,0,1,18950.3,18949.3,27036.6,24352.2,-1.81784,-1.27831
14|394|14|394|sample|3|42|3|42|63.0,0.0064,18492.5,2,3,39545.1875,266.9225,0,0,1,19179.2,19178.2,21418.4,19018.2,-0.916955,-0.185548
14|394|14|394|sample|3|42|3|42|63.0,0.032,11667.5,3,3,39545.1875,266.9225,0,0,1,19353.3,19352.3,15116.7,13540.1,-1.53157,-0.928303
14|394|14|394|sample|3|42|3|42|63.0,0.16,9009,4,3,39545.1875,266.9225,0,0,1,19353.3,19352.3,9507.51,8825.55,-0.351951,0.139527
14|394|14|394|sample|3|42|3|42|63.0,0.8,6145.1,5,3,39545.1875,266.9225,0,0,1,19353.3,19352.3,5536.77,5436.74,0.737484,0.874554
14|394|14|394|sample|3|42|3|42|63.0,4,4151.55,6,3,39545.1875,266.9225,0,0,1,19353.3,19352.3,3103.32,3253.09,2.26728,1.85386
14|394|14|394|sample|3|42|3|42|63.0,20,1883.7,7,3,39545.1875,266.9225,0,0,1,19179.2,19178.2,1725.47,1925.98,0.615539,-0.147363
14|394|14|394|sample|3|42|3|42|63.0,100,672.75,8,3,39545.1875,266.9225,0,0,1,18950.3,18949.3,996.123,1166.79,-2.17903,-2.84212
14|394|14|394|sample|4|42|4|42|63.0,0.00128,18733,1,4,39545.1875,266.9225,0,0,1,18950.3,18949.3,25829.4,26157.9,-1.84415,-1.90528
14|394|14|394|sample|4|42|4|42|63.0,0.0064,16620.5,2,4,39545.1875,266.9225,0,0,1,19179.2,19178.2,20851,21057,-1.36186,-1.41422
14|394|14|394|sample|4|42|4|42|63.0,0.032,13377,3,4,39545.1875,266.9225,0,0,1,19353.3,19352.3,15415.5,15449.2,-0.887618,-0.900322
14|394|14|394|sample|4|42|4|42|63.0,0.16,11953.5,4,4,39545.1875,266.9225,0,0,1,19485.8,19484.8,10493.4,10386.1,0.93399,1.01297
14|394|14|394|sample|4|42|4|42|63.0,0.8,7020,5,4,39545.1875,266.9225,0,0,1,19485.8,19484.8,6663.72,6493.94,0.358876,0.543746
14|394|14|394|sample|4|42|4|42|63.0,4,5218.2,6,4,39545.1875,266.9225,0,0,1,19353.3,19352.3,4045.59,3878.93,1.94557,2.31756
14|394|14|394|sample|4|42|4|42|63.0,20,1979.9,7,4,39545.1875,266.9225,0,0,1,19179.2,19178.2,2420.2,2286.66,-1.22116,-0.900468
14|394|14|394|sample|4|42|4|42|63.0,100,718.25,8,4,39545.1875,266.9225,0,0,1,18950.3,18949.3,1462.19,1366.75,-3.41513,-3.18487
14|394|14|394|cc|1|1|42|1|42|69.0,0,279.305,1,1,39545.1875,266.9225,0,1,0,nan,nan,253.933,254.093,0.670675,0.666026
14|394|14|394|cc|2|1|42|1|42|69.0,0,273.39,2,1,39545.1875,266.9225,0,1,0,nan,nan,253.933,254.093,0.514321,0.50977
14|394|14|394|cc|3|1|42|1|42|69.0,0,270.53,3,1,39545.1875,266.9225,0,1,0,nan,nan,253.933,254.093,0.438721,0.434218
14|394|14|394|cc|4|1|42|1|42|69.0,0,261.235,4,1,39545.1875,266.9225,0,1,0,nan,nan,253.933,254.093,0.193023,0.188674
14|394|14|394|cc|5|1|42|1|42|69.0,0,261.495,5,1,39545.1875,266.9225,0,1,0,nan,nan,253.933,254.093,0.199895,0.195543
14|394|14|394|cc|6|1|42|1|42|69.0,0,281.645,6,1,39545.1875,266.9225,0,1,0,nan,nan,253.933,254.093,0.732529,0.727841
14|394|14|394|cc|7|1|42|1|42|69.0,0,244.27,7,1,39545.1875,266.9225,0,1,0,nan,nan,253.933,254.093,-0.255421,-0.259487
14|394|14|394|cc|8|1|42|1|42|69.0,0,263.51,8,1,39545.1875,266.9225,0,1,0,nan,nan,253.933,254.093,0.253159,0.248772
14|394|14|394|vc|1|2|42|2|42|69.0,0,40183,1,2,39545.1875,266.9225,1,0,0,nan,nan,37620.7,37644.4,0.457162,0.452647
14|394|14|394|vc|2|2|42|2|42|69.0,0,39617.5,2,2,39545.1875,266.9225,1,0,0,nan,nan,38084.8,38099.2,0.270141,0.267495
14|394|14|394|vc|3|2|42|2|42|69.0,0,39240.5,3,2,39545.1875,266.9225,1,0,0,nan,nan,38084.8,38099.2,0.203696,0.201075
14|394|14|394|vc|4|2|42|2|42|69.0,0,41671.5,4,2,39545.1875,266.9225,1,0,0,nan,nan,38084.8,38099.2,0.632152,0.629369
14|394|14|394|vc|5|2|42|2|42|69.0,0,40521,5,2,39545.1875,266.9225,1,0,0,nan,nan,38084.8,38099.2,0.42938,0.426674
14|394|14|394|vc|6|2|42|2|42|69.0,0,39988,6,2,39545.1875,266.9225,1,0,0,nan,nan,38084.8,38099.2,0.33544,0.33277
14|394|14|394|vc|7|2|42|2|42|69.0,0,36250.5,7,2,39545.1875,266.9225,1,0,0,nan,nan,38084.8,38099.2,-0.323282,-0.325703
14|394|14|394|vc|8|2|42|2|42|69.0,0,38889.5,8,2,39545.1875,266.9225,1,0,0,nan,nan,37620.7,37644.4,0.226375,0.222005
14|1099|14|1099|sample|3|73|3|73|6.0,0.00128,7046,1,3,7869.875,295.221875,0,0,1,3887.32,3893.04,7063.29,6950.1,-0.0164313,0.0926227
14|1099|14|1099|sample|3|73|3|73|6.0,0.0064,7702.5,2,3,7869.875,295.221875,0,0,1,3934.28,3940,6723.48,6550.01,0.977394,1.18104
14|1099|14|1099|sample|3|73|3|73|6.0,0.032,6302.4,3,3,7869.875,295.221875,0,0,1,3970,3975.76,6026.5,5806.77,0.307301,0.572923
14|1099|14|1099|sample|3|73|3|73|6.0,0.16,4467.45,4,3,7869.875,295.221875,0,0,1,3970,3975.76,4884.45,4676.94,-0.573046,-0.300653
14|1099|14|1099|sample|3|73|3|73|6.0,0.8,3406,5,3,7869.875,295.221875,0,0,1,3970,3975.76,3518.43,3390.46,-0.214486,0.0307737
14|1099|14|1099|sample|3|73|3|73|6.0,4,2157.35,6,3,7869.875,295.221875,0,0,1,3970,3975.76,2269.6,2236.06,-0.331972,-0.236285
14|1099|14|1099|sample|3|73|3|73|6.0,20,1314.95,7,3,7869.875,295.221875,0,0,1,3934.28,3940,1366.34,1388.97,-0.252482,-0.35771
14|1099|14|1099|sample|3|73|3|73|6.0,100,977.6,8,3,7869.875,295.221875,0,0,1,3887.32,3893.04,832.088,869.464,1.17382,0.834816
14|1099|14|1099|sample|4|73|4|73|6.0,0.00128,7481.5,1,4,7869.875,295.221875,0,0,1,3887.32,3893.04,6650.42,6730.6,0.838816,0.74886
14|1099|14|1099|sample|4|73|4|73|6.0,0.0064,6643,2,4,7869.875,295.221875,0,0,1,3934.28,3940,6167.65,6256.21,0.51733,0.414984
14|1099|14|1099|sample|4|73|4|73|6.0,0.032,5935.8,3,4,7869.875,295.221875,0,0,1,3970,3975.76,5405.88,5481.33,0.657988,0.556536
14|1099|14|1099|sample|4|73|4|73|6.0,0.16,4124.9,4,4,7869.875,295.221875,0,0,1,3997.18,4002.97,4406.88,4441.39,-0.429502,-0.478315
14|1099|14|1099|sample|4|73|4|73|6.0,0.8,3175.25,5,4,7869.875,295.221875,0,0,1,3997.18,4002.97,3301.8,3282.84,-0.257275,-0.21998
14|1099|14|1099|sample|4|73|4|73|6.0,4,2295.8,6,4,7869.875,295.221875,0,0,1,3970,3975.76,2296.83,2239.23,-0.00301886,0.16958
14|1099|14|1099|sample|4|73|4|73|6.0,20,1472.9,7,4,7869.875,295.221875,0,0,1,3934.28,3940,1532.11,1462.76,-0.259401,0.0465245
14|1099|14|1099|sample|4|73|4|73|6.0,100,1016.6,8,4,7869.875,295.221875,0,0,1,3887.32,3893.04,1016.98,955.567,-0.00252927,0.42872
14|1099|14|1099|sample|5|73|5|73|6.0,0.00128,2156.7,1,5,7869.875,295.221875,0,0,1,3887.32,3893.04,5411.91,5641.77,-4.03739,-4.14638
14|1099|14|1099|sample|5|73|5|73|6.0,0.0064,4521.4,2,5,7869.875,295.221875,0,0,1,3934.28,3940,4946.58,5149.05,-0.576947,-0.818212
14|1099|14|1099|sample|5|73|5|73|6.0,0.032,4678.7,3,5,7869.875,295.221875,0,0,1,3970,3975.76,4403.78,4556.44,0.419033,0.180105
14|1099|14|1099|sample|5|73|5|73|6.0,0.16,4338.1,4,5,7869.875,295.221875,0,0,1,3997.18,4002.97,3818.46,3905.45,0.913463,0.743599
14|1099|14|1099|sample|5|73|5|73|6.0,0.8,3880.5,5,5,7869.875,295.221875,0,0,1,3997.18,4002.97,3212.58,3229.84,1.39555,1.35222
14|1099|14|1099|sample|5|73|5|73|6.0,4,2618.2,6,5,7869.875,295.221875,0,0,1,3970,3975.76,2629.78,2586.45,-0.0295615,0.0824001
14|1099|14|1099|sample|5|73|5|73|6.0,20,2187.25,7,5,7869.875,295.221875,0,0,1,3934.28,3940,2113.71,2027.3,0.23355,0.529594
14|1099|14|1099|sample|5|73|5|73|6.0,100,1243.45,8,5,7869.875,295.221875,0,0,1,3887.32,3893.04,1676.45,1566.77,-1.73367,-1.38517
14|1099|14|1099|sample|6|73|6|73|6.0,0.00128,2173.6,1,6,7869.875,295.221875,0,0,1,3887.32,3893.04,5506.69,5661.73,-4.06283,-4.13538
14|1099|14|1099|sample|6|73|6|73|6.0,0.0064,4706,2,6,7869.875,295.221875,0,0,1,3934.28,3940,5085.51,5207.59,-0.500907,-0.64652
14|1099|14|1099|sample|6|73|6|73|6.0,0.032,4895.8,3,6,7869.875,295.221875,0,0,1,3970,3975.76,4587.77,4660.07,0.45067,0.33954
14|1099|14|1099|sample|6|73|6|73|6.0,0.16,4835.35,4,6,7869.875,295.221875,0,0,1,3997.18,4002.97,4041.75,4053.25,1.31796,1.29519
14|1099|14|1099|sample|6|73|6|73|6.0,0.8,3753.1,5,6,7869.875,295.221875,0,0,1,3997.18,4002.97,3461.92,3411.51,0.564569,0.672096
14|1099|14|1099|sample|6|73|6|73|6.0,4,2828.8,6,6,7869.875,295.221875,0,0,1,3970,3975.76,2887.93,2785.26,-0.137444,0.104928
14|1099|14|1099|sample|6|73|6|73|6.0,20,2241.2,7,6,7869.875,295.221875,0,0,1,3934.28,3940,2364.68,2226.04,-0.350513,0.045714
14|1099|14|1099|sample|6|73|6|73|6.0,100,1610.7,8,6,7869.875,295.221875,0,0,1,3887.32,3893.04,1907.34,1751.21,-1.04393,-0.538554
14|1099|14|1099|sample|8|73|8|73|6.0,0.00128,3918.2,1,8,7869.875,295.221875,0,0,1,3887.32,3893.04,7473.18,7466.58,-3.19304,-3.18993
14|1099|14|1099|sample|8|73|8|73|6.0,0.0064,7462,2,8,7869.875,295.221875,0,0,1,3934.28,3940,7541.41,7518.77,-0.07068,-0.0506798
14|1099|14|1099|sample|8|73|8|73|6.0,0.032,7241,3,8,7869.875,295.221875,0,0,1,3970,3975.76,7545.63,7492.24,-0.270984,-0.225089
14|1099|14|1099|sample|8|73|8|73|6.0,0.16,6539,4,8,7869.875,295.221875,0,0,1,3997.18,4002.97,7422.34,7313.43,-0.798837,-0.71078
14|1099|14|1099|sample|8|73|8|73|6.0,0.8,6792.5,5,8,7869.875,295.221875,0,0,1,3997.18,4002.97,6979.01,6792.9,-0.17938,-0.000393571
14|1099|14|1099|sample|8|73|8|73|6.0,4,6191.9,6,8,7869.875,295.221875,0,0,1,3970,3975.76,5959.53,5729.41,0.261721,0.541838
14|1099|14|1099|sample|8|73|8|73|6.0,20,4473.95,7,8,7869.875,295.221875,0,0,1,3934.28,3940,4292.11,4145.42,0.284379,0.531966
14|1099|14|1099|sample|8|73|8|73|6.0,100,2483.65,8,8,7869.875,295.221875,0,0,1,3887.32,3893.04,2495.04,2506.09,-0.0306316,-0.0600929
14|1099|14|1099|sample|7|73|7|73|6.0,0.00128,4726.8,1,7,7869.875,295.221875,0,0,1,3887.32,3893.04,6294.09,6206.02,-1.67143,-1.5999
14|1099|14|1099|sample|7|73|7|73|6.0,0.0064,5435.3,2,7,7869.875,295.221875,0,0,1,3934.28,3940,6063.71,5950.29,-0.69563,-0.580942
14|1099|14|1099|sample|7|73|7|73|6.0,0.032,5294.9,3,7,7869.875,295.221875,0,0,1,3970,3975.76,5754.23,5614.5,-0.535812,-0.382089
14|1099|14|1099|sample|7|73|7|73|6.0,0.16,6222.45,4,7,7869.875,295.221875,0,0,1,3997.18,4002.97,5373.18,5207.93,1.06093,1.30758
14|1099|14|1099|sample|7|73|7|73|6.0,0.8,5335.85,5,7,7869.875,295.221875,0,0,1,3997.18,4002.97,4906.51,4720.18,0.587355,0.875508
14|1099|14|1099|sample|7|73|7|73|6.0,4,4543.5,6,7,7869.875,295.221875,0,0,1,3970,3975.76,4376.67,4176.49,0.255862,0.589838
14|1099|14|1099|sample|7|73|7|73|6.0,20,3995.55,7,7,7869.875,295.221875,0,0,1,3934.28,3940,3830.04,3624.09,0.29007,0.687999
14|1099|14|1099|sample|7|73|7|73|6.0,100,2592.2,8,7,7869.875,295.221875,0,0,1,3887.32,3893.04,3287.15,3084.45,-1.41908,-1.07122
14|1099|14|1099|sample|9|73|9|73|6.0,0.00128,7325.5,1,9,7869.875,295.221875,0,0,1,3887.32,3893.04,6674.58,6711.28,0.6546,0.614318
14|1099|14|1099|sample|9|73|9|73|6.0,0.0064,5971.55,2,9,7869.875,295.221875,0,0,1,3934.28,3940,6202.37,6234.01,-0.249802,-0.282599
14|1099|14|1099|sample|9|73|9|73|6.0,0.032,5183.75,3,9,7869.875,295.221875,0,0,1,3970,3975.76,5450.07,5462.01,-0.327995,-0.341962
14|1099|14|1099|sample|9|73|9|73|6.0,0.16,4508.4,4,9,7869.875,295.221875,0,0,1,3997.18,4002.97,4454.73,4432.53,0.0808731,0.114887
14|1099|14|1099|sample|9|73|9|73|6.0,0.8,3333.85,5,9,7869.875,295.221875,0,0,1,3997.18,4002.97,3344.55,3287.98,-0.0214817,0.0936346
14|1099|14|1099|sample|9|73|9|73|6.0,4,2406.3,6,9,7869.875,295.221875,0,0,1,3970,3975.76,2328.42,2254.44,0.22452,0.45213
14|1099|14|1099|sample|9|73|9|73|6.0,20,1592.5,7,9,7869.875,295.221875,0,0,1,3934.28,3940,1552.04,1480.86,0.175003,0.50605
14|1099|14|1099|sample|9|73|9|73|6.0,100,912.6,8,9,7869.875,295.221875,0,0,1,3887.32,3893.04,1028.12,971.416,-0.754203,-0.406407
14|1099|14|1099|sample|10|73|10|73|6.0,0.00128,7078.5,1,10,7869.875,295.221875,0,0,1,3887.32,3893.04,6332.44,6547.06,0.790812,0.544849
14|1099|14|1099|sample|10|73|10|73|6.0,0.0064,6256.25,2,10,7869.875,295.221875,0,0,1,3934.28,3940,5806.36,6048.67,0.52009,0.23035
14|1099|14|1099|sample|10|73|10|73|6.0,0.032,5591.3,3,10,7869.875,295.221875,0,0,1,3970,3975.76,5067.05,5298.61,0.69447,0.370776
14|1099|14|1099|sample|10|73|10|73|6.0,0.16,4080.05,4,10,7869.875,295.221875,0,0,1,3970,3975.76,4144.2,4315.55,-0.103907,-0.366297
14|1099|14|1099|sample|10|73|10|73|6.0,0.8,3553.55,5,10,7869.875,295.221875,0,0,1,3970,3975.76,3199.44,3280.86,0.742922,0.557892
14|1099|14|1099|sample|10|73|10|73|6.0,4,1853.8,6,10,7869.875,295.221875,0,0,1,3970,3975.76,2351.06,2349.07,-1.41968,-1.41521
14|1099|14|1099|sample|10|73|10|73|6.0,20,1829.75,7,10,7869.875,295.221875,0,0,1,3934.28,3940,1659.01,1606.08,0.690796,0.93479
14|1099|14|1099|sample|10|73|10|73|6.0,100,1097.2,8,10,7869.875,295.221875,0,0,1,3887.32,3893.04,1158.66,1088.55,-0.356074,0.0533128
14|1099|14|1099|sample|11|73|11|73|6.0,0.00128,7644,1,11,7869.875,295.221875,0,0,1,3887.32,3893.04,7405.01,7407.97,0.216637,0.213862
14|1099|14|1099|sample|11|73|11|73|6.0,0.0064,7397,2,11,7869.875,295.221875,0,0,1,3934.28,3940,7409.21,7408.63,-0.011059,-0.010537
14|1099|14|1099|sample|11|73|11|73|6.0,0.032,6766.5,3,11,7869.875,295.221875,0,0,1,3934.28,3940,7234.96,7231.21,-0.434615,-0.431362
14|1099|14|1099|sample|11|73|11|73|6.0,0.16,7202,4,11,7869.875,295.221875,0,0,1,3934.28,3940,6898.85,6889.65,0.294953,0.304314
14|1099|14|1099|sample|11|73|11|73|6.0,0.8,6379.75,5,11,7869.875,295.221875,0,0,1,3934.28,3940,6295.06,6277.86,0.0903002,0.10894
14|1099|14|1099|sample|11|73|11|73|6.0,4,5507.45,6,11,7869.875,295.221875,0,0,1,3934.28,3940,5337.24,5311.54,0.214069,0.247572
14|1099|14|1099|sample|11|73|11|73|6.0,20,4337.45,7,11,7869.875,295.221875,0,0,1,3934.28,3940,4081.54,4051.84,0.42085,0.473151
14|1099|14|1099|sample|11|73|11|73|6.0,100,2754.05,8,11,7869.875,295.221875,0,0,1,3887.32,3893.04,2756.85,2731.8,-0.00682713,0.0546608
14|1099|14|1099|sample|12|73|12|73|6.0,0.00128,8274.5,1,12,7869.875,295.221875,0,0,1,3887.32,3893.04,7366.49,7356.25,0.827371,0.837873
14|1099|14|1099|sample|12|73|12|73|6.0,0.0064,6929,2,12,7869.875,295.221875,0,0,1,3887.32,3893.04,7260.03,7237.94,-0.306053,-0.286505
14|1099|14|1099|sample|12|73|12|73|6.0,0.032,7247.5,3,12,7869.875,295.221875,0,0,1,3887.32,3893.04,7064.85,7022.92,0.17354,0.21465
14|1099|14|1099|sample|12|73|12|73|6.0,0.16,7312.5,4,12,7869.875,295.221875,0,0,1,3887.32,3893.04,6720.06,6647.63,0.591756,0.671345
14|1099|14|1099|sample|12|73|12|73|6.0,0.8,6961.5,5,12,7869.875,295.221875,0,0,1,3887.32,3893.04,6149.13,6036.68,0.886778,1.02833
14|1099|14|1099|sample|12|73|12|73|6.0,4,4681.95,6,12,7869.875,295.221875,0,0,1,3887.32,3893.04,5297.82,5146.62,-0.780305,-0.606036
14|1099|14|1099|sample|12|73|12|73|6.0,20,3630.9,7,12,7869.875,295.221875,0,0,1,3887.32,3893.04,4208.1,4039.38,-0.920691,-0.678782
14|1099|14|1099|sample|12|73|12|73|6.0,100,3244.15,8,12,7869.875,295.221875,0,0,1,3887.32,3893.04,3056.26,2903.67,0.412652,0.787084
14|1099|14|1099|cc|1|1|73|1|73|69.0,0,283.465,1,1,7869.875,295.221875,0,1,0,nan,nan,280.846,281.023,0.0625977,0.0583293
14|1099|14|1099|cc|2|1|73|1|73|69.0,0,291.915,2,1,7869.875,295.221875,0,1,0,nan,nan,280.846,281.023,0.264556,0.26016
14|1099|14|1099|cc|3|1|73|1|73|69.0,0,306.605,3,1,7869.875,295.221875,0,1,0,nan,nan,280.846,281.023,0.615652,0.611035
14|1099|14|1099|cc|4|1|73|1|73|69.0,0,277.095,4,1,7869.875,295.221875,0,1,0,nan,nan,280.846,281.023,-0.0896475,-0.09382
14|1099|14|1099|cc|5|1|73|1|73|69.0,0,283.14,5,1,7869.875,295.221875,0,1,0,nan,nan,280.846,281.023,0.0548301,0.0505666
14|1099|14|1099|cc|6|1|73|1|73|69.0,0,296.92,6,1,7869.875,295.221875,0,1,0,nan,nan,280.846,281.023,0.384177,0.379706
14|1099|14|1099|cc|7|1|73|1|73|69.0,0,290.745,7,1,7869.875,295.221875,0,1,0,nan,nan,280.846,281.023,0.236592,0.232214
14|1099|14|1099|cc|8|1|73|1|73|69.0,0,331.89,8,1,7869.875,295.221875,0,1,0,nan,nan,280.846,281.023,1.21997,1.21497
14|1099|14|1099|vc|1|2|73|2|73|69.0,0,7826,1,2,7869.875,295.221875,1,0,0,nan,nan,7486.65,7491.37,0.304254,0.299834
14|1099|14|1099|vc|2|2|73|2|73|69.0,0,7676.5,2,2,7869.875,295.221875,1,0,0,nan,nan,7578.87,7581.74,0.0864692,0.0838908
14|1099|14|1099|vc|3|2|73|2|73|69.0,0,7787,3,2,7869.875,295.221875,1,0,0,nan,nan,7578.87,7581.74,0.184335,0.181719
14|1099|14|1099|vc|4|2|73|2|73|69.0,0,8339.5,4,2,7869.875,295.221875,1,0,0,nan,nan,7578.87,7581.74,0.673663,0.670862
14|1099|14|1099|vc|5|2|73|2|73|69.0,0,7150,5,2,7869.875,295.221875,1,0,0,nan,nan,7578.87,7581.74,-0.379832,-0.382234
14|1099|14|1099|vc|6|2|73|2|73|69.0,0,7995,6,2,7869.875,295.221875,1,0,0,nan,nan,7578.87,7581.74,0.368553,0.365867
14|1099|14|1099|vc|7|2|73|2|73|69.0,0,8664.5,7,2,7869.875,295.221875,1,0,0,nan,nan,7578.87,7581.74,0.961504,0.958593
14|1099|14|1099|vc|8|2|73|2|73|69.0,0,7520.5,8,2,7869.875,295.221875,1,0,0,nan,nan,7486.65,7491.37,0.0303515,0.0261034
14|611|14|611|sample|4|73|4|73|6.0,0.00128,8222.5,1,4,9355.125,389.553125,0,0,1,4639.15,5111.71,9757.42,9793.23,-1.0559,-1.07659
14|611|14|611|sample|4|73|4|73|6.0,0.0064,9906,2,4,9355.125,389.553125,0,0,1,4695.19,5056.13,9660.22,9675.02,0.170778,0.160247
14|611|14|611|sample|4|73|4|73|6.0,0.032,10530,3,4,9355.125,389.553125,0,0,1,4737.82,5013.86,9585.82,9563.01,0.661145,0.678731
14|611|14|611|sample|4|73|4|73|6.0,0.16,10068.5,4,4,9355.125,389.553125,0,0,1,4770.26,4981.7,9525.92,9419.63,0.382322,0.462377
14|611|14|611|sample|4|73|4|73|6.0,0.8,9295,5,4,9355.125,389.553125,0,0,1,4770.26,4981.7,9504.31,9206.27,-0.147821,0.0646902
14|611|14|611|sample|4|73|4|73|6.0,4,8489,6,4,9355.125,389.553125,0,0,1,4737.82,5013.86,9444.89,8735.99,-0.679331,-0.189773
14|611|14|611|sample|4|73|4|73|6.0,20,7923.5,7,4,9355.125,389.553125,0,0,1,4695.19,5056.13,8940.49,7646.96,-0.763535,0.242737
14|611|14|611|sample|4|73|4|73|6.0,100,6156.15,8,4,9355.125,389.553125,0,0,1,4639.15,5111.71,6841.74,5748.08,-0.67262,0.476525
14|611|14|611|sample|3|73|3|73|6.0,0.00128,9132.5,1,3,9355.125,389.553125,0,0,1,4639.15,5111.71,9757.45,9800.14,-0.429916,-0.457279
14|611|14|611|sample|3|73|3|73|6.0,0.0064,10361,2,3,9355.125,389.553125,0,0,1,4695.19,5056.13,9660.39,9693.06,0.486801,0.46254
14|611|14|611|sample|3|73|3|73|6.0,0.032,10159.5,3,3,9355.125,389.553125,0,0,1,4737.82,5013.86,9586.74,9609.49,0.401027,0.38419
14|611|14|611|sample|3|73|3|73|6.0,0.16,10634,4,3,9355.125,389.553125,0,0,1,4737.82,5013.86,9586.61,9597.15,0.733361,0.725179
14|611|14|611|sample|3|73|3|73|6.0,0.8,10543,5,3,9355.125,389.553125,0,0,1,4737.82,5013.86,9584.62,9537.38,0.671177,0.707747
14|611|14|611|sample|3|73|3|73|6.0,4,9542,6,3,9355.125,389.553125,0,0,1,4737.82,5013.86,9555.22,9256.24,-0.00928961,0.207225
14|611|14|611|sample|3|73|3|73|6.0,20,8385,7,3,9355.125,389.553125,0,0,1,4695.19,5056.13,9210.71,8167.7,-0.601738,0.178576
14|611|14|611|sample|3|73|3|73|6.0,100,5422.95,8,3,9355.125,389.553125,0,0,1,4639.15,5111.71,5731.18,5202.68,-0.360996,0.28419
14|611|14|611|sample|5|73|5|73|6.0,0.00128,7332,1,5,9355.125,389.553125,0,0,1,4639.15,5111.71,9752.62,9794.88,-1.66601,-1.68778
14|611|14|611|sample|5|73|5|73|6.0,0.0064,11089,2,5,9355.125,389.553125,0,0,1,4695.19,5056.13,9644.48,9675.83,1.00535,0.980341
14|611|14|611|sample|5|73|5|73|6.0,0.032,11245,3,5,9355.125,389.553125,0,0,1,4737.82,5013.86,9534.33,9553.42,1.20434,1.18852
14|611|14|611|sample|5|73|5|73|6.0,0.16,11004.5,4,5,9355.125,389.553125,0,0,1,4770.26,4981.7,9359.5,9356.38,1.17974,1.18237
14|611|14|611|sample|5|73|5|73|6.0,0.8,9509.5,5,5,9355.125,389.553125,0,0,1,4770.26,4981.7,8983.81,8928.94,0.392774,0.436436
14|611|14|611|sample|5|73|5|73|6.0,4,7117.5,6,5,9355.125,389.553125,0,0,1,4737.82,5013.86,7978.18,7801.68,-0.724122,-0.588647
14|611|14|611|sample|5|73|5|73|6.0,20,5870.8,7,5,9355.125,389.553125,0,0,1,4695.19,5056.13,5826.95,5506.64,0.0505174,0.443896
14|611|14|611|sample|5|73|5|73|6.0,100,2986.75,8,5,9355.125,389.553125,0,0,1,4639.15,5111.71,3198.9,2915.65,-0.445163,0.163676
14|611|14|611|sample|6|73|6|73|6.0,0.00128,8183.5,1,6,9355.125,389.553125,0,0,1,4639.15,5111.71,9757.27,9799.24,-1.08264,-1.10676
14|611|14|611|sample|6|73|6|73|6.0,0.0064,11836.5,2,6,9355.125,389.553125,0,0,1,4695.19,5056.13,9659.41,9689.48,1.51286,1.48733
14|611|14|611|sample|6|73|6|73|6.0,0.032,11141,3,6,9355.125,389.553125,0,0,1,4737.82,5013.86,9581.6,9595.23,1.09242,1.08134
14|611|14|611|sample|6|73|6|73|6.0,0.16,10679.5,4,6,9355.125,389.553125,0,0,1,4770.26,4981.7,9503.87,9479.45,0.830317,0.849741
14|611|14|611|sample|6|73|6|73|6.0,0.8,9431.5,5,6,9355.125,389.553125,0,0,1,4770.26,4981.7,9389.79,9260.8,0.0298192,0.123724
14|611|14|611|sample|6|73|6|73|6.0,4,8131.5,6,6,9355.125,389.553125,0,0,1,4737.82,5013.86,8882.67,8509.4,-0.567636,-0.298095
14|611|14|611|sample|6|73|6|73|6.0,20,6818.5,7,6,9355.125,389.553125,0,0,1,4695.19,5056.13,6836.71,6339.81,-0.0178751,0.506819
14|611|14|611|sample|6|73|6|73|6.0,100,3272.1,8,6,9355.125,389.553125,0,0,1,4639.15,5111.71,3227.38,3219.08,0.0930059,0.110548
14|611|14|611|sample|7|73|7|73|6.0,0.00128,8190,1,7,9355.125,389.553125,0,0,1,4639.15,5111.71,9757.38,9798.68,-1.07824,-1.10198
14|611|14|611|sample|7|73|7|73|6.0,0.0064,11719.5,2,7,9355.125,389.553125,0,0,1,4695.19,5056.13,9660.04,9688.24,1.43102,1.40732
14|611|14|611|sample|7|73|7|73|6.0,0.032,11687,3,7,9355.125,389.553125,0,0,1,4737.82,5013.86,9584.99,9593.82,1.47202,1.4645
14|611|14|611|sample|7|73|7|73|6.0,0.16,10393.5,4,7,9355.125,389.553125,0,0,1,4770.26,4981.7,9522.03,9486.2,0.614325,0.641991
14|611|14|611|sample|7|73|7|73|6.0,0.8,10146.5,5,7,9355.125,389.553125,0,0,1,4770.26,4981.7,9486.23,9329.49,0.467196,0.587818
14|611|14|611|sample|7|73|7|73|6.0,4,8924.5,6,7,9355.125,389.553125,0,0,1,4737.82,5013.86,9363.73,8881.14,-0.314859,0.0327676
14|611|14|611|sample|7|73|7|73|6.0,20,7598.5,7,7,9355.125,389.553125,0,0,1,4695.19,5056.13,8624.37,7550.41,-0.798434,0.0427502
14|611|14|611|sample|7|73|7|73|6.0,100,5283.85,8,7,9355.125,389.553125,0,0,1,4639.15,5111.71,6115.97,5007.99,-0.913259,0.369738
14|611|14|611|sample|8|73|8|73|6.0,0.00128,9054.5,1,8,9355.125,389.553125,0,0,1,4639.15,5111.71,9757.45,9800.25,-0.483573,-0.510771
14|611|14|611|sample|8|73|8|73|6.0,0.0064,10913.5,2,8,9355.125,389.553125,0,0,1,4695.19,5056.13,9660.39,9693.56,0.870694,0.844747
14|611|14|611|sample|8|73|8|73|6.0,0.032,12870,3,8,9355.125,389.553125,0,0,1,4737.82,5013.86,9586.75,9611.8,2.29882,2.27533
14|611|14|611|sample|8|73|8|73|6.0,0.16,11030.5,4,8,9355.125,389.553125,0,0,1,4770.26,4981.7,9530.86,9546.19,1.05615,1.04368
14|611|14|611|sample|8|73|8|73|6.0,0.8,10770.5,5,8,9355.125,389.553125,0,0,1,4770.26,4981.7,9530.73,9523.82,0.87315,0.878653
14|611|14|611|sample|8|73|8|73|6.0,4,10413,6,8,9355.125,389.553125,0,0,1,4737.82,5013.86,9584.76,9460.22,0.580023,0.676024
14|611|14|611|sample|8|73|8|73|6.0,20,8690.5,7,8,9355.125,389.553125,0,0,1,4695.19,5056.13,9633.41,8887.86,-0.656995,-0.14905
14|611|14|611|sample|8|73|8|73|6.0,100,6922.5,8,8,9355.125,389.553125,0,0,1,4639.15,5111.71,9401.9,6523.31,-1.77012,0.410755
14|611|14|611|sample|9|73|9|73|6.0,0.00128,10101,1,9,9355.125,389.553125,0,0,1,4639.15,5111.71,9679.32,9703.62,0.292423,0.274882
14|611|14|611|sample|9|73|9|73|6.0,0.0064,9516,2,9,9355.125,389.553125,0,0,1,4695.19,5056.13,9439.4,9431.23,0.0544707,0.0603294
14|611|14|611|sample|9|73|9|73|6.0,0.032,9340.5,3,9,9355.125,389.553125,0,0,1,4737.82,5013.86,8977.93,8920.02,0.271072,0.316411
14|611|14|611|sample|9|73|9|73|6.0,0.16,7949.5,4,9,9355.125,389.553125,0,0,1,4770.26,4981.7,7971.13,7855.87,-0.0182123,0.0799969
14|611|14|611|sample|9|73|9|73|6.0,0.8,5449.6,5,9,9355.125,389.553125,0,0,1,4770.26,4981.7,6115.31,5995.52,-0.730702,-0.611192
14|611|14|611|sample|9|73|9|73|6.0,4,3717.35,6,9,9355.125,389.553125,0,0,1,4737.82,5013.86,3764.16,3722.6,-0.0834706,-0.00947198
14|611|14|611|sample|9|73|9|73|6.0,20,2372.5,7,9,9355.125,389.553125,0,0,1,4695.19,5056.13,1946.41,1969.65,1.46939,1.37284
14|611|14|611|sample|9|73|9|73|6.0,100,865.15,8,9,9355.125,389.553125,0,0,1,4639.15,5111.71,1018.26,1051.43,-1.00928,-1.18922
14|611|14|611|sample|10|73|10|73|6.0,0.00128,9191,1,10,9355.125,389.553125,0,0,1,4639.15,5111.71,9701.75,9738.66,-0.353371,-0.377469
14|611|14|611|sample|10|73|10|73|6.0,0.0064,10439,2,10,9355.125,389.553125,0,0,1,4695.19,5056.13,9502.95,9519.56,0.661172,0.648301
14|611|14|611|sample|10|73|10|73|6.0,0.032,8762,3,10,9355.125,389.553125,0,0,1,4737.82,5013.86,9149.7,9130.21,-0.284418,-0.270701
14|611|14|611|sample|10|73|10|73|6.0,0.16,7709,4,10,9355.125,389.553125,0,0,1,4737.82,5013.86,8429.02,8343.01,-0.573373,-0.510092
14|611|14|611|sample|10|73|10|73|6.0,0.8,5874.7,5,10,9355.125,389.553125,0,0,1,4737.82,5013.86,6887.2,6700.56,-0.986793,-0.827311
14|611|14|611|sample|10|73|10|73|6.0,4,4806.1,6,10,9355.125,389.553125,0,0,1,4737.82,5013.86,4575.79,4345.11,0.337842,0.712129
14|611|14|611|sample|10|73|10|73|6.0,20,2637.7,7,10,9355.125,389.553125,0,0,1,4695.19,5056.13,2482.12,2320.17,0.42074,0.918619
14|611|14|611|sample|10|73|10|73|6.0,100,1036.75,8,10,9355.125,389.553125,0,0,1,4639.15,5111.71,1267.27,1190.67,-1.22098,-0.867703
14|611|14|611|sample|12|73|12|73|6.0,0.00128,9633,1,12,9355.125,389.553125,0,0,1,4639.15,5111.71,9757.44,9795.43,-0.0856016,-0.111303
14|611|14|611|sample|12|73|12|73|6.0,0.0064,10757.5,2,12,9355.125,389.553125,0,0,1,4639.15,5111.71,9757.34,9785.83,0.688035,0.666491
14|611|14|611|sample|12|73|12|73|6.0,0.032,11349,3,12,9355.125,389.553125,0,0,1,4639.15,5111.71,9756.71,9757.31,1.09545,1.09497
14|611|14|611|sample|12|73|12|73|6.0,0.16,9652.5,4,12,9355.125,389.553125,0,0,1,4639.15,5111.71,9752.54,9673.26,-0.0688555,-0.014403
14|611|14|611|sample|12|73|12|73|6.0,0.8,9555,5,12,9355.125,389.553125,0,0,1,4639.15,5111.71,9725.15,9431.25,-0.117437,0.0880721
14|611|14|611|sample|12|73|12|73|6.0,4,8632,6,12,9355.125,389.553125,0,0,1,4639.15,5111.71,9548.36,8779.07,-0.644183,-0.112445
14|611|14|611|sample|12|73|12|73|6.0,20,7735,7,12,9355.125,389.553125,0,0,1,4639.15,5111.71,8531.54,7294.83,-0.626693,0.405021
14|611|14|611|sample|12|73|12|73|6.0,100,5118.75,8,12,9355.125,389.553125,0,0,1,4639.15,5111.71,5095.62,4914.68,0.0304656,0.278718
14|611|14|611|sample|11|73|11|73|6.0,0.00128,9834.5,1,11,9355.125,389.553125,0,0,1,4639.15,5111.71,9757.44,9800.24,0.0530103,0.0234632
14|611|14|611|sample|11|73|11|73|6.0,0.0064,11843,2,11,9355.125,389.553125,0,0,1,4695.19,5056.13,9660.32,9693.53,1.5166,1.48841
14|611|14|611|sample|11|73|11|73|6.0,0.032,10634,3,11,9355.125,389.553125,0,0,1,4695.19,5056.13,9659.96,9692.59,0.676822,0.651942
14|611|14|611|sample|11|73|11|73|6.0,0.16,11056.5,4,11,9355.125,389.553125,0,0,1,4695.19,5056.13,9657.75,9686.91,0.972159,0.949028
14|611|14|611|sample|11|73|11|73|6.0,0.8,10107.5,5,11,9355.125,389.553125,0,0,1,4695.19,5056.13,9644.33,9652.49,0.322357,0.316416
14|611|14|611|sample|11|73|11|73|6.0,4,8976.5,6,11,9355.125,389.553125,0,0,1,4695.19,5056.13,9563.63,9448.69,-0.412082,-0.335441
14|611|14|611|sample|11|73|11|73|6.0,20,9022,7,11,9355.125,389.553125,0,0,1,4695.19,5056.13,9101.92,8380.78,-0.0589379,0.513568
14|611|14|611|sample|11|73|11|73|6.0,100,5258.5,8,11,9355.125,389.553125,0,0,1,4639.15,5111.71,7133.78,5106.86,-1.76449,0.199314
14|611|14|611|cc|1|1|73|1|73|69.0,0,395.135,1,1,9355.125,389.553125,0,1,0,nan,nan,406.306,408.089,-0.184554,-0.213076
14|611|14|611|cc|2|1|73|1|73|69.0,0,393.25,2,1,9355.125,389.553125,0,1,0,nan,nan,406.306,408.089,-0.215695,-0.24408
14|611|14|611|cc|3|1|73|1|73|69.0,0,376.025,3,1,9355.125,389.553125,0,1,0,nan,nan,406.306,408.089,-0.500257,-0.5274
14|611|14|611|cc|4|1|73|1|73|69.0,0,369.525,4,1,9355.125,389.553125,0,1,0,nan,nan,406.306,408.089,-0.60764,-0.634313
14|611|14|611|cc|5|1|73|1|73|69.0,0,397.475,5,1,9355.125,389.553125,0,1,0,nan,nan,406.306,408.089,-0.145896,-0.174587
14|611|14|611|cc|6|1|73|1|73|69.0,0,381.03,6,1,9355.125,389.553125,0,1,0,nan,nan,406.306,408.089,-0.417573,-0.445077
14|611|14|611|cc|7|1|73|1|73|69.0,0,395.655,7,1,9355.125,389.553125,0,1,0,nan,nan,406.306,408.089,-0.175963,-0.204523
14|611|14|611|cc|8|1|73|1|73|69.0,0,408.33,8,1,9355.125,389.553125,0,1,0,nan,nan,406.306,408.089,0.0334322,0.00395771
14|611|14|611|vc|1|2|73|2|73|69.0,0,7962.5,1,2,9355.125,389.553125,1,0,0,nan,nan,9757.45,9800.27,-1.23478,-1.25871
14|611|14|611|vc|2|2|73|2|73|69.0,0,10426,2,2,9355.125,389.553125,1,0,0,nan,nan,9660.39,9693.72,0.531965,0.507063
14|611|14|611|vc|3|2|73|2|73|69.0,0,10127,3,2,9355.125,389.553125,1,0,0,nan,nan,9660.39,9693.72,0.324211,0.300023
14|611|14|611|vc|4|2|73|2|73|69.0,0,9197.5,4,2,9355.125,389.553125,1,0,0,nan,nan,9660.39,9693.72,-0.321632,-0.3436
14|611|14|611|vc|5|2|73|2|73|69.0,0,10419.5,5,2,9355.125,389.553125,1,0,0,nan,nan,9660.39,9693.72,0.527448,0.502562
14|611|14|611|vc|6|2|73|2|73|69.0,0,8911.5,6,2,9355.125,389.553125,1,0,0,nan,nan,9660.39,9693.72,-0.520353,-0.541638
14|611|14|611|vc|7|2|73|2|73|69.0,0,9847.5,7,2,9355.125,389.553125,1,0,0,nan,nan,9660.39,9693.72,0.130007,0.106486
14|611|14|611|vc|8|2|73|2|73|69.0,0,7949.5,8,2,9355.125,389.553125,1,0,0,nan,nan,9757.45,9800.27,-1.24372,-1.26762
8|84|8|84|sample|5|162|5|162|55.0,0.0006144,72824,1,5,78856.625,670.5,0,0,1,37853.3,37852.9,74680.7,74656.2,-0.166884,-0.164732
8|84|8|84|sample|5|162|5|162|55.0,0.003072,78360,2,5,78856.625,670.5,0,0,1,38310.6,38310.2,74815.8,74655.3,0.317976,0.333089
8|84|8|84|sample|5|162|5|162|55.0,0.01536,80614,3,5,78856.625,670.5,0,0,1,38658.5,38658,72981.8,72549.2,0.701949,0.746162
8|84|8|84|sample|5|162|5|162|55.0,0.0768,74089,4,5,78856.625,670.5,0,0,1,38923.1,38922.7,66132.7,65302,0.807547,0.903208
8|84|8|84|sample|5|162|5|162|55.0,0.384,55821,5,5,78856.625,670.5,0,0,1,38923.1,38922.7,49653.4,48764.9,0.833756,0.971254
8|84|8|84|sample|5|162|5|162|55.0,1.92,24346,6,5,78856.625,670.5,0,0,1,38658.5,38658,27124.9,26876.7,-0.68766,-0.632028
8|84|8|84|sample|5|162|5|162|55.0,9.6,9438,7,5,78856.625,670.5,0,0,1,38310.6,38310.2,11062.6,11255.5,-0.985735,-1.08388
8|84|8|84|sample|5|162|5|162|55.0,48,4872,8,5,78856.625,670.5,0,0,1,37853.3,37852.9,4059.97,4251.75,1.34252,0.979194
8|84|8|84|sample|6|162|6|162|55.0,0.0006144,70835,1,6,78856.625,670.5,0,0,1,37853.3,37852.9,74873.3,74870.9,-0.362029,-0.361829
8|84|8|84|sample|6|162|6|162|55.0,0.003072,80058,2,6,78856.625,670.5,0,0,1,38310.6,38310.2,75393.6,75269.5,0.415276,0.42702
8|84|8|84|sample|6|162|6|162|55.0,0.01536,79421,3,6,78856.625,670.5,0,0,1,38658.5,38658,74601.8,74179.7,0.433606,0.474269
8|84|8|84|sample|6|162|6|162|55.0,0.0768,77554,4,6,78856.625,670.5,0,0,1,38923.1,38922.7,69986.4,68928.7,0.725801,0.839936
8|84|8|84|sample|6|162|6|162|55.0,0.384,55427,5,6,78856.625,670.5,0,0,1,38923.1,38922.7,55736.8,54051.3,-0.0373113,0.170834
8|84|8|84|sample|6|162|6|162|55.0,1.92,28310,6,6,78856.625,670.5,0,0,1,38658.5,38658,31535.1,30436.5,-0.686473,-0.468971
8|84|8|84|sample|6|162|6|162|55.0,9.6,13006,7,6,78856.625,670.5,0,0,1,38310.6,38310.2,12264.9,12130.9,0.405578,0.484218
8|84|8|84|sample|6|162|6|162|55.0,48,4250,8,6,78856.625,670.5,0,0,1,37853.3,37852.9,4087.91,4198.32,0.266152,0.0826312
8|84|8|84|sample|4|162|4|162|55.0,0.000064,74113,1,4,78856.625,670.5,0,0,1,37853.3,37852.9,75017.3,75062.2,-0.0809134,-0.08488
8|84|8|84|sample|4|162|4|162|55.0,0.00032,84517,2,4,78856.625,670.5,0,0,1,38310.6,38310.2,75933.8,75951.6,0.758725,0.75698
8|84|8|84|sample|4|162|4|162|55.0,0.0016,82608,3,4,78856.625,670.5,0,0,1,38658.5,38658,76584.6,76551.4,0.527927,0.531064
8|84|8|84|sample|4|162|4|162|55.0,0.008,81228,4,4,78856.625,670.5,0,0,1,38923.1,38922.7,76817.4,76615,0.385395,0.404146
8|84|8|84|sample|4|162|4|162|55.0,0.04,77037,5,4,78856.625,670.5,0,0,1,38923.1,38922.7,75119.3,74338.9,0.171359,0.24362
8|84|8|84|sample|4|162|4|162|55.0,0.2,64814,6,4,78856.625,670.5,0,0,1,38658.5,38658,66106.1,64087.5,-0.131201,0.0760949
8|84|8|84|sample|4|162|4|162|55.0,1,39177,7,4,78856.625,670.5,0,0,1,38310.6,38310.2,39514,38003.3,-0.0572496,0.207313
8|84|8|84|sample|4|162|4|162|55.0,5,12834,8,4,78856.625,670.5,0,0,1,37853.3,37852.9,12161,12621.7,0.37147,0.112877
8|84|8|84|sample|3|162|3|162|55.0,0.000064,75994,1,3,78856.625,670.5,0,0,1,37853.3,37852.9,75014.5,75064.1,0.087647,0.0831563
8|84|8|84|sample|3|162|3|162|55.0,0.00032,82778,2,3,78856.625,670.5,0,0,1,38310.6,38310.2,75921.2,75960.4,0.606219,0.602447
8|84|8|84|sample|3|162|3|162|55.0,0.0016,84235,3,3,78856.625,670.5,0,0,1,38658.5,38658,76530.2,76591.8,0.675773,0.669834
8|84|8|84|sample|3|162|3|162|55.0,0.008,86421,4,3,78856.625,670.5,0,0,1,38658.5,38658,76070.4,76271.6,0.913322,0.893204
8|84|8|84|sample|3|162|3|162|55.0,0.04,77403,5,3,78856.625,670.5,0,0,1,38658.5,38658,73860.6,74553.1,0.321931,0.25659
8|84|8|84|sample|3|162|3|162|55.0,0.2,68219,6,3,78856.625,670.5,0,0,1,38658.5,38658,64537,66322,0.382953,0.191991
8|84|8|84|sample|3|162|3|162|55.0,1,41754,7,3,78856.625,670.5,0,0,1,38310.6,38310.2,39377.2,40960.5,0.405155,0.130032
8|84|8|84|sample|3|162|3|162|55.0,5,13774,8,3,78856.625,670.5,0,0,1,37853.3,37852.9,13682,13493.5,0.0451318,0.13954
8|84|8|84|sample|9|162|9|162|32.0,0.0003648,74429,1,9,78856.625,670.5,0,0,1,37853.3,37852.6,75017.7,75065.9,-0.0526767,-0.0569521
8|84|8|84|sample|9|162|9|162|32.0,0.001824,81503,2,9,78856.625,670.5,0,0,1,38310.6,38309.9,75927.3,75966.2,0.492917,0.489225
8|84|8|84|sample|9|162|9|162|32.0,0.00912,79111,3,9,78856.625,670.5,0,0,1,38658.5,38657.7,76433.7,76554.4,0.235117,0.224167
8|84|8|84|sample|9|162|9|162|32.0,0.0456,74577,4,9,78856.625,670.5,0,0,1,38923.1,38922.4,74609.9,75525.5,-0.00295914,-0.0842999
8|84|8|84|sample|9|162|9|162|32.0,0.228,48083,5,9,78856.625,670.5,0,0,1,38923.1,38922.4,54178.6,57587.9,-0.755203,-1.10787
8|84|8|84|sample|9|162|9|162|32.0,1.14,14006,6,9,78856.625,670.5,0,0,1,38658.5,38657.7,12685.9,12645,0.698492,0.722473
8|84|8|84|sample|9|162|9|162|32.0,5.7,1510,7,9,78856.625,670.5,0,0,1,38310.6,38309.9,1774.58,1545.77,-1.00076,-0.15534
8|84|8|84|sample|9|162|9|162|32.0,28.5,600,8,9,78856.625,670.5,0,0,1,37853.3,37852.6,729.824,696.805,-1.19402,-0.932523
8|84|8|84|sample|10|162|10|162|32.0,0.0003648,68673,1,10,78856.625,670.5,0,0,1,37853.3,37852.6,75018.9,75064.9,-0.567801,-0.571563
8|84|8|84|sample|10|162|10|162|32.0,0.001824,77369,2,10,78856.625,670.5,0,0,1,38310.6,38309.9,75941.4,75954.8,0.126187,0.124973
8|84|8|84|sample|10|162|10|162|32.0,0.00912,78012,3,10,78856.625,670.5,0,0,1,38658.5,38657.7,76592.4,76437.7,0.124414,0.138248
8|84|8|84|sample|10|162|10|162|32.0,0.0456,65967,4,10,78856.625,670.5,0,0,1,38658.5,38657.7,75700.4,74000.2,-0.863056,-0.728667
8|84|8|84|sample|10|162|10|162|32.0,0.228,47827,5,10,78856.625,670.5,0,0,1,38658.5,38657.7,62813.7,53320.3,-1.60149,-0.691532
8|84|8|84|sample|10|162|10|162|32.0,1.14,13678,6,10,78856.625,670.5,0,0,1,38658.5,38657.7,16074,12509.2,-1.00054,0.627153
8|84|8|84|sample|10|162|10|162|32.0,5.7,1798,7,10,78856.625,670.5,0,0,1,38310.6,38309.9,1717.03,1769.93,0.316521,0.106443
8|84|8|84|sample|10|162|10|162|32.0,28.5,586,8,10,78856.625,670.5,0,0,1,37853.3,37852.6,699.194,731.039,-1.08667,-1.33173
8|84|8|84|sample|7|162|7|162|32.0,0.0000768,69948,1,7,78856.625,670.5,0,0,1,37853.3,37852.6,75019.1,75066.3,-0.453734,-0.457674
8|84|8|84|sample|7|162|7|162|32.0,0.000384,87626,2,7,78856.625,670.5,0,0,1,38310.6,38309.9,75944.3,75972.9,1.03248,1.02957
8|84|8|84|sample|7|162|7|162|32.0,0.00192,79963,3,7,78856.625,670.5,0,0,1,38658.5,38657.7,76645.5,76658.5,0.290533,0.28935
8|84|8|84|sample|7|162|7|162|32.0,0.0096,76543,4,7,78856.625,670.5,0,0,1,38923.1,38922.4,77155.1,77112.7,-0.0532539,-0.04959
8|84|8|84|sample|7|162|7|162|32.0,0.048,74241,5,7,78856.625,670.5,0,0,1,38923.1,38922.4,76642.6,75983.2,-0.210333,-0.153904
8|84|8|84|sample|7|162|7|162|32.0,0.24,46730,6,7,78856.625,670.5,0,0,1,38658.5,38657.7,66345.3,60970.5,-1.98453,-1.56775
8|84|8|84|sample|7|162|7|162|32.0,1.2,16917,7,7,78856.625,670.5,0,0,1,38310.6,38309.9,17452.9,15043.3,-0.206107,0.836069
8|84|8|84|sample|7|162|7|162|32.0,6,1596,8,7,78856.625,670.5,0,0,1,37853.3,37852.6,1589.1,1704.42,0.0291488,-0.426988
8|84|8|84|sample|8|162|8|162|32.0,0.0000768,70881,1,8,78856.625,670.5,0,0,1,37853.3,37852.6,75019,75066.2,-0.370247,-0.374237
8|84|8|84|sample|8|162|8|162|32.0,0.000384,79033,2,8,78856.625,670.5,0,0,1,38310.6,38309.9,75943.2,75971.6,0.273093,0.270483
8|84|8|84|sample|8|162|8|162|32.0,0.00192,84181,3,8,78856.625,670.5,0,0,1,38658.5,38657.7,76632,76644.2,0.66123,0.660054
8|84|8|84|sample|8|162|8|162|32.0,0.0096,79555,4,8,78856.625,670.5,0,0,1,38923.1,38922.4,76998.8,76963.4,0.222836,0.226029
8|84|8|84|sample|8|162|8|162|32.0,0.048,69015,5,8,78856.625,670.5,0,0,1,38923.1,38922.4,75013.6,74605.2,-0.536763,-0.502955
8|84|8|84|sample|8|162|8|162|32.0,0.24,49350,6,8,78856.625,670.5,0,0,1,38658.5,38657.7,56593.3,54385.7,-0.859097,-0.621511
8|84|8|84|sample|8|162|8|162|32.0,1.2,14789,7,8,78856.625,670.5,0,0,1,38310.6,38309.9,14560.4,13367.5,0.105372,0.713789
8|84|8|84|sample|8|162|8|162|32.0,6,1804,8,8,78856.625,670.5,0,0,1,37853.3,37852.6,1983.67,1891.4,-0.607952,-0.310169
8|84|8|84|sample|12|162|12|162|22.0,0.0003712,63850,1,12,78856.625,670.5,0,0,1,37853.3,37852.7,75019,75066.1,-0.999346,-1.00293
8|84|8|84|sample|12|162|12|162|22.0,0.001856,63754,2,12,78856.625,670.5,0,0,1,37853.3,37852.7,75017.5,75061.9,-1.00782,-1.0112
8|84|8|84|sample|12|162|12|162|22.0,0.00928,61492,3,12,78856.625,670.5,0,0,1,37853.3,37852.7,74986.2,74991.9,-1.20792,-1.20834
8|84|8|84|sample|12|162|12|162|22.0,0.0464,55297,4,12,78856.625,670.5,0,0,1,37853.3,37852.7,74322.8,73836.9,-1.71828,-1.68542
8|84|8|84|sample|12|162|12|162|22.0,0.2319999999999999,41168,5,12,78856.625,670.5,0,0,1,37853.3,37852.7,62533.6,58711.9,-2.29337,-2.00573
8|84|8|84|sample|12|162|12|162|22.0,1.16,15633,6,12,78856.625,670.5,0,0,1,37853.3,37852.7,14656.5,13646.4,0.447205,0.977178
8|84|8|84|sample|12|162|12|162|22.0,5.8,1442,7,12,78856.625,670.5,0,0,1,37853.3,37852.7,1439.06,1567.32,0.0137363,-0.536707
8|84|8|84|sample|12|162|12|162|22.0,29,668,8,12,78856.625,670.5,0,0,1,37853.3,37852.7,676.475,695.014,-0.0840925,-0.260892
8|84|8|84|sample|11|162|11|162|22.0,0.0003712,69151,1,11,78856.625,670.5,0,0,1,37853.3,37852.7,75018.8,75066.3,-0.525023,-0.528938
8|84|8|84|sample|11|162|11|162|22.0,0.001856,78893,2,11,78856.625,670.5,0,0,1,38310.6,38309.9,75940.1,75972.1,0.261007,0.258071
8|84|8|84|sample|11|162|11|162|22.0,0.00928,82686,3,11,78856.625,670.5,0,0,1,38310.6,38309.9,75878,75949.8,0.60225,0.595335
8|84|8|84|sample|11|162|11|162|22.0,0.0464,67678,4,11,78856.625,670.5,0,0,1,38310.6,38309.9,74934,75482.1,-0.649966,-0.693989
8|84|8|84|sample|11|162|11|162|22.0,0.2319999999999999,52077,5,11,78856.625,670.5,0,0,1,38310.6,38309.9,62897.9,66804.2,-1.15478,-1.47975
8|84|8|84|sample|11|162|11|162|22.0,1.16,21332,6,11,78856.625,670.5,0,0,1,38310.6,38309.9,18450.2,19827.3,1.04842,0.509408
8|84|8|84|sample|11|162|11|162|22.0,5.8,1872,7,11,78856.625,670.5,0,0,1,38310.6,38309.9,2129.88,1845.68,-0.812698,0.0957382
8|84|8|84|sample|11|162|11|162|22.0,29,564,8,11,78856.625,670.5,0,0,1,37853.3,37852.7,735.471,695.943,-1.56494,-1.27258
8|84|8|84|cc|1|1|162|1|162|69.0,0,658,1,1,78856.625,670.5,0,1,0,nan,nan,637.87,638.272,0.211825,0.207465
8|84|8|84|cc|2|1|162|1|162|69.0,0,644,2,1,78856.625,670.5,0,1,0,nan,nan,637.87,638.272,0.0645031,0.0602357
8|84|8|84|cc|3|1|162|1|162|69.0,0,660,3,1,78856.625,670.5,0,1,0,nan,nan,637.87,638.272,0.232871,0.228498
8|84|8|84|cc|4|1|162|1|162|69.0,0,680,4,1,78856.625,670.5,0,1,0,nan,nan,637.87,638.272,0.443332,0.438826
8|84|8|84|cc|5|1|162|1|162|69.0,0,698,5,1,78856.625,670.5,0,1,0,nan,nan,637.87,638.272,0.632746,0.628121
8|84|8|84|cc|6|1|162|1|162|69.0,0,694,6,1,78856.625,670.5,0,1,0,nan,nan,637.87,638.272,0.590654,0.586055
8|84|8|84|cc|7|1|162|1|162|69.0,0,694,7,1,78856.625,670.5,0,1,0,nan,nan,637.87,638.272,0.590654,0.586055
8|84|8|84|cc|8|1|162|1|162|69.0,0,636,8,1,78856.625,670.5,0,1,0,nan,nan,637.87,638.272,-0.019681,-0.0238954
8|84|8|84|vc|1|2|162|2|162|69.0,0,73943,1,2,78856.625,670.5,1,0,0,nan,nan,75019.1,75066.4,-0.0962827,-0.100449
8|84|8|84|vc|2|2|162|2|162|69.0,0,83068,2,2,78856.625,670.5,1,0,0,nan,nan,75944.4,75973.2,0.629617,0.626835
8|84|8|84|vc|3|2|162|2|162|69.0,0,83256,3,2,78856.625,670.5,1,0,0,nan,nan,75944.4,75973.2,0.646233,0.643445
8|84|8|84|vc|4|2|162|2|162|69.0,0,81859,4,2,78856.625,670.5,1,0,0,nan,nan,75944.4,75973.2,0.52276,0.520019
8|84|8|84|vc|5|2|162|2|162|69.0,0,83236,5,2,78856.625,670.5,1,0,0,nan,nan,75944.4,75973.2,0.644465,0.641678
8|84|8|84|vc|6|2|162|2|162|69.0,0,85784,6,2,78856.625,670.5,1,0,0,nan,nan,75944.4,75973.2,0.86967,0.866797
8|84|8|84|vc|7|2|162|2|162|69.0,0,78995,7,2,78856.625,670.5,1,0,0,nan,nan,75944.4,75973.2,0.269626,0.266981
8|84|8|84|vc|8|2|162|2|162|69.0,0,60712,8,2,78856.625,670.5,1,0,0,nan,nan,75019.1,75066.4,-1.28012,-1.28354
8|1042|8|1042|sample|8|162|8|162|65.0,0.0016767999999999,72142,1,8,78994.875,697.25,0,0,1,37931.8,35465,70393.2,70307,0.16676,0.175189
8|1042|8|1042|sample|8|162|8|162|65.0,0.0083839999999999,73484,2,8,78994.875,697.25,0,0,1,38390.1,36513.2,72434.5,72346.7,0.0972571,0.10552
8|1042|8|1042|sample|8|162|8|162|65.0,0.04192,70719,3,8,78994.875,697.25,0,0,1,38738.7,37310.6,73453.3,73296.8,-0.249863,-0.236066
8|1042|8|1042|sample|8|162|8|162|65.0,0.2096,53892,4,8,78994.875,697.25,0,0,1,39003.9,37917.2,66233.7,65436.1,-1.25074,-1.18417
8|1042|8|1042|sample|8|162|8|162|65.0,1.048,23686,5,8,78994.875,697.25,0,0,1,39003.9,37917.2,23059.1,22300.4,0.182499,0.417061
8|1042|8|1042|sample|8|162|8|162|65.0,5.24,2550,6,8,78994.875,697.25,0,0,1,38738.7,37310.6,2464.01,2453,0.234238,0.265422
8|1042|8|1042|sample|8|162|8|162|65.0,26.2,636,7,8,78994.875,697.25,0,0,1,38390.1,36513.2,746.564,749.848,-0.994077,-1.01912
8|1042|8|1042|sample|8|162|8|162|65.0,131,646,8,8,78994.875,697.25,0,0,1,37931.8,35465,627.483,627.234,0.198077,0.200823
8|1042|8|1042|sample|7|162|7|162|65.0,0.0016767999999999,71919,1,7,78994.875,697.25,0,0,1,37931.8,35465,70394.5,70309.2,0.145361,0.153688
8|1042|8|1042|sample|7|162|7|162|65.0,0.0083839999999999,77373,2,7,78994.875,697.25,0,0,1,38390.1,36513.2,72454.6,72379.3,0.455651,0.463104
8|1042|8|1042|sample|7|162|7|162|65.0,0.04192,72552,3,7,78994.875,697.25,0,0,1,38738.7,37310.6,73697.3,73738.3,-0.10431,-0.107984
8|1042|8|1042|sample|7|162|7|162|65.0,0.2096,57582,4,7,78994.875,697.25,0,0,1,39003.9,37917.2,67637.7,69186,-0.997919,-1.1258
8|1042|8|1042|sample|7|162|7|162|65.0,1.048,23988,5,7,78994.875,697.25,0,0,1,39003.9,37917.2,20682.8,22425.6,1.07265,0.467652
8|1042|8|1042|sample|7|162|7|162|65.0,5.24,1698,6,7,78994.875,697.25,0,0,1,38738.7,37310.6,1757.91,1726.99,-0.228749,-0.112695
8|1042|8|1042|sample|7|162|7|162|65.0,131,706,8,7,78994.875,697.25,0,0,1,37931.8,35465,623.203,621.944,0.891783,0.907168
8|1042|8|1042|sample|6|162|6|162|65.0,0.0004351999999999,71021,1,6,78994.875,697.25,0,0,1,37931.8,35465,70395,70309,0.0596942,0.0679697
8|1042|8|1042|sample|6|162|6|162|65.0,0.0021759999999999,73274,2,6,78994.875,697.25,0,0,1,38390.1,36513.2,72466,72381.5,0.0748448,0.0827682
8|1042|8|1042|sample|6|162|6|162|65.0,0.0108799999999999,77614,3,6,78994.875,697.25,0,0,1,38738.7,37310.6,73995.7,73882.4,0.328222,0.33902
8|1042|8|1042|sample|6|162|6|162|65.0,0.0543999999999999,74099,4,6,78994.875,697.25,0,0,1,39003.9,37917.2,74452.5,73961,-0.031871,0.0125271
8|1042|8|1042|sample|6|162|6|162|65.0,0.2719999999999999,56265,5,6,78994.875,697.25,0,0,1,39003.9,37917.2,63983.7,61123,-0.809747,-0.533492
8|1042|8|1042|sample|6|162|6|162|65.0,1.36,18863,6,6,78994.875,697.25,0,0,1,38738.7,37310.6,19127.5,17820.7,-0.0928167,0.392587
8|1042|8|1042|sample|6|162|6|162|65.0,6.8,2218,7,6,78994.875,697.25,0,0,1,38390.1,36513.2,2055.82,2164.38,0.529536,0.166302
8|1042|8|1042|sample|6|162|6|162|65.0,34,670,8,6,78994.875,697.25,0,0,1,37931.8,35465,705.15,727.982,-0.334595,-0.534622
8|1042|8|1042|sample|5|162|5|162|65.0,0.0004351999999999,71127,1,5,78994.875,697.25,0,0,1,37931.8,35465,70395.1,70309.2,0.0697922,0.0780728
8|1042|8|1042|sample|5|162|5|162|65.0,0.0021759999999999,80354,2,5,78994.875,697.25,0,0,1,38390.1,36513.2,72467.5,72383.5,0.730493,0.739125
8|1042|8|1042|sample|5|162|5|162|65.0,0.0108799999999999,79323,3,5,78994.875,697.25,0,0,1,38738.7,37310.6,74017,73904.2,0.481185,0.492165
8|1042|8|1042|sample|5|162|5|162|65.0,0.0543999999999999,79391,4,5,78994.875,697.25,0,0,1,39003.9,37917.2,74727.9,74146.1,0.418858,0.474813
8|1042|8|1042|sample|5|162|5|162|65.0,0.2719999999999999,54965,5,5,78994.875,697.25,0,0,1,39003.9,37917.2,66280.8,61628.5,-1.14596,-0.725761
8|1042|8|1042|sample|5|162|5|162|65.0,1.36,18145,6,5,78994.875,697.25,0,0,1,38738.7,37310.6,20420.7,16808.5,-0.748012,0.533716
8|1042|8|1042|sample|5|162|5|162|65.0,6.8,1850,7,5,78994.875,697.25,0,0,1,38390.1,36513.2,1947.67,1889.93,-0.336588,-0.141826
8|1042|8|1042|sample|5|162|5|162|65.0,34,714,8,5,78994.875,697.25,0,0,1,37931.8,35465,686.408,698.154,0.26982,0.152354
8|1042|8|1042|sample|12|162|12|162|28.0,0.0014272,63207,1,12,78994.875,697.25,0,0,1,37931.8,35470.1,70370.6,70305.3,-0.683302,-0.677699
8|1042|8|1042|sample|12|162|12|162|28.0,0.007136,60308,2,12,78994.875,697.25,0,0,1,37931.8,35470.1,70122.2,70239.5,-0.939446,-0.949089
8|1042|8|1042|sample|12|162|12|162|28.0,0.03568,52653,3,12,78994.875,697.25,0,0,1,37931.8,35470.1,67463.5,69158.8,-1.47358,-1.602
8|1042|8|1042|sample|12|162|12|162|28.0,0.1784,38581,4,12,78994.875,697.25,0,0,1,37931.8,35470.1,47454.2,55041,-1.2551,-2.00732
8|1042|8|1042|sample|12|162|12|162|28.0,0.892,14795,5,12,78994.875,697.25,0,0,1,37931.8,35470.1,11410,12876.6,1.99134,1.00004
8|1042|8|1042|sample|12|162|12|162|28.0,4.46,1358,6,12,78994.875,697.25,0,0,1,37931.8,35470.1,1754.4,1508.4,-1.51663,-0.669263
8|1042|8|1042|sample|12|162|12|162|28.0,111.5,622,8,12,78994.875,697.25,0,0,1,37931.8,35470.1,640.564,633.83,-0.194526,-0.125281
8|1042|8|1042|sample|7|162|7|162|28.0,22.3,678,7,7,78994.875,697.25,0,0,1,38390.1,36518.4,72031.9,691.935,-6.64914,-0.135183
8|1042|8|1042|sample|11|162|11|162|28.0,0.0014272,69426,1,11,78994.875,697.25,0,0,1,37931.8,35470.1,70394.3,70308.5,-0.0923292,-0.0842548
8|1042|8|1042|sample|11|162|11|162|28.0,0.007136,69786,2,11,78994.875,697.25,0,0,1,38390.1,36518.4,72449.4,72366.5,-0.246763,-0.239353
8|1042|8|1042|sample|11|162|11|162|28.0,0.03568,64780,3,11,78994.875,697.25,0,0,1,38390.1,36518.4,72037.7,71928.4,-0.676258,-0.667086
8|1042|8|1042|sample|11|162|11|162|28.0,0.1784,51077,4,11,78994.875,697.25,0,0,1,38390.1,36518.4,63880.6,63468.9,-1.34535,-1.31054
8|1042|8|1042|sample|11|162|11|162|28.0,0.892,19557,5,11,78994.875,697.25,0,0,1,38390.1,36518.4,18358.7,18020.4,0.438129,0.57234
8|1042|8|1042|sample|11|162|11|162|28.0,4.46,1636,6,11,78994.875,697.25,0,0,1,38390.1,36518.4,1679.81,1674.2,-0.175067,-0.153152
8|1042|8|1042|sample|11|162|11|162|28.0,22.3,686,7,11,78994.875,697.25,0,0,1,38390.1,36518.4,696.426,696.422,-0.100492,-0.100446
8|1042|8|1042|sample|11|162|11|162|28.0,111.5,610,8,11,78994.875,697.25,0,0,1,37931.8,35470.1,633.421,632.726,-0.248194,-0.241088
8|1042|8|1042|sample|9|162|9|162|28.0,0.0004479999999999,70018,1,9,78994.875,697.25,0,0,1,37931.8,35470.1,70394.8,70309.3,-0.0359331,-0.0278065
8|1042|8|1042|sample|9|162|9|162|28.0,0.00224,68995,2,9,78994.875,697.25,0,0,1,38390.1,36518.4,72464,72384,-0.321336,-0.314269
8|1042|8|1042|sample|9|162|9|162|28.0,0.0111999999999999,73322,3,9,78994.875,697.25,0,0,1,38738.7,37315.9,73963.7,73906.4,-0.0582341,-0.0530738
8|1042|8|1042|sample|9|162|9|162|28.0,0.0559999999999999,64897,4,9,78994.875,697.25,0,0,1,39003.9,37922.6,73938,74082.7,-0.820772,-0.832277
8|1042|8|1042|sample|9|162|9|162|28.0,0.2799999999999999,46953,5,9,78994.875,697.25,0,0,1,39003.9,37922.6,58346.9,59801.5,-1.31077,-1.44216
8|1042|8|1042|sample|9|162|9|162|28.0,1.4,15423,6,9,78994.875,697.25,0,0,1,38738.7,37315.9,13230.7,13852.6,1.1122,0.760925
8|1042|8|1042|sample|9|162|9|162|28.0,7,1484,7,9,78994.875,697.25,0,0,1,38390.1,36518.4,1537.08,1535.79,-0.231802,-0.226335
8|1042|8|1042|sample|9|162|9|162|28.0,35,592,8,9,78994.875,697.25,0,0,1,37931.8,35470.1,684.176,680.332,-0.904318,-0.871503
8|1042|8|1042|sample|10|162|10|162|28.0,0.0004479999999999,71249,1,10,78994.875,697.25,0,0,1,37931.8,35470.1,70395,70309.3,0.0814346,0.0897152
8|1042|8|1042|sample|10|162|10|162|28.0,0.00224,76383,2,10,78994.875,697.25,0,0,1,38390.1,36518.4,72465.7,72383.9,0.362853,0.370846
8|1042|8|1042|sample|10|162|10|162|28.0,0.0111999999999999,71091,3,10,78994.875,697.25,0,0,1,38738.7,37315.9,73984.5,73902.3,-0.262516,-0.255338
8|1042|8|1042|sample|10|162|10|162|28.0,0.0559999999999999,64036,4,10,78994.875,697.25,0,0,1,38738.7,37315.9,72981.1,72789.5,-0.82271,-0.807208
8|1042|8|1042|sample|10|162|10|162|28.0,0.2799999999999999,45000,5,10,78994.875,697.25,0,0,1,38738.7,37315.9,58299.4,57214.4,-1.53123,-1.43298
8|1042|8|1042|sample|10|162|10|162|28.0,1.4,13696,6,10,78994.875,697.25,0,0,1,38738.7,37315.9,12724.6,12170.5,0.512449,0.841355
8|1042|8|1042|sample|10|162|10|162|28.0,7,1282,7,10,78994.875,697.25,0,0,1,38390.1,36518.4,1400.98,1378.69,-0.570056,-0.470753
8|1042|8|1042|sample|10|162|10|162|28.0,35,628,8,10,78994.875,697.25,0,0,1,37931.8,35470.1,670.998,670.11,-0.430134,-0.421801
8|1042|8|1042|sample|4|162|4|162|22.0,0.0010624,73625,1,4,78994.875,697.25,0,0,1,37931.8,35465.4,70394.6,70309,0.308023,0.316575
8|1042|8|1042|sample|4|162|4|162|22.0,0.005312,80800,2,4,78994.875,697.25,0,0,1,38390.1,36513.5,72459.9,72378.7,0.772585,0.780984
8|1042|8|1042|sample|4|162|4|162|22.0,0.02656,78030,3,4,78994.875,697.25,0,0,1,38738.7,37310.9,73879.6,73801.4,0.377084,0.384595
8|1042|8|1042|sample|4|162|4|162|22.0,0.1328,66522,4,4,78994.875,697.25,0,0,1,39003.9,37917.6,72351.7,72129.6,-0.540841,-0.521842
8|1042|8|1042|sample|4|162|4|162|22.0,0.664,38695,5,4,78994.875,697.25,0,0,1,39003.9,37917.6,43799.8,42199.7,-0.782314,-0.557462
8|1042|8|1042|sample|4|162|4|162|22.0,3.32,6000,6,4,78994.875,697.25,0,0,1,38738.7,37310.9,5822.8,5291.66,0.204269,0.898512
8|1042|8|1042|sample|4|162|4|162|22.0,16.6,662,7,4,78994.875,697.25,0,0,1,38390.1,36513.5,939.573,898.449,-1.98298,-1.76651
8|1042|8|1042|sample|4|162|4|162|22.0,83,696,8,4,78994.875,697.25,0,0,1,37931.8,35465.4,638.13,634.783,0.608723,0.64732
8|1042|8|1042|sample|3|162|3|162|22.0,0.0010624,72910,1,3,78994.875,697.25,0,0,1,37931.8,35465.4,70392.8,70308.7,0.240031,0.248342
8|1042|8|1042|sample|3|162|3|162|22.0,0.005312,82674,2,3,78994.875,697.25,0,0,1,38390.1,36513.5,72435.9,72374.4,0.94872,0.955232
8|1042|8|1042|sample|3|162|3|162|22.0,0.02656,79881,3,3,78994.875,697.25,0,0,1,38738.7,37310.9,73589.4,73738.7,0.573874,0.559123
8|1042|8|1042|sample|3|162|3|162|22.0,0.1328,67396,4,3,78994.875,697.25,0,0,1,38738.7,37310.9,68331.6,70204.3,-0.0919034,-0.268506
8|1042|8|1042|sample|3|162|3|162|22.0,0.664,36552,5,3,78994.875,697.25,0,0,1,38738.7,37310.9,34840.6,38594.7,0.329713,-0.35526
8|1042|8|1042|sample|3|162|3|162|22.0,3.32,5516,6,3,78994.875,697.25,0,0,1,38738.7,37310.9,5079.7,4950.6,0.576529,0.766597
8|1042|8|1042|sample|3|162|3|162|22.0,16.6,726,7,3,78994.875,697.25,0,0,1,38390.1,36513.5,977.93,897.98,-1.7292,-1.28554
8|1042|8|1042|sample|3|162|3|162|22.0,83,688,8,3,78994.875,697.25,0,0,1,37931.8,35465.4,646.253,635.875,0.433604,0.550228
8|1042|8|1042|sample|12|162|12|162|65.0,26.2,678,7,12,78994.875,697.25,0,0,1,37931.8,35465,69776.2,681.569,-6.6471,-0.0351488
8|1042|8|1042|cc|1|1|162|1|162|69.0,0,624,1,1,78994.875,697.25,0,1,0,nan,nan,621.344,620.588,0.0286918,0.0369049
8|1042|8|1042|cc|2|1|162|1|162|69.0,0,714,2,1,78994.875,697.25,0,1,0,nan,nan,621.344,620.588,1.00095,1.01035
8|1042|8|1042|cc|3|1|162|1|162|69.0,0,694,3,1,78994.875,697.25,0,1,0,nan,nan,621.344,620.588,0.784895,0.794029
8|1042|8|1042|cc|4|1|162|1|162|69.0,0,700,4,1,78994.875,697.25,0,1,0,nan,nan,621.344,620.588,0.849712,0.858926
8|1042|8|1042|cc|5|1|162|1|162|69.0,0,674,5,1,78994.875,697.25,0,1,0,nan,nan,621.344,620.588,0.568837,0.577708
8|1042|8|1042|cc|6|1|162|1|162|69.0,0,730,6,1,78994.875,697.25,0,1,0,nan,nan,621.344,620.588,1.1738,1.18341
8|1042|8|1042|cc|7|1|162|1|162|69.0,0,664,7,1,78994.875,697.25,0,1,0,nan,nan,621.344,620.588,0.460808,0.469547
8|1042|8|1042|cc|8|1|162|1|162|69.0,0,778,8,1,78994.875,697.25,0,1,0,nan,nan,621.344,620.588,1.69234,1.70258
8|1042|8|1042|vc|1|2|162|2|162|69.0,0,79529,1,2,78994.875,697.25,1,0,0,nan,nan,70395.1,70309.5,0.870934,0.880173
8|1042|8|1042|vc|2|2|162|2|162|69.0,0,77876,2,2,78994.875,697.25,1,0,0,nan,nan,72468.7,72387.5,0.500843,0.50894
8|1042|8|1042|vc|3|2|162|2|162|69.0,0,85444,3,2,78994.875,697.25,1,0,0,nan,nan,72468.7,72387.5,1.20182,1.2107
8|1042|8|1042|vc|4|2|162|2|162|69.0,0,85154,4,2,78994.875,697.25,1,0,0,nan,nan,72468.7,72387.5,1.17496,1.18381
8|1042|8|1042|vc|5|2|162|2|162|69.0,0,85440,5,2,78994.875,697.25,1,0,0,nan,nan,72468.7,72387.5,1.20145,1.21033
8|1042|8|1042|vc|6|2|162|2|162|69.0,0,76072,6,2,78994.875,697.25,1,0,0,nan,nan,72468.7,72387.5,0.33375,0.341659
8|1042|8|1042|vc|7|2|162|2|162|69.0,0,75138,7,2,78994.875,697.25,1,0,0,nan,nan,72468.7,72387.5,0.24724,0.255051
8|1042|8|1042|vc|8|2|162|2|162|69.0,0,67306,8,2,78994.875,697.25,1,0,0,nan,nan,70395.1,70309.5,-0.294554,-0.286734
8|719|8|719|sample|5|274|5|274|55.0,0.0006144,90234,1,5,84741.625,701.5,0,0,1,40669.1,40666.5,80612.5,80664.1,0.801146,0.796346
8|719|8|719|sample|5|274|5|274|55.0,0.003072,91037,2,5,84741.625,701.5,0,0,1,41160.4,41158.2,81592.2,81629.5,0.776996,0.773574
8|719|8|719|sample|5|274|5|274|55.0,0.01536,85896,3,5,84741.625,701.5,0,0,1,41534.2,41532.3,82194.1,82262.6,0.302309,0.296475
8|719|8|719|sample|5|274|5|274|55.0,0.0768,84081,4,5,84741.625,701.5,0,0,1,41818.5,41816.8,81288.1,81652.9,0.230622,0.199601
8|719|8|719|sample|5|274|5|274|55.0,0.384,66810,5,5,84741.625,701.5,0,0,1,41818.5,41816.8,69217.4,70760.5,-0.233454,-0.374742
8|719|8|719|sample|5|274|5|274|55.0,1.92,28534,6,5,84741.625,701.5,0,0,1,41534.2,41532.3,28292.6,28927.4,0.0572714,-0.0912811
8|719|8|719|sample|5|274|5|274|55.0,9.6,4934,7,5,84741.625,701.5,0,0,1,41160.4,41158.2,4691.1,4425.22,0.347554,0.771736
8|719|8|719|sample|5|274|5|274|55.0,48,870,8,5,84741.625,701.5,0,0,1,40669.1,40666.5,1091.95,1023.33,-1.36436,-1.00572
8|719|8|719|sample|6|274|6|274|55.0,0.0006144,90599,1,6,84741.625,701.5,0,0,1,40669.1,40666.5,80613.9,80664.8,0.831412,0.826651
8|719|8|719|sample|6|274|6|274|55.0,0.003072,100276,2,6,84741.625,701.5,0,0,1,41160.4,41158.2,81603.9,81636.5,1.53587,1.53258
8|719|8|719|sample|6|274|6|274|55.0,0.01536,89109,3,6,84741.625,701.5,0,0,1,41534.2,41532.3,82289.6,82325.7,0.556254,0.553068
8|719|8|719|sample|6|274|6|274|55.0,0.0768,84595,4,6,84741.625,701.5,0,0,1,41818.5,41816.8,81930,82134.3,0.218334,0.201095
8|719|8|719|sample|6|274|6|274|55.0,0.384,66428,5,6,84741.625,701.5,0,0,1,41818.5,41816.8,71153.8,72630.8,-0.445807,-0.573246
8|719|8|719|sample|6|274|6|274|55.0,1.92,28310,6,6,84741.625,701.5,0,0,1,41534.2,41532.3,25781.1,27372.2,0.658418,0.229969
8|719|8|719|sample|6|274|6|274|55.0,9.6,3504,7,6,84741.625,701.5,0,0,1,41160.4,41158.2,3253.98,3319.72,0.515744,0.372611
8|719|8|719|sample|6|274|6|274|55.0,48,772,8,6,84741.625,701.5,0,0,1,40669.1,40666.5,862.218,855.401,-0.702339,-0.654449
8|719|8|719|sample|3|274|3|274|55.0,0.000064,94588,1,3,84741.625,701.5,0,0,1,40669.1,40666.5,80614.2,80665,1.16352,1.15856
8|719|8|719|sample|3|274|3|274|55.0,0.00032,87222,2,3,84741.625,701.5,0,0,1,41160.4,41158.2,81609,81640,0.461669,0.458948
8|719|8|719|sample|3|274|3|274|55.0,0.0016,85600,3,3,84741.625,701.5,0,0,1,41534.2,41532.3,82359.6,82377.8,0.264093,0.262554
8|719|8|719|sample|3|274|3|274|55.0,0.008,88953,4,3,84741.625,701.5,0,0,1,41534.2,41532.3,82311.6,82333.5,0.541592,0.539664
8|719|8|719|sample|3|274|3|274|55.0,0.04,78809,5,3,84741.625,701.5,0,0,1,41534.2,41532.3,81814,81864.2,-0.246543,-0.250508
8|719|8|719|sample|3|274|3|274|55.0,0.2,76136,6,3,84741.625,701.5,0,0,1,41534.2,41532.3,76963.9,77177.9,-0.0722076,-0.0906183
8|719|8|719|sample|3|274|3|274|55.0,1,50010,7,3,84741.625,701.5,0,0,1,41160.4,41158.2,47229.1,47604.9,0.395234,0.33912
8|719|8|719|sample|3|274|3|274|55.0,5,9930,8,3,84741.625,701.5,0,0,1,40669.1,40666.5,9853.14,9830.18,0.0523566,0.0681623
8|719|8|719|sample|4|274|4|274|55.0,0.000064,96662,1,4,84741.625,701.5,0,0,1,40669.1,40666.5,80614.2,80665,1.33621,1.33115
8|719|8|719|sample|4|274|4|274|55.0,0.00032,85208,2,4,84741.625,701.5,0,0,1,41160.4,41158.2,81609,81639.8,0.296019,0.293371
8|719|8|719|sample|4|274|4|274|55.0,0.0016,85066,3,4,84741.625,701.5,0,0,1,41534.2,41532.3,82359.5,82376.6,0.220583,0.21914
8|719|8|719|sample|4|274|4|274|55.0,0.008,87029,4,4,84741.625,701.5,0,0,1,41818.5,41816.8,82883.4,82888.6,0.335736,0.335289
8|719|8|719|sample|4|274|4|274|55.0,0.04,80898,5,4,84741.625,701.5,0,0,1,41818.5,41816.8,82378.1,82364.2,-0.120598,-0.119485
8|719|8|719|sample|4|274|4|274|55.0,0.2,71071,6,4,84741.625,701.5,0,0,1,41534.2,41532.3,76960.8,76905,-0.513696,-0.509197
8|719|8|719|sample|4|274|4|274|55.0,1,50818,7,4,84741.625,701.5,0,0,1,41160.4,41158.2,47392.4,47643.1,0.485171,0.447301
8|719|8|719|sample|4|274|4|274|55.0,5,10376,8,4,84741.625,701.5,0,0,1,40669.1,40666.5,9993.48,10316.1,0.256927,0.038994
8|719|8|719|sample|10|274|10|274|32.0,0.0003648,94350,1,10,84741.625,701.5,0,0,1,40669.1,40666.6,80612.6,80663.6,1.14386,1.1389
8|719|8|719|sample|10|274|10|274|32.0,0.001824,93025,2,10,84741.625,701.5,0,0,1,41160.4,41158.3,81581.6,81614.8,0.941533,0.938418
8|719|8|719|sample|10|274|10|274|32.0,0.00912,89279,3,10,84741.625,701.5,0,0,1,41534.2,41532.4,81909.7,81949.9,0.603898,0.600311
8|719|8|719|sample|10|274|10|274|32.0,0.0456,68995,4,10,84741.625,701.5,0,0,1,41534.2,41532.4,75546,75659.4,-0.58206,-0.591246
8|719|8|719|sample|10|274|10|274|32.0,0.228,32223,5,10,84741.625,701.5,0,0,1,41534.2,41532.4,33605.7,33221.4,-0.276173,-0.201725
8|719|8|719|sample|10|274|10|274|32.0,1.14,4210,6,10,84741.625,701.5,0,0,1,41534.2,41532.4,3939.04,3770.5,0.461727,0.782413
8|719|8|719|sample|10|274|10|274|32.0,5.7,632,7,10,84741.625,701.5,0,0,1,41160.4,41158.3,882.17,864.576,-1.90351,-1.80565
8|719|8|719|sample|10|274|10|274|32.0,28.5,612,8,10,84741.625,701.5,0,0,1,40669.1,40666.6,680.308,679.241,-0.673971,-0.664485
8|719|8|719|sample|9|274|9|274|32.0,0.0003648,99893,1,9,84741.625,701.5,0,0,1,40669.1,40666.6,80613.4,80663.3,1.60532,1.60018
8|719|8|719|sample|9|274|9|274|32.0,0.001824,90396,2,9,84741.625,701.5,0,0,1,41160.4,41158.3,81593,81611.4,0.724185,0.722512
8|719|8|719|sample|9|274|9|274|32.0,0.00912,87530,3,9,84741.625,701.5,0,0,1,41534.2,41532.4,82050.8,81903.2,0.448233,0.461138
8|719|8|719|sample|9|274|9|274|32.0,0.0456,67618,4,9,84741.625,701.5,0,0,1,41818.5,41816.9,77330.8,75665.3,-0.843074,-0.713885
8|719|8|719|sample|9|274|9|274|32.0,0.228,32029,5,9,84741.625,701.5,0,0,1,41818.5,41816.9,35138.1,32340.7,-0.593924,-0.0647007
8|719|8|719|sample|9|274|9|274|32.0,1.14,4042,6,9,84741.625,701.5,0,0,1,41534.2,41532.4,3672.72,3672.96,0.674895,0.674416
8|719|8|719|sample|9|274|9|274|32.0,5.7,674,7,9,84741.625,701.5,0,0,1,41160.4,41158.3,837.842,862.686,-1.31261,-1.46811
8|719|8|719|sample|9|274|9|274|32.0,28.5,644,8,9,84741.625,701.5,0,0,1,40669.1,40666.6,676.199,679.388,-0.319622,-0.349627
8|719|8|719|sample|8|274|8|274|32.0,0.0000768,95369,1,8,84741.625,701.5,0,0,1,40669.1,40666.6,80614,80664.8,1.22857,1.22357
8|719|8|719|sample|8|274|8|274|32.0,0.000384,92759,2,8,84741.625,701.5,0,0,1,41160.4,41158.3,81605.7,81636.9,0.917397,0.914477
8|719|8|719|sample|8|274|8|274|32.0,0.00192,84653,3,8,84741.625,701.5,0,0,1,41534.2,41532.4,82311.3,82332.2,0.190964,0.189209
8|719|8|719|sample|8|274|8|274|32.0,0.0096,85030,4,8,84741.625,701.5,0,0,1,41818.5,41816.9,82197.6,82231.3,0.231294,0.228452
8|719|8|719|sample|8|274|8|274|32.0,0.048,63826,5,8,84741.625,701.5,0,0,1,41818.5,41816.9,73735.2,73785.2,-0.902065,-0.905997
8|719|8|719|sample|8|274|8|274|32.0,0.24,29936,6,8,84741.625,701.5,0,0,1,41534.2,41532.4,30410,29963.7,-0.104616,-0.00620847
8|719|8|719|sample|8|274|8|274|32.0,1.2,4124,7,8,84741.625,701.5,0,0,1,41160.4,41158.3,3881.88,3723.51,0.418655,0.721967
8|719|8|719|sample|8|274|8|274|32.0,6,680,8,8,84741.625,701.5,0,0,1,40669.1,40666.6,904.738,886.615,-1.66735,-1.56423
8|719|8|719|sample|7|274|7|274|32.0,0.0000768,96784,1,7,84741.625,701.5,0,0,1,40669.1,40666.6,80614.2,80664.8,1.34637,1.34131
8|719|8|719|sample|7|274|7|274|32.0,0.000384,90264,2,7,84741.625,701.5,0,0,1,41160.4,41158.3,81608.5,81637.2,0.711915,0.709305
8|719|8|719|sample|7|274|7|274|32.0,0.00192,93457,3,7,84741.625,701.5,0,0,1,41534.2,41532.4,82347.2,82336.1,0.905582,0.906618
8|719|8|719|sample|7|274|7|274|32.0,0.0096,84890,4,7,84741.625,701.5,0,0,1,41818.5,41816.9,82618.2,82275.7,0.18457,0.213283
8|719|8|719|sample|7|274|7|274|32.0,0.048,65169,5,7,84741.625,701.5,0,0,1,41818.5,41816.9,77470.6,74177.9,-1.06585,-0.815211
8|719|8|719|sample|7|274|7|274|32.0,0.24,30352,6,7,84741.625,701.5,0,0,1,41534.2,41532.4,36200.6,30600.1,-1.08445,-0.0544247
8|719|8|719|sample|7|274|7|274|32.0,1.2,4196,7,7,84741.625,701.5,0,0,1,41160.4,41158.3,3949.37,3777.51,0.419169,0.743623
8|719|8|719|sample|7|274|7|274|32.0,6,676,8,7,84741.625,701.5,0,0,1,40669.1,40666.6,851.934,887.227,-1.38617,-1.59804
8|719|8|719|sample|12|274|12|274|22.0,0.0003712,94222,1,12,84741.625,701.5,0,0,1,40669.1,40667,80614,80664.9,1.13307,1.12812
8|719|8|719|sample|12|274|12|274|22.0,0.001856,91978,2,12,84741.625,701.5,0,0,1,40669.1,40667,80606.7,80658.9,0.946917,0.941959
8|719|8|719|sample|12|274|12|274|22.0,0.00928,89439,3,12,84741.625,701.5,0,0,1,40669.1,40667,80383.2,80462.1,0.756192,0.748873
8|719|8|719|sample|12|274|12|274|22.0,0.0464,65541,4,12,84741.625,701.5,0,0,1,40669.1,40667,74111.1,74459.1,-0.776201,-0.803946
8|719|8|719|sample|12|274|12|274|22.0,0.2319999999999999,22932,5,12,84741.625,701.5,0,0,1,40669.1,40667,22244.7,21827.3,0.20738,0.33973
8|719|8|719|sample|12|274|12|274|22.0,1.16,1534,6,12,84741.625,701.5,0,0,1,40669.1,40667,1624.21,1529.58,-0.372822,0.0194177
8|719|8|719|sample|12|274|12|274|22.0,5.8,634,7,12,84741.625,701.5,0,0,1,40669.1,40667,700.141,695.218,-0.634103,-0.59106
8|719|8|719|sample|12|274|12|274|22.0,29,568,8,12,84741.625,701.5,0,0,1,40669.1,40667,669.529,669.71,-1.01788,-1.01941
8|719|8|719|sample|11|274|11|274|22.0,0.0003712,89357,1,11,84741.625,701.5,0,0,1,40669.1,40667,80609.7,80664,0.728383,0.723373
8|719|8|719|sample|11|274|11|274|22.0,0.001856,92891,2,11,84741.625,701.5,0,0,1,41160.4,41158.7,81539.2,81618.3,0.934482,0.927072
8|719|8|719|sample|11|274|11|274|22.0,0.00928,86253,3,11,84741.625,701.5,0,0,1,41160.4,41158.7,80557.8,81184.6,0.474537,0.419052
8|719|8|719|sample|11|274|11|274|22.0,0.0464,67865,4,11,84741.625,701.5,0,0,1,41160.4,41158.7,68153.5,73132.2,-0.0284118,-0.483443
8|719|8|719|sample|11|274|11|274|22.0,0.2319999999999999,24977,5,11,84741.625,701.5,0,0,1,41160.4,41158.7,20805.8,24242.1,1.34569,0.20348
8|719|8|719|sample|11|274|11|274|22.0,1.16,2348,6,11,84741.625,701.5,0,0,1,41160.4,41158.7,2407.7,2248.39,-0.16643,0.297368
8|719|8|719|sample|11|274|11|274|22.0,5.8,638,7,11,84741.625,701.5,0,0,1,41160.4,41158.7,793.347,754.184,-1.31435,-1.03405
8|719|8|719|sample|11|274|11|274|22.0,29,584,8,11,84741.625,701.5,0,0,1,40669.1,40667,676.107,672.594,-0.914429,-0.884145
8|719|8|719|cc|1|1|274|1|274|69.0,0,640,1,1,84741.625,701.5,0,1,0,nan,nan,667.333,667.754,-0.274931,-0.278983
8|719|8|719|cc|2|1|274|1|274|69.0,0,658,2,1,84741.625,701.5,0,1,0,nan,nan,667.333,667.754,-0.0938791,-0.0980451
8|719|8|719|cc|3|1|274|1|274|69.0,0,684,3,1,84741.625,701.5,0,1,0,nan,nan,667.333,667.754,0.16764,0.163309
8|719|8|719|cc|4|1|274|1|274|69.0,0,730,4,1,84741.625,701.5,0,1,0,nan,nan,667.333,667.754,0.630327,0.625705
8|719|8|719|cc|5|1|274|1|274|69.0,0,706,5,1,84741.625,701.5,0,1,0,nan,nan,667.333,667.754,0.388925,0.384455
8|719|8|719|cc|6|1|274|1|274|69.0,0,732,6,1,84741.625,701.5,0,1,0,nan,nan,667.333,667.754,0.650444,0.645809
8|719|8|719|cc|7|1|274|1|274|69.0,0,746,7,1,84741.625,701.5,0,1,0,nan,nan,667.333,667.754,0.791262,0.786538
8|719|8|719|cc|8|1|274|1|274|69.0,0,716,8,1,84741.625,701.5,0,1,0,nan,nan,667.333,667.754,0.489509,0.484976
8|719|8|719|vc|1|2|274|2|274|69.0,0,95775,1,2,84741.625,701.5,1,0,0,nan,nan,80614.3,80665.1,1.26235,1.25733
8|719|8|719|vc|2|2|274|2|274|69.0,0,90514,2,2,84741.625,701.5,1,0,0,nan,nan,81609.5,81640.4,0.732391,0.729572
8|719|8|719|vc|3|2|274|2|274|69.0,0,86615,3,2,84741.625,701.5,1,0,0,nan,nan,81609.5,81640.4,0.411701,0.409004
8|719|8|719|vc|4|2|274|2|274|69.0,0,84683,4,2,84741.625,701.5,1,0,0,nan,nan,81609.5,81640.4,0.252796,0.250158
8|719|8|719|vc|5|2|274|2|274|69.0,0,87250,5,2,84741.625,701.5,1,0,0,nan,nan,81609.5,81640.4,0.463929,0.461212
8|719|8|719|vc|6|2|274|2|274|69.0,0,81493,6,2,84741.625,701.5,1,0,0,nan,nan,81609.5,81640.4,-0.00957959,-0.0121173
8|719|8|719|vc|7|2|274|2|274|69.0,0,76517,7,2,84741.625,701.5,1,0,0,nan,nan,81609.5,81640.4,-0.418852,-0.421235
8|719|8|719|vc|8|2|274|2|274|69.0,0,75086,8,2,84741.625,701.5,1,0,0,nan,nan,80614.3,80665.1,-0.46031,-0.464245
8|863|8|863|sample|7|274|7|274|65.0,0.0016767999999999,82319,1,7,79056.375,671,0,0,1,37948.6,37952.4,75192.3,75241,0.636191,0.631434
8|863|8|863|sample|7|274|7|274|65.0,0.0083839999999999,83542,2,7,79056.375,671,0,0,1,38407.1,38411.5,75910.3,75956.5,0.674831,0.670339
8|863|8|863|sample|7|274|7|274|65.0,0.04192,65069,3,7,79056.375,671,0,0,1,38755.8,38760.7,72853.7,73031.2,-0.717239,-0.731807
8|863|8|863|sample|7|274|7|274|65.0,0.2096,36554,4,7,79056.375,671,0,0,1,39021.1,39026.4,38470.2,38584.4,-0.334349,-0.353222
8|863|8|863|sample|7|274|7|274|65.0,1.048,4884,5,7,79056.375,671,0,0,1,39021.1,39026.4,4470.17,4355.97,0.621406,0.81367
8|863|8|863|sample|7|274|7|274|65.0,5.24,624,6,7,79056.375,671,0,0,1,38755.8,38760.7,879.21,865.047,-1.9484,-1.8704
8|863|8|863|sample|7|274|7|274|65.0,26.2,626,7,7,79056.375,671,0,0,1,38407.1,38411.5,672.158,671.253,-0.46094,-0.452515
8|863|8|863|sample|7|274|7|274|65.0,131,654,8,7,79056.375,671,0,0,1,37948.6,37952.4,653.387,653.717,0.00629914,0.00290548
8|863|8|863|sample|8|274|8|274|65.0,0.0016767999999999,81813,1,8,79056.375,671,0,0,1,37948.6,37952.4,75198.7,75234.8,0.590404,0.586898
8|863|8|863|sample|8|274|8|274|65.0,0.0083839999999999,80278,2,8,79056.375,671,0,0,1,38407.1,38411.5,76006.1,75869.3,0.377266,0.39005
8|863|8|863|sample|8|274|8|274|65.0,0.04192,68381,3,8,79056.375,671,0,0,1,38755.8,38760.7,74002.8,72042.9,-0.509918,-0.341187
8|863|8|863|sample|8|274|8|274|65.0,0.2096,34726,4,8,79056.375,671,0,0,1,39021.1,39026.4,41313.8,36052.2,-1.07033,-0.246912
8|863|8|863|sample|8|274|8|274|65.0,1.048,4740,5,8,79056.375,671,0,0,1,39021.1,39026.4,4262.1,4282.85,0.752641,0.716473
8|863|8|863|sample|8|274|8|274|65.0,5.24,706,6,8,79056.375,671,0,0,1,38755.8,38760.7,829.615,883.691,-1.00015,-1.3497
8|863|8|863|sample|8|274|8|274|65.0,26.2,686,7,8,79056.375,671,0,0,1,38407.1,38411.5,667.887,673.52,0.18204,0.124379
8|863|8|863|sample|8|274|8|274|65.0,131,674,8,8,79056.375,671,0,0,1,37948.6,37952.4,653.091,653.907,0.214901,0.20625
8|863|8|863|sample|6|274|6|274|65.0,0.0004351999999999,84201,1,6,79056.375,671,0,0,1,37948.6,37952.4,75204,75251.2,0.80303,0.798314
8|863|8|863|sample|6|274|6|274|65.0,0.0021759999999999,83262,2,6,79056.375,671,0,0,1,38407.1,38411.5,76127.6,76152.7,0.629053,0.626634
8|863|8|863|sample|6|274|6|274|65.0,0.0108799999999999,73877,3,6,79056.375,671,0,0,1,38755.8,38760.7,76671.9,76612.8,-0.244681,-0.239692
8|863|8|863|sample|6|274|6|274|65.0,0.0543999999999999,56720,4,6,79056.375,671,0,0,1,39021.1,39026.4,72558.2,71458.9,-1.46518,-1.38446
8|863|8|863|sample|6|274|6|274|65.0,0.2719999999999999,26035,5,6,79056.375,671,0,0,1,39021.1,39026.4,25788.1,24639.7,0.0642633,0.380106
8|863|8|863|sample|6|274|6|274|65.0,1.36,1998,6,6,79056.375,671,0,0,1,38755.8,38760.7,1857.49,1961.12,0.507746,0.126243
8|863|8|863|sample|6|274|6|274|65.0,6.8,596,7,6,79056.375,671,0,0,1,38407.1,38411.5,699.908,710.666,-0.996507,-1.08303
8|863|8|863|sample|6|274|6|274|65.0,34,680,8,6,79056.375,671,0,0,1,37948.6,37952.4,654.047,655.062,0.266354,0.255534
8|863|8|863|sample|5|274|5|274|65.0,0.0004351999999999,83981,1,5,79056.375,671,0,0,1,37948.6,37952.4,75202.5,75250.4,0.783543,0.778763
8|863|8|863|sample|5|274|5|274|65.0,0.0021759999999999,84944,2,5,79056.375,671,0,0,1,38407.1,38411.5,76102.3,76140.2,0.779846,0.776121
8|863|8|863|sample|5|274|5|274|65.0,0.0108799999999999,76489,3,5,79056.375,671,0,0,1,38755.8,38760.7,76281,76419.1,0.018305,0.00613996
8|863|8|863|sample|5|274|5|274|65.0,0.0543999999999999,61614,4,5,79056.375,671,0,0,1,39021.1,39026.4,68340,69462.1,-0.660627,-0.75838
8|863|8|863|sample|5|274|5|274|65.0,0.2719999999999999,25403,5,5,79056.375,671,0,0,1,39021.1,39026.4,23103.4,23871.6,0.668124,0.430616
8|863|8|863|sample|5|274|5|274|65.0,1.36,2262,6,5,79056.375,671,0,0,1,38755.8,38760.7,2365.4,2280.89,-0.293406,-0.0555761
8|863|8|863|sample|5|274|5|274|65.0,34,676,8,5,79056.375,671,0,0,1,37948.6,37952.4,657.963,657.22,0.184003,0.191799
8|863|8|863|sample|11|274|11|274|28.0,0.0014272,78983,1,11,79056.375,671,0,0,1,37948.6,37945.3,75173.9,75231.4,0.34012,0.33473
8|863|8|863|sample|11|274|11|274|28.0,0.007136,77552,2,11,79056.375,671,0,0,1,38407.1,38404.3,75625.5,75785.2,0.170995,0.15649
8|863|8|863|sample|11|274|11|274|28.0,0.03568,64390,3,11,79056.375,671,0,0,1,38407.1,38404.3,68477.7,69734,-0.400684,-0.514395
8|863|8|863|sample|11|274|11|274|28.0,0.1784,28760,4,11,79056.375,671,0,0,1,38407.1,38404.3,26842,28341.3,0.47962,0.0991637
8|863|8|863|sample|11|274|11|274|28.0,0.892,3118,5,11,79056.375,671,0,0,1,38407.1,38404.3,2978.36,2931.93,0.314705,0.425985
8|863|8|863|sample|11|274|11|274|28.0,4.46,660,6,11,79056.375,671,0,0,1,38407.1,38404.3,790.591,773.553,-1.10875,-0.985331
8|863|8|863|sample|11|274|11|274|28.0,22.3,624,7,11,79056.375,671,0,0,1,38407.1,38404.3,655.206,653.637,-0.319696,-0.304351
8|863|8|863|sample|11|274|11|274|28.0,111.5,676,8,11,79056.375,671,0,0,1,37948.6,37945.3,639.176,639.43,0.386706,0.383888
8|863|8|863|sample|12|274|12|274|28.0,0.0014272,82748,1,12,79056.375,671,0,0,1,37948.6,37945.3,75152.8,75214.5,0.678371,0.672305
8|863|8|863|sample|12|274|12|274|28.0,0.007136,77620,2,12,79056.375,671,0,0,1,37948.6,37945.3,74500.5,74693.7,0.28106,0.262971
8|863|8|863|sample|12|274|12|274|28.0,0.03568,62159,3,12,79056.375,671,0,0,1,37948.6,37945.3,66526.1,67593.7,-0.440634,-0.539691
8|863|8|863|sample|12|274|12|274|28.0,0.1784,27297,4,12,79056.375,671,0,0,1,37948.6,37945.3,27071.2,27903.5,0.0559897,-0.145903
8|863|8|863|sample|12|274|12|274|28.0,0.892,3754,5,12,79056.375,671,0,0,1,37948.6,37945.3,3487.25,3365.27,0.513439,0.775358
8|863|8|863|sample|12|274|12|274|28.0,4.46,602,6,12,79056.375,671,0,0,1,37948.6,37945.3,852.269,824.956,-1.97107,-1.8141
8|863|8|863|sample|12|274|12|274|28.0,22.3,652,7,12,79056.375,671,0,0,1,37948.6,37945.3,654.154,651.337,-0.0221064,0.00683314
8|863|8|863|sample|12|274|12|274|28.0,111.5,620,8,12,79056.375,671,0,0,1,37948.6,37945.3,639.784,639.874,-0.207565,-0.20848
8|863|8|863|sample|9|274|9|274|28.0,0.0004479999999999,81052,1,9,79056.375,671,0,0,1,37948.6,37945.3,75203.5,75250.7,0.522012,0.517477
8|863|8|863|sample|9|274|9|274|28.0,0.00224,80554,2,9,79056.375,671,0,0,1,38407.1,38404.3,76117.1,76142.2,0.39126,0.38892
8|863|8|863|sample|9|274|9|274|28.0,0.0111999999999999,77564,3,9,79056.375,671,0,0,1,38755.8,38753.5,76454.2,76408.5,0.0974312,0.10151
8|863|8|863|sample|9|274|9|274|28.0,0.0559999999999999,56662,4,9,79056.375,671,0,0,1,39021.1,39019.2,69031.6,68351.4,-1.20277,-1.14794
8|863|8|863|sample|9|274|9|274|28.0,0.2799999999999999,21150,5,9,79056.375,671,0,0,1,39021.1,39019.2,20125.4,19728.1,0.341717,0.483805
8|863|8|863|sample|9|274|9|274|28.0,1.4,1734,6,9,79056.375,671,0,0,1,38755.8,38753.5,1712.44,1748.89,0.0844956,-0.0571345
8|863|8|863|sample|9|274|9|274|28.0,7,666,7,9,79056.375,671,0,0,1,38407.1,38404.3,690.709,695.398,-0.24012,-0.283763
8|863|8|863|sample|9|274|9|274|28.0,35,660,8,9,79056.375,671,0,0,1,37948.6,37945.3,640.474,641.186,0.204638,0.196957
8|863|8|863|sample|10|274|10|274|28.0,0.0004479999999999,87360,1,10,79056.375,671,0,0,1,37948.6,37945.3,75200.4,75247.3,1.08535,1.0805
8|863|8|863|sample|10|274|10|274|28.0,0.00224,83548,2,10,79056.375,671,0,0,1,38407.1,38404.3,76074.9,76096.2,0.659374,0.657312
8|863|8|863|sample|10|274|10|274|28.0,0.0111999999999999,78230,3,10,79056.375,671,0,0,1,38755.8,38753.5,75937.1,75853.7,0.202681,0.210277
8|863|8|863|sample|10|274|10|274|28.0,0.0559999999999999,58709,4,10,79056.375,671,0,0,1,38755.8,38753.5,64894.7,63969.5,-0.639809,-0.551983
8|863|8|863|sample|10|274|10|274|28.0,0.2799999999999999,20498,5,10,79056.375,671,0,0,1,38755.8,38753.5,20245.3,19183.1,0.0837952,0.460095
8|863|8|863|sample|10|274|10|274|28.0,1.4,2190,6,10,79056.375,671,0,0,1,38755.8,38753.5,2313.16,2220.68,-0.357392,-0.0927403
8|863|8|863|sample|10|274|10|274|28.0,35,698,8,10,79056.375,671,0,0,1,37948.6,37945.3,645.546,645.767,0.545414,0.542927
8|863|8|863|sample|5|274|5|274|28.0,7,652,7,5,79056.375,671,0,0,1,38407.1,38404.3,74616.1,681.653,-6.65366,-0.291992
8|863|8|863|sample|3|274|3|274|22.0,0.0010624,89013,1,3,79056.375,671,0,0,1,37948.6,37945.7,75198.4,75236.9,1.23311,1.22904
8|863|8|863|sample|3|274|3|274|22.0,0.005312,83582,2,3,79056.375,671,0,0,1,38407.1,38404.7,76008.3,75909.9,0.668833,0.678404
8|863|8|863|sample|3|274|3|274|22.0,0.02656,75500,3,3,79056.375,671,0,0,1,38755.8,38753.9,74218.1,72719.9,0.115933,0.256612
8|863|8|863|sample|3|274|3|274|22.0,0.1328,35636,4,3,79056.375,671,0,0,1,38755.8,38753.9,43777,39075.7,-1.24825,-0.590863
8|863|8|863|sample|3|274|3|274|22.0,0.664,5534,5,3,79056.375,671,0,0,1,38755.8,38753.9,5005.58,4922.04,0.70859,0.834549
8|863|8|863|sample|3|274|3|274|22.0,3.32,752,6,3,79056.375,671,0,0,1,38755.8,38753.9,867.166,916.422,-0.891443,-1.2043
8|863|8|863|sample|3|274|3|274|22.0,16.6,620,7,3,79056.375,671,0,0,1,38407.1,38404.7,657.228,662.859,-0.380215,-0.434004
8|863|8|863|sample|3|274|3|274|22.0,83,590,8,3,79056.375,671,0,0,1,37948.6,37945.7,639.916,640.746,-0.523588,-0.531601
8|863|8|863|sample|4|274|4|274|22.0,0.0010624,89205,1,4,79056.375,671,0,0,1,37948.6,37945.7,75203.4,75246.9,1.24972,1.24512
8|863|8|863|sample|4|274|4|274|22.0,0.005312,81925,2,4,79056.375,671,0,0,1,38407.1,38404.7,76107.9,76061.5,0.513042,0.517448
8|863|8|863|sample|4|274|4|274|22.0,0.02656,72696,3,4,79056.375,671,0,0,1,38755.8,38753.9,75990,74746.4,-0.290962,-0.184132
8|863|8|863|sample|4|274|4|274|22.0,0.1328,39789,4,4,79056.375,671,0,0,1,39021.1,39019.6,56238.6,48365.6,-1.96333,-1.19029
8|863|8|863|sample|4|274|4|274|22.0,0.664,7098,5,4,79056.375,671,0,0,1,39021.1,39019.6,6198.3,6137.44,0.97431,1.05054
8|863|8|863|sample|4|274|4|274|22.0,3.32,652,6,4,79056.375,671,0,0,1,38755.8,38753.9,828.486,926.661,-1.42987,-1.98952
8|863|8|863|sample|4|274|4|274|22.0,16.6,586,7,4,79056.375,671,0,0,1,38407.1,38404.7,652.509,660.313,-0.684174,-0.755417
8|863|8|863|sample|4|274|4|274|22.0,83,700,8,4,79056.375,671,0,0,1,37948.6,37945.7,639.614,640.454,0.633713,0.624081
8|863|8|863|sample|10|274|10|274|65.0,6.8,652,7,10,79056.375,671,0,0,1,38407.1,38411.5,75336.2,691.16,-6.65423,-0.380312
8|863|8|863|cc|1|1|274|1|274|69.0,0,622,1,1,79056.375,671,0,1,0,nan,nan,638.304,638.706,-0.171447,-0.175565
8|863|8|863|cc|2|1|274|1|274|69.0,0,702,2,1,79056.375,671,0,1,0,nan,nan,638.304,638.706,0.669823,0.665174
8|863|8|863|cc|3|1|274|1|274|69.0,0,724,3,1,79056.375,671,0,1,0,nan,nan,638.304,638.706,0.901172,0.896378
8|863|8|863|cc|4|1|274|1|274|69.0,0,660,4,1,79056.375,671,0,1,0,nan,nan,638.304,638.706,0.228156,0.223786
8|863|8|863|cc|5|1|274|1|274|69.0,0,644,5,1,79056.375,671,0,1,0,nan,nan,638.304,638.706,0.0599024,0.0556381
8|863|8|863|cc|6|1|274|1|274|69.0,0,642,6,1,79056.375,671,0,1,0,nan,nan,638.304,638.706,0.0388707,0.0346196
8|863|8|863|cc|7|1|274|1|274|69.0,0,664,7,1,79056.375,671,0,1,0,nan,nan,638.304,638.706,0.27022,0.265823
8|863|8|863|cc|8|1|274|1|274|69.0,0,710,8,1,79056.375,671,0,1,0,nan,nan,638.304,638.706,0.75395,0.749248
8|863|8|863|vc|1|2|274|2|274|69.0,0,84225,1,2,79056.375,671,1,0,0,nan,nan,75204.1,75251.5,0.805155,0.800421
8|863|8|863|vc|2|2|274|2|274|69.0,0,81106,2,2,79056.375,671,1,0,0,nan,nan,76133,76161.8,0.438449,0.435741
8|863|8|863|vc|3|2|274|2|274|69.0,0,81311,3,2,79056.375,671,1,0,0,nan,nan,76133,76161.8,0.456523,0.453808
8|863|8|863|vc|4|2|274|2|274|69.0,0,81469,4,2,79056.375,671,1,0,0,nan,nan,76133,76161.8,0.470453,0.467733
8|863|8|863|vc|5|2|274|2|274|69.0,0,80994,5,2,79056.375,671,1,0,0,nan,nan,76133,76161.8,0.428574,0.42587
8|863|8|863|vc|6|2|274|2|274|69.0,0,78472,6,2,79056.375,671,1,0,0,nan,nan,76133,76161.8,0.206221,0.2036
8|863|8|863|vc|7|2|274|2|274|69.0,0,76847,7,2,79056.375,671,1,0,0,nan,nan,76133,76161.8,0.0629513,0.0603854
8|863|8|863|vc|8|2|274|2|274|69.0,0,68027,8,2,79056.375,671,1,0,0,nan,nan,75204.1,75251.5,-0.640592,-0.644415
8|488|8|488|sample|6|322|6|322|55.0,0.0006144,96232,1,6,92253.875,687,0,0,1,44237.8,44236,87751.3,87810.1,0.648713,0.643783
8|488|8|488|sample|6|322|6|322|55.0,0.003072,95307,2,6,92253.875,687,0,0,1,44772.2,44770.7,88802.6,88854.3,0.491649,0.487458
8|488|8|488|sample|6|322|6|322|55.0,0.01536,103629,3,6,92253.875,687,0,0,1,45178.8,45177.6,89435.4,89547.3,1.06526,1.05554
8|488|8|488|sample|6|322|6|322|55.0,0.0768,97373,4,6,92253.875,687,0,0,1,45488.1,45487.2,88946.1,89403.8,0.635936,0.59832
8|488|8|488|sample|6|322|6|322|55.0,0.384,87530,5,6,92253.875,687,0,0,1,45488.1,45487.2,82884.9,84689.4,0.376177,0.225138
8|488|8|488|sample|6|322|6|322|55.0,1.92,63970,6,6,92253.875,687,0,0,1,45178.8,45177.6,58695.9,62373.7,0.603139,0.17179
8|488|8|488|sample|6|322|6|322|55.0,9.6,23620,7,6,92253.875,687,0,0,1,44772.2,44770.7,21845.1,23083.5,0.545383,0.155996
8|488|8|488|sample|6|322|6|322|55.0,48,5018,8,6,92253.875,687,0,0,1,44237.8,44236,5068.56,4918.3,-0.0669533,0.136062
8|488|8|488|sample|5|322|5|322|55.0,0.0006144,97119,1,5,92253.875,687,0,0,1,44237.8,44236,87751.6,87810.3,0.716531,0.711571
8|488|8|488|sample|5|322|5|322|55.0,0.003072,96198,2,5,92253.875,687,0,0,1,44772.2,44770.7,88804,88855.1,0.558882,0.554698
8|488|8|488|sample|5|322|5|322|55.0,0.01536,101181,3,5,92253.875,687,0,0,1,45178.8,45177.6,89439.1,89550.3,0.881222,0.871787
8|488|8|488|sample|5|322|5|322|55.0,0.0768,100658,4,5,92253.875,687,0,0,1,45488.1,45487.2,88939.6,89406.4,0.884396,0.844733
8|488|8|488|sample|5|322|5|322|55.0,0.384,92386,5,5,92253.875,687,0,0,1,45488.1,45487.2,82705.3,84599.3,0.785676,0.617812
8|488|8|488|sample|5|322|5|322|55.0,1.92,64050,6,5,92253.875,687,0,0,1,45178.8,45177.6,57732.5,61668.5,0.734503,0.259209
8|488|8|488|sample|5|322|5|322|55.0,9.6,21984,7,5,92253.875,687,0,0,1,44772.2,44770.7,20761,22144.6,0.395417,-0.0486737
8|488|8|488|sample|5|322|5|322|55.0,48,4784,8,5,92253.875,687,0,0,1,44237.8,44236,4707.34,4617.23,0.109314,0.242446
8|488|8|488|sample|4|322|4|322|55.0,0.000064,90076,1,4,92253.875,687,0,0,1,44237.8,44236,87757.6,87813,0.177327,0.172982
8|488|8|488|sample|4|322|4|322|55.0,0.00032,95871,2,4,92253.875,687,0,0,1,44772.2,44770.7,88840.6,88873.7,0.531179,0.528479
8|488|8|488|sample|4|322|4|322|55.0,0.0016,100086,3,4,92253.875,687,0,0,1,45178.8,45177.6,89662,89676.6,0.780368,0.779146
8|488|8|488|sample|4|322|4|322|55.0,0.008,105205,4,4,92253.875,687,0,0,1,45488.1,45487.2,90277.9,90254.8,1.10985,1.11186
8|488|8|488|sample|4|322|4|322|55.0,0.04,98822,5,4,92253.875,687,0,0,1,45488.1,45487.2,90195.6,89982.6,0.641972,0.659379
8|488|8|488|sample|4|322|4|322|55.0,0.2,88433,6,4,92253.875,687,0,0,1,45178.8,45177.6,88756.3,87393.7,-0.0244514,0.079822
8|488|8|488|sample|4|322|4|322|55.0,1,78354,7,4,92253.875,687,0,0,1,44772.2,44770.7,80553,74300.3,-0.183241,0.366217
8|488|8|488|sample|4|322|4|322|55.0,5,36320,8,4,92253.875,687,0,0,1,44237.8,44236,43234.6,35737,-1.07352,0.109511
8|488|8|488|sample|3|322|3|322|55.0,0.000064,94358,1,3,92253.875,687,0,0,1,44237.8,44236,87757.5,87812.9,0.504852,0.500297
8|488|8|488|sample|3|322|3|322|55.0,0.00032,92993,2,3,92253.875,687,0,0,1,44772.2,44770.7,88840,88873.4,0.313781,0.31114
8|488|8|488|sample|3|322|3|322|55.0,0.0016,99499,3,3,92253.875,687,0,0,1,45178.8,45177.6,89657.9,89674.4,0.736766,0.735391
8|488|8|488|sample|3|322|3|322|55.0,0.008,102432,4,3,92253.875,687,0,0,1,45178.8,45177.6,89627.3,89626.4,0.958966,0.959042
8|488|8|488|sample|3|322|3|322|55.0,0.04,102826,5,3,92253.875,687,0,0,1,45178.8,45177.6,89410.5,89281.8,1.00715,1.01827
8|488|8|488|sample|3|322|3|322|55.0,0.2,85912,6,3,92253.875,687,0,0,1,45178.8,45177.6,87900.3,86875.9,-0.151836,-0.0744716
8|488|8|488|sample|3|322|3|322|55.0,1,75884,7,3,92253.875,687,0,0,1,44772.2,44770.7,77773,72116.9,-0.163031,0.350624
8|488|8|488|sample|3|322|3|322|55.0,5,33601,8,3,92253.875,687,0,0,1,44237.8,44236,43784.2,33062.1,-1.56113,0.109409
8|488|8|488|sample|10|322|10|322|32.0,0.0003648,81577,1,10,92253.875,687,0,0,1,44237.8,44867,79917.5,80921,0.139383,0.0544171
8|488|8|488|sample|10|322|10|322|32.0,0.001824,77221,2,10,92253.875,687,0,0,1,44772.2,45409.3,73090.5,74553,0.37933,0.240208
8|488|8|488|sample|10|322|10|322|32.0,0.00912,73813,3,10,92253.875,687,0,0,1,45178.8,45822,60918.4,62628.8,1.4208,1.19868
8|488|8|488|sample|10|322|10|322|32.0,0.0456,47917,4,10,92253.875,687,0,0,1,45178.8,45822,44252.4,45643.2,0.555852,0.33438
8|488|8|488|sample|10|322|10|322|32.0,0.228,23762,5,10,92253.875,687,0,0,1,45178.8,45822,28025.7,28711.1,-1.02118,-1.15704
8|488|8|488|sample|10|322|10|322|32.0,1.14,14795,6,10,92253.875,687,0,0,1,45178.8,45822,16088.2,16217.7,-0.539549,-0.58885
8|488|8|488|sample|10|322|10|322|32.0,5.7,9720,7,10,92253.875,687,0,0,1,44772.2,45409.3,8911.8,8815.73,0.608733,0.688512
8|488|8|488|sample|10|322|10|322|32.0,28.5,5400,8,10,92253.875,687,0,0,1,44237.8,44867,5188.32,5062.54,0.273856,0.447436
8|488|8|488|sample|9|322|9|322|32.0,0.0003648,88000,1,9,92253.875,687,0,0,1,44237.8,44867,80240.8,82307.1,0.649076,0.464268
8|488|8|488|sample|9|322|9|322|32.0,0.001824,81172,2,9,92253.875,687,0,0,1,44772.2,45409.3,73909.6,76907.6,0.659556,0.372186
8|488|8|488|sample|9|322|9|322|32.0,0.00912,76271,3,9,92253.875,687,0,0,1,45178.8,45822,62507.5,65895.4,1.47798,1.0569
8|488|8|488|sample|9|322|9|322|32.0,0.0456,48779,4,9,92253.875,687,0,0,1,45488.1,46136.1,46813.4,49278.7,0.281839,-0.068059
8|488|8|488|sample|9|322|9|322|32.0,0.228,28900,5,9,92253.875,687,0,0,1,45488.1,46136.1,30500,31211.4,-0.352114,-0.497088
8|488|8|488|sample|9|322|9|322|32.0,1.14,16823,6,9,92253.875,687,0,0,1,45178.8,45822,17817.9,17323.9,-0.3748,-0.194095
8|488|8|488|sample|9|322|9|322|32.0,5.7,9274,7,9,92253.875,687,0,0,1,44772.2,45409.3,9993.36,9201.83,-0.48318,0.0526479
8|488|8|488|sample|9|322|9|322|32.0,28.5,5678,8,9,92253.875,687,0,0,1,44237.8,44867,5790.87,5151.79,-0.130835,0.685602
8|488|8|488|sample|8|322|8|322|32.0,0.0000768,96152,1,8,92253.875,687,0,0,1,44237.8,44867,86298.5,86429.7,0.766412,0.755053
8|488|8|488|sample|8|322|8|322|32.0,0.000384,86213,2,8,92253.875,687,0,0,1,44772.2,45409.3,85221.2,85393.5,0.078117,0.0644125
8|488|8|488|sample|8|322|8|322|32.0,0.00192,94198,3,8,92253.875,687,0,0,1,45178.8,45822,81026.2,81253.9,1.09117,1.0693
8|488|8|488|sample|8|322|8|322|32.0,0.0096,85402,4,8,92253.875,687,0,0,1,45488.1,46136.1,71264.1,71472.8,1.33163,1.30815
8|488|8|488|sample|8|322|8|322|32.0,0.048,55227,5,8,92253.875,687,0,0,1,45488.1,46136.1,54230.2,54230.1,0.123374,0.123385
8|488|8|488|sample|8|322|8|322|32.0,0.24,28203,6,8,92253.875,687,0,0,1,45178.8,45822,34036.9,33758.4,-1.15049,-1.10461
8|488|8|488|sample|8|322|8|322|32.0,1.2,15833,7,8,92253.875,687,0,0,1,44772.2,45409.3,18159.7,17802.2,-0.860026,-0.742479
8|488|8|488|sample|8|322|8|322|32.0,6,10222,8,8,92253.875,687,0,0,1,44237.8,44867,9100.08,8836.28,0.827544,1.05264
8|488|8|488|sample|7|322|7|322|32.0,0.0000768,88102,1,7,92253.875,687,0,0,1,44237.8,44867,87470.3,86420.8,0.048477,0.130575
8|488|8|488|sample|7|322|7|322|32.0,0.000384,97131,2,7,92253.875,687,0,0,1,44772.2,45409.3,87903.6,85396.3,0.704602,0.92237
8|488|8|488|sample|7|322|7|322|32.0,0.00192,94452,3,7,92253.875,687,0,0,1,45178.8,45822,86665.8,81315.8,0.603044,1.08434
8|488|8|488|sample|7|322|7|322|32.0,0.0096,82610,4,7,92253.875,687,0,0,1,45488.1,46136.1,81189.8,71700.9,0.117414,1.02126
8|488|8|488|sample|7|322|7|322|32.0,0.048,53340,5,7,92253.875,687,0,0,1,45488.1,46136.1,66307.3,54715.5,-1.31269,-0.168736
8|488|8|488|sample|7|322|7|322|32.0,0.24,30010,6,7,92253.875,687,0,0,1,45178.8,45822,41648.3,34371.4,-1.8757,-0.85172
8|488|8|488|sample|7|322|7|322|32.0,1.2,17535,7,7,92253.875,687,0,0,1,44772.2,45409.3,19581.1,18293.3,-0.701391,-0.278248
8|488|8|488|sample|7|322|7|322|32.0,6,10208,8,7,92253.875,687,0,0,1,44237.8,44867,8164.63,9126.27,1.6799,0.795606
8|488|8|488|sample|11|322|11|322|22.0,0.0003712,81357,1,11,92253.875,687,0,0,1,44237.8,44233.6,87609.3,87619.1,-0.479031,-0.479729
8|488|8|488|sample|11|322|11|322|22.0,0.001856,80376,2,11,92253.875,687,0,0,1,44772.2,44768.3,87974.5,87800,-0.579756,-0.567565
8|488|8|488|sample|11|322|11|322|22.0,0.00928,77900,3,11,92253.875,687,0,0,1,44772.2,44768.3,84029.7,83244.2,-0.489641,-0.430922
8|488|8|488|sample|11|322|11|322|22.0,0.0464,59219,4,11,92253.875,687,0,0,1,44772.2,44768.3,66678.6,64724.8,-0.750935,-0.570984
8|488|8|488|sample|11|322|11|322|22.0,0.2319999999999999,31458,5,11,92253.875,687,0,0,1,44772.2,44768.3,30523.9,29262.3,0.205418,0.503651
8|488|8|488|sample|11|322|11|322|22.0,1.16,7890,6,11,92253.875,687,0,0,1,44772.2,44768.3,7795.85,7705.25,0.0810675,0.160941
8|488|8|488|sample|11|322|11|322|22.0,5.8,2100,7,11,92253.875,687,0,0,1,44772.2,44768.3,1976.27,2025.07,0.420239,0.248362
8|488|8|488|sample|11|322|11|322|22.0,29,842,8,11,92253.875,687,0,0,1,44237.8,44233.6,879.779,900.889,-0.288238,-0.438768
8|488|8|488|sample|12|322|12|322|22.0,0.0003712,85678,1,12,92253.875,687,0,0,1,44237.8,44233.6,87356.1,87256.3,-0.128941,-0.121413
8|488|8|488|sample|12|322|12|322|22.0,0.001856,78320,2,12,92253.875,687,0,0,1,44237.8,44233.6,85845.9,85312.4,-0.588453,-0.55016
8|488|8|488|sample|12|322|12|322|22.0,0.00928,75748,3,12,92253.875,687,0,0,1,44237.8,44233.6,79215.6,77398.4,-0.293826,-0.143127
8|488|8|488|sample|12|322|12|322|22.0,0.0464,56968,4,12,92253.875,687,0,0,1,44237.8,44233.6,57702.3,54340.7,-0.0854199,0.324537
8|488|8|488|sample|12|322|12|322|22.0,0.2319999999999999,26171,5,12,92253.875,687,0,0,1,44237.8,44233.6,25171.2,23208.1,0.266599,0.856924
8|488|8|488|sample|12|322|12|322|22.0,1.16,6422,6,12,92253.875,687,0,0,1,44237.8,44233.6,7169.19,6809.39,-0.699574,-0.381865
8|488|8|488|sample|12|322|12|322|22.0,5.8,1454,7,12,92253.875,687,0,0,1,44237.8,44233.6,2083.32,2072.29,-2.02762,-2.0027
8|488|8|488|sample|12|322|12|322|22.0,29,1264,8,12,92253.875,687,0,0,1,44237.8,44233.6,952.716,966.849,2.19313,2.06297
8|488|8|488|cc|1|1|322|1|322|69.0,0,690,1,1,92253.875,687,0,1,0,nan,nan,653.517,653.93,0.374719,0.370242
8|488|8|488|cc|2|1|322|1|322|69.0,0,744,2,1,92253.875,687,0,1,0,nan,nan,653.517,653.93,0.929356,0.92453
8|488|8|488|cc|3|1|322|1|322|69.0,0,678,3,1,92253.875,687,0,1,0,nan,nan,653.517,653.93,0.251466,0.247067
8|488|8|488|cc|4|1|322|1|322|69.0,0,658,4,1,92253.875,687,0,1,0,nan,nan,653.517,653.93,0.0460445,0.0417757
8|488|8|488|cc|5|1|322|1|322|69.0,0,652,5,1,92253.875,687,0,1,0,nan,nan,653.517,653.93,-0.0155819,-0.0198118
8|488|8|488|cc|6|1|322|1|322|69.0,0,686,6,1,92253.875,687,0,1,0,nan,nan,653.517,653.93,0.333634,0.329184
8|488|8|488|cc|7|1|322|1|322|69.0,0,710,7,1,92253.875,687,0,1,0,nan,nan,653.517,653.93,0.58014,0.575534
8|488|8|488|cc|8|1|322|1|322|69.0,0,678,8,1,92253.875,687,0,1,0,nan,nan,653.517,653.93,0.251466,0.247067
8|488|8|488|vc|1|2|322|2|322|69.0,0,94917,1,2,92253.875,687,1,0,0,nan,nan,87757.6,87813.1,0.5476,0.543014
8|488|8|488|vc|2|2|322|2|322|69.0,0,99297,2,2,92253.875,687,1,0,0,nan,nan,88840.7,88874.5,0.790021,0.787171
8|488|8|488|vc|3|2|322|2|322|69.0,0,94280,3,2,92253.875,687,1,0,0,nan,nan,88840.7,88874.5,0.410964,0.408258
8|488|8|488|vc|4|2|322|2|322|69.0,0,91878,4,2,92253.875,687,1,0,0,nan,nan,88840.7,88874.5,0.229482,0.226845
8|488|8|488|vc|5|2|322|2|322|69.0,0,91882,5,2,92253.875,687,1,0,0,nan,nan,88840.7,88874.5,0.229784,0.227147
8|488|8|488|vc|6|2|322|2|322|69.0,0,90577,6,2,92253.875,687,1,0,0,nan,nan,88840.7,88874.5,0.131186,0.128586
8|488|8|488|vc|7|2|322|2|322|69.0,0,89724,7,2,92253.875,687,1,0,0,nan,nan,88840.7,88874.5,0.0667378,0.0641621
8|488|8|488|vc|8|2|322|2|322|69.0,0,85476,8,2,92253.875,687,1,0,0,nan,nan,87757.6,87813.1,-0.174514,-0.178643
8|152|8|152|sample|8|322|8|322|65.0,0.0016767999999999,93531,1,8,94087.625,695.25,0,0,1,45114.6,45114.4,89368.6,89448.8,0.312628,0.30633
8|152|8|152|sample|8|322|8|322|65.0,0.0083839999999999,89173,2,8,94087.625,695.25,0,0,1,45659.6,45659.4,89477.7,89672.7,-0.0228581,-0.0374047
8|152|8|152|sample|8|322|8|322|65.0,0.04192,74809,3,8,94087.625,695.25,0,0,1,46074.2,46074,82947.9,83865.5,-0.658614,-0.724851
8|152|8|152|sample|8|322|8|322|65.0,0.2096,45160,4,8,94087.625,695.25,0,0,1,46389.6,46389.4,50476.7,52527,-0.707005,-0.941409
8|152|8|152|sample|8|322|8|322|65.0,1.048,15135,5,8,94087.625,695.25,0,0,1,46389.6,46389.4,12466.7,13082.3,1.43666,1.05322
8|152|8|152|sample|8|322|8|322|65.0,5.24,2264,6,8,94087.625,695.25,0,0,1,46074.2,46074,2309.25,2352.71,-0.131528,-0.253099
8|152|8|152|sample|8|322|8|322|65.0,26.2,818,7,8,94087.625,695.25,0,0,1,45659.6,45659.4,874.374,873.57,-0.432768,-0.426991
8|152|8|152|sample|8|322|8|322|65.0,131,656,8,8,94087.625,695.25,0,0,1,45114.6,45114.4,687.886,687.399,-0.311143,-0.306608
8|152|8|152|sample|7|322|7|322|65.0,0.0016767999999999,91095,1,7,94087.625,695.25,0,0,1,45114.6,45114.4,89320,89399.8,0.13339,0.127276
8|152|8|152|sample|7|322|7|322|65.0,0.0083839999999999,90851,2,7,94087.625,695.25,0,0,1,45659.6,45659.4,89252.9,89418.9,0.120189,0.107504
8|152|8|152|sample|7|322|7|322|65.0,0.04192,78819,3,7,94087.625,695.25,0,0,1,46074.2,46074,82407.5,83010.1,-0.292294,-0.338899
8|152|8|152|sample|7|322|7|322|65.0,0.2096,44579,4,7,94087.625,695.25,0,0,1,46389.6,46389.4,51536,52537.8,-0.906113,-1.01683
8|152|8|152|sample|7|322|7|322|65.0,1.048,16869,5,7,94087.625,695.25,0,0,1,46389.6,46389.4,14230.5,14400.9,1.24455,1.15037
8|152|8|152|sample|7|322|7|322|65.0,5.24,2542,6,7,94087.625,695.25,0,0,1,46074.2,46074,2817.62,2786.79,-0.656603,-0.589602
8|152|8|152|sample|7|322|7|322|65.0,26.2,990,7,7,94087.625,695.25,0,0,1,45659.6,45659.4,971.549,958.779,0.127473,0.218577
8|152|8|152|sample|7|322|7|322|65.0,131,662,8,7,94087.625,695.25,0,0,1,45114.6,45114.4,704.302,701.778,-0.403158,-0.38047
8|152|8|152|sample|6|322|6|322|65.0,0.0004351999999999,97021,1,6,94087.625,695.25,0,0,1,45114.6,45114.4,89388.6,89447.6,0.57313,0.56832
8|152|8|152|sample|6|322|6|322|65.0,0.0021759999999999,93823,2,6,94087.625,695.25,0,0,1,45659.6,45659.4,89930.5,89968.3,0.290531,0.287592
8|152|8|152|sample|6|322|6|322|65.0,0.0108799999999999,90270,3,6,94087.625,695.25,0,0,1,46074.2,46074,87699.4,87674.5,0.196747,0.198713
8|152|8|152|sample|6|322|6|322|65.0,0.0543999999999999,68233,4,6,94087.625,695.25,0,0,1,46389.6,46389.4,74213.6,73791.5,-0.540918,-0.505617
8|152|8|152|sample|6|322|6|322|65.0,0.2719999999999999,39599,5,6,94087.625,695.25,0,0,1,46389.6,46389.4,39240.6,38196.7,0.0613069,0.246419
8|152|8|152|sample|6|322|6|322|65.0,1.36,10738,6,6,94087.625,695.25,0,0,1,46074.2,46074,11077.8,10498.6,-0.205896,0.153063
8|152|8|152|sample|6|322|6|322|65.0,6.8,2696,7,6,94087.625,695.25,0,0,1,45659.6,45659.4,2689,2533.87,0.0174765,0.429495
8|152|8|152|sample|6|322|6|322|65.0,34,918,8,6,94087.625,695.25,0,0,1,45114.6,45114.4,1023.16,989.69,-0.689882,-0.486216
8|152|8|152|sample|5|322|5|322|65.0,0.0004351999999999,94324,1,5,94087.625,695.25,0,0,1,45114.6,45114.4,89438.9,89466.7,0.366621,0.364425
8|152|8|152|sample|5|322|5|322|65.0,0.0021759999999999,94458,2,5,94087.625,695.25,0,0,1,45659.6,45659.4,90161.1,90044.4,0.319898,0.329008
8|152|8|152|sample|5|322|5|322|65.0,0.0108799999999999,93359,3,5,94087.625,695.25,0,0,1,46074.2,46074,88606.3,87896.4,0.360035,0.417155
8|152|8|152|sample|5|322|5|322|65.0,0.0543999999999999,70654,4,5,94087.625,695.25,0,0,1,46389.6,46389.4,76394.6,73876.4,-0.504389,-0.292779
8|152|8|152|sample|5|322|5|322|65.0,0.2719999999999999,40370,5,5,94087.625,695.25,0,0,1,46389.6,46389.4,39947.1,37070,0.0710607,0.597545
8|152|8|152|sample|5|322|5|322|65.0,1.36,8986,6,5,94087.625,695.25,0,0,1,46074.2,46074,10224.8,9590.46,-0.813213,-0.423056
8|152|8|152|sample|5|322|5|322|65.0,6.8,2416,7,5,94087.625,695.25,0,0,1,45659.6,45659.4,2291.52,2255.3,0.364628,0.47829
8|152|8|152|sample|5|322|5|322|65.0,34,924,8,5,94087.625,695.25,0,0,1,45114.6,45114.4,916.69,924.883,0.0535228,-0.00641194
8|152|8|152|sample|12|322|12|322|28.0,0.0014272,79697,1,12,94087.625,695.25,0,0,1,45114.6,45113.7,86762.3,87874.1,-0.546606,-0.624611
8|152|8|152|sample|12|322|12|322|28.0,0.007136,67002,2,12,94087.625,695.25,0,0,1,45114.6,45113.7,77400.5,80718.8,-0.901779,-1.14064
8|152|8|152|sample|12|322|12|322|28.0,0.03568,48627,3,12,94087.625,695.25,0,0,1,45114.6,45113.7,50562.4,55214.2,-0.256935,-0.800797
8|152|8|152|sample|12|322|12|322|28.0,0.1784,20494,4,12,94087.625,695.25,0,0,1,45114.6,45113.7,18940.8,20038.3,0.550416,0.152646
8|152|8|152|sample|12|322|12|322|28.0,0.892,5710,5,12,94087.625,695.25,0,0,1,45114.6,45113.7,5082.77,4807.21,0.828318,1.26057
8|152|8|152|sample|12|322|12|322|28.0,4.46,1250,6,12,94087.625,695.25,0,0,1,45114.6,45113.7,1592.38,1418.54,-1.44322,-0.797504
8|152|8|152|sample|12|322|12|322|28.0,22.3,570,7,12,94087.625,695.25,0,0,1,45114.6,45113.7,851.37,795.727,-2.21836,-1.90411
8|152|8|152|sample|12|322|12|322|28.0,111.5,678,8,12,94087.625,695.25,0,0,1,45114.6,45113.7,700.042,685.522,-0.211347,-0.0736518
8|152|8|152|sample|11|322|11|322|28.0,0.0014272,86935,1,11,94087.625,695.25,0,0,1,45114.6,45113.7,88883.6,88859.2,-0.147153,-0.145352
8|152|8|152|sample|11|322|11|322|28.0,0.007136,80844,2,11,94087.625,695.25,0,0,1,45659.6,45658.6,86296.2,85986.6,-0.424087,-0.40144
8|152|8|152|sample|11|322|11|322|28.0,0.03568,56954,3,11,94087.625,695.25,0,0,1,45659.6,45658.6,66874.2,66214.4,-0.995716,-0.938751
8|152|8|152|sample|11|322|11|322|28.0,0.1784,26467,4,11,94087.625,695.25,0,0,1,45659.6,45658.6,26003.5,26061.1,0.119647,0.104553
8|152|8|152|sample|11|322|11|322|28.0,0.892,6328,5,11,94087.625,695.25,0,0,1,45659.6,45658.6,5369.13,5571.49,1.19875,0.911409
8|152|8|152|sample|11|322|11|322|28.0,4.46,1324,6,11,94087.625,695.25,0,0,1,45659.6,45658.6,1361.55,1423.35,-0.185099,-0.468523
8|152|8|152|sample|11|322|11|322|28.0,22.3,672,7,11,94087.625,695.25,0,0,1,45659.6,45658.6,767.682,781.221,-0.836607,-0.938434
8|152|8|152|sample|11|322|11|322|28.0,111.5,632,8,11,94087.625,695.25,0,0,1,45114.6,45113.7,675.224,678.148,-0.429689,-0.456778
8|152|8|152|sample|10|322|10|322|28.0,0.0004479999999999,91021,1,10,94087.625,695.25,0,0,1,45114.6,45113.7,89229,89325.5,0.134806,0.127408
8|152|8|152|sample|10|322|10|322|28.0,0.00224,88793,2,10,94087.625,695.25,0,0,1,45659.6,45658.6,88882.2,89113.3,-0.00673418,-0.0241256
8|152|8|152|sample|10|322|10|322|28.0,0.0111999999999999,78376,3,10,94087.625,695.25,0,0,1,46074.2,46073.2,81594.3,82382.2,-0.26475,-0.326418
8|152|8|152|sample|10|322|10|322|28.0,0.0559999999999999,50978,4,10,94087.625,695.25,0,0,1,46074.2,46073.2,52363.7,53668.9,-0.177623,-0.336549
8|152|8|152|sample|10|322|10|322|28.0,0.2799999999999999,18817,5,10,94087.625,695.25,0,0,1,46074.2,46073.2,16615.9,16962.9,0.889185,0.733657
8|152|8|152|sample|10|322|10|322|28.0,1.4,3464,6,10,94087.625,695.25,0,0,1,46074.2,46073.2,3687.07,3668.85,-0.406093,-0.374778
8|152|8|152|sample|10|322|10|322|28.0,7,1220,7,10,94087.625,695.25,0,0,1,45659.6,45658.6,1164.1,1145.72,0.322324,0.435174
8|152|8|152|sample|10|322|10|322|28.0,35,690,8,10,94087.625,695.25,0,0,1,45114.6,45113.7,740.632,735.649,-0.458874,-0.416515
8|152|8|152|sample|9|322|9|322|28.0,0.0004479999999999,92933,1,9,94087.625,695.25,0,0,1,45114.6,45113.7,89371.1,89370.9,0.267523,0.267537
8|152|8|152|sample|9|322|9|322|28.0,0.00224,84649,2,9,94087.625,695.25,0,0,1,45659.6,45658.6,89662.4,89397.8,-0.375314,-0.356558
8|152|8|152|sample|9|322|9|322|28.0,0.0111999999999999,78182,3,9,94087.625,695.25,0,0,1,46074.2,46073.2,85240.7,83935.7,-0.555844,-0.460123
8|152|8|152|sample|9|322|9|322|28.0,0.0559999999999999,55239,4,9,94087.625,695.25,0,0,1,46389.6,46388.6,61419.6,58481.5,-0.675453,-0.372166
8|152|8|152|sample|9|322|9|322|28.0,0.2799999999999999,20004,5,9,94087.625,695.25,0,0,1,46389.6,46388.6,21123,19977.3,-0.355578,0.00895512
8|152|8|152|sample|9|322|9|322|28.0,1.4,4986,6,9,94087.625,695.25,0,0,1,46074.2,46073.2,4326.3,4305.24,1.02354,1.06137
8|152|8|152|sample|9|322|9|322|28.0,7,1028,7,9,94087.625,695.25,0,0,1,45659.6,45658.6,1214.55,1249.21,-1.031,-1.18863
8|152|8|152|sample|9|322|9|322|28.0,35,722,8,9,94087.625,695.25,0,0,1,45114.6,45113.7,740.291,751.567,-0.165848,-0.264068
8|152|8|152|sample|3|322|3|322|22.0,0.0010624,87858,1,3,94087.625,695.25,0,0,1,45114.6,45113.7,89252,89003.4,-0.104839,-0.0863854
8|152|8|152|sample|3|322|3|322|22.0,0.005312,88455,2,3,94087.625,695.25,0,0,1,45659.6,45658.7,88999.5,87675.3,-0.0410633,0.0596904
8|152|8|152|sample|3|322|3|322|22.0,0.02656,77137,3,3,94087.625,695.25,0,0,1,46074.2,46073.3,82082.9,77395.4,-0.40445,-0.0224105
8|152|8|152|sample|3|322|3|322|22.0,0.1328,46188,4,3,94087.625,695.25,0,0,1,46074.2,46073.3,53300.6,46408.1,-0.895711,-0.0318293
8|152|8|152|sample|3|322|3|322|22.0,0.664,17047,5,3,94087.625,695.25,0,0,1,46074.2,46073.3,16981.7,15105.6,0.0258114,0.862693
8|152|8|152|sample|3|322|3|322|22.0,3.32,3062,6,3,94087.625,695.25,0,0,1,46074.2,46073.3,3725.06,3761.83,-1.1948,-1.24873
8|152|8|152|sample|3|322|3|322|22.0,16.6,1382,7,3,94087.625,695.25,0,0,1,45659.6,45658.7,1163.35,1255.64,1.26158,0.675493
8|152|8|152|sample|3|322|3|322|22.0,83,840,8,3,94087.625,695.25,0,0,1,45114.6,45113.7,739.432,770.401,0.91292,0.606402
8|152|8|152|sample|4|322|4|322|22.0,0.0010624,92432,1,4,94087.625,695.25,0,0,1,45114.6,45113.7,89291.1,89292.1,0.23611,0.236035
8|152|8|152|sample|4|322|4|322|22.0,0.005312,90579,2,4,94087.625,695.25,0,0,1,45659.6,45658.7,89225.8,88959.8,0.101802,0.122171
8|152|8|152|sample|4|322|4|322|22.0,0.02656,76034,3,4,94087.625,695.25,0,0,1,46074.2,46073.3,83208.2,81850.3,-0.578737,-0.476981
8|152|8|152|sample|4|322|4|322|22.0,0.1328,50378,4,4,94087.625,695.25,0,0,1,46389.6,46388.7,56526.8,53374.2,-0.730143,-0.376798
8|152|8|152|sample|4|322|4|322|22.0,0.664,19217,5,4,94087.625,695.25,0,0,1,46389.6,46388.7,18746.1,17132.2,0.168601,0.816822
8|152|8|152|sample|4|322|4|322|22.0,3.32,3728,6,4,94087.625,695.25,0,0,1,46074.2,46073.3,4052.62,3779.71,-0.537667,-0.0918239
8|152|8|152|sample|4|322|4|322|22.0,16.6,1054,7,4,94087.625,695.25,0,0,1,45659.6,45658.7,1211.59,1180.75,-0.873071,-0.720536
8|152|8|152|sample|4|322|4|322|22.0,83,902,8,4,94087.625,695.25,0,0,1,45114.6,45113.7,746.055,743.867,1.40305,1.42692
8|152|8|152|cc|1|1|322|1|322|69.0,0,712,1,1,94087.625,695.25,0,1,0,nan,nan,661.416,661.833,0.513348,0.508798
8|152|8|152|cc|2|1|322|1|322|69.0,0,712,2,1,94087.625,695.25,0,1,0,nan,nan,661.416,661.833,0.513348,0.508798
8|152|8|152|cc|3|1|322|1|322|69.0,0,642,3,1,94087.625,695.25,0,1,0,nan,nan,661.416,661.833,-0.19704,-0.201143
8|152|8|152|cc|4|1|322|1|322|69.0,0,720,4,1,94087.625,695.25,0,1,0,nan,nan,661.416,661.833,0.594536,0.589935
8|152|8|152|cc|5|1|322|1|322|69.0,0,666,5,1,94087.625,695.25,0,1,0,nan,nan,661.416,661.833,0.0465218,0.0422657
8|152|8|152|cc|6|1|322|1|322|69.0,0,674,6,1,94087.625,695.25,0,1,0,nan,nan,661.416,661.833,0.127709,0.123402
8|152|8|152|cc|7|1|322|1|322|69.0,0,722,7,1,94087.625,695.25,0,1,0,nan,nan,661.416,661.833,0.614833,0.610219
8|152|8|152|cc|8|1|322|1|322|69.0,0,714,8,1,94087.625,695.25,0,1,0,nan,nan,661.416,661.833,0.533645,0.529083
8|152|8|152|vc|1|2|322|2|322|69.0,0,94260,1,2,94087.625,695.25,1,0,0,nan,nan,89508.9,89565.3,0.356289,0.351838
8|152|8|152|vc|2|2|322|2|322|69.0,0,95803,2,2,94087.625,695.25,1,0,0,nan,nan,90612.9,90647.3,0.384465,0.381776
8|152|8|152|vc|3|2|322|2|322|69.0,0,99229,3,2,94087.625,695.25,1,0,0,nan,nan,90612.9,90647.3,0.638252,0.635468
8|152|8|152|vc|4|2|322|2|322|69.0,0,96260,4,2,94087.625,695.25,1,0,0,nan,nan,90612.9,90647.3,0.418318,0.415617
8|152|8|152|vc|5|2|322|2|322|69.0,0,93357,5,2,94087.625,695.25,1,0,0,nan,nan,90612.9,90647.3,0.203273,0.200653
8|152|8|152|vc|6|2|322|2|322|69.0,0,92328,6,2,94087.625,695.25,1,0,0,nan,nan,90612.9,90647.3,0.127048,0.124457
8|152|8|152|vc|7|2|322|2|322|69.0,0,91784,7,2,94087.625,695.25,1,0,0,nan,nan,90612.9,90647.3,0.0867505,0.0841745
8|152|8|152|vc|8|2|322|2|322|69.0,0,89680,8,2,94087.625,695.25,1,0,0,nan,nan,89508.9,89565.3,0.0128326,0.00859775
8|847|8|847|sample|6|69|6|69|55.0,0.0006144,127160,1,6,136227.125,737.5,0,0,1,65191.7,65191.6,120356,122430,0.379441,0.259342
8|847|8|847|sample|6|69|6|69|55.0,0.003072,130753,2,6,136227.125,737.5,0,0,1,65979.2,65979.1,113007,116039,1.0541,0.851136
8|847|8|847|sample|6|69|6|69|55.0,0.01536,115206,3,6,136227.125,737.5,0,0,1,66578.3,66578.3,99015.6,102673,1.09755,0.81933
8|847|8|847|sample|6|69|6|69|55.0,0.0768,93986,4,6,136227.125,737.5,0,0,1,67034.1,67034,78158.3,81277.9,1.3593,1.04949
8|847|8|847|sample|6|69|6|69|55.0,0.384,45894,5,6,136227.125,737.5,0,0,1,67034.1,67034,53887.4,55277,-0.995673,-1.13938
8|847|8|847|sample|6|69|6|69|55.0,1.92,27093,6,6,136227.125,737.5,0,0,1,66578.3,66578.3,32574.4,32318.9,-1.12951,-1.08537
8|847|8|847|sample|6|69|6|69|55.0,9.6,17839,7,6,136227.125,737.5,0,0,1,65979.2,65979.1,17942.7,16999.2,-0.0387981,0.3316
8|847|8|847|sample|6|69|6|69|55.0,48,9360,8,6,136227.125,737.5,0,0,1,65191.7,65191.6,9421.32,8506.13,-0.0436859,0.673798
8|847|8|847|sample|3|69|3|69|55.0,0.000064,141928,1,3,136227.125,737.5,0,0,1,65191.7,65191.6,129223,129361,0.659933,0.652099
8|847|8|847|sample|3|69|3|69|55.0,0.00032,138654,2,3,136227.125,737.5,0,0,1,65979.2,65979.1,130054,130251,0.443844,0.433022
8|847|8|847|sample|3|69|3|69|55.0,0.0016,135457,3,3,136227.125,737.5,0,0,1,66578.3,66578.3,128978,129375,0.337158,0.315529
8|847|8|847|sample|3|69|3|69|55.0,0.008,145249,4,3,136227.125,737.5,0,0,1,66578.3,66578.3,122536,123387,1.24416,1.18932
8|847|8|847|sample|3|69|3|69|55.0,0.04,131047,5,3,136227.125,737.5,0,0,1,66578.3,66578.3,106446,107918,1.55129,1.43857
8|847|8|847|sample|3|69|3|69|55.0,0.2,70406,6,3,136227.125,737.5,0,0,1,66578.3,66578.3,76227.3,77790.5,-0.5126,-0.637185
8|847|8|847|sample|3|69|3|69|55.0,1,35020,7,3,136227.125,737.5,0,0,1,65979.2,65979.1,40806.6,41529.6,-0.951849,-1.05213
8|847|8|847|sample|3|69|3|69|55.0,5,19157,8,3,136227.125,737.5,0,0,1,65191.7,65191.6,17163.6,17210.3,0.779596,0.759268
8|847|8|847|sample|4|69|4|69|55.0,0.000064,137164,1,4,136227.125,737.5,0,0,1,65191.7,65191.6,129294,129198,0.408577,0.413875
8|847|8|847|sample|4|69|4|69|55.0,0.00032,143262,2,4,136227.125,737.5,0,0,1,65979.2,65979.1,130246,129834,0.670771,0.694225
8|847|8|847|sample|4|69|4|69|55.0,0.0016,134282,3,4,136227.125,737.5,0,0,1,66578.3,66578.3,129478,128364,0.249032,0.30944
8|847|8|847|sample|4|69|4|69|55.0,0.008,148754,4,4,136227.125,737.5,0,0,1,67034.1,67034,124578,122047,1.30262,1.46883
8|847|8|847|sample|4|69|4|69|55.0,0.04,120142,5,4,136227.125,737.5,0,0,1,67034.1,67034,109475,105008,0.654053,0.967415
8|847|8|847|sample|4|69|4|69|55.0,0.2,68131,6,4,136227.125,737.5,0,0,1,66578.3,66578.3,79062.3,74185.3,-0.928059,-0.547798
8|847|8|847|sample|4|69|4|69|55.0,1,33891,7,4,136227.125,737.5,0,0,1,65979.2,65979.1,42617.2,40103.7,-1.3744,-1.03985
8|847|8|847|sample|4|69|4|69|55.0,5,19357,8,4,136227.125,737.5,0,0,1,65191.7,65191.6,17749,17342.2,0.608131,0.779818
8|847|8|847|sample|10|69|10|69|32.0,0.0003648,119901,1,10,136227.125,737.5,0,0,1,65191.7,65191.3,129595,129677,-0.50208,-0.506015
8|847|8|847|sample|10|69|10|69|32.0,0.001824,119010,2,10,136227.125,737.5,0,0,1,65979.2,65978.9,131116,131177,-0.619742,-0.622563
8|847|8|847|sample|10|69|10|69|32.0,0.00912,106506,3,10,136227.125,737.5,0,0,1,66578.3,66578,130300,130556,-1.22573,-1.23649
8|847|8|847|sample|10|69|10|69|32.0,0.0456,64608,4,10,136227.125,737.5,0,0,1,66578.3,66578,92816,95137.5,-2.03996,-2.15397
8|847|8|847|sample|10|69|10|69|32.0,0.228,13842,5,10,136227.125,737.5,0,0,1,66578.3,66578,11377.9,11911,1.45368,1.08818
8|847|8|847|sample|10|69|10|69|32.0,1.14,918,6,10,136227.125,737.5,0,0,1,66578.3,66578,1155.84,1165.51,-1.3812,-1.42546
8|847|8|847|sample|10|69|10|69|32.0,5.7,610,7,10,136227.125,737.5,0,0,1,65979.2,65978.9,728.027,728.135,-1.08819,-1.08903
8|847|8|847|sample|10|69|10|69|32.0,28.5,526,8,10,136227.125,737.5,0,0,1,65191.7,65191.3,703.499,703.918,-1.69358,-1.69656
8|847|8|847|sample|9|69|9|69|32.0,0.0003648,122535,1,9,136227.125,737.5,0,0,1,65191.7,65191.3,129597,129678,-0.365785,-0.369731
8|847|8|847|sample|9|69|9|69|32.0,0.001824,114457,2,9,136227.125,737.5,0,0,1,65979.2,65978.9,131182,131204,-0.855785,-0.856779
8|847|8|847|sample|9|69|9|69|32.0,0.00912,103659,3,9,136227.125,737.5,0,0,1,66578.3,66578,131786,131157,-1.43259,-1.4073
8|847|8|847|sample|9|69|9|69|32.0,0.0456,70963,4,9,136227.125,737.5,0,0,1,67034.1,67033.8,110434,102579,-2.39909,-2.0688
8|847|8|847|sample|9|69|9|69|32.0,0.228,15485,5,9,136227.125,737.5,0,0,1,67034.1,67033.8,13783.3,13604.6,0.828702,0.927762
8|847|8|847|sample|9|69|9|69|32.0,1.14,998,6,9,136227.125,737.5,0,0,1,66578.3,66578,1045.33,1177.13,-0.30393,-1.02144
8|847|8|847|sample|9|69|9|69|32.0,5.7,588,7,9,136227.125,737.5,0,0,1,65979.2,65978.9,718.962,726.648,-1.22268,-1.28074
8|847|8|847|sample|9|69|9|69|32.0,28.5,600,8,9,136227.125,737.5,0,0,1,65191.7,65191.3,703.05,703.802,-0.983863,-0.989984
8|847|8|847|sample|7|69|7|69|32.0,0.0000768,124621,1,7,136227.125,737.5,0,0,1,65191.7,65191.3,129598,129679,-0.257759,-0.261823
8|847|8|847|sample|7|69|7|69|32.0,0.000384,124263,2,7,136227.125,737.5,0,0,1,65979.2,65978.9,131196,131246,-0.354716,-0.357119
8|847|8|847|sample|7|69|7|69|32.0,0.00192,127505,3,7,136227.125,737.5,0,0,1,66578.3,66578,132407,132430,-0.248486,-0.249605
8|847|8|847|sample|7|69|7|69|32.0,0.0096,128418,4,7,136227.125,737.5,0,0,1,67034.1,67033.8,133151,132951,-0.238608,-0.228879
8|847|8|847|sample|7|69|7|69|32.0,0.048,77472,5,7,136227.125,737.5,0,0,1,67034.1,67033.8,122238,116739,-2.4582,-2.2578
8|847|8|847|sample|7|69|7|69|32.0,0.24,19051,6,7,136227.125,737.5,0,0,1,66578.3,66578,19065.1,17402.7,-0.00497038,0.635753
8|847|8|847|sample|7|69|7|69|32.0,1.2,998,7,7,136227.125,737.5,0,0,1,65979.2,65978.9,1022.87,1103.66,-0.16323,-0.64261
8|847|8|847|sample|7|69|7|69|32.0,6,632,8,7,136227.125,737.5,0,0,1,65191.7,65191.3,707.438,711.387,-0.715768,-0.749058
8|847|8|847|sample|8|69|8|69|32.0,0.0000768,130681,1,8,136227.125,737.5,0,0,1,65191.7,65191.3,129598,129679,0.0561094,0.0518478
8|847|8|847|sample|8|69|8|69|32.0,0.000384,131502,2,8,136227.125,737.5,0,0,1,65979.2,65978.9,131196,131246,0.0156476,0.0131174
8|847|8|847|sample|8|69|8|69|32.0,0.00192,123225,3,8,136227.125,737.5,0,0,1,66578.3,66578,132408,132422,-0.465515,-0.466187
8|847|8|847|sample|8|69|8|69|32.0,0.0096,120550,4,8,136227.125,737.5,0,0,1,67034.1,67033.8,133207,132714,-0.637771,-0.615232
8|847|8|847|sample|8|69|8|69|32.0,0.048,74924,5,8,136227.125,737.5,0,0,1,67034.1,67033.8,123763,111969,-2.64879,-2.22078
8|847|8|847|sample|8|69|8|69|32.0,0.24,17541,6,8,136227.125,737.5,0,0,1,66578.3,66578,18271.2,15800.3,-0.268238,0.739478
8|847|8|847|sample|8|69|8|69|32.0,1.2,1000,7,8,136227.125,737.5,0,0,1,65979.2,65978.9,951.066,1129.84,0.345363,-0.771389
8|847|8|847|sample|8|69|8|69|32.0,6,620,8,8,136227.125,737.5,0,0,1,65191.7,65191.3,705.717,713.62,-0.815288,-0.880592
8|847|8|847|sample|12|69|12|69|22.0,0.0003712,124911,1,12,136227.125,737.5,0,0,1,65191.7,65194.3,129598,129679,-0.242738,-0.246813
8|847|8|847|sample|12|69|12|69|22.0,0.001856,113518,2,12,136227.125,737.5,0,0,1,65191.7,65194.3,129597,129679,-0.832781,-0.836515
8|847|8|847|sample|12|69|12|69|22.0,0.00928,110811,3,12,136227.125,737.5,0,0,1,65191.7,65194.3,129568,129669,-0.971695,-0.9762
8|847|8|847|sample|12|69|12|69|22.0,0.0464,95553,4,12,136227.125,737.5,0,0,1,65191.7,65194.3,128621,129224,-1.72572,-1.74898
8|847|8|847|sample|12|69|12|69|22.0,0.2319999999999999,71057,5,12,136227.125,737.5,0,0,1,65191.7,65194.3,103849,111675,-2.11951,-2.44137
8|847|8|847|sample|12|69|12|69|22.0,1.16,17709,6,12,136227.125,737.5,0,0,1,65191.7,65194.3,14774.7,16007.8,1.33307,0.713348
8|847|8|847|sample|12|69|12|69|22.0,5.8,964,7,12,136227.125,737.5,0,0,1,65191.7,65194.3,1189.96,1087.27,-1.27461,-0.76103
8|847|8|847|sample|12|69|12|69|22.0,29,514,8,12,136227.125,737.5,0,0,1,65191.7,65194.3,723.67,717.628,-1.94477,-1.90463
8|847|8|847|sample|11|69|11|69|22.0,0.0003712,133212,1,11,136227.125,737.5,0,0,1,65191.7,65194.3,129598,129679,0.187199,0.182855
8|847|8|847|sample|11|69|11|69|22.0,0.001856,105958,2,11,136227.125,737.5,0,0,1,65979.2,65981.9,131196,131246,-1.29123,-1.29329
8|847|8|847|sample|11|69|11|69|22.0,0.00928,119951,3,11,136227.125,737.5,0,0,1,65979.2,65981.9,131182,131232,-0.574645,-0.577003
8|847|8|847|sample|11|69|11|69|22.0,0.0464,102632,4,11,136227.125,737.5,0,0,1,65979.2,65981.9,130593,130674,-1.43717,-1.44045
8|847|8|847|sample|11|69|11|69|22.0,0.2319999999999999,66738,5,11,136227.125,737.5,0,0,1,65979.2,65981.9,110192,111259,-2.64701,-2.68598
8|847|8|847|sample|11|69|11|69|22.0,1.16,18073,6,11,136227.125,737.5,0,0,1,65979.2,65981.9,15332.7,16195,1.19966,0.77835
8|847|8|847|sample|11|69|11|69|22.0,5.8,1002,7,11,136227.125,737.5,0,0,1,65979.2,65981.9,1114.75,1143.62,-0.678916,-0.831241
8|847|8|847|sample|11|69|11|69|22.0,29,630,8,11,136227.125,737.5,0,0,1,65191.7,65194.3,718.426,719.615,-0.826172,-0.835896
8|847|8|847|sample|5|69|5|69|55.0,0.0006144,138978,1,5,136227.125,737.5,0,0,1,65191.7,65191.6,126433,124811,0.666028,0.761895
8|847|8|847|sample|5|69|5|69|55.0,0.003072,131680,2,5,136227.125,737.5,0,0,1,65979.2,65979.1,123444,120295,0.447817,0.635255
8|847|8|847|sample|5|69|5|69|55.0,0.01536,120056,3,5,136227.125,737.5,0,0,1,66578.3,66578.3,114394,109238,0.33221,0.664702
8|847|8|847|sample|5|69|5|69|55.0,0.0768,103047,4,5,136227.125,737.5,0,0,1,67034.1,67034,95602.7,89192.4,0.522668,1.04265
8|847|8|847|sample|5|69|5|69|55.0,0.384,56782,5,5,136227.125,737.5,0,0,1,67034.1,67034,67102.9,61978.2,-1.0324,-0.562751
8|847|8|847|sample|5|69|5|69|55.0,1.92,28614,6,5,136227.125,737.5,0,0,1,66578.3,66578.3,38308.6,36128.3,-1.69866,-1.39609
8|847|8|847|sample|5|69|5|69|55.0,9.6,20034,7,5,136227.125,737.5,0,0,1,65979.2,65979.1,18632.9,18473.1,0.504727,0.567167
8|847|8|847|sample|5|69|5|69|55.0,48,9472,8,5,136227.125,737.5,0,0,1,65191.7,65191.6,8394,8854.97,0.862034,0.467727
8|847|8|847|cc|1|1|69|1|69|69.0,0,676,1,1,136227.125,737.5,0,1,0,nan,nan,701.61,702.052,-0.245009,-0.249082
8|847|8|847|cc|2|1|69|1|69|69.0,0,738,2,1,136227.125,737.5,0,1,0,nan,nan,701.61,702.052,0.348146,0.3437
8|847|8|847|cc|3|1|69|1|69|69.0,0,778,3,1,136227.125,737.5,0,1,0,nan,nan,701.61,702.052,0.730827,0.72614
8|847|8|847|cc|4|1|69|1|69|69.0,0,704,4,1,136227.125,737.5,0,1,0,nan,nan,701.61,702.052,0.0228674,0.0186262
8|847|8|847|cc|5|1|69|1|69|69.0,0,732,5,1,136227.125,737.5,0,1,0,nan,nan,701.61,702.052,0.290744,0.286334
8|847|8|847|cc|6|1|69|1|69|69.0,0,732,6,1,136227.125,737.5,0,1,0,nan,nan,701.61,702.052,0.290744,0.286334
8|847|8|847|cc|7|1|69|1|69|69.0,0,698,7,1,136227.125,737.5,0,1,0,nan,nan,701.61,702.052,-0.0345348,-0.0387398
8|847|8|847|cc|8|1|69|1|69|69.0,0,842,8,1,136227.125,737.5,0,1,0,nan,nan,701.61,702.052,1.34312,1.33804
8|847|8|847|vc|1|2|69|2|69|69.0,0,128428,1,2,136227.125,737.5,1,0,0,nan,nan,129598,129679,-0.0605813,-0.0647699
8|847|8|847|vc|2|2|69|2|69|69.0,0,140797,2,2,136227.125,737.5,1,0,0,nan,nan,131196,131246,0.491202,0.488472
8|847|8|847|vc|3|2|69|2|69|69.0,0,133543,3,2,136227.125,737.5,1,0,0,nan,nan,131196,131246,0.120069,0.117481
8|847|8|847|vc|4|2|69|2|69|69.0,0,145073,4,2,136227.125,737.5,1,0,0,nan,nan,131196,131246,0.709972,0.70716
8|847|8|847|vc|5|2|69|2|69|69.0,0,153047,5,2,136227.125,737.5,1,0,0,nan,nan,131196,131246,1.11794,1.11497
8|847|8|847|vc|6|2|69|2|69|69.0,0,143667,6,2,136227.125,737.5,1,0,0,nan,nan,131196,131246,0.638038,0.635253
8|847|8|847|vc|7|2|69|2|69|69.0,0,129385,7,2,136227.125,737.5,1,0,0,nan,nan,131196,131246,-0.0926642,-0.0951722
8|847|8|847|vc|8|2|69|2|69|69.0,0,115877,8,2,136227.125,737.5,1,0,0,nan,nan,129598,129679,-0.710642,-0.714421
8|1241|8|1241|sample|8|69|8|69|65.0,0.0016767999999999,121770,1,8,143143,744.25,0,0,1,68486.6,61853.5,122856,123041,-0.0593304,-0.069362
8|1241|8|1241|sample|8|69|8|69|65.0,0.0083839999999999,123321,2,8,143143,744.25,0,0,1,69314,64269.8,127590,127669,-0.224608,-0.228612
8|1241|8|1241|sample|8|69|8|69|65.0,0.04192,107730,3,8,143143,744.25,0,0,1,69943.4,66107.9,128316,128005,-1.07687,-1.06317
8|1241|8|1241|sample|8|69|8|69|65.0,0.2096,71467,4,8,143143,744.25,0,0,1,70422.2,67506.4,91398.4,89130.6,-1.46376,-1.33022
8|1241|8|1241|sample|8|69|8|69|65.0,1.048,15643,5,8,143143,744.25,0,0,1,70422.2,67506.4,13987.8,13481.9,0.794266,1.07599
8|1241|8|1241|sample|8|69|8|69|65.0,5.24,1224,6,8,143143,744.25,0,0,1,69943.4,66107.9,1448.92,1442.66,-1.04195,-1.01738
8|1241|8|1241|sample|8|69|8|69|65.0,131,698,8,8,143143,744.25,0,0,1,68486.6,61853.5,656.554,657.671,0.42372,0.411607
8|1241|8|1241|sample|7|69|7|69|65.0,0.0016767999999999,108612,1,7,143143,744.25,0,0,1,68486.6,61853.5,122863,123049,-0.778583,-0.787528
8|1241|8|1241|sample|7|69|7|69|65.0,0.0083839999999999,132043,2,7,143143,744.25,0,0,1,69314,64269.8,127725,127792,0.226935,0.223298
8|1241|8|1241|sample|7|69|7|69|65.0,0.04192,103837,3,7,143143,744.25,0,0,1,69943.4,66107.9,130477,129783,-1.37047,-1.34193
8|1241|8|1241|sample|7|69|7|69|65.0,0.2096,67344,4,7,143143,744.25,0,0,1,70422.2,67506.4,107269,100105,-2.49828,-2.1967
8|1241|8|1241|sample|7|69|7|69|65.0,1.048,16545,5,7,143143,744.25,0,0,1,70422.2,67506.4,14858.3,14316.3,0.762,1.04495
8|1241|8|1241|sample|7|69|7|69|65.0,5.24,1080,6,7,143143,744.25,0,0,1,69943.4,66107.9,1163.73,1276.48,-0.482958,-1.0332
8|1241|8|1241|sample|7|69|7|69|65.0,26.2,630,7,7,143143,744.25,0,0,1,69314,64269.8,694.255,703.17,-0.621237,-0.69847
8|1241|8|1241|sample|7|69|7|69|65.0,131,742,8,7,143143,744.25,0,0,1,68486.6,61853.5,655.031,656.459,0.8912,0.874654
8|1241|8|1241|sample|5|69|5|69|65.0,0.0004351999999999,121832,1,5,143143,744.25,0,0,1,68486.6,61853.5,122864,123051,-0.0563876,-0.0665095
8|1241|8|1241|sample|5|69|5|69|65.0,0.0021759999999999,140835,2,5,143143,744.25,0,0,1,69314,64269.8,127754,127857,0.687303,0.681304
8|1241|8|1241|sample|5|69|5|69|65.0,0.0108799999999999,137897,3,5,143143,744.25,0,0,1,69943.4,66107.9,131460,131484,0.328685,0.32738
8|1241|8|1241|sample|5|69|5|69|65.0,0.0543999999999999,135431,4,5,143143,744.25,0,0,1,70422.2,67506.4,133966,133200,0.0733871,0.112402
8|1241|8|1241|sample|5|69|5|69|65.0,0.2719999999999999,82387,5,5,143143,744.25,0,0,1,70422.2,67506.4,116489,104367,-1.96502,-1.41362
8|1241|8|1241|sample|5|69|5|69|65.0,1.36,13976,6,5,143143,744.25,0,0,1,69943.4,66107.9,12567.9,12514.3,0.752054,0.783995
8|1241|8|1241|sample|5|69|5|69|65.0,6.8,886,7,5,143143,744.25,0,0,1,69314,64269.8,874.946,1042.14,0.0848065,-1.00569
8|1241|8|1241|sample|5|69|5|69|65.0,34,672,8,5,143143,744.25,0,0,1,68486.6,61853.5,657.509,665.621,0.147931,0.0643319
8|1241|8|1241|sample|6|69|6|69|65.0,0.0004351999999999,111866,1,6,143143,744.25,0,0,1,68486.6,61853.5,122864,123051,-0.600848,-0.610137
8|1241|8|1241|sample|6|69|6|69|65.0,0.0021759999999999,142701,2,6,143143,744.25,0,0,1,69314,64269.8,127752,127854,0.785429,0.779473
8|1241|8|1241|sample|6|69|6|69|65.0,0.0108799999999999,125759,3,6,143143,744.25,0,0,1,69943.4,66107.9,131418,131409,-0.289029,-0.288609
8|1241|8|1241|sample|6|69|6|69|65.0,0.0543999999999999,131940,4,6,143143,744.25,0,0,1,70422.2,67506.4,132852,131805,-0.046092,0.00688356
8|1241|8|1241|sample|6|69|6|69|65.0,0.2719999999999999,82195,5,6,143143,744.25,0,0,1,70422.2,67506.4,101365,93104.5,-1.26941,-0.786517
8|1241|8|1241|sample|6|69|6|69|65.0,1.36,13458,6,6,143143,744.25,0,0,1,69943.4,66107.9,12702.2,12119.7,0.399409,0.741225
8|1241|8|1241|sample|6|69|6|69|65.0,6.8,1074,7,6,143143,744.25,0,0,1,69314,64269.8,1103.68,1197.8,-0.180506,-0.693766
8|1241|8|1241|sample|6|69|6|69|65.0,34,706,8,6,143143,744.25,0,0,1,68486.6,61853.5,668.127,676.918,0.380489,0.288377
8|1241|8|1241|sample|11|69|11|69|28.0,0.0014272,134163,1,11,143143,744.25,0,0,1,68486.6,61847.7,122856,123025,0.617776,0.607669
8|1241|8|1241|sample|11|69|11|69|28.0,0.007136,125008,2,11,143143,744.25,0,0,1,69314,64263.8,127523,127321,-0.132388,-0.121941
8|1241|8|1241|sample|11|69|11|69|28.0,0.03568,97499,3,11,143143,744.25,0,0,1,69314,64263.8,121870,117870,-1.34229,-1.16007
8|1241|8|1241|sample|11|69|11|69|28.0,0.1784,48649,4,11,143143,744.25,0,0,1,69314,64263.8,56014.8,47565.7,-0.882654,0.152877
8|1241|8|1241|sample|11|69|11|69|28.0,0.892,4542,5,11,143143,744.25,0,0,1,69314,64263.8,4237.76,4262.49,0.481903,0.440153
8|1241|8|1241|sample|11|69|11|69|28.0,4.46,750,6,11,143143,744.25,0,0,1,69314,64263.8,806.133,853.08,-0.467394,-0.811069
8|1241|8|1241|sample|11|69|11|69|28.0,22.3,594,7,11,143143,744.25,0,0,1,69314,64263.8,673.898,678.455,-0.79582,-0.835555
8|1241|8|1241|sample|11|69|11|69|28.0,111.5,630,8,11,143143,744.25,0,0,1,68486.6,61847.7,643.337,644.57,-0.139153,-0.151727
8|1241|8|1241|sample|12|69|12|69|28.0,0.0014272,111500,1,12,143143,744.25,0,0,1,68486.6,61847.7,122859,123006,-0.620609,-0.627866
8|1241|8|1241|sample|12|69|12|69|28.0,0.007136,107277,2,12,143143,744.25,0,0,1,68486.6,61847.7,122726,122277,-0.84496,-0.82341
8|1241|8|1241|sample|12|69|12|69|28.0,0.03568,90454,3,12,143143,744.25,0,0,1,68486.6,61847.7,118991,110993,-1.60978,-1.2421
8|1241|8|1241|sample|12|69|12|69|28.0,0.1784,42485,4,12,143143,744.25,0,0,1,68486.6,61847.7,63429.1,43212.5,-2.21639,-0.113009
8|1241|8|1241|sample|12|69|12|69|28.0,0.892,4900,5,12,143143,744.25,0,0,1,68486.6,61847.7,4949.59,4332.08,-0.0672563,0.879955
8|1241|8|1241|sample|12|69|12|69|28.0,4.46,576,6,12,143143,744.25,0,0,1,68486.6,61847.7,797.279,865.276,-1.86296,-2.24404
8|1241|8|1241|sample|12|69|12|69|28.0,22.3,596,7,12,143143,744.25,0,0,1,68486.6,61847.7,648.487,657.038,-0.543275,-0.623562
8|1241|8|1241|sample|12|69|12|69|28.0,111.5,724,8,12,143143,744.25,0,0,1,68486.6,61847.7,643.336,644.883,0.841618,0.823494
8|1241|8|1241|sample|9|69|9|69|28.0,0.0004479999999999,120464,1,9,143143,744.25,0,0,1,68486.6,61847.7,122860,123050,-0.130893,-0.141081
8|1241|8|1241|sample|9|69|9|69|28.0,0.00224,125146,2,9,143143,744.25,0,0,1,69314,64263.8,127686,127837,-0.133532,-0.141304
8|1241|8|1241|sample|9|69|9|69|28.0,0.0111999999999999,122270,3,9,143143,744.25,0,0,1,69943.4,66101.8,130422,131072,-0.41954,-0.450741
8|1241|8|1241|sample|9|69|9|69|28.0,0.0559999999999999,109131,4,9,143143,744.25,0,0,1,70422.2,67500.1,119834,125590,-0.599537,-0.879673
8|1241|8|1241|sample|9|69|9|69|28.0,0.2799999999999999,54272,5,9,143143,744.25,0,0,1,70422.2,67500.1,47912.6,55704,0.890916,-0.172552
8|1241|8|1241|sample|9|69|9|69|28.0,1.4,5582,6,9,143143,744.25,0,0,1,69943.4,66101.8,5260.63,5008.04,0.410047,0.769285
8|1241|8|1241|sample|9|69|9|69|28.0,7,630,7,9,143143,744.25,0,0,1,69314,64263.8,973.206,880.837,-2.36713,-1.91147
8|1241|8|1241|sample|9|69|9|69|28.0,35,696,8,9,143143,744.25,0,0,1,68486.6,61847.7,662.603,654.08,0.338321,0.430189
8|1241|8|1241|sample|10|69|10|69|28.0,0.0004479999999999,119437,1,10,143143,744.25,0,0,1,68486.6,61847.7,122863,123048,-0.187182,-0.196973
8|1241|8|1241|sample|10|69|10|69|28.0,0.00224,128019,2,10,143143,744.25,0,0,1,69314,64263.8,127733,127799,0.0150301,0.0115577
8|1241|8|1241|sample|10|69|10|69|28.0,0.0111999999999999,115226,3,10,143143,744.25,0,0,1,69943.4,66101.8,131007,130511,-0.808574,-0.786102
8|1241|8|1241|sample|10|69|10|69|28.0,0.0559999999999999,98666,4,10,143143,744.25,0,0,1,69943.4,66101.8,122330,116634,-1.29848,-1.03405
8|1241|8|1241|sample|10|69|10|69|28.0,0.2799999999999999,43315,5,10,143143,744.25,0,0,1,69943.4,66101.8,50846.3,42503.2,-0.994224,0.128204
8|1241|8|1241|sample|10|69|10|69|28.0,1.4,4672,6,10,143143,744.25,0,0,1,69943.4,66101.8,4382.03,4291.89,0.444169,0.594478
8|1241|8|1241|sample|10|69|10|69|28.0,7,726,7,10,143143,744.25,0,0,1,69314,64263.8,841.087,886.13,-0.918457,-1.21296
8|1241|8|1241|sample|10|69|10|69|28.0,35,620,8,10,143143,744.25,0,0,1,68486.6,61847.7,650.905,656.734,-0.318699,-0.375445
8|1241|8|1241|sample|3|69|3|69|22.0,0.0010624,130158,1,3,143143,744.25,0,0,1,68486.6,61848.8,122864,123051,0.398488,0.387686
8|1241|8|1241|sample|3|69|3|69|22.0,0.005312,136763,2,3,143143,744.25,0,0,1,69314,64264.9,127749,127848,0.47364,0.468067
8|1241|8|1241|sample|3|69|3|69|22.0,0.02656,145073,3,3,143143,744.25,0,0,1,69943.4,66103,131305,131239,0.70382,0.707574
8|1241|8|1241|sample|3|69|3|69|22.0,0.1328,129359,4,3,143143,744.25,0,0,1,69943.4,66103,126797,124725,0.135647,0.249365
8|1241|8|1241|sample|3|69|3|69|22.0,0.664,56804,5,3,143143,744.25,0,0,1,69943.4,66103,62310.7,54875.2,-0.593198,0.235925
8|1241|8|1241|sample|3|69|3|69|22.0,3.32,4212,6,3,143143,744.25,0,0,1,69943.4,66103,4424.25,4175.14,-0.322022,0.0592671
8|1241|8|1241|sample|3|69|3|69|22.0,83,726,8,3,143143,744.25,0,0,1,68486.6,61848.8,649.302,651.394,0.792881,0.768778
8|1241|8|1241|sample|4|69|4|69|22.0,0.0010624,125943,1,4,143143,744.25,0,0,1,68486.6,61848.8,122864,123051,0.16821,0.157747
8|1241|8|1241|sample|4|69|4|69|22.0,0.005312,138587,2,4,143143,744.25,0,0,1,69314,64264.9,127750,127854,0.569379,0.563498
8|1241|8|1241|sample|4|69|4|69|22.0,0.02656,140654,3,4,143143,744.25,0,0,1,69943.4,66103,131340,131358,0.475984,0.474998
8|1241|8|1241|sample|4|69|4|69|22.0,0.1328,125268,4,4,143143,744.25,0,0,1,70422.2,67501.3,129880,129138,-0.238338,-0.201144
8|1241|8|1241|sample|4|69|4|69|22.0,0.664,58098,5,4,143143,744.25,0,0,1,70422.2,67501.3,60821.4,57668.9,-0.300562,0.0499433
8|1241|8|1241|sample|4|69|4|69|22.0,3.32,3740,6,4,143143,744.25,0,0,1,69943.4,66103,3607.74,3531.95,0.246074,0.395386
8|1241|8|1241|sample|4|69|4|69|22.0,16.6,582,7,4,143143,744.25,0,0,1,69314,64264.9,751.867,755.888,-1.51649,-1.54413
8|1241|8|1241|sample|4|69|4|69|22.0,83,692,8,4,143143,744.25,0,0,1,68486.6,61848.8,647.562,648.801,0.460621,0.446925
8|1241|8|1241|sample|3|69|3|69|65.0,26.2,688,7,3,143143,744.25,0,0,1,69314,64269.8,108507,713.711,-6.66976,-0.241811
8|1241|8|1241|sample|8|69|8|69|22.0,16.6,688,7,8,143143,744.25,0,0,1,69314,64264.9,672.593,709.937,0.153756,-0.207408
8|1241|8|1241|cc|1|1|69|1|69|69.0,0,692,1,1,143143,744.25,0,1,0,nan,nan,638.813,639.786,0.55886,0.547801
8|1241|8|1241|cc|2|1|69|1|69|69.0,0,714,2,1,143143,744.25,0,1,0,nan,nan,638.813,639.786,0.790024,0.778614
8|1241|8|1241|cc|3|1|69|1|69|69.0,0,742,3,1,143143,744.25,0,1,0,nan,nan,638.813,639.786,1.08423,1.07238
8|1241|8|1241|cc|4|1|69|1|69|69.0,0,754,4,1,143143,744.25,0,1,0,nan,nan,638.813,639.786,1.21032,1.19827
8|1241|8|1241|cc|5|1|69|1|69|69.0,0,770,5,1,143143,744.25,0,1,0,nan,nan,638.813,639.786,1.37844,1.36614
8|1241|8|1241|cc|6|1|69|1|69|69.0,0,746,6,1,143143,744.25,0,1,0,nan,nan,638.813,639.786,1.12626,1.11434
8|1241|8|1241|cc|7|1|69|1|69|69.0,0,752,7,1,143143,744.25,0,1,0,nan,nan,638.813,639.786,1.18931,1.17729
8|1241|8|1241|cc|8|1|69|1|69|69.0,0,784,8,1,143143,744.25,0,1,0,nan,nan,638.813,639.786,1.52555,1.51302
8|1241|8|1241|vc|1|2|69|2|69|69.0,0,134396,1,2,143143,744.25,1,0,0,nan,nan,122864,123051,0.630009,0.618842
8|1241|8|1241|vc|2|2|69|2|69|69.0,0,143827,2,2,143143,744.25,1,0,0,nan,nan,127754,127858,0.844502,0.838328
8|1241|8|1241|vc|3|2|69|2|69|69.0,0,147132,3,2,143143,744.25,1,0,0,nan,nan,127754,127858,1.01815,1.01183
8|1241|8|1241|vc|4|2|69|2|69|69.0,0,155723,4,2,143143,744.25,1,0,0,nan,nan,127754,127858,1.46953,1.46285
8|1241|8|1241|vc|5|2|69|2|69|69.0,0,155074,5,2,143143,744.25,1,0,0,nan,nan,127754,127858,1.43543,1.42877
8|1241|8|1241|vc|6|2|69|2|69|69.0,0,152580,6,2,143143,744.25,1,0,0,nan,nan,127754,127858,1.30439,1.29784
8|1241|8|1241|vc|7|2|69|2|69|69.0,0,142167,7,2,143143,744.25,1,0,0,nan,nan,127754,127858,0.757284,0.751182
8|1241|8|1241|vc|8|2|69|2|69|69.0,0,114245,8,2,143143,744.25,1,0,0,nan,nan,122864,123051,-0.470881,-0.480374
8|474|8|474|sample|5|276|5|276|55.0,0.0006144,132239,1,5,126520,740.5,0,0,1,60572.8,60572.8,120275,120342,0.667693,0.663582
8|474|8|474|sample|5|276|5|276|55.0,0.003072,134624,2,5,126520,740.5,0,0,1,61304.6,61304.5,121328,121329,0.735569,0.735512
8|474|8|474|sample|5|276|5|276|55.0,0.01536,128618,3,5,126520,740.5,0,0,1,61861.3,61861.2,119972,119778,0.483764,0.495396
8|474|8|474|sample|5|276|5|276|55.0,0.0768,115873,4,5,126520,740.5,0,0,1,62284.7,62284.7,108028,107179,0.487444,0.544496
8|474|8|474|sample|5|276|5|276|55.0,0.384,72562,5,5,126520,740.5,0,0,1,62284.7,62284.7,66867.3,65345.3,0.571653,0.741307
8|474|8|474|sample|5|276|5|276|55.0,1.92,20404,6,5,126520,740.5,0,0,1,61861.3,61861.2,20973,20332.7,-0.182113,0.023529
8|474|8|474|sample|5|276|5|276|55.0,9.6,3584,7,5,126520,740.5,0,0,1,61304.6,61304.5,4692.27,4589.87,-1.58538,-1.471
8|474|8|474|sample|5|276|5|276|55.0,48,1678,8,5,126520,740.5,0,0,1,60572.8,60572.8,1396.93,1386.78,1.35053,1.40957
8|474|8|474|sample|6|276|6|276|55.0,0.0006144,136505,1,6,126520,740.5,0,0,1,60572.8,60572.8,120297,120330,0.90435,0.902301
8|474|8|474|sample|6|276|6|276|55.0,0.003072,126395,2,6,126520,740.5,0,0,1,61304.6,61304.5,121440,121276,0.273886,0.283316
8|474|8|474|sample|6|276|6|276|55.0,0.01536,119521,3,6,126520,740.5,0,0,1,61861.3,61861.2,120484,119580,-0.0536375,-0.00328682
8|474|8|474|sample|6|276|6|276|55.0,0.0768,112647,4,6,126520,740.5,0,0,1,62284.7,62284.7,109856,106704,0.170503,0.373837
8|474|8|474|sample|6|276|6|276|55.0,0.384,74357,5,6,126520,740.5,0,0,1,62284.7,62284.7,69562.2,65231.6,0.462664,0.938999
8|474|8|474|sample|6|276|6|276|55.0,1.92,20760,6,6,126520,740.5,0,0,1,61861.3,61861.2,21604.9,20750.3,-0.262503,0.00312679
8|474|8|474|sample|6|276|6|276|55.0,9.6,3528,7,6,126520,740.5,0,0,1,61304.6,61304.5,4636.77,4797.58,-1.60509,-1.77628
8|474|8|474|sample|6|276|6|276|55.0,48,1762,8,6,126520,740.5,0,0,1,60572.8,60572.8,1353.07,1445.15,2.0286,1.4717
8|474|8|474|sample|3|276|3|276|55.0,0.000064,140286,1,3,126520,740.5,0,0,1,60572.8,60572.8,120363,120439,1.11106,1.10614
8|474|8|474|sample|3|276|3|276|55.0,0.00032,140390,2,3,126520,740.5,0,0,1,61304.6,61304.5,121847,121892,1.02147,1.01864
8|474|8|474|sample|3|276|3|276|55.0,0.0016,126011,3,3,126520,740.5,0,0,1,61861.3,61861.2,122972,122982,0.165891,0.165314
8|474|8|474|sample|3|276|3|276|55.0,0.008,136248,4,3,126520,740.5,0,0,1,61861.3,61861.2,122936,122805,0.726842,0.734787
8|474|8|474|sample|3|276|3|276|55.0,0.04,123688,5,3,126520,740.5,0,0,1,61861.3,61861.2,122355,120949,0.0731014,0.152017
8|474|8|474|sample|3|276|3|276|55.0,0.2,100688,6,3,126520,740.5,0,0,1,61861.3,61861.2,113644,104210,-0.765258,-0.226862
8|474|8|474|sample|3|276|3|276|55.0,1,44295,7,3,126520,740.5,0,0,1,61304.6,61304.5,52436.8,42047.2,-1.04221,0.358826
8|474|8|474|sample|3|276|3|276|55.0,5,6292,8,3,126520,740.5,0,0,1,60572.8,60572.8,5954.92,6261.83,0.379952,0.0323432
8|474|8|474|sample|4|276|4|276|55.0,0.000064,137562,1,4,126520,740.5,0,0,1,60572.8,60572.8,120361,120438,0.959258,0.954369
8|474|8|474|sample|4|276|4|276|55.0,0.00032,134604,2,4,126520,740.5,0,0,1,61304.6,61304.5,121835,121887,0.703518,0.700349
8|474|8|474|sample|4|276|4|276|55.0,0.0016,133116,3,4,126520,740.5,0,0,1,61861.3,61861.2,122878,122941,0.559242,0.555524
8|474|8|474|sample|4|276|4|276|55.0,0.008,133348,4,4,126520,740.5,0,0,1,62284.7,62284.7,123128,123349,0.55715,0.544104
8|474|8|474|sample|4|276|4|276|55.0,0.04,121193,5,4,126520,740.5,0,0,1,62284.7,62284.7,118887,119875,0.130175,0.0737873
8|474|8|474|sample|4|276|4|276|55.0,0.2,98200,6,4,126520,740.5,0,0,1,61861.3,61861.2,94380.2,96583.5,0.271663,0.112345
8|474|8|474|sample|4|276|4|276|55.0,1,38819,7,4,126520,740.5,0,0,1,61304.6,61304.5,38233,37652.2,0.102873,0.208008
8|474|8|474|sample|4|276|4|276|55.0,5,6826,8,4,126520,740.5,0,0,1,60572.8,60572.8,7635.4,6730.99,-0.71155,0.0947423
8|474|8|474|sample|9|276|9|276|32.0,0.0003648,135511,1,9,126520,740.5,0,0,1,60572.8,60573.8,120288,120401,0.849471,0.842358
8|474|8|474|sample|9|276|9|276|32.0,0.001824,117258,2,9,126520,740.5,0,0,1,61304.6,61305.5,120373,120982,-0.173704,-0.206596
8|474|8|474|sample|9|276|9|276|32.0,0.00912,89772,3,9,126520,740.5,0,0,1,61861.3,61862.2,99115.1,104023,-0.632736,-0.919559
8|474|8|474|sample|9|276|9|276|32.0,0.0456,24875,4,9,126520,740.5,0,0,1,62284.7,62285.7,22056.2,23316.3,0.857823,0.448714
8|474|8|474|sample|9|276|9|276|32.0,0.228,1858,5,9,126520,740.5,0,0,1,62284.7,62285.7,2025.79,1860.2,-0.555965,-0.00794374
8|474|8|474|sample|9|276|9|276|32.0,1.14,680,6,9,126520,740.5,0,0,1,61861.3,61862.2,789.779,770.614,-0.933006,-0.789279
8|474|8|474|sample|9|276|9|276|32.0,5.7,720,7,9,126520,740.5,0,0,1,61304.6,61305.5,720.359,719.215,-0.0033463,0.00732445
8|474|8|474|sample|9|276|9|276|32.0,28.5,790,8,9,126520,740.5,0,0,1,60572.8,60573.8,708.459,708.816,0.772562,0.76879
8|474|8|474|sample|10|276|10|276|32.0,0.0003648,136491,1,10,126520,740.5,0,0,1,60572.8,60573.8,120330,120403,0.901526,0.896893
8|474|8|474|sample|10|276|10|276|32.0,0.001824,112487,2,10,126520,740.5,0,0,1,61304.6,61305.5,121036,121025,-0.474093,-0.473512
8|474|8|474|sample|10|276|10|276|32.0,0.00912,87404,3,10,126520,740.5,0,0,1,61861.3,61862.2,105805,104874,-1.16736,-1.11817
8|474|8|474|sample|10|276|10|276|32.0,0.0456,26053,4,10,126520,740.5,0,0,1,61861.3,61862.2,25385.8,24273.2,0.176406,0.492175
8|474|8|474|sample|10|276|10|276|32.0,0.228,1910,5,10,126520,740.5,0,0,1,61861.3,61862.2,1986.17,1922.73,-0.257418,-0.044455
8|474|8|474|sample|10|276|10|276|32.0,1.14,702,6,10,126520,740.5,0,0,1,61861.3,61862.2,776.31,774.056,-0.642518,-0.624844
8|474|8|474|sample|10|276|10|276|32.0,5.7,688,7,10,126520,740.5,0,0,1,61304.6,61305.5,719.183,719.368,-0.291041,-0.292688
8|474|8|474|sample|10|276|10|276|32.0,28.5,768,8,10,126520,740.5,0,0,1,60572.8,60573.8,708.38,708.823,0.564937,0.560387
8|474|8|474|sample|8|276|8|276|32.0,0.0000768,139337,1,8,126520,740.5,0,0,1,60572.8,60573.8,120363,120437,1.05814,1.05335
8|474|8|474|sample|8|276|8|276|32.0,0.000384,129049,2,8,126520,740.5,0,0,1,61304.6,61305.5,121843,121856,0.396967,0.396218
8|474|8|474|sample|8|276|8|276|32.0,0.00192,112244,3,8,126520,740.5,0,0,1,61861.3,61862.2,122802,122161,-0.577074,-0.544914
8|474|8|474|sample|8|276|8|276|32.0,0.0096,86461,4,8,126520,740.5,0,0,1,62284.7,62285.7,117354,107460,-1.76698,-1.31166
8|474|8|474|sample|8|276|8|276|32.0,0.048,30862,5,8,126520,740.5,0,0,1,62284.7,62285.7,39437.9,28653.9,-1.45961,0.517262
8|474|8|474|sample|8|276|8|276|32.0,0.24,2300,6,8,126520,740.5,0,0,1,61861.3,61862.2,2135.28,2318.08,0.517786,-0.0523405
8|474|8|474|sample|8|276|8|276|32.0,1.2,754,7,8,126520,740.5,0,0,1,61304.6,61305.5,753.056,789.341,0.00841718,-0.300531
8|474|8|474|sample|8|276|8|276|32.0,6,720,8,8,126520,740.5,0,0,1,60572.8,60573.8,709.198,711.945,0.102233,0.075941
8|474|8|474|sample|7|276|7|276|32.0,0.0000768,132990,1,7,126520,740.5,0,0,1,60572.8,60573.8,120363,120438,0.704201,0.699549
8|474|8|474|sample|7|276|7|276|32.0,0.000384,129527,2,7,126520,740.5,0,0,1,61304.6,61305.5,121835,121874,0.423771,0.421477
8|474|8|474|sample|7|276|7|276|32.0,0.00192,112032,3,7,126520,740.5,0,0,1,61861.3,61862.2,122588,122455,-0.577986,-0.571328
8|474|8|474|sample|7|276|7|276|32.0,0.0096,80668,4,7,126520,740.5,0,0,1,62284.7,62285.7,112823,110126,-1.91302,-1.79549
8|474|8|474|sample|7|276|7|276|32.0,0.048,30208,5,7,126520,740.5,0,0,1,62284.7,62285.7,31191.6,28042,-0.211673,0.518474
8|474|8|474|sample|7|276|7|276|32.0,0.24,1942,6,7,126520,740.5,0,0,1,61861.3,61862.2,2008.05,1957.49,-0.22079,-0.0531056
8|474|8|474|sample|7|276|7|276|32.0,1.2,666,7,7,126520,740.5,0,0,1,61304.6,61305.5,758.542,761.434,-0.818898,-0.841287
8|474|8|474|sample|7|276|7|276|32.0,6,798,8,7,126520,740.5,0,0,1,60572.8,60573.8,709.616,710.298,0.836028,0.828789
8|474|8|474|sample|12|276|12|276|22.0,0.0003712,121914,1,12,126520,740.5,0,0,1,60572.8,60573.9,120362,120438,0.0865311,0.0822684
8|474|8|474|sample|12|276|12|276|22.0,0.001856,119881,2,12,126520,740.5,0,0,1,60572.8,60573.9,120346,120415,-0.0259337,-0.0297392
8|474|8|474|sample|12|276|12|276|22.0,0.00928,117603,3,12,126520,740.5,0,0,1,60572.8,60573.9,119868,119792,-0.126823,-0.122679
8|474|8|474|sample|12|276|12|276|22.0,0.0464,87318,4,12,126520,740.5,0,0,1,60572.8,60573.9,107380,105254,-1.25409,-1.1438
8|474|8|474|sample|12|276|12|276|22.0,0.2319999999999999,26931,5,12,126520,740.5,0,0,1,60572.8,60573.9,26921.4,25208.7,0.00238217,0.458605
8|474|8|474|sample|12|276|12|276|22.0,1.16,1852,6,12,126520,740.5,0,0,1,60572.8,60573.9,1843.71,1849.09,0.0301784,0.0105605
8|474|8|474|sample|12|276|12|276|22.0,5.8,644,7,12,126520,740.5,0,0,1,60572.8,60573.9,747.671,752,-0.93072,-0.964003
8|474|8|474|sample|12|276|12|276|22.0,29,664,8,12,126520,740.5,0,0,1,60572.8,60573.9,709.892,710.61,-0.433926,-0.440269
8|474|8|474|sample|11|276|11|276|22.0,0.0003712,134430,1,11,126520,740.5,0,0,1,60572.8,60573.9,120362,120439,0.784512,0.779776
8|474|8|474|sample|11|276|11|276|22.0,0.001856,130150,2,11,126520,740.5,0,0,1,61304.6,61305.6,121833,121885,0.45824,0.455142
8|474|8|474|sample|11|276|11|276|22.0,0.00928,116133,3,11,126520,740.5,0,0,1,61304.6,61305.6,121394,121592,-0.290882,-0.301341
8|474|8|474|sample|11|276|11|276|22.0,0.0464,92512,4,11,126520,740.5,0,0,1,61304.6,61305.6,109340,111889,-1.03305,-1.16246
8|474|8|474|sample|11|276|11|276|22.0,0.2319999999999999,31016,5,11,126520,740.5,0,0,1,61304.6,61305.6,27484.5,29290,0.862477,0.395536
8|474|8|474|sample|11|276|11|276|22.0,1.16,1746,6,11,126520,740.5,0,0,1,61304.6,61305.6,1829.31,1746.88,-0.305695,-0.00338695
8|474|8|474|sample|11|276|11|276|22.0,5.8,650,7,11,126520,740.5,0,0,1,61304.6,61305.6,753.943,746.386,-0.925402,-0.866804
8|474|8|474|sample|11|276|11|276|22.0,29,692,8,11,126520,740.5,0,0,1,60572.8,60573.9,709.739,709.793,-0.167763,-0.168265
8|474|8|474|cc|1|1|276|1|276|69.0,0,688,1,1,126520,740.5,0,1,0,nan,nan,704.464,704.908,-0.156871,-0.160999
8|474|8|474|cc|2|1|276|1|276|69.0,0,722,2,1,126520,740.5,0,1,0,nan,nan,704.464,704.908,0.16709,0.162758
8|474|8|474|cc|3|1|276|1|276|69.0,0,726,3,1,126520,740.5,0,1,0,nan,nan,704.464,704.908,0.205203,0.200847
8|474|8|474|cc|4|1|276|1|276|69.0,0,740,4,1,126520,740.5,0,1,0,nan,nan,704.464,704.908,0.338598,0.334159
8|474|8|474|cc|5|1|276|1|276|69.0,0,730,5,1,126520,740.5,0,1,0,nan,nan,704.464,704.908,0.243316,0.238936
8|474|8|474|cc|6|1|276|1|276|69.0,0,798,6,1,126520,740.5,0,1,0,nan,nan,704.464,704.908,0.891238,0.88645
8|474|8|474|cc|7|1|276|1|276|69.0,0,812,7,1,126520,740.5,0,1,0,nan,nan,704.464,704.908,1.02463,1.01976
8|474|8|474|cc|8|1|276|1|276|69.0,0,708,8,1,126520,740.5,0,1,0,nan,nan,704.464,704.908,0.033694,0.029446
8|474|8|474|vc|1|2|276|2|276|69.0,0,128388,1,2,126520,740.5,1,0,0,nan,nan,120363,120439,0.447536,0.443027
8|474|8|474|vc|2|2|276|2|276|69.0,0,126824,2,2,126520,740.5,1,0,0,nan,nan,121848,121894,0.274142,0.271495
8|474|8|474|vc|3|2|276|2|276|69.0,0,135976,3,2,126520,740.5,1,0,0,nan,nan,121848,121894,0.778306,0.775468
8|474|8|474|vc|4|2|276|2|276|69.0,0,130086,4,2,126520,740.5,1,0,0,nan,nan,121848,121894,0.453839,0.451124
8|474|8|474|vc|5|2|276|2|276|69.0,0,126830,5,2,126520,740.5,1,0,0,nan,nan,121848,121894,0.274473,0.271826
8|474|8|474|vc|6|2|276|2|276|69.0,0,130250,6,2,126520,740.5,1,0,0,nan,nan,121848,121894,0.462873,0.460155
8|474|8|474|vc|7|2|276|2|276|69.0,0,124477,7,2,126520,740.5,1,0,0,nan,nan,121848,121894,0.144851,0.142253
8|474|8|474|vc|8|2|276|2|276|69.0,0,109329,8,2,126520,740.5,1,0,0,nan,nan,120363,120439,-0.615333,-0.619172
8|1056|8|1056|sample|8|276|8|276|65.0,0.0016767999999999,118740,1,8,122846.625,713.75,0,0,1,58811.7,58810.5,116826,116905,0.109994,0.105376
8|1056|8|1056|sample|8|276|8|276|65.0,0.0083839999999999,113636,2,8,122846.625,713.75,0,0,1,59522.2,59521.5,117624,117725,-0.2276,-0.233166
8|1056|8|1056|sample|8|276|8|276|65.0,0.04192,84503,3,8,122846.625,713.75,0,0,1,60062.7,60062.5,108258,108442,-1.4729,-1.48175
8|1056|8|1056|sample|8|276|8|276|65.0,0.2096,42717,4,8,122846.625,713.75,0,0,1,60473.8,60474,42787.8,41303.6,-0.0111071,0.229699
8|1056|8|1056|sample|8|276|8|276|65.0,1.048,4102,5,8,122846.625,713.75,0,0,1,60473.8,60474,4251.1,3842.28,-0.235423,0.453713
8|1056|8|1056|sample|8|276|8|276|65.0,5.24,716,6,8,122846.625,713.75,0,0,1,60062.7,60062.5,902.175,865.906,-1.38517,-1.16204
8|1056|8|1056|sample|8|276|8|276|65.0,26.2,656,7,8,122846.625,713.75,0,0,1,59522.2,59521.5,703.093,700.677,-0.44959,-0.427994
8|1056|8|1056|sample|8|276|8|276|65.0,131,828,8,8,122846.625,713.75,0,0,1,58811.7,58810.5,683.891,684.139,1.41442,1.41147
8|1056|8|1056|sample|7|276|7|276|65.0,0.0016767999999999,121659,1,7,122846.625,713.75,0,0,1,58811.7,58810.5,116794,116907,0.279623,0.272827
8|1056|8|1056|sample|7|276|7|276|65.0,0.0083839999999999,115654,2,7,122846.625,713.75,0,0,1,59522.2,59521.5,117191,117753,-0.0880271,-0.119666
8|1056|8|1056|sample|7|276|7|276|65.0,0.04192,88699,3,7,122846.625,713.75,0,0,1,60062.7,60062.5,103759,108554,-0.974238,-1.22769
8|1056|8|1056|sample|7|276|7|276|65.0,0.2096,41994,4,7,122846.625,713.75,0,0,1,60473.8,60474,35797,40683.4,1.16199,0.216233
8|1056|8|1056|sample|7|276|7|276|65.0,1.048,3906,5,7,122846.625,713.75,0,0,1,60473.8,60474,3756.93,3670.6,0.266327,0.430464
8|1056|8|1056|sample|7|276|7|276|65.0,5.24,700,6,7,122846.625,713.75,0,0,1,60062.7,60062.5,894.112,851.156,-1.45724,-1.19203
8|1056|8|1056|sample|7|276|7|276|65.0,26.2,682,7,7,122846.625,713.75,0,0,1,59522.2,59521.5,703.962,699.639,-0.209411,-0.169226
8|1056|8|1056|sample|7|276|7|276|65.0,131,978,8,7,122846.625,713.75,0,0,1,58811.7,58810.5,684.021,684.071,2.88482,2.88412
8|1056|8|1056|sample|6|276|6|276|65.0,0.0004351999999999,124775,1,6,122846.625,713.75,0,0,1,58811.7,58810.5,116863,116936,0.45444,0.450001
8|1056|8|1056|sample|6|276|6|276|65.0,0.0021759999999999,126207,2,6,122846.625,713.75,0,0,1,59522.2,59521.5,118289,118313,0.449279,0.447847
8|1056|8|1056|sample|6|276|6|276|65.0,0.0108799999999999,119281,3,6,122846.625,713.75,0,0,1,60062.7,60062.5,118956,118623,0.0183459,0.0372155
8|1056|8|1056|sample|6|276|6|276|65.0,0.0543999999999999,96692,4,6,122846.625,713.75,0,0,1,60473.8,60474,109479,105225,-0.784007,-0.544309
8|1056|8|1056|sample|6|276|6|276|65.0,0.2719999999999999,31741,5,6,122846.625,713.75,0,0,1,60473.8,60474,33947.8,30356.6,-0.436338,0.306117
8|1056|8|1056|sample|6|276|6|276|65.0,1.36,2592,6,6,122846.625,713.75,0,0,1,60062.7,60062.5,2414.81,2526.46,0.492517,0.174122
8|1056|8|1056|sample|6|276|6|276|65.0,6.8,696,7,6,122846.625,713.75,0,0,1,59522.2,59521.5,757.389,779.121,-0.544058,-0.716105
8|1056|8|1056|sample|6|276|6|276|65.0,34,792,8,6,122846.625,713.75,0,0,1,58811.7,58810.5,685.729,687.772,1.04024,1.01721
8|1056|8|1056|sample|5|276|5|276|65.0,0.0004351999999999,127222,1,5,122846.625,713.75,0,0,1,58811.7,58810.5,116861,116936,0.595097,0.590406
8|1056|8|1056|sample|5|276|5|276|65.0,0.0021759999999999,128464,2,5,122846.625,713.75,0,0,1,59522.2,59521.5,118258,118329,0.579321,0.57493
8|1056|8|1056|sample|5|276|5|276|65.0,0.0108799999999999,127679,3,5,122846.625,713.75,0,0,1,60062.7,60062.5,118404,118855,0.525822,0.498358
8|1056|8|1056|sample|5|276|5|276|65.0,0.0543999999999999,99273,4,5,122846.625,713.75,0,0,1,60473.8,60474,102605,107101,-0.217977,-0.490583
8|1056|8|1056|sample|5|276|5|276|65.0,0.2719999999999999,30808,5,5,122846.625,713.75,0,0,1,60473.8,60474,27083.9,29493,0.922954,0.299282
8|1056|8|1056|sample|5|276|5|276|65.0,1.36,2194,6,5,122846.625,713.75,0,0,1,60062.7,60062.5,2322.54,2156.26,-0.371477,0.117483
8|1056|8|1056|sample|5|276|5|276|65.0,6.8,672,7,5,122846.625,713.75,0,0,1,59522.2,59521.5,771.583,749.256,-0.866312,-0.692107
8|1056|8|1056|sample|5|276|5|276|65.0,34,838,8,5,122846.625,713.75,0,0,1,58811.7,58810.5,687.125,685.907,1.47385,1.48839
8|1056|8|1056|sample|12|276|12|276|28.0,0.0014272,103621,1,12,122846.625,713.75,0,0,1,58811.7,58832.5,116411,116313,-0.737501,-0.732443
8|1056|8|1056|sample|12|276|12|276|28.0,0.007136,90392,2,12,122846.625,713.75,0,0,1,58811.7,58832.5,109974,108249,-1.19521,-1.10727
8|1056|8|1056|sample|12|276|12|276|28.0,0.03568,45926,3,12,122846.625,713.75,0,0,1,58811.7,58832.5,58299.6,53336.4,-1.42463,-0.932594
8|1056|8|1056|sample|12|276|12|276|28.0,0.1784,8166,4,12,122846.625,713.75,0,0,1,58811.7,58832.5,7398.54,6816.22,0.696281,1.3292
8|1056|8|1056|sample|12|276|12|276|28.0,0.892,754,5,12,122846.625,713.75,0,0,1,58811.7,58832.5,1164.35,1155.56,-2.36563,-2.33256
8|1056|8|1056|sample|12|276|12|276|28.0,4.46,634,6,12,122846.625,713.75,0,0,1,58811.7,58832.5,754.411,756.372,-1.07135,-1.08598
8|1056|8|1056|sample|12|276|12|276|28.0,22.3,642,7,12,122846.625,713.75,0,0,1,58811.7,58832.5,728.902,729.592,-0.80026,-0.805853
8|1056|8|1056|sample|12|276|12|276|28.0,111.5,824,8,12,122846.625,713.75,0,0,1,58811.7,58832.5,727.32,727.801,0.892246,0.887215
8|1056|8|1056|sample|11|276|11|276|28.0,0.0014272,105151,1,11,122846.625,713.75,0,0,1,58811.7,58832.5,116668,116756,-0.662617,-0.667149
8|1056|8|1056|sample|11|276|11|276|28.0,0.007136,95978,2,11,122846.625,713.75,0,0,1,59522.2,59543.8,114597,114730,-1.09058,-1.09707
8|1056|8|1056|sample|11|276|11|276|28.0,0.03568,58120,3,11,122846.625,713.75,0,0,1,59522.2,59543.8,72915.9,72265.7,-1.36204,-1.31391
8|1056|8|1056|sample|11|276|11|276|28.0,0.1784,10642,4,11,122846.625,713.75,0,0,1,59522.2,59543.8,9684.27,9098.12,0.663816,1.13903
8|1056|8|1056|sample|11|276|11|276|28.0,0.892,906,5,11,122846.625,713.75,0,0,1,59522.2,59543.8,1235.79,1178.67,-1.79129,-1.55283
8|1056|8|1056|sample|11|276|11|276|28.0,4.46,610,6,11,122846.625,713.75,0,0,1,59522.2,59543.8,762.178,758.354,-1.34019,-1.31311
8|1056|8|1056|sample|11|276|11|276|28.0,22.3,712,7,11,122846.625,713.75,0,0,1,59522.2,59543.8,737.539,737.55,-0.232426,-0.232527
8|1056|8|1056|sample|11|276|11|276|28.0,111.5,888,8,11,122846.625,713.75,0,0,1,58811.7,58832.5,727.284,727.726,1.48329,1.47832
8|1056|8|1056|sample|10|276|10|276|28.0,0.0004479999999999,119885,1,10,122846.625,713.75,0,0,1,58811.7,58832.5,116857,116933,0.173957,0.169464
8|1056|8|1056|sample|10|276|10|276|28.0,0.00224,122847,2,10,122846.625,713.75,0,0,1,59522.2,59543.8,118147,118240,0.267015,0.261535
8|1056|8|1056|sample|10|276|10|276|28.0,0.0111999999999999,100100,3,10,122846.625,713.75,0,0,1,60062.7,60084.9,115983,116725,-0.919196,-0.95601
8|1056|8|1056|sample|10|276|10|276|28.0,0.0559999999999999,61989,4,10,122846.625,713.75,0,0,1,60062.7,60084.9,72709.3,76155,-0.989664,-1.24859
8|1056|8|1056|sample|10|276|10|276|28.0,0.2799999999999999,9934,5,10,122846.625,713.75,0,0,1,60062.7,60084.9,8553.8,8585.98,1.08307,1.05385
8|1056|8|1056|sample|10|276|10|276|28.0,1.4,774,6,10,122846.625,713.75,0,0,1,60062.7,60084.9,1124.03,1083.14,-2.09025,-1.91579
8|1056|8|1056|sample|10|276|10|276|28.0,7,638,7,10,122846.625,713.75,0,0,1,59522.2,59543.8,753.505,750.188,-1.02893,-1.0038
8|1056|8|1056|sample|10|276|10|276|28.0,35,822,8,10,122846.625,713.75,0,0,1,58811.7,58832.5,727.997,728.223,0.86673,0.864376
8|1056|8|1056|sample|9|276|9|276|28.0,0.0004479999999999,120198,1,9,122846.625,713.75,0,0,1,58811.7,58832.5,116862,116935,0.191637,0.187289
8|1056|8|1056|sample|9|276|9|276|28.0,0.00224,115424,2,9,122846.625,713.75,0,0,1,59522.2,59543.8,118243,118291,-0.160036,-0.162693
8|1056|8|1056|sample|9|276|9|276|28.0,0.0111999999999999,104040,3,9,122846.625,713.75,0,0,1,60062.7,60084.9,117566,117713,-0.772254,-0.779671
8|1056|8|1056|sample|9|276|9|276|28.0,0.0559999999999999,62803,4,9,122846.625,713.75,0,0,1,60473.8,60496.6,82637.5,84862.1,-1.61108,-1.7448
8|1056|8|1056|sample|9|276|9|276|28.0,0.2799999999999999,11416,5,9,122846.625,713.75,0,0,1,60473.8,60496.6,9035.81,9885.51,1.76814,1.03921
8|1056|8|1056|sample|9|276|9|276|28.0,1.4,788,6,9,122846.625,713.75,0,0,1,60062.7,60084.9,1044.84,1084.42,-1.65,-1.83477
8|1056|8|1056|sample|9|276|9|276|28.0,7,614,7,9,122846.625,713.75,0,0,1,59522.2,59543.8,746.45,748.282,-1.19104,-1.20455
8|1056|8|1056|sample|9|276|9|276|28.0,35,832,8,9,122846.625,713.75,0,0,1,58811.7,58832.5,727.562,728.079,0.963521,0.958065
8|1056|8|1056|sample|4|276|4|276|22.0,0.0010624,123910,1,4,122846.625,713.75,0,0,1,58811.7,58810.4,116851,116925,0.405512,0.400997
8|1056|8|1056|sample|4|276|4|276|22.0,0.005312,126950,2,4,122846.625,713.75,0,0,1,59522.2,59521.4,118036,118085,0.506917,0.503931
8|1056|8|1056|sample|4|276|4|276|22.0,0.02656,105914,3,4,122846.625,713.75,0,0,1,60062.7,60062.4,114041,113977,-0.478345,-0.474822
8|1056|8|1056|sample|4|276|4|276|22.0,0.1328,55539,4,4,122846.625,713.75,0,0,1,60473.8,60473.9,61367.2,59879.7,-0.637489,-0.486578
8|1056|8|1056|sample|4|276|4|276|22.0,0.664,6766,5,4,122846.625,713.75,0,0,1,60473.8,60473.9,6419.25,5985.8,0.362585,0.874889
8|1056|8|1056|sample|4|276|4|276|22.0,3.32,686,6,4,122846.625,713.75,0,0,1,60062.7,60062.4,987.778,956.417,-2.05069,-1.89784
8|1056|8|1056|sample|4|276|4|276|22.0,16.6,742,7,4,122846.625,713.75,0,0,1,59522.2,59521.4,705.543,703.875,0.346838,0.363564
8|1056|8|1056|sample|4|276|4|276|22.0,83,876,8,4,122846.625,713.75,0,0,1,58811.7,58810.4,683.756,684.075,1.88722,1.88322
8|1056|8|1056|sample|3|276|3|276|22.0,0.0010624,130132,1,3,122846.625,713.75,0,0,1,58811.7,58810.4,116858,116926,0.762438,0.758134
8|1056|8|1056|sample|3|276|3|276|22.0,0.005312,127154,2,3,122846.625,713.75,0,0,1,59522.2,59521.4,118160,118083,0.510923,0.515626
8|1056|8|1056|sample|3|276|3|276|22.0,0.02656,111063,3,3,122846.625,713.75,0,0,1,60062.7,60062.4,115579,113561,-0.26226,-0.147631
8|1056|8|1056|sample|3|276|3|276|22.0,0.1328,53602,4,3,122846.625,713.75,0,0,1,60062.7,60062.4,63550.5,55079.9,-1.05078,-0.180107
8|1056|8|1056|sample|3|276|3|276|22.0,0.664,5384,5,3,122846.625,713.75,0,0,1,60062.7,60062.4,5497.46,4947.91,-0.138528,0.591595
8|1056|8|1056|sample|3|276|3|276|22.0,3.32,738,6,3,122846.625,713.75,0,0,1,60062.7,60062.4,884.897,891.355,-1.11428,-1.15484
8|1056|8|1056|sample|3|276|3|276|22.0,16.6,690,7,3,122846.625,713.75,0,0,1,59522.2,59521.4,698.461,700.202,-0.0813077,-0.0977993
8|1056|8|1056|sample|3|276|3|276|22.0,83,842,8,3,122846.625,713.75,0,0,1,58811.7,58810.4,683.338,683.877,1.55851,1.552
8|1056|8|1056|cc|1|1|276|1|276|69.0,0,686,1,1,122846.625,713.75,0,1,0,nan,nan,678.989,679.416,0.0693107,0.0650441
8|1056|8|1056|cc|2|1|276|1|276|69.0,0,688,2,1,122846.625,713.75,0,1,0,nan,nan,678.989,679.416,0.0890822,0.0848032
8|1056|8|1056|cc|3|1|276|1|276|69.0,0,708,3,1,122846.625,713.75,0,1,0,nan,nan,678.989,679.416,0.286797,0.282394
8|1056|8|1056|cc|4|1|276|1|276|69.0,0,700,4,1,122846.625,713.75,0,1,0,nan,nan,678.989,679.416,0.207711,0.203358
8|1056|8|1056|cc|5|1|276|1|276|69.0,0,734,5,1,122846.625,713.75,0,1,0,nan,nan,678.989,679.416,0.543827,0.539262
8|1056|8|1056|cc|6|1|276|1|276|69.0,0,694,6,1,122846.625,713.75,0,1,0,nan,nan,678.989,679.416,0.148397,0.14408
8|1056|8|1056|cc|7|1|276|1|276|69.0,0,744,7,1,122846.625,713.75,0,1,0,nan,nan,678.989,679.416,0.642684,0.638057
8|1056|8|1056|cc|8|1|276|1|276|69.0,0,756,8,1,122846.625,713.75,0,1,0,nan,nan,678.989,679.416,0.761314,0.756612
8|1056|8|1056|vc|1|2|276|2|276|69.0,0,125929,1,2,122846.625,713.75,1,0,0,nan,nan,116864,116937,0.520683,0.516133
8|1056|8|1056|vc|2|2|276|2|276|69.0,0,128067,2,2,122846.625,713.75,1,0,0,nan,nan,118306,118351,0.553788,0.551039
8|1056|8|1056|vc|3|2|276|2|276|69.0,0,126059,3,2,122846.625,713.75,1,0,0,nan,nan,118306,118351,0.439861,0.437155
8|1056|8|1056|vc|4|2|276|2|276|69.0,0,129668,4,2,122846.625,713.75,1,0,0,nan,nan,118306,118351,0.644624,0.64184
8|1056|8|1056|vc|5|2|276|2|276|69.0,0,124889,5,2,122846.625,713.75,1,0,0,nan,nan,118306,118351,0.373479,0.370798
8|1056|8|1056|vc|6|2|276|2|276|69.0,0,120436,6,2,122846.625,713.75,1,0,0,nan,nan,118306,118351,0.12083,0.118245
8|1056|8|1056|vc|7|2|276|2|276|69.0,0,119889,7,2,122846.625,713.75,1,0,0,nan,nan,118306,118351,0.0897953,0.0872216
8|1056|8|1056|vc|8|2|276|2|276|69.0,0,107836,8,2,122846.625,713.75,1,0,0,nan,nan,116864,116937,-0.518527,-0.522424
8|462|8|462|sample|6|292|6|292|55.0,0.0006144,102350,1,6,129563,643.5,0,0,1,61975,61974.1,120680,120438,-1.01954,-1.00807
8|462|8|462|sample|6|292|6|292|55.0,0.003072,113884,2,6,129563,643.5,0,0,1,62723.7,62722.8,118861,118259,-0.281047,-0.248325
8|462|8|462|sample|6|292|6|292|55.0,0.01536,121365,3,6,129563,643.5,0,0,1,63293.3,63292.4,112840,111655,0.507095,0.583734
8|462|8|462|sample|6|292|6|292|55.0,0.0768,98102,4,6,129563,643.5,0,0,1,63726.6,63725.6,99828.4,97898.9,-0.116078,0.0139268
8|462|8|462|sample|6|292|6|292|55.0,0.384,76259,5,6,129563,643.5,0,0,1,63726.6,63725.6,77849.2,75464.2,-0.137107,0.0706988
8|462|8|462|sample|6|292|6|292|55.0,1.92,51729,6,6,129563,643.5,0,0,1,63293.3,63292.4,51192.8,49130.3,0.0703056,0.355047
8|462|8|462|sample|6|292|6|292|55.0,9.6,27657,7,6,129563,643.5,0,0,1,62723.7,62722.8,28548.6,27297.7,-0.209636,0.0883495
8|462|8|462|sample|6|292|6|292|55.0,48,13804,8,6,129563,643.5,0,0,1,61975,61974.1,14191,13616.2,-0.183059,0.0925597
8|462|8|462|sample|5|292|5|292|55.0,0.0006144,100518,1,5,129563,643.5,0,0,1,61975,61974.1,120876,121057,-1.13051,-1.13886
8|462|8|462|sample|5|292|5|292|55.0,0.003072,130424,2,5,129563,643.5,0,0,1,62723.7,62722.8,119318,119524,0.624802,0.61215
8|462|8|462|sample|5|292|5|292|55.0,0.01536,129379,3,5,129563,643.5,0,0,1,63293.3,63292.4,113833,114037,0.916707,0.903029
8|462|8|462|sample|5|292|5|292|55.0,0.0768,104544,4,5,129563,643.5,0,0,1,63726.6,63725.6,101710,101759,0.187028,0.183681
8|462|8|462|sample|5|292|5|292|55.0,0.384,71521,5,5,129563,643.5,0,0,1,63726.6,63725.6,80649.7,80284.2,-0.759767,-0.732664
8|462|8|462|sample|5|292|5|292|55.0,1.92,57664,6,5,129563,643.5,0,0,1,63293.3,63292.4,54173.5,53345.4,0.432484,0.543394
8|462|8|462|sample|5|292|5|292|55.0,9.6,30300,7,5,129563,643.5,0,0,1,62723.7,62722.8,30804.9,29864.7,-0.110015,0.0978369
8|462|8|462|sample|5|292|5|292|55.0,48,15085,8,5,129563,643.5,0,0,1,61975,61974.1,15509.8,14791.9,-0.18386,0.132997
8|462|8|462|sample|4|292|4|292|55.0,0.000064,104240,1,4,129563,643.5,0,0,1,61975,61974.1,122926,122976,-1.02035,-1.02267
8|462|8|462|sample|4|292|4|292|55.0,0.00032,128947,2,4,129563,643.5,0,0,1,62723.7,62722.8,123856,123834,0.275905,0.277174
8|462|8|462|sample|4|292|4|292|55.0,0.0016,136467,3,4,129563,643.5,0,0,1,63293.3,63292.4,123397,123251,0.710971,0.719723
8|462|8|462|sample|4|292|4|292|55.0,0.008,138746,4,4,129563,643.5,0,0,1,63726.6,63725.6,120005,119616,1.04824,1.07347
8|462|8|462|sample|4|292|4|292|55.0,0.04,119405,5,4,129563,643.5,0,0,1,63726.6,63725.6,109663,108850,0.596297,0.650902
8|462|8|462|sample|4|292|4|292|55.0,0.2,86679,6,4,129563,643.5,0,0,1,63293.3,63292.4,88013.5,86739.6,-0.101776,-0.00469163
8|462|8|462|sample|4|292|4|292|55.0,1,49742,7,4,129563,643.5,0,0,1,62723.7,62722.8,57122.9,55846.1,-0.867301,-0.733676
8|462|8|462|sample|4|292|4|292|55.0,5,30602,8,4,129563,643.5,0,0,1,61975,61974.1,29106.9,28343.6,0.344777,0.534836
8|462|8|462|sample|3|292|3|292|55.0,0.000064,108562,1,3,129563,643.5,0,0,1,61975,61974.1,123035,122880,-0.789588,-0.782128
8|462|8|462|sample|3|292|3|292|55.0,0.00032,130392,2,3,129563,643.5,0,0,1,62723.7,62722.8,124131,123618,0.338582,0.367809
8|462|8|462|sample|3|292|3|292|55.0,0.0016,132645,3,3,129563,643.5,0,0,1,63293.3,63292.4,124068,122799,0.464005,0.538209
8|462|8|462|sample|3|292|3|292|55.0,0.008,136907,4,3,129563,643.5,0,0,1,63293.3,63292.4,120712,117960,0.90051,1.07812
8|462|8|462|sample|3|292|3|292|55.0,0.04,113528,5,3,129563,643.5,0,0,1,63293.3,63292.4,111995,106872,0.0918917,0.418054
8|462|8|462|sample|3|292|3|292|55.0,0.2,82203,6,3,129563,643.5,0,0,1,63293.3,63292.4,92740.9,85687.1,-0.762701,-0.272926
8|462|8|462|sample|3|292|3|292|55.0,1,54160,7,3,129563,643.5,0,0,1,62723.7,62722.8,61557.7,55878.8,-0.806657,-0.20647
8|462|8|462|sample|3|292|3|292|55.0,5,30876,8,3,129563,643.5,0,0,1,61975,61974.1,31372.8,29231.6,-0.106298,0.377597
8|462|8|462|sample|9|292|9|292|32.0,0.0003648,110763,1,9,129563,643.5,0,0,1,61975,61975.4,123187,123315,-0.676972,-0.683247
8|462|8|462|sample|9|292|9|292|32.0,0.001824,99793,2,9,129563,643.5,0,0,1,62723.7,62724.1,123373,124254,-1.28289,-1.32141
8|462|8|462|sample|9|292|9|292|32.0,0.00912,104612,3,9,129563,643.5,0,0,1,63293.3,63293.7,102749,111602,0.121703,-0.420423
8|462|8|462|sample|9|292|9|292|32.0,0.0456,29106,4,9,129563,643.5,0,0,1,63726.6,63727,23570.3,27938.4,1.57646,0.280512
8|462|8|462|sample|9|292|9|292|32.0,0.228,1898,5,9,129563,643.5,0,0,1,63726.6,63727,2030.97,1865.41,-0.439472,0.117263
8|462|8|462|sample|9|292|9|292|32.0,1.14,602,6,9,129563,643.5,0,0,1,63293.3,63293.7,699.058,672.559,-0.931945,-0.704197
8|462|8|462|sample|9|292|9|292|32.0,5.7,556,7,9,129563,643.5,0,0,1,62723.7,62724.1,626.053,624.313,-0.751085,-0.734471
8|462|8|462|sample|9|292|9|292|32.0,28.5,492,8,9,129563,643.5,0,0,1,61975,61975.4,615.105,615.371,-1.34338,-1.3457
8|462|8|462|sample|10|292|10|292|32.0,0.0003648,102838,1,10,129563,643.5,0,0,1,61975,61975.4,123232,123318,-1.11083,-1.11475
8|462|8|462|sample|10|292|10|292|32.0,0.001824,109527,2,10,129563,643.5,0,0,1,62723.7,62724.1,124094,124318,-0.78795,-0.79859
8|462|8|462|sample|10|292|10|292|32.0,0.00912,75302,3,10,129563,643.5,0,0,1,63293.3,63293.7,110071,112591,-2.12028,-2.22306
8|462|8|462|sample|10|292|10|292|32.0,0.0456,30834,4,10,129563,643.5,0,0,1,63293.3,63293.7,26778,28656.4,1.01671,0.510065
8|462|8|462|sample|10|292|10|292|32.0,0.228,1866,5,10,129563,643.5,0,0,1,63293.3,63293.7,1878.69,1857.82,-0.0453421,0.0295716
8|462|8|462|sample|10|292|10|292|32.0,1.14,542,6,10,129563,643.5,0,0,1,63293.3,63293.7,676.524,671.09,-1.33471,-1.29117
8|462|8|462|sample|10|292|10|292|32.0,5.7,526,7,10,129563,643.5,0,0,1,62723.7,62724.1,624.342,624.205,-1.05727,-1.05603
8|462|8|462|sample|10|292|10|292|32.0,28.5,550,8,10,129563,643.5,0,0,1,61975,61975.4,614.998,615.366,-0.70941,-0.712999
8|462|8|462|sample|7|292|7|292|32.0,0.0000768,94296,1,7,129563,643.5,0,0,1,61975,61975.4,123257,123335,-1.57714,-1.58041
8|462|8|462|sample|7|292|7|292|32.0,0.000384,117953,2,7,129563,643.5,0,0,1,62723.7,62724.1,124750,124812,-0.365735,-0.368856
8|462|8|462|sample|7|292|7|292|32.0,0.00192,127709,3,7,129563,643.5,0,0,1,63293.3,63293.7,125237,125548,0.132504,0.115509
8|462|8|462|sample|7|292|7|292|32.0,0.0096,104166,4,7,129563,643.5,0,0,1,63726.6,63727,111453,115638,-0.438848,-0.665898
8|462|8|462|sample|7|292|7|292|32.0,0.048,34555,5,7,129563,643.5,0,0,1,63726.6,63727,29041.5,33171.6,1.27432,0.279931
8|462|8|462|sample|7|292|7|292|32.0,0.24,2124,6,7,129563,643.5,0,0,1,63293.3,63293.7,2077.27,2082.64,0.151005,0.133305
8|462|8|462|sample|7|292|7|292|32.0,1.2,604,7,7,129563,643.5,0,0,1,62723.7,62724.1,680.967,671.994,-0.758663,-0.679165
8|462|8|462|sample|7|292|7|292|32.0,6,570,8,7,129563,643.5,0,0,1,61975,61975.4,617.255,616.961,-0.513868,-0.510917
8|462|8|462|sample|8|292|8|292|32.0,0.0000768,101781,1,8,129563,643.5,0,0,1,61975,61975.4,123257,123335,-1.16954,-1.17305
8|462|8|462|sample|8|292|8|292|32.0,0.000384,127577,2,8,129563,643.5,0,0,1,62723.7,62724.1,124758,124814,0.151642,0.148593
8|462|8|462|sample|8|292|8|292|32.0,0.00192,127445,3,8,129563,643.5,0,0,1,63293.3,63293.7,125410,125602,0.108895,0.0984777
8|462|8|462|sample|8|292|8|292|32.0,0.0096,110699,4,8,129563,643.5,0,0,1,63726.6,63727,114277,116622,-0.210182,-0.340884
8|462|8|462|sample|8|292|8|292|32.0,0.048,35462,5,8,129563,643.5,0,0,1,63726.6,63727,32910.4,34649.6,0.520411,0.157372
8|462|8|462|sample|8|292|8|292|32.0,0.24,2200,6,8,129563,643.5,0,0,1,63293.3,63293.7,2239.84,2111.77,-0.119402,0.280443
8|462|8|462|sample|8|292|8|292|32.0,1.2,518,7,8,129563,643.5,0,0,1,62723.7,62724.1,683.793,671.01,-1.62748,-1.5306
8|462|8|462|sample|8|292|8|292|32.0,6,538,8,8,129563,643.5,0,0,1,61975,61975.4,617.224,616.864,-0.861563,-0.85815
8|462|8|462|sample|11|292|11|292|22.0,0.0003712,100654,1,11,129563,643.5,0,0,1,61975,61975.2,123258,123335,-1.23095,-1.2344
8|462|8|462|sample|11|292|11|292|22.0,0.001856,107033,2,11,129563,643.5,0,0,1,62723.7,62723.9,124777,124824,-0.954517,-0.9567
8|462|8|462|sample|11|292|11|292|22.0,0.00928,111878,3,11,129563,643.5,0,0,1,62723.7,62723.9,124733,124781,-0.691766,-0.694076
8|462|8|462|sample|11|292|11|292|22.0,0.0464,96908,4,11,129563,643.5,0,0,1,62723.7,62723.9,123366,123410,-1.43956,-1.44147
8|462|8|462|sample|11|292|11|292|22.0,0.2319999999999999,62831,5,11,129563,643.5,0,0,1,62723.7,62723.9,91724,91358.7,-2.11437,-2.09599
8|462|8|462|sample|11|292|11|292|22.0,1.16,11954,6,11,129563,643.5,0,0,1,62723.7,62723.9,10602.2,10323,0.855849,1.06053
8|462|8|462|sample|11|292|11|292|22.0,5.8,712,7,11,129563,643.5,0,0,1,62723.7,62723.9,965.396,950.34,-1.76184,-1.68341
8|462|8|462|sample|11|292|11|292|22.0,29,526,8,11,129563,643.5,0,0,1,61975,61975.2,625.373,625.13,-1.0666,-1.0644
8|462|8|462|sample|12|292|12|292|22.0,0.0003712,92444,1,12,129563,643.5,0,0,1,61975,61975.2,123257,123331,-1.67799,-1.68101
8|462|8|462|sample|12|292|12|292|22.0,0.001856,89758,2,12,129563,643.5,0,0,1,61975,61975.2,123236,123270,-1.82344,-1.8248
8|462|8|462|sample|12|292|12|292|22.0,0.00928,86511,3,12,129563,643.5,0,0,1,61975,61975.2,122876,122480,-1.98652,-1.97124
8|462|8|462|sample|12|292|12|292|22.0,0.0464,76016,4,12,129563,643.5,0,0,1,61975,61975.2,116991,112970,-2.35094,-2.19569
8|462|8|462|sample|12|292|12|292|22.0,0.2319999999999999,48569,5,12,129563,643.5,0,0,1,61975,61975.2,64183.6,56069.3,-1.63297,-0.897893
8|462|8|462|sample|12|292|12|292|22.0,1.16,9584,6,12,129563,643.5,0,0,1,61975,61975.2,7812.82,7855.69,1.52169,1.47676
8|462|8|462|sample|12|292|12|292|22.0,5.8,838,7,12,129563,643.5,0,0,1,61975,61975.2,1056.09,1197.44,-1.38615,-2.01484
8|462|8|462|sample|12|292|12|292|22.0,29,604,8,12,129563,643.5,0,0,1,61975,61975.2,640.261,659.474,-0.38015,-0.56463
8|462|8|462|cc|1|1|292|1|292|69.0,0,566,1,1,129563,643.5,0,1,0,nan,nan,612.184,612.57,-0.506389,-0.510297
8|462|8|462|cc|2|1|292|1|292|69.0,0,562,2,1,129563,643.5,0,1,0,nan,nan,612.184,612.57,-0.550247,-0.554127
8|462|8|462|cc|3|1|292|1|292|69.0,0,584,3,1,129563,643.5,0,1,0,nan,nan,612.184,612.57,-0.309027,-0.313059
8|462|8|462|cc|4|1|292|1|292|69.0,0,656,4,1,129563,643.5,0,1,0,nan,nan,612.184,612.57,0.480419,0.47589
8|462|8|462|cc|5|1|292|1|292|69.0,0,696,5,1,129563,643.5,0,1,0,nan,nan,612.184,612.57,0.919001,0.914195
8|462|8|462|cc|6|1|292|1|292|69.0,0,706,6,1,129563,643.5,0,1,0,nan,nan,612.184,612.57,1.02865,1.02377
8|462|8|462|cc|7|1|292|1|292|69.0,0,668,7,1,129563,643.5,0,1,0,nan,nan,612.184,612.57,0.611994,0.607382
8|462|8|462|cc|8|1|292|1|292|69.0,0,710,8,1,129563,643.5,0,1,0,nan,nan,612.184,612.57,1.0725,1.0676
8|462|8|462|vc|1|2|292|2|292|69.0,0,109457,1,2,129563,643.5,1,0,0,nan,nan,123258,123336,-0.75156,-0.755314
8|462|8|462|vc|2|2|292|2|292|69.0,0,135900,2,2,129563,643.5,1,0,0,nan,nan,124778,124825,0.598288,0.595519
8|462|8|462|vc|3|2|292|2|292|69.0,0,145948,3,2,129563,643.5,1,0,0,nan,nan,124778,124825,1.13881,1.13584
8|462|8|462|vc|4|2|292|2|292|69.0,0,141437,4,2,129563,643.5,1,0,0,nan,nan,124778,124825,0.896146,0.893263
8|462|8|462|vc|5|2|292|2|292|69.0,0,134947,5,2,129563,643.5,1,0,0,nan,nan,124778,124825,0.547023,0.544272
8|462|8|462|vc|6|2|292|2|292|69.0,0,143094,6,2,129563,643.5,1,0,0,nan,nan,124778,124825,0.985282,0.982366
8|462|8|462|vc|7|2|292|2|292|69.0,0,130244,7,2,129563,643.5,1,0,0,nan,nan,124778,124825,0.294029,0.291375
8|462|8|462|vc|8|2|292|2|292|69.0,0,95477,8,2,129563,643.5,1,0,0,nan,nan,123258,123336,-1.51288,-1.51615
8|1159|8|1159|sample|8|292|8|292|65.0,0.0016767999999999,99593,1,8,132841.25,654.75,0,0,1,63540.7,56180.8,112076,111807,-0.747629,-0.733258
8|1159|8|1159|sample|8|292|8|292|65.0,0.0083839999999999,116325,2,8,132841.25,654.75,0,0,1,64308.3,58709.5,117070,116813,-0.0427432,-0.0280653
8|1159|8|1159|sample|8|292|8|292|65.0,0.04192,106706,3,8,132841.25,654.75,0,0,1,64892.3,60633.1,120316,119743,-0.759281,-0.730793
8|1159|8|1159|sample|8|292|8|292|65.0,0.2096,68255,4,8,132841.25,654.75,0,0,1,65336.5,62096.5,102963,97869,-2.26266,-2.03107
8|1159|8|1159|sample|8|292|8|292|65.0,1.048,14589,5,8,132841.25,654.75,0,0,1,65336.5,62096.5,13280.9,12912.1,0.661136,0.87176
8|1159|8|1159|sample|8|292|8|292|65.0,5.24,848,6,8,132841.25,654.75,0,0,1,64892.3,60633.1,919.54,988.756,-0.522219,-0.955542
8|1159|8|1159|sample|8|292|8|292|65.0,26.2,548,7,8,132841.25,654.75,0,0,1,64308.3,58709.5,587.431,590.125,-0.450566,-0.479149
8|1159|8|1159|sample|8|292|8|292|65.0,131,584,8,8,132841.25,654.75,0,0,1,63540.7,56180.8,555.529,554.349,0.344004,0.359034
8|1159|8|1159|sample|7|292|7|292|65.0,0.0016767999999999,101433,1,7,132841.25,654.75,0,0,1,63540.7,56180.8,112077,111808,-0.637446,-0.62283
8|1159|8|1159|sample|7|292|7|292|65.0,0.0083839999999999,119429,2,7,132841.25,654.75,0,0,1,64308.3,58709.5,117083,116835,0.134498,0.149029
8|1159|8|1159|sample|7|292|7|292|65.0,0.04192,110627,3,7,132841.25,654.75,0,0,1,64892.3,60633.1,120832,120384,-0.566918,-0.544045
8|1159|8|1159|sample|7|292|7|292|65.0,0.2096,72057,4,7,132841.25,654.75,0,0,1,65336.5,62096.5,117708,109254,-2.60325,-2.28532
8|1159|8|1159|sample|7|292|7|292|65.0,1.048,16805,5,7,132841.25,654.75,0,0,1,65336.5,62096.5,17313.7,15363.1,-0.197204,0.630005
8|1159|8|1159|sample|7|292|7|292|65.0,5.24,794,6,7,132841.25,654.75,0,0,1,64892.3,60633.1,751.983,891.394,0.37505,-0.733388
8|1159|8|1159|sample|7|292|7|292|65.0,26.2,548,7,7,132841.25,654.75,0,0,1,64308.3,58709.5,581.382,584.091,-0.385408,-0.414753
8|1159|8|1159|sample|7|292|7|292|65.0,131,586,8,7,132841.25,654.75,0,0,1,63540.7,56180.8,555.377,554.123,0.370114,0.386139
8|1159|8|1159|sample|5|292|5|292|65.0,0.0004351999999999,97161,1,5,132841.25,654.75,0,0,1,63540.7,56180.8,112077,111807,-0.893298,-0.879287
8|1159|8|1159|sample|5|292|5|292|65.0,0.0021759999999999,125765,2,5,132841.25,654.75,0,0,1,64308.3,58709.5,117083,116833,0.497739,0.513162
8|1159|8|1159|sample|5|292|5|292|65.0,0.0108799999999999,136220,3,5,132841.25,654.75,0,0,1,64892.3,60633.1,120864,120511,0.852783,0.87498
8|1159|8|1159|sample|5|292|5|292|65.0,0.0543999999999999,114517,4,5,132841.25,654.75,0,0,1,65336.5,62096.5,122951,120124,-0.460426,-0.313288
8|1159|8|1159|sample|5|292|5|292|65.0,0.2719999999999999,61943,5,5,132841.25,654.75,0,0,1,65336.5,62096.5,96104.3,75709.8,-2.38596,-1.22054
8|1159|8|1159|sample|5|292|5|292|65.0,1.36,9970,6,5,132841.25,654.75,0,0,1,64892.3,60633.1,9452.01,8577.47,0.367847,1.08973
8|1159|8|1159|sample|5|292|5|292|65.0,6.8,728,7,5,132841.25,654.75,0,0,1,64308.3,58709.5,792.813,953.336,-0.548739,-1.58656
8|1159|8|1159|sample|5|292|5|292|65.0,34,602,8,5,132841.25,654.75,0,0,1,63540.7,56180.8,560.06,570.342,0.502647,0.372586
8|1159|8|1159|sample|6|292|6|292|65.0,0.0004351999999999,95565,1,6,132841.25,654.75,0,0,1,63540.7,56180.8,112076,111807,-0.988878,-0.975101
8|1159|8|1159|sample|6|292|6|292|65.0,0.0021759999999999,128566,2,6,132841.25,654.75,0,0,1,64308.3,58709.5,117081,116833,0.658462,0.6741
8|1159|8|1159|sample|6|292|6|292|65.0,0.0108799999999999,138726,3,6,132841.25,654.75,0,0,1,64892.3,60633.1,120807,120507,0.995616,1.0148
8|1159|8|1159|sample|6|292|6|292|65.0,0.0543999999999999,118728,4,6,132841.25,654.75,0,0,1,65336.5,62096.5,121673,120070,-0.162464,-0.0750433
8|1159|8|1159|sample|6|292|6|292|65.0,0.2719999999999999,63450,5,6,132841.25,654.75,0,0,1,65336.5,62096.5,84167.7,75471.8,-1.65222,-1.0692
8|1159|8|1159|sample|6|292|6|292|65.0,1.36,9870,6,6,132841.25,654.75,0,0,1,64892.3,60633.1,9197.53,8573.45,0.49077,1.0151
8|1159|8|1159|sample|6|292|6|292|65.0,6.8,754,7,6,132841.25,654.75,0,0,1,64308.3,58709.5,906.528,955.977,-1.12938,-1.41816
8|1159|8|1159|sample|6|292|6|292|65.0,34,622,8,6,132841.25,654.75,0,0,1,63540.7,56180.8,566.797,570.582,0.653748,0.604879
8|1159|8|1159|sample|11|292|11|292|28.0,0.0014272,100576,1,11,132841.25,654.75,0,0,1,63540.7,56179.9,112071,111792,-0.688475,-0.673437
8|1159|8|1159|sample|11|292|11|292|28.0,0.007136,102398,2,11,132841.25,654.75,0,0,1,64308.3,58708.5,116803,116253,-0.827826,-0.799977
8|1159|8|1159|sample|11|292|11|292|28.0,0.03568,72564,3,11,132841.25,654.75,0,0,1,64308.3,58708.5,104858,98899.4,-2.06726,-1.78739
8|1159|8|1159|sample|11|292|11|292|28.0,0.1784,17511,4,11,132841.25,654.75,0,0,1,64308.3,58708.5,17958.1,15950.4,-0.167126,0.656751
8|1159|8|1159|sample|11|292|11|292|28.0,0.892,1002,5,11,132841.25,654.75,0,0,1,64308.3,58708.5,996.611,1067.54,0.0362963,-0.412072
8|1159|8|1159|sample|11|292|11|292|28.0,4.46,496,6,11,132841.25,654.75,0,0,1,64308.3,58708.5,586.876,590.738,-1.03938,-1.07647
8|1159|8|1159|sample|11|292|11|292|28.0,22.3,576,7,11,132841.25,654.75,0,0,1,64308.3,58708.5,578.424,577.425,-0.0281249,-0.0165638
8|1159|8|1159|sample|11|292|11|292|28.0,111.5,544,8,11,132841.25,654.75,0,0,1,63540.7,56179.9,553.522,552.201,-0.115472,-0.0996849
8|1159|8|1159|sample|12|292|12|292|28.0,0.0014272,84673,1,12,132841.25,654.75,0,0,1,63540.7,56179.9,112069,111742,-1.64085,-1.62603
8|1159|8|1159|sample|12|292|12|292|28.0,0.007136,82237,2,12,132841.25,654.75,0,0,1,63540.7,56179.9,111667,110094,-1.76904,-1.69841
8|1159|8|1159|sample|12|292|12|292|28.0,0.03568,57156,3,12,132841.25,654.75,0,0,1,63540.7,56179.9,94220.2,79198.2,-2.64048,-1.86815
8|1159|8|1159|sample|12|292|12|292|28.0,0.1784,11396,4,12,132841.25,654.75,0,0,1,63540.7,56179.9,10823.5,9831.36,0.355073,1.06825
8|1159|8|1159|sample|12|292|12|292|28.0,0.892,752,5,12,132841.25,654.75,0,0,1,63540.7,56179.9,771.811,932.835,-0.172296,-1.30122
8|1159|8|1159|sample|12|292|12|292|28.0,4.46,502,6,12,132841.25,654.75,0,0,1,63540.7,56179.9,557.748,566.599,-0.670907,-0.765288
8|1159|8|1159|sample|12|292|12|292|28.0,22.3,554,7,12,132841.25,654.75,0,0,1,63540.7,56179.9,553.601,552.734,0.00484374,0.0153702
8|1159|8|1159|sample|12|292|12|292|28.0,111.5,626,8,12,132841.25,654.75,0,0,1,63540.7,56179.9,553.52,552.211,0.878932,0.896929
8|1159|8|1159|sample|9|292|9|292|28.0,0.0004479999999999,95841,1,9,132841.25,654.75,0,0,1,63540.7,56179.9,112075,111807,-0.972276,-0.95853
8|1159|8|1159|sample|9|292|9|292|28.0,0.00224,110983,2,9,132841.25,654.75,0,0,1,64308.3,58708.5,117043,116827,-0.347538,-0.335753
8|1159|8|1159|sample|9|292|9|292|28.0,0.0111999999999999,117579,3,9,132841.25,654.75,0,0,1,64892.3,60632.1,119825,120177,-0.125793,-0.145107
8|1159|8|1159|sample|9|292|9|292|28.0,0.0559999999999999,86107,4,9,132841.25,654.75,0,0,1,65336.5,62095.5,100926,107682,-0.985551,-1.34488
8|1159|8|1159|sample|9|292|9|292|28.0,0.2799999999999999,21584,5,9,132841.25,654.75,0,0,1,65336.5,62095.5,18615.1,19925.7,1.07054,0.55862
8|1159|8|1159|sample|9|292|9|292|28.0,1.4,1152,6,9,132841.25,654.75,0,0,1,64892.3,60632.1,1394.59,1211.86,-1.16761,-0.331573
8|1159|8|1159|sample|9|292|9|292|28.0,7,622,7,9,132841.25,654.75,0,0,1,64308.3,58708.5,608.556,593.628,0.148291,0.320811
8|1159|8|1159|sample|9|292|9|292|28.0,35,558,8,9,132841.25,654.75,0,0,1,63540.7,56179.9,554.65,552.63,0.0405401,0.0652274
8|1159|8|1159|sample|10|292|10|292|28.0,0.0004479999999999,85632,1,10,132841.25,654.75,0,0,1,63540.7,56179.9,112075,111806,-1.58369,-1.57135
8|1159|8|1159|sample|10|292|10|292|28.0,0.00224,112052,2,10,132841.25,654.75,0,0,1,64308.3,58708.5,117034,116790,-0.285754,-0.272304
8|1159|8|1159|sample|10|292|10|292|28.0,0.0111999999999999,106618,3,10,132841.25,654.75,0,0,1,64892.3,60632.1,119663,119444,-0.731749,-0.720799
8|1159|8|1159|sample|10|292|10|292|28.0,0.0559999999999999,72910,4,10,132841.25,654.75,0,0,1,64892.3,60632.1,96873.6,96939.8,-1.66042,-1.66387
8|1159|8|1159|sample|10|292|10|292|28.0,0.2799999999999999,19961,5,10,132841.25,654.75,0,0,1,64892.3,60632.1,17608.8,18020.8,0.896636,0.722665
8|1159|8|1159|sample|10|292|10|292|28.0,1.4,1398,6,10,132841.25,654.75,0,0,1,64892.3,60632.1,1405.48,1442.13,-0.0357188,-0.205392
8|1159|8|1159|sample|10|292|10|292|28.0,7,482,7,10,132841.25,654.75,0,0,1,64308.3,58708.5,610.622,611.532,-1.41389,-1.42178
8|1159|8|1159|sample|10|292|10|292|28.0,35,578,8,10,132841.25,654.75,0,0,1,63540.7,56179.9,554.792,553.571,0.280787,0.296216
8|1159|8|1159|sample|4|292|4|292|22.0,0.0010624,112128,1,4,132841.25,654.75,0,0,1,63540.7,56180.4,112076,111807,0.00308884,0.0192772
8|1159|8|1159|sample|4|292|4|292|22.0,0.005312,130767,2,4,132841.25,654.75,0,0,1,64308.3,58709,117080,116822,0.784714,0.801254
8|1159|8|1159|sample|4|292|4|292|22.0,0.02656,137610,3,4,132841.25,654.75,0,0,1,64892.3,60632.7,120745,120216,0.937531,0.971218
8|1159|8|1159|sample|4|292|4|292|22.0,0.1328,112132,4,4,132841.25,654.75,0,0,1,65336.5,62096.1,118909,113204,-0.38258,-0.0635429
8|1159|8|1159|sample|4|292|4|292|22.0,0.664,38749,5,4,132841.25,654.75,0,0,1,65336.5,62096.1,50476.1,38502.7,-1.55947,0.0429374
8|1159|8|1159|sample|4|292|4|292|22.0,3.32,2926,6,4,132841.25,654.75,0,0,1,64892.3,60632.7,2841.45,2752.71,0.199741,0.422565
8|1159|8|1159|sample|4|292|4|292|22.0,16.6,542,7,4,132841.25,654.75,0,0,1,64308.3,58709,641.127,665.286,-1.03782,-1.24388
8|1159|8|1159|sample|4|292|4|292|22.0,83,574,8,4,132841.25,654.75,0,0,1,63540.7,56180.4,556.193,556.636,0.214896,0.209389
8|1159|8|1159|sample|3|292|3|292|22.0,0.0010624,108512,1,3,132841.25,654.75,0,0,1,63540.7,56180.4,112076,111807,-0.213428,-0.197817
8|1159|8|1159|sample|3|292|3|292|22.0,0.005312,131884,2,3,132841.25,654.75,0,0,1,64308.3,58709,117060,116824,0.850012,0.865299
8|1159|8|1159|sample|3|292|3|292|22.0,0.02656,133282,3,3,132841.25,654.75,0,0,1,64892.3,60632.7,120306,120232,0.723959,0.728534
8|1159|8|1159|sample|3|292|3|292|22.0,0.1328,105629,4,3,132841.25,654.75,0,0,1,64892.3,60632.7,108345,110090,-0.168249,-0.271992
8|1159|8|1159|sample|3|292|3|292|22.0,0.664,36126,5,3,132841.25,654.75,0,0,1,64892.3,60632.7,32157.6,34310,0.828342,0.355285
8|1159|8|1159|sample|3|292|3|292|22.0,3.32,2310,6,3,132841.25,654.75,0,0,1,64892.3,60632.7,2343.36,2339.28,-0.0955598,-0.0840136
8|1159|8|1159|sample|3|292|3|292|22.0,16.6,688,7,3,132841.25,654.75,0,0,1,64308.3,58709,650.268,642.634,0.389487,0.473848
8|1159|8|1159|sample|3|292|3|292|22.0,83,592,8,3,132841.25,654.75,0,0,1,63540.7,56180.4,557.353,555.539,0.417265,0.440539
8|1159|8|1159|cc|1|1|292|1|292|69.0,0,640,1,1,132841.25,654.75,0,1,0,nan,nan,552.405,551.079,1.06438,1.08309
8|1159|8|1159|cc|2|1|292|1|292|69.0,0,616,2,1,132841.25,654.75,0,1,0,nan,nan,552.405,551.079,0.772755,0.790757
8|1159|8|1159|cc|3|1|292|1|292|69.0,0,690,3,1,132841.25,654.75,0,1,0,nan,nan,552.405,551.079,1.67194,1.6921
8|1159|8|1159|cc|4|1|292|1|292|69.0,0,614,4,1,132841.25,654.75,0,1,0,nan,nan,552.405,551.079,0.748452,0.766397
8|1159|8|1159|cc|5|1|292|1|292|69.0,0,622,5,1,132841.25,654.75,0,1,0,nan,nan,552.405,551.079,0.845661,0.863839
8|1159|8|1159|cc|6|1|292|1|292|69.0,0,654,6,1,132841.25,654.75,0,1,0,nan,nan,552.405,551.079,1.2345,1.25361
8|1159|8|1159|cc|7|1|292|1|292|69.0,0,732,7,1,132841.25,654.75,0,1,0,nan,nan,552.405,551.079,2.18228,2.20367
8|1159|8|1159|cc|8|1|292|1|292|69.0,0,670,8,1,132841.25,654.75,0,1,0,nan,nan,552.405,551.079,1.42891,1.44849
8|1159|8|1159|vc|1|2|292|2|292|69.0,0,114165,1,2,132841.25,654.75,1,0,0,nan,nan,112077,111808,0.12508,0.141525
8|1159|8|1159|vc|2|2|292|2|292|69.0,0,136148,2,2,132841.25,654.75,1,0,0,nan,nan,117083,116840,1.09296,1.10923
8|1159|8|1159|vc|3|2|292|2|292|69.0,0,149475,3,2,132841.25,654.75,1,0,0,nan,nan,117083,116840,1.85699,1.87485
8|1159|8|1159|vc|4|2|292|2|292|69.0,0,146290,4,2,132841.25,654.75,1,0,0,nan,nan,117083,116840,1.6744,1.69187
8|1159|8|1159|vc|5|2|292|2|292|69.0,0,136813,5,2,132841.25,654.75,1,0,0,nan,nan,117083,116840,1.13109,1.14743
8|1159|8|1159|vc|6|2|292|2|292|69.0,0,141806,6,2,132841.25,654.75,1,0,0,nan,nan,117083,116840,1.41733,1.43427
8|1159|8|1159|vc|7|2|292|2|292|69.0,0,125865,7,2,132841.25,654.75,1,0,0,nan,nan,117083,116840,0.503447,0.518479
8|1159|8|1159|vc|8|2|292|2|292|69.0,0,112168,8,2,132841.25,654.75,1,0,0,nan,nan,112077,111808,0.00547848,0.0216359
8|75|8|75|sample|6|65|6|65|55.0,0.0006144,8692,1,6,11543.75,523.5,0,0,1,5744.62,5844.55,10705.7,10658,-1.26254,-1.23815
8|75|8|75|sample|6|65|6|65|55.0,0.003072,13380,2,6,11543.75,523.5,0,0,1,5814.01,5915.19,10032.3,9896.05,2.23986,2.3631
8|75|8|75|sample|6|65|6|65|55.0,0.01536,8136,3,6,11543.75,523.5,0,0,1,5866.81,5968.93,7761.59,7557.11,0.323791,0.514182
8|75|8|75|sample|6|65|6|65|55.0,0.0768,3106,4,6,11543.75,523.5,0,0,1,5906.97,6009.81,4165.5,4076.75,-1.70729,-1.59832
8|75|8|75|sample|6|65|6|65|55.0,0.384,1780,5,6,11543.75,523.5,0,0,1,5906.97,6009.81,1807.1,1817.34,-0.100662,-0.137912
8|75|8|75|sample|6|65|6|65|55.0,1.92,1208,6,6,11543.75,523.5,0,0,1,5866.81,5968.93,992.895,1009.56,1.45419,1.31935
8|75|8|75|sample|6|65|6|65|55.0,9.6,856,7,6,11543.75,523.5,0,0,1,5814.01,5915.19,775.237,783.078,0.699277,0.625063
8|75|8|75|sample|6|65|6|65|55.0,48,602,8,6,11543.75,523.5,0,0,1,5744.62,5844.55,715.695,718.806,-1.06632,-1.09075
8|75|8|75|sample|5|65|5|65|55.0,0.0006144,9826,1,5,11543.75,523.5,0,0,1,5744.62,5844.55,10677.2,10676.4,-0.535119,-0.534649
8|75|8|75|sample|5|65|5|65|55.0,0.003072,10274,2,5,11543.75,523.5,0,0,1,5814.01,5915.19,9938.94,9916.57,0.226283,0.241934
8|75|8|75|sample|5|65|5|65|55.0,0.01536,8880,3,5,11543.75,523.5,0,0,1,5866.81,5968.93,7563.47,7506.9,1.16838,1.22777
8|75|8|75|sample|5|65|5|65|55.0,0.0768,3258,4,5,11543.75,523.5,0,0,1,5906.97,6009.81,3991.67,3938.4,-1.23373,-1.15963
8|75|8|75|sample|5|65|5|65|55.0,0.384,1754,5,5,11543.75,523.5,0,0,1,5906.97,6009.81,1743.04,1721.79,0.0422184,0.125584
8|75|8|75|sample|5|65|5|65|55.0,1.92,1028,6,5,11543.75,523.5,0,0,1,5866.81,5968.93,977.357,971.757,0.347806,0.388491
8|75|8|75|sample|5|65|5|65|55.0,9.6,926,7,5,11543.75,523.5,0,0,1,5814.01,5915.19,771.965,770.855,1.33936,1.35094
8|75|8|75|sample|5|65|5|65|55.0,48,608,8,5,11543.75,523.5,0,0,1,5744.62,5844.55,715.046,715.169,-1.00487,-1.00585
8|75|8|75|sample|3|65|3|65|55.0,0.000064,9174,1,3,11543.75,523.5,0,0,1,5744.62,5844.55,10981.3,10987.7,-1.10473,-1.10798
8|75|8|75|sample|3|65|3|65|55.0,0.00032,13782,2,3,11543.75,523.5,0,0,1,5814.01,5915.19,11112.8,11112.1,1.61227,1.61279
8|75|8|75|sample|3|65|3|65|55.0,0.0016,12730,3,3,11543.75,523.5,0,0,1,5866.81,5968.93,11165.3,11127,0.940635,0.96699
8|75|8|75|sample|3|65|3|65|55.0,0.008,12668,4,3,11543.75,523.5,0,0,1,5866.81,5968.93,10587.9,10326,1.31867,1.52236
8|75|8|75|sample|3|65|3|65|55.0,0.04,5898,5,3,11543.75,523.5,0,0,1,5866.81,5968.93,6607.68,6106.62,-0.720914,-0.229313
8|75|8|75|sample|3|65|3|65|55.0,0.2,1670,6,3,11543.75,523.5,0,0,1,5866.81,5968.93,1709.1,1701.61,-0.153545,-0.124688
8|75|8|75|sample|3|65|3|65|55.0,1,916,7,3,11543.75,523.5,0,0,1,5814.01,5915.19,796.881,813.888,1.00337,0.842142
8|75|8|75|sample|3|65|3|65|55.0,5,826,8,3,11543.75,523.5,0,0,1,5744.62,5844.55,707.212,710.756,1.12745,1.08835
8|75|8|75|sample|4|65|4|65|55.0,0.000064,9994,1,4,11543.75,523.5,0,0,1,5744.62,5844.55,10980,10986.2,-0.602779,-0.606199
8|75|8|75|sample|4|65|4|65|55.0,0.00032,12470,2,4,11543.75,523.5,0,0,1,5814.01,5915.19,11103.1,11102.3,0.826326,0.826899
8|75|8|75|sample|4|65|4|65|55.0,0.0016,13558,3,4,11543.75,523.5,0,0,1,5866.81,5968.93,11102.9,11074.7,1.48423,1.50509
8|75|8|75|sample|4|65|4|65|55.0,0.008,12398,4,4,11543.75,523.5,0,0,1,5906.97,6009.81,10390.4,10247.4,1.2969,1.40871
8|75|8|75|sample|4|65|4|65|55.0,0.04,5708,5,4,11543.75,523.5,0,0,1,5906.97,6009.81,6658.89,6423.68,-0.958522,-0.747835
8|75|8|75|sample|4|65|4|65|55.0,0.2,2180,6,4,11543.75,523.5,0,0,1,5866.81,5968.93,2115.58,2094.52,0.204396,0.273947
8|75|8|75|sample|4|65|4|65|55.0,1,968,7,4,11543.75,523.5,0,0,1,5814.01,5915.19,897.535,908.247,0.526983,0.4416
8|75|8|75|sample|4|65|4|65|55.0,5,668,8,4,11543.75,523.5,0,0,1,5744.62,5844.55,722.808,726.337,-0.508976,-0.53911
8|75|8|75|sample|9|65|9|65|32.0,0.0003648,9810,1,9,11543.75,523.5,0,0,1,5744.62,5787.28,10980.8,10985.1,-0.715703,-0.718039
8|75|8|75|sample|9|65|9|65|32.0,0.001824,14515,2,9,11543.75,523.5,0,0,1,5814.01,5857.22,11112.6,11106.1,2.05511,2.06027
8|75|8|75|sample|9|65|9|65|32.0,0.00912,14010,3,9,11543.75,523.5,0,0,1,5866.81,5910.44,11196,11155.9,1.68709,1.71726
8|75|8|75|sample|9|65|9|65|32.0,0.0456,15117,4,9,11543.75,523.5,0,0,1,5906.97,5950.92,11172.5,11015.5,2.36977,2.49925
8|75|8|75|sample|9|65|9|65|32.0,0.228,12188,5,9,11543.75,523.5,0,0,1,5906.97,5950.92,10673,10171.8,0.952758,1.33045
8|75|8|75|sample|9|65|9|65|32.0,1.14,6778,6,9,11543.75,523.5,0,0,1,5866.81,5910.44,8618.98,7637.42,-1.43372,-0.755321
8|75|8|75|sample|9|65|9|65|32.0,5.7,3686,7,9,11543.75,523.5,0,0,1,5814.01,5857.22,4498.83,3881.54,-1.21275,-0.33815
8|75|8|75|sample|9|65|9|65|32.0,28.5,1722,8,9,11543.75,523.5,0,0,1,5744.62,5787.28,1640.69,1575.11,0.332659,0.625981
8|75|8|75|sample|10|65|10|65|32.0,0.0003648,9492,1,10,11543.75,523.5,0,0,1,5744.62,5787.28,10981,10985.7,-0.910161,-0.912641
8|75|8|75|sample|10|65|10|65|32.0,0.001824,15953,2,10,11543.75,523.5,0,0,1,5814.01,5857.22,11113.1,11108.1,2.92328,2.92768
8|75|8|75|sample|10|65|10|65|32.0,0.00912,16247,3,10,11543.75,523.5,0,0,1,5866.81,5910.44,11197.1,11162.3,3.02727,3.0576
8|75|8|75|sample|10|65|10|65|32.0,0.0456,12740,4,10,11543.75,523.5,0,0,1,5866.81,5910.44,11093.5,10958.5,0.996227,1.09118
8|75|8|75|sample|10|65|10|65|32.0,0.228,11350,5,10,11543.75,523.5,0,0,1,5866.81,5910.44,10552.7,10135.3,0.507163,0.804431
8|75|8|75|sample|10|65|10|65|32.0,1.14,6674,6,10,11543.75,523.5,0,0,1,5866.81,5910.44,8335.51,7634.03,-1.33796,-0.844115
8|75|8|75|sample|10|65|10|65|32.0,5.7,4010,7,10,11543.75,523.5,0,0,1,5814.01,5857.22,4017.5,3800.85,-0.0125311,0.369358
8|75|8|75|sample|10|65|10|65|32.0,28.5,1556,8,10,11543.75,523.5,0,0,1,5744.62,5787.28,1415.41,1513.84,0.666696,0.186929
8|75|8|75|sample|7|65|7|65|32.0,0.0000768,10480,1,7,11543.75,523.5,0,0,1,5744.62,5787.28,10981.7,10988.5,-0.306629,-0.310635
8|75|8|75|sample|7|65|7|65|32.0,0.000384,13258,2,7,11543.75,523.5,0,0,1,5814.01,5857.22,11116.9,11120.8,1.29277,1.28996
8|75|8|75|sample|7|65|7|65|32.0,0.00192,16339,3,7,11543.75,523.5,0,0,1,5866.81,5910.44,11217.8,11218.4,3.06436,3.06383
8|75|8|75|sample|7|65|7|65|32.0,0.0096,16439,4,7,11543.75,523.5,0,0,1,5906.97,5950.92,11281.2,11272.4,3.06893,3.07654
8|75|8|75|sample|7|65|7|65|32.0,0.048,14116,5,7,11543.75,523.5,0,0,1,5906.97,5950.92,11174.7,11125.4,1.76675,1.80434
8|75|8|75|sample|7|65|7|65|32.0,0.24,12342,6,7,11543.75,523.5,0,0,1,5866.81,5910.44,10380.6,10185.2,1.26826,1.42135
8|75|8|75|sample|7|65|7|65|32.0,1.2,5688,7,7,11543.75,523.5,0,0,1,5814.01,5857.22,7046.24,6756.94,-1.29387,-1.06188
8|75|8|75|sample|7|65|7|65|32.0,6,2598,8,7,11543.75,523.5,0,0,1,5744.62,5787.28,2429.71,2432.35,0.464913,0.457139
8|75|8|75|sample|8|65|8|65|32.0,0.0000768,10458,1,8,11543.75,523.5,0,0,1,5744.62,5787.28,10981.7,10988.6,-0.320078,-0.324118
8|75|8|75|sample|8|65|8|65|32.0,0.000384,12990,2,8,11543.75,523.5,0,0,1,5814.01,5857.22,11116.9,11121.3,1.13095,1.12787
8|75|8|75|sample|8|65|8|65|32.0,0.00192,16171,3,8,11543.75,523.5,0,0,1,5866.81,5910.44,11217.8,11221.1,2.9638,2.96093
8|75|8|75|sample|8|65|8|65|32.0,0.0096,15275,4,8,11543.75,523.5,0,0,1,5906.97,5950.92,11281.2,11287.9,2.37634,2.37095
8|75|8|75|sample|8|65|8|65|32.0,0.048,14237,5,8,11543.75,523.5,0,0,1,5906.97,5950.92,11172.5,11202.2,1.84113,1.81843
8|75|8|75|sample|8|65|8|65|32.0,0.24,10710,6,8,11543.75,523.5,0,0,1,5866.81,5910.44,10351.7,10452.2,0.232343,0.165524
8|75|8|75|sample|8|65|8|65|32.0,1.2,6990,7,8,11543.75,523.5,0,0,1,5814.01,5857.22,6906.43,6909.67,0.0812247,0.0780327
8|75|8|75|sample|8|65|8|65|32.0,6,2192,8,8,11543.75,523.5,0,0,1,5744.62,5787.28,2319.44,2141.42,-0.368793,0.158556
8|75|8|75|sample|12|65|12|65|22.0,0.0003712,10454,1,12,11543.75,523.5,0,0,1,5744.62,5743.79,10935.5,10956.6,-0.295571,-0.307924
8|75|8|75|sample|12|65|12|65|22.0,0.001856,10998,2,12,11543.75,523.5,0,0,1,5744.62,5743.79,10670.7,10747.2,0.205905,0.156637
8|75|8|75|sample|12|65|12|65|22.0,0.00928,9204,3,12,11543.75,523.5,0,0,1,5744.62,5743.79,9152.45,9378.12,0.0378074,-0.124625
8|75|8|75|sample|12|65|12|65|22.0,0.0464,4926,4,12,11543.75,523.5,0,0,1,5744.62,5743.79,4757.81,4875.93,0.237279,0.0689322
8|75|8|75|sample|12|65|12|65|22.0,0.2319999999999999,1482,5,12,11543.75,523.5,0,0,1,5744.62,5743.79,1442.89,1391.46,0.181955,0.436747
8|75|8|75|sample|12|65|12|65|22.0,1.16,542,6,12,11543.75,523.5,0,0,1,5744.62,5743.79,646.625,624.132,-1.08606,-0.883303
8|75|8|75|sample|12|65|12|65|22.0,5.8,592,7,12,11543.75,523.5,0,0,1,5744.62,5743.79,520.302,515.377,0.924959,0.997952
8|75|8|75|sample|12|65|12|65|22.0,29,536,8,12,11543.75,523.5,0,0,1,5744.62,5743.79,501.773,501.084,0.45786,0.46772
8|75|8|75|sample|11|65|11|65|22.0,0.0003712,11442,1,11,11543.75,523.5,0,0,1,5744.62,5743.79,10969.2,10985.4,0.289348,0.279016
8|75|8|75|sample|11|65|11|65|22.0,0.001856,13046,2,11,11543.75,523.5,0,0,1,5814.01,5813.21,11015.9,11084.6,1.23703,1.1877
8|75|8|75|sample|11|65|11|65|22.0,0.00928,11394,3,11,11543.75,523.5,0,0,1,5814.01,5813.21,10353,10724.1,0.674933,0.41929
8|75|8|75|sample|11|65|11|65|22.0,0.0464,7362,4,11,11543.75,523.5,0,0,1,5814.01,5813.21,7037.72,7904.82,0.309286,-0.460933
8|75|8|75|sample|11|65|11|65|22.0,0.2319999999999999,2518,5,11,11543.75,523.5,0,0,1,5814.01,5813.21,2266.21,2316.72,0.745791,0.583166
8|75|8|75|sample|11|65|11|65|22.0,1.16,618,6,11,11543.75,523.5,0,0,1,5814.01,5813.21,760.907,696.845,-1.26065,-0.759466
8|75|8|75|sample|11|65|11|65|22.0,5.8,582,7,11,11543.75,523.5,0,0,1,5814.01,5813.21,537.302,522.427,0.558397,0.765419
8|75|8|75|sample|11|65|11|65|22.0,29,612,8,11,11543.75,523.5,0,0,1,5744.62,5743.79,502.635,500.492,1.46049,1.49549
8|75|8|75|cc|1|1|65|1|65|69.0,0,476,1,1,11543.75,523.5,0,1,0,nan,nan,498.012,498.326,-0.296676,-0.300719
8|75|8|75|cc|2|1|65|1|65|69.0,0,506,2,1,11543.75,523.5,0,1,0,nan,nan,498.012,498.326,0.107671,0.103373
8|75|8|75|cc|3|1|65|1|65|69.0,0,530,3,1,11543.75,523.5,0,1,0,nan,nan,498.012,498.326,0.431148,0.426647
8|75|8|75|cc|4|1|65|1|65|69.0,0,516,4,1,11543.75,523.5,0,1,0,nan,nan,498.012,498.326,0.242453,0.238071
8|75|8|75|cc|5|1|65|1|65|69.0,0,544,5,1,11543.75,523.5,0,1,0,nan,nan,498.012,498.326,0.619844,0.615224
8|75|8|75|cc|6|1|65|1|65|69.0,0,508,6,1,11543.75,523.5,0,1,0,nan,nan,498.012,498.326,0.134627,0.130313
8|75|8|75|cc|7|1|65|1|65|69.0,0,588,7,1,11543.75,523.5,0,1,0,nan,nan,498.012,498.326,1.21289,1.20789
8|75|8|75|cc|8|1|65|1|65|69.0,0,520,8,1,11543.75,523.5,0,1,0,nan,nan,498.012,498.326,0.296366,0.29195
8|75|8|75|vc|1|2|65|2|65|69.0,0,10294,1,2,11543.75,523.5,1,0,0,nan,nan,10981.7,10988.6,-0.420342,-0.424306
8|75|8|75|vc|2|2|65|2|65|69.0,0,11198,2,2,11543.75,523.5,1,0,0,nan,nan,11117.2,11121.4,0.0487712,0.0462079
8|75|8|75|vc|3|2|65|2|65|69.0,0,11944,3,2,11543.75,523.5,1,0,0,nan,nan,11117.2,11121.4,0.499188,0.496454
8|75|8|75|vc|4|2|65|2|65|69.0,0,13524,4,2,11543.75,523.5,1,0,0,nan,nan,11117.2,11121.4,1.45316,1.45006
8|75|8|75|vc|5|2|65|2|65|69.0,0,13024,5,2,11543.75,523.5,1,0,0,nan,nan,11117.2,11121.4,1.15127,1.14829
8|75|8|75|vc|6|2|65|2|65|69.0,0,11948,6,2,11543.75,523.5,1,0,0,nan,nan,11117.2,11121.4,0.501603,0.498869
8|75|8|75|vc|7|2|65|2|65|69.0,0,11746,7,2,11543.75,523.5,1,0,0,nan,nan,11117.2,11121.4,0.379641,0.376952
8|75|8|75|vc|8|2|65|2|65|69.0,0,8672,8,2,11543.75,523.5,1,0,0,nan,nan,10981.7,10988.6,-1.41175,-1.41509
8|1017|8|1017|sample|7|65|7|65|65.0,0.0016767999999999,10494,1,7,12137,553,0,0,1,6041.02,6048.24,11504.1,11478.9,-0.589373,-0.575929
8|1017|8|1017|sample|7|65|7|65|65.0,0.0083839999999999,10606,2,7,12137,553,0,0,1,6114,6121.3,10962.1,10670.2,-0.218027,-0.0403943
8|1017|8|1017|sample|7|65|7|65|65.0,0.04192,5238,3,7,12137,553,0,0,1,6169.52,6176.89,5520.22,5060.79,-0.34317,0.235046
8|1017|8|1017|sample|7|65|7|65|65.0,0.2096,1052,4,7,12137,553,0,0,1,6211.75,6219.17,1031.98,1047.85,0.130203,0.0265898
8|1017|8|1017|sample|7|65|7|65|65.0,1.048,592,5,7,12137,553,0,0,1,6211.75,6219.17,585.368,592.676,0.0760534,-0.00765688
8|1017|8|1017|sample|7|65|7|65|65.0,5.24,558,6,7,12137,553,0,0,1,6169.52,6176.89,555.769,556.713,0.0269402,0.0155144
8|1017|8|1017|sample|7|65|7|65|65.0,26.2,594,7,7,12137,553,0,0,1,6114,6121.3,549.276,549.558,0.546539,0.542817
8|1017|8|1017|sample|7|65|7|65|65.0,131,636,8,7,12137,553,0,0,1,6041.02,6048.24,542.507,542.855,1.15676,1.15172
8|1017|8|1017|sample|8|65|8|65|65.0,0.0016767999999999,10766,1,8,12137,553,0,0,1,6041.02,6048.24,11444.4,11419.1,-0.397881,-0.383902
8|1017|8|1017|sample|8|65|8|65|65.0,0.0083839999999999,11542,2,8,12137,553,0,0,1,6114,6121.3,10617.5,10430.2,0.584456,0.715494
8|1017|8|1017|sample|8|65|8|65|65.0,0.04192,5274,3,8,12137,553,0,0,1,6169.52,6176.89,5640.81,5399.41,-0.436491,-0.155905
8|1017|8|1017|sample|8|65|8|65|65.0,0.2096,1390,4,8,12137,553,0,0,1,6211.75,6219.17,1324.78,1330.98,0.330428,0.297627
8|1017|8|1017|sample|8|65|8|65|65.0,1.048,624,5,8,12137,553,0,0,1,6211.75,6219.17,629.963,637.881,-0.063541,-0.146071
8|1017|8|1017|sample|8|65|8|65|65.0,131,552,8,8,12137,553,0,0,1,6041.02,6048.24,542.551,542.915,0.116907,0.112318
8|1017|8|1017|sample|5|65|5|65|65.0,0.0004351999999999,10556,1,5,12137,553,0,0,1,6041.02,6048.24,11538,11542.8,-0.571287,-0.573838
8|1017|8|1017|sample|5|65|5|65|65.0,0.0021759999999999,10084,2,5,12137,553,0,0,1,6114,6121.3,11588.8,11572.7,-0.871597,-0.863473
8|1017|8|1017|sample|5|65|5|65|65.0,0.0108799999999999,10022,3,5,12137,553,0,0,1,6169.52,6176.89,10701.8,10582.9,-0.426404,-0.355777
8|1017|8|1017|sample|5|65|5|65|65.0,0.0543999999999999,5610,4,5,12137,553,0,0,1,6211.75,6219.17,5510.39,5384.07,0.121332,0.28167
8|1017|8|1017|sample|5|65|5|65|65.0,0.2719999999999999,1302,5,5,12137,553,0,0,1,6211.75,6219.17,1251.58,1268.56,0.27042,0.176947
8|1017|8|1017|sample|5|65|5|65|65.0,1.36,572,6,5,12137,553,0,0,1,6169.52,6176.89,615.495,621.818,-0.474337,-0.537769
8|1017|8|1017|sample|5|65|5|65|65.0,6.8,578,7,5,12137,553,0,0,1,6114,6121.3,554.31,555.457,0.28687,0.272421
8|1017|8|1017|sample|5|65|5|65|65.0,34,612,8,5,12137,553,0,0,1,6041.02,6048.24,542.927,543.384,0.853963,0.847601
8|1017|8|1017|sample|6|65|6|65|65.0,0.0004351999999999,9474,1,6,12137,553,0,0,1,6041.02,6048.24,11534.7,11547.6,-1.19915,-1.20531
8|1017|8|1017|sample|6|65|6|65|65.0,0.0021759999999999,13580,2,6,12137,553,0,0,1,6114,6121.3,11551.9,11607.4,1.17847,1.14073
8|1017|8|1017|sample|6|65|6|65|65.0,0.0108799999999999,10900,3,6,12137,553,0,0,1,6169.52,6176.89,10369.6,10693.5,0.343353,0.129634
8|1017|8|1017|sample|6|65|6|65|65.0,0.0543999999999999,5064,4,6,12137,553,0,0,1,6211.75,6219.17,4751.98,5028.16,0.44073,0.0478423
8|1017|8|1017|sample|6|65|6|65|65.0,0.2719999999999999,1104,5,6,12137,553,0,0,1,6211.75,6219.17,1100.84,1060.43,0.0192477,0.275816
8|1017|8|1017|sample|6|65|6|65|65.0,1.36,532,6,6,12137,553,0,0,1,6169.52,6176.89,602.506,591.41,-0.785486,-0.674289
8|1017|8|1017|sample|6|65|6|65|65.0,6.8,556,7,6,12137,553,0,0,1,6114,6121.3,553.3,552.021,0.0327562,0.0483854
8|1017|8|1017|sample|6|65|6|65|65.0,34,534,8,6,12137,553,0,0,1,6041.02,6048.24,542.85,543.029,-0.109429,-0.111603
8|1017|8|1017|sample|12|65|12|65|28.0,0.0014272,9766,1,12,12137,553,0,0,1,6041.02,6063.62,11517.8,11493.1,-1.02089,-1.00867
8|1017|8|1017|sample|12|65|12|65|28.0,0.007136,11476,2,12,12137,553,0,0,1,6041.02,6063.62,11188,10960.1,0.17278,0.315971
8|1017|8|1017|sample|12|65|12|65|28.0,0.03568,7314,3,12,12137,553,0,0,1,6041.02,6063.62,8213.29,7484.18,-0.734942,-0.152626
8|1017|8|1017|sample|12|65|12|65|28.0,0.1784,2258,4,12,12137,553,0,0,1,6041.02,6063.62,2226.37,2127.08,0.0953652,0.413149
8|1017|8|1017|sample|12|65|12|65|28.0,0.892,702,5,12,12137,553,0,0,1,6041.02,6063.62,721.814,746.439,-0.184256,-0.399618
8|1017|8|1017|sample|12|65|12|65|28.0,4.46,612,6,12,12137,553,0,0,1,6041.02,6063.62,584.883,590.617,0.311202,0.243018
8|1017|8|1017|sample|12|65|12|65|28.0,22.3,526,7,12,12137,553,0,0,1,6041.02,6063.62,574.143,575.256,-0.562837,-0.574734
8|1017|8|1017|sample|12|65|12|65|28.0,111.5,626,8,12,12137,553,0,0,1,6041.02,6063.62,573.311,573.763,0.616887,0.611114
8|1017|8|1017|sample|11|65|11|65|28.0,0.0014272,11078,1,11,12137,553,0,0,1,6041.02,6063.62,11544.7,11543.7,-0.271345,-0.270764
8|1017|8|1017|sample|11|65|11|65|28.0,0.007136,12576,2,11,12137,553,0,0,1,6114,6136.87,11640.5,11535.2,0.53946,0.605623
8|1017|8|1017|sample|11|65|11|65|28.0,0.03568,8090,3,11,12137,553,0,0,1,6114,6136.87,10446.5,9625.49,-1.51414,-1.07077
8|1017|8|1017|sample|11|65|11|65|28.0,0.1784,3278,4,11,12137,553,0,0,1,6114,6136.87,2979.42,2983.85,0.672667,0.661707
8|1017|8|1017|sample|11|65|11|65|28.0,0.892,676,5,11,12137,553,0,0,1,6114,6136.87,685.442,770.665,-0.0924587,-0.824509
8|1017|8|1017|sample|11|65|11|65|28.0,22.3,524,7,11,12137,553,0,0,1,6114,6136.87,580.439,581.301,-0.652673,-0.661659
8|1017|8|1017|sample|11|65|11|65|28.0,111.5,578,8,11,12137,553,0,0,1,6041.02,6063.62,573.245,573.65,0.0556754,0.0508995
8|1017|8|1017|sample|8|65|8|65|28.0,4.46,582,6,8,12137,553,0,0,1,6169.52,6192.59,11761,614.722,-6.38015,-0.357301
8|1017|8|1017|sample|10|65|10|65|28.0,0.0004479999999999,10692,1,10,12137,553,0,0,1,6041.02,6063.62,11545.6,11551.3,-0.496265,-0.499323
8|1017|8|1017|sample|10|65|10|65|28.0,0.00224,12886,2,10,12137,553,0,0,1,6114,6136.87,11675.8,11662.3,0.695727,0.704334
8|1017|8|1017|sample|10|65|10|65|28.0,0.0111999999999999,12124,3,10,12137,553,0,0,1,6169.52,6192.59,11577.4,11404.2,0.316901,0.423678
8|1017|8|1017|sample|10|65|10|65|28.0,0.0559999999999999,7640,4,10,12137,553,0,0,1,6169.52,6192.59,8945.05,8173.08,-0.979301,-0.437801
8|1017|8|1017|sample|10|65|10|65|28.0,0.2799999999999999,2316,5,10,12137,553,0,0,1,6169.52,6192.59,2227.23,2131.85,0.26754,0.579809
8|1017|8|1017|sample|10|65|10|65|28.0,1.4,630,6,10,12137,553,0,0,1,6169.52,6192.59,697.101,721.216,-0.646108,-0.848943
8|1017|8|1017|sample|10|65|10|65|28.0,7,578,7,10,12137,553,0,0,1,6114,6136.87,586.833,590.904,-0.101036,-0.146582
8|1017|8|1017|sample|10|65|10|65|28.0,35,576,8,10,12137,553,0,0,1,6041.02,6063.62,573.618,574.386,0.0278729,0.0188604
8|1017|8|1017|sample|9|65|9|65|28.0,0.0004479999999999,10986,1,9,12137,553,0,0,1,6041.02,6063.62,11545.9,11553,-0.325486,-0.329415
8|1017|8|1017|sample|9|65|9|65|28.0,0.00224,12902,2,9,12137,553,0,0,1,6114,6136.87,11679,11680.9,0.702899,0.701675
8|1017|8|1017|sample|9|65|9|65|28.0,0.0111999999999999,13070,3,9,12137,553,0,0,1,6169.52,6192.59,11604.3,11574.1,0.847842,0.867509
8|1017|8|1017|sample|9|65|9|65|28.0,0.0559999999999999,8680,4,9,12137,553,0,0,1,6211.75,6234.99,8970.66,8771.36,-0.217486,-0.0699104
8|1017|8|1017|sample|9|65|9|65|28.0,0.2799999999999999,2074,5,9,12137,553,0,0,1,6211.75,6234.99,2020.8,1993.44,0.176722,0.271275
8|1017|8|1017|sample|9|65|9|65|28.0,1.4,634,6,9,12137,553,0,0,1,6169.52,6192.59,667.062,671.031,-0.33269,-0.370424
8|1017|8|1017|sample|9|65|9|65|28.0,7,576,7,9,12137,553,0,0,1,6114,6136.87,584.402,585.121,-0.0964995,-0.10463
8|1017|8|1017|sample|9|65|9|65|28.0,35,628,8,9,12137,553,0,0,1,6041.02,6063.62,573.444,573.847,0.638587,0.633434
8|1017|8|1017|sample|4|65|4|65|22.0,0.0010624,9714,1,4,12137,553,0,0,1,6041.02,6040.34,11545.7,11546.7,-1.06491,-1.06541
8|1017|8|1017|sample|4|65|4|65|22.0,0.005312,11992,2,4,12137,553,0,0,1,6114,6113.31,11665.8,11575,0.187694,0.241839
8|1017|8|1017|sample|4|65|4|65|22.0,0.02656,9882,3,4,12137,553,0,0,1,6169.52,6168.82,11018.3,10052.8,-0.692255,-0.114072
8|1017|8|1017|sample|4|65|4|65|22.0,0.1328,3414,4,4,12137,553,0,0,1,6211.75,6211.05,3628.32,3276.27,-0.396485,0.282187
8|1017|8|1017|sample|4|65|4|65|22.0,0.664,734,5,4,12137,553,0,0,1,6211.75,6211.05,658.518,748.317,0.769388,-0.128419
8|1017|8|1017|sample|4|65|4|65|22.0,3.32,542,6,4,12137,553,0,0,1,6169.52,6168.82,541.388,550.418,0.00758672,-0.102662
8|1017|8|1017|sample|4|65|4|65|22.0,16.6,564,7,4,12137,553,0,0,1,6114,6113.31,533.296,534.113,0.386454,0.375601
8|1017|8|1017|sample|4|65|4|65|22.0,83,516,8,4,12137,553,0,0,1,6041.02,6040.34,526.712,527.082,-0.136516,-0.141132
8|1017|8|1017|sample|3|65|3|65|22.0,0.0010624,10506,1,3,12137,553,0,0,1,6041.02,6040.34,11466.7,11497.2,-0.562384,-0.578679
8|1017|8|1017|sample|3|65|3|65|22.0,0.005312,11892,2,3,12137,553,0,0,1,6114,6113.31,11030.1,11170.1,0.524493,0.433794
8|1017|8|1017|sample|3|65|3|65|22.0,0.02656,7480,3,3,12137,553,0,0,1,6169.52,6168.82,7844.57,8198.57,-0.311951,-0.58831
8|1017|8|1017|sample|3|65|3|65|22.0,0.1328,2832,4,3,12137,553,0,0,1,6169.52,6168.82,2526.17,2588.34,0.81262,0.631895
8|1017|8|1017|sample|3|65|3|65|22.0,0.664,740,5,3,12137,553,0,0,1,6169.52,6168.82,811.402,794.502,-0.590674,-0.460456
8|1017|8|1017|sample|3|65|3|65|22.0,3.32,556,6,3,12137,553,0,0,1,6169.52,6168.82,570.53,565.619,-0.170949,-0.114146
8|1017|8|1017|sample|3|65|3|65|22.0,83,548,8,3,12137,553,0,0,1,6041.02,6040.34,527.138,527.336,0.26565,0.26303
8|1017|8|1017|sample|3|65|3|65|65.0,26.2,600,7,3,12137,553,0,0,1,6114,6121.3,9269.1,601.887,-6.27782,-0.0210421
8|1017|8|1017|sample|11|65|11|65|65.0,5.24,582,6,11,12137,553,0,0,1,6114,6121.3,11636.1,594.623,-6.37659,-0.142491
8|1017|8|1017|sample|8|65|8|65|22.0,16.6,600,7,8,12137,553,0,0,1,6114,6113.31,7435.89,599.929,-6.1707,0.000798299
8|1017|8|1017|cc|1|1|65|1|65|69.0,0,614,1,1,12137,553,0,1,0,nan,nan,526.088,526.42,1.12166,1.11672
8|1017|8|1017|cc|2|1|65|1|65|69.0,0,574,2,1,12137,553,0,1,0,nan,nan,526.088,526.42,0.6113,0.606688
8|1017|8|1017|cc|3|1|65|1|65|69.0,0,530,3,1,12137,553,0,1,0,nan,nan,526.088,526.42,0.0499076,0.0456495
8|1017|8|1017|cc|4|1|65|1|65|69.0,0,626,4,1,12137,553,0,1,0,nan,nan,526.088,526.42,1.27476,1.26973
8|1017|8|1017|cc|5|1|65|1|65|69.0,0,490,5,1,12137,553,0,1,0,nan,nan,526.088,526.42,-0.460449,-0.464386
8|1017|8|1017|cc|6|1|65|1|65|69.0,0,480,6,1,12137,553,0,1,0,nan,nan,526.088,526.42,-0.588038,-0.591895
8|1017|8|1017|cc|7|1|65|1|65|69.0,0,564,7,1,12137,553,0,1,0,nan,nan,526.088,526.42,0.483711,0.479179
8|1017|8|1017|cc|8|1|65|1|65|69.0,0,546,8,1,12137,553,0,1,0,nan,nan,526.088,526.42,0.25405,0.249664
8|1017|8|1017|vc|1|2|65|2|65|69.0,0,12754,1,2,12137,553,1,0,0,nan,nan,11546.4,11553.6,0.702047,0.697378
8|1017|8|1017|vc|2|2|65|2|65|69.0,0,10974,2,2,12137,553,1,0,0,nan,nan,11688.8,11693.2,-0.410461,-0.412849
8|1017|8|1017|vc|3|2|65|2|65|69.0,0,11326,3,2,12137,553,1,0,0,nan,nan,11688.8,11693.2,-0.208324,-0.210788
8|1017|8|1017|vc|4|2|65|2|65|69.0,0,14058,4,2,12137,553,1,0,0,nan,nan,11688.8,11693.2,1.36054,1.35748
8|1017|8|1017|vc|5|2|65|2|65|69.0,0,13090,5,2,12137,553,1,0,0,nan,nan,11688.8,11693.2,0.804659,0.801811
8|1017|8|1017|vc|6|2|65|2|65|69.0,0,11930,6,2,12137,553,1,0,0,nan,nan,11688.8,11693.2,0.138525,0.13593
8|1017|8|1017|vc|7|2|65|2|65|69.0,0,12278,7,2,12137,553,1,0,0,nan,nan,11688.8,11693.2,0.338365,0.335694
8|1017|8|1017|vc|8|2|65|2|65|69.0,0,10686,8,2,12137,553,1,0,0,nan,nan,11546.4,11553.6,-0.500156,-0.504068
8|291|8|291|sample|6|103|6|103|55.0,0.0006144,76513,1,6,98225.875,607,0,0,1,47042.2,47046.4,93444.4,93501.6,-1.21622,-1.21958
8|291|8|291|sample|6|103|6|103|55.0,0.003072,102272,2,6,98225.875,607,0,0,1,47610.5,47614.8,94577.9,94595.9,0.546057,0.544682
8|291|8|291|sample|6|103|6|103|55.0,0.01536,99267,3,6,98225.875,607,0,0,1,48042.8,48047.1,95172.7,95004.2,0.288763,0.301181
8|291|8|291|sample|6|103|6|103|55.0,0.0768,85522,4,6,98225.875,607,0,0,1,48371.7,48376,91894.2,90240.4,-0.465453,-0.350968
8|291|8|291|sample|6|103|6|103|55.0,0.384,49954,5,6,98225.875,607,0,0,1,48371.7,48376,57464.8,52593,-0.877313,-0.33681
8|291|8|291|sample|6|103|6|103|55.0,1.92,9548,6,6,98225.875,607,0,0,1,48042.8,48047.1,9262.05,8745.55,0.207232,0.615891
8|291|8|291|sample|6|103|6|103|55.0,9.6,1270,7,6,98225.875,607,0,0,1,47610.5,47614.8,1236.06,1284.76,0.184314,-0.0771164
8|291|8|291|sample|6|103|6|103|55.0,48,528,8,6,98225.875,607,0,0,1,47042.2,47046.4,631.409,642.187,-1.09931,-1.19351
8|291|8|291|sample|5|103|5|103|55.0,0.0006144,76851,1,5,98225.875,607,0,0,1,47042.2,47046.4,93441.9,93502.6,-1.19179,-1.19537
8|291|8|291|sample|5|103|5|103|55.0,0.003072,101000,2,5,98225.875,607,0,0,1,47610.5,47614.8,94550.9,94605.5,0.457831,0.453693
8|291|8|291|sample|5|103|5|103|55.0,0.01536,101897,3,5,98225.875,607,0,0,1,48042.8,48047.1,94897.6,95096,0.495084,0.480047
8|291|8|291|sample|5|103|5|103|55.0,0.0768,93625,4,5,98225.875,607,0,0,1,48371.7,48376,89573.8,90909.9,0.303582,0.200471
8|291|8|291|sample|5|103|5|103|55.0,0.384,53214,5,5,98225.875,607,0,0,1,48371.7,48376,51104.7,53696.5,0.277047,-0.0603132
8|291|8|291|sample|5|103|5|103|55.0,1.92,8940,6,5,98225.875,607,0,0,1,48042.8,48047.1,8654.62,8493.04,0.221331,0.353243
8|291|8|291|sample|5|103|5|103|55.0,9.6,1202,7,5,98225.875,607,0,0,1,47610.5,47614.8,1311.02,1210.07,-0.558196,-0.0447809
8|291|8|291|sample|5|103|5|103|55.0,48,628,8,5,98225.875,607,0,0,1,47042.2,47046.4,646.783,632.566,-0.19493,-0.048451
8|291|8|291|sample|4|103|4|103|55.0,0.000064,78742,1,4,98225.875,607,0,0,1,47042.2,47046.4,93445.7,93504.6,-1.05619,-1.05975
8|291|8|291|sample|4|103|4|103|55.0,0.00032,104674,2,4,98225.875,607,0,0,1,47610.5,47614.8,94598.2,94633.9,0.714938,0.712135
8|291|8|291|sample|4|103|4|103|55.0,0.0016,109031,3,4,98225.875,607,0,0,1,48042.8,48047.1,95470.8,95489.4,0.953387,0.951894
8|291|8|291|sample|4|103|4|103|55.0,0.008,112435,4,4,98225.875,607,0,0,1,48371.7,48376,96094.3,96079.8,1.14142,1.14261
8|291|8|291|sample|4|103|4|103|55.0,0.04,96222,5,4,98225.875,607,0,0,1,48371.7,48376,95345.6,95065.8,0.0616956,0.0816385
8|291|8|291|sample|4|103|4|103|55.0,0.2,69267,6,4,98225.875,607,0,0,1,48042.8,48047.1,82611.1,80643.9,-1.08423,-0.946946
8|291|8|291|sample|4|103|4|103|55.0,1,26117,7,4,98225.875,607,0,0,1,47610.5,47614.8,24420.8,24068.6,0.466215,0.57126
8|291|8|291|sample|4|103|4|103|55.0,5,2412,8,4,98225.875,607,0,0,1,47042.2,47046.4,2236.68,2457.28,0.526151,-0.123691
8|291|8|291|sample|3|103|3|103|55.0,0.000064,84948,1,3,98225.875,607,0,0,1,47042.2,47046.4,93445.7,93504.6,-0.610402,-0.614245
8|291|8|291|sample|3|103|3|103|55.0,0.00032,102466,2,3,98225.875,607,0,0,1,47610.5,47614.8,94598.2,94634,0.55827,0.555515
8|291|8|291|sample|3|103|3|103|55.0,0.0016,104314,3,3,98225.875,607,0,0,1,48042.8,48047.1,95470.3,95490.8,0.621781,0.620209
8|291|8|291|sample|3|103|3|103|55.0,0.008,106252,4,3,98225.875,607,0,0,1,48042.8,48047.1,95425.4,95444.5,0.761555,0.76006
8|291|8|291|sample|3|103|3|103|55.0,0.04,101815,5,3,98225.875,607,0,0,1,48042.8,48047.1,94640,94617,0.508882,0.510638
8|291|8|291|sample|3|103|3|103|55.0,0.2,73444,6,3,98225.875,607,0,0,1,48042.8,48047.1,82656.3,81835.1,-0.748106,-0.688258
8|291|8|291|sample|3|103|3|103|55.0,1,25577,7,3,98225.875,607,0,0,1,47610.5,47614.8,25633.7,23916.1,-0.0148357,0.466135
8|291|8|291|sample|3|103|3|103|55.0,5,2234,8,3,98225.875,607,0,0,1,47042.2,47046.4,2461.15,2256.68,-0.6195,-0.067458
8|291|8|291|sample|9|103|9|103|32.0,0.0003648,67254,1,9,98225.875,607,0,0,1,47042.2,47041.7,93432.6,93488.1,-1.8807,-1.88357
8|291|8|291|sample|9|103|9|103|32.0,0.001824,84908,2,9,98225.875,607,0,0,1,47610.5,47609.9,94261.8,94234,-0.666076,-0.664295
8|291|8|291|sample|9|103|9|103|32.0,0.00912,66966,3,9,98225.875,607,0,0,1,48042.8,48042.2,87547.4,86640.6,-1.57799,-1.52425
8|291|8|291|sample|9|103|9|103|32.0,0.0456,29642,4,9,98225.875,607,0,0,1,48371.7,48371.1,29440,28076.1,0.0460479,0.374372
8|291|8|291|sample|9|103|9|103|32.0,0.228,2230,5,9,98225.875,607,0,0,1,48371.7,48371.1,2196.43,2170.83,0.102597,0.182968
8|291|8|291|sample|9|103|9|103|32.0,1.14,562,6,9,98225.875,607,0,0,1,48042.8,48042.2,654.581,657.04,-0.949363,-0.970931
8|291|8|291|sample|9|103|9|103|32.0,5.7,484,7,9,98225.875,607,0,0,1,47610.5,47609.9,587.942,588.394,-1.18667,-1.19091
8|291|8|291|sample|9|103|9|103|32.0,28.5,548,8,9,98225.875,607,0,0,1,47042.2,47041.7,578.415,578.795,-0.352962,-0.357127
8|291|8|291|sample|10|103|10|103|32.0,0.0003648,76142,1,10,98225.875,607,0,0,1,47042.2,47041.7,93440.6,93467.4,-1.24264,-1.24421
8|291|8|291|sample|10|103|10|103|32.0,0.001824,78961,2,10,98225.875,607,0,0,1,47610.5,47609.9,94429.7,93908.5,-1.09956,-1.06841
8|291|8|291|sample|10|103|10|103|32.0,0.00912,61146,3,10,98225.875,607,0,0,1,48042.8,48042.2,90286.5,83062.5,-2.16644,-1.77108
8|291|8|291|sample|10|103|10|103|32.0,0.0456,26839,4,10,98225.875,607,0,0,1,48042.8,48042.2,33761.1,24789.4,-1.37624,0.554976
8|291|8|291|sample|10|103|10|103|32.0,0.228,2248,5,10,98225.875,607,0,0,1,48042.8,48042.2,2149.88,2237.49,0.30634,0.0315211
8|291|8|291|sample|10|103|10|103|32.0,1.14,632,6,10,98225.875,607,0,0,1,48042.8,48042.2,640.103,677.351,-0.0849722,-0.449416
8|291|8|291|sample|10|103|10|103|32.0,5.7,498,7,10,98225.875,607,0,0,1,47610.5,47609.9,586.969,590.092,-1.01741,-1.04755
8|291|8|291|sample|10|103|10|103|32.0,28.5,558,8,10,98225.875,607,0,0,1,47042.2,47041.7,578.365,578.908,-0.236351,-0.242426
8|291|8|291|sample|8|103|8|103|32.0,0.0000768,72099,1,8,98225.875,607,0,0,1,47042.2,47041.7,93445.6,93503.3,-1.53335,-1.53655
8|291|8|291|sample|8|103|8|103|32.0,0.000384,93669,2,8,98225.875,607,0,0,1,47610.5,47609.9,94592.6,94607.5,-0.0655402,-0.0665876
8|291|8|291|sample|8|103|8|103|32.0,0.00192,96224,3,8,98225.875,607,0,0,1,48042.8,48042.2,95301.7,94951.4,0.0649613,0.0899625
8|291|8|291|sample|8|103|8|103|32.0,0.0096,78234,4,8,98225.875,607,0,0,1,48371.7,48371.1,91256.6,86185.3,-0.957871,-0.619269
8|291|8|291|sample|8|103|8|103|32.0,0.048,29776,5,8,98225.875,607,0,0,1,48371.7,48371.1,37318.4,29050.2,-1.35663,0.167713
8|291|8|291|sample|8|103|8|103|32.0,0.24,2672,6,8,98225.875,607,0,0,1,48042.8,48042.2,2540.87,2536.85,0.346409,0.357598
8|291|8|291|sample|8|103|8|103|32.0,1.2,586,7,8,98225.875,607,0,0,1,47610.5,47609.9,651.702,682.749,-0.676713,-0.951167
8|291|8|291|sample|8|103|8|103|32.0,6,506,8,8,98225.875,607,0,0,1,47042.2,47041.7,580.519,583.422,-0.861639,-0.890746
8|291|8|291|sample|7|103|7|103|32.0,0.0000768,74219,1,7,98225.875,607,0,0,1,47042.2,47041.7,93444.4,93502.3,-1.38101,-1.3843
8|291|8|291|sample|7|103|7|103|32.0,0.000384,94028,2,7,98225.875,607,0,0,1,47610.5,47609.9,94570.3,94589.6,-0.0384914,-0.0398495
8|291|8|291|sample|7|103|7|103|32.0,0.00192,88873,3,7,98225.875,607,0,0,1,48042.8,48042.2,94872.4,94652.9,-0.424466,-0.40988
8|291|8|291|sample|7|103|7|103|32.0,0.0096,71607,4,7,98225.875,607,0,0,1,48371.7,48371.1,84693.3,82387.6,-1.03715,-0.878324
8|291|8|291|sample|7|103|7|103|32.0,0.048,25271,5,7,98225.875,607,0,0,1,48371.7,48371.1,25050.8,23528.2,0.0590088,0.497191
8|291|8|291|sample|7|103|7|103|32.0,0.24,2124,6,7,98225.875,607,0,0,1,48042.8,48042.2,2094.74,2156.92,0.093771,-0.102449
8|291|8|291|sample|7|103|7|103|32.0,1.2,676,7,7,98225.875,607,0,0,1,47610.5,47609.9,656.278,669.425,0.201718,0.0659294
8|291|8|291|sample|7|103|7|103|32.0,6,642,8,7,98225.875,607,0,0,1,47042.2,47041.7,581.596,583.083,0.697134,0.67824
8|291|8|291|sample|11|103|11|103|22.0,0.0003712,73274,1,11,98225.875,607,0,0,1,47042.2,47042.2,93338.7,93387.4,-1.44293,-1.44567
8|291|8|291|sample|11|103|11|103|22.0,0.001856,69690,2,11,98225.875,607,0,0,1,47610.5,47610.5,92899,92813.5,-1.67694,-1.6723
8|291|8|291|sample|11|103|11|103|22.0,0.00928,51029,3,11,98225.875,607,0,0,1,47610.5,47610.5,73252.1,72451.4,-2.03637,-1.98469
8|291|8|291|sample|11|103|11|103|22.0,0.0464,18731,4,11,98225.875,607,0,0,1,47610.5,47610.5,17115.2,16728.6,0.633687,0.803444
8|291|8|291|sample|11|103|11|103|22.0,0.2319999999999999,1836,5,11,98225.875,607,0,0,1,47610.5,47610.5,1826.73,1816.81,0.0340606,0.0709122
8|291|8|291|sample|11|103|11|103|22.0,1.16,454,6,11,98225.875,607,0,0,1,47610.5,47610.5,665.288,666.465,-2.13175,-2.13985
8|291|8|291|sample|11|103|11|103|22.0,5.8,548,7,11,98225.875,607,0,0,1,47610.5,47610.5,591.537,591.922,-0.494027,-0.498074
8|291|8|291|sample|11|103|11|103|22.0,29,510,8,11,98225.875,607,0,0,1,47042.2,47042.2,579.761,580.143,-0.807672,-0.811558
8|291|8|291|sample|12|103|12|103|22.0,0.0003712,69558,1,12,98225.875,607,0,0,1,47042.2,47042.2,93413.5,93416.4,-1.71416,-1.71431
8|291|8|291|sample|12|103|12|103|22.0,0.001856,72538,2,12,98225.875,607,0,0,1,47042.2,47042.2,92809.2,92179.4,-1.46609,-1.43025
8|291|8|291|sample|12|103|12|103|22.0,0.00928,50948,3,12,98225.875,607,0,0,1,47042.2,47042.2,82257,76732.8,-2.55487,-2.25556
8|291|8|291|sample|12|103|12|103|22.0,0.0464,23756,4,12,98225.875,607,0,0,1,47042.2,47042.2,25549.4,21928.9,-0.471164,0.559273
8|291|8|291|sample|12|103|12|103|22.0,0.2319999999999999,2516,5,12,98225.875,607,0,0,1,47042.2,47042.2,2268.75,2365.59,0.731508,0.426797
8|291|8|291|sample|12|103|12|103|22.0,1.16,468,6,12,98225.875,607,0,0,1,47042.2,47042.2,666.056,699.274,-1.99595,-2.22
8|291|8|291|sample|12|103|12|103|22.0,5.8,510,7,12,98225.875,607,0,0,1,47042.2,47042.2,583.822,587.677,-0.848746,-0.887209
8|291|8|291|sample|12|103|12|103|22.0,29,486,8,12,98225.875,607,0,0,1,47042.2,47042.2,579.675,580.337,-1.08471,-1.09112
8|291|8|291|cc|1|1|103|1|103|69.0,0,528,1,1,98225.875,607,0,1,0,nan,nan,577.461,577.824,-0.574922,-0.578787
8|291|8|291|cc|2|1|103|1|103|69.0,0,646,2,1,98225.875,607,0,1,0,nan,nan,577.461,577.824,0.796693,0.791965
8|291|8|291|cc|3|1|103|1|103|69.0,0,582,3,1,98225.875,607,0,1,0,nan,nan,577.461,577.824,0.0527663,0.0485063
8|291|8|291|cc|4|1|103|1|103|69.0,0,620,4,1,98225.875,607,0,1,0,nan,nan,577.461,577.824,0.494473,0.489935
8|291|8|291|cc|5|1|103|1|103|69.0,0,622,5,1,98225.875,607,0,1,0,nan,nan,577.461,577.824,0.517721,0.513168
8|291|8|291|cc|6|1|103|1|103|69.0,0,604,6,1,98225.875,607,0,1,0,nan,nan,577.461,577.824,0.308491,0.30407
8|291|8|291|cc|7|1|103|1|103|69.0,0,640,7,1,98225.875,607,0,1,0,nan,nan,577.461,577.824,0.72695,0.722265
8|291|8|291|cc|8|1|103|1|103|69.0,0,614,8,1,98225.875,607,0,1,0,nan,nan,577.461,577.824,0.42473,0.420235
8|291|8|291|vc|1|2|103|2|103|69.0,0,87702,1,2,98225.875,607,1,0,0,nan,nan,93445.7,93504.6,-0.41258,-0.416547
8|291|8|291|vc|2|2|103|2|103|69.0,0,107225,2,2,98225.875,607,1,0,0,nan,nan,94598.3,94634.2,0.895937,0.893055
8|291|8|291|vc|3|2|103|2|103|69.0,0,103247,3,2,98225.875,607,1,0,0,nan,nan,94598.3,94634.2,0.613675,0.610899
8|291|8|291|vc|4|2|103|2|103|69.0,0,105493,4,2,98225.875,607,1,0,0,nan,nan,94598.3,94634.2,0.773042,0.770206
8|291|8|291|vc|5|2|103|2|103|69.0,0,108146,5,2,98225.875,607,1,0,0,nan,nan,94598.3,94634.2,0.961288,0.958381
8|291|8|291|vc|6|2|103|2|103|69.0,0,97541,6,2,98225.875,607,1,0,0,nan,nan,94598.3,94634.2,0.2088,0.206177
8|291|8|291|vc|7|2|103|2|103|69.0,0,95893,7,2,98225.875,607,1,0,0,nan,nan,94598.3,94634.2,0.0918643,0.0892863
8|291|8|291|vc|8|2|103|2|103|69.0,0,80560,8,2,98225.875,607,1,0,0,nan,nan,93445.7,93504.6,-0.925598,-0.929242
8|1197|8|1197|sample|7|103|7|103|65.0,0.0016767999999999,74837,1,7,100839.375,636.5,0,0,1,48300.2,45721.6,90486.1,90566.4,-1.16086,-1.16578
8|1197|8|1197|sample|7|103|7|103|65.0,0.0083839999999999,71977,2,7,100839.375,636.5,0,0,1,48883.7,42887.9,81215.2,81027.5,-0.763522,-0.749742
8|1197|8|1197|sample|7|103|7|103|65.0,0.04192,42847,3,7,100839.375,636.5,0,0,1,49327.6,38453.7,43652.8,42375.4,-0.1239,0.0747057
8|1197|8|1197|sample|7|103|7|103|65.0,0.2096,5272,4,7,100839.375,636.5,0,0,1,49665.3,31514.7,5275.48,4962,-0.00442298,0.41935
8|1197|8|1197|sample|7|103|7|103|65.0,1.048,660,5,7,100839.375,636.5,0,0,1,49665.3,31514.7,735.351,711.023,-0.687804,-0.481679
8|1197|8|1197|sample|7|103|7|103|65.0,5.24,592,6,7,100839.375,636.5,0,0,1,49327.6,38453.7,509.16,507.45,1.09209,1.11839
8|1197|8|1197|sample|7|103|7|103|65.0,26.2,544,7,7,100839.375,636.5,0,0,1,48883.7,42887.9,539.595,539.985,0.0547903,0.0499057
8|1197|8|1197|sample|7|103|7|103|65.0,131,580,8,7,100839.375,636.5,0,0,1,48300.2,45721.6,573.253,573.879,0.0790046,0.0715908
8|1197|8|1197|sample|8|103|8|103|65.0,0.0016767999999999,74846,1,8,100839.375,636.5,0,0,1,48300.2,45721.6,90024.5,90511.9,-1.13173,-1.16178
8|1197|8|1197|sample|8|103|8|103|65.0,0.0083839999999999,76735,2,8,100839.375,636.5,0,0,1,48883.7,42887.9,77973.4,80593.7,-0.106609,-0.321373
8|1197|8|1197|sample|8|103|8|103|65.0,0.04192,41404,3,8,100839.375,636.5,0,0,1,49327.6,38453.7,37812.4,41603.9,0.637565,-0.0322482
8|1197|8|1197|sample|8|103|8|103|65.0,0.2096,5378,4,8,100839.375,636.5,0,0,1,49665.3,31514.7,5377.55,5053.76,0.000556544,0.430645
8|1197|8|1197|sample|8|103|8|103|65.0,1.048,706,5,8,100839.375,636.5,0,0,1,49665.3,31514.7,878.327,738.511,-1.31695,-0.295494
8|1197|8|1197|sample|8|103|8|103|65.0,5.24,542,6,8,100839.375,636.5,0,0,1,49327.6,38453.7,535.445,511.375,0.0821775,0.401986
8|1197|8|1197|sample|8|103|8|103|65.0,26.2,550,7,8,100839.375,636.5,0,0,1,48883.7,42887.9,542.978,540.401,0.0868006,0.119234
8|1197|8|1197|sample|8|103|8|103|65.0,131,550,8,8,100839.375,636.5,0,0,1,48300.2,45721.6,573.628,573.917,-0.276482,-0.27973
8|1197|8|1197|sample|6|103|6|103|65.0,0.0004351999999999,82107,1,6,100839.375,636.5,0,0,1,48300.2,45721.6,90766.5,90865.5,-0.640383,-0.646996
8|1197|8|1197|sample|6|103|6|103|65.0,0.0021759999999999,94216,2,6,100839.375,636.5,0,0,1,48883.7,42887.9,85087.9,85135.9,0.72009,0.715895
8|1197|8|1197|sample|6|103|6|103|65.0,0.0108799999999999,78272,3,6,100839.375,636.5,0,0,1,49327.6,38453.7,74490.3,73949.4,0.340767,0.392355
8|1197|8|1197|sample|6|103|6|103|65.0,0.0543999999999999,33061,4,6,100839.375,636.5,0,0,1,49665.3,31514.7,34320.7,32410.7,-0.246362,0.134669
8|1197|8|1197|sample|6|103|6|103|65.0,0.2719999999999999,2724,5,6,100839.375,636.5,0,0,1,49665.3,31514.7,2617.04,2662.89,0.274342,0.154045
8|1197|8|1197|sample|6|103|6|103|65.0,1.36,578,6,6,100839.375,636.5,0,0,1,49327.6,38453.7,569.168,584.896,0.104154,-0.0791385
8|1197|8|1197|sample|6|103|6|103|65.0,6.8,604,7,6,100839.375,636.5,0,0,1,48883.7,42887.9,540.677,542.277,0.78613,0.764008
8|1197|8|1197|sample|6|103|6|103|65.0,34,546,8,6,100839.375,636.5,0,0,1,48300.2,45721.6,573.22,573.912,-0.318746,-0.326449
8|1197|8|1197|sample|5|103|5|103|65.0,0.0004351999999999,85902,1,5,100839.375,636.5,0,0,1,48300.2,45721.6,90766.6,90866.7,-0.359745,-0.366739
8|1197|8|1197|sample|5|103|5|103|65.0,0.0021759999999999,97095,2,5,100839.375,636.5,0,0,1,48883.7,42887.9,85092.7,85162.5,0.94677,0.940494
8|1197|8|1197|sample|5|103|5|103|65.0,0.0108799999999999,87358,3,5,100839.375,636.5,0,0,1,49327.6,38453.7,74666.1,74468,1.14097,1.16186
8|1197|8|1197|sample|5|103|5|103|65.0,0.0543999999999999,36940,4,5,100839.375,636.5,0,0,1,49665.3,31514.7,36205.6,35213,0.136155,0.329194
8|1197|8|1197|sample|5|103|5|103|65.0,0.2719999999999999,2878,5,5,100839.375,636.5,0,0,1,49665.3,31514.7,2954.06,2940.89,-0.172821,-0.143551
8|1197|8|1197|sample|5|103|5|103|65.0,1.36,646,6,5,100839.375,636.5,0,0,1,49327.6,38453.7,585.341,591.15,0.695593,0.62281
8|1197|8|1197|sample|5|103|5|103|65.0,6.8,580,7,5,100839.375,636.5,0,0,1,48883.7,42887.9,541.325,542.271,0.479568,0.467018
8|1197|8|1197|sample|5|103|5|103|65.0,34,628,8,5,100839.375,636.5,0,0,1,48300.2,45721.6,573.245,573.902,0.641148,0.632721
8|1197|8|1197|sample|12|103|12|103|28.0,0.0014272,64032,1,12,100839.375,636.5,0,0,1,48300.2,45722.7,90348.7,89613.8,-1.95516,-1.91615
8|1197|8|1197|sample|12|103|12|103|28.0,0.007136,55335,2,12,100839.375,636.5,0,0,1,48300.2,45722.7,82302.4,74801.7,-2.19937,-1.74684
8|1197|8|1197|sample|12|103|12|103|28.0,0.03568,22894,3,12,100839.375,636.5,0,0,1,48300.2,45722.7,27960.8,21462.6,-1.21635,0.447651
8|1197|8|1197|sample|12|103|12|103|28.0,0.1784,2488,4,12,100839.375,636.5,0,0,1,48300.2,45722.7,2317.43,2312.1,0.494047,0.510671
8|1197|8|1197|sample|12|103|12|103|28.0,0.892,422,5,12,100839.375,636.5,0,0,1,48300.2,45722.7,655.6,691.235,-2.3917,-2.61444
8|1197|8|1197|sample|12|103|12|103|28.0,4.46,484,6,12,100839.375,636.5,0,0,1,48300.2,45722.7,579.062,583.587,-1.10193,-1.14543
8|1197|8|1197|sample|12|103|12|103|28.0,22.3,418,7,12,100839.375,636.5,0,0,1,48300.2,45722.7,575.602,576.565,-1.83786,-1.846
8|1197|8|1197|sample|12|103|12|103|28.0,111.5,586,8,12,100839.375,636.5,0,0,1,48300.2,45722.7,575.446,576.108,0.12311,0.115253
8|1197|8|1197|sample|10|103|10|103|28.0,0.0004479999999999,78110,1,10,100839.375,636.5,0,0,1,48300.2,45722.7,90750.2,90854.5,-0.934932,-0.941563
8|1197|8|1197|sample|10|103|10|103|28.0,0.00224,84573,2,10,100839.375,636.5,0,0,1,48883.7,42889,84767.7,84904.3,-0.0154155,-0.0261956
8|1197|8|1197|sample|10|103|10|103|28.0,0.0111999999999999,58621,3,10,100839.375,636.5,0,0,1,49327.6,38454.7,69293.9,69832.9,-1.03386,-1.07768
8|1197|8|1197|sample|10|103|10|103|28.0,0.0559999999999999,24817,4,10,100839.375,636.5,0,0,1,49327.6,38454.7,23333.3,23587.5,0.426826,0.34988
8|1197|8|1197|sample|10|103|10|103|28.0,0.2799999999999999,1870,5,10,100839.375,636.5,0,0,1,49327.6,38454.7,1913.01,1839.96,-0.150918,0.109583
8|1197|8|1197|sample|10|103|10|103|28.0,1.4,510,6,10,100839.375,636.5,0,0,1,49327.6,38454.7,549.244,541.821,-0.479599,-0.394215
8|1197|8|1197|sample|10|103|10|103|28.0,7,484,7,10,100839.375,636.5,0,0,1,48883.7,42889,543.075,543.032,-0.730159,-0.729687
8|1197|8|1197|sample|10|103|10|103|28.0,111.5,602,8,10,100839.375,636.5,0,0,1,48300.2,45722.7,575.455,576.088,0.309634,0.301915
8|1197|8|1197|sample|9|103|9|103|28.0,0.0004479999999999,78594,1,9,100839.375,636.5,0,0,1,48300.2,45722.7,90766.4,90866.9,-0.90017,-0.906593
8|1197|8|1197|sample|9|103|9|103|28.0,0.00224,83899,2,9,100839.375,636.5,0,0,1,48883.7,42889,85074.4,85151.2,-0.0927365,-0.0987104
8|1197|8|1197|sample|9|103|9|103|28.0,0.0111999999999999,69732,3,9,100839.375,636.5,0,0,1,49327.6,38454.7,73774,73658.4,-0.367763,-0.357804
8|1197|8|1197|sample|9|103|9|103|28.0,0.0559999999999999,27611,4,9,100839.375,636.5,0,0,1,49665.3,31515.5,27007.6,26338.1,0.149958,0.324413
8|1197|8|1197|sample|9|103|9|103|28.0,0.2799999999999999,1566,5,9,100839.375,636.5,0,0,1,49665.3,31515.5,1616.57,1576.21,-0.209996,-0.0434829
8|1197|8|1197|sample|9|103|9|103|28.0,1.4,560,6,9,100839.375,636.5,0,0,1,49327.6,38454.7,524.924,524.11,0.448529,0.459648
8|1197|8|1197|sample|9|103|9|103|28.0,7,566,7,9,100839.375,636.5,0,0,1,48883.7,42889,541.065,541.568,0.309341,0.302821
8|1197|8|1197|sample|9|103|9|103|28.0,35,568,8,9,100839.375,636.5,0,0,1,48300.2,45722.7,575.473,576.11,-0.0871643,-0.0944961
8|1197|8|1197|sample|3|103|3|103|22.0,0.0010624,83416,1,3,100839.375,636.5,0,0,1,48300.2,45722.4,90675.5,90819.8,-0.537389,-0.547201
8|1197|8|1197|sample|3|103|3|103|22.0,0.005312,89383,2,3,100839.375,636.5,0,0,1,48883.7,42888.7,83426.8,84119.4,0.479219,0.420013
8|1197|8|1197|sample|3|103|3|103|22.0,0.02656,58909,3,3,100839.375,636.5,0,0,1,49327.6,38454.4,53940.5,57748.9,0.618276,0.134839
8|1197|8|1197|sample|3|103|3|103|22.0,0.1328,9266,4,3,100839.375,636.5,0,0,1,49327.6,38454.4,8499.49,8969.66,0.605334,0.221763
8|1197|8|1197|sample|3|103|3|103|22.0,0.664,850,5,3,100839.375,636.5,0,0,1,49327.6,38454.4,926.004,873.904,-0.550927,-0.183601
8|1197|8|1197|sample|3|103|3|103|22.0,3.32,606,6,3,100839.375,636.5,0,0,1,49327.6,38454.4,505.98,500.06,1.32687,1.42203
8|1197|8|1197|sample|3|103|3|103|22.0,16.6,578,7,3,100839.375,636.5,0,0,1,48883.7,42888.7,540.497,540.53,0.465744,0.465306
8|1197|8|1197|sample|3|103|3|103|22.0,83,552,8,3,100839.375,636.5,0,0,1,48300.2,45722.4,574.886,575.491,-0.267215,-0.273987
8|1197|8|1197|sample|4|103|4|103|22.0,0.0010624,79953,1,4,100839.375,636.5,0,0,1,48300.2,45722.4,90726.9,90805.9,-0.797095,-0.802242
8|1197|8|1197|sample|4|103|4|103|22.0,0.005312,90004,2,4,100839.375,636.5,0,0,1,48883.7,42888.7,84196.1,83950.2,0.463024,0.484034
8|1197|8|1197|sample|4|103|4|103|22.0,0.02656,58715,3,4,100839.375,636.5,0,0,1,49327.6,38454.4,59634.9,57200.4,-0.103537,0.177736
8|1197|8|1197|sample|4|103|4|103|22.0,0.1328,7962,4,4,100839.375,636.5,0,0,1,49665.3,31515.3,8185.2,7767.5,-0.18304,0.168074
8|1197|8|1197|sample|4|103|4|103|22.0,0.664,770,5,4,100839.375,636.5,0,0,1,49665.3,31515.3,755.556,775.065,0.128321,-0.0438646
8|1197|8|1197|sample|4|103|4|103|22.0,3.32,568,6,4,100839.375,636.5,0,0,1,49327.6,38454.4,501.631,505.133,0.88809,0.835397
8|1197|8|1197|sample|4|103|4|103|22.0,16.6,564,7,4,100839.375,636.5,0,0,1,48883.7,42888.7,540.075,540.868,0.297349,0.287069
8|1197|8|1197|sample|4|103|4|103|22.0,83,596,8,4,100839.375,636.5,0,0,1,48300.2,45722.4,574.856,575.511,0.246889,0.238972
8|1197|8|1197|sample|11|103|11|103|28.0,0.0014272,67698,1,11,100839.375,636.5,0,0,1,48300.2,45722.7,89994.2,89638.5,-1.66299,-1.64295
8|1197|8|1197|sample|11|103|11|103|28.0,0.007136,59779,2,11,100839.375,636.5,0,0,1,48883.7,42889,74647.9,71410.8,-1.33701,-1.09334
8|1197|8|1197|sample|11|103|11|103|28.0,0.03568,23906,3,11,100839.375,636.5,0,0,1,48883.7,42889,26017.2,23099.8,-0.544689,0.234278
8|1197|8|1197|sample|11|103|11|103|28.0,0.1784,2906,4,11,100839.375,636.5,0,0,1,48883.7,42889,2709.53,2663.83,0.486711,0.610212
8|1197|8|1197|sample|11|103|11|103|28.0,0.892,526,5,11,100839.375,636.5,0,0,1,48883.7,42889,675.661,694.37,-1.4868,-1.6276
8|1197|8|1197|sample|11|103|11|103|28.0,4.46,512,6,11,100839.375,636.5,0,0,1,48883.7,42889,548.164,551.3,-0.44283,-0.478492
8|1197|8|1197|sample|11|103|11|103|28.0,22.3,520,7,11,100839.375,636.5,0,0,1,48883.7,42889,540.363,541.147,-0.252948,-0.26231
8|1197|8|1197|sample|11|103|11|103|28.0,35,602,8,11,100839.375,636.5,0,0,1,48300.2,45722.7,575.686,576.469,0.306817,0.297276
8|1197|8|1197|cc|1|1|103|1|103|69.0,0,606,1,1,100839.375,636.5,0,1,0,nan,nan,572.934,573.569,0.38739,0.379531
8|1197|8|1197|cc|2|1|103|1|103|69.0,0,666,2,1,100839.375,636.5,0,1,0,nan,nan,572.934,573.569,1.09033,1.08169
8|1197|8|1197|cc|3|1|103|1|103|69.0,0,676,3,1,100839.375,636.5,0,1,0,nan,nan,572.934,573.569,1.20749,1.19872
8|1197|8|1197|cc|4|1|103|1|103|69.0,0,624,4,1,100839.375,636.5,0,1,0,nan,nan,572.934,573.569,0.598273,0.59018
8|1197|8|1197|cc|5|1|103|1|103|69.0,0,566,5,1,100839.375,636.5,0,1,0,nan,nan,572.934,573.569,-0.0812374,-0.0885776
8|1197|8|1197|cc|6|1|103|1|103|69.0,0,622,6,1,100839.375,636.5,0,1,0,nan,nan,572.934,573.569,0.574841,0.566775
8|1197|8|1197|cc|7|1|103|1|103|69.0,0,690,7,1,100839.375,636.5,0,1,0,nan,nan,572.934,573.569,1.37151,1.36256
8|1197|8|1197|cc|8|1|103|1|103|69.0,0,642,8,1,100839.375,636.5,0,1,0,nan,nan,572.934,573.569,0.809155,0.800829
8|1197|8|1197|vc|1|2|103|2|103|69.0,0,87946,1,2,100839.375,636.5,1,0,0,nan,nan,90768.8,90869.3,-0.208742,-0.215941
8|1197|8|1197|vc|2|2|103|2|103|69.0,0,107862,2,2,100839.375,636.5,1,0,0,nan,nan,85156,85237.7,1.78978,1.78163
8|1197|8|1197|vc|3|2|103|2|103|69.0,0,103669,3,2,100839.375,636.5,1,0,0,nan,nan,85156,85237.7,1.45927,1.45144
8|1197|8|1197|vc|4|2|103|2|103|69.0,0,103811,4,2,100839.375,636.5,1,0,0,nan,nan,85156,85237.7,1.47046,1.46262
8|1197|8|1197|vc|5|2|103|2|103|69.0,0,109061,5,2,100839.375,636.5,1,0,0,nan,nan,85156,85237.7,1.88428,1.87605
8|1197|8|1197|vc|6|2|103|2|103|69.0,0,103883,6,2,100839.375,636.5,1,0,0,nan,nan,85156,85237.7,1.47614,1.46829
8|1197|8|1197|vc|7|2|103|2|103|69.0,0,108538,7,2,100839.375,636.5,1,0,0,nan,nan,85156,85237.7,1.84306,1.83486
8|1197|8|1197|vc|8|2|103|2|103|69.0,0,81945,8,2,100839.375,636.5,1,0,0,nan,nan,90768.8,90869.3,-0.652514,-0.659222
8|77|8|77|sample|6|218|6|218|55.0,0.0006144,31418,1,6,42678.375,476.5,0,0,1,20541.3,20697.4,33876.5,33002.2,-0.487125,-0.322215
8|77|8|77|sample|6|218|6|218|55.0,0.003072,16903,2,6,42678.375,476.5,0,0,1,20789.5,20947,17185.4,16430.2,-0.110287,0.193153
8|77|8|77|sample|6|218|6|218|55.0,0.01536,4450,3,6,42678.375,476.5,0,0,1,20978.2,21136.9,4334.29,4317.84,0.179197,0.205442
8|77|8|77|sample|6|218|6|218|55.0,0.0768,1342,4,6,42678.375,476.5,0,0,1,21121.8,21281.4,1325.47,1363.1,0.0836944,-0.103909
8|77|8|77|sample|6|218|6|218|55.0,0.384,938,5,6,42678.375,476.5,0,0,1,21121.8,21281.4,862.144,873.783,0.590583,0.493307
8|77|8|77|sample|6|218|6|218|55.0,1.92,712,6,6,42678.375,476.5,0,0,1,20978.2,21136.9,791.213,793.914,-0.672008,-0.692562
8|77|8|77|sample|6|218|6|218|55.0,9.6,794,7,6,42678.375,476.5,0,0,1,20789.5,20947,774.981,775.764,0.164727,0.157786
8|77|8|77|sample|6|218|6|218|55.0,48,626,8,6,42678.375,476.5,0,0,1,20541.3,20697.4,764.314,764.885,-1.21469,-1.2188
8|77|8|77|sample|5|218|5|218|55.0,0.0006144,34690,1,5,42678.375,476.5,0,0,1,20541.3,20697.4,34144,33454.7,0.107336,0.24784
8|77|8|77|sample|5|218|5|218|55.0,0.003072,18239,2,5,42678.375,476.5,0,0,1,20789.5,20947,17884.1,17325.9,0.133202,0.353729
8|77|8|77|sample|5|218|5|218|55.0,0.01536,4564,3,5,42678.375,476.5,0,0,1,20978.2,21136.9,4651.44,4689.93,-0.126178,-0.180232
8|77|8|77|sample|5|218|5|218|55.0,0.0768,1360,4,5,42678.375,476.5,0,0,1,21121.8,21281.4,1391.3,1440.35,-0.151009,-0.374457
8|77|8|77|sample|5|218|5|218|55.0,0.384,1130,5,5,42678.375,476.5,0,0,1,21121.8,21281.4,873.506,887.427,1.97099,1.83477
8|77|8|77|sample|5|218|5|218|55.0,1.92,728,6,5,42678.375,476.5,0,0,1,20978.2,21136.9,793.07,796.222,-0.550732,-0.575128
8|77|8|77|sample|5|218|5|218|55.0,9.6,752,7,5,42678.375,476.5,0,0,1,20789.5,20947,775.277,776.148,-0.201533,-0.208838
8|77|8|77|sample|5|218|5|218|55.0,48,878,8,5,42678.375,476.5,0,0,1,20541.3,20697.4,764.36,764.948,0.997941,0.992014
8|77|8|77|sample|3|218|3|218|55.0,0.000064,43169,1,3,42678.375,476.5,0,0,1,20541.3,20697.4,40425.2,40503.3,0.455581,0.441767
8|77|8|77|sample|3|218|3|218|55.0,0.00032,39049,2,3,42678.375,476.5,0,0,1,20789.5,20947,39504,39829,-0.0773136,-0.131448
8|77|8|77|sample|3|218|3|218|55.0,0.0016,29908,3,3,42678.375,476.5,0,0,1,20978.2,21136.9,30319,31106.5,-0.0909964,-0.258623
8|77|8|77|sample|3|218|3|218|55.0,0.008,10350,4,3,42678.375,476.5,0,0,1,20978.2,21136.9,9912.39,9732.24,0.296333,0.426069
8|77|8|77|sample|3|218|3|218|55.0,0.04,1788,5,3,42678.375,476.5,0,0,1,20978.2,21136.9,2028.32,1859.1,-0.795281,-0.256697
8|77|8|77|sample|3|218|3|218|55.0,0.2,944,6,3,42678.375,476.5,0,0,1,20978.2,21136.9,920.896,887.469,0.168404,0.427565
8|77|8|77|sample|3|218|3|218|55.0,1,862,7,3,42678.375,476.5,0,0,1,20789.5,20947,788.761,784.044,0.623257,0.667395
8|77|8|77|sample|3|218|3|218|55.0,5,850,8,3,42678.375,476.5,0,0,1,20541.3,20697.4,765.759,765.572,0.738417,0.740238
8|77|8|77|sample|4|218|4|218|55.0,0.000064,45568,1,4,42678.375,476.5,0,0,1,20541.3,20697.4,40564,40572.6,0.82804,0.826443
8|77|8|77|sample|4|218|4|218|55.0,0.00032,42519,2,4,42678.375,476.5,0,0,1,20789.5,20947,40528.5,40377.4,0.329669,0.356012
8|77|8|77|sample|4|218|4|218|55.0,0.0016,32499,3,4,42678.375,476.5,0,0,1,20978.2,21136.9,34515.6,33526.6,-0.392175,-0.205728
8|77|8|77|sample|4|218|4|218|55.0,0.008,11100,4,4,42678.375,476.5,0,0,1,21121.8,21281.4,11175.9,10649.4,-0.0455705,0.283986
8|77|8|77|sample|4|218|4|218|55.0,0.04,1742,5,4,42678.375,476.5,0,0,1,21121.8,21281.4,1739.64,1763.57,0.00912196,-0.0821025
8|77|8|77|sample|4|218|4|218|55.0,0.2,908,6,4,42678.375,476.5,0,0,1,20978.2,21136.9,848.559,857.353,0.470192,0.396521
8|77|8|77|sample|4|218|4|218|55.0,1,792,7,4,42678.375,476.5,0,0,1,20789.5,20947,778.25,779.675,0.118593,0.106111
8|77|8|77|sample|4|218|4|218|55.0,5,628,8,4,42678.375,476.5,0,0,1,20541.3,20697.4,764.441,765.043,-1.19804,-1.20238
8|77|8|77|sample|9|218|9|218|32.0,0.0003648,39501,1,9,42678.375,476.5,0,0,1,20541.3,20542.2,39931.3,39759.7,-0.0723344,-0.0436747
8|77|8|77|sample|9|218|9|218|32.0,0.001824,33817,2,9,42678.375,476.5,0,0,1,20789.5,20790,38271.6,37705.2,-0.781274,-0.692181
8|77|8|77|sample|9|218|9|218|32.0,0.00912,26621,3,9,42678.375,476.5,0,0,1,20978.2,20978.4,31324.5,30203.2,-1.00787,-0.796113
8|77|8|77|sample|9|218|9|218|32.0,0.0456,18897,4,9,42678.375,476.5,0,0,1,21121.8,21121.8,17349.9,16529.7,0.598525,0.961293
8|77|8|77|sample|9|218|9|218|32.0,0.228,6130,5,9,42678.375,476.5,0,0,1,21121.8,21121.8,6081.99,5969.36,0.052985,0.180632
8|77|8|77|sample|9|218|9|218|32.0,1.14,1632,6,9,42678.375,476.5,0,0,1,20978.2,20978.4,1881.75,1932.17,-0.890872,-1.04278
8|77|8|77|sample|9|218|9|218|32.0,5.7,948,7,9,42678.375,476.5,0,0,1,20789.5,20790,788.093,820.993,1.36196,1.03839
8|77|8|77|sample|9|218|9|218|32.0,28.5,518,8,9,42678.375,476.5,0,0,1,20541.3,20542.2,528.308,541.07,-0.130962,-0.286203
8|77|8|77|sample|10|218|10|218|32.0,0.0003648,35866,1,10,42678.375,476.5,0,0,1,20541.3,20542.2,38967.1,39181.8,-0.534175,-0.568031
8|77|8|77|sample|10|218|10|218|32.0,0.001824,34189,2,10,42678.375,476.5,0,0,1,20789.5,20790,35902.5,36318.2,-0.320363,-0.393524
8|77|8|77|sample|10|218|10|218|32.0,0.00912,29560,3,10,42678.375,476.5,0,0,1,20978.2,20978.4,27689.4,28195.5,0.45347,0.324831
8|77|8|77|sample|10|218|10|218|32.0,0.0456,18735,4,10,42678.375,476.5,0,0,1,20978.2,20978.4,15384.8,15565,1.46168,1.36706
8|77|8|77|sample|10|218|10|218|32.0,0.228,5920,5,10,42678.375,476.5,0,0,1,20978.2,20978.4,6291.82,6203.9,-0.396666,-0.307163
8|77|8|77|sample|10|218|10|218|32.0,1.14,1412,6,10,42678.375,476.5,0,0,1,20978.2,20978.4,2341.52,2246.71,-2.6646,-2.4938
8|77|8|77|sample|10|218|10|218|32.0,5.7,958,7,10,42678.375,476.5,0,0,1,20789.5,20790,1016.63,969.122,-0.387101,-0.0770346
8|77|8|77|sample|10|218|10|218|32.0,28.5,822,8,10,42678.375,476.5,0,0,1,20541.3,20542.2,614.954,596.116,2.25993,2.54347
8|77|8|77|sample|8|218|8|218|32.0,0.0000768,34940,1,8,42678.375,476.5,0,0,1,20541.3,20542.2,40555.2,40547.9,-0.929378,-0.928337
8|77|8|77|sample|8|218|8|218|32.0,0.000384,36968,2,8,42678.375,476.5,0,0,1,20789.5,20790,40841.6,40721,-0.636626,-0.618636
8|77|8|77|sample|8|218|8|218|32.0,0.00192,37060,3,8,42678.375,476.5,0,0,1,20978.2,20978.4,40114.4,39616,-0.511086,-0.43308
8|77|8|77|sample|8|218|8|218|32.0,0.0096,34816,4,8,42678.375,476.5,0,0,1,21121.8,21121.8,35374.3,34002.5,-0.105942,0.160597
8|77|8|77|sample|8|218|8|218|32.0,0.048,23358,5,8,42678.375,476.5,0,0,1,21121.8,21121.8,21408.2,19943.6,0.611339,1.14916
8|77|8|77|sample|8|218|8|218|32.0,0.24,5846,6,8,42678.375,476.5,0,0,1,20978.2,20978.4,7123.45,6854.06,-1.20372,-0.987213
8|77|8|77|sample|8|218|8|218|32.0,1.2,1892,7,8,42678.375,476.5,0,0,1,20789.5,20790,1891.98,1953.94,8.3303e-05,-0.212787
8|77|8|77|sample|8|218|8|218|32.0,6,882,8,8,42678.375,476.5,0,0,1,20541.3,20542.2,728.525,768.757,1.41405,0.988769
8|77|8|77|sample|7|218|7|218|32.0,0.0000768,30832,1,7,42678.375,476.5,0,0,1,20541.3,20542.2,40561.2,40593,-1.61005,-1.61404
8|77|8|77|sample|7|218|7|218|32.0,0.000384,38389,2,7,42678.375,476.5,0,0,1,20789.5,20790,40869.4,40908.9,-0.407372,-0.413459
8|77|8|77|sample|7|218|7|218|32.0,0.00192,35394,3,7,42678.375,476.5,0,0,1,20978.2,20978.4,40234,40317.3,-0.807462,-0.819674
8|77|8|77|sample|7|218|7|218|32.0,0.0096,35666,4,7,42678.375,476.5,0,0,1,21121.8,21121.8,35776.8,35878.1,-0.0207815,-0.0396766
8|77|8|77|sample|7|218|7|218|32.0,0.048,22898,5,7,42678.375,476.5,0,0,1,21121.8,21121.8,22011.6,21754.1,0.270314,0.352966
8|77|8|77|sample|7|218|7|218|32.0,0.24,7590,6,7,42678.375,476.5,0,0,1,20978.2,20978.4,7352.66,6964.76,0.216673,0.602582
8|77|8|77|sample|7|218|7|218|32.0,1.2,1360,7,7,42678.375,476.5,0,0,1,20789.5,20790,1923.51,1771.72,-1.96643,-1.55984
8|77|8|77|sample|7|218|7|218|32.0,6,822,8,7,42678.375,476.5,0,0,1,20541.3,20542.2,729.789,690.11,0.848116,1.28283
8|77|8|77|sample|12|218|12|218|22.0,0.0003712,45444,1,12,42678.375,476.5,0,0,1,20541.3,20542.4,40600.2,40608,0.800804,0.799363
8|77|8|77|sample|12|218|12|218|22.0,0.001856,37090,2,12,42678.375,476.5,0,0,1,20541.3,20542.4,40520.9,40335.9,-0.568337,-0.540151
8|77|8|77|sample|12|218|12|218|22.0,0.00928,32149,3,12,42678.375,476.5,0,0,1,20541.3,20542.4,38997.2,37013.1,-1.17873,-0.882104
8|77|8|77|sample|12|218|12|218|22.0,0.0464,16881,4,12,42678.375,476.5,0,0,1,20541.3,20542.4,22339.9,17720.9,-1.64019,-0.318151
8|77|8|77|sample|12|218|12|218|22.0,0.2319999999999999,2962,5,12,42678.375,476.5,0,0,1,20541.3,20542.4,2722.43,2592.37,0.590671,0.957081
8|77|8|77|sample|12|218|12|218|22.0,1.16,426,6,12,42678.375,476.5,0,0,1,20541.3,20542.4,574.081,622.275,-1.7314,-2.11717
8|77|8|77|sample|12|218|12|218|22.0,5.8,460,7,12,42678.375,476.5,0,0,1,20541.3,20542.4,460.324,467.161,-0.00472104,-0.102895
8|77|8|77|sample|12|218|12|218|22.0,29,486,8,12,42678.375,476.5,0,0,1,20541.3,20542.4,454.623,455.547,0.463273,0.448721
8|77|8|77|sample|11|218|11|218|22.0,0.0003712,46172,1,11,42678.375,476.5,0,0,1,20541.3,20542.4,40578.6,40592.1,0.925236,0.922697
8|77|8|77|sample|11|218|11|218|22.0,0.001856,35384,2,11,42678.375,476.5,0,0,1,20789.5,20790.1,40787.2,40692.8,-0.889202,-0.875692
8|77|8|77|sample|11|218|11|218|22.0,0.00928,31066,3,11,42678.375,476.5,0,0,1,20789.5,20790.1,37539.7,36794.5,-1.15753,-1.04504
8|77|8|77|sample|11|218|11|218|22.0,0.0464,17065,4,11,42678.375,476.5,0,0,1,20789.5,20790.1,19149.2,17878.9,-0.73057,-0.305555
8|77|8|77|sample|11|218|11|218|22.0,0.2319999999999999,3456,5,11,42678.375,476.5,0,0,1,20789.5,20790.1,3106.98,3008.7,0.754018,0.997919
8|77|8|77|sample|11|218|11|218|22.0,1.16,552,6,11,42678.375,476.5,0,0,1,20789.5,20790.1,690.327,701.262,-1.345,-1.4287
8|77|8|77|sample|11|218|11|218|22.0,5.8,432,7,11,42678.375,476.5,0,0,1,20789.5,20790.1,478.873,481.729,-0.657015,-0.692911
8|77|8|77|sample|11|218|11|218|22.0,29,516,8,11,42678.375,476.5,0,0,1,20541.3,20542.4,455.856,456.519,0.885602,0.87457
8|77|8|77|cc|1|1|218|1|218|69.0,0,474,1,1,42678.375,476.5,0,1,0,nan,nan,453.345,453.631,0.305829,0.301391
8|77|8|77|cc|2|1|218|1|218|69.0,0,504,2,1,42678.375,476.5,0,1,0,nan,nan,453.345,453.631,0.750016,0.745296
8|77|8|77|cc|3|1|218|1|218|69.0,0,490,3,1,42678.375,476.5,0,1,0,nan,nan,453.345,453.631,0.542729,0.53814
8|77|8|77|cc|4|1|218|1|218|69.0,0,528,4,1,42678.375,476.5,0,1,0,nan,nan,453.345,453.631,1.10537,1.10042
8|77|8|77|cc|5|1|218|1|218|69.0,0,460,5,1,42678.375,476.5,0,1,0,nan,nan,453.345,453.631,0.0985423,0.0942347
8|77|8|77|cc|6|1|218|1|218|69.0,0,446,6,1,42678.375,476.5,0,1,0,nan,nan,453.345,453.631,-0.108745,-0.112921
8|77|8|77|cc|7|1|218|1|218|69.0,0,412,7,1,42678.375,476.5,0,1,0,nan,nan,453.345,453.631,-0.612156,-0.616014
8|77|8|77|cc|8|1|218|1|218|69.0,0,498,8,1,42678.375,476.5,0,1,0,nan,nan,453.345,453.631,0.661179,0.656515
8|77|8|77|vc|1|2|218|2|218|69.0,0,44393,1,2,42678.375,476.5,1,0,0,nan,nan,40604.4,40630.1,0.62629,0.621648
8|77|8|77|vc|2|2|218|2|218|69.0,0,45576,2,2,42678.375,476.5,1,0,0,nan,nan,41104.5,41120.2,0.730191,0.727355
8|77|8|77|vc|3|2|218|2|218|69.0,0,43197,3,2,42678.375,476.5,1,0,0,nan,nan,41104.5,41120.2,0.341703,0.339015
8|77|8|77|vc|4|2|218|2|218|69.0,0,40982,4,2,42678.375,476.5,1,0,0,nan,nan,41104.5,41120.2,-0.020004,-0.0225544
8|77|8|77|vc|5|2|218|2|218|69.0,0,41808,5,2,42678.375,476.5,1,0,0,nan,nan,41104.5,41120.2,0.114881,0.112279
8|77|8|77|vc|6|2|218|2|218|69.0,0,42921,6,2,42678.375,476.5,1,0,0,nan,nan,41104.5,41120.2,0.296632,0.293961
8|77|8|77|vc|7|2|218|2|218|69.0,0,40844,7,2,42678.375,476.5,1,0,0,nan,nan,41104.5,41120.2,-0.0425392,-0.0450811
8|77|8|77|vc|8|2|218|2|218|69.0,0,41706,8,2,42678.375,476.5,1,0,0,nan,nan,40604.4,40630.1,0.182102,0.177741
8|745|8|745|sample|7|218|7|218|65.0,0.0016767999999999,14036,1,7,41925.5,468.5,0,0,1,20179.2,20181.2,22537.9,21805.1,-2.53206,-2.39158
8|745|8|745|sample|7|218|7|218|65.0,0.0083839999999999,8654,2,7,41925.5,468.5,0,0,1,20422.9,20424.8,7884.33,7666.05,0.655259,0.86504
8|745|8|745|sample|7|218|7|218|65.0,0.04192,2340,3,7,41925.5,468.5,0,0,1,20608.4,20610.1,2048.67,2052.92,0.95452,0.938661
8|745|8|745|sample|7|218|7|218|65.0,0.2096,544,4,7,41925.5,468.5,0,0,1,20749.5,20751.1,759.908,772.627,-1.90713,-1.98623
8|745|8|745|sample|7|218|7|218|65.0,1.048,500,5,7,41925.5,468.5,0,0,1,20749.5,20751.1,516.647,521.251,-0.216276,-0.273654
8|745|8|745|sample|7|218|7|218|65.0,5.24,446,6,7,41925.5,468.5,0,0,1,20608.4,20610.1,469.392,470.725,-0.334512,-0.352562
8|745|8|745|sample|7|218|7|218|65.0,26.2,530,7,7,41925.5,468.5,0,0,1,20422.9,20424.8,457.312,457.782,1.06689,1.05891
8|745|8|745|sample|7|218|7|218|65.0,131,486,8,7,41925.5,468.5,0,0,1,20179.2,20181.2,450.364,450.715,0.531122,0.525487
8|745|8|745|sample|8|218|8|218|65.0,0.0016767999999999,19753,1,8,41925.5,468.5,0,0,1,20179.2,20181.2,33118.7,33511.3,-2.70889,-2.75579
8|745|8|745|sample|8|218|8|218|65.0,0.0083839999999999,15397,2,8,41925.5,468.5,0,0,1,20422.9,20424.8,13744.4,14230.7,0.807082,0.550127
8|745|8|745|sample|8|218|8|218|65.0,0.04192,2644,3,8,41925.5,468.5,0,0,1,20608.4,20610.1,2435.93,2512.59,0.573343,0.351057
8|745|8|745|sample|8|218|8|218|65.0,0.2096,626,4,8,41925.5,468.5,0,0,1,20749.5,20751.1,678.16,683.827,-0.516271,-0.567617
8|745|8|745|sample|8|218|8|218|65.0,1.048,466,5,8,41925.5,468.5,0,0,1,20749.5,20751.1,485.357,485.675,-0.267702,-0.271925
8|745|8|745|sample|8|218|8|218|65.0,5.24,480,6,8,41925.5,468.5,0,0,1,20608.4,20610.1,462.112,462.206,0.259825,0.258404
8|745|8|745|sample|8|218|8|218|65.0,26.2,496,7,8,41925.5,468.5,0,0,1,20422.9,20424.8,455.843,456.012,0.591309,0.588603
8|745|8|745|sample|8|218|8|218|65.0,131,504,8,8,41925.5,468.5,0,0,1,20179.2,20181.2,450.086,450.369,0.804042,0.799322
8|745|8|745|sample|6|218|6|218|65.0,0.0004351999999999,15921,1,6,41925.5,468.5,0,0,1,20179.2,20181.2,38755.3,38675.9,-3.95484,-3.94918
8|745|8|745|sample|6|218|6|218|65.0,0.0021759999999999,19539,2,6,41925.5,468.5,0,0,1,20422.9,20424.8,33386.2,32935.4,-2.78399,-2.73022
8|745|8|745|sample|6|218|6|218|65.0,0.0108799999999999,15797,3,6,41925.5,468.5,0,0,1,20608.4,20610.1,16410.1,15779.9,-0.250779,0.00727825
8|745|8|745|sample|6|218|6|218|65.0,0.0543999999999999,4440,4,6,41925.5,468.5,0,0,1,20749.5,20751.1,3852.94,3688.91,1.02273,1.36668
8|745|8|745|sample|6|218|6|218|65.0,0.2719999999999999,686,5,6,41925.5,468.5,0,0,1,20749.5,20751.1,971.228,950.661,-1.97126,-1.86869
8|745|8|745|sample|6|218|6|218|65.0,1.36,510,6,6,41925.5,468.5,0,0,1,20608.4,20610.1,530.806,528.829,-0.263104,-0.238994
8|745|8|745|sample|6|218|6|218|65.0,6.8,482,7,6,41925.5,468.5,0,0,1,20422.9,20424.8,465.41,465.413,0.23927,0.239226
8|745|8|745|sample|6|218|6|218|65.0,34,442,8,6,41925.5,468.5,0,0,1,20179.2,20181.2,451.409,451.686,-0.139915,-0.14394
8|745|8|745|sample|5|218|5|218|65.0,0.0004351999999999,22410,1,5,41925.5,468.5,0,0,1,20179.2,20181.2,39531.3,39397.1,-2.90716,-2.8942
8|745|8|745|sample|5|218|5|218|65.0,0.0021759999999999,20920,2,5,41925.5,468.5,0,0,1,20422.9,20424.8,37168.1,36285.3,-2.9343,-2.84238
8|745|8|745|sample|5|218|5|218|65.0,0.0108799999999999,19255,3,5,41925.5,468.5,0,0,1,20608.4,20610.1,22353.8,20665.6,-0.930488,-0.458178
8|745|8|745|sample|5|218|5|218|65.0,0.0543999999999999,5578,4,5,41925.5,468.5,0,0,1,20749.5,20751.1,4933.77,4678.66,0.876469,1.29025
8|745|8|745|sample|5|218|5|218|65.0,0.2719999999999999,778,5,5,41925.5,468.5,0,0,1,20749.5,20751.1,979.224,998.328,-1.37934,-1.48139
8|745|8|745|sample|5|218|5|218|65.0,6.8,448,7,5,41925.5,468.5,0,0,1,20422.9,20424.8,461.179,462.877,-0.19182,-0.215743
8|745|8|745|sample|5|218|5|218|65.0,34,514,8,5,41925.5,468.5,0,0,1,20179.2,20181.2,450.635,451.154,0.943841,0.935028
8|745|8|745|sample|3|218|3|218|65.0,1.36,492,6,3,41925.5,468.5,0,0,1,20608.4,20610.1,31725.1,505.04,-6.60822,-0.173308
8|745|8|745|sample|11|218|11|218|28.0,0.0014272,34041,1,11,41925.5,468.5,0,0,1,20179.2,20197.5,39630.2,39299.4,-0.946662,-0.898136
8|745|8|745|sample|11|218|11|218|28.0,0.007136,31669,2,11,41925.5,468.5,0,0,1,20422.9,20441.3,36984.4,34688.5,-0.964687,-0.58428
8|745|8|745|sample|11|218|11|218|28.0,0.03568,15013,3,11,41925.5,468.5,0,0,1,20422.9,20441.3,17692.4,14930,-1.01653,0.0372959
8|745|8|745|sample|11|218|11|218|28.0,0.1784,2764,4,11,41925.5,468.5,0,0,1,20422.9,20441.3,2513.72,2520.92,0.668308,0.64724
8|745|8|745|sample|11|218|11|218|28.0,0.892,588,5,11,41925.5,468.5,0,0,1,20422.9,20441.3,638.51,690.351,-0.530987,-0.995167
8|745|8|745|sample|11|218|11|218|28.0,4.46,514,6,11,41925.5,468.5,0,0,1,20422.9,20441.3,499.223,507.956,0.198691,0.079873
8|745|8|745|sample|11|218|11|218|28.0,22.3,488,7,11,41925.5,468.5,0,0,1,20422.9,20441.3,489.362,490.612,-0.0186856,-0.0357395
8|745|8|745|sample|11|218|11|218|28.0,111.5,454,8,11,41925.5,468.5,0,0,1,20179.2,20197.5,482.718,483.139,-0.399331,-0.404838
8|745|8|745|sample|12|218|12|218|28.0,0.0014272,35658,1,12,41925.5,468.5,0,0,1,20179.2,20197.5,39765.1,39766.1,-0.693275,-0.693429
8|745|8|745|sample|12|218|12|218|28.0,0.007136,33363,2,12,41925.5,468.5,0,0,1,20179.2,20197.5,37802.6,37635,-0.788302,-0.761929
8|745|8|745|sample|12|218|12|218|28.0,0.03568,19647,3,12,41925.5,468.5,0,0,1,20179.2,20197.5,20130.1,20089.6,-0.161077,-0.147883
8|745|8|745|sample|12|218|12|218|28.0,0.1784,2970,4,12,41925.5,468.5,0,0,1,20179.2,20197.5,2545.21,2713.49,1.12026,0.634521
8|745|8|745|sample|12|218|12|218|28.0,0.892,516,5,12,41925.5,468.5,0,0,1,20179.2,20197.5,603.182,625.779,-0.970178,-1.17753
8|745|8|745|sample|12|218|12|218|28.0,4.46,476,6,12,41925.5,468.5,0,0,1,20179.2,20197.5,489.379,491.657,-0.183506,-0.213755
8|745|8|745|sample|12|218|12|218|28.0,22.3,430,7,12,41925.5,468.5,0,0,1,20179.2,20197.5,483.039,483.497,-0.737028,-0.742686
8|745|8|745|sample|12|218|12|218|28.0,111.5,508,8,12,41925.5,468.5,0,0,1,20179.2,20197.5,482.687,483.002,0.352012,0.347402
8|745|8|745|sample|10|218|10|218|28.0,0.0004479999999999,30856,1,10,41925.5,468.5,0,0,1,20179.2,20197.5,39810.3,39852.1,-1.50976,-1.51523
8|745|8|745|sample|10|218|10|218|28.0,0.00224,33967,2,10,41925.5,468.5,0,0,1,20422.9,20441.3,39621.2,39765.8,-0.957885,-0.978816
8|745|8|745|sample|10|218|10|218|28.0,0.0111999999999999,30390,3,10,41925.5,468.5,0,0,1,20608.4,20626.7,34261.4,34970.3,-0.758457,-0.879157
8|745|8|745|sample|10|218|10|218|28.0,0.0559999999999999,15487,4,10,41925.5,468.5,0,0,1,20608.4,20626.7,14333.6,15062.1,0.540109,0.189375
8|745|8|745|sample|10|218|10|218|28.0,0.2799999999999999,2782,5,10,41925.5,468.5,0,0,1,20608.4,20626.7,2510.49,2555.33,0.725927,0.595423
8|745|8|745|sample|10|218|10|218|28.0,1.4,586,6,10,41925.5,468.5,0,0,1,20608.4,20626.7,705.849,699.097,-1.13972,-1.08589
8|745|8|745|sample|10|218|10|218|28.0,7,518,7,10,41925.5,468.5,0,0,1,20422.9,20441.3,509.939,508.313,0.106109,0.127922
8|745|8|745|sample|10|218|10|218|28.0,35,628,8,10,41925.5,468.5,0,0,1,20179.2,20197.5,484.788,484.806,1.9829,1.98257
8|745|8|745|sample|9|218|9|218|28.0,0.0004479999999999,34245,1,9,41925.5,468.5,0,0,1,20179.2,20197.5,39876.2,39885.1,-0.947887,-0.949183
8|745|8|745|sample|9|218|9|218|28.0,0.00224,30544,2,9,41925.5,468.5,0,0,1,20422.9,20441.3,40204.4,40046.6,-1.61284,-1.59275
8|745|8|745|sample|9|218|9|218|28.0,0.0111999999999999,32845,3,9,41925.5,468.5,0,0,1,20608.4,20626.7,38113.2,36684.1,-0.927809,-0.70246
8|745|8|745|sample|9|218|9|218|28.0,0.0559999999999999,16947,4,9,41925.5,468.5,0,0,1,20749.5,20767.8,19602.7,17077.1,-0.909365,-0.051132
8|745|8|745|sample|9|218|9|218|28.0,0.2799999999999999,2844,5,9,41925.5,468.5,0,0,1,20749.5,20767.8,2636.7,2571.06,0.52774,0.712565
8|745|8|745|sample|9|218|9|218|28.0,1.4,526,6,9,41925.5,468.5,0,0,1,20608.4,20626.7,632.926,661.758,-1.13398,-1.37701
8|745|8|745|sample|9|218|9|218|28.0,7,504,7,9,41925.5,468.5,0,0,1,20422.9,20441.3,497.302,501.865,0.0903998,0.0285518
8|745|8|745|sample|9|218|9|218|28.0,35,506,8,9,41925.5,468.5,0,0,1,20179.2,20197.5,483.203,483.976,0.316686,0.305448
8|745|8|745|sample|4|218|4|218|22.0,0.0010624,34037,1,4,41925.5,468.5,0,0,1,20179.2,20179.5,39882.1,39906.1,-0.983754,-0.987203
8|745|8|745|sample|4|218|4|218|22.0,0.005312,36046,2,4,41925.5,468.5,0,0,1,20422.9,20423.1,40216.2,40205.5,-0.696027,-0.694428
8|745|8|745|sample|4|218|4|218|22.0,0.02656,26077,3,4,41925.5,468.5,0,0,1,20608.4,20608.4,35948.7,35540.1,-1.84324,-1.78726
8|745|8|745|sample|4|218|4|218|22.0,0.1328,8328,4,4,41925.5,468.5,0,0,1,20749.5,20749.3,7855.91,7611.56,0.403367,0.631794
8|745|8|745|sample|4|218|4|218|22.0,0.664,672,5,4,41925.5,468.5,0,0,1,20749.5,20749.3,730.585,734.126,-0.538258,-0.568034
8|745|8|745|sample|4|218|4|218|22.0,3.32,466,6,4,41925.5,468.5,0,0,1,20608.4,20608.4,464.553,465.216,0.0209051,0.0113136
8|745|8|745|sample|4|218|4|218|22.0,16.6,460,7,4,41925.5,468.5,0,0,1,20422.9,20423.1,452.447,452.65,0.112046,0.108989
8|745|8|745|sample|4|218|4|218|22.0,83,550,8,4,41925.5,468.5,0,0,1,20179.2,20179.5,446.706,446.988,1.55213,1.5469
8|745|8|745|sample|3|218|3|218|22.0,0.0010624,37523,1,3,41925.5,468.5,0,0,1,20179.2,20179.5,39857.4,39878.9,-0.393128,-0.396544
8|745|8|745|sample|3|218|3|218|22.0,0.005312,37208,2,3,41925.5,468.5,0,0,1,20422.9,20423.1,39803.8,39769.3,-0.437743,-0.432302
8|745|8|745|sample|3|218|3|218|22.0,0.02656,26461,3,3,41925.5,468.5,0,0,1,20608.4,20608.4,31835.2,31456.4,-1.13312,-1.06594
8|745|8|745|sample|3|218|3|218|22.0,0.1328,7202,4,3,41925.5,468.5,0,0,1,20608.4,20608.4,6628.32,6498,0.580952,0.727216
8|745|8|745|sample|3|218|3|218|22.0,0.664,758,5,3,41925.5,468.5,0,0,1,20608.4,20608.4,827.513,829.108,-0.56385,-0.575678
8|745|8|745|sample|3|218|3|218|22.0,16.6,474,7,3,41925.5,468.5,0,0,1,20422.9,20423.1,453.184,453.418,0.308323,0.304686
8|745|8|745|sample|3|218|3|218|22.0,83,544,8,3,41925.5,468.5,0,0,1,20179.2,20179.5,446.748,447.034,1.46119,1.45596
8|745|8|745|sample|5|218|5|218|22.0,3.32,492,6,5,41925.5,468.5,0,0,1,20608.4,20608.4,40181.7,501.496,-6.63013,-0.127106
8|745|8|745|cc|1|1|218|1|218|69.0,0,424,1,1,41925.5,468.5,0,1,0,nan,nan,445.72,446.001,-0.327094,-0.331113
8|745|8|745|cc|2|1|218|1|218|69.0,0,424,2,1,41925.5,468.5,0,1,0,nan,nan,445.72,446.001,-0.327094,-0.331113
8|745|8|745|cc|3|1|218|1|218|69.0,0,442,3,1,41925.5,468.5,0,1,0,nan,nan,445.72,446.001,-0.0560229,-0.0602128
8|745|8|745|cc|4|1|218|1|218|69.0,0,476,4,1,41925.5,468.5,0,1,0,nan,nan,445.72,446.001,0.456,0.451488
8|745|8|745|cc|5|1|218|1|218|69.0,0,500,5,1,41925.5,468.5,0,1,0,nan,nan,445.72,446.001,0.817428,0.812688
8|745|8|745|cc|6|1|218|1|218|69.0,0,514,6,1,41925.5,468.5,0,1,0,nan,nan,445.72,446.001,1.02826,1.02339
8|745|8|745|cc|7|1|218|1|218|69.0,0,472,7,1,41925.5,468.5,0,1,0,nan,nan,445.72,446.001,0.395762,0.391288
8|745|8|745|cc|8|1|218|1|218|69.0,0,496,8,1,41925.5,468.5,0,1,0,nan,nan,445.72,446.001,0.75719,0.752488
8|745|8|745|vc|1|2|218|2|218|69.0,0,40530,1,2,41925.5,468.5,1,0,0,nan,nan,39887,39912.1,0.108214,0.103921
8|745|8|745|vc|2|2|218|2|218|69.0,0,43557,2,2,41925.5,468.5,1,0,0,nan,nan,40378.5,40393.8,0.528379,0.525637
8|745|8|745|vc|3|2|218|2|218|69.0,0,43897,3,2,41925.5,468.5,1,0,0,nan,nan,40378.5,40393.8,0.584899,0.582135
8|745|8|745|vc|4|2|218|2|218|69.0,0,43871,4,2,41925.5,468.5,1,0,0,nan,nan,40378.5,40393.8,0.580577,0.577815
8|745|8|745|vc|5|2|218|2|218|69.0,0,42072,5,2,41925.5,468.5,1,0,0,nan,nan,40378.5,40393.8,0.28152,0.278871
8|745|8|745|vc|6|2|218|2|218|69.0,0,41786,6,2,41925.5,468.5,1,0,0,nan,nan,40378.5,40393.8,0.233977,0.231346
8|745|8|745|vc|7|2|218|2|218|69.0,0,38985,7,2,41925.5,468.5,1,0,0,nan,nan,40378.5,40393.8,-0.231647,-0.234102
8|745|8|745|vc|8|2|218|2|218|69.0,0,40706,8,2,41925.5,468.5,1,0,0,nan,nan,39887,39912.1,0.137832,0.13352
8|322|8|322|sample|6|174|6|174|55.0,0.0006144,61466,1,6,57415.875,489,0,0,1,27561.8,27559.8,47801.8,47263,1.91872,2.01712
8|322|8|322|sample|6|174|6|174|55.0,0.003072,43953,2,6,57415.875,489,0,0,1,27894.8,27892.7,35718.1,34662,1.54754,1.79922
8|322|8|322|sample|6|174|6|174|55.0,0.01536,17317,3,6,57415.875,489,0,0,1,28148.1,28146.1,18087.7,17194.1,-0.286002,0.047968
8|322|8|322|sample|6|174|6|174|55.0,0.0768,3170,4,6,57415.875,489,0,0,1,28340.8,28338.9,6496.82,6144.07,-3.43717,-3.24913
8|322|8|322|sample|6|174|6|174|55.0,0.384,1668,5,6,57415.875,489,0,0,1,28340.8,28338.9,2175.11,2080.29,-1.56492,-1.3303
8|322|8|322|sample|6|174|6|174|55.0,1.92,986,6,6,57415.875,489,0,0,1,28148.1,28146.1,922.341,900.385,0.46328,0.638251
8|322|8|322|sample|6|174|6|174|55.0,9.6,876,7,6,57415.875,489,0,0,1,27894.8,27892.7,586.542,581.906,3.31252,3.39239
8|322|8|322|sample|6|174|6|174|55.0,48,568,8,6,57415.875,489,0,0,1,27561.8,27559.8,494.901,494.197,0.991445,1.00241
8|322|8|322|sample|5|174|5|174|55.0,0.0006144,57284,1,5,57415.875,489,0,0,1,27561.8,27559.8,45244.5,46292.7,1.78615,1.59371
8|322|8|322|sample|5|174|5|174|55.0,0.003072,45244,2,5,57415.875,489,0,0,1,27894.8,27892.7,32563.8,33538.9,2.61374,2.34262
8|322|8|322|sample|5|174|5|174|55.0,0.01536,15013,3,5,57415.875,489,0,0,1,28148.1,28146.1,16768.5,16864.6,-0.702701,-0.736956
8|322|8|322|sample|5|174|5|174|55.0,0.0768,3166,4,5,57415.875,489,0,0,1,28340.8,28338.9,6597.83,6296.23,-3.49138,-3.33709
8|322|8|322|sample|5|174|5|174|55.0,0.384,1700,5,5,57415.875,489,0,0,1,28340.8,28338.9,2439.22,2222.15,-2.0342,-1.57724
8|322|8|322|sample|5|174|5|174|55.0,1.92,1178,6,5,57415.875,489,0,0,1,28148.1,28146.1,1065.53,966.323,0.708479,1.47036
8|322|8|322|sample|5|174|5|174|55.0,9.6,802,7,5,57415.875,489,0,0,1,27894.8,27892.7,645.166,606.822,1.6317,2.15895
8|322|8|322|sample|5|174|5|174|55.0,48,592,8,5,57415.875,489,0,0,1,27561.8,27559.8,516.227,502.749,0.985245,1.19161
8|322|8|322|sample|3|174|3|174|55.0,0.000064,68369,1,3,57415.875,489,0,0,1,27561.8,27559.8,53908.7,53720.2,1.80048,1.83037
8|322|8|322|sample|3|174|3|174|55.0,0.00032,67810,2,3,57415.875,489,0,0,1,27894.8,27892.7,52142.3,51437.7,2.01691,2.1365
8|322|8|322|sample|3|174|3|174|55.0,0.0016,52285,3,3,57415.875,489,0,0,1,28148.1,28146.1,43715.2,42087.4,1.31587,1.62637
8|322|8|322|sample|3|174|3|174|55.0,0.008,24757,4,3,57415.875,489,0,0,1,28148.1,28146.1,24722.4,23238.5,0.0093823,0.438603
8|322|8|322|sample|3|174|3|174|55.0,0.04,6502,5,3,57415.875,489,0,0,1,28148.1,28146.1,8520.54,8153.08,-1.59017,-1.35931
8|322|8|322|sample|3|174|3|174|55.0,0.2,1324,6,3,57415.875,489,0,0,1,28148.1,28146.1,2455.17,2456.93,-3.09256,-3.09516
8|322|8|322|sample|3|174|3|174|55.0,1,1184,7,3,57415.875,489,0,0,1,27894.8,27892.7,911.167,936.684,2.00989,1.77227
8|322|8|322|sample|3|174|3|174|55.0,5,732,8,3,57415.875,489,0,0,1,27561.8,27559.8,560.688,572.279,2.05087,1.87338
8|322|8|322|sample|4|174|4|174|55.0,0.000064,62415,1,4,57415.875,489,0,0,1,27561.8,27559.8,53960.5,54140.4,1.05168,1.02589
8|322|8|322|sample|4|174|4|174|55.0,0.00032,67704,2,4,57415.875,489,0,0,1,27894.8,27892.7,52426.2,52951.4,1.95607,1.87009
8|322|8|322|sample|4|174|4|174|55.0,0.0016,62973,3,4,57415.875,489,0,0,1,28148.1,28146.1,44838.3,46142.4,2.71478,2.44834
8|322|8|322|sample|4|174|4|174|55.0,0.008,31769,4,4,57415.875,489,0,0,1,28340.8,28338.9,26917.1,28383.9,1.20991,0.800524
8|322|8|322|sample|4|174|4|174|55.0,0.04,7024,5,4,57415.875,489,0,0,1,28340.8,28338.9,9826.39,10271.4,-1.91429,-2.12214
8|322|8|322|sample|4|174|4|174|55.0,0.2,2158,6,4,57415.875,489,0,0,1,28148.1,28146.1,2858.29,2874.56,-1.64453,-1.67322
8|322|8|322|sample|4|174|4|174|55.0,1,1208,7,4,57415.875,489,0,0,1,27894.8,27892.7,1016.33,994.325,1.26588,1.44244
8|322|8|322|sample|4|174|4|174|55.0,5,738,8,4,57415.875,489,0,0,1,27561.8,27559.8,586.448,576.237,1.73462,1.8843
8|322|8|322|sample|10|174|10|174|32.0,0.0003648,59489,1,10,57415.875,489,0,0,1,27561.8,27559.7,54608.7,54628.4,0.59987,0.597235
8|322|8|322|sample|10|174|10|174|32.0,0.001824,58098,2,10,57415.875,489,0,0,1,27894.8,27892.7,54872.5,54586.9,0.394556,0.43174
8|322|8|322|sample|10|174|10|174|32.0,0.00912,33755,3,10,57415.875,489,0,0,1,28148.1,28146,43118.2,40517.3,-1.4576,-1.12027
8|322|8|322|sample|10|174|10|174|32.0,0.0456,5730,4,10,57415.875,489,0,0,1,28148.1,28146,4922.05,5140.83,1.10182,0.769266
8|322|8|322|sample|10|174|10|174|32.0,0.228,522,5,10,57415.875,489,0,0,1,28148.1,28146,600.725,654.038,-0.879648,-1.35509
8|322|8|322|sample|10|174|10|174|32.0,1.14,508,6,10,57415.875,489,0,0,1,28148.1,28146,478.56,481.697,0.412927,0.366524
8|322|8|322|sample|10|174|10|174|32.0,5.7,466,7,10,57415.875,489,0,0,1,27894.8,27892.7,471.02,471.334,-0.071539,-0.0759611
8|322|8|322|sample|10|174|10|174|32.0,28.5,506,8,10,57415.875,489,0,0,1,27561.8,27559.7,465.2,465.498,0.588704,0.584022
8|322|8|322|sample|9|174|9|174|32.0,0.0003648,63211,1,9,57415.875,489,0,0,1,27561.8,27559.7,54619.1,54643.1,1.05588,1.05247
8|322|8|322|sample|9|174|9|174|32.0,0.001824,58837,2,9,57415.875,489,0,0,1,27894.8,27892.7,55255.9,54967.8,0.435027,0.472486
8|322|8|322|sample|9|174|9|174|32.0,0.00912,39073,3,9,57415.875,489,0,0,1,28148.1,28146,52910.2,46533.2,-1.75542,-1.07612
8|322|8|322|sample|9|174|9|174|32.0,0.0456,8670,4,9,57415.875,489,0,0,1,28340.8,28338.8,10695.6,8019.13,-1.27122,0.5448
8|322|8|322|sample|9|174|9|174|32.0,0.228,700,5,9,57415.875,489,0,0,1,28340.8,28338.8,633.263,752.396,0.707379,-0.467438
8|322|8|322|sample|9|174|9|174|32.0,1.14,472,6,9,57415.875,489,0,0,1,28148.1,28146,477.201,484.011,-0.0731561,-0.166572
8|322|8|322|sample|9|174|9|174|32.0,5.7,500,7,9,57415.875,489,0,0,1,27894.8,27892.7,470.959,471.384,0.4139,0.407486
8|322|8|322|sample|9|174|9|174|32.0,28.5,482,8,9,57415.875,489,0,0,1,27561.8,27559.7,465.198,465.499,0.242439,0.23794
8|322|8|322|sample|7|174|7|174|32.0,0.0000768,65787,1,7,57415.875,489,0,0,1,27561.8,27559.7,54618.9,54653.7,1.37249,1.36734
8|322|8|322|sample|7|174|7|174|32.0,0.000384,73386,2,7,57415.875,489,0,0,1,27894.8,27892.7,55273.9,55304.2,2.19948,2.1946
8|322|8|322|sample|7|174|7|174|32.0,0.00192,64997,3,7,57415.875,489,0,0,1,28148.1,28146,55280.6,55482.6,1.17978,1.15105
8|322|8|322|sample|7|174|7|174|32.0,0.0096,39945,4,7,57415.875,489,0,0,1,28340.8,28338.8,44770.9,46851.6,-0.723531,-0.989492
8|322|8|322|sample|7|174|7|174|32.0,0.048,8318,5,7,57415.875,489,0,0,1,28340.8,28338.8,7483.24,7724.41,0.748761,0.515813
8|322|8|322|sample|7|174|7|174|32.0,0.24,670,6,7,57415.875,489,0,0,1,28148.1,28146,768.788,723.515,-0.86252,-0.496478
8|322|8|322|sample|7|174|7|174|32.0,1.2,500,7,7,57415.875,489,0,0,1,27894.8,27892.7,481.775,478.555,0.253913,0.300791
8|322|8|322|sample|7|174|7|174|32.0,6,490,8,7,57415.875,489,0,0,1,27561.8,27559.7,465.595,465.712,0.351844,0.350063
8|322|8|322|sample|8|174|8|174|32.0,0.0000768,62071,1,8,57415.875,489,0,0,1,27561.8,27559.7,54619.5,54653.3,0.915737,0.911016
8|322|8|322|sample|8|174|8|174|32.0,0.000384,68715,2,8,57415.875,489,0,0,1,27894.8,27892.7,55288.7,55295.6,1.63003,1.62897
8|322|8|322|sample|8|174|8|174|32.0,0.00192,70174,3,8,57415.875,489,0,0,1,28148.1,28146,55621.3,55330.4,1.75621,1.80073
8|322|8|322|sample|8|174|8|174|32.0,0.0096,40494,4,8,57415.875,489,0,0,1,28340.8,28338.8,49811.3,45737.8,-1.25555,-0.769566
8|322|8|322|sample|8|174|8|174|32.0,0.048,8992,5,8,57415.875,489,0,0,1,28340.8,28338.8,9719.91,8409.09,-0.502676,0.465289
8|322|8|322|sample|8|174|8|174|32.0,0.24,784,6,8,57415.875,489,0,0,1,28148.1,28146,756.872,825.411,0.240585,-0.336759
8|322|8|322|sample|8|174|8|174|32.0,1.2,536,7,8,57415.875,489,0,0,1,27894.8,27892.7,478.148,484.5,0.812128,0.713486
8|322|8|322|sample|12|174|12|174|22.0,0.0003712,46716,1,12,57415.875,489,0,0,1,27561.8,27572.4,54515.7,54571.3,-0.960347,-0.966209
8|322|8|322|sample|12|174|12|174|22.0,0.001856,42028,2,12,57415.875,489,0,0,1,27561.8,27572.4,53167.7,53415.9,-1.40636,-1.43102
8|322|8|322|sample|12|174|12|174|22.0,0.00928,33001,3,12,57415.875,489,0,0,1,27561.8,27572.4,39292.3,40379,-1.07475,-1.22647
8|322|8|322|sample|12|174|12|174|22.0,0.0464,9910,4,12,57415.875,489,0,0,1,27561.8,27572.4,8616.63,8855.83,1.00753,0.799011
8|322|8|322|sample|12|174|12|174|22.0,0.2319999999999999,1086,5,12,57415.875,489,0,0,1,27561.8,27572.4,1149.57,1129.86,-0.371186,-0.260537
8|322|8|322|sample|12|174|12|174|22.0,1.16,452,6,12,57415.875,489,0,0,1,27561.8,27572.4,537.037,533.069,-1.06286,-1.0208
8|322|8|322|sample|12|174|12|174|22.0,5.8,472,7,12,57415.875,489,0,0,1,27561.8,27572.4,493.772,493.596,-0.295968,-0.293676
8|322|8|322|sample|12|174|12|174|22.0,29,506,8,12,57415.875,489,0,0,1,27561.8,27572.4,490.751,491.014,0.208576,0.20487
8|322|8|322|sample|8|174|8|174|22.0,29,490,8,8,57415.875,489,0,0,1,27561.8,27572.4,623.286,511.346,-1.43539,-0.28021
8|322|8|322|sample|11|174|11|174|22.0,0.0003712,53154,1,11,57415.875,489,0,0,1,27561.8,27572.4,54601.7,54629,-0.17797,-0.181239
8|322|8|322|sample|11|174|11|174|22.0,0.001856,50238,2,11,57415.875,489,0,0,1,27894.8,27905.5,54904.2,54810.7,-0.570468,-0.559991
8|322|8|322|sample|11|174|11|174|22.0,0.00928,51061,3,11,57415.875,489,0,0,1,27894.8,27905.5,47947.6,46699.5,0.435855,0.626904
8|322|8|322|sample|11|174|11|174|22.0,0.0464,11824,4,11,57415.875,489,0,0,1,27894.8,27905.5,13091.4,12037.6,-0.649816,-0.119088
8|322|8|322|sample|11|174|11|174|22.0,0.2319999999999999,1284,5,11,57415.875,489,0,0,1,27894.8,27905.5,1241.85,1214.13,0.22784,0.386278
8|322|8|322|sample|11|174|11|174|22.0,1.16,466,6,11,57415.875,489,0,0,1,27894.8,27905.5,531.459,532.882,-0.826751,-0.842461
8|322|8|322|sample|11|174|11|174|22.0,5.8,472,7,11,57415.875,489,0,0,1,27894.8,27905.5,498.187,498.56,-0.352836,-0.357586
8|322|8|322|sample|11|174|11|174|32.0,6,490,8,11,57415.875,489,0,0,1,27561.8,27559.7,49202.1,502.069,-6.64547,-0.161357
8|322|8|322|cc|1|1|174|1|174|69.0,0,458,1,1,57415.875,489,0,1,0,nan,nan,465.185,465.478,-0.103668,-0.107829
8|322|8|322|cc|2|1|174|1|174|69.0,0,448,2,1,57415.875,489,0,1,0,nan,nan,465.185,465.478,-0.247962,-0.252032
8|322|8|322|cc|3|1|174|1|174|69.0,0,402,3,1,57415.875,489,0,1,0,nan,nan,465.185,465.478,-0.911713,-0.915365
8|322|8|322|cc|4|1|174|1|174|69.0,0,478,4,1,57415.875,489,0,1,0,nan,nan,465.185,465.478,0.184919,0.180577
8|322|8|322|cc|5|1|174|1|174|69.0,0,488,5,1,57415.875,489,0,1,0,nan,nan,465.185,465.478,0.329212,0.32478
8|322|8|322|cc|6|1|174|1|174|69.0,0,550,6,1,57415.875,489,0,1,0,nan,nan,465.185,465.478,1.22383,1.21884
8|322|8|322|cc|7|1|174|1|174|69.0,0,526,7,1,57415.875,489,0,1,0,nan,nan,465.185,465.478,0.877528,0.87275
8|322|8|322|cc|8|1|174|1|174|69.0,0,562,8,1,57415.875,489,0,1,0,nan,nan,465.185,465.478,1.39699,1.39188
8|322|8|322|vc|1|2|174|2|174|69.0,0,64086,1,2,57415.875,489,1,0,0,nan,nan,54619.6,54654,1.16335,1.15839
8|322|8|322|vc|2|2|174|2|174|69.0,0,59601,2,2,57415.875,489,1,0,0,nan,nan,55293.3,55314.3,0.522927,0.520188
8|322|8|322|vc|3|2|174|2|174|69.0,0,60716,3,2,57415.875,489,1,0,0,nan,nan,55293.3,55314.3,0.658282,0.655492
8|322|8|322|vc|4|2|174|2|174|69.0,0,64995,4,2,57415.875,489,1,0,0,nan,nan,55293.3,55314.3,1.17773,1.17474
8|322|8|322|vc|5|2|174|2|174|69.0,0,56075,5,2,57415.875,489,1,0,0,nan,nan,55293.3,55314.3,0.094889,0.0923128
8|322|8|322|vc|6|2|174|2|174|69.0,0,55557,6,2,57415.875,489,1,0,0,nan,nan,55293.3,55314.3,0.0320066,0.0294541
8|322|8|322|vc|7|2|174|2|174|69.0,0,54622,7,2,57415.875,489,1,0,0,nan,nan,55293.3,55314.3,-0.0814974,-0.0840069
8|322|8|322|vc|8|2|174|2|174|69.0,0,43675,8,2,57415.875,489,1,0,0,nan,nan,54619.6,54654,-1.345,-1.34838
8|1043|8|1043|sample|6|174|6|174|65.0,0.0004351999999999,53834,1,6,53952,485,0,0,1,25911.2,25265,50004.6,50076.9,0.514039,0.503605
8|1043|8|1043|sample|6|174|6|174|65.0,0.0021759999999999,53832,2,6,53952,485,0,0,1,26224.2,25732.5,50954.3,50893.7,0.379088,0.387533
8|1043|8|1043|sample|6|174|6|174|65.0,0.0108799999999999,37408,3,6,53952,485,0,0,1,26462.4,26088.1,50910.1,46298.7,-1.78021,-1.28896
8|1043|8|1043|sample|6|174|6|174|65.0,0.0543999999999999,8112,4,6,53952,485,0,0,1,26643.5,26358.7,8346.59,7579.92,-0.188654,0.471177
8|1043|8|1043|sample|6|174|6|174|65.0,0.2719999999999999,562,5,6,53952,485,0,0,1,26643.5,26358.7,495.746,624.947,0.897072,-0.67609
8|1043|8|1043|sample|6|174|6|174|65.0,1.36,452,6,6,53952,485,0,0,1,26462.4,26088.1,465.485,468.583,-0.194448,-0.237548
8|1043|8|1043|sample|6|174|6|174|65.0,6.8,476,7,6,53952,485,0,0,1,26224.2,25732.5,458.911,459.407,0.249955,0.242434
8|1043|8|1043|sample|6|174|6|174|65.0,131,498,8,6,53952,485,0,0,1,25911.2,25265,450.339,451.009,0.710392,0.699367
8|1043|8|1043|sample|7|174|7|174|65.0,0.0016767999999999,37150,1,7,53952,485,0,0,1,25911.2,25265,46922.5,45663.4,-1.39797,-1.25143
8|1043|8|1043|sample|7|174|7|174|65.0,0.0083839999999999,21354,2,7,53952,485,0,0,1,26224.2,25732.5,24924.7,22724.7,-0.961614,-0.404866
8|1043|8|1043|sample|7|174|7|174|65.0,0.04192,3898,3,7,53952,485,0,0,1,26462.4,26088.1,3299.6,3390.72,1.21732,1.00422
8|1043|8|1043|sample|7|174|7|174|65.0,0.2096,538,4,7,53952,485,0,0,1,26643.5,26358.7,658.658,710.407,-1.22961,-1.629
8|1043|8|1043|sample|7|174|7|174|65.0,1.048,474,5,7,53952,485,0,0,1,26643.5,26358.7,482.13,489.055,-0.113188,-0.206634
8|1043|8|1043|sample|7|174|7|174|65.0,5.24,484,6,7,53952,485,0,0,1,26462.4,26088.1,466.142,467.113,0.257144,0.24267
8|1043|8|1043|sample|7|174|7|174|65.0,26.2,498,7,7,53952,485,0,0,1,26224.2,25732.5,458.955,459.461,0.571035,0.563024
8|1043|8|1043|sample|7|174|7|174|65.0,131,562,8,7,53952,485,0,0,1,25911.2,25265,450.342,451.017,1.66426,1.65172
8|1043|8|1043|sample|8|174|8|174|65.0,0.0016767999999999,42907,1,8,53952,485,0,0,1,25911.2,25265,49521.9,49383.6,-0.896605,-0.880309
8|1043|8|1043|sample|8|174|8|174|65.0,0.0083839999999999,30010,2,8,53952,485,0,0,1,26224.2,25732.5,39942.1,38023,-1.6691,-1.41456
8|1043|8|1043|sample|8|174|8|174|65.0,0.04192,6668,3,8,53952,485,0,0,1,26462.4,26088.1,6211.78,5914.13,0.49298,0.855608
8|1043|8|1043|sample|8|174|8|174|65.0,0.2096,608,4,8,53952,485,0,0,1,26643.5,26358.7,699.953,722.582,-0.8818,-1.06439
8|1043|8|1043|sample|8|174|8|174|65.0,1.048,452,5,8,53952,485,0,0,1,26643.5,26358.7,478.482,480.945,-0.371501,-0.403966
8|1043|8|1043|sample|8|174|8|174|65.0,5.24,462,6,8,53952,485,0,0,1,26462.4,26088.1,465.699,466.126,-0.0533221,-0.0594193
8|1043|8|1043|sample|8|174|8|174|65.0,26.2,470,7,8,53952,485,0,0,1,26224.2,25732.5,458.921,459.371,0.162051,0.15531
8|1043|8|1043|sample|8|174|8|174|65.0,34,498,8,8,53952,485,0,0,1,25911.2,25265,450.344,451.019,0.710299,0.699202
8|1043|8|1043|sample|5|174|5|174|65.0,0.0004351999999999,40066,1,5,53952,485,0,0,1,25911.2,25265,49996.4,50061,-1.33321,-1.34015
8|1043|8|1043|sample|5|174|5|174|65.0,0.0021759999999999,35532,2,5,53952,485,0,0,1,26224.2,25732.5,50670.9,50510.8,-2.00543,-1.99051
8|1043|8|1043|sample|5|174|5|174|65.0,0.0108799999999999,26577,3,5,53952,485,0,0,1,26462.4,26088.1,43316,40828,-2.59391,-2.34294
8|1043|8|1043|sample|5|174|5|174|65.0,0.0543999999999999,7608,4,5,53952,485,0,0,1,26643.5,26358.7,7193.87,6668.86,0.386406,0.945259
8|1043|8|1043|sample|5|174|5|174|65.0,0.2719999999999999,586,5,5,53952,485,0,0,1,26643.5,26358.7,694.533,727.431,-1.04892,-1.30504
8|1043|8|1043|sample|5|174|5|174|65.0,1.36,472,6,5,53952,485,0,0,1,26462.4,26088.1,471.907,475.07,0.00132786,-0.0433784
8|1043|8|1043|sample|5|174|5|174|65.0,6.8,462,7,5,53952,485,0,0,1,26224.2,25732.5,459.097,459.693,0.04244,0.0336905
8|1043|8|1043|sample|5|174|5|174|65.0,34,504,8,5,53952,485,0,0,1,25911.2,25265,450.344,451.021,0.799733,0.788462
8|1043|8|1043|sample|11|174|11|174|28.0,0.0014272,37302,1,11,53952,485,0,0,1,25911.2,25267.8,49522.9,49486.6,-1.65642,-1.65271
8|1043|8|1043|sample|11|174|11|174|28.0,0.007136,24945,2,11,53952,485,0,0,1,26224.2,25735.3,40730.3,39907.1,-2.6014,-2.5166
8|1043|8|1043|sample|11|174|11|174|28.0,0.03568,8204,3,11,53952,485,0,0,1,26224.2,25735.3,7134.48,7155.63,1.00623,0.983423
8|1043|8|1043|sample|11|174|11|174|28.0,0.1784,666,4,11,53952,485,0,0,1,26224.2,25735.3,759.901,793.948,-0.829438,-1.08172
8|1043|8|1043|sample|11|174|11|174|28.0,0.892,476,5,11,53952,485,0,0,1,26224.2,25735.3,476.052,479.23,-0.000728695,-0.0452472
8|1043|8|1043|sample|11|174|11|174|28.0,4.46,454,6,11,53952,485,0,0,1,26224.2,25735.3,465.015,465.63,-0.158998,-0.167653
8|1043|8|1043|sample|11|174|11|174|28.0,22.3,504,7,11,53952,485,0,0,1,26224.2,25735.3,464.588,465.046,0.569415,0.56225
8|1043|8|1043|sample|11|174|11|174|28.0,111.5,614,8,11,53952,485,0,0,1,25911.2,25267.8,455.894,456.573,2.32786,2.31442
8|1043|8|1043|sample|12|174|12|174|28.0,0.0014272,41296,1,12,53952,485,0,0,1,25911.2,25267.8,49562.1,49747.4,-1.11949,-1.14033
8|1043|8|1043|sample|12|174|12|174|28.0,0.007136,29404,2,12,53952,485,0,0,1,25911.2,25267.8,40659,41853.5,-1.85806,-1.99661
8|1043|8|1043|sample|12|174|12|174|28.0,0.03568,8528,3,12,53952,485,0,0,1,25911.2,25267.8,7537.77,7680.54,0.881788,0.740626
8|1043|8|1043|sample|12|174|12|174|28.0,0.1784,660,4,12,53952,485,0,0,1,25911.2,25267.8,774.152,741.163,-0.989758,-0.73505
8|1043|8|1043|sample|12|174|12|174|28.0,0.892,452,5,12,53952,485,0,0,1,25911.2,25267.8,468.308,466.26,-0.23374,-0.205288
8|1043|8|1043|sample|12|174|12|174|28.0,4.46,528,6,12,53952,485,0,0,1,25911.2,25267.8,456.375,456.9,1.05346,1.04454
8|1043|8|1043|sample|12|174|12|174|28.0,22.3,452,7,12,53952,485,0,0,1,25911.2,25267.8,455.912,456.583,-0.0575984,-0.0673714
8|1043|8|1043|sample|12|174|12|174|28.0,111.5,496,8,12,53952,485,0,0,1,25911.2,25267.8,455.894,456.572,0.590493,0.579653
8|1043|8|1043|sample|10|174|10|174|28.0,0.0004479999999999,48855,1,10,53952,485,0,0,1,25911.2,25267.8,50003.3,50076.9,-0.15415,-0.16379
8|1043|8|1043|sample|10|174|10|174|28.0,0.00224,48559,2,10,53952,485,0,0,1,26224.2,25735.3,50880.3,50902.2,-0.30623,-0.308996
8|1043|8|1043|sample|10|174|10|174|28.0,0.0111999999999999,34900,3,10,53952,485,0,0,1,26462.4,26091,47404.5,46894,-1.7706,-1.7168
8|1043|8|1043|sample|10|174|10|174|28.0,0.0559999999999999,9316,4,10,53952,485,0,0,1,26462.4,26091,8358.38,8664.51,0.769031,0.5047
8|1043|8|1043|sample|10|174|10|174|28.0,0.2799999999999999,602,5,10,53952,485,0,0,1,26462.4,26091,625.277,663.316,-0.249873,-0.620475
8|1043|8|1043|sample|10|174|10|174|28.0,1.4,496,6,10,53952,485,0,0,1,26462.4,26091,473.719,475.25,0.315701,0.293074
8|1043|8|1043|sample|10|174|10|174|28.0,7,490,7,10,53952,485,0,0,1,26224.2,25735.3,464.613,465.094,0.366767,0.35945
8|1043|8|1043|sample|10|174|10|174|28.0,35,514,8,10,53952,485,0,0,1,25911.2,25267.8,455.894,456.573,0.855515,0.844264
8|1043|8|1043|sample|9|174|9|174|28.0,0.0004479999999999,56634,1,9,53952,485,0,0,1,25911.2,25267.8,50002.4,50071.2,0.890225,0.879778
8|1043|8|1043|sample|9|174|9|174|28.0,0.00224,53714,2,9,53952,485,0,0,1,26224.2,25735.3,50857.9,50766.5,0.376947,0.389719
8|1043|8|1043|sample|9|174|9|174|28.0,0.0111999999999999,39723,3,9,53952,485,0,0,1,26462.4,26091,47589.2,45234.2,-1.10951,-0.817803
8|1043|8|1043|sample|9|174|9|174|28.0,0.0559999999999999,10710,4,9,53952,485,0,0,1,26643.5,26361.6,11133.3,10056.8,-0.255214,0.435988
8|1043|8|1043|sample|9|174|9|174|28.0,0.2799999999999999,828,5,9,53952,485,0,0,1,26643.5,26361.6,776.487,859.708,0.445307,-0.247565
8|1043|8|1043|sample|9|174|9|174|28.0,1.4,508,6,9,53952,485,0,0,1,26462.4,26091,477.884,484.003,0.423011,0.332803
8|1043|8|1043|sample|9|174|9|174|28.0,7,462,7,9,53952,485,0,0,1,26224.2,25735.3,464.721,465.427,-0.0392946,-0.04942
8|1043|8|1043|sample|9|174|9|174|28.0,35,546,8,9,53952,485,0,0,1,25911.2,25267.8,455.897,456.585,1.32662,1.31451
8|1043|8|1043|sample|4|174|4|174|22.0,0.0010624,51341,1,4,53952,485,0,0,1,25911.2,25276.9,50000.9,49957.9,0.179898,0.185834
8|1043|8|1043|sample|4|174|4|174|22.0,0.005312,47213,2,4,53952,485,0,0,1,26224.2,25744.6,50723,48635.9,-0.464491,-0.196376
8|1043|8|1043|sample|4|174|4|174|22.0,0.02656,25619,3,4,53952,485,0,0,1,26462.4,26100.5,40125.7,26230.4,-2.42671,-0.156468
8|1043|8|1043|sample|4|174|4|174|22.0,0.1328,3204,4,4,53952,485,0,0,1,26643.5,26371.1,3176.99,2970.23,0.0570711,0.52829
8|1043|8|1043|sample|4|174|4|174|22.0,0.664,534,5,4,53952,485,0,0,1,26643.5,26371.1,540.31,624.355,-0.0783914,-0.971389
8|1043|8|1043|sample|4|174|4|174|22.0,3.32,492,6,4,53952,485,0,0,1,26462.4,26100.5,490.789,496.737,0.0165591,-0.0640139
8|1043|8|1043|sample|4|174|4|174|22.0,16.6,542,7,4,53952,485,0,0,1,26224.2,25744.6,483.24,484.007,0.816192,0.804259
8|1043|8|1043|sample|4|174|4|174|22.0,83,532,8,4,53952,485,0,0,1,25911.2,25276.9,474.203,474.923,0.818118,0.806696
8|1043|8|1043|sample|3|174|3|174|22.0,0.0010624,52337,1,3,53952,485,0,0,1,25911.2,25276.9,49959.6,49974.9,0.319416,0.317262
8|1043|8|1043|sample|3|174|3|174|22.0,0.005312,52465,2,3,53952,485,0,0,1,26224.2,25744.6,49792.4,48983.5,0.360284,0.477072
8|1043|8|1043|sample|3|174|3|174|22.0,0.02656,24983,3,3,53952,485,0,0,1,26462.4,26100.5,32225.2,28526.7,-1.5085,-0.833825
8|1043|8|1043|sample|3|174|3|174|22.0,0.1328,3902,4,3,53952,485,0,0,1,26462.4,26100.5,3515.74,3433.84,0.737456,0.915133
8|1043|8|1043|sample|3|174|3|174|22.0,0.664,468,5,3,53952,485,0,0,1,26462.4,26100.5,613.616,647.35,-1.59288,-1.85966
8|1043|8|1043|sample|3|174|3|174|22.0,3.32,434,6,3,53952,485,0,0,1,26462.4,26100.5,494.847,498.318,-0.825354,-0.866354
8|1043|8|1043|sample|3|174|3|174|22.0,16.6,466,7,3,53952,485,0,0,1,26224.2,25744.6,483.41,484.09,-0.241741,-0.250834
8|1043|8|1043|sample|3|174|3|174|22.0,83,476,8,3,53952,485,0,0,1,25911.2,25276.9,474.209,474.927,0.0253455,0.0151592
8|1043|8|1043|cc|1|1|174|1|174|69.0,0,462,1,1,53952,485,0,1,0,nan,nan,449.515,450.183,0.186434,0.176188
8|1043|8|1043|cc|2|1|174|1|174|69.0,0,482,2,1,53952,485,0,1,0,nan,nan,449.515,450.183,0.485081,0.474392
8|1043|8|1043|cc|3|1|174|1|174|69.0,0,512,3,1,53952,485,0,1,0,nan,nan,449.515,450.183,0.933052,0.921697
8|1043|8|1043|cc|4|1|174|1|174|69.0,0,514,4,1,53952,485,0,1,0,nan,nan,449.515,450.183,0.962917,0.951518
8|1043|8|1043|cc|5|1|174|1|174|69.0,0,496,5,1,53952,485,0,1,0,nan,nan,449.515,450.183,0.694134,0.683134
8|1043|8|1043|cc|6|1|174|1|174|69.0,0,482,6,1,53952,485,0,1,0,nan,nan,449.515,450.183,0.485081,0.474392
8|1043|8|1043|cc|7|1|174|1|174|69.0,0,458,7,1,53952,485,0,1,0,nan,nan,449.515,450.183,0.126704,0.116547
8|1043|8|1043|cc|8|1|174|1|174|69.0,0,474,8,1,53952,485,0,1,0,nan,nan,449.515,450.183,0.365622,0.35511
8|1043|8|1043|vc|1|2|174|2|174|69.0,0,50112,1,2,53952,485,1,0,0,nan,nan,50004.6,50079,0.0144195,0.0044292
8|1043|8|1043|vc|2|2|174|2|174|69.0,0,56646,2,2,53952,485,1,0,0,nan,nan,50956.4,51005.6,0.749474,0.742276
8|1043|8|1043|vc|3|2|174|2|174|69.0,0,62497,3,2,53952,485,1,0,0,nan,nan,50956.4,51005.6,1.52021,1.51227
8|1043|8|1043|vc|4|2|174|2|174|69.0,0,57542,4,2,53952,485,1,0,0,nan,nan,50956.4,51005.6,0.867501,0.86019
8|1043|8|1043|vc|5|2|174|2|174|69.0,0,52635,5,2,53952,485,1,0,0,nan,nan,50956.4,51005.6,0.221118,0.21443
8|1043|8|1043|vc|6|2|174|2|174|69.0,0,56628,6,2,53952,485,1,0,0,nan,nan,50956.4,51005.6,0.747103,0.739907
8|1043|8|1043|vc|7|2|174|2|174|69.0,0,50206,7,2,53952,485,1,0,0,nan,nan,50956.4,51005.6,-0.0988461,-0.105225
8|1043|8|1043|vc|8|2|174|2|174|69.0,0,45350,8,2,53952,485,1,0,0,nan,nan,50004.6,50079,-0.624803,-0.633844
8|963|8|963|sample|6|319|6|319|55.0,0.0006144,23222,1,6,44968.25,445.75,0,0,1,21616.6,20847.4,26812,26812,-0.898757,-0.898751
8|963|8|963|sample|6|319|6|319|55.0,0.003072,9404,2,6,44968.25,445.75,0,0,1,21877.7,21308.3,8115.75,8268.15,1.06547,0.922119
8|963|8|963|sample|6|319|6|319|55.0,0.01536,1486,3,6,44968.25,445.75,0,0,1,22076.4,21658.9,1672.39,1722.26,-0.74808,-0.920794
8|963|8|963|sample|6|319|6|319|55.0,0.0768,804,4,6,44968.25,445.75,0,0,1,22227.5,21925.7,701.162,710.123,0.984482,0.887361
8|963|8|963|sample|6|319|6|319|55.0,0.384,554,5,6,44968.25,445.75,0,0,1,22227.5,21925.7,576.68,577.55,-0.263986,-0.273698
8|963|8|963|sample|6|319|6|319|55.0,1.92,578,6,6,44968.25,445.75,0,0,1,22076.4,21658.9,554.737,554.123,0.281486,0.289237
8|963|8|963|sample|6|319|6|319|55.0,9.6,540,7,6,44968.25,445.75,0,0,1,21877.7,21308.3,544.131,543.137,-0.0509584,-0.0387709
8|963|8|963|sample|6|319|6|319|55.0,48,524,8,6,44968.25,445.75,0,0,1,21616.6,20847.4,532.372,531.143,-0.105554,-0.090273
8|963|8|963|sample|5|319|5|319|55.0,0.0006144,21356,1,5,44968.25,445.75,0,0,1,21616.6,20847.4,28121.6,28345.9,-1.61488,-1.65521
8|963|8|963|sample|5|319|5|319|55.0,0.003072,12368,2,5,44968.25,445.75,0,0,1,21877.7,21308.3,10332.2,10580.7,1.32259,1.13382
8|963|8|963|sample|5|319|5|319|55.0,0.01536,2146,3,5,44968.25,445.75,0,0,1,22076.4,21658.9,2375.45,2439.7,-0.648367,-0.808054
8|963|8|963|sample|5|319|5|319|55.0,0.0768,922,4,5,44968.25,445.75,0,0,1,22227.5,21925.7,839.81,850.429,0.656914,0.564901
8|963|8|963|sample|5|319|5|319|55.0,0.384,564,5,5,44968.25,445.75,0,0,1,22227.5,21925.7,600.6,601.698,-0.409044,-0.420543
8|963|8|963|sample|5|319|5|319|55.0,1.92,616,6,5,44968.25,445.75,0,0,1,22076.4,21658.9,558.619,558.045,0.689488,0.697102
8|963|8|963|sample|5|319|5|319|55.0,9.6,510,7,5,44968.25,445.75,0,0,1,21877.7,21308.3,544.741,543.755,-0.428076,-0.416683
8|963|8|963|sample|5|319|5|319|55.0,48,534,8,5,44968.25,445.75,0,0,1,21616.6,20847.4,532.465,531.238,0.0193483,0.0348955
8|963|8|963|sample|4|319|4|319|55.0,0.000064,32065,1,4,44968.25,445.75,0,0,1,21616.6,20847.4,40938.6,40845.5,-1.45492,-1.44293
8|963|8|963|sample|4|319|4|319|55.0,0.00032,37511,2,4,44968.25,445.75,0,0,1,21877.7,21308.3,39040.8,38948.6,-0.263025,-0.247756
8|963|8|963|sample|4|319|4|319|55.0,0.0016,27141,3,4,44968.25,445.75,0,0,1,22076.4,21658.9,23733.2,23507.2,0.963792,1.03761
8|963|8|963|sample|4|319|4|319|55.0,0.008,4104,4,4,44968.25,445.75,0,0,1,22227.5,21925.7,5113.08,4986.86,-1.32469,-1.18834
8|963|8|963|sample|4|319|4|319|55.0,0.04,1172,5,4,44968.25,445.75,0,0,1,22227.5,21925.7,1053.59,1032.4,0.75437,0.907596
8|963|8|963|sample|4|319|4|319|55.0,0.2,588,6,4,44968.25,445.75,0,0,1,22076.4,21658.9,601.069,597.638,-0.145941,-0.108251
8|963|8|963|sample|4|319|4|319|55.0,1,672,7,4,44968.25,445.75,0,0,1,21877.7,21308.3,548.56,547.23,1.51044,1.53043
8|963|8|963|sample|4|319|4|319|55.0,5,534,8,4,44968.25,445.75,0,0,1,21616.6,20847.4,532.791,531.524,0.0152284,0.0312703
8|963|8|963|sample|3|319|3|319|55.0,0.000064,38041,1,3,44968.25,445.75,0,0,1,21616.6,20847.4,41215.9,41091,-0.51705,-0.498219
8|963|8|963|sample|3|319|3|319|55.0,0.00032,35786,2,3,44968.25,445.75,0,0,1,21877.7,21308.3,41293.9,40860.3,-0.895302,-0.833583
8|963|8|963|sample|3|319|3|319|55.0,0.0016,28073,3,3,44968.25,445.75,0,0,1,22076.4,21658.9,30379.3,28590.9,-0.509573,-0.121577
8|963|8|963|sample|3|319|3|319|55.0,0.008,5340,4,3,44968.25,445.75,0,0,1,22076.4,21658.9,5116.26,4998.87,0.293531,0.458064
8|963|8|963|sample|3|319|3|319|55.0,0.04,754,5,3,44968.25,445.75,0,0,1,22076.4,21658.9,809.504,845.624,-0.460236,-0.727285
8|963|8|963|sample|3|319|3|319|55.0,0.2,712,6,3,44968.25,445.75,0,0,1,22076.4,21658.9,565.685,569.39,1.73615,1.68117
8|963|8|963|sample|3|319|3|319|55.0,1,546,7,3,44968.25,445.75,0,0,1,21877.7,21308.3,544.527,543.882,0.0181598,0.0261449
8|963|8|963|sample|3|319|3|319|55.0,5,670,8,3,44968.25,445.75,0,0,1,21616.6,20847.4,532.374,531.168,1.73523,1.7544
8|963|8|963|sample|10|319|10|319|32.0,0.0003648,28692,1,10,44968.25,445.75,0,0,1,21616.6,20806.1,41258.4,41146.3,-2.04443,-2.03171
8|963|8|963|sample|10|319|10|319|32.0,0.001824,38931,2,10,44968.25,445.75,0,0,1,21877.7,21266.1,42096.8,41607.7,-0.504787,-0.431821
8|963|8|963|sample|10|319|10|319|32.0,0.00912,30460,3,10,44968.25,445.75,0,0,1,22076.4,21616.1,39048.5,32975.3,-1.47633,-0.511997
8|963|8|963|sample|10|319|10|319|32.0,0.0456,5540,4,10,44968.25,445.75,0,0,1,22076.4,21616.1,5706.75,5160.62,-0.196136,0.493446
8|963|8|963|sample|10|319|10|319|32.0,0.228,612,5,10,44968.25,445.75,0,0,1,22076.4,21616.1,549.401,663.689,0.764811,-0.522763
8|963|8|963|sample|10|319|10|319|32.0,1.14,454,6,10,44968.25,445.75,0,0,1,22076.4,21616.1,467.945,473.544,-0.200027,-0.277036
8|963|8|963|sample|10|319|10|319|32.0,5.7,472,7,10,44968.25,445.75,0,0,1,21877.7,21266.1,459.419,458.812,0.183807,0.19294
8|963|8|963|sample|10|319|10|319|32.0,28.5,442,8,10,44968.25,445.75,0,0,1,21616.6,20806.1,449.66,448.628,-0.114339,-0.0991646
8|963|8|963|sample|9|319|9|319|32.0,0.0003648,31797,1,9,44968.25,445.75,0,0,1,21616.6,20806.1,41244.7,41131.5,-1.53755,-1.52331
8|963|8|963|sample|9|319|9|319|32.0,0.001824,42931,2,9,44968.25,445.75,0,0,1,21877.7,21266.1,41731.3,41337.1,0.192965,0.25882
8|963|8|963|sample|9|319|9|319|32.0,0.00912,26667,3,9,44968.25,445.75,0,0,1,22076.4,21616.1,33228.2,30450.6,-1.3254,-0.834036
8|963|8|963|sample|9|319|9|319|32.0,0.0456,5088,4,9,44968.25,445.75,0,0,1,22227.5,21882.3,5031.6,4604.28,0.0752359,0.705188
8|963|8|963|sample|9|319|9|319|32.0,0.228,566,5,9,44968.25,445.75,0,0,1,22227.5,21882.3,649.631,671.546,-0.864118,-1.05497
8|963|8|963|sample|9|319|9|319|32.0,1.14,520,6,9,44968.25,445.75,0,0,1,22076.4,21616.1,472.932,474.776,0.668036,0.639375
8|963|8|963|sample|9|319|9|319|32.0,5.7,466,7,9,44968.25,445.75,0,0,1,21877.7,21266.1,459.614,458.911,0.0932567,0.103687
8|963|8|963|sample|9|319|9|319|32.0,28.5,550,8,9,44968.25,445.75,0,0,1,21616.6,20806.1,449.667,448.634,1.49771,1.51661
8|963|8|963|sample|7|319|7|319|32.0,0.0000768,38811,1,7,44968.25,445.75,0,0,1,21616.6,20806.1,41238.9,41128.1,-0.395181,-0.378166
8|963|8|963|sample|7|319|7|319|32.0,0.000384,39843,2,7,44968.25,445.75,0,0,1,21877.7,21266.1,41916.3,41711.6,-0.332018,-0.300705
8|963|8|963|sample|7|319|7|319|32.0,0.00192,42537,3,7,44968.25,445.75,0,0,1,22076.4,21616.1,40222.6,39335.6,0.386218,0.546292
8|963|8|963|sample|7|319|7|319|32.0,0.0096,19731,4,7,44968.25,445.75,0,0,1,22227.5,21882.3,24922.3,23157.9,-1.39817,-0.993295
8|963|8|963|sample|7|319|7|319|32.0,0.048,5488,5,7,44968.25,445.75,0,0,1,22227.5,21882.3,4914.37,4786.01,0.783501,0.984535
8|963|8|963|sample|7|319|7|319|32.0,0.24,816,6,7,44968.25,445.75,0,0,1,22076.4,21616.1,889.01,932.14,-0.55125,-0.83632
8|963|8|963|sample|7|319|7|319|32.0,1.2,518,7,7,44968.25,445.75,0,0,1,21877.7,21266.1,495.926,504.586,0.298767,0.178441
8|963|8|963|sample|7|319|7|319|32.0,6,528,8,7,44968.25,445.75,0,0,1,21616.6,20806.1,452.775,453.102,1.11519,1.10955
8|963|8|963|sample|8|319|8|319|32.0,0.0000768,42388,1,8,44968.25,445.75,0,0,1,21616.6,20806.1,41259.2,41163.6,0.18364,0.199664
8|963|8|963|sample|8|319|8|319|32.0,0.000384,47167,2,8,44968.25,445.75,0,0,1,21877.7,21266.1,42153.3,42070.6,0.798365,0.81313
8|963|8|963|sample|8|319|8|319|32.0,0.00192,41432,3,8,44968.25,445.75,0,0,1,22076.4,21616.1,42823.9,42630.4,-0.218172,-0.188689
8|963|8|963|sample|8|319|8|319|32.0,0.0096,29792,4,8,44968.25,445.75,0,0,1,22227.5,21882.3,42059.6,38068.6,-1.95779,-1.45934
8|963|8|963|sample|8|319|8|319|32.0,0.048,7130,5,8,44968.25,445.75,0,0,1,22227.5,21882.3,7525.82,6588.29,-0.353034,0.551911
8|963|8|963|sample|8|319|8|319|32.0,0.24,546,6,8,44968.25,445.75,0,0,1,22076.4,21616.1,517.585,628.675,0.368502,-0.882714
8|963|8|963|sample|8|319|8|319|32.0,1.2,530,7,8,44968.25,445.75,0,0,1,21877.7,21266.1,459.709,462.254,1.02634,0.983734
8|963|8|963|sample|8|319|8|319|32.0,6,510,8,8,44968.25,445.75,0,0,1,21616.6,20806.1,449.661,448.702,0.900708,0.916984
8|963|8|963|sample|11|319|11|319|22.0,0.0003712,32971,1,11,44968.25,445.75,0,0,1,21616.6,20786.9,41258.6,41162.9,-1.3483,-1.33583
8|963|8|963|sample|11|319|11|319|22.0,0.001856,45678,2,11,44968.25,445.75,0,0,1,21877.7,21246.4,42138.7,42056.7,0.563786,0.577963
8|963|8|963|sample|11|319|11|319|22.0,0.00928,41502,3,11,44968.25,445.75,0,0,1,21877.7,21246.4,41802.2,41685.4,-0.0482115,-0.029537
8|963|8|963|sample|11|319|11|319|22.0,0.0464,26805,4,11,44968.25,445.75,0,0,1,21877.7,21246.4,35061.1,34637.1,-1.5806,-1.51778
8|963|8|963|sample|11|319|11|319|22.0,0.2319999999999999,8100,5,11,44968.25,445.75,0,0,1,21877.7,21246.4,7445.03,7338.08,0.59051,0.696949
8|963|8|963|sample|11|319|11|319|22.0,1.16,724,6,11,44968.25,445.75,0,0,1,21877.7,21246.4,767.099,775.292,-0.377125,-0.444076
8|963|8|963|sample|11|319|11|319|22.0,5.8,414,7,11,44968.25,445.75,0,0,1,21877.7,21246.4,434.481,434.73,-0.316412,-0.320082
8|963|8|963|sample|11|319|11|319|22.0,29,424,8,11,44968.25,445.75,0,0,1,21616.6,20786.9,411.661,410.779,0.201187,0.216032
8|963|8|963|sample|12|319|12|319|22.0,0.0003712,34774,1,12,44968.25,445.75,0,0,1,21616.6,20786.9,41256.5,41154.8,-1.05468,-1.0407
8|963|8|963|sample|12|319|12|319|22.0,0.001856,39569,2,12,44968.25,445.75,0,0,1,21616.6,20786.9,41213.8,41051.2,-0.267881,-0.242362
8|963|8|963|sample|12|319|12|319|22.0,0.00928,35504,3,12,44968.25,445.75,0,0,1,21616.6,20786.9,40510.7,39775.3,-0.829569,-0.72081
8|963|8|963|sample|12|319|12|319|22.0,0.0464,22196,4,12,44968.25,445.75,0,0,1,21616.6,20786.9,31519.5,28519.9,-1.98552,-1.48837
8|963|8|963|sample|12|319|12|319|22.0,0.2319999999999999,7430,5,12,44968.25,445.75,0,0,1,21616.6,20786.9,6945.49,6459.64,0.468244,1.00831
8|963|8|963|sample|12|319|12|319|22.0,1.16,894,6,12,44968.25,445.75,0,0,1,21616.6,20786.9,869.65,959.622,0.187939,-0.459007
8|963|8|963|sample|12|319|12|319|22.0,5.8,404,7,12,44968.25,445.75,0,0,1,21616.6,20786.9,438.706,453.748,-0.531011,-0.735923
8|963|8|963|sample|12|319|12|319|22.0,29,400,8,12,44968.25,445.75,0,0,1,21616.6,20786.9,412.722,413.545,-0.206899,-0.219849
8|963|8|963|cc|1|1|319|1|319|69.0,0,464,1,1,44968.25,445.75,0,1,0,nan,nan,408.984,408.036,0.902934,0.920617
8|963|8|963|cc|2|1|319|1|319|69.0,0,386,2,1,44968.25,445.75,0,1,0,nan,nan,408.984,408.036,-0.377216,-0.362506
8|963|8|963|cc|3|1|319|1|319|69.0,0,462,3,1,44968.25,445.75,0,1,0,nan,nan,408.984,408.036,0.870109,0.887716
8|963|8|963|cc|4|1|319|1|319|69.0,0,444,4,1,44968.25,445.75,0,1,0,nan,nan,408.984,408.036,0.57469,0.591611
8|963|8|963|cc|5|1|319|1|319|69.0,0,462,5,1,44968.25,445.75,0,1,0,nan,nan,408.984,408.036,0.870109,0.887716
8|963|8|963|cc|6|1|319|1|319|69.0,0,502,6,1,44968.25,445.75,0,1,0,nan,nan,408.984,408.036,1.5266,1.54573
8|963|8|963|cc|7|1|319|1|319|69.0,0,480,7,1,44968.25,445.75,0,1,0,nan,nan,408.984,408.036,1.16553,1.18382
8|963|8|963|cc|8|1|319|1|319|69.0,0,366,8,1,44968.25,445.75,0,1,0,nan,nan,408.984,408.036,-0.70546,-0.691512
8|963|8|963|vc|1|2|319|2|319|69.0,0,34792,1,2,44968.25,445.75,1,0,0,nan,nan,41259.2,41163.6,-1.05213,-1.03898
8|963|8|963|vc|2|2|319|2|319|69.0,0,46782,2,2,44968.25,445.75,1,0,0,nan,nan,42153.3,42073.7,0.73705,0.751154
8|963|8|963|vc|3|2|319|2|319|69.0,0,50148,3,2,44968.25,445.75,1,0,0,nan,nan,42153.3,42073.7,1.27304,1.28816
8|963|8|963|vc|4|2|319|2|319|69.0,0,48893,4,2,44968.25,445.75,1,0,0,nan,nan,42153.3,42073.7,1.0732,1.08794
8|963|8|963|vc|5|2|319|2|319|69.0,0,49292,5,2,44968.25,445.75,1,0,0,nan,nan,42153.3,42073.7,1.13673,1.15159
8|963|8|963|vc|6|2|319|2|319|69.0,0,45050,6,2,44968.25,445.75,1,0,0,nan,nan,42153.3,42073.7,0.461254,0.474835
8|963|8|963|vc|7|2|319|2|319|69.0,0,46782,7,2,44968.25,445.75,1,0,0,nan,nan,42153.3,42073.7,0.73705,0.751154
8|963|8|963|vc|8|2|319|2|319|69.0,0,38007,8,2,44968.25,445.75,1,0,0,nan,nan,41259.2,41163.6,-0.52909,-0.514733
8|1260|8|1260|sample|8|319|8|319|65.0,0.0016767999999999,16259,1,8,42984.625,528.25,0,0,1,20711.7,19441.3,23392.5,19335.6,-2.04691,-1.06803
8|1260|8|1260|sample|8|319|8|319|65.0,0.0083839999999999,5866,2,8,42984.625,528.25,0,0,1,20961.9,19996,6055.8,5174.02,-0.210379,0.897719
8|1260|8|1260|sample|8|319|8|319|65.0,0.04192,1238,3,8,42984.625,528.25,0,0,1,21152.3,20418,1210.18,1237.69,0.15431,0.00169536
8|1260|8|1260|sample|8|319|8|319|65.0,0.2096,526,4,8,42984.625,528.25,0,0,1,21297.1,20739.1,589.439,614.705,-0.722417,-0.968623
8|1260|8|1260|sample|8|319|8|319|65.0,1.048,496,5,8,42984.625,528.25,0,0,1,21297.1,20739.1,518.586,524.455,-0.292344,-0.36418
8|1260|8|1260|sample|8|319|8|319|65.0,5.24,496,6,8,42984.625,528.25,0,0,1,21152.3,20418,502.858,504.049,-0.0915424,-0.107185
8|1260|8|1260|sample|8|319|8|319|65.0,26.2,472,7,8,42984.625,528.25,0,0,1,20961.9,19996,491.497,491.971,-0.266269,-0.272477
8|1260|8|1260|sample|8|319|8|319|65.0,131,502,8,8,42984.625,528.25,0,0,1,20711.7,19441.3,477.53,478.1,0.343955,0.335541
8|1260|8|1260|sample|7|319|7|319|65.0,0.0016767999999999,10418,1,7,42984.625,528.25,0,0,1,20711.7,19441.3,13187.8,13486.9,-1.40978,-1.52736
8|1260|8|1260|sample|7|319|7|319|65.0,0.0083839999999999,4402,2,7,42984.625,528.25,0,0,1,20961.9,19996,3393.53,3581.1,1.99472,1.53867
8|1260|8|1260|sample|7|319|7|319|65.0,0.04192,880,3,7,42984.625,528.25,0,0,1,21152.3,20418,1005.66,1058.6,-0.838731,-1.13248
8|1260|8|1260|sample|7|319|7|319|65.0,0.2096,570,4,7,42984.625,528.25,0,0,1,21297.1,20739.1,592.319,604.203,-0.252925,-0.379972
8|1260|8|1260|sample|7|319|7|319|65.0,1.048,526,5,7,42984.625,528.25,0,0,1,21297.1,20739.1,523.071,525.53,0.0375899,0.00600146
8|1260|8|1260|sample|7|319|7|319|65.0,5.24,528,6,7,42984.625,528.25,0,0,1,21152.3,20418,503.992,504.606,0.319739,0.311194
8|1260|8|1260|sample|7|319|7|319|65.0,26.2,462,7,7,42984.625,528.25,0,0,1,20961.9,19996,491.72,492.112,-0.405697,-0.410726
8|1260|8|1260|sample|7|319|7|319|65.0,131,518,8,7,42984.625,528.25,0,0,1,20711.7,19441.3,477.57,478.13,0.568256,0.559724
8|1260|8|1260|sample|6|319|6|319|65.0,0.0004351999999999,26067,1,6,42984.625,528.25,0,0,1,20711.7,19441.3,38029.7,37825.3,-2.11144,-2.08658
8|1260|8|1260|sample|6|319|6|319|65.0,0.0021759999999999,26271,2,6,42984.625,528.25,0,0,1,20961.9,19996,35390.2,33851.9,-1.7296,-1.50317
8|1260|8|1260|sample|6|319|6|319|65.0,0.0108799999999999,15545,3,6,42984.625,528.25,0,0,1,21152.3,20418,16090.3,14485.8,-0.227499,0.49079
8|1260|8|1260|sample|6|319|6|319|65.0,0.0543999999999999,2518,4,6,42984.625,528.25,0,0,1,21297.1,20739.1,2379.29,2420.24,0.391323,0.271134
8|1260|8|1260|sample|6|319|6|319|65.0,0.2719999999999999,634,5,6,42984.625,528.25,0,0,1,21297.1,20739.1,656.991,692.799,-0.234892,-0.569683
8|1260|8|1260|sample|6|319|6|319|65.0,1.36,518,6,6,42984.625,528.25,0,0,1,21152.3,20418,512.869,518.637,0.067149,-0.00825008
8|1260|8|1260|sample|6|319|6|319|65.0,6.8,488,7,6,42984.625,528.25,0,0,1,20961.9,19996,492.205,493.191,-0.0573449,-0.0706472
8|1260|8|1260|sample|6|319|6|319|65.0,34,530,8,6,42984.625,528.25,0,0,1,20711.7,19441.3,477.579,478.197,0.736773,0.727145
8|1260|8|1260|sample|5|319|5|319|65.0,0.0004351999999999,32187,1,5,42984.625,528.25,0,0,1,20711.7,19441.3,37824.6,38083.6,-1.00044,-1.03929
8|1260|8|1260|sample|5|319|5|319|65.0,0.0021759999999999,29372,2,5,42984.625,528.25,0,0,1,20961.9,19996,34076,35506,-0.926597,-1.15961
8|1260|8|1260|sample|5|319|5|319|65.0,0.0108799999999999,17625,3,5,42984.625,528.25,0,0,1,21152.3,20418,14720.7,16277.4,1.32429,0.555714
8|1260|8|1260|sample|5|319|5|319|65.0,0.0543999999999999,2370,4,5,42984.625,528.25,0,0,1,21297.1,20739.1,2421.44,2401.89,-0.142592,-0.0891291
8|1260|8|1260|sample|5|319|5|319|65.0,0.2719999999999999,648,5,5,42984.625,528.25,0,0,1,21297.1,20739.1,688.29,657.908,-0.392917,-0.101085
8|1260|8|1260|sample|5|319|5|319|65.0,1.36,632,6,5,42984.625,528.25,0,0,1,21152.3,20418,517.671,513.014,1.48243,1.55682
8|1260|8|1260|sample|5|319|5|319|65.0,6.8,538,7,5,42984.625,528.25,0,0,1,20961.9,19996,492.775,492.506,0.616032,0.62003
8|1260|8|1260|sample|5|319|5|319|65.0,34,494,8,5,42984.625,528.25,0,0,1,20711.7,19441.3,477.639,478.123,0.229919,0.222897
8|1260|8|1260|sample|11|319|11|319|28.0,0.0014272,27917,1,11,42984.625,528.25,0,0,1,20711.7,19438.5,36804.8,37745.5,-1.62093,-1.74781
8|1260|8|1260|sample|11|319|11|319|28.0,0.007136,27045,2,11,42984.625,528.25,0,0,1,20961.9,19993.1,28807.2,32679.9,-0.410617,-1.15739
8|1260|8|1260|sample|11|319|11|319|28.0,0.03568,12328,3,11,42984.625,528.25,0,0,1,20961.9,19993.1,9525.05,11512.8,1.97524,0.475281
8|1260|8|1260|sample|11|319|11|319|28.0,0.1784,1804,4,11,42984.625,528.25,0,0,1,20961.9,19993.1,1779.07,1728.08,0.0940749,0.294888
8|1260|8|1260|sample|11|319|11|319|28.0,0.892,508,5,11,42984.625,528.25,0,0,1,20961.9,19993.1,637.1,592.695,-1.36017,-0.959179
8|1260|8|1260|sample|11|319|11|319|28.0,4.46,460,6,11,42984.625,528.25,0,0,1,20961.9,19993.1,502.876,494.832,-0.572301,-0.472486
8|1260|8|1260|sample|11|319|11|319|28.0,22.3,450,7,11,42984.625,528.25,0,0,1,20961.9,19993.1,487.557,486.641,-0.51706,-0.505392
8|1260|8|1260|sample|11|319|11|319|28.0,111.5,542,8,11,42984.625,528.25,0,0,1,20711.7,19438.5,472.094,472.476,0.993933,0.987707
8|1260|8|1260|sample|12|319|12|319|28.0,0.0014272,35926,1,12,42984.625,528.25,0,0,1,20711.7,19438.5,37536.6,38016.3,-0.288015,-0.369074
8|1260|8|1260|sample|12|319|12|319|28.0,0.007136,28728,2,12,42984.625,528.25,0,0,1,20711.7,19438.5,31170.5,33594.9,-0.525965,-0.97241
8|1260|8|1260|sample|12|319|12|319|28.0,0.03568,13590,3,12,42984.625,528.25,0,0,1,20711.7,19438.5,11399.5,12954.3,1.28979,0.329396
8|1260|8|1260|sample|12|319|12|319|28.0,0.1784,1822,4,12,42984.625,528.25,0,0,1,20711.7,19438.5,1875.73,1752.58,-0.192263,0.26586
8|1260|8|1260|sample|12|319|12|319|28.0,0.892,512,5,12,42984.625,528.25,0,0,1,20711.7,19438.5,609.773,566.535,-1.07628,-0.646133
8|1260|8|1260|sample|12|319|12|319|28.0,4.46,458,6,12,42984.625,528.25,0,0,1,20711.7,19438.5,485.011,479.134,-0.373821,-0.296069
8|1260|8|1260|sample|12|319|12|319|28.0,22.3,414,7,12,42984.625,528.25,0,0,1,20711.7,19438.5,473.124,472.894,-0.838808,-0.835948
8|1260|8|1260|sample|12|319|12|319|28.0,111.5,436,8,12,42984.625,528.25,0,0,1,20711.7,19438.5,471.995,472.449,-0.511896,-0.517855
8|1260|8|1260|sample|10|319|10|319|28.0,0.0004479999999999,35498,1,10,42984.625,528.25,0,0,1,20711.7,19438.5,38348.9,38400.8,-0.499004,-0.507391
8|1260|8|1260|sample|10|319|10|319|28.0,0.00224,40710,2,10,42984.625,528.25,0,0,1,20961.9,19993.1,39251.7,39404.1,0.249377,0.222458
8|1260|8|1260|sample|10|319|10|319|28.0,0.0111999999999999,38631,3,10,42984.625,528.25,0,0,1,21152.3,20415.1,36491.6,38047.3,0.393521,0.102975
8|1260|8|1260|sample|10|319|10|319|28.0,0.0559999999999999,16665,4,10,42984.625,528.25,0,0,1,21152.3,20415.1,13952.5,16437.7,1.30492,0.092823
8|1260|8|1260|sample|10|319|10|319|28.0,0.2799999999999999,1606,5,10,42984.625,528.25,0,0,1,21152.3,20415.1,1569.82,1547.29,0.154699,0.254687
8|1260|8|1260|sample|10|319|10|319|28.0,1.4,480,6,10,42984.625,528.25,0,0,1,21152.3,20415.1,555.834,539.959,-0.915777,-0.745362
8|1260|8|1260|sample|10|319|10|319|28.0,7,440,7,10,42984.625,528.25,0,0,1,20961.9,19993.1,488.777,487.639,-0.669847,-0.655753
8|1260|8|1260|sample|10|319|10|319|28.0,35,500,8,10,42984.625,528.25,0,0,1,20711.7,19438.5,472.045,472.484,0.397509,0.3909
8|1260|8|1260|sample|9|319|9|319|28.0,0.0004479999999999,41082,1,9,42984.625,528.25,0,0,1,20711.7,19438.5,38359.7,38401.4,0.476353,0.468559
8|1260|8|1260|sample|9|319|9|319|28.0,0.00224,44794,2,9,42984.625,528.25,0,0,1,20961.9,19993.1,39442.2,39422.2,0.910782,0.914634
8|1260|8|1260|sample|9|319|9|319|28.0,0.0111999999999999,38687,3,9,42984.625,528.25,0,0,1,21152.3,20415.1,39303.7,38522.8,-0.105327,0.0286119
8|1260|8|1260|sample|9|319|9|319|28.0,0.0559999999999999,19775,4,9,42984.625,528.25,0,0,1,21297.1,20736,22990.1,19493.5,-0.938689,0.0969302
8|1260|8|1260|sample|9|319|9|319|28.0,0.2799999999999999,2028,5,9,42984.625,528.25,0,0,1,21297.1,20736,2099.59,1956.87,-0.228857,0.243994
8|1260|8|1260|sample|9|319|9|319|28.0,1.4,514,6,9,42984.625,528.25,0,0,1,21152.3,20415.1,549.591,558.541,-0.434682,-0.535274
8|1260|8|1260|sample|9|319|9|319|28.0,7,518,7,9,42984.625,528.25,0,0,1,20961.9,19993.1,487.316,488.472,0.422649,0.405758
8|1260|8|1260|sample|9|319|9|319|28.0,35,494,8,9,42984.625,528.25,0,0,1,20711.7,19438.5,471.932,472.521,0.313875,0.305118
8|1260|8|1260|sample|4|319|4|319|22.0,0.0010624,33661,1,4,42984.625,528.25,0,0,1,20711.7,19439.3,38330.4,38379.5,-0.817698,-0.82524
8|1260|8|1260|sample|4|319|4|319|22.0,0.005312,36692,2,4,42984.625,528.25,0,0,1,20961.9,19993.9,39038.9,39113.4,-0.403531,-0.415543
8|1260|8|1260|sample|4|319|4|319|22.0,0.02656,31084,3,4,42984.625,528.25,0,0,1,21152.3,20415.9,34827.9,35077.7,-0.721547,-0.764223
8|1260|8|1260|sample|4|319|4|319|22.0,0.1328,13458,4,4,42984.625,528.25,0,0,1,21297.1,20736.9,12914,12743.2,0.282747,0.3765
8|1260|8|1260|sample|4|319|4|319|22.0,0.664,1668,5,4,42984.625,528.25,0,0,1,21297.1,20736.9,1734.14,1629.71,-0.256011,0.157708
8|1260|8|1260|sample|4|319|4|319|22.0,3.32,526,6,4,42984.625,528.25,0,0,1,21152.3,20415.9,585.758,572.689,-0.684775,-0.547231
8|1260|8|1260|sample|4|319|4|319|22.0,16.6,482,7,4,42984.625,528.25,0,0,1,20961.9,19993.9,493.337,492.364,-0.154255,-0.141297
8|1260|8|1260|sample|4|319|4|319|22.0,83,570,8,4,42984.625,528.25,0,0,1,20711.7,19439.3,473.88,474.309,1.36151,1.3542
8|1260|8|1260|sample|3|319|3|319|22.0,0.0010624,37180,1,3,42984.625,528.25,0,0,1,20711.7,19439.3,38334.3,38375.9,-0.202118,-0.209175
8|1260|8|1260|sample|3|319|3|319|22.0,0.005312,42284,2,3,42984.625,528.25,0,0,1,20961.9,19993.9,39099.5,39102.6,0.546684,0.546121
8|1260|8|1260|sample|3|319|3|319|22.0,0.02656,29878,3,3,42984.625,528.25,0,0,1,21152.3,20415.9,35565.5,35432.3,-1.07341,-1.05221
8|1260|8|1260|sample|3|319|3|319|22.0,0.1328,14579,4,3,42984.625,528.25,0,0,1,21152.3,20415.9,14285.8,14181.9,0.137774,0.187972
8|1260|8|1260|sample|3|319|3|319|22.0,0.664,2122,5,3,42984.625,528.25,0,0,1,21152.3,20415.9,1956.99,1971.52,0.565963,0.512327
8|1260|8|1260|sample|3|319|3|319|22.0,3.32,498,6,3,42984.625,528.25,0,0,1,21152.3,20415.9,606.172,609.848,-1.19782,-1.23106
8|1260|8|1260|sample|3|319|3|319|22.0,16.6,458,7,3,42984.625,528.25,0,0,1,20961.9,19993.9,494.869,495.6,-0.500082,-0.509243
8|1260|8|1260|sample|3|319|3|319|22.0,83,484,8,3,42984.625,528.25,0,0,1,20711.7,19439.3,473.993,474.575,0.141717,0.133301
8|1260|8|1260|cc|1|1|319|1|319|69.0,0,514,1,1,42984.625,528.25,0,1,0,nan,nan,471.427,471.964,0.606175,0.597834
8|1260|8|1260|cc|2|1|319|1|319|69.0,0,604,2,1,42984.625,528.25,0,1,0,nan,nan,471.427,471.964,1.88762,1.87782
8|1260|8|1260|cc|3|1|319|1|319|69.0,0,546,3,1,42984.625,528.25,0,1,0,nan,nan,471.427,471.964,1.0618,1.05294
8|1260|8|1260|cc|4|1|319|1|319|69.0,0,580,4,1,42984.625,528.25,0,1,0,nan,nan,471.427,471.964,1.5459,1.53649
8|1260|8|1260|cc|5|1|319|1|319|69.0,0,564,5,1,42984.625,528.25,0,1,0,nan,nan,471.427,471.964,1.31809,1.30894
8|1260|8|1260|cc|6|1|319|1|319|69.0,0,508,6,1,42984.625,528.25,0,1,0,nan,nan,471.427,471.964,0.520745,0.512501
8|1260|8|1260|cc|7|1|319|1|319|69.0,0,466,7,1,42984.625,528.25,0,1,0,nan,nan,471.427,471.964,-0.0772643,-0.0848261
8|1260|8|1260|cc|8|1|319|1|319|69.0,0,444,8,1,42984.625,528.25,0,1,0,nan,nan,471.427,471.964,-0.390507,-0.397712
8|1260|8|1260|vc|1|2|319|2|319|69.0,0,40866,1,2,42984.625,528.25,1,0,0,nan,nan,38360.8,38404.6,0.438357,0.430207
8|1260|8|1260|vc|2|2|319|2|319|69.0,0,45338,2,2,42984.625,528.25,1,0,0,nan,nan,39475.7,39500.4,0.996806,0.991994
8|1260|8|1260|vc|3|2|319|2|319|69.0,0,44073,3,2,42984.625,528.25,1,0,0,nan,nan,39475.7,39500.4,0.781709,0.777032
8|1260|8|1260|vc|4|2|319|2|319|69.0,0,47115,4,2,42984.625,528.25,1,0,0,nan,nan,39475.7,39500.4,1.29896,1.29396
8|1260|8|1260|vc|5|2|319|2|319|69.0,0,43457,5,2,42984.625,528.25,1,0,0,nan,nan,39475.7,39500.4,0.676967,0.672355
8|1260|8|1260|vc|6|2|319|2|319|69.0,0,43107,6,2,42984.625,528.25,1,0,0,nan,nan,39475.7,39500.4,0.617454,0.612879
8|1260|8|1260|vc|7|2|319|2|319|69.0,0,44409,7,2,42984.625,528.25,1,0,0,nan,nan,39475.7,39500.4,0.838842,0.834129
8|1260|8|1260|vc|8|2|319|2|319|69.0,0,35512,8,2,42984.625,528.25,1,0,0,nan,nan,38360.8,38404.6,-0.498479,-0.50556
