id,time,rlu,plate_row,plate_col,virus_cc,mean_vc,popPred_medianCOV,popPred,indivPred_SAEM,indivPred_mode,indWRes_SAEM,indWRes_mode
8|84|cc|1|1|162,0.0,658,1,1,0,78856.625,0.0,0.0,0.0,0.0,1.3888,1.3888
8|84|cc|2|1|162,0.0,644,2,1,0,78856.625,0.0,0.0,0.0,0.0,1.35925,1.35925
8|84|cc|3|1|162,0.0,660,3,1,0,78856.625,0.0,0.0,0.0,0.0,1.39302,1.39302
8|84|cc|4|1|162,0.0,680,4,1,0,78856.625,0.0,0.0,0.0,0.0,1.43524,1.43524
8|84|cc|5|1|162,0.0,698,5,1,0,78856.625,0.0,0.0,0.0,0.0,1.47323,1.47323
8|84|cc|6|1|162,0.0,694,6,1,0,78856.625,0.0,0.0,0.0,0.0,1.46479,1.46479
8|84|cc|7|1|162,0.0,694,7,1,0,78856.625,0.0,0.0,0.0,0.0,1.46479,1.46479
8|84|cc|8|1|162,0.0,636,8,1,0,78856.625,0.0,0.0,0.0,0.0,1.34237,1.34237
8|84|sample|10|162,0.0003648,68673,1,10,1,78856.625,72797.4,72334.2,72589.9,72614.9,-0.481378,-0.484298
8|84|sample|10|162,0.001824,77369,2,10,1,78856.625,78698.4,76876.9,77993.1,77978.8,-0.071672,-0.0700456
8|84|sample|10|162,0.00912,78012,3,10,1,78856.625,78348.6,71912.6,75819.4,75763.9,0.258634,0.265358
8|84|sample|10|162,0.0456,65967,4,10,1,78856.625,76978.8,56363.6,68346.2,68153.4,-0.309437,-0.28512
8|84|sample|10|162,0.228,47827,5,10,1,78856.625,72199.3,23913.9,47343.6,46843.0,0.0883512,0.18158
8|84|sample|10|162,1.14,13678,6,10,1,78856.625,58242.3,2060.62,14526.0,14009.2,-0.42246,-0.169612
8|84|sample|10|162,5.7,1798,7,10,1,78856.625,32639.2,749.451,1291.61,1232.82,0.829966,0.935829
8|84|sample|10|162,28.5,586,8,10,1,78856.625,10454.7,719.737,721.186,720.681,-0.245828,-0.244932
8|84|sample|11|162,0.0003712,69151,1,11,1,78856.625,72797.0,72387.7,72650.3,72677.8,-0.429723,-0.432948
8|84|sample|11|162,0.001856,78893,2,11,1,78856.625,78696.5,77048.2,78217.5,78214.2,0.0773683,0.0777545
8|84|sample|11|162,0.00928,82686,3,11,1,78856.625,78319.1,72348.1,76547.4,76535.6,0.717584,0.719058
8|84|sample|11|162,0.0464,67678,4,11,1,78856.625,76930.5,57262.7,70638.5,70602.7,-0.373291,-0.368953
8|84|sample|11|162,0.2319999999999999,52077,5,11,1,78856.625,72090.5,24676.3,52781.8,52699.0,-0.116582,-0.103026
8|84|sample|11|162,1.16,21332,6,11,1,78856.625,58001.3,2092.47,20096.4,20010.6,0.476082,0.510931
8|84|sample|11|162,5.8,1872,7,11,1,78856.625,32346.8,749.376,2083.8,2069.97,-0.305291,-0.28595
8|84|sample|11|162,29.0,564,8,11,1,78856.625,10315.5,719.737,728.229,727.85,-0.298237,-0.29757
8|84|sample|12|162,0.0003712,63850,1,12,1,78856.625,72797.0,72387.7,72623.4,72650.6,-1.07776,-1.08073
8|84|sample|12|162,0.001856,63754,2,12,1,78856.625,72703.7,71181.5,72132.8,72156.9,-1.03588,-1.03853
8|84|sample|12|162,0.00928,61492,3,12,1,78856.625,72355.2,66841.0,70323.4,70337.0,-1.11824,-1.11977
8|84|sample|12|162,0.0464,55297,4,12,1,78856.625,71072.8,52909.8,63979.3,63963.0,-1.20123,-1.19926
8|84|sample|12|162,0.2319999999999999,41168,5,12,1,78856.625,66603.1,22816.6,45413.2,45339.3,-0.805861,-0.793018
8|84|sample|12|162,1.16,15633,6,12,1,78856.625,53591.9,1960.59,14661.4,14586.0,0.480641,0.51996
8|84|sample|12|162,5.8,1442,7,12,1,78856.625,29900.2,720.257,1318.21,1310.12,0.201961,0.215464
8|84|sample|12|162,29.0,668,8,12,1,78856.625,10315.5,719.737,721.617,721.346,-0.0974913,-0.0970033
8|84|sample|3|162,6.4e-05,75994,1,3,1,78856.625,72822.9,71860.2,72650.1,72687.3,0.410633,0.405878
8|84|sample|3|162,0.00032,82778,2,3,1,78856.625,78801.7,75993.1,78388.4,78409.7,0.501723,0.499166
8|84|sample|3|162,0.0016,84235,3,3,1,78856.625,78734.6,71335.9,77657.6,77702.2,0.75848,0.752934
8|84|sample|3|162,0.008,86421,4,3,1,78856.625,78400.2,60039.8,75667.1,75753.6,1.2709,1.25931
8|84|sample|3|162,0.04,77403,5,3,1,78856.625,77166.9,37875.9,70626.0,70763.6,0.854657,0.835766
8|84|sample|3|162,0.2,68219,6,3,1,78856.625,72832.1,11738.6,59160.1,59286.2,1.34823,1.32683
8|84|sample|3|162,1.0,41754,7,3,1,78856.625,59864.3,1331.89,38821.0,38748.0,0.641515,0.658585
8|84|sample|3|162,5.0,13774,8,3,1,78856.625,32221.2,720.954,15299.9,15043.8,-0.730481,-0.615822
8|84|sample|4|162,6.4e-05,74113,1,4,1,78856.625,72822.9,71860.2,72647.0,72677.9,0.180037,0.176173
8|84|sample|4|162,0.00032,84517,2,4,1,78856.625,78801.7,75993.1,78379.2,78382.0,0.701623,0.701285
8|84|sample|4|162,0.0016,82608,3,4,1,78856.625,78734.6,71335.9,77632.9,77627.1,0.573884,0.574589
8|84|sample|4|162,0.008,81228,4,4,1,78856.625,78400.3,60039.9,75602.3,75554.7,0.665386,0.671409
8|84|sample|4|162,0.04,77037,5,4,1,78856.625,77166.9,37876.0,70464.5,70263.7,0.830647,0.858327
8|84|sample|4|162,0.2,64814,6,4,1,78856.625,72832.1,11738.6,58808.4,58190.3,0.898771,1.00105
8|84|sample|4|162,1.0,39177,7,4,1,78856.625,59864.3,1331.89,38256.8,36996.4,0.203917,0.497917
8|84|sample|4|162,5.0,12834,8,4,1,78856.625,32221.2,720.954,14823.6,13604.4,-0.975936,-0.40335
8|84|sample|5|162,0.0006144,72824,1,5,1,78856.625,72779.6,68923.5,72238.6,72302.4,0.072269,0.0643456
8|84|sample|5|162,0.003072,78360,2,5,1,78856.625,78625.9,67821.4,77195.3,77282.4,0.135074,0.124832
8|84|sample|5|162,0.01536,80614,3,5,1,78856.625,78079.2,52439.5,74528.5,74713.2,0.729542,0.70575
8|84|sample|5|162,0.0768,74089,4,5,1,78856.625,76006.7,26586.7,67896.6,68242.1,0.81038,0.761523
8|84|sample|5|162,0.384,55821,5,5,1,78856.625,69040.3,5186.98,53742.5,54235.7,0.338122,0.25572
8|84|sample|5|162,1.92,24346,6,5,1,78856.625,50838.0,827.103,31714.5,32128.7,-1.92804,-2.01339
8|84|sample|5|162,9.6,9438,7,5,1,78856.625,24280.7,748.848,11940.6,12092.1,-1.443,-1.51634
8|84|sample|5|162,48.0,4872,8,5,1,78856.625,6936.51,719.737,2954.68,2975.49,2.44026,2.40704
8|84|sample|6|162,0.0006144,70835,1,6,1,78856.625,72779.6,68923.5,72293.5,72328.4,-0.179934,-0.184156
8|84|sample|6|162,0.003072,80058,2,6,1,78856.625,78625.9,67821.4,77353.7,77358.3,0.313011,0.312463
8|84|sample|6|162,0.01536,79421,3,6,1,78856.625,78079.2,52439.5,74940.2,74912.4,0.534382,0.537891
8|84|sample|6|162,0.0768,77554,4,6,1,78856.625,76006.7,26586.7,68895.0,68730.2,1.11776,1.14159
8|84|sample|6|162,0.384,55427,5,6,1,78856.625,69040.3,5186.98,55787.7,55244.3,-0.0566804,0.0289747
8|84|sample|6|162,1.92,28310,6,6,1,78856.625,50838.0,827.103,34641.3,33572.7,-1.53273,-1.30981
8|84|sample|6|162,9.6,13006,7,6,1,78856.625,24280.7,748.848,14277.4,13224.7,-0.641811,-0.116958
8|84|sample|6|162,48.0,4250,8,6,1,78856.625,6936.51,719.737,3856.74,3395.98,0.44641,1.0261
8|84|sample|7|162,7.68e-05,69948,1,7,1,78856.625,72821.6,72689.6,72749.0,72777.4,-0.343526,-0.346882
8|84|sample|7|162,0.000384,87626,2,7,1,78856.625,78796.4,78273.7,78622.2,78621.7,1.02623,1.0263
8|84|sample|7|162,0.00192,79963,3,7,1,78856.625,78714.9,76817.0,78082.9,78078.5,0.215691,0.216203
8|84|sample|7|162,0.0096,76543,4,7,1,78856.625,78327.0,71633.4,76059.6,76041.0,0.0568521,0.0590505
8|84|sample|7|162,0.048,74241,5,7,1,78856.625,76899.8,55577.7,69140.4,69068.8,0.656226,0.66608
8|84|sample|7|162,0.24,46730,6,7,1,78856.625,71935.4,22793.8,49355.0,49147.6,-0.461815,-0.426976
8|84|sample|7|162,1.2,16917,7,7,1,78856.625,57559.0,1874.45,16705.5,16451.1,0.0945188,0.210761
8|84|sample|7|162,6.0,1596,8,7,1,78856.625,29375.5,720.151,1508.03,1469.93,0.138971,0.200436
8|84|sample|8|162,7.68e-05,70881,1,8,1,78856.625,72821.6,72689.6,72745.5,72774.8,-0.228681,-0.232182
8|84|sample|8|162,0.000384,79033,2,8,1,78856.625,78796.4,78273.7,78608.4,78611.2,0.048401,0.0480802
8|84|sample|8|162,0.00192,84181,3,8,1,78856.625,78714.9,76817.0,78032.6,78040.5,0.705794,0.704817
8|84|sample|8|162,0.0096,79555,4,8,1,78856.625,78327.0,71633.4,75880.2,75905.2,0.433138,0.430051
8|84|sample|8|162,0.048,69015,5,8,1,78856.625,76899.8,55577.7,68548.8,68620.6,0.0604662,0.051102
8|84|sample|8|162,0.24,49350,6,8,1,78856.625,71935.4,22793.8,47870.3,48022.1,0.267709,0.23955
8|84|sample|8|162,1.2,14789,7,8,1,78856.625,57559.0,1874.45,15131.6,15260.5,-0.165428,-0.226161
8|84|sample|8|162,6.0,1804,8,8,1,78856.625,29375.5,720.151,1306.51,1319.11,0.813275,0.790956
8|84|sample|9|162,0.0003648,74429,1,9,1,78856.625,72797.4,72334.2,72586.2,72616.9,0.226483,0.22263
8|84|sample|9|162,0.001824,81503,2,9,1,78856.625,78698.4,76876.9,77978.7,77986.4,0.404831,0.403899
8|84|sample|9|162,0.00912,79111,3,9,1,78856.625,78348.6,71912.6,75768.1,75791.2,0.394565,0.39173
8|84|sample|9|162,0.0456,74577,4,9,1,78856.625,76978.9,56363.7,68178.3,68242.9,0.834134,0.824971
8|84|sample|9|162,0.228,48083,5,9,1,78856.625,72199.4,23913.9,46931.0,47062.3,0.212235,0.187564
8|84|sample|9|162,1.14,14006,6,9,1,78856.625,58242.3,2060.62,14120.4,14222.4,-0.0582599,-0.109562
8|84|sample|9|162,5.7,1510,7,9,1,78856.625,32639.2,749.451,1247.12,1255.47,0.434195,0.419797
8|84|sample|9|162,28.5,600,8,9,1,78856.625,10454.7,719.737,720.976,720.781,-0.219997,-0.21965
8|84|vc|1|2|162,0.0,73943,1,2,1,78856.625,72830.8,72830.8,72802.2,72830.8,0.139812,0.136256
8|84|vc|2|2|162,0.0,83068,2,2,1,78856.625,78834.2,78834.2,78833.8,78834.2,0.48138,0.481335
8|84|vc|3|2|162,0.0,83256,3,2,1,78856.625,78834.2,78834.2,78833.8,78834.2,0.502754,0.502708
8|84|vc|4|2|162,0.0,81859,4,2,1,78856.625,78834.2,78834.2,78833.8,78834.2,0.343931,0.343886
8|84|vc|5|2|162,0.0,83236,5,2,1,78856.625,78834.2,78834.2,78833.8,78834.2,0.50048,0.500434
8|84|vc|6|2|162,0.0,85784,6,2,1,78856.625,78834.2,78834.2,78833.8,78834.2,0.790158,0.790111
8|84|vc|7|2|162,0.0,78995,7,2,1,78856.625,78834.2,78834.2,78833.8,78834.2,0.0183273,0.0182838
8|84|vc|8|2|162,0.0,60712,8,2,1,78856.625,72830.8,72830.8,72802.2,72830.8,-1.48178,-1.48474
8|719|cc|1|1|274,0.0,640,1,1,0,84741.625,0.0,0.0,0.0,0.0,1.35081,1.35081
8|719|cc|2|1|274,0.0,658,2,1,0,84741.625,0.0,0.0,0.0,0.0,1.3888,1.3888
8|719|cc|3|1|274,0.0,684,3,1,0,84741.625,0.0,0.0,0.0,0.0,1.44368,1.44368
8|719|cc|4|1|274,0.0,730,4,1,0,84741.625,0.0,0.0,0.0,0.0,1.54077,1.54077
8|719|cc|5|1|274,0.0,706,5,1,0,84741.625,0.0,0.0,0.0,0.0,1.49011,1.49011
8|719|cc|6|1|274,0.0,732,6,1,0,84741.625,0.0,0.0,0.0,0.0,1.54499,1.54499
8|719|cc|7|1|274,0.0,746,7,1,0,84741.625,0.0,0.0,0.0,0.0,1.57454,1.57454
8|719|cc|8|1|274,0.0,716,8,1,0,84741.625,0.0,0.0,0.0,0.0,1.51122,1.51122
8|719|sample|10|274,0.0003648,94350,1,10,1,84741.625,78230.2,84233.7,84340.0,84330.0,1.06748,1.06866
8|719|sample|10|274,0.001824,93025,2,10,1,84741.625,84571.5,82850.3,83242.5,83206.7,1.05627,1.06057
8|719|sample|10|274,0.00912,89279,3,10,1,84741.625,84195.3,77867.4,79253.8,79129.9,1.13403,1.14975
8|719|sample|10|274,0.0456,68995,4,10,1,84741.625,82722.3,61832.7,66018.6,65646.7,0.399883,0.452238
8|719|sample|10|274,0.228,32223,5,10,1,84741.625,77582.7,26925.1,34091.0,33422.5,-0.458662,-0.299727
8|719|sample|10|274,1.14,4210,6,10,1,84741.625,62574.2,2271.81,4241.26,4013.8,-0.0339198,0.218609
8|719|sample|10|274,5.7,632,7,10,1,84741.625,35042.0,749.603,756.982,755.266,-0.225721,-0.222696
8|719|sample|10|274,28.5,612,8,10,1,84741.625,11188.5,748.92,749.306,748.92,-0.248343,-0.247662
8|719|sample|11|274,0.0003712,89357,1,11,1,84741.625,78229.7,84225.2,84220.5,84223.3,0.548496,0.54818
8|719|sample|11|274,0.001856,92891,2,11,1,84741.625,84569.4,82819.8,82801.4,82813.0,1.09494,1.09353
8|719|sample|11|274,0.00928,86253,3,11,1,84741.625,84163.7,77762.8,77693.2,77738.7,0.98666,0.980867
8|719|sample|11|274,0.0464,67865,4,11,1,84741.625,82670.4,61533.9,61315.3,61462.9,0.942867,0.919549
8|719|sample|11|274,0.2319999999999999,24977,5,11,1,84741.625,77465.7,26482.3,26123.4,26372.5,-0.354765,-0.428366
8|719|sample|11|274,1.16,2348,6,11,1,84741.625,62315.0,2193.85,2121.91,2172.8,0.324013,0.249159
8|719|sample|11|274,5.8,638,7,11,1,84741.625,34727.5,749.526,749.824,749.5,-0.202233,-0.20166
8|719|sample|11|274,29.0,584,8,11,1,84741.625,11038.8,748.92,749.306,748.92,-0.298986,-0.298309
8|719|sample|12|274,0.0003712,94222,1,12,1,84741.625,78229.7,84225.2,84171.9,84168.5,1.07378,1.07419
8|719|sample|12|274,0.001856,91978,2,12,1,84741.625,78129.4,82819.8,82622.0,82610.9,1.01741,1.01875
8|719|sample|12|274,0.00928,89439,3,12,1,84741.625,77754.7,77762.8,77064.5,77030.6,1.43736,1.4419
8|719|sample|12|274,0.0464,65541,4,12,1,84741.625,76375.6,61533.9,59489.6,59407.1,0.895995,0.909383
8|719|sample|12|274,0.2319999999999999,22932,5,12,1,84741.625,71569.0,26482.3,23433.9,23338.9,-0.170275,-0.138505
8|719|sample|12|274,1.16,1534,6,12,1,84741.625,57577.1,2193.85,1683.21,1672.61,-0.229032,-0.213128
8|719|sample|12|274,5.8,634,7,12,1,84741.625,32099.6,749.526,749.475,749.084,-0.208849,-0.208159
8|719|sample|12|274,29.0,568,8,12,1,84741.625,11038.8,748.92,749.306,748.92,-0.327924,-0.32725
8|719|sample|3|274,6.4e-05,94588,1,3,1,84741.625,78257.6,84619.7,84718.3,84718.2,1.04806,1.04807
8|719|sample|3|274,0.00032,87222,2,3,1,84741.625,84682.6,84284.9,84653.9,84653.6,0.272903,0.272938
8|719|sample|3|274,0.0016,85600,3,3,1,84741.625,84610.4,83039.8,84412.5,84411.5,0.126533,0.126639
8|719|sample|3|274,0.008,88953,4,3,1,84741.625,84250.8,78536.7,83513.5,83510.7,0.585527,0.585847
8|719|sample|3|274,0.04,78809,5,3,1,84741.625,82924.5,63824.3,80246.0,80239.1,-0.160652,-0.159887
8|719|sample|3|274,0.2,76136,6,3,1,84741.625,78263.2,30114.9,69379.4,69367.4,0.866462,0.868137
8|719|sample|3|274,1.0,50010,7,3,1,84741.625,64318.4,2947.45,42427.6,42424.4,1.53096,1.53172
8|719|sample|3|274,5.0,9930,8,3,1,84741.625,34595.6,750.569,11176.8,11189.5,-0.753927,-0.761001
8|719|sample|4|274,6.4e-05,96662,1,4,1,84741.625,78257.6,84619.7,84719.3,84718.5,1.26817,1.26826
8|719|sample|4|274,0.00032,85208,2,4,1,84741.625,84682.6,84284.9,84657.8,84654.9,0.0584667,0.0587758
8|719|sample|4|274,0.0016,85066,3,4,1,84741.625,84610.4,83039.8,84427.1,84416.5,0.0680655,0.0692036
8|719|sample|4|274,0.008,87029,4,4,1,84741.625,84250.9,78536.7,83567.7,83529.2,0.372356,0.376666
8|719|sample|4|274,0.04,80898,5,4,1,84741.625,82924.6,63824.3,80440.7,80305.4,0.051005,0.0662071
8|719|sample|4|274,0.2,71071,6,4,1,84741.625,78263.2,30114.9,69998.6,69577.6,0.136387,0.190999
8|719|sample|4|274,1.0,50818,7,4,1,84741.625,64318.4,2947.45,43746.6,42868.5,1.38875,1.59013
8|719|sample|4|274,5.0,10376,8,4,1,84741.625,34595.6,750.569,12190.3,11524.0,-1.03044,-0.679165
8|719|sample|5|274,0.0006144,90234,1,5,1,84741.625,78211.0,83962.3,84592.4,84592.2,0.599928,0.599941
8|719|sample|5|274,0.003072,91037,2,5,1,84741.625,84493.6,81854.2,84182.4,84182.4,0.732277,0.732283
8|719|sample|5|274,0.01536,85896,3,5,1,84741.625,83905.6,74429.0,82665.3,82666.5,0.351146,0.351006
8|719|sample|5|274,0.0768,84081,4,5,1,84741.625,81677.0,52375.3,77277.6,77287.0,0.788192,0.787015
8|719|sample|5|274,0.384,66810,5,5,1,84741.625,74185.6,15224.9,60744.9,60786.4,0.880739,0.874157
8|719|sample|5|274,1.92,28534,6,5,1,84741.625,54611.9,999.429,28330.6,28416.8,0.0587117,0.0337393
8|719|sample|5|274,9.6,4934,7,5,1,84741.625,26053.7,748.933,4898.77,4941.51,0.0355564,-0.0075459
8|719|sample|5|274,48.0,870,8,5,1,84741.625,7405.1,748.92,928.914,932.759,-0.103024,-0.10967
8|719|sample|6|274,0.0006144,90599,1,6,1,84741.625,78211.0,83962.3,84578.2,84581.3,0.640344,0.639996
8|719|sample|6|274,0.003072,100276,2,6,1,84741.625,84493.6,81854.2,84129.7,84141.5,1.72595,1.72445
8|719|sample|6|274,0.01536,89109,3,6,1,84741.625,83905.6,74429.0,82471.4,82516.5,0.723046,0.71777
8|719|sample|6|274,0.0768,84595,4,6,1,84741.625,81677.0,52375.3,76606.4,76767.3,0.933156,0.912548
8|719|sample|6|274,0.384,66428,5,6,1,84741.625,74185.6,15224.9,58864.4,59326.9,1.13095,1.05409
8|719|sample|6|274,1.92,28310,6,6,1,84741.625,54611.9,999.429,25571.4,26254.0,0.863028,0.633513
8|719|sample|6|274,9.6,3504,7,6,1,84741.625,26053.7,748.933,3870.72,4114.56,-0.415596,-0.672315
8|719|sample|6|274,48.0,772,8,6,1,84741.625,7405.1,748.92,849.678,866.27,-0.137853,-0.16678
8|719|sample|7|274,7.68e-05,96784,1,7,1,84741.625,78256.2,84600.2,84631.1,84628.6,1.29177,1.29207
8|719|sample|7|274,0.000384,90264,2,7,1,84741.625,84676.9,84211.8,84326.8,84317.9,0.633244,0.634251
8|719|sample|7|274,0.00192,93457,3,7,1,84741.625,84589.2,82769.9,83193.8,83162.0,1.10879,1.11262
8|719|sample|7|274,0.0096,84890,4,7,1,84741.625,84172.0,77585.0,79080.5,78971.3,0.658529,0.671778
8|719|sample|7|274,0.048,65169,5,7,1,84741.625,82637.3,61008.6,65487.3,65163.4,-0.0430885,0.000767478
8|719|sample|7|274,0.24,30352,6,7,1,84741.625,77298.9,25687.6,33140.3,32573.5,-0.701944,-0.567802
8|719|sample|7|274,1.2,4196,7,7,1,84741.625,61839.3,2056.11,3944.87,3764.3,0.2821,0.495538
8|719|sample|7|274,6.0,676,8,7,1,84741.625,31535.4,749.398,755.654,754.319,-0.143894,-0.141518
8|719|sample|8|274,7.68e-05,95369,1,8,1,84741.625,78256.2,84600.2,84627.6,84627.3,1.14177,1.14182
8|719|sample|8|274,0.000384,92759,2,8,1,84741.625,84676.9,84211.8,84314.0,84312.9,0.900847,0.900974
8|719|sample|8|274,0.00192,84653,3,8,1,84741.625,84589.2,82769.9,83146.4,83143.4,0.162856,0.163179
8|719|sample|8|274,0.0096,85030,4,8,1,84741.625,84172.0,77585.0,78911.7,78905.2,0.694925,0.695726
8|719|sample|8|274,0.048,63826,5,8,1,84741.625,82637.3,61008.6,64968.6,64960.5,-0.155825,-0.154748
8|719|sample|8|274,0.24,29936,6,8,1,84741.625,77298.9,25687.6,32200.6,32208.6,-0.5847,-0.586632
8|719|sample|8|274,1.2,4124,7,8,1,84741.625,61839.3,2056.11,3637.86,3647.41,0.566711,0.554932
8|719|sample|8|274,6.0,680,8,8,1,84741.625,31535.4,749.398,754.041,753.734,-0.133795,-0.133248
8|719|sample|9|274,0.0003648,99893,1,9,1,84741.625,78230.2,84233.7,84326.2,84323.4,1.66032,1.66067
8|719|sample|9|274,0.001824,90396,2,9,1,84741.625,84571.5,82850.3,83191.6,83182.3,0.778344,0.779439
8|719|sample|9|274,0.00912,87530,3,9,1,84741.625,84195.3,77867.4,79072.5,79042.9,0.958777,0.96247
8|719|sample|9|274,0.0456,67618,4,9,1,84741.625,82722.4,61832.7,65457.6,65378.4,0.292581,0.303657
8|719|sample|9|274,0.228,32029,5,9,1,84741.625,77582.8,26925.1,33053.1,32930.7,-0.258405,-0.228273
8|719|sample|9|274,1.14,4042,6,9,1,84741.625,62574.2,2271.81,3881.1,3847.84,0.182111,0.220635
8|719|sample|9|274,5.7,674,7,9,1,84741.625,35042.0,749.603,754.889,754.369,-0.146147,-0.145221
8|719|sample|9|274,28.5,644,8,9,1,84741.625,11188.5,748.92,749.306,748.92,-0.190465,-0.18978
8|719|vc|1|2|274,0.0,95775,1,2,1,84741.625,78266.1,84741.6,84741.6,84741.6,1.17132,1.17132
8|719|vc|2|2|274,0.0,90514,2,2,1,84741.625,84717.5,84741.6,84741.6,84741.6,0.612802,0.612802
8|719|vc|3|2|274,0.0,86615,3,2,1,84741.625,84717.5,84741.6,84741.6,84741.6,0.19888,0.19888
8|719|vc|4|2|274,0.0,84683,4,2,1,84741.625,84717.5,84741.6,84741.6,84741.6,-0.0062237,-0.0062237
8|719|vc|5|2|274,0.0,87250,5,2,1,84741.625,84717.5,84741.6,84741.6,84741.6,0.266292,0.266292
8|719|vc|6|2|274,0.0,81493,6,2,1,84741.625,84717.5,84741.6,84741.6,84741.6,-0.344878,-0.344878
8|719|vc|7|2|274,0.0,76517,7,2,1,84741.625,84717.5,84741.6,84741.6,84741.6,-0.873136,-0.873136
8|719|vc|8|2|274,0.0,75086,8,2,1,84741.625,78266.1,84741.6,84741.6,84741.6,-1.02505,-1.02505
8|488|cc|1|1|322,0.0,690,1,1,0,92253.875,0.0,0.0,0.0,0.0,1.45634,1.45634
8|488|cc|2|1|322,0.0,744,2,1,0,92253.875,0.0,0.0,0.0,0.0,1.57032,1.57032
8|488|cc|3|1|322,0.0,678,3,1,0,92253.875,0.0,0.0,0.0,0.0,1.43102,1.43102
8|488|cc|4|1|322,0.0,658,4,1,0,92253.875,0.0,0.0,0.0,0.0,1.3888,1.3888
8|488|cc|5|1|322,0.0,652,5,1,0,92253.875,0.0,0.0,0.0,0.0,1.37614,1.37614
8|488|cc|6|1|322,0.0,686,6,1,0,92253.875,0.0,0.0,0.0,0.0,1.4479,1.4479
8|488|cc|7|1|322,0.0,710,7,1,0,92253.875,0.0,0.0,0.0,0.0,1.49856,1.49856
8|488|cc|8|1|322,0.0,678,8,1,0,92253.875,0.0,0.0,0.0,0.0,1.43102,1.43102
8|488|sample|10|322,0.0003648,81577,1,10,1,92253.875,85165.2,47871.6,75549.4,75683.7,0.713383,0.696323
8|488|sample|10|322,0.001824,77221,2,10,1,92253.875,92068.6,34242.2,74994.1,75198.1,0.265407,0.240471
8|488|sample|10|322,0.00912,73813,3,10,1,92253.875,91658.7,17205.5,64782.3,65119.6,1.23495,1.18307
8|488|sample|10|322,0.0456,47917,4,10,1,92253.875,90053.9,5846.78,50877.6,51371.7,-0.506549,-0.585857
8|488|sample|10|322,0.228,23762,5,10,1,92253.875,84454.7,1538.3,34678.8,35284.3,-2.64028,-2.74432
8|488|sample|10|322,1.14,14795,6,10,1,92253.875,68103.8,795.8,19525.7,20106.8,-1.86612,-2.04586
8|488|sample|10|322,5.7,9720,7,10,1,92253.875,38109.1,749.668,8851.43,9263.38,0.616796,0.314547
8|488|sample|10|322,28.5,5400,8,10,1,92253.875,12125.2,719.742,3192.54,3387.72,2.72253,2.4203
8|488|sample|11|322,0.0003712,81357,1,11,1,92253.875,85164.6,84686.7,84819.1,84855.0,-0.367221,-0.370879
8|488|sample|11|322,0.001856,80376,2,11,1,92253.875,92066.3,90140.1,90803.1,90814.8,-1.03654,-1.03757
8|488|sample|11|322,0.00928,77900,3,11,1,92253.875,91624.2,84642.3,86997.1,87041.4,-0.941945,-0.946081
8|488|sample|11|322,0.0464,59219,4,11,1,92253.875,89997.4,66985.4,74179.8,74331.2,-1.80149,-1.81623
8|488|sample|11|322,0.2319999999999999,31458,5,11,1,92253.875,84327.2,28809.7,41651.8,41984.9,-2.09284,-2.14573
8|488|sample|11|322,1.16,7890,6,11,1,92253.875,67821.4,2325.49,6493.0,6667.28,1.20511,1.03829
8|488|sample|11|322,5.8,2100,7,11,1,92253.875,37766.6,749.473,777.64,780.023,2.37885,2.37349
8|488|sample|11|322,29.0,842,8,11,1,92253.875,11962.1,719.738,719.969,719.739,0.221958,0.222386
8|488|sample|12|322,0.0003712,85678,1,12,1,92253.875,85164.6,84686.7,84794.8,84829.0,0.0937033,0.0900405
8|488|sample|12|322,0.001856,78320,2,12,1,92253.875,85055.4,83276.5,83766.2,83803.3,-0.584563,-0.588301
8|488|sample|12|322,0.00928,75748,3,12,1,92253.875,84647.1,78199.1,80019.2,80069.2,-0.478777,-0.484095
8|488|sample|12|322,0.0464,56968,4,12,1,92253.875,83144.7,61892.1,67487.8,67583.6,-1.38451,-1.39526
8|488|sample|12|322,0.2319999999999999,26171,5,12,1,92253.875,77908.0,26635.2,36436.8,36609.4,-2.37618,-2.40598
8|488|sample|12|322,1.16,6422,6,12,1,92253.875,62664.2,2175.87,5099.02,5177.61,1.3072,1.21955
8|488|sample|12|322,5.8,1454,7,12,1,92253.875,34907.2,720.347,734.991,735.645,1.30402,1.30267
8|488|sample|12|322,29.0,1264,8,12,1,92253.875,11962.1,719.738,719.968,719.738,0.989521,0.989983
8|488|sample|3|322,6.4e-05,94358,1,3,1,92253.875,85195.0,85082.0,85161.4,85194.1,0.971745,0.967947
8|488|sample|3|322,0.00032,92993,2,3,1,92253.875,92189.6,91730.7,92188.3,92185.3,0.0788474,0.0791424
8|488|sample|3|322,0.0016,99499,3,3,1,92253.875,92110.9,90401.6,92107.8,92095.0,0.724822,0.726171
8|488|sample|3|322,0.008,102432,4,3,1,92253.875,91719.2,85499.1,91707.2,91659.9,1.05611,1.06129
8|488|sample|3|322,0.04,102826,5,3,1,92253.875,90274.3,69477.4,90228.9,90056.7,1.25985,1.2794
8|488|sample|3|322,0.2,85912,6,3,1,92253.875,85196.0,32754.5,85034.3,84445.3,0.0928775,0.156222
8|488|sample|3|322,1.0,75884,7,3,1,92253.875,70004.0,3144.93,69530.5,67893.1,0.813112,1.04579
8|488|sample|3|322,5.0,33601,8,3,1,92253.875,37626.5,721.396,36846.0,34379.6,-0.743679,-0.189748
8|488|sample|4|322,6.4e-05,90076,1,4,1,92253.875,85195.0,85082.0,85161.5,85195.0,0.519284,0.515557
8|488|sample|4|322,0.00032,95871,2,4,1,92253.875,92189.6,91730.7,92188.6,92189.0,0.360815,0.360772
8|488|sample|4|322,0.0016,100086,3,4,1,92253.875,92110.9,90401.6,92108.9,92108.9,0.782268,0.782266
8|488|sample|4|322,0.008,105205,4,4,1,92253.875,91719.3,85499.2,91711.5,91711.9,1.3287,1.32865
8|488|sample|4|322,0.04,98822,5,4,1,92253.875,90274.4,69477.4,90244.2,90247.3,0.85773,0.8574
8|488|sample|4|322,0.2,88433,6,4,1,92253.875,85196.0,32754.5,85087.0,85102.4,0.353851,0.352158
8|488|sample|4|322,1.0,78354,7,4,1,92253.875,70004.0,3144.93,69679.8,69738.5,1.10787,1.0995
8|488|sample|4|322,5.0,36320,8,4,1,92253.875,37626.5,721.396,37080.1,37207.8,-0.17321,-0.201689
8|488|sample|5|322,0.0006144,97119,1,5,1,92253.875,85144.3,84421.4,85093.8,85132.5,1.27159,1.26695
8|488|sample|5|322,0.003072,96198,2,5,1,92253.875,91983.7,89085.6,91913.6,91935.7,0.420999,0.418732
8|488|sample|5|322,0.01536,101181,3,5,1,92253.875,91343.1,81026.3,91083.7,91164.9,1.00081,0.991918
8|488|sample|5|322,0.0768,100658,4,5,1,92253.875,88915.2,57006.8,87977.8,88272.4,1.29903,1.26482
8|488|sample|5|322,0.384,92386,5,5,1,92253.875,80753.8,16528.2,77713.2,78666.5,1.69087,1.56288
8|488|sample|5|322,1.92,64050,6,5,1,92253.875,59429.4,1022.01,52348.7,54516.4,1.95021,1.53055
8|488|sample|5|322,9.6,21984,7,5,1,92253.875,28317.0,748.827,20212.9,22520.9,0.679226,-0.188311
8|488|sample|5|322,48.0,4784,8,5,1,92253.875,8003.25,719.738,4290.89,5216.4,0.532083,-0.422073
8|488|sample|6|322,0.0006144,96232,1,6,1,92253.875,85144.3,84421.4,85100.8,85134.3,1.17697,1.17298
8|488|sample|6|322,0.003072,95307,2,6,1,92253.875,91983.7,89085.6,91941.7,91942.7,0.330585,0.330482
8|488|sample|6|322,0.01536,103629,3,6,1,92253.875,91343.1,81026.3,91188.2,91191.1,1.23174,1.23142
8|488|sample|6|322,0.0768,97373,4,6,1,92253.875,88915.2,57006.8,88353.8,88366.7,0.920239,0.918794
8|488|sample|6|322,0.384,87530,5,6,1,92253.875,80753.8,16528.2,78919.4,78970.2,0.977915,0.971566
8|488|sample|6|322,1.92,63970,6,6,1,92253.875,59429.4,1022.01,55074.7,55212.6,1.41468,1.38954
8|488|sample|6|322,9.6,23620,7,6,1,92253.875,28317.0,748.827,23117.0,23290.4,0.172592,0.112389
8|488|sample|6|322,48.0,5018,8,6,1,92253.875,8003.25,719.738,5465.04,5547.14,-0.425461,-0.499482
8|488|sample|7|322,7.68e-05,88102,1,7,1,92253.875,85193.5,60693.3,79787.0,79707.1,0.934627,0.944504
8|488|sample|7|322,0.000384,97131,2,7,1,92253.875,92183.4,51283.2,82349.2,82165.7,1.61249,1.63597
8|488|sample|7|322,0.00192,94452,3,7,1,92253.875,92087.8,33672.4,75881.4,75613.6,2.18882,2.22781
8|488|sample|7|322,0.0096,82610,4,7,1,92253.875,91633.4,16732.6,66072.2,65710.5,2.2202,2.28045
8|488|sample|7|322,0.048,53340,5,7,1,92253.875,89961.4,5610.9,52608.7,52173.4,0.121329,0.195028
8|488|sample|7|322,0.24,30010,6,7,1,92253.875,84145.5,1482.13,36660.9,36218.1,-1.53107,-1.44469
8|488|sample|7|322,1.2,17535,7,7,1,92253.875,67303.2,790.861,21337.7,20978.4,-1.39479,-1.28082
8|488|sample|7|322,6.0,10208,8,7,1,92253.875,34292.5,720.418,9365.57,9163.31,0.576032,0.724913
8|488|sample|8|322,7.68e-05,96152,1,8,1,92253.875,85193.5,60693.3,79725.0,79647.1,1.84779,1.85827
8|488|sample|8|322,0.000384,86213,2,8,1,92253.875,92183.4,51283.2,82238.3,82058.7,0.434143,0.454701
8|488|sample|8|322,0.00192,94198,3,8,1,92253.875,92087.8,33672.4,75705.3,75444.2,2.18443,2.22251
8|488|sample|8|322,0.0096,85402,4,8,1,92253.875,91633.4,16732.6,65810.7,65459.8,2.63993,2.70068
8|488|sample|8|322,0.048,55227,5,8,1,92253.875,89961.4,5610.9,52259.3,51840.1,0.495395,0.569583
8|488|sample|8|322,0.24,28203,6,8,1,92253.875,84145.5,1482.13,36263.2,35840.8,-1.87361,-1.79402
8|488|sample|8|322,1.2,15833,7,8,1,92253.875,67303.2,790.861,20975.3,20636.8,-1.91302,-1.81115
8|488|sample|8|322,6.0,10222,8,8,1,92253.875,34292.5,720.418,9134.14,8946.66,0.756484,0.899231
8|488|sample|9|322,0.0003648,88000,1,9,1,92253.875,85165.2,47871.6,75872.3,75962.2,1.42959,1.41741
8|488|sample|9|322,0.001824,81172,2,9,1,92253.875,92068.6,34242.2,75547.7,75675.3,0.665665,0.649537
8|488|sample|9|322,0.00912,76271,3,9,1,92253.875,91658.7,17205.5,65601.2,65825.6,1.44205,1.40721
8|488|sample|9|322,0.0456,48779,4,9,1,92253.875,90054.0,5846.78,51963.1,52309.8,-0.534306,-0.588873
8|488|sample|9|322,0.228,28900,5,9,1,92253.875,84454.8,1538.3,35898.4,36344.0,-1.64149,-1.72695
8|488|sample|9|322,1.14,16823,6,9,1,92253.875,68103.8,795.8,20614.6,21062.2,-1.4308,-1.57169
8|488|sample|9|322,5.7,9274,7,9,1,92253.875,38109.1,749.668,9581.55,9914.05,-0.207065,-0.42098
8|488|sample|9|322,28.5,5678,8,9,1,92253.875,12125.2,719.742,3523.67,3689.52,2.54718,2.30341
8|488|vc|1|2|322,0.0,94917,1,2,1,92253.875,85204.4,85204.5,85171.0,85204.5,1.02969,1.02577
8|488|vc|2|2|322,0.0,99297,2,2,1,92253.875,92227.6,92227.6,92227.2,92227.6,0.692452,0.692405
8|488|vc|3|2|322,0.0,94280,3,2,1,92253.875,92227.6,92227.6,92227.2,92227.6,0.201064,0.201019
8|488|vc|4|2|322,0.0,91878,4,2,1,92253.875,92227.6,92227.6,92227.2,92227.6,-0.0341988,-0.0342425
8|488|vc|5|2|322,0.0,91882,5,2,1,92253.875,92227.6,92227.6,92227.2,92227.6,-0.033807,-0.0338507
8|488|vc|6|2|322,0.0,90577,6,2,1,92253.875,92227.6,92227.6,92227.2,92227.6,-0.161625,-0.161668
8|488|vc|7|2|322,0.0,89724,7,2,1,92253.875,92227.6,92227.6,92227.2,92227.6,-0.245171,-0.245214
8|488|vc|8|2|322,0.0,85476,8,2,1,92253.875,85204.4,85204.5,85171.0,85204.5,0.0322251,0.0286783
8|847|cc|1|1|69,0.0,676,1,1,0,136227.125,0.0,0.0,0.0,0.0,1.4268,1.4268
8|847|cc|2|1|69,0.0,738,2,1,0,136227.125,0.0,0.0,0.0,0.0,1.55766,1.55766
8|847|cc|3|1|69,0.0,778,3,1,0,136227.125,0.0,0.0,0.0,0.0,1.64208,1.64208
8|847|cc|4|1|69,0.0,704,4,1,0,136227.125,0.0,0.0,0.0,0.0,1.48589,1.48589
8|847|cc|5|1|69,0.0,732,5,1,0,136227.125,0.0,0.0,0.0,0.0,1.54499,1.54499
8|847|cc|6|1|69,0.0,732,6,1,0,136227.125,0.0,0.0,0.0,0.0,1.54499,1.54499
8|847|cc|7|1|69,0.0,698,7,1,0,136227.125,0.0,0.0,0.0,0.0,1.47323,1.47323
8|847|cc|8|1|69,0.0,842,8,1,0,136227.125,0.0,0.0,0.0,0.0,1.77716,1.77716
8|847|sample|10|69,0.0003648,119901,1,10,1,136227.125,125759.0,125058.0,124219.0,124260.0,-0.317818,-0.320708
8|847|sample|10|69,0.001824,119010,2,10,1,136227.125,135953.0,133139.0,130004.0,129977.0,-0.774346,-0.772599
8|847|sample|10|69,0.00912,106506,3,10,1,136227.125,135346.0,125141.0,114439.0,114362.0,-0.631887,-0.626134
8|847|sample|10|69,0.0456,64608,4,10,1,136227.125,132970.0,99278.8,71160.4,71014.1,-0.820491,-0.803731
8|847|sample|10|69,0.228,13842,5,10,1,136227.125,124680.0,42973.8,13068.9,12996.6,0.417097,0.458042
8|847|sample|10|69,1.14,918,6,10,1,136227.125,100472.0,3205.61,784.586,783.71,0.239688,0.241302
8|847|sample|10|69,5.7,610,7,10,1,136227.125,56062.9,749.915,749.198,748.813,-0.251769,-0.251092
8|847|sample|10|69,28.5,526,8,10,1,136227.125,17607.9,719.728,719.958,719.728,-0.352785,-0.352382
8|847|sample|11|69,0.0003712,133212,1,11,1,136227.125,125759.0,125047.0,125369.0,125411.0,0.572092,0.568867
8|847|sample|11|69,0.001856,105958,2,11,1,136227.125,135949.0,133097.0,134585.0,134557.0,-1.94989,-1.94835
8|847|sample|11|69,0.00928,119951,3,11,1,136227.125,135295.0,124957.0,130272.0,130171.0,-0.725484,-0.718946
8|847|sample|11|69,0.0464,102632,4,11,1,136227.125,132886.0,98813.3,115391.0,115071.0,-1.00818,-0.985523
8|847|sample|11|69,0.2319999999999999,66738,5,11,1,136227.125,124491.0,42292.1,74296.9,73579.7,-0.908845,-0.830171
8|847|sample|11|69,1.16,18073,6,11,1,136227.125,100054.0,3082.96,17339.9,16815.6,0.318166,0.559128
8|847|sample|11|69,5.8,1002,7,11,1,136227.125,55555.7,749.79,1045.17,1019.49,-0.0739108,-0.030081
8|847|sample|11|69,29.0,630,8,11,1,136227.125,17366.4,719.728,720.104,719.848,-0.163883,-0.163426
8|847|sample|12|69,0.0003712,124911,1,12,1,136227.125,125759.0,125047.0,125383.0,125429.0,-0.0344416,-0.0377932
8|847|sample|12|69,0.001856,113518,2,12,1,136227.125,125597.0,122959.0,124337.0,124375.0,-0.795513,-0.798097
8|847|sample|12|69,0.00928,110811,3,12,1,136227.125,124992.0,115441.0,120489.0,120502.0,-0.733569,-0.734481
8|847|sample|12|69,0.0464,95553,4,12,1,136227.125,122768.0,91294.0,107180.0,107121.0,-0.986337,-0.981827
8|847|sample|12|69,0.2319999999999999,71057,5,12,1,136227.125,115014.0,39089.9,70083.4,69899.2,0.123671,0.147441
8|847|sample|12|69,1.16,17709,6,12,1,136227.125,92441.9,2875.59,17199.8,17059.1,0.222392,0.285732
8|847|sample|12|69,5.8,964,7,12,1,136227.125,51341.7,720.63,1058.23,1050.75,-0.160932,-0.14836
8|847|sample|12|69,29.0,514,8,12,1,136227.125,17366.4,719.728,720.193,719.953,-0.37502,-0.374601
8|847|sample|3|69,6.4e-05,141928,1,3,1,136227.125,125804.0,109537.0,122719.0,122844.0,1.4304,1.4197
8|847|sample|3|69,0.00032,138654,2,3,1,136227.125,136132.0,103832.0,129801.0,129963.0,0.624497,0.612322
8|847|sample|3|69,0.0016,135457,3,3,1,136227.125,136015.0,80288.0,124039.0,124344.0,0.841545,0.817079
8|847|sample|3|69,0.008,145249,4,3,1,136227.125,135436.0,49048.2,113611.0,114162.0,2.53767,2.48196
8|847|sample|3|69,0.04,131047,5,3,1,136227.125,133296.0,19633.1,96306.9,97212.5,3.26488,3.15146
8|847|sample|3|69,0.2,70406,6,3,1,136227.125,125778.0,4183.67,71385.2,72657.0,-0.122248,-0.276398
8|847|sample|3|69,1.0,35020,7,3,1,136227.125,103285.0,935.339,42872.0,44260.4,-1.57052,-1.79559
8|847|sample|3|69,5.0,19157,8,3,1,136227.125,55368.2,721.527,18030.0,19025.7,0.474079,0.0529036
8|847|sample|4|69,6.4e-05,137164,1,4,1,136227.125,125804.0,109537.0,122783.0,122791.0,1.07039,1.06971
8|847|sample|4|69,0.00032,143262,2,4,1,136227.125,136132.0,103832.0,129932.0,129852.0,0.939371,0.94556
8|847|sample|4|69,0.0016,134282,3,4,1,136227.125,136015.0,80288.0,124284.0,124138.0,0.735504,0.747073
8|847|sample|4|69,0.008,148754,4,4,1,136227.125,135436.0,49048.2,114046.0,113795.0,2.77374,2.79972
8|847|sample|4|69,0.04,120142,5,4,1,136227.125,133296.0,19633.1,97011.4,96617.3,2.15873,2.20407
8|847|sample|4|69,0.2,68131,6,4,1,136227.125,125778.0,4183.67,72359.7,71831.6,-0.52125,-0.459319
8|847|sample|4|69,1.0,33891,7,4,1,136227.125,103285.0,935.339,43919.8,43369.3,-1.9625,-1.8761
8|847|sample|4|69,5.0,19357,8,4,1,136227.125,55368.2,721.527,18765.3,18395.6,0.241021,0.397968
8|847|sample|5|69,0.0006144,138978,1,5,1,136227.125,125728.0,88158.7,119526.0,119601.0,1.4858,1.47919
8|847|sample|5|69,0.003072,131680,2,5,1,136227.125,135827.0,68209.6,123343.0,123404.0,0.617786,0.612952
8|847|sample|5|69,0.01536,120056,3,5,1,136227.125,134879.0,36092.5,112541.0,112656.0,0.608273,0.59837
8|847|sample|5|69,0.0768,103047,4,5,1,136227.125,131284.0,11368.7,94866.0,95063.2,0.780003,0.759697
8|847|sample|5|69,0.384,56782,5,5,1,136227.125,119201.0,2002.67,70059.5,70344.9,-1.68717,-1.71686
8|847|sample|5|69,1.92,28614,6,5,1,136227.125,87628.6,785.449,42516.3,42836.3,-2.80171,-2.84682
8|847|sample|5|69,9.6,20034,7,5,1,136227.125,41565.1,748.994,20258.5,20516.7,-0.0859499,-0.182874
8|847|sample|5|69,48.0,9472,8,5,1,136227.125,11504.5,719.728,7189.37,7327.52,1.85167,1.71926
8|847|sample|6|69,0.0006144,127160,1,6,1,136227.125,125728.0,88158.7,119410.0,119367.0,0.592518,0.595992
8|847|sample|6|69,0.003072,130753,2,6,1,136227.125,135827.0,68209.6,123110.0,122936.0,0.567415,0.581146
8|847|sample|6|69,0.01536,115206,3,6,1,136227.125,134879.0,36092.5,112131.0,111833.0,0.249753,0.274675
8|847|sample|6|69,0.0768,93986,4,6,1,136227.125,131284.0,11368.7,94212.9,93752.9,-0.0217753,0.0224726
8|847|sample|6|69,0.384,45894,5,6,1,136227.125,119201.0,2002.67,69177.2,68577.1,-2.99402,-2.94081
8|847|sample|6|69,1.92,27093,6,6,1,136227.125,87628.6,785.449,41587.3,40978.1,-2.97991,-2.89291
8|847|sample|6|69,9.6,17839,7,6,1,136227.125,41565.1,748.994,19549.1,19100.6,-0.673936,-0.506623
8|847|sample|6|69,48.0,9360,8,6,1,136227.125,11504.5,719.728,6833.28,6617.99,2.11414,2.33875
8|847|sample|7|69,7.68e-05,124621,1,7,1,136227.125,125801.0,125604.0,125421.0,125465.0,-0.058308,-0.0615202
8|847|sample|7|69,0.000384,124263,2,7,1,136227.125,136123.0,135334.0,134791.0,134773.0,-0.716061,-0.714927
8|847|sample|7|69,0.00192,127505,3,7,1,136227.125,135981.0,133047.0,131054.0,130989.0,-0.248015,-0.243608
8|847|sample|7|69,0.0096,128418,4,7,1,136227.125,135308.0,124685.0,117816.0,117610.0,0.821133,0.838506
8|847|sample|7|69,0.048,77472,5,7,1,136227.125,132833.0,97949.7,79302.1,78817.6,-0.206899,-0.15301
8|847|sample|7|69,0.24,19051,6,7,1,136227.125,124222.0,40977.7,19183.1,18796.6,-0.0528516,0.103495
8|847|sample|7|69,1.2,998,7,7,1,136227.125,99286.3,2856.94,893.655,883.851,0.183664,0.201287
8|847|sample|7|69,6.0,632,8,7,1,136227.125,50431.5,720.44,719.959,719.728,-0.159985,-0.159573
8|847|sample|8|69,7.68e-05,130681,1,8,1,136227.125,125801.0,125604.0,125402.0,125448.0,0.384962,0.381481
8|847|sample|8|69,0.000384,131502,2,8,1,136227.125,136123.0,135334.0,134718.0,134706.0,-0.218822,-0.218044
8|847|sample|8|69,0.00192,123225,3,8,1,136227.125,135981.0,133047.0,130785.0,130743.0,-0.529388,-0.526653
8|847|sample|8|69,0.0096,120550,4,8,1,136227.125,135308.0,124685.0,116912.0,116786.0,0.283854,0.294
8|847|sample|8|69,0.048,74924,5,8,1,136227.125,132833.0,97949.7,77062.4,76784.5,-0.248389,-0.21685
8|847|sample|8|69,0.24,17541,6,8,1,136227.125,124222.0,40977.7,17331.4,17136.4,0.0909985,0.177234
8|847|sample|8|69,1.2,1000,7,8,1,136227.125,99286.3,2856.94,849.661,845.815,0.266803,0.273825
8|847|sample|8|69,6.0,620,8,8,1,136227.125,50431.5,720.44,719.958,719.728,-0.181811,-0.181401
8|847|sample|9|69,0.0003648,122535,1,9,1,136227.125,125759.0,125058.0,124313.0,124349.0,-0.130797,-0.133339
8|847|sample|9|69,0.001824,114457,2,9,1,136227.125,135953.0,133139.0,130375.0,130325.0,-1.11807,-1.115
8|847|sample|9|69,0.00912,103659,3,9,1,136227.125,135346.0,125141.0,115668.0,115515.0,-0.946747,-0.935856
8|847|sample|9|69,0.0456,70963,4,9,1,136227.125,132970.0,99278.9,74043.3,73710.7,-0.371553,-0.332845
8|847|sample|9|69,0.228,15485,5,9,1,136227.125,124680.0,42973.8,15019.9,14807.0,0.225849,0.332882
8|847|sample|9|69,1.14,998,6,9,1,136227.125,100472.0,3205.61,807.825,804.818,0.340165,0.345739
8|847|sample|9|69,5.7,588,7,9,1,136227.125,56062.9,749.915,749.198,748.813,-0.291561,-0.290886
8|847|sample|9|69,28.5,600,8,9,1,136227.125,17607.9,719.728,719.958,719.728,-0.218188,-0.217779
8|847|vc|1|2|69,0.0,128428,1,2,1,136227.125,125817.0,125814.0,125765.0,125814.0,0.193673,0.190013
8|847|vc|2|2|69,0.0,140797,2,2,1,136227.125,136188.0,136188.0,136188.0,136188.0,0.310381,0.310335
8|847|vc|3|2|69,0.0,133543,3,2,1,136227.125,136188.0,136188.0,136188.0,136188.0,-0.178084,-0.178128
8|847|vc|4|2|69,0.0,145073,4,2,1,136227.125,136188.0,136188.0,136188.0,136188.0,0.598315,0.598268
8|847|vc|5|2|69,0.0,153047,5,2,1,136227.125,136188.0,136188.0,136188.0,136188.0,1.13526,1.13521
8|847|vc|6|2|69,0.0,143667,6,2,1,136227.125,136188.0,136188.0,136188.0,136188.0,0.503639,0.503592
8|847|vc|7|2|69,0.0,129385,7,2,1,136227.125,136188.0,136188.0,136188.0,136188.0,-0.458073,-0.458115
8|847|vc|8|2|69,0.0,115877,8,2,1,136227.125,125817.0,125814.0,125765.0,125814.0,-0.719106,-0.722421
8|474|cc|1|1|276,0.0,688,1,1,0,126520.0,0.0,0.0,0.0,0.0,1.45212,1.45212
8|474|cc|2|1|276,0.0,722,2,1,0,126520.0,0.0,0.0,0.0,0.0,1.52388,1.52388
8|474|cc|3|1|276,0.0,726,3,1,0,126520.0,0.0,0.0,0.0,0.0,1.53233,1.53233
8|474|cc|4|1|276,0.0,740,4,1,0,126520.0,0.0,0.0,0.0,0.0,1.56188,1.56188
8|474|cc|5|1|276,0.0,730,5,1,0,126520.0,0.0,0.0,0.0,0.0,1.54077,1.54077
8|474|cc|6|1|276,0.0,798,6,1,0,126520.0,0.0,0.0,0.0,0.0,1.68429,1.68429
8|474|cc|7|1|276,0.0,812,7,1,0,126520.0,0.0,0.0,0.0,0.0,1.71384,1.71384
8|474|cc|8|1|276,0.0,708,8,1,0,126520.0,0.0,0.0,0.0,0.0,1.49434,1.49434
8|474|sample|10|276,0.0003648,136491,1,10,1,126520.0,116798.0,116141.0,113442.0,113494.0,1.85144,1.84639
8|474|sample|10|276,0.001824,112487,2,10,1,126520.0,126265.0,123653.0,113362.0,113401.0,-0.070326,-0.0734526
8|474|sample|10|276,0.00912,87404,3,10,1,126520.0,125702.0,116227.0,83924.7,84055.6,0.372775,0.35822
8|474|sample|10|276,0.0456,26053,4,10,1,126520.0,123496.0,92217.2,27619.4,27806.7,-0.462151,-0.514388
8|474|sample|10|276,0.228,1910,5,10,1,126520.0,115800.0,39946.4,1189.81,1202.64,1.20154,1.17747
8|474|sample|10|276,1.14,702,6,10,1,126520.0,93326.3,3029.41,749.306,748.92,-0.0855619,-0.0848693
8|474|sample|10|276,5.7,688,7,10,1,126520.0,52099.6,749.836,749.198,748.813,-0.110689,-0.110001
8|474|sample|10|276,28.5,768,8,10,1,126520.0,16397.6,719.71,719.94,719.71,0.0874144,0.0878371
8|474|sample|11|276,0.0003712,134430,1,11,1,126520.0,116797.0,116133.0,115945.0,115992.0,1.45392,1.44965
8|474|sample|11|276,0.001856,130150,2,11,1,126520.0,126262.0,123619.0,123049.0,123058.0,0.527456,0.526719
8|474|sample|11|276,0.00928,116133,3,11,1,126520.0,125655.0,116071.0,114068.0,114108.0,0.164959,0.161778
8|474|sample|11|276,0.0464,92512,4,11,1,126520.0,123419.0,91816.4,86033.7,86165.3,0.677926,0.663191
8|474|sample|11|276,0.2319999999999999,31016,5,11,1,126520.0,115625.0,39345.1,31073.8,31275.7,-0.015391,-0.0687926
8|474|sample|11|276,1.16,1746,6,11,1,126520.0,92938.3,2918.3,1692.67,1717.56,0.081729,0.0434055
8|474|sample|11|276,5.8,650,7,11,1,126520.0,51628.7,749.72,749.277,748.899,-0.179561,-0.178891
8|474|sample|11|276,29.0,692,8,11,1,126520.0,16173.4,719.71,719.94,719.71,-0.0508201,-0.0504035
8|474|sample|12|276,0.0003712,121914,1,12,1,126520.0,116797.0,116133.0,115934.0,115986.0,0.470435,0.46609
8|474|sample|12|276,0.001856,119881,2,12,1,126520.0,116647.0,114197.0,113584.0,113657.0,0.505225,0.499055
8|474|sample|12|276,0.00928,117603,3,12,1,126520.0,116086.0,107226.0,105187.0,105335.0,1.07237,1.05818
8|474|sample|12|276,0.0464,87318,4,12,1,126520.0,114021.0,84825.8,79036.7,79387.1,0.939205,0.895702
8|474|sample|12|276,0.2319999999999999,26931,5,12,1,126520.0,106822.0,36365.6,28175.1,28626.7,-0.360799,-0.485078
8|474|sample|12|276,1.16,1852,6,12,1,126520.0,85868.4,2723.36,1534.46,1583.56,0.49945,0.418812
8|474|sample|12|276,5.8,644,7,12,1,126520.0,47713.7,720.548,720.001,719.782,-0.138234,-0.137842
8|474|sample|12|276,29.0,664,8,12,1,126520.0,16173.4,719.71,719.94,719.71,-0.101749,-0.101334
8|474|sample|3|276,6.4e-05,140286,1,3,1,126520.0,116839.0,116675.0,116750.0,116796.0,1.83898,1.8347
8|474|sample|3|276,0.00032,140390,2,3,1,126520.0,126432.0,125802.0,126289.0,126290.0,1.02142,1.02132
8|474|sample|3|276,0.0016,126011,3,3,1,126520.0,126324.0,123976.0,125790.0,125793.0,0.016095,0.015874
8|474|sample|3|276,0.008,136248,4,3,1,126520.0,125785.0,117242.0,123801.0,123814.0,0.91907,0.918013
8|474|sample|3|276,0.04,123688,5,3,1,126520.0,123799.0,95228.9,116659.0,116712.0,0.549587,0.54524
8|474|sample|3|276,0.2,100688,6,3,1,126520.0,116819.0,44756.3,93930.2,94105.7,0.65044,0.632419
8|474|sample|3|276,1.0,44295,7,3,1,126520.0,95938.2,4044.24,45152.3,45478.2,-0.163603,-0.224316
8|474|sample|3|276,5.0,6292,8,3,1,126520.0,51451.7,721.99,5949.49,6078.08,0.310851,0.191782
8|474|sample|4|276,6.4e-05,137562,1,4,1,126520.0,116839.0,116675.0,116749.0,116795.0,1.62616,1.62195
8|474|sample|4|276,0.00032,134604,2,4,1,126520.0,126432.0,125802.0,126288.0,126289.0,0.602387,0.60226
8|474|sample|4|276,0.0016,133116,3,4,1,126520.0,126324.0,123976.0,125786.0,125791.0,0.532966,0.53263
8|474|sample|4|276,0.008,133348,4,4,1,126520.0,125785.0,117242.0,123789.0,123807.0,0.705892,0.704465
8|474|sample|4|276,0.04,121193,5,4,1,126520.0,123799.0,95229.0,116617.0,116687.0,0.357963,0.35229
8|474|sample|4|276,0.2,98200,6,4,1,126520.0,116819.0,44756.3,93803.8,94030.5,0.423678,0.400909
8|474|sample|4|276,1.0,38819,7,4,1,126520.0,95938.2,4044.24,44943.7,45353.3,-1.17369,-1.2419
8|474|sample|4|276,5.0,6826,8,4,1,126520.0,51451.7,721.99,5876.65,6033.69,0.867651,0.713319
8|474|sample|5|276,0.0006144,132239,1,5,1,126520.0,116769.0,115768.0,116495.0,116539.0,1.23274,1.22881
8|474|sample|5|276,0.003072,134624,2,5,1,126520.0,126149.0,122169.0,125256.0,125253.0,0.683946,0.684239
8|474|sample|5|276,0.01536,128618,3,5,1,126520.0,125268.0,111097.0,121980.0,121967.0,0.497196,0.498203
8|474|sample|5|276,0.0768,115873,4,5,1,126520.0,121931.0,78091.3,110446.0,110414.0,0.447258,0.45005
8|474|sample|5|276,0.384,72562,5,5,1,126520.0,110713.0,22447.8,77451.0,77397.3,-0.565206,-0.559357
8|474|sample|5|276,1.92,20404,6,5,1,126520.0,81403.6,1124.48,25209.2,25182.4,-1.53275,-1.52556
8|474|sample|5|276,9.6,3584,7,5,1,126520.0,38640.5,748.832,2256.45,2255.83,1.86456,1.86559
8|474|sample|5|276,48.0,1678,8,5,1,126520.0,10731.6,719.71,733.656,733.47,1.71313,1.71353
8|474|sample|6|276,0.0006144,136505,1,6,1,126520.0,116769.0,115768.0,116499.0,116540.0,1.56636,1.56268
8|474|sample|6|276,0.003072,126395,2,6,1,126520.0,126149.0,122169.0,125274.0,125254.0,0.0818502,0.0833166
8|474|sample|6|276,0.01536,119521,3,6,1,126520.0,125268.0,111097.0,122044.0,121972.0,-0.188884,-0.183613
8|474|sample|6|276,0.0768,112647,4,6,1,126520.0,121931.0,78091.3,110662.0,110431.0,0.163315,0.182695
8|474|sample|6|276,0.384,74357,5,6,1,126520.0,110713.0,22447.8,77997.2,77439.3,-0.418045,-0.356383
8|474|sample|6|276,1.92,20760,6,6,1,126520.0,81403.6,1124.48,25790.6,25226.7,-1.57384,-1.42393
8|474|sample|6|276,9.6,3528,7,6,1,126520.0,38640.5,748.832,2355.21,2263.23,1.62341,1.7746
8|474|sample|6|276,48.0,1762,8,6,1,126520.0,10731.6,719.71,735.556,733.609,1.86139,1.86562
8|474|sample|7|276,7.68e-05,132990,1,7,1,126520.0,116837.0,116648.0,115954.0,116002.0,1.33992,1.33557
8|474|sample|7|276,0.000384,129527,2,7,1,126520.0,126423.0,125691.0,123082.0,123096.0,0.478586,0.477452
8|474|sample|7|276,0.00192,112032,3,7,1,126520.0,126292.0,123568.0,114206.0,114263.0,-0.173522,-0.177955
8|474|sample|7|276,0.0096,80668,4,7,1,126520.0,125667.0,115804.0,86198.2,86381.0,-0.577661,-0.595555
8|474|sample|7|276,0.048,30208,5,7,1,126520.0,123369.0,90983.2,30477.6,30745.7,-0.0730343,-0.144553
8|474|sample|7|276,0.24,1942,6,7,1,126520.0,115375.0,38093.4,1390.83,1414.43,0.888097,0.84668
8|474|sample|7|276,1.2,666,7,7,1,126520.0,92226.0,2705.74,749.199,748.815,-0.150484,-0.1498
8|474|sample|7|276,6.0,798,8,7,1,126520.0,46868.8,720.371,719.94,719.71,0.141981,0.142406
8|474|sample|8|276,7.68e-05,139337,1,8,1,126520.0,116837.0,116648.0,115999.0,116045.0,1.83481,1.83056
8|474|sample|8|276,0.000384,129049,2,8,1,126520.0,126423.0,125691.0,123265.0,123267.0,0.428914,0.42874
8|474|sample|8|276,0.00192,112244,3,8,1,126520.0,126292.0,123568.0,114844.0,114857.0,-0.206396,-0.207435
8|474|sample|8|276,0.0096,86461,4,8,1,126520.0,125667.0,115804.0,88014.2,88074.7,-0.159059,-0.165143
8|474|sample|8|276,0.048,30862,5,8,1,126520.0,123369.0,90983.2,32904.4,33018.4,-0.517417,-0.544621
8|474|sample|8|276,0.24,2300,6,8,1,126520.0,115375.0,38093.4,1604.24,1618.16,1.0818,1.05775
8|474|sample|8|276,1.2,754,7,8,1,126520.0,92226.0,2705.74,749.202,748.818,0.00867777,0.00937351
8|474|sample|8|276,6.0,720,8,8,1,126520.0,46868.8,720.371,719.94,719.71,0.000108414,0.000527204
8|474|sample|9|276,0.0003648,135511,1,9,1,126520.0,116798.0,116141.0,113301.0,113428.0,1.78617,1.77404
8|474|sample|9|276,0.001824,117258,2,9,1,126520.0,126265.0,123653.0,112834.0,113152.0,0.357208,0.330615
8|474|sample|9|276,0.00912,89772,3,9,1,126520.0,125702.0,116227.0,82470.9,83367.4,0.795328,0.690553
8|474|sample|9|276,0.0456,24875,4,9,1,126520.0,123496.0,92217.3,25907.9,26982.3,-0.321899,-0.634305
8|474|sample|9|276,0.228,1858,5,9,1,126520.0,115800.0,39946.4,1095.43,1154.05,1.29374,1.18189
8|474|sample|9|276,1.14,680,6,9,1,126520.0,93326.3,3029.41,749.306,748.92,-0.125352,-0.124663
8|474|sample|9|276,5.7,720,7,9,1,126520.0,52099.6,749.836,749.198,748.813,-0.0528102,-0.0521183
8|474|sample|9|276,28.5,790,8,9,1,126520.0,16397.6,719.71,719.94,719.71,0.12743,0.127854
8|474|vc|1|2|276,0.0,128388,1,2,1,126520.0,116852.0,116843.0,116797.0,116843.0,0.905251,0.901333
8|474|vc|2|2|276,0.0,126824,2,2,1,126520.0,126484.0,126484.0,126483.0,126484.0,0.0246416,0.0245971
8|474|vc|3|2|276,0.0,135976,3,2,1,126520.0,126484.0,126484.0,126483.0,126484.0,0.686576,0.686528
8|474|vc|4|2|276,0.0,130086,4,2,1,126520.0,126484.0,126484.0,126483.0,126484.0,0.260571,0.260526
8|474|vc|5|2|276,0.0,126830,5,2,1,126520.0,126484.0,126484.0,126483.0,126484.0,0.0250756,0.0250311
8|474|vc|6|2|276,0.0,130250,6,2,1,126520.0,126484.0,126484.0,126483.0,126484.0,0.272433,0.272387
8|474|vc|7|2|276,0.0,124477,7,2,1,126520.0,126484.0,126484.0,126483.0,126484.0,-0.145109,-0.145153
8|474|vc|8|2|276,0.0,109329,8,2,1,126520.0,116852.0,116843.0,116797.0,116843.0,-0.583309,-0.586665
8|462|cc|1|1|292,0.0,566,1,1,0,129563.0,0.0,0.0,0.0,0.0,1.19462,1.19462
8|462|cc|2|1|292,0.0,562,2,1,0,129563.0,0.0,0.0,0.0,0.0,1.18618,1.18618
8|462|cc|3|1|292,0.0,584,3,1,0,129563.0,0.0,0.0,0.0,0.0,1.23262,1.23262
8|462|cc|4|1|292,0.0,656,4,1,0,129563.0,0.0,0.0,0.0,0.0,1.38458,1.38458
8|462|cc|5|1|292,0.0,696,5,1,0,129563.0,0.0,0.0,0.0,0.0,1.46901,1.46901
8|462|cc|6|1|292,0.0,706,6,1,0,129563.0,0.0,0.0,0.0,0.0,1.49011,1.49011
8|462|cc|7|1|292,0.0,668,7,1,0,129563.0,0.0,0.0,0.0,0.0,1.40991,1.40991
8|462|cc|8|1|292,0.0,710,8,1,0,129563.0,0.0,0.0,0.0,0.0,1.49856,1.49856
8|462|sample|10|292,0.0003648,102838,1,10,1,129563.0,119607.0,118946.0,116602.0,116384.0,-1.07676,-1.06162
8|462|sample|10|292,0.001824,109527,2,10,1,129563.0,129302.0,126628.0,117676.0,116688.0,-0.631853,-0.559788
8|462|sample|10|292,0.00912,75302,3,10,1,129563.0,128725.0,119026.0,90420.3,87632.8,-1.50895,-1.26797
8|462|sample|10|292,0.0456,30834,4,10,1,129563.0,126466.0,94441.5,34070.2,30395.2,-0.795057,0.11916
8|462|sample|10|292,0.228,1866,5,10,1,129563.0,118584.0,40906.2,1657.85,1343.35,0.320814,0.849003
8|462|sample|10|292,1.14,542,6,10,1,129563.0,95566.2,3085.63,749.311,748.921,-0.374958,-0.37428
8|462|sample|10|292,5.7,526,7,10,1,129563.0,53342.0,749.861,749.198,748.813,-0.403701,-0.403035
8|462|sample|10|292,28.5,550,8,10,1,129563.0,16777.0,719.744,719.975,719.744,-0.30916,-0.308755
8|462|sample|11|292,0.0003712,100654,1,11,1,129563.0,119607.0,118930.0,119164.0,119214.0,-1.41803,-1.42127
8|462|sample|11|292,0.001856,107033,2,11,1,129563.0,129299.0,126568.0,127691.0,127705.0,-1.48047,-1.48134
8|462|sample|11|292,0.00928,111878,3,11,1,129563.0,128677.0,118793.0,122785.0,122839.0,-0.811782,-0.815456
8|462|sample|11|292,0.0464,96908,4,11,1,129563.0,126387.0,93872.3,106140.0,106326.0,-0.790487,-0.805114
8|462|sample|11|292,0.2319999999999999,62831,5,11,1,129563.0,118404.0,40131.3,62623.9,63056.4,0.0292248,-0.0316145
8|462|sample|11|292,1.16,11954,6,11,1,129563.0,95168.8,2957.93,11141.9,11412.3,0.492172,0.32272
8|462|sample|11|292,5.8,712,7,11,1,129563.0,52859.7,749.742,833.222,839.812,-0.215795,-0.227243
8|462|sample|11|292,29.0,526,8,11,1,129563.0,16547.4,719.744,719.984,719.756,-0.35283,-0.35243
8|462|sample|12|292,0.0003712,92444,1,12,1,129563.0,119607.0,118930.0,119126.0,119172.0,-2.04466,-2.04746
8|462|sample|12|292,0.001856,89758,2,12,1,129563.0,119453.0,116933.0,117781.0,117828.0,-2.17107,-2.17386
8|462|sample|12|292,0.00928,86511,3,12,1,129563.0,118878.0,109752.0,112880.0,112930.0,-2.12821,-2.13135
8|462|sample|12|292,0.0464,76016,4,12,1,129563.0,116763.0,86733.3,96379.6,96450.0,-1.91239,-1.91767
8|462|sample|12|292,0.2319999999999999,48569,5,12,1,129563.0,109390.0,37095.4,54391.5,54509.4,-0.936747,-0.953798
8|462|sample|12|292,1.16,9584,6,12,1,129563.0,87929.1,2760.19,8464.24,8530.5,0.818939,0.766562
8|462|sample|12|292,5.8,838,7,12,1,129563.0,48851.0,720.602,761.516,762.525,0.138014,0.136167
8|462|sample|12|292,29.0,604,8,12,1,129563.0,16547.4,719.744,719.977,719.747,-0.210946,-0.210537
8|462|sample|3|292,6.4e-05,108562,1,3,1,129563.0,119649.0,107653.0,117957.0,118067.0,-0.726811,-0.734668
8|462|sample|3|292,0.00032,130392,2,3,1,129563.0,129473.0,104428.0,125907.0,126028.0,0.32585,0.316768
8|462|sample|3|292,0.0016,132645,3,3,1,129563.0,129362.0,83716.6,122359.0,122560.0,0.768125,0.751914
8|462|sample|3|292,0.008,136907,4,3,1,129563.0,128810.0,53823.2,115525.0,115838.0,1.68768,1.65863
8|462|sample|3|292,0.04,113528,5,3,1,129563.0,126776.0,22830.5,103271.0,103703.0,0.901685,0.860199
8|462|sample|3|292,0.2,82203,6,3,1,129563.0,119627.0,4951.06,83647.4,84134.7,-0.155245,-0.206478
8|462|sample|3|292,1.0,54160,7,3,1,129563.0,98241.3,969.319,57680.2,58073.7,-0.536387,-0.592595
8|462|sample|3|292,5.0,30876,8,3,1,129563.0,52679.5,721.487,29448.2,29634.7,0.398546,0.344597
8|462|sample|4|292,6.4e-05,104240,1,4,1,129563.0,119649.0,107653.0,118024.0,118057.0,-1.06577,-1.06806
8|462|sample|4|292,0.00032,128947,2,4,1,129563.0,129473.0,104428.0,126051.0,126006.0,0.210133,0.21348
8|462|sample|4|292,0.0016,136467,3,4,1,129563.0,129362.0,83716.6,122643.0,122518.0,1.03003,1.04038
8|462|sample|4|292,0.008,138746,4,4,1,129563.0,128810.0,53823.2,116063.0,115758.0,1.78237,1.81094
8|462|sample|4|292,0.04,119405,5,4,1,129563.0,126776.0,22830.6,104224.0,103560.0,1.32283,1.38911
8|462|sample|4|292,0.2,86679,6,4,1,129563.0,119627.0,4951.06,85141.5,83910.0,0.162492,0.296724
8|462|sample|4|292,1.0,49742,7,4,1,129563.0,98241.3,969.319,59595.0,57786.6,-1.45647,-1.22368
8|462|sample|4|292,5.0,30602,8,4,1,129563.0,52679.5,721.487,31150.5,29382.1,-0.145787,0.341191
8|462|sample|5|292,0.0006144,100518,1,5,1,129563.0,119578.0,89815.0,116061.0,116149.0,-1.22139,-1.22741
8|462|sample|5|292,0.003072,130424,2,5,1,129563.0,129183.0,72484.9,121884.0,121936.0,0.64018,0.636006
8|462|sample|5|292,0.01536,129379,3,5,1,129563.0,128281.0,40563.1,114754.0,114778.0,1.16179,1.15965
8|462|sample|5|292,0.0768,104544,4,5,1,129563.0,124863.0,13456.0,102114.0,102028.0,0.215905,0.223768
8|462|sample|5|292,0.384,71521,5,5,1,129563.0,113374.0,2283.48,82393.5,82068.8,-1.18543,-1.15434
8|462|sample|5|292,1.92,57664,6,5,1,129563.0,83355.0,789.732,57174.0,56550.2,0.0752811,0.172847
8|462|sample|5|292,9.6,30300,7,5,1,129563.0,39557.3,748.965,32716.5,31955.7,-0.615278,-0.430362
8|462|sample|5|292,48.0,15085,8,5,1,129563.0,10973.9,719.744,14335.6,13764.9,0.377127,0.685105
8|462|sample|6|292,0.0006144,102350,1,6,1,129563.0,119578.0,89815.0,115916.0,115943.0,-1.0673,-1.06917
8|462|sample|6|292,0.003072,113884,2,6,1,129563.0,129183.0,72484.9,121577.0,121497.0,-0.578035,-0.572439
8|462|sample|6|292,0.01536,121365,3,6,1,129563.0,128281.0,40563.1,114178.0,113952.0,0.573691,0.592887
8|462|sample|6|292,0.0768,98102,4,6,1,129563.0,124863.0,13456.0,101112.0,100585.0,-0.269967,-0.223842
8|462|sample|6|292,0.384,76259,5,6,1,129563.0,113374.0,2283.48,80863.5,79867.2,-0.511025,-0.405185
8|462|sample|6|292,1.92,51729,6,6,1,129563.0,83355.0,789.732,55274.4,53833.2,-0.561964,-0.341768
8|462|sample|6|292,9.6,27657,7,6,1,129563.0,39557.3,748.965,30921.0,29424.8,-0.873199,-0.493803
8|462|sample|6|292,48.0,13804,8,6,1,129563.0,10973.9,719.744,13164.9,12153.1,0.342941,0.93977
8|462|sample|7|292,7.68e-05,94296,1,7,1,129563.0,119647.0,119465.0,118857.0,118897.0,-1.88624,-1.88869
8|462|sample|7|292,0.000384,117953,2,7,1,129563.0,129464.0,128715.0,126454.0,126429.0,-0.614978,-0.613308
8|462|sample|7|292,0.00192,127709,3,7,1,129563.0,129329.0,126541.0,118392.0,118311.0,0.718204,0.724969
8|462|sample|7|292,0.0096,104166,4,7,1,129563.0,128689.0,118593.0,92403.4,92186.9,1.14999,1.17377
8|462|sample|7|292,0.048,34555,5,7,1,129563.0,126336.0,93177.9,36919.0,36633.3,-0.540808,-0.478754
8|462|sample|7|292,0.24,2124,6,7,1,129563.0,118149.0,39008.1,1982.52,1950.96,0.207128,0.254573
8|462|sample|7|292,1.2,604,7,7,1,129563.0,94439.3,2753.98,749.213,748.827,-0.262648,-0.26197
8|462|sample|7|292,6.0,570,8,7,1,129563.0,47985.6,720.421,719.975,719.744,-0.272783,-0.272377
8|462|sample|8|292,7.68e-05,101781,1,8,1,129563.0,119647.0,119465.0,118871.0,118919.0,-1.31235,-1.31555
8|462|sample|8|292,0.000384,127577,2,8,1,129563.0,129464.0,128715.0,126511.0,126521.0,0.0770714,0.0763785
8|462|sample|8|292,0.00192,127445,3,8,1,129563.0,129329.0,126541.0,118594.0,118633.0,0.681189,0.678014
8|462|sample|8|292,0.0096,110699,4,8,1,129563.0,128689.0,118593.0,92994.2,93128.5,1.72044,1.70504
8|462|sample|8|292,0.048,35462,5,8,1,129563.0,126336.0,93177.9,37796.8,38030.9,-0.523056,-0.572311
8|462|sample|8|292,0.24,2200,6,8,1,129563.0,118149.0,39008.1,2095.65,2131.23,0.150141,0.0984198
8|462|sample|8|292,1.2,518,7,8,1,129563.0,94439.3,2753.98,749.218,748.836,-0.418206,-0.417545
8|462|sample|8|292,6.0,538,8,8,1,129563.0,47985.6,720.421,719.975,719.744,-0.330987,-0.330583
8|462|sample|9|292,0.0003648,110763,1,9,1,129563.0,119607.0,118946.0,116425.0,116498.0,-0.443578,-0.449034
8|462|sample|9|292,0.001824,99793,2,9,1,129563.0,129302.0,126628.0,117005.0,117117.0,-1.34198,-1.34948
8|462|sample|9|292,0.00912,104612,3,9,1,129563.0,128725.0,119026.0,88504.5,88844.2,1.64079,1.60035
8|462|sample|9|292,0.0456,29106,4,9,1,129563.0,126466.0,94441.6,31489.4,31966.8,-0.627549,-0.743381
8|462|sample|9|292,0.228,1898,5,9,1,129563.0,118584.0,40906.3,1425.49,1467.11,0.756888,0.685409
8|462|sample|9|292,1.14,602,6,9,1,129563.0,95566.2,3085.63,749.308,748.922,-0.266432,-0.265753
8|462|sample|9|292,5.7,556,7,9,1,129563.0,53342.0,749.861,749.198,748.813,-0.34944,-0.34877
8|462|sample|9|292,28.5,492,8,9,1,129563.0,16777.0,719.744,719.975,719.744,-0.414654,-0.414254
8|462|vc|1|2|292,0.0,109457,1,2,1,129563.0,119663.0,119665.0,119618.0,119665.0,-0.775565,-0.778853
8|462|vc|2|2|292,0.0,135900,2,2,1,129563.0,129526.0,129526.0,129526.0,129526.0,0.45058,0.450534
8|462|vc|3|2|292,0.0,145948,3,2,1,129563.0,129526.0,129526.0,129526.0,129526.0,1.16082,1.16077
8|462|vc|4|2|292,0.0,141437,4,2,1,129563.0,129526.0,129526.0,129526.0,129526.0,0.841962,0.841914
8|462|vc|5|2|292,0.0,134947,5,2,1,129563.0,129526.0,129526.0,129526.0,129526.0,0.383218,0.383171
8|462|vc|6|2|292,0.0,143094,6,2,1,129563.0,129526.0,129526.0,129526.0,129526.0,0.959087,0.959038
8|462|vc|7|2|292,0.0,130244,7,2,1,129563.0,129526.0,129526.0,129526.0,129526.0,0.0507866,0.0507421
8|462|vc|8|2|292,0.0,95477,8,2,1,129563.0,119663.0,119665.0,119618.0,119665.0,-1.84263,-1.84551
8|75|cc|1|1|65,0.0,476,1,1,0,11543.75,0.0,0.0,0.0,0.0,1.00467,1.00467
8|75|cc|2|1|65,0.0,506,2,1,0,11543.75,0.0,0.0,0.0,0.0,1.06799,1.06799
8|75|cc|3|1|65,0.0,530,3,1,0,11543.75,0.0,0.0,0.0,0.0,1.11864,1.11864
8|75|cc|4|1|65,0.0,516,4,1,0,11543.75,0.0,0.0,0.0,0.0,1.08909,1.08909
8|75|cc|5|1|65,0.0,544,5,1,0,11543.75,0.0,0.0,0.0,0.0,1.14819,1.14819
8|75|cc|6|1|65,0.0,508,6,1,0,11543.75,0.0,0.0,0.0,0.0,1.07221,1.07221
8|75|cc|7|1|65,0.0,588,7,1,0,11543.75,0.0,0.0,0.0,0.0,1.24106,1.24106
8|75|cc|8|1|65,0.0,520,8,1,0,11543.75,0.0,0.0,0.0,0.0,1.09753,1.09753
8|75|sample|10|65,0.0003648,9492,1,10,1,11543.75,10657.0,10601.6,10650.7,10655.1,-0.725053,-0.72759
8|75|sample|10|65,0.001824,15953,2,10,1,11543.75,11521.7,11297.5,11512.6,11513.5,2.6288,2.6281
8|75|sample|10|65,0.00912,16247,3,10,1,11543.75,11473.5,10660.3,11439.8,11443.1,2.85897,2.85643
8|75|sample|10|65,0.0456,12740,4,10,1,11543.75,11284.2,8599.48,11160.9,11173.1,0.955895,0.947769
8|75|sample|10|65,0.228,11350,5,10,1,11543.75,10623.7,4113.12,10206.1,10247.6,0.737444,0.708654
8|75|sample|10|65,1.14,6674,6,10,1,11543.75,8694.76,944.644,7595.1,7701.46,-0.722103,-0.798463
8|75|sample|10|65,5.7,4010,7,10,1,11543.75,5156.17,748.901,3598.17,3732.12,0.482443,0.320226
8|75|sample|10|65,28.5,1556,8,10,1,11543.75,2061.89,719.741,1225.06,1280.58,0.548715,0.452268
8|75|sample|11|65,0.0003712,11442,1,11,1,11543.75,10657.0,10600.8,10563.2,10569.6,0.553095,0.548834
8|75|sample|11|65,0.001856,13046,2,11,1,11543.75,11521.4,11294.0,11160.4,11169.7,1.14144,1.13517
8|75|sample|11|65,0.00928,11394,3,11,1,11543.75,11469.3,10645.1,10182.4,10214.6,0.782325,0.759866
8|75|sample|11|65,0.0464,7362,4,11,1,11543.75,11277.4,8561.48,7281.61,7367.37,0.0647048,-0.00428918
8|75|sample|11|65,0.2319999999999999,2518,5,11,1,11543.75,10608.5,4057.94,2466.12,2552.26,0.0706747,-0.0460969
8|75|sample|11|65,1.16,618,6,11,1,11543.75,8661.29,934.709,768.615,771.911,-0.271414,-0.277179
8|75|sample|11|65,5.8,582,7,11,1,11543.75,5115.75,748.891,749.198,748.813,-0.302413,-0.30174
8|75|sample|11|65,29.0,612,8,11,1,11543.75,2042.7,719.741,719.971,719.741,-0.196384,-0.195974
8|75|sample|12|65,0.0003712,10454,1,12,1,11543.75,10657.0,10600.8,10504.7,10514.1,-0.0320589,-0.037926
8|75|sample|12|65,0.001856,10998,2,12,1,11543.75,10644.1,10434.7,10095.5,10118.5,0.586226,0.570353
8|75|sample|12|65,0.00928,9204,3,12,1,11543.75,10596.1,9836.87,8707.57,8773.33,0.356368,0.307633
8|75|sample|12|65,0.0464,4926,4,12,1,11543.75,10419.3,7917.3,5117.75,5251.64,-0.18909,-0.316712
8|75|sample|12|65,0.2319999999999999,1482,5,12,1,11543.75,9803.03,3768.33,1222.0,1280.66,0.431322,0.33061
8|75|sample|12|65,1.16,542,6,12,1,11543.75,8009.18,891.001,720.317,720.251,-0.324313,-0.324197
8|75|sample|12|65,5.8,592,7,12,1,11543.75,4742.82,719.812,719.971,719.741,-0.232761,-0.232353
8|75|sample|12|65,29.0,536,8,12,1,11543.75,2042.7,719.741,719.971,719.741,-0.334618,-0.334214
8|75|sample|3|65,6.4e-05,9174,1,3,1,11543.75,10660.5,10647.3,10624.3,10629.8,-0.909099,-0.912213
8|75|sample|3|65,0.00032,13782,2,3,1,11543.75,11536.0,11481.8,11405.5,11411.0,1.41645,1.41268
8|75|sample|3|65,0.0016,12730,3,3,1,11543.75,11526.9,11325.2,11045.2,11065.3,1.02743,1.01387
8|75|sample|3|65,0.008,12668,4,3,1,11543.75,11480.7,10746.9,9788.78,9856.21,1.91037,1.85686
8|75|sample|3|65,0.04,5898,5,3,1,11543.75,11310.2,8856.8,6313.2,6472.31,-0.364127,-0.496361
8|75|sample|3|65,0.2,1670,6,3,1,11543.75,10711.1,4524.61,1695.79,1800.61,-0.0395059,-0.196733
8|75|sample|3|65,1.0,916,7,3,1,11543.75,8918.77,1031.48,751.516,752.175,0.297373,0.296144
8|75|sample|3|65,5.0,826,8,3,1,11543.75,5062.82,719.936,719.971,719.741,0.192853,0.19328
8|75|sample|4|65,6.4e-05,9994,1,4,1,11543.75,10660.5,10647.3,10628.2,10632.7,-0.397434,-0.400141
8|75|sample|4|65,0.00032,12470,2,4,1,11543.75,11536.0,11481.8,11421.1,11422.6,0.624528,0.623583
8|75|sample|4|65,0.0016,13558,3,4,1,11543.75,11526.9,11325.2,11102.2,11107.7,1.49215,1.48827
8|75|sample|4|65,0.008,12398,4,4,1,11543.75,11480.7,10746.9,9977.97,9997.45,1.5847,1.56983
8|75|sample|4|65,0.04,5708,5,4,1,11543.75,11310.2,8856.81,6760.73,6810.68,-0.886518,-0.924475
8|75|sample|4|65,0.2,2180,6,4,1,11543.75,10711.1,4524.61,2006.82,2047.4,0.252586,0.192194
8|75|sample|4|65,1.0,968,7,4,1,11543.75,8918.77,1031.48,755.411,755.796,0.384057,0.383334
8|75|sample|4|65,5.0,668,8,4,1,11543.75,5062.82,719.936,719.971,719.741,-0.0945277,-0.0941135
8|75|sample|5|65,0.0006144,9826,1,5,1,11543.75,10654.6,10569.6,10408.0,10412.7,-0.370098,-0.372992
8|75|sample|5|65,0.003072,10274,2,5,1,11543.75,11511.7,11169.8,10557.2,10560.4,-0.17831,-0.180271
8|75|sample|5|65,0.01536,8880,3,5,1,11543.75,11436.3,10219.2,8294.96,8305.82,0.433541,0.425127
8|75|sample|5|65,0.0768,3258,4,5,1,11543.75,11149.9,7385.64,3599.86,3617.73,-0.400396,-0.420395
8|75|sample|5|65,0.384,1754,5,5,1,11543.75,10187.1,2610.39,836.842,838.807,1.63157,1.62748
8|75|sample|5|65,1.92,1028,6,5,1,11543.75,7671.45,781.135,749.307,748.921,0.504065,0.504801
8|75|sample|5|65,9.6,926,7,5,1,11543.75,4001.0,748.815,749.198,748.813,0.319784,0.320504
8|75|sample|5|65,48.0,608,8,5,1,11543.75,1576.84,719.741,719.971,719.741,-0.20366,-0.20325
8|75|sample|6|65,0.0006144,8692,1,6,1,11543.75,10654.6,10569.6,10425.0,10405.0,-1.1008,-1.08957
8|75|sample|6|65,0.003072,13380,2,6,1,11543.75,11511.7,11169.8,10622.1,10531.2,1.72897,1.79676
8|75|sample|6|65,0.01536,8136,3,6,1,11543.75,11436.3,10219.2,8483.74,8221.94,-0.253939,-0.0640534
8|75|sample|6|65,0.0768,3106,4,6,1,11543.75,11149.9,7385.64,3874.22,3501.17,-0.870237,-0.468552
8|75|sample|6|65,0.384,1780,5,6,1,11543.75,10187.1,2610.39,871.344,826.297,1.60604,1.69995
8|75|sample|6|65,1.92,1208,6,6,1,11543.75,7671.45,781.135,749.31,748.92,0.829622,0.830388
8|75|sample|6|65,9.6,856,7,6,1,11543.75,4001.0,748.815,749.198,748.813,0.193175,0.193884
8|75|sample|6|65,48.0,602,8,6,1,11543.75,1576.84,719.741,719.971,719.741,-0.214573,-0.214164
8|75|sample|7|65,7.68e-05,10480,1,7,1,11543.75,10660.4,10645.0,10655.1,10659.3,-0.109539,-0.112143
8|75|sample|7|65,0.000384,13258,2,7,1,11543.75,11535.2,11472.4,11530.4,11530.6,1.02163,1.02152
8|75|sample|7|65,0.00192,16339,3,7,1,11543.75,11524.2,11290.3,11506.2,11506.7,2.86225,2.86189
8|75|sample|7|65,0.0096,16439,4,7,1,11543.75,11470.5,10624.0,11403.7,11405.5,3.00144,3.00002
8|75|sample|7|65,0.048,14116,5,7,1,11543.75,11273.3,8493.57,11030.3,11037.2,1.88358,1.87854
8|75|sample|7|65,0.24,12342,6,7,1,11543.75,10587.2,3954.08,9780.49,9803.8,1.70055,1.68234
8|75|sample|7|65,1.2,5688,7,7,1,11543.75,8600.16,916.766,6601.7,6656.34,-0.780473,-0.82309
8|75|sample|7|65,6.0,2598,8,7,1,11543.75,4670.49,719.797,2401.97,2450.69,0.26951,0.201105
8|75|sample|8|65,7.68e-05,10458,1,8,1,11543.75,10660.4,10645.0,10655.1,10659.3,-0.123279,-0.125873
8|75|sample|8|65,0.000384,12990,2,8,1,11543.75,11535.2,11472.4,11530.3,11530.4,0.86324,0.863156
8|75|sample|8|65,0.00192,16171,3,8,1,11543.75,11524.2,11290.3,11505.7,11506.0,2.76317,2.76294
8|75|sample|8|65,0.0096,15275,4,8,1,11543.75,11470.5,10624.0,11401.6,11402.9,2.30913,2.30822
8|75|sample|8|65,0.048,14237,5,8,1,11543.75,11273.3,8493.57,11022.9,11027.7,1.96288,1.95938
8|75|sample|8|65,0.24,10710,6,8,1,11543.75,10587.2,3954.08,9756.79,9773.21,0.633874,0.622243
8|75|sample|8|65,1.2,6990,7,8,1,11543.75,8600.16,916.766,6549.18,6588.21,0.37833,0.343619
8|75|sample|8|65,6.0,2192,8,8,1,11543.75,4670.49,719.797,2358.52,2393.41,-0.230395,-0.277247
8|75|sample|9|65,0.0003648,9810,1,9,1,11543.75,10657.0,10601.6,10651.0,10655.1,-0.526228,-0.528677
8|75|sample|9|65,0.001824,14515,2,9,1,11543.75,11521.7,11297.5,11513.7,11513.6,1.77672,1.77678
8|75|sample|9|65,0.00912,14010,3,9,1,11543.75,11473.5,10660.3,11443.8,11443.3,1.52581,1.52613
8|75|sample|9|65,0.0456,15117,4,9,1,11543.75,11284.2,8599.49,11175.4,11174.0,2.38374,2.38482
8|75|sample|9|65,0.228,12188,5,9,1,11543.75,10623.7,4113.12,10254.5,10250.6,1.24234,1.24516
8|75|sample|9|65,1.14,6778,6,9,1,11543.75,8694.76,944.644,7716.55,7709.03,-0.728467,-0.723072
8|75|sample|9|65,5.7,3686,7,9,1,11543.75,5156.17,748.901,3748.53,3741.61,-0.0719105,-0.0640124
8|75|sample|9|65,28.5,1722,8,9,1,11543.75,2061.89,719.741,1286.65,1284.58,0.714137,0.717792
8|75|vc|1|2|65,0.0,10294,1,2,1,11543.75,10661.6,10661.7,10657.6,10661.7,-0.227386,-0.229941
8|75|vc|2|2|65,0.0,11198,2,2,1,11543.75,11540.5,11540.5,11540.4,11540.5,-0.202361,-0.202394
8|75|vc|3|2|65,0.0,11944,3,2,1,11543.75,11540.5,11540.5,11540.4,11540.5,0.23852,0.238486
8|75|vc|4|2|65,0.0,13524,4,2,1,11543.75,11540.5,11540.5,11540.4,11540.5,1.17229,1.17225
8|75|vc|5|2|65,0.0,13024,5,2,1,11543.75,11540.5,11540.5,11540.4,11540.5,0.876793,0.876757
8|75|vc|6|2|65,0.0,11948,6,2,1,11543.75,11540.5,11540.5,11540.4,11540.5,0.240884,0.24085
8|75|vc|7|2|65,0.0,11746,7,2,1,11543.75,11540.5,11540.5,11540.4,11540.5,0.121503,0.12147
8|75|vc|8|2|65,0.0,8672,8,2,1,11543.75,10661.6,10661.7,10657.6,10661.7,-1.24185,-1.24413
8|291|cc|1|1|103,0.0,528,1,1,0,98225.875,0.0,0.0,0.0,0.0,1.11442,1.11442
8|291|cc|2|1|103,0.0,646,2,1,0,98225.875,0.0,0.0,0.0,0.0,1.36348,1.36348
8|291|cc|3|1|103,0.0,582,3,1,0,98225.875,0.0,0.0,0.0,0.0,1.22839,1.22839
8|291|cc|4|1|103,0.0,620,4,1,0,98225.875,0.0,0.0,0.0,0.0,1.3086,1.3086
8|291|cc|5|1|103,0.0,622,5,1,0,98225.875,0.0,0.0,0.0,0.0,1.31282,1.31282
8|291|cc|6|1|103,0.0,604,6,1,0,98225.875,0.0,0.0,0.0,0.0,1.27483,1.27483
8|291|cc|7|1|103,0.0,640,7,1,0,98225.875,0.0,0.0,0.0,0.0,1.35081,1.35081
8|291|cc|8|1|103,0.0,614,8,1,0,98225.875,0.0,0.0,0.0,0.0,1.29594,1.29594
8|291|sample|10|103,0.0003648,76142,1,10,1,98225.875,90678.3,90176.1,88601.7,88522.8,-1.26789,-1.26092
8|291|sample|10|103,0.001824,78961,2,10,1,98225.875,98028.5,96005.5,89988.0,89560.9,-1.10563,-1.06764
8|291|sample|10|103,0.00912,61146,3,10,1,98225.875,97591.9,90253.2,70810.9,69576.5,-1.21585,-1.07824
8|291|sample|10|103,0.0456,26839,4,10,1,98225.875,95882.4,71650.5,29160.3,27360.5,-0.653506,-0.155105
8|291|sample|10|103,0.228,2248,5,10,1,98225.875,89917.7,31139.0,1813.75,1589.35,0.652752,1.02661
8|291|sample|10|103,1.14,632,6,10,1,98225.875,72499.6,2517.35,749.323,748.927,-0.212199,-0.211499
8|291|sample|10|103,5.7,498,7,10,1,98225.875,40547.4,749.606,749.198,748.813,-0.454345,-0.453683
8|291|sample|10|103,28.5,558,8,10,1,98225.875,12869.8,719.737,719.967,719.737,-0.294596,-0.29419
8|291|sample|11|103,0.0003712,73274,1,11,1,98225.875,90677.7,90047.5,87472.9,87484.7,-1.46261,-1.46363
8|291|sample|11|103,0.001856,69690,2,11,1,98225.875,98026.1,95579.8,86124.3,86066.3,-1.71806,-1.7131
8|291|sample|11|103,0.00928,51029,3,11,1,98225.875,97555.1,89034.7,61014.7,60923.6,-1.44409,-1.4329
8|291|sample|11|103,0.0464,18731,4,11,1,98225.875,95822.1,69005.3,17917.4,17883.9,0.343963,0.358691
8|291|sample|11|103,0.2319999999999999,1836,5,11,1,98225.875,89781.9,28424.0,956.871,957.722,1.52945,1.52773
8|291|sample|11|103,1.16,454,6,11,1,98225.875,72198.9,2242.15,749.198,748.813,-0.533929,-0.533272
8|291|sample|11|103,5.8,548,7,11,1,98225.875,40182.5,749.522,749.198,748.813,-0.363909,-0.36324
8|291|sample|11|103,29.0,510,8,11,1,98225.875,12696.0,719.737,719.967,719.737,-0.381901,-0.3815
8|291|sample|12|103,0.0003712,69558,1,12,1,98225.875,90677.7,90047.5,88190.8,88253.8,-1.90447,-1.90961
8|291|sample|12|103,0.001856,72538,2,12,1,98225.875,90561.3,88301.9,81937.8,82082.1,-1.03027,-1.04434
8|291|sample|12|103,0.00928,50948,3,12,1,98225.875,90126.4,82257.1,62761.9,63144.0,-1.66409,-1.70821
8|291|sample|12|103,0.0464,23756,4,12,1,98225.875,88525.8,63758.7,24215.7,24782.4,-0.151721,-0.332159
8|291|sample|12|103,0.2319999999999999,2516,5,12,1,98225.875,82947.3,26279.4,1493.31,1568.59,1.61964,1.48177
8|291|sample|12|103,1.16,468,6,12,1,98225.875,66708.3,2098.92,719.979,719.754,-0.458314,-0.457925
8|291|sample|12|103,5.8,510,7,12,1,98225.875,37139.2,720.392,719.967,719.737,-0.381901,-0.3815
8|291|sample|12|103,29.0,486,8,12,1,98225.875,12696.0,719.737,719.967,719.737,-0.425554,-0.425154
8|291|sample|3|103,6.4e-05,84948,1,3,1,98225.875,90710.0,90589.3,90635.6,90671.3,-0.566386,-0.569732
8|291|sample|3|103,0.00032,102466,2,3,1,98225.875,98157.4,97667.9,97999.4,98000.6,0.412837,0.412725
8|291|sample|3|103,0.0016,104314,3,3,1,98225.875,98073.6,96250.4,97483.8,97486.9,0.634491,0.634184
8|291|sample|3|103,0.008,106252,4,3,1,98225.875,97656.3,91024.0,95471.3,95484.6,1.02164,1.02025
8|291|sample|3|103,0.04,101815,5,3,1,98225.875,96117.1,73948.6,88330.5,88382.9,1.37618,1.37006
8|291|sample|3|103,0.2,73444,6,3,1,98225.875,90707.4,34827.3,66545.0,66708.5,0.920022,0.896158
8|291|sample|3|103,1.0,25577,7,3,1,98225.875,74523.9,3299.32,25672.3,25913.5,-0.0299245,-0.104849
8|291|sample|3|103,5.0,2234,8,3,1,98225.875,40036.0,721.504,2272.63,2322.78,-0.0541231,-0.123472
8|291|sample|4|103,6.4e-05,78742,1,4,1,98225.875,90710.0,90589.3,90637.0,90671.6,-1.18453,-1.18754
8|291|sample|4|103,0.00032,104674,2,4,1,98225.875,98157.4,97667.9,98005.4,98001.9,0.616326,0.616676
8|291|sample|4|103,0.0016,109031,3,4,1,98225.875,98073.6,96250.4,97506.3,97491.8,1.07035,1.07186
8|291|sample|4|103,0.008,112435,4,4,1,98225.875,97656.4,91024.1,95554.1,95502.4,1.59841,1.60413
8|291|sample|4|103,0.04,96222,5,4,1,98225.875,96117.2,73948.7,88616.4,88444.4,0.773813,0.792779
8|291|sample|4|103,0.2,69267,6,4,1,98225.875,90707.4,34827.3,67337.0,66878.3,0.254541,0.317066
8|291|sample|4|103,1.0,26117,7,4,1,98225.875,74523.9,3299.32,26728.5,26138.7,-0.185564,-0.00671142
8|291|sample|4|103,5.0,2412,8,4,1,98225.875,40036.0,721.504,2476.85,2365.83,-0.0881997,0.0638064
8|291|sample|5|103,0.0006144,76851,1,5,1,98225.875,90656.0,89884.7,90346.0,90377.1,-1.34798,-1.35065
8|291|sample|5|103,0.003072,101000,2,5,1,98225.875,97938.0,94847.4,96828.9,96812.6,0.389979,0.391566
8|291|sample|5|103,0.01536,101897,3,5,1,98225.875,97255.7,86256.4,93194.3,93137.4,0.843939,0.849959
8|291|sample|5|103,0.0768,93625,4,5,1,98225.875,94669.3,60661.3,80793.3,80621.4,1.42529,1.4473
8|291|sample|5|103,0.384,53214,5,5,1,98225.875,85975.2,17547.6,48562.4,48217.4,0.830598,0.898028
8|291|sample|5|103,1.92,8940,6,5,1,98225.875,63259.1,1039.62,9975.82,9773.29,-0.678384,-0.553492
8|291|sample|5|103,9.6,1202,7,5,1,98225.875,30116.2,748.828,916.473,907.01,0.500453,0.517945
8|291|sample|5|103,48.0,628,8,5,1,98225.875,8478.76,719.737,720.167,719.916,-0.167633,-0.167185
8|291|sample|6|103,0.0006144,76513,1,6,1,98225.875,90656.0,89884.7,90335.3,90376.4,-1.38083,-1.38433
8|291|sample|6|103,0.003072,102272,2,6,1,98225.875,97938.0,94847.4,96785.6,96809.5,0.513171,0.510817
8|291|sample|6|103,0.01536,99267,3,6,1,98225.875,97255.7,86256.4,93038.4,93126.2,0.604981,0.595918
8|291|sample|6|103,0.0768,85522,4,6,1,98225.875,94669.3,60661.3,80292.6,80585.6,0.584297,0.549656
8|291|sample|6|103,0.384,49954,5,6,1,98225.875,85975.2,17547.6,47489.8,48140.6,0.449088,0.326405
8|291|sample|6|103,1.92,9548,6,6,1,98225.875,63259.1,1039.62,9308.38,9725.04,0.164525,-0.117995
8|291|sample|6|103,9.6,1270,7,6,1,98225.875,30116.2,748.828,885.767,904.737,0.677307,0.641601
8|291|sample|6|103,48.0,528,8,6,1,98225.875,8478.76,719.737,720.099,719.911,-0.349393,-0.349064
8|291|sample|7|103,7.68e-05,74219,1,7,1,98225.875,90708.4,90568.6,90085.6,90123.4,-1.58924,-1.59239
8|291|sample|7|103,0.000384,94028,2,7,1,98225.875,98150.8,97583.9,95782.4,95793.9,-0.165738,-0.166807
8|291|sample|7|103,0.00192,88873,3,7,1,98225.875,98049.0,95939.4,89454.1,89498.6,-0.0585939,-0.0630548
8|291|sample|7|103,0.0096,71607,4,7,1,98225.875,97564.9,89925.7,69178.2,69324.0,0.312314,0.29299
8|291|sample|7|103,0.048,25271,5,7,1,98225.875,95783.8,70694.3,26776.7,27008.4,-0.456194,-0.522532
8|291|sample|7|103,0.24,2124,6,7,1,98225.875,89588.3,29702.5,1525.41,1553.46,0.942929,0.894563
8|291|sample|7|103,1.2,676,7,7,1,98225.875,71646.8,2266.33,749.204,748.82,-0.132405,-0.13172
8|291|sample|7|103,6.0,642,8,7,1,98225.875,36484.4,720.248,719.967,719.737,-0.141811,-0.141399
8|291|sample|8|103,7.68e-05,72099,1,8,1,98225.875,90708.4,90568.6,90181.5,90205.0,-1.80935,-1.81126
8|291|sample|8|103,0.000384,93669,2,8,1,98225.875,98150.8,97583.9,96166.2,96120.3,-0.235018,-0.230805
8|291|sample|8|103,0.00192,96224,3,8,1,98225.875,98049.0,95939.4,90807.9,90648.7,0.538376,0.555129
8|291|sample|8|103,0.0096,78234,4,8,1,98225.875,97564.9,89925.7,73179.9,72715.9,0.616415,0.677063
8|291|sample|8|103,0.048,29776,5,8,1,98225.875,95783.8,70694.3,32926.4,32188.7,-0.79763,-0.623146
8|291|sample|8|103,0.24,2672,6,8,1,98225.875,89588.3,29702.5,2436.17,2303.24,0.322633,0.514359
8|291|sample|8|103,1.2,586,7,8,1,98225.875,71646.8,2266.33,749.286,748.88,-0.295332,-0.294622
8|291|sample|8|103,6.0,506,8,8,1,98225.875,36484.4,720.248,719.967,719.737,-0.389177,-0.388775
8|291|sample|9|103,0.0003648,67254,1,9,1,98225.875,90678.3,90176.1,88628.8,88664.0,-2.17445,-2.17721
8|291|sample|9|103,0.001824,84908,2,9,1,98225.875,98028.5,96005.5,90091.3,90098.7,-0.519139,-0.51984
8|291|sample|9|103,0.00912,66966,3,9,1,98225.875,97591.9,90253.2,71115.7,71152.3,-0.519939,-0.524262
8|291|sample|9|103,0.0456,29642,4,9,1,98225.875,95882.5,71650.5,29624.7,29705.4,0.00481076,-0.0175586
8|291|sample|9|103,0.228,2230,5,9,1,98225.875,89917.8,31139.0,1878.89,1893.86,0.52238,0.498928
8|291|sample|9|103,1.14,562,6,9,1,98225.875,72499.6,2517.35,749.327,748.942,-0.338813,-0.338141
8|291|sample|9|103,5.7,484,7,9,1,98225.875,40547.4,749.606,749.198,748.813,-0.479667,-0.479007
8|291|sample|9|103,28.5,548,8,9,1,98225.875,12869.8,719.737,719.967,719.737,-0.312784,-0.31238
8|291|vc|1|2|103,0.0,87702,1,2,1,98225.875,90720.0,90719.9,90684.2,90719.9,-0.29683,-0.300264
8|291|vc|2|2|103,0.0,107225,2,2,1,98225.875,98197.9,98197.9,98197.4,98197.9,0.832792,0.832745
8|291|vc|3|2|103,0.0,103247,3,2,1,98225.875,98197.9,98197.9,98197.4,98197.9,0.465822,0.465776
8|291|vc|4|2|103,0.0,105493,4,2,1,98225.875,98197.9,98197.9,98197.4,98197.9,0.673015,0.672968
8|291|vc|5|2|103,0.0,108146,5,2,1,98225.875,98197.9,98197.9,98197.4,98197.9,0.917755,0.917706
8|291|vc|6|2|103,0.0,97541,6,2,1,98225.875,98197.9,98197.9,98197.4,98197.9,-0.0605561,-0.0605997
8|291|vc|7|2|103,0.0,95893,7,2,1,98225.875,98197.9,98197.9,98197.4,98197.9,-0.212584,-0.212627
8|291|vc|8|2|103,0.0,80560,8,2,1,98225.875,90720.0,90719.9,90684.2,90719.9,-1.00769,-1.01086
8|77|cc|1|1|218,0.0,474,1,1,0,42678.375,0.0,0.0,0.0,0.0,1.00045,1.00045
8|77|cc|2|1|218,0.0,504,2,1,0,42678.375,0.0,0.0,0.0,0.0,1.06376,1.06376
8|77|cc|3|1|218,0.0,490,3,1,0,42678.375,0.0,0.0,0.0,0.0,1.03422,1.03422
8|77|cc|4|1|218,0.0,528,4,1,0,42678.375,0.0,0.0,0.0,0.0,1.11442,1.11442
8|77|cc|5|1|218,0.0,460,5,1,0,42678.375,0.0,0.0,0.0,0.0,0.970896,0.970896
8|77|cc|6|1|218,0.0,446,6,1,0,42678.375,0.0,0.0,0.0,0.0,0.941347,0.941347
8|77|cc|7|1|218,0.0,412,7,1,0,42678.375,0.0,0.0,0.0,0.0,0.869585,0.869585
8|77|cc|8|1|218,0.0,498,8,1,0,42678.375,0.0,0.0,0.0,0.0,1.0511,1.0511
8|77|sample|10|218,0.0003648,35866,1,10,1,42678.375,39399.2,37063.9,37378.9,37359.3,-0.342306,-0.338036
8|77|sample|10|218,0.001824,34189,2,10,1,42678.375,42593.3,36506.8,37316.6,37247.7,-0.708699,-0.694236
8|77|sample|10|218,0.00912,29560,3,10,1,42678.375,42405.7,28832.3,30428.0,30323.0,-0.2355,-0.207618
8|77|sample|10|218,0.0456,18735,4,10,1,42678.375,41670.3,16175.6,18401.2,18300.1,0.13815,0.180781
8|77|sample|10|218,0.228,5920,5,10,1,42678.375,39104.6,4436.44,5827.23,5795.21,0.0851905,0.114953
8|77|sample|10|218,1.14,1412,6,10,1,42678.375,31612.3,905.147,1069.92,1070.41,0.583017,0.582139
8|77|sample|10|218,5.7,958,7,10,1,42678.375,17868.1,749.179,750.785,750.458,0.374679,0.375293
8|77|sample|10|218,28.5,822,8,10,1,42678.375,5943.88,719.737,719.968,719.738,0.185583,0.18601
8|77|sample|11|218,0.0003712,46172,1,11,1,42678.375,39398.9,39047.9,38536.0,38620.4,1.68123,1.6594
8|77|sample|11|218,0.001856,35384,2,11,1,42678.375,42592.3,41288.8,39510.4,39735.0,-0.888401,-0.932002
8|77|sample|11|218,0.00928,31066,3,11,1,42678.375,42389.7,38066.8,32742.1,33323.6,-0.426455,-0.565572
8|77|sample|11|218,0.0464,17065,4,11,1,42678.375,41644.3,28796.1,17340.2,18279.2,-0.119441,-0.505176
8|77|sample|11|218,0.2319999999999999,3456,5,11,1,42678.375,39046.1,11498.3,2610.76,2937.31,1.12789,0.661709
8|77|sample|11|218,1.16,552,6,11,1,42678.375,31482.8,1301.94,751.46,752.317,-0.360611,-0.3621
8|77|sample|11|218,5.8,432,7,11,1,42678.375,17711.1,749.122,749.198,748.813,-0.57372,-0.573067
8|77|sample|11|218,29.0,516,8,11,1,42678.375,5869.18,719.737,719.967,719.737,-0.370989,-0.370587
8|77|sample|12|218,0.0003712,45444,1,12,1,42678.375,39398.9,39047.9,38591.3,38634.2,1.50683,1.49591
8|77|sample|12|218,0.001856,37090,2,12,1,42678.375,39348.9,38145.5,36670.8,36756.9,0.0964764,0.0765087
8|77|sample|12|218,0.00928,32149,3,12,1,42678.375,39161.9,35171.0,30763.2,30925.4,0.372397,0.327299
8|77|sample|12|218,0.0464,16881,4,12,1,42678.375,38473.7,26612.5,16974.7,17152.7,-0.0413589,-0.118933
8|77|sample|12|218,0.2319999999999999,2962,5,12,1,42678.375,36075.1,10643.4,2820.47,2847.46,0.183433,0.147916
8|77|sample|12|218,1.16,426,6,12,1,42678.375,29092.8,1230.38,723.905,723.55,-0.54144,-0.540832
8|77|sample|12|218,5.8,460,7,12,1,42678.375,16379.0,720.022,719.967,719.737,-0.472845,-0.472448
8|77|sample|12|218,29.0,486,8,12,1,42678.375,5869.18,719.737,719.967,719.737,-0.425555,-0.425155
8|77|sample|3|218,6.4e-05,43169,1,3,1,42678.375,39412.8,39361.1,38409.2,38403.5,1.05107,1.05248
8|77|sample|3|218,0.00032,39049,2,3,1,42678.375,42648.8,42438.6,38764.8,38688.6,0.062245,0.0790609
8|77|sample|3|218,0.0016,29908,3,3,1,42678.375,42612.9,41829.8,29796.4,29585.3,0.0308372,0.0897219
8|77|sample|3|218,0.008,10350,4,3,1,42678.375,42433.4,39583.8,11324.5,11048.8,-0.583789,-0.426061
8|77|sample|3|218,0.04,1788,5,3,1,42678.375,41771.3,32243.0,993.602,971.103,1.37278,1.41747
8|77|sample|3|218,0.2,944,6,3,1,42678.375,39444.3,15416.0,749.306,748.92,0.352138,0.352863
8|77|sample|3|218,1.0,862,7,3,1,42678.375,32482.9,1846.94,749.198,748.813,0.204027,0.204738
8|77|sample|3|218,5.0,850,8,3,1,42678.375,17624.6,720.497,719.967,719.737,0.236512,0.236941
8|77|sample|4|218,6.4e-05,45568,1,4,1,42678.375,39412.8,39361.1,38471.8,38491.3,1.56473,1.55971
8|77|sample|4|218,0.00032,42519,2,4,1,42678.375,42648.8,42438.6,39002.6,39022.0,0.765919,0.761343
8|77|sample|4|218,0.0016,32499,3,4,1,42678.375,42612.9,41829.8,30484.9,30548.2,0.545528,0.527431
8|77|sample|4|218,0.008,11100,4,4,1,42678.375,42433.4,39583.8,12296.3,12399.1,-0.675191,-0.728699
8|77|sample|4|218,0.04,1742,5,4,1,42678.375,41771.3,32243.0,1088.57,1100.81,1.10994,1.08677
8|77|sample|4|218,0.2,908,6,4,1,42678.375,39444.3,15416.0,749.307,748.92,0.287025,0.287745
8|77|sample|4|218,1.0,792,7,4,1,42678.375,32482.9,1846.94,749.198,748.813,0.0774169,0.0781183
8|77|sample|4|218,5.0,628,8,4,1,42678.375,17624.6,720.497,719.967,719.737,-0.167276,-0.166865
8|77|sample|5|218,0.0006144,34690,1,5,1,42678.375,39389.6,39058.6,33183.6,33016.4,0.378781,0.422701
8|77|sample|5|218,0.003072,18239,2,5,1,42678.375,42554.4,41226.8,22452.0,22013.1,-1.48138,-1.34903
8|77|sample|5|218,0.01536,4564,3,5,1,42678.375,42261.0,37534.5,4305.64,4048.99,0.278305,0.57145
8|77|sample|5|218,0.0768,1360,4,5,1,42678.375,41148.5,26529.0,753.648,752.23,1.09579,1.09865
8|77|sample|5|218,0.384,1130,5,5,1,42678.375,37408.8,7980.26,749.306,748.92,0.688552,0.689302
8|77|sample|5|218,1.92,728,6,5,1,42678.375,27637.5,874.072,749.306,748.919,-0.0385355,-0.0378393
8|77|sample|5|218,9.6,752,7,5,1,42678.375,13381.1,748.82,749.198,748.813,0.00506831,0.00576439
8|77|sample|5|218,48.0,878,8,5,1,42678.375,4055.88,719.737,719.967,719.737,0.28744,0.287871
8|77|sample|6|218,0.0006144,31418,1,6,1,42678.375,39389.6,39058.6,32484.9,32787.0,-0.273346,-0.347905
8|77|sample|6|218,0.003072,16903,2,6,1,42678.375,42554.4,41226.8,20748.8,21451.6,-1.44352,-1.66106
8|77|sample|6|218,0.01536,4450,3,6,1,42678.375,42261.0,37534.5,3367.25,3734.25,1.30569,0.8246
8|77|sample|6|218,0.0768,1342,4,6,1,42678.375,41148.5,26529.0,750.696,751.2,1.06919,1.06818
8|77|sample|6|218,0.384,938,5,6,1,42678.375,37408.8,7980.26,749.306,748.92,0.341286,0.34201
8|77|sample|6|218,1.92,712,6,6,1,42678.375,27637.5,874.072,749.306,748.919,-0.0674743,-0.0667803
8|77|sample|6|218,9.6,794,7,6,1,42678.375,13381.1,748.82,749.198,748.813,0.0810343,0.081736
8|77|sample|6|218,48.0,626,8,6,1,42678.375,4055.88,719.737,719.967,719.737,-0.170914,-0.170503
8|77|sample|7|218,7.68e-05,30832,1,7,1,42678.375,39412.2,38444.0,38708.0,38725.8,-1.72718,-1.73037
8|77|sample|7|218,0.000384,38389,2,7,1,42678.375,42646.0,40042.9,40778.4,40792.0,-0.500027,-0.502708
8|77|sample|7|218,0.00192,35394,3,7,1,42678.375,42602.3,36347.0,38044.3,38091.1,-0.590272,-0.600025
8|77|sample|7|218,0.0096,35666,4,7,1,42678.375,42394.0,28499.0,31924.5,32055.9,0.973339,0.93578
8|77|sample|7|218,0.048,22898,5,7,1,42678.375,41627.9,15731.0,20722.6,20987.0,0.817397,0.7106
8|77|sample|7|218,0.24,7590,6,7,1,42678.375,38963.0,4193.83,7629.08,7898.99,-0.0305493,-0.23629
8|77|sample|7|218,1.2,1360,7,7,1,42678.375,31245.4,884.249,1401.97,1472.4,-0.0675038,-0.178639
8|77|sample|7|218,6.0,822,8,7,1,42678.375,16097.4,720.0,726.665,728.247,0.173179,0.170253
8|77|sample|8|218,7.68e-05,34940,1,8,1,42678.375,39412.2,38444.0,38707.5,38695.5,-0.826203,-0.82381
8|77|sample|8|218,0.000384,36968,2,8,1,42678.375,42646.0,40042.9,40777.0,40711.1,-0.797127,-0.784468
8|77|sample|8|218,0.00192,37060,3,8,1,42678.375,42602.3,36347.0,38041.0,37900.3,-0.218508,-0.187792
8|77|sample|8|218,0.0096,34816,4,8,1,42678.375,42394.0,28499.0,31917.6,31654.3,0.754166,0.828663
8|77|sample|8|218,0.048,23358,5,8,1,42678.375,41627.9,15731.0,20711.4,20345.8,0.99487,1.14898
8|77|sample|8|218,0.24,5846,6,8,1,42678.375,38963.0,4193.83,7619.72,7361.3,-1.3877,-1.21138
8|77|sample|8|218,1.2,1892,7,8,1,42678.375,31245.4,884.249,1399.93,1353.57,0.791651,0.873113
8|77|sample|8|218,6.0,882,8,8,1,42678.375,16097.4,720.0,726.621,725.602,0.282252,0.284159
8|77|sample|9|218,0.0003648,39501,1,9,1,42678.375,39399.2,37063.9,37403.0,37384.7,0.474419,0.478769
8|77|sample|9|218,0.001824,33817,2,9,1,42678.375,42593.3,36506.8,37377.7,37311.7,-0.80566,-0.791979
8|77|sample|9|218,0.00912,26621,3,9,1,42678.375,42405.7,28832.3,30553.7,30453.9,-1.06312,-1.0391
8|77|sample|9|218,0.0456,18897,4,9,1,42678.375,41670.4,16175.6,18588.9,18494.6,0.126453,0.165845
8|77|sample|9|218,0.228,6130,5,9,1,42678.375,39104.7,4436.44,5960.03,5932.26,0.154099,0.179754
8|77|sample|9|218,1.14,1632,6,9,1,42678.375,31612.3,905.147,1089.61,1090.85,0.921153,0.918847
8|77|sample|9|218,5.7,948,7,9,1,42678.375,17868.1,749.179,750.996,750.684,0.356202,0.356787
8|77|sample|9|218,28.5,518,8,9,1,42678.375,5943.88,719.737,719.968,719.738,-0.367352,-0.36695
8|77|vc|1|2|218,0.0,44393,1,2,1,42678.375,39417.1,39417.1,39401.7,39417.1,1.07728,1.07356
8|77|vc|2|2|218,0.0,45576,2,2,1,42678.375,42666.2,42666.2,42666.0,42666.2,0.584583,0.584539
8|77|vc|3|2|218,0.0,43197,3,2,1,42678.375,42666.2,42666.2,42666.0,42666.2,0.106668,0.106626
8|77|vc|4|2|218,0.0,40982,4,2,1,42678.375,42666.2,42666.2,42666.0,42666.2,-0.3383,-0.338341
8|77|vc|5|2|218,0.0,41808,5,2,1,42678.375,42666.2,42666.2,42666.0,42666.2,-0.172366,-0.172407
8|77|vc|6|2|218,0.0,42921,6,2,1,42678.375,42666.2,42666.2,42666.0,42666.2,0.051223,0.0511812
8|77|vc|7|2|218,0.0,40844,7,2,1,42678.375,42666.2,42666.2,42666.0,42666.2,-0.366023,-0.366063
8|77|vc|8|2|218,0.0,41706,8,2,1,42678.375,39417.1,39417.1,39401.7,39417.1,0.497347,0.493831
8|322|cc|1|1|174,0.0,458,1,1,0,57415.875,0.0,0.0,0.0,0.0,0.966675,0.966675
8|322|cc|2|1|174,0.0,448,2,1,0,57415.875,0.0,0.0,0.0,0.0,0.945568,0.945568
8|322|cc|3|1|174,0.0,402,3,1,0,57415.875,0.0,0.0,0.0,0.0,0.848479,0.848479
8|322|cc|4|1|174,0.0,478,4,1,0,57415.875,0.0,0.0,0.0,0.0,1.00889,1.00889
8|322|cc|5|1|174,0.0,488,5,1,0,57415.875,0.0,0.0,0.0,0.0,1.02999,1.02999
8|322|cc|6|1|174,0.0,550,6,1,0,57415.875,0.0,0.0,0.0,0.0,1.16085,1.16085
8|322|cc|7|1|174,0.0,526,7,1,0,57415.875,0.0,0.0,0.0,0.0,1.1102,1.1102
8|322|cc|8|1|174,0.0,562,8,1,0,57415.875,0.0,0.0,0.0,0.0,1.18618,1.18618
8|322|sample|10|174,0.0003648,59489,1,10,1,57415.875,53004.2,52709.6,50810.1,50771.9,1.48671,1.4943
8|322|sample|10|174,0.001824,58098,2,10,1,57415.875,57301.0,56123.9,48968.8,48764.3,1.61773,1.6603
8|322|sample|10|174,0.00912,33755,3,10,1,57415.875,57047.3,52778.1,31708.4,31231.3,0.535593,0.669283
8|322|sample|10|174,0.0456,5730,4,10,1,57415.875,56053.5,41960.0,6684.01,6358.62,-0.808895,-0.548994
8|322|sample|10|174,0.228,522,5,10,1,57415.875,52586.0,18409.1,763.876,760.846,-0.436262,-0.431046
8|322|sample|10|174,1.14,508,6,10,1,57415.875,42460.3,1776.36,749.306,748.919,-0.436444,-0.435778
8|322|sample|10|174,5.7,466,7,10,1,57415.875,23885.2,749.274,749.198,748.813,-0.512224,-0.511566
8|322|sample|10|174,28.5,506,8,10,1,57415.875,7781.41,719.72,719.95,719.72,-0.389147,-0.388746
8|322|sample|11|174,0.0003712,53154,1,11,1,57415.875,53003.9,52705.0,51586.3,51611.8,0.264832,0.260406
8|322|sample|11|174,0.001856,50238,2,11,1,57415.875,57299.6,56105.4,51836.8,51860.4,-0.268891,-0.272735
8|322|sample|11|174,0.00928,51061,3,11,1,57415.875,57025.9,52698.3,39192.2,39268.4,2.57394,2.55295
8|322|sample|11|174,0.0464,11824,4,11,1,57415.875,56018.4,41759.3,14078.4,14190.6,-1.15022,-1.20019
8|322|sample|11|174,0.2319999999999999,1284,5,11,1,57415.875,52507.0,18118.0,1032.4,1041.98,0.431721,0.414567
8|322|sample|11|174,1.16,466,6,11,1,57415.875,42285.3,1724.49,749.198,748.814,-0.512225,-0.511567
8|322|sample|11|174,5.8,472,7,11,1,57415.875,23673.0,749.222,749.198,748.813,-0.501371,-0.500713
8|322|sample|11|174,6.0,490,8,11,1,57415.875,21506.4,720.018,719.95,719.72,-0.418249,-0.41785
8|322|sample|12|174,0.0003712,46716,1,12,1,57415.875,53003.9,52705.0,51272.0,51293.9,-0.773997,-0.777407
8|322|sample|12|174,0.001856,42028,2,12,1,57415.875,52936.2,51831.1,46786.2,46814.4,-0.879053,-0.883782
8|322|sample|12|174,0.00928,33001,3,12,1,57415.875,52683.5,48685.3,33233.4,33283.1,-0.0583499,-0.0707486
8|322|sample|12|174,0.0464,9910,4,12,1,57415.875,51753.2,38585.1,9600.11,9652.17,0.208365,0.172722
8|322|sample|12|174,0.2319999999999999,1086,5,12,1,57415.875,48510.9,16756.9,799.181,800.967,0.513869,0.510498
8|322|sample|12|174,1.16,452,6,12,1,57415.875,39072.7,1620.57,719.95,719.72,-0.487366,-0.48697
8|322|sample|12|174,5.8,472,7,12,1,57415.875,21887.0,720.097,719.95,719.72,-0.450989,-0.450591
8|322|sample|12|174,29.0,506,8,12,1,57415.875,7680.44,719.72,719.95,719.72,-0.389147,-0.388746
8|322|sample|3|174,6.4e-05,68369,1,3,1,57415.875,53022.7,52950.2,52392.3,52399.8,2.66072,2.65913
8|322|sample|3|174,0.00032,67810,2,3,1,57415.875,57376.0,57092.1,54943.7,54893.7,2.05075,2.06044
8|322|sample|3|174,0.0016,52285,3,3,1,57415.875,57327.3,56269.5,48723.6,48562.4,0.633995,0.664718
8|322|sample|3|174,0.008,24757,4,3,1,57415.875,57084.8,53235.0,31082.4,30714.7,-1.68452,-1.60316
8|322|sample|3|174,0.04,6502,5,3,1,57415.875,56190.0,43315.8,6237.46,6001.5,0.233639,0.451981
8|322|sample|3|174,0.2,1324,6,3,1,57415.875,53045.1,20574.8,759.998,758.077,1.01802,1.02186
8|322|sample|3|174,1.0,1184,7,3,1,57415.875,43637.0,2233.35,749.198,748.813,0.786433,0.787186
8|322|sample|3|174,5.0,732,8,3,1,57415.875,23570.6,720.747,719.95,719.72,0.0219177,0.0223367
8|322|sample|4|174,6.4e-05,62415,1,4,1,57415.875,53022.7,52950.2,52438.8,52463.8,1.66007,1.65516
8|322|sample|4|174,0.00032,67704,2,4,1,57415.875,57376.0,57092.1,55126.9,55146.4,1.99848,1.99474
8|322|sample|4|174,0.0016,62973,3,4,1,57415.875,57327.3,56269.5,49336.0,49405.5,2.40004,2.38472
8|322|sample|4|174,0.008,31769,4,4,1,57415.875,57084.8,53235.0,32561.3,32745.1,-0.202579,-0.248338
8|322|sample|4|174,0.04,7024,5,4,1,57415.875,56190.0,43315.8,7305.57,7458.0,-0.226156,-0.344144
8|322|sample|4|174,0.2,2158,6,4,1,57415.875,53045.1,20574.8,769.852,771.406,2.5009,2.49736
8|322|sample|4|174,1.0,1208,7,4,1,57415.875,43637.0,2233.35,749.198,748.813,0.829842,0.830599
8|322|sample|4|174,5.0,738,8,4,1,57415.875,23570.6,720.747,719.95,719.72,0.0328309,0.0332504
8|322|sample|5|174,0.0006144,57284,1,5,1,57415.875,52991.3,52541.5,49375.1,49415.9,1.3909,1.38268
8|322|sample|5|174,0.003072,45244,2,5,1,57415.875,57248.5,55454.9,43982.0,44061.6,0.246637,0.230711
8|322|sample|5|174,0.01536,15013,3,5,1,57415.875,56851.9,50466.1,21322.4,21478.6,-2.31561,-2.35869
8|322|sample|5|174,0.0768,3166,4,5,1,57415.875,55348.3,35594.0,2057.8,2098.4,1.6037,1.53544
8|322|sample|5|174,0.384,1700,5,5,1,57415.875,50294.1,10524.2,749.375,748.997,1.71935,1.72016
8|322|sample|5|174,1.92,1178,6,5,1,57415.875,37088.4,918.107,749.306,748.919,0.775369,0.776125
8|322|sample|5|174,9.6,802,7,5,1,57415.875,17821.2,748.822,749.198,748.813,0.0955041,0.0962068
8|322|sample|5|174,48.0,592,8,5,1,57415.875,5229.33,719.72,719.95,719.72,-0.232724,-0.232317
8|322|sample|6|174,0.0006144,61466,1,6,1,57415.875,52991.3,52541.5,49503.2,49559.7,2.09887,2.08676
8|322|sample|6|174,0.003072,43953,2,6,1,57415.875,57248.5,55454.9,44411.0,44543.7,-0.0887207,-0.114125
8|322|sample|6|174,0.01536,17317,3,6,1,57415.875,56851.9,50466.1,22098.1,22356.4,-1.70352,-1.77827
8|322|sample|6|174,0.0768,3170,4,6,1,57415.875,55348.3,35594.0,2250.91,2323.27,1.29193,1.17757
8|322|sample|6|174,0.384,1668,5,6,1,57415.875,50294.1,10524.2,749.419,749.055,1.66138,1.66215
8|322|sample|6|174,1.92,986,6,6,1,57415.875,37088.4,918.107,749.306,748.919,0.428103,0.428834
8|322|sample|6|174,9.6,876,7,6,1,57415.875,17821.2,748.822,749.198,748.813,0.229349,0.230061
8|322|sample|6|174,48.0,568,8,6,1,57415.875,5229.33,719.72,719.95,719.72,-0.276377,-0.275971
8|322|sample|7|174,7.68e-05,65787,1,7,1,57415.875,53021.7,52937.9,52538.5,52536.6,2.20073,2.20112
8|322|sample|7|174,0.000384,73386,2,7,1,57415.875,57372.1,57042.2,55522.2,55434.3,2.81982,2.83786
8|322|sample|7|174,0.00192,64997,3,7,1,57415.875,57313.1,56085.6,50678.0,50381.2,2.45875,2.5233
8|322|sample|7|174,0.0096,39945,4,7,1,57415.875,57031.6,52587.6,35993.3,35225.4,0.924704,1.12574
8|322|sample|7|174,0.048,8318,5,7,1,57415.875,55996.2,41404.1,10382.2,9633.47,-1.31494,-0.882419
8|322|sample|7|174,0.24,670,6,7,1,57415.875,52394.6,17574.2,835.822,813.59,-0.295045,-0.256559
8|322|sample|7|174,1.2,500,7,7,1,57415.875,41964.4,1630.48,749.198,748.813,-0.450727,-0.450065
8|322|sample|7|174,6.0,490,8,7,1,57415.875,21506.4,720.018,719.95,719.72,-0.418249,-0.41785
8|322|sample|8|174,7.68e-05,62071,1,8,1,57415.875,53021.7,52937.9,52534.6,52559.8,1.5842,1.57932
8|322|sample|8|174,0.000384,68715,2,8,1,57415.875,57372.1,57042.2,55507.1,55526.5,2.08542,2.08167
8|322|sample|8|174,0.00192,70174,3,8,1,57415.875,57313.1,56085.6,50626.2,50696.1,3.35977,3.3435
8|322|sample|8|174,0.0096,40494,4,8,1,57415.875,57031.6,52587.6,35856.2,36052.8,1.08893,1.03771
8|322|sample|8|174,0.048,8992,5,8,1,57415.875,55996.2,41404.1,10243.1,10454.9,-0.804531,-0.927377
8|322|sample|8|174,0.24,784,6,8,1,57415.875,52394.6,17574.2,831.339,838.28,-0.0843008,-0.0965342
8|322|sample|8|174,1.2,536,7,8,1,57415.875,41964.4,1630.48,749.198,748.813,-0.385614,-0.384946
8|322|sample|8|174,29.0,490,8,8,1,57415.875,7680.44,719.72,719.95,719.72,-0.418249,-0.41785
8|322|sample|9|174,0.0003648,63211,1,9,1,57415.875,53004.2,52709.6,51208.5,51197.2,2.04136,2.0437
8|322|sample|9|174,0.001824,58837,2,9,1,57415.875,57301.0,56123.9,50425.4,50314.1,1.45103,1.47322
8|322|sample|9|174,0.00912,39073,3,9,1,57415.875,57047.3,52778.1,35365.4,35086.7,0.881247,0.954184
8|322|sample|9|174,0.0456,8670,4,9,1,57415.875,56053.6,41960.1,9752.33,9495.96,-0.719967,-0.559504
8|322|sample|9|174,0.228,700,5,9,1,57415.875,52586.1,18409.1,816.373,809.56,-0.20782,-0.195905
8|322|sample|9|174,1.14,472,6,9,1,57415.875,42460.3,1776.36,749.306,748.919,-0.501557,-0.500895
8|322|sample|9|174,5.7,500,7,9,1,57415.875,23885.2,749.274,749.198,748.813,-0.450727,-0.450065
8|322|sample|9|174,28.5,482,8,9,1,57415.875,7781.41,719.72,719.95,719.72,-0.4328,-0.432401
8|322|vc|1|2|174,0.0,64086,1,2,1,57415.875,53028.5,53026.0,53005.1,53026.0,1.82572,1.82162
8|322|vc|2|2|174,0.0,59601,2,2,1,57415.875,57399.5,57399.5,57399.2,57399.5,0.33701,0.336966
8|322|vc|3|2|174,0.0,60716,3,2,1,57415.875,57399.5,57399.5,57399.2,57399.5,0.507677,0.507632
8|322|vc|4|2|174,0.0,64995,4,2,1,57415.875,57399.5,57399.5,57399.2,57399.5,1.16264,1.16259
8|322|vc|5|2|174,0.0,56075,5,2,1,57415.875,57399.5,57399.5,57399.2,57399.5,-0.202694,-0.202736
8|322|vc|6|2|174,0.0,55557,6,2,1,57415.875,57399.5,57399.5,57399.2,57399.5,-0.281981,-0.282023
8|322|vc|7|2|174,0.0,54622,7,2,1,57415.875,57399.5,57399.5,57399.2,57399.5,-0.425096,-0.425137
8|322|vc|8|2|174,0.0,43675,8,2,1,57415.875,53028.5,53026.0,53005.1,53026.0,-1.53725,-1.54013
8|963|cc|1|1|319,0.0,464,1,1,0,44968.25,0.0,0.0,0.0,0.0,0.979339,0.979339
8|963|cc|2|1|319,0.0,386,2,1,0,44968.25,0.0,0.0,0.0,0.0,0.814708,0.814708
8|963|cc|3|1|319,0.0,462,3,1,0,44968.25,0.0,0.0,0.0,0.0,0.975117,0.975117
8|963|cc|4|1|319,0.0,444,4,1,0,44968.25,0.0,0.0,0.0,0.0,0.937126,0.937126
8|963|cc|5|1|319,0.0,462,5,1,0,44968.25,0.0,0.0,0.0,0.0,0.975117,0.975117
8|963|cc|6|1|319,0.0,502,6,1,0,44968.25,0.0,0.0,0.0,0.0,1.05954,1.05954
8|963|cc|7|1|319,0.0,480,7,1,0,44968.25,0.0,0.0,0.0,0.0,1.01311,1.01311
8|963|cc|8|1|319,0.0,366,8,1,0,44968.25,0.0,0.0,0.0,0.0,0.772496,0.772496
8|963|sample|10|319,0.0003648,28692,1,10,1,44968.25,41513.1,41286.4,39904.2,39936.8,-2.39254,-2.39773
8|963|sample|10|319,0.001824,38931,2,10,1,44968.25,44878.6,43959.5,38739.8,38805.5,0.0419048,0.0274626
8|963|sample|10|319,0.00912,30460,3,10,1,44968.25,44680.7,41347.5,25795.9,25968.1,1.45893,1.39711
8|963|sample|10|319,0.0456,5540,4,10,1,44968.25,43905.1,32903.9,6049.72,6194.84,-0.458203,-0.580661
8|963|sample|10|319,0.228,612,5,10,1,44968.25,41199.3,14526.1,767.968,769.642,-0.281094,-0.284021
8|963|sample|10|319,1.14,454,6,10,1,44968.25,33297.8,1550.34,749.306,748.919,-0.534113,-0.533453
8|963|sample|10|319,5.7,472,7,10,1,44968.25,18803.0,749.173,749.198,748.813,-0.501372,-0.500713
8|963|sample|10|319,28.5,442,8,10,1,44968.25,6229.39,719.749,719.979,719.749,-0.505605,-0.505209
8|963|sample|11|319,0.0003712,32971,1,11,1,44968.25,41512.8,41283.5,41146.4,41147.0,-1.69703,-1.69714
8|963|sample|11|319,0.001856,45678,2,11,1,44968.25,44877.5,43947.5,43464.6,43404.1,0.437232,0.44976
8|963|sample|11|319,0.00928,41502,3,11,1,44968.25,44663.9,41292.3,39615.7,39412.4,0.40515,0.450882
8|963|sample|11|319,0.0464,26805,4,11,1,44968.25,43877.7,32762.5,28086.7,27565.9,-0.372723,-0.224871
8|963|sample|11|319,0.2319999999999999,8100,5,11,1,44968.25,41137.6,14314.3,8349.94,7842.04,-0.184425,0.198177
8|963|sample|11|319,1.16,724,6,11,1,44968.25,33161.3,1511.19,852.839,830.917,-0.228511,-0.190411
8|963|sample|11|319,5.8,414,7,11,1,44968.25,18637.4,749.132,749.199,748.814,-0.606279,-0.605627
8|963|sample|11|319,29.0,424,8,11,1,44968.25,6150.61,719.749,719.979,719.749,-0.538344,-0.53795
8|963|sample|12|319,0.0003712,34774,1,12,1,44968.25,41512.8,41283.5,41109.9,41133.0,-1.31625,-1.32038
8|963|sample|12|319,0.001856,39569,2,12,1,44968.25,41460.1,40602.8,40007.8,40049.9,-0.0934226,-0.102285
8|963|sample|12|319,0.00928,35504,3,12,1,44968.25,41262.8,38151.4,36135.3,36242.1,-0.147199,-0.171673
8|963|sample|12|319,0.0464,22196,4,12,1,44968.25,40537.0,30276.2,24777.7,25032.2,-0.835633,-0.910107
8|963|sample|12|319,0.2319999999999999,7430,5,12,1,44968.25,38007.3,13244.0,6613.1,6846.64,0.697064,0.487534
8|963|sample|12|319,1.16,894,6,12,1,44968.25,30643.5,1423.61,772.514,780.043,0.218759,0.204908
8|963|sample|12|319,5.8,404,7,12,1,44968.25,17234.8,720.043,719.979,719.749,-0.574722,-0.574329
8|963|sample|12|319,29.0,400,8,12,1,44968.25,6150.61,719.749,719.979,719.749,-0.581997,-0.581604
8|963|sample|3|319,6.4e-05,38041,1,3,1,44968.25,41527.5,41474.2,39873.7,39875.0,-0.391335,-0.391603
8|963|sample|3|319,0.00032,35786,2,3,1,44968.25,44937.1,44715.3,38625.9,38577.9,-0.62396,-0.614111
8|963|sample|3|319,0.0016,28073,3,3,1,44968.25,44899.2,44073.0,25493.4,25385.4,0.815035,0.852232
8|963|sample|3|319,0.008,5340,4,3,1,44968.25,44709.9,41703.7,5755.26,5681.02,-0.384024,-0.317671
8|963|sample|3|319,0.04,754,5,3,1,44968.25,44011.6,33960.8,762.241,761.226,-0.0148685,-0.0130401
8|963|sample|3|319,0.2,712,6,3,1,44968.25,41557.6,16214.6,749.306,748.919,-0.0674743,-0.0667803
8|963|sample|3|319,1.0,546,7,3,1,44968.25,34216.0,1906.61,749.198,748.813,-0.367527,-0.366858
8|963|sample|3|319,5.0,670,8,3,1,44968.25,18548.4,720.55,719.979,719.749,-0.0909042,-0.09049
8|963|sample|4|319,6.4e-05,32065,1,4,1,44968.25,41527.5,41474.2,39741.9,39701.3,-1.64417,-1.63697
8|963|sample|4|319,0.00032,37511,2,4,1,44968.25,44937.1,44715.3,38149.1,37951.7,-0.141774,-0.0983569
8|963|sample|4|319,0.0016,27141,3,4,1,44968.25,44899.2,44073.0,24343.4,23888.6,0.919163,1.08572
8|963|sample|4|319,0.008,4104,4,4,1,44968.25,44709.9,41703.7,4936.6,4647.98,-0.836843,-0.564023
8|963|sample|4|319,0.04,1172,5,4,1,44968.25,44011.7,33960.8,755.945,754.039,0.751556,0.755275
8|963|sample|4|319,0.2,588,6,4,1,44968.25,41557.6,16214.6,749.306,748.919,-0.29175,-0.291073
8|963|sample|4|319,1.0,672,7,4,1,44968.25,34216.0,1906.61,749.198,748.813,-0.139629,-0.138943
8|963|sample|4|319,5.0,534,8,4,1,44968.25,18548.4,720.55,719.979,719.749,-0.338269,-0.337866
8|963|sample|5|319,0.0006144,21356,1,5,1,44968.25,41503.0,41155.0,30136.0,29466.2,-2.40211,-2.26262
8|963|sample|5|319,0.003072,12368,2,5,1,44968.25,44837.6,43436.9,13690.5,12610.8,-0.689162,-0.134519
8|963|sample|5|319,0.01536,2146,3,5,1,44968.25,44528.1,39542.1,1191.98,1069.4,1.59104,1.83507
8|963|sample|5|319,0.0768,922,4,5,1,44968.25,43354.8,27934.3,749.308,748.92,0.312344,0.313068
8|963|sample|5|319,0.384,564,5,5,1,44968.25,39410.9,8373.6,749.306,748.92,-0.335159,-0.334485
8|963|sample|5|319,1.92,616,6,5,1,44968.25,29106.0,880.875,749.306,748.919,-0.241107,-0.240426
8|963|sample|5|319,9.6,510,7,5,1,44968.25,14071.0,748.82,749.198,748.813,-0.432641,-0.431977
8|963|sample|5|319,48.0,534,8,5,1,44968.25,4238.21,719.749,719.979,719.749,-0.338269,-0.337866
8|963|sample|6|319,0.0006144,23222,1,6,1,44968.25,41503.0,41155.0,27425.2,26911.7,-1.24761,-1.11312
8|963|sample|6|319,0.003072,9404,2,6,1,44968.25,44837.6,43436.9,9749.88,9113.81,-0.230117,0.202098
8|963|sample|6|319,0.01536,1486,3,6,1,44968.25,44528.1,39542.1,862.812,835.548,1.10324,1.1574
8|963|sample|6|319,0.0768,804,4,6,1,44968.25,43354.8,27934.3,749.306,748.92,0.0989232,0.0996295
8|963|sample|6|319,0.384,554,5,6,1,44968.25,39410.9,8373.6,749.306,748.92,-0.353246,-0.352573
8|963|sample|6|319,1.92,578,6,6,1,44968.25,29106.0,880.875,749.306,748.919,-0.309837,-0.309161
8|963|sample|6|319,9.6,540,7,6,1,44968.25,14071.0,748.82,749.198,748.813,-0.378379,-0.377711
8|963|sample|6|319,48.0,524,8,6,1,44968.25,4238.21,719.749,719.979,719.749,-0.356458,-0.356055
8|963|sample|7|319,7.68e-05,38811,1,7,1,44968.25,41526.8,41464.6,41032.5,41048.1,-0.462287,-0.465371
8|963|sample|7|319,0.000384,39843,2,7,1,44968.25,44934.1,44676.4,43014.3,43013.6,-0.632402,-0.632286
8|963|sample|7|319,0.00192,42537,3,7,1,44968.25,44888.0,43929.5,38105.0,38106.6,0.985678,0.985287
8|963|sample|7|319,0.0096,19731,4,7,1,44968.25,44668.4,41198.9,24237.0,24251.1,-1.48597,-1.48986
8|963|sample|7|319,0.048,5488,5,7,1,44968.25,43860.4,32470.0,4922.48,4938.49,0.569259,0.552201
8|963|sample|7|319,0.24,816,6,7,1,44968.25,41049.9,13874.7,757.151,756.928,0.10628,0.106688
8|963|sample|7|319,1.2,518,7,7,1,44968.25,32910.9,1436.52,749.198,748.813,-0.418171,-0.417506
8|963|sample|7|319,6.0,528,8,7,1,44968.25,16937.9,719.981,719.979,719.749,-0.349183,-0.34878
8|963|sample|8|319,7.68e-05,42388,1,8,1,44968.25,41526.8,41464.6,41129.7,41144.9,0.261288,0.258042
8|963|sample|8|319,0.000384,47167,2,8,1,44968.25,44934.1,44676.4,43398.6,43396.1,0.745442,0.745978
8|963|sample|8|319,0.00192,41432,3,8,1,44968.25,44888.0,43929.5,39397.2,39391.5,0.439214,0.440493
8|963|sample|8|319,0.0096,29792,4,8,1,44968.25,44668.4,41198.9,27432.7,27427.3,0.700152,0.701857
8|963|sample|8|319,0.048,7130,5,8,1,44968.25,43860.4,32470.0,7466.04,7469.74,-0.266283,-0.269135
8|963|sample|8|319,0.24,546,6,8,1,44968.25,41049.9,13874.7,794.064,794.002,-0.444866,-0.44476
8|963|sample|8|319,1.2,530,7,8,1,44968.25,32910.9,1436.52,749.198,748.813,-0.396466,-0.3958
8|963|sample|8|319,6.0,510,8,8,1,44968.25,16937.9,719.981,719.979,719.749,-0.381922,-0.381521
8|963|sample|9|319,0.0003648,31797,1,9,1,44968.25,41513.1,41286.4,39891.0,39818.0,-1.72766,-1.71491
8|963|sample|9|319,0.001824,42931,2,9,1,44968.25,44878.6,43959.5,38691.6,38374.6,0.930026,1.00696
8|963|sample|9|319,0.00912,26667,3,9,1,44968.25,44680.7,41347.5,25677.0,24914.3,0.310874,0.564671
8|963|sample|9|319,0.0456,5088,4,9,1,44968.25,43905.2,32903.9,5956.5,5393.43,-0.787684,-0.292792
8|963|sample|9|319,0.228,566,5,9,1,44968.25,41199.4,14526.2,766.794,760.492,-0.361962,-0.351023
8|963|sample|9|319,1.14,520,6,9,1,44968.25,33297.8,1550.34,749.306,748.919,-0.41474,-0.414072
8|963|sample|9|319,5.7,466,7,9,1,44968.25,18803.0,749.173,749.198,748.813,-0.512224,-0.511566
8|963|sample|9|319,28.5,550,8,9,1,44968.25,6229.39,719.749,719.979,719.749,-0.309168,-0.308763
8|963|vc|1|2|319,0.0,34792,1,2,1,44968.25,41532.0,41533.4,41517.0,41533.4,-1.38473,-1.3876
8|963|vc|2|2|319,0.0,46782,2,2,1,44968.25,44955.4,44955.5,44955.2,44955.5,0.349985,0.349941
8|963|vc|3|2|319,0.0,50148,3,2,1,44968.25,44955.4,44955.5,44955.2,44955.5,0.994869,0.994823
8|963|vc|4|2|319,0.0,48893,4,2,1,44968.25,44955.4,44955.5,44955.2,44955.5,0.754426,0.754381
8|963|vc|5|2|319,0.0,49292,5,2,1,44968.25,44955.4,44955.5,44955.2,44955.5,0.83087,0.830824
8|963|vc|6|2|319,0.0,45050,6,2,1,44968.25,44955.4,44955.5,44955.2,44955.5,0.0181548,0.0181129
8|963|vc|7|2|319,0.0,46782,7,2,1,44968.25,44955.4,44955.5,44955.2,44955.5,0.349985,0.349941
8|963|vc|8|2|319,0.0,38007,8,2,1,44968.25,41532.0,41533.4,41517.0,41533.4,-0.722739,-0.725842
8|1241|cc|1|1|69,0.0,692,1,1,0,143143.0,0.0,0.0,0.0,0.0,1.46057,1.46057
8|1241|cc|2|1|69,0.0,714,2,1,0,143143.0,0.0,0.0,0.0,0.0,1.507,1.507
8|1241|cc|3|1|69,0.0,742,3,1,0,143143.0,0.0,0.0,0.0,0.0,1.5661,1.5661
8|1241|cc|4|1|69,0.0,754,4,1,0,143143.0,0.0,0.0,0.0,0.0,1.59143,1.59143
8|1241|cc|5|1|69,0.0,770,5,1,0,143143.0,0.0,0.0,0.0,0.0,1.6252,1.6252
8|1241|cc|6|1|69,0.0,746,6,1,0,143143.0,0.0,0.0,0.0,0.0,1.57454,1.57454
8|1241|cc|7|1|69,0.0,752,7,1,0,143143.0,0.0,0.0,0.0,0.0,1.5872,1.5872
8|1241|cc|8|1|69,0.0,784,8,1,0,143143.0,0.0,0.0,0.0,0.0,1.65474,1.65474
8|1241|sample|3|69,0.0010624,130158,1,3,1,143143.0,132058.0,130303.0,131406.0,131440.0,-0.0870029,-0.089374
8|1241|sample|3|69,0.005312,136763,2,3,1,143143.0,142507.0,135516.0,140074.0,140007.0,-0.216959,-0.212676
8|1241|sample|3|69,0.02656,145073,3,3,1,143143.0,140931.0,116771.0,132135.0,131905.0,0.897016,0.914549
8|1241|sample|3|69,0.1328,129359,4,3,1,143143.0,135141.0,67563.1,106507.0,105845.0,1.95027,2.01878
8|1241|sample|3|69,0.664,56804,5,3,1,143143.0,116774.0,10514.9,50371.8,49319.2,1.11066,1.31769
8|1241|sample|3|69,3.32,4212,6,3,1,143143.0,75737.2,781.199,5982.03,5653.79,-1.60142,-1.34667
8|1241|sample|3|69,83.0,726,8,3,1,143143.0,7581.11,719.747,720.009,719.771,0.0108967,0.0113294
8|1241|sample|4|69,0.0010624,125943,1,4,1,143143.0,132058.0,130303.0,131399.0,131431.0,-0.380348,-0.382506
8|1241|sample|4|69,0.005312,138587,2,4,1,143143.0,142507.0,135516.0,140046.0,139971.0,-0.0956174,-0.0907416
8|1241|sample|4|69,0.02656,140654,3,4,1,143143.0,140931.0,116771.0,132037.0,131777.0,0.597923,0.617101
8|1241|sample|4|69,0.1328,125268,4,4,1,143143.0,135141.0,67563.2,106213.0,105467.0,1.63056,1.70584
8|1241|sample|4|69,0.664,58098,5,4,1,143143.0,116774.0,10514.9,49884.2,48703.4,1.431,1.67306
8|1241|sample|4|69,3.32,3740,6,4,1,143143.0,75737.2,781.199,5822.57,5461.63,-1.91333,-1.6391
8|1241|sample|4|69,16.6,582,7,4,1,143143.0,30136.8,748.813,787.936,781.269,-0.369745,-0.358227
8|1241|sample|4|69,83.0,692,8,4,1,143143.0,7581.11,719.747,720.005,719.767,-0.0509365,-0.050507
8|1241|sample|8|69,16.6,688,7,8,1,143143.0,30136.8,748.813,749.198,748.813,-0.11069,-0.110002
8|1241|vc|1|2|69,0.0,134396,1,2,1,143143.0,132205.0,132209.0,132157.0,132209.0,0.155251,0.151585
8|1241|vc|2|2|69,0.0,143827,2,2,1,143143.0,143102.0,143102.0,143102.0,143102.0,0.0465594,0.0465146
8|1241|vc|3|2|69,0.0,147132,3,2,1,143143.0,143102.0,143102.0,143102.0,143102.0,0.258684,0.258638
8|1241|vc|4|2|69,0.0,155723,4,2,1,143143.0,143102.0,143102.0,143102.0,143102.0,0.810079,0.810031
8|1241|vc|5|2|69,0.0,155074,5,2,1,143143.0,143102.0,143102.0,143102.0,143102.0,0.768424,0.768376
8|1241|vc|6|2|69,0.0,152580,6,2,1,143143.0,143102.0,143102.0,143102.0,143102.0,0.608352,0.608305
8|1241|vc|7|2|69,0.0,142167,7,2,1,143143.0,143102.0,143102.0,143102.0,143102.0,-0.0599842,-0.0600285
8|1241|vc|8|2|69,0.0,114245,8,2,1,143143.0,132205.0,132209.0,132157.0,132209.0,-1.24169,-1.24483
8|1056|cc|1|1|276,0.0,686,1,1,0,122846.625,0.0,0.0,0.0,0.0,1.4479,1.4479
8|1056|cc|2|1|276,0.0,688,2,1,0,122846.625,0.0,0.0,0.0,0.0,1.45212,1.45212
8|1056|cc|3|1|276,0.0,708,3,1,0,122846.625,0.0,0.0,0.0,0.0,1.49434,1.49434
8|1056|cc|4|1|276,0.0,700,4,1,0,122846.625,0.0,0.0,0.0,0.0,1.47745,1.47745
8|1056|cc|5|1|276,0.0,734,5,1,0,122846.625,0.0,0.0,0.0,0.0,1.54921,1.54921
8|1056|cc|6|1|276,0.0,694,6,1,0,122846.625,0.0,0.0,0.0,0.0,1.46479,1.46479
8|1056|cc|7|1|276,0.0,744,7,1,0,122846.625,0.0,0.0,0.0,0.0,1.57032,1.57032
8|1056|cc|8|1|276,0.0,756,8,1,0,122846.625,0.0,0.0,0.0,0.0,1.59565,1.59565
8|1056|sample|3|276,0.0010624,130132,1,3,1,122846.625,113334.0,111790.0,111474.0,111489.0,1.52413,1.52268
8|1056|sample|3|276,0.005312,127154,2,3,1,122846.625,122302.0,116315.0,115248.0,115145.0,0.941931,0.950925
8|1056|sample|3|276,0.02656,111063,3,3,1,122846.625,120950.0,100256.0,96847.2,96537.1,1.32888,1.36203
8|1056|sample|3|276,0.1328,53602,4,3,1,122846.625,115985.0,58073.1,51112.3,50545.1,0.424182,0.526182
8|1056|sample|3|276,0.664,5384,5,3,1,122846.625,100236.0,9132.16,6036.55,5839.96,-0.587328,-0.4182
8|1056|sample|3|276,3.32,738,6,3,1,122846.625,65048.7,776.618,755.797,754.726,-0.0321485,-0.0302201
8|1056|sample|3|276,16.6,690,7,3,1,122846.625,25948.0,748.812,749.197,748.812,-0.10707,-0.106382
8|1056|sample|3|276,83.0,842,8,3,1,122846.625,6602.9,719.613,719.845,719.613,0.222189,0.22262
8|1056|sample|4|276,0.0010624,123910,1,4,1,122846.625,113334.0,111790.0,111561.0,111608.0,1.00803,1.00375
8|1056|sample|4|276,0.005312,126950,2,4,1,122846.625,122302.0,116315.0,115585.0,115606.0,0.89659,0.894789
8|1056|sample|4|276,0.02656,105914,3,4,1,122846.625,120950.0,100256.0,97911.0,97990.4,0.740344,0.732426
8|1056|sample|4|276,0.1328,55539,4,4,1,122846.625,115985.0,58073.2,53205.1,53394.8,0.38321,0.350898
8|1056|sample|4|276,0.664,6766,5,4,1,122846.625,100236.0,9132.17,6857.53,6949.43,-0.0764239,-0.151923
8|1056|sample|4|276,3.32,686,6,4,1,122846.625,65048.7,776.618,759.511,759.687,-0.132699,-0.133012
8|1056|sample|4|276,16.6,742,7,4,1,122846.625,25948.0,748.812,749.197,748.812,-0.0130172,-0.0123225
8|1056|sample|4|276,83.0,876,8,4,1,122846.625,6602.9,719.613,719.845,719.613,0.284032,0.284465
8|1056|vc|1|2|276,0.0,125929,1,2,1,122846.625,113459.0,113420.0,113376.0,113420.0,1.00886,1.00494
8|1056|vc|2|2|276,0.0,128067,2,2,1,122846.625,122812.0,122811.0,122811.0,122811.0,0.391134,0.391088
8|1056|vc|3|2|276,0.0,126059,3,2,1,122846.625,122812.0,122811.0,122811.0,122811.0,0.241712,0.241667
8|1056|vc|4|2|276,0.0,129668,4,2,1,122846.625,122812.0,122811.0,122811.0,122811.0,0.51027,0.510223
8|1056|vc|5|2|276,0.0,124889,5,2,1,122846.625,122812.0,122811.0,122811.0,122811.0,0.154649,0.154604
8|1056|vc|6|2|276,0.0,120436,6,2,1,122846.625,122812.0,122811.0,122811.0,122811.0,-0.176714,-0.176757
8|1056|vc|7|2|276,0.0,119889,7,2,1,122846.625,122812.0,122811.0,122811.0,122811.0,-0.217418,-0.217461
8|1056|vc|8|2|276,0.0,107836,8,2,1,122846.625,113459.0,113420.0,113376.0,113420.0,-0.445269,-0.448647
8|1159|cc|1|1|292,0.0,640,1,1,0,132841.25,0.0,0.0,0.0,0.0,1.35081,1.35081
8|1159|cc|2|1|292,0.0,616,2,1,0,132841.25,0.0,0.0,0.0,0.0,1.30016,1.30016
8|1159|cc|3|1|292,0.0,690,3,1,0,132841.25,0.0,0.0,0.0,0.0,1.45634,1.45634
8|1159|cc|4|1|292,0.0,614,4,1,0,132841.25,0.0,0.0,0.0,0.0,1.29594,1.29594
8|1159|cc|5|1|292,0.0,622,5,1,0,132841.25,0.0,0.0,0.0,0.0,1.31282,1.31282
8|1159|cc|6|1|292,0.0,654,6,1,0,132841.25,0.0,0.0,0.0,0.0,1.38036,1.38036
8|1159|cc|7|1|292,0.0,732,7,1,0,132841.25,0.0,0.0,0.0,0.0,1.54499,1.54499
8|1159|cc|8|1|292,0.0,670,8,1,0,132841.25,0.0,0.0,0.0,0.0,1.41413,1.41413
8|1159|sample|3|292,0.0010624,108512,1,3,1,132841.25,122554.0,120911.0,121762.0,121798.0,-0.994168,-0.996564
8|1159|sample|3|292,0.005312,131884,2,3,1,132841.25,132252.0,125727.0,129263.0,129218.0,0.18563,0.188909
8|1159|sample|3|292,0.02656,133282,3,3,1,132841.25,130789.0,108281.0,120086.0,119935.0,1.00343,1.01618
8|1159|sample|3|292,0.1328,105629,4,3,1,132841.25,125418.0,62588.8,91543.0,91141.9,1.38947,1.43504
8|1159|sample|3|292,0.664,36126,5,3,1,132841.25,108380.0,9769.39,35796.8,35284.9,0.0774205,0.200333
8|1159|sample|3|292,3.32,2310,6,3,1,132841.25,70312.1,778.782,2826.1,2738.15,-0.668412,-0.561257
8|1159|sample|3|292,16.6,688,7,3,1,132841.25,28010.7,748.813,754.037,753.189,-0.119331,-0.117818
8|1159|sample|3|292,83.0,592,8,3,1,132841.25,7084.6,719.738,719.968,719.738,-0.232757,-0.232349
8|1159|sample|4|292,0.0010624,112128,1,4,1,132841.25,122554.0,120911.0,121831.0,121854.0,-0.727621,-0.729214
8|1159|sample|4|292,0.005312,130767,2,4,1,132841.25,132252.0,125727.0,129537.0,129441.0,0.0869219,0.0937915
8|1159|sample|4|292,0.02656,137610,3,4,1,132841.25,130789.0,108281.0,121040.0,120710.0,1.25039,1.27866
8|1159|sample|4|292,0.1328,112132,4,4,1,132841.25,125418.0,62588.9,94252.8,93331.7,1.71524,1.82059
8|1159|sample|4|292,0.664,38749,5,4,1,132841.25,108380.0,9769.4,39640.9,38335.6,-0.191448,0.0914505
8|1159|sample|4|292,3.32,2926,6,4,1,132841.25,70312.1,778.782,3625.77,3341.09,-0.816961,-0.502234
8|1159|sample|4|292,16.6,542,7,4,1,132841.25,28010.7,748.813,759.98,757.202,-0.393453,-0.388645
8|1159|sample|4|292,83.0,574,8,4,1,132841.25,7084.6,719.738,719.97,719.74,-0.265501,-0.265092
8|1159|vc|1|2|292,0.0,114165,1,2,1,132841.25,122690.0,122690.0,122642.0,122690.0,-0.63166,-0.63501
8|1159|vc|2|2|292,0.0,136148,2,2,1,132841.25,132803.0,132803.0,132803.0,132803.0,0.230811,0.230766
8|1159|vc|3|2|292,0.0,149475,3,2,1,132841.25,132803.0,132803.0,132803.0,132803.0,1.15034,1.15029
8|1159|vc|4|2|292,0.0,146290,4,2,1,132841.25,132803.0,132803.0,132803.0,132803.0,0.930584,0.930536
8|1159|vc|5|2|292,0.0,136813,5,2,1,132841.25,132803.0,132803.0,132803.0,132803.0,0.276695,0.276649
8|1159|vc|6|2|292,0.0,141806,6,2,1,132841.25,132803.0,132803.0,132803.0,132803.0,0.621199,0.621152
8|1159|vc|7|2|292,0.0,125865,7,2,1,132841.25,132803.0,132803.0,132803.0,132803.0,-0.47869,-0.478733
8|1159|vc|8|2|292,0.0,112168,8,2,1,132841.25,122690.0,122690.0,122642.0,122690.0,-0.78046,-0.783754
8|1017|cc|1|1|65,0.0,614,1,1,0,12137.0,0.0,0.0,0.0,0.0,1.29594,1.29594
8|1017|cc|2|1|65,0.0,574,2,1,0,12137.0,0.0,0.0,0.0,0.0,1.21151,1.21151
8|1017|cc|3|1|65,0.0,530,3,1,0,12137.0,0.0,0.0,0.0,0.0,1.11864,1.11864
8|1017|cc|4|1|65,0.0,626,4,1,0,12137.0,0.0,0.0,0.0,0.0,1.32126,1.32126
8|1017|cc|5|1|65,0.0,490,5,1,0,12137.0,0.0,0.0,0.0,0.0,1.03422,1.03422
8|1017|cc|6|1|65,0.0,480,6,1,0,12137.0,0.0,0.0,0.0,0.0,1.01311,1.01311
8|1017|cc|7|1|65,0.0,564,7,1,0,12137.0,0.0,0.0,0.0,0.0,1.1904,1.1904
8|1017|cc|8|1|65,0.0,546,8,1,0,12137.0,0.0,0.0,0.0,0.0,1.15241,1.15241
8|1017|sample|3|65,0.0010624,10506,1,3,1,12137.0,11197.9,11057.5,10866.7,10860.6,-0.222541,-0.218821
8|1017|sample|3|65,0.005312,11892,2,3,1,12137.0,12086.0,11526.5,10814.1,10776.2,0.667257,0.692413
8|1017|sample|3|65,0.02656,7480,3,3,1,12137.0,11960.1,10027.0,7931.56,7833.15,-0.344413,-0.271503
8|1017|sample|3|65,0.1328,2832,4,3,1,12137.0,11497.0,6091.22,2821.72,2720.98,0.0133217,0.145878
8|1017|sample|3|65,0.664,740,5,3,1,12137.0,10028.1,1529.62,776.494,771.826,-0.0656645,-0.057317
8|1017|sample|3|65,3.32,556,6,3,1,12137.0,6746.17,751.5,749.306,748.919,-0.349628,-0.348955
8|1017|sample|3|65,83.0,548,8,3,1,12137.0,1267.13,719.737,719.967,719.737,-0.312785,-0.312381
8|1017|sample|4|65,0.0010624,9714,1,4,1,12137.0,11197.9,11057.5,10936.2,10940.0,-0.750601,-0.752742
8|1017|sample|4|65,0.005312,11992,2,4,1,12137.0,12086.0,11526.5,11075.2,11074.1,0.557992,0.558748
8|1017|sample|4|65,0.02656,9882,3,4,1,12137.0,11960.1,10027.0,8653.98,8652.47,0.885148,0.886339
8|1017|sample|4|65,0.1328,3414,4,4,1,12137.0,11497.1,6091.22,3702.84,3703.48,-0.334037,-0.334756
8|1017|sample|4|65,0.664,734,5,4,1,12137.0,10028.1,1529.62,844.717,844.781,-0.196668,-0.19678
8|1017|sample|4|65,3.32,542,6,4,1,12137.0,6746.17,751.5,749.309,748.923,-0.374955,-0.374284
8|1017|sample|4|65,16.6,564,7,4,1,12137.0,3099.12,748.813,749.198,748.813,-0.33497,-0.334299
8|1017|sample|4|65,83.0,516,8,4,1,12137.0,1267.13,719.737,719.967,719.737,-0.370989,-0.370587
8|1017|sample|8|65,16.6,600,7,8,1,12137.0,3099.12,748.813,749.198,748.813,-0.269856,-0.26918
8|1017|vc|1|2|65,0.0,12754,1,2,1,12137.0,11209.6,11209.6,11205.2,11209.6,0.934908,0.931988
8|1017|vc|2|2|65,0.0,10974,2,2,1,12137.0,12133.5,12133.5,12133.5,12133.5,-0.660798,-0.660829
8|1017|vc|3|2|65,0.0,11326,3,2,1,12137.0,12133.5,12133.5,12133.5,12133.5,-0.460191,-0.460223
8|1017|vc|4|2|65,0.0,14058,4,2,1,12137.0,12133.5,12133.5,12133.5,12133.5,1.09679,1.09676
8|1017|vc|5|2|65,0.0,13090,5,2,1,12137.0,12133.5,12133.5,12133.5,12133.5,0.545123,0.545088
8|1017|vc|6|2|65,0.0,11930,6,2,1,12137.0,12133.5,12133.5,12133.5,12133.5,-0.115968,-0.116001
8|1017|vc|7|2|65,0.0,12278,7,2,1,12137.0,12133.5,12133.5,12133.5,12133.5,0.0823594,0.0823256
8|1017|vc|8|2|65,0.0,10686,8,2,1,12137.0,11209.6,11209.6,11205.2,11209.6,-0.313376,-0.315945
8|1197|cc|1|1|103,0.0,606,1,1,0,100839.375,0.0,0.0,0.0,0.0,1.27905,1.27905
8|1197|cc|2|1|103,0.0,666,2,1,0,100839.375,0.0,0.0,0.0,0.0,1.40569,1.40569
8|1197|cc|3|1|103,0.0,676,3,1,0,100839.375,0.0,0.0,0.0,0.0,1.4268,1.4268
8|1197|cc|4|1|103,0.0,624,4,1,0,100839.375,0.0,0.0,0.0,0.0,1.31704,1.31704
8|1197|cc|5|1|103,0.0,566,5,1,0,100839.375,0.0,0.0,0.0,0.0,1.19462,1.19462
8|1197|cc|6|1|103,0.0,622,6,1,0,100839.375,0.0,0.0,0.0,0.0,1.31282,1.31282
8|1197|cc|7|1|103,0.0,690,7,1,0,100839.375,0.0,0.0,0.0,0.0,1.45634,1.45634
8|1197|cc|8|1|103,0.0,642,8,1,0,100839.375,0.0,0.0,0.0,0.0,1.35503,1.35503
8|1197|sample|3|103,0.0010624,83416,1,3,1,100839.375,93030.7,91538.1,88466.8,88546.1,-0.514706,-0.52235
8|1197|sample|3|103,0.005312,89383,2,3,1,100839.375,100393.0,94681.9,83745.2,83929.9,0.60527,0.58422
8|1197|sample|3|103,0.02656,58909,3,3,1,100839.375,99284.4,80390.6,51585.7,52065.0,1.23716,1.14638
8|1197|sample|3|103,0.1328,9266,4,3,1,100839.375,95214.8,45017.8,9620.31,9968.22,-0.237896,-0.460143
8|1197|sample|3|103,0.664,850,5,3,1,100839.375,82304.4,6896.94,774.057,777.654,0.13671,0.130147
8|1197|sample|3|103,3.32,606,6,3,1,100839.375,53459.1,770.095,749.306,748.919,-0.259194,-0.258514
8|1197|sample|3|103,16.6,578,7,3,1,100839.375,21406.0,748.813,749.198,748.813,-0.309648,-0.308975
8|1197|sample|3|103,83.0,552,8,3,1,100839.375,5542.24,719.737,719.967,719.737,-0.30551,-0.305105
8|1197|sample|4|103,0.0010624,79953,1,4,1,100839.375,93030.7,91538.1,88447.4,88319.8,-0.86582,-0.853984
8|1197|sample|4|103,0.005312,90004,2,4,1,100839.375,100393.0,94681.9,83678.8,83154.7,0.679588,0.740298
8|1197|sample|4|103,0.02656,58715,3,4,1,100839.375,99284.4,80390.6,51438.3,50356.7,1.23251,1.44363
8|1197|sample|4|103,0.1328,7962,4,4,1,100839.375,95214.9,45017.9,9528.71,8918.73,-1.0588,-0.675991
8|1197|sample|4|103,0.664,770,5,4,1,100839.375,82304.5,6896.95,773.193,767.926,-0.00574823,0.00373754
8|1197|sample|4|103,3.32,568,6,4,1,100839.375,53459.1,770.095,749.306,748.919,-0.327924,-0.327249
8|1197|sample|4|103,16.6,564,7,4,1,100839.375,21406.0,748.813,749.198,748.813,-0.33497,-0.334299
8|1197|sample|4|103,83.0,596,8,4,1,100839.375,5542.24,719.737,719.967,719.737,-0.22548,-0.225071
8|1197|vc|1|2|103,0.0,87946,1,2,1,100839.375,93133.8,93133.8,93097.2,93133.8,-0.500035,-0.503398
8|1197|vc|2|2|103,0.0,107862,2,2,1,100839.375,100811.0,100811.0,100810.0,100811.0,0.634389,0.634342
8|1197|vc|3|2|103,0.0,103669,3,2,1,100839.375,100811.0,100811.0,100810.0,100811.0,0.257182,0.257137
8|1197|vc|4|2|103,0.0,103811,4,2,1,100839.375,100811.0,100811.0,100810.0,100811.0,0.269957,0.269912
8|1197|vc|5|2|103,0.0,109061,5,2,1,100839.375,100811.0,100811.0,100810.0,100811.0,0.742252,0.742204
8|1197|vc|6|2|103,0.0,103883,6,2,1,100839.375,100811.0,100811.0,100810.0,100811.0,0.276434,0.276389
8|1197|vc|7|2|103,0.0,108538,7,2,1,100839.375,100811.0,100811.0,100810.0,100811.0,0.695202,0.695155
8|1197|vc|8|2|103,0.0,81945,8,2,1,100839.375,93133.8,93133.8,93097.2,93133.8,-1.08256,-1.0857
8|745|cc|1|1|218,0.0,424,1,1,0,41925.5,0.0,0.0,0.0,0.0,0.894913,0.894913
8|745|cc|2|1|218,0.0,424,2,1,0,41925.5,0.0,0.0,0.0,0.0,0.894913,0.894913
8|745|cc|3|1|218,0.0,442,3,1,0,41925.5,0.0,0.0,0.0,0.0,0.932905,0.932905
8|745|cc|4|1|218,0.0,476,4,1,0,41925.5,0.0,0.0,0.0,0.0,1.00467,1.00467
8|745|cc|5|1|218,0.0,500,5,1,0,41925.5,0.0,0.0,0.0,0.0,1.05532,1.05532
8|745|cc|6|1|218,0.0,514,6,1,0,41925.5,0.0,0.0,0.0,0.0,1.08487,1.08487
8|745|cc|7|1|218,0.0,472,7,1,0,41925.5,0.0,0.0,0.0,0.0,0.996224,0.996224
8|745|cc|8|1|218,0.0,496,8,1,0,41925.5,0.0,0.0,0.0,0.0,1.04688,1.04688
8|745|sample|3|218,0.0010624,37523,1,3,1,41925.5,38679.4,37906.8,37075.7,37072.9,0.101951,0.102584
8|745|sample|3|218,0.005312,37208,2,3,1,41925.5,41741.6,38921.0,36122.3,36022.9,0.253255,0.277115
8|745|sample|3|218,0.02656,26461,3,3,1,41925.5,41285.8,32443.9,25187.6,24852.4,0.406486,0.51933
8|745|sample|3|218,0.1328,7202,4,3,1,41925.5,39611.6,17569.9,7758.21,7342.11,-0.430238,-0.112188
8|745|sample|3|218,0.664,758,5,3,1,41925.5,34300.3,2942.77,879.866,851.002,-0.215054,-0.165006
8|745|sample|3|218,16.6,474,7,3,1,41925.5,9247.03,748.813,749.198,748.813,-0.497754,-0.497095
8|745|sample|3|218,83.0,544,8,3,1,41925.5,2702.82,719.737,719.967,719.737,-0.320061,-0.319656
8|745|sample|4|218,0.0010624,34037,1,4,1,41925.5,38679.4,37906.8,37140.5,37167.8,-0.706219,-0.711954
8|745|sample|4|218,0.005312,36046,2,4,1,41925.5,41741.6,38921.0,36340.8,36344.4,-0.0683986,-0.0692246
8|745|sample|4|218,0.02656,26077,3,4,1,41925.5,41285.8,32443.9,25711.0,25622.8,0.114799,0.142877
8|745|sample|4|218,0.1328,8328,4,4,1,41925.5,39611.6,17569.9,8280.93,8091.27,0.0349225,0.178264
8|745|sample|4|218,0.664,672,5,4,1,41925.5,34300.4,2942.77,914.243,894.144,-0.424762,-0.390974
8|745|sample|4|218,3.32,466,6,4,1,41925.5,22433.5,756.912,749.311,748.922,-0.512417,-0.511753
8|745|sample|4|218,16.6,460,7,4,1,41925.5,9247.03,748.813,749.198,748.813,-0.523076,-0.522419
8|745|sample|4|218,83.0,550,8,4,1,41925.5,2702.82,719.737,719.967,719.737,-0.309147,-0.308743
8|745|sample|5|218,3.32,492,6,5,1,41925.5,22433.5,756.912,749.306,752.774,-0.465383,-0.471344
8|745|vc|1|2|218,0.0,40530,1,2,1,41925.5,38721.8,38721.8,38706.6,38721.8,0.399881,0.396406
8|745|vc|2|2|218,0.0,43557,2,2,1,41925.5,41913.6,41913.6,41913.4,41913.6,0.335545,0.335502
8|745|vc|3|2|218,0.0,43897,3,2,1,41925.5,41913.6,41913.6,41913.4,41913.6,0.404955,0.404911
8|745|vc|4|2|218,0.0,43871,4,2,1,41925.5,41913.6,41913.6,41913.4,41913.6,0.399647,0.399604
8|745|vc|5|2|218,0.0,42072,5,2,1,41925.5,41913.6,41913.6,41913.4,41913.6,0.0323857,0.0323441
8|745|vc|6|2|218,0.0,41786,6,2,1,41925.5,41913.6,41913.6,41913.4,41913.6,-0.0260004,-0.0260418
8|745|vc|7|2|218,0.0,38985,7,2,1,41925.5,41913.6,41913.6,41913.4,41913.6,-0.597817,-0.597856
8|745|vc|8|2|218,0.0,40706,8,2,1,41925.5,38721.8,38721.8,38706.6,38721.8,0.438478,0.43499
8|1043|cc|1|1|174,0.0,462,1,1,0,53952.0,0.0,0.0,0.0,0.0,0.975117,0.975117
8|1043|cc|2|1|174,0.0,482,2,1,0,53952.0,0.0,0.0,0.0,0.0,1.01733,1.01733
8|1043|cc|3|1|174,0.0,512,3,1,0,53952.0,0.0,0.0,0.0,0.0,1.08065,1.08065
8|1043|cc|4|1|174,0.0,514,4,1,0,53952.0,0.0,0.0,0.0,0.0,1.08487,1.08487
8|1043|cc|5|1|174,0.0,496,5,1,0,53952.0,0.0,0.0,0.0,0.0,1.04688,1.04688
8|1043|cc|6|1|174,0.0,482,6,1,0,53952.0,0.0,0.0,0.0,0.0,1.01733,1.01733
8|1043|cc|7|1|174,0.0,458,7,1,0,53952.0,0.0,0.0,0.0,0.0,0.966675,0.966675
8|1043|cc|8|1|174,0.0,474,8,1,0,53952.0,0.0,0.0,0.0,0.0,1.00045,1.00045
8|1043|sample|3|174,0.0010624,52337,1,3,1,53952.0,49774.5,49117.0,47345.8,47248.3,0.912158,0.931731
8|1043|sample|3|174,0.005312,52465,2,3,1,53952.0,53714.4,51099.8,44586.9,44184.9,1.52068,1.61147
8|1043|sample|3|174,0.02656,24983,3,3,1,53952.0,53125.5,44093.1,26559.0,25697.3,-0.480859,-0.224149
8|1043|sample|3|174,0.1328,3902,4,3,1,53952.0,50962.3,25704.9,4419.79,3993.01,-0.550624,-0.101655
8|1043|sample|3|174,0.664,468,5,3,1,53952.0,44099.7,4395.58,753.393,751.577,-0.515781,-0.512678
8|1043|sample|3|174,3.32,434,6,3,1,53952.0,28767.0,760.976,749.306,748.919,-0.570286,-0.569629
8|1043|sample|3|174,16.6,466,7,3,1,53952.0,11729.1,748.813,749.198,748.813,-0.512224,-0.511566
8|1043|sample|3|174,83.0,476,8,3,1,53952.0,3282.45,719.737,719.967,719.737,-0.443743,-0.443345
8|1043|sample|4|174,0.0010624,51341,1,4,1,53952.0,49774.5,49117.0,47097.7,47086.7,0.779201,0.781391
8|1043|sample|4|174,0.005312,47213,2,4,1,53952.0,53714.4,51099.8,43717.7,43621.7,0.68685,0.707111
8|1043|sample|4|174,0.02656,25619,3,4,1,53952.0,53125.5,44093.1,24695.7,24509.1,0.299687,0.362577
8|1043|sample|4|174,0.1328,3204,4,4,1,53952.0,50962.3,25704.9,3531.8,3457.97,-0.387181,-0.302769
8|1043|sample|4|174,0.664,534,5,4,1,53952.0,44099.8,4395.58,750.838,750.324,-0.392075,-0.391184
8|1043|sample|4|174,3.32,492,6,4,1,53952.0,28767.0,760.976,749.306,748.919,-0.465383,-0.464718
8|1043|sample|4|174,16.6,542,7,4,1,53952.0,11729.1,748.813,749.198,748.813,-0.374762,-0.374093
8|1043|sample|4|174,83.0,532,8,4,1,53952.0,3282.45,719.737,719.967,719.737,-0.341887,-0.341484
8|1043|vc|1|2|174,0.0,50112,1,2,1,53952.0,49829.3,49829.3,49809.7,49829.3,0.0527346,0.0493022
8|1043|vc|2|2|174,0.0,56646,2,2,1,53952.0,53936.6,53936.6,53936.4,53936.6,0.439328,0.439284
8|1043|vc|3|2|174,0.0,62497,3,2,1,53952.0,53936.6,53936.6,53936.4,53936.6,1.38799,1.38794
8|1043|vc|4|2|174,0.0,57542,4,2,1,53952.0,53936.6,53936.6,53936.4,53936.6,0.584602,0.584557
8|1043|vc|5|2|174,0.0,52635,5,2,1,53952.0,53936.6,53936.6,53936.4,53936.6,-0.211001,-0.211042
8|1043|vc|6|2|174,0.0,56628,6,2,1,53952.0,53936.6,53936.6,53936.4,53936.6,0.43641,0.436365
8|1043|vc|7|2|174,0.0,50206,7,2,1,53952.0,53936.6,53936.6,53936.4,53936.6,-0.60483,-0.60487
8|1043|vc|8|2|174,0.0,45350,8,2,1,53952.0,49829.3,49829.3,49809.7,49829.3,-0.778038,-0.781171
8|1260|cc|1|1|319,0.0,514,1,1,0,42984.625,0.0,0.0,0.0,0.0,1.08487,1.08487
8|1260|cc|2|1|319,0.0,604,2,1,0,42984.625,0.0,0.0,0.0,0.0,1.27483,1.27483
8|1260|cc|3|1|319,0.0,546,3,1,0,42984.625,0.0,0.0,0.0,0.0,1.15241,1.15241
8|1260|cc|4|1|319,0.0,580,4,1,0,42984.625,0.0,0.0,0.0,0.0,1.22417,1.22417
8|1260|cc|5|1|319,0.0,564,5,1,0,42984.625,0.0,0.0,0.0,0.0,1.1904,1.1904
8|1260|cc|6|1|319,0.0,508,6,1,0,42984.625,0.0,0.0,0.0,0.0,1.07221,1.07221
8|1260|cc|7|1|319,0.0,466,7,1,0,42984.625,0.0,0.0,0.0,0.0,0.98356,0.98356
8|1260|cc|8|1|319,0.0,444,8,1,0,42984.625,0.0,0.0,0.0,0.0,0.937126,0.937126
8|1260|sample|3|319,0.0010624,37180,1,3,1,42984.625,39656.5,39135.8,38882.6,38893.1,-0.371877,-0.374075
8|1260|sample|3|319,0.005312,42284,2,3,1,42984.625,42796.0,40724.0,39800.7,39784.6,0.531145,0.534784
8|1260|sample|3|319,0.02656,29878,3,3,1,42984.625,42328.5,35167.0,32280.4,32237.7,-0.618943,-0.608643
8|1260|sample|3|319,0.1328,14579,4,3,1,42984.625,40611.2,20573.5,15080.6,15020.0,-0.242814,-0.214155
8|1260|sample|3|319,0.664,2122,5,3,1,42984.625,35163.3,3647.47,1665.09,1653.74,0.703408,0.722221
8|1260|sample|3|319,3.32,498,6,3,1,42984.625,22991.3,758.498,749.563,749.169,-0.454974,-0.454296
8|1260|sample|3|319,16.6,458,7,3,1,42984.625,9465.62,748.813,749.198,748.813,-0.526694,-0.526037
8|1260|sample|3|319,83.0,484,8,3,1,42984.625,2753.87,719.737,719.967,719.737,-0.429193,-0.428793
8|1260|sample|4|319,0.0010624,33661,1,4,1,42984.625,39656.5,39135.8,38773.4,38808.7,-1.11943,-1.12625
8|1260|sample|4|319,0.005312,36692,2,4,1,42984.625,42796.0,40724.0,39382.5,39461.6,-0.580937,-0.596958
8|1260|sample|4|319,0.02656,31084,3,4,1,42984.625,42328.5,35167.0,31034.9,31274.3,0.0131015,-0.0504047
8|1260|sample|4|319,0.1328,13458,4,4,1,42984.625,40611.2,20573.5,13096.2,13472.0,0.194877,-0.0073757
8|1260|sample|4|319,0.664,1668,5,4,1,42984.625,35163.4,3647.47,1289.25,1351.38,0.621005,0.51362
8|1260|sample|4|319,3.32,526,6,4,1,42984.625,22991.3,758.498,749.355,748.989,-0.403973,-0.40334
8|1260|sample|4|319,16.6,482,7,4,1,42984.625,9465.62,748.813,749.198,748.813,-0.483284,-0.482624
8|1260|sample|4|319,83.0,570,8,4,1,42984.625,2753.87,719.737,719.967,719.737,-0.27277,-0.272364
8|1260|vc|1|2|319,0.0,40866,1,2,1,42984.625,39700.0,39700.0,39684.4,39700.0,0.253395,0.249962
8|1260|vc|2|2|319,0.0,45338,2,2,1,42984.625,42972.4,42972.4,42972.2,42972.4,0.472201,0.472157
8|1260|vc|3|2|319,0.0,44073,3,2,1,42984.625,42972.4,42972.4,42972.2,42972.4,0.219716,0.219673
8|1260|vc|4|2|319,0.0,47115,4,2,1,42984.625,42972.4,42972.4,42972.2,42972.4,0.826878,0.826832
8|1260|vc|5|2|319,0.0,43457,5,2,1,42984.625,42972.4,42972.4,42972.2,42972.4,0.0967668,0.0967247
8|1260|vc|6|2|319,0.0,43107,6,2,1,42984.625,42972.4,42972.4,42972.2,42972.4,0.0269092,0.0268675
8|1260|vc|7|2|319,0.0,44409,7,2,1,42984.625,42972.4,42972.4,42972.2,42972.4,0.286779,0.286736
8|1260|vc|8|2|319,0.0,35512,8,2,1,42984.625,39700.0,39700.0,39684.4,39700.0,-0.894764,-0.897791
8|1042|cc|1|1|162,0.0,624,1,1,0,78994.875,0.0,0.0,0.0,0.0,1.31704,1.31704
8|1042|cc|2|1|162,0.0,714,2,1,0,78994.875,0.0,0.0,0.0,0.0,1.507,1.507
8|1042|cc|3|1|162,0.0,694,3,1,0,78994.875,0.0,0.0,0.0,0.0,1.46479,1.46479
8|1042|cc|4|1|162,0.0,700,4,1,0,78994.875,0.0,0.0,0.0,0.0,1.47745,1.47745
8|1042|cc|5|1|162,0.0,674,5,1,0,78994.875,0.0,0.0,0.0,0.0,1.42257,1.42257
8|1042|cc|6|1|162,0.0,730,6,1,0,78994.875,0.0,0.0,0.0,0.0,1.54077,1.54077
8|1042|cc|7|1|162,0.0,664,7,1,0,78994.875,0.0,0.0,0.0,0.0,1.40147,1.40147
8|1042|cc|8|1|162,0.0,778,8,1,0,78994.875,0.0,0.0,0.0,0.0,1.64208,1.64208
8|1042|sample|3|162,0.0010624,72910,1,3,1,78994.875,72878.0,71909.4,72588.6,72617.5,0.0394939,0.0359335
8|1042|sample|3|162,0.005312,82674,2,3,1,78994.875,78645.6,74795.8,77593.6,77596.2,0.586315,0.585987
8|1042|sample|3|162,0.02656,79881,3,3,1,78994.875,77779.3,64484.5,73960.2,73971.8,0.714947,0.713443
8|1042|sample|3|162,0.1328,67396,4,3,1,78994.875,74597.9,37435.9,61945.2,61991.8,0.777223,0.770052
8|1042|sample|3|162,0.664,36552,5,3,1,78994.875,64505.1,6107.68,33510.3,33619.7,0.758278,0.728894
8|1042|sample|3|162,3.32,5516,6,3,1,78994.875,41955.2,766.641,5866.25,5929.97,-0.320425,-0.376407
8|1042|sample|3|162,16.6,726,7,3,1,78994.875,16897.6,748.813,844.313,847.241,-0.210177,-0.21526
8|1042|sample|3|162,83.0,688,8,3,1,78994.875,4489.42,719.737,720.219,720.007,-0.0585999,-0.0582161
8|1042|sample|4|162,0.0010624,73625,1,4,1,78994.875,72878.0,71909.4,72611.0,72630.4,0.12458,0.12217
8|1042|sample|4|162,0.005312,80800,2,4,1,78994.875,78645.6,74795.8,77683.4,77647.9,0.35928,0.363531
8|1042|sample|4|162,0.02656,78030,3,4,1,78994.875,77779.3,64484.5,74281.0,74156.0,0.450859,0.466627
8|1042|sample|4|162,0.1328,66522,4,4,1,78994.875,74597.9,37436.0,62942.0,62562.7,0.502924,0.559351
8|1042|sample|4|162,0.664,38695,5,4,1,78994.875,64505.2,6107.69,35439.9,34717.4,0.772246,0.961066
8|1042|sample|4|162,3.32,6000,6,4,1,78994.875,41955.2,766.641,6870.99,6491.03,-0.726352,-0.423658
8|1042|sample|4|162,16.6,662,7,4,1,78994.875,16897.6,748.813,897.066,875.565,-0.413493,-0.377178
8|1042|sample|4|162,83.0,696,8,4,1,78994.875,4489.42,719.737,720.543,720.17,-0.0446357,-0.0439609
8|1042|vc|1|2|162,0.0,79529,1,2,1,78994.875,72958.5,72958.6,72929.9,72958.6,0.807454,0.80365
8|1042|vc|2|2|162,0.0,77876,2,2,1,78994.875,78972.4,78972.4,78972.0,78972.4,-0.124397,-0.124439
8|1042|vc|3|2|162,0.0,85444,3,2,1,78994.875,78972.4,78972.4,78972.0,78972.4,0.734573,0.734526
8|1042|vc|4|2|162,0.0,85154,4,2,1,78994.875,78972.4,78972.4,78972.0,78972.4,0.701658,0.701611
8|1042|vc|5|2|162,0.0,85440,5,2,1,78994.875,78972.4,78972.4,78972.0,78972.4,0.734119,0.734072
8|1042|vc|6|2|162,0.0,76072,6,2,1,78994.875,78972.4,78972.4,78972.0,78972.4,-0.329151,-0.329193
8|1042|vc|7|2|162,0.0,75138,7,2,1,78994.875,78972.4,78972.4,78972.0,78972.4,-0.43516,-0.435201
8|1042|vc|8|2|162,0.0,67306,8,2,1,78994.875,72958.5,72958.6,72929.9,72958.6,-0.688132,-0.691382
8|863|cc|1|1|274,0.0,622,1,1,0,79056.375,0.0,0.0,0.0,0.0,1.31282,1.31282
8|863|cc|2|1|274,0.0,702,2,1,0,79056.375,0.0,0.0,0.0,0.0,1.48167,1.48167
8|863|cc|3|1|274,0.0,724,3,1,0,79056.375,0.0,0.0,0.0,0.0,1.52811,1.52811
8|863|cc|4|1|274,0.0,660,4,1,0,79056.375,0.0,0.0,0.0,0.0,1.39302,1.39302
8|863|cc|5|1|274,0.0,644,5,1,0,79056.375,0.0,0.0,0.0,0.0,1.35925,1.35925
8|863|cc|6|1|274,0.0,642,6,1,0,79056.375,0.0,0.0,0.0,0.0,1.35503,1.35503
8|863|cc|7|1|274,0.0,664,7,1,0,79056.375,0.0,0.0,0.0,0.0,1.40147,1.40147
8|863|cc|8|1|274,0.0,710,8,1,0,79056.375,0.0,0.0,0.0,0.0,1.49856,1.49856
8|863|sample|3|274,0.0010624,89013,1,3,1,79056.375,72934.7,71964.2,71908.5,71926.0,2.12086,2.11821
8|863|sample|3|274,0.005312,83582,2,3,1,79056.375,78706.8,74852.7,74742.5,74703.7,1.05684,1.062
8|863|sample|3|274,0.02656,75500,3,3,1,79056.375,77839.8,64531.4,64169.2,64053.2,1.56332,1.58201
8|863|sample|3|274,0.1328,35636,4,3,1,79056.375,74655.9,37460.1,36676.4,36454.0,-0.239408,-0.189264
8|863|sample|3|274,0.664,5534,5,3,1,79056.375,64555.2,6110.59,5706.39,5608.36,-0.160187,-0.0697706
8|863|sample|3|274,3.32,752,6,3,1,79056.375,41987.6,766.652,763.091,761.954,-0.0200069,-0.0179596
8|863|sample|3|274,16.6,620,7,3,1,79056.375,16910.3,748.813,749.198,748.813,-0.233682,-0.233003
8|863|sample|3|274,83.0,590,8,3,1,79056.375,4492.38,719.733,719.963,719.733,-0.236386,-0.235978
8|863|sample|4|274,0.0010624,89205,1,4,1,79056.375,72934.7,71964.2,72027.1,72033.9,2.12665,2.12563
8|863|sample|4|274,0.005312,81925,2,4,1,79056.375,78706.8,74852.7,75206.3,75124.8,0.798609,0.809118
8|863|sample|4|274,0.02656,72696,3,4,1,79056.375,77839.8,64531.4,65669.0,65411.2,0.948803,0.987239
8|863|sample|4|274,0.1328,39789,4,4,1,79056.375,74656.0,37460.1,39917.1,39364.9,-0.0273282,0.0916041
8|863|sample|4|274,0.664,7098,5,4,1,79056.375,64555.3,6110.6,7480.33,7161.89,-0.302603,-0.0519472
8|863|sample|4|274,3.32,652,6,4,1,79056.375,41987.6,766.652,785.244,779.978,-0.239352,-0.230122
8|863|sample|4|274,16.6,586,7,4,1,79056.375,16910.3,748.813,749.198,748.814,-0.295179,-0.294505
8|863|sample|4|274,83.0,700,8,4,1,79056.375,4492.38,719.733,719.963,719.733,-0.0363109,-0.035894
8|863|vc|1|2|274,0.0,84225,1,2,1,79056.375,73015.3,73014.6,72985.9,73014.6,1.3742,1.37019
8|863|vc|2|2|274,0.0,81106,2,2,1,79056.375,79033.9,79033.9,79033.5,79033.9,0.235058,0.235013
8|863|vc|3|2|274,0.0,81311,3,2,1,79056.375,79033.9,79033.9,79033.5,79033.9,0.258308,0.258264
8|863|vc|4|2|274,0.0,81469,4,2,1,79056.375,79033.9,79033.9,79033.5,79033.9,0.276228,0.276183
8|863|vc|5|2|274,0.0,80994,5,2,1,79056.375,79033.9,79033.9,79033.5,79033.9,0.222355,0.222311
8|863|vc|6|2|274,0.0,78472,6,2,1,79056.375,79033.9,79033.9,79033.5,79033.9,-0.0636814,-0.0637246
8|863|vc|7|2|274,0.0,76847,7,2,1,79056.375,79033.9,79033.9,79033.5,79033.9,-0.247983,-0.248026
8|863|vc|8|2|274,0.0,68027,8,2,1,79056.375,73015.3,73014.6,72985.9,73014.6,-0.606326,-0.609605
8|152|cc|1|1|322,0.0,712,1,1,0,94087.625,0.0,0.0,0.0,0.0,1.50278,1.50278
8|152|cc|2|1|322,0.0,712,2,1,0,94087.625,0.0,0.0,0.0,0.0,1.50278,1.50278
8|152|cc|3|1|322,0.0,642,3,1,0,94087.625,0.0,0.0,0.0,0.0,1.35503,1.35503
8|152|cc|4|1|322,0.0,720,4,1,0,94087.625,0.0,0.0,0.0,0.0,1.51966,1.51966
8|152|cc|5|1|322,0.0,666,5,1,0,94087.625,0.0,0.0,0.0,0.0,1.40569,1.40569
8|152|cc|6|1|322,0.0,674,6,1,0,94087.625,0.0,0.0,0.0,0.0,1.42257,1.42257
8|152|cc|7|1|322,0.0,722,7,1,0,94087.625,0.0,0.0,0.0,0.0,1.52388,1.52388
8|152|cc|8|1|322,0.0,714,8,1,0,94087.625,0.0,0.0,0.0,0.0,1.507,1.507
8|152|sample|3|322,0.0010624,87858,1,3,1,94087.625,86801.9,85649.4,86088.9,86129.0,0.18502,0.180743
8|152|sample|3|322,0.005312,88455,2,3,1,94087.625,93671.0,89088.4,90947.3,90974.8,-0.247381,-0.250041
8|152|sample|3|322,0.02656,77137,3,3,1,94087.625,92637.6,76802.2,82956.3,83056.0,-0.6304,-0.640466
8|152|sample|3|322,0.1328,46188,4,3,1,94087.625,88842.5,44547.3,59115.1,59396.6,-1.92529,-1.95855
8|152|sample|3|322,0.664,17047,5,3,1,94087.625,76803.0,7151.0,18426.3,18752.3,-0.570206,-0.695081
8|152|sample|3|322,3.32,3062,6,3,1,94087.625,49903.4,770.08,1256.59,1288.16,2.97705,2.90901
8|152|sample|3|322,16.6,1382,7,3,1,94087.625,20012.5,748.813,749.446,749.103,1.14406,1.14475
8|152|sample|3|322,83.0,840,8,3,1,94087.625,5216.83,719.737,719.967,719.737,0.218324,0.218752
8|152|sample|4|322,0.0010624,92432,1,4,1,94087.625,86801.9,85649.4,86231.0,86264.7,0.647493,0.643745
8|152|sample|4|322,0.005312,90579,2,4,1,94087.625,93671.0,89088.4,91512.7,91513.7,-0.0921285,-0.0922322
8|152|sample|4|322,0.02656,76034,3,4,1,94087.625,92637.6,76802.2,84901.4,84909.6,-0.939691,-0.940477
8|152|sample|4|322,0.1328,50378,4,4,1,94087.625,88842.6,44547.3,64385.9,64426.4,-1.92661,-1.93104
8|152|sample|4|322,0.664,19217,5,4,1,94087.625,76803.0,7151.01,24764.5,24842.8,-1.79642,-1.81692
8|152|sample|4|322,3.32,3728,6,4,1,94087.625,49903.4,770.08,2074.62,2092.03,2.38653,2.35514
8|152|sample|4|322,16.6,1054,7,4,1,94087.625,20012.5,748.813,751.834,751.553,0.546256,0.546794
8|152|sample|4|322,83.0,902,8,4,1,94087.625,5216.83,719.737,719.967,719.737,0.331093,0.331526
8|152|vc|1|2|322,0.0,94260,1,2,1,94087.625,86898.0,86897.9,86863.8,86897.9,0.766948,0.763124
8|152|vc|2|2|322,0.0,95803,2,2,1,94087.625,94060.8,94060.8,94060.4,94060.8,0.167505,0.16746
8|152|vc|3|2|322,0.0,99229,3,2,1,94087.625,94060.8,94060.8,94060.4,94060.8,0.496821,0.496775
8|152|vc|4|2|322,0.0,96260,4,2,1,94087.625,94060.8,94060.8,94060.4,94060.8,0.211433,0.211388
8|152|vc|5|2|322,0.0,93357,5,2,1,94087.625,94060.8,94060.8,94060.4,94060.8,-0.067611,-0.0676545
8|152|vc|6|2|322,0.0,92328,6,2,1,94087.625,94060.8,94060.8,94060.4,94060.8,-0.166521,-0.166564
8|152|vc|7|2|322,0.0,91784,7,2,1,94087.625,94060.8,94060.8,94060.4,94060.8,-0.218812,-0.218855
8|152|vc|8|2|322,0.0,89680,8,2,1,94087.625,86898.0,86897.9,86863.8,86897.9,0.292025,0.288378
9|411|cc|1|1|274,0.0,868,1,1,0,57906.875,0.0,0.0,0.0,0.0,1.83204,1.83204
9|411|cc|2|1|274,0.0,912,2,1,0,57906.875,0.0,0.0,0.0,0.0,1.92491,1.92491
9|411|cc|3|1|274,0.0,846,3,1,0,57906.875,0.0,0.0,0.0,0.0,1.7856,1.7856
9|411|cc|4|1|274,0.0,900,4,1,0,57906.875,0.0,0.0,0.0,0.0,1.89958,1.89958
9|411|cc|5|1|274,0.0,962,5,1,0,57906.875,0.0,0.0,0.0,0.0,2.03044,2.03044
9|411|cc|6|1|274,0.0,886,6,1,0,57906.875,0.0,0.0,0.0,0.0,1.87003,1.87003
9|411|cc|7|1|274,0.0,922,7,1,0,57906.875,0.0,0.0,0.0,0.0,1.94601,1.94601
9|411|cc|8|1|274,0.0,984,8,1,0,57906.875,0.0,0.0,0.0,0.0,2.07687,2.07687
9|411|sample|10|274,0.002286236854138,53166,1,10,1,57906.875,53371.5,52054.9,53057.3,53073.3,0.0178918,0.0152602
9|411|sample|10|274,0.0068587105624142,61628,2,10,1,57906.875,57596.1,54156.0,56817.7,56805.6,0.743272,0.745292
9|411|sample|10|274,0.0205761316872428,54148,3,10,1,57906.875,57185.1,49149.7,55302.1,55273.6,-0.182849,-0.178424
9|411|sample|10|274,0.0617283950617284,54949,4,10,1,57906.875,56154.8,38779.1,51731.9,51669.5,0.542066,0.553182
9|411|sample|10|274,0.1851851851851852,46394,5,10,1,57906.875,53750.9,22031.2,44062.5,43940.1,0.454909,0.479994
9|411|sample|10|274,0.5555555555555556,30684,6,10,1,57906.875,48551.6,6259.49,30379.2,30191.3,0.0827948,0.134592
9|411|sample|10|274,1.66666666666667,13846,7,10,1,57906.875,38958.4,1043.67,13755.2,13579.8,0.0471439,0.139561
9|411|sample|10|274,5.0,3124,8,10,1,57906.875,23768.7,720.773,3224.67,3159.94,-0.123641,-0.0445208
9|411|sample|11|274,0.0457247370827617,54260,1,11,1,57906.875,52210.7,39064.0,47626.3,47542.9,1.20579,1.22291
9|411|sample|11|274,0.1371742112482853,45084,2,11,1,57906.875,54597.2,27024.8,43699.0,43478.0,0.272271,0.317168
9|411|sample|11|274,0.411522633744856,27045,3,11,1,57906.875,50338.6,9688.0,29638.2,29294.1,-0.719815,-0.630673
9|411|sample|11|274,1.23456790123457,12392,4,11,1,57906.875,42046.9,1564.23,12717.6,12402.8,-0.179277,-0.00604611
9|411|sample|11|274,3.7037037037037,3032,5,11,1,57906.875,29474.4,755.862,2830.56,2719.18,0.260728,0.411146
9|411|sample|11|274,11.1111111111111,1264,6,11,1,57906.875,16403.5,748.816,860.779,849.698,0.714097,0.735244
9|411|sample|11|274,33.3333333333333,860,7,11,1,57906.875,7514.35,748.813,751.152,750.473,0.196801,0.198055
9|411|sample|11|274,100.0,802,8,11,1,57906.875,3027.85,719.737,719.982,719.749,0.149179,0.14961
9|411|sample|12|274,0.0457247370827617,47309,1,12,1,57906.875,52210.7,39064.0,47072.2,47126.0,0.0435033,0.0335829
9|411|sample|12|274,0.1371742112482853,39899,2,12,1,57906.875,50441.1,24982.0,39231.8,39324.6,0.144557,0.124183
9|411|sample|12|274,0.411522633744856,26409,3,12,1,57906.875,46508.9,8973.82,25603.3,25742.4,0.253639,0.208884
9|411|sample|12|274,1.23456790123457,9114,4,12,1,57906.875,38852.7,1472.66,10148.0,10272.7,-0.669234,-0.743567
9|411|sample|12|274,3.7037037037037,2878,5,12,1,57906.875,27243.7,726.246,2093.15,2133.58,1.12968,1.06494
9|411|sample|12|274,11.1111111111111,968,6,12,1,57906.875,15174.6,719.739,774.69,777.683,0.34795,0.342367
9|411|sample|12|274,33.3333333333333,796,7,12,1,57906.875,6966.76,719.737,720.603,720.438,0.13712,0.137425
9|411|sample|12|274,100.0,796,8,12,1,57906.875,3027.85,719.737,719.97,719.741,0.138288,0.138711
9|411|sample|3|274,0.0457247370827617,58138,1,3,1,57906.875,52210.7,39064.0,46284.1,46263.5,2.21163,2.21636
9|411|sample|3|274,0.1371742112482853,40956,2,3,1,57906.875,54597.2,27024.8,40767.4,40691.9,0.039485,0.0553777
9|411|sample|3|274,0.411522633744856,25675,3,3,1,57906.875,50352.8,9690.66,25155.7,25056.1,0.165932,0.198443
9|411|sample|3|274,1.23456790123457,7926,4,3,1,57906.875,42058.8,1564.57,8878.34,8810.42,-0.674919,-0.629988
9|411|sample|3|274,3.7037037037037,2156,5,3,1,57906.875,29482.7,755.97,1665.99,1651.35,0.75425,0.778644
9|411|sample|3|274,11.1111111111111,986,6,3,1,57906.875,16408.0,748.922,773.117,772.107,0.383294,0.385185
9|411|sample|3|274,33.3333333333333,960,7,3,1,57906.875,7514.35,748.813,749.351,748.96,0.380993,0.381728
9|411|sample|3|274,100.0,882,8,3,1,57906.875,3027.85,719.737,719.967,719.737,0.294715,0.295147
9|411|sample|4|274,0.0457247370827617,53482,1,4,1,57906.875,52210.7,39064.0,48461.4,48516.8,0.898195,0.887349
9|411|sample|4|274,0.1371742112482853,45186,2,4,1,57906.875,54597.2,27024.8,45584.7,45673.5,-0.0754301,-0.092066
9|411|sample|4|274,0.411522633744856,36004,3,4,1,57906.875,50352.8,9690.66,32770.8,32931.5,0.822001,0.777793
9|411|sample|4|274,1.23456790123457,15537,4,4,1,57906.875,42058.8,1564.57,15897.0,16082.1,-0.1673,-0.251017
9|411|sample|4|274,3.7037037037037,4302,5,4,1,57906.875,29482.7,755.971,4176.98,4270.85,0.136671,0.0336931
9|411|sample|4|274,11.1111111111111,1258,6,4,1,57906.875,16408.0,748.922,1034.74,1049.92,0.382934,0.355916
9|411|sample|4|274,33.3333333333333,948,7,4,1,57906.875,7514.35,748.813,758.385,758.863,0.342358,0.341465
9|411|sample|4|274,100.0,850,8,4,1,57906.875,3027.85,719.737,720.111,719.901,0.236244,0.236635
9|411|sample|5|274,0.002286236854138,55169,1,5,1,57906.875,53371.5,52054.9,53033.9,53057.9,0.3516,0.347504
9|411|sample|5|274,0.0068587105624142,55989,2,5,1,57906.875,57596.1,54156.0,56756.0,56765.1,-0.118631,-0.120027
9|411|sample|5|274,0.0205761316872428,54885,3,5,1,57906.875,57185.1,49149.7,55154.4,55176.9,-0.0427944,-0.0463464
9|411|sample|5|274,0.0617283950617284,49434,4,5,1,57906.875,56154.9,38779.1,51394.3,51448.6,-0.332299,-0.341161
9|411|sample|5|274,0.1851851851851852,45208,5,5,1,57906.875,53751.0,22031.2,43370.0,43486.9,0.363807,0.339826
9|411|sample|5|274,0.5555555555555556,30556,6,5,1,57906.875,48551.6,6259.49,29269.2,29465.0,0.36108,0.304371
9|411|sample|5|274,1.66666666666667,13064,7,5,1,57906.875,38958.4,1043.67,12683.3,12878.2,0.210034,0.101357
9|411|sample|5|274,5.0,2918,8,5,1,57906.875,23768.7,720.773,2818.18,2893.29,0.12942,0.0317095
9|411|sample|6|274,0.002286236854138,62015,1,6,1,57906.875,53371.5,52054.9,53061.6,53075.6,1.47374,1.47109
9|411|sample|6|274,0.0068587105624142,61528,2,6,1,57906.875,57596.1,54156.0,56829.0,56811.6,0.725937,0.728836
9|411|sample|6|274,0.0205761316872428,61845,3,6,1,57906.875,57185.1,49149.7,55329.2,55288.1,1.03184,1.03908
9|411|sample|6|274,0.0617283950617284,54318,4,6,1,57906.875,56154.9,38779.1,51794.1,51702.6,0.424794,0.440913
9|411|sample|6|274,0.1851851851851852,48773,5,6,1,57906.875,53751.0,22031.2,44190.7,44008.0,0.891696,0.930748
9|411|sample|6|274,0.5555555555555556,29602,6,6,1,57906.875,48551.6,6259.49,30587.4,30300.9,-0.266136,-0.190304
9|411|sample|6|274,1.66666666666667,12240,7,6,1,57906.875,38958.4,1043.67,13962.0,13687.6,-0.884112,-0.754474
9|411|sample|6|274,5.0,3840,8,6,1,57906.875,23768.7,720.773,3307.34,3202.33,0.647266,0.785451
9|411|sample|7|274,0.0457247370827617,51443,1,7,1,57906.875,52210.7,39064.0,47380.1,47338.5,0.74202,0.750211
9|411|sample|7|274,0.1371742112482853,47489,2,7,1,57906.875,54597.2,27024.8,43151.9,43025.4,0.862386,0.889898
9|411|sample|7|274,0.411522633744856,28239,3,7,1,57906.875,50352.8,9690.66,28775.1,28585.6,-0.152668,-0.0992607
9|411|sample|7|274,1.23456790123457,11458,4,7,1,57906.875,42058.8,1564.57,11909.7,11746.7,-0.260933,-0.168425
9|411|sample|7|274,3.7037037037037,2676,5,7,1,57906.875,29482.7,755.971,2543.54,2491.12,0.178452,0.250934
9|411|sample|7|274,11.1111111111111,1026,6,7,1,57906.875,16408.0,748.922,833.651,828.92,0.342382,0.351117
9|411|sample|7|274,33.3333333333333,928,7,7,1,57906.875,7514.35,748.813,750.429,749.945,0.321099,0.322004
9|411|sample|7|274,100.0,848,8,7,1,57906.875,3027.85,719.737,719.975,719.744,0.232861,0.233291
9|411|sample|8|274,0.0457247370827617,49844,1,8,1,57906.875,52210.7,39064.0,47518.2,47600.4,0.423644,0.408027
9|411|sample|8|274,0.1371742112482853,46084,2,8,1,57906.875,54597.2,27024.8,43458.2,43605.7,0.518787,0.488129
9|411|sample|8|274,0.411522633744856,29492,3,8,1,57906.875,50352.8,9690.66,29261.1,29506.7,0.0648099,-0.00408485
9|411|sample|8|274,1.23456790123457,12168,4,8,1,57906.875,42058.8,1564.57,12358.2,12598.1,-0.106975,-0.238473
9|411|sample|8|274,3.7037037037037,3114,5,8,1,57906.875,29482.7,755.971,2699.78,2789.21,0.545886,0.422777
9|411|sample|8|274,11.1111111111111,1024,6,8,1,57906.875,16408.0,748.922,848.015,856.622,0.312412,0.296653
9|411|sample|8|274,33.3333333333333,882,7,8,1,57906.875,7514.35,748.813,750.794,750.661,0.237242,0.237489
9|411|sample|8|274,100.0,778,8,8,1,57906.875,3027.85,719.737,719.978,719.751,0.105534,0.105952
9|411|sample|9|274,0.002286236854138,52761,1,9,1,57906.875,53371.5,52054.9,53021.4,53034.8,-0.0428918,-0.0450854
9|411|sample|9|274,0.0068587105624142,58591,2,9,1,57906.875,57596.1,54156.0,56722.9,56704.0,0.289106,0.29211
9|411|sample|9|274,0.0205761316872428,53528,3,9,1,57906.875,57185.1,49149.7,55075.3,55031.0,-0.246069,-0.239203
9|411|sample|9|274,0.0617283950617284,55935,4,9,1,57906.875,56154.9,38779.1,51213.8,51116.1,0.802888,0.820946
9|411|sample|9|274,0.1851851851851852,49128,5,9,1,57906.875,53751.0,22031.2,43002.4,42810.6,1.22185,1.26522
9|411|sample|9|274,0.5555555555555556,28450,6,9,1,57906.875,48551.6,6259.49,28690.0,28400.7,-0.0685246,0.0142125
9|411|sample|9|274,1.66666666666667,10662,7,9,1,57906.875,38958.4,1043.67,12144.2,11889.3,-0.844161,-0.70988
9|411|sample|9|274,5.0,3030,8,9,1,57906.875,23768.7,720.773,2627.71,2544.34,0.535542,0.654196
9|411|vc|1|2|274,0.0,57888,1,2,1,57906.875,53482.0,53482.0,53461.0,53482.0,0.723675,0.71998
9|411|vc|2|2|274,0.0,57026,2,2,1,57906.875,57890.4,57890.4,57890.1,57890.4,-0.131223,-0.131265
9|411|vc|3|2|274,0.0,62361,3,2,1,57906.875,57890.4,57890.4,57890.1,57890.4,0.678948,0.678902
9|411|vc|4|2|274,0.0,58423,4,2,1,57906.875,57890.4,57890.4,57890.1,57890.4,0.0809247,0.0808817
9|411|vc|5|2|274,0.0,61789,5,2,1,57906.875,57890.4,57890.4,57890.1,57890.4,0.592084,0.592039
9|411|vc|6|2|274,0.0,57424,6,2,1,57906.875,57890.4,57890.4,57890.1,57890.4,-0.0707832,-0.0708255
9|411|vc|7|2|274,0.0,54022,7,2,1,57906.875,57890.4,57890.4,57890.1,57890.4,-0.58741,-0.58745
9|411|vc|8|2|274,0.0,54322,8,2,1,57906.875,53482.0,53482.0,53461.0,53482.0,0.140753,0.137269
