id,U_SAEM,L_SAEM,h_SAEM,f_SAEM,alpha_SAEM,k_SAEM,U_mode,L_mode,h_mode,f_mode,alpha_mode,k_mode,goes_down,mab_virus,run_id
9|411|9|411|sample|4|274|4|274|70.0,1.00031,795.205,-8.81575,0.110207,7.81181e-10,0.615187,1.00031,795.205,-1.47903,0.110207,7.92797e-10,0.614144,True,70.0|274,411
9|411|9|411|sample|3|274|3|274|70.0,1.00031,795.205,-9.43825,0.110207,7.81181e-10,0.615187,1.00031,795.205,-2.47068,0.110207,7.92797e-10,0.614144,True,70.0|274,411
9|411|9|411|sample|5|274|5|274|70.0,1.00031,795.205,-8.4683,0.110207,7.81181e-10,0.615187,1.00031,795.205,-1.49756,0.110207,7.92797e-10,0.614144,True,70.0|274,411
9|411|9|411|sample|6|274|6|274|70.0,1.00031,795.205,-9.02434,0.110207,7.81181e-10,0.615187,1.00031,795.205,-1.62764,0.110207,7.92797e-10,0.614144,True,70.0|274,411
9|411|9|411|sample|8|274|8|274|70.0,1.00031,795.205,-9.60965,0.110207,7.81181e-10,0.615187,1.00031,795.205,-1.75215,0.110207,7.92797e-10,0.614144,True,70.0|274,411
9|411|9|411|sample|7|274|7|274|70.0,1.00031,795.205,-9.17655,0.110207,7.81181e-10,0.615187,1.00031,795.205,-1.83923,0.110207,7.92797e-10,0.614144,True,70.0|274,411
9|411|9|411|sample|9|274|9|274|70.0,1.00031,795.205,-8.26443,0.110207,7.81181e-10,0.615187,1.00031,795.205,-1.5697,0.110207,7.92797e-10,0.614144,True,70.0|274,411
9|411|9|411|sample|10|274|10|274|70.0,1.00031,795.205,-9.73826,0.110207,7.81181e-10,0.615187,1.00031,795.205,-1.5684,0.110207,7.92797e-10,0.614144,True,70.0|274,411
9|411|9|411|sample|12|274|12|274|70.0,1.00031,795.205,-8.51609,0.110207,7.81181e-10,0.615187,1.00031,795.205,-2.03161,0.110207,7.92797e-10,0.614144,True,70.0|274,411
9|411|9|411|sample|11|274|11|274|70.0,1.00031,795.205,-8.17281,0.110207,7.81181e-10,0.615187,1.00031,795.205,-2.06057,0.110207,7.92797e-10,0.614144,True,70.0|274,411
9|411|9|411|cc|1|1|274|1|274|69.0,1.00031,789.317,1.45005,33.9129,7.81181e-10,0.615187,1.00031,789.317,-4.91918e-07,33.9129,7.92797e-10,0.614144,False,69.0|274,411
9|411|9|411|cc|2|1|274|1|274|69.0,1.00031,789.317,-1.06071,33.9129,7.81181e-10,0.615187,1.00031,789.317,-1.12042e-05,33.9129,7.92797e-10,0.614144,False,69.0|274,411
9|411|9|411|cc|3|1|274|1|274|69.0,1.00031,789.317,-1.11979,33.9129,7.81181e-10,0.615187,1.00031,789.317,1.89591e-07,33.9129,7.92797e-10,0.614144,False,69.0|274,411
9|411|9|411|cc|4|1|274|1|274|69.0,1.00031,789.317,0.639852,33.9129,7.81181e-10,0.615187,1.00031,789.317,-1.81762e-07,33.9129,7.92797e-10,0.614144,False,69.0|274,411
9|411|9|411|cc|5|1|274|1|274|69.0,1.00031,789.317,0.518773,33.9129,7.81181e-10,0.615187,1.00031,789.317,2.37569e-06,33.9129,7.92797e-10,0.614144,False,69.0|274,411
9|411|9|411|cc|6|1|274|1|274|69.0,1.00031,789.317,1.87386,33.9129,7.81181e-10,0.615187,1.00031,789.317,6.25165e-06,33.9129,7.92797e-10,0.614144,False,69.0|274,411
9|411|9|411|cc|7|1|274|1|274|69.0,1.00031,789.317,1.32372,33.9129,7.81181e-10,0.615187,1.00031,789.317,7.48976e-07,33.9129,7.92797e-10,0.614144,False,69.0|274,411
9|411|9|411|cc|8|1|274|1|274|69.0,1.00031,789.317,-0.194456,33.9129,7.81181e-10,0.615187,1.00031,789.317,-3.96543e-07,33.9129,7.92797e-10,0.614144,False,69.0|274,411
9|411|9|411|vc|1|2|274|2|274|69.0,1.00031,789.317,1.83544,33.9129,7.81181e-10,0.615187,1.00031,789.317,-1.38646e-05,33.9129,7.92797e-10,0.614144,False,69.0|274,411
9|411|9|411|vc|2|2|274|2|274|69.0,1.00031,789.317,-1.41588,33.9129,7.81181e-10,0.615187,1.00031,789.317,5.79344e-06,33.9129,7.92797e-10,0.614144,False,69.0|274,411
9|411|9|411|vc|3|2|274|2|274|69.0,1.00031,789.317,0.534508,33.9129,7.81181e-10,0.615187,1.00031,789.317,1.07067e-05,33.9129,7.92797e-10,0.614144,False,69.0|274,411
9|411|9|411|vc|4|2|274|2|274|69.0,1.00031,789.317,-1.73467,33.9129,7.81181e-10,0.615187,1.00031,789.317,-4.10198e-07,33.9129,7.92797e-10,0.614144,False,69.0|274,411
9|411|9|411|vc|5|2|274|2|274|69.0,1.00031,789.317,-0.0135784,33.9129,7.81181e-10,0.615187,1.00031,789.317,-0.0139058,33.9129,7.92797e-10,0.614144,False,69.0|274,411
9|411|9|411|vc|6|2|274|2|274|69.0,1.00031,789.317,0.203466,33.9129,7.81181e-10,0.615187,1.00031,789.317,-1.21639e-05,33.9129,7.92797e-10,0.614144,False,69.0|274,411
9|411|9|411|vc|7|2|274|2|274|69.0,1.00031,789.317,0.568454,33.9129,7.81181e-10,0.615187,1.00031,789.317,-3.70148e-07,33.9129,7.92797e-10,0.614144,False,69.0|274,411
9|411|9|411|vc|8|2|274|2|274|69.0,1.00031,789.317,-1.62713,33.9129,7.81181e-10,0.615187,1.00031,789.317,6.32484e-06,33.9129,7.92797e-10,0.614144,False,69.0|274,411
14|783|14|783|sample|3|71|3|71|6.0,1.00011,793.181,-7.70427,0.0445185,7.81555e-10,0.615242,1.00012,793.181,-0.254736,0.0445185,7.93179e-10,0.614199,True,6.0|71,783
14|783|14|783|sample|4|71|4|71|6.0,1.00011,793.181,-7.27022,0.0445185,7.81555e-10,0.615242,1.00012,793.181,-0.289365,0.0445185,7.93179e-10,0.614199,True,6.0|71,783
14|783|14|783|sample|5|71|5|71|6.0,1.00011,793.181,-8.67324,0.0445185,7.81555e-10,0.615242,1.00012,793.181,-0.497017,0.0445185,7.93179e-10,0.614199,True,6.0|71,783
14|783|14|783|sample|6|71|6|71|6.0,1.00011,793.181,-8.57176,0.0445185,7.81555e-10,0.615242,1.00012,793.181,-0.586214,0.0445185,7.93179e-10,0.614199,True,6.0|71,783
14|783|14|783|sample|7|71|7|71|6.0,1.00011,793.181,-10.7401,0.0445185,7.81555e-10,0.615242,1.00012,793.181,-2.68998,0.0445185,7.93179e-10,0.614199,True,6.0|71,783
14|783|14|783|sample|8|71|8|71|6.0,1.00011,793.181,-10.2562,0.0445185,7.81555e-10,0.615242,1.00012,793.181,-2.69283,0.0445185,7.93179e-10,0.614199,True,6.0|71,783
14|783|14|783|sample|10|71|10|71|6.0,1.00011,793.181,-9.69722,0.0445185,7.81555e-10,0.615242,1.00012,793.181,-0.297839,0.0445185,7.93179e-10,0.614199,True,6.0|71,783
14|783|14|783|sample|9|71|9|71|6.0,1.00011,793.181,-7.13772,0.0445185,7.81555e-10,0.615242,1.00012,793.181,-0.271898,0.0445185,7.93179e-10,0.614199,True,6.0|71,783
14|783|14|783|sample|12|71|12|71|6.0,1.00011,793.181,-8.50578,0.0445185,7.81555e-10,0.615242,1.00012,793.181,-2.4201,0.0445185,7.93179e-10,0.614199,True,6.0|71,783
14|783|14|783|sample|11|71|11|71|6.0,1.00011,793.181,-9.30368,0.0445185,7.81555e-10,0.615242,1.00012,793.181,-2.46226,0.0445185,7.93179e-10,0.614199,True,6.0|71,783
14|783|14|783|cc|1|1|71|1|71|69.0,1.00011,789.718,2.86724,15.8504,7.81555e-10,0.615242,1.00012,789.718,3.16358e-07,15.8504,7.93179e-10,0.614199,False,69.0|71,783
14|783|14|783|cc|2|1|71|1|71|69.0,1.00011,789.718,-0.117817,15.8504,7.81555e-10,0.615242,1.00012,789.718,3.68947e-06,15.8504,7.93179e-10,0.614199,False,69.0|71,783
14|783|14|783|cc|3|1|71|1|71|69.0,1.00011,789.718,-0.79863,15.8504,7.81555e-10,0.615242,1.00012,789.718,-5.49372e-07,15.8504,7.93179e-10,0.614199,False,69.0|71,783
14|783|14|783|cc|4|1|71|1|71|69.0,1.00011,789.718,0.411247,15.8504,7.81555e-10,0.615242,1.00012,789.718,7.59947e-06,15.8504,7.93179e-10,0.614199,False,69.0|71,783
14|783|14|783|cc|5|1|71|1|71|69.0,1.00011,789.718,0.946523,15.8504,7.81555e-10,0.615242,1.00012,789.718,1.75283e-05,15.8504,7.93179e-10,0.614199,False,69.0|71,783
14|783|14|783|cc|6|1|71|1|71|69.0,1.00011,789.718,-0.939703,15.8504,7.81555e-10,0.615242,1.00012,789.718,1.87514e-05,15.8504,7.93179e-10,0.614199,False,69.0|71,783
14|783|14|783|cc|7|1|71|1|71|69.0,1.00011,789.718,-0.259775,15.8504,7.81555e-10,0.615242,1.00012,789.718,2.14723e-06,15.8504,7.93179e-10,0.614199,False,69.0|71,783
14|783|14|783|cc|8|1|71|1|71|69.0,1.00011,789.718,0.318482,15.8504,7.81555e-10,0.615242,1.00012,789.718,6.94897e-08,15.8504,7.93179e-10,0.614199,False,69.0|71,783
14|783|14|783|vc|1|2|71|2|71|69.0,1.00011,789.718,-0.329612,15.8504,7.81555e-10,0.615242,1.00012,789.718,-8.08019e-06,15.8504,7.93179e-10,0.614199,False,69.0|71,783
14|783|14|783|vc|2|2|71|2|71|69.0,1.00011,789.718,-0.522366,15.8504,7.81555e-10,0.615242,1.00012,789.718,6.51828e-06,15.8504,7.93179e-10,0.614199,False,69.0|71,783
14|783|14|783|vc|3|2|71|2|71|69.0,1.00011,789.718,0.319672,15.8504,7.81555e-10,0.615242,1.00012,789.718,5.08244e-07,15.8504,7.93179e-10,0.614199,False,69.0|71,783
14|783|14|783|vc|4|2|71|2|71|69.0,1.00011,789.718,0.74719,15.8504,7.81555e-10,0.615242,1.00012,789.718,7.88716e-06,15.8504,7.93179e-10,0.614199,False,69.0|71,783
14|783|14|783|vc|5|2|71|2|71|69.0,1.00011,789.718,-0.592256,15.8504,7.81555e-10,0.615242,1.00012,789.718,2.9518e-06,15.8504,7.93179e-10,0.614199,False,69.0|71,783
14|783|14|783|vc|6|2|71|2|71|69.0,1.00011,789.718,0.692077,15.8504,7.81555e-10,0.615242,1.00012,789.718,-4.32446e-06,15.8504,7.93179e-10,0.614199,False,69.0|71,783
14|783|14|783|vc|7|2|71|2|71|69.0,1.00011,789.718,0.444969,15.8504,7.81555e-10,0.615242,1.00012,789.718,6.29011e-06,15.8504,7.93179e-10,0.614199,False,69.0|71,783
14|783|14|783|vc|8|2|71|2|71|69.0,1.00011,789.718,-0.66427,15.8504,7.81555e-10,0.615242,1.00012,789.718,6.90686e-07,15.8504,7.93179e-10,0.614199,False,69.0|71,783
14|491|14|491|sample|10|99|10|99|6.0,1.00001,794.95,-9.64685,0.0159646,7.82855e-10,0.615124,1.00001,794.95,-4.3328,0.0159646,7.94512e-10,0.614082,True,6.0|99,491
14|491|14|491|sample|9|99|9|99|6.0,1.00001,794.95,-9.85617,0.0159646,7.82855e-10,0.615124,1.00001,794.95,-4.33527,0.0159646,7.94512e-10,0.614082,True,6.0|99,491
14|491|14|491|sample|12|99|12|99|6.0,1.00001,794.95,-10.8147,0.0159646,7.82855e-10,0.615124,1.00001,794.95,-3.4911,0.0159646,7.94512e-10,0.614082,True,6.0|99,491
14|491|14|491|sample|11|99|11|99|6.0,1.00001,794.95,-10.4098,0.0159646,7.82855e-10,0.615124,1.00001,794.95,-3.00034,0.0159646,7.94512e-10,0.614082,True,6.0|99,491
14|491|14|491|sample|4|99|4|99|44.0,1.00001,799.365,-8.41797,0.0216836,7.82855e-10,0.615124,1.00001,799.365,-2.01549,0.0216836,7.94512e-10,0.614082,True,44.0|99,491
14|491|14|491|sample|3|99|3|99|44.0,1.00001,799.365,-8.33506,0.0216836,7.82855e-10,0.615124,1.00001,799.365,-1.86875,0.0216836,7.94512e-10,0.614082,True,44.0|99,491
14|491|14|491|sample|6|99|6|99|44.0,1.00001,799.365,-8.57901,0.0216836,7.82855e-10,0.615124,1.00001,799.365,-2.09288,0.0216836,7.94512e-10,0.614082,True,44.0|99,491
14|491|14|491|sample|5|99|5|99|44.0,1.00001,799.365,-8.08077,0.0216836,7.82855e-10,0.615124,1.00001,799.365,-2.15416,0.0216836,7.94512e-10,0.614082,True,44.0|99,491
14|491|14|491|sample|7|99|7|99|63.0,1.00001,796.34,9.22193,98.9964,7.82855e-10,0.615124,1.00001,796.34,1.64788,98.9964,7.94512e-10,0.614082,True,63.0|99,491
14|491|14|491|sample|8|99|8|99|63.0,1.00001,796.34,5.99685,98.9964,7.82855e-10,0.615124,1.00001,796.34,1.64787,98.9964,7.94512e-10,0.614082,True,63.0|99,491
14|491|14|491|cc|1|1|99|1|99|69.0,1.00001,787.392,-0.113872,7.15619,7.82855e-10,0.615124,1.00001,787.392,-4.25828e-07,7.15619,7.94512e-10,0.614082,False,69.0|99,491
14|491|14|491|cc|2|1|99|1|99|69.0,1.00001,787.392,1.23478,7.15619,7.82855e-10,0.615124,1.00001,787.392,-1.04968e-06,7.15619,7.94512e-10,0.614082,False,69.0|99,491
14|491|14|491|cc|3|1|99|1|99|69.0,1.00001,787.392,-1.36261,7.15619,7.82855e-10,0.615124,1.00001,787.392,4.60358e-07,7.15619,7.94512e-10,0.614082,False,69.0|99,491
14|491|14|491|cc|4|1|99|1|99|69.0,1.00001,787.392,0.819229,7.15619,7.82855e-10,0.615124,1.00001,787.392,4.3393e-07,7.15619,7.94512e-10,0.614082,False,69.0|99,491
14|491|14|491|cc|5|1|99|1|99|69.0,1.00001,787.392,0.151375,7.15619,7.82855e-10,0.615124,1.00001,787.392,-5.94223e-07,7.15619,7.94512e-10,0.614082,False,69.0|99,491
14|491|14|491|cc|6|1|99|1|99|69.0,1.00001,787.392,-0.211906,7.15619,7.82855e-10,0.615124,1.00001,787.392,-8.73839e-07,7.15619,7.94512e-10,0.614082,False,69.0|99,491
14|491|14|491|cc|7|1|99|1|99|69.0,1.00001,787.392,-1.14704,7.15619,7.82855e-10,0.615124,1.00001,787.392,2.01989e-07,7.15619,7.94512e-10,0.614082,False,69.0|99,491
14|491|14|491|cc|8|1|99|1|99|69.0,1.00001,787.392,1.02811,7.15619,7.82855e-10,0.615124,1.00001,787.392,4.12923e-07,7.15619,7.94512e-10,0.614082,False,69.0|99,491
14|491|14|491|vc|1|2|99|2|99|69.0,1.00001,787.392,1.17208,7.15619,7.82855e-10,0.615124,1.00001,787.392,4.59033e-07,7.15619,7.94512e-10,0.614082,False,69.0|99,491
14|491|14|491|vc|2|2|99|2|99|69.0,1.00001,787.392,-0.410305,7.15619,7.82855e-10,0.615124,1.00001,787.392,1.02436e-07,7.15619,7.94512e-10,0.614082,False,69.0|99,491
14|491|14|491|vc|3|2|99|2|99|69.0,1.00001,787.392,-0.0409965,7.15619,7.82855e-10,0.615124,1.00001,787.392,-0.0417018,7.15619,7.94512e-10,0.614082,False,69.0|99,491
14|491|14|491|vc|4|2|99|2|99|69.0,1.00001,787.392,-0.212148,7.15619,7.82855e-10,0.615124,1.00001,787.392,1.791e-07,7.15619,7.94512e-10,0.614082,False,69.0|99,491
14|491|14|491|vc|5|2|99|2|99|69.0,1.00001,787.392,0.503777,7.15619,7.82855e-10,0.615124,1.00001,787.392,3.81752e-07,7.15619,7.94512e-10,0.614082,False,69.0|99,491
14|491|14|491|vc|6|2|99|2|99|69.0,1.00001,787.392,-0.54447,7.15619,7.82855e-10,0.615124,1.00001,787.392,-4.37519e-07,7.15619,7.94512e-10,0.614082,False,69.0|99,491
14|491|14|491|vc|7|2|99|2|99|69.0,1.00001,787.392,-0.139319,7.15619,7.82855e-10,0.615124,1.00001,787.392,9.90087e-07,7.15619,7.94512e-10,0.614082,False,69.0|99,491
14|491|14|491|vc|8|2|99|2|99|69.0,1.00001,787.392,-1.3165,7.15619,7.82855e-10,0.615124,1.00001,787.392,-6.65948e-07,7.15619,7.94512e-10,0.614082,False,69.0|99,491
14|433|14|433|sample|4|99|4|99|6.0,1.00091,794.95,-7.18656,0.0159646,7.81228e-10,0.615159,1.00091,794.95,-2.11081,0.0159646,7.92848e-10,0.614116,True,6.0|99,433
14|433|14|433|sample|3|99|3|99|6.0,1.00091,794.95,-9.73644,0.0159646,7.81228e-10,0.615159,1.00091,794.95,-2.42895,0.0159646,7.92848e-10,0.614116,True,6.0|99,433
14|433|14|433|sample|6|99|6|99|6.0,1.00091,794.95,-8.60063,0.0159646,7.81228e-10,0.615159,1.00091,794.95,-0.739498,0.0159646,7.92848e-10,0.614116,True,6.0|99,433
14|433|14|433|sample|5|99|5|99|6.0,1.00091,794.95,-9.08397,0.0159646,7.81228e-10,0.615159,1.00091,794.95,-0.612356,0.0159646,7.92848e-10,0.614116,True,6.0|99,433
14|433|14|433|sample|8|99|8|99|6.0,1.00091,794.95,-11.0067,0.0159646,7.81228e-10,0.615159,1.00091,794.95,-2.65475,0.0159646,7.92848e-10,0.614116,True,6.0|99,433
14|433|14|433|sample|7|99|7|99|6.0,1.00091,794.95,-9.87243,0.0159646,7.81228e-10,0.615159,1.00091,794.95,-2.73805,0.0159646,7.92848e-10,0.614116,True,6.0|99,433
14|433|14|433|sample|10|99|10|99|6.0,1.00091,794.95,-9.08625,0.0159646,7.81228e-10,0.615159,1.00091,794.95,-1.66519,0.0159646,7.92848e-10,0.614116,True,6.0|99,433
14|433|14|433|sample|9|99|9|99|6.0,1.00091,794.95,-9.78086,0.0159646,7.81228e-10,0.615159,1.00091,794.95,-1.60238,0.0159646,7.92848e-10,0.614116,True,6.0|99,433
14|433|14|433|sample|11|99|11|99|6.0,1.00091,794.95,-8.42142,0.0159646,7.81228e-10,0.615159,1.00091,794.95,-0.796078,0.0159646,7.92848e-10,0.614116,True,6.0|99,433
14|433|14|433|sample|12|99|12|99|6.0,1.00091,794.95,-9.56769,0.0159646,7.81228e-10,0.615159,1.00091,794.95,-1.1436,0.0159646,7.92848e-10,0.614116,True,6.0|99,433
14|433|14|433|cc|1|1|99|1|99|69.0,1.00091,787.392,-1.89821,7.15619,7.81228e-10,0.615159,1.00091,787.392,2.7623e-07,7.15619,7.92848e-10,0.614116,False,69.0|99,433
14|433|14|433|cc|2|1|99|1|99|69.0,1.00091,787.392,2.15769,7.15619,7.81228e-10,0.615159,1.00091,787.392,6.00129e-07,7.15619,7.92848e-10,0.614116,False,69.0|99,433
14|433|14|433|cc|3|1|99|1|99|69.0,1.00091,787.392,-1.71594,7.15619,7.81228e-10,0.615159,1.00091,787.392,6.60164e-07,7.15619,7.92848e-10,0.614116,False,69.0|99,433
14|433|14|433|cc|4|1|99|1|99|69.0,1.00091,787.392,1.35407,7.15619,7.81228e-10,0.615159,1.00091,787.392,-2.18361e-07,7.15619,7.92848e-10,0.614116,False,69.0|99,433
14|433|14|433|cc|5|1|99|1|99|69.0,1.00091,787.392,0.585162,7.15619,7.81228e-10,0.615159,1.00091,787.392,4.04601e-07,7.15619,7.92848e-10,0.614116,False,69.0|99,433
14|433|14|433|cc|6|1|99|1|99|69.0,1.00091,787.392,0.381237,7.15619,7.81228e-10,0.615159,1.00091,787.392,-4.51614e-07,7.15619,7.92848e-10,0.614116,False,69.0|99,433
14|433|14|433|cc|7|1|99|1|99|69.0,1.00091,787.392,0.277542,7.15619,7.81228e-10,0.615159,1.00091,787.392,-3.4967e-07,7.15619,7.92848e-10,0.614116,False,69.0|99,433
14|433|14|433|cc|8|1|99|1|99|69.0,1.00091,787.392,1.14529,7.15619,7.81228e-10,0.615159,1.00091,787.392,3.04355e-07,7.15619,7.92848e-10,0.614116,False,69.0|99,433
14|433|14|433|vc|1|2|99|2|99|69.0,1.00091,787.392,1.04262,7.15619,7.81228e-10,0.615159,1.00091,787.392,6.81165e-07,7.15619,7.92848e-10,0.614116,False,69.0|99,433
14|433|14|433|vc|2|2|99|2|99|69.0,1.00091,787.392,0.525812,7.15619,7.81228e-10,0.615159,1.00091,787.392,-4.35267e-07,7.15619,7.92848e-10,0.614116,False,69.0|99,433
14|433|14|433|vc|3|2|99|2|99|69.0,1.00091,787.392,1.29539,7.15619,7.81228e-10,0.615159,1.00091,787.392,1.10359e-07,7.15619,7.92848e-10,0.614116,False,69.0|99,433
14|433|14|433|vc|4|2|99|2|99|69.0,1.00091,787.392,-0.0904266,7.15619,7.81228e-10,0.615159,1.00091,787.392,2.33015e-07,7.15619,7.92848e-10,0.614116,False,69.0|99,433
14|433|14|433|vc|5|2|99|2|99|69.0,1.00091,787.392,1.25526,7.15619,7.81228e-10,0.615159,1.00091,787.392,-1.08802e-07,7.15619,7.92848e-10,0.614116,False,69.0|99,433
14|433|14|433|vc|6|2|99|2|99|69.0,1.00091,787.392,0.767757,7.15619,7.81228e-10,0.615159,1.00091,787.392,1.84139e-07,7.15619,7.92848e-10,0.614116,False,69.0|99,433
14|433|14|433|vc|7|2|99|2|99|69.0,1.00091,787.392,0.350413,7.15619,7.81228e-10,0.615159,1.00091,787.392,-8.91861e-08,7.15619,7.92848e-10,0.614116,False,69.0|99,433
14|433|14|433|vc|8|2|99|2|99|69.0,1.00091,787.392,-0.558585,7.15619,7.81228e-10,0.615159,1.00091,787.392,1.43576e-07,7.15619,7.92848e-10,0.614116,False,69.0|99,433
14|297|14|297|sample|3|71|3|71|6.0,1.00047,793.181,-8.31989,0.0445185,7.81557e-10,0.615202,1.00047,793.181,-1.9195,0.0445185,7.93181e-10,0.614159,True,6.0|71,297
14|297|14|297|sample|4|71|4|71|6.0,1.00047,793.181,-8.69968,0.0445185,7.81557e-10,0.615202,1.00047,793.181,-1.92701,0.0445185,7.93181e-10,0.614159,True,6.0|71,297
14|297|14|297|sample|5|71|5|71|6.0,1.00047,793.181,-11.1001,0.0445185,7.81557e-10,0.615202,1.00047,793.181,-3.42504,0.0445185,7.93181e-10,0.614159,True,6.0|71,297
14|297|14|297|sample|6|71|6|71|6.0,1.00047,793.181,-9.33092,0.0445185,7.81557e-10,0.615202,1.00047,793.181,-3.31789,0.0445185,7.93181e-10,0.614159,True,6.0|71,297
14|297|14|297|sample|8|71|8|71|6.0,1.00047,793.181,-10.0694,0.0445185,7.81557e-10,0.615202,1.00047,793.181,-2.56962,0.0445185,7.93181e-10,0.614159,True,6.0|71,297
14|297|14|297|sample|7|71|7|71|6.0,1.00047,793.181,-9.36865,0.0445185,7.81557e-10,0.615202,1.00047,793.181,-2.60436,0.0445185,7.93181e-10,0.614159,True,6.0|71,297
14|297|14|297|sample|9|71|9|71|6.0,1.00047,793.181,-10.302,0.0445185,7.81557e-10,0.615202,1.00047,793.181,-2.98408,0.0445185,7.93181e-10,0.614159,True,6.0|71,297
14|297|14|297|sample|10|71|10|71|6.0,1.00047,793.181,-10.3872,0.0445185,7.81557e-10,0.615202,1.00047,793.181,-3.12919,0.0445185,7.93181e-10,0.614159,True,6.0|71,297
14|297|14|297|sample|12|71|12|71|6.0,1.00047,793.181,-7.21683,0.0445185,7.81557e-10,0.615202,1.00047,793.181,-0.887124,0.0445185,7.93181e-10,0.614159,True,6.0|71,297
14|297|14|297|sample|11|71|11|71|6.0,1.00047,793.181,-7.42153,0.0445185,7.81557e-10,0.615202,1.00047,793.181,-0.68797,0.0445185,7.93181e-10,0.614159,True,6.0|71,297
14|297|14|297|cc|1|1|71|1|71|69.0,1.00047,789.718,0.132999,15.8504,7.81557e-10,0.615202,1.00047,789.718,-3.13479e-06,15.8504,7.93181e-10,0.614159,False,69.0|71,297
14|297|14|297|cc|2|1|71|1|71|69.0,1.00047,789.718,1.01378,15.8504,7.81557e-10,0.615202,1.00047,789.718,-2.91903e-05,15.8504,7.93181e-10,0.614159,False,69.0|71,297
14|297|14|297|cc|3|1|71|1|71|69.0,1.00047,789.718,0.235204,15.8504,7.81557e-10,0.615202,1.00047,789.718,6.27985e-06,15.8504,7.93181e-10,0.614159,False,69.0|71,297
14|297|14|297|cc|4|1|71|1|71|69.0,1.00047,789.718,1.12014,15.8504,7.81557e-10,0.615202,1.00047,789.718,-1.16021e-05,15.8504,7.93181e-10,0.614159,False,69.0|71,297
14|297|14|297|cc|5|1|71|1|71|69.0,1.00047,789.718,-0.0685156,15.8504,7.81557e-10,0.615202,1.00047,789.718,7.39547e-06,15.8504,7.93181e-10,0.614159,False,69.0|71,297
14|297|14|297|cc|6|1|71|1|71|69.0,1.00047,789.718,1.21086,15.8504,7.81557e-10,0.615202,1.00047,789.718,-9.62294e-06,15.8504,7.93181e-10,0.614159,False,69.0|71,297
14|297|14|297|cc|7|1|71|1|71|69.0,1.00047,789.718,0.924033,15.8504,7.81557e-10,0.615202,1.00047,789.718,-2.23064e-05,15.8504,7.93181e-10,0.614159,False,69.0|71,297
14|297|14|297|cc|8|1|71|1|71|69.0,1.00047,789.718,-1.64427,15.8504,7.81557e-10,0.615202,1.00047,789.718,6.85886e-06,15.8504,7.93181e-10,0.614159,False,69.0|71,297
14|297|14|297|vc|1|2|71|2|71|69.0,1.00047,789.718,1.03495,15.8504,7.81557e-10,0.615202,1.00047,789.718,3.44481e-06,15.8504,7.93181e-10,0.614159,False,69.0|71,297
14|297|14|297|vc|2|2|71|2|71|69.0,1.00047,789.718,-0.351561,15.8504,7.81557e-10,0.615202,1.00047,789.718,1.29687e-05,15.8504,7.93181e-10,0.614159,False,69.0|71,297
14|297|14|297|vc|3|2|71|2|71|69.0,1.00047,789.718,-0.148571,15.8504,7.81557e-10,0.615202,1.00047,789.718,-9.2892e-06,15.8504,7.93181e-10,0.614159,False,69.0|71,297
14|297|14|297|vc|4|2|71|2|71|69.0,1.00047,789.718,-1.74378,15.8504,7.81557e-10,0.615202,1.00047,789.718,-9.14165e-06,15.8504,7.93181e-10,0.614159,False,69.0|71,297
14|297|14|297|vc|5|2|71|2|71|69.0,1.00047,789.718,-0.655277,15.8504,7.81557e-10,0.615202,1.00047,789.718,4.92472e-06,15.8504,7.93181e-10,0.614159,False,69.0|71,297
14|297|14|297|vc|6|2|71|2|71|69.0,1.00047,789.718,-0.203946,15.8504,7.81557e-10,0.615202,1.00047,789.718,-1.70907e-06,15.8504,7.93181e-10,0.614159,False,69.0|71,297
14|297|14|297|vc|7|2|71|2|71|69.0,1.00047,789.718,-0.770014,15.8504,7.81557e-10,0.615202,1.00047,789.718,3.50574e-06,15.8504,7.93181e-10,0.614159,False,69.0|71,297
14|297|14|297|vc|8|2|71|2|71|69.0,1.00047,789.718,1.97532,15.8504,7.81557e-10,0.615202,1.00047,789.718,-2.59902e-06,15.8504,7.93181e-10,0.614159,False,69.0|71,297
14|183|14|183|sample|4|233|4|233|6.0,1,792.45,8.67063,2.26052e+06,7.81503e-10,0.615155,1,792.45,0.714314,2.26052e+06,7.93126e-10,0.614112,True,6.0|233,183
14|183|14|183|sample|3|233|3|233|6.0,1,792.45,8.94054,2.26052e+06,7.81503e-10,0.615155,1,792.45,0.714331,2.26052e+06,7.93126e-10,0.614112,True,6.0|233,183
14|183|14|183|sample|6|233|6|233|6.0,1,792.45,8.82805,2.26052e+06,7.81503e-10,0.615155,1,792.45,0.714534,2.26052e+06,7.93126e-10,0.614112,True,6.0|233,183
14|183|14|183|sample|5|233|5|233|6.0,1,792.45,9.41908,2.26052e+06,7.81503e-10,0.615155,1,792.45,0.714538,2.26052e+06,7.93126e-10,0.614112,True,6.0|233,183
14|183|14|183|sample|7|233|7|233|6.0,1,792.45,9.72415,2.26052e+06,7.81503e-10,0.615155,1,792.45,0.714185,2.26052e+06,7.93126e-10,0.614112,True,6.0|233,183
14|183|14|183|sample|8|233|8|233|6.0,1,792.45,7.10219,2.26052e+06,7.81503e-10,0.615155,1,792.45,0.714178,2.26052e+06,7.93126e-10,0.614112,True,6.0|233,183
14|183|14|183|sample|10|233|10|233|6.0,1,792.45,10.4087,2.26052e+06,7.81503e-10,0.615155,1,792.45,0.714641,2.26052e+06,7.93126e-10,0.614112,True,6.0|233,183
14|183|14|183|sample|9|233|9|233|6.0,1,792.45,9.57519,2.26052e+06,7.81503e-10,0.615155,1,792.45,0.714566,2.26052e+06,7.93126e-10,0.614112,True,6.0|233,183
14|183|14|183|sample|12|233|12|233|6.0,1,792.45,9.48915,2.26052e+06,7.81503e-10,0.615155,1,792.45,0.714444,2.26052e+06,7.93126e-10,0.614112,True,6.0|233,183
14|183|14|183|sample|11|233|11|233|6.0,1,792.45,8.38895,2.26052e+06,7.81503e-10,0.615155,1,792.45,0.713909,2.26052e+06,7.93126e-10,0.614112,True,6.0|233,183
14|183|14|183|cc|1|1|233|1|233|69.0,1,788.533,-0.348654,0.389398,7.81503e-10,0.615155,1,788.533,2.84947e-06,0.389398,7.93126e-10,0.614112,False,69.0|233,183
14|183|14|183|cc|2|1|233|1|233|69.0,1,788.533,0.097056,0.389398,7.81503e-10,0.615155,1,788.533,-3.72817e-06,0.389398,7.93126e-10,0.614112,False,69.0|233,183
14|183|14|183|cc|3|1|233|1|233|69.0,1,788.533,0.620012,0.389398,7.81503e-10,0.615155,1,788.533,1.47758e-05,0.389398,7.93126e-10,0.614112,False,69.0|233,183
14|183|14|183|cc|4|1|233|1|233|69.0,1,788.533,-0.150869,0.389398,7.81503e-10,0.615155,1,788.533,1.46235e-05,0.389398,7.93126e-10,0.614112,False,69.0|233,183
14|183|14|183|cc|5|1|233|1|233|69.0,1,788.533,-1.09181,0.389398,7.81503e-10,0.615155,1,788.533,6.33316e-06,0.389398,7.93126e-10,0.614112,False,69.0|233,183
14|183|14|183|cc|6|1|233|1|233|69.0,1,788.533,-0.738963,0.389398,7.81503e-10,0.615155,1,788.533,-2.11447e-06,0.389398,7.93126e-10,0.614112,False,69.0|233,183
14|183|14|183|cc|7|1|233|1|233|69.0,1,788.533,-1.5751,0.389398,7.81503e-10,0.615155,1,788.533,2.73795e-06,0.389398,7.93126e-10,0.614112,False,69.0|233,183
14|183|14|183|cc|8|1|233|1|233|69.0,1,788.533,-0.588903,0.389398,7.81503e-10,0.615155,1,788.533,-2.96003e-06,0.389398,7.93126e-10,0.614112,False,69.0|233,183
14|183|14|183|vc|1|2|233|2|233|69.0,1,788.533,-0.248277,0.389398,7.81503e-10,0.615155,1,788.533,-5.37639e-07,0.389398,7.93126e-10,0.614112,False,69.0|233,183
14|183|14|183|vc|2|2|233|2|233|69.0,1,788.533,-1.16321,0.389398,7.81503e-10,0.615155,1,788.533,-1.78108e-07,0.389398,7.93126e-10,0.614112,False,69.0|233,183
14|183|14|183|vc|3|2|233|2|233|69.0,1,788.533,-0.494475,0.389398,7.81503e-10,0.615155,1,788.533,-5.19875e-06,0.389398,7.93126e-10,0.614112,False,69.0|233,183
14|183|14|183|vc|4|2|233|2|233|69.0,1,788.533,1.93136,0.389398,7.81503e-10,0.615155,1,788.533,3.42022e-06,0.389398,7.93126e-10,0.614112,False,69.0|233,183
14|183|14|183|vc|5|2|233|2|233|69.0,1,788.533,2.46491,0.389398,7.81503e-10,0.615155,1,788.533,1.11664e-05,0.389398,7.93126e-10,0.614112,False,69.0|233,183
14|183|14|183|vc|6|2|233|2|233|69.0,1,788.533,0.950855,0.389398,7.81503e-10,0.615155,1,788.533,1.5123e-05,0.389398,7.93126e-10,0.614112,False,69.0|233,183
14|183|14|183|vc|7|2|233|2|233|69.0,1,788.533,1.56211,0.389398,7.81503e-10,0.615155,1,788.533,-5.56226e-07,0.389398,7.93126e-10,0.614112,False,69.0|233,183
14|183|14|183|vc|8|2|233|2|233|69.0,1,788.533,-1.28365,0.389398,7.81503e-10,0.615155,1,788.533,6.23698e-07,0.389398,7.93126e-10,0.614112,False,69.0|233,183
14|705|14|705|sample|3|233|3|233|6.0,0.999968,790.739,9.25909,105823,7.8151e-10,0.615156,0.999967,790.739,0.88882,105823,7.93134e-10,0.614112,False,6.0|233,705
14|705|14|705|sample|4|233|4|233|6.0,0.999968,790.739,8.50223,105823,7.8151e-10,0.615156,0.999967,790.739,0.886517,105823,7.93134e-10,0.614112,False,6.0|233,705
14|705|14|705|sample|5|233|5|233|6.0,0.999968,790.739,9.48369,105823,7.8151e-10,0.615156,0.999967,790.739,0.88699,105823,7.93134e-10,0.614112,False,6.0|233,705
14|705|14|705|sample|6|233|6|233|6.0,0.999968,790.739,10.2642,105823,7.8151e-10,0.615156,0.999967,790.739,0.886454,105823,7.93134e-10,0.614112,False,6.0|233,705
14|705|14|705|sample|7|233|7|233|6.0,0.999968,790.739,9.11072,105823,7.8151e-10,0.615156,0.999967,790.739,0.888802,105823,7.93134e-10,0.614112,False,6.0|233,705
14|705|14|705|sample|8|233|8|233|6.0,0.999968,790.739,9.05402,105823,7.8151e-10,0.615156,0.999967,790.739,0.886942,105823,7.93134e-10,0.614112,False,6.0|233,705
14|705|14|705|sample|10|233|10|233|6.0,0.999968,792.45,8.40395,2.26052e+06,7.8151e-10,0.615156,0.999967,792.45,0.714533,2.26052e+06,7.93134e-10,0.614112,True,6.0|233,705
14|705|14|705|sample|9|233|9|233|6.0,0.999968,792.45,10.6085,2.26052e+06,7.8151e-10,0.615156,0.999967,792.45,0.714477,2.26052e+06,7.93134e-10,0.614112,True,6.0|233,705
14|705|14|705|sample|12|233|12|233|6.0,0.999968,792.45,10.2414,2.26052e+06,7.8151e-10,0.615156,0.999967,792.45,0.714701,2.26052e+06,7.93134e-10,0.614112,True,6.0|233,705
14|705|14|705|sample|11|233|11|233|6.0,0.999968,792.45,9.3986,2.26052e+06,7.8151e-10,0.615156,0.999967,792.45,0.714491,2.26052e+06,7.93134e-10,0.614112,True,6.0|233,705
14|705|14|705|cc|1|1|233|1|233|69.0,0.999968,788.533,-0.221338,0.389398,7.8151e-10,0.615156,0.999967,788.533,1.22819e-06,0.389398,7.93134e-10,0.614112,False,69.0|233,705
14|705|14|705|cc|2|1|233|1|233|69.0,0.999968,788.533,-0.41063,0.389398,7.8151e-10,0.615156,0.999967,788.533,5.46804e-06,0.389398,7.93134e-10,0.614112,False,69.0|233,705
14|705|14|705|cc|3|1|233|1|233|69.0,0.999968,788.533,-0.254499,0.389398,7.8151e-10,0.615156,0.999967,788.533,-1.46761e-06,0.389398,7.93134e-10,0.614112,False,69.0|233,705
14|705|14|705|cc|4|1|233|1|233|69.0,0.999968,788.533,0.646464,0.389398,7.8151e-10,0.615156,0.999967,788.533,-3.37887e-06,0.389398,7.93134e-10,0.614112,False,69.0|233,705
14|705|14|705|cc|5|1|233|1|233|69.0,0.999968,788.533,-0.458841,0.389398,7.8151e-10,0.615156,0.999967,788.533,-9.60033e-06,0.389398,7.93134e-10,0.614112,False,69.0|233,705
14|705|14|705|cc|6|1|233|1|233|69.0,0.999968,788.533,-1.53759,0.389398,7.8151e-10,0.615156,0.999967,788.533,5.04003e-06,0.389398,7.93134e-10,0.614112,False,69.0|233,705
14|705|14|705|cc|7|1|233|1|233|69.0,0.999968,788.533,0.319222,0.389398,7.8151e-10,0.615156,0.999967,788.533,-1.08861e-05,0.389398,7.93134e-10,0.614112,False,69.0|233,705
14|705|14|705|cc|8|1|233|1|233|69.0,0.999968,788.533,-0.042444,0.389398,7.8151e-10,0.615156,0.999967,788.533,-4.69226e-06,0.389398,7.93134e-10,0.614112,False,69.0|233,705
14|705|14|705|vc|1|2|233|2|233|69.0,0.999968,788.533,0.427415,0.389398,7.8151e-10,0.615156,0.999967,788.533,7.44616e-06,0.389398,7.93134e-10,0.614112,False,69.0|233,705
14|705|14|705|vc|2|2|233|2|233|69.0,0.999968,788.533,-2.41192,0.389398,7.8151e-10,0.615156,0.999967,788.533,-1.17498e-06,0.389398,7.93134e-10,0.614112,False,69.0|233,705
14|705|14|705|vc|3|2|233|2|233|69.0,0.999968,788.533,2.90423,0.389398,7.8151e-10,0.615156,0.999967,788.533,5.9392e-07,0.389398,7.93134e-10,0.614112,False,69.0|233,705
14|705|14|705|vc|4|2|233|2|233|69.0,0.999968,788.533,2.1821,0.389398,7.8151e-10,0.615156,0.999967,788.533,7.94595e-06,0.389398,7.93134e-10,0.614112,False,69.0|233,705
14|705|14|705|vc|5|2|233|2|233|69.0,0.999968,788.533,0.0988714,0.389398,7.8151e-10,0.615156,0.999967,788.533,-1.07419e-05,0.389398,7.93134e-10,0.614112,False,69.0|233,705
14|705|14|705|vc|6|2|233|2|233|69.0,0.999968,788.533,-0.0253756,0.389398,7.8151e-10,0.615156,0.999967,788.533,-8.15117e-08,0.389398,7.93134e-10,0.614112,False,69.0|233,705
14|705|14|705|vc|7|2|233|2|233|69.0,0.999968,788.533,0.905726,0.389398,7.8151e-10,0.615156,0.999967,788.533,8.69743e-06,0.389398,7.93134e-10,0.614112,False,69.0|233,705
14|705|14|705|vc|8|2|233|2|233|69.0,0.999968,788.533,-0.924635,0.389398,7.8151e-10,0.615156,0.999967,788.533,4.69631e-06,0.389398,7.93134e-10,0.614112,False,69.0|233,705
14|555|14|555|sample|4|233|4|233|6.0,1,792.45,8.33181,2.26052e+06,7.82052e-10,0.615236,1,792.45,0.766656,2.26052e+06,7.93687e-10,0.614193,True,6.0|233,555
14|555|14|555|sample|3|233|3|233|6.0,1,792.45,8.91819,2.26052e+06,7.82052e-10,0.615236,1,792.45,0.766494,2.26052e+06,7.93687e-10,0.614193,True,6.0|233,555
14|555|14|555|sample|5|233|5|233|6.0,1,792.45,9.78727,2.26052e+06,7.82052e-10,0.615236,1,792.45,0.76629,2.26052e+06,7.93687e-10,0.614193,True,6.0|233,555
14|555|14|555|sample|6|233|6|233|6.0,1,792.45,8.39872,2.26052e+06,7.82052e-10,0.615236,1,792.45,0.766447,2.26052e+06,7.93687e-10,0.614193,True,6.0|233,555
14|555|14|555|sample|7|233|7|233|6.0,1,792.45,9.43733,2.26052e+06,7.82052e-10,0.615236,1,792.45,0.770438,2.26052e+06,7.93687e-10,0.614193,True,6.0|233,555
14|555|14|555|sample|8|233|8|233|6.0,1,792.45,8.436,2.26052e+06,7.82052e-10,0.615236,1,792.45,0.770545,2.26052e+06,7.93687e-10,0.614193,True,6.0|233,555
14|555|14|555|sample|9|233|9|233|6.0,1,792.45,7.79993,2.26052e+06,7.82052e-10,0.615236,1,792.45,0.766511,2.26052e+06,7.93687e-10,0.614193,True,6.0|233,555
14|555|14|555|sample|10|233|10|233|6.0,1,792.45,8.56934,2.26052e+06,7.82052e-10,0.615236,1,792.45,0.766185,2.26052e+06,7.93687e-10,0.614193,True,6.0|233,555
14|555|14|555|sample|12|233|12|233|6.0,1,792.45,7.40262,2.26052e+06,7.82052e-10,0.615236,1,792.45,0.770949,2.26052e+06,7.93687e-10,0.614193,True,6.0|233,555
14|555|14|555|sample|11|233|11|233|6.0,1,792.45,8.79743,2.26052e+06,7.82052e-10,0.615236,1,792.45,0.770878,2.26052e+06,7.93687e-10,0.614193,True,6.0|233,555
14|555|14|555|cc|1|1|233|1|233|69.0,1,788.533,1.85075,0.389398,7.82052e-10,0.615236,1,788.533,1.29686e-06,0.389398,7.93687e-10,0.614193,False,69.0|233,555
14|555|14|555|cc|2|1|233|1|233|69.0,1,788.533,1.27114,0.389398,7.82052e-10,0.615236,1,788.533,-2.36477e-07,0.389398,7.93687e-10,0.614193,False,69.0|233,555
14|555|14|555|cc|3|1|233|1|233|69.0,1,788.533,-0.350256,0.389398,7.82052e-10,0.615236,1,788.533,1.22571e-05,0.389398,7.93687e-10,0.614193,False,69.0|233,555
14|555|14|555|cc|4|1|233|1|233|69.0,1,788.533,1.22729,0.389398,7.82052e-10,0.615236,1,788.533,-2.89132e-06,0.389398,7.93687e-10,0.614193,False,69.0|233,555
14|555|14|555|cc|5|1|233|1|233|69.0,1,788.533,-0.586822,0.389398,7.82052e-10,0.615236,1,788.533,3.11045e-06,0.389398,7.93687e-10,0.614193,False,69.0|233,555
14|555|14|555|cc|6|1|233|1|233|69.0,1,788.533,0.176534,0.389398,7.82052e-10,0.615236,1,788.533,-1.38293e-06,0.389398,7.93687e-10,0.614193,False,69.0|233,555
14|555|14|555|cc|7|1|233|1|233|69.0,1,788.533,-0.838984,0.389398,7.82052e-10,0.615236,1,788.533,3.43116e-06,0.389398,7.93687e-10,0.614193,False,69.0|233,555
14|555|14|555|cc|8|1|233|1|233|69.0,1,788.533,-0.30633,0.389398,7.82052e-10,0.615236,1,788.533,5.61645e-06,0.389398,7.93687e-10,0.614193,False,69.0|233,555
14|555|14|555|vc|1|2|233|2|233|69.0,1,788.533,0.352937,0.389398,7.82052e-10,0.615236,1,788.533,-2.7319e-06,0.389398,7.93687e-10,0.614193,False,69.0|233,555
14|555|14|555|vc|2|2|233|2|233|69.0,1,788.533,-1.46095,0.389398,7.82052e-10,0.615236,1,788.533,2.00218e-06,0.389398,7.93687e-10,0.614193,False,69.0|233,555
14|555|14|555|vc|3|2|233|2|233|69.0,1,788.533,-0.93548,0.389398,7.82052e-10,0.615236,1,788.533,-1.34452e-05,0.389398,7.93687e-10,0.614193,False,69.0|233,555
14|555|14|555|vc|4|2|233|2|233|69.0,1,788.533,0.886497,0.389398,7.82052e-10,0.615236,1,788.533,3.01708e-06,0.389398,7.93687e-10,0.614193,False,69.0|233,555
14|555|14|555|vc|5|2|233|2|233|69.0,1,788.533,0.531351,0.389398,7.82052e-10,0.615236,1,788.533,7.44386e-06,0.389398,7.93687e-10,0.614193,False,69.0|233,555
14|555|14|555|vc|6|2|233|2|233|69.0,1,788.533,-0.824868,0.389398,7.82052e-10,0.615236,1,788.533,-1.68844e-05,0.389398,7.93687e-10,0.614193,False,69.0|233,555
14|555|14|555|vc|7|2|233|2|233|69.0,1,788.533,0.884312,0.389398,7.82052e-10,0.615236,1,788.533,1.78589e-07,0.389398,7.93687e-10,0.614193,False,69.0|233,555
14|555|14|555|vc|8|2|233|2|233|69.0,1,788.533,0.279927,0.389398,7.82052e-10,0.615236,1,788.533,-1.00561e-05,0.389398,7.93687e-10,0.614193,False,69.0|233,555
14|394|14|394|sample|5|42|5|42|6.0,0.999987,791.751,7.66853,17801.1,7.81416e-10,0.61513,0.999987,791.751,1.22578,17801.1,7.93038e-10,0.614087,True,6.0|42,394
14|394|14|394|sample|6|42|6|42|6.0,0.999987,791.751,8.92116,17801.1,7.81416e-10,0.61513,0.999987,791.751,1.22601,17801.1,7.93038e-10,0.614087,True,6.0|42,394
14|394|14|394|sample|7|42|7|42|6.0,0.999987,791.751,1.35809,17801.1,7.81416e-10,0.61513,0.999987,791.751,1.17745,17801.1,7.93038e-10,0.614087,True,6.0|42,394
14|394|14|394|sample|8|42|8|42|6.0,0.999987,791.751,-1.84874,17801.1,7.81416e-10,0.61513,0.999987,791.751,-0.00840193,17801.1,7.93038e-10,0.614087,True,6.0|42,394
14|394|14|394|sample|10|42|10|42|6.0,0.999987,791.751,9.50892,17801.1,7.81416e-10,0.61513,0.999987,791.751,1.23189,17801.1,7.93038e-10,0.614087,True,6.0|42,394
14|394|14|394|sample|9|42|9|42|6.0,0.999987,791.751,9.07167,17801.1,7.81416e-10,0.61513,0.999987,791.751,1.23172,17801.1,7.93038e-10,0.614087,True,6.0|42,394
14|394|14|394|sample|12|42|12|42|6.0,0.999987,791.751,7.56801,17801.1,7.81416e-10,0.61513,0.999987,791.751,1.2232,17801.1,7.93038e-10,0.614087,True,6.0|42,394
14|394|14|394|sample|11|42|11|42|6.0,0.999987,791.751,7.27574,17801.1,7.81416e-10,0.61513,0.999987,791.751,1.22223,17801.1,7.93038e-10,0.614087,True,6.0|42,394
14|394|14|394|sample|3|42|3|42|63.0,0.999987,783.752,-10.1635,5.98021e-10,7.81416e-10,0.61513,0.999987,783.752,-0.547602,5.98021e-10,7.93038e-10,0.614087,True,63.0|42,394
14|394|14|394|sample|4|42|4|42|63.0,0.999987,783.752,-7.7349,5.98021e-10,7.81416e-10,0.61513,0.999987,783.752,-0.551928,5.98021e-10,7.93038e-10,0.614087,True,63.0|42,394
14|394|14|394|cc|1|1|42|1|42|69.0,0.999987,788.587,0.467362,0.194632,7.81416e-10,0.61513,0.999987,788.587,-1.43239e-06,0.194632,7.93038e-10,0.614087,False,69.0|42,394
14|394|14|394|cc|2|1|42|1|42|69.0,0.999987,788.587,-1.88073,0.194632,7.81416e-10,0.61513,0.999987,788.587,-8.5708e-06,0.194632,7.93038e-10,0.614087,False,69.0|42,394
14|394|14|394|cc|3|1|42|1|42|69.0,0.999987,788.587,1.93472,0.194632,7.81416e-10,0.61513,0.999987,788.587,-9.4419e-07,0.194632,7.93038e-10,0.614087,False,69.0|42,394
14|394|14|394|cc|4|1|42|1|42|69.0,0.999987,788.587,1.37398,0.194632,7.81416e-10,0.61513,0.999987,788.587,1.73329e-06,0.194632,7.93038e-10,0.614087,False,69.0|42,394
14|394|14|394|cc|5|1|42|1|42|69.0,0.999987,788.587,-1.89417,0.194632,7.81416e-10,0.61513,0.999987,788.587,-1.05145e-05,0.194632,7.93038e-10,0.614087,False,69.0|42,394
14|394|14|394|cc|6|1|42|1|42|69.0,0.999987,788.587,0.68746,0.194632,7.81416e-10,0.61513,0.999987,788.587,5.83426e-06,0.194632,7.93038e-10,0.614087,False,69.0|42,394
14|394|14|394|cc|7|1|42|1|42|69.0,0.999987,788.587,1.49808,0.194632,7.81416e-10,0.61513,0.999987,788.587,-8.77656e-06,0.194632,7.93038e-10,0.614087,False,69.0|42,394
14|394|14|394|cc|8|1|42|1|42|69.0,0.999987,788.587,-0.721315,0.194632,7.81416e-10,0.61513,0.999987,788.587,1.58965e-06,0.194632,7.93038e-10,0.614087,False,69.0|42,394
14|394|14|394|vc|1|2|42|2|42|69.0,0.999987,788.587,-0.198268,0.194632,7.81416e-10,0.61513,0.999987,788.587,3.24566e-05,0.194632,7.93038e-10,0.614087,False,69.0|42,394
14|394|14|394|vc|2|2|42|2|42|69.0,0.999987,788.587,1.29443,0.194632,7.81416e-10,0.61513,0.999987,788.587,2.3084e-05,0.194632,7.93038e-10,0.614087,False,69.0|42,394
14|394|14|394|vc|3|2|42|2|42|69.0,0.999987,788.587,-0.147993,0.194632,7.81416e-10,0.61513,0.999987,788.587,1.18078e-05,0.194632,7.93038e-10,0.614087,False,69.0|42,394
14|394|14|394|vc|4|2|42|2|42|69.0,0.999987,788.587,-0.428722,0.194632,7.81416e-10,0.61513,0.999987,788.587,-3.57787e-05,0.194632,7.93038e-10,0.614087,False,69.0|42,394
14|394|14|394|vc|5|2|42|2|42|69.0,0.999987,788.587,0.850223,0.194632,7.81416e-10,0.61513,0.999987,788.587,3.52426e-07,0.194632,7.93038e-10,0.614087,False,69.0|42,394
14|394|14|394|vc|6|2|42|2|42|69.0,0.999987,788.587,-0.986934,0.194632,7.81416e-10,0.61513,0.999987,788.587,4.13561e-06,0.194632,7.93038e-10,0.614087,False,69.0|42,394
14|394|14|394|vc|7|2|42|2|42|69.0,0.999987,788.587,0.250644,0.194632,7.81416e-10,0.61513,0.999987,788.587,8.60489e-06,0.194632,7.93038e-10,0.614087,False,69.0|42,394
14|394|14|394|vc|8|2|42|2|42|69.0,0.999987,788.587,-0.151793,0.194632,7.81416e-10,0.61513,0.999987,788.587,-6.05598e-06,0.194632,7.93038e-10,0.614087,False,69.0|42,394
14|1099|14|1099|sample|3|73|3|73|6.0,0.999976,795.438,9.63234,5.40233e+06,7.8149e-10,0.615209,0.999976,795.438,0.725742,5.40233e+06,7.93113e-10,0.614166,True,6.0|73,1099
14|1099|14|1099|sample|4|73|4|73|6.0,0.999976,795.438,8.33266,5.40233e+06,7.8149e-10,0.615209,0.999976,795.438,0.725723,5.40233e+06,7.93113e-10,0.614166,True,6.0|73,1099
14|1099|14|1099|sample|5|73|5|73|6.0,0.999976,795.438,9.15512,5.40233e+06,7.8149e-10,0.615209,0.999976,795.438,0.725561,5.40233e+06,7.93113e-10,0.614166,True,6.0|73,1099
14|1099|14|1099|sample|6|73|6|73|6.0,0.999976,795.438,9.07673,5.40233e+06,7.8149e-10,0.615209,0.999976,795.438,0.725444,5.40233e+06,7.93113e-10,0.614166,True,6.0|73,1099
14|1099|14|1099|sample|8|73|8|73|6.0,0.999976,795.438,8.90406,5.40233e+06,7.8149e-10,0.615209,0.999976,795.438,0.72422,5.40233e+06,7.93113e-10,0.614166,True,6.0|73,1099
14|1099|14|1099|sample|7|73|7|73|6.0,0.999976,795.438,8.33828,5.40233e+06,7.8149e-10,0.615209,0.999976,795.438,0.724545,5.40233e+06,7.93113e-10,0.614166,True,6.0|73,1099
14|1099|14|1099|sample|9|73|9|73|6.0,0.999976,795.438,8.48498,5.40233e+06,7.8149e-10,0.615209,0.999976,795.438,0.725725,5.40233e+06,7.93113e-10,0.614166,True,6.0|73,1099
14|1099|14|1099|sample|10|73|10|73|6.0,0.999976,795.438,7.84426,5.40233e+06,7.8149e-10,0.615209,0.999976,795.438,0.725682,5.40233e+06,7.93113e-10,0.614166,True,6.0|73,1099
14|1099|14|1099|sample|11|73|11|73|6.0,0.999976,795.438,9.68246,5.40233e+06,7.8149e-10,0.615209,0.999976,795.438,0.724222,5.40233e+06,7.93113e-10,0.614166,True,6.0|73,1099
14|1099|14|1099|sample|12|73|12|73|6.0,0.999976,795.438,9.85509,5.40233e+06,7.8149e-10,0.615209,0.999976,795.438,0.724193,5.40233e+06,7.93113e-10,0.614166,True,6.0|73,1099
14|1099|14|1099|cc|1|1|73|1|73|69.0,0.999976,789.098,0.929909,0.041982,7.8149e-10,0.615209,0.999976,789.098,4.5609e-07,0.041982,7.93113e-10,0.614166,False,69.0|73,1099
14|1099|14|1099|cc|2|1|73|1|73|69.0,0.999976,789.098,-0.0661556,0.041982,7.8149e-10,0.615209,0.999976,789.098,8.3155e-07,0.041982,7.93113e-10,0.614166,False,69.0|73,1099
14|1099|14|1099|cc|3|1|73|1|73|69.0,0.999976,789.098,0.220417,0.041982,7.8149e-10,0.615209,0.999976,789.098,7.23467e-07,0.041982,7.93113e-10,0.614166,False,69.0|73,1099
14|1099|14|1099|cc|4|1|73|1|73|69.0,0.999976,789.098,0.54766,0.041982,7.8149e-10,0.615209,0.999976,789.098,-7.83582e-07,0.041982,7.93113e-10,0.614166,False,69.0|73,1099
14|1099|14|1099|cc|5|1|73|1|73|69.0,0.999976,789.098,-0.30943,0.041982,7.8149e-10,0.615209,0.999976,789.098,-5.50647e-07,0.041982,7.93113e-10,0.614166,False,69.0|73,1099
14|1099|14|1099|cc|6|1|73|1|73|69.0,0.999976,789.098,0.920612,0.041982,7.8149e-10,0.615209,0.999976,789.098,-3.10269e-07,0.041982,7.93113e-10,0.614166,False,69.0|73,1099
14|1099|14|1099|cc|7|1|73|1|73|69.0,0.999976,789.098,1.27963,0.041982,7.8149e-10,0.615209,0.999976,789.098,-1.50181e-06,0.041982,7.93113e-10,0.614166,False,69.0|73,1099
14|1099|14|1099|cc|8|1|73|1|73|69.0,0.999976,789.098,0.712154,0.041982,7.8149e-10,0.615209,0.999976,789.098,-1.05859e-06,0.041982,7.93113e-10,0.614166,False,69.0|73,1099
14|1099|14|1099|vc|1|2|73|2|73|69.0,0.999976,789.098,-0.27776,0.041982,7.8149e-10,0.615209,0.999976,789.098,-3.80952e-07,0.041982,7.93113e-10,0.614166,False,69.0|73,1099
14|1099|14|1099|vc|2|2|73|2|73|69.0,0.999976,789.098,-0.756227,0.041982,7.8149e-10,0.615209,0.999976,789.098,-2.65115e-07,0.041982,7.93113e-10,0.614166,False,69.0|73,1099
14|1099|14|1099|vc|3|2|73|2|73|69.0,0.999976,789.098,0.382697,0.041982,7.8149e-10,0.615209,0.999976,789.098,-8.54995e-07,0.041982,7.93113e-10,0.614166,False,69.0|73,1099
14|1099|14|1099|vc|4|2|73|2|73|69.0,0.999976,789.098,1.32315,0.041982,7.8149e-10,0.615209,0.999976,789.098,-4.6298e-07,0.041982,7.93113e-10,0.614166,False,69.0|73,1099
14|1099|14|1099|vc|5|2|73|2|73|69.0,0.999976,789.098,0.718894,0.041982,7.8149e-10,0.615209,0.999976,789.098,3.46981e-07,0.041982,7.93113e-10,0.614166,False,69.0|73,1099
14|1099|14|1099|vc|6|2|73|2|73|69.0,0.999976,789.098,-0.574775,0.041982,7.8149e-10,0.615209,0.999976,789.098,3.02132e-07,0.041982,7.93113e-10,0.614166,False,69.0|73,1099
14|1099|14|1099|vc|7|2|73|2|73|69.0,0.999976,789.098,0.244886,0.041982,7.8149e-10,0.615209,0.999976,789.098,-1.6236e-07,0.041982,7.93113e-10,0.614166,False,69.0|73,1099
14|1099|14|1099|vc|8|2|73|2|73|69.0,0.999976,789.098,-0.551324,0.041982,7.8149e-10,0.615209,0.999976,789.098,-4.95059e-07,0.041982,7.93113e-10,0.614166,False,69.0|73,1099
14|611|14|611|sample|4|73|4|73|6.0,0.999972,795.438,9.63721,5.40233e+06,7.81527e-10,0.615116,0.999972,795.438,0.719752,5.40233e+06,7.93151e-10,0.614073,True,6.0|73,611
14|611|14|611|sample|3|73|3|73|6.0,0.999972,795.438,9.22825,5.40233e+06,7.81527e-10,0.615116,0.999972,795.438,0.71994,5.40233e+06,7.93151e-10,0.614073,True,6.0|73,611
14|611|14|611|sample|5|73|5|73|6.0,0.999972,795.438,9.3227,5.40233e+06,7.81527e-10,0.615116,0.999972,795.438,0.723159,5.40233e+06,7.93151e-10,0.614073,True,6.0|73,611
14|611|14|611|sample|6|73|6|73|6.0,0.999972,795.438,10.3848,5.40233e+06,7.81527e-10,0.615116,0.999972,795.438,0.722522,5.40233e+06,7.93151e-10,0.614073,True,6.0|73,611
14|611|14|611|sample|7|73|7|73|6.0,0.999972,795.438,9.80948,5.40233e+06,7.81527e-10,0.615116,0.999972,795.438,0.720568,5.40233e+06,7.93151e-10,0.614073,True,6.0|73,611
14|611|14|611|sample|8|73|8|73|6.0,0.999972,795.438,10.6299,5.40233e+06,7.81527e-10,0.615116,0.999972,795.438,0.717999,5.40233e+06,7.93151e-10,0.614073,True,6.0|73,611
14|611|14|611|sample|9|73|9|73|6.0,0.999972,795.438,9.94148,5.40233e+06,7.81527e-10,0.615116,0.999972,795.438,0.725404,5.40233e+06,7.93151e-10,0.614073,True,6.0|73,611
14|611|14|611|sample|10|73|10|73|6.0,0.999972,795.438,9.96167,5.40233e+06,7.81527e-10,0.615116,0.999972,795.438,0.725226,5.40233e+06,7.93151e-10,0.614073,True,6.0|73,611
14|611|14|611|sample|12|73|12|73|6.0,0.999972,795.438,10.1469,5.40233e+06,7.81527e-10,0.615116,0.999972,795.438,0.720762,5.40233e+06,7.93151e-10,0.614073,True,6.0|73,611
14|611|14|611|sample|11|73|11|73|6.0,0.999972,795.438,8.70473,5.40233e+06,7.81527e-10,0.615116,0.999972,795.438,0.719887,5.40233e+06,7.93151e-10,0.614073,True,6.0|73,611
14|611|14|611|cc|1|1|73|1|73|69.0,0.999972,789.098,0.313946,0.041982,7.81527e-10,0.615116,0.999972,789.098,-6.67777e-07,0.041982,7.93151e-10,0.614073,False,69.0|73,611
14|611|14|611|cc|2|1|73|1|73|69.0,0.999972,789.098,-0.563514,0.041982,7.81527e-10,0.615116,0.999972,789.098,-5.03832e-07,0.041982,7.93151e-10,0.614073,False,69.0|73,611
14|611|14|611|cc|3|1|73|1|73|69.0,0.999972,789.098,-0.588326,0.041982,7.81527e-10,0.615116,0.999972,789.098,4.13614e-07,0.041982,7.93151e-10,0.614073,False,69.0|73,611
14|611|14|611|cc|4|1|73|1|73|69.0,0.999972,789.098,-1.64346,0.041982,7.81527e-10,0.615116,0.999972,789.098,-5.29838e-07,0.041982,7.93151e-10,0.614073,False,69.0|73,611
14|611|14|611|cc|5|1|73|1|73|69.0,0.999972,789.098,-0.426967,0.041982,7.81527e-10,0.615116,0.999972,789.098,-5.57643e-07,0.041982,7.93151e-10,0.614073,False,69.0|73,611
14|611|14|611|cc|6|1|73|1|73|69.0,0.999972,789.098,-0.385818,0.041982,7.81527e-10,0.615116,0.999972,789.098,-6.28536e-08,0.041982,7.93151e-10,0.614073,False,69.0|73,611
14|611|14|611|cc|7|1|73|1|73|69.0,0.999972,789.098,1.09404,0.041982,7.81527e-10,0.615116,0.999972,789.098,1.99468e-07,0.041982,7.93151e-10,0.614073,False,69.0|73,611
14|611|14|611|cc|8|1|73|1|73|69.0,0.999972,789.098,0.108629,0.041982,7.81527e-10,0.615116,0.999972,789.098,-7.15803e-07,0.041982,7.93151e-10,0.614073,False,69.0|73,611
14|611|14|611|vc|1|2|73|2|73|69.0,0.999972,789.098,0.907476,0.041982,7.81527e-10,0.615116,0.999972,789.098,-4.91315e-07,0.041982,7.93151e-10,0.614073,False,69.0|73,611
14|611|14|611|vc|2|2|73|2|73|69.0,0.999972,789.098,1.16736,0.041982,7.81527e-10,0.615116,0.999972,789.098,6.40619e-08,0.041982,7.93151e-10,0.614073,False,69.0|73,611
14|611|14|611|vc|3|2|73|2|73|69.0,0.999972,789.098,1.64316,0.041982,7.81527e-10,0.615116,0.999972,789.098,1.22462e-07,0.041982,7.93151e-10,0.614073,False,69.0|73,611
14|611|14|611|vc|4|2|73|2|73|69.0,0.999972,789.098,-0.181239,0.041982,7.81527e-10,0.615116,0.999972,789.098,4.59839e-07,0.041982,7.93151e-10,0.614073,False,69.0|73,611
14|611|14|611|vc|5|2|73|2|73|69.0,0.999972,789.098,-1.28021,0.041982,7.81527e-10,0.615116,0.999972,789.098,-1.70537e-07,0.041982,7.93151e-10,0.614073,False,69.0|73,611
14|611|14|611|vc|6|2|73|2|73|69.0,0.999972,789.098,-0.552875,0.041982,7.81527e-10,0.615116,0.999972,789.098,3.09831e-07,0.041982,7.93151e-10,0.614073,False,69.0|73,611
14|611|14|611|vc|7|2|73|2|73|69.0,0.999972,789.098,-1.25299,0.041982,7.81527e-10,0.615116,0.999972,789.098,1.44055e-07,0.041982,7.93151e-10,0.614073,False,69.0|73,611
14|611|14|611|vc|8|2|73|2|73|69.0,0.999972,789.098,-1.01273,0.041982,7.81527e-10,0.615116,0.999972,789.098,-2.33006e-08,0.041982,7.93151e-10,0.614073,False,69.0|73,611
8|84|8|84|sample|5|162|5|162|55.0,1598.01,794.771,4.14193,11.9127,7.83074e-10,0.615023,1598.21,794.771,0.522735,11.9127,7.94719e-10,0.613981,True,55.0|162,84
8|84|8|84|sample|6|162|6|162|55.0,1598.01,794.771,4.19213,11.9127,7.83074e-10,0.615023,1598.21,794.771,1.53706,11.9127,7.94719e-10,0.613981,True,55.0|162,84
8|84|8|84|sample|4|162|4|162|55.0,1598.01,794.771,5.06437,11.9127,7.83074e-10,0.615023,1598.21,794.771,0.371782,11.9127,7.94719e-10,0.613981,True,55.0|162,84
8|84|8|84|sample|3|162|3|162|55.0,1598.01,794.771,6.46141,11.9127,7.83074e-10,0.615023,1598.21,794.771,0.413543,11.9127,7.94719e-10,0.613981,True,55.0|162,84
8|84|8|84|sample|9|162|9|162|32.0,1598.01,795.674,7.23766,0.0102289,7.83074e-10,0.615023,1598.21,795.674,0.870954,0.0102289,7.94719e-10,0.613981,True,32.0|162,84
8|84|8|84|sample|10|162|10|162|32.0,1598.01,795.674,7.25362,0.0102289,7.83074e-10,0.615023,1598.21,795.674,0.963416,0.0102289,7.94719e-10,0.613981,True,32.0|162,84
8|84|8|84|sample|7|162|7|162|32.0,1598.01,795.674,6.46235,0.0102289,7.83074e-10,0.615023,1598.21,795.674,0.91009,0.0102289,7.94719e-10,0.613981,True,32.0|162,84
8|84|8|84|sample|8|162|8|162|32.0,1598.01,795.674,7.26006,0.0102289,7.83074e-10,0.615023,1598.21,795.674,0.998385,0.0102289,7.94719e-10,0.613981,True,32.0|162,84
8|84|8|84|sample|12|162|12|162|22.0,1598.01,792.069,3.68125,0.854092,7.83074e-10,0.615023,1598.21,792.069,2.99262,0.854092,7.94719e-10,0.613981,True,22.0|162,84
8|84|8|84|sample|11|162|11|162|22.0,1598.01,792.069,7.98381,0.854092,7.83074e-10,0.615023,1598.21,792.069,2.9845,0.854092,7.94719e-10,0.613981,True,22.0|162,84
8|84|8|84|cc|1|1|162|1|162|69.0,1598.01,787.199,1.64404,19.9227,7.83074e-10,0.615023,1598.21,787.199,-1.94483e-05,19.9227,7.94719e-10,0.613981,False,69.0|162,84
8|84|8|84|cc|2|1|162|1|162|69.0,1598.01,787.199,-1.46062,19.9227,7.83074e-10,0.615023,1598.21,787.199,1.32926e-05,19.9227,7.94719e-10,0.613981,False,69.0|162,84
8|84|8|84|cc|3|1|162|1|162|69.0,1598.01,787.199,-0.205017,19.9227,7.83074e-10,0.615023,1598.21,787.199,4.8792e-05,19.9227,7.94719e-10,0.613981,False,69.0|162,84
8|84|8|84|cc|4|1|162|1|162|69.0,1598.01,787.199,-1.31497,19.9227,7.83074e-10,0.615023,1598.21,787.199,-5.80779e-06,19.9227,7.94719e-10,0.613981,False,69.0|162,84
8|84|8|84|cc|5|1|162|1|162|69.0,1598.01,787.199,-0.0300688,19.9227,7.83074e-10,0.615023,1598.21,787.199,4.18904e-06,19.9227,7.94719e-10,0.613981,False,69.0|162,84
8|84|8|84|cc|6|1|162|1|162|69.0,1598.01,787.199,0.408457,19.9227,7.83074e-10,0.615023,1598.21,787.199,-1.87769e-05,19.9227,7.94719e-10,0.613981,False,69.0|162,84
8|84|8|84|cc|7|1|162|1|162|69.0,1598.01,787.199,-0.378308,19.9227,7.83074e-10,0.615023,1598.21,787.199,-2.60121e-05,19.9227,7.94719e-10,0.613981,False,69.0|162,84
8|84|8|84|cc|8|1|162|1|162|69.0,1598.01,787.199,0.687902,19.9227,7.83074e-10,0.615023,1598.21,787.199,-1.20824e-05,19.9227,7.94719e-10,0.613981,False,69.0|162,84
8|84|8|84|vc|1|2|162|2|162|69.0,1598.01,787.199,-1.34398,19.9227,7.83074e-10,0.615023,1598.21,787.199,1.63132e-05,19.9227,7.94719e-10,0.613981,False,69.0|162,84
8|84|8|84|vc|2|2|162|2|162|69.0,1598.01,787.199,1.06638,19.9227,7.83074e-10,0.615023,1598.21,787.199,4.71592e-06,19.9227,7.94719e-10,0.613981,False,69.0|162,84
8|84|8|84|vc|3|2|162|2|162|69.0,1598.01,787.199,0.79023,19.9227,7.83074e-10,0.615023,1598.21,787.199,-1.09424e-05,19.9227,7.94719e-10,0.613981,False,69.0|162,84
8|84|8|84|vc|4|2|162|2|162|69.0,1598.01,787.199,-0.136749,19.9227,7.83074e-10,0.615023,1598.21,787.199,6.19873e-07,19.9227,7.94719e-10,0.613981,False,69.0|162,84
8|84|8|84|vc|5|2|162|2|162|69.0,1598.01,787.199,-0.283139,19.9227,7.83074e-10,0.615023,1598.21,787.199,-5.92031e-07,19.9227,7.94719e-10,0.613981,False,69.0|162,84
8|84|8|84|vc|6|2|162|2|162|69.0,1598.01,787.199,1.91684,19.9227,7.83074e-10,0.615023,1598.21,787.199,-4.89503e-06,19.9227,7.94719e-10,0.613981,False,69.0|162,84
8|84|8|84|vc|7|2|162|2|162|69.0,1598.01,787.199,0.561539,19.9227,7.83074e-10,0.615023,1598.21,787.199,4.57924e-06,19.9227,7.94719e-10,0.613981,False,69.0|162,84
8|84|8|84|vc|8|2|162|2|162|69.0,1598.01,787.199,-0.631858,19.9227,7.83074e-10,0.615023,1598.21,787.199,-4.86614e-06,19.9227,7.94719e-10,0.613981,False,69.0|162,84
8|1042|8|1042|sample|8|162|8|162|65.0,1.00073,788.599,-10.471,0.722257,7.8165e-10,0.615233,1.00071,788.599,-3.31188,0.722257,7.93275e-10,0.61419,True,65.0|162,1042
8|1042|8|1042|sample|7|162|7|162|65.0,1.00073,788.599,-9.29002,0.722257,7.8165e-10,0.615233,1.00071,788.599,-3.35654,0.722257,7.93275e-10,0.61419,True,65.0|162,1042
8|1042|8|1042|sample|6|162|6|162|65.0,1.00073,788.599,-11.1914,0.722257,7.8165e-10,0.615233,1.00071,788.599,-3.70599,0.722257,7.93275e-10,0.61419,True,65.0|162,1042
8|1042|8|1042|sample|5|162|5|162|65.0,1.00073,788.599,-9.50538,0.722257,7.8165e-10,0.615233,1.00071,788.599,-3.73097,0.722257,7.93275e-10,0.61419,True,65.0|162,1042
8|1042|8|1042|sample|12|162|12|162|28.0,1.00073,792.883,-10.3648,0.513482,7.8165e-10,0.615233,1.00071,792.883,-3.81029,0.513482,7.93275e-10,0.61419,True,28.0|162,1042
8|1042|8|1042|sample|7|162|7|162|28.0,1.00073,792.883,-0.887061,0.513482,7.8165e-10,0.615233,1.00071,792.883,-1.50429,0.513482,7.93275e-10,0.61419,True,28.0|162,1042
8|1042|8|1042|sample|11|162|11|162|28.0,1.00073,792.883,-10.851,0.513482,7.8165e-10,0.615233,1.00071,792.883,-3.60963,0.513482,7.93275e-10,0.61419,True,28.0|162,1042
8|1042|8|1042|sample|9|162|9|162|28.0,1.00073,792.883,-9.9673,0.513482,7.8165e-10,0.615233,1.00071,792.883,-3.24606,0.513482,7.93275e-10,0.61419,True,28.0|162,1042
8|1042|8|1042|sample|10|162|10|162|28.0,1.00073,792.883,-10.5003,0.513482,7.8165e-10,0.615233,1.00071,792.883,-3.22066,0.513482,7.93275e-10,0.61419,True,28.0|162,1042
8|1042|8|1042|sample|4|162|4|162|22.0,1.00073,792.069,-9.91249,0.854092,7.8165e-10,0.615233,1.00071,792.069,-2.9178,0.854092,7.93275e-10,0.61419,True,22.0|162,1042
8|1042|8|1042|sample|3|162|3|162|22.0,1.00073,792.069,-9.48803,0.854092,7.8165e-10,0.615233,1.00071,792.069,-2.85925,0.854092,7.93275e-10,0.61419,True,22.0|162,1042
8|1042|8|1042|sample|12|162|12|162|65.0,1.00073,788.599,-1.79283,0.722257,7.8165e-10,0.615233,1.00071,788.599,-1.55507,0.722257,7.93275e-10,0.61419,True,65.0|162,1042
8|1042|8|1042|cc|1|1|162|1|162|69.0,1.00073,787.199,0.918181,19.9227,7.8165e-10,0.615233,1.00071,787.199,8.95233e-06,19.9227,7.93275e-10,0.61419,False,69.0|162,1042
8|1042|8|1042|cc|2|1|162|1|162|69.0,1.00073,787.199,-0.922144,19.9227,7.8165e-10,0.615233,1.00071,787.199,-4.4102e-07,19.9227,7.93275e-10,0.61419,False,69.0|162,1042
8|1042|8|1042|cc|3|1|162|1|162|69.0,1.00073,787.199,0.179906,19.9227,7.8165e-10,0.615233,1.00071,787.199,1.14123e-05,19.9227,7.93275e-10,0.61419,False,69.0|162,1042
8|1042|8|1042|cc|4|1|162|1|162|69.0,1.00073,787.199,0.229592,19.9227,7.8165e-10,0.615233,1.00071,787.199,6.80598e-07,19.9227,7.93275e-10,0.61419,False,69.0|162,1042
8|1042|8|1042|cc|5|1|162|1|162|69.0,1.00073,787.199,-0.162718,19.9227,7.8165e-10,0.615233,1.00071,787.199,-8.61817e-06,19.9227,7.93275e-10,0.61419,False,69.0|162,1042
8|1042|8|1042|cc|6|1|162|1|162|69.0,1.00073,787.199,0.175786,19.9227,7.8165e-10,0.615233,1.00071,787.199,-1.30566e-05,19.9227,7.93275e-10,0.61419,False,69.0|162,1042
8|1042|8|1042|cc|7|1|162|1|162|69.0,1.00073,787.199,-0.736234,19.9227,7.8165e-10,0.615233,1.00071,787.199,-2.10509e-07,19.9227,7.93275e-10,0.61419,False,69.0|162,1042
8|1042|8|1042|cc|8|1|162|1|162|69.0,1.00073,787.199,0.566356,19.9227,7.8165e-10,0.615233,1.00071,787.199,-1.36016e-05,19.9227,7.93275e-10,0.61419,False,69.0|162,1042
8|1042|8|1042|vc|1|2|162|2|162|69.0,1.00073,787.199,-1.47086,19.9227,7.8165e-10,0.615233,1.00071,787.199,1.2077e-06,19.9227,7.93275e-10,0.61419,False,69.0|162,1042
8|1042|8|1042|vc|2|2|162|2|162|69.0,1.00073,787.199,-0.558468,19.9227,7.8165e-10,0.615233,1.00071,787.199,2.11459e-06,19.9227,7.93275e-10,0.61419,False,69.0|162,1042
8|1042|8|1042|vc|3|2|162|2|162|69.0,1.00073,787.199,1.96458,19.9227,7.8165e-10,0.615233,1.00071,787.199,-1.0905e-05,19.9227,7.93275e-10,0.61419,False,69.0|162,1042
8|1042|8|1042|vc|4|2|162|2|162|69.0,1.00073,787.199,0.136904,19.9227,7.8165e-10,0.615233,1.00071,787.199,1.15429e-05,19.9227,7.93275e-10,0.61419,False,69.0|162,1042
8|1042|8|1042|vc|5|2|162|2|162|69.0,1.00073,787.199,-0.470923,19.9227,7.8165e-10,0.615233,1.00071,787.199,-1.83134e-06,19.9227,7.93275e-10,0.61419,False,69.0|162,1042
8|1042|8|1042|vc|6|2|162|2|162|69.0,1.00073,787.199,0.556769,19.9227,7.8165e-10,0.615233,1.00071,787.199,9.41302e-07,19.9227,7.93275e-10,0.61419,False,69.0|162,1042
8|1042|8|1042|vc|7|2|162|2|162|69.0,1.00073,787.199,1.60643,19.9227,7.8165e-10,0.615233,1.00071,787.199,4.13632e-06,19.9227,7.93275e-10,0.61419,False,69.0|162,1042
8|1042|8|1042|vc|8|2|162|2|162|69.0,1.00073,787.199,1.4174,19.9227,7.8165e-10,0.615233,1.00071,787.199,-1.24788e-06,19.9227,7.93275e-10,0.61419,False,69.0|162,1042
8|719|8|719|sample|5|274|5|274|55.0,2154.68,794.763,9.73935,0.9849,7.81545e-10,0.615051,2151.89,794.763,3.37326,0.9849,7.93169e-10,0.614009,True,55.0|274,719
8|719|8|719|sample|6|274|6|274|55.0,2154.68,794.763,9.47912,0.9849,7.81545e-10,0.615051,2151.89,794.763,3.37792,0.9849,7.93169e-10,0.614009,True,55.0|274,719
8|719|8|719|sample|3|274|3|274|55.0,2154.68,794.763,9.72365,0.9849,7.81545e-10,0.615051,2151.89,794.763,2.52457,0.9849,7.93169e-10,0.614009,True,55.0|274,719
8|719|8|719|sample|4|274|4|274|55.0,2154.68,794.763,9.67223,0.9849,7.81545e-10,0.615051,2151.89,794.763,2.48131,0.9849,7.93169e-10,0.614009,True,55.0|274,719
8|719|8|719|sample|10|274|10|274|32.0,2154.68,791.418,9.91834,0.13022,7.81545e-10,0.615051,2151.89,791.418,3.46063,0.13022,7.93169e-10,0.614009,True,32.0|274,719
8|719|8|719|sample|9|274|9|274|32.0,2154.68,791.418,9.73909,0.13022,7.81545e-10,0.615051,2151.89,791.418,3.45351,0.13022,7.93169e-10,0.614009,True,32.0|274,719
8|719|8|719|sample|8|274|8|274|32.0,2154.68,791.418,9.87709,0.13022,7.81545e-10,0.615051,2151.89,791.418,3.40169,0.13022,7.93169e-10,0.614009,True,32.0|274,719
8|719|8|719|sample|7|274|7|274|32.0,2154.68,791.418,9.5555,0.13022,7.81545e-10,0.615051,2151.89,791.418,3.39828,0.13022,7.93169e-10,0.614009,True,32.0|274,719
8|719|8|719|sample|12|274|12|274|22.0,2154.68,793.14,9.88292,0.0583757,7.81545e-10,0.615051,2151.89,793.14,2.61194,0.0583757,7.93169e-10,0.614009,True,22.0|274,719
8|719|8|719|sample|11|274|11|274|22.0,2154.68,793.14,9.88014,0.0583757,7.81545e-10,0.615051,2151.89,793.14,2.61232,0.0583757,7.93169e-10,0.614009,True,22.0|274,719
8|719|8|719|cc|1|1|274|1|274|69.0,2154.68,789.317,-1.45939,33.9129,7.81545e-10,0.615051,2151.89,789.317,-4.35342e-05,33.9129,7.93169e-10,0.614009,False,69.0|274,719
8|719|8|719|cc|2|1|274|1|274|69.0,2154.68,789.317,1.11484,33.9129,7.81545e-10,0.615051,2151.89,789.317,-2.99055e-05,33.9129,7.93169e-10,0.614009,False,69.0|274,719
8|719|8|719|cc|3|1|274|1|274|69.0,2154.68,789.317,-0.268659,33.9129,7.81545e-10,0.615051,2151.89,789.317,2.54576e-06,33.9129,7.93169e-10,0.614009,False,69.0|274,719
8|719|8|719|cc|4|1|274|1|274|69.0,2154.68,789.317,2.11165,33.9129,7.81545e-10,0.615051,2151.89,789.317,-5.79377e-07,33.9129,7.93169e-10,0.614009,False,69.0|274,719
8|719|8|719|cc|5|1|274|1|274|69.0,2154.68,789.317,0.45379,33.9129,7.81545e-10,0.615051,2151.89,789.317,-4.86361e-06,33.9129,7.93169e-10,0.614009,False,69.0|274,719
8|719|8|719|cc|6|1|274|1|274|69.0,2154.68,789.317,-0.53877,33.9129,7.81545e-10,0.615051,2151.89,789.317,1.87536e-06,33.9129,7.93169e-10,0.614009,False,69.0|274,719
8|719|8|719|cc|7|1|274|1|274|69.0,2154.68,789.317,-0.996312,33.9129,7.81545e-10,0.615051,2151.89,789.317,-3.00708e-05,33.9129,7.93169e-10,0.614009,False,69.0|274,719
8|719|8|719|cc|8|1|274|1|274|69.0,2154.68,789.317,-1.42833,33.9129,7.81545e-10,0.615051,2151.89,789.317,-1.08373e-05,33.9129,7.93169e-10,0.614009,False,69.0|274,719
8|719|8|719|vc|1|2|274|2|274|69.0,2154.68,789.317,1.80648,33.9129,7.81545e-10,0.615051,2151.89,789.317,-1.58976e-05,33.9129,7.93169e-10,0.614009,False,69.0|274,719
8|719|8|719|vc|2|2|274|2|274|69.0,2154.68,789.317,-0.8035,33.9129,7.81545e-10,0.615051,2151.89,789.317,5.22333e-07,33.9129,7.93169e-10,0.614009,False,69.0|274,719
8|719|8|719|vc|3|2|274|2|274|69.0,2154.68,789.317,0.238042,33.9129,7.81545e-10,0.615051,2151.89,789.317,-4.11063e-06,33.9129,7.93169e-10,0.614009,False,69.0|274,719
8|719|8|719|vc|4|2|274|2|274|69.0,2154.68,789.317,0.594169,33.9129,7.81545e-10,0.615051,2151.89,789.317,5.88748e-06,33.9129,7.93169e-10,0.614009,False,69.0|274,719
8|719|8|719|vc|5|2|274|2|274|69.0,2154.68,789.317,0.369254,33.9129,7.81545e-10,0.615051,2151.89,789.317,6.73764e-06,33.9129,7.93169e-10,0.614009,False,69.0|274,719
8|719|8|719|vc|6|2|274|2|274|69.0,2154.68,789.317,0.360807,33.9129,7.81545e-10,0.615051,2151.89,789.317,-8.60325e-06,33.9129,7.93169e-10,0.614009,False,69.0|274,719
8|719|8|719|vc|7|2|274|2|274|69.0,2154.68,789.317,0.0756482,33.9129,7.81545e-10,0.615051,2151.89,789.317,9.82152e-06,33.9129,7.93169e-10,0.614009,False,69.0|274,719
8|719|8|719|vc|8|2|274|2|274|69.0,2154.68,789.317,0.243049,33.9129,7.81545e-10,0.615051,2151.89,789.317,8.47973e-06,33.9129,7.93169e-10,0.614009,False,69.0|274,719
8|863|8|863|sample|7|274|7|274|65.0,1.00004,795.251,-9.9907,0.354552,7.81211e-10,0.615207,1.00005,795.251,-2.99405,0.354552,7.92829e-10,0.614164,True,65.0|274,863
8|863|8|863|sample|8|274|8|274|65.0,1.00004,795.251,-10.8101,0.354552,7.81211e-10,0.615207,1.00005,795.251,-2.94099,0.354552,7.92829e-10,0.614164,True,65.0|274,863
8|863|8|863|sample|6|274|6|274|65.0,1.00004,795.251,-8.80206,0.354552,7.81211e-10,0.615207,1.00005,795.251,-2.56826,0.354552,7.92829e-10,0.614164,True,65.0|274,863
8|863|8|863|sample|5|274|5|274|65.0,1.00004,795.251,-9.48273,0.354552,7.81211e-10,0.615207,1.00005,795.251,-2.5657,0.354552,7.92829e-10,0.614164,True,65.0|274,863
8|863|8|863|sample|11|274|11|274|28.0,1.00004,791.744,-11.2964,0.0786062,7.81211e-10,0.615207,1.00005,791.744,-3.17524,0.0786062,7.92829e-10,0.614164,True,28.0|274,863
8|863|8|863|sample|12|274|12|274|28.0,1.00004,791.744,-10.446,0.0786062,7.81211e-10,0.615207,1.00005,791.744,-3.2062,0.0786062,7.92829e-10,0.614164,True,28.0|274,863
8|863|8|863|sample|9|274|9|274|28.0,1.00004,791.744,-9.15309,0.0786062,7.81211e-10,0.615207,1.00005,791.744,-3.724,0.0786062,7.92829e-10,0.614164,True,28.0|274,863
8|863|8|863|sample|10|274|10|274|28.0,1.00004,791.744,-9.65449,0.0786062,7.81211e-10,0.615207,1.00005,791.744,-3.91939,0.0786062,7.92829e-10,0.614164,True,28.0|274,863
8|863|8|863|sample|5|274|5|274|28.0,1.00004,791.744,-2.91128,0.0786062,7.81211e-10,0.615207,1.00005,791.744,-1.33015,0.0786062,7.92829e-10,0.614164,True,28.0|274,863
8|863|8|863|sample|3|274|3|274|22.0,1.00004,793.14,-9.57883,0.0583757,7.81211e-10,0.615207,1.00005,793.14,-3.04678,0.0583757,7.92829e-10,0.614164,True,22.0|274,863
8|863|8|863|sample|4|274|4|274|22.0,1.00004,793.14,-9.14138,0.0583757,7.81211e-10,0.615207,1.00005,793.14,-2.46824,0.0583757,7.92829e-10,0.614164,True,22.0|274,863
8|863|8|863|sample|10|274|10|274|65.0,1.00004,795.251,-2.92753,0.354552,7.81211e-10,0.615207,1.00005,795.251,-1.78018,0.354552,7.92829e-10,0.614164,True,65.0|274,863
8|863|8|863|cc|1|1|274|1|274|69.0,1.00004,789.317,0.604252,33.9129,7.81211e-10,0.615207,1.00005,789.317,-3.11989e-06,33.9129,7.92829e-10,0.614164,False,69.0|274,863
8|863|8|863|cc|2|1|274|1|274|69.0,1.00004,789.317,-0.397542,33.9129,7.81211e-10,0.615207,1.00005,789.317,-1.6202e-07,33.9129,7.92829e-10,0.614164,False,69.0|274,863
8|863|8|863|cc|3|1|274|1|274|69.0,1.00004,789.317,-0.111697,33.9129,7.81211e-10,0.615207,1.00005,789.317,-5.31656e-07,33.9129,7.92829e-10,0.614164,False,69.0|274,863
8|863|8|863|cc|4|1|274|1|274|69.0,1.00004,789.317,0.93239,33.9129,7.81211e-10,0.615207,1.00005,789.317,9.10276e-06,33.9129,7.92829e-10,0.614164,False,69.0|274,863
8|863|8|863|cc|5|1|274|1|274|69.0,1.00004,789.317,-0.332802,33.9129,7.81211e-10,0.615207,1.00005,789.317,2.28155e-06,33.9129,7.92829e-10,0.614164,False,69.0|274,863
8|863|8|863|cc|6|1|274|1|274|69.0,1.00004,789.317,-1.57842,33.9129,7.81211e-10,0.615207,1.00005,789.317,-1.55767e-05,33.9129,7.92829e-10,0.614164,False,69.0|274,863
8|863|8|863|cc|7|1|274|1|274|69.0,1.00004,789.317,-0.117988,33.9129,7.81211e-10,0.615207,1.00005,789.317,7.75445e-06,33.9129,7.92829e-10,0.614164,False,69.0|274,863
8|863|8|863|cc|8|1|274|1|274|69.0,1.00004,789.317,0.563173,33.9129,7.81211e-10,0.615207,1.00005,789.317,-2.329e-05,33.9129,7.92829e-10,0.614164,False,69.0|274,863
8|863|8|863|vc|1|2|274|2|274|69.0,1.00004,789.317,-0.00922385,33.9129,7.81211e-10,0.615207,1.00005,789.317,-0.00941757,33.9129,7.92829e-10,0.614164,False,69.0|274,863
8|863|8|863|vc|2|2|274|2|274|69.0,1.00004,789.317,1.11554,33.9129,7.81211e-10,0.615207,1.00005,789.317,-2.17786e-05,33.9129,7.92829e-10,0.614164,False,69.0|274,863
8|863|8|863|vc|3|2|274|2|274|69.0,1.00004,789.317,0.344315,33.9129,7.81211e-10,0.615207,1.00005,789.317,7.51986e-06,33.9129,7.92829e-10,0.614164,False,69.0|274,863
8|863|8|863|vc|4|2|274|2|274|69.0,1.00004,789.317,-0.937608,33.9129,7.81211e-10,0.615207,1.00005,789.317,4.67665e-06,33.9129,7.92829e-10,0.614164,False,69.0|274,863
8|863|8|863|vc|5|2|274|2|274|69.0,1.00004,789.317,-1.04486,33.9129,7.81211e-10,0.615207,1.00005,789.317,-4.88044e-07,33.9129,7.92829e-10,0.614164,False,69.0|274,863
8|863|8|863|vc|6|2|274|2|274|69.0,1.00004,789.317,-0.577553,33.9129,7.81211e-10,0.615207,1.00005,789.317,6.20558e-06,33.9129,7.92829e-10,0.614164,False,69.0|274,863
8|863|8|863|vc|7|2|274|2|274|69.0,1.00004,789.317,-0.741027,33.9129,7.81211e-10,0.615207,1.00005,789.317,-2.43856e-06,33.9129,7.92829e-10,0.614164,False,69.0|274,863
8|863|8|863|vc|8|2|274|2|274|69.0,1.00004,789.317,1.63911,33.9129,7.81211e-10,0.615207,1.00005,789.317,1.95045e-07,33.9129,7.92829e-10,0.614164,False,69.0|274,863
8|488|8|488|sample|6|322|6|322|55.0,1.00024,795.235,-9.70883,20.5565,7.81554e-10,0.615223,1.00023,795.235,-3.01829,20.5565,7.93178e-10,0.614181,True,55.0|322,488
8|488|8|488|sample|5|322|5|322|55.0,1.00024,795.235,-10.5668,20.5565,7.81554e-10,0.615223,1.00023,795.235,-2.9793,20.5565,7.93178e-10,0.614181,True,55.0|322,488
8|488|8|488|sample|4|322|4|322|55.0,1.00024,795.235,-8.33587,20.5565,7.81554e-10,0.615223,1.00023,795.235,-1.47125,20.5565,7.93178e-10,0.614181,True,55.0|322,488
8|488|8|488|sample|3|322|3|322|55.0,1.00024,795.235,-9.76378,20.5565,7.81554e-10,0.615223,1.00023,795.235,-1.38124,20.5565,7.93178e-10,0.614181,True,55.0|322,488
8|488|8|488|sample|10|322|10|322|32.0,1.00024,795.054,-9.55333,0.0647229,7.81554e-10,0.615223,1.00023,795.054,-2.89727,0.0647229,7.93178e-10,0.614181,True,32.0|322,488
8|488|8|488|sample|9|322|9|322|32.0,1.00024,795.054,-10.1622,0.0647229,7.81554e-10,0.615223,1.00023,795.054,-2.58601,0.0647229,7.93178e-10,0.614181,True,32.0|322,488
8|488|8|488|sample|8|322|8|322|32.0,1.00024,795.054,-11.015,0.0647229,7.81554e-10,0.615223,1.00023,795.054,-3.36211,0.0647229,7.93178e-10,0.614181,True,32.0|322,488
8|488|8|488|sample|7|322|7|322|32.0,1.00024,795.054,-9.49492,0.0647229,7.81554e-10,0.615223,1.00023,795.054,-3.00773,0.0647229,7.93178e-10,0.614181,True,32.0|322,488
8|488|8|488|sample|11|322|11|322|22.0,1.00024,788.475,-9.27385,0.0509574,7.81554e-10,0.615223,1.00023,788.475,-2.95876,0.0509574,7.93178e-10,0.614181,True,22.0|322,488
8|488|8|488|sample|12|322|12|322|22.0,1.00024,788.475,-11.2394,0.0509574,7.81554e-10,0.615223,1.00023,788.475,-3.09921,0.0509574,7.93178e-10,0.614181,True,22.0|322,488
8|488|8|488|cc|1|1|322|1|322|69.0,1.00024,788.134,-1.25949,5.02993,7.81554e-10,0.615223,1.00023,788.134,9.44824e-07,5.02993,7.93178e-10,0.614181,False,69.0|322,488
8|488|8|488|cc|2|1|322|1|322|69.0,1.00024,788.134,0.0685094,5.02993,7.81554e-10,0.615223,1.00023,788.134,1.43725e-07,5.02993,7.93178e-10,0.614181,False,69.0|322,488
8|488|8|488|cc|3|1|322|1|322|69.0,1.00024,788.134,-0.0426269,5.02993,7.81554e-10,0.615223,1.00023,788.134,2.2403e-06,5.02993,7.93178e-10,0.614181,False,69.0|322,488
8|488|8|488|cc|4|1|322|1|322|69.0,1.00024,788.134,-0.720335,5.02993,7.81554e-10,0.615223,1.00023,788.134,3.86734e-06,5.02993,7.93178e-10,0.614181,False,69.0|322,488
8|488|8|488|cc|5|1|322|1|322|69.0,1.00024,788.134,1.24676,5.02993,7.81554e-10,0.615223,1.00023,788.134,7.5684e-06,5.02993,7.93178e-10,0.614181,False,69.0|322,488
8|488|8|488|cc|6|1|322|1|322|69.0,1.00024,788.134,-1.21613,5.02993,7.81554e-10,0.615223,1.00023,788.134,4.49552e-06,5.02993,7.93178e-10,0.614181,False,69.0|322,488
8|488|8|488|cc|7|1|322|1|322|69.0,1.00024,788.134,-0.979444,5.02993,7.81554e-10,0.615223,1.00023,788.134,-8.72337e-06,5.02993,7.93178e-10,0.614181,False,69.0|322,488
8|488|8|488|cc|8|1|322|1|322|69.0,1.00024,788.134,-0.394753,5.02993,7.81554e-10,0.615223,1.00023,788.134,8.55199e-06,5.02993,7.93178e-10,0.614181,False,69.0|322,488
8|488|8|488|vc|1|2|322|2|322|69.0,1.00024,788.134,0.636304,5.02993,7.81554e-10,0.615223,1.00023,788.134,2.74646e-06,5.02993,7.93178e-10,0.614181,False,69.0|322,488
8|488|8|488|vc|2|2|322|2|322|69.0,1.00024,788.134,0.304946,5.02993,7.81554e-10,0.615223,1.00023,788.134,-4.32729e-07,5.02993,7.93178e-10,0.614181,False,69.0|322,488
8|488|8|488|vc|3|2|322|2|322|69.0,1.00024,788.134,-1.1327,5.02993,7.81554e-10,0.615223,1.00023,788.134,-2.82667e-06,5.02993,7.93178e-10,0.614181,False,69.0|322,488
8|488|8|488|vc|4|2|322|2|322|69.0,1.00024,788.134,-0.317221,5.02993,7.81554e-10,0.615223,1.00023,788.134,5.37541e-06,5.02993,7.93178e-10,0.614181,False,69.0|322,488
8|488|8|488|vc|5|2|322|2|322|69.0,1.00024,788.134,-2.97756,5.02993,7.81554e-10,0.615223,1.00023,788.134,2.36061e-05,5.02993,7.93178e-10,0.614181,False,69.0|322,488
8|488|8|488|vc|6|2|322|2|322|69.0,1.00024,788.134,0.726679,5.02993,7.81554e-10,0.615223,1.00023,788.134,1.65367e-05,5.02993,7.93178e-10,0.614181,False,69.0|322,488
8|488|8|488|vc|7|2|322|2|322|69.0,1.00024,788.134,-0.679493,5.02993,7.81554e-10,0.615223,1.00023,788.134,-4.30177e-06,5.02993,7.93178e-10,0.614181,False,69.0|322,488
8|488|8|488|vc|8|2|322|2|322|69.0,1.00024,788.134,1.72729,5.02993,7.81554e-10,0.615223,1.00023,788.134,-7.27112e-06,5.02993,7.93178e-10,0.614181,False,69.0|322,488
8|152|8|152|sample|8|322|8|322|65.0,2265.5,797.263,9.83084,0.0803409,7.81572e-10,0.615209,2268.57,797.263,2.26256,0.0803409,7.93196e-10,0.614166,True,65.0|322,152
8|152|8|152|sample|7|322|7|322|65.0,2265.5,797.263,9.77267,0.0803409,7.81572e-10,0.615209,2268.57,797.263,2.40787,0.0803409,7.93196e-10,0.614166,True,65.0|322,152
8|152|8|152|sample|6|322|6|322|65.0,2265.5,797.263,9.72223,0.0803409,7.81572e-10,0.615209,2268.57,797.263,2.27582,0.0803409,7.93196e-10,0.614166,True,65.0|322,152
8|152|8|152|sample|5|322|5|322|65.0,2265.5,797.263,9.88214,0.0803409,7.81572e-10,0.615209,2268.57,797.263,2.31878,0.0803409,7.93196e-10,0.614166,True,65.0|322,152
8|152|8|152|sample|12|322|12|322|28.0,2265.5,787.397,7.84429,0.00567679,7.81572e-10,0.615209,2268.57,787.397,1.50348,0.00567679,7.93196e-10,0.614166,True,28.0|322,152
8|152|8|152|sample|11|322|11|322|28.0,2265.5,787.397,8.8505,0.00567679,7.81572e-10,0.615209,2268.57,787.397,1.19661,0.00567679,7.93196e-10,0.614166,True,28.0|322,152
8|152|8|152|sample|10|322|10|322|28.0,2265.5,787.397,8.23157,0.00567679,7.81572e-10,0.615209,2268.57,787.397,1.13619,0.00567679,7.93196e-10,0.614166,True,28.0|322,152
8|152|8|152|sample|9|322|9|322|28.0,2265.5,787.397,9.39036,0.00567679,7.81572e-10,0.615209,2268.57,787.397,1.04493,0.00567679,7.93196e-10,0.614166,True,28.0|322,152
8|152|8|152|sample|3|322|3|322|22.0,2265.5,788.475,9.02534,0.0509574,7.81572e-10,0.615209,2268.57,788.475,2.25786,0.0509574,7.93196e-10,0.614166,True,22.0|322,152
8|152|8|152|sample|4|322|4|322|22.0,2265.5,788.475,9.34113,0.0509574,7.81572e-10,0.615209,2268.57,788.475,2.00937,0.0509574,7.93196e-10,0.614166,True,22.0|322,152
8|152|8|152|cc|1|1|322|1|322|69.0,2265.5,788.134,-1.47558,5.02993,7.81572e-10,0.615209,2268.57,788.134,2.50078e-05,5.02993,7.93196e-10,0.614166,False,69.0|322,152
8|152|8|152|cc|2|1|322|1|322|69.0,2265.5,788.134,-2.53007,5.02993,7.81572e-10,0.615209,2268.57,788.134,6.21364e-06,5.02993,7.93196e-10,0.614166,False,69.0|322,152
8|152|8|152|cc|3|1|322|1|322|69.0,2265.5,788.134,0.315453,5.02993,7.81572e-10,0.615209,2268.57,788.134,3.23901e-05,5.02993,7.93196e-10,0.614166,False,69.0|322,152
8|152|8|152|cc|4|1|322|1|322|69.0,2265.5,788.134,-0.621397,5.02993,7.81572e-10,0.615209,2268.57,788.134,3.98143e-07,5.02993,7.93196e-10,0.614166,False,69.0|322,152
8|152|8|152|cc|5|1|322|1|322|69.0,2265.5,788.134,-0.169394,5.02993,7.81572e-10,0.615209,2268.57,788.134,1.37427e-05,5.02993,7.93196e-10,0.614166,False,69.0|322,152
8|152|8|152|cc|6|1|322|1|322|69.0,2265.5,788.134,-0.295942,5.02993,7.81572e-10,0.615209,2268.57,788.134,5.60905e-06,5.02993,7.93196e-10,0.614166,False,69.0|322,152
8|152|8|152|cc|7|1|322|1|322|69.0,2265.5,788.134,-0.256118,5.02993,7.81572e-10,0.615209,2268.57,788.134,8.24291e-07,5.02993,7.93196e-10,0.614166,False,69.0|322,152
8|152|8|152|cc|8|1|322|1|322|69.0,2265.5,788.134,0.400673,5.02993,7.81572e-10,0.615209,2268.57,788.134,-9.73421e-06,5.02993,7.93196e-10,0.614166,False,69.0|322,152
8|152|8|152|vc|1|2|322|2|322|69.0,2265.5,788.134,0.146935,5.02993,7.81572e-10,0.615209,2268.57,788.134,6.36066e-06,5.02993,7.93196e-10,0.614166,False,69.0|322,152
8|152|8|152|vc|2|2|322|2|322|69.0,2265.5,788.134,0.151649,5.02993,7.81572e-10,0.615209,2268.57,788.134,-3.86371e-07,5.02993,7.93196e-10,0.614166,False,69.0|322,152
8|152|8|152|vc|3|2|322|2|322|69.0,2265.5,788.134,-1.00114,5.02993,7.81572e-10,0.615209,2268.57,788.134,7.67292e-06,5.02993,7.93196e-10,0.614166,False,69.0|322,152
8|152|8|152|vc|4|2|322|2|322|69.0,2265.5,788.134,-2.23799,5.02993,7.81572e-10,0.615209,2268.57,788.134,-4.58441e-07,5.02993,7.93196e-10,0.614166,False,69.0|322,152
8|152|8|152|vc|5|2|322|2|322|69.0,2265.5,788.134,1.62711,5.02993,7.81572e-10,0.615209,2268.57,788.134,8.92588e-06,5.02993,7.93196e-10,0.614166,False,69.0|322,152
8|152|8|152|vc|6|2|322|2|322|69.0,2265.5,788.134,-1.22622,5.02993,7.81572e-10,0.615209,2268.57,788.134,1.50431e-06,5.02993,7.93196e-10,0.614166,False,69.0|322,152
8|152|8|152|vc|7|2|322|2|322|69.0,2265.5,788.134,0.975102,5.02993,7.81572e-10,0.615209,2268.57,788.134,5.81358e-06,5.02993,7.93196e-10,0.614166,False,69.0|322,152
8|152|8|152|vc|8|2|322|2|322|69.0,2265.5,788.134,2.0698,5.02993,7.81572e-10,0.615209,2268.57,788.134,-5.24424e-06,5.02993,7.93196e-10,0.614166,False,69.0|322,152
8|847|8|847|sample|6|69|6|69|55.0,1.00004,786.294,-9.75193,2.28938,7.81152e-10,0.615223,1.00004,786.294,-2.23062,2.28938,7.9277e-10,0.61418,True,55.0|69,847
8|847|8|847|sample|3|69|3|69|55.0,1.00004,786.294,-9.84783,2.28938,7.81152e-10,0.615223,1.00004,786.294,-2.67579,2.28938,7.9277e-10,0.61418,True,55.0|69,847
8|847|8|847|sample|4|69|4|69|55.0,1.00004,786.294,-10.4978,2.28938,7.81152e-10,0.615223,1.00004,786.294,-2.58482,2.28938,7.9277e-10,0.61418,True,55.0|69,847
8|847|8|847|sample|10|69|10|69|32.0,1.00004,792.459,-10.0911,0.0695094,7.81152e-10,0.615223,1.00004,792.459,-4.36862,0.0695094,7.9277e-10,0.61418,True,32.0|69,847
8|847|8|847|sample|9|69|9|69|32.0,1.00004,792.459,-10.6464,0.0695094,7.81152e-10,0.615223,1.00004,792.459,-4.76994,0.0695094,7.9277e-10,0.61418,True,32.0|69,847
8|847|8|847|sample|7|69|7|69|32.0,1.00004,792.459,-11.6101,0.0695094,7.81152e-10,0.615223,1.00004,792.459,-5.36775,0.0695094,7.9277e-10,0.61418,True,32.0|69,847
8|847|8|847|sample|8|69|8|69|32.0,1.00004,792.459,-10.4564,0.0695094,7.81152e-10,0.615223,1.00004,792.459,-5.19683,0.0695094,7.9277e-10,0.61418,True,32.0|69,847
8|847|8|847|sample|12|69|12|69|22.0,1.00004,792.731,-11.7653,0.260602,7.81152e-10,0.615223,1.00004,792.731,-4.75106,0.260602,7.9277e-10,0.61418,True,22.0|69,847
8|847|8|847|sample|11|69|11|69|22.0,1.00004,792.731,-11.9096,0.260602,7.81152e-10,0.615223,1.00004,792.731,-4.32215,0.260602,7.9277e-10,0.61418,True,22.0|69,847
8|847|8|847|sample|5|69|5|69|55.0,1.00004,786.294,-8.60891,2.28938,7.81152e-10,0.615223,1.00004,786.294,-2.30487,2.28938,7.9277e-10,0.61418,True,55.0|69,847
8|847|8|847|cc|1|1|69|1|69|69.0,1.00004,791.048,-0.873986,1.21561,7.81152e-10,0.615223,1.00004,791.048,-2.14751e-08,1.21561,7.9277e-10,0.61418,False,69.0|69,847
8|847|8|847|cc|2|1|69|1|69|69.0,1.00004,791.048,-0.247383,1.21561,7.81152e-10,0.615223,1.00004,791.048,2.4386e-07,1.21561,7.9277e-10,0.61418,False,69.0|69,847
8|847|8|847|cc|3|1|69|1|69|69.0,1.00004,791.048,0.724566,1.21561,7.81152e-10,0.615223,1.00004,791.048,5.87842e-07,1.21561,7.9277e-10,0.61418,False,69.0|69,847
8|847|8|847|cc|4|1|69|1|69|69.0,1.00004,791.048,1.16244,1.21561,7.81152e-10,0.615223,1.00004,791.048,-2.43465e-05,1.21561,7.9277e-10,0.61418,False,69.0|69,847
8|847|8|847|cc|5|1|69|1|69|69.0,1.00004,791.048,0.116173,1.21561,7.81152e-10,0.615223,1.00004,791.048,-2.90538e-07,1.21561,7.9277e-10,0.61418,False,69.0|69,847
8|847|8|847|cc|6|1|69|1|69|69.0,1.00004,791.048,-0.456573,1.21561,7.81152e-10,0.615223,1.00004,791.048,-5.78658e-07,1.21561,7.9277e-10,0.61418,False,69.0|69,847
8|847|8|847|cc|7|1|69|1|69|69.0,1.00004,791.048,-0.402232,1.21561,7.81152e-10,0.615223,1.00004,791.048,3.63685e-07,1.21561,7.9277e-10,0.61418,False,69.0|69,847
8|847|8|847|cc|8|1|69|1|69|69.0,1.00004,791.048,0.294259,1.21561,7.81152e-10,0.615223,1.00004,791.048,-1.46906e-07,1.21561,7.9277e-10,0.61418,False,69.0|69,847
8|847|8|847|vc|1|2|69|2|69|69.0,1.00004,791.048,0.130618,1.21561,7.81152e-10,0.615223,1.00004,791.048,-4.71707e-07,1.21561,7.9277e-10,0.61418,False,69.0|69,847
8|847|8|847|vc|2|2|69|2|69|69.0,1.00004,791.048,1.33492,1.21561,7.81152e-10,0.615223,1.00004,791.048,1.63316e-07,1.21561,7.9277e-10,0.61418,False,69.0|69,847
8|847|8|847|vc|3|2|69|2|69|69.0,1.00004,791.048,0.447614,1.21561,7.81152e-10,0.615223,1.00004,791.048,4.357e-07,1.21561,7.9277e-10,0.61418,False,69.0|69,847
8|847|8|847|vc|4|2|69|2|69|69.0,1.00004,791.048,-0.666863,1.21561,7.81152e-10,0.615223,1.00004,791.048,-6.13696e-07,1.21561,7.9277e-10,0.61418,False,69.0|69,847
8|847|8|847|vc|5|2|69|2|69|69.0,1.00004,791.048,-0.918166,1.21561,7.81152e-10,0.615223,1.00004,791.048,-1.30065e-07,1.21561,7.9277e-10,0.61418,False,69.0|69,847
8|847|8|847|vc|6|2|69|2|69|69.0,1.00004,791.048,0.726064,1.21561,7.81152e-10,0.615223,1.00004,791.048,-3.44238e-07,1.21561,7.9277e-10,0.61418,False,69.0|69,847
8|847|8|847|vc|7|2|69|2|69|69.0,1.00004,791.048,0.989696,1.21561,7.81152e-10,0.615223,1.00004,791.048,1.44429e-07,1.21561,7.9277e-10,0.61418,False,69.0|69,847
8|847|8|847|vc|8|2|69|2|69|69.0,1.00004,791.048,-0.639117,1.21561,7.81152e-10,0.615223,1.00004,791.048,-1.41015e-07,1.21561,7.9277e-10,0.61418,False,69.0|69,847
8|1241|8|1241|sample|8|69|8|69|65.0,3797.52,797.078,9.52032,0.162927,7.81225e-10,0.615227,3795.38,797.078,2.69597,0.162927,7.92843e-10,0.614184,True,65.0|69,1241
8|1241|8|1241|sample|7|69|7|69|65.0,3797.52,797.078,8.99517,0.162927,7.81225e-10,0.615227,3795.38,797.078,2.8346,0.162927,7.92843e-10,0.614184,True,65.0|69,1241
8|1241|8|1241|sample|5|69|5|69|65.0,3797.52,797.078,8.89406,0.162927,7.81225e-10,0.615227,3795.38,797.078,2.02461,0.162927,7.92843e-10,0.614184,True,65.0|69,1241
8|1241|8|1241|sample|6|69|6|69|65.0,3797.52,797.078,8.03338,0.162927,7.81225e-10,0.615227,3795.38,797.078,1.99763,0.162927,7.92843e-10,0.614184,True,65.0|69,1241
8|1241|8|1241|sample|11|69|11|69|28.0,3797.52,790.724,10.4678,0.0427663,7.81225e-10,0.615227,3795.38,790.724,2.17724,0.0427663,7.92843e-10,0.614184,True,28.0|69,1241
8|1241|8|1241|sample|12|69|12|69|28.0,3797.52,790.724,9.51563,0.0427663,7.81225e-10,0.615227,3795.38,790.724,2.3293,0.0427663,7.92843e-10,0.614184,True,28.0|69,1241
8|1241|8|1241|sample|9|69|9|69|28.0,3797.52,790.724,6.82191,0.0427663,7.81225e-10,0.615227,3795.38,790.724,1.34754,0.0427663,7.92843e-10,0.614184,True,28.0|69,1241
8|1241|8|1241|sample|10|69|10|69|28.0,3797.52,790.724,7.38046,0.0427663,7.81225e-10,0.615227,3795.38,790.724,1.64687,0.0427663,7.92843e-10,0.614184,True,28.0|69,1241
8|1241|8|1241|sample|3|69|3|69|22.0,3797.52,792.731,9.06736,0.260602,7.81225e-10,0.615227,3795.38,792.731,2.45508,0.260602,7.92843e-10,0.614184,True,22.0|69,1241
8|1241|8|1241|sample|4|69|4|69|22.0,3797.52,792.731,10.6469,0.260602,7.81225e-10,0.615227,3795.38,792.731,2.3166,0.260602,7.92843e-10,0.614184,True,22.0|69,1241
8|1241|8|1241|sample|3|69|3|69|65.0,3797.52,797.078,3.18945,0.162927,7.81225e-10,0.615227,3795.38,797.078,1.3435,0.162927,7.92843e-10,0.614184,True,65.0|69,1241
8|1241|8|1241|sample|8|69|8|69|22.0,3797.52,792.731,4.09064,0.260602,7.81225e-10,0.615227,3795.38,792.731,1.55924,0.260602,7.92843e-10,0.614184,True,22.0|69,1241
8|1241|8|1241|cc|1|1|69|1|69|69.0,3797.52,791.048,-0.615768,1.21561,7.81225e-10,0.615227,3795.38,791.048,1.71037e-07,1.21561,7.92843e-10,0.614184,False,69.0|69,1241
8|1241|8|1241|cc|2|1|69|1|69|69.0,3797.52,791.048,1.1128,1.21561,7.81225e-10,0.615227,3795.38,791.048,2.01107e-07,1.21561,7.92843e-10,0.614184,False,69.0|69,1241
8|1241|8|1241|cc|3|1|69|1|69|69.0,3797.52,791.048,-0.012469,1.21561,7.81225e-10,0.615227,3795.38,791.048,-2.72461e-07,1.21561,7.92843e-10,0.614184,False,69.0|69,1241
8|1241|8|1241|cc|4|1|69|1|69|69.0,3797.52,791.048,0.439763,1.21561,7.81225e-10,0.615227,3795.38,791.048,3.57527e-07,1.21561,7.92843e-10,0.614184,False,69.0|69,1241
8|1241|8|1241|cc|5|1|69|1|69|69.0,3797.52,791.048,-0.916942,1.21561,7.81225e-10,0.615227,3795.38,791.048,-1.02658e-08,1.21561,7.92843e-10,0.614184,False,69.0|69,1241
8|1241|8|1241|cc|6|1|69|1|69|69.0,3797.52,791.048,-0.4225,1.21561,7.81225e-10,0.615227,3795.38,791.048,-8.54239e-07,1.21561,7.92843e-10,0.614184,False,69.0|69,1241
8|1241|8|1241|cc|7|1|69|1|69|69.0,3797.52,791.048,-0.465864,1.21561,7.81225e-10,0.615227,3795.38,791.048,-3.8411e-07,1.21561,7.92843e-10,0.614184,False,69.0|69,1241
8|1241|8|1241|cc|8|1|69|1|69|69.0,3797.52,791.048,0.335246,1.21561,7.81225e-10,0.615227,3795.38,791.048,3.0626e-07,1.21561,7.92843e-10,0.614184,False,69.0|69,1241
8|1241|8|1241|vc|1|2|69|2|69|69.0,3797.52,791.048,-0.293846,1.21561,7.81225e-10,0.615227,3795.38,791.048,1.0213e-07,1.21561,7.92843e-10,0.614184,False,69.0|69,1241
8|1241|8|1241|vc|2|2|69|2|69|69.0,3797.52,791.048,1.51378,1.21561,7.81225e-10,0.615227,3795.38,791.048,3.7343e-07,1.21561,7.92843e-10,0.614184,False,69.0|69,1241
8|1241|8|1241|vc|3|2|69|2|69|69.0,3797.52,791.048,-0.556935,1.21561,7.81225e-10,0.615227,3795.38,791.048,6.44485e-07,1.21561,7.92843e-10,0.614184,False,69.0|69,1241
8|1241|8|1241|vc|4|2|69|2|69|69.0,3797.52,791.048,1.257,1.21561,7.81225e-10,0.615227,3795.38,791.048,-3.76562e-07,1.21561,7.92843e-10,0.614184,False,69.0|69,1241
8|1241|8|1241|vc|5|2|69|2|69|69.0,3797.52,791.048,-0.266625,1.21561,7.81225e-10,0.615227,3795.38,791.048,5.78162e-07,1.21561,7.92843e-10,0.614184,False,69.0|69,1241
8|1241|8|1241|vc|6|2|69|2|69|69.0,3797.52,791.048,-0.167866,1.21561,7.81225e-10,0.615227,3795.38,791.048,2.58559e-07,1.21561,7.92843e-10,0.614184,False,69.0|69,1241
8|1241|8|1241|vc|7|2|69|2|69|69.0,3797.52,791.048,0.974815,1.21561,7.81225e-10,0.615227,3795.38,791.048,-2.16509e-07,1.21561,7.92843e-10,0.614184,False,69.0|69,1241
8|1241|8|1241|vc|8|2|69|2|69|69.0,3797.52,791.048,0.431745,1.21561,7.81225e-10,0.615227,3795.38,791.048,2.35382e-07,1.21561,7.92843e-10,0.614184,False,69.0|69,1241
8|474|8|474|sample|5|276|5|276|55.0,3755.81,791.612,6.65375,0.0646865,7.81565e-10,0.615241,3758.98,791.612,1.08681,0.0646865,7.93189e-10,0.614199,True,55.0|276,474
8|474|8|474|sample|6|276|6|276|55.0,3755.81,791.612,7.03301,0.0646865,7.81565e-10,0.615241,3758.98,791.612,1.02556,0.0646865,7.93189e-10,0.614199,True,55.0|276,474
8|474|8|474|sample|3|276|3|276|55.0,3755.81,791.612,10.6605,0.0646865,7.81565e-10,0.615241,3758.98,791.612,0.946616,0.0646865,7.93189e-10,0.614199,True,55.0|276,474
8|474|8|474|sample|4|276|4|276|55.0,3755.81,791.612,8.94397,0.0646865,7.81565e-10,0.615241,3758.98,791.612,1.00084,0.0646865,7.93189e-10,0.614199,True,55.0|276,474
8|474|8|474|sample|9|276|9|276|32.0,3755.81,796.76,8.94699,0.0129104,7.81565e-10,0.615241,3758.98,796.76,2.93796,0.0129104,7.93189e-10,0.614199,True,32.0|276,474
8|474|8|474|sample|10|276|10|276|32.0,3755.81,796.76,8.94048,0.0129104,7.81565e-10,0.615241,3758.98,796.76,2.87352,0.0129104,7.93189e-10,0.614199,True,32.0|276,474
8|474|8|474|sample|8|276|8|276|32.0,3755.81,796.76,11.496,0.0129104,7.81565e-10,0.615241,3758.98,796.76,2.72977,0.0129104,7.93189e-10,0.614199,True,32.0|276,474
8|474|8|474|sample|7|276|7|276|32.0,3755.81,796.76,9.60603,0.0129104,7.81565e-10,0.615241,3758.98,796.76,2.66502,0.0129104,7.93189e-10,0.614199,True,32.0|276,474
8|474|8|474|sample|12|276|12|276|22.0,3755.81,793.5,9.02847,0.0377343,7.81565e-10,0.615241,3758.98,793.5,2.317,0.0377343,7.93189e-10,0.614199,True,22.0|276,474
8|474|8|474|sample|11|276|11|276|22.0,3755.81,793.5,9.14033,0.0377343,7.81565e-10,0.615241,3758.98,793.5,2.1476,0.0377343,7.93189e-10,0.614199,True,22.0|276,474
8|474|8|474|cc|1|1|276|1|276|69.0,3755.81,787.612,0.209415,0.820854,7.81565e-10,0.615241,3758.98,787.612,-3.80713e-07,0.820854,7.93189e-10,0.614199,False,69.0|276,474
8|474|8|474|cc|2|1|276|1|276|69.0,3755.81,787.612,0.188118,0.820854,7.81565e-10,0.615241,3758.98,787.612,1.40848e-05,0.820854,7.93189e-10,0.614199,False,69.0|276,474
8|474|8|474|cc|3|1|276|1|276|69.0,3755.81,787.612,0.213028,0.820854,7.81565e-10,0.615241,3758.98,787.612,2.0575e-06,0.820854,7.93189e-10,0.614199,False,69.0|276,474
8|474|8|474|cc|4|1|276|1|276|69.0,3755.81,787.612,-0.922866,0.820854,7.81565e-10,0.615241,3758.98,787.612,1.70461e-06,0.820854,7.93189e-10,0.614199,False,69.0|276,474
8|474|8|474|cc|5|1|276|1|276|69.0,3755.81,787.612,0.19817,0.820854,7.81565e-10,0.615241,3758.98,787.612,1.67682e-05,0.820854,7.93189e-10,0.614199,False,69.0|276,474
8|474|8|474|cc|6|1|276|1|276|69.0,3755.81,787.612,-0.300348,0.820854,7.81565e-10,0.615241,3758.98,787.612,2.40176e-06,0.820854,7.93189e-10,0.614199,False,69.0|276,474
8|474|8|474|cc|7|1|276|1|276|69.0,3755.81,787.612,-0.228046,0.820854,7.81565e-10,0.615241,3758.98,787.612,7.56005e-07,0.820854,7.93189e-10,0.614199,False,69.0|276,474
8|474|8|474|cc|8|1|276|1|276|69.0,3755.81,787.612,0.641322,0.820854,7.81565e-10,0.615241,3758.98,787.612,1.11937e-06,0.820854,7.93189e-10,0.614199,False,69.0|276,474
8|474|8|474|vc|1|2|276|2|276|69.0,3755.81,787.612,-0.503235,0.820854,7.81565e-10,0.615241,3758.98,787.612,3.29305e-06,0.820854,7.93189e-10,0.614199,False,69.0|276,474
8|474|8|474|vc|2|2|276|2|276|69.0,3755.81,787.612,-0.790981,0.820854,7.81565e-10,0.615241,3758.98,787.612,9.95499e-06,0.820854,7.93189e-10,0.614199,False,69.0|276,474
8|474|8|474|vc|3|2|276|2|276|69.0,3755.81,787.612,-0.685176,0.820854,7.81565e-10,0.615241,3758.98,787.612,-7.53964e-07,0.820854,7.93189e-10,0.614199,False,69.0|276,474
8|474|8|474|vc|4|2|276|2|276|69.0,3755.81,787.612,-1.0525,0.820854,7.81565e-10,0.615241,3758.98,787.612,1.60651e-05,0.820854,7.93189e-10,0.614199,False,69.0|276,474
8|474|8|474|vc|5|2|276|2|276|69.0,3755.81,787.612,0.825449,0.820854,7.81565e-10,0.615241,3758.98,787.612,-1.02055e-06,0.820854,7.93189e-10,0.614199,False,69.0|276,474
8|474|8|474|vc|6|2|276|2|276|69.0,3755.81,787.612,-0.0363647,0.820854,7.81565e-10,0.615241,3758.98,787.612,-2.83819e-07,0.820854,7.93189e-10,0.614199,False,69.0|276,474
8|474|8|474|vc|7|2|276|2|276|69.0,3755.81,787.612,1.66315,0.820854,7.81565e-10,0.615241,3758.98,787.612,-4.41164e-07,0.820854,7.93189e-10,0.614199,False,69.0|276,474
8|474|8|474|vc|8|2|276|2|276|69.0,3755.81,787.612,0.595919,0.820854,7.81565e-10,0.615241,3758.98,787.612,8.34113e-06,0.820854,7.93189e-10,0.614199,False,69.0|276,474
8|1056|8|1056|sample|8|276|8|276|65.0,3421.52,792.005,9.53285,0.101522,7.81637e-10,0.615482,3421.6,792.005,3.02064,0.101522,7.93263e-10,0.614437,True,65.0|276,1056
8|1056|8|1056|sample|7|276|7|276|65.0,3421.52,792.005,10.68,0.101522,7.81637e-10,0.615482,3421.6,792.005,3.14576,0.101522,7.93263e-10,0.614437,True,65.0|276,1056
8|1056|8|1056|sample|6|276|6|276|65.0,3421.52,792.005,10.0337,0.101522,7.81637e-10,0.615482,3421.6,792.005,3.2335,0.101522,7.93263e-10,0.614437,True,65.0|276,1056
8|1056|8|1056|sample|5|276|5|276|65.0,3421.52,792.005,11.5138,0.101522,7.81637e-10,0.615482,3421.6,792.005,3.31661,0.101522,7.93263e-10,0.614437,True,65.0|276,1056
8|1056|8|1056|sample|12|276|12|276|28.0,3421.52,801.233,8.86737,0.00546408,7.81637e-10,0.615482,3421.6,801.233,1.57871,0.00546408,7.93263e-10,0.614437,True,28.0|276,1056
8|1056|8|1056|sample|11|276|11|276|28.0,3421.52,801.233,7.80238,0.00546408,7.81637e-10,0.615482,3421.6,801.233,1.24688,0.00546408,7.93263e-10,0.614437,True,28.0|276,1056
8|1056|8|1056|sample|10|276|10|276|28.0,3421.52,801.233,8.34669,0.00546408,7.81637e-10,0.615482,3421.6,801.233,0.991521,0.00546408,7.93263e-10,0.614437,True,28.0|276,1056
8|1056|8|1056|sample|9|276|9|276|28.0,3421.52,801.233,7.81959,0.00546408,7.81637e-10,0.615482,3421.6,801.233,0.934136,0.00546408,7.93263e-10,0.614437,True,28.0|276,1056
8|1056|8|1056|sample|4|276|4|276|22.0,3421.52,793.5,9.32185,0.0377343,7.81637e-10,0.615482,3421.6,793.5,2.06671,0.0377343,7.93263e-10,0.614437,True,22.0|276,1056
8|1056|8|1056|sample|3|276|3|276|22.0,3421.52,793.5,10.1264,0.0377343,7.81637e-10,0.615482,3421.6,793.5,2.31544,0.0377343,7.93263e-10,0.614437,True,22.0|276,1056
8|1056|8|1056|cc|1|1|276|1|276|69.0,3421.52,787.612,-0.499612,0.820854,7.81637e-10,0.615482,3421.6,787.612,-5.15223e-06,0.820854,7.93263e-10,0.614437,False,69.0|276,1056
8|1056|8|1056|cc|2|1|276|1|276|69.0,3421.52,787.612,-1.05433,0.820854,7.81637e-10,0.615482,3421.6,787.612,-4.10584e-06,0.820854,7.93263e-10,0.614437,False,69.0|276,1056
8|1056|8|1056|cc|3|1|276|1|276|69.0,3421.52,787.612,-0.666076,0.820854,7.81637e-10,0.615482,3421.6,787.612,-1.54177e-05,0.820854,7.93263e-10,0.614437,False,69.0|276,1056
8|1056|8|1056|cc|4|1|276|1|276|69.0,3421.52,787.612,1.16791,0.820854,7.81637e-10,0.615482,3421.6,787.612,-9.491e-06,0.820854,7.93263e-10,0.614437,False,69.0|276,1056
8|1056|8|1056|cc|5|1|276|1|276|69.0,3421.52,787.612,0.319677,0.820854,7.81637e-10,0.615482,3421.6,787.612,-1.56364e-05,0.820854,7.93263e-10,0.614437,False,69.0|276,1056
8|1056|8|1056|cc|6|1|276|1|276|69.0,3421.52,787.612,-0.897149,0.820854,7.81637e-10,0.615482,3421.6,787.612,7.56297e-06,0.820854,7.93263e-10,0.614437,False,69.0|276,1056
8|1056|8|1056|cc|7|1|276|1|276|69.0,3421.52,787.612,0.596204,0.820854,7.81637e-10,0.615482,3421.6,787.612,1.44514e-05,0.820854,7.93263e-10,0.614437,False,69.0|276,1056
8|1056|8|1056|cc|8|1|276|1|276|69.0,3421.52,787.612,0.351489,0.820854,7.81637e-10,0.615482,3421.6,787.612,-2.34802e-07,0.820854,7.93263e-10,0.614437,False,69.0|276,1056
8|1056|8|1056|vc|1|2|276|2|276|69.0,3421.52,787.612,1.26841,0.820854,7.81637e-10,0.615482,3421.6,787.612,9.10456e-06,0.820854,7.93263e-10,0.614437,False,69.0|276,1056
8|1056|8|1056|vc|2|2|276|2|276|69.0,3421.52,787.612,-0.497586,0.820854,7.81637e-10,0.615482,3421.6,787.612,9.46857e-06,0.820854,7.93263e-10,0.614437,False,69.0|276,1056
8|1056|8|1056|vc|3|2|276|2|276|69.0,3421.52,787.612,0.153552,0.820854,7.81637e-10,0.615482,3421.6,787.612,-1.0576e-05,0.820854,7.93263e-10,0.614437,False,69.0|276,1056
8|1056|8|1056|vc|4|2|276|2|276|69.0,3421.52,787.612,0.396479,0.820854,7.81637e-10,0.615482,3421.6,787.612,-4.01303e-07,0.820854,7.93263e-10,0.614437,False,69.0|276,1056
8|1056|8|1056|vc|5|2|276|2|276|69.0,3421.52,787.612,-0.33921,0.820854,7.81637e-10,0.615482,3421.6,787.612,-2.30687e-05,0.820854,7.93263e-10,0.614437,False,69.0|276,1056
8|1056|8|1056|vc|6|2|276|2|276|69.0,3421.52,787.612,-0.500653,0.820854,7.81637e-10,0.615482,3421.6,787.612,1.70793e-06,0.820854,7.93263e-10,0.614437,False,69.0|276,1056
8|1056|8|1056|vc|7|2|276|2|276|69.0,3421.52,787.612,2.00934,0.820854,7.81637e-10,0.615482,3421.6,787.612,2.23901e-06,0.820854,7.93263e-10,0.614437,False,69.0|276,1056
8|1056|8|1056|vc|8|2|276|2|276|69.0,3421.52,787.612,0.159765,0.820854,7.81637e-10,0.615482,3421.6,787.612,-8.13407e-07,0.820854,7.93263e-10,0.614437,False,69.0|276,1056
8|462|8|462|sample|6|292|6|292|55.0,2840.56,797.654,9.23465,1.43062e+06,7.81542e-10,0.615185,2839.01,797.654,0.0524951,1.43062e+06,7.93166e-10,0.614142,True,55.0|292,462
8|462|8|462|sample|5|292|5|292|55.0,2840.56,797.654,9.89491,1.43062e+06,7.81542e-10,0.615185,2839.01,797.654,0.0721804,1.43062e+06,7.93166e-10,0.614142,True,55.0|292,462
8|462|8|462|sample|4|292|4|292|55.0,2840.56,797.654,10.5706,1.43062e+06,7.81542e-10,0.615185,2839.01,797.654,0.144209,1.43062e+06,7.93166e-10,0.614142,True,55.0|292,462
8|462|8|462|sample|3|292|3|292|55.0,2840.56,797.654,9.22786,1.43062e+06,7.81542e-10,0.615185,2839.01,797.654,0.136112,1.43062e+06,7.93166e-10,0.614142,True,55.0|292,462
8|462|8|462|sample|9|292|9|292|32.0,2840.56,797.664,11.095,0.0133254,7.81542e-10,0.615185,2839.01,797.664,3.45177,0.0133254,7.93166e-10,0.614142,True,32.0|292,462
8|462|8|462|sample|10|292|10|292|32.0,2840.56,797.664,9.82426,0.0133254,7.81542e-10,0.615185,2839.01,797.664,2.66572,0.0133254,7.93166e-10,0.614142,True,32.0|292,462
8|462|8|462|sample|7|292|7|292|32.0,2840.56,797.664,10.805,0.0133254,7.81542e-10,0.615185,2839.01,797.664,3.36884,0.0133254,7.93166e-10,0.614142,True,32.0|292,462
8|462|8|462|sample|8|292|8|292|32.0,2840.56,797.664,11.0396,0.0133254,7.81542e-10,0.615185,2839.01,797.664,3.60137,0.0133254,7.93166e-10,0.614142,True,32.0|292,462
8|462|8|462|sample|11|292|11|292|22.0,2840.56,795.088,9.18345,0.68278,7.81542e-10,0.615185,2839.01,795.088,4.84532,0.68278,7.93166e-10,0.614142,True,22.0|292,462
8|462|8|462|sample|12|292|12|292|22.0,2840.56,795.088,11.6543,0.68278,7.81542e-10,0.615185,2839.01,795.088,4.85852,0.68278,7.93166e-10,0.614142,True,22.0|292,462
8|462|8|462|cc|1|1|292|1|292|69.0,2840.56,789.351,-0.145574,7585.2,7.81542e-10,0.615185,2839.01,789.351,-4.08955e-07,7585.2,7.93166e-10,0.614142,False,69.0|292,462
8|462|8|462|cc|2|1|292|1|292|69.0,2840.56,789.351,-1.64651,7585.2,7.81542e-10,0.615185,2839.01,789.351,-2.66308e-07,7585.2,7.93166e-10,0.614142,False,69.0|292,462
8|462|8|462|cc|3|1|292|1|292|69.0,2840.56,789.351,0.560388,7585.2,7.81542e-10,0.615185,2839.01,789.351,5.5202e-08,7585.2,7.93166e-10,0.614142,False,69.0|292,462
8|462|8|462|cc|4|1|292|1|292|69.0,2840.56,789.351,0.627599,7585.2,7.81542e-10,0.615185,2839.01,789.351,-3.72808e-08,7585.2,7.93166e-10,0.614142,False,69.0|292,462
8|462|8|462|cc|5|1|292|1|292|69.0,2840.56,789.351,0.959204,7585.2,7.81542e-10,0.615185,2839.01,789.351,-1.21499e-06,7585.2,7.93166e-10,0.614142,False,69.0|292,462
8|462|8|462|cc|6|1|292|1|292|69.0,2840.56,789.351,-1.17855,7585.2,7.81542e-10,0.615185,2839.01,789.351,2.60533e-07,7585.2,7.93166e-10,0.614142,False,69.0|292,462
8|462|8|462|cc|7|1|292|1|292|69.0,2840.56,789.351,0.281818,7585.2,7.81542e-10,0.615185,2839.01,789.351,-5.48043e-07,7585.2,7.93166e-10,0.614142,False,69.0|292,462
8|462|8|462|cc|8|1|292|1|292|69.0,2840.56,789.351,1.08046,7585.2,7.81542e-10,0.615185,2839.01,789.351,-4.69598e-08,7585.2,7.93166e-10,0.614142,False,69.0|292,462
8|462|8|462|vc|1|2|292|2|292|69.0,2840.56,789.351,0.266755,7585.2,7.81542e-10,0.615185,2839.01,789.351,9.27011e-08,7585.2,7.93166e-10,0.614142,False,69.0|292,462
8|462|8|462|vc|2|2|292|2|292|69.0,2840.56,789.351,2.5537,7585.2,7.81542e-10,0.615185,2839.01,789.351,-3.22009e-07,7585.2,7.93166e-10,0.614142,False,69.0|292,462
8|462|8|462|vc|3|2|292|2|292|69.0,2840.56,789.351,0.270208,7585.2,7.81542e-10,0.615185,2839.01,789.351,5.60114e-07,7585.2,7.93166e-10,0.614142,False,69.0|292,462
8|462|8|462|vc|4|2|292|2|292|69.0,2840.56,789.351,1.77522,7585.2,7.81542e-10,0.615185,2839.01,789.351,3.86851e-07,7585.2,7.93166e-10,0.614142,False,69.0|292,462
8|462|8|462|vc|5|2|292|2|292|69.0,2840.56,789.351,0.641171,7585.2,7.81542e-10,0.615185,2839.01,789.351,2.755e-07,7585.2,7.93166e-10,0.614142,False,69.0|292,462
8|462|8|462|vc|6|2|292|2|292|69.0,2840.56,789.351,-0.0145602,7585.2,7.81542e-10,0.615185,2839.01,789.351,-2.52563e-07,7585.2,7.93166e-10,0.614142,False,69.0|292,462
8|462|8|462|vc|7|2|292|2|292|69.0,2840.56,789.351,0.139509,7585.2,7.81542e-10,0.615185,2839.01,789.351,1.00935e-08,7585.2,7.93166e-10,0.614142,False,69.0|292,462
8|462|8|462|vc|8|2|292|2|292|69.0,2840.56,789.351,-1.95109,7585.2,7.81542e-10,0.615185,2839.01,789.351,-1.1211e-07,7585.2,7.93166e-10,0.614142,False,69.0|292,462
8|1159|8|1159|sample|8|292|8|292|65.0,3383.01,791.841,10.2568,0.113192,7.81455e-10,0.615146,3380.31,791.841,1.99695,0.113192,7.93078e-10,0.614103,True,65.0|292,1159
8|1159|8|1159|sample|7|292|7|292|65.0,3383.01,791.841,9.81449,0.113192,7.81455e-10,0.615146,3380.31,791.841,1.91286,0.113192,7.93078e-10,0.614103,True,65.0|292,1159
8|1159|8|1159|sample|5|292|5|292|65.0,3383.01,791.841,9.90118,0.113192,7.81455e-10,0.615146,3380.31,791.841,2.09012,0.113192,7.93078e-10,0.614103,True,65.0|292,1159
8|1159|8|1159|sample|6|292|6|292|65.0,3383.01,791.841,9.70818,0.113192,7.81455e-10,0.615146,3380.31,791.841,2.08609,0.113192,7.93078e-10,0.614103,True,65.0|292,1159
8|1159|8|1159|sample|11|292|11|292|28.0,3383.01,788.469,9.75144,0.00883976,7.81455e-10,0.615146,3380.31,788.469,1.19803,0.00883976,7.93078e-10,0.614103,True,28.0|292,1159
8|1159|8|1159|sample|12|292|12|292|28.0,3383.01,788.469,9.10941,0.00883976,7.81455e-10,0.615146,3380.31,788.469,1.47116,0.00883976,7.93078e-10,0.614103,True,28.0|292,1159
8|1159|8|1159|sample|9|292|9|292|28.0,3383.01,788.469,5.84245,0.00883976,7.81455e-10,0.615146,3380.31,788.469,0.801966,0.00883976,7.93078e-10,0.614103,True,28.0|292,1159
8|1159|8|1159|sample|10|292|10|292|28.0,3383.01,788.469,7.60807,0.00883976,7.81455e-10,0.615146,3380.31,788.469,0.943651,0.00883976,7.93078e-10,0.614103,True,28.0|292,1159
8|1159|8|1159|sample|4|292|4|292|22.0,3383.01,795.088,11.4236,0.68278,7.81455e-10,0.615146,3380.31,795.088,2.84612,0.68278,7.93078e-10,0.614103,True,22.0|292,1159
8|1159|8|1159|sample|3|292|3|292|22.0,3383.01,795.088,10.3208,0.68278,7.81455e-10,0.615146,3380.31,795.088,2.82188,0.68278,7.93078e-10,0.614103,True,22.0|292,1159
8|1159|8|1159|cc|1|1|292|1|292|69.0,3383.01,789.351,-0.210643,7585.2,7.81455e-10,0.615146,3380.31,789.351,-3.76194e-07,7585.2,7.93078e-10,0.614103,False,69.0|292,1159
8|1159|8|1159|cc|2|1|292|1|292|69.0,3383.01,789.351,-0.207986,7585.2,7.81455e-10,0.615146,3380.31,789.351,-1.41366e-07,7585.2,7.93078e-10,0.614103,False,69.0|292,1159
8|1159|8|1159|cc|3|1|292|1|292|69.0,3383.01,789.351,-0.662879,7585.2,7.81455e-10,0.615146,3380.31,789.351,-1.97957e-07,7585.2,7.93078e-10,0.614103,False,69.0|292,1159
8|1159|8|1159|cc|4|1|292|1|292|69.0,3383.01,789.351,-0.465897,7585.2,7.81455e-10,0.615146,3380.31,789.351,-2.0648e-07,7585.2,7.93078e-10,0.614103,False,69.0|292,1159
8|1159|8|1159|cc|5|1|292|1|292|69.0,3383.01,789.351,-1.49522,7585.2,7.81455e-10,0.615146,3380.31,789.351,-7.96444e-08,7585.2,7.93078e-10,0.614103,False,69.0|292,1159
8|1159|8|1159|cc|6|1|292|1|292|69.0,3383.01,789.351,-1.77712,7585.2,7.81455e-10,0.615146,3380.31,789.351,-5.36691e-07,7585.2,7.93078e-10,0.614103,False,69.0|292,1159
8|1159|8|1159|cc|7|1|292|1|292|69.0,3383.01,789.351,1.16209,7585.2,7.81455e-10,0.615146,3380.31,789.351,-6.25216e-07,7585.2,7.93078e-10,0.614103,False,69.0|292,1159
8|1159|8|1159|cc|8|1|292|1|292|69.0,3383.01,789.351,-0.220318,7585.2,7.81455e-10,0.615146,3380.31,789.351,-1.45482e-07,7585.2,7.93078e-10,0.614103,False,69.0|292,1159
8|1159|8|1159|vc|1|2|292|2|292|69.0,3383.01,789.351,-0.365383,7585.2,7.81455e-10,0.615146,3380.31,789.351,-3.47648e-07,7585.2,7.93078e-10,0.614103,False,69.0|292,1159
8|1159|8|1159|vc|2|2|292|2|292|69.0,3383.01,789.351,-0.132988,7585.2,7.81455e-10,0.615146,3380.31,789.351,-7.62999e-07,7585.2,7.93078e-10,0.614103,False,69.0|292,1159
8|1159|8|1159|vc|3|2|292|2|292|69.0,3383.01,789.351,-0.676794,7585.2,7.81455e-10,0.615146,3380.31,789.351,1.38439e-07,7585.2,7.93078e-10,0.614103,False,69.0|292,1159
8|1159|8|1159|vc|4|2|292|2|292|69.0,3383.01,789.351,1.67714,7585.2,7.81455e-10,0.615146,3380.31,789.351,8.06822e-07,7585.2,7.93078e-10,0.614103,False,69.0|292,1159
8|1159|8|1159|vc|5|2|292|2|292|69.0,3383.01,789.351,-1.09428,7585.2,7.81455e-10,0.615146,3380.31,789.351,4.29919e-07,7585.2,7.93078e-10,0.614103,False,69.0|292,1159
8|1159|8|1159|vc|6|2|292|2|292|69.0,3383.01,789.351,-0.984967,7585.2,7.81455e-10,0.615146,3380.31,789.351,6.62722e-07,7585.2,7.93078e-10,0.614103,False,69.0|292,1159
8|1159|8|1159|vc|7|2|292|2|292|69.0,3383.01,789.351,-0.596943,7585.2,7.81455e-10,0.615146,3380.31,789.351,4.65817e-07,7585.2,7.93078e-10,0.614103,False,69.0|292,1159
8|1159|8|1159|vc|8|2|292|2|292|69.0,3383.01,789.351,-0.0617995,7585.2,7.81455e-10,0.615146,3380.31,789.351,1.92661e-07,7585.2,7.93078e-10,0.614103,False,69.0|292,1159
8|75|8|75|sample|6|65|6|65|55.0,0.99998,794.406,9.41802,2.69434e+09,7.8147e-10,0.615221,0.99998,794.406,0.503488,2.69434e+09,7.93092e-10,0.614178,True,55.0|65,75
8|75|8|75|sample|5|65|5|65|55.0,0.99998,794.406,8.57555,2.69434e+09,7.8147e-10,0.615221,0.99998,794.406,0.503501,2.69434e+09,7.93092e-10,0.614178,True,55.0|65,75
8|75|8|75|sample|3|65|3|65|55.0,0.99998,794.406,10.1638,2.69434e+09,7.8147e-10,0.615221,0.99998,794.406,0.459493,2.69434e+09,7.93092e-10,0.614178,True,55.0|65,75
8|75|8|75|sample|4|65|4|65|55.0,0.99998,794.406,10.9925,2.69434e+09,7.8147e-10,0.615221,0.99998,794.406,0.459499,2.69434e+09,7.93092e-10,0.614178,True,55.0|65,75
8|75|8|75|sample|9|65|9|65|32.0,0.99998,792.099,9.84543,1486.33,7.8147e-10,0.615221,0.99998,792.099,1.48309,1486.33,7.93092e-10,0.614178,True,32.0|65,75
8|75|8|75|sample|10|65|10|65|32.0,0.99998,792.099,9.3853,1486.33,7.8147e-10,0.615221,0.99998,792.099,1.48319,1486.33,7.93092e-10,0.614178,True,32.0|65,75
8|75|8|75|sample|7|65|7|65|32.0,0.99998,792.099,9.58408,1486.33,7.8147e-10,0.615221,0.99998,792.099,1.17718,1486.33,7.93092e-10,0.614178,True,32.0|65,75
8|75|8|75|sample|8|65|8|65|32.0,0.99998,792.099,9.35596,1486.33,7.8147e-10,0.615221,0.99998,792.099,1.17723,1486.33,7.93092e-10,0.614178,True,32.0|65,75
8|75|8|75|sample|12|65|12|65|22.0,0.99998,785.433,9.60299,14773.8,7.8147e-10,0.615221,0.99998,785.433,1.08257,14773.8,7.93092e-10,0.614178,True,22.0|65,75
8|75|8|75|sample|11|65|11|65|22.0,0.99998,785.433,9.29214,14773.8,7.8147e-10,0.615221,0.99998,785.433,1.08253,14773.8,7.93092e-10,0.614178,True,22.0|65,75
8|75|8|75|cc|1|1|65|1|65|69.0,0.99998,787.767,-0.362201,0.000909293,7.8147e-10,0.615221,0.99998,787.767,-2.91696e-07,0.000909293,7.93092e-10,0.614178,False,69.0|65,75
8|75|8|75|cc|2|1|65|1|65|69.0,0.99998,787.767,0.758692,0.000909293,7.8147e-10,0.615221,0.99998,787.767,-2.90405e-07,0.000909293,7.93092e-10,0.614178,False,69.0|65,75
8|75|8|75|cc|3|1|65|1|65|69.0,0.99998,787.767,1.03738,0.000909293,7.8147e-10,0.615221,0.99998,787.767,3.99652e-07,0.000909293,7.93092e-10,0.614178,False,69.0|65,75
8|75|8|75|cc|4|1|65|1|65|69.0,0.99998,787.767,-0.020401,0.000909293,7.8147e-10,0.615221,0.99998,787.767,-1.99995e-07,0.000909293,7.93092e-10,0.614178,False,69.0|65,75
8|75|8|75|cc|5|1|65|1|65|69.0,0.99998,787.767,-1.27273,0.000909293,7.8147e-10,0.615221,0.99998,787.767,-1.94768e-07,0.000909293,7.93092e-10,0.614178,False,69.0|65,75
8|75|8|75|cc|6|1|65|1|65|69.0,0.99998,787.767,-0.982929,0.000909293,7.8147e-10,0.615221,0.99998,787.767,3.31571e-07,0.000909293,7.93092e-10,0.614178,False,69.0|65,75
8|75|8|75|cc|7|1|65|1|65|69.0,0.99998,787.767,-0.956467,0.000909293,7.8147e-10,0.615221,0.99998,787.767,6.97689e-07,0.000909293,7.93092e-10,0.614178,False,69.0|65,75
8|75|8|75|cc|8|1|65|1|65|69.0,0.99998,787.767,0.39217,0.000909293,7.8147e-10,0.615221,0.99998,787.767,-2.43754e-07,0.000909293,7.93092e-10,0.614178,False,69.0|65,75
8|75|8|75|vc|1|2|65|2|65|69.0,0.99998,787.767,0.277543,0.000909293,7.8147e-10,0.615221,0.99998,787.767,-1.20215e-06,0.000909293,7.93092e-10,0.614178,False,69.0|65,75
8|75|8|75|vc|2|2|65|2|65|69.0,0.99998,787.767,-0.428838,0.000909293,7.8147e-10,0.615221,0.99998,787.767,-2.95002e-07,0.000909293,7.93092e-10,0.614178,False,69.0|65,75
8|75|8|75|vc|3|2|65|2|65|69.0,0.99998,787.767,-0.427917,0.000909293,7.8147e-10,0.615221,0.99998,787.767,-5.53754e-07,0.000909293,7.93092e-10,0.614178,False,69.0|65,75
8|75|8|75|vc|4|2|65|2|65|69.0,0.99998,787.767,-0.835446,0.000909293,7.8147e-10,0.615221,0.99998,787.767,1.65505e-07,0.000909293,7.93092e-10,0.614178,False,69.0|65,75
8|75|8|75|vc|5|2|65|2|65|69.0,0.99998,787.767,0.486752,0.000909293,7.8147e-10,0.615221,0.99998,787.767,2.40742e-07,0.000909293,7.93092e-10,0.614178,False,69.0|65,75
8|75|8|75|vc|6|2|65|2|65|69.0,0.99998,787.767,-0.86793,0.000909293,7.8147e-10,0.615221,0.99998,787.767,-6.76311e-07,0.000909293,7.93092e-10,0.614178,False,69.0|65,75
8|75|8|75|vc|7|2|65|2|65|69.0,0.99998,787.767,1.51332,0.000909293,7.8147e-10,0.615221,0.99998,787.767,-5.75843e-07,0.000909293,7.93092e-10,0.614178,False,69.0|65,75
8|75|8|75|vc|8|2|65|2|65|69.0,0.99998,787.767,-0.717965,0.000909293,7.8147e-10,0.615221,0.99998,787.767,-6.84271e-07,0.000909293,7.93092e-10,0.614178,False,69.0|65,75
8|1017|8|1017|sample|7|65|7|65|65.0,1,791.651,8.71997,1.7316e+06,7.81564e-10,0.615238,1,791.651,0.802447,1.7316e+06,7.93188e-10,0.614195,True,65.0|65,1017
8|1017|8|1017|sample|8|65|8|65|65.0,1,791.651,8.79962,1.7316e+06,7.81564e-10,0.615238,1,791.651,0.771546,1.7316e+06,7.93188e-10,0.614195,True,65.0|65,1017
8|1017|8|1017|sample|5|65|5|65|65.0,1,791.651,9.15481,1.7316e+06,7.81564e-10,0.615238,1,791.651,0.728427,1.7316e+06,7.93188e-10,0.614195,True,65.0|65,1017
8|1017|8|1017|sample|6|65|6|65|65.0,1,791.651,10.5902,1.7316e+06,7.81564e-10,0.615238,1,791.651,0.728433,1.7316e+06,7.93188e-10,0.614195,True,65.0|65,1017
8|1017|8|1017|sample|12|65|12|65|28.0,1,795.702,9.05596,251230,7.81564e-10,0.615238,1,795.702,0.931483,251230,7.93188e-10,0.614195,True,28.0|65,1017
8|1017|8|1017|sample|11|65|11|65|28.0,1,795.702,8.75432,251230,7.81564e-10,0.615238,1,795.702,0.925713,251230,7.93188e-10,0.614195,True,28.0|65,1017
8|1017|8|1017|sample|8|65|8|65|28.0,1,795.702,3.22482,251230,7.81564e-10,0.615238,1,795.702,0.688493,251230,7.93188e-10,0.614195,True,28.0|65,1017
8|1017|8|1017|sample|10|65|10|65|28.0,1,795.702,9.09794,251230,7.81564e-10,0.615238,1,795.702,0.84237,251230,7.93188e-10,0.614195,True,28.0|65,1017
8|1017|8|1017|sample|9|65|9|65|28.0,1,795.702,10.927,251230,7.81564e-10,0.615238,1,795.702,0.842344,251230,7.93188e-10,0.614195,True,28.0|65,1017
8|1017|8|1017|sample|4|65|4|65|22.0,1,785.433,8.16142,14773.8,7.81564e-10,0.615238,1,785.433,1.23193,14773.8,7.93188e-10,0.614195,True,22.0|65,1017
8|1017|8|1017|sample|3|65|3|65|22.0,1,785.433,9.5024,14773.8,7.81564e-10,0.615238,1,785.433,1.20556,14773.8,7.93188e-10,0.614195,True,22.0|65,1017
8|1017|8|1017|sample|3|65|3|65|65.0,1,791.651,3.69906,1.7316e+06,7.81564e-10,0.615238,1,791.651,0.680471,1.7316e+06,7.93188e-10,0.614195,True,65.0|65,1017
8|1017|8|1017|sample|11|65|11|65|65.0,1,791.651,2.82274,1.7316e+06,7.81564e-10,0.615238,1,791.651,0.613175,1.7316e+06,7.93188e-10,0.614195,True,65.0|65,1017
8|1017|8|1017|sample|8|65|8|65|22.0,1,785.433,2.93709,14773.8,7.81564e-10,0.615238,1,785.433,0.983992,14773.8,7.93188e-10,0.614195,True,22.0|65,1017
8|1017|8|1017|cc|1|1|65|1|65|69.0,1,787.767,-1.15598,0.000909293,7.81564e-10,0.615238,1,787.767,1.0701e-06,0.000909293,7.93188e-10,0.614195,False,69.0|65,1017
8|1017|8|1017|cc|2|1|65|1|65|69.0,1,787.767,0.761657,0.000909293,7.81564e-10,0.615238,1,787.767,-7.9498e-07,0.000909293,7.93188e-10,0.614195,False,69.0|65,1017
8|1017|8|1017|cc|3|1|65|1|65|69.0,1,787.767,1.34897,0.000909293,7.81564e-10,0.615238,1,787.767,6.19506e-07,0.000909293,7.93188e-10,0.614195,False,69.0|65,1017
8|1017|8|1017|cc|4|1|65|1|65|69.0,1,787.767,0.139192,0.000909293,7.81564e-10,0.615238,1,787.767,6.06557e-07,0.000909293,7.93188e-10,0.614195,False,69.0|65,1017
8|1017|8|1017|cc|5|1|65|1|65|69.0,1,787.767,-0.5444,0.000909293,7.81564e-10,0.615238,1,787.767,-9.69619e-07,0.000909293,7.93188e-10,0.614195,False,69.0|65,1017
8|1017|8|1017|cc|6|1|65|1|65|69.0,1,787.767,-0.859924,0.000909293,7.81564e-10,0.615238,1,787.767,2.07631e-07,0.000909293,7.93188e-10,0.614195,False,69.0|65,1017
8|1017|8|1017|cc|7|1|65|1|65|69.0,1,787.767,0.172043,0.000909293,7.81564e-10,0.615238,1,787.767,-3.28689e-07,0.000909293,7.93188e-10,0.614195,False,69.0|65,1017
8|1017|8|1017|cc|8|1|65|1|65|69.0,1,787.767,0.651466,0.000909293,7.81564e-10,0.615238,1,787.767,9.28207e-09,0.000909293,7.93188e-10,0.614195,False,69.0|65,1017
8|1017|8|1017|vc|1|2|65|2|65|69.0,1,787.767,0.689532,0.000909293,7.81564e-10,0.615238,1,787.767,-3.87547e-07,0.000909293,7.93188e-10,0.614195,False,69.0|65,1017
8|1017|8|1017|vc|2|2|65|2|65|69.0,1,787.767,-0.935893,0.000909293,7.81564e-10,0.615238,1,787.767,-3.91956e-07,0.000909293,7.93188e-10,0.614195,False,69.0|65,1017
8|1017|8|1017|vc|3|2|65|2|65|69.0,1,787.767,-1.12329,0.000909293,7.81564e-10,0.615238,1,787.767,2.00692e-07,0.000909293,7.93188e-10,0.614195,False,69.0|65,1017
8|1017|8|1017|vc|4|2|65|2|65|69.0,1,787.767,-0.698801,0.000909293,7.81564e-10,0.615238,1,787.767,-3.02793e-07,0.000909293,7.93188e-10,0.614195,False,69.0|65,1017
8|1017|8|1017|vc|5|2|65|2|65|69.0,1,787.767,-0.226474,0.000909293,7.81564e-10,0.615238,1,787.767,-4.31345e-08,0.000909293,7.93188e-10,0.614195,False,69.0|65,1017
8|1017|8|1017|vc|6|2|65|2|65|69.0,1,787.767,-0.915004,0.000909293,7.81564e-10,0.615238,1,787.767,-5.19188e-07,0.000909293,7.93188e-10,0.614195,False,69.0|65,1017
8|1017|8|1017|vc|7|2|65|2|65|69.0,1,787.767,0.491668,0.000909293,7.81564e-10,0.615238,1,787.767,4.56477e-08,0.000909293,7.93188e-10,0.614195,False,69.0|65,1017
8|1017|8|1017|vc|8|2|65|2|65|69.0,1,787.767,-0.0871182,0.000909293,7.81564e-10,0.615238,1,787.767,-1.27274e-07,0.000909293,7.93188e-10,0.614195,False,69.0|65,1017
8|291|8|291|sample|6|103|6|103|55.0,2280.12,794.115,10.3715,0.440441,7.81519e-10,0.614963,2278.82,794.115,2.53602,0.440441,7.93143e-10,0.61392,True,55.0|103,291
8|291|8|291|sample|5|103|5|103|55.0,2280.12,794.115,9.03493,0.440441,7.81519e-10,0.614963,2278.82,794.115,2.60196,0.440441,7.93143e-10,0.61392,True,55.0|103,291
8|291|8|291|sample|4|103|4|103|55.0,2280.12,794.115,9.41004,0.440441,7.81519e-10,0.614963,2278.82,794.115,3.20023,0.440441,7.93143e-10,0.61392,True,55.0|103,291
8|291|8|291|sample|3|103|3|103|55.0,2280.12,794.115,10.4581,0.440441,7.81519e-10,0.614963,2278.82,794.115,3.30057,0.440441,7.93143e-10,0.61392,True,55.0|103,291
8|291|8|291|sample|9|103|9|103|32.0,2280.12,797.655,7.30141,0.00136271,7.81519e-10,0.614963,2278.82,797.655,0.842673,0.00136271,7.93143e-10,0.61392,True,32.0|103,291
8|291|8|291|sample|10|103|10|103|32.0,2280.12,797.655,6.36586,0.00136271,7.81519e-10,0.614963,2278.82,797.655,0.997759,0.00136271,7.93143e-10,0.61392,True,32.0|103,291
8|291|8|291|sample|8|103|8|103|32.0,2280.12,797.655,7.43081,0.00136271,7.81519e-10,0.614963,2278.82,797.655,0.74317,0.00136271,7.93143e-10,0.61392,True,32.0|103,291
8|291|8|291|sample|7|103|7|103|32.0,2280.12,797.655,7.50533,0.00136271,7.81519e-10,0.614963,2278.82,797.655,0.857529,0.00136271,7.93143e-10,0.61392,True,32.0|103,291
8|291|8|291|sample|11|103|11|103|22.0,2280.12,794.118,8.66825,0.0110774,7.81519e-10,0.614963,2278.82,794.118,2.38182,0.0110774,7.93143e-10,0.61392,True,22.0|103,291
8|291|8|291|sample|12|103|12|103|22.0,2280.12,794.118,7.97076,0.0110774,7.81519e-10,0.614963,2278.82,794.118,2.32051,0.0110774,7.93143e-10,0.61392,True,22.0|103,291
8|291|8|291|cc|1|1|103|1|103|69.0,2280.12,787.993,-0.357222,0.0425083,7.81519e-10,0.614963,2278.82,787.993,-2.47296e-07,0.0425083,7.93143e-10,0.61392,False,69.0|103,291
8|291|8|291|cc|2|1|103|1|103|69.0,2280.12,787.993,0.840902,0.0425083,7.81519e-10,0.614963,2278.82,787.993,5.01671e-07,0.0425083,7.93143e-10,0.61392,False,69.0|103,291
8|291|8|291|cc|3|1|103|1|103|69.0,2280.12,787.993,0.395293,0.0425083,7.81519e-10,0.614963,2278.82,787.993,4.47081e-07,0.0425083,7.93143e-10,0.61392,False,69.0|103,291
8|291|8|291|cc|4|1|103|1|103|69.0,2280.12,787.993,-0.608689,0.0425083,7.81519e-10,0.614963,2278.82,787.993,-8.66039e-07,0.0425083,7.93143e-10,0.61392,False,69.0|103,291
8|291|8|291|cc|5|1|103|1|103|69.0,2280.12,787.993,0.426844,0.0425083,7.81519e-10,0.614963,2278.82,787.993,9.18906e-07,0.0425083,7.93143e-10,0.61392,False,69.0|103,291
8|291|8|291|cc|6|1|103|1|103|69.0,2280.12,787.993,-0.452828,0.0425083,7.81519e-10,0.614963,2278.82,787.993,-3.65786e-07,0.0425083,7.93143e-10,0.61392,False,69.0|103,291
8|291|8|291|cc|7|1|103|1|103|69.0,2280.12,787.993,-1.13411,0.0425083,7.81519e-10,0.614963,2278.82,787.993,2.87316e-07,0.0425083,7.93143e-10,0.61392,False,69.0|103,291
8|291|8|291|cc|8|1|103|1|103|69.0,2280.12,787.993,0.525396,0.0425083,7.81519e-10,0.614963,2278.82,787.993,-4.94688e-07,0.0425083,7.93143e-10,0.61392,False,69.0|103,291
8|291|8|291|vc|1|2|103|2|103|69.0,2280.12,787.993,-2.29361,0.0425083,7.81519e-10,0.614963,2278.82,787.993,-7.01874e-07,0.0425083,7.93143e-10,0.61392,False,69.0|103,291
8|291|8|291|vc|2|2|103|2|103|69.0,2280.12,787.993,-2.12864,0.0425083,7.81519e-10,0.614963,2278.82,787.993,4.46291e-07,0.0425083,7.93143e-10,0.61392,False,69.0|103,291
8|291|8|291|vc|3|2|103|2|103|69.0,2280.12,787.993,1.68095,0.0425083,7.81519e-10,0.614963,2278.82,787.993,-1.46421e-07,0.0425083,7.93143e-10,0.61392,False,69.0|103,291
8|291|8|291|vc|4|2|103|2|103|69.0,2280.12,787.993,-1.00078,0.0425083,7.81519e-10,0.614963,2278.82,787.993,1.64022e-08,0.0425083,7.93143e-10,0.61392,False,69.0|103,291
8|291|8|291|vc|5|2|103|2|103|69.0,2280.12,787.993,0.467058,0.0425083,7.81519e-10,0.614963,2278.82,787.993,-5.01076e-07,0.0425083,7.93143e-10,0.61392,False,69.0|103,291
8|291|8|291|vc|6|2|103|2|103|69.0,2280.12,787.993,-0.186493,0.0425083,7.81519e-10,0.614963,2278.82,787.993,-6.35011e-07,0.0425083,7.93143e-10,0.61392,False,69.0|103,291
8|291|8|291|vc|7|2|103|2|103|69.0,2280.12,787.993,0.541709,0.0425083,7.81519e-10,0.614963,2278.82,787.993,-2.70581e-07,0.0425083,7.93143e-10,0.61392,False,69.0|103,291
8|291|8|291|vc|8|2|103|2|103|69.0,2280.12,787.993,-0.109178,0.0425083,7.81519e-10,0.614963,2278.82,787.993,3.23752e-07,0.0425083,7.93143e-10,0.61392,False,69.0|103,291
8|1197|8|1197|sample|7|103|7|103|65.0,1.00027,786.541,-10.5312,0.0758141,7.8155e-10,0.615195,1.00027,786.541,-3.32156,0.0758141,7.93174e-10,0.614152,True,65.0|103,1197
8|1197|8|1197|sample|8|103|8|103|65.0,1.00027,786.541,-9.77115,0.0758141,7.8155e-10,0.615195,1.00027,786.541,-3.27126,0.0758141,7.93174e-10,0.614152,True,65.0|103,1197
8|1197|8|1197|sample|6|103|6|103|65.0,1.00027,786.541,-9.75831,0.0758141,7.8155e-10,0.615195,1.00027,786.541,-2.83921,0.0758141,7.93174e-10,0.614152,True,65.0|103,1197
8|1197|8|1197|sample|5|103|5|103|65.0,1.00027,786.541,-10.2016,0.0758141,7.8155e-10,0.615195,1.00027,786.541,-2.99025,0.0758141,7.93174e-10,0.614152,True,65.0|103,1197
8|1197|8|1197|sample|12|103|12|103|28.0,1.00027,794.306,-8.77529,0.197374,7.8155e-10,0.615195,1.00027,794.306,-2.22255,0.197374,7.93174e-10,0.614152,True,28.0|103,1197
8|1197|8|1197|sample|10|103|10|103|28.0,1.00027,794.306,-11.3507,0.197374,7.8155e-10,0.615195,1.00027,794.306,-4.73615,0.197374,7.93174e-10,0.614152,True,28.0|103,1197
8|1197|8|1197|sample|9|103|9|103|28.0,1.00027,794.306,-10.243,0.197374,7.8155e-10,0.615195,1.00027,794.306,-4.74732,0.197374,7.93174e-10,0.614152,True,28.0|103,1197
8|1197|8|1197|sample|3|103|3|103|22.0,1.00027,794.118,-9.344,0.0110774,7.8155e-10,0.615195,1.00027,794.118,-1.71635,0.0110774,7.93174e-10,0.614152,True,22.0|103,1197
8|1197|8|1197|sample|4|103|4|103|22.0,1.00027,794.118,-9.6748,0.0110774,7.8155e-10,0.615195,1.00027,794.118,-1.72654,0.0110774,7.93174e-10,0.614152,True,22.0|103,1197
8|1197|8|1197|sample|11|103|11|103|28.0,1.00027,794.306,-8.66604,0.197374,7.8155e-10,0.615195,1.00027,794.306,-2.23505,0.197374,7.93174e-10,0.614152,True,28.0|103,1197
8|1197|8|1197|cc|1|1|103|1|103|69.0,1.00027,787.993,0.436982,0.0425083,7.8155e-10,0.615195,1.00027,787.993,-4.42303e-07,0.0425083,7.93174e-10,0.614152,False,69.0|103,1197
8|1197|8|1197|cc|2|1|103|1|103|69.0,1.00027,787.993,0.113322,0.0425083,7.8155e-10,0.615195,1.00027,787.993,-8.31815e-08,0.0425083,7.93174e-10,0.614152,False,69.0|103,1197
8|1197|8|1197|cc|3|1|103|1|103|69.0,1.00027,787.993,-0.85284,0.0425083,7.8155e-10,0.615195,1.00027,787.993,1.12179e-06,0.0425083,7.93174e-10,0.614152,False,69.0|103,1197
8|1197|8|1197|cc|4|1|103|1|103|69.0,1.00027,787.993,0.437208,0.0425083,7.8155e-10,0.615195,1.00027,787.993,7.16756e-07,0.0425083,7.93174e-10,0.614152,False,69.0|103,1197
8|1197|8|1197|cc|5|1|103|1|103|69.0,1.00027,787.993,0.547593,0.0425083,7.8155e-10,0.615195,1.00027,787.993,2.45941e-07,0.0425083,7.93174e-10,0.614152,False,69.0|103,1197
8|1197|8|1197|cc|6|1|103|1|103|69.0,1.00027,787.993,1.13104,0.0425083,7.8155e-10,0.615195,1.00027,787.993,-1.74711e-07,0.0425083,7.93174e-10,0.614152,False,69.0|103,1197
8|1197|8|1197|cc|7|1|103|1|103|69.0,1.00027,787.993,0.838119,0.0425083,7.8155e-10,0.615195,1.00027,787.993,-2.76032e-07,0.0425083,7.93174e-10,0.614152,False,69.0|103,1197
8|1197|8|1197|cc|8|1|103|1|103|69.0,1.00027,787.993,-1.29988,0.0425083,7.8155e-10,0.615195,1.00027,787.993,8.72948e-09,0.0425083,7.93174e-10,0.614152,False,69.0|103,1197
8|1197|8|1197|vc|1|2|103|2|103|69.0,1.00027,787.993,-0.835148,0.0425083,7.8155e-10,0.615195,1.00027,787.993,7.07287e-07,0.0425083,7.93174e-10,0.614152,False,69.0|103,1197
8|1197|8|1197|vc|2|2|103|2|103|69.0,1.00027,787.993,0.417498,0.0425083,7.8155e-10,0.615195,1.00027,787.993,-4.44283e-07,0.0425083,7.93174e-10,0.614152,False,69.0|103,1197
8|1197|8|1197|vc|3|2|103|2|103|69.0,1.00027,787.993,0.371414,0.0425083,7.8155e-10,0.615195,1.00027,787.993,-2.49724e-08,0.0425083,7.93174e-10,0.614152,False,69.0|103,1197
8|1197|8|1197|vc|4|2|103|2|103|69.0,1.00027,787.993,-0.656239,0.0425083,7.8155e-10,0.615195,1.00027,787.993,1.86353e-07,0.0425083,7.93174e-10,0.614152,False,69.0|103,1197
8|1197|8|1197|vc|5|2|103|2|103|69.0,1.00027,787.993,-0.358921,0.0425083,7.8155e-10,0.615195,1.00027,787.993,4.33446e-07,0.0425083,7.93174e-10,0.614152,False,69.0|103,1197
8|1197|8|1197|vc|6|2|103|2|103|69.0,1.00027,787.993,-0.447075,0.0425083,7.8155e-10,0.615195,1.00027,787.993,4.99193e-08,0.0425083,7.93174e-10,0.614152,False,69.0|103,1197
8|1197|8|1197|vc|7|2|103|2|103|69.0,1.00027,787.993,0.693887,0.0425083,7.8155e-10,0.615195,1.00027,787.993,6.67495e-08,0.0425083,7.93174e-10,0.614152,False,69.0|103,1197
8|1197|8|1197|vc|8|2|103|2|103|69.0,1.00027,787.993,-0.0134774,0.0425083,7.8155e-10,0.615195,1.00027,787.993,5.68335e-07,0.0425083,7.93174e-10,0.614152,False,69.0|103,1197
8|77|8|77|sample|6|218|6|218|55.0,1,794.968,9.56678,12599,7.81499e-10,0.615215,1,794.968,1.17318,12599,7.93122e-10,0.614172,True,55.0|218,77
8|77|8|77|sample|5|218|5|218|55.0,1,794.968,9.11645,12599,7.81499e-10,0.615215,1,794.968,1.17307,12599,7.93122e-10,0.614172,True,55.0|218,77
8|77|8|77|sample|3|218|3|218|55.0,1,794.968,7.73377,12599,7.81499e-10,0.615215,1,794.968,0.92151,12599,7.93122e-10,0.614172,True,55.0|218,77
8|77|8|77|sample|4|218|4|218|55.0,1,794.968,7.31141,12599,7.81499e-10,0.615215,1,794.968,0.921538,12599,7.93122e-10,0.614172,True,55.0|218,77
8|77|8|77|sample|9|218|9|218|32.0,1,790.272,8.92348,503394,7.81499e-10,0.615215,1,790.272,0.784177,503394,7.93122e-10,0.614172,True,32.0|218,77
8|77|8|77|sample|10|218|10|218|32.0,1,790.272,7.62879,503394,7.81499e-10,0.615215,1,790.272,0.784095,503394,7.93122e-10,0.614172,True,32.0|218,77
8|77|8|77|sample|8|218|8|218|32.0,1,790.272,7.76944,503394,7.81499e-10,0.615215,1,790.272,0.700004,503394,7.93122e-10,0.614172,True,32.0|218,77
8|77|8|77|sample|7|218|7|218|32.0,1,790.272,6.71656,503394,7.81499e-10,0.615215,1,790.272,0.699882,503394,7.93122e-10,0.614172,True,32.0|218,77
8|77|8|77|sample|12|218|12|218|22.0,1,791.019,6.78673,272650,7.81499e-10,0.615215,1,791.019,0.823319,272650,7.93122e-10,0.614172,True,22.0|218,77
8|77|8|77|sample|11|218|11|218|22.0,1,791.019,9.23431,272650,7.81499e-10,0.615215,1,791.019,0.823318,272650,7.93122e-10,0.614172,True,22.0|218,77
8|77|8|77|cc|1|1|218|1|218|69.0,1,787.031,0.341176,1.11785,7.81499e-10,0.615215,1,787.031,-1.54971e-07,1.11785,7.93122e-10,0.614172,False,69.0|218,77
8|77|8|77|cc|2|1|218|1|218|69.0,1,787.031,0.536033,1.11785,7.81499e-10,0.615215,1,787.031,2.63835e-07,1.11785,7.93122e-10,0.614172,False,69.0|218,77
8|77|8|77|cc|3|1|218|1|218|69.0,1,787.031,1.00804,1.11785,7.81499e-10,0.615215,1,787.031,-1.12051e-05,1.11785,7.93122e-10,0.614172,False,69.0|218,77
8|77|8|77|cc|4|1|218|1|218|69.0,1,787.031,0.402978,1.11785,7.81499e-10,0.615215,1,787.031,6.15842e-07,1.11785,7.93122e-10,0.614172,False,69.0|218,77
8|77|8|77|cc|5|1|218|1|218|69.0,1,787.031,0.217578,1.11785,7.81499e-10,0.615215,1,787.031,6.40026e-07,1.11785,7.93122e-10,0.614172,False,69.0|218,77
8|77|8|77|cc|6|1|218|1|218|69.0,1,787.031,-0.602732,1.11785,7.81499e-10,0.615215,1,787.031,2.64591e-06,1.11785,7.93122e-10,0.614172,False,69.0|218,77
8|77|8|77|cc|7|1|218|1|218|69.0,1,787.031,0.70121,1.11785,7.81499e-10,0.615215,1,787.031,-1.18882e-07,1.11785,7.93122e-10,0.614172,False,69.0|218,77
8|77|8|77|cc|8|1|218|1|218|69.0,1,787.031,1.15339,1.11785,7.81499e-10,0.615215,1,787.031,-1.75134e-07,1.11785,7.93122e-10,0.614172,False,69.0|218,77
8|77|8|77|vc|1|2|218|2|218|69.0,1,787.031,1.4711,1.11785,7.81499e-10,0.615215,1,787.031,4.42654e-07,1.11785,7.93122e-10,0.614172,False,69.0|218,77
8|77|8|77|vc|2|2|218|2|218|69.0,1,787.031,-1.57604,1.11785,7.81499e-10,0.615215,1,787.031,-6.92249e-08,1.11785,7.93122e-10,0.614172,False,69.0|218,77
8|77|8|77|vc|3|2|218|2|218|69.0,1,787.031,-1.43714,1.11785,7.81499e-10,0.615215,1,787.031,1.85476e-05,1.11785,7.93122e-10,0.614172,False,69.0|218,77
8|77|8|77|vc|4|2|218|2|218|69.0,1,787.031,1.50256,1.11785,7.81499e-10,0.615215,1,787.031,-6.20128e-08,1.11785,7.93122e-10,0.614172,False,69.0|218,77
8|77|8|77|vc|5|2|218|2|218|69.0,1,787.031,-0.0820701,1.11785,7.81499e-10,0.615215,1,787.031,2.01313e-07,1.11785,7.93122e-10,0.614172,False,69.0|218,77
8|77|8|77|vc|6|2|218|2|218|69.0,1,787.031,0.931988,1.11785,7.81499e-10,0.615215,1,787.031,-6.95437e-08,1.11785,7.93122e-10,0.614172,False,69.0|218,77
8|77|8|77|vc|7|2|218|2|218|69.0,1,787.031,0.136537,1.11785,7.81499e-10,0.615215,1,787.031,-4.87715e-08,1.11785,7.93122e-10,0.614172,False,69.0|218,77
8|77|8|77|vc|8|2|218|2|218|69.0,1,787.031,1.22598,1.11785,7.81499e-10,0.615215,1,787.031,4.73072e-07,1.11785,7.93122e-10,0.614172,False,69.0|218,77
8|745|8|745|sample|7|218|7|218|65.0,0.999998,796.016,9.4566,5.5906e+06,7.81549e-10,0.615073,0.999998,796.016,0.73776,5.5906e+06,7.93173e-10,0.61403,True,65.0|218,745
8|745|8|745|sample|8|218|8|218|65.0,0.999998,796.016,10.0463,5.5906e+06,7.81549e-10,0.615073,0.999998,796.016,0.73773,5.5906e+06,7.93173e-10,0.61403,True,65.0|218,745
8|745|8|745|sample|6|218|6|218|65.0,0.999998,796.016,10.4743,5.5906e+06,7.81549e-10,0.615073,0.999998,796.016,0.675922,5.5906e+06,7.93173e-10,0.61403,True,65.0|218,745
8|745|8|745|sample|5|218|5|218|65.0,0.999998,796.016,9.17879,5.5906e+06,7.81549e-10,0.615073,0.999998,796.016,0.669186,5.5906e+06,7.93173e-10,0.61403,True,65.0|218,745
8|745|8|745|sample|3|218|3|218|65.0,0.999998,796.016,2.62294,5.5906e+06,7.81549e-10,0.615073,0.999998,796.016,0.533143,5.5906e+06,7.93173e-10,0.61403,True,65.0|218,745
8|745|8|745|sample|11|218|11|218|28.0,0.999998,796.094,9.17461,3.75082e+07,7.81549e-10,0.615073,0.999998,796.094,0.647526,3.75082e+07,7.93173e-10,0.61403,True,28.0|218,745
8|745|8|745|sample|12|218|12|218|28.0,0.999998,796.094,9.42251,3.75082e+07,7.81549e-10,0.615073,0.999998,796.094,0.647407,3.75082e+07,7.93173e-10,0.61403,True,28.0|218,745
8|745|8|745|sample|10|218|10|218|28.0,0.999998,796.094,8.29116,3.75082e+07,7.81549e-10,0.615073,0.999998,796.094,0.606113,3.75082e+07,7.93173e-10,0.61403,True,28.0|218,745
8|745|8|745|sample|9|218|9|218|28.0,0.999998,796.094,8.61664,3.75082e+07,7.81549e-10,0.615073,0.999998,796.094,0.605985,3.75082e+07,7.93173e-10,0.61403,True,28.0|218,745
8|745|8|745|sample|4|218|4|218|22.0,0.999998,791.019,8.33788,272650,7.81549e-10,0.615073,0.999998,791.019,0.899433,272650,7.93173e-10,0.61403,True,22.0|218,745
8|745|8|745|sample|3|218|3|218|22.0,0.999998,791.019,8.45334,272650,7.81549e-10,0.615073,0.999998,791.019,0.893471,272650,7.93173e-10,0.61403,True,22.0|218,745
8|745|8|745|sample|5|218|5|218|22.0,0.999998,791.019,2.29328,272650,7.81549e-10,0.615073,0.999998,791.019,0.670407,272650,7.93173e-10,0.61403,True,22.0|218,745
8|745|8|745|cc|1|1|218|1|218|69.0,0.999998,787.031,-0.204864,1.11785,7.81549e-10,0.615073,0.999998,787.031,9.10173e-07,1.11785,7.93173e-10,0.61403,False,69.0|218,745
8|745|8|745|cc|2|1|218|1|218|69.0,0.999998,787.031,0.886242,1.11785,7.81549e-10,0.615073,0.999998,787.031,1.1437e-06,1.11785,7.93173e-10,0.61403,False,69.0|218,745
8|745|8|745|cc|3|1|218|1|218|69.0,0.999998,787.031,1.03947,1.11785,7.81549e-10,0.615073,0.999998,787.031,7.05652e-07,1.11785,7.93173e-10,0.61403,False,69.0|218,745
8|745|8|745|cc|4|1|218|1|218|69.0,0.999998,787.031,-0.861003,1.11785,7.81549e-10,0.615073,0.999998,787.031,5.15152e-08,1.11785,7.93173e-10,0.61403,False,69.0|218,745
8|745|8|745|cc|5|1|218|1|218|69.0,0.999998,787.031,-0.238428,1.11785,7.81549e-10,0.615073,0.999998,787.031,-0.241944,1.11785,7.93173e-10,0.61403,False,69.0|218,745
8|745|8|745|cc|6|1|218|1|218|69.0,0.999998,787.031,-0.400241,1.11785,7.81549e-10,0.615073,0.999998,787.031,-9.18758e-06,1.11785,7.93173e-10,0.61403,False,69.0|218,745
8|745|8|745|cc|7|1|218|1|218|69.0,0.999998,787.031,1.29827,1.11785,7.81549e-10,0.615073,0.999998,787.031,5.23109e-07,1.11785,7.93173e-10,0.61403,False,69.0|218,745
8|745|8|745|cc|8|1|218|1|218|69.0,0.999998,787.031,-1.20082,1.11785,7.81549e-10,0.615073,0.999998,787.031,-3.67301e-08,1.11785,7.93173e-10,0.61403,False,69.0|218,745
8|745|8|745|vc|1|2|218|2|218|69.0,0.999998,787.031,-0.410273,1.11785,7.81549e-10,0.615073,0.999998,787.031,1.1488e-06,1.11785,7.93173e-10,0.61403,False,69.0|218,745
8|745|8|745|vc|2|2|218|2|218|69.0,0.999998,787.031,-0.72635,1.11785,7.81549e-10,0.615073,0.999998,787.031,5.65673e-07,1.11785,7.93173e-10,0.61403,False,69.0|218,745
8|745|8|745|vc|3|2|218|2|218|69.0,0.999998,787.031,0.615482,1.11785,7.81549e-10,0.615073,0.999998,787.031,5.18864e-07,1.11785,7.93173e-10,0.61403,False,69.0|218,745
8|745|8|745|vc|4|2|218|2|218|69.0,0.999998,787.031,0.235292,1.11785,7.81549e-10,0.615073,0.999998,787.031,-4.95546e-07,1.11785,7.93173e-10,0.61403,False,69.0|218,745
8|745|8|745|vc|5|2|218|2|218|69.0,0.999998,787.031,-1.27606,1.11785,7.81549e-10,0.615073,0.999998,787.031,7.65974e-09,1.11785,7.93173e-10,0.61403,False,69.0|218,745
8|745|8|745|vc|6|2|218|2|218|69.0,0.999998,787.031,-0.173283,1.11785,7.81549e-10,0.615073,0.999998,787.031,-3.09048e-07,1.11785,7.93173e-10,0.61403,False,69.0|218,745
8|745|8|745|vc|7|2|218|2|218|69.0,0.999998,787.031,1.84157,1.11785,7.81549e-10,0.615073,0.999998,787.031,-4.08019e-07,1.11785,7.93173e-10,0.61403,False,69.0|218,745
8|745|8|745|vc|8|2|218|2|218|69.0,0.999998,787.031,1.31622,1.11785,7.81549e-10,0.615073,0.999998,787.031,-1.29417e-07,1.11785,7.93173e-10,0.61403,False,69.0|218,745
8|322|8|322|sample|6|174|6|174|55.0,1,797.361,-8.55507,0.00138071,7.81265e-10,0.615232,1,797.361,-1.52213,0.00138071,7.92883e-10,0.61419,True,55.0|174,322
8|322|8|322|sample|5|174|5|174|55.0,1,797.361,-9.34804,0.00138071,7.81265e-10,0.615232,1,797.361,-1.38825,0.00138071,7.92883e-10,0.61419,True,55.0|174,322
8|322|8|322|sample|3|174|3|174|55.0,1,797.361,-8.94152,0.00138071,7.81265e-10,0.615232,1,797.361,-2.08535,0.00138071,7.92883e-10,0.61419,True,55.0|174,322
8|322|8|322|sample|4|174|4|174|55.0,1,797.361,-8.08629,0.00138071,7.81265e-10,0.615232,1,797.361,-1.60239,0.00138071,7.92883e-10,0.61419,True,55.0|174,322
8|322|8|322|sample|10|174|10|174|32.0,1,794.45,3.19387,66185.9,7.81265e-10,0.615232,1,794.45,0.928454,66185.9,7.92883e-10,0.61419,True,32.0|174,322
8|322|8|322|sample|9|174|9|174|32.0,1,794.45,0.826982,66185.9,7.81265e-10,0.615232,1,794.45,0.928374,66185.9,7.92883e-10,0.61419,True,32.0|174,322
8|322|8|322|sample|7|174|7|174|32.0,1,794.45,-9.48133,66185.9,7.81265e-10,0.615232,1,794.45,-0.0937967,66185.9,7.92883e-10,0.61419,True,32.0|174,322
8|322|8|322|sample|8|174|8|174|32.0,1,794.45,-9.74911,66185.9,7.81265e-10,0.615232,1,794.45,-0.113507,66185.9,7.92883e-10,0.61419,True,32.0|174,322
8|322|8|322|sample|12|174|12|174|22.0,1,795.57,7.688,34440.2,7.81265e-10,0.615232,1,795.57,0.990653,34440.2,7.92883e-10,0.61419,True,22.0|174,322
8|322|8|322|sample|8|174|8|174|22.0,1,795.57,2.8372,34440.2,7.81265e-10,0.615232,1,795.57,0.955781,34440.2,7.92883e-10,0.61419,True,22.0|174,322
8|322|8|322|sample|11|174|11|174|22.0,1,795.57,0.0167969,34440.2,7.81265e-10,0.615232,1,795.57,-0.0100021,34440.2,7.92883e-10,0.61419,True,22.0|174,322
8|322|8|322|sample|11|174|11|174|32.0,1,794.45,2.4372,66185.9,7.81265e-10,0.615232,1,794.45,0.778372,66185.9,7.92883e-10,0.61419,True,32.0|174,322
8|322|8|322|cc|1|1|174|1|174|69.0,1,791.007,0.325807,0.000189236,7.81265e-10,0.615232,1,791.007,-3.63962e-07,0.000189236,7.92883e-10,0.61419,False,69.0|174,322
8|322|8|322|cc|2|1|174|1|174|69.0,1,791.007,0.0448382,0.000189236,7.81265e-10,0.615232,1,791.007,2.46565e-07,0.000189236,7.92883e-10,0.61419,False,69.0|174,322
8|322|8|322|cc|3|1|174|1|174|69.0,1,791.007,-0.191024,0.000189236,7.81265e-10,0.615232,1,791.007,-4.50522e-07,0.000189236,7.92883e-10,0.61419,False,69.0|174,322
8|322|8|322|cc|4|1|174|1|174|69.0,1,791.007,-1.03908,0.000189236,7.81265e-10,0.615232,1,791.007,1.32772e-08,0.000189236,7.92883e-10,0.61419,False,69.0|174,322
8|322|8|322|cc|5|1|174|1|174|69.0,1,791.007,0.511255,0.000189236,7.81265e-10,0.615232,1,791.007,-1.67179e-07,0.000189236,7.92883e-10,0.61419,False,69.0|174,322
8|322|8|322|cc|6|1|174|1|174|69.0,1,791.007,-0.874462,0.000189236,7.81265e-10,0.615232,1,791.007,6.34995e-07,0.000189236,7.92883e-10,0.61419,False,69.0|174,322
8|322|8|322|cc|7|1|174|1|174|69.0,1,791.007,-0.344791,0.000189236,7.81265e-10,0.615232,1,791.007,-6.87308e-07,0.000189236,7.92883e-10,0.61419,False,69.0|174,322
8|322|8|322|cc|8|1|174|1|174|69.0,1,791.007,0.076598,0.000189236,7.81265e-10,0.615232,1,791.007,-1.86796e-07,0.000189236,7.92883e-10,0.61419,False,69.0|174,322
8|322|8|322|vc|1|2|174|2|174|69.0,1,791.007,0.0116698,0.000189236,7.81265e-10,0.615232,1,791.007,1.13247e-06,0.000189236,7.92883e-10,0.61419,False,69.0|174,322
8|322|8|322|vc|2|2|174|2|174|69.0,1,791.007,-1.78756,0.000189236,7.81265e-10,0.615232,1,791.007,-1.35469e-05,0.000189236,7.92883e-10,0.61419,False,69.0|174,322
8|322|8|322|vc|3|2|174|2|174|69.0,1,791.007,1.34798,0.000189236,7.81265e-10,0.615232,1,791.007,-3.23235e-07,0.000189236,7.92883e-10,0.61419,False,69.0|174,322
8|322|8|322|vc|4|2|174|2|174|69.0,1,791.007,1.01268,0.000189236,7.81265e-10,0.615232,1,791.007,-6.19634e-07,0.000189236,7.92883e-10,0.61419,False,69.0|174,322
8|322|8|322|vc|5|2|174|2|174|69.0,1,791.007,-0.399424,0.000189236,7.81265e-10,0.615232,1,791.007,-5.88458e-07,0.000189236,7.92883e-10,0.61419,False,69.0|174,322
8|322|8|322|vc|6|2|174|2|174|69.0,1,791.007,1.20821,0.000189236,7.81265e-10,0.615232,1,791.007,3.94375e-07,0.000189236,7.92883e-10,0.61419,False,69.0|174,322
8|322|8|322|vc|7|2|174|2|174|69.0,1,791.007,-0.852758,0.000189236,7.81265e-10,0.615232,1,791.007,-6.81769e-07,0.000189236,7.92883e-10,0.61419,False,69.0|174,322
8|322|8|322|vc|8|2|174|2|174|69.0,1,791.007,1.61124,0.000189236,7.81265e-10,0.615232,1,791.007,-7.9627e-08,0.000189236,7.92883e-10,0.61419,False,69.0|174,322
8|1043|8|1043|sample|6|174|6|174|65.0,1,791.185,4.68938,1.3786e+06,7.81431e-10,0.615983,1,791.185,0.796512,1.3786e+06,7.93053e-10,0.614942,True,65.0|174,1043
8|1043|8|1043|sample|7|174|7|174|65.0,1,791.185,10.1302,1.3786e+06,7.81431e-10,0.615983,1,791.185,0.816621,1.3786e+06,7.93053e-10,0.614942,True,65.0|174,1043
8|1043|8|1043|sample|8|174|8|174|65.0,1,791.185,7.93956,1.3786e+06,7.81431e-10,0.615983,1,791.185,0.77182,1.3786e+06,7.93053e-10,0.614942,True,65.0|174,1043
8|1043|8|1043|sample|5|174|5|174|65.0,1,791.185,9.27833,1.3786e+06,7.81431e-10,0.615983,1,791.185,0.739378,1.3786e+06,7.93053e-10,0.614942,True,65.0|174,1043
8|1043|8|1043|sample|11|174|11|174|28.0,1,790.705,9.13968,29306.7,7.81431e-10,0.615983,1,790.705,1.1722,29306.7,7.93053e-10,0.614942,True,28.0|174,1043
8|1043|8|1043|sample|12|174|12|174|28.0,1,790.705,8.5474,29306.7,7.81431e-10,0.615983,1,790.705,1.17225,29306.7,7.93053e-10,0.614942,True,28.0|174,1043
8|1043|8|1043|sample|10|174|10|174|28.0,1,790.705,5.10884,29306.7,7.81431e-10,0.615983,1,790.705,1.02617,29306.7,7.93053e-10,0.614942,True,28.0|174,1043
8|1043|8|1043|sample|9|174|9|174|28.0,1,790.705,3.47859,29306.7,7.81431e-10,0.615983,1,790.705,1.02611,29306.7,7.93053e-10,0.614942,True,28.0|174,1043
8|1043|8|1043|sample|4|174|4|174|22.0,1,795.57,9.02581,34440.2,7.81431e-10,0.615983,1,795.57,1.11007,34440.2,7.93053e-10,0.614942,True,22.0|174,1043
8|1043|8|1043|sample|3|174|3|174|22.0,1,795.57,7.10054,34440.2,7.81431e-10,0.615983,1,795.57,1.11009,34440.2,7.93053e-10,0.614942,True,22.0|174,1043
8|1043|8|1043|cc|1|1|174|1|174|69.0,1,791.007,-1.22376,0.000189236,7.81431e-10,0.615983,1,791.007,9.98939e-08,0.000189236,7.93053e-10,0.614942,False,69.0|174,1043
8|1043|8|1043|cc|2|1|174|1|174|69.0,1,791.007,-0.452549,0.000189236,7.81431e-10,0.615983,1,791.007,5.72923e-07,0.000189236,7.93053e-10,0.614942,False,69.0|174,1043
8|1043|8|1043|cc|3|1|174|1|174|69.0,1,791.007,2.08233,0.000189236,7.81431e-10,0.615983,1,791.007,5.93386e-07,0.000189236,7.93053e-10,0.614942,False,69.0|174,1043
8|1043|8|1043|cc|4|1|174|1|174|69.0,1,791.007,0.214438,0.000189236,7.81431e-10,0.615983,1,791.007,2.04776e-07,0.000189236,7.93053e-10,0.614942,False,69.0|174,1043
8|1043|8|1043|cc|5|1|174|1|174|69.0,1,791.007,0.698552,0.000189236,7.81431e-10,0.615983,1,791.007,2.84044e-07,0.000189236,7.93053e-10,0.614942,False,69.0|174,1043
8|1043|8|1043|cc|6|1|174|1|174|69.0,1,791.007,-0.692156,0.000189236,7.81431e-10,0.615983,1,791.007,6.4842e-07,0.000189236,7.93053e-10,0.614942,False,69.0|174,1043
8|1043|8|1043|cc|7|1|174|1|174|69.0,1,791.007,0.669726,0.000189236,7.81431e-10,0.615983,1,791.007,5.27727e-08,0.000189236,7.93053e-10,0.614942,False,69.0|174,1043
8|1043|8|1043|cc|8|1|174|1|174|69.0,1,791.007,-0.830187,0.000189236,7.81431e-10,0.615983,1,791.007,2.06597e-07,0.000189236,7.93053e-10,0.614942,False,69.0|174,1043
8|1043|8|1043|vc|1|2|174|2|174|69.0,1,791.007,1.45022,0.000189236,7.81431e-10,0.615983,1,791.007,-7.60346e-08,0.000189236,7.93053e-10,0.614942,False,69.0|174,1043
8|1043|8|1043|vc|2|2|174|2|174|69.0,1,791.007,-1.25152,0.000189236,7.81431e-10,0.615983,1,791.007,3.53336e-07,0.000189236,7.93053e-10,0.614942,False,69.0|174,1043
8|1043|8|1043|vc|3|2|174|2|174|69.0,1,791.007,1.66065,0.000189236,7.81431e-10,0.615983,1,791.007,-3.33091e-07,0.000189236,7.93053e-10,0.614942,False,69.0|174,1043
8|1043|8|1043|vc|4|2|174|2|174|69.0,1,791.007,-0.957695,0.000189236,7.81431e-10,0.615983,1,791.007,4.9432e-07,0.000189236,7.93053e-10,0.614942,False,69.0|174,1043
8|1043|8|1043|vc|5|2|174|2|174|69.0,1,791.007,-0.196793,0.000189236,7.81431e-10,0.615983,1,791.007,1.50961e-07,0.000189236,7.93053e-10,0.614942,False,69.0|174,1043
8|1043|8|1043|vc|6|2|174|2|174|69.0,1,791.007,0.598141,0.000189236,7.81431e-10,0.615983,1,791.007,6.87154e-07,0.000189236,7.93053e-10,0.614942,False,69.0|174,1043
8|1043|8|1043|vc|7|2|174|2|174|69.0,1,791.007,0.471069,0.000189236,7.81431e-10,0.615983,1,791.007,-6.25313e-07,0.000189236,7.93053e-10,0.614942,False,69.0|174,1043
8|1043|8|1043|vc|8|2|174|2|174|69.0,1,791.007,0.422702,0.000189236,7.81431e-10,0.615983,1,791.007,2.05509e-08,0.000189236,7.93053e-10,0.614942,False,69.0|174,1043
8|963|8|963|sample|6|319|6|319|55.0,1,800.454,-8.78246,8.97739e-06,7.81476e-10,0.615248,1,800.454,-1.21117,8.97739e-06,7.93098e-10,0.614206,True,55.0|319,963
8|963|8|963|sample|5|319|5|319|55.0,1,800.454,-9.47315,8.97739e-06,7.81476e-10,0.615248,1,800.454,-1.24941,8.97739e-06,7.93098e-10,0.614206,True,55.0|319,963
8|963|8|963|sample|4|319|4|319|55.0,1,800.454,-9.74424,8.97739e-06,7.81476e-10,0.615248,1,800.454,-0.561362,8.97739e-06,7.93098e-10,0.614206,True,55.0|319,963
8|963|8|963|sample|3|319|3|319|55.0,1,800.454,-9.53801,8.97739e-06,7.81476e-10,0.615248,1,800.454,-0.523261,8.97739e-06,7.93098e-10,0.614206,True,55.0|319,963
8|963|8|963|sample|10|319|10|319|32.0,1,794.61,10.6464,1.87474e+06,7.81476e-10,0.615248,1,794.61,0.715891,1.87474e+06,7.93098e-10,0.614206,True,32.0|319,963
8|963|8|963|sample|9|319|9|319|32.0,1,794.61,8.80222,1.87474e+06,7.81476e-10,0.615248,1,794.61,0.715903,1.87474e+06,7.93098e-10,0.614206,True,32.0|319,963
8|963|8|963|sample|7|319|7|319|32.0,1,794.61,7.36356,1.87474e+06,7.81476e-10,0.615248,1,794.61,0.648532,1.87474e+06,7.93098e-10,0.614206,True,32.0|319,963
8|963|8|963|sample|8|319|8|319|32.0,1,794.61,5.69275,1.87474e+06,7.81476e-10,0.615248,1,794.61,0.647624,1.87474e+06,7.93098e-10,0.614206,True,32.0|319,963
8|963|8|963|sample|11|319|11|319|22.0,1,794.209,-4.72182,0.000185314,7.81476e-10,0.615248,1,794.209,-0.401461,0.000185314,7.93098e-10,0.614206,True,22.0|319,963
8|963|8|963|sample|12|319|12|319|22.0,1,794.209,-8.60353,0.000185314,7.81476e-10,0.615248,1,794.209,-0.509533,0.000185314,7.93098e-10,0.614206,True,22.0|319,963
8|963|8|963|cc|1|1|319|1|319|69.0,1,787.501,0.0490265,0.562432,7.81476e-10,0.615248,1,787.501,-2.26942e-07,0.562432,7.93098e-10,0.614206,False,69.0|319,963
8|963|8|963|cc|2|1|319|1|319|69.0,1,787.501,1.73055,0.562432,7.81476e-10,0.615248,1,787.501,-3.60859e-07,0.562432,7.93098e-10,0.614206,False,69.0|319,963
8|963|8|963|cc|3|1|319|1|319|69.0,1,787.501,-1.34137,0.562432,7.81476e-10,0.615248,1,787.501,-6.60787e-07,0.562432,7.93098e-10,0.614206,False,69.0|319,963
8|963|8|963|cc|4|1|319|1|319|69.0,1,787.501,-0.054644,0.562432,7.81476e-10,0.615248,1,787.501,6.84704e-07,0.562432,7.93098e-10,0.614206,False,69.0|319,963
8|963|8|963|cc|5|1|319|1|319|69.0,1,787.501,-1.78656,0.562432,7.81476e-10,0.615248,1,787.501,1.02594e-06,0.562432,7.93098e-10,0.614206,False,69.0|319,963
8|963|8|963|cc|6|1|319|1|319|69.0,1,787.501,0.982083,0.562432,7.81476e-10,0.615248,1,787.501,4.04442e-07,0.562432,7.93098e-10,0.614206,False,69.0|319,963
8|963|8|963|cc|7|1|319|1|319|69.0,1,787.501,1.86341,0.562432,7.81476e-10,0.615248,1,787.501,2.89568e-07,0.562432,7.93098e-10,0.614206,False,69.0|319,963
8|963|8|963|cc|8|1|319|1|319|69.0,1,787.501,-0.304795,0.562432,7.81476e-10,0.615248,1,787.501,-2.58854e-07,0.562432,7.93098e-10,0.614206,False,69.0|319,963
8|963|8|963|vc|1|2|319|2|319|69.0,1,787.501,-2.23873,0.562432,7.81476e-10,0.615248,1,787.501,-4.03088e-07,0.562432,7.93098e-10,0.614206,False,69.0|319,963
8|963|8|963|vc|2|2|319|2|319|69.0,1,787.501,-0.616556,0.562432,7.81476e-10,0.615248,1,787.501,-4.64725e-07,0.562432,7.93098e-10,0.614206,False,69.0|319,963
8|963|8|963|vc|3|2|319|2|319|69.0,1,787.501,-0.0321952,0.562432,7.81476e-10,0.615248,1,787.501,-1.3798e-07,0.562432,7.93098e-10,0.614206,False,69.0|319,963
8|963|8|963|vc|4|2|319|2|319|69.0,1,787.501,0.957617,0.562432,7.81476e-10,0.615248,1,787.501,-4.08814e-07,0.562432,7.93098e-10,0.614206,False,69.0|319,963
8|963|8|963|vc|5|2|319|2|319|69.0,1,787.501,0.748618,0.562432,7.81476e-10,0.615248,1,787.501,-5.65304e-07,0.562432,7.93098e-10,0.614206,False,69.0|319,963
8|963|8|963|vc|6|2|319|2|319|69.0,1,787.501,-0.175807,0.562432,7.81476e-10,0.615248,1,787.501,6.07475e-07,0.562432,7.93098e-10,0.614206,False,69.0|319,963
8|963|8|963|vc|7|2|319|2|319|69.0,1,787.501,-0.0945597,0.562432,7.81476e-10,0.615248,1,787.501,4.0968e-07,0.562432,7.93098e-10,0.614206,False,69.0|319,963
8|963|8|963|vc|8|2|319|2|319|69.0,1,787.501,-0.079114,0.562432,7.81476e-10,0.615248,1,787.501,-1.15413e-06,0.562432,7.93098e-10,0.614206,False,69.0|319,963
8|1260|8|1260|sample|8|319|8|319|65.0,1,795.887,9.29798,1.10148e+06,7.81567e-10,0.615223,1,795.887,0.831841,1.10148e+06,7.93191e-10,0.61418,True,65.0|319,1260
8|1260|8|1260|sample|7|319|7|319|65.0,1,795.887,9.36047,1.10148e+06,7.81567e-10,0.615223,1,795.887,0.831848,1.10148e+06,7.93191e-10,0.61418,True,65.0|319,1260
8|1260|8|1260|sample|6|319|6|319|65.0,1,795.887,8.86962,1.10148e+06,7.81567e-10,0.615223,1,795.887,0.751797,1.10148e+06,7.93191e-10,0.61418,True,65.0|319,1260
8|1260|8|1260|sample|5|319|5|319|65.0,1,795.887,10.0307,1.10148e+06,7.81567e-10,0.615223,1,795.887,0.751743,1.10148e+06,7.93191e-10,0.61418,True,65.0|319,1260
8|1260|8|1260|sample|11|319|11|319|28.0,1,791.31,-8.97087,4.3096e-05,7.81567e-10,0.615223,1,791.31,-0.865127,4.3096e-05,7.93191e-10,0.61418,True,28.0|319,1260
8|1260|8|1260|sample|12|319|12|319|28.0,1,791.31,-8.5823,4.3096e-05,7.81567e-10,0.615223,1,791.31,-0.567259,4.3096e-05,7.93191e-10,0.61418,True,28.0|319,1260
8|1260|8|1260|sample|10|319|10|319|28.0,1,791.31,-7.10811,4.3096e-05,7.81567e-10,0.615223,1,791.31,-0.374715,4.3096e-05,7.93191e-10,0.61418,True,28.0|319,1260
8|1260|8|1260|sample|9|319|9|319|28.0,1,791.31,-7.51015,4.3096e-05,7.81567e-10,0.615223,1,791.31,-0.3293,4.3096e-05,7.93191e-10,0.61418,True,28.0|319,1260
8|1260|8|1260|sample|4|319|4|319|22.0,1,794.209,-8.53514,0.000185314,7.81567e-10,0.615223,1,794.209,-0.526361,0.000185314,7.93191e-10,0.61418,True,22.0|319,1260
8|1260|8|1260|sample|3|319|3|319|22.0,1,794.209,-8.1705,0.000185314,7.81567e-10,0.615223,1,794.209,-0.456694,0.000185314,7.93191e-10,0.61418,True,22.0|319,1260
8|1260|8|1260|cc|1|1|319|1|319|69.0,1,787.501,0.0382395,0.562432,7.81567e-10,0.615223,1,787.501,4.66214e-07,0.562432,7.93191e-10,0.61418,False,69.0|319,1260
8|1260|8|1260|cc|2|1|319|1|319|69.0,1,787.501,-0.913751,0.562432,7.81567e-10,0.615223,1,787.501,-1.41583e-07,0.562432,7.93191e-10,0.61418,False,69.0|319,1260
8|1260|8|1260|cc|3|1|319|1|319|69.0,1,787.501,0.117126,0.562432,7.81567e-10,0.615223,1,787.501,-3.97347e-07,0.562432,7.93191e-10,0.61418,False,69.0|319,1260
8|1260|8|1260|cc|4|1|319|1|319|69.0,1,787.501,1.15805,0.562432,7.81567e-10,0.615223,1,787.501,4.04286e-07,0.562432,7.93191e-10,0.61418,False,69.0|319,1260
8|1260|8|1260|cc|5|1|319|1|319|69.0,1,787.501,-2.23934,0.562432,7.81567e-10,0.615223,1,787.501,4.89155e-07,0.562432,7.93191e-10,0.61418,False,69.0|319,1260
8|1260|8|1260|cc|6|1|319|1|319|69.0,1,787.501,-0.970745,0.562432,7.81567e-10,0.615223,1,787.501,7.17645e-07,0.562432,7.93191e-10,0.61418,False,69.0|319,1260
8|1260|8|1260|cc|7|1|319|1|319|69.0,1,787.501,-0.579046,0.562432,7.81567e-10,0.615223,1,787.501,-1.44659e-07,0.562432,7.93191e-10,0.61418,False,69.0|319,1260
8|1260|8|1260|cc|8|1|319|1|319|69.0,1,787.501,1.25594,0.562432,7.81567e-10,0.615223,1,787.501,5.10032e-07,0.562432,7.93191e-10,0.61418,False,69.0|319,1260
8|1260|8|1260|vc|1|2|319|2|319|69.0,1,787.501,-1.46387,0.562432,7.81567e-10,0.615223,1,787.501,-5.82031e-08,0.562432,7.93191e-10,0.61418,False,69.0|319,1260
8|1260|8|1260|vc|2|2|319|2|319|69.0,1,787.501,0.533445,0.562432,7.81567e-10,0.615223,1,787.501,5.09677e-07,0.562432,7.93191e-10,0.61418,False,69.0|319,1260
8|1260|8|1260|vc|3|2|319|2|319|69.0,1,787.501,0.706361,0.562432,7.81567e-10,0.615223,1,787.501,3.92596e-07,0.562432,7.93191e-10,0.61418,False,69.0|319,1260
8|1260|8|1260|vc|4|2|319|2|319|69.0,1,787.501,0.872262,0.562432,7.81567e-10,0.615223,1,787.501,-3.09054e-07,0.562432,7.93191e-10,0.61418,False,69.0|319,1260
8|1260|8|1260|vc|5|2|319|2|319|69.0,1,787.501,-0.781854,0.562432,7.81567e-10,0.615223,1,787.501,4.62847e-07,0.562432,7.93191e-10,0.61418,False,69.0|319,1260
8|1260|8|1260|vc|6|2|319|2|319|69.0,1,787.501,1.07158,0.562432,7.81567e-10,0.615223,1,787.501,7.82736e-07,0.562432,7.93191e-10,0.61418,False,69.0|319,1260
8|1260|8|1260|vc|7|2|319|2|319|69.0,1,787.501,0.604529,0.562432,7.81567e-10,0.615223,1,787.501,9.69988e-07,0.562432,7.93191e-10,0.61418,False,69.0|319,1260
8|1260|8|1260|vc|8|2|319|2|319|69.0,1,787.501,-0.083549,0.562432,7.81567e-10,0.615223,1,787.501,-5.13065e-07,0.562432,7.93191e-10,0.61418,False,69.0|319,1260
