id,time,ysample,plate_row,plate_col,a_m4b,c_m4b,cc_mean,popPred_medianCOV,popPred,indivPred_SAEM,indivPred_mode,indWRes_SAEM,indWRes_mode
411|4,0.0457247370827617,53482,1,4,0.1870813277260632,60814.5933828144,910,51931.5,54219.3,54219.3,54219.3,-0.0393819,-0.0393819
411|4,0.1371742112482853,45186,2,4,0.1870813277260632,60814.5933828144,910,41084.2,49424.1,49424.1,49424.1,-0.240829,-0.240829
411|4,0.411522633744856,36004,3,4,0.1870813277260632,60814.5933828144,910,18297.8,29484.3,29484.3,29484.3,0.504414,0.504414
411|4,1.23456790123457,15537,4,4,0.1870813277260632,60814.5933828144,910,5196.16,9728.97,9728.97,9728.97,0.700132,0.700132
411|4,3.7037037037037,4302,5,4,0.1870813277260632,60814.5933828144,910,1760.31,2781.44,2781.44,2781.44,0.228056,0.228056
411|4,11.1111111111111,1258,6,4,0.1870813277260632,60814.5933828144,910,1070.42,1267.12,1267.12,1267.12,-0.00144413,-0.00144413
411|4,33.3333333333333,948,7,4,0.1870813277260632,60814.5933828144,910,940.28,976.582,976.582,976.582,-0.00457715,-0.00457715
411|4,100,850,8,4,0.1870813277260632,60814.5933828144,910,916.19,922.63,922.63,922.63,-0.0116545,-0.0116545
411|3,0.0457247370827617,58138,1,3,0.1870813277260632,60814.5933828144,910,51563.1,53834.4,53834.4,53834.4,0.230983,0.230983
411|3,0.1371742112482853,40956,2,3,0.1870813277260632,60814.5933828144,910,40808.9,49091.6,49091.6,49091.6,-0.464358,-0.464358
411|3,0.411522633744856,25675,3,3,0.1870813277260632,60814.5933828144,910,18180.7,29292,29292,29292,-0.28082,-0.28082
411|3,1.23456790123457,7926,4,3,0.1870813277260632,60814.5933828144,910,5167.49,9669.96,9669.96,9669.96,-0.210578,-0.210578
411|3,3.7037037037037,2156,5,3,0.1870813277260632,60814.5933828144,910,1754.62,2768.92,2768.92,2768.92,-0.0919669,-0.0919669
411|3,11.1111111111111,986,6,3,0.1870813277260632,60814.5933828144,910,1069.35,1264.72,1264.72,1264.72,-0.0441567,-0.0441567
411|3,33.3333333333333,960,7,3,0.1870813277260632,60814.5933828144,910,940.079,976.133,976.133,976.133,-0.00258352,-0.00258352
411|3,100,882,8,3,0.1870813277260632,60814.5933828144,910,916.152,922.546,922.546,922.546,-0.0065062,-0.0065062
411|5,0.002286236854138,55169,1,5,0.1870813277260632,60814.5933828144,910,56314.2,56340.6,56340.6,56340.6,-0.0609622,-0.0609622
411|5,0.0068587105624142,55989,2,5,0.1870813277260632,60814.5933828144,910,59043.5,59192.1,59192.1,59192.1,-0.161066,-0.161066
411|5,0.0205761316872428,54885,3,5,0.1870813277260632,60814.5933828144,910,58941.6,59729.9,59729.9,59729.9,-0.242084,-0.242084
411|5,0.0617283950617284,49434,4,5,0.1870813277260632,60814.5933828144,910,53710.8,57378.9,57378.9,57378.9,-0.408219,-0.408219
411|5,0.1851851851851852,45208,5,5,0.1870813277260632,60814.5933828144,910,35849.4,46305.1,46305.1,46305.1,-0.0650417,-0.0650417
411|5,0.5555555555555556,30556,6,5,0.1870813277260632,60814.5933828144,910,13260.8,22917.3,22917.3,22917.3,0.670868,0.670868
411|5,1.66666666666667,13064,7,5,0.1870813277260632,60814.5933828144,910,3634.34,6680.64,6680.64,6680.64,0.841993,0.841993
411|5,5,2918,8,5,0.1870813277260632,60814.5933828144,910,1412.58,2022.66,2022.66,2022.66,0.137963,0.137963
411|6,0.002286236854138,62015,1,6,0.1870813277260632,60814.5933828144,910,56361,56387.5,56387.5,56387.5,0.292646,0.292646
411|6,0.0068587105624142,61528,2,6,0.1870813277260632,60814.5933828144,910,59090.1,59238.9,59238.9,59238.9,0.115042,0.115042
411|6,0.0205761316872428,61845,3,6,0.1870813277260632,60814.5933828144,910,58987.3,59776.2,59776.2,59776.2,0.103316,0.103316
411|6,0.0617283950617284,54318,4,6,0.1870813277260632,60814.5933828144,910,53752.1,57423.1,57423.1,57423.1,-0.159459,-0.159459
411|6,0.1851851851851852,48773,5,6,0.1870813277260632,60814.5933828144,910,35876.8,46340.6,46340.6,46340.6,0.144137,0.144137
411|6,0.5555555555555556,29602,6,6,0.1870813277260632,60814.5933828144,910,13270.6,22934.7,22934.7,22934.7,0.585351,0.585351
411|6,1.66666666666667,12240,7,6,0.1870813277260632,60814.5933828144,910,3636.52,6685.26,6685.26,6685.26,0.732588,0.732588
411|6,5,3840,8,6,0.1870813277260632,60814.5933828144,910,1413,2023.6,2023.6,2023.6,0.279881,0.279881
411|8,0.0457247370827617,49844,1,8,0.1870813277260632,60814.5933828144,910,52064.8,54358.6,54358.6,54358.6,-0.240724,-0.240724
411|8,0.1371742112482853,46084,2,8,0.1870813277260632,60814.5933828144,910,41183.9,49544.5,49544.5,49544.5,-0.196327,-0.196327
411|8,0.411522633744856,29492,3,8,0.1870813277260632,60814.5933828144,910,18340.1,29554,29554,29554,-0.00478763,-0.00478763
411|8,1.23456790123457,12168,4,8,0.1870813277260632,60814.5933828144,910,5206.54,9750.33,9750.33,9750.33,0.291263,0.291263
411|8,3.7037037037037,3114,5,8,0.1870813277260632,60814.5933828144,910,1762.36,2785.97,2785.97,2785.97,0.049191,0.049191
411|8,11.1111111111111,1024,6,8,0.1870813277260632,60814.5933828144,910,1070.81,1267.98,1267.98,1267.98,-0.038649,-0.038649
411|8,33.3333333333333,882,7,8,0.1870813277260632,60814.5933828144,910,940.353,976.745,976.745,976.745,-0.0151724,-0.0151724
411|8,100,778,8,8,0.1870813277260632,60814.5933828144,910,916.203,922.66,922.66,922.66,-0.0232129,-0.0232129
411|7,0.0457247370827617,51443,1,7,0.1870813277260632,60814.5933828144,910,52108,54403.8,54403.8,54403.8,-0.157782,-0.157782
411|7,0.1371742112482853,47489,2,7,0.1870813277260632,60814.5933828144,910,41216.2,49583.5,49583.5,49583.5,-0.118768,-0.118768
411|7,0.411522633744856,28239,3,7,0.1870813277260632,60814.5933828144,910,18353.9,29576.5,29576.5,29576.5,-0.103309,-0.103309
411|7,1.23456790123457,11458,4,7,0.1870813277260632,60814.5933828144,910,5209.91,9757.25,9757.25,9757.25,0.204853,0.204853
411|7,3.7037037037037,2676,5,7,0.1870813277260632,60814.5933828144,910,1763.03,2787.44,2787.44,2787.44,-0.0167097,-0.0167097
411|7,11.1111111111111,1026,6,7,0.1870813277260632,60814.5933828144,910,1070.94,1268.27,1268.27,1268.27,-0.0383763,-0.0383763
411|7,33.3333333333333,928,7,7,0.1870813277260632,60814.5933828144,910,940.376,976.798,976.798,976.798,-0.00781439,-0.00781439
411|7,100,848,8,7,0.1870813277260632,60814.5933828144,910,916.208,922.67,922.67,922.67,-0.0119819,-0.0119819
411|9,0.002286236854138,52761,1,9,0.1870813277260632,60814.5933828144,910,56169.8,56196.1,56196.1,56196.1,-0.179052,-0.179052
411|9,0.0068587105624142,58591,2,9,0.1870813277260632,60814.5933828144,910,58899.6,59047.9,59047.9,59047.9,-0.0230124,-0.0230124
411|9,0.0205761316872428,53528,3,9,0.1870813277260632,60814.5933828144,910,58800.6,59586.9,59586.9,59586.9,-0.303253,-0.303253
411|9,0.0617283950617284,55935,4,9,0.1870813277260632,60814.5933828144,910,53583.2,57242.4,57242.4,57242.4,-0.0672858,-0.0672858
411|9,0.1851851851851852,49128,5,9,0.1870813277260632,60814.5933828144,910,35765,46195.4,46195.4,46195.4,0.174133,0.174133
411|9,0.5555555555555556,28450,6,9,0.1870813277260632,60814.5933828144,910,13230.8,22863.8,22863.8,22863.8,0.491147,0.491147
411|9,1.66666666666667,10662,7,9,0.1870813277260632,60814.5933828144,910,3627.6,6666.35,6666.35,6666.35,0.527275,0.527275
411|9,5,3030,8,9,0.1870813277260632,60814.5933828144,910,1411.27,2019.76,2019.76,2019.76,0.155684,0.155684
411|10,0.002286236854138,53166,1,10,0.1870813277260632,60814.5933828144,910,55770.8,55797,55797,55797,-0.137808,-0.137808
411|10,0.0068587105624142,61628,2,10,0.1870813277260632,60814.5933828144,910,58502.1,58649.4,58649.4,58649.4,0.15074,0.15074
411|10,0.0205761316872428,54148,3,10,0.1870813277260632,60814.5933828144,910,58410.9,59192,59192,59192,-0.253629,-0.253629
411|10,0.0617283950617284,54949,4,10,0.1870813277260632,60814.5933828144,910,53230.7,56865.4,56865.4,56865.4,-0.0990814,-0.0990814
411|10,0.1851851851851852,46394,5,10,0.1870813277260632,60814.5933828144,910,35531.8,45892.3,45892.3,45892.3,0.0299144,0.0299144
411|10,0.5555555555555556,30684,6,10,0.1870813277260632,60814.5933828144,910,13147.9,22716.1,22716.1,22716.1,0.702695,0.702695
411|10,1.66666666666667,13846,7,10,0.1870813277260632,60814.5933828144,910,3608.98,6626.91,6626.91,6626.91,0.953813,0.953813
411|10,5,3124,8,10,0.1870813277260632,60814.5933828144,910,1407.66,2011.76,2011.76,2011.76,0.171454,0.171454
411|12,0.0457247370827617,47309,1,12,0.1870813277260632,60814.5933828144,910,47831.2,49935.1,49935.1,49935.1,-0.148219,-0.148219
411|12,0.1371742112482853,39899,2,12,0.1870813277260632,60814.5933828144,910,38019.2,45722.8,45722.8,45722.8,-0.34809,-0.34809
411|12,0.411522633744856,26409,3,12,0.1870813277260632,60814.5933828144,910,16995.1,27343.6,27343.6,27343.6,-0.0752248,-0.0752248
411|12,1.23456790123457,9114,4,12,0.1870813277260632,60814.5933828144,910,4876.97,9072.14,9072.14,9072.14,0.00514126,0.00514126
411|12,3.7037037037037,2878,5,12,0.1870813277260632,60814.5933828144,910,1697.05,2642.11,2642.11,2642.11,0.035553,0.035553
411|12,11.1111111111111,968,6,12,0.1870813277260632,60814.5933828144,910,1058.48,1240.44,1240.44,1240.44,-0.0432001,-0.0432001
411|12,33.3333333333333,796,7,12,0.1870813277260632,60814.5933828144,910,938.046,971.578,971.578,971.578,-0.0281224,-0.0281224
411|12,100,796,8,12,0.1870813277260632,60814.5933828144,910,915.773,921.695,921.695,921.695,-0.0201704,-0.0201704
411|11,0.0457247370827617,54260,1,11,0.1870813277260632,60814.5933828144,910,50559.7,52786,52786,52786,0.0801724,0.0801724
411|11,0.1371742112482853,45084,2,11,0.1870813277260632,60814.5933828144,910,40058.8,48185.8,48185.8,48185.8,-0.179213,-0.179213
411|11,0.411522633744856,27045,3,11,0.1870813277260632,60814.5933828144,910,17862,28768.1,28768.1,28768.1,-0.135067,-0.135067
411|11,1.23456790123457,12392,4,11,0.1870813277260632,60814.5933828144,910,5089.37,9509.22,9509.22,9509.22,0.349677,0.349677
411|11,3.7037037037037,3032,5,11,0.1870813277260632,60814.5933828144,910,1739.14,2734.82,2734.82,2734.82,0.0446443,0.0446443
411|11,11.1111111111111,1264,6,11,0.1870813277260632,60814.5933828144,910,1066.43,1258.19,1258.19,1258.19,0.000920735,0.000920735
411|11,33.3333333333333,860,7,11,0.1870813277260632,60814.5933828144,910,939.533,974.908,974.908,974.908,-0.0184026,-0.0184025
411|11,100,802,8,11,0.1870813277260632,60814.5933828144,910,916.05,922.317,922.317,922.317,-0.0193069,-0.0193069
783|3,0.00128,68212.8,1,3,0.1361414512255062,67826.8686521656,572.004,63540.8,63920.3,63920.3,63920.3,0.204452,0.204452
783|3,0.0064,68155.2,2,3,0.1361414512255062,67826.8686521656,572.004,65809.4,65964.2,65964.2,65964.2,0.102031,0.102031
783|3,0.032,68608.8,3,3,0.1361414512255062,67826.8686521656,572.004,63908.5,63979.3,63979.3,63979.3,0.220356,0.220356
783|3,0.16,64072.8,4,3,0.1361414512255062,67826.8686521656,572.004,43080.1,43110.6,43110.6,43110.6,1.3005,1.3005
783|3,0.8,57218.4,5,3,0.1361414512255062,67826.8686521656,572.004,9281.71,9287.96,9287.96,9287.96,5.85069,5.85069
783|3,4,44143.2,6,3,0.1361414512255062,67826.8686521656,572.004,1414.81,1415.74,1415.74,1415.74,6.73144,6.73144
783|3,20,28238.4,7,3,0.1361414512255062,67826.8686521656,572.004,644.824,644.994,644.994,644.994,4.47449,4.47449
783|3,100,11044.8,8,3,0.1361414512255062,67826.8686521656,572.004,578.915,578.95,578.95,578.95,1.70139,1.70139
783|4,0.00128,69595.2,1,4,0.1361414512255062,67826.8686521656,572.004,63881.4,64230.6,64230.6,64230.6,0.254634,0.254634
783|4,0.0064,69638.4,2,4,0.1361414512255062,67826.8686521656,572.004,66148.7,66273.3,66273.3,66273.3,0.156178,0.156178
783|4,0.032,67262.4,3,4,0.1361414512255062,67826.8686521656,572.004,64233.4,64275.3,64275.3,64275.3,0.141713,0.141713
783|4,0.16,63900,4,4,0.1361414512255062,67826.8686521656,572.004,43297.2,43308.4,43308.4,43308.4,1.27385,1.27385
783|4,0.8,56001.6,5,4,0.1361414512255062,67826.8686521656,572.004,9326.19,9328.48,9328.48,9328.48,5.69061,5.69061
783|4,4,42962.4,6,4,0.1361414512255062,67826.8686521656,572.004,1419.12,1419.68,1419.68,1419.68,6.54384,6.54384
783|4,20,26215.2,7,4,0.1361414512255062,67826.8686521656,572.004,645.198,645.334,645.334,645.334,4.1463,4.1463
783|4,100,11448,8,4,0.1361414512255062,67826.8686521656,572.004,578.947,578.979,578.979,578.979,1.76693,1.76693
783|5,0.00128,67507.2,1,5,0.1361414512255062,67826.8686521656,572.004,64004.7,64342.9,64342.9,64342.9,0.150007,0.150007
783|5,0.0064,64807.2,2,5,0.1361414512255062,67826.8686521656,572.004,66271.5,66385.2,66385.2,66385.2,-0.0731477,-0.0731477
783|5,0.032,65296.8,3,5,0.1361414512255062,67826.8686521656,572.004,64351,64382.5,64382.5,64382.5,0.0433252,0.0433252
783|5,0.16,59824.8,4,5,0.1361414512255062,67826.8686521656,572.004,43375.8,43380,43380,43380,1.01626,1.01626
783|5,0.8,43956,5,5,0.1361414512255062,67826.8686521656,572.004,9342.3,9343.15,9343.15,9343.15,4.2184,4.2184
783|5,4,33624,6,5,0.1361414512255062,67826.8686521656,572.004,1420.69,1421.1,1421.1,1421.1,5.07236,5.07236
783|5,20,17287.2,7,5,0.1361414512255062,67826.8686521656,572.004,645.333,645.457,645.457,645.457,2.69854,2.69854
783|5,100,6449.76,8,5,0.1361414512255062,67826.8686521656,572.004,578.958,578.99,578.99,578.99,0.954386,0.954386
783|6,0.00128,72936,1,6,0.1361414512255062,67826.8686521656,572.004,64044.7,64379.3,64379.3,64379.3,0.405476,0.405476
783|6,0.0064,71100,2,6,0.1361414512255062,67826.8686521656,572.004,66311.3,66421.5,66421.5,66421.5,0.216786,0.216786
783|6,0.032,65887.2,3,6,0.1361414512255062,67826.8686521656,572.004,64389.2,64417.2,64417.2,64417.2,0.0696295,0.0696295
783|6,0.16,59457.6,4,6,0.1361414512255062,67826.8686521656,572.004,43401.2,43403.2,43403.2,43403.2,0.991803,0.991803
783|6,0.8,43984.8,5,6,0.1361414512255062,67826.8686521656,572.004,9347.51,9347.9,9347.9,9347.9,4.22076,4.22076
783|6,4,31118.4,6,6,0.1361414512255062,67826.8686521656,572.004,1421.19,1421.56,1421.56,1421.56,4.67754,4.67754
783|6,20,17712,7,6,0.1361414512255062,67826.8686521656,572.004,645.377,645.497,645.497,645.497,2.76742,2.76742
783|6,100,6401.52,8,6,0.1361414512255062,67826.8686521656,572.004,578.962,578.993,578.993,578.993,0.946543,0.946543
783|7,0.00128,67154.4,1,7,0.1361414512255062,67826.8686521656,572.004,64044.7,64379.3,64379.3,64379.3,0.131503,0.131503
783|7,0.0064,54813.6,2,7,0.1361414512255062,67826.8686521656,572.004,66311.3,66421.5,66421.5,66421.5,-0.537866,-0.537866
783|7,0.032,37951.2,3,7,0.1361414512255062,67826.8686521656,572.004,64389.2,64417.2,64417.2,64417.2,-1.25362,-1.25362
783|7,0.16,14299.2,4,7,0.1361414512255062,67826.8686521656,572.004,43401.2,43403.2,43403.2,43403.2,-1.79798,-1.79798
783|7,0.8,1840.32,5,7,0.1361414512255062,67826.8686521656,572.004,9347.51,9347.9,9347.9,9347.9,-0.914854,-0.914854
783|7,4,763.2,6,7,0.1361414512255062,67826.8686521656,572.004,1421.19,1421.56,1421.56,1421.56,-0.103699,-0.103699
783|7,20,651.672,7,7,0.1361414512255062,67826.8686521656,572.004,645.377,645.497,645.497,645.497,0.00100124,0.00100124
783|7,100,652.968,8,7,0.1361414512255062,67826.8686521656,572.004,578.962,578.993,578.993,578.993,0.0120258,0.0120258
783|8,0.00128,63050.4,1,8,0.1361414512255062,67826.8686521656,572.004,64004.7,64342.9,64342.9,64342.9,-0.061274,-0.061274
783|8,0.0064,58111.2,2,8,0.1361414512255062,67826.8686521656,572.004,66271.5,66385.2,66385.2,66385.2,-0.383538,-0.383538
783|8,0.032,39211.2,3,8,0.1361414512255062,67826.8686521656,572.004,64351,64382.5,64382.5,64382.5,-1.19275,-1.19275
783|8,0.16,16286.4,4,8,0.1361414512255062,67826.8686521656,572.004,43375.8,43380,43380,43380,-1.67434,-1.67434
783|8,0.8,2345.04,5,8,0.1361414512255062,67826.8686521656,572.004,9342.3,9343.15,9343.15,9343.15,-0.852886,-0.852886
783|8,4,787.68,6,8,0.1361414512255062,67826.8686521656,572.004,1420.69,1421.1,1421.1,1421.1,-0.0997719,-0.0997719
783|8,20,566.928,7,8,0.1361414512255062,67826.8686521656,572.004,645.333,645.457,645.457,645.457,-0.012734,-0.012734
783|8,100,548.928,8,8,0.1361414512255062,67826.8686521656,572.004,578.958,578.99,578.99,578.99,-0.00488703,-0.00488703
783|10,0.00128,76608,1,10,0.1361414512255062,67826.8686521656,572.004,63540.8,63920.3,63920.3,63920.3,0.604315,0.604315
783|10,0.0064,70869.6,2,10,0.1361414512255062,67826.8686521656,572.004,65809.4,65964.2,65964.2,65964.2,0.228434,0.228434
783|10,0.032,68104.8,3,10,0.1361414512255062,67826.8686521656,572.004,63908.5,63979.3,63979.3,63979.3,0.196366,0.196366
783|10,0.16,65124,4,10,0.1361414512255062,67826.8686521656,572.004,43080.1,43110.6,43110.6,43110.6,1.36572,1.36572
783|10,0.8,59119.2,5,10,0.1361414512255062,67826.8686521656,572.004,9281.71,9287.96,9287.96,9287.96,6.08271,6.08271
783|10,4,42307.2,6,10,0.1361414512255062,67826.8686521656,572.004,1414.81,1415.74,1415.74,1415.74,6.44219,6.44219
783|10,20,27712.8,7,10,0.1361414512255062,67826.8686521656,572.004,644.824,644.994,644.994,644.994,4.38926,4.38926
783|10,100,11037.6,8,10,0.1361414512255062,67826.8686521656,572.004,578.915,578.95,578.95,578.95,1.70022,1.70022
783|9,0.00128,74160,1,9,0.1361414512255062,67826.8686521656,572.004,63881.4,64230.6,64230.6,64230.6,0.471305,0.471305
783|9,0.0064,70380,2,9,0.1361414512255062,67826.8686521656,572.004,66148.7,66273.3,66273.3,66273.3,0.190597,0.190597
783|9,0.032,62517.6,3,9,0.1361414512255062,67826.8686521656,572.004,64233.4,64275.3,64275.3,64275.3,-0.08339,-0.08339
783|9,0.16,69746.4,4,9,0.1361414512255062,67826.8686521656,572.004,43297.2,43308.4,43308.4,43308.4,1.63552,1.63552
783|9,0.8,56138.4,5,9,0.1361414512255062,67826.8686521656,572.004,9326.19,9328.48,9328.48,9328.48,5.70729,5.70729
783|9,4,43509.6,6,9,0.1361414512255062,67826.8686521656,572.004,1419.12,1419.68,1419.68,1419.68,6.63004,6.63004
783|9,20,28951.2,7,9,0.1361414512255062,67826.8686521656,572.004,645.198,645.334,645.334,645.334,4.58996,4.58996
783|9,100,11426.4,8,9,0.1361414512255062,67826.8686521656,572.004,578.947,578.979,578.979,578.979,1.76342,1.76342
783|12,0.00128,56412,1,12,0.1361414512255062,67826.8686521656,572.004,60089.8,60776.7,60776.7,60776.7,-0.215449,-0.215449
783|12,0.0064,44661.6,2,12,0.1361414512255062,67826.8686521656,572.004,62371.5,62832.5,62832.5,62832.5,-0.876116,-0.876116
783|12,0.032,22356,3,12,0.1361414512255062,67826.8686521656,572.004,60616.6,60980.6,60980.6,60980.6,-1.9021,-1.9021
783|12,0.16,2838.96,4,12,0.1361414512255062,67826.8686521656,572.004,40880.5,41107,41107,41107,-2.4454,-2.4454
783|12,0.8,601.272,5,12,0.1361414512255062,67826.8686521656,572.004,8831.08,8877.46,8877.46,8877.46,-1.02225,-1.02225
783|12,4,473.256,6,12,0.1361414512255062,67826.8686521656,572.004,1371.05,1375.89,1375.89,1375.89,-0.142413,-0.142413
783|12,20,409.608,7,12,0.1361414512255062,67826.8686521656,572.004,641.039,641.546,641.546,641.546,-0.0376156,-0.0376156
783|12,100,416.808,8,12,0.1361414512255062,67826.8686521656,572.004,578.591,578.655,578.655,578.655,-0.0263111,-0.0263111
783|11,0.00128,65894.4,1,11,0.1361414512255062,67826.8686521656,572.004,62612.9,63075,63075,63075,0.135566,0.135566
783|11,0.0064,47419.2,2,11,0.1361414512255062,67826.8686521656,572.004,64885,65122.1,65122.1,65122.1,-0.832028,-0.832028
783|11,0.032,23608.8,3,11,0.1361414512255062,67826.8686521656,572.004,63023.3,63173,63173,63173,-1.90029,-1.90029
783|11,0.16,2632.32,4,11,0.1361414512255062,67826.8686521656,572.004,42488.6,42571.9,42571.9,42571.9,-2.49743,-2.49743
783|11,0.8,606.096,5,11,0.1361414512255062,67826.8686521656,572.004,9160.54,9177.59,9177.59,9177.59,-1.0496,-1.0496
783|11,4,537.696,6,11,0.1361414512255062,67826.8686521656,572.004,1403.04,1405.03,1405.03,1405.03,-0.136697,-0.136697
783|11,20,480.6,7,11,0.1361414512255062,67826.8686521656,572.004,643.806,644.067,644.067,644.067,-0.0265084,-0.0265084
783|11,100,448.488,8,11,0.1361414512255062,67826.8686521656,572.004,578.828,578.871,578.871,578.871,-0.0211959,-0.0211959
491|10,0.000042624,46100.6,1,10,0.522270930886887,57587.6804133002,254.219875,45256.7,45256.7,45256.7,45256.7,0.0507722,0.0507722
491|10,0.00021312,58358.3,2,10,0.522270930886887,57587.6804133002,254.219875,52537.2,52537.2,52537.2,52537.2,0.317616,0.317616
491|10,0.0010656,49385.7,3,10,0.522270930886887,57587.6804133002,254.219875,55159.8,55159.8,55159.8,55159.8,-0.304828,-0.304828
491|10,0.005328,29975.4,4,10,0.522270930886887,57587.6804133002,254.219875,55853.9,55853.9,55853.9,55853.9,-1.35455,-1.35455
491|10,0.02664,6151.6,5,10,0.522270930886887,57587.6804133002,254.219875,54049.3,54049.3,54049.3,54049.3,-2.56385,-2.56385
491|10,0.1332,676.403,6,10,0.522270930886887,57587.6804133002,254.219875,38650.5,38650.5,38650.5,38650.5,-2.5193,-2.5193
491|10,0.666,423.514,7,10,0.522270930886887,57587.6804133002,254.219875,8920.74,8920.74,8920.74,8920.74,-1.04824,-1.04824
491|10,3.33,334.516,8,10,0.522270930886887,57587.6804133002,254.219875,1006.88,1006.88,1006.88,1006.88,-0.107549,-0.107549
491|9,0.000042624,41177.5,1,9,0.522270930886887,57587.6804133002,254.219875,46242.1,46242.1,46242.1,46242.1,-0.30053,-0.30053
491|9,0.00021312,52388.7,2,9,0.522270930886887,57587.6804133002,254.219875,53522.6,53522.6,53522.6,53522.6,-0.0610985,-0.0610985
491|9,0.0010656,46491.9,3,9,0.522270930886887,57587.6804133002,254.219875,56145,56145,56145,56145,-0.503472,-0.503472
491|9,0.005328,31322.2,4,9,0.522270930886887,57587.6804133002,254.219875,56836.2,56836.2,56836.2,56836.2,-1.31957,-1.31957
491|9,0.02664,6345.43,5,9,0.522270930886887,57587.6804133002,254.219875,54999.8,54999.8,54999.8,54999.8,-2.57367,-2.57367
491|9,0.1332,794.885,6,9,0.522270930886887,57587.6804133002,254.219875,39339.4,39339.4,39339.4,39339.4,-2.53004,-2.53004
491|9,0.666,427.518,7,9,0.522270930886887,57587.6804133002,254.219875,9084.07,9084.07,9084.07,9084.07,-1.06287,-1.06287
491|9,3.33,336.973,8,9,0.522270930886887,57587.6804133002,254.219875,1023.34,1023.34,1023.34,1023.34,-0.109722,-0.109722
491|12,0.000042624,41486.9,1,12,0.522270930886887,57587.6804133002,254.219875,35272.8,35272.9,35272.9,35272.9,0.435103,0.435103
491|12,0.00021312,52406.9,2,12,0.522270930886887,57587.6804133002,254.219875,42553.5,42553.5,42553.5,42553.5,0.616298,0.616298
491|12,0.0010656,49303.8,3,12,0.522270930886887,57587.6804133002,254.219875,45178.6,45178.7,45178.7,45178.7,0.248456,0.248456
491|12,0.005328,36736.7,4,12,0.522270930886887,57587.6804133002,254.219875,45901.3,45901.3,45901.3,45901.3,-0.546408,-0.546408
491|12,0.02664,18300.1,5,12,0.522270930886887,57587.6804133002,254.219875,44419.8,44419.8,44419.8,44419.8,-1.59021,-1.59021
491|12,0.1332,5950.49,6,12,0.522270930886887,57587.6804133002,254.219875,31670.5,31670.5,31670.5,31670.5,-1.91404,-1.91404
491|12,0.666,1494.22,7,12,0.522270930886887,57587.6804133002,254.219875,7265.99,7266,7266,7266,-0.747791,-0.747791
491|12,3.33,542.178,8,12,0.522270930886887,57587.6804133002,254.219875,840.116,840.116,840.116,840.116,-0.0479575,-0.0479575
491|11,0.000042624,44171.4,1,11,0.522270930886887,57587.6804133002,254.219875,42572.2,42572.2,42572.2,42572.2,0.0999981,0.0999981
491|11,0.00021312,56738.5,2,11,0.522270930886887,57587.6804133002,254.219875,49852.7,49852.7,49852.7,49852.7,0.38906,0.38906
491|11,0.0010656,49103.6,3,11,0.522270930886887,57587.6804133002,254.219875,52476,52476,52476,52476,-0.184153,-0.184153
491|11,0.005328,43780.1,4,11,0.522270930886887,57587.6804133002,254.219875,53177.8,53177.8,53177.8,53177.8,-0.508596,-0.508596
491|11,0.02664,23277.8,5,11,0.522270930886887,57587.6804133002,254.219875,51460.1,51460.1,51460.1,51460.1,-1.55917,-1.55917
491|11,0.1332,7411.04,6,11,0.522270930886887,57587.6804133002,254.219875,36773.7,36773.7,36773.7,36773.7,-2.00654,-2.00654
491|11,0.666,2003.82,7,11,0.522270930886887,57587.6804133002,254.219875,8475.8,8475.81,8475.81,8475.81,-0.808801,-0.808801
491|11,3.33,644.735,8,11,0.522270930886887,57587.6804133002,254.219875,962.037,962.036,962.036,962.036,-0.0508404,-0.0508404
491|4,0.000042624,35471.8,1,4,0.522270930886887,57587.6804133002,254.219875,46242.1,46242.1,46242.1,46242.1,-0.6391,-0.6391
491|4,0.00021312,52725.4,2,4,0.522270930886887,57587.6804133002,254.219875,53522.6,53522.6,53522.6,53522.6,-0.0429559,-0.0429559
491|4,0.0010656,53225.9,3,4,0.522270930886887,57587.6804133002,254.219875,56145,56145,56145,56145,-0.15225,-0.15225
491|4,0.005328,47875.1,4,4,0.522270930886887,57587.6804133002,254.219875,56836.2,56836.2,56836.2,56836.2,-0.463465,-0.463465
491|4,0.02664,39939.9,5,4,0.522270930886887,57587.6804133002,254.219875,54999.8,54999.8,54999.8,54999.8,-0.796622,-0.796622
491|4,0.1332,18218.2,6,4,0.522270930886887,57587.6804133002,254.219875,39339.4,39339.4,39339.4,39339.4,-1.38638,-1.38638
491|4,0.666,1977.43,7,4,0.522270930886887,57587.6804133002,254.219875,9084.07,9084.07,9084.07,9084.07,-0.87257,-0.87257
491|4,3.33,617.344,8,4,0.522270930886887,57587.6804133002,254.219875,1023.34,1023.34,1023.34,1023.34,-0.0649017,-0.0649017
491|3,0.000042624,38192.7,1,3,0.522270930886887,57587.6804133002,254.219875,45256.7,45256.7,45256.7,45256.7,-0.424993,-0.424993
491|3,0.00021312,53999.4,2,3,0.522270930886887,57587.6804133002,254.219875,52537.2,52537.2,52537.2,52537.2,0.0797833,0.0797833
491|3,0.0010656,53908.4,3,3,0.522270930886887,57587.6804133002,254.219875,55159.8,55159.8,55159.8,55159.8,-0.0660649,-0.0660649
491|3,0.005328,47765.9,4,3,0.522270930886887,57587.6804133002,254.219875,55853.9,55853.9,55853.9,55853.9,-0.423346,-0.423346
491|3,0.02664,42487.9,5,3,0.522270930886887,57587.6804133002,254.219875,54049.3,54049.3,54049.3,54049.3,-0.618855,-0.618855
491|3,0.1332,20165.6,6,3,0.522270930886887,57587.6804133002,254.219875,38650.5,38650.5,38650.5,38650.5,-1.22633,-1.22633
491|3,0.666,2372.37,7,3,0.522270930886887,57587.6804133002,254.219875,8920.74,8920.74,8920.74,8920.74,-0.807821,-0.807821
491|3,3.33,565.383,8,3,0.522270930886887,57587.6804133002,254.219875,1006.88,1006.88,1006.88,1006.88,-0.0706205,-0.0706205
491|6,0.000042624,36154.3,1,6,0.522270930886887,57587.6804133002,254.219875,46714.5,46714.5,46714.5,46714.5,-0.622542,-0.622542
491|6,0.00021312,48384.7,2,6,0.522270930886887,57587.6804133002,254.219875,53995,53995,53995,53995,-0.300509,-0.300509
491|6,0.0010656,49121.8,3,6,0.522270930886887,57587.6804133002,254.219875,56617.3,56617.3,56617.3,56617.3,-0.388693,-0.388693
491|6,0.005328,50359.4,4,6,0.522270930886887,57587.6804133002,254.219875,57307.1,57307.1,57307.1,57307.1,-0.357294,-0.357294
491|6,0.02664,38638.6,5,6,0.522270930886887,57587.6804133002,254.219875,55455.4,55455.4,55455.4,55455.4,-0.884561,-0.884561
491|6,0.1332,18918.9,6,6,0.522270930886887,57587.6804133002,254.219875,39669.7,39669.7,39669.7,39669.7,-1.35518,-1.35518
491|6,0.666,6082.44,7,6,0.522270930886887,57587.6804133002,254.219875,9162.36,9162.37,9162.37,9162.37,-0.377311,-0.377311
491|6,3.33,1701.7,8,6,0.522270930886887,57587.6804133002,254.219875,1031.23,1031.23,1031.23,1031.23,0.10715,0.10715
491|5,0.000042624,41359.5,1,5,0.522270930886887,57587.6804133002,254.219875,46598.9,46598.9,46598.9,46598.9,-0.309366,-0.309366
491|5,0.00021312,49767.9,2,5,0.522270930886887,57587.6804133002,254.219875,53879.4,53879.4,53879.4,53879.4,-0.220547,-0.220547
491|5,0.0010656,48857.9,3,5,0.522270930886887,57587.6804133002,254.219875,56501.7,56501.7,56501.7,56501.7,-0.396942,-0.396942
491|5,0.005328,47119.8,4,5,0.522270930886887,57587.6804133002,254.219875,57191.9,57191.9,57191.9,57191.9,-0.518687,-0.518687
491|5,0.02664,36381.8,5,5,0.522270930886887,57587.6804133002,254.219875,55343.9,55343.9,55343.9,55343.9,-0.998776,-0.998776
491|5,0.1332,16953.3,6,5,0.522270930886887,57587.6804133002,254.219875,39588.8,39588.8,39588.8,39588.8,-1.48011,-1.48011
491|5,0.666,5673.85,7,5,0.522270930886887,57587.6804133002,254.219875,9143.2,9143.21,9143.21,9143.21,-0.425252,-0.425252
491|5,3.33,1630.72,8,5,0.522270930886887,57587.6804133002,254.219875,1029.29,1029.3,1029.3,1029.3,0.0961221,0.0961221
491|7,0.000042624,35499.1,1,7,0.522270930886887,57587.6804133002,254.219875,46714.5,46714.5,46714.5,46714.5,-0.661167,-0.661167
491|7,0.00021312,44253.3,2,7,0.522270930886887,57587.6804133002,254.219875,53995,53995,53995,53995,-0.521804,-0.521804
491|7,0.0010656,33642.7,3,7,0.522270930886887,57587.6804133002,254.219875,56617.3,56617.3,56617.3,56617.3,-1.1914,-1.1914
491|7,0.005328,15679.3,4,7,0.522270930886887,57587.6804133002,254.219875,57307.1,57307.1,57307.1,57307.1,-2.14075,-2.14075
491|7,0.02664,1933.75,5,7,0.522270930886887,57587.6804133002,254.219875,55455.4,55455.4,55455.4,55455.4,-2.81523,-2.81523
491|7,0.1332,456.638,6,7,0.522270930886887,57587.6804133002,254.219875,39669.7,39669.7,39669.7,39669.7,-2.56091,-2.56091
491|7,0.666,325.689,7,7,0.522270930886887,57587.6804133002,254.219875,9162.36,9162.39,9162.39,9162.39,-1.08255,-1.08255
491|7,3.33,292.383,8,7,0.522270930886887,57587.6804133002,254.219875,1031.23,1031.23,1031.23,1031.23,-0.118077,-0.118077
491|8,0.000042624,40840.8,1,8,0.522270930886887,57587.6804133002,254.219875,46598.9,46598.9,46598.9,46598.9,-0.339993,-0.339993
491|8,0.00021312,50404.9,2,8,0.522270930886887,57587.6804133002,254.219875,53879.4,53879.4,53879.4,53879.4,-0.186377,-0.186377
491|8,0.0010656,39821.6,3,8,0.522270930886887,57587.6804133002,254.219875,56501.7,56501.7,56501.7,56501.7,-0.866198,-0.866198
491|8,0.005328,16543.8,4,8,0.522270930886887,57587.6804133002,254.219875,57191.9,57191.9,57191.9,57191.9,-2.09328,-2.09328
491|8,0.02664,1856.4,5,8,0.522270930886887,57587.6804133002,254.219875,55343.9,55343.9,55343.9,55343.9,-2.81731,-2.81731
491|8,0.1332,467.194,6,8,0.522270930886887,57587.6804133002,254.219875,39588.8,39588.8,39588.8,39588.8,-2.55811,-2.55811
491|8,0.666,353.808,7,8,0.522270930886887,57587.6804133002,254.219875,9143.2,9143.23,9143.23,9143.23,-1.07735,-1.07735
491|8,3.33,309.764,8,8,0.522270930886887,57587.6804133002,254.219875,1029.29,1029.3,1029.3,1029.3,-0.114999,-0.114999
433|4,0.0004262399999999,18573.6,1,4,0.9784069372992648,87782.4240939821,335.306375,56057.7,56057.7,56057.7,56057.7,-1.95713,-1.95713
433|4,0.0021311999999999,25709.1,2,4,0.9784069372992648,87782.4240939821,335.306375,76361.2,76361.2,76361.2,76361.2,-2.11839,-2.11839
433|4,0.0106559999999999,25041.7,3,4,0.9784069372992648,87782.4240939821,335.306375,83040.4,83040.4,83040.4,83040.4,-2.27661,-2.27661
433|4,0.0532799999999999,14086.4,4,4,0.9784069372992648,87782.4240939821,335.306375,77943.6,77943.6,77943.6,77943.6,-2.62987,-2.62987
433|4,0.2663999999999999,4147.11,5,4,0.9784069372992648,87782.4240939821,335.306375,38639.8,38639.8,38639.8,38639.8,-2.28871,-2.28871
433|4,1.332,1302.85,6,4,0.9784069372992648,87782.4240939821,335.306375,5714.99,5714.98,5714.98,5714.98,-0.599886,-0.599886
433|4,6.66,645.816,7,4,0.9784069372992648,87782.4240939821,335.306375,781.834,781.834,781.834,781.834,-0.0219423,-0.0219423
433|4,33.3,320.139,8,4,0.9784069372992648,87782.4240939821,335.306375,364.357,364.357,364.357,364.357,-0.00724755,-0.00724755
433|3,0.0004262399999999,26170.6,1,3,0.9784069372992648,87782.4240939821,335.306375,53302.6,53302.6,53302.6,53302.6,-1.46604,-1.46604
433|3,0.0021311999999999,45518.1,2,3,0.9784069372992648,87782.4240939821,335.306375,73608.1,73608.1,73608.1,73608.1,-1.20737,-1.20737
433|3,0.0106559999999999,34442.1,3,3,0.9784069372992648,87782.4240939821,335.306375,80310,80310,80310,80310,-1.84683,-1.84683
433|3,0.0532799999999999,16500.4,4,3,0.9784069372992648,87782.4240939821,335.306375,75452.7,75452.7,75452.7,75452.7,-2.48767,-2.48767
433|3,0.2663999999999999,3434.27,5,3,0.9784069372992648,87782.4240939821,335.306375,37410.4,37410.4,37410.4,37410.4,-2.29837,-2.29837
433|3,1.332,949.98,6,3,0.9784069372992648,87782.4240939821,335.306375,5537.41,5537.41,5537.41,5537.41,-0.627268,-0.627268
433|3,6.66,539.103,7,3,0.9784069372992648,87782.4240939821,335.306375,765.7,765.7,765.7,765.7,-0.0365767,-0.0365767
433|3,33.3,314.246,8,3,0.9784069372992648,87782.4240939821,335.306375,362.97,362.97,362.97,362.97,-0.00798655,-0.00798655
433|6,0.0004262399999999,65149.6,1,6,0.9784069372992648,87782.4240939821,335.306375,57378.3,57378.3,57378.3,57378.3,0.399304,0.399304
433|6,0.0021311999999999,73130,2,6,0.9784069372992648,87782.4240939821,335.306375,77680.9,77680.9,77680.9,77680.9,-0.187899,-0.187899
433|6,0.0106559999999999,74976,3,6,0.9784069372992648,87782.4240939821,335.306375,84349.3,84349.3,84349.3,84349.3,-0.363551,-0.363551
433|6,0.0532799999999999,61429.2,4,6,0.9784069372992648,87782.4240939821,335.306375,79137.6,79137.6,79137.6,79137.6,-0.720989,-0.720989
433|6,0.2663999999999999,40541,5,6,0.9784069372992648,87782.4240939821,335.306375,39229.1,39229.1,39229.1,39229.1,0.0862583,0.0862583
433|6,1.332,19603.1,6,6,0.9784069372992648,87782.4240939821,335.306375,5800.11,5800.11,5800.11,5800.11,1.87162,1.87162
433|6,6.66,5439.31,7,6,0.9784069372992648,87782.4240939821,335.306375,789.568,789.568,789.568,789.568,0.749873,0.749873
433|6,33.3,1010.33,8,6,0.9784069372992648,87782.4240939821,335.306375,365.022,365.022,365.022,365.022,0.105767,0.105767
433|5,0.0004262399999999,40661.7,1,5,0.9784069372992648,87782.4240939821,335.306375,57055.1,57055.1,57055.1,57055.1,-0.845616,-0.845616
433|5,0.0021311999999999,50843.1,2,5,0.9784069372992648,87782.4240939821,335.306375,77357.9,77357.9,77357.9,77357.9,-1.09818,-1.09818
433|5,0.0106559999999999,60903.8,3,5,0.9784069372992648,87782.4240939821,335.306375,84029,84029,84029,84029,-0.899547,-0.899547
433|5,0.0532799999999999,53569.5,4,5,0.9784069372992648,87782.4240939821,335.306375,78845.4,78845.4,78845.4,78845.4,-1.03197,-1.03197
433|5,0.2663999999999999,35528.4,5,5,0.9784069372992648,87782.4240939821,335.306375,39084.9,39084.9,39084.9,39084.9,-0.234363,-0.234363
433|5,1.332,17671.9,6,5,0.9784069372992648,87782.4240939821,335.306375,5779.28,5779.27,5779.27,5779.27,1.61365,1.61365
433|5,6.66,5317.19,7,5,0.9784069372992648,87782.4240939821,335.306375,787.675,787.675,787.675,787.675,0.730536,0.730536
433|5,33.3,1019.56,8,5,0.9784069372992648,87782.4240939821,335.306375,364.859,364.859,364.859,364.859,0.107307,0.107307
433|8,0.0004262399999999,61280.1,1,8,0.9784069372992648,87782.4240939821,335.306375,57055.1,57055.1,57055.1,57055.1,0.217936,0.217936
433|8,0.0021311999999999,55891.2,2,8,0.9784069372992648,87782.4240939821,335.306375,77357.9,77357.9,77357.9,77357.9,-0.889103,-0.889103
433|8,0.0106559999999999,30586.8,3,8,0.9784069372992648,87782.4240939821,335.306375,84029,84029,84029,84029,-2.07885,-2.07885
433|8,0.0532799999999999,6215.34,4,8,0.9784069372992648,87782.4240939821,335.306375,78845.4,78845.4,78845.4,78845.4,-2.96536,-2.96536
433|8,0.2663999999999999,927.26,5,8,0.9784069372992648,87782.4240939821,335.306375,39084.9,39084.9,39084.9,39084.9,-2.51449,-2.51449
433|8,1.332,454.755,6,8,0.9784069372992648,87782.4240939821,335.306375,5779.28,5779.27,5779.27,5779.27,-0.722456,-0.722456
433|8,6.66,339.522,7,8,0.9784069372992648,87782.4240939821,335.306375,787.675,787.675,787.675,787.675,-0.0722797,-0.0722797
433|8,33.3,323.334,8,8,0.9784069372992648,87782.4240939821,335.306375,364.859,364.859,364.859,364.859,-0.00680604,-0.00680604
433|7,0.0004262399999999,54883,1,7,0.9784069372992648,87782.4240939821,335.306375,57378.3,57378.3,57378.3,57378.3,-0.128214,-0.128214
433|7,0.0021311999999999,56111.3,2,7,0.9784069372992648,87782.4240939821,335.306375,77680.9,77680.9,77680.9,77680.9,-0.890572,-0.890572
433|7,0.0106559999999999,33270.6,3,7,0.9784069372992648,87782.4240939821,335.306375,84349.3,84349.3,84349.3,84349.3,-1.98113,-1.98113
433|7,0.0532799999999999,5974.65,4,7,0.9784069372992648,87782.4240939821,335.306375,79137.6,79137.6,79137.6,79137.6,-2.97879,-2.97879
433|7,0.2663999999999999,577.869,5,7,0.9784069372992648,87782.4240939821,335.306375,39229.1,39229.1,39229.1,39229.1,-2.54136,-2.54136
433|7,1.332,365.011,6,7,0.9784069372992648,87782.4240939821,335.306375,5800.11,5800.11,5800.11,5800.11,-0.736971,-0.736971
433|7,6.66,424.367,7,7,0.9784069372992648,87782.4240939821,335.306375,789.568,789.568,789.568,789.568,-0.0588967,-0.0588967
433|7,33.3,281.373,8,7,0.9784069372992648,87782.4240939821,335.306375,365.022,365.022,365.022,365.022,-0.0137101,-0.0137101
433|10,0.0004262399999999,31360.7,1,10,0.9784069372992648,87782.4240939821,335.306375,53302.6,53302.6,53302.6,53302.6,-1.1856,-1.1856
433|10,0.0021311999999999,58816.4,2,10,0.9784069372992648,87782.4240939821,335.306375,73608.1,73608.1,73608.1,73608.1,-0.635777,-0.635777
433|10,0.0106559999999999,57680.4,3,10,0.9784069372992648,87782.4240939821,335.306375,80310,80310,80310,80310,-0.911158,-0.911158
433|10,0.0532799999999999,37750.7,4,10,0.9784069372992648,87782.4240939821,335.306375,75452.7,75452.7,75452.7,75452.7,-1.59095,-1.59095
433|10,0.2663999999999999,13788.2,5,10,0.9784069372992648,87782.4240939821,335.306375,37410.4,37410.4,37410.4,37410.4,-1.59796,-1.59796
433|10,1.332,2433.88,6,10,0.9784069372992648,87782.4240939821,335.306375,5537.41,5537.41,5537.41,5537.41,-0.424365,-0.424365
433|10,6.66,591.785,7,10,0.9784069372992648,87782.4240939821,335.306375,765.7,765.7,765.7,765.7,-0.0280729,-0.0280729
433|10,33.3,301.324,8,10,0.9784069372992648,87782.4240939821,335.306375,362.97,362.97,362.97,362.97,-0.0101047,-0.0101047
433|9,0.0004262399999999,46568.9,1,9,0.9784069372992648,87782.4240939821,335.306375,56057.7,56057.7,56057.7,56057.7,-0.49543,-0.49543
433|9,0.0021311999999999,57119.5,2,9,0.9784069372992648,87782.4240939821,335.306375,76361.2,76361.2,76361.2,76361.2,-0.804732,-0.804732
433|9,0.0106559999999999,58440.1,3,9,0.9784069372992648,87782.4240939821,335.306375,83040.4,83040.4,83040.4,83040.4,-0.965631,-0.965631
433|9,0.0532799999999999,38737.6,4,9,0.9784069372992648,87782.4240939821,335.306375,77943.6,77943.6,77943.6,77943.6,-1.61465,-1.61465
433|9,0.2663999999999999,12354,5,9,0.9784069372992648,87782.4240939821,335.306375,38639.8,38639.8,38639.8,38639.8,-1.74416,-1.74416
433|9,1.332,2364.3,6,9,0.9784069372992648,87782.4240939821,335.306375,5714.99,5714.98,5714.98,5714.98,-0.455568,-0.455568
433|9,6.66,789.52,7,9,0.9784069372992648,87782.4240939821,335.306375,781.834,781.834,781.834,781.834,0.00123992,0.00123992
433|9,33.3,317.938,8,9,0.9784069372992648,87782.4240939821,335.306375,364.357,364.357,364.357,364.357,-0.00760831,-0.00760831
433|11,0.0004262399999999,43515.9,1,11,0.9784069372992648,87782.4240939821,335.306375,45797.4,45797.4,45797.4,45797.4,-0.136224,-0.136224
433|11,0.0021311999999999,62373.5,2,11,0.9784069372992648,87782.4240939821,335.306375,66108.2,66108.2,66108.2,66108.2,-0.173643,-0.173643
433|11,0.0106559999999999,67521,3,11,0.9784069372992648,87782.4240939821,335.306375,72871.8,72871.8,72871.8,72871.8,-0.231706,-0.231706
433|11,0.0532799999999999,55564.6,4,11,0.9784069372992648,87782.4240939821,335.306375,68667.1,68667.1,68667.1,68667.1,-0.592669,-0.592669
433|11,0.2663999999999999,31311,5,11,0.9784069372992648,87782.4240939821,335.306375,34061.3,34061.3,34061.3,34061.3,-0.196481,-0.196481
433|11,1.332,10174.3,6,11,0.9784069372992648,87782.4240939821,335.306375,5053.66,5053.66,5053.66,5053.66,0.711201,0.711201
433|11,6.66,2837.16,7,11,0.9784069372992648,87782.4240939821,335.306375,721.749,721.748,721.748,721.748,0.342033,0.342033
433|11,33.3,710.71,8,11,0.9784069372992648,87782.4240939821,335.306375,359.192,359.192,359.192,359.192,0.0576274,0.0576274
433|12,0.0004262399999999,65518.8,1,12,0.9784069372992648,87782.4240939821,335.306375,25390.3,25390.3,25390.3,25390.3,3.3536,3.3536
433|12,0.0021311999999999,57069.8,2,12,0.9784069372992648,87782.4240939821,335.306375,45715.6,45715.6,45715.6,45715.6,0.678718,0.678718
433|12,0.0106559999999999,51766.1,3,12,0.9784069372992648,87782.4240939821,335.306375,52646.8,52646.8,52646.8,52646.8,-0.0479866,-0.0479866
433|12,0.0532799999999999,43111.2,4,12,0.9784069372992648,87782.4240939821,335.306375,50216.6,50216.5,50216.5,50216.5,-0.399541,-0.399541
433|12,0.2663999999999999,23955.4,5,12,0.9784069372992648,87782.4240939821,335.306375,24955,24955,24955,24955,-0.0842526,-0.0842526
433|12,1.332,8768.5,6,12,0.9784069372992648,87782.4240939821,335.306375,3738.33,3738.33,3738.33,3738.33,0.729884,0.729884
433|12,6.66,2399.8,7,12,0.9784069372992648,87782.4240939821,335.306375,602.242,602.242,602.242,602.242,0.291963,0.291963
433|12,33.3,844.9,8,12,0.9784069372992648,87782.4240939821,335.306375,348.919,348.919,348.919,348.919,0.0813426,0.0813426
297|3,0.0004262399999999,55309,1,3,0.8737160558349899,90261.4744747202,362.242,58511.6,59128.5,59128.5,59128.5,-0.192205,-0.192205
297|3,0.0021311999999999,72491,2,3,0.8737160558349899,90261.4744747202,362.242,77202.4,77454.8,77454.8,77454.8,-0.205397,-0.205397
297|3,0.0106559999999999,70659.2,3,3,0.8737160558349899,90261.4744747202,362.242,83296.5,83416.1,83416.1,83416.1,-0.499019,-0.499019
297|3,0.0532799999999999,52476.1,4,3,0.8737160558349899,90261.4744747202,362.242,78008.5,78079.1,78079.1,78079.1,-1.05305,-1.05305
297|3,0.2663999999999999,29912.3,5,3,0.8737160558349899,90261.4744747202,362.242,38685.5,38720.3,38720.3,38720.3,-0.583709,-0.583709
297|3,1.332,13830.8,6,3,0.8737160558349899,90261.4744747202,362.242,5756.82,5764.59,5764.59,5764.59,1.09497,1.09497
297|3,6.66,3814.83,7,3,0.8737160558349899,90261.4744747202,362.242,813.542,815.019,815.019,815.019,0.483321,0.483321
297|3,33.3,936.49,8,3,0.8737160558349899,90261.4744747202,362.242,392.514,392.824,392.824,392.824,0.0890127,0.0890127
297|4,0.0004262399999999,51006.4,1,4,0.8737160558349899,90261.4744747202,362.242,61048.5,61616.1,61616.1,61616.1,-0.518681,-0.518681
297|4,0.0021311999999999,75118,2,4,0.8737160558349899,90261.4744747202,362.242,79737.5,79940.6,79940.6,79940.6,-0.194858,-0.194858
297|4,0.0106559999999999,72491,3,4,0.8737160558349899,90261.4744747202,362.242,85810.7,85881.5,85881.5,85881.5,-0.512227,-0.512227
297|4,0.0532799999999999,54251.1,4,4,0.8737160558349899,90261.4744747202,362.242,80302.2,80328.2,80328.2,80328.2,-1.04979,-1.04979
297|4,0.2663999999999999,30025.9,5,4,0.8737160558349899,90261.4744747202,362.242,39817.5,39830.3,39830.3,39830.3,-0.638733,-0.638733
297|4,1.332,13404.8,6,4,0.8737160558349899,90261.4744747202,362.242,5920.33,5924.92,5924.92,5924.92,1.01023,1.01023
297|4,6.66,4392.77,7,4,0.8737160558349899,90261.4744747202,362.242,828.398,829.586,829.586,829.586,0.573774,0.573774
297|4,33.3,942.88,8,4,0.8737160558349899,90261.4744747202,362.242,393.791,394.077,394.077,394.077,0.0898496,0.0898496
297|5,0.0004262399999999,54400.2,1,5,0.8737160558349899,90261.4744747202,362.242,61966.9,62516.7,62516.7,62516.7,-0.392743,-0.392743
297|5,0.0021311999999999,68948.1,2,5,0.8737160558349899,90261.4744747202,362.242,80655.3,80840.6,80840.6,80840.6,-0.476455,-0.476455
297|5,0.0106559999999999,55351.6,3,5,0.8737160558349899,90261.4744747202,362.242,86721,86774.1,86774.1,86774.1,-1.19246,-1.19246
297|5,0.0532799999999999,17331.1,4,5,0.8737160558349899,90261.4744747202,362.242,81132.6,81142.4,81142.4,81142.4,-2.54928,-2.54928
297|5,0.2663999999999999,1604.6,5,5,0.8737160558349899,90261.4744747202,362.242,40227.4,40232.2,40232.2,40232.2,-2.50115,-2.50115
297|5,1.332,594.909,6,5,0.8737160558349899,90261.4744747202,362.242,5979.53,5982.97,5982.97,5982.97,-0.726373,-0.726373
297|5,6.66,373.886,7,5,0.8737160558349899,90261.4744747202,362.242,833.777,834.86,834.86,834.86,-0.0742152,-0.0742152
297|5,33.3,516.383,8,5,0.8737160558349899,90261.4744747202,362.242,394.254,394.53,394.53,394.53,0.0199493,0.0199493
297|6,0.0004262399999999,58844.8,1,6,0.8737160558349899,90261.4744747202,362.242,62264.5,62808.6,62808.6,62808.6,-0.191166,-0.191166
297|6,0.0021311999999999,70254.5,2,6,0.8737160558349899,90261.4744747202,362.242,80952.7,81132.2,81132.2,81132.2,-0.434609,-0.434609
297|6,0.0106559999999999,54833.3,3,6,0.8737160558349899,90261.4744747202,362.242,87015.9,87063.3,87063.3,87063.3,-1.21997,-1.21997
297|6,0.0532799999999999,19312,4,6,0.8737160558349899,90261.4744747202,362.242,81401.7,81406.3,81406.3,81406.3,-2.47457,-2.47457
297|6,0.2663999999999999,1794.17,5,6,0.8737160558349899,90261.4744747202,362.242,40360.2,40362.4,40362.4,40362.4,-2.49238,-2.49238
297|6,1.332,462.352,6,6,0.8737160558349899,90261.4744747202,362.242,5998.72,6001.78,6001.78,6001.78,-0.746336,-0.746336
297|6,6.66,367.567,7,6,0.8737160558349899,90261.4744747202,362.242,835.519,836.569,836.569,836.569,-0.0755028,-0.0755028
297|6,33.3,426.71,8,6,0.8737160558349899,90261.4744747202,362.242,394.403,394.677,394.677,394.677,0.00524429,0.00524429
297|8,0.0004262399999999,61294.3,1,8,0.8737160558349899,90261.4744747202,362.242,61966.9,62516.7,62516.7,62516.7,-0.0591514,-0.0591514
297|8,0.0021311999999999,72846,2,8,0.8737160558349899,90261.4744747202,362.242,80655.3,80840.6,80840.6,80840.6,-0.320291,-0.320291
297|8,0.0106559999999999,68756.4,3,8,0.8737160558349899,90261.4744747202,362.242,86721,86774.1,86774.1,86774.1,-0.683759,-0.683759
297|8,0.0532799999999999,42181.1,4,8,0.8737160558349899,90261.4744747202,362.242,81132.6,81142.4,81142.4,81142.4,-1.55651,-1.55651
297|8,0.2663999999999999,9130.6,5,8,0.8737160558349899,90261.4744747202,362.242,40227.4,40232.2,40232.2,40232.2,-2.01384,-2.01384
297|8,1.332,410.451,6,8,0.8737160558349899,90261.4744747202,362.242,5979.53,5982.97,5982.97,5982.97,-0.75124,-0.75124
297|8,6.66,337.889,7,8,0.8737160558349899,90261.4744747202,362.242,833.777,834.86,834.86,834.86,-0.0800106,-0.0800106
297|8,33.3,468.103,8,8,0.8737160558349899,90261.4744747202,362.242,394.254,394.53,394.53,394.53,0.0120451,0.0120451
297|7,0.0004262399999999,64979.2,1,7,0.8737160558349899,90261.4744747202,362.242,62264.5,62808.6,62808.6,62808.6,0.104687,0.104687
297|7,0.0021311999999999,77106,2,7,0.8737160558349899,90261.4744747202,362.242,80952.7,81132.2,81132.2,81132.2,-0.160864,-0.160864
297|7,0.0106559999999999,70815.4,3,7,0.8737160558349899,90261.4744747202,362.242,87015.9,87063.3,87063.3,87063.3,-0.615015,-0.615015
297|7,0.0532799999999999,42557.4,4,7,0.8737160558349899,90261.4744747202,362.242,81401.7,81406.3,81406.3,81406.3,-1.5482,-1.5482
297|7,0.2663999999999999,7114.2,5,7,0.8737160558349899,90261.4744747202,362.242,40360.2,40362.4,40362.4,40362.4,-2.14858,-2.14858
297|7,1.332,389.932,6,7,0.8737160558349899,90261.4744747202,362.242,5998.72,6001.78,6001.78,6001.78,-0.756093,-0.756093
297|7,6.66,352.728,7,7,0.8737160558349899,90261.4744747202,362.242,835.519,836.569,836.569,836.569,-0.0778917,-0.0778917
297|7,33.3,565.941,8,7,0.8737160558349899,90261.4744747202,362.242,394.403,394.677,394.677,394.677,0.0280385,0.0280385
297|9,0.0004262399999999,53569.5,1,9,0.8737160558349899,90261.4744747202,362.242,61048.5,61616.1,61616.1,61616.1,-0.393378,-0.393378
297|9,0.0021311999999999,69849.8,2,9,0.8737160558349899,90261.4744747202,362.242,79737.5,79940.6,79940.6,79940.6,-0.407719,-0.407719
297|9,0.0106559999999999,60435.2,3,9,0.8737160558349899,90261.4744747202,362.242,85810.7,85881.5,85881.5,85881.5,-0.973398,-0.973398
297|9,0.0532799999999999,28172.8,4,9,0.8737160558349899,90261.4744747202,362.242,80302.2,80328.2,80328.2,80328.2,-2.09963,-2.09963
297|9,0.2663999999999999,1777.13,5,9,0.8737160558349899,90261.4744747202,362.242,39817.5,39830.3,39830.3,39830.3,-2.47907,-2.47907
297|9,1.332,364.656,6,9,0.8737160558349899,90261.4744747202,362.242,5920.33,5924.92,5924.92,5924.92,-0.750966,-0.750966
297|9,6.66,346.622,7,9,0.8737160558349899,90261.4744747202,362.242,828.398,829.586,829.586,829.586,-0.077771,-0.077771
297|9,33.3,410.167,8,9,0.8737160558349899,90261.4744747202,362.242,393.791,394.077,394.077,394.077,0.00263428,0.00263428
297|10,0.0004262399999999,55458.1,1,10,0.8737160558349899,90261.4744747202,362.242,58511.6,59128.5,59128.5,59128.5,-0.184702,-0.184702
297|10,0.0021311999999999,69594.2,2,10,0.8737160558349899,90261.4744747202,362.242,77202.4,77454.8,77454.8,77454.8,-0.325263,-0.325263
297|10,0.0106559999999999,58702.8,3,10,0.8737160558349899,90261.4744747202,362.242,83296.5,83416.1,83416.1,83416.1,-0.966725,-0.966725
297|10,0.0532799999999999,24374.3,4,10,0.8737160558349899,90261.4744747202,362.242,78008.5,78079.1,78079.1,78079.1,-2.20887,-2.20887
297|10,0.2663999999999999,1924.81,5,10,0.8737160558349899,90261.4744747202,362.242,38685.5,38720.3,38720.3,38720.3,-2.43846,-2.43846
297|10,1.332,416.912,6,10,0.8737160558349899,90261.4744747202,362.242,5756.82,5764.59,5764.59,5764.59,-0.725937,-0.725937
297|10,6.66,340.019,7,10,0.8737160558349899,90261.4744747202,362.242,813.542,815.019,815.019,815.019,-0.0765305,-0.0765305
297|10,33.3,409.954,8,10,0.8737160558349899,90261.4744747202,362.242,392.514,392.824,392.824,392.824,0.00280456,0.00280456
297|12,0.0004262399999999,52043,1,12,0.8737160558349899,90261.4744747202,362.242,32809.8,33926.2,33926.2,33926.2,1.29719,1.29719
297|12,0.0021311999999999,59427,2,12,0.8737160558349899,90261.4744747202,362.242,51518.8,52270.4,52270.4,52270.4,0.39182,0.39182
297|12,0.0106559999999999,57751.4,3,12,0.8737160558349899,90261.4744747202,362.242,57824.1,58438.8,58438.8,58438.8,-0.0348733,-0.0348733
297|12,0.0532799999999999,51957.8,4,12,0.8737160558349899,90261.4744747202,362.242,54770.9,55293.1,55293.1,55293.1,-0.175788,-0.175788
297|12,0.2663999999999999,42195.3,5,12,0.8737160558349899,90261.4744747202,362.242,27216.4,27474.1,27474.1,27474.1,1.18203,1.18203
297|12,1.332,25886.6,6,12,0.8737160558349899,90261.4744747202,362.242,4100.22,4140.19,4140.19,4140.19,3.1129,3.1129
297|12,6.66,11750.5,7,12,0.8737160558349899,90261.4744747202,362.242,663.028,667.431,667.431,667.431,1.79568,1.79568
297|12,33.3,2570.2,8,12,0.8737160558349899,90261.4744747202,362.242,379.576,380.138,380.138,380.138,0.358747,0.358747
297|11,0.0004262399999999,49345,1,11,0.8737160558349899,90261.4744747202,362.242,51600.8,52352,52352,52352,-0.164461,-0.164461
297|11,0.0021311999999999,80443,2,11,0.8737160558349899,90261.4744747202,362.242,70296.4,70683.1,70683.1,70683.1,0.432236,0.432236
297|11,0.0106559999999999,76325,3,11,0.8737160558349899,90261.4744747202,362.242,76447.3,76700.1,76700.1,76700.1,-0.0156357,-0.0156357
297|11,0.0532799999999999,66349.5,4,11,0.8737160558349899,90261.4744747202,362.242,71760.3,71952.3,71952.3,71952.3,-0.244904,-0.244904
297|11,0.2663999999999999,59206.9,5,11,0.8737160558349899,90261.4744747202,362.242,35601.6,35696.4,35696.4,35696.4,1.63483,1.63483
297|11,1.332,36423,6,11,0.8737160558349899,90261.4744747202,362.242,5311.39,5327.81,5327.81,5327.81,4.28059,4.28059
297|11,6.66,14562.1,7,11,0.8737160558349899,90261.4744747202,362.242,773.071,775.335,775.335,775.335,2.22462,2.22462
297|11,33.3,2317.44,8,11,0.8737160558349899,90261.4744747202,362.242,389.035,389.413,389.413,389.413,0.315711,0.315711
183|4,0.0004262399999999,10799.1,1,4,0.7222976190878015,14088.5350539086,363.422375,10379.8,10380.3,10380.3,10380.3,0.0495682,0.0495682
183|4,0.0021311999999999,12716.1,2,4,0.7222976190878015,14088.5350539086,363.422375,12750.7,12758.3,12758.3,12758.3,-0.00468756,-0.00468756
183|4,0.0106559999999999,13710.1,3,4,0.7222976190878015,14088.5350539086,363.422375,13502.7,13596.7,13596.7,13596.7,0.0123217,0.0123217
183|4,0.0532799999999999,12417.9,4,4,0.7222976190878015,14088.5350539086,363.422375,12602.4,13605.9,13605.9,13605.9,-0.129077,-0.129077
183|4,0.2663999999999999,7192.3,5,4,0.7222976190878015,14088.5350539086,363.422375,6404.56,11101.8,11101.8,11101.8,-0.453675,-0.453675
183|4,1.332,1275.16,6,4,0.7222976190878015,14088.5350539086,363.422375,1218.87,3638.53,3638.53,3638.53,-0.344095,-0.344095
183|4,6.66,376.939,7,4,0.7222976190878015,14088.5350539086,363.422375,437.01,702.53,702.53,702.53,-0.052682,-0.052682
183|4,33.3,683.304,8,4,0.7222976190878015,14088.5350539086,363.422375,369.464,388.379,388.379,388.379,0.0482955,0.0482955
183|3,0.0004262399999999,10309.2,1,3,0.7222976190878015,14088.5350539086,363.422375,10057.8,10058.3,10058.3,10058.3,0.0299709,0.0299709
183|3,0.0021311999999999,12936.2,2,3,0.7222976190878015,14088.5350539086,363.422375,12428.9,12436.3,12436.3,12436.3,0.0559808,0.0559808
183|3,0.0106559999999999,12659.3,3,3,0.7222976190878015,14088.5350539086,363.422375,13183.5,13275.2,13275.2,13275.2,-0.0674888,-0.0674888
183|3,0.0532799999999999,11864.1,4,3,0.7222976190878015,14088.5350539086,363.422375,12311.3,13290.9,13290.9,13290.9,-0.156269,-0.156269
183|3,0.2663999999999999,6753.52,5,3,0.7222976190878015,14088.5350539086,363.422375,6260.85,10846.3,10846.3,10846.3,-0.478269,-0.478269
183|3,1.332,1355.39,6,3,0.7222976190878015,14088.5350539086,363.422375,1198.12,3558.98,3558.98,3558.98,-0.321706,-0.321706
183|3,6.66,387.234,7,3,0.7222976190878015,14088.5350539086,363.422375,435.124,693.745,693.745,693.745,-0.0496113,-0.0496114
183|3,33.3,858.39,8,3,0.7222976190878015,14088.5350539086,363.422375,369.302,387.608,387.608,387.608,0.0770951,0.0770951
183|6,0.0004262399999999,9435.9,1,6,0.7222976190878015,14088.5350539086,363.422375,10534.2,10534.7,10534.7,10534.7,-0.12951,-0.12951
183|6,0.0021311999999999,11956.4,2,6,0.7222976190878015,14088.5350539086,363.422375,12905,12912.7,12912.7,12912.7,-0.105763,-0.105763
183|6,0.0106559999999999,13305.4,3,6,0.7222976190878015,14088.5350539086,363.422375,13655.7,13750.8,13750.8,13750.8,-0.0482143,-0.0482143
183|6,0.0532799999999999,10706.8,4,6,0.7222976190878015,14088.5350539086,363.422375,12742,13757,13757,13757,-0.33012,-0.33012
183|6,0.2663999999999999,3670.7,5,6,0.7222976190878015,14088.5350539086,363.422375,6473.45,11224.2,11224.2,11224.2,-0.873641,-0.873641
183|6,1.332,664.134,6,6,0.7222976190878015,14088.5350539086,363.422375,1228.83,3676.65,3676.65,3676.65,-0.438039,-0.438039
183|6,6.66,382.193,7,6,0.7222976190878015,14088.5350539086,363.422375,437.914,706.741,706.741,706.741,-0.0525049,-0.0525049
183|6,33.3,570.698,8,6,0.7222976190878015,14088.5350539086,363.422375,369.542,388.748,388.748,388.748,0.0297948,0.0297948
183|5,0.0004262399999999,11132.8,1,5,0.7222976190878015,14088.5350539086,363.422375,10496.4,10496.9,10496.9,10496.9,0.0750227,0.0750227
183|5,0.0021311999999999,12829.7,2,5,0.7222976190878015,14088.5350539086,363.422375,12867.2,12874.9,12874.9,12874.9,-0.00500397,-0.00500397
183|5,0.0106559999999999,12808.4,3,5,0.7222976190878015,14088.5350539086,363.422375,13618.3,13713.1,13713.1,13713.1,-0.0980247,-0.0980247
183|5,0.0532799999999999,10358.9,4,5,0.7222976190878015,14088.5350539086,363.422375,12707.9,13720,13720,13720,-0.364115,-0.364115
183|5,0.2663999999999999,3834.71,5,5,0.7222976190878015,14088.5350539086,363.422375,6456.59,11194.3,11194.3,11194.3,-0.851897,-0.851897
183|5,1.332,593.631,6,5,0.7222976190878015,14088.5350539086,363.422375,1226.39,3667.32,3667.32,3667.32,-0.447076,-0.447076
183|5,6.66,380.986,7,5,0.7222976190878015,14088.5350539086,363.422375,437.693,705.711,705.711,705.711,-0.0525355,-0.0525355
183|5,33.3,581.135,8,5,0.7222976190878015,14088.5350539086,363.422375,369.523,388.657,388.657,388.657,0.0315188,0.0315188
183|7,0.0004262399999999,10550.6,1,7,0.7222976190878015,14088.5350539086,363.422375,10534.2,10534.7,10534.7,10534.7,0.0018716,0.0018716
183|7,0.0021311999999999,11438.1,2,7,0.7222976190878015,14088.5350539086,363.422375,12905,12912.7,12912.7,12912.7,-0.163086,-0.163086
183|7,0.0106559999999999,13880.5,3,7,0.7222976190878015,14088.5350539086,363.422375,13655.7,13750.8,13750.8,13750.8,0.0140385,0.0140385
183|7,0.0532799999999999,13596.5,4,7,0.7222976190878015,14088.5350539086,363.422375,12742,13757,13757,13757,-0.0173677,-0.0173677
183|7,0.2663999999999999,9151.9,5,7,0.7222976190878015,14088.5350539086,363.422375,6473.45,11224.2,11224.2,11224.2,-0.239686,-0.239686
183|7,1.332,1552.06,6,7,0.7222976190878015,14088.5350539086,363.422375,1228.83,3676.65,3676.65,3676.65,-0.308929,-0.308929
183|7,6.66,370.833,7,7,0.7222976190878015,14088.5350539086,363.422375,437.914,706.741,706.741,706.741,-0.0543427,-0.0543427
183|7,33.3,565.728,8,7,0.7222976190878015,14088.5350539086,363.422375,369.542,388.748,388.748,388.748,0.028981,0.028981
183|8,0.0004262399999999,10990.8,1,8,0.7222976190878015,14088.5350539086,363.422375,10496.4,10496.9,10496.9,10496.9,0.0582687,0.0582687
183|8,0.0021311999999999,12240.4,2,8,0.7222976190878015,14088.5350539086,363.422375,12867.2,12874.9,12874.9,12874.9,-0.0702435,-0.0702435
183|8,0.0106559999999999,13298.3,3,8,0.7222976190878015,14088.5350539086,363.422375,13618.3,13713.1,13713.1,13713.1,-0.0449438,-0.0449438
183|8,0.0532799999999999,13497.1,4,8,0.7222976190878015,14088.5350539086,363.422375,12707.9,13720,13720,13720,-0.0241483,-0.0241483
183|8,0.2663999999999999,8938.9,5,8,0.7222976190878015,14088.5350539086,363.422375,6456.59,11194.3,11194.3,11194.3,-0.261067,-0.261067
183|8,1.332,1754.41,6,8,0.7222976190878015,14088.5350539086,363.422375,1226.39,3667.32,3667.32,3667.32,-0.278238,-0.278238
183|8,6.66,403.209,7,8,0.7222976190878015,14088.5350539086,363.422375,437.693,705.711,705.711,705.711,-0.0489402,-0.0489402
183|8,33.3,660.726,8,8,0.7222976190878015,14088.5350539086,363.422375,369.523,388.657,388.657,388.657,0.0445521,0.0445521
183|10,0.0004262399999999,8101.1,1,10,0.7222976190878015,14088.5350539086,363.422375,10057.8,10058.3,10058.3,10058.3,-0.233752,-0.233752
183|10,0.0021311999999999,12638,2,10,0.7222976190878015,14088.5350539086,363.422375,12428.9,12436.3,12436.3,12436.3,0.022588,0.022588
183|10,0.0106559999999999,10380.2,3,10,0.7222976190878015,14088.5350539086,363.422375,13183.5,13275.2,13275.2,13275.2,-0.317207,-0.317207
183|10,0.0532799999999999,8236,4,10,0.7222976190878015,14088.5350539086,363.422375,12311.3,13290.9,13290.9,13290.9,-0.553636,-0.553636
183|10,0.2663999999999999,2866.98,5,10,0.7222976190878015,14088.5350539086,363.422375,6260.85,10846.3,10846.3,10846.3,-0.932439,-0.932439
183|10,1.332,402.854,6,10,0.7222976190878015,14088.5350539086,363.422375,1198.12,3558.98,3558.98,3558.98,-0.460768,-0.460768
183|10,6.66,378.856,7,10,0.7222976190878015,14088.5350539086,363.422375,435.124,693.745,693.745,693.745,-0.0509674,-0.0509674
183|10,33.3,574.674,8,10,0.7222976190878015,14088.5350539086,363.422375,369.302,387.608,387.608,387.608,0.0306338,0.0306338
183|9,0.0004262399999999,8903.4,1,9,0.7222976190878015,14088.5350539086,363.422375,10379.8,10380.3,10380.3,10380.3,-0.174821,-0.174821
183|9,0.0021311999999999,12219.1,2,9,0.7222976190878015,14088.5350539086,363.422375,12750.7,12758.3,12758.3,12758.3,-0.0598758,-0.0598758
183|9,0.0106559999999999,12843.9,3,9,0.7222976190878015,14088.5350539086,363.422375,13502.7,13596.7,13596.7,13596.7,-0.0818098,-0.0818098
183|9,0.0532799999999999,9641.8,4,9,0.7222976190878015,14088.5350539086,363.422375,12602.4,13605.9,13605.9,13605.9,-0.43069,-0.43069
183|9,0.2663999999999999,3595.44,5,9,0.7222976190878015,14088.5350539086,363.422375,6404.56,11101.8,11101.8,11101.8,-0.871073,-0.871073
183|9,1.332,447.655,6,9,0.7222976190878015,14088.5350539086,363.422375,1218.87,3638.53,3638.53,3638.53,-0.464576,-0.464576
183|9,6.66,371.969,7,9,0.7222976190878015,14088.5350539086,363.422375,437.01,702.53,702.53,702.53,-0.0534862,-0.0534862
183|9,33.3,589.655,8,9,0.7222976190878015,14088.5350539086,363.422375,369.464,388.379,388.379,388.379,0.03296,0.03296
183|12,0.0004262399999999,6529.16,1,12,0.7222976190878015,14088.5350539086,363.422375,6794.96,6795.26,6795.26,6795.26,-0.0349754,-0.0349754
183|12,0.0021311999999999,7582.8,2,12,0.7222976190878015,14088.5350539086,363.422375,9168.4,9173.77,9173.77,9173.77,-0.19484,-0.19484
183|12,0.0106559999999999,8058.5,3,12,0.7222976190878015,14088.5350539086,363.422375,9949.86,10018.4,10018.4,10018.4,-0.234342,-0.234342
183|12,0.0532799999999999,6933.86,4,12,0.7222976190878015,14088.5350539086,363.422375,9361.28,10099,10099,10099,-0.377596,-0.377596
183|12,0.2663999999999999,6366.57,5,12,0.7222976190878015,14088.5350539086,363.422375,4804.87,8258.03,8258.03,8258.03,-0.237893,-0.237893
183|12,1.332,3312.15,6,12,0.7222976190878015,14088.5350539086,363.422375,987.813,2753.13,2753.13,2753.13,0.0839254,0.0839254
183|12,6.66,877.56,7,12,0.7222976190878015,14088.5350539086,363.422375,416.016,604.743,604.743,604.743,0.0443072,0.0443072
183|12,33.3,466.328,8,12,0.7222976190878015,14088.5350539086,363.422375,367.66,379.804,379.804,379.804,0.0141734,0.0141734
183|11,0.0004262399999999,9471.4,1,11,0.7222976190878015,14088.5350539086,363.422375,9180.45,9180.89,9180.89,9180.89,0.0355705,0.0355705
183|11,0.0021311999999999,10699.7,2,11,0.7222976190878015,14088.5350539086,363.422375,11552.2,11559,11559,11559,-0.0984983,-0.0984983
183|11,0.0106559999999999,12659.3,3,11,0.7222976190878015,14088.5350539086,363.422375,12314.1,12399.5,12399.5,12399.5,0.0291168,0.0291168
183|11,0.0532799999999999,11189.6,4,11,0.7222976190878015,14088.5350539086,363.422375,11518.1,12432.6,12432.6,12432.6,-0.13921,-0.13921
183|11,0.2663999999999999,9812.2,5,11,0.7222976190878015,14088.5350539086,363.422375,5869.36,10150.4,10150.4,10150.4,-0.0402831,-0.0402831
183|11,1.332,5440.73,6,11,0.7222976190878015,14088.5350539086,363.422375,1141.57,3342.3,3342.3,3342.3,0.308641,0.308641
183|11,6.66,1136.71,7,11,0.7222976190878015,14088.5350539086,363.422375,429.986,669.814,669.814,669.814,0.0756396,0.0756396
183|11,33.3,483.368,8,11,0.7222976190878015,14088.5350539086,363.422375,368.86,385.51,385.51,385.51,0.0160265,0.0160265
705|3,0.0004262399999999,8569.7,1,3,0.90051801152487,14504.7613569028,377.072125,9366.83,9367.31,9367.31,9367.31,-0.0971402,-0.0971402
705|3,0.0021311999999999,13170.5,2,3,0.90051801152487,14504.7613569028,377.072125,12391.8,12399.1,12399.1,12399.1,0.0864615,0.0864615
705|3,0.0106559999999999,14214.2,3,3,0.90051801152487,14504.7613569028,377.072125,13381.4,13474.5,13474.5,13474.5,0.080641,0.080641
705|3,0.0532799999999999,13220.2,4,3,0.90051801152487,14504.7613569028,377.072125,12562.3,13561.4,13561.4,13561.4,-0.0371143,-0.0371143
705|3,0.2663999999999999,12020.3,5,3,0.90051801152487,14504.7613569028,377.072125,6391.67,11068.2,11068.2,11068.2,0.110583,0.110583
705|3,1.332,12993,6,3,0.90051801152487,14504.7613569028,377.072125,1223.75,3618.55,3618.55,3618.55,1.36581,1.36581
705|3,6.66,11949.3,7,3,0.90051801152487,14504.7613569028,377.072125,448.476,706.009,706.009,706.009,1.81897,1.81897
705|3,33.3,7039.65,8,3,0.90051801152487,14504.7613569028,377.072125,382.597,399.573,399.573,399.573,1.08688,1.08688
705|4,0.0004262399999999,8782.7,1,4,0.90051801152487,14504.7613569028,377.072125,9777.37,9777.86,9777.86,9777.86,-0.119797,-0.119797
705|4,0.0021311999999999,13475.8,2,4,0.90051801152487,14504.7613569028,377.072125,12802,12809.6,12809.6,12809.6,0.0738735,0.0738735
705|4,0.0106559999999999,13979.9,3,4,0.90051801152487,14504.7613569028,377.072125,13788.3,13884.2,13884.2,13884.2,0.0103208,0.0103208
705|4,0.0532799999999999,13269.9,4,4,0.90051801152487,14504.7613569028,377.072125,12933.5,13963,13963,13963,-0.0746275,-0.0746275
705|4,0.2663999999999999,13610.7,5,4,0.90051801152487,14504.7613569028,377.072125,6574.87,11393.9,11393.9,11393.9,0.255221,0.255221
705|4,1.332,13220.2,6,4,0.90051801152487,14504.7613569028,377.072125,1250.21,3719.94,3719.94,3719.94,1.37936,1.37936
705|4,6.66,11935.1,7,4,0.90051801152487,14504.7613569028,377.072125,450.88,717.208,717.208,717.208,1.81409,1.81409
705|4,33.3,8122.4,8,4,0.90051801152487,14504.7613569028,377.072125,382.804,400.555,400.555,400.555,1.2639,1.2639
705|5,0.0004262399999999,8470.3,1,5,0.90051801152487,14504.7613569028,377.072125,9926,9926.5,9926.5,9926.5,-0.174564,-0.174564
705|5,0.0021311999999999,13064,2,5,0.90051801152487,14504.7613569028,377.072125,12950.6,12958.3,12958.3,12958.3,0.0116813,0.0116813
705|5,0.0106559999999999,13880.5,3,5,0.90051801152487,14504.7613569028,377.072125,13935.6,14032.6,14032.6,14032.6,-0.0163464,-0.0163464
705|5,0.0532799999999999,14611.8,4,5,0.90051801152487,14504.7613569028,377.072125,13067.9,14108.4,14108.4,14108.4,0.0539986,0.0539986
705|5,0.2663999999999999,14164.5,5,5,0.90051801152487,14504.7613569028,377.072125,6641.19,11511.8,11511.8,11511.8,0.304438,0.304438
705|5,1.332,14086.4,6,5,0.90051801152487,14504.7613569028,377.072125,1259.79,3756.65,3756.65,3756.65,1.49793,1.49793
705|5,6.66,11246.4,7,5,0.90051801152487,14504.7613569028,377.072125,451.751,721.262,721.262,721.262,1.7018,1.7018
705|5,33.3,8030.1,8,5,0.90051801152487,14504.7613569028,377.072125,382.879,400.91,400.91,400.91,1.24872,1.24872
705|6,0.0004262399999999,9173.2,1,6,0.90051801152487,14504.7613569028,377.072125,9974.16,9974.66,9974.66,9974.66,-0.0959468,-0.0959468
705|6,0.0021311999999999,13177.6,2,6,0.90051801152487,14504.7613569028,377.072125,12998.7,13006.4,13006.4,13006.4,0.0188873,0.0188873
705|6,0.0106559999999999,13277,3,6,0.90051801152487,14504.7613569028,377.072125,13983.3,14080.7,14080.7,14080.7,-0.086272,-0.086272
705|6,0.0532799999999999,14363.3,4,6,0.90051801152487,14504.7613569028,377.072125,13111.4,14155.5,14155.5,14155.5,0.0222606,0.0222606
705|6,0.2663999999999999,13639.1,5,6,0.90051801152487,14504.7613569028,377.072125,6662.68,11550,11550,11550,0.23951,0.23951
705|6,1.332,14072.2,6,6,0.90051801152487,14504.7613569028,377.072125,1262.89,3768.54,3768.54,3768.54,1.49354,1.49354
705|6,6.66,11864.1,7,6,0.90051801152487,14504.7613569028,377.072125,452.033,722.576,722.576,722.576,1.80138,1.80138
705|6,33.3,8058.5,8,6,0.90051801152487,14504.7613569028,377.072125,382.903,401.025,401.025,401.025,1.25334,1.25334
705|7,0.0004262399999999,7696.4,1,7,0.90051801152487,14504.7613569028,377.072125,9974.16,9974.66,9974.66,9974.66,-0.272741,-0.272741
705|7,0.0021311999999999,13376.4,2,7,0.90051801152487,14504.7613569028,377.072125,12998.7,13006.4,13006.4,13006.4,0.040821,0.040821
705|7,0.0106559999999999,14143.2,3,7,0.90051801152487,14504.7613569028,377.072125,13983.3,14080.7,14080.7,14080.7,0.00671348,0.00671348
705|7,0.0532799999999999,14008.3,4,7,0.90051801152487,14504.7613569028,377.072125,13111.4,14155.5,14155.5,14155.5,-0.0157765,-0.0157765
705|7,0.2663999999999999,15201.1,5,7,0.90051801152487,14504.7613569028,377.072125,6662.68,11550,11550,11550,0.418589,0.418589
705|7,1.332,15243.7,6,7,0.90051801152487,14504.7613569028,377.072125,1262.89,3768.54,3768.54,3768.54,1.66335,1.66335
705|7,6.66,11743.4,7,7,0.90051801152487,14504.7613569028,377.072125,452.033,722.576,722.576,722.576,1.78186,1.78186
705|7,33.3,6646.31,8,7,0.90051801152487,14504.7613569028,377.072125,382.903,401.025,401.025,401.025,1.0222,1.0222
705|8,0.0004262399999999,8392.2,1,8,0.90051801152487,14504.7613569028,377.072125,9926,9926.5,9926.5,9926.5,-0.183927,-0.183927
705|8,0.0021311999999999,13362.2,2,8,0.90051801152487,14504.7613569028,377.072125,12950.6,12958.3,12958.3,12958.3,0.0446228,0.0446228
705|8,0.0106559999999999,13610.7,3,8,0.90051801152487,14504.7613569028,377.072125,13935.6,14032.6,14032.6,14032.6,-0.0453441,-0.0453441
705|8,0.0532799999999999,14682.8,4,8,0.90051801152487,14504.7613569028,377.072125,13067.9,14108.4,14108.4,14108.4,0.061615,0.061615
705|8,0.2663999999999999,14377.5,5,8,0.90051801152487,14504.7613569028,377.072125,6641.19,11511.8,11511.8,11511.8,0.328883,0.328883
705|8,1.332,14448.5,6,8,0.90051801152487,14504.7613569028,377.072125,1259.79,3756.65,3756.65,3756.65,1.55044,1.55044
705|8,6.66,11296.1,7,8,0.90051801152487,14504.7613569028,377.072125,451.751,721.262,721.262,721.262,1.70984,1.70984
705|8,33.3,7973.3,8,8,0.90051801152487,14504.7613569028,377.072125,382.879,400.91,400.91,400.91,1.23942,1.23942
705|10,0.0004262399999999,7937.8,1,10,0.90051801152487,14504.7613569028,377.072125,9366.83,9367.31,9367.31,9367.31,-0.174099,-0.174099
705|10,0.0021311999999999,13213.1,2,10,0.90051801152487,14504.7613569028,377.072125,12391.8,12399.1,12399.1,12399.1,0.0912366,0.0912366
705|10,0.0106559999999999,14129,3,10,0.90051801152487,14504.7613569028,377.072125,13381.4,13474.5,13474.5,13474.5,0.0713533,0.0713533
705|10,0.0532799999999999,10529.3,4,10,0.90051801152487,14504.7613569028,377.072125,12562.3,13561.4,13561.4,13561.4,-0.329802,-0.329802
705|10,0.2663999999999999,4592.28,5,10,0.90051801152487,14504.7613569028,377.072125,6391.67,11068.2,11068.2,11068.2,-0.75219,-0.75219
705|10,1.332,624.871,6,10,0.90051801152487,14504.7613569028,377.072125,1223.75,3618.55,3618.55,3618.55,-0.436163,-0.436163
705|10,6.66,342.007,7,10,0.90051801152487,14504.7613569028,377.072125,448.476,706.009,706.009,706.009,-0.0588894,-0.0588894
705|10,33.3,322.482,8,10,0.90051801152487,14504.7613569028,377.072125,382.597,399.573,399.573,399.573,-0.0126186,-0.0126186
705|9,0.0004262399999999,8811.1,1,9,0.90051801152487,14504.7613569028,377.072125,9777.37,9777.86,9777.86,9777.86,-0.116378,-0.116378
705|9,0.0021311999999999,12531.5,2,9,0.90051801152487,14504.7613569028,377.072125,12802,12809.6,12809.6,12809.6,-0.0308443,-0.0308443
705|9,0.0106559999999999,11991.9,3,9,0.90051801152487,14504.7613569028,377.072125,13788.3,13884.2,13884.2,13884.2,-0.204148,-0.204148
705|9,0.0532799999999999,11558.8,4,9,0.90051801152487,14504.7613569028,377.072125,12933.5,13963,13963,13963,-0.258857,-0.258857
705|9,0.2663999999999999,6037.13,5,9,0.90051801152487,14504.7613569028,377.072125,6574.87,11393.9,11393.9,11393.9,-0.616728,-0.616728
705|9,1.332,493.095,6,9,0.90051801152487,14504.7613569028,377.072125,1250.21,3719.94,3719.94,3719.94,-0.468512,-0.468512
705|9,6.66,340.871,7,9,0.90051801152487,14504.7613569028,377.072125,450.88,717.208,717.208,717.208,-0.060859,-0.060859
705|9,33.3,353.296,8,9,0.90051801152487,14504.7613569028,377.072125,382.804,400.555,400.555,400.555,-0.00773522,-0.00773522
705|12,0.0004262399999999,7476.3,1,12,0.90051801152487,14504.7613569028,377.072125,5207.61,5207.87,5207.87,5207.87,0.313488,0.313488
705|12,0.0021311999999999,6678.97,2,12,0.90051801152487,14504.7613569028,377.072125,8235.51,8240.33,8240.33,8240.33,-0.196477,-0.196477
705|12,0.0106559999999999,7568.6,3,12,0.90051801152487,14504.7613569028,377.072125,9259.33,9322.87,9322.87,9322.87,-0.213923,-0.213923
705|12,0.0532799999999999,6813.87,4,12,0.90051801152487,14504.7613569028,377.072125,8801.88,9492.62,9492.62,9492.62,-0.325082,-0.325082
705|12,0.2663999999999999,3670.7,5,12,0.90051801152487,14504.7613569028,377.072125,4535.68,7768.92,7768.92,7768.92,-0.522979,-0.522979
705|12,1.332,964.89,6,12,0.90051801152487,14504.7613569028,377.072125,955.667,2591.31,2591.31,2591.31,-0.245573,-0.245573
705|12,6.66,295.644,7,12,0.90051801152487,14504.7613569028,377.072125,424.119,592.556,592.556,592.556,-0.0482428,-0.0482428
705|12,33.3,337.179,8,12,0.90051801152487,14504.7613569028,377.072125,380.503,389.624,389.624,389.624,-0.00858773,-0.00858773
705|11,0.0004262399999999,7646.7,1,11,0.90051801152487,14504.7613569028,377.072125,8248.49,8248.9,8248.9,8248.9,-0.0757598,-0.0757598
705|11,0.0021311999999999,11416.8,2,11,0.90051801152487,14504.7613569028,377.072125,11274.2,11280.9,11280.9,11280.9,0.0156937,0.0156937
705|11,0.0106559999999999,11999,3,11,0.90051801152487,14504.7613569028,377.072125,12273.1,12358.2,12358.2,12358.2,-0.0403011,-0.0403011
705|11,0.0532799999999999,10380.2,4,11,0.90051801152487,14504.7613569028,377.072125,11551.2,12467.4,12467.4,12467.4,-0.233535,-0.233535
705|11,0.2663999999999999,6246.58,5,11,0.90051801152487,14504.7613569028,377.072125,5892.63,10181.1,10181.1,10181.1,-0.468308,-0.468308
705|11,1.332,978.38,6,11,0.90051801152487,14504.7613569028,377.072125,1151.67,3342.34,3342.34,3342.34,-0.347695,-0.347695
705|11,6.66,338.528,7,11,0.90051801152487,14504.7613569028,377.072125,441.927,675.504,675.504,675.504,-0.05458,-0.05458
705|11,33.3,359.544,8,11,0.90051801152487,14504.7613569028,377.072125,382.034,396.898,396.898,396.898,-0.00611484,-0.00611484
555|4,0.00128,24786.1,1,4,0.359780339617216,31825.0906362375,503.381125,27456.9,27455.2,27456,27455.2,-0.214455,-0.214393
555|4,0.0064,28968,2,4,0.359780339617216,31825.0906362375,503.381125,30140.5,30234.6,30234.9,30234.6,-0.0966979,-0.0966762
555|4,0.032,30224.7,3,4,0.359780339617216,31825.0906362375,503.381125,29847.8,30963.9,30964,30963.9,-0.0557048,-0.0556973
555|4,0.16,26994.2,4,4,0.359780339617216,31825.0906362375,503.381125,20319.9,28281.4,28281.4,28281.4,-0.101809,-0.101806
555|4,0.8,19617.3,5,4,0.359780339617216,31825.0906362375,503.381125,4564.11,13467.3,13467.3,13467.3,0.670545,0.670547
555|4,4,12261.7,6,4,0.359780339617216,31825.0906362375,503.381125,894.389,2276.49,2276.5,2276.49,1.52465,1.52465
555|4,20,3868.08,7,4,0.359780339617216,31825.0906362375,503.381125,537.008,659.047,659.049,659.047,0.520092,0.520093
555|4,100,1458.34,8,4,0.359780339617216,31825.0906362375,503.381125,506.911,516.417,516.417,516.417,0.15349,0.15349
555|3,0.00128,24608.6,1,3,0.359780339617216,31825.0906362375,503.381125,27078.5,27075.9,27076.8,27075.9,-0.199673,-0.199604
555|3,0.0064,30317,2,3,0.359780339617216,31825.0906362375,503.381125,29763.5,29855.5,29855.9,29855.5,0.0354384,0.0354664
555|3,0.032,30352.5,3,3,0.359780339617216,31825.0906362375,503.381125,29486.8,30588.4,30588.5,30588.4,-0.0179033,-0.0178904
555|3,0.16,27001.3,4,3,0.359780339617216,31825.0906362375,503.381125,20078.7,27942.5,27942.6,27942.5,-0.0749224,-0.0749146
555|3,0.8,19262.3,5,3,0.359780339617216,31825.0906362375,503.381125,4514.69,13309.1,13309.2,13309.1,0.65171,0.651715
555|3,4,12503.1,6,3,0.359780339617216,31825.0906362375,503.381125,889.591,2254.64,2254.65,2254.64,1.56607,1.56607
555|3,20,4208.17,7,3,0.359780339617216,31825.0906362375,503.381125,536.593,657.075,657.077,657.075,0.575574,0.575574
555|3,100,1591.82,8,3,0.359780339617216,31825.0906362375,503.381125,506.876,516.247,516.248,516.247,0.17527,0.17527
555|5,0.00128,23770.8,1,5,0.359780339617216,31825.0906362375,503.381125,27593.9,27592.6,27593.4,27592.6,-0.306244,-0.306185
555|5,0.0064,28151.5,2,5,0.359780339617216,31825.0906362375,503.381125,30277,30371.8,30372.1,30371.8,-0.169079,-0.169059
555|5,0.032,28584.6,3,5,0.359780339617216,31825.0906362375,503.381125,29978.5,31099.9,31100,31099.9,-0.189069,-0.189064
555|5,0.16,26270,4,5,0.359780339617216,31825.0906362375,503.381125,20407.2,28404,28404.1,28404,-0.168407,-0.168406
555|5,0.8,20440.9,5,5,0.359780339617216,31825.0906362375,503.381125,4582.01,13524.5,13524.5,13524.5,0.753,0.753001
555|5,4,12070,6,5,0.359780339617216,31825.0906362375,503.381125,896.126,2284.4,2284.41,2284.4,1.49375,1.49375
555|5,20,5130.46,7,5,0.359780339617216,31825.0906362375,503.381125,537.158,659.761,659.763,659.761,0.724553,0.724553
555|5,100,1508.04,8,5,0.359780339617216,31825.0906362375,503.381125,506.924,516.478,516.478,516.478,0.161579,0.161579
555|6,0.00128,23728.2,1,6,0.359780339617216,31825.0906362375,503.381125,27638.3,27637.1,27637.9,27637.1,-0.31296,-0.312902
555|6,0.0064,28329,2,6,0.359780339617216,31825.0906362375,503.381125,30321.2,30416.3,30416.5,30416.3,-0.158823,-0.158804
555|6,0.032,28769.2,3,6,0.359780339617216,31825.0906362375,503.381125,30020.9,31143.9,31144,31143.9,-0.178366,-0.178361
555|6,0.16,26270,4,6,0.359780339617216,31825.0906362375,503.381125,20435.5,28443.8,28443.8,28443.8,-0.171417,-0.171417
555|6,0.8,18687.2,5,6,0.359780339617216,31825.0906362375,503.381125,4587.8,13543.1,13543.1,13543.1,0.559787,0.559788
555|6,4,12261.7,6,6,0.359780339617216,31825.0906362375,503.381125,896.689,2286.96,2286.97,2286.96,1.52248,1.52248
555|6,20,5001.24,7,6,0.359780339617216,31825.0906362375,503.381125,537.207,659.993,659.994,659.993,0.703567,0.703567
555|6,100,1657.85,8,6,0.359780339617216,31825.0906362375,503.381125,506.928,516.498,516.498,516.498,0.185988,0.185988
555|7,0.00128,23266.7,1,7,0.359780339617216,31825.0906362375,503.381125,27638.3,27637.1,27637.9,27637.1,-0.349902,-0.349845
555|7,0.0064,28897,2,7,0.359780339617216,31825.0906362375,503.381125,30321.2,30416.3,30416.5,30416.3,-0.115608,-0.115589
555|7,0.032,29181,3,7,0.359780339617216,31825.0906362375,503.381125,30020.9,31143.9,31144,31143.9,-0.147437,-0.147432
555|7,0.16,18176,4,7,0.359780339617216,31825.0906362375,503.381125,20435.5,28443.8,28443.8,28443.8,-0.809675,-0.809675
555|7,0.8,4345.91,5,7,0.359780339617216,31825.0906362375,503.381125,4587.8,13543.1,13543.1,13543.1,-1.00084,-1.00084
555|7,4,579.076,6,7,0.359780339617216,31825.0906362375,503.381125,896.689,2286.96,2286.97,2286.96,-0.260683,-0.260682
555|7,20,511.129,7,7,0.359780339617216,31825.0906362375,503.381125,537.207,659.993,659.994,659.993,-0.0241259,-0.0241257
555|7,100,514.679,8,7,0.359780339617216,31825.0906362375,503.381125,506.928,516.498,516.498,516.498,-0.000296453,-0.000296396
555|8,0.00128,24601.5,1,8,0.359780339617216,31825.0906362375,503.381125,27593.9,27592.6,27593.4,27592.6,-0.239692,-0.239633
555|8,0.0064,25545.8,2,8,0.359780339617216,31825.0906362375,503.381125,30277,30371.8,30372.1,30371.8,-0.367483,-0.367465
555|8,0.032,24601.5,3,8,0.359780339617216,31825.0906362375,503.381125,29978.5,31099.9,31100,31099.9,-0.488464,-0.488459
555|8,0.16,17068.4,4,8,0.359780339617216,31825.0906362375,503.381125,20407.2,28404,28404.1,28404,-0.894539,-0.894538
555|8,0.8,4732.86,5,8,0.359780339617216,31825.0906362375,503.381125,4582.01,13524.5,13524.5,13524.5,-0.957165,-0.957165
555|8,4,664.347,6,8,0.359780339617216,31825.0906362375,503.381125,896.126,2284.4,2284.41,2284.4,-0.247299,-0.247298
555|8,20,531.648,7,8,0.359780339617216,31825.0906362375,503.381125,537.158,659.761,659.763,659.761,-0.0207632,-0.020763
555|8,100,544.57,8,8,0.359780339617216,31825.0906362375,503.381125,506.924,516.478,516.478,516.478,0.00457764,0.0045777
555|9,0.00128,28400,1,9,0.359780339617216,31825.0906362375,503.381125,27456.9,27455.2,27456,27455.2,0.0758202,0.0758867
555|9,0.0064,27789.4,2,9,0.359780339617216,31825.0906362375,503.381125,30140.5,30234.6,30234.9,30234.6,-0.18666,-0.186639
555|9,0.032,29323,3,9,0.359780339617216,31825.0906362375,503.381125,29847.8,30963.9,30964,30963.9,-0.123645,-0.123637
555|9,0.16,27988.2,4,9,0.359780339617216,31825.0906362375,503.381125,20319.9,28281.4,28281.4,28281.4,-0.0231907,-0.0231878
555|9,0.8,19986.5,5,9,0.359780339617216,31825.0906362375,503.381125,4564.11,13467.3,13467.3,13467.3,0.710799,0.710801
555|9,4,11686.6,6,9,0.359780339617216,31825.0906362375,503.381125,894.389,2276.49,2276.5,2276.49,1.43684,1.43684
555|9,20,4575.95,7,9,0.359780339617216,31825.0906362375,503.381125,537.008,659.047,659.049,659.047,0.634818,0.634818
555|9,100,1463.31,8,9,0.359780339617216,31825.0906362375,503.381125,506.911,516.417,516.417,516.417,0.1543,0.1543
555|10,0.00128,29102.9,1,10,0.359780339617216,31825.0906362375,503.381125,27078.5,27075.9,27076.8,27075.9,0.163914,0.163988
555|10,0.0064,25950.5,2,10,0.359780339617216,31825.0906362375,503.381125,29763.5,29855.5,29855.9,29855.5,-0.300129,-0.300103
555|10,0.032,29216.5,3,10,0.359780339617216,31825.0906362375,503.381125,29486.8,30588.4,30588.5,30588.4,-0.104068,-0.104056
555|10,0.16,26092.5,4,10,0.359780339617216,31825.0906362375,503.381125,20078.7,27942.5,27942.6,27942.5,-0.147256,-0.147249
555|10,0.8,22734.2,5,10,0.359780339617216,31825.0906362375,503.381125,4514.69,13309.1,13309.2,13309.1,1.03179,1.0318
555|10,4,12027.4,6,10,0.359780339617216,31825.0906362375,503.381125,889.591,2254.64,2254.65,2254.64,1.49338,1.49338
555|10,20,4408.39,7,10,0.359780339617216,31825.0906362375,503.381125,536.593,657.075,657.077,657.075,0.608026,0.608027
555|10,100,1568.39,8,10,0.359780339617216,31825.0906362375,503.381125,506.876,516.247,516.248,516.247,0.171452,0.171452
555|12,0.00128,21044.4,1,12,0.359780339617216,31825.0906362375,503.381125,23244.3,23232.5,23234.1,23232.5,-0.191066,-0.190933
555|12,0.0064,21328.4,2,12,0.359780339617216,31825.0906362375,503.381125,25943.9,26015.2,26016.3,26015.2,-0.387029,-0.386948
555|12,0.032,18282.5,3,12,0.359780339617216,31825.0906362375,503.381125,25829.4,26783.6,26784.5,26783.6,-0.69164,-0.69158
555|12,0.16,8733,4,12,0.359780339617216,31825.0906362375,503.381125,17634.9,24509.6,24510.3,24509.6,-1.34165,-1.34161
555|12,0.8,1515.14,5,12,0.359780339617216,31825.0906362375,503.381125,4014.02,11707,11707.4,11707,-1.1636,-1.16357
555|12,4,461.713,6,12,0.359780339617216,31825.0906362375,503.381125,840.98,2033.29,2033.34,2033.29,-0.24208,-0.242072
555|12,20,405.268,7,12,0.359780339617216,31825.0906362375,503.381125,532.388,637.097,637.103,637.097,-0.0376051,-0.0376042
555|12,100,451.915,8,12,0.359780339617216,31825.0906362375,503.381125,506.516,514.531,514.532,514.531,-0.0102044,-0.0102043
555|11,0.00128,25631,1,11,0.359780339617216,31825.0906362375,503.381125,26047.5,26042.5,26043.5,26042.5,-0.0340402,-0.0339521
555|11,0.0064,26092.5,2,11,0.359780339617216,31825.0906362375,503.381125,28736.4,28822.9,28823.5,28822.9,-0.213852,-0.213811
555|11,0.032,21087,3,11,0.359780339617216,31825.0906362375,503.381125,28503.4,29565.3,29565.7,29565.3,-0.655014,-0.65499
555|11,0.16,8406.4,4,11,0.359780339617216,31825.0906362375,503.381125,19421.6,27019.5,27019.7,27019.5,-1.50744,-1.50742
555|11,0.8,1638.68,5,11,0.359780339617216,31825.0906362375,503.381125,4380.07,12878.4,12878.5,12878.4,-1.24421,-1.2442
555|11,4,580.851,6,11,0.359780339617216,31825.0906362375,503.381125,876.52,2195.12,2195.14,2195.12,-0.247208,-0.247205
555|11,20,445.525,7,11,0.359780339617216,31825.0906362375,503.381125,535.462,651.704,651.706,651.704,-0.0334254,-0.033425
555|11,100,520.004,8,11,0.359780339617216,31825.0906362375,503.381125,506.779,515.786,515.786,515.786,0.000687315,0.000687394
394|5,0.00128,37381.5,1,5,0.0615827530267959,40177.5359985319,266.9225,38950.7,38950.8,38950.8,38950.8,-0.103626,-0.103626
394|5,0.0064,32480.5,2,5,0.0615827530267959,40177.5359985319,266.9225,39604.5,39604.6,39604.6,39604.6,-0.46572,-0.46572
394|5,0.032,30270.5,3,5,0.0615827530267959,40177.5359985319,266.9225,38211.7,38211.7,38211.7,38211.7,-0.530459,-0.530459
394|5,0.16,21814,4,5,0.0615827530267959,40177.5359985319,266.9225,25680.9,25680.9,25680.9,25680.9,-0.321334,-0.321334
394|5,0.8,17010.5,5,5,0.0615827530267959,40177.5359985319,266.9225,5474.45,5474.44,5474.44,5474.44,1.58059,1.58059
394|5,4,13721.5,6,5,0.0615827530267959,40177.5359985319,266.9225,772.239,772.238,772.238,772.238,2.08972,2.08972
394|5,20,8372,7,5,0.0615827530267959,40177.5359985319,266.9225,311.229,311.229,311.229,311.229,1.32391,1.32391
394|5,100,3641.95,8,5,0.0615827530267959,40177.5359985319,266.9225,271.554,271.554,271.554,271.554,0.554404,0.554404
394|6,0.00128,38246,1,6,0.0615827530267959,40177.5359985319,266.9225,38963.4,38963.5,38963.5,38963.5,-0.047372,-0.047372
394|6,0.0064,34905,2,6,0.0615827530267959,40177.5359985319,266.9225,39617.2,39617.3,39617.3,39617.3,-0.307994,-0.307994
394|6,0.032,30316,3,6,0.0615827530267959,40177.5359985319,266.9225,38223.9,38223.9,38223.9,38223.9,-0.528132,-0.528132
394|6,0.16,20819.5,4,6,0.0615827530267959,40177.5359985319,266.9225,25689,25689,25689,25689,-0.404587,-0.404587
394|6,0.8,15775.5,5,6,0.0615827530267959,40177.5359985319,266.9225,5476.12,5476.11,5476.11,5476.11,1.41107,1.41107
394|6,4,11706.5,6,6,0.0615827530267959,40177.5359985319,266.9225,772.401,772.399,772.399,772.399,1.76451,1.76451
394|6,20,8404.5,7,6,0.0615827530267959,40177.5359985319,266.9225,311.243,311.243,311.243,311.243,1.32925,1.32925
394|6,100,3721.9,8,6,0.0615827530267959,40177.5359985319,266.9225,271.555,271.555,271.555,271.555,0.567555,0.567555
394|7,0.00128,38109.5,1,7,0.0615827530267959,40177.5359985319,266.9225,38963.4,38963.5,38963.5,38963.5,-0.0563839,-0.0563839
394|7,0.0064,38857,2,7,0.0615827530267959,40177.5359985319,266.9225,39617.2,39617.3,39617.3,39617.3,-0.0496908,-0.0496908
394|7,0.032,42445,3,7,0.0615827530267959,40177.5359985319,266.9225,38223.9,38223.9,38223.9,38223.9,0.281909,0.281909
394|7,0.16,38883,4,7,0.0615827530267959,40177.5359985319,266.9225,25689,25689,25689,25689,1.09623,1.09623
394|7,0.8,33826,5,7,0.0615827530267959,40177.5359985319,266.9225,5476.12,5476.11,5476.11,5476.11,3.88409,3.88409
394|7,4,28483,6,7,0.0615827530267959,40177.5359985319,266.9225,772.401,772.399,772.399,772.399,4.47185,4.47185
394|7,20,17907.5,7,7,0.0615827530267959,40177.5359985319,266.9225,311.243,311.243,311.243,311.243,2.89003,2.89003
394|7,100,11765,8,7,0.0615827530267959,40177.5359985319,266.9225,271.555,271.555,271.555,271.555,1.89058,1.89058
394|8,0.00128,42640,1,8,0.0615827530267959,40177.5359985319,266.9225,38950.7,38950.8,38950.8,38950.8,0.243615,0.243615
394|8,0.0064,40423.5,2,8,0.0615827530267959,40177.5359985319,266.9225,39604.5,39604.6,39604.6,39604.6,0.0535368,0.0535368
394|8,0.032,39806,3,8,0.0615827530267959,40177.5359985319,266.9225,38211.7,38211.7,38211.7,38211.7,0.106495,0.106495
394|8,0.16,43758,4,8,0.0615827530267959,40177.5359985319,266.9225,25680.9,25680.9,25680.9,25680.9,1.50218,1.50218
394|8,0.8,35867,5,8,0.0615827530267959,40177.5359985319,266.9225,5474.45,5474.44,5474.44,5474.44,4.16417,4.16417
394|8,4,28834,6,8,0.0615827530267959,40177.5359985319,266.9225,772.239,772.238,772.238,772.238,4.52854,4.52854
394|8,20,20111,7,8,0.0615827530267959,40177.5359985319,266.9225,311.229,311.229,311.229,311.229,3.25194,3.25194
394|8,100,11479,8,8,0.0615827530267959,40177.5359985319,266.9225,271.554,271.554,271.554,271.554,1.84354,1.84354
394|10,0.00128,33767.5,1,10,0.0615827530267959,40177.5359985319,266.9225,38802.6,38802.7,38802.7,38802.7,-0.333257,-0.333257
394|10,0.0064,22964.5,2,10,0.0615827530267959,40177.5359985319,266.9225,39457,39457,39457,39457,-1.0806,-1.0806
394|10,0.032,16341,3,10,0.0615827530267959,40177.5359985319,266.9225,38070.4,38070.4,38070.4,38070.4,-1.4547,-1.4547
394|10,0.16,12766,4,10,0.0615827530267959,40177.5359985319,266.9225,25586.5,25586.5,25586.5,25586.5,-1.06733,-1.06733
394|10,0.8,8833.5,5,10,0.0615827530267959,40177.5359985319,266.9225,5455.11,5455.1,5455.1,5455.1,0.463171,0.463171
394|10,4,6669,6,10,0.0615827530267959,40177.5359985319,266.9225,770.362,770.36,770.36,770.36,0.951977,0.951977
394|10,20,2575.3,7,10,0.0615827530267959,40177.5359985319,266.9225,311.067,311.066,311.066,311.066,0.371883,0.371883
394|10,100,1574.95,8,10,0.0615827530267959,40177.5359985319,266.9225,271.54,271.54,271.54,271.54,0.214401,0.214401
394|9,0.00128,39286,1,9,0.0615827530267959,40177.5359985319,266.9225,38911.3,38911.4,38911.4,38911.4,0.0247514,0.0247514
394|9,0.0064,30569.5,2,9,0.0615827530267959,40177.5359985319,266.9225,39565.3,39565.3,39565.3,39565.3,-0.588437,-0.588437
394|9,0.032,18928,3,9,0.0615827530267959,40177.5359985319,266.9225,38174.2,38174.2,38174.2,38174.2,-1.28637,-1.28637
394|9,0.16,14371.5,4,9,0.0615827530267959,40177.5359985319,266.9225,25655.8,25655.8,25655.8,25655.8,-0.938168,-0.938168
394|9,0.8,8996,5,9,0.0615827530267959,40177.5359985319,266.9225,5469.31,5469.3,5469.3,5469.3,0.483282,0.483282
394|9,4,5444.4,6,9,0.0615827530267959,40177.5359985319,266.9225,771.74,771.738,771.738,771.738,0.754078,0.754078
394|9,20,3246.75,7,9,0.0615827530267959,40177.5359985319,266.9225,311.186,311.186,311.186,311.186,0.482141,0.482141
394|9,100,1693.25,8,9,0.0615827530267959,40177.5359985319,266.9225,271.55,271.55,271.55,271.55,0.233859,0.233859
394|12,0.00128,35041.5,1,12,0.0615827530267959,40177.5359985319,266.9225,37700.8,37701,37701,37701,-0.17908,-0.17908
394|12,0.0064,35750,2,12,0.0615827530267959,40177.5359985319,266.9225,38359.4,38359.5,38359.5,38359.5,-0.173907,-0.173907
394|12,0.032,33351.5,3,12,0.0615827530267959,40177.5359985319,266.9225,37019.4,37019.5,37019.5,37019.5,-0.249678,-0.249678
394|12,0.16,24134.5,4,12,0.0615827530267959,40177.5359985319,266.9225,24884.3,24884.3,24884.3,24884.3,-0.0632908,-0.0632908
394|12,0.8,18018,5,12,0.0615827530267959,40177.5359985319,266.9225,5311.24,5311.24,5311.24,5311.24,1.75016,1.75016
394|12,4,12486.5,6,12,0.0615827530267959,40177.5359985319,266.9225,756.393,756.392,756.392,756.392,1.89411,1.89411
394|12,20,8521.5,7,12,0.0615827530267959,40177.5359985319,266.9225,309.858,309.858,309.858,309.858,1.34876,1.34876
394|12,100,5012.8,8,12,0.0615827530267959,40177.5359985319,266.9225,271.436,271.436,271.436,271.436,0.779922,0.779922
394|11,0.00128,40612,1,11,0.0615827530267959,40177.5359985319,266.9225,38506.3,38506.4,38506.4,38506.4,0.140002,0.140002
394|11,0.0064,40807,2,11,0.0615827530267959,40177.5359985319,266.9225,39161.8,39161.9,39161.9,39161.9,0.108279,0.108279
394|11,0.032,33462,3,11,0.0615827530267959,40177.5359985319,266.9225,37787.8,37787.9,37787.9,37787.9,-0.29089,-0.29089
394|11,0.16,24752,4,11,0.0615827530267959,40177.5359985319,266.9225,25397.7,25397.7,25397.7,25397.7,-0.0539541,-0.0539541
394|11,0.8,18401.5,5,11,0.0615827530267959,40177.5359985319,266.9225,5416.43,5416.42,5416.42,5416.42,1.78244,1.78244
394|11,4,15236,6,11,0.0615827530267959,40177.5359985319,266.9225,766.606,766.604,766.604,766.604,2.33554,2.33554
394|11,20,8359,7,11,0.0615827530267959,40177.5359985319,266.9225,310.742,310.741,310.741,310.741,1.32188,1.32188
394|11,100,5257.2,8,11,0.0615827530267959,40177.5359985319,266.9225,271.512,271.512,271.512,271.512,0.820109,0.820109
394|3,0.00128,19714.5,1,3,0.0615827530267959,40177.5359985319,266.9225,38802.6,38802.7,38802.7,38802.7,-1.26337,-1.26337
394|3,0.0064,18492.5,2,3,0.0615827530267959,40177.5359985319,266.9225,39457,39457,39457,39457,-1.37361,-1.37361
394|3,0.032,11667.5,3,3,0.0615827530267959,40177.5359985319,266.9225,38070.4,38070.5,38070.5,38070.5,-1.76758,-1.76758
394|3,0.16,9009,4,3,0.0615827530267959,40177.5359985319,266.9225,25586.5,25586.6,25586.6,25586.6,-1.38011,-1.38011
394|3,0.8,6145.1,5,3,0.0615827530267959,40177.5359985319,266.9225,5455.11,5455.16,5455.16,5455.16,0.0945895,0.0945895
394|3,4,4151.55,6,3,0.0615827530267959,40177.5359985319,266.9225,770.362,770.366,770.366,770.366,0.545686,0.545686
394|3,20,1883.7,7,3,0.0615827530267959,40177.5359985319,266.9225,311.067,311.067,311.067,311.067,0.258293,0.258293
394|3,100,672.75,8,3,0.0615827530267959,40177.5359985319,266.9225,271.54,271.54,271.54,271.54,0.0659961,0.0659961
394|4,0.00128,18733,1,4,0.0615827530267959,40177.5359985319,266.9225,38911.3,38911.4,38911.4,38911.4,-1.33328,-1.33328
394|4,0.0064,16620.5,2,4,0.0615827530267959,40177.5359985319,266.9225,39565.3,39565.3,39565.3,39565.3,-1.50087,-1.50087
394|4,0.032,13377,3,4,0.0615827530267959,40177.5359985319,266.9225,38174.2,38174.2,38174.2,38174.2,-1.65738,-1.65738
394|4,0.16,11953.5,4,4,0.0615827530267959,40177.5359985319,266.9225,25655.8,25655.9,25655.9,25655.9,-1.1392,-1.1392
394|4,0.8,7020,5,4,0.0615827530267959,40177.5359985319,266.9225,5469.31,5469.36,5469.36,5469.36,0.212493,0.212493
394|4,4,5218.2,6,4,0.0615827530267959,40177.5359985319,266.9225,771.74,771.745,771.745,771.745,0.717572,0.717572
394|4,20,1979.9,7,4,0.0615827530267959,40177.5359985319,266.9225,311.186,311.186,311.186,311.186,0.274072,0.274072
394|4,100,718.25,8,4,0.0615827530267959,40177.5359985319,266.9225,271.55,271.55,271.55,271.55,0.0734788,0.0734788
1099|3,0.00128,7046,1,3,0.0574946797787591,7987.23996791,295.221875,7734.61,7734.61,7734.61,7734.61,-0.0879646,-0.0879646
1099|3,0.0064,7702.5,2,3,0.0574946797787591,7987.23996791,295.221875,7853.41,7853.41,7853.41,7853.41,-0.0192096,-0.0192096
1099|3,0.032,6302.4,3,3,0.0574946797787591,7987.23996791,295.221875,7583.48,7583.48,7583.48,7583.48,-0.164392,-0.164392
1099|3,0.16,4467.45,4,3,0.0574946797787591,7987.23996791,295.221875,5176.38,5176.39,5176.39,5176.39,-0.0980719,-0.0980719
1099|3,0.8,3406,5,3,0.0574946797787591,7987.23996791,295.221875,1296.05,1296.05,1296.05,1296.05,0.333884,0.333884
1099|3,4,2157.35,6,3,0.0574946797787591,7987.23996791,295.221875,393.078,393.078,393.078,393.078,0.288856,0.288856
1099|3,20,1314.95,7,3,0.0574946797787591,7987.23996791,295.221875,304.542,304.542,304.542,304.542,0.165993,0.165993
1099|3,100,977.6,8,3,0.0574946797787591,7987.23996791,295.221875,296.92,296.92,296.92,296.92,0.111857,0.111857
1099|4,0.00128,7481.5,1,4,0.0574946797787591,7987.23996791,295.221875,7754.58,7754.58,7754.58,7754.58,-0.034863,-0.034863
1099|4,0.0064,6643,2,4,0.0574946797787591,7987.23996791,295.221875,7873.31,7873.31,7873.31,7873.31,-0.156513,-0.156513
1099|4,0.032,5935.8,3,4,0.0574946797787591,7987.23996791,295.221875,7602.53,7602.53,7602.53,7602.53,-0.213757,-0.213757
1099|4,0.16,4124.9,4,4,0.0574946797787591,7987.23996791,295.221875,5189.11,5189.12,5189.12,5189.12,-0.147159,-0.147159
1099|4,0.8,3175.25,5,4,0.0574946797787591,7987.23996791,295.221875,1298.66,1298.66,1298.66,1298.66,0.296928,0.296928
1099|4,4,2295.8,6,4,0.0574946797787591,7987.23996791,295.221875,393.331,393.331,393.331,393.331,0.311479,0.311479
1099|4,20,1472.9,7,4,0.0574946797787591,7987.23996791,295.221875,304.564,304.564,304.564,304.564,0.191938,0.191938
1099|4,100,1016.6,8,4,0.0574946797787591,7987.23996791,295.221875,296.922,296.922,296.922,296.922,0.118266,0.118266
1099|5,0.00128,2156.7,1,5,0.0574946797787591,7987.23996791,295.221875,7761.81,7761.81,7761.81,7761.81,-0.715428,-0.715428
1099|5,0.0064,4521.4,2,5,0.0574946797787591,7987.23996791,295.221875,7880.51,7880.51,7880.51,7880.51,-0.427235,-0.427235
1099|5,0.032,4678.7,3,5,0.0574946797787591,7987.23996791,295.221875,7609.43,7609.43,7609.43,7609.43,-0.375787,-0.375787
1099|5,0.16,4338.1,4,5,0.0574946797787591,7987.23996791,295.221875,5193.72,5193.72,5193.72,5193.72,-0.118298,-0.118298
1099|5,0.8,3880.5,5,5,0.0574946797787591,7987.23996791,295.221875,1299.61,1299.61,1299.61,1299.61,0.408354,0.408354
1099|5,4,2618.2,6,5,0.0574946797787591,7987.23996791,295.221875,393.423,393.423,393.423,393.423,0.364248,0.364248
1099|5,20,2187.25,7,5,0.0574946797787591,7987.23996791,295.221875,304.572,304.572,304.572,304.572,0.309293,0.309293
1099|5,100,1243.45,8,5,0.0574946797787591,7987.23996791,295.221875,296.923,296.923,296.923,296.923,0.155544,0.155544
1099|6,0.00128,2173.6,1,6,0.0574946797787591,7987.23996791,295.221875,7764.16,7764.15,7764.15,7764.15,-0.71352,-0.71352
1099|6,0.0064,4706,2,6,0.0574946797787591,7987.23996791,295.221875,7882.85,7882.84,7882.84,7882.84,-0.404025,-0.404025
1099|6,0.032,4895.8,3,6,0.0574946797787591,7987.23996791,295.221875,7611.66,7611.66,7611.66,7611.66,-0.348213,-0.348213
1099|6,0.16,4835.35,4,6,0.0574946797787591,7987.23996791,295.221875,5195.21,5195.22,5195.22,5195.22,-0.0497524,-0.0497524
1099|6,0.8,3753.1,5,6,0.0574946797787591,7987.23996791,295.221875,1299.91,1299.91,1299.91,1299.91,0.388144,0.388144
1099|6,4,2828.8,6,6,0.0574946797787591,7987.23996791,295.221875,393.453,393.452,393.452,393.452,0.398722,0.398722
1099|6,20,2241.2,7,6,0.0574946797787591,7987.23996791,295.221875,304.574,304.574,304.574,304.574,0.318155,0.318155
1099|6,100,1610.7,8,6,0.0574946797787591,7987.23996791,295.221875,296.923,296.923,296.923,296.923,0.215895,0.215895
1099|8,0.00128,3918.2,1,8,0.0574946797787591,7987.23996791,295.221875,7761.81,7761.81,7761.81,7761.81,-0.490593,-0.490593
1099|8,0.0064,7462,2,8,0.0574946797787591,7987.23996791,295.221875,7880.51,7880.51,7880.51,7880.51,-0.0532291,-0.0532291
1099|8,0.032,7241,3,8,0.0574946797787591,7987.23996791,295.221875,7609.43,7609.43,7609.43,7609.43,-0.047241,-0.047241
1099|8,0.16,6539,4,8,0.0574946797787591,7987.23996791,295.221875,5193.72,5193.72,5193.72,5193.72,0.185996,0.185996
1099|8,0.8,6792.5,5,8,0.0574946797787591,7987.23996791,295.221875,1299.61,1299.61,1299.61,1299.61,0.869097,0.869097
1099|8,4,6191.9,6,8,0.0574946797787591,7987.23996791,295.221875,393.423,393.423,393.423,393.423,0.949345,0.949345
1099|8,20,4473.95,7,8,0.0574946797787591,7987.23996791,295.221875,304.572,304.572,304.572,304.572,0.684959,0.684959
1099|8,100,2483.65,8,8,0.0574946797787591,7987.23996791,295.221875,296.923,296.923,296.923,296.923,0.359349,0.359349
1099|7,0.00128,4726.8,1,7,0.0574946797787591,7987.23996791,295.221875,7764.16,7764.15,7764.15,7764.15,-0.387656,-0.387656
1099|7,0.0064,5435.3,2,7,0.0574946797787591,7987.23996791,295.221875,7882.85,7882.84,7882.84,7882.84,-0.311274,-0.311274
1099|7,0.032,5294.9,3,7,0.0574946797787591,7987.23996791,295.221875,7611.66,7611.66,7611.66,7611.66,-0.297042,-0.297042
1099|7,0.16,6222.45,4,7,0.0574946797787591,7987.23996791,295.221875,5195.21,5195.22,5195.22,5195.22,0.142017,0.142017
1099|7,0.8,5335.85,5,7,0.0574946797787591,7987.23996791,295.221875,1299.91,1299.91,1299.91,1299.91,0.638567,0.638567
1099|7,4,4543.5,6,7,0.0574946797787591,7987.23996791,295.221875,393.453,393.452,393.452,393.452,0.679458,0.679458
1099|7,20,3995.55,7,7,0.0574946797787591,7987.23996791,295.221875,304.574,304.574,304.574,304.574,0.606365,0.606365
1099|7,100,2592.2,8,7,0.0574946797787591,7987.23996791,295.221875,296.923,296.923,296.923,296.923,0.377187,0.377187
1099|9,0.00128,7325.5,1,9,0.0574946797787591,7987.23996791,295.221875,7754.58,7754.58,7754.58,7754.58,-0.054779,-0.054779
1099|9,0.0064,5971.55,2,9,0.0574946797787591,7987.23996791,295.221875,7873.31,7873.31,7873.31,7873.31,-0.241931,-0.241931
1099|9,0.032,5183.75,3,9,0.0574946797787591,7987.23996791,295.221875,7602.53,7602.53,7602.53,7602.53,-0.310208,-0.310208
1099|9,0.16,4508.4,4,9,0.0574946797787591,7987.23996791,295.221875,5189.11,5189.12,5189.12,5189.12,-0.0941291,-0.0941291
1099|9,0.8,3333.85,5,9,0.0574946797787591,7987.23996791,295.221875,1298.66,1298.66,1298.66,1298.66,0.322023,0.322023
1099|9,4,2406.3,6,9,0.0574946797787591,7987.23996791,295.221875,393.331,393.331,393.331,393.331,0.329571,0.329571
1099|9,20,1592.5,7,9,0.0574946797787591,7987.23996791,295.221875,304.564,304.564,304.564,304.564,0.211586,0.211586
1099|9,100,912.6,8,9,0.0574946797787591,7987.23996791,295.221875,296.922,296.922,296.922,296.922,0.101175,0.101175
1099|10,0.00128,7078.5,1,10,0.0574946797787591,7987.23996791,295.221875,7734.61,7734.61,7734.61,7734.61,-0.0838129,-0.0838129
1099|10,0.0064,6256.25,2,10,0.0574946797787591,7987.23996791,295.221875,7853.41,7853.41,7853.41,7853.41,-0.203302,-0.203302
1099|10,0.032,5591.3,3,10,0.0574946797787591,7987.23996791,295.221875,7583.48,7583.48,7583.48,7583.48,-0.255643,-0.255643
1099|10,0.16,4080.05,4,10,0.0574946797787591,7987.23996791,295.221875,5176.38,5176.39,5176.39,5176.39,-0.151664,-0.151664
1099|10,0.8,3553.55,5,10,0.0574946797787591,7987.23996791,295.221875,1296.05,1296.05,1296.05,1296.05,0.357233,0.357233
1099|10,4,1853.8,6,10,0.0574946797787591,7987.23996791,295.221875,393.078,393.078,393.078,393.078,0.239157,0.239157
1099|10,20,1829.75,7,10,0.0574946797787591,7987.23996791,295.221875,304.542,304.542,304.542,304.542,0.250566,0.250566
1099|10,100,1097.2,8,10,0.0574946797787591,7987.23996791,295.221875,296.92,296.92,296.92,296.92,0.131511,0.131511
1099|11,0.00128,7644,1,11,0.0574946797787591,7987.23996791,295.221875,7680.21,7680.21,7680.21,7680.21,-0.00463254,-0.00463254
1099|11,0.0064,7397,2,11,0.0574946797787591,7987.23996791,295.221875,7799.22,7799.22,7799.22,7799.22,-0.0512808,-0.0512808
1099|11,0.032,6766.5,3,11,0.0574946797787591,7987.23996791,295.221875,7531.59,7531.59,7531.59,7531.59,-0.0983315,-0.0983315
1099|11,0.16,7202,4,11,0.0574946797787591,7987.23996791,295.221875,5141.71,5141.71,5141.71,5141.71,0.285334,0.285334
1099|11,0.8,6379.75,5,11,0.0574946797787591,7987.23996791,295.221875,1288.95,1288.95,1288.95,1288.95,0.805795,0.805795
1099|11,4,5507.45,6,11,0.0574946797787591,7987.23996791,295.221875,392.388,392.388,392.388,392.388,0.837488,0.837488
1099|11,20,4337.45,7,11,0.0574946797787591,7987.23996791,295.221875,304.482,304.482,304.482,304.482,0.662551,0.662551
1099|11,100,2754.05,8,11,0.0574946797787591,7987.23996791,295.221875,296.915,296.915,296.915,296.915,0.403785,0.403785
1099|12,0.00128,8274.5,1,12,0.0574946797787591,7987.23996791,295.221875,7532.29,7532.28,7532.28,7532.28,0.0953909,0.0953909
1099|12,0.0064,6929,2,12,0.0574946797787591,7987.23996791,295.221875,7651.85,7651.85,7651.85,7651.85,-0.092568,-0.092568
1099|12,0.032,7247.5,3,12,0.0574946797787591,7987.23996791,295.221875,7390.48,7390.48,7390.48,7390.48,-0.0184544,-0.0184544
1099|12,0.16,7312.5,4,12,0.0574946797787591,7987.23996791,295.221875,5047.43,5047.43,5047.43,5047.43,0.314658,0.314658
1099|12,0.8,6961.5,5,12,0.0574946797787591,7987.23996791,295.221875,1269.63,1269.63,1269.63,1269.63,0.901581,0.901581
1099|12,4,4681.95,6,12,0.0574946797787591,7987.23996791,295.221875,390.513,390.513,390.513,390.513,0.702686,0.702686
1099|12,20,3630.9,7,12,0.0574946797787591,7987.23996791,295.221875,304.32,304.32,304.32,304.32,0.546507,0.546507
1099|12,100,3244.15,8,12,0.0574946797787591,7987.23996791,295.221875,296.901,296.901,296.901,296.901,0.484327,0.484327
611|4,0.00128,8222.5,1,4,0.4976131462592602,10718.2289130228,389.553125,8763.56,8827.61,8827.61,8827.61,-0.0748492,-0.0748492
611|4,0.0064,9906,2,4,0.4976131462592602,10718.2289130228,389.553125,9979.23,10002.1,10002.1,10002.1,-0.0114936,-0.0114936
611|4,0.032,10530,3,4,0.4976131462592602,10718.2289130228,389.553125,10004.5,10012.2,10012.2,10012.2,0.0619234,0.0619234
611|4,0.16,10068.5,4,4,0.4976131462592602,10718.2289130228,389.553125,6907.93,6910,6910,6910,0.413686,0.413686
611|4,0.8,9295,5,4,0.4976131462592602,10718.2289130228,389.553125,1725.81,1726.24,1726.24,1726.24,1.1789,1.1789
611|4,4,8489,6,4,0.4976131462592602,10718.2289130228,389.553125,518.334,518.436,518.436,518.436,1.29874,1.29874
611|4,20,7923.5,7,4,0.4976131462592602,10718.2289130228,389.553125,401.109,401.135,401.135,401.135,1.23122,1.23122
611|4,100,6156.15,8,4,0.4976131462592602,10718.2289130228,389.553125,391.339,391.345,391.345,391.345,0.943908,0.943908
611|3,0.00128,9132.5,1,3,0.4976131462592602,10718.2289130228,389.553125,8594.09,8663.71,8663.71,8663.71,0.0582636,0.0582636
611|3,0.0064,10361,2,3,0.4976131462592602,10718.2289130228,389.553125,9810.41,9838.81,9838.81,9838.81,0.0627534,0.0627534
611|3,0.032,10159.5,3,3,0.4976131462592602,10718.2289130228,389.553125,9842.86,9855.85,9855.85,9855.85,0.0364726,0.0364726
611|3,0.16,10634,4,3,0.4976131462592602,10718.2289130228,389.553125,6799.92,6805.54,6805.54,6805.54,0.503048,0.503048
611|3,0.8,10543,5,3,0.4976131462592602,10718.2289130228,389.553125,1703.68,1704.83,1704.83,1704.83,1.37769,1.37769
611|3,4,9542,6,3,0.4976131462592602,10718.2289130228,389.553125,516.185,516.358,516.358,516.358,1.47077,1.47077
611|3,20,8385,7,3,0.4976131462592602,10718.2289130228,389.553125,400.924,400.955,400.955,400.955,1.3068,1.3068
611|3,100,5422.95,8,3,0.4976131462592602,10718.2289130228,389.553125,391.323,391.33,391.33,391.33,0.823859,0.823859
611|5,0.00128,7332,1,5,0.4976131462592602,10718.2289130228,389.553125,8824.91,8886.95,8886.95,8886.95,-0.192009,-0.192009
611|5,0.0064,11089,2,5,0.4976131462592602,10718.2289130228,389.553125,10040.3,10061.2,10061.2,10061.2,0.122745,0.122745
611|5,0.032,11245,3,5,0.4976131462592602,10718.2289130228,389.553125,10063,10068.8,10068.8,10068.8,0.140437,0.140437
611|5,0.16,11004.5,4,5,0.4976131462592602,10718.2289130228,389.553125,6947.04,6947.82,6947.82,6947.82,0.53071,0.53071
611|5,0.8,9509.5,5,5,0.4976131462592602,10718.2289130228,389.553125,1733.82,1733.98,1733.98,1733.98,1.21076,1.21076
611|5,4,7117.5,6,5,0.4976131462592602,10718.2289130228,389.553125,519.112,519.188,519.188,519.188,1.07511,1.07511
611|5,20,5870.8,7,5,0.4976131462592602,10718.2289130228,389.553125,401.177,401.2,401.2,401.2,0.895233,0.895233
611|5,100,2986.75,8,5,0.4976131462592602,10718.2289130228,389.553125,391.345,391.351,391.351,391.351,0.424961,0.424961
611|6,0.00128,8183.5,1,6,0.4976131462592602,10718.2289130228,389.553125,8844.79,8906.17,8906.17,8906.17,-0.0891882,-0.0891882
611|6,0.0064,11836.5,2,6,0.4976131462592602,10718.2289130228,389.553125,10060.1,10080.3,10080.3,10080.3,0.209615,0.209615
611|6,0.032,11141,3,6,0.4976131462592602,10718.2289130228,389.553125,10082,10087.1,10087.1,10087.1,0.125766,0.125766
611|6,0.16,10679.5,4,6,0.4976131462592602,10718.2289130228,389.553125,6959.71,6960.08,6960.08,6960.08,0.486406,0.486406
611|6,0.8,9431.5,5,6,0.4976131462592602,10718.2289130228,389.553125,1736.42,1736.5,1736.5,1736.5,1.19811,1.19811
611|6,4,8131.5,6,6,0.4976131462592602,10718.2289130228,389.553125,519.364,519.432,519.432,519.432,1.24028,1.24028
611|6,20,6818.5,7,6,0.4976131462592602,10718.2289130228,389.553125,401.199,401.221,401.221,401.221,1.05034,1.05034
611|6,100,3272.1,8,6,0.4976131462592602,10718.2289130228,389.553125,391.347,391.352,391.352,391.352,0.471683,0.471683
611|7,0.00128,8190,1,7,0.4976131462592602,10718.2289130228,389.553125,8844.79,8906.17,8906.17,8906.17,-0.088386,-0.088386
611|7,0.0064,11719.5,2,7,0.4976131462592602,10718.2289130228,389.553125,10060.1,10080.3,10080.3,10080.3,0.19565,0.19565
611|7,0.032,11687,3,7,0.4976131462592602,10718.2289130228,389.553125,10082,10087.1,10087.1,10087.1,0.190924,0.190924
611|7,0.16,10393.5,4,7,0.4976131462592602,10718.2289130228,389.553125,6959.71,6960.08,6960.08,6960.08,0.449005,0.449005
611|7,0.8,10146.5,5,7,0.4976131462592602,10718.2289130228,389.553125,1736.42,1736.5,1736.5,1736.5,1.30944,1.30944
611|7,4,8924.5,6,7,0.4976131462592602,10718.2289130228,389.553125,519.364,519.432,519.432,519.432,1.36948,1.36948
611|7,20,7598.5,7,7,0.4976131462592602,10718.2289130228,389.553125,401.199,401.221,401.221,401.221,1.17801,1.17801
611|7,100,5283.85,8,7,0.4976131462592602,10718.2289130228,389.553125,391.347,391.352,391.352,391.352,0.801079,0.801079
611|8,0.00128,9054.5,1,8,0.4976131462592602,10718.2289130228,389.553125,8824.91,8886.95,8886.95,8886.95,0.0206898,0.0206898
611|8,0.0064,10913.5,2,8,0.4976131462592602,10718.2289130228,389.553125,10040.3,10061.2,10061.2,10061.2,0.101786,0.101786
611|8,0.032,12870,3,8,0.4976131462592602,10718.2289130228,389.553125,10063,10068.8,10068.8,10068.8,0.334461,0.334461
611|8,0.16,11030.5,4,8,0.4976131462592602,10718.2289130228,389.553125,6947.04,6947.82,6947.82,6947.82,0.534111,0.534111
611|8,0.8,10770.5,5,8,0.4976131462592602,10718.2289130228,389.553125,1733.82,1733.98,1733.98,1733.98,1.40711,1.40711
611|8,4,10413,6,8,0.4976131462592602,10718.2289130228,389.553125,519.112,519.188,519.188,519.188,1.61207,1.61207
611|8,20,8690.5,7,8,0.4976131462592602,10718.2289130228,389.553125,401.177,401.2,401.2,401.2,1.35675,1.35675
611|8,100,6922.5,8,8,0.4976131462592602,10718.2289130228,389.553125,391.345,391.351,391.351,391.351,1.06939,1.06939
611|9,0.00128,10101,1,9,0.4976131462592602,10718.2289130228,389.553125,8763.56,8827.61,8827.61,8827.61,0.157512,0.157512
611|9,0.0064,9516,2,9,0.4976131462592602,10718.2289130228,389.553125,9979.23,10002.1,10002.1,10002.1,-0.0581464,-0.0581464
611|9,0.032,9340.5,3,9,0.4976131462592602,10718.2289130228,389.553125,10004.5,10012.2,10012.2,10012.2,-0.0803273,-0.0803273
611|9,0.16,7949.5,4,9,0.4976131462592602,10718.2289130228,389.553125,6907.93,6910,6910,6910,0.136149,0.136149
611|9,0.8,5449.6,5,9,0.4976131462592602,10718.2289130228,389.553125,1725.81,1726.24,1726.24,1726.24,0.579944,0.579944
611|9,4,3717.35,6,9,0.4976131462592602,10718.2289130228,389.553125,518.334,518.436,518.436,518.436,0.521236,0.521236
611|9,20,2372.5,7,9,0.4976131462592602,10718.2289130228,389.553125,401.109,401.135,401.135,401.135,0.322663,0.322663
611|9,100,865.15,8,9,0.4976131462592602,10718.2289130228,389.553125,391.339,391.345,391.345,391.345,0.077579,0.077579
611|10,0.00128,9191,1,10,0.4976131462592602,10718.2289130228,389.553125,8594.09,8663.71,8663.71,8663.71,0.0655343,0.0655343
611|10,0.0064,10439,2,10,0.4976131462592602,10718.2289130228,389.553125,9810.41,9838.81,9838.81,9838.81,0.0721269,0.0721269
611|10,0.032,8762,3,10,0.4976131462592602,10718.2289130228,389.553125,9842.86,9855.85,9855.85,9855.85,-0.131388,-0.131388
611|10,0.16,7709,4,10,0.4976131462592602,10718.2289130228,389.553125,6799.92,6805.54,6805.54,6805.54,0.118712,0.118712
611|10,0.8,5874.7,5,10,0.4976131462592602,10718.2289130228,389.553125,1703.68,1704.83,1704.83,1704.83,0.649998,0.649998
611|10,4,4806.1,6,10,0.4976131462592602,10718.2289130228,389.553125,516.185,516.358,516.358,516.358,0.699033,0.699033
611|10,20,2637.7,7,10,0.4976131462592602,10718.2289130228,389.553125,400.924,400.955,400.955,400.955,0.366101,0.366101
611|10,100,1036.75,8,10,0.4976131462592602,10718.2289130228,389.553125,391.323,391.33,391.33,391.33,0.105679,0.105679
611|12,0.00128,9633,1,12,0.4976131462592602,10718.2289130228,389.553125,6877.24,7003.22,7003.22,7003.22,0.343454,0.343454
611|12,0.0064,10757.5,2,12,0.4976131462592602,10718.2289130228,389.553125,8100.06,8184.61,8184.61,8184.61,0.324298,0.324298
611|12,0.032,11349,3,12,0.4976131462592602,10718.2289130228,389.553125,8205.14,8271.9,8271.9,8271.9,0.386854,0.386854
611|12,0.16,9652.5,4,12,0.4976131462592602,10718.2289130228,389.553125,5705.65,5747.19,5747.19,5747.19,0.530432,0.530432
611|12,0.8,9555,5,12,0.4976131462592602,10718.2289130228,389.553125,1479.49,1488,1488,1488,1.26752,1.26752
611|12,4,8632,6,12,0.4976131462592602,10718.2289130228,389.553125,494.418,495.305,495.305,495.305,1.32698,1.32698
611|12,20,7735,7,12,0.4976131462592602,10718.2289130228,389.553125,399.041,399.134,399.134,399.134,1.20079,1.20079
611|12,100,5118.75,8,12,0.4976131462592602,10718.2289130228,389.553125,391.162,391.174,391.174,391.174,0.774081,0.774081
611|11,0.00128,9834.5,1,11,0.4976131462592602,10718.2289130228,389.553125,8132.46,8217.23,8217.23,8217.23,0.203651,0.203651
611|11,0.0064,11843,2,11,0.4976131462592602,10718.2289130228,389.553125,9350.52,9394.02,9394.02,9394.02,0.298034,0.298034
611|11,0.032,10634,3,11,0.4976131462592602,10718.2289130228,389.553125,9402.5,9429.95,9429.95,9429.95,0.146379,0.146379
611|11,0.16,11056.5,4,11,0.4976131462592602,10718.2289130228,389.553125,6505.69,6520.96,6520.96,6520.96,0.601224,0.601224
611|11,0.8,10107.5,5,11,0.4976131462592602,10718.2289130228,389.553125,1643.4,1646.53,1646.53,1646.53,1.32171,1.32171
611|11,4,8976.5,6,11,0.4976131462592602,10718.2289130228,389.553125,510.332,510.697,510.697,510.697,1.37984,1.37984
611|11,20,9022,7,11,0.4976131462592602,10718.2289130228,389.553125,400.417,400.465,400.465,400.465,1.41116,1.41116
611|11,100,5258.5,8,11,0.4976131462592602,10718.2289130228,389.553125,391.28,391.288,391.288,391.288,0.796941,0.796941
84|5,0.0006144,72824,1,5,0.5347878003168278,91340.8181771157,670.5,73556.9,73564.1,73564.1,73564.1,-0.031826,-0.031826
84|5,0.003072,78360,2,5,0.5347878003168278,91340.8181771157,670.5,85229.5,85331.1,85331.1,85331.1,-0.267987,-0.267987
84|5,0.01536,80614,3,5,0.5347878003168278,91340.8181771157,670.5,88219.7,89449.1,89449.1,89449.1,-0.327496,-0.327496
84|5,0.0768,74089,4,5,0.5347878003168278,91340.8181771157,670.5,76855.4,89132.6,89132.6,89132.6,-0.559165,-0.559165
84|5,0.384,55821,5,5,0.5347878003168278,91340.8181771157,670.5,29163.4,73180.6,73180.6,73180.6,-0.749378,-0.749378
84|5,1.92,24346,6,5,0.5347878003168278,91340.8181771157,670.5,4042.95,23636.6,23636.6,23636.6,0.0613966,0.0613966
84|5,9.6,9438,7,5,0.5347878003168278,91340.8181771157,670.5,955.798,3118.81,3118.81,3118.81,0.936655,0.936655
84|5,48,4872,8,5,0.5347878003168278,91340.8181771157,670.5,692.491,856.53,856.53,856.53,0.645948,0.645948
84|6,0.0006144,70835,1,6,0.5347878003168278,91340.8181771157,670.5,73743.8,73751.1,73751.1,73751.1,-0.125161,-0.125161
84|6,0.003072,80058,2,6,0.5347878003168278,91340.8181771157,670.5,85416.2,85518.1,85518.1,85518.1,-0.209547,-0.209547
84|6,0.01536,79421,3,6,0.5347878003168278,91340.8181771157,670.5,88403.8,89635.8,89635.8,89635.8,-0.378024,-0.378024
84|6,0.0768,77554,4,6,0.5347878003168278,91340.8181771157,670.5,77013.1,89315.7,89315.7,89315.7,-0.436484,-0.436484
84|6,0.384,55427,5,6,0.5347878003168278,91340.8181771157,670.5,29222.4,73330.7,73330.7,73330.7,-0.771695,-0.771695
84|6,1.92,28310,6,6,0.5347878003168278,91340.8181771157,670.5,4050.04,23684.9,23684.9,23684.9,0.399886,0.399886
84|6,9.6,13006,7,6,0.5347878003168278,91340.8181771157,670.5,956.426,3124.21,3124.21,3124.21,1.46444,1.46444
84|6,48,4250,8,6,0.5347878003168278,91340.8181771157,670.5,692.545,857.005,857.005,857.005,0.545804,0.545804
84|4,0.000064,74113,1,4,0.5347878003168278,91340.8181771157,670.5,72987.9,72987.9,72987.9,72987.9,0.0486626,0.0486626
84|4,0.00032,84517,2,4,0.5347878003168278,91340.8181771157,670.5,84763.4,84766.5,84766.5,84766.5,-0.00964207,-0.00964207
84|4,0.0016,82608,3,4,0.5347878003168278,91340.8181771157,670.5,88987.2,89026.4,89026.4,89026.4,-0.238791,-0.238791
84|4,0.008,81228,4,4,0.5347878003168278,91340.8181771157,670.5,89890.8,90353.8,90353.8,90353.8,-0.335632,-0.335632
84|4,0.04,77037,5,4,0.5347878003168278,91340.8181771157,670.5,84661.8,89723,89723,89723,-0.469122,-0.469122
84|4,0.2,64814,6,4,0.5347878003168278,91340.8181771157,670.5,49736.1,81687.1,81687.1,81687.1,-0.670664,-0.670664
84|4,1,39177,7,4,0.5347878003168278,91340.8181771157,670.5,8783.38,41489.6,41489.6,41489.6,-0.146939,-0.146939
84|4,5,12834,8,4,0.5347878003168278,91340.8181771157,670.5,1325.64,6068.12,6068.12,6068.12,0.909672,0.909672
84|3,0.000064,75994,1,3,0.5347878003168278,91340.8181771157,670.5,71393.8,71393.8,71393.8,71393.8,0.202237,0.202237
84|3,0.00032,82778,2,3,0.5347878003168278,91340.8181771157,670.5,83169.4,83172.4,83172.4,83172.4,-0.0154638,-0.0154638
84|3,0.0016,84235,3,3,0.5347878003168278,91340.8181771157,670.5,87393.9,87432.4,87432.4,87432.4,-0.120632,-0.120632
84|3,0.008,86421,4,3,0.5347878003168278,91340.8181771157,670.5,88306,88760.7,88760.7,88760.7,-0.0872491,-0.0872491
84|3,0.04,77403,5,3,0.5347878003168278,91340.8181771157,670.5,83169.9,88141.1,88141.1,88141.1,-0.40261,-0.40261
84|3,0.2,68219,6,3,0.5347878003168278,91340.8181771157,670.5,48850.9,80225.5,80225.5,80225.5,-0.483815,-0.483815
84|3,1,41754,7,3,0.5347878003168278,91340.8181771157,670.5,8629.61,40715.9,40715.9,40715.9,0.06673,0.06673
84|3,5,13774,8,3,0.5347878003168278,91340.8181771157,670.5,1311.22,5949.16,5949.16,5949.16,1.05601,1.05601
84|9,0.0003648,74429,1,9,0.5347878003168278,91340.8181771157,670.5,72984.4,72984.2,72984.2,72984.2,0.0624949,0.0624949
84|9,0.001824,81503,2,9,0.5347878003168278,91340.8181771157,670.5,84715.6,84715.5,84715.5,84715.5,-0.124188,-0.124188
84|9,0.00912,79111,3,9,0.5347878003168278,91340.8181771157,670.5,88403.9,88403.9,88403.9,88403.9,-0.34762,-0.34762
84|9,0.0456,74577,4,9,0.5347878003168278,91340.8181771157,670.5,83485.3,83485.3,83485.3,83485.3,-0.34825,-0.34825
84|9,0.228,48083,5,9,0.5347878003168278,91340.8181771157,670.5,46031.9,46031.8,46031.8,46031.8,0.12207,0.12207
84|9,1.14,14006,6,9,0.5347878003168278,91340.8181771157,670.5,7772.54,7772.52,7772.52,7772.52,0.795377,0.795377
84|9,5.7,1510,7,9,0.5347878003168278,91340.8181771157,670.5,1295.18,1295.18,1295.18,1295.18,0.0339944,0.0339944
84|9,28.5,600,8,9,0.5347878003168278,91340.8181771157,670.5,717.67,717.67,717.67,717.67,-0.0190285,-0.0190285
84|10,0.0003648,68673,1,10,0.5347878003168278,91340.8181771157,670.5,71390.4,71390.1,71390.1,71390.1,-0.119457,-0.119457
84|10,0.001824,77369,2,10,0.5347878003168278,91340.8181771157,670.5,83122.5,83122.4,83122.4,83122.4,-0.225667,-0.225667
84|10,0.00912,78012,3,10,0.5347878003168278,91340.8181771157,670.5,86821.1,86821.1,86821.1,86821.1,-0.33416,-0.33416
84|10,0.0456,65967,4,10,0.5347878003168278,91340.8181771157,670.5,82014.3,82014.3,82014.3,82014.3,-0.635902,-0.635902
84|10,0.228,47827,5,10,0.5347878003168278,91340.8181771157,670.5,45226.2,45226.1,45226.1,45226.1,0.156547,0.156547
84|10,1.14,13678,6,10,0.5347878003168278,91340.8181771157,670.5,7644.43,7644.41,7644.41,7644.41,0.772832,0.772832
84|10,5.7,1798,7,10,0.5347878003168278,91340.8181771157,670.5,1283.36,1283.36,1283.36,1283.36,0.0814765,0.0814765
84|10,28.5,586,8,10,0.5347878003168278,91340.8181771157,670.5,716.652,716.652,716.652,716.652,-0.0211287,-0.0211287
84|7,0.0000768,69948,1,7,0.5347878003168278,91340.8181771157,670.5,73752,73751.7,73751.7,73751.7,-0.163256,-0.163256
84|7,0.000384,87626,2,7,0.5347878003168278,91340.8181771157,670.5,85526.4,85526.3,85526.3,85526.3,0.0805769,0.0805769
84|7,0.00192,79963,3,7,0.5347878003168278,91340.8181771157,670.5,89736.7,89736.6,89736.6,89736.6,-0.361382,-0.361382
84|7,0.0096,76543,4,7,0.5347878003168278,91340.8181771157,670.5,90482.6,90482.6,90482.6,90482.6,-0.512108,-0.512108
84|7,0.048,74241,5,7,0.5347878003168278,91340.8181771157,670.5,83668.1,83668.1,83668.1,83668.1,-0.367915,-0.367915
84|7,0.24,46730,6,7,0.5347878003168278,91340.8181771157,670.5,43973.8,43973.7,43973.7,43973.7,0.168883,0.168883
84|7,1.2,16917,7,7,0.5347878003168278,91340.8181771157,670.5,7015.57,7015.56,7015.56,7015.56,1.29266,1.29266
84|7,6,1596,8,7,0.5347878003168278,91340.8181771157,670.5,1172.92,1172.92,1172.92,1172.92,0.0672572,0.0672572
84|8,0.0000768,70881,1,8,0.5347878003168278,91340.8181771157,670.5,73565,73564.7,73564.7,73564.7,-0.115403,-0.115403
84|8,0.000384,79033,2,8,0.5347878003168278,91340.8181771157,670.5,85339.4,85339.3,85339.3,85339.3,-0.242413,-0.242413
84|8,0.00192,84181,3,8,0.5347878003168278,91340.8181771157,670.5,89549.8,89549.8,89549.8,89549.8,-0.198833,-0.198833
84|8,0.0096,79555,4,8,0.5347878003168278,91340.8181771157,670.5,90297,90297,90297,90297,-0.395268,-0.395268
84|8,0.048,69015,5,8,0.5347878003168278,91340.8181771157,670.5,83496.6,83496.6,83496.6,83496.6,-0.566067,-0.566067
84|8,0.24,49350,6,8,0.5347878003168278,91340.8181771157,670.5,43882.9,43882.8,43882.8,43882.8,0.335419,0.335419
84|8,1.2,14789,7,8,0.5347878003168278,91340.8181771157,670.5,7001.59,7001.58,7001.58,7001.58,1.0171,1.0171
84|8,6,1804,8,8,0.5347878003168278,91340.8181771157,670.5,1171.63,1171.63,1171.63,1171.63,0.100532,0.100532
84|12,0.0003712,63850,1,12,0.5347878003168278,91340.8181771157,670.5,55241.1,55242.4,55242.4,55242.4,0.45395,0.45395
84|12,0.001856,63754,2,12,0.5347878003168278,91340.8181771157,670.5,66981.2,67006.6,67006.6,67006.6,-0.14976,-0.14976
84|12,0.00928,61492,3,12,0.5347878003168278,91340.8181771157,670.5,70772.3,71088.6,71088.6,71088.6,-0.423224,-0.423224
84|12,0.0464,55297,4,12,0.5347878003168278,91340.8181771157,670.5,66973.1,70372.3,70372.3,70372.3,-0.669801,-0.669801
84|12,0.2319999999999999,41168,5,12,0.5347878003168278,91340.8181771157,670.5,36584.7,52642.3,52642.3,52642.3,-0.625226,-0.625226
84|12,1.16,15633,6,12,0.5347878003168278,91340.8181771157,670.5,6209.37,13494.7,13494.7,13494.7,0.232976,0.232976
84|12,5.8,1442,7,12,0.5347878003168278,91340.8181771157,670.5,1150.78,1906.84,1906.84,1906.84,-0.0719281,-0.0719281
84|12,29,668,8,12,0.5347878003168278,91340.8181771157,670.5,705.428,759.877,759.877,759.877,-0.0148338,-0.0148338
84|11,0.0003712,69151,1,11,0.5347878003168278,91340.8181771157,670.5,67048,67049.9,67049.9,67049.9,0.0966975,0.0966975
84|11,0.001856,78893,2,11,0.5347878003168278,91340.8181771157,670.5,78781.4,78811.4,78811.4,78811.4,0.00333068,0.00333068
84|11,0.00928,82686,3,11,0.5347878003168278,91340.8181771157,670.5,82493.8,82863.2,82863.2,82863.2,-0.00696659,-0.00696659
84|11,0.0464,67678,4,11,0.5347878003168278,91340.8181771157,670.5,77846.6,81803.5,81803.5,81803.5,-0.560845,-0.560845
84|11,0.2319999999999999,52077,5,11,0.5347878003168278,91340.8181771157,670.5,42474.5,61165.6,61165.6,61165.6,-0.446624,-0.446624
84|11,1.16,21332,6,11,0.5347878003168278,91340.8181771157,670.5,7135.35,15638.9,15638.9,15638.9,0.588093,0.588093
84|11,5.8,1872,7,11,0.5347878003168278,91340.8181771157,670.5,1236.06,2126.68,2126.68,2126.68,-0.0390965,-0.0390965
84|11,29,564,8,11,0.5347878003168278,91340.8181771157,670.5,712.769,778.999,778.999,778.999,-0.0346872,-0.0346872
1042|8,0.0016767999999999,72142,1,8,0.3398073980410138,86507.6699423963,697.25,75501.7,75526.3,75526.3,75526.3,-0.142705,-0.142705
1042|8,0.0083839999999999,73484,2,8,0.3398073980410138,86507.6699423963,697.25,82295.1,82607.5,82607.5,82607.5,-0.359554,-0.359554
1042|8,0.04192,70719,3,8,0.3398073980410138,86507.6699423963,697.25,79632.4,83076.8,83076.8,83076.8,-0.484917,-0.484917
1042|8,0.2096,53892,4,8,0.3398073980410138,86507.6699423963,697.25,46707,64795.1,64795.1,64795.1,-0.514293,-0.514293
1042|8,1.048,23686,5,8,0.3398073980410138,86507.6699423963,697.25,8435.41,18086.7,18086.7,18086.7,0.546049,0.546049
1042|8,5.24,2550,6,8,0.3398073980410138,86507.6699423963,697.25,1412.22,2506.04,2506.04,2506.04,0.00665837,0.00665837
1042|8,26.2,636,7,8,0.3398073980410138,86507.6699423963,697.25,757.86,851,851,851,-0.0345931,-0.0345931
1042|8,131,646,8,8,0.3398073980410138,86507.6699423963,697.25,702.899,710.175,710.175,710.175,-0.0103808,-0.0103808
1042|7,0.0016767999999999,71919,1,7,0.3398073980410138,86507.6699423963,697.25,75617,75641.6,75641.6,75641.6,-0.156793,-0.156793
1042|7,0.0083839999999999,77373,2,7,0.3398073980410138,86507.6699423963,697.25,82409.7,82722.6,82722.6,82722.6,-0.210602,-0.210602
1042|7,0.04192,72552,3,7,0.3398073980410138,86507.6699423963,697.25,79739.9,83189,83189,83189,-0.416961,-0.416961
1042|7,0.2096,57582,4,7,0.3398073980410138,86507.6699423963,697.25,46769,64881.5,64881.5,64881.5,-0.343985,-0.343985
1042|7,1.048,23988,5,7,0.3398073980410138,86507.6699423963,697.25,8445.84,18110.1,18110.1,18110.1,0.572908,0.572908
1042|7,5.24,1698,6,7,0.3398073980410138,86507.6699423963,697.25,1413.19,2508.5,2508.5,2508.5,-0.122737,-0.122737
1042|7,22.3,678,7,7,0.3398073980410138,86507.6699423963,697.25,774.597,893.828,893.828,893.828,-0.0346704,-0.0346704
1042|7,131,706,8,7,0.3398073980410138,86507.6699423963,697.25,702.906,710.193,710.193,710.193,-0.000678284,-0.000678284
1042|6,0.0004351999999999,71021,1,6,0.3398073980410138,86507.6699423963,697.25,75652.1,75655.3,75655.3,75655.3,-0.195168,-0.195168
1042|6,0.0021759999999999,73274,2,6,0.3398073980410138,86507.6699423963,697.25,82857.9,82898,82898,82898,-0.378265,-0.378265
1042|6,0.0108799999999999,77614,3,6,0.3398073980410138,86507.6699423963,697.25,84767,85245.7,85245.7,85245.7,-0.29361,-0.29361
1042|6,0.0543999999999999,74099,4,6,0.3398073980410138,86507.6699423963,697.25,77944.8,82896.9,82896.9,82896.9,-0.345797,-0.345797
1042|6,0.2719999999999999,56265,5,6,0.3398073980410138,86507.6699423963,697.25,38269.8,57859.5,57859.5,57859.5,-0.0814573,-0.0814573
1042|6,1.36,18863,6,6,0.3398073980410138,86507.6699423963,697.25,6006.86,13102.2,13102.2,13102.2,0.634015,0.634015
1042|6,6.8,2218,7,6,0.3398073980410138,86507.6699423963,697.25,1164.76,1884.51,1884.51,1884.51,0.0516458,0.0516458
1042|6,34,670,8,6,0.3398073980410138,86507.6699423963,697.25,734.802,791.95,791.95,791.95,-0.0196653,-0.0196653
1042|5,0.0004351999999999,71127,1,5,0.3398073980410138,86507.6699423963,697.25,75536.8,75539.9,75539.9,75539.9,-0.186057,-0.186057
1042|5,0.0021759999999999,80354,2,5,0.3398073980410138,86507.6699423963,697.25,82742.6,82782.7,82782.7,82782.7,-0.0955597,-0.0955597
1042|5,0.0108799999999999,79323,3,5,0.3398073980410138,86507.6699423963,697.25,84652.7,85130.8,85130.8,85130.8,-0.22367,-0.22367
1042|5,0.0543999999999999,79391,4,5,0.3398073980410138,86507.6699423963,697.25,77840.8,82786.2,82786.2,82786.2,-0.133584,-0.133584
1042|5,0.2719999999999999,54965,5,5,0.3398073980410138,86507.6699423963,697.25,38219.2,57782.6,57782.6,57782.6,-0.144071,-0.144071
1042|5,1.36,18145,6,5,0.3398073980410138,86507.6699423963,697.25,5999.64,13085.4,13085.4,13085.4,0.557092,0.557092
1042|5,6.8,1850,7,5,0.3398073980410138,86507.6699423963,697.25,1164.11,1882.84,1882.84,1882.84,-0.00508653,-0.00508652
1042|5,34,714,8,5,0.3398073980410138,86507.6699423963,697.25,734.746,791.806,791.806,791.806,-0.0125468,-0.0125468
1042|12,0.0014272,63207,1,12,0.3398073980410138,86507.6699423963,697.25,64212.7,64220.4,64220.4,64220.4,-0.0481055,-0.0481055
1042|12,0.007136,60308,2,12,0.3398073980410138,86507.6699423963,697.25,71159.4,71257.3,71257.3,71257.3,-0.482037,-0.482037
1042|12,0.03568,52653,3,12,0.3398073980410138,86507.6699423963,697.25,70143.1,71230,71230,71230,-0.818074,-0.818074
1042|12,0.1784,38581,4,12,0.3398073980410138,86507.6699423963,697.25,45115.7,50827.5,50827.5,50827.5,-0.683132,-0.683132
1042|12,0.892,14795,5,12,0.3398073980410138,86507.6699423963,697.25,9077.5,11891.4,11891.4,11891.4,0.329869,0.329869
1042|12,4.46,1358,6,12,0.3398073980410138,86507.6699423963,697.25,1487.92,1795.47,1795.47,1795.47,-0.0679685,-0.0679685
1042|12,26.2,678,7,12,0.3398073980410138,86507.6699423963,697.25,749.655,769.958,769.958,769.958,-0.0148413,-0.0148413
1042|12,111.5,622,8,12,0.3398073980410138,86507.6699423963,697.25,703.299,705.295,705.295,705.295,-0.013476,-0.013476
1042|11,0.0014272,69426,1,11,0.3398073980410138,86507.6699423963,697.25,71493.8,71502.3,71502.3,71502.3,-0.0911771,-0.0911771
1042|11,0.007136,69786,2,11,0.3398073980410138,86507.6699423963,697.25,78407.9,78515.8,78515.8,78515.8,-0.35755,-0.35755
1042|11,0.03568,64780,3,11,0.3398073980410138,86507.6699423963,697.25,77031.2,78225.8,78225.8,78225.8,-0.552242,-0.552242
1042|11,0.1784,51077,4,11,0.3398073980410138,86507.6699423963,697.25,49470.8,55742.6,55742.6,55742.6,-0.244542,-0.244542
1042|11,0.892,19557,5,11,0.3398073980410138,86507.6699423963,697.25,9899.07,12988.8,12988.8,12988.8,0.724997,0.724997
1042|11,4.46,1636,6,11,0.3398073980410138,86507.6699423963,697.25,1566.24,1904.3,1904.3,1904.3,-0.0415208,-0.0415208
1042|11,22.3,686,7,11,0.3398073980410138,86507.6699423963,697.25,770.759,799.39,799.39,799.39,-0.0182799,-0.0182799
1042|11,111.5,610,8,11,0.3398073980410138,86507.6699423963,697.25,703.878,706.102,706.102,706.102,-0.0155476,-0.0155476
1042|9,0.0004479999999999,70018,1,9,0.3398073980410138,86507.6699423963,697.25,75180.5,75182.1,75182.1,75182.1,-0.218499,-0.218499
1042|9,0.00224,68995,2,9,0.3398073980410138,86507.6699423963,697.25,82383.9,82403.3,82403.3,82403.3,-0.529415,-0.529415
1042|9,0.0111999999999999,73322,3,9,0.3398073980410138,86507.6699423963,697.25,84264.8,84495.1,84495.1,84495.1,-0.432783,-0.432783
1042|9,0.0559999999999999,64897,4,9,0.3398073980410138,86507.6699423963,697.25,77178,79471.3,79471.3,79471.3,-0.591501,-0.591501
1042|9,0.2799999999999999,46953,5,9,0.3398073980410138,86507.6699423963,697.25,37136.3,44192,44192,44192,0.168641,0.168641
1042|9,1.4,15423,6,9,0.3398073980410138,86507.6699423963,697.25,5762.37,7600.86,7600.86,7600.86,1.00324,1.00324
1042|9,7,1484,7,9,0.3398073980410138,86507.6699423963,697.25,1142.1,1316.26,1316.26,1316.26,0.0265233,0.0265233
1042|9,35,592,8,9,0.3398073980410138,86507.6699423963,697.25,732.999,746.729,746.729,746.729,-0.024994,-0.024994
1042|10,0.0004479999999999,71249,1,10,0.3398073980410138,86507.6699423963,697.25,74197.2,74198.7,74198.7,74198.7,-0.126036,-0.126036
1042|10,0.00224,76383,2,10,0.3398073980410138,86507.6699423963,697.25,81401.3,81420.5,81420.5,81420.5,-0.200726,-0.200726
1042|10,0.0111999999999999,71091,3,10,0.3398073980410138,86507.6699423963,697.25,83291,83518.5,83518.5,83518.5,-0.485678,-0.485678
1042|10,0.0559999999999999,64036,4,10,0.3398073980410138,86507.6699423963,697.25,76295.6,78562.5,78562.5,78562.5,-0.594701,-0.594701
1042|10,0.2799999999999999,45000,5,10,0.3398073980410138,86507.6699423963,697.25,36715.9,43690.2,43690.2,43690.2,0.08058,0.08058
1042|10,1.4,13696,6,10,0.3398073980410138,86507.6699423963,697.25,5703.35,7520.42,7520.42,7520.42,0.793975,0.793975
1042|10,7,1282,7,10,0.3398073980410138,86507.6699423963,697.25,1136.76,1308.83,1308.83,1308.83,-0.00424347,-0.00424347
1042|10,35,628,8,10,0.3398073980410138,86507.6699423963,697.25,732.541,746.089,746.089,746.089,-0.0190759,-0.0190759
1042|4,0.0010624,73625,1,4,0.3398073980410138,86507.6699423963,697.25,75165.9,75178.3,75178.3,75178.3,-0.065723,-0.065723
1042|4,0.005312,80800,2,4,0.3398073980410138,86507.6699423963,697.25,82197,82354.2,82354.2,82354.2,-0.061395,-0.061395
1042|4,0.02656,78030,3,4,0.3398073980410138,86507.6699423963,697.25,82101.3,83914,83914,83914,-0.229123,-0.229123
1042|4,0.1328,66522,4,4,0.3398073980410138,86507.6699423963,697.25,60371.6,73907.5,73907.5,73907.5,-0.316489,-0.316489
1042|4,0.664,38695,5,4,0.3398073980410138,86507.6699423963,697.25,14879.9,29873.5,29873.5,29873.5,0.67772,0.67772
1042|4,3.32,6000,6,4,0.3398073980410138,86507.6699423963,697.25,2114.1,4293.07,4293.07,4293.07,0.243093,0.243093
1042|4,16.6,662,7,4,0.3398073980410138,86507.6699423963,697.25,817.361,1008.1,1008.1,1008.1,-0.0553591,-0.0553591
1042|4,83,696,8,4,0.3398073980410138,86507.6699423963,697.25,707.541,722.472,722.472,722.472,-0.00428003,-0.00428003
1042|3,0.0010624,72910,1,3,0.3398073980410138,86507.6699423963,697.25,74182.8,74195,74195,74195,-0.0549059,-0.0549059
1042|3,0.005312,82674,2,3,0.3398073980410138,86507.6699423963,697.25,81216.7,81372,81372,81372,0.0519036,0.0519036
1042|3,0.02656,79881,3,3,0.3398073980410138,86507.6699423963,697.25,81152.7,82944.3,82944.3,82944.3,-0.120348,-0.120348
1042|3,0.1328,67396,4,3,0.3398073980410138,86507.6699423963,697.25,59683.1,73062.8,73062.8,73062.8,-0.244918,-0.244918
1042|3,0.664,36552,5,3,0.3398073980410138,86507.6699423963,697.25,14716.3,29536.9,29536.9,29536.9,0.542228,0.542228
1042|3,3.32,5516,6,3,0.3398073980410138,86507.6699423963,697.25,2097.6,4251.17,4251.17,4251.17,0.180382,0.180382
1042|3,16.6,726,7,3,0.3398073980410138,86507.6699423963,697.25,815.928,1004.37,1004.37,1004.37,-0.0445323,-0.0445323
1042|3,83,688,8,3,0.3398073980410138,86507.6699423963,697.25,707.419,722.152,722.152,722.152,-0.00552185,-0.00552185
719|5,0.0006144,90234,1,5,-0.0132145346287523,84456.392834809,701.5,84093.9,84102.6,84102.6,84102.6,0.238344,0.238344
719|5,0.003072,91037,2,5,-0.0132145346287523,84456.392834809,701.5,84224.1,84326.4,84326.4,84326.4,0.26033,0.26033
719|5,0.01536,85896,3,5,-0.0132145346287523,84456.392834809,701.5,83114.7,84293.6,84293.6,84293.6,0.0621808,0.0621808
719|5,0.0768,84081,4,5,-0.0132145346287523,84456.392834809,701.5,71343,82971.6,82971.6,82971.6,0.0435732,0.0435732
719|5,0.384,66810,5,5,-0.0132145346287523,84456.392834809,701.5,27121.2,69909.7,69909.7,69909.7,-0.138386,-0.138386
719|5,1.92,28534,6,5,-0.0132145346287523,84456.392834809,701.5,3876.16,24918.8,24918.8,24918.8,0.304942,0.304942
719|5,9.6,4934,7,5,-0.0132145346287523,84456.392834809,701.5,983.313,3514.88,3514.88,3514.88,0.207493,0.207493
719|5,48,870,8,5,-0.0132145346287523,84456.392834809,701.5,726.517,949.898,949.898,949.898,-0.0128077,-0.0128077
719|6,0.0006144,90599,1,6,-0.0132145346287523,84456.392834809,701.5,84097.7,84106.4,84106.4,84106.4,0.252379,0.252379
719|6,0.003072,100276,2,6,-0.0132145346287523,84456.392834809,701.5,84227.8,84330.1,84330.1,84330.1,0.618582,0.618582
719|6,0.01536,89109,3,6,-0.0132145346287523,84456.392834809,701.5,83118.3,84297.3,84297.3,84297.3,0.186712,0.186712
719|6,0.0768,84595,4,6,-0.0132145346287523,84456.392834809,701.5,71346.1,82975.3,82975.3,82975.3,0.0636165,0.0636165
719|6,0.384,66428,5,6,-0.0132145346287523,84456.392834809,701.5,27122.4,69912.8,69912.8,69912.8,-0.155573,-0.155573
719|6,1.92,28310,6,6,-0.0132145346287523,84456.392834809,701.5,3876.3,24919.9,24919.9,24919.9,0.285951,0.285951
719|6,9.6,3504,7,6,-0.0132145346287523,84456.392834809,701.5,983.326,3515,3515,3515,-0.00160866,-0.00160866
719|6,48,772,8,6,-0.0132145346287523,84456.392834809,701.5,726.518,949.909,949.909,949.909,-0.0285189,-0.0285189
719|3,0.000064,94588,1,3,-0.0132145346287523,84456.392834809,701.5,84060.2,84060.5,84060.5,84060.5,0.409394,0.409394
719|3,0.00032,87222,2,3,-0.0132145346287523,84456.392834809,701.5,84290.7,84293.9,84293.9,84293.9,0.113625,0.113625
719|3,0.0016,85600,3,3,-0.0132145346287523,84456.392834809,701.5,84337.1,84374.9,84374.9,84374.9,0.0475069,0.0475069
719|3,0.008,88953,4,3,-0.0132145346287523,84456.392834809,701.5,83919.1,84358.9,84358.9,84358.9,0.178169,0.178169
719|3,0.04,78809,5,3,-0.0132145346287523,84456.392834809,701.5,79041.9,83855.1,83855.1,83855.1,-0.196599,-0.196599
719|3,0.2,76136,6,3,-0.0132145346287523,84456.392834809,701.5,47166.4,78357.6,78357.6,78357.6,-0.0911294,-0.0911294
719|3,1,50010,7,3,-0.0132145346287523,84456.392834809,701.5,8765.79,44539.5,44539.5,44539.5,0.332483,0.332483
719|3,5,9930,8,3,-0.0132145346287523,84456.392834809,701.5,1456.51,7884.48,7884.48,7884.48,0.260133,0.260133
719|4,0.000064,96662,1,4,-0.0132145346287523,84456.392834809,701.5,84091.9,84092.1,84092.1,84092.1,0.488676,0.488676
719|4,0.00032,85208,2,4,-0.0132145346287523,84456.392834809,701.5,84322.3,84325.6,84325.6,84325.6,0.0342331,0.0342331
719|4,0.0016,85066,3,4,-0.0132145346287523,84456.392834809,701.5,84368.7,84406.5,84406.5,84406.5,0.025566,0.025566
719|4,0.008,87029,4,4,-0.0132145346287523,84456.392834809,701.5,83950.6,84390.5,84390.5,84390.5,0.102296,0.102296
719|4,0.04,80898,5,4,-0.0132145346287523,84456.392834809,701.5,79071.5,83886.5,83886.5,83886.5,-0.116401,-0.116401
719|4,0.2,71071,6,4,-0.0132145346287523,84456.392834809,701.5,47184,78387,78387,78387,-0.300014,-0.300014
719|4,1,50818,7,4,-0.0132145346287523,84456.392834809,701.5,8768.84,44556.1,44556.1,44556.1,0.380493,0.380493
719|4,5,10376,8,4,-0.0132145346287523,84456.392834809,701.5,1456.8,7887.2,7887.2,7887.2,0.316479,0.316479
719|10,0.0003648,94350,1,10,-0.0132145346287523,84456.392834809,701.5,84056.2,84056.1,84056.1,84056.1,0.400322,0.400322
719|10,0.001824,93025,2,10,-0.0132145346287523,84456.392834809,701.5,84243.2,84243.2,84243.2,84243.2,0.340938,0.340938
719|10,0.00912,89279,3,10,-0.0132145346287523,84456.392834809,701.5,83784.7,83784.7,83784.7,83784.7,0.214202,0.214202
719|10,0.0456,68995,4,10,-0.0132145346287523,84456.392834809,701.5,77944.6,77944.6,77944.6,77944.6,-0.368573,-0.368573
719|10,0.228,32223,5,10,-0.0132145346287523,84456.392834809,701.5,43011,43011.1,43011.1,43011.1,-0.670268,-0.670268
719|10,1.14,4210,6,10,-0.0132145346287523,84456.392834809,701.5,7427.15,7427.17,7427.17,7427.17,-0.414786,-0.414786
719|10,5.7,632,7,10,-0.0132145346287523,84456.392834809,701.5,1322.45,1322.45,1322.45,1322.45,-0.109152,-0.109152
719|10,28.5,612,8,10,-0.0132145346287523,84456.392834809,701.5,755.719,755.72,755.72,755.72,-0.0232076,-0.0232076
719|9,0.0003648,99893,1,9,-0.0132145346287523,84456.392834809,701.5,84087.8,84087.8,84087.8,84087.8,0.614479,0.614479
719|9,0.001824,90396,2,9,-0.0132145346287523,84456.392834809,701.5,84274.8,84274.8,84274.8,84274.8,0.237576,0.237576
719|9,0.00912,87530,3,9,-0.0132145346287523,84456.392834809,701.5,83816.1,83816.1,83816.1,83816.1,0.144749,0.144749
719|9,0.0456,67618,4,9,-0.0132145346287523,84456.392834809,701.5,77973.8,77973.8,77973.8,77973.8,-0.426364,-0.426364
719|9,0.228,32029,5,9,-0.0132145346287523,84456.392834809,701.5,43027,43027.1,43027.1,43027.1,-0.683156,-0.683156
719|9,1.14,4042,6,9,-0.0132145346287523,84456.392834809,701.5,7429.69,7429.71,7429.71,7429.71,-0.436741,-0.436741
719|9,5.7,674,7,9,-0.0132145346287523,84456.392834809,701.5,1322.68,1322.69,1322.69,1322.69,-0.102549,-0.102549
719|9,28.5,644,8,9,-0.0132145346287523,84456.392834809,701.5,755.739,755.74,755.74,755.74,-0.0180436,-0.0180436
719|8,0.0000768,95369,1,8,-0.0132145346287523,84456.392834809,701.5,84103.2,84103.2,84103.2,84103.2,0.437933,0.437933
719|8,0.000384,92759,2,8,-0.0132145346287523,84456.392834809,701.5,84332.7,84332.6,84332.6,84332.6,0.326872,0.326872
719|8,0.00192,84653,3,8,-0.0132145346287523,84456.392834809,701.5,84366.7,84366.7,84366.7,84366.7,0.0111037,0.0111037
719|8,0.0096,85030,4,8,-0.0132145346287523,84456.392834809,701.5,83806.6,83806.6,83806.6,83806.6,0.0476875,0.0476875
719|8,0.048,63826,5,8,-0.0132145346287523,84456.392834809,701.5,77501,77501,77501,77501,-0.565602,-0.565602
719|8,0.24,29936,6,8,-0.0132145346287523,84456.392834809,701.5,41378.9,41378.9,41378.9,41378.9,-0.728261,-0.728261
719|8,1.2,4124,7,8,-0.0132145346287523,84456.392834809,701.5,6955.01,6955.03,6955.03,6955.03,-0.370284,-0.370284
719|8,6,680,8,8,-0.0132145346287523,84456.392834809,701.5,1274.73,1274.73,1274.73,1274.73,-0.0941862,-0.0941862
719|7,0.0000768,96784,1,7,-0.0132145346287523,84456.392834809,701.5,84106.9,84106.9,84106.9,84106.9,0.492777,0.492777
719|7,0.000384,90264,2,7,-0.0132145346287523,84456.392834809,701.5,84336.4,84336.4,84336.4,84336.4,0.229935,0.229935
719|7,0.00192,93457,3,7,-0.0132145346287523,84456.392834809,701.5,84370.4,84370.4,84370.4,84370.4,0.352364,0.352364
719|7,0.0096,84890,4,7,-0.0132145346287523,84456.392834809,701.5,83810.2,83810.2,83810.2,83810.2,0.0420856,0.0420856
719|7,0.048,65169,5,7,-0.0132145346287523,84456.392834809,701.5,77504.4,77504.4,77504.4,77504.4,-0.510179,-0.510179
719|7,0.24,30352,6,7,-0.0132145346287523,84456.392834809,701.5,41380.7,41380.7,41380.7,41380.7,-0.701881,-0.701881
719|7,1.2,4196,7,7,-0.0132145346287523,84456.392834809,701.5,6955.29,6955.31,6955.31,6955.31,-0.3609,-0.3609
719|7,6,676,8,7,-0.0132145346287523,84456.392834809,701.5,1274.75,1274.75,1274.75,1274.75,-0.0948236,-0.0948236
719|12,0.0003712,94222,1,12,-0.0132145346287523,84456.392834809,701.5,83735.5,83724.9,83724.9,83724.9,0.409461,0.409461
719|12,0.001856,91978,2,12,-0.0132145346287523,84456.392834809,701.5,83921.5,83797.8,83797.8,83797.8,0.318872,0.318872
719|12,0.00928,89439,3,12,-0.0132145346287523,84456.392834809,701.5,83450.6,82044.8,82044.8,82044.8,0.292927,0.292927
719|12,0.0464,65541,4,12,-0.0132145346287523,84456.392834809,701.5,77489.2,65364.7,65364.7,65364.7,0.00826551,0.00826551
719|12,0.2319999999999999,22932,5,12,-0.0132145346287523,84456.392834809,701.5,42295.1,19713.1,19713.1,19713.1,0.302664,0.302664
719|12,1.16,1534,6,12,-0.0132145346287523,84456.392834809,701.5,7239.49,2755.43,2755.43,2755.43,-0.183359,-0.183359
719|12,5.8,634,7,12,-0.0132145346287523,84456.392834809,701.5,1303.99,881.891,881.891,881.891,-0.0398389,-0.0398389
719|12,29,568,8,12,-0.0132145346287523,84456.392834809,701.5,754.125,717.825,717.825,717.825,-0.0242283,-0.0242283
719|11,0.0003712,89357,1,11,-0.0132145346287523,84456.392834809,701.5,83969.9,83959.2,83959.2,83959.2,0.210102,0.210102
719|11,0.001856,92891,2,11,-0.0132145346287523,84456.392834809,701.5,84155.7,84031.7,84031.7,84031.7,0.344609,0.344609
719|11,0.00928,86253,3,11,-0.0132145346287523,84456.392834809,701.5,83683.2,82273.5,82273.5,82273.5,0.157318,0.157318
719|11,0.0464,67865,4,11,-0.0132145346287523,84456.392834809,701.5,77705,65546.4,65546.4,65546.4,0.108466,0.108466
719|11,0.2319999999999999,24977,5,11,-0.0132145346287523,84456.392834809,701.5,42412,19766.5,19766.5,19766.5,0.489347,0.489347
719|11,1.16,2348,6,11,-0.0132145346287523,84456.392834809,701.5,7257.87,2761.2,2761.2,2761.2,-0.0620166,-0.0620166
719|11,5.8,638,7,11,-0.0132145346287523,84456.392834809,701.5,1305.69,882.396,882.396,882.396,-0.0392764,-0.0392764
719|11,29,584,8,11,-0.0132145346287523,84456.392834809,701.5,754.271,717.869,717.869,717.869,-0.0216479,-0.0216479
863|7,0.0016767999999999,82319,1,7,0.1648602901107012,82533.8352784979,671,77102.2,77102.1,77102.1,77102.1,0.216609,0.216609
863|7,0.0083839999999999,83542,2,7,0.1648602901107012,82533.8352784979,671,80252.7,80252.7,80252.7,80252.7,0.132511,0.132511
863|7,0.04192,65069,3,7,0.1648602901107012,82533.8352784979,671,76483.3,76483.3,76483.3,76483.3,-0.476803,-0.476803
863|7,0.2096,36554,4,7,0.1648602901107012,82533.8352784979,671,44648.1,44648.1,44648.1,44648.1,-0.491183,-0.491183
863|7,1.048,4884,5,7,0.1648602901107012,82533.8352784979,671,8067.34,8067.36,8067.36,8067.36,-0.402639,-0.402639
863|7,5.24,624,6,7,0.1648602901107012,82533.8352784979,671,1357.73,1357.73,1357.73,1357.73,-0.115842,-0.115842
863|7,26.2,626,7,7,0.1648602901107012,82533.8352784979,671,730.137,730.137,730.137,730.137,-0.0168322,-0.0168322
863|7,131,654,8,7,0.1648602901107012,82533.8352784979,671,676.75,676.75,676.75,676.75,-0.00368463,-0.00368463
863|8,0.0016767999999999,81813,1,8,0.1648602901107012,82533.8352784979,671,77044.9,77044.8,77044.8,77044.8,0.198088,0.198088
863|8,0.0083839999999999,80278,2,8,0.1648602901107012,82533.8352784979,671,80195.8,80195.8,80195.8,80195.8,0.00331456,0.00331456
863|8,0.04192,68381,3,8,0.1648602901107012,82533.8352784979,671,76430,76430,76430,76430,-0.336399,-0.336399
863|8,0.2096,34726,4,8,0.1648602901107012,82533.8352784979,671,44617.3,44617.3,44617.3,44617.3,-0.600507,-0.600507
863|8,1.048,4740,5,8,0.1648602901107012,82533.8352784979,671,8062.16,8062.18,8062.18,8062.18,-0.420262,-0.420262
863|8,5.24,706,6,8,0.1648602901107012,82533.8352784979,671,1357.24,1357.25,1357.25,1357.25,-0.102822,-0.102822
863|8,26.2,686,7,8,0.1648602901107012,82533.8352784979,671,730.095,730.096,730.096,730.096,-0.00712743,-0.00712743
863|8,131,674,8,8,0.1648602901107012,82533.8352784979,671,676.746,676.746,676.746,676.746,-0.000444806,-0.000444806
863|6,0.0004351999999999,84201,1,6,0.1648602901107012,82533.8352784979,671,77138,77138,77138,77138,0.293159,0.293159
863|6,0.0021759999999999,83262,2,6,0.1648602901107012,82533.8352784979,671,80689.2,80689.2,80689.2,80689.2,0.103223,0.103223
863|6,0.0108799999999999,73877,3,6,0.1648602901107012,82533.8352784979,671,81305,81305,81305,81305,-0.2963,-0.2963
863|6,0.0543999999999999,56720,4,6,0.1648602901107012,82533.8352784979,671,74406.5,74406.5,74406.5,74406.5,-0.754137,-0.754137
863|6,0.2719999999999999,26035,5,6,0.1648602901107012,82533.8352784979,671,36535.3,36535.4,36535.4,36535.4,-0.720307,-0.720307
863|6,1.36,1998,6,6,0.1648602901107012,82533.8352784979,671,5763.66,5763.67,5763.67,5763.67,-0.511198,-0.511198
863|6,6.8,596,7,6,0.1648602901107012,82533.8352784979,671,1126.35,1126.35,1126.35,1126.35,-0.0844555,-0.0844555
863|6,34,680,8,6,0.1648602901107012,82533.8352784979,671,709.29,709.29,709.29,709.29,-0.00473801,-0.00473801
863|5,0.0004351999999999,83981,1,5,0.1648602901107012,82533.8352784979,671,77080.7,77080.7,77080.7,77080.7,0.286566,0.286566
863|5,0.0021759999999999,84944,2,5,0.1648602901107012,82533.8352784979,671,80631.9,80631.9,80631.9,80631.9,0.173096,0.173096
863|5,0.0108799999999999,76489,3,5,0.1648602901107012,82533.8352784979,671,81248.2,81248.2,81248.2,81248.2,-0.189944,-0.189944
863|5,0.0543999999999999,61614,4,5,0.1648602901107012,82533.8352784979,671,74354.8,74354.8,74354.8,74354.8,-0.543539,-0.543539
863|5,0.2719999999999999,25403,5,5,0.1648602901107012,82533.8352784979,671,36510.2,36510.2,36510.2,36510.2,-0.762245,-0.762245
863|5,1.36,2262,6,5,0.1648602901107012,82533.8352784979,671,5760.07,5760.09,5760.09,5760.09,-0.474927,-0.474926
863|5,7,652,7,5,0.1648602901107012,82533.8352784979,671,1106.46,1106.46,1106.46,1106.46,-0.0724242,-0.0724242
863|5,34,676,8,5,0.1648602901107012,82533.8352784979,671,709.262,709.262,709.262,709.262,-0.00538055,-0.00538055
863|11,0.0014272,78983,1,11,0.1648602901107012,82533.8352784979,671,75058.4,74983.9,74983.9,74983.9,0.16954,0.16954
863|11,0.007136,77552,2,11,0.1648602901107012,82533.8352784979,671,78317.9,77423.4,77423.4,77423.4,0.00532263,0.00532263
863|11,0.03568,64390,3,11,0.1648602901107012,82533.8352784979,671,75692.5,67090.1,67090.1,67090.1,-0.124211,-0.124211
863|11,0.1784,28760,4,11,0.1648602901107012,82533.8352784979,671,48358.3,25029.4,25029.4,25029.4,0.313994,0.313994
863|11,0.892,3118,5,11,0.1648602901107012,82533.8352784979,671,9667.91,3561.59,3561.59,3561.59,-0.064754,-0.064754
863|11,4.46,660,6,11,0.1648602901107012,82533.8352784979,671,1525.07,926.172,926.172,926.172,-0.0427057,-0.0427057
863|11,22.3,624,7,11,0.1648602901107012,82533.8352784979,671,744.45,693.437,693.437,693.437,-0.011239,-0.011239
863|11,111.5,676,8,11,0.1648602901107012,82533.8352784979,671,677.913,673.749,673.749,673.749,0.000364698,0.000364698
863|12,0.0014272,82748,1,12,0.1648602901107012,82533.8352784979,671,71441.1,71370.2,71370.2,71370.2,0.500319,0.500319
863|12,0.007136,77620,2,12,0.1648602901107012,82533.8352784979,671,74716.8,73863.8,73863.8,73863.8,0.161037,0.161037
863|12,0.03568,62159,3,12,0.1648602901107012,82533.8352784979,671,72270.5,64060.5,64060.5,64060.5,-0.0904248,-0.0904248
863|12,0.1784,27297,4,12,0.1648602901107012,82533.8352784979,671,46194.6,23924.2,23924.2,23924.2,0.290202,0.290202
863|12,0.892,3754,5,12,0.1648602901107012,82533.8352784979,671,9259.74,3430.48,3430.48,3430.48,0.0474402,0.0474402
863|12,4.46,602,6,12,0.1648602901107012,82533.8352784979,671,1486.16,914.578,914.578,914.578,-0.0501731,-0.0501731
863|12,22.3,652,7,12,0.1648602901107012,82533.8352784979,671,741.09,692.443,692.443,692.443,-0.00654629,-0.00654629
863|12,111.5,620,8,12,0.1648602901107012,82533.8352784979,671,677.625,673.663,673.663,673.663,-0.00869249,-0.00869249
863|9,0.0004479999999999,81052,1,9,0.1648602901107012,82533.8352784979,671,76903.6,76890.6,76890.6,76890.6,0.173141,0.173141
863|9,0.00224,80554,2,9,0.1648602901107012,82533.8352784979,671,80452.3,80293.7,80293.7,80293.7,0.0104835,0.0104835
863|9,0.0111999999999999,77564,3,9,0.1648602901107012,82533.8352784979,671,81039.2,79225.2,79225.2,79225.2,-0.0675772,-0.0675772
863|9,0.0559999999999999,56662,4,9,0.1648602901107012,82533.8352784979,671,73868.1,59477.5,59477.5,59477.5,-0.1411,-0.1411
863|9,0.2799999999999999,21150,5,9,0.1648602901107012,82533.8352784979,671,35545.6,15426.2,15426.2,15426.2,0.594322,0.594322
863|9,1.4,1734,6,9,0.1648602901107012,82533.8352784979,671,5542.24,2175.66,2175.66,2175.66,-0.0676813,-0.0676813
863|9,7,666,7,9,0.1648602901107012,82533.8352784979,671,1105.5,800.674,800.674,800.674,-0.0217101,-0.0217101
863|9,35,660,8,9,0.1648602901107012,82533.8352784979,671,707.566,682.52,682.52,682.52,-0.00364658,-0.00364658
863|10,0.0004479999999999,87360,1,10,0.1648602901107012,82533.8352784979,671,76415.1,76402.1,76402.1,76402.1,0.458099,0.458099
863|10,0.00224,83548,2,10,0.1648602901107012,82533.8352784979,671,79964.2,79806.5,79806.5,79806.5,0.151368,0.151368
863|10,0.0111999999999999,78230,3,10,0.1648602901107012,82533.8352784979,671,80555.4,78752.3,78752.3,78752.3,-0.0213422,-0.0213422
863|10,0.0559999999999999,58709,4,10,0.1648602901107012,82533.8352784979,671,73429.7,59125.3,59125.3,59125.3,-0.0209513,-0.0209513
863|10,0.2799999999999999,20498,5,10,0.1648602901107012,82533.8352784979,671,35336.8,15337.9,15337.9,15337.9,0.536952,0.536952
863|10,1.4,2190,6,10,0.1648602901107012,82533.8352784979,671,5512.92,2166.6,2166.6,2166.6,0.00358651,0.00358651
863|10,6.8,652,7,10,0.1648602901107012,82533.8352784979,671,1122.25,805.669,805.669,805.669,-0.0247674,-0.0247674
863|10,35,698,8,10,0.1648602901107012,82533.8352784979,671,707.338,682.452,682.452,682.452,0.00251757,0.00251757
863|3,0.0010624,89013,1,3,0.1648602901107012,82533.8352784979,671,76400.2,76352.2,76352.2,76352.2,0.529552,0.529552
863|3,0.005312,83582,2,3,0.1648602901107012,82533.8352784979,671,79782.8,79201.7,79201.7,79201.7,0.178234,0.178234
863|3,0.02656,75500,3,3,0.1648602901107012,82533.8352784979,671,78487.2,72474.1,72474.1,72474.1,0.131563,0.131563
863|3,0.1328,35636,4,3,0.1648602901107012,82533.8352784979,671,57441.3,33854.4,33854.4,33854.4,0.127723,0.127723
863|3,0.664,5534,5,3,0.1648602901107012,82533.8352784979,671,14163.5,5205.79,5205.79,5205.79,0.0453607,0.0453607
863|3,3.32,752,6,3,0.1648602901107012,82533.8352784979,671,2025.45,1078.4,1078.4,1078.4,-0.052071,-0.052071
863|3,16.6,620,7,3,0.1648602901107012,82533.8352784979,671,787.621,706.343,706.343,706.343,-0.0139687,-0.0139687
863|3,83,590,8,3,0.1648602901107012,82533.8352784979,671,681.449,674.804,674.804,674.804,-0.0137361,-0.0137361
863|4,0.0010624,89205,1,4,0.1648602901107012,82533.8352784979,671,76888.7,76840.3,76840.3,76840.3,0.514704,0.514704
863|4,0.005312,81925,2,4,0.1648602901107012,82533.8352784979,671,80269.8,79685.1,79685.1,79685.1,0.0907212,0.0907212
863|4,0.02656,72696,3,4,0.1648602901107012,82533.8352784979,671,78958.5,72909,72909,72909,-0.00921873,-0.00921873
863|4,0.1328,39789,4,4,0.1648602901107012,82533.8352784979,671,57783.3,34054.3,34054.3,34054.3,0.409734,0.409734
863|4,0.664,7098,5,4,0.1648602901107012,82533.8352784979,671,14244.8,5233.1,5233.1,5233.1,0.25751,0.25751
863|4,3.32,652,6,4,0.1648602901107012,82533.8352784979,671,2033.65,1080.86,1080.86,1080.86,-0.0684105,-0.0684105
863|4,16.6,586,7,4,0.1648602901107012,82533.8352784979,671,788.333,706.555,706.555,706.555,-0.0195033,-0.0195033
863|4,83,700,8,4,0.1648602901107012,82533.8352784979,671,681.51,674.822,674.822,674.822,0.00407819,0.00407819
488|6,0.0006144,96232,1,6,0.0658460478189398,93832.9367488321,687,90883.5,90883.5,90883.5,90883.5,0.195816,0.195816
488|6,0.003072,95307,2,6,0.0658460478189398,93832.9367488321,687,92737.3,92737.3,92737.3,92737.3,0.0926069,0.0926069
488|6,0.01536,103629,3,6,0.0658460478189398,93832.9367488321,687,92124.2,92124.2,92124.2,92124.2,0.416769,0.416769
488|6,0.0768,97373,4,6,0.0658460478189398,93832.9367488321,687,79232.7,79232.7,79232.7,79232.7,0.737903,0.737903
488|6,0.384,87530,5,6,0.0658460478189398,93832.9367488321,687,30062.8,30062.7,30062.7,30062.7,4.39999,4.39999
488|6,1.92,63970,6,6,0.0658460478189398,93832.9367488321,687,4209.17,4209.16,4209.16,4209.16,8.53473,8.53473
488|6,9.6,23620,7,6,0.0658460478189398,93832.9367488321,687,997.485,997.482,997.482,997.482,3.61993,3.61993
488|6,48,5018,8,6,0.0658460478189398,93832.9367488321,687,713.976,713.976,713.976,713.976,0.696107,0.696107
488|5,0.0006144,97119,1,5,0.0658460478189398,93832.9367488321,687,90852.2,90852.2,90852.2,90852.2,0.229496,0.229496
488|5,0.003072,96198,2,5,0.0658460478189398,93832.9367488321,687,92706.1,92706.1,92706.1,92706.1,0.125875,0.125875
488|5,0.01536,101181,3,5,0.0658460478189398,93832.9367488321,687,92093.5,92093.5,92093.5,92093.5,0.329289,0.329289
488|5,0.0768,100658,4,5,0.0658460478189398,93832.9367488321,687,79206.3,79206.3,79206.3,79206.3,0.87282,0.87282
488|5,0.384,92386,5,5,0.0658460478189398,93832.9367488321,687,30052.9,30052.9,30052.9,30052.9,4.77339,4.77339
488|5,1.92,64050,6,5,0.0658460478189398,93832.9367488321,687,4207.99,4207.97,4207.97,4207.97,8.54667,8.54667
488|5,9.6,21984,7,5,0.0658460478189398,93832.9367488321,687,997.38,997.377,997.377,997.377,3.35818,3.35818
488|5,48,4784,8,5,0.0658460478189398,93832.9367488321,687,713.967,713.967,713.967,713.967,0.658263,0.658263
488|4,0.000064,90076,1,4,0.0658460478189398,93832.9367488321,687,90765.9,90765.9,90765.9,90765.9,-0.0252851,-0.0252851
488|4,0.00032,95871,2,4,0.0658460478189398,93832.9367488321,687,92730.5,92730.5,92730.5,92730.5,0.113183,0.113183
488|4,0.0016,100086,3,4,0.0658460478189398,93832.9367488321,687,93400.6,93400.6,93400.6,93400.6,0.239586,0.239586
488|4,0.008,105205,4,4,0.0658460478189398,93832.9367488321,687,93136.7,93136.7,93136.7,93136.7,0.433459,0.433459
488|4,0.04,98822,5,4,0.0658460478189398,93832.9367488321,687,87718.3,87718.4,87718.4,87718.4,0.417867,0.417867
488|4,0.2,88433,6,4,0.0658460478189398,93832.9367488321,687,52195.3,52195.3,52195.3,52195.3,1.9859,1.9859
488|4,1,78354,7,4,0.0658460478189398,93832.9367488321,687,9566.83,9566.8,9566.8,9566.8,8.33015,8.33015
488|4,5,36320,8,4,0.0658460478189398,93832.9367488321,687,1502.8,1502.79,1502.79,1502.79,5.46766,5.46766
488|3,0.000064,94358,1,3,0.0658460478189398,93832.9367488321,687,90499.6,90499.6,90499.6,90499.6,0.141729,0.141729
488|3,0.00032,92993,2,3,0.0658460478189398,93832.9367488321,687,92464.2,92464.2,92464.2,92464.2,0.0191017,0.0191017
488|3,0.0016,99499,3,3,0.0658460478189398,93832.9367488321,687,93134.4,93134.4,93134.4,93134.4,0.228602,0.228602
488|3,0.008,102432,4,3,0.0658460478189398,93832.9367488321,687,92871.8,92871.8,92871.8,92871.8,0.344139,0.344139
488|3,0.04,102826,5,3,0.0658460478189398,93832.9367488321,687,87469,87469.1,87469.1,87469.1,0.579206,0.579206
488|3,0.2,85912,6,3,0.0658460478189398,93832.9367488321,687,52047.4,52047.4,52047.4,52047.4,1.85938,1.85938
488|3,1,75884,7,3,0.0658460478189398,93832.9367488321,687,9541.14,9541.11,9541.11,9541.11,8.04,8.04
488|3,5,33601,8,3,0.0658460478189398,93832.9367488321,687,1500.39,1500.38,1500.38,1500.38,5.04149,5.04149
488|10,0.0003648,81577,1,10,0.0658460478189398,93832.9367488321,687,90495.2,90495.2,90495.2,90495.2,-0.327599,-0.327599
488|10,0.001824,77221,2,10,0.0658460478189398,93832.9367488321,687,92412,92412,92412,92412,-0.548964,-0.548964
488|10,0.00912,73813,3,10,0.0658460478189398,93832.9367488321,687,92523.8,92523.8,92523.8,92523.8,-0.675521,-0.675521
488|10,0.0456,47917,4,10,0.0658460478189398,93832.9367488321,687,86253.5,86253.6,86253.6,86253.6,-1.46161,-1.46161
488|10,0.228,23762,5,10,0.0658460478189398,93832.9367488321,687,47555.6,47555.9,47555.9,47555.9,-1.38657,-1.38657
488|10,1.14,14795,6,10,0.0658460478189398,93832.9367488321,687,8121.16,8121.26,8121.26,8121.26,0.842766,0.842766
488|10,5.7,9720,7,10,0.0658460478189398,93832.9367488321,687,1368.68,1368.69,1368.69,1368.69,1.31799,1.31799
488|10,28.5,5400,8,10,0.0658460478189398,93832.9367488321,687,745.34,745.341,745.341,745.341,0.751923,0.751923
488|9,0.0003648,88000,1,9,0.0658460478189398,93832.9367488321,687,90761.6,90761.6,90761.6,90761.6,-0.10121,-0.10121
488|9,0.001824,81172,2,9,0.0658460478189398,93832.9367488321,687,92678.2,92678.2,92678.2,92678.2,-0.41487,-0.41487
488|9,0.00912,76271,3,9,0.0658460478189398,93832.9367488321,687,92788.3,92788.3,92788.3,92788.3,-0.594996,-0.594996
488|9,0.0456,48779,4,9,0.0658460478189398,93832.9367488321,687,86499.3,86499.4,86499.4,86499.4,-1.43497,-1.43497
488|9,0.228,28900,5,9,0.0658460478189398,93832.9367488321,687,47690.2,47690.5,47690.5,47690.5,-1.09299,-1.09299
488|9,1.14,16823,6,9,0.0658460478189398,93832.9367488321,687,8142.57,8142.66,8142.66,8142.66,1.09547,1.09547
488|9,5.7,9274,7,9,0.0658460478189398,93832.9367488321,687,1370.65,1370.66,1370.66,1370.66,1.2472,1.2472
488|9,28.5,5678,8,9,0.0658460478189398,93832.9367488321,687,745.51,745.511,745.511,745.511,0.796799,0.796799
488|8,0.0000768,96152,1,8,0.0658460478189398,93832.9367488321,687,90862.3,90862.3,90862.3,90862.3,0.1937,0.1937
488|8,0.000384,86213,2,8,0.0658460478189398,93832.9367488321,687,92825.7,92825.7,92825.7,92825.7,-0.238132,-0.238132
488|8,0.00192,94198,3,8,0.0658460478189398,93832.9367488321,687,93482.1,93482.1,93482.1,93482.1,0.0256383,0.0256383
488|8,0.0096,85402,4,8,0.0658460478189398,93832.9367488321,687,93059.8,93059.8,93059.8,93059.8,-0.275224,-0.275224
488|8,0.048,55227,5,8,0.0658460478189398,93832.9367488321,687,86051,86051.1,86051.1,86051.1,-1.17733,-1.17733
488|8,0.24,28203,6,8,0.0658460478189398,93832.9367488321,687,45803.2,45803.5,45803.5,45803.5,-1.0508,-1.0508
488|8,1.2,15833,7,8,0.0658460478189398,93832.9367488321,687,7576.57,7576.65,7576.65,7576.65,1.0597,1.0597
488|8,6,10222,8,8,0.0658460478189398,93832.9367488321,687,1306.7,1306.71,1306.71,1306.71,1.41022,1.41022
488|7,0.0000768,88102,1,7,0.0658460478189398,93832.9367488321,687,90893.5,90893.5,90893.5,90893.5,-0.102192,-0.102192
488|7,0.000384,97131,2,7,0.0658460478189398,93832.9367488321,687,92856.9,92856.9,92856.9,92856.9,0.153873,0.153873
488|7,0.00192,94452,3,7,0.0658460478189398,93832.9367488321,687,93513.3,93513.3,93513.3,93513.3,0.0336076,0.0336076
488|7,0.0096,82610,4,7,0.0658460478189398,93832.9367488321,687,93090.8,93090.8,93090.8,93090.8,-0.376585,-0.376585
488|7,0.048,53340,5,7,0.0658460478189398,93832.9367488321,687,86079.7,86079.8,86079.8,86079.8,-1.25017,-1.25017
488|7,0.24,30010,6,7,0.0658460478189398,93832.9367488321,687,45818.4,45818.7,45818.7,45818.7,-0.943626,-0.943626
488|7,1.2,17535,7,7,0.0658460478189398,93832.9367488321,687,7578.9,7578.99,7578.99,7578.99,1.27776,1.27776
488|7,6,10208,8,7,0.0658460478189398,93832.9367488321,687,1306.92,1306.93,1306.93,1306.93,1.40796,1.40796
488|11,0.0003712,81357,1,11,0.0658460478189398,93832.9367488321,687,89769.5,89769.5,89769.5,89769.5,-0.310965,-0.310965
488|11,0.001856,80376,2,11,0.0658460478189398,93832.9367488321,687,91685.3,91685.3,91685.3,91685.3,-0.411221,-0.411221
488|11,0.00928,77900,3,11,0.0658460478189398,93832.9367488321,687,91785.9,91785.9,91785.9,91785.9,-0.504476,-0.504476
488|11,0.0464,59219,4,11,0.0658460478189398,93832.9367488321,687,85407.8,85407.8,85407.8,85407.8,-1.00607,-1.00607
488|11,0.2319999999999999,31458,5,11,0.0658460478189398,93832.9367488321,687,46577.6,46577.6,46577.6,46577.6,-0.893015,-0.893015
488|11,1.16,7890,6,11,0.0658460478189398,93832.9367488321,687,7884.61,7884.62,7884.62,7884.62,0.000684538,0.000684536
488|11,5.8,2100,7,11,0.0658460478189398,93832.9367488321,687,1345.71,1345.71,1345.71,1345.71,0.119141,0.119141
488|11,29,842,8,11,0.0658460478189398,93832.9367488321,687,743.386,743.386,743.386,743.386,0.0159315,0.0159315
488|12,0.0003712,85678,1,12,0.0658460478189398,93832.9367488321,687,87796.6,87796.6,87796.6,87796.6,-0.0796746,-0.0796746
488|12,0.001856,78320,2,12,0.0658460478189398,93832.9367488321,687,89713.6,89713.6,89713.6,89713.6,-0.421363,-0.421363
488|12,0.00928,75748,3,12,0.0658460478189398,93832.9367488321,687,89827.3,89827.3,89827.3,89827.3,-0.520176,-0.520176
488|12,0.0464,56968,4,12,0.0658460478189398,93832.9367488321,687,83590.8,83590.8,83590.8,83590.8,-1.03975,-1.03975
488|12,0.2319999999999999,26171,5,12,0.0658460478189398,93832.9367488321,687,45593.5,45593.5,45593.5,45593.5,-1.163,-1.163
488|12,1.16,6422,6,12,0.0658460478189398,93832.9367488321,687,7729.88,7729.89,7729.89,7729.89,-0.167096,-0.167096
488|12,5.8,1454,7,12,0.0658460478189398,93832.9367488321,687,1331.46,1331.46,1331.46,1331.46,0.0193652,0.0193652
488|12,29,1264,8,12,0.0658460478189398,93832.9367488321,687,742.159,742.159,742.159,742.159,0.0843093,0.0843093
152|8,0.0016767999999999,93531,1,8,0.1013304134917388,96589.0163845292,695.25,92290.7,92290.8,92290.8,92290.8,0.044865,0.044865
152|8,0.0083839999999999,89173,2,8,0.1013304134917388,96589.0163845292,695.25,94565.2,94565.2,94565.2,94565.2,-0.19137,-0.19137
152|8,0.04192,74809,3,8,0.1013304134917388,96589.0163845292,695.25,89632.5,89632.5,89632.5,89632.5,-0.548597,-0.548597
152|8,0.2096,45160,4,8,0.1013304134917388,96589.0163845292,695.25,52196.2,52196.2,52196.2,52196.2,-0.385592,-0.385592
152|8,1.048,15135,5,8,0.1013304134917388,96589.0163845292,695.25,9356.86,9356.84,9356.84,9356.84,0.703931,0.703931
152|8,5.24,2264,6,8,0.1013304134917388,96589.0163845292,695.25,1500.69,1500.69,1500.69,1500.69,0.119878,0.119878
152|8,26.2,818,7,8,0.1013304134917388,96589.0163845292,695.25,764.825,764.825,764.825,764.825,0.00858363,0.00858363
152|8,131,656,8,8,0.1013304134917388,96589.0163845292,695.25,701.942,701.942,701.942,701.942,-0.00743382,-0.00743382
152|7,0.0016767999999999,91095,1,7,0.1013304134917388,96589.0163845292,695.25,92335.4,92335.4,92335.4,92335.4,-0.0448555,-0.0448555
152|7,0.0083839999999999,90851,2,7,0.1013304134917388,96589.0163845292,695.25,94609.6,94609.6,94609.6,94609.6,-0.133345,-0.133345
152|7,0.04192,78819,3,7,0.1013304134917388,96589.0163845292,695.25,89674.2,89674.1,89674.1,89674.1,-0.401588,-0.401588
152|7,0.2096,44579,4,7,0.1013304134917388,96589.0163845292,695.25,52220.3,52220.2,52220.2,52220.2,-0.418619,-0.418619
152|7,1.048,16869,5,7,0.1013304134917388,96589.0163845292,695.25,9360.9,9360.88,9360.88,9360.88,0.914579,0.914579
152|7,5.24,2542,6,7,0.1013304134917388,96589.0163845292,695.25,1501.07,1501.07,1501.07,1501.07,0.163477,0.163477
152|7,26.2,990,7,7,0.1013304134917388,96589.0163845292,695.25,764.858,764.858,764.858,764.858,0.0363431,0.0363431
152|7,131,662,8,7,0.1013304134917388,96589.0163845292,695.25,701.945,701.945,701.945,701.945,-0.00646343,-0.00646343
152|6,0.0004351999999999,97021,1,6,0.1013304134917388,96589.0163845292,695.25,92378.4,92378.4,92378.4,92378.4,0.167818,0.167818
152|6,0.0021759999999999,93823,2,6,0.1013304134917388,96589.0163845292,695.25,95124.7,95124.7,95124.7,95124.7,-0.0459829,-0.0459829
152|6,0.0108799999999999,90270,3,6,0.1013304134917388,96589.0163845292,695.25,95333.2,95333.2,95333.2,95333.2,-0.178555,-0.178555
152|6,0.0543999999999999,68233,4,6,0.1013304134917388,96589.0163845292,695.25,87086.3,87086.3,87086.3,87086.3,-0.713489,-0.713489
152|6,0.2719999999999999,39599,5,6,0.1013304134917388,96589.0163845292,695.25,42715.1,42715,42715,42715,-0.194435,-0.194435
152|6,1.36,10738,6,6,0.1013304134917388,96589.0163845292,695.25,6672.2,6672.19,6672.19,6672.19,0.536438,0.536438
152|6,6.8,2696,7,6,0.1013304134917388,96589.0163845292,695.25,1232.43,1232.43,1232.43,1232.43,0.232148,0.232148
152|6,34,918,8,6,0.1013304134917388,96589.0163845292,695.25,740.96,740.96,740.96,740.96,0.0286041,0.0286041
152|5,0.0004351999999999,94324,1,5,0.1013304134917388,96589.0163845292,695.25,92333.7,92333.7,92333.7,92333.7,0.0719703,0.0719703
152|5,0.0021759999999999,94458,2,5,0.1013304134917388,96589.0163845292,695.25,95080,95080,95080,95080,-0.0219812,-0.0219812
152|5,0.0108799999999999,93359,3,5,0.1013304134917388,96589.0163845292,695.25,95289,95289,95289,95289,-0.0680848,-0.0680848
152|5,0.0543999999999999,70654,4,5,0.1013304134917388,96589.0163845292,695.25,87046,87046,87046,87046,-0.620565,-0.620565
152|5,0.2719999999999999,40370,5,5,0.1013304134917388,96589.0163845292,695.25,42695.5,42695.4,42695.4,42695.4,-0.145144,-0.145144
152|5,1.36,8986,6,5,0.1013304134917388,96589.0163845292,695.25,6669.41,6669.39,6669.39,6669.39,0.305676,0.305676
152|5,6.8,2416,7,5,0.1013304134917388,96589.0163845292,695.25,1232.17,1232.17,1232.17,1232.17,0.187777,0.187777
152|5,34,924,8,5,0.1013304134917388,96589.0163845292,695.25,740.938,740.938,740.938,740.938,0.0295771,0.0295771
152|12,0.0014272,79697,1,12,0.1013304134917388,96589.0163845292,695.25,87923.8,87923.9,87923.9,87923.9,-0.309045,-0.309045
152|12,0.007136,67002,2,12,0.1013304134917388,96589.0163845292,695.25,90335.4,90335.4,90335.4,90335.4,-0.858304,-0.858304
152|12,0.03568,48627,3,12,0.1013304134917388,96589.0163845292,695.25,86841.7,86841.7,86841.7,86841.7,-1.44935,-1.44935
152|12,0.1784,20494,4,12,0.1013304134917388,96589.0163845292,695.25,55360.7,55360.8,55360.8,55360.8,-1.83613,-1.83613
152|12,0.892,5710,5,12,0.1013304134917388,96589.0163845292,695.25,11008.6,11008.6,11008.6,11008.6,-0.616437,-0.616437
152|12,4.46,1250,6,12,0.1013304134917388,96589.0163845292,695.25,1675.82,1675.82,1675.82,1675.82,-0.0664479,-0.0664479
152|12,22.3,570,7,12,0.1013304134917388,96589.0163845292,695.25,779.89,779.89,779.89,779.89,-0.0338618,-0.0338618
152|12,111.5,678,8,12,0.1013304134917388,96589.0163845292,695.25,703.184,703.184,703.184,703.184,-0.00407473,-0.00407473
152|11,0.0014272,86935,1,11,0.1013304134917388,96589.0163845292,695.25,90745.1,90745.2,90745.2,90745.2,-0.139661,-0.139661
152|11,0.007136,80844,2,11,0.1013304134917388,96589.0163845292,695.25,93144,93144,93144,93144,-0.441753,-0.441753
152|11,0.03568,56954,3,11,0.1013304134917388,96589.0163845292,695.25,89510.7,89510.7,89510.7,89510.7,-1.20615,-1.20615
152|11,0.1784,26467,4,11,0.1013304134917388,96589.0163845292,695.25,57048.2,57048.3,57048.3,57048.3,-1.57759,-1.57759
152|11,0.892,6328,5,11,0.1013304134917388,96589.0163845292,695.25,11326.9,11326.9,11326.9,11326.9,-0.576571,-0.576571
152|11,4.46,1324,6,11,0.1013304134917388,96589.0163845292,695.25,1706.17,1706.17,1706.17,1706.17,-0.0595703,-0.0595703
152|11,22.3,672,7,11,0.1013304134917388,96589.0163845292,695.25,782.511,782.511,782.511,782.511,-0.0178271,-0.0178271
152|11,111.5,632,8,11,0.1013304134917388,96589.0163845292,695.25,703.408,703.408,703.408,703.408,-0.0115537,-0.0115537
152|10,0.0004479999999999,91021,1,10,0.1013304134917388,96589.0163845292,695.25,91814.5,91814.5,91814.5,91814.5,-0.0288209,-0.0288209
152|10,0.00224,88793,2,10,0.1013304134917388,96589.0163845292,695.25,94558,94558,94558,94558,-0.204615,-0.204615
152|10,0.0111999999999999,78376,3,10,0.1013304134917388,96589.0163845292,695.25,94735.3,94735.3,94735.3,94735.3,-0.579775,-0.579775
152|10,0.0559999999999999,50978,4,10,0.1013304134917388,96589.0163845292,695.25,86196,86196,86196,86196,-1.34341,-1.34341
152|10,0.2799999999999999,18817,5,10,0.1013304134917388,96589.0163845292,695.25,41431.8,41431.8,41431.8,41431.8,-1.43814,-1.43814
152|10,1.4,3464,6,10,0.1013304134917388,96589.0163845292,695.25,6394.99,6395,6395,6395,-0.390055,-0.390055
152|10,7,1220,7,10,0.1013304134917388,96589.0163845292,695.25,1206.26,1206.26,1206.26,1206.26,0.00218135,0.00218135
152|10,35,690,8,10,0.1013304134917388,96589.0163845292,695.25,738.761,738.761,738.761,738.761,-0.00787888,-0.00787888
152|9,0.0004479999999999,92933,1,9,0.1013304134917388,96589.0163845292,695.25,92195.5,92195.5,92195.5,92195.5,0.0266996,0.0266996
152|9,0.00224,84649,2,9,0.1013304134917388,96589.0163845292,695.25,94938.7,94938.8,94938.8,94938.8,-0.364055,-0.364055
152|9,0.0111999999999999,78182,3,9,0.1013304134917388,96589.0163845292,695.25,95112.6,95112.6,95112.6,95112.6,-0.598149,-0.598149
152|9,0.0559999999999999,55239,4,9,0.1013304134917388,96589.0163845292,695.25,86537.9,86537.9,86537.9,86537.9,-1.19027,-1.19027
152|9,0.2799999999999999,20004,5,9,0.1013304134917388,96589.0163845292,695.25,41594.7,41594.7,41594.7,41594.7,-1.36969,-1.36969
152|9,1.4,4986,6,9,0.1013304134917388,96589.0163845292,695.25,6417.86,6417.87,6417.87,6417.87,-0.190416,-0.190416
152|9,7,1028,7,9,0.1013304134917388,96589.0163845292,695.25,1208.33,1208.33,1208.33,1208.33,-0.0286291,-0.0286291
152|9,35,722,8,9,0.1013304134917388,96589.0163845292,695.25,738.939,738.939,738.939,738.939,-0.00273695,-0.00273695
152|3,0.0010624,87858,1,3,0.1013304134917388,96589.0163845292,695.25,91796.6,91796.6,91796.6,91796.6,-0.143078,-0.143078
152|3,0.005312,88455,2,3,0.1013304134917388,96589.0163845292,695.25,94343.3,94343.3,94343.3,94343.3,-0.209364,-0.209364
152|3,0.02656,77137,3,3,0.1013304134917388,96589.0163845292,695.25,92300.6,92300.6,92300.6,92300.6,-0.548491,-0.548491
152|3,0.1328,46188,4,3,0.1013304134917388,96589.0163845292,695.25,67407.4,67407.4,67407.4,67407.4,-0.972815,-0.972815
152|3,0.664,17047,5,3,0.1013304134917388,96589.0163845292,695.25,16550.5,16550.5,16550.5,16550.5,0.0501845,0.0501845
152|3,3.32,3062,6,3,0.1013304134917388,96589.0163845292,695.25,2289.53,2289.54,2289.54,2289.54,0.117894,0.117894
152|3,16.6,1382,7,3,0.1013304134917388,96589.0163845292,695.25,833.116,833.116,833.116,833.116,0.0883741,0.0883741
152|3,83,840,8,3,0.1013304134917388,96589.0163845292,695.25,707.617,707.617,707.617,707.617,0.021416,0.021416
152|4,0.0010624,92432,1,4,0.1013304134917388,96589.0163845292,695.25,92177.5,92177.6,92177.6,92177.6,0.00921263,0.00921263
152|4,0.005312,90579,2,4,0.1013304134917388,96589.0163845292,695.25,94723.2,94723.2,94723.2,94723.2,-0.146885,-0.146885
152|4,0.02656,76034,3,4,0.1013304134917388,96589.0163845292,695.25,92668.2,92668.2,92668.2,92668.2,-0.599816,-0.599816
152|4,0.1328,50378,4,4,0.1013304134917388,96589.0163845292,695.25,67674.2,67674.2,67674.2,67674.2,-0.790686,-0.790686
152|4,0.664,19217,5,4,0.1013304134917388,96589.0163845292,695.25,16613.9,16613.9,16613.9,16613.9,0.262702,0.262702
152|4,3.32,3728,6,4,0.1013304134917388,96589.0163845292,695.25,2295.93,2295.93,2295.93,2295.93,0.218513,0.218513
152|4,16.6,1054,7,4,0.1013304134917388,96589.0163845292,695.25,833.671,833.671,833.671,833.671,0.0354737,0.0354737
152|4,83,902,8,4,0.1013304134917388,96589.0163845292,695.25,707.664,707.664,707.664,707.664,0.0314382,0.0314382
847|6,0.0006144,127160,1,6,0.4375455934447559,153378.631132816,737.5,128895,128895,128895,128895,-0.0479074,-0.0479074
847|6,0.003072,130753,2,6,0.4375455934447559,153378.631132816,737.5,145101,145101,145101,145101,-0.358516,-0.358516
847|6,0.01536,115206,3,6,0.4375455934447559,153378.631132816,737.5,148879,148879,148879,148879,-0.823198,-0.823198
847|6,0.0768,93986,4,6,0.4375455934447559,153378.631132816,737.5,129299,129299,129299,129299,-0.97236,-0.97236
847|6,0.384,45894,5,6,0.4375455934447559,153378.631132816,737.5,48818.4,48818.5,48818.5,48818.5,-0.167532,-0.167532
847|6,1.92,27093,6,6,0.4375455934447559,153378.631132816,737.5,6443.33,6443.32,6443.32,6443.32,2.74391,2.74391
847|6,9.6,17839,7,6,0.4375455934447559,153378.631132816,737.5,1223.87,1223.87,1223.87,1223.87,2.63628,2.63628
847|6,48,9360,8,6,0.4375455934447559,153378.631132816,737.5,775.409,775.409,775.409,775.409,1.3852,1.3852
847|3,0.000064,141928,1,3,0.4375455934447559,153378.631132816,737.5,125629,125629,125629,125629,0.45969,0.45969
847|3,0.00032,138654,2,3,0.4375455934447559,153378.631132816,737.5,142010,142010,142010,142010,-0.0853982,-0.0853982
847|3,0.0016,135457,3,3,0.4375455934447559,153378.631132816,737.5,147875,147875,147875,147875,-0.305329,-0.305329
847|3,0.008,145249,4,3,0.4375455934447559,153378.631132816,737.5,149002,149002,149002,149002,-0.0916959,-0.0916959
847|3,0.04,131047,5,3,0.4375455934447559,153378.631132816,737.5,140313,140313,140313,140313,-0.238213,-0.238213
847|3,0.2,70406,6,3,0.4375455934447559,153378.631132816,737.5,82481.3,82481.3,82481.3,82481.3,-0.476441,-0.476441
847|3,1,35020,7,3,0.4375455934447559,153378.631132816,737.5,14366.1,14366.1,14366.1,14366.1,2.20136,2.20136
847|3,5,19157,8,3,0.4375455934447559,153378.631132816,737.5,1868.19,1868.19,1868.19,1868.19,2.67899,2.67899
847|4,0.000064,137164,1,4,0.4375455934447559,153378.631132816,737.5,127847,127847,127847,127847,0.258987,0.258987
847|4,0.00032,143262,2,4,0.4375455934447559,153378.631132816,737.5,144227,144227,144227,144227,-0.0242444,-0.0242444
847|4,0.0016,134282,3,4,0.4375455934447559,153378.631132816,737.5,150091,150091,150091,150091,-0.383819,-0.383819
847|4,0.008,148754,4,4,0.4375455934447559,153378.631132816,737.5,151207,151207,151207,151207,-0.059184,-0.059184
847|4,0.04,120142,5,4,0.4375455934447559,153378.631132816,737.5,142388,142388,142388,142388,-0.56486,-0.56486
847|4,0.2,68131,6,4,0.4375455934447559,153378.631132816,737.5,83712.7,83712.8,83712.8,83712.8,-0.607867,-0.607867
847|4,1,33891,7,4,0.4375455934447559,153378.631132816,737.5,14580.1,14580.1,14580.1,14580.1,2.04728,2.04728
847|4,5,19357,8,4,0.4375455934447559,153378.631132816,737.5,1888.25,1888.25,1888.25,1888.25,2.7049,2.7049
847|10,0.0003648,119901,1,10,0.4375455934447559,153378.631132816,737.5,125623,125623,125623,125623,-0.161386,-0.161386
847|10,0.001824,119010,2,10,0.4375455934447559,153378.631132816,737.5,141929,141929,141929,141929,-0.583543,-0.583543
847|10,0.00912,106506,3,10,0.4375455934447559,153378.631132816,737.5,146903,146903,146903,146903,-0.998886,-0.998886
847|10,0.0456,64608,4,10,0.4375455934447559,153378.631132816,737.5,138358,138358,138358,138358,-1.9186,-1.9186
847|10,0.228,13842,5,10,0.4375455934447559,153378.631132816,737.5,76118,76118.1,76118.1,76118.1,-2.61075,-2.61075
847|10,1.14,918,6,10,0.4375455934447559,153378.631132816,737.5,12569,12568.9,12568.9,12568.9,-1.30016,-1.30016
847|10,5.7,610,7,10,0.4375455934447559,153378.631132816,737.5,1786.27,1786.25,1786.25,1786.25,-0.18281,-0.18281
847|10,28.5,526,8,10,0.4375455934447559,153378.631132816,737.5,818.236,818.234,818.234,818.234,-0.0470782,-0.0470782
847|9,0.0003648,122535,1,9,0.4375455934447559,153378.631132816,737.5,127840,127840,127840,127840,-0.147478,-0.147478
847|9,0.001824,114457,2,9,0.4375455934447559,153378.631132816,737.5,144146,144146,144146,144146,-0.746027,-0.746027
847|9,0.00912,103659,3,9,0.4375455934447559,153378.631132816,737.5,149105,149105,149105,149105,-1.10957,-1.10957
847|9,0.0456,70963,4,9,0.4375455934447559,153378.631132816,737.5,140404,140404,140404,140404,-1.78425,-1.78425
847|9,0.228,15485,5,9,0.4375455934447559,153378.631132816,737.5,77239,77239,77239,77239,-2.56067,-2.56067
847|9,1.14,998,6,9,0.4375455934447559,153378.631132816,737.5,12747.2,12747.1,12747.1,12747.1,-1.30504,-1.30504
847|9,5.7,588,7,9,0.4375455934447559,153378.631132816,737.5,1802.71,1802.7,1802.7,1802.7,-0.188673,-0.188673
847|9,28.5,600,8,9,0.4375455934447559,153378.631132816,737.5,819.651,819.65,819.65,819.65,-0.0353832,-0.0353832
847|7,0.0000768,124621,1,7,0.4375455934447559,153378.631132816,737.5,128909,128910,128910,128910,-0.118385,-0.118385
847|7,0.000384,124263,2,7,0.4375455934447559,153378.631132816,737.5,145288,145288,145288,145288,-0.524799,-0.524799
847|7,0.00192,127505,3,7,0.4375455934447559,153378.631132816,737.5,151129,151129,151129,151129,-0.570193,-0.570193
847|7,0.0096,128418,4,7,0.4375455934447559,153378.631132816,737.5,151981,151981,151981,151981,-0.565989,-0.565989
847|7,0.048,77472,5,7,0.4375455934447559,153378.631132816,737.5,140506,140506,140506,140506,-1.61863,-1.61863
847|7,0.24,19051,6,7,0.4375455934447559,153378.631132816,737.5,73856.5,73856.5,73856.5,73856.5,-2.34978,-2.34978
847|7,1.2,998,7,7,0.4375455934447559,153378.631132816,737.5,11545.6,11545.5,11545.5,11545.5,-1.20939,-1.20939
847|7,6,632,8,7,0.4375455934447559,153378.631132816,737.5,1617.9,1617.89,1617.89,1617.89,-0.154171,-0.154171
847|8,0.0000768,130681,1,8,0.4375455934447559,153378.631132816,737.5,128649,128649,128649,128649,0.0561774,0.0561774
847|8,0.000384,131502,2,8,0.4375455934447559,153378.631132816,737.5,145028,145028,145028,145028,-0.338132,-0.338132
847|8,0.00192,123225,3,8,0.4375455934447559,153378.631132816,737.5,150869,150869,150869,150869,-0.668202,-0.668202
847|8,0.0096,120550,4,8,0.4375455934447559,153378.631132816,737.5,151723,151723,151723,151723,-0.749867,-0.749867
847|8,0.048,74924,5,8,0.4375455934447559,153378.631132816,737.5,140267,140267,140267,140267,-1.68034,-1.68034
847|8,0.24,17541,6,8,0.4375455934447559,153378.631132816,737.5,73730.1,73730.1,73730.1,73730.1,-2.41216,-2.41216
847|8,1.2,1000,7,8,0.4375455934447559,153378.631132816,737.5,11526.1,11526.1,11526.1,11526.1,-1.20757,-1.20757
847|8,6,620,8,8,0.4375455934447559,153378.631132816,737.5,1616.12,1616.11,1616.11,1616.11,-0.155778,-0.155778
847|12,0.0003712,124911,1,12,0.4375455934447559,153378.631132816,737.5,103156,103157,103157,103157,0.720581,0.720581
847|12,0.001856,113518,2,12,0.4375455934447559,153378.631132816,737.5,119474,119474,119474,119474,-0.175099,-0.175099
847|12,0.00928,110811,3,12,0.4375455934447559,153378.631132816,737.5,124571,124571,124571,124571,-0.390822,-0.390822
847|12,0.0464,95553,4,12,0.4375455934447559,153378.631132816,737.5,117382,117382,117382,117382,-0.651159,-0.651159
847|12,0.2319999999999999,71057,5,12,0.4375455934447559,153378.631132816,737.5,63920.2,63920.3,63920.3,63920.3,0.339923,0.339923
847|12,1.16,17709,6,12,0.4375455934447559,153378.631132816,737.5,10521.1,10521.1,10521.1,10521.1,0.847501,0.847501
847|12,5.8,964,7,12,0.4375455934447559,153378.631132816,737.5,1596.7,1596.7,1596.7,1596.7,-0.0990163,-0.0990163
847|12,29,514,8,12,0.4375455934447559,153378.631132816,737.5,802.178,802.178,802.178,802.178,-0.0464529,-0.0464529
847|11,0.0003712,133212,1,11,0.4375455934447559,153378.631132816,737.5,119582,119582,119582,119582,0.40042,0.40042
847|11,0.001856,105958,2,11,0.4375455934447559,153378.631132816,737.5,135890,135890,135890,135890,-0.79057,-0.79057
847|11,0.00928,119951,3,11,0.4375455934447559,153378.631132816,737.5,140878,140878,140878,140878,-0.536172,-0.536172
847|11,0.0464,102632,4,11,0.4375455934447559,153378.631132816,737.5,132509,132509,132509,132509,-0.805992,-0.805992
847|11,0.2319999999999999,66738,5,11,0.4375455934447559,153378.631132816,737.5,72113.9,72113.9,72113.9,72113.9,-0.234597,-0.234597
847|11,1.16,18073,6,11,0.4375455934447559,153378.631132816,737.5,11809.3,11809.3,11809.3,11809.3,0.713148,0.713148
847|11,5.8,1002,7,11,0.4375455934447559,153378.631132816,737.5,1715.35,1715.35,1715.35,1715.35,-0.111154,-0.111154
847|11,29,630,8,11,0.4375455934447559,153378.631132816,737.5,812.39,812.39,812.39,812.39,-0.0293891,-0.0293891
847|5,0.0006144,138978,1,5,0.4375455934447559,153378.631132816,737.5,128635,128635,128635,128635,0.286022,0.286022
847|5,0.003072,131680,2,5,0.4375455934447559,153378.631132816,737.5,144841,144841,144841,144841,-0.329362,-0.329362
847|5,0.01536,120056,3,5,0.4375455934447559,153378.631132816,737.5,148623,148623,148623,148623,-0.699396,-0.699396
847|5,0.0768,103047,4,5,0.4375455934447559,153378.631132816,737.5,129079,129079,129079,129079,-0.717832,-0.717832
847|5,0.384,56782,5,5,0.4375455934447559,153378.631132816,737.5,48736.4,48736.4,48736.4,48736.4,0.461413,0.461413
847|5,1.92,28614,6,5,0.4375455934447559,153378.631132816,737.5,6433.47,6433.46,6433.46,6433.46,2.94823,2.94823
847|5,9.6,20034,7,5,0.4375455934447559,153378.631132816,737.5,1223,1223,1223,1223,2.98479,2.98479
847|5,48,9472,8,5,0.4375455934447559,153378.631132816,737.5,775.334,775.334,775.334,775.334,1.40328,1.40328
1241|8,0.0016767999999999,121770,1,8,0.5225820858006799,165207.750852955,744.25,133597,133597,133597,133597,-0.316868,-0.316868
1241|8,0.0083839999999999,123321,2,8,0.5225820858006799,165207.750852955,744.25,153606,153606,153606,153606,-0.720857,-0.720857
1241|8,0.04192,107730,3,8,0.5225820858006799,165207.750852955,744.25,151075,151075,151075,151075,-1.04649,-1.04649
1241|8,0.2096,71467,4,8,0.5225820858006799,165207.750852955,744.25,88814.1,88813.9,88813.9,88813.9,-0.646573,-0.646573
1241|8,1.048,15643,5,8,0.5225820858006799,165207.750852955,744.25,15555.6,15555.4,15555.4,15555.4,0.00906364,0.00906364
1241|8,5.24,1224,6,8,0.5225820858006799,165207.750852955,744.25,2105.01,2105,2105,2105,-0.135351,-0.135351
1241|8,16.6,688,7,8,0.5225820858006799,165207.750852955,744.25,969.361,969.358,969.358,969.358,-0.045069,-0.045069
1241|8,131,698,8,8,0.5225820858006799,165207.750852955,744.25,753.506,753.506,753.506,753.506,-0.00896381,-0.00896381
1241|7,0.0016767999999999,108612,1,7,0.5225820858006799,165207.750852955,744.25,133928,133928,133928,133928,-0.676882,-0.676882
1241|7,0.0083839999999999,132043,2,7,0.5225820858006799,165207.750852955,744.25,153936,153936,153936,153936,-0.520145,-0.520145
1241|7,0.04192,103837,3,7,0.5225820858006799,165207.750852955,744.25,151384,151384,151384,151384,-1.14594,-1.14594
1241|7,0.2096,67344,4,7,0.5225820858006799,165207.750852955,744.25,88992.5,88992.2,88992.2,88992.2,-0.805643,-0.805643
1241|7,1.048,16545,5,7,0.5225820858006799,165207.750852955,744.25,15585.5,15585.4,15585.4,15585.4,0.0992516,0.0992516
1241|7,5.24,1080,6,7,0.5225820858006799,165207.750852955,744.25,2107.81,2107.79,2107.79,2107.79,-0.157888,-0.157888
1241|7,26.2,630,7,7,0.5225820858006799,165207.750852955,744.25,857.162,857.161,857.161,857.161,-0.0365413,-0.0365413
1241|7,131,742,8,7,0.5225820858006799,165207.750852955,744.25,753.527,753.527,753.527,753.527,-0.00186148,-0.00186148
1241|5,0.0004351999999999,121832,1,5,0.5225820858006799,165207.750852955,744.25,133659,133659,133659,133659,-0.316753,-0.316753
1241|5,0.0021759999999999,140835,2,5,0.5225820858006799,165207.750852955,744.25,154445,154445,154445,154445,-0.322432,-0.322432
1241|5,0.0108799999999999,137897,3,5,0.5225820858006799,165207.750852955,744.25,160637,160637,160637,160637,-0.520829,-0.520829
1241|5,0.0543999999999999,135431,4,5,0.5225820858006799,165207.750852955,744.25,148410,148410,148410,148410,-0.318147,-0.318147
1241|5,0.2719999999999999,82387,5,5,0.5225820858006799,165207.750852955,744.25,72567.1,72566.8,72566.8,72566.8,0.426568,0.426568
1241|5,1.36,13976,6,5,0.5225820858006799,165207.750852955,744.25,10841.8,10841.7,10841.7,10841.7,0.366315,0.366315
1241|5,6.8,886,7,5,0.5225820858006799,165207.750852955,744.25,1617.97,1617.96,1617.96,1617.96,-0.114462,-0.114462
1241|5,34,672,8,5,0.5225820858006799,165207.750852955,744.25,810.067,810.066,810.066,810.066,-0.022249,-0.022249
1241|6,0.0004351999999999,111866,1,6,0.5225820858006799,165207.750852955,744.25,133991,133991,133991,133991,-0.591319,-0.591319
1241|6,0.0021759999999999,142701,2,6,0.5225820858006799,165207.750852955,744.25,154776,154776,154776,154776,-0.285552,-0.285552
1241|6,0.0108799999999999,125759,3,6,0.5225820858006799,165207.750852955,744.25,160965,160965,160965,160965,-0.804947,-0.804947
1241|6,0.0543999999999999,131940,4,6,0.5225820858006799,165207.750852955,744.25,148709,148709,148709,148709,-0.410347,-0.410347
1241|6,0.2719999999999999,82195,5,6,0.5225820858006799,165207.750852955,744.25,72712.5,72712.2,72712.2,72712.2,0.411301,0.411301
1241|6,1.36,13458,6,6,0.5225820858006799,165207.750852955,744.25,10862.5,10862.4,10862.4,10862.4,0.303177,0.303177
1241|6,6.8,1074,7,6,0.5225820858006799,165207.750852955,744.25,1619.86,1619.85,1619.85,1619.85,-0.0853515,-0.0853515
1241|6,34,706,8,6,0.5225820858006799,165207.750852955,744.25,810.229,810.228,810.228,810.228,-0.016796,-0.016796
1241|11,0.0014272,134163,1,11,0.5225820858006799,165207.750852955,744.25,122059,122060,122060,122060,0.349608,0.349608
1241|11,0.007136,125008,2,11,0.5225820858006799,165207.750852955,744.25,142314,142314,142314,142314,-0.439615,-0.439615
1241|11,0.03568,97499,3,11,0.5225820858006799,165207.750852955,744.25,142429,142429,142429,142429,-1.14055,-1.14055
1241|11,0.1784,48649,4,11,0.5225820858006799,165207.750852955,744.25,91793.2,91793.3,91793.3,91793.3,-1.56734,-1.56734
1241|11,0.892,4542,5,11,0.5225820858006799,165207.750852955,744.25,17921.2,17921.3,17921.3,17921.3,-1.30971,-1.30971
1241|11,4.46,750,6,11,0.5225820858006799,165207.750852955,744.25,2356.36,2356.36,2356.36,2356.36,-0.244578,-0.244578
1241|11,22.3,594,7,11,0.5225820858006799,165207.750852955,744.25,877.345,877.345,877.345,877.345,-0.0455445,-0.0455445
1241|11,111.5,630,8,11,0.5225820858006799,165207.750852955,744.25,754.893,754.893,754.893,754.893,-0.0201682,-0.0201682
1241|12,0.0014272,111500,1,12,0.5225820858006799,165207.750852955,744.25,101118,101118,101118,101118,0.349424,0.349424
1241|12,0.007136,107277,2,12,0.5225820858006799,165207.750852955,744.25,121466,121466,121466,121466,-0.411505,-0.411505
1241|12,0.03568,90454,3,12,0.5225820858006799,165207.750852955,744.25,122618,122618,122618,122618,-0.925558,-0.925558
1241|12,0.1784,42485,4,12,0.5225820858006799,165207.750852955,744.25,79267.1,79267.3,79267.3,79267.3,-1.49572,-1.49572
1241|12,0.892,4900,5,12,0.5225820858006799,165207.750852955,744.25,15558.2,15558.2,15558.2,15558.2,-1.10314,-1.10314
1241|12,4.46,576,6,12,0.5225820858006799,165207.750852955,744.25,2131.08,2131.08,2131.08,2131.08,-0.238689,-0.238689
1241|12,22.3,596,7,12,0.5225820858006799,165207.750852955,744.25,857.892,857.892,857.892,857.892,-0.042127,-0.042127
1241|12,111.5,724,8,12,0.5225820858006799,165207.750852955,744.25,753.229,753.229,753.229,753.229,-0.00472024,-0.00472024
1241|9,0.0004479999999999,120464,1,9,0.5225820858006799,165207.750852955,744.25,132635,132635,132635,132635,-0.328066,-0.328066
1241|9,0.00224,125146,2,9,0.5225820858006799,165207.750852955,744.25,153416,153416,153416,153416,-0.673602,-0.673602
1241|9,0.0111999999999999,122270,3,9,0.5225820858006799,165207.750852955,744.25,159555,159555,159555,159555,-0.858971,-0.858971
1241|9,0.0559999999999999,109131,4,9,0.5225820858006799,165207.750852955,744.25,146834,146834,146834,146834,-0.932645,-0.932645
1241|9,0.2799999999999999,54272,5,9,0.5225820858006799,165207.750852955,744.25,70347.8,70347.9,70347.9,70347.9,-0.714437,-0.714437
1241|9,1.4,5582,6,9,0.5225820858006799,165207.750852955,744.25,10369.1,10369.1,10369.1,10369.1,-0.566815,-0.566815
1241|9,7,630,7,9,0.5225820858006799,165207.750852955,744.25,1574.81,1574.81,1574.81,1574.81,-0.147979,-0.147979
1241|9,35,696,8,9,0.5225820858006799,165207.750852955,744.25,806.782,806.782,806.782,806.782,-0.0178545,-0.0178545
1241|10,0.0004479999999999,119437,1,10,0.5225820858006799,165207.750852955,744.25,129806,129806,129806,129806,-0.284597,-0.284597
1241|10,0.00224,128019,2,10,0.5225820858006799,165207.750852955,744.25,150590,150590,150590,150590,-0.54643,-0.54643
1241|10,0.0111999999999999,115226,3,10,0.5225820858006799,165207.750852955,744.25,156754,156754,156754,156754,-0.97141,-0.97141
1241|10,0.0559999999999999,98666,4,10,0.5225820858006799,165207.750852955,744.25,144296,144296,144296,144296,-1.14559,-1.14559
1241|10,0.2799999999999999,43315,5,10,0.5225820858006799,165207.750852955,744.25,69138.7,69138.7,69138.7,69138.7,-1.16228,-1.16228
1241|10,1.4,4672,6,10,0.5225820858006799,165207.750852955,744.25,10199.4,10199.4,10199.4,10199.4,-0.657561,-0.657561
1241|10,7,726,7,10,0.5225820858006799,165207.750852955,744.25,1559.45,1559.45,1559.45,1559.45,-0.130612,-0.130612
1241|10,35,620,8,10,0.5225820858006799,165207.750852955,744.25,805.463,805.463,805.463,805.463,-0.029892,-0.029892
1241|3,0.0010624,130158,1,3,0.5225820858006799,165207.750852955,744.25,129781,129781,129781,129781,0.0103465,0.0103465
1241|3,0.005312,136763,2,3,0.5225820858006799,165207.750852955,744.25,150247,150247,150247,150247,-0.327079,-0.327079
1241|3,0.02656,145073,3,3,0.5225820858006799,165207.750852955,744.25,152715,152715,152715,152715,-0.182811,-0.182811
1241|3,0.1328,129359,4,3,0.5225820858006799,165207.750852955,744.25,112751,112751,112751,112751,0.511996,0.511996
1241|3,0.664,56804,5,3,0.5225820858006799,165207.750852955,744.25,27363.8,27363.8,27363.8,27363.8,2.3688,2.3688
1241|3,3.32,4212,6,3,0.5225820858006799,165207.750852955,744.25,3388.48,3388.48,3388.48,3388.48,0.120932,0.120932
1241|3,26.2,688,7,3,0.5225820858006799,165207.750852955,744.25,854.124,854.125,854.125,854.125,-0.0267261,-0.0267261
1241|3,83,726,8,3,0.5225820858006799,165207.750852955,744.25,761.35,761.35,761.35,761.35,-0.00570704,-0.00570704
1241|4,0.0010624,125943,1,4,0.5225820858006799,165207.750852955,744.25,132609,132609,132609,132609,-0.179709,-0.179709
1241|4,0.005312,138587,2,4,0.5225820858006799,165207.750852955,744.25,153067,153067,153067,153067,-0.345689,-0.345689
1241|4,0.02656,140654,3,4,0.5225820858006799,165207.750852955,744.25,155444,155444,155444,155444,-0.348458,-0.348458
1241|4,0.1328,125268,4,4,0.5225820858006799,165207.750852955,744.25,114731,114731,114731,114731,0.320255,0.320255
1241|4,0.664,58098,5,4,0.5225820858006799,165207.750852955,744.25,27834.4,27834.4,27834.4,27834.4,2.41363,2.41363
1241|4,3.32,3740,6,4,0.5225820858006799,165207.750852955,744.25,3435.94,3435.94,3435.94,3435.94,0.0445779,0.0445779
1241|4,16.6,582,7,4,0.5225820858006799,165207.750852955,744.25,967.869,967.87,967.87,967.87,-0.0618134,-0.0618134
1241|4,83,692,8,4,0.5225820858006799,165207.750852955,744.25,761.703,761.703,761.703,761.703,-0.011253,-0.011253
474|5,0.0006144,132239,1,5,0.2579285029287503,135448.70084699,740.5,122081,123086,123086,123086,0.262567,0.262567
474|5,0.003072,134624,2,5,0.2579285029287503,135448.70084699,740.5,130767,131225,131225,131225,0.0924464,0.0924464
474|5,0.01536,128618,3,5,0.2579285029287503,135448.70084699,740.5,132064,133595,133595,133595,-0.133344,-0.133344
474|5,0.0768,115873,4,5,0.2579285029287503,135448.70084699,740.5,114145,127932,127932,127932,-0.335016,-0.335016
474|5,0.384,72562,5,5,0.2579285029287503,135448.70084699,740.5,43153,81318.5,81318.5,81318.5,-0.34925,-0.34925
474|5,1.92,20404,6,5,0.2579285029287503,135448.70084699,740.5,5798.68,15875.1,15875.1,15875.1,0.465169,0.465169
474|5,9.6,3584,7,5,0.2579285029287503,135448.70084699,740.5,1178.67,2153.04,2153.04,2153.04,0.219465,0.219465
474|5,48,1678,8,5,0.2579285029287503,135448.70084699,740.5,776.446,855.747,855.747,855.747,0.132276,0.132276
474|6,0.0006144,136505,1,6,0.2579285029287503,135448.70084699,740.5,122222,123216,123216,123216,0.380878,0.380878
474|6,0.003072,126395,2,6,0.2579285029287503,135448.70084699,740.5,130908,131355,131355,131355,-0.134786,-0.134786
474|6,0.01536,119521,3,6,0.2579285029287503,135448.70084699,740.5,132202,133724,133724,133724,-0.380238,-0.380238
474|6,0.0768,112647,4,6,0.2579285029287503,135448.70084699,740.5,114263,128055,128055,128055,-0.427711,-0.427711
474|6,0.384,74357,5,6,0.2579285029287503,135448.70084699,740.5,43197.3,81396.4,81396.4,81396.4,-0.28056,-0.28056
474|6,1.92,20760,6,6,0.2579285029287503,135448.70084699,740.5,5804.01,15889.9,15889.9,15889.9,0.500043,0.500043
474|6,9.6,3528,7,6,0.2579285029287503,135448.70084699,740.5,1179.14,2154.44,2154.45,2154.44,0.21065,0.21065
474|6,48,1762,8,6,0.2579285029287503,135448.70084699,740.5,776.486,855.868,855.868,855.868,0.145768,0.145768
474|3,0.000064,140286,1,3,0.2579285029287503,135448.70084699,740.5,120464,121580,121580,121580,0.542068,0.542068
474|3,0.00032,140390,2,3,0.2579285029287503,135448.70084699,740.5,129307,129768,129768,129768,0.291595,0.291595
474|3,0.0016,126011,3,3,0.2579285029287503,135448.70084699,740.5,132450,132714,132714,132714,-0.180603,-0.180603
474|3,0.008,136248,4,3,0.2579285029287503,135448.70084699,740.5,132781,133456,133456,133456,0.074871,0.074871
474|3,0.04,123688,5,3,0.2579285029287503,135448.70084699,740.5,125043,130948,130948,130948,-0.197796,-0.197796
474|3,0.2,100688,6,3,0.2579285029287503,135448.70084699,740.5,73913.6,106605,106605,106605,-0.19089,-0.19089
474|3,1,44295,7,3,0.2579285029287503,135448.70084699,740.5,13143.5,33938.4,33938.4,33938.4,0.741397,0.741397
474|3,5,6292,8,3,0.2579285029287503,135448.70084699,740.5,1824.44,4217.61,4217.61,4217.61,0.29617,0.29617
474|4,0.000064,137562,1,4,0.2579285029287503,135448.70084699,740.5,121661,122689,122689,122689,0.427792,0.427792
474|4,0.00032,134604,2,4,0.2579285029287503,135448.70084699,740.5,130505,130877,130877,130877,0.101604,0.101604
474|4,0.0016,133116,3,4,0.2579285029287503,135448.70084699,740.5,133647,133823,133823,133823,-0.0189038,-0.0189038
474|4,0.008,133348,4,4,0.2579285029287503,135448.70084699,740.5,133972,134562,134562,134562,-0.0323387,-0.0323387
474|4,0.04,121193,5,4,0.2579285029287503,135448.70084699,740.5,126163,132033,132033,132033,-0.293314,-0.293314
474|4,0.2,98200,6,4,0.2579285029287503,135448.70084699,740.5,74578.5,107494,107494,107494,-0.297827,-0.297827
474|4,1,38819,7,4,0.2579285029287503,135448.70084699,740.5,13259,34223.5,34223.5,34223.5,0.327408,0.327408
474|4,5,6826,8,4,0.2579285029287503,135448.70084699,740.5,1835.28,4249.49,4249.49,4249.49,0.367467,0.367467
474|9,0.0003648,135511,1,9,0.2579285029287503,135448.70084699,740.5,121655,122683,122683,122683,0.368995,0.368995
474|9,0.001824,117258,2,9,0.2579285029287503,135448.70084699,740.5,130431,130799,130799,130799,-0.369279,-0.369279
474|9,0.00912,89772,3,9,0.2579285029287503,135448.70084699,740.5,132769,132898,132898,132898,-1.16055,-1.16055
474|9,0.0456,24875,4,9,0.2579285029287503,135448.70084699,740.5,124407,124454,124454,124454,-2.83048,-2.83048
474|9,0.228,1858,5,9,0.2579285029287503,135448.70084699,740.5,68477.7,68504,68504,68504,-3.01984,-3.01984
474|9,1.14,680,6,9,0.2579285029287503,135448.70084699,740.5,11427.8,11438.2,11438.2,11438.2,-1.23712,-1.23712
474|9,5.7,720,7,9,0.2579285029287503,135448.70084699,740.5,1703.91,1706.65,1706.65,1706.65,-0.153788,-0.153788
474|9,28.5,790,8,9,0.2579285029287503,135448.70084699,740.5,818.701,819.357,819.357,819.357,-0.00472908,-0.00472908
474|10,0.0003648,136491,1,10,0.2579285029287503,135448.70084699,740.5,120458,121574,121574,121574,0.43229,0.43229
474|10,0.001824,112487,2,10,0.2579285029287503,135448.70084699,740.5,129234,129691,129691,129691,-0.472531,-0.472531
474|10,0.00912,87404,3,10,0.2579285029287503,135448.70084699,740.5,131580,131797,131797,131797,-1.20301,-1.20301
474|10,0.0456,26053,4,10,0.2579285029287503,135448.70084699,740.5,123301,123432,123432,123432,-2.78691,-2.78691
474|10,0.228,1910,5,10,0.2579285029287503,135448.70084699,740.5,67872.4,67943.8,67943.8,67943.8,-3.01001,-3.01001
474|10,1.14,702,6,10,0.2579285029287503,135448.70084699,740.5,11331.6,11349.1,11349.1,11349.1,-1.22729,-1.22729
474|10,5.7,688,7,10,0.2579285029287503,135448.70084699,740.5,1695.03,1698.43,1698.43,1698.43,-0.157542,-0.157542
474|10,28.5,768,8,10,0.2579285029287503,135448.70084699,740.5,817.936,818.649,818.649,818.649,-0.00815931,-0.00815931
474|8,0.0000768,139337,1,8,0.2579285029287503,135448.70084699,740.5,122095,123090,123090,123090,0.466058,0.466058
474|8,0.000384,129049,2,8,0.2579285029287503,135448.70084699,740.5,130936,131272,131272,131272,-0.0604453,-0.0604453
474|8,0.00192,112244,3,8,0.2579285029287503,135448.70084699,740.5,134059,134156,134156,134156,-0.585029,-0.585029
474|8,0.0096,86461,4,8,0.2579285029287503,135448.70084699,740.5,134153,134173,134173,134173,-1.27372,-1.27372
474|8,0.048,30862,5,8,0.2579285029287503,135448.70084699,740.5,124031,124049,124049,124049,-2.65594,-2.65594
474|8,0.24,2300,6,8,0.2579285029287503,135448.70084699,740.5,65558.7,65605.9,65605.9,65605.9,-2.95957,-2.95957
474|8,1.2,754,7,8,0.2579285029287503,135448.70084699,740.5,10475.4,10500.5,10500.5,10500.5,-1.14983,-1.14983
474|8,6,720,8,8,0.2579285029287503,135448.70084699,740.5,1574.13,1580.95,1580.95,1580.95,-0.134816,-0.134816
474|7,0.0000768,132990,1,7,0.2579285029287503,135448.70084699,740.5,122235,123220,123220,123220,0.28002,0.28002
474|7,0.000384,129527,2,7,0.2579285029287503,135448.70084699,740.5,131077,131402,131402,131402,-0.0509413,-0.0509413
474|7,0.00192,112032,3,7,0.2579285029287503,135448.70084699,740.5,134200,134286,134286,134286,-0.593675,-0.593675
474|7,0.0096,80668,4,7,0.2579285029287503,135448.70084699,740.5,134293,134302,134302,134302,-1.43066,-1.43066
474|7,0.048,30208,5,7,0.2579285029287503,135448.70084699,740.5,124159,124168,124168,124168,-2.67585,-2.67585
474|7,0.24,1942,6,7,0.2579285029287503,135448.70084699,740.5,65627,65669.1,65669.1,65669.1,-2.9772,-2.9772
474|7,1.2,666,7,7,0.2579285029287503,135448.70084699,740.5,10485.9,10510.2,10510.2,10510.2,-1.16105,-1.16105
474|7,6,798,8,7,0.2579285029287503,135448.70084699,740.5,1575.09,1581.85,1581.85,1581.85,-0.122737,-0.122737
474|12,0.0003712,121914,1,12,0.2579285029287503,135448.70084699,740.5,108326,110327,110327,110327,0.36356,0.36356
474|12,0.001856,119881,2,12,0.2579285029287503,135448.70084699,740.5,117107,118228,118228,118228,0.0490277,0.0490277
474|12,0.00928,117603,3,12,0.2579285029287503,135448.70084699,740.5,119512,117848,117848,117848,-0.00728571,-0.00728571
474|12,0.0464,87318,4,12,0.2579285029287503,135448.70084699,740.5,111875,89894.1,89894.1,89894.1,-0.0951207,-0.0951207
474|12,0.2319999999999999,26931,5,12,0.2579285029287503,135448.70084699,740.5,60938.3,23825.5,23825.5,23825.5,0.267734,0.267734
474|12,1.16,1852,6,12,0.2579285029287503,135448.70084699,740.5,10124.2,3110.49,3110.49,3110.49,-0.186592,-0.186592
474|12,5.8,644,7,12,0.2579285029287503,135448.70084699,740.5,1582.57,942.69,942.69,942.69,-0.0478931,-0.0478931
474|12,29,664,8,12,0.2579285029287503,135448.70084699,740.5,808.39,757.531,757.531,757.531,-0.0151023,-0.0151023
474|11,0.0003712,134430,1,11,0.2579285029287503,135448.70084699,740.5,117196,118535,118535,118535,0.470364,0.470364
474|11,0.001856,130150,2,11,0.2579285029287503,135448.70084699,740.5,125972,126415,126415,126415,0.104793,0.104793
474|11,0.00928,116133,3,11,0.2579285029287503,135448.70084699,740.5,128317,125809,125809,125809,-0.272565,-0.272565
474|11,0.0464,92512,4,11,0.2579285029287503,135448.70084699,740.5,120043,95906.6,95906.6,95906.6,-0.119146,-0.119146
474|11,0.2319999999999999,31016,5,11,0.2579285029287503,135448.70084699,740.5,65362.9,25382.3,25382.3,25382.3,0.470887,0.470887
474|11,1.16,1746,6,11,0.2579285029287503,135448.70084699,740.5,10819.8,3271.53,3271.53,3271.53,-0.224927,-0.224927
474|11,5.8,650,7,11,0.2579285029287503,135448.70084699,740.5,1646.64,956.71,956.71,956.71,-0.0491533,-0.0491533
474|11,29,692,8,11,0.2579285029287503,135448.70084699,740.5,813.905,758.732,758.732,758.732,-0.0107745,-0.0107745
1056|8,0.0016767999999999,118740,1,8,0.202279623173055,129543.657097695,713.75,119219,118323,118323,118323,0.0123555,0.0123555
1056|8,0.0083839999999999,113636,2,8,0.202279623173055,129543.657097695,713.75,125298,123367,123367,123367,-0.278605,-0.278605
1056|8,0.04192,84503,3,8,0.202279623173055,129543.657097695,713.75,119785,104198,104198,104198,-0.647123,-0.647123
1056|8,0.2096,42717,4,8,0.202279623173055,129543.657097695,713.75,69855.1,35072.8,35072.8,35072.8,0.537003,0.537003
1056|8,1.048,4102,5,8,0.202279623173055,129543.657097695,713.75,12341.9,4602.12,4602.12,4602.12,-0.0704971,-0.0704971
1056|8,5.24,716,6,8,0.202279623173055,129543.657097695,713.75,1791.76,1054.3,1054.3,1054.3,-0.0540175,-0.0540175
1056|8,26.2,656,7,8,0.202279623173055,129543.657097695,713.75,805.764,743.25,743.25,743.25,-0.0140957,-0.0140957
1056|8,131,828,8,8,0.202279623173055,129543.657097695,713.75,722.115,717.045,717.045,717.045,0.0179431,0.0179431
1056|7,0.0016767999999999,121659,1,7,0.202279623173055,129543.657097695,713.75,119327,118439,118439,118439,0.0953529,0.0953529
1056|7,0.0083839999999999,115654,2,7,0.202279623173055,129543.657097695,713.75,125406,123480,123480,123480,-0.223909,-0.223909
1056|7,0.04192,88699,3,7,0.202279623173055,129543.657097695,713.75,119885,104291,104291,104291,-0.511966,-0.511966
1056|7,0.2096,41994,4,7,0.202279623173055,129543.657097695,713.75,69913.1,35103.8,35103.8,35103.8,0.48379,0.48379
1056|7,1.048,3906,5,7,0.202279623173055,129543.657097695,713.75,12351.7,4605.62,4605.62,4605.62,-0.0986079,-0.0986079
1056|7,5.24,700,6,7,0.202279623173055,129543.657097695,713.75,1792.67,1054.61,1054.61,1054.61,-0.0566208,-0.0566208
1056|7,26.2,682,7,7,0.202279623173055,129543.657097695,713.75,805.842,743.277,743.277,743.277,-0.00989955,-0.00989955
1056|7,131,978,8,7,0.202279623173055,129543.657097695,713.75,722.121,717.047,717.047,717.047,0.0422,0.0422
1056|6,0.0004351999999999,124775,1,6,0.202279623173055,129543.657097695,713.75,119382,118615,118615,118615,0.182183,0.182183
1056|6,0.0021759999999999,126207,2,6,0.202279623173055,129543.657097695,713.75,126090,125623,125623,125623,0.0164618,0.0164618
1056|6,0.0108799999999999,119281,3,6,0.202279623173055,129543.657097695,713.75,127464,124878,124878,124878,-0.158636,-0.158636
1056|6,0.0543999999999999,96692,4,6,0.202279623173055,129543.657097695,713.75,116739,96119.1,96119.1,96119.1,0.0200712,0.0200712
1056|6,0.2719999999999999,31741,5,6,0.202279623173055,129543.657097695,713.75,57147.3,26029.3,26029.3,26029.3,0.471433,0.471433
1056|6,1.36,2592,6,6,0.202279623173055,129543.657097695,713.75,8718.49,3336.22,3336.22,3336.22,-0.109485,-0.109485
1056|6,6.8,696,7,6,0.202279623173055,129543.657097695,713.75,1426.64,938.45,938.45,938.45,-0.0388816,-0.0388816
1056|6,34,792,8,6,0.202279623173055,129543.657097695,713.75,772.62,732.791,732.791,732.791,0.0095693,0.0095693
1056|5,0.0004351999999999,127222,1,5,0.202279623173055,129543.657097695,713.75,119274,118499,118499,118499,0.258187,0.258187
1056|5,0.0021759999999999,128464,2,5,0.202279623173055,129543.657097695,713.75,125982,125508,125508,125508,0.0834448,0.0834448
1056|5,0.0108799999999999,127679,3,5,0.202279623173055,129543.657097695,713.75,127358,124765,124765,124765,0.0826525,0.0826525
1056|5,0.0543999999999999,99273,4,5,0.202279623173055,129543.657097695,713.75,116642,96033.2,96033.2,96033.2,0.113593,0.113593
1056|5,0.2719999999999999,30808,5,5,0.202279623173055,129543.657097695,713.75,57100,26006.5,26006.5,26006.5,0.396481,0.396481
1056|5,1.36,2194,6,5,0.202279623173055,129543.657097695,713.75,8711.74,3333.85,3333.85,3333.85,-0.1677,-0.1677
1056|5,6.8,672,7,5,0.202279623173055,129543.657097695,713.75,1426.03,938.243,938.243,938.243,-0.0426976,-0.0426976
1056|5,34,838,8,5,0.202279623173055,129543.657097695,713.75,772.567,732.773,732.773,732.773,0.0170066,0.0170066
1056|12,0.0014272,103621,1,12,0.202279623173055,129543.657097695,713.75,108661,107123,107123,107123,-0.112526,-0.112526
1056|12,0.007136,90392,2,12,0.202279623173055,129543.657097695,713.75,114944,113913,113913,113913,-0.719047,-0.719047
1056|12,0.03568,45926,3,12,0.202279623173055,129543.657097695,713.75,111592,110783,110783,110783,-2.02822,-2.02822
1056|12,0.1784,8166,4,12,0.202279623173055,129543.657097695,713.75,71295.5,70819.6,70819.6,70819.6,-2.77081,-2.77081
1056|12,0.892,754,5,12,0.202279623173055,129543.657097695,713.75,14029.7,13939.8,13939.8,13939.8,-1.42052,-1.42052
1056|12,4.46,634,6,12,0.202279623173055,129543.657097695,713.75,1975.55,1966.35,1966.35,1966.35,-0.205721,-0.205721
1056|12,22.3,642,7,12,0.202279623173055,129543.657097695,713.75,821.335,820.372,820.372,820.372,-0.0287329,-0.0287329
1056|12,111.5,824,8,12,0.202279623173055,129543.657097695,713.75,723.331,723.208,723.208,723.208,0.0162957,0.0162957
1056|11,0.0014272,105151,1,11,0.202279623173055,129543.657097695,713.75,115474,114439,114439,114439,-0.28288,-0.28288
1056|11,0.007136,95978,2,11,0.202279623173055,129543.657097695,713.75,121727,121196,121196,121196,-0.732712,-0.732712
1056|11,0.03568,58120,3,11,0.202279623173055,129543.657097695,713.75,118037,117705,117705,117705,-1.77338,-1.77338
1056|11,0.1784,10642,4,11,0.202279623173055,129543.657097695,713.75,75370.7,75195.8,75195.8,75195.8,-2.73098,-2.73098
1056|11,0.892,906,5,11,0.202279623173055,129543.657097695,713.75,14798.4,14765.4,14765.4,14765.4,-1.4626,-1.4626
1056|11,4.46,610,6,11,0.202279623173055,129543.657097695,713.75,2048.84,2045.06,2045.06,2045.06,-0.22095,-0.22095
1056|11,22.3,712,7,11,0.202279623173055,129543.657097695,713.75,827.664,827.168,827.168,827.168,-0.018547,-0.018547
1056|11,111.5,888,8,11,0.202279623173055,129543.657097695,713.75,723.872,723.79,723.79,723.79,0.0265485,0.0265485
1056|10,0.0004479999999999,119885,1,10,0.202279623173055,129543.657097695,713.75,118021,117170,117170,117170,0.081093,0.081093
1056|10,0.00224,122847,2,10,0.202279623173055,129543.657097695,713.75,124725,124377,124377,124377,-0.0435096,-0.0435096
1056|10,0.0111999999999999,100100,3,10,0.202279623173055,129543.657097695,713.75,126063,125898,125898,125898,-0.726313,-0.726313
1056|10,0.0559999999999999,61989,4,10,0.202279623173055,129543.657097695,713.75,115001,114905,114905,114905,-1.60628,-1.60628
1056|10,0.2799999999999999,9934,5,10,0.202279623173055,129543.657097695,713.75,55165.6,55119.7,55119.7,55119.7,-2.38664,-2.38664
1056|10,1.4,774,6,10,0.202279623173055,129543.657097695,713.75,8310.84,8300.83,8300.83,8300.83,-0.94547,-0.94547
1056|10,7,638,7,10,0.202279623173055,129543.657097695,713.75,1388.58,1386.68,1386.68,1386.68,-0.118077,-0.118077
1056|10,35,822,8,10,0.202279623173055,129543.657097695,713.75,769.479,769.082,769.082,769.082,0.00854088,0.00854088
1056|9,0.0004479999999999,120198,1,9,0.202279623173055,129543.657097695,713.75,118941,118159,118159,118159,0.0605067,0.0605067
1056|9,0.00224,115424,2,9,0.202279623173055,129543.657097695,713.75,125644,125364,125364,125364,-0.280843,-0.280843
1056|9,0.0111999999999999,104040,3,9,0.202279623173055,129543.657097695,713.75,126974,126877,126877,126877,-0.638815,-0.638815
1056|9,0.0559999999999999,62803,4,9,0.202279623173055,129543.657097695,713.75,115827,115792,115792,115792,-1.5984,-1.5984
1056|9,0.2799999999999999,11416,5,9,0.202279623173055,129543.657097695,713.75,55559,55542.1,55542.1,55542.1,-2.31855,-2.31855
1056|9,1.4,788,6,9,0.202279623173055,129543.657097695,713.75,8366.06,8360.14,8360.14,8360.14,-0.949503,-0.949503
1056|9,7,614,7,9,0.202279623173055,129543.657097695,713.75,1393.57,1392.05,1392.05,1392.05,-0.122684,-0.122684
1056|9,35,832,8,9,0.202279623173055,129543.657097695,713.75,769.908,769.543,769.543,769.543,0.0100803,0.0100803
1056|4,0.0010624,123910,1,4,0.202279623173055,129543.657097695,713.75,118918,118033,118033,118033,0.174503,0.174503
1056|4,0.005312,126950,2,4,0.202279623173055,129543.657097695,713.75,125359,123829,123829,123829,0.0890886,0.0890886
1056|4,0.02656,105914,3,4,0.202279623173055,129543.657097695,713.75,123706,110941,110941,110941,-0.157031,-0.157031
1056|4,0.1328,55539,4,4,0.202279623173055,129543.657097695,713.75,90531.2,46163.9,46163.9,46163.9,0.556915,0.556915
1056|4,0.664,6766,5,4,0.202279623173055,129543.657097695,713.75,22060,6463.84,6463.84,6463.84,0.0401256,0.0401256
1056|4,3.32,686,6,4,0.202279623173055,129543.657097695,713.75,2853.94,1223.9,1223.9,1223.9,-0.0853466,-0.0853466
1056|4,16.6,742,7,4,0.202279623173055,129543.657097695,713.75,896.918,757.536,757.536,757.536,-0.00250856,-0.00250856
1056|4,83,876,8,4,0.202279623173055,129543.657097695,713.75,729.498,718.195,718.195,718.195,0.0255183,0.0255183
1056|3,0.0010624,130132,1,3,0.202279623173055,129543.657097695,713.75,117998,117046,117046,117046,0.391258,0.391258
1056|3,0.005312,127154,2,3,0.202279623173055,129543.657097695,713.75,124441,122854,122854,122854,0.123552,0.123552
1056|3,0.02656,111063,3,3,0.202279623173055,129543.657097695,713.75,122818,110086,110086,110086,0.030701,0.030701
1056|3,0.1328,53602,4,3,0.202279623173055,129543.657097695,713.75,89887,45813.7,45813.7,45813.7,0.464918,0.464918
1056|3,0.664,5384,5,3,0.202279623173055,129543.657097695,713.75,21906.9,6419.54,6419.54,6419.54,-0.137704,-0.137704
1056|3,3.32,738,6,3,0.202279623173055,129543.657097695,713.75,2838.5,1219.95,1219.95,1219.95,-0.0764805,-0.0764805
1056|3,16.6,690,7,3,0.202279623173055,129543.657097695,713.75,895.577,757.197,757.197,757.197,-0.0108503,-0.0108503
1056|3,83,842,8,3,0.202279623173055,129543.657097695,713.75,729.383,718.166,718.166,718.166,0.020025,0.020025
462|6,0.0006144,102350,1,6,0.7318320309318381,159371.165920845,643.5,117733,117747,117747,117747,-0.458112,-0.458112
462|6,0.003072,113884,2,6,0.7318320309318381,159371.165920845,643.5,145426,145616,145616,145616,-0.790534,-0.790534
462|6,0.01536,121365,3,6,0.7318320309318381,159371.165920845,643.5,153293,155639,155639,155639,-0.806656,-0.806656
462|6,0.0768,98102,4,6,0.7318320309318381,159371.165920845,643.5,134204,158092,158092,158092,-1.39304,-1.39304
462|6,0.384,76259,5,6,0.7318320309318381,159371.165920845,643.5,50594.2,149142,149142,149142,-1.77908,-1.77908
462|6,1.92,51729,6,6,0.7318320309318381,159371.165920845,643.5,6522.92,87999.1,87999.1,87999.1,-1.36159,-1.36159
462|6,9.6,27657,7,6,0.7318320309318381,159371.165920845,643.5,1131.28,15046.9,15046.9,15046.9,1.32155,1.32155
462|6,48,13804,8,6,0.7318320309318381,159371.165920845,643.5,678.221,1738.55,1738.55,1738.55,1.87845,1.87845
462|5,0.0006144,100518,1,5,0.7318320309318381,159371.165920845,643.5,117291,117304,117304,117304,-0.500999,-0.500999
462|5,0.003072,130424,2,5,0.7318320309318381,159371.165920845,643.5,144984,145174,145174,145174,-0.368408,-0.368408
462|5,0.01536,129379,3,5,0.7318320309318381,159371.165920845,643.5,152857,155197,155197,155197,-0.609118,-0.609118
462|5,0.0768,104544,4,5,0.7318320309318381,159371.165920845,643.5,133831,157652,157652,157652,-1.23619,-1.23619
462|5,0.384,71521,5,5,0.7318320309318381,159371.165920845,643.5,50454.6,148727,148727,148727,-1.88909,-1.88909
462|5,1.92,57664,6,5,0.7318320309318381,159371.165920845,643.5,6506.14,87749.8,87749.8,87749.8,-1.13192,-1.13192
462|5,9.6,30300,7,5,0.7318320309318381,159371.165920845,643.5,1129.79,15003,15003,15003,1.60488,1.60488
462|5,48,15085,8,5,0.7318320309318381,159371.165920845,643.5,678.094,1734.42,1734.42,1734.42,2.07884,2.07884
462|4,0.000064,104240,1,4,0.7318320309318381,159371.165920845,643.5,115938,115939,115939,115939,-0.352529,-0.352529
462|4,0.00032,128947,2,4,0.7318320309318381,159371.165920845,643.5,143808,143814,143814,143814,-0.37431,-0.37431
462|4,0.0016,136467,3,4,0.7318320309318381,159371.165920845,643.5,153829,153904,153904,153904,-0.414343,-0.414343
462|4,0.008,138746,4,4,0.7318320309318381,159371.165920845,643.5,156265,157148,157148,157148,-0.429523,-0.429523
462|4,0.04,119405,5,4,0.7318320309318381,159371.165920845,643.5,147144,156849,156849,156849,-0.875422,-0.875422
462|4,0.2,86679,6,4,0.7318320309318381,159371.165920845,643.5,85747.7,150246,150246,150246,-1.54195,-1.54195
462|4,1,49742,7,4,0.7318320309318381,159371.165920845,643.5,14454.7,111965,111965,111965,-1.92914,-1.92914
462|4,5,30602,8,4,0.7318320309318381,159371.165920845,643.5,1687.39,27172.6,27172.6,27172.6,0.276933,0.276933
462|3,0.000064,108562,1,3,0.7318320309318381,159371.165920845,643.5,112166,112166,112166,112166,-0.111586,-0.111586
462|3,0.00032,130392,2,3,0.7318320309318381,159371.165920845,643.5,140036,140041,140041,140041,-0.248478,-0.248478
462|3,0.0016,132645,3,3,0.7318320309318381,159371.165920845,643.5,150059,150131,150131,150131,-0.424437,-0.424437
462|3,0.008,136907,4,3,0.7318320309318381,159371.165920845,643.5,152514,153376,153376,153376,-0.392507,-0.392507
462|3,0.04,113528,5,3,0.7318320309318381,159371.165920845,643.5,143613,153085,153085,153085,-0.944285,-0.944285
462|3,0.2,82203,6,3,0.7318320309318381,159371.165920845,643.5,83652.9,146564,146564,146564,-1.59457,-1.59457
462|3,1,54160,7,3,0.7318320309318381,159371.165920845,643.5,14090.8,109032,109032,109032,-1.73827,-1.73827
462|3,5,30876,8,3,0.7318320309318381,159371.165920845,643.5,1653.26,26304.6,26304.6,26304.6,0.375318,0.375318
462|9,0.0003648,110763,1,9,0.7318320309318381,159371.165920845,643.5,115933,115576,115576,115576,-0.145415,-0.145415
462|9,0.001824,99793,2,9,0.7318320309318381,159371.165920845,643.5,143726,138720,138720,138720,-1.01045,-1.01045
462|9,0.00912,104612,3,9,0.7318320309318381,159371.165920845,643.5,152817,107707,107707,107707,-0.0990328,-0.0990328
462|9,0.0456,29106,4,9,0.7318320309318381,159371.165920845,643.5,145092,26531.2,26531.2,26531.2,0.210478,0.210478
462|9,0.228,1898,5,9,0.7318320309318381,159371.165920845,643.5,79764.1,3252.23,3252.23,3252.23,-0.199804,-0.199804
462|9,1.14,602,6,9,0.7318320309318381,159371.165920845,643.5,12961.3,866.184,866.184,866.184,-0.0424825,-0.0424825
462|9,5.7,556,7,9,0.7318320309318381,159371.165920845,643.5,1706.3,662.23,662.23,662.23,-0.0172147,-0.0172147
462|9,28.5,492,8,9,0.7318320309318381,159371.165920845,643.5,718.109,645.721,645.721,645.721,-0.0249264,-0.0249264
462|10,0.0003648,102838,1,10,0.7318320309318381,159371.165920845,643.5,112160,111816,111816,111816,-0.278643,-0.278643
462|10,0.001824,109527,2,10,0.7318320309318381,159371.165920845,643.5,139956,135082,135082,135082,-0.678351,-0.678351
462|10,0.00912,75302,3,10,0.7318320309318381,159371.165920845,643.5,149072,105072,105072,105072,-0.971641,-0.971641
462|10,0.0456,30834,4,10,0.7318320309318381,159371.165920845,643.5,141611,25907.3,25907.3,25907.3,0.407604,0.407604
462|10,0.228,1866,5,10,0.7318320309318381,159371.165920845,643.5,77857.3,3189.39,3189.39,3189.39,-0.195678,-0.195678
462|10,1.14,542,6,10,0.7318320309318381,159371.165920845,643.5,12658.2,860.728,860.728,860.728,-0.051264,-0.051264
462|10,5.7,526,7,10,0.7318320309318381,159371.165920845,643.5,1678.32,661.763,661.763,661.763,-0.022001,-0.022001
462|10,28.5,550,8,10,0.7318320309318381,159371.165920845,643.5,715.7,645.681,645.681,645.681,-0.015515,-0.015515
462|7,0.0000768,94296,1,7,0.7318320309318381,159371.165920845,643.5,117747,117713,117713,117713,-0.696909,-0.696909
462|7,0.000384,117953,2,7,0.7318320309318381,159371.165920845,643.5,145614,145129,145129,145129,-0.678965,-0.678965
462|7,0.00192,127709,3,7,0.7318320309318381,159371.165920845,643.5,155612,149764,149764,149764,-0.536457,-0.536457
462|7,0.0096,104166,4,7,0.7318320309318381,159371.165920845,643.5,157769,108602,108602,108602,-0.140972,-0.140972
462|7,0.048,34555,5,7,0.7318320309318381,159371.165920845,643.5,145847,25161.9,25161.9,25161.9,0.78852,0.78852
462|7,0.24,2124,6,7,0.7318320309318381,159371.165920845,643.5,75987.5,3036.14,3036.14,3036.14,-0.13559,-0.13559
462|7,1.2,604,7,7,0.7318320309318381,159371.165920845,643.5,11483,838.416,838.416,838.416,-0.037735,-0.037735
462|7,6,570,8,7,0.7318320309318381,159371.165920845,643.5,1447.96,657.909,657.909,657.909,-0.0142481,-0.0142481
462|8,0.0000768,101781,1,8,0.7318320309318381,159371.165920845,643.5,117304,117271,117271,117271,-0.46241,-0.46241
462|8,0.000384,127577,2,8,0.7318320309318381,159371.165920845,643.5,145172,144688,144688,144688,-0.42861,-0.42861
462|8,0.00192,127445,3,8,0.7318320309318381,159371.165920845,643.5,155169,149338,149338,149338,-0.533822,-0.533822
462|8,0.0096,110699,4,8,0.7318320309318381,159371.165920845,643.5,157330,108300,108300,108300,0.0764086,0.0764086
462|8,0.048,35462,5,8,0.7318320309318381,159371.165920845,643.5,145441,25093.4,25093.4,25093.4,0.871587,0.871587
462|8,0.24,2200,6,8,0.7318320309318381,159371.165920845,643.5,75772.4,3029.32,3029.32,3029.32,-0.123308,-0.123308
462|8,1.2,518,7,8,0.7318320309318381,159371.165920845,643.5,11449.9,837.824,837.824,837.824,-0.0514847,-0.0514847
462|8,6,538,8,8,0.7318320309318381,159371.165920845,643.5,1444.92,657.858,657.858,657.858,-0.0194264,-0.0194264
462|11,0.0003712,100654,1,11,0.7318320309318381,159371.165920845,643.5,101884,101884,101884,101884,-0.0411561,-0.0411561
462|11,0.001856,107033,2,11,0.7318320309318381,159371.165920845,643.5,129684,129684,129684,129684,-0.62216,-0.62216
462|11,0.00928,111878,3,11,0.7318320309318381,159371.165920845,643.5,138842,138842,138842,138842,-0.699395,-0.699395
462|11,0.0464,96908,4,11,0.7318320309318381,159371.165920845,643.5,131855,131855,131855,131855,-0.946668,-0.946668
462|11,0.2319999999999999,62831,5,11,0.7318320309318381,159371.165920845,643.5,71716.3,71716.2,71716.2,71716.2,-0.389324,-0.389324
462|11,1.16,11954,6,11,0.7318320309318381,159371.165920845,643.5,11561.9,11561.8,11561.8,11561.8,0.0449452,0.0449452
462|11,5.8,712,7,11,0.7318320309318381,159371.165920845,643.5,1577.17,1577.17,1577.17,1577.17,-0.135494,-0.135494
462|11,29,526,8,11,0.7318320309318381,159371.165920845,643.5,707.445,707.445,707.445,707.445,-0.029353,-0.029353
462|12,0.0003712,92444,1,12,0.7318320309318381,159371.165920845,643.5,73942.3,73942.6,73942.6,73942.6,0.792559,0.792559
462|12,0.001856,89758,2,12,0.7318320309318381,159371.165920845,643.5,101758,101758,101758,101758,-0.401849,-0.401849
462|12,0.00928,86511,3,12,0.7318320309318381,159371.165920845,643.5,111102,111102,111102,111102,-0.767226,-0.767226
462|12,0.0464,76016,4,12,0.7318320309318381,159371.165920845,643.5,106122,106122,106122,106122,-0.97478,-0.97478
462|12,0.2319999999999999,48569,5,12,0.7318320309318381,159371.165920845,643.5,57777.9,57777.9,57777.9,57777.9,-0.470903,-0.470903
462|12,1.16,9584,6,12,0.7318320309318381,159371.165920845,643.5,9370.5,9370.48,9370.48,9370.48,0.0260023,0.0260023
462|12,5.8,838,7,12,0.7318320309318381,159371.165920845,643.5,1375.33,1375.33,1375.33,1375.33,-0.0847792,-0.0847792
462|12,29,604,8,12,0.7318320309318381,159371.165920845,643.5,690.072,690.072,690.072,690.072,-0.0139334,-0.0139334
1159|8,0.0016767999999999,99593,1,8,0.581062536914991,156009.173037016,654.75,122970,121674,121674,121674,-0.639471,-0.639471
1159|8,0.0083839999999999,116325,2,8,0.581062536914991,156009.173037016,654.75,143984,143148,143148,143148,-0.677997,-0.677997
1159|8,0.04192,106706,3,8,0.581062536914991,156009.173037016,654.75,142371,137912,137912,137912,-0.814041,-0.814041
1159|8,0.2096,68255,4,8,0.581062536914991,156009.173037016,654.75,83813.1,69166.6,69166.6,69166.6,-0.041016,-0.041016
1159|8,1.048,14589,5,8,0.581062536914991,156009.173037016,654.75,14640.1,10501.6,10501.6,10501.6,0.482187,0.482187
1159|8,5.24,848,6,8,0.581062536914991,156009.173037016,654.75,1937.59,1534.24,1534.24,1534.24,-0.107642,-0.107642
1159|8,26.2,548,7,8,0.581062536914991,156009.173037016,654.75,760.457,727.181,727.181,727.181,-0.0289652,-0.0289652
1159|8,131,584,8,8,0.581062536914991,156009.173037016,654.75,663.351,660.896,660.896,660.896,-0.0124618,-0.0124618
1159|7,0.0016767999999999,101433,1,7,0.581062536914991,156009.173037016,654.75,123317,122034,122034,122034,-0.595154,-0.595154
1159|7,0.0083839999999999,119429,2,7,0.581062536914991,156009.173037016,654.75,144329,143505,143505,143505,-0.607276,-0.607276
1159|7,0.04192,110627,3,7,0.581062536914991,156009.173037016,654.75,142694,138237,138237,138237,-0.718813,-0.718813
1159|7,0.2096,72057,4,7,0.581062536914991,156009.173037016,654.75,83999.5,69326.1,69326.1,69326.1,0.12267,0.12267
1159|7,1.048,16805,5,7,0.581062536914991,156009.173037016,654.75,14671.4,10524.6,10524.6,10524.6,0.740435,0.740435
1159|7,5.24,794,6,7,0.581062536914991,156009.173037016,654.75,1940.51,1536.32,1536.32,1536.32,-0.11643,-0.11643
1159|7,26.2,548,7,7,0.581062536914991,156009.173037016,654.75,760.709,727.36,727.36,727.36,-0.0289939,-0.0289939
1159|7,131,586,8,7,0.581062536914991,156009.173037016,654.75,663.373,660.911,660.911,660.911,-0.0121402,-0.0121402
1159|5,0.0004351999999999,97161,1,5,0.581062536914991,156009.173037016,654.75,123028,121757,121757,121757,-0.711907,-0.711907
1159|5,0.0021759999999999,125765,2,5,0.581062536914991,156009.173037016,654.75,144770,144290,144290,144290,-0.465103,-0.465103
1159|5,0.0108799999999999,136220,3,5,0.581062536914991,156009.173037016,654.75,151384,150619,150619,150619,-0.348538,-0.348538
1159|5,0.0543999999999999,114517,4,5,0.581062536914991,156009.173037016,654.75,140085,133983,133983,133983,-0.520291,-0.520291
1159|5,0.2719999999999999,61943,5,5,0.581062536914991,156009.173037016,654.75,68472.1,54495.8,54495.8,54495.8,0.39641,0.39641
1159|5,1.36,9970,6,5,0.581062536914991,156009.173037016,654.75,10173.6,7292.54,7292.54,7292.54,0.346612,0.346612
1159|5,6.8,728,7,5,0.581062536914991,156009.173037016,654.75,1474.05,1214.87,1214.87,1214.87,-0.0772757,-0.0772758
1159|5,34,602,8,5,0.581062536914991,156009.173037016,654.75,715.426,696.156,696.156,696.156,-0.0152386,-0.0152386
1159|6,0.0004351999999999,95565,1,6,0.581062536914991,156009.173037016,654.75,123374,122117,122117,122117,-0.766655,-0.766655
1159|6,0.0021759999999999,128566,2,6,0.581062536914991,156009.173037016,654.75,145117,144650,144650,144650,-0.402959,-0.402959
1159|6,0.0108799999999999,138726,3,6,0.581062536914991,156009.173037016,654.75,151728,150974,150974,150974,-0.295884,-0.295884
1159|6,0.0543999999999999,118728,4,6,0.581062536914991,156009.173037016,654.75,140398,134294,134294,134294,-0.415232,-0.415232
1159|6,0.2719999999999999,63450,5,6,0.581062536914991,156009.173037016,654.75,68624.2,54621.2,54621.2,54621.2,0.469218,0.469218
1159|6,1.36,9870,6,6,0.581062536914991,156009.173037016,654.75,10195.4,7308.27,7308.27,7308.27,0.331472,0.331472
1159|6,6.8,754,7,6,0.581062536914991,156009.173037016,654.75,1476.02,1216.27,1216.27,1216.27,-0.0733675,-0.0733675
1159|6,34,622,8,6,0.581062536914991,156009.173037016,654.75,715.595,696.276,696.276,696.276,-0.0120211,-0.0120211
1159|11,0.0014272,100576,1,11,0.581062536914991,156009.173037016,654.75,110907,108726,108726,108726,-0.258758,-0.258758
1159|11,0.007136,102398,2,11,0.581062536914991,156009.173037016,654.75,132156,125225,125225,125225,-0.645528,-0.645528
1159|11,0.03568,72564,3,11,0.581062536914991,156009.173037016,654.75,133097,86339.5,86339.5,86339.5,-0.524799,-0.524799
1159|11,0.1784,17511,4,11,0.581062536914991,156009.173037016,654.75,85926.6,17694.4,17694.4,17694.4,-0.0180519,-0.0180519
1159|11,0.892,1002,5,11,0.581062536914991,156009.173037016,654.75,16741.9,2291.96,2291.96,2291.96,-0.196857,-0.196857
1159|11,4.46,496,6,11,0.581062536914991,156009.173037016,654.75,2161.76,794.49,794.49,794.49,-0.0481291,-0.0481291
1159|11,22.3,576,7,11,0.581062536914991,156009.173037016,654.75,778.45,666.924,666.924,666.924,-0.0147318,-0.0147318
1159|11,111.5,544,8,11,0.581062536914991,156009.173037016,654.75,664.514,656.54,656.54,656.54,-0.0182413,-0.0182413
1159|12,0.0014272,84673,1,12,0.581062536914991,156009.173037016,654.75,89013,86085,86085,86085,-0.0539132,-0.0539132
1159|12,0.007136,82237,2,12,0.581062536914991,156009.173037016,654.75,110360,103639,103639,103639,-0.706263,-0.706263
1159|12,0.03568,57156,3,12,0.581062536914991,156009.173037016,654.75,112385,72366.2,72366.2,72366.2,-0.662049,-0.662049
1159|12,0.1784,11396,4,12,0.581062536914991,156009.173037016,654.75,72831.1,14967.8,14967.8,14967.8,-0.37506,-0.37506
1159|12,0.892,752,5,12,0.581062536914991,156009.173037016,654.75,14271.5,2030.13,2030.13,2030.13,-0.196895,-0.196895
1159|12,4.46,502,6,12,0.581062536914991,156009.173037016,654.75,1926.24,771.864,771.864,771.864,-0.0435506,-0.0435506
1159|12,22.3,554,7,12,0.581062536914991,156009.173037016,654.75,758.113,664.988,664.988,664.988,-0.0179839,-0.0179839
1159|12,111.5,626,8,12,0.581062536914991,156009.173037016,654.75,662.774,656.375,656.375,656.375,-0.00492338,-0.00492338
1159|9,0.0004479999999999,95841,1,9,0.581062536914991,156009.173037016,654.75,121957,120563,120563,120563,-0.721415,-0.721415
1159|9,0.00224,110983,2,9,0.581062536914991,156009.173037016,654.75,143695,142054,142054,142054,-0.790503,-0.790503
1159|9,0.0111999999999999,117579,3,9,0.581062536914991,156009.173037016,654.75,150261,136990,136990,136990,-0.509228,-0.509228
1159|9,0.0559999999999999,86107,4,9,0.581062536914991,156009.173037016,654.75,138504,68908.9,68908.9,68908.9,0.775938,0.775938
1159|9,0.2799999999999999,21584,5,9,0.581062536914991,156009.173037016,654.75,66332.3,10487.7,10487.7,10487.7,1.30954,1.30954
1159|9,1.4,1152,6,9,0.581062536914991,156009.173037016,654.75,9721.77,1533.2,1533.2,1533.2,-0.0597969,-0.0597969
1159|9,7,622,7,9,0.581062536914991,156009.173037016,654.75,1432.97,727.069,727.069,727.069,-0.0169848,-0.0169848
1159|9,35,558,8,9,0.581062536914991,156009.173037016,654.75,712.342,660.881,660.881,660.881,-0.0166728,-0.0166728
1159|10,0.0004479999999999,85632,1,10,0.581062536914991,156009.173037016,654.75,119000,117495,117495,117495,-0.949713,-0.949713
1159|10,0.00224,112052,2,10,0.581062536914991,156009.173037016,654.75,140741,139011,139011,139011,-0.698564,-0.698564
1159|10,0.0111999999999999,106618,3,10,0.581062536914991,156009.173037016,654.75,147332,134216,134216,134216,-0.736561,-0.736561
1159|10,0.0559999999999999,72910,4,10,0.581062536914991,156009.173037016,654.75,135851,67544.2,67544.2,67544.2,0.245639,0.245639
1159|10,0.2799999999999999,19961,5,10,0.581062536914991,156009.173037016,654.75,65068.2,10291.1,10291.1,10291.1,1.14744,1.14744
1159|10,1.4,1398,6,10,0.581062536914991,156009.173037016,654.75,9544.32,1515.35,1515.35,1515.35,-0.0184198,-0.0184198
1159|10,7,482,7,10,0.581062536914991,156009.173037016,654.75,1416.92,725.534,725.534,725.534,-0.0393705,-0.0393705
1159|10,35,578,8,10,0.581062536914991,156009.173037016,654.75,710.963,660.749,660.749,660.749,-0.0134104,-0.0134104
1159|4,0.0010624,112128,1,4,0.581062536914991,156009.173037016,654.75,121933,120625,120625,120625,-0.247842,-0.247842
1159|4,0.005312,130767,2,4,0.581062536914991,156009.173037016,654.75,143368,142901,142901,142901,-0.307154,-0.307154
1159|4,0.02656,137610,3,4,0.581062536914991,156009.173037016,654.75,146387,146229,146229,146229,-0.213946,-0.213946
1159|4,0.1328,112132,4,4,0.581062536914991,156009.173037016,654.75,108212,108166,108166,108166,0.126467,0.126467
1159|4,0.664,38749,5,4,0.581062536914991,156009.173037016,654.75,26216.9,26205.9,26205.9,26205.9,1.03177,1.03177
1159|4,3.32,2926,6,4,0.581062536914991,156009.173037016,654.75,3190.47,3187.7,3187.7,3187.7,-0.0386976,-0.0386976
1159|4,16.6,542,7,4,0.581062536914991,156009.173037016,654.75,864.325,863.641,863.641,863.641,-0.0517269,-0.0517269
1159|4,83,574,8,4,0.581062536914991,156009.173037016,654.75,670.882,670.719,670.719,670.719,-0.0156684,-0.0156684
1159|3,0.0010624,108512,1,3,0.581062536914991,156009.173037016,654.75,118977,117555,117555,117555,-0.269426,-0.269426
1159|3,0.005312,131884,2,3,0.581062536914991,156009.173037016,654.75,140420,139840,139840,139840,-0.205116,-0.205116
1159|3,0.02656,133282,3,3,0.581062536914991,156009.173037016,654.75,143535,143266,143266,143266,-0.252197,-0.252197
1159|3,0.1328,105629,4,3,0.581062536914991,156009.173037016,654.75,106142,106016,106016,106016,-0.0125335,-0.0125335
1159|3,0.664,36126,5,3,0.581062536914991,156009.173037016,654.75,25725,25695,25695,25695,0.866565,0.866565
1159|3,3.32,2310,6,3,0.581062536914991,156009.173037016,654.75,3140.86,3136.18,3136.18,3136.18,-0.122386,-0.122386
1159|3,16.6,688,7,3,0.581062536914991,156009.173037016,654.75,860.017,859.167,859.167,859.167,-0.0275321,-0.0275321
1159|3,83,592,8,3,0.581062536914991,156009.173037016,654.75,670.513,670.336,670.336,670.336,-0.0126905,-0.0126905
75|6,0.0006144,8692,1,6,0.6894681434916233,14012.9610436902,523.5,10672.5,10785.7,10785.7,10785.7,-0.245075,-0.245075
75|6,0.003072,13380,2,6,0.6894681434916233,14012.9610436902,523.5,12893.2,12930.5,12930.5,12930.5,0.0496861,0.0496861
75|6,0.01536,8136,3,6,0.6894681434916233,14012.9610436902,523.5,13513.5,13523.3,13523.3,13523.3,-0.586547,-0.586547
75|6,0.0768,3106,4,6,0.6894681434916233,14012.9610436902,523.5,11875.8,11876.7,11876.7,11876.7,-0.996792,-0.996792
75|6,0.384,1780,5,6,0.6894681434916233,14012.9610436902,523.5,4769.76,4770.09,4770.09,4770.09,-0.41916,-0.41916
75|6,1.92,1208,6,6,0.6894681434916233,14012.9610436902,523.5,1024.7,1025.08,1025.08,1025.08,0.0292397,0.0292397
75|6,9.6,856,7,6,0.6894681434916233,14012.9610436902,523.5,566.086,566.211,566.211,566.211,0.0471327,0.0471327
75|6,48,602,8,6,0.6894681434916233,14012.9610436902,523.5,527.423,527.455,527.455,527.455,0.0121423,0.0121423
75|5,0.0006144,9826,1,5,0.6894681434916233,14012.9610436902,523.5,10637,10751.4,10751.4,10751.4,-0.108426,-0.108426
75|5,0.003072,10274,2,5,0.6894681434916233,14012.9610436902,523.5,12857.7,12896.3,12896.3,12896.3,-0.290145,-0.290145
75|5,0.01536,8880,3,5,0.6894681434916233,14012.9610436902,523.5,13478.6,13489.6,13489.6,13489.6,-0.5023,-0.5023
75|5,0.0768,3258,4,5,0.6894681434916233,14012.9610436902,523.5,11845.9,11847.8,11847.8,11847.8,-0.976982,-0.976982
75|5,0.384,1754,5,5,0.6894681434916233,14012.9610436902,523.5,4758.56,4759.27,4759.27,4759.27,-0.421438,-0.421438
75|5,1.92,1028,6,5,0.6894681434916233,14012.9610436902,523.5,1023.36,1023.78,1023.78,1023.78,0.000674702,0.000674701
75|5,9.6,926,7,5,0.6894681434916233,14012.9610436902,523.5,565.966,566.096,566.096,566.096,0.0585368,0.0585368
75|5,48,608,8,5,0.6894681434916233,14012.9610436902,523.5,527.412,527.445,527.445,527.445,0.0131212,0.0131212
75|3,0.000064,9174,1,3,0.6894681434916233,14012.9610436902,523.5,10226,10354.4,10354.4,10354.4,-0.139816,-0.139816
75|3,0.00032,13782,2,3,0.6894681434916233,14012.9610436902,523.5,12461.7,12514.3,12514.3,12514.3,0.141666,0.141666
75|3,0.0016,12730,3,3,0.6894681434916233,14012.9610436902,523.5,13265.5,13290.6,13290.6,13290.6,-0.0614008,-0.0614008
75|3,0.008,12668,4,3,0.6894681434916233,14012.9610436902,523.5,13458.5,13474.6,13474.6,13474.6,-0.08793,-0.08793
75|3,0.04,5898,5,3,0.6894681434916233,14012.9610436902,523.5,12700.4,12715.6,12715.6,12715.6,-0.757889,-0.757889
75|3,0.2,1670,6,3,0.6894681434916233,14012.9610436902,523.5,7602.87,7616.82,7616.82,7616.82,-0.76235,-0.76235
75|3,1,916,7,3,0.6894681434916233,14012.9610436902,523.5,1676.02,1681.09,1681.09,1681.09,-0.119366,-0.119366
75|3,5,826,8,3,0.6894681434916233,14012.9610436902,523.5,612.254,613.416,613.416,613.416,0.0345137,0.0345137
75|4,0.000064,9994,1,4,0.6894681434916233,14012.9610436902,523.5,10528.6,10646.7,10646.7,10646.7,-0.0766962,-0.0766962
75|4,0.00032,12470,2,4,0.6894681434916233,14012.9610436902,523.5,12764.4,12806.7,12806.7,12806.7,-0.0373401,-0.0373401
75|4,0.0016,13558,3,4,0.6894681434916233,14012.9610436902,523.5,13568,13582.8,13582.8,13582.8,-0.0027008,-0.0027008
75|4,0.008,12398,4,4,0.6894681434916233,14012.9610436902,523.5,13759.4,13765.3,13765.3,13765.3,-0.147952,-0.147952
75|4,0.04,5708,5,4,0.6894681434916233,14012.9610436902,523.5,12983.7,12989.3,12989.3,12989.3,-0.803702,-0.803702
75|4,0.2,2180,6,4,0.6894681434916233,14012.9610436902,523.5,7770.93,7779.18,7779.18,7779.18,-0.714299,-0.714299
75|4,1,968,7,4,0.6894681434916233,14012.9610436902,523.5,1705.21,1709.29,1709.29,1709.29,-0.115534,-0.115534
75|4,5,668,8,4,0.6894681434916233,14012.9610436902,523.5,614.992,616.06,616.06,616.06,0.0084317,0.0084317
75|9,0.0003648,9810,1,9,0.6894681434916233,14012.9610436902,523.5,10528.1,10646.2,10646.2,10646.2,-0.0982596,-0.0982596
75|9,0.001824,14515,2,9,0.6894681434916233,14012.9610436902,523.5,12757.4,12799.7,12799.7,12799.7,0.190266,0.190266
75|9,0.00912,14010,3,9,0.6894681434916233,14012.9610436902,523.5,13481.8,13496.6,13496.6,13496.6,0.0559352,0.0559352
75|9,0.0456,15117,4,9,0.6894681434916233,14012.9610436902,523.5,12809.2,12814.7,12814.7,12814.7,0.255282,0.255282
75|9,0.228,12188,5,9,0.6894681434916233,14012.9610436902,523.5,7253.3,7256.3,7256.3,7256.3,0.639139,0.639139
75|9,1.14,6778,6,9,0.6894681434916233,14012.9610436902,523.5,1573.26,1574.45,1574.45,1574.45,0.815011,0.815011
75|9,5.7,3686,7,9,0.6894681434916233,14012.9610436902,523.5,615.279,615.592,615.592,615.592,0.498448,0.498448
75|9,28.5,1722,8,9,0.6894681434916233,14012.9610436902,523.5,530.887,530.962,530.962,530.962,0.193977,0.193977
75|10,0.0003648,9492,1,10,0.6894681434916233,14012.9610436902,523.5,10225.5,10353.9,10353.9,10353.9,-0.102093,-0.102093
75|10,0.001824,15953,2,10,0.6894681434916233,14012.9610436902,523.5,12455,12507.5,12507.5,12507.5,0.385111,0.385111
75|10,0.00912,16247,3,10,0.6894681434916233,14012.9610436902,523.5,13181.3,13206.3,13206.3,13206.3,0.333758,0.333758
75|10,0.0456,12740,4,10,0.6894681434916233,14012.9610436902,523.5,12529.9,12544.9,12544.9,12544.9,0.0217897,0.0217897
75|10,0.228,11350,5,10,0.6894681434916233,14012.9610436902,523.5,7100.32,7108.51,7108.51,7108.51,0.552167,0.552167
75|10,1.14,6674,6,10,0.6894681434916233,14012.9610436902,523.5,1548.94,1550.95,1550.95,1550.95,0.803095,0.803095
75|10,5.7,4010,7,10,0.6894681434916233,14012.9610436902,523.5,613.035,613.424,613.424,613.424,0.551444,0.551444
75|10,28.5,1556,8,10,0.6894681434916233,14012.9610436902,523.5,530.694,530.776,530.776,530.776,0.166973,0.166973
75|7,0.0000768,10480,1,7,0.6894681434916233,14012.9610436902,523.5,10673.7,10786.9,10786.9,10786.9,-0.0359195,-0.0359195
75|7,0.000384,13258,2,7,0.6894681434916233,14012.9610436902,523.5,12909.3,12946.7,12946.7,12946.7,0.0344024,0.0344024
75|7,0.00192,16339,3,7,0.6894681434916233,14012.9610436902,523.5,13710.9,13720.8,13720.8,13720.8,0.283627,0.283627
75|7,0.0096,16439,4,7,0.6894681434916233,14012.9610436902,523.5,13878.6,13879.7,13879.7,13879.7,0.276138,0.276138
75|7,0.048,14116,5,7,0.6894681434916233,14012.9610436902,523.5,12865.4,12866.3,12866.3,12866.3,0.138378,0.138378
75|7,0.24,12342,6,7,0.6894681434916233,14012.9610436902,523.5,6935.53,6940.35,6940.35,6940.35,0.706826,0.706826
75|7,1.2,5688,7,7,0.6894681434916233,14012.9610436902,523.5,1450.43,1453.22,1453.22,1453.22,0.666241,0.666241
75|7,6,2598,8,7,0.6894681434916233,14012.9610436902,523.5,594.135,594.911,594.911,594.911,0.325436,0.325436
75|8,0.0000768,10458,1,8,0.6894681434916233,14012.9610436902,523.5,10638.2,10752.6,10752.6,10752.6,-0.0345124,-0.0345124
75|8,0.000384,12990,2,8,0.6894681434916233,14012.9610436902,523.5,12873.8,12912.4,12912.4,12912.4,0.00858571,0.00858571
75|8,0.00192,16171,3,8,0.6894681434916233,14012.9610436902,523.5,13675.4,13686.5,13686.5,13686.5,0.269376,0.269376
75|8,0.0096,15275,4,8,0.6894681434916233,14012.9610436902,523.5,13843.4,13845.6,13845.6,13845.6,0.154354,0.154354
75|8,0.048,14237,5,8,0.6894681434916233,14012.9610436902,523.5,12832.8,12834.9,12834.9,12834.9,0.155386,0.155386
75|8,0.24,10710,6,8,0.6894681434916233,14012.9610436902,523.5,6918.28,6923.68,6923.68,6923.68,0.495707,0.495707
75|8,1.2,6990,7,8,0.6894681434916233,14012.9610436902,523.5,1447.78,1450.66,1450.66,1450.66,0.871565,0.871565
75|8,6,2192,8,8,0.6894681434916233,14012.9610436902,523.5,593.892,594.676,594.676,594.676,0.259515,0.259515
75|12,0.0003712,10454,1,12,0.6894681434916233,14012.9610436902,523.5,7159.47,7382.63,7382.63,7382.63,0.396522,0.396522
75|12,0.001856,10998,2,12,0.6894681434916233,14012.9610436902,523.5,9390.53,9407.8,9407.8,9407.8,0.193447,0.193447
75|12,0.00928,9204,3,12,0.6894681434916233,14012.9610436902,523.5,10135.1,8763.67,8763.67,8763.67,0.0545681,0.0545681
75|12,0.0464,4926,4,12,0.6894681434916233,14012.9610436902,523.5,9681.39,3639.97,3639.97,3639.97,0.187231,0.187231
75|12,0.2319999999999999,1482,5,12,0.6894681434916233,14012.9610436902,523.5,5484.46,896.071,896.071,896.071,0.094115,0.094115
75|12,1.16,542,6,12,0.6894681434916233,14012.9610436902,523.5,1283.73,556.552,556.552,556.552,-0.00236771,-0.00236771
75|12,5.8,592,7,12,0.6894681434916233,14012.9610436902,523.5,588.582,527.03,527.03,527.03,0.0105829,0.0105829
75|12,29,536,8,12,0.6894681434916233,14012.9610436902,523.5,528.625,524.665,524.665,524.665,0.00184657,0.00184657
75|11,0.0003712,11442,1,11,0.6894681434916233,14012.9610436902,523.5,9401.07,9545.33,9545.33,9545.33,0.229828,0.229828
75|11,0.001856,13046,2,11,0.6894681434916233,14012.9610436902,523.5,11630.8,11538.8,11538.8,11538.8,0.172853,0.172853
75|11,0.00928,11394,3,11,0.6894681434916233,14012.9610436902,523.5,12360.5,10582.5,10582.5,10582.5,0.0955149,0.0955149
75|11,0.0464,7362,4,11,0.6894681434916233,14012.9610436902,523.5,11745.8,4310.42,4310.42,4310.42,0.43434,0.43434
75|11,0.2319999999999999,2518,5,11,0.6894681434916233,14012.9610436902,523.5,6602.65,976.034,976.034,976.034,0.246936,0.246936
75|11,1.16,618,6,11,0.6894681434916233,14012.9610436902,523.5,1459.53,563.628,563.628,563.628,0.00884421,0.00884421
75|11,5.8,582,7,11,0.6894681434916233,14012.9610436902,523.5,604.775,527.636,527.636,527.636,0.00885499,0.00885499
75|11,29,612,8,11,0.6894681434916233,14012.9610436902,523.5,530.019,524.716,524.716,524.716,0.0142187,0.0142187
1017|7,0.0016767999999999,10494,1,7,0.2275910745728733,12886.5598455883,553,11800.4,11800.4,11800.4,11800.4,-0.14878,-0.14878
1017|7,0.0083839999999999,10606,2,7,0.2275910745728733,12886.5598455883,553,12455,12455,12455,12455,-0.206946,-0.206946
1017|7,0.04192,5238,3,7,0.2275910745728733,12886.5598455883,553,11953.1,11953.1,11953.1,11953.1,-0.761623,-0.761623
1017|7,0.2096,1052,4,7,0.2275910745728733,12886.5598455883,553,7177.7,7177.69,7177.69,7177.69,-0.795778,-0.795778
1017|7,1.048,592,5,7,0.2275910745728733,12886.5598455883,553,1667.89,1667.89,1667.89,1667.89,-0.167936,-0.167936
1017|7,5.24,558,6,7,0.2275910745728733,12886.5598455883,553,657.107,657.107,657.107,657.107,-0.0160635,-0.0160635
1017|7,26.2,594,7,7,0.2275910745728733,12886.5598455883,553,562.694,562.694,562.694,562.694,0.00509243,0.00509243
1017|7,131,636,8,7,0.2275910745728733,12886.5598455883,553,554.699,554.699,554.699,554.699,0.013229,0.013229
1017|8,0.0016767999999999,10766,1,8,0.2275910745728733,12886.5598455883,553,11789,11789,11789,11789,-0.116533,-0.116533
1017|8,0.0083839999999999,11542,2,8,0.2275910745728733,12886.5598455883,553,12443.5,12443.5,12443.5,12443.5,-0.100936,-0.100936
1017|8,0.04192,5274,3,8,0.2275910745728733,12886.5598455883,553,11942.4,11942.4,11942.4,11942.4,-0.756542,-0.756542
1017|8,0.2096,1390,4,8,0.2275910745728733,12886.5598455883,553,7171.53,7171.52,7171.52,7171.52,-0.751208,-0.751208
1017|8,1.048,624,5,8,0.2275910745728733,12886.5598455883,553,1666.85,1666.85,1666.85,1666.85,-0.162785,-0.162785
1017|8,4.46,582,6,8,0.2275910745728733,12886.5598455883,553,685.466,685.466,685.466,685.466,-0.016752,-0.016752
1017|8,16.6,600,7,8,0.2275910745728733,12886.5598455883,553,571.431,571.431,571.431,571.431,0.00464563,0.00464563
1017|8,131,552,8,8,0.2275910745728733,12886.5598455883,553,554.698,554.698,554.698,554.698,-0.000439043,-0.000439043
1017|5,0.0004351999999999,10556,1,5,0.2275910745728733,12886.5598455883,553,11794.2,11794.2,11794.2,11794.2,-0.141036,-0.141036
1017|5,0.0021759999999999,10084,2,5,0.2275910745728733,12886.5598455883,553,12508.7,12508.7,12508.7,12508.7,-0.271011,-0.271011
1017|5,0.0108799999999999,10022,3,5,0.2275910745728733,12886.5598455883,553,12666.7,12666.7,12666.7,12666.7,-0.29438,-0.29438
1017|5,0.0543999999999999,5610,4,5,0.2275910745728733,12886.5598455883,553,11649.6,11649.6,11649.6,11649.6,-0.690575,-0.690575
1017|5,0.2719999999999999,1302,5,5,0.2275910745728733,12886.5598455883,553,5950.72,5950.71,5950.71,5950.71,-0.627339,-0.627339
1017|5,1.36,572,6,5,0.2275910745728733,12886.5598455883,553,1318.87,1318.87,1318.87,1318.87,-0.118087,-0.118087
1017|5,6.8,578,7,5,0.2275910745728733,12886.5598455883,553,621.88,621.88,621.88,621.88,-0.0071218,-0.0071218
1017|5,34,612,8,5,0.2275910745728733,12886.5598455883,553,559.481,559.481,559.481,559.481,0.00854407,0.00854407
1017|6,0.0004351999999999,9474,1,6,0.2275910745728733,12886.5598455883,553,11805.7,11805.7,11805.7,11805.7,-0.265503,-0.265503
1017|6,0.0021759999999999,13580,2,6,0.2275910745728733,12886.5598455883,553,12520.2,12520.2,12520.2,12520.2,0.118414,0.118414
1017|6,0.0108799999999999,10900,3,6,0.2275910745728733,12886.5598455883,553,12678.1,12678.1,12678.1,12678.1,-0.197859,-0.197859
1017|6,0.0543999999999999,5064,4,6,0.2275910745728733,12886.5598455883,553,11659.9,11659.9,11659.9,11659.9,-0.75398,-0.75398
1017|6,0.2719999999999999,1104,5,6,0.2275910745728733,12886.5598455883,553,5955.75,5955.74,5955.74,5955.74,-0.654634,-0.654634
1017|6,1.36,532,6,6,0.2275910745728733,12886.5598455883,553,1319.59,1319.59,1319.59,1319.59,-0.124522,-0.124522
1017|6,6.8,556,7,6,0.2275910745728733,12886.5598455883,553,621.946,621.945,621.945,621.945,-0.010703,-0.010703
1017|6,34,534,8,6,0.2275910745728733,12886.5598455883,553,559.487,559.487,559.487,559.487,-0.0041464,-0.0041464
1017|12,0.0014272,9766,1,12,0.2275910745728733,12886.5598455883,553,10665.7,10665.7,10665.7,10665.7,-0.105659,-0.105659
1017|12,0.007136,11476,2,12,0.2275910745728733,12886.5598455883,553,11340.2,11340.2,11340.2,11340.2,0.0156545,0.0156545
1017|12,0.03568,7314,3,12,0.2275910745728733,12886.5598455883,553,11051.5,11051.5,11051.5,11051.5,-0.43431,-0.43431
1017|12,0.1784,2258,4,12,0.2275910745728733,12886.5598455883,553,7241.94,7241.96,7241.96,7241.96,-0.646193,-0.646193
1017|12,0.892,702,5,12,0.2275910745728733,12886.5598455883,553,1815.67,1815.67,1815.67,1815.67,-0.172899,-0.172899
1017|12,4.46,612,6,12,0.2275910745728733,12886.5598455883,553,673.368,673.369,673.369,673.369,-0.00994075,-0.00994075
1017|12,22.3,526,7,12,0.2275910745728733,12886.5598455883,553,564.064,564.064,564.064,564.064,-0.00619149,-0.00619149
1017|12,111.5,626,8,12,0.2275910745728733,12886.5598455883,553,554.804,554.804,554.804,554.804,0.0115847,0.0115847
1017|11,0.0014272,11078,1,11,0.2275910745728733,12886.5598455883,553,11390.5,11390.5,11390.5,11390.5,-0.0359778,-0.0359778
1017|11,0.007136,12576,2,11,0.2275910745728733,12886.5598455883,553,12061.7,12061.7,12061.7,12061.7,0.0581579,0.0581579
1017|11,0.03568,8090,3,11,0.2275910745728733,12886.5598455883,553,11737.1,11737.1,11737.1,11737.1,-0.416042,-0.416042
1017|11,0.1784,3278,4,11,0.2275910745728733,12886.5598455883,553,7675.45,7675.47,7675.47,7675.47,-0.56274,-0.56274
1017|11,0.892,676,5,11,0.2275910745728733,12886.5598455883,553,1897.45,1897.45,1897.45,1897.45,-0.189069,-0.189069
1017|11,5.24,582,6,11,0.2275910745728733,12886.5598455883,553,653.64,653.64,653.64,653.64,-0.0116133,-0.0116133
1017|11,22.3,524,7,11,0.2275910745728733,12886.5598455883,553,564.738,564.738,564.738,564.738,-0.00662615,-0.00662615
1017|11,111.5,578,8,11,0.2275910745728733,12886.5598455883,553,554.861,554.861,554.861,554.861,0.00376501,0.00376501
1017|10,0.0004479999999999,10692,1,10,0.2275910745728733,12886.5598455883,553,11660.9,11660.9,11660.9,11660.9,-0.110751,-0.110751
1017|10,0.00224,12886,2,10,0.2275910745728733,12886.5598455883,553,12375.1,12375.1,12375.1,12375.1,0.0573035,0.0573035
1017|10,0.0111999999999999,12124,3,10,0.2275910745728733,12886.5598455883,553,12529.6,12529.6,12529.6,12529.6,-0.0453099,-0.0453099
1017|10,0.0559999999999999,7640,4,10,0.2275910745728733,12886.5598455883,553,11480.5,11480.6,11480.6,11480.6,-0.441134,-0.441134
1017|10,0.2799999999999999,2316,5,10,0.2275910745728733,12886.5598455883,553,5759.85,5759.87,5759.87,5759.87,-0.467569,-0.467569
1017|10,1.4,630,6,10,0.2275910745728733,12886.5598455883,553,1279.72,1279.72,1279.72,1279.72,-0.102876,-0.102876
1017|10,7,578,7,10,0.2275910745728733,12886.5598455883,553,618.232,618.232,618.232,618.232,-0.00653056,-0.00653056
1017|10,35,576,8,10,0.2275910745728733,12886.5598455883,553,559.182,559.182,559.182,559.182,0.00273611,0.00273611
1017|9,0.0004479999999999,10986,1,9,0.2275910745728733,12886.5598455883,553,11758.8,11758.8,11758.8,11758.8,-0.0881022,-0.0881022
1017|9,0.00224,12902,2,9,0.2275910745728733,12886.5598455883,553,12472.9,12472.9,12472.9,12472.9,0.0480045,0.0480045
1017|9,0.0111999999999999,13070,3,9,0.2275910745728733,12886.5598455883,553,12626.6,12626.6,12626.6,12626.6,0.0494111,0.0494111
1017|9,0.0559999999999999,8680,4,9,0.2275910745728733,12886.5598455883,553,11568.4,11568.4,11568.4,11568.4,-0.330983,-0.330983
1017|9,0.2799999999999999,2074,5,9,0.2275910745728733,12886.5598455883,553,5801.7,5801.72,5801.72,5801.72,-0.505434,-0.505434
1017|9,1.4,634,6,9,0.2275910745728733,12886.5598455883,553,1285.59,1285.6,1285.6,1285.6,-0.103151,-0.103151
1017|9,7,576,7,9,0.2275910745728733,12886.5598455883,553,618.763,618.763,618.763,618.763,-0.00694133,-0.00694133
1017|9,35,628,8,9,0.2275910745728733,12886.5598455883,553,559.228,559.228,559.228,559.228,0.0111885,0.0111885
1017|4,0.0010624,9714,1,4,0.2275910745728733,12886.5598455883,553,11756.6,11682.2,11682.2,11682.2,-0.224852,-0.224852
1017|4,0.005312,11992,2,4,0.2275910745728733,12886.5598455883,553,12445.6,11585.9,11585.9,11585.9,0.0465084,0.0465084
1017|4,0.02656,9882,3,4,0.2275910745728733,12886.5598455883,553,12314,6802.78,6802.78,6802.78,0.404634,0.404634
1017|4,0.1328,3414,4,4,0.2275910745728733,12886.5598455883,553,9147.97,1566.72,1566.72,1566.72,0.289414,0.289414
1017|4,0.664,734,5,4,0.2275910745728733,12886.5598455883,553,2596.4,647.655,647.655,647.655,0.0140001,0.0140001
1017|4,3.32,542,6,4,0.2275910745728733,12886.5598455883,553,758.543,562.008,562.008,562.008,-0.00325475,-0.00325475
1017|4,16.6,564,7,4,0.2275910745728733,12886.5598455883,553,571.38,554.67,554.67,554.67,0.00151808,0.00151808
1017|4,83,516,8,4,0.2275910745728733,12886.5598455883,553,555.398,554.054,554.054,554.054,-0.00619214,-0.00619214
1017|3,0.0010624,10506,1,3,0.2275910745728733,12886.5598455883,553,11658.7,11585,11585,11585,-0.123589,-0.123589
1017|3,0.005312,11892,2,3,0.2275910745728733,12886.5598455883,553,12348.1,11495.4,11495.4,11495.4,0.0455342,0.0455342
1017|3,0.02656,7480,3,3,0.2275910745728733,12886.5598455883,553,12219.6,6752.6,6752.6,6752.6,0.0957335,0.0957335
1017|3,0.1328,2832,4,3,0.2275910745728733,12886.5598455883,553,9079.44,1558.64,1558.64,1558.64,0.199556,0.199556
1017|3,0.664,740,5,3,0.2275910745728733,12886.5598455883,553,2580.11,646.908,646.908,646.908,0.0150945,0.0150945
1017|3,3.32,556,6,3,0.2275910745728733,12886.5598455883,553,756.9,561.944,561.944,561.944,-0.000966902,-0.000966902
1017|3,26.2,600,7,3,0.2275910745728733,12886.5598455883,553,562.589,554.331,554.331,554.331,0.00743118,0.00743118
1017|3,83,548,8,3,0.2275910745728733,12886.5598455883,553,555.386,554.053,554.053,554.053,-0.000985008,-0.000985008
291|6,0.0006144,76513,1,6,0.531897618426373,113679.249718167,607,91847.7,90527.4,90527.4,90527.4,-0.514658,-0.514658
291|6,0.003072,102272,2,6,0.531897618426373,113679.249718167,607,106328,105954,105954,105954,-0.119355,-0.119355
291|6,0.01536,99267,3,6,0.531897618426373,113679.249718167,607,110026,110664,110664,110664,-0.356722,-0.356722
291|6,0.0768,85522,4,6,0.531897618426373,113679.249718167,607,95812.5,102803,102803,102803,-0.573978,-0.573978
291|6,0.384,49954,5,6,0.531897618426373,113679.249718167,607,36213.3,51441.1,51441.1,51441.1,-0.0822938,-0.0822938
291|6,1.92,9548,6,6,0.531897618426373,113679.249718167,607,4821.66,7879.48,7879.48,7879.48,0.212221,0.212221
291|6,9.6,1270,7,6,0.531897618426373,113679.249718167,607,963.449,1235.9,1235.9,1235.9,0.00540778,0.00540778
291|6,48,528,8,6,0.531897618426373,113679.249718167,607,634.277,654.044,654.044,654.044,-0.020432,-0.020432
291|5,0.0006144,76851,1,5,0.531897618426373,113679.249718167,607,91615.7,90281.3,90281.3,90281.3,-0.494255,-0.494255
291|5,0.003072,101000,2,5,0.531897618426373,113679.249718167,607,106096,105708,105708,105708,-0.152906,-0.152906
291|5,0.01536,101897,3,5,0.531897618426373,113679.249718167,607,109798,110420,110420,110420,-0.267248,-0.267248
291|5,0.0768,93625,4,5,0.531897618426373,113679.249718167,607,95616.8,102580,102580,102580,-0.297955,-0.297955
291|5,0.384,53214,5,5,0.531897618426373,113679.249718167,607,36140.2,51330.3,51330.3,51330.3,0.104393,0.104393
291|5,1.92,8940,6,5,0.531897618426373,113679.249718167,607,4812.86,7863.36,7863.36,7863.36,0.137004,0.137004
291|5,9.6,1202,7,5,0.531897618426373,113679.249718167,607,962.67,1234.44,1234.44,1234.44,-0.00514462,-0.00514462
291|5,48,628,8,5,0.531897618426373,113679.249718167,607,634.21,653.918,653.918,653.918,-0.00420135,-0.00420135
291|4,0.000064,78742,1,4,0.531897618426373,113679.249718167,607,90910,89527.5,89527.5,89527.5,-0.39952,-0.39952
291|4,0.00032,104674,2,4,0.531897618426373,113679.249718167,607,105519,105026,105026,105026,-0.0114866,-0.0114866
291|4,0.0016,109031,3,4,0.531897618426373,113679.249718167,607,110759,110609,110609,110609,-0.0494168,-0.0494168
291|4,0.008,112435,4,4,0.531897618426373,113679.249718167,607,111877,112092,112092,112092,0.0106386,0.0106386
291|4,0.04,96222,5,4,0.531897618426373,113679.249718167,607,105356,108312,108312,108312,-0.385043,-0.385043
291|4,0.2,69267,6,4,0.531897618426373,113679.249718167,607,61803.4,76475.5,76475.5,76475.5,-0.301139,-0.301139
291|4,1,26117,7,4,0.531897618426373,113679.249718167,607,10728.2,17270.4,17270.4,17270.4,0.879127,0.879127
291|4,5,2412,8,4,0.531897618426373,113679.249718167,607,1424.82,2028.46,2028.46,2028.46,0.0590882,0.0590881
291|3,0.000064,84948,1,3,0.531897618426373,113679.249718167,607,88932.3,87429.7,87429.7,87429.7,-0.0936335,-0.0936335
291|3,0.00032,102466,2,3,0.531897618426373,113679.249718167,607,103541,102928,102928,102928,-0.0153329,-0.0153329
291|3,0.0016,104314,3,3,0.531897618426373,113679.249718167,607,108782,108512,108512,108512,-0.133503,-0.133503
291|3,0.008,106252,4,3,0.531897618426373,113679.249718167,607,109911,110001,110001,110001,-0.117904,-0.117904
291|3,0.04,101815,5,3,0.531897618426373,113679.249718167,607,103505,106292,106292,106292,-0.144759,-0.144759
291|3,0.2,73444,6,3,0.531897618426373,113679.249718167,607,60705.2,75029.1,75029.1,75029.1,-0.0671682,-0.0671682
291|3,1,25577,7,3,0.531897618426373,113679.249718167,607,10537.4,16935.7,16935.7,16935.7,0.865477,0.865477
291|3,5,2234,8,3,0.531897618426373,113679.249718167,607,1406.93,1994.95,1994.95,1994.95,0.036873,0.036873
291|9,0.0003648,67254,1,9,0.531897618426373,113679.249718167,607,90905.6,89523,89523,89523,-0.824928,-0.824928
291|9,0.001824,84908,2,9,0.531897618426373,113679.249718167,607,105459,104965,104965,104965,-0.655147,-0.655147
291|9,0.00912,66966,3,9,0.531897618426373,113679.249718167,607,110031,109859,109859,109859,-1.3505,-1.3505
291|9,0.0456,29642,4,9,0.531897618426373,113679.249718167,607,103888,103824,103824,103824,-2.4445,-2.4445
291|9,0.228,2230,5,9,0.531897618426373,113679.249718167,607,57178.7,57143.5,57143.5,57143.5,-2.82956,-2.82956
291|9,1.14,562,6,9,0.531897618426373,113679.249718167,607,9464.7,9450.75,9450.75,9450.75,-1.07999,-1.07999
291|9,5.7,484,7,9,0.531897618426373,113679.249718167,607,1386.09,1382.42,1382.42,1382.42,-0.141715,-0.141715
291|9,28.5,548,8,9,0.531897618426373,113679.249718167,607,665.653,664.77,664.77,664.77,-0.018921,-0.018921
291|10,0.0003648,76142,1,10,0.531897618426373,113679.249718167,607,88928,87425.4,87425.4,87425.4,-0.42573,-0.42573
291|10,0.001824,78961,2,10,0.531897618426373,113679.249718167,607,103483,102868,102868,102868,-0.79366,-0.79366
291|10,0.00912,61146,3,10,0.531897618426373,113679.249718167,607,108068,107776,107776,107776,-1.49108,-1.49108
291|10,0.0456,26839,4,10,0.531897618426373,113679.249718167,607,102063,101888,101888,101888,-2.51061,-2.51061
291|10,0.228,2248,5,10,0.531897618426373,113679.249718167,607,56179.1,56083.1,56083.1,56083.1,-2.80998,-2.80998
291|10,1.14,632,6,10,0.531897618426373,113679.249718167,607,9305.77,9282.16,9282.16,9282.16,-1.05607,-1.05607
291|10,5.7,498,7,10,0.531897618426373,113679.249718167,607,1371.43,1366.87,1366.87,1366.87,-0.137132,-0.137132
291|10,28.5,558,8,10,0.531897618426373,113679.249718167,607,664.39,663.431,663.431,663.431,-0.0170845,-0.0170845
291|8,0.0000768,72099,1,8,0.531897618426373,113679.249718167,607,91625.8,90286.7,90286.7,90286.7,-0.669304,-0.669304
291|8,0.000384,93669,2,8,0.531897618426373,113679.249718167,607,106234,105782,105782,105782,-0.393207,-0.393207
291|8,0.00192,96224,3,8,0.531897618426373,113679.249718167,607,111457,111326,111326,111326,-0.470412,-0.470412
291|8,0.0096,78234,4,8,0.531897618426373,113679.249718167,607,112380,112354,112354,112354,-1.05485,-1.05485
291|8,0.048,29776,5,8,0.531897618426373,113679.249718167,607,103899,103875,103875,103875,-2.4408,-2.4408
291|8,0.24,2672,6,8,0.531897618426373,113679.249718167,607,54501.2,54437.8,54437.8,54437.8,-2.75746,-2.75746
291|8,1.2,586,7,8,0.531897618426373,113679.249718167,607,8504.97,8471.23,8471.23,8471.23,-0.985545,-0.985545
291|8,6,506,8,8,0.531897618426373,113679.249718167,607,1232.49,1223.3,1223.3,1223.3,-0.113815,-0.113815
291|7,0.0000768,74219,1,7,0.531897618426373,113679.249718167,607,91857.9,90532.8,90532.8,90532.8,-0.599073,-0.599073
291|7,0.000384,94028,2,7,0.531897618426373,113679.249718167,607,106466,106028,106028,106028,-0.388813,-0.388813
291|7,0.00192,88873,3,7,0.531897618426373,113679.249718167,607,111689,111572,111572,111572,-0.705775,-0.705775
291|7,0.0096,71607,4,7,0.531897618426373,113679.249718167,607,112610,112598,112598,112598,-1.26505,-1.26505
291|7,0.048,25271,5,7,0.531897618426373,113679.249718167,607,104112,104100,104100,104100,-2.59211,-2.59211
291|7,0.24,2124,6,7,0.531897618426373,113679.249718167,607,54613.9,54557.4,54557.4,54557.4,-2.78886,-2.78886
291|7,1.2,676,7,7,0.531897618426373,113679.249718167,607,8522.32,8489.63,8489.63,8489.63,-0.97607,-0.97607
291|7,6,642,8,7,0.531897618426373,113679.249718167,607,1234.08,1224.99,1224.99,1224.99,-0.0924983,-0.0924983
291|11,0.0003712,73274,1,11,0.531897618426373,113679.249718167,607,83540.7,81710.9,81710.9,81710.9,-0.335272,-0.335272
291|11,0.001856,69690,2,11,0.531897618426373,113679.249718167,607,98097.2,97155.3,97155.3,97155.3,-0.954196,-0.954196
291|11,0.00928,51029,3,11,0.531897618426373,113679.249718167,607,102699,102082,102082,102082,-1.70528,-1.70528
291|11,0.0464,18731,4,11,0.531897618426373,113679.249718167,607,96891.6,96415.4,96415.4,96415.4,-2.71526,-2.71526
291|11,0.2319999999999999,1836,5,11,0.531897618426373,113679.249718167,607,52761.4,52503.4,52503.4,52503.4,-2.76574,-2.76574
291|11,1.16,454,6,11,0.531897618426373,113679.249718167,607,8673.06,8624.34,8624.34,8624.34,-1.01662,-1.01662
291|11,5.8,548,7,11,0.531897618426373,113679.249718167,607,1312.64,1305.83,1305.83,1305.83,-0.119877,-0.119877
291|11,29,510,8,11,0.531897618426373,113679.249718167,607,659.563,658.425,658.425,658.425,-0.0240561,-0.0240561
291|12,0.0003712,69558,1,12,0.531897618426373,113679.249718167,607,68892.5,66173.3,66173.3,66173.3,0.157259,0.157259
291|12,0.001856,72538,2,12,0.531897618426373,113679.249718167,607,83457.4,81626.6,81626.6,81626.6,-0.361452,-0.361452
291|12,0.00928,50948,3,12,0.531897618426373,113679.249718167,607,88157,86657.2,86657.2,86657.2,-1.35655,-1.35655
291|12,0.0464,23756,4,12,0.531897618426373,113679.249718167,607,83401.6,82106.3,82106.3,82106.3,-2.31026,-2.31026
291|12,0.2319999999999999,2516,5,12,0.531897618426373,113679.249718167,607,45454.3,44752.7,44752.7,44752.7,-2.55928,-2.55928
291|12,1.16,468,6,12,0.531897618426373,113679.249718167,607,7524.25,7405.77,7405.77,7405.77,-0.895059,-0.895059
291|12,5.8,510,7,12,0.531897618426373,113679.249718167,607,1206.82,1193.59,1193.59,1193.59,-0.108586,-0.108586
291|12,29,486,8,12,0.531897618426373,113679.249718167,607,650.455,648.765,648.765,648.765,-0.0263898,-0.0263898
1197|7,0.0016767999999999,74837,1,7,0.5350781321251534,116813.80898494,636.5,94215.3,94215.3,94215.3,94215.3,-0.68975,-0.68975
1197|7,0.0083839999999999,71977,2,7,0.5350781321251534,116813.80898494,636.5,108686,108686,108686,108686,-1.1659,-1.1659
1197|7,0.04192,42847,3,7,0.5350781321251534,116813.80898494,636.5,107008,107008,107008,107008,-2.06354,-2.06354
1197|7,0.2096,5272,4,7,0.5350781321251534,116813.80898494,636.5,62972.8,62972.9,62972.9,62972.9,-2.77766,-2.77766
1197|7,1.048,660,5,7,0.5350781321251534,116813.80898494,636.5,11120.3,11120.3,11120.3,11120.3,-1.21325,-1.21325
1197|7,5.24,592,6,7,0.5350781321251534,116813.80898494,636.5,1599.64,1599.63,1599.63,1599.63,-0.157676,-0.157676
1197|7,26.2,544,7,7,0.5350781321251534,116813.80898494,636.5,716.434,716.434,716.434,716.434,-0.0278858,-0.0278858
1197|7,131,580,8,7,0.5350781321251534,116813.80898494,636.5,643.316,643.316,643.316,643.316,-0.0102678,-0.0102678
1197|8,0.0016767999999999,74846,1,8,0.5350781321251534,116813.80898494,636.5,93975.7,93975.7,93975.7,93975.7,-0.682264,-0.682264
1197|8,0.0083839999999999,76735,2,8,0.5350781321251534,116813.80898494,636.5,108448,108448,108448,108448,-1.009,-1.009
1197|8,0.04192,41404,3,8,0.5350781321251534,116813.80898494,636.5,106785,106785,106785,106785,-2.10631,-2.10631
1197|8,0.2096,5378,4,8,0.5350781321251534,116813.80898494,636.5,62844,62844,62844,62844,-2.77039,-2.77039
1197|8,1.048,706,5,8,0.5350781321251534,116813.80898494,636.5,11098.6,11098.6,11098.6,11098.6,-1.20611,-1.20611
1197|8,5.24,542,6,8,0.5350781321251534,116813.80898494,636.5,1597.62,1597.61,1597.61,1597.61,-0.165196,-0.165196
1197|8,26.2,550,7,8,0.5350781321251534,116813.80898494,636.5,716.26,716.26,716.26,716.26,-0.0268875,-0.0268875
1197|8,131,550,8,8,0.5350781321251534,116813.80898494,636.5,643.301,643.301,643.301,643.301,-0.0151304,-0.0151304
1197|6,0.0004351999999999,82107,1,6,0.5350781321251534,116813.80898494,636.5,94259.2,94259.2,94259.2,94259.2,-0.432387,-0.432387
1197|6,0.0021759999999999,94216,2,6,0.5350781321251534,116813.80898494,636.5,109279,109279,109279,109279,-0.476301,-0.476301
1197|6,0.0108799999999999,78272,3,6,0.5350781321251534,116813.80898494,636.5,113773,113773,113773,113773,-1.08639,-1.08639
1197|6,0.0543999999999999,33061,4,6,0.5350781321251534,116813.80898494,636.5,105155,105155,105155,105155,-2.35152,-2.35152
1197|6,0.2719999999999999,2724,5,6,0.5350781321251534,116813.80898494,636.5,51473.1,51473.2,51473.2,51473.2,-2.69657,-2.69657
1197|6,1.36,578,6,6,0.5350781321251534,116813.80898494,636.5,7781.57,7781.56,7781.56,7781.56,-0.918909,-0.918909
1197|6,6.8,604,7,6,0.5350781321251534,116813.80898494,636.5,1254.38,1254.38,1254.38,1254.38,-0.103077,-0.103077
1197|6,34,546,8,6,0.5350781321251534,116813.80898494,636.5,683.156,683.156,683.156,683.156,-0.0222087,-0.0222087
1197|5,0.0004351999999999,85902,1,5,0.5350781321251534,116813.80898494,636.5,94019.5,94019.5,94019.5,94019.5,-0.289407,-0.289407
1197|5,0.0021759999999999,97095,2,5,0.5350781321251534,116813.80898494,636.5,109039,109039,109039,109039,-0.378362,-0.378362
1197|5,0.0108799999999999,87358,3,5,0.5350781321251534,116813.80898494,636.5,113536,113536,113536,113536,-0.802444,-0.802444
1197|5,0.0543999999999999,36940,4,5,0.5350781321251534,116813.80898494,636.5,104939,104939,104939,104939,-2.22162,-2.22162
1197|5,0.2719999999999999,2878,5,5,0.5350781321251534,116813.80898494,636.5,51368,51368.1,51368.1,51368.1,-2.68589,-2.68589
1197|5,1.36,646,6,5,0.5350781321251534,116813.80898494,636.5,7766.57,7766.56,7766.56,7766.56,-0.908729,-0.908729
1197|5,6.8,580,7,5,0.5350781321251534,116813.80898494,636.5,1253.02,1253.02,1253.02,1253.02,-0.10667,-0.10667
1197|5,34,628,8,5,0.5350781321251534,116813.80898494,636.5,683.039,683.039,683.039,683.039,-0.00891208,-0.00891208
1197|12,0.0014272,64032,1,12,0.5350781321251534,116813.80898494,636.5,70508.9,70508.9,70508.9,70508.9,-0.287363,-0.287363
1197|12,0.007136,55335,2,12,0.5350781321251534,116813.80898494,636.5,85222.7,85222.7,85222.7,85222.7,-1.15009,-1.15009
1197|12,0.03568,22894,3,12,0.5350781321251534,116813.80898494,636.5,86186,86186,86186,86186,-2.41452,-2.41452
1197|12,0.1784,2488,4,12,0.5350781321251534,116813.80898494,636.5,55786.2,55786.2,55786.2,55786.2,-2.79209,-2.79209
1197|12,0.892,422,5,12,0.5350781321251534,116813.80898494,636.5,11041.2,11041.2,11041.2,11041.2,-1.23434,-1.23434
1197|12,4.46,484,6,12,0.5350781321251534,116813.80898494,636.5,1610.29,1610.29,1610.29,1610.29,-0.176174,-0.176174
1197|12,22.3,418,7,12,0.5350781321251534,116813.80898494,636.5,716.425,716.425,716.425,716.425,-0.048261,-0.048261
1197|12,111.5,586,8,12,0.5350781321251534,116813.80898494,636.5,643.054,643.054,643.054,643.054,-0.00925246,-0.00925246
1197|10,0.0004479999999999,78110,1,10,0.5350781321251534,116813.80898494,636.5,91236,91236,91236,91236,-0.479111,-0.479111
1197|10,0.00224,84573,2,10,0.5350781321251534,116813.80898494,636.5,106254,106254,106254,106254,-0.701297,-0.701297
1197|10,0.0111999999999999,58621,3,10,0.5350781321251534,116813.80898494,636.5,110732,110732,110732,110732,-1.63023,-1.63023
1197|10,0.0559999999999999,24817,4,10,0.5350781321251534,116813.80898494,636.5,101977,101977,101977,101977,-2.57942,-2.57942
1197|10,0.2799999999999999,1870,5,10,0.5350781321251534,116813.80898494,636.5,48919.8,48919.8,48919.8,48919.8,-2.69166,-2.69166
1197|10,1.4,510,6,10,0.5350781321251534,116813.80898494,636.5,7309.19,7309.19,7309.19,7309.19,-0.879749,-0.879749
1197|10,7,484,7,10,0.5350781321251534,116813.80898494,636.5,1211.38,1211.38,1211.38,1211.38,-0.115466,-0.115466
1197|10,111.5,602,8,10,0.5350781321251534,116813.80898494,636.5,644.699,644.699,644.699,644.699,-0.0069241,-0.0069241
1197|9,0.0004479999999999,78594,1,9,0.5350781321251534,116813.80898494,636.5,93279.4,93279.4,93279.4,93279.4,-0.526824,-0.526824
1197|9,0.00224,83899,2,9,0.5350781321251534,116813.80898494,636.5,108296,108296,108296,108296,-0.777116,-0.777116
1197|9,0.0111999999999999,69732,3,9,0.5350781321251534,116813.80898494,636.5,112756,112756,112756,112756,-1.32627,-1.32627
1197|9,0.0559999999999999,27611,4,9,0.5350781321251534,116813.80898494,636.5,103811,103811,103811,103811,-2.51125,-2.51125
1197|9,0.2799999999999999,1566,5,9,0.5350781321251534,116813.80898494,636.5,49793.4,49793.4,49793.4,49793.4,-2.72709,-2.72709
1197|9,1.4,560,6,9,0.5350781321251534,116813.80898494,636.5,7431.83,7431.83,7431.83,7431.83,-0.885854,-0.885854
1197|9,7,566,7,9,0.5350781321251534,116813.80898494,636.5,1222.48,1222.48,1222.48,1222.48,-0.104167,-0.104167
1197|9,35,568,8,9,0.5350781321251534,116813.80898494,636.5,680.722,680.722,680.722,680.722,-0.018254,-0.018254
1197|3,0.0010624,83416,1,3,0.5350781321251534,116813.80898494,636.5,91218.2,91218.2,91218.2,91218.2,-0.284831,-0.284831
1197|3,0.005312,89383,2,3,0.5350781321251534,116813.80898494,636.5,106013,106013,106013,106013,-0.538886,-0.538886
1197|3,0.02656,58909,3,3,0.5350781321251534,116813.80898494,636.5,107881,107881,107881,107881,-1.56475,-1.56475
1197|3,0.1328,9266,4,3,0.5350781321251534,116813.80898494,636.5,79707.7,79707.7,79707.7,79707.7,-2.85248,-2.85248
1197|3,0.664,850,5,3,0.5350781321251534,116813.80898494,636.5,19428.9,19428.9,19428.9,19428.9,-1.7579,-1.7579
1197|3,3.32,606,6,3,0.5350781321251534,116813.80898494,636.5,2502.8,2502.8,2502.8,2502.8,-0.287299,-0.287299
1197|3,16.6,578,7,3,0.5350781321251534,116813.80898494,636.5,791.507,791.507,791.507,791.507,-0.0344301,-0.0344301
1197|3,83,552,8,3,0.5350781321251534,116813.80898494,636.5,648.802,648.802,648.802,648.802,-0.0156949,-0.0156949
1197|4,0.0010624,79953,1,4,0.5350781321251534,116813.80898494,636.5,93261.2,93261.3,93261.3,93261.3,-0.477492,-0.477492
1197|4,0.005312,90004,2,4,0.5350781321251534,116813.80898494,636.5,108050,108050,108050,108050,-0.57587,-0.57587
1197|4,0.02656,58715,3,4,0.5350781321251534,116813.80898494,636.5,109853,109853,109853,109853,-1.61017,-1.61017
1197|4,0.1328,7962,4,4,0.5350781321251534,116813.80898494,636.5,81138.4,81138.4,81138.4,81138.4,-2.92352,-2.92352
1197|4,0.664,770,5,4,0.5350781321251534,116813.80898494,636.5,19768.9,19768.9,19768.9,19768.9,-1.78419,-1.78419
1197|4,3.32,568,6,4,0.5350781321251534,116813.80898494,636.5,2537.09,2537.09,2537.09,2537.09,-0.297886,-0.297886
1197|4,16.6,564,7,4,0.5350781321251534,116813.80898494,636.5,794.484,794.484,794.484,794.484,-0.0371637,-0.0371637
1197|4,83,596,8,4,0.5350781321251534,116813.80898494,636.5,649.057,649.057,649.057,649.057,-0.00860225,-0.00860225
1197|11,0.0014272,67698,1,11,0.5350781321251534,116813.80898494,636.5,85639.7,85639.7,85639.7,85639.7,-0.687815,-0.687815
1197|11,0.007136,59779,2,11,0.5350781321251534,116813.80898494,636.5,100286,100286,100286,100286,-1.37231,-1.37231
1197|11,0.03568,23906,3,11,0.5350781321251534,116813.80898494,636.5,100500,100500,100500,100500,-2.59048,-2.59048
1197|11,0.1784,2906,4,11,0.5350781321251534,116813.80898494,636.5,64836.5,64836.5,64836.5,64836.5,-2.91989,-2.91989
1197|11,0.892,526,5,11,0.5350781321251534,116813.80898494,636.5,12748.5,12748.5,12748.5,12748.5,-1.35757,-1.35757
1197|11,4.46,512,6,11,0.5350781321251534,116813.80898494,636.5,1773.05,1773.05,1773.05,1773.05,-0.196084,-0.196084
1197|11,22.3,520,7,11,0.5350781321251534,116813.80898494,636.5,730.48,730.48,730.48,730.48,-0.0340205,-0.0340205
1197|11,35,602,8,11,0.5350781321251534,116813.80898494,636.5,677.171,677.171,677.171,677.171,-0.0121747,-0.0121747
77|6,0.0006144,31418,1,6,-0.06431371042071,41988.2223733455,476.5,42545.1,37839.5,37839.5,37839.5,-0.431456,-0.431456
77|6,0.003072,16903,2,6,-0.06431371042071,41988.2223733455,476.5,42117.3,17327.5,17327.5,17327.5,-0.0421254,-0.0421254
77|6,0.01536,4450,3,6,-0.06431371042071,41988.2223733455,476.5,41388.6,2755.26,2755.26,2755.26,0.254414,0.254414
77|6,0.0768,1342,4,6,-0.06431371042071,41988.2223733455,476.5,35496.2,682.31,682.31,682.31,0.106823,0.106823
77|6,0.384,938,5,6,-0.06431371042071,41988.2223733455,476.5,13574.1,495.091,495.091,495.091,0.0722327,0.0722327
77|6,1.92,712,6,6,-0.06431371042071,41988.2223733455,476.5,2052.97,479.006,479.006,479.006,0.0380216,0.0380216
77|6,9.6,794,7,6,-0.06431371042071,41988.2223733455,476.5,617.5,477.629,477.629,477.629,0.0516304,0.0516304
77|6,48,626,8,6,-0.06431371042071,41988.2223733455,476.5,489.615,477.511,477.511,477.511,0.0242329,0.0242329
77|5,0.0006144,34690,1,5,-0.06431371042071,41988.2223733455,476.5,42551,37844.8,37844.8,37844.8,-0.21195,-0.21195
77|5,0.003072,18239,2,5,-0.06431371042071,41988.2223733455,476.5,42123.2,17329.9,17329.9,17329.9,0.0902182,0.0902182
77|5,0.01536,4564,3,5,-0.06431371042071,41988.2223733455,476.5,41394.5,2755.59,2755.59,2755.59,0.271475,0.271475
77|5,0.0768,1360,4,5,-0.06431371042071,41988.2223733455,476.5,35501.2,682.34,682.34,682.34,0.109732,0.109732
77|5,0.384,1130,5,5,-0.06431371042071,41988.2223733455,476.5,13576,495.093,495.093,495.093,0.103545,0.103545
77|5,1.92,728,6,5,-0.06431371042071,41988.2223733455,476.5,2053.2,479.006,479.006,479.006,0.0406326,0.0406326
77|5,9.6,752,7,5,-0.06431371042071,41988.2223733455,476.5,617.52,477.629,477.629,477.629,0.0447762,0.0447762
77|5,48,878,8,5,-0.06431371042071,41988.2223733455,476.5,489.617,477.511,477.511,477.511,0.0653585,0.0653585
77|3,0.000064,43169,1,3,-0.06431371042071,41988.2223733455,476.5,42625.1,42458.2,42458.2,42458.2,0.044518,0.044518
77|3,0.00032,39049,2,3,-0.06431371042071,41988.2223733455,476.5,42247.3,40391.8,40391.8,40391.8,-0.0867359,-0.0867359
77|3,0.0016,29908,3,3,-0.06431371042071,41988.2223733455,476.5,42092.1,27439.5,27439.5,27439.5,0.198336,0.198336
77|3,0.008,10350,4,3,-0.06431371042071,41988.2223733455,476.5,41826.7,6124.58,6124.58,6124.58,0.567098,0.567098
77|3,0.04,1788,5,3,-0.06431371042071,41988.2223733455,476.5,39403.2,1028.78,1028.78,1028.78,0.121343,0.121343
77|3,0.2,944,6,3,-0.06431371042071,41988.2223733455,476.5,23596.8,525.265,525.265,525.265,0.0682116,0.0682116
77|3,1,862,7,3,-0.06431371042071,41988.2223733455,476.5,4506.8,481.602,481.602,481.602,0.06207,0.06207
77|3,5,850,8,3,-0.06431371042071,41988.2223733455,476.5,858.745,477.854,477.854,477.854,0.0607322,0.0607322
77|4,0.000064,45568,1,4,-0.06431371042071,41988.2223733455,476.5,42574.2,42407.5,42407.5,42407.5,0.198102,0.198102
77|4,0.00032,42519,2,4,-0.06431371042071,41988.2223733455,476.5,42196.4,40343.1,40343.1,40343.1,0.140651,0.140651
77|4,0.0016,32499,3,4,-0.06431371042071,41988.2223733455,476.5,42041.2,27406.5,27406.5,27406.5,0.409418,0.409418
77|4,0.008,11100,4,4,-0.06431371042071,41988.2223733455,476.5,41776,6117.67,6117.67,6117.67,0.66883,0.66883
77|4,0.04,1742,5,4,-0.06431371042071,41988.2223733455,476.5,39355.6,1028.11,1028.11,1028.11,0.114102,0.114102
77|4,0.2,908,6,4,-0.06431371042071,41988.2223733455,476.5,23568.6,525.206,525.206,525.206,0.0623569,0.0623569
77|4,1,792,7,4,-0.06431371042071,41988.2223733455,476.5,4501.89,481.597,481.597,481.597,0.0506489,0.0506489
77|4,5,628,8,4,-0.06431371042071,41988.2223733455,476.5,858.284,477.853,477.853,477.853,0.0245031,0.0245031
77|9,0.0003648,39501,1,9,-0.06431371042071,41988.2223733455,476.5,42572.1,42572.2,42572.2,42572.2,-0.192039,-0.192039
77|9,0.001824,33817,2,9,-0.06431371042071,41988.2223733455,476.5,42172.7,42172.7,42172.7,42172.7,-0.525557,-0.525557
77|9,0.00912,26621,3,9,-0.06431371042071,41988.2223733455,476.5,41766.6,41766.6,41766.6,41766.6,-0.95837,-0.95837
77|9,0.0456,18897,4,9,-0.06431371042071,41988.2223733455,476.5,38811,38811,38811,38811,-1.31786,-1.31786
77|9,0.228,6130,5,9,-0.06431371042071,41988.2223733455,476.5,21474.3,21474.3,21474.3,21474.3,-1.38886,-1.38886
77|9,1.14,1632,6,9,-0.06431371042071,41988.2223733455,476.5,3819.43,3819.43,3819.43,3819.43,-0.316526,-0.316526
77|9,5.7,948,7,9,-0.06431371042071,41988.2223733455,476.5,786.916,786.915,786.915,786.915,0.025981,0.025981
77|9,28.5,518,8,9,-0.06431371042071,41988.2223733455,476.5,504.376,504.376,504.376,504.376,0.00222106,0.00222106
77|10,0.0003648,35866,1,10,-0.06431371042071,41988.2223733455,476.5,42623.1,42623.1,42623.1,42623.1,-0.422204,-0.422204
77|10,0.001824,34189,2,10,-0.06431371042071,41988.2223733455,476.5,42223.5,42223.6,42223.6,42223.6,-0.50498,-0.50498
77|10,0.00912,29560,3,10,-0.06431371042071,41988.2223733455,476.5,41817.2,41817.2,41817.2,41817.2,-0.775017,-0.775017
77|10,0.0456,18735,4,10,-0.06431371042071,41988.2223733455,476.5,38858,38858,38858,38858,-1.33072,-1.33072
77|10,0.228,5920,5,10,-0.06431371042071,41988.2223733455,476.5,21500,21500,21500,21500,-1.40943,-1.40943
77|10,1.14,1412,6,10,-0.06431371042071,41988.2223733455,476.5,3823.52,3823.52,3823.52,3823.52,-0.348904,-0.348904
77|10,5.7,958,7,10,-0.06431371042071,41988.2223733455,476.5,787.294,787.293,787.293,787.293,0.0275326,0.0275326
77|10,28.5,822,8,10,-0.06431371042071,41988.2223733455,476.5,504.409,504.409,504.409,504.409,0.0517766,0.0517766
77|8,0.0000768,34940,1,8,-0.06431371042071,41988.2223733455,476.5,42555.7,42555.7,42555.7,42555.7,-0.476326,-0.476326
77|8,0.000384,36968,2,8,-0.06431371042071,41988.2223733455,476.5,42177.4,42177.4,42177.4,42177.4,-0.327638,-0.327638
77|8,0.00192,37060,3,8,-0.06431371042071,41988.2223733455,476.5,42016.1,42016.1,42016.1,42016.1,-0.312449,-0.312449
77|8,0.0096,34816,4,8,-0.06431371042071,41988.2223733455,476.5,41680.7,41680.7,41680.7,41680.7,-0.43493,-0.43493
77|8,0.048,23358,5,8,-0.06431371042071,41988.2223733455,476.5,38554.4,38554.4,38554.4,38554.4,-1.00967,-1.00967
77|8,0.24,5846,6,8,-0.06431371042071,41988.2223733455,476.5,20673,20673,20673,20673,-1.36524,-1.36524
77|8,1.2,1892,7,8,-0.06431371042071,41988.2223733455,476.5,3595.14,3595.14,3595.14,3595.14,-0.248337,-0.248337
77|8,6,882,8,8,-0.06431371042071,41988.2223733455,476.5,766.206,766.205,766.205,766.205,0.018691,0.018691
77|7,0.0000768,30832,1,7,-0.06431371042071,41988.2223733455,476.5,42549.7,42549.7,42549.7,42549.7,-0.732952,-0.732952
77|7,0.000384,38389,2,7,-0.06431371042071,41988.2223733455,476.5,42171.4,42171.4,42171.4,42171.4,-0.237911,-0.237911
77|7,0.00192,35394,3,7,-0.06431371042071,41988.2223733455,476.5,42010.1,42010.1,42010.1,42010.1,-0.417141,-0.417141
77|7,0.0096,35666,4,7,-0.06431371042071,41988.2223733455,476.5,41674.7,41674.7,41674.7,41674.7,-0.380734,-0.380734
77|7,0.048,22898,5,7,-0.06431371042071,41988.2223733455,476.5,38548.9,38548.9,38548.9,38548.9,-1.03996,-1.03996
77|7,0.24,7590,6,7,-0.06431371042071,41988.2223733455,476.5,20670.1,20670.1,20670.1,20670.1,-1.20447,-1.20447
77|7,1.2,1360,7,7,-0.06431371042071,41988.2223733455,476.5,3594.7,3594.69,3594.69,3594.69,-0.325848,-0.325848
77|7,6,822,8,7,-0.06431371042071,41988.2223733455,476.5,766.165,766.164,766.164,766.164,0.00901271,0.00901271
77|12,0.0003712,45444,1,12,-0.06431371042071,41988.2223733455,476.5,43138.7,43138.8,43138.8,43138.8,0.14296,0.14296
77|12,0.001856,37090,2,12,-0.06431371042071,41988.2223733455,476.5,42738.3,42738.3,42738.3,42738.3,-0.352332,-0.352332
77|12,0.00928,32149,3,12,-0.06431371042071,41988.2223733455,476.5,42321.3,42321.3,42321.3,42321.3,-0.638422,-0.638422
77|12,0.0464,16881,4,12,-0.06431371042071,41988.2223733455,476.5,39253.3,39253.4,39253.4,39253.4,-1.47046,-1.47046
77|12,0.2319999999999999,2962,5,12,-0.06431371042071,41988.2223733455,476.5,21481,21481,21481,21481,-1.67598,-1.67598
77|12,1.16,426,6,12,-0.06431371042071,41988.2223733455,476.5,3783.11,3783.1,3783.1,3783.1,-0.486379,-0.486379
77|12,5.8,460,7,12,-0.06431371042071,41988.2223733455,476.5,782.954,782.953,782.953,782.953,-0.0520963,-0.0520963
77|12,29,486,8,12,-0.06431371042071,41988.2223733455,476.5,504.024,504.024,504.024,504.024,-0.00293852,-0.00293852
77|11,0.0003712,46172,1,11,-0.06431371042071,41988.2223733455,476.5,42761.7,42761.7,42761.7,42761.7,0.212657,0.212657
77|11,0.001856,35384,2,11,-0.06431371042071,41988.2223733455,476.5,42361.5,42361.5,42361.5,42361.5,-0.437652,-0.437652
77|11,0.00928,31066,3,11,-0.06431371042071,41988.2223733455,476.5,41947,41947,41947,41947,-0.686678,-0.686678
77|11,0.0464,17065,4,11,-0.06431371042071,41988.2223733455,476.5,38906.1,38906.1,38906.1,38906.1,-1.44326,-1.44326
77|11,0.2319999999999999,3456,5,11,-0.06431371042071,41988.2223733455,476.5,21292.9,21292.9,21292.9,21292.9,-1.62071,-1.62071
77|11,1.16,552,6,11,-0.06431371042071,41988.2223733455,476.5,3753.53,3753.53,3753.53,3753.53,-0.464306,-0.464306
77|11,5.8,432,7,11,-0.06431371042071,41988.2223733455,476.5,780.23,780.229,780.229,780.229,-0.0561795,-0.0561795
77|11,29,516,8,11,-0.06431371042071,41988.2223733455,476.5,503.79,503.79,503.79,503.79,0.00199066,0.00199066
745|7,0.0016767999999999,14036,1,7,0.1560078845540696,43666.5428025049,468.5,40932.7,40932.7,40932.7,40932.7,-1.72325,-1.72325
745|7,0.0083839999999999,8654,2,7,0.1560078845540696,43666.5428025049,468.5,42506.3,42506.3,42506.3,42506.3,-2.11883,-2.11883
745|7,0.04192,2340,3,7,0.1560078845540696,43666.5428025049,468.5,40484.6,40484.6,40484.6,40484.6,-2.46045,-2.46045
745|7,0.2096,544,4,7,0.1560078845540696,43666.5428025049,468.5,23675.6,23675.6,23675.6,23675.6,-2.00031,-2.00031
745|7,1.048,500,5,7,0.1560078845540696,43666.5428025049,468.5,4372,4372,4372,4372,-0.549982,-0.549982
745|7,5.24,446,6,7,0.1560078845540696,43666.5428025049,468.5,831.443,831.444,831.444,831.444,-0.0620631,-0.0620631
745|7,26.2,530,7,7,0.1560078845540696,43666.5428025049,468.5,500.21,500.21,500.21,500.21,0.00485746,0.00485746
745|7,131,486,8,7,0.1560078845540696,43666.5428025049,468.5,472.015,472.015,472.015,472.015,0.00228284,0.00228284
745|8,0.0016767999999999,19753,1,8,0.1560078845540696,43666.5428025049,468.5,40903.9,40903.9,40903.9,40903.9,-1.35571,-1.35571
745|8,0.0083839999999999,15397,2,8,0.1560078845540696,43666.5428025049,468.5,42477.7,42477.7,42477.7,42477.7,-1.6957,-1.6957
745|8,0.04192,2644,3,8,0.1560078845540696,43666.5428025049,468.5,40457.8,40457.8,40457.8,40457.8,-2.4401,-2.4401
745|8,0.2096,626,4,8,0.1560078845540696,43666.5428025049,468.5,23660.1,23660.1,23660.1,23660.1,-1.99251,-1.99251
745|8,1.048,466,5,8,0.1560078845540696,43666.5428025049,468.5,4369.39,4369.4,4369.4,4369.4,-0.554489,-0.554489
745|8,5.24,480,6,8,0.1560078845540696,43666.5428025049,468.5,831.2,831.201,831.201,831.201,-0.0565499,-0.0565499
745|8,26.2,496,7,8,0.1560078845540696,43666.5428025049,468.5,500.189,500.189,500.189,500.189,-0.000683003,-0.000683003
745|8,131,504,8,8,0.1560078845540696,43666.5428025049,468.5,472.013,472.013,472.013,472.013,0.00522129,0.00522129
745|6,0.0004351999999999,15921,1,6,0.1560078845540696,43666.5428025049,468.5,40951.7,40951.7,40951.7,40951.7,-1.60324,-1.60324
745|6,0.0021759999999999,19539,2,6,0.1560078845540696,43666.5428025049,468.5,42736.9,42736.9,42736.9,42736.9,-1.44707,-1.44707
745|6,0.0108799999999999,15797,3,6,0.1560078845540696,43666.5428025049,468.5,43029.6,43029.6,43029.6,43029.6,-1.69152,-1.69152
745|6,0.0543999999999999,4440,4,6,0.1560078845540696,43666.5428025049,468.5,39379,39379,39379,39379,-2.29198,-2.29198
745|6,0.2719999999999999,686,5,6,0.1560078845540696,43666.5428025049,468.5,19394.5,19394.5,19394.5,19394.5,-1.77152,-1.77152
745|6,1.36,510,6,6,0.1560078845540696,43666.5428025049,468.5,3157,3157.01,3157.01,3157.01,-0.39183,-0.39183
745|6,6.8,482,7,6,0.1560078845540696,43666.5428025049,468.5,709.499,709.5,709.5,709.5,-0.0368007,-0.0368007
745|6,34,442,8,6,0.1560078845540696,43666.5428025049,468.5,489.242,489.242,489.242,489.242,-0.00770624,-0.00770624
745|5,0.0004351999999999,22410,1,5,0.1560078845540696,43666.5428025049,468.5,40922.9,40922.9,40922.9,40922.9,-1.18628,-1.18628
745|5,0.0021759999999999,20920,2,5,0.1560078845540696,43666.5428025049,468.5,42708.1,42708.1,42708.1,42708.1,-1.3597,-1.3597
745|5,0.0108799999999999,19255,3,5,0.1560078845540696,43666.5428025049,468.5,43001.1,43001.1,43001.1,43001.1,-1.47557,-1.47557
745|5,0.0543999999999999,5578,4,5,0.1560078845540696,43666.5428025049,468.5,39353,39353,39353,39353,-2.21651,-2.21651
745|5,0.2719999999999999,778,5,5,0.1560078845540696,43666.5428025049,468.5,19381.8,19381.8,19381.8,19381.8,-1.7621,-1.7621
745|5,3.32,492,6,5,0.1560078845540696,43666.5428025049,468.5,1189.8,1189.8,1189.8,1189.8,-0.110859,-0.110859
745|5,6.8,448,7,5,0.1560078845540696,43666.5428025049,468.5,709.336,709.336,709.336,709.336,-0.0422744,-0.0422744
745|5,34,514,8,5,0.1560078845540696,43666.5428025049,468.5,489.228,489.228,489.228,489.228,0.00404095,0.00404095
745|3,0.0010624,37523,1,3,0.1560078845540696,43666.5428025049,468.5,40580.1,40580.1,40580.1,40580.1,-0.196911,-0.196911
745|3,0.005312,37208,2,3,0.1560078845540696,43666.5428025049,468.5,42276.2,42276.2,42276.2,42276.2,-0.318294,-0.318294
745|3,0.02656,26461,3,3,0.1560078845540696,43666.5428025049,468.5,41559.6,41559.6,41559.6,41559.6,-0.958334,-0.958334
745|3,0.1328,7202,4,3,0.1560078845540696,43666.5428025049,468.5,30438.9,30438.9,30438.9,30438.9,-1.76721,-1.76721
745|3,0.664,758,5,3,0.1560078845540696,43666.5428025049,468.5,7591.87,7591.86,7591.86,7591.86,-0.876721,-0.876721
745|3,1.36,492,6,3,0.1560078845540696,43666.5428025049,468.5,3134.26,3134.25,3134.25,3134.25,-0.391435,-0.391435
745|3,16.6,474,7,3,0.1560078845540696,43666.5428025049,468.5,530.601,530.601,530.601,530.601,-0.00921832,-0.00921832
745|3,83,544,8,3,0.1560078845540696,43666.5428025049,468.5,474.505,474.505,474.505,474.505,0.0113427,0.0113427
745|11,0.0014272,34041,1,11,0.1560078845540696,43666.5428025049,468.5,39904.7,39904.7,39904.7,39904.7,-0.381573,-0.381573
745|11,0.007136,31669,2,11,0.1560078845540696,43666.5428025049,468.5,41535.6,41535.6,41535.6,41535.6,-0.626475,-0.626475
745|11,0.03568,15013,3,11,0.1560078845540696,43666.5428025049,468.5,40115.2,40115.2,40115.2,40115.2,-1.62827,-1.62827
745|11,0.1784,2764,4,11,0.1560078845540696,43666.5428025049,468.5,25663.6,25663.6,25663.6,25663.6,-1.90356,-1.90356
745|11,0.892,588,5,11,0.1560078845540696,43666.5428025049,468.5,5222.31,5222.32,5222.32,5222.32,-0.640143,-0.640143
745|11,4.46,514,6,11,0.1560078845540696,43666.5428025049,468.5,920.318,920.319,920.319,920.319,-0.0652057,-0.0652057
745|11,22.3,488,7,11,0.1560078845540696,43666.5428025049,468.5,507.818,507.818,507.818,507.818,-0.00323049,-0.00323049
745|11,111.5,454,8,11,0.1560078845540696,43666.5428025049,468.5,472.635,472.635,472.635,472.635,-0.00304169,-0.00304169
745|12,0.0014272,35658,1,12,0.1560078845540696,43666.5428025049,468.5,38084.8,38084.8,38084.8,38084.8,-0.16243,-0.16243
745|12,0.007136,33363,2,12,0.1560078845540696,43666.5428025049,468.5,39723.8,39723.9,39723.9,39723.9,-0.415069,-0.415069
745|12,0.03568,19647,3,12,0.1560078845540696,43666.5428025049,468.5,38393.6,38393.6,38393.6,38393.6,-1.24868,-1.24868
745|12,0.1784,2970,4,12,0.1560078845540696,43666.5428025049,468.5,24575.1,24575.1,24575.1,24575.1,-1.83486,-1.83486
745|12,0.892,516,5,12,0.1560078845540696,43666.5428025049,468.5,5016.96,5016.96,5016.96,5016.96,-0.625883,-0.625883
745|12,4.46,476,6,12,0.1560078845540696,43666.5428025049,468.5,900.741,900.742,900.742,900.742,-0.0682123,-0.0682123
745|12,22.3,430,7,12,0.1560078845540696,43666.5428025049,468.5,506.127,506.128,506.128,506.128,-0.0124102,-0.0124102
745|12,111.5,508,8,12,0.1560078845540696,43666.5428025049,468.5,472.49,472.49,472.49,472.49,0.00579622,0.00579622
745|10,0.0004479999999999,30856,1,10,0.1560078845540696,43666.5428025049,468.5,40588,40588,40588,40588,-0.626766,-0.626766
745|10,0.00224,33967,2,10,0.1560078845540696,43666.5428025049,468.5,42372,42372,42372,42372,-0.527112,-0.527112
745|10,0.0111999999999999,30390,3,10,0.1560078845540696,43666.5428025049,468.5,42651.7,42651.7,42651.7,42651.7,-0.76583,-0.76583
745|10,0.0559999999999999,15487,4,10,0.1560078845540696,43666.5428025049,468.5,38879.5,38879.5,38879.5,38879.5,-1.54641,-1.54641
745|10,0.2799999999999999,2782,5,10,0.1560078845540696,43666.5428025049,468.5,18769.6,18769.6,18769.6,18769.6,-1.53516,-1.53516
745|10,1.4,586,6,10,0.1560078845540696,43666.5428025049,468.5,3025.73,3025.73,3025.73,3025.73,-0.362799,-0.362799
745|10,7,518,7,10,0.1560078845540696,43666.5428025049,468.5,697.183,697.184,697.184,697.184,-0.0289986,-0.0289986
745|10,35,628,8,10,0.1560078845540696,43666.5428025049,468.5,488.217,488.217,488.217,488.217,0.0228028,0.0228028
745|9,0.0004479999999999,34245,1,9,0.1560078845540696,43666.5428025049,468.5,40833.8,40833.8,40833.8,40833.8,-0.422767,-0.422767
745|9,0.00224,30544,2,9,0.1560078845540696,43666.5428025049,468.5,42617.6,42617.6,42617.6,42617.6,-0.754461,-0.754461
745|9,0.0111999999999999,32845,3,9,0.1560078845540696,43666.5428025049,468.5,42895.1,42895.1,42895.1,42895.1,-0.625472,-0.625472
745|9,0.0559999999999999,16947,4,9,0.1560078845540696,43666.5428025049,468.5,39100.1,39100.1,39100.1,39100.1,-1.45949,-1.45949
745|9,0.2799999999999999,2844,5,9,0.1560078845540696,43666.5428025049,468.5,18874.7,18874.7,18874.7,18874.7,-1.53567,-1.53567
745|9,1.4,526,6,9,0.1560078845540696,43666.5428025049,468.5,3040.48,3040.48,3040.48,3040.48,-0.373723,-0.373723
745|9,7,504,7,9,0.1560078845540696,43666.5428025049,468.5,698.518,698.518,698.518,698.518,-0.0314786,-0.0314786
745|9,35,506,8,9,0.1560078845540696,43666.5428025049,468.5,488.332,488.332,488.332,488.332,0.00288219,0.00288219
745|4,0.0010624,34037,1,4,0.1560078845540696,43666.5428025049,468.5,40825.9,40825.9,40825.9,40825.9,-0.435657,-0.435657
745|4,0.005312,36046,2,4,0.1560078845540696,43666.5428025049,468.5,42521.2,42521.2,42521.2,42521.2,-0.405197,-0.405197
745|4,0.02656,26077,3,4,0.1560078845540696,43666.5428025049,468.5,41796.7,41796.7,41796.7,41796.7,-0.994251,-0.994251
745|4,0.1328,8328,4,4,0.1560078845540696,43666.5428025049,468.5,30611,30611,30611,30611,-1.68948,-1.68948
745|4,0.664,672,5,4,0.1560078845540696,43666.5428025049,468.5,7632.76,7632.76,7632.76,7632.76,-0.891903,-0.891903
745|4,3.32,466,6,4,0.1560078845540696,43666.5428025049,468.5,1188.31,1188.31,1188.31,1188.31,-0.114758,-0.114758
745|4,16.6,460,7,4,0.1560078845540696,43666.5428025049,468.5,530.959,530.959,530.959,530.959,-0.0115566,-0.0115566
745|4,83,550,8,4,0.1560078845540696,43666.5428025049,468.5,474.535,474.535,474.535,474.535,0.012317,0.012317
322|6,0.0006144,61466,1,6,0.2728491479167245,61719.7628055607,489,55391.1,55153.1,55153.1,55153.1,0.333297,0.333297
322|6,0.003072,43953,2,6,0.2728491479167245,61719.7628055607,489,59551.3,45557.1,45557.1,45557.1,-0.0961019,-0.0961019
322|6,0.01536,17317,3,6,0.2728491479167245,61719.7628055607,489,60216.8,13258.9,13258.9,13258.9,0.444833,0.444833
322|6,0.0768,3170,4,6,0.2728491479167245,61719.7628055607,489,52087.7,1850.21,1850.21,1850.21,0.204643,0.204643
322|6,0.384,1668,5,6,0.2728491479167245,61719.7628055607,489,19786.9,608.713,608.713,608.713,0.172009,0.172009
322|6,1.92,986,6,6,0.2728491479167245,61719.7628055607,489,2790.06,500.102,500.102,500.102,0.0792285,0.0792285
322|6,9.6,876,7,6,0.2728491479167245,61719.7628055607,489,688.574,490.846,490.846,490.846,0.0628237,0.0628237
322|6,48,568,8,6,0.2728491479167245,61719.7628055607,489,505.811,490.068,490.068,490.068,0.0127121,0.0127121
322|5,0.0006144,57284,1,5,0.2728491479167245,61719.7628055607,489,55323.9,55100.7,55100.7,55100.7,0.115343,0.115343
322|5,0.003072,45244,2,5,0.2728491479167245,61719.7628055607,489,59484.2,45516.4,45516.4,45516.4,-0.0163273,-0.0163273
322|5,0.01536,15013,3,5,0.2728491479167245,61719.7628055607,489,60150.7,13247.5,13247.5,13247.5,0.193576,0.193576
322|5,0.0768,3166,4,5,0.2728491479167245,61719.7628055607,489,52031,1849.01,1849.01,1849.01,0.204217,0.204217
322|5,0.384,1700,5,5,0.2728491479167245,61719.7628055607,489,19765.7,608.609,608.609,608.609,0.177223,0.177223
322|5,1.92,1178,6,5,0.2728491479167245,61719.7628055607,489,2787.51,500.093,500.093,500.093,0.110537,0.110537
322|5,9.6,802,7,5,0.2728491479167245,61719.7628055607,489,688.348,490.846,490.846,490.846,0.0507535,0.0507535
322|5,48,592,8,5,0.2728491479167245,61719.7628055607,489,505.792,490.068,490.068,490.068,0.0166269,0.0166269
322|3,0.000064,68369,1,3,0.2728491479167245,61719.7628055607,489,54549.6,55928.8,55928.8,55928.8,0.650556,0.650556
322|3,0.00032,67810,2,3,0.2728491479167245,61719.7628055607,489,58781.3,58776.8,58776.8,58776.8,0.456459,0.456459
322|3,0.0016,52285,3,3,0.2728491479167245,61719.7628055607,489,60286.7,54220,54220,54220,-0.103356,-0.103356
322|3,0.008,24757,4,3,0.2728491479167245,61719.7628055607,489,60462.2,25827.9,25827.9,25827.9,-0.0887377,-0.0887377
322|3,0.04,6502,5,3,0.2728491479167245,61719.7628055607,489,56947.3,4001.1,4001.1,4001.1,0.35967,0.35967
322|3,0.2,1324,6,3,0.2728491479167245,61719.7628055607,489,33710.6,804.945,804.945,804.945,0.0836605,0.0836605
322|3,1,1184,7,3,0.2728491479167245,61719.7628055607,489,6113.04,516.505,516.505,516.505,0.108771,0.108771
322|3,5,732,8,3,0.2728491479167245,61719.7628055607,489,978.994,492.137,492.137,492.137,0.039123,0.039123
322|4,0.000064,62415,1,4,0.2728491479167245,61719.7628055607,489,55122.6,56387.4,56387.4,56387.4,0.313452,0.313452
322|4,0.00032,67704,2,4,0.2728491479167245,61719.7628055607,489,59354.3,59231.1,59231.1,59231.1,0.425853,0.425853
322|4,0.0016,62973,3,4,0.2728491479167245,61719.7628055607,489,60859.4,54630.3,54630.3,54630.3,0.443334,0.443334
322|4,0.008,31769,4,4,0.2728491479167245,61719.7628055607,489,61031.9,26020.1,26020.1,26020.1,0.474588,0.474588
322|4,0.04,7024,5,4,0.2728491479167245,61719.7628055607,489,57483.6,4027.73,4027.73,4027.73,0.430525,0.430525
322|4,0.2,2158,6,4,0.2728491479167245,61719.7628055607,489,34028.8,807.35,807.35,807.35,0.217676,0.217676
322|4,1,1208,7,4,0.2728491479167245,61719.7628055607,489,6168.31,516.712,516.712,516.712,0.112647,0.112647
322|4,5,738,8,4,0.2728491479167245,61719.7628055607,489,984.177,492.154,492.154,492.154,0.0400988,0.0400988
322|10,0.0003648,59489,1,10,0.2728491479167245,61719.7628055607,489,54547,55680.4,55680.4,55680.4,0.199779,0.199779
322|10,0.001824,58098,2,10,0.2728491479167245,61719.7628055607,489,58748.2,55887.1,55887.1,55887.1,0.115679,0.115679
322|10,0.00912,33755,3,10,0.2728491479167245,61719.7628055607,489,59891.8,35134.4,35134.4,35134.4,-0.0968039,-0.0968039
322|10,0.0456,5730,4,10,0.2728491479167245,61719.7628055607,489,56156.5,6795.38,6795.38,6795.38,-0.140031,-0.140031
322|10,0.228,522,5,10,0.2728491479167245,61719.7628055607,489,30980.7,1085.92,1085.92,1085.92,-0.0899365,-0.0899365
322|10,1.14,508,6,10,0.2728491479167245,61719.7628055607,489,5297.96,541.077,541.077,541.077,-0.00538497,-0.00538497
322|10,5.7,466,7,10,0.2728491479167245,61719.7628055607,489,922.329,494.281,494.281,494.281,-0.00461246,-0.00461246
322|10,28.5,506,8,10,0.2728491479167245,61719.7628055607,489,524.514,490.345,490.345,490.345,0.00255359,0.00255359
322|9,0.0003648,63211,1,9,0.2728491479167245,61719.7628055607,489,55120,56136.9,56136.9,56136.9,0.368998,0.368998
322|9,0.001824,58837,2,9,0.2728491479167245,61719.7628055607,489,59320.8,56318.9,56318.9,56318.9,0.131058,0.131058
322|9,0.00912,39073,3,9,0.2728491479167245,61719.7628055607,489,60460.7,35398.9,35398.9,35398.9,0.256726,0.256726
322|9,0.0456,8670,4,9,0.2728491479167245,61719.7628055607,489,56685.3,6843.21,6843.21,6843.21,0.239757,0.239757
322|9,0.228,700,5,9,0.2728491479167245,61719.7628055607,489,31270.4,1090.44,1090.44,1090.44,-0.0622585,-0.0622585
322|9,1.14,472,6,9,0.2728491479167245,61719.7628055607,489,5344.01,541.467,541.467,541.467,-0.0113091,-0.0113091
322|9,5.7,500,7,9,0.2728491479167245,61719.7628055607,489,926.578,494.315,494.315,494.315,0.000927229,0.000927229
322|9,28.5,482,8,9,0.2728491479167245,61719.7628055607,489,524.88,490.348,490.348,490.348,-0.00136167,-0.00136167
322|7,0.0000768,65787,1,7,0.2728491479167245,61719.7628055607,489,55397.2,56628,56628,56628,0.4749,0.4749
322|7,0.000384,73386,2,7,0.2728491479167245,61719.7628055607,489,59628.1,59703,59703,59703,0.683913,0.683913
322|7,0.00192,64997,3,7,0.2728491479167245,61719.7628055607,489,61124.2,57406.7,57406.7,57406.7,0.389871,0.389871
322|7,0.0096,39945,4,7,0.2728491479167245,61719.7628055607,489,61191.4,34577.8,34577.8,34577.8,0.380147,0.380147
322|7,0.048,8318,5,7,0.2728491479167245,61719.7628055607,489,56585.7,6432.16,6432.16,6432.16,0.250675,0.250675
322|7,0.24,670,6,7,0.2728491479167245,61719.7628055607,489,29969.5,1043.97,1043.97,1043.97,-0.0597358,-0.0597358
322|7,1.2,500,7,7,0.2728491479167245,61719.7628055607,489,4911.39,536.798,536.798,536.798,-0.0059918,-0.0059918
322|7,6,490,8,7,0.2728491479167245,61719.7628055607,489,866.728,493.776,493.776,493.776,-0.000615886,-0.000615886
322|8,0.0000768,62071,1,8,0.2728491479167245,61719.7628055607,489,55330,56574.2,56574.2,56574.2,0.2852,0.2852
322|8,0.000384,68715,2,8,0.2728491479167245,61719.7628055607,489,59560.9,59649.5,59649.5,59649.5,0.453404,0.453404
322|8,0.00192,70174,3,8,0.2728491479167245,61719.7628055607,489,61057,57356.3,57356.3,57356.3,0.658774,0.658774
322|8,0.0096,40494,4,8,0.2728491479167245,61719.7628055607,489,61124.7,34547.8,34547.8,34547.8,0.421366,0.421366
322|8,0.048,8992,5,8,0.2728491479167245,61719.7628055607,489,56524,6426.93,6426.93,6426.93,0.341018,0.341018
322|8,0.24,784,6,8,0.2728491479167245,61719.7628055607,489,29936.9,1043.47,1043.47,1043.47,-0.0414482,-0.0414482
322|8,1.2,536,7,8,0.2728491479167245,61719.7628055607,489,4906.37,536.756,536.756,536.756,-0.000123124,-0.000123124
322|8,29,490,8,8,0.2728491479167245,61719.7628055607,489,524.095,490.34,490.34,490.34,-5.54168e-05,-5.54168e-05
322|12,0.0003712,46716,1,12,0.2728491479167245,61719.7628055607,489,48742,51172.5,51172.5,51172.5,-0.247477,-0.247477
322|12,0.001856,42028,2,12,0.2728491479167245,61719.7628055607,489,52945.6,52850.1,52850.1,52850.1,-0.588128,-0.588128
322|12,0.00928,33001,3,12,0.2728491479167245,61719.7628055607,489,54117.5,39617.5,39617.5,39617.5,-0.432456,-0.432456
322|12,0.0464,9910,4,12,0.2728491479167245,61719.7628055607,489,50695,9987.67,9987.67,9987.67,-0.00929433,-0.00929433
322|12,0.2319999999999999,1086,5,12,0.2728491479167245,61719.7628055607,489,27684.3,1451.6,1451.6,1451.6,-0.0575218,-0.0575218
322|12,1.16,452,6,12,0.2728491479167245,61719.7628055607,489,4726.5,572.939,572.939,572.939,-0.019665,-0.019665
322|12,5.8,472,7,12,0.2728491479167245,61719.7628055607,489,869.14,496.944,496.944,496.944,-0.00406773,-0.00406773
322|12,29,506,8,12,0.2728491479167245,61719.7628055607,489,520,490.557,490.557,490.557,0.00251905,0.00251905
322|11,0.0003712,53154,1,11,0.2728491479167245,61719.7628055607,489,52986.1,54561.7,54561.7,54561.7,-0.0748689,-0.0748689
322|11,0.001856,50238,2,11,0.2728491479167245,61719.7628055607,489,57187.2,56132.5,56132.5,56132.5,-0.307483,-0.307483
322|11,0.00928,51061,3,11,0.2728491479167245,61719.7628055607,489,58330.8,42016.1,42016.1,42016.1,0.570224,0.570224
322|11,0.0464,11824,4,11,0.2728491479167245,61719.7628055607,489,54603.6,10565.7,10565.7,10565.7,0.148175,0.148175
322|11,0.2319999999999999,1284,5,11,0.2728491479167245,61719.7628055607,489,29801.4,1510.13,1510.13,1510.13,-0.0355012,-0.0355012
322|11,1.16,466,6,11,0.2728491479167245,61719.7628055607,489,5059.35,578.023,578.023,578.023,-0.0182117,-0.0182117
322|11,5.8,472,7,11,0.2728491479167245,61719.7628055607,489,899.798,497.379,497.379,497.379,-0.00413865,-0.00413865
322|11,6,490,8,11,0.2728491479167245,61719.7628055607,489,850.202,496.594,496.594,496.594,-0.0010754,-0.0010754
1043|6,0.0004351999999999,53834,1,6,0.4581594561279049,61107.225240446,485,50953.2,50399.8,50399.8,50399.8,0.192645,0.192645
1043|6,0.0021759999999999,53832,2,6,0.4581594561279049,61107.225240446,485,57708.6,51144.3,51144.3,51144.3,0.149305,0.149305
1043|6,0.0108799999999999,37408,3,6,0.4581594561279049,61107.225240446,485,59661.2,24131,24131,24131,1.13764,1.13764
1043|6,0.0543999999999999,8112,4,6,0.4581594561279049,61107.225240446,485,55037.1,3697.19,3697.19,3697.19,0.641491,0.641491
1043|6,0.2719999999999999,562,5,6,0.4581594561279049,61107.225240446,485,27018.8,774.562,774.562,774.562,-0.0342998,-0.0342998
1043|6,1.36,452,6,6,0.4581594561279049,61107.225240446,485,4222.68,510.454,510.454,510.454,-0.0095275,-0.0095275
1043|6,6.8,476,7,6,0.4581594561279049,61107.225240446,485,810.917,488.005,488.005,488.005,-0.00195847,-0.00195847
1043|6,131,498,8,6,0.4581594561279049,61107.225240446,485,489.135,486.019,486.019,486.019,0.00195458,0.00195458
1043|7,0.0016767999999999,37150,1,7,0.4581594561279049,61107.225240446,485,50929.5,46890.5,46890.5,46890.5,-0.572827,-0.572827
1043|7,0.0083839999999999,21354,2,7,0.4581594561279049,61107.225240446,485,57396.4,28769.3,28769.3,28769.3,-0.581242,-0.581242
1043|7,0.04192,3898,3,7,0.4581594561279049,61107.225240446,485,56122.6,5085.55,5085.55,5085.55,-0.164767,-0.164767
1043|7,0.2096,538,4,7,0.4581594561279049,61107.225240446,485,33020.9,914.71,914.71,914.71,-0.0604668,-0.0604668
1043|7,1.048,474,5,7,0.4581594561279049,61107.225240446,485,5957.3,522.894,522.894,522.894,-0.00796556,-0.00796556
1043|7,5.24,484,6,7,0.4581594561279049,61107.225240446,485,989.242,489.115,489.115,489.115,-0.000834331,-0.000834331
1043|7,26.2,498,7,7,0.4581594561279049,61107.225240446,485,527.575,486.255,486.255,486.255,0.00191605,0.00191605
1043|7,131,562,8,7,0.4581594561279049,61107.225240446,485,489.135,486.019,486.019,486.019,0.0123958,0.0123958
1043|8,0.0016767999999999,42907,1,8,0.4581594561279049,61107.225240446,485,50821.7,46791.3,46791.3,46791.3,-0.228743,-0.228743
1043|8,0.0083839999999999,30010,2,8,0.4581594561279049,61107.225240446,485,57289.2,28716,28716,28716,0.10153,0.10153
1043|8,0.04192,6668,3,8,0.4581594561279049,61107.225240446,485,56022.1,5077.24,5077.24,5077.24,0.22077,0.22077
1043|8,0.2096,608,4,8,0.4581594561279049,61107.225240446,485,32962.9,913.945,913.945,913.945,-0.0491096,-0.0491096
1043|8,1.048,452,5,8,0.4581594561279049,61107.225240446,485,5947.55,522.829,522.829,522.829,-0.011539,-0.011539
1043|8,5.24,462,6,8,0.4581594561279049,61107.225240446,485,988.333,489.109,489.109,489.109,-0.00442215,-0.00442215
1043|8,26.2,470,7,8,0.4581594561279049,61107.225240446,485,527.497,486.255,486.255,486.255,-0.00265185,-0.00265185
1043|8,34,498,8,8,0.4581594561279049,61107.225240446,485,510.558,486.151,486.151,486.151,0.00193311,0.00193311
1043|5,0.0004351999999999,40066,1,5,0.4581594561279049,61107.225240446,485,50845.3,50293,50293,50293,-0.574499,-0.574499
1043|5,0.0021759999999999,35532,2,5,0.4581594561279049,61107.225240446,485,57600.7,51048.9,51048.9,51048.9,-0.863064,-0.863064
1043|5,0.0108799999999999,26577,3,5,0.4581594561279049,61107.225240446,485,59554.3,24088.3,24088.3,24088.3,0.213428,0.213428
1043|5,0.0543999999999999,7608,4,5,0.4581594561279049,61107.225240446,485,54939.8,3691.47,3691.47,3691.47,0.569201,0.569201
1043|5,0.2719999999999999,586,5,5,0.4581594561279049,61107.225240446,485,26971.5,774.048,774.048,774.048,-0.0303446,-0.0303446
1043|5,1.36,472,6,5,0.4581594561279049,61107.225240446,485,4215.93,510.41,510.41,510.41,-0.00626049,-0.00626049
1043|5,6.8,462,7,5,0.4581594561279049,61107.225240446,485,810.304,488.002,488.002,488.002,-0.00424169,-0.00424169
1043|5,34,504,8,5,0.4581594561279049,61107.225240446,485,510.558,486.151,486.151,486.151,0.00291197,0.00291197
1043|11,0.0014272,37302,1,11,0.4581594561279049,61107.225240446,485,47070,45147.2,45147.2,45147.2,-0.472723,-0.472723
1043|11,0.007136,24945,2,11,0.4581594561279049,61107.225240446,485,53626,35882.6,35882.6,35882.6,-0.75826,-0.75826
1043|11,0.03568,8204,3,11,0.4581594561279049,61107.225240446,485,53310.7,8524.8,8524.8,8524.8,-0.0400329,-0.0400329
1043|11,0.1784,666,4,11,0.4581594561279049,61107.225240446,485,34362.1,1288.79,1288.79,1288.79,-0.0985781,-0.0985781
1043|11,0.892,476,5,11,0.4581594561279049,61107.225240446,485,6876.65,555.54,555.54,555.54,-0.0129421,-0.0129421
1043|11,4.46,454,6,11,0.4581594561279049,61107.225240446,485,1086.68,491.869,491.869,491.869,-0.00617665,-0.00617665
1043|11,22.3,504,7,11,0.4581594561279049,61107.225240446,485,535.584,486.48,486.48,486.48,0.00285827,0.00285827
1043|11,111.5,614,8,11,0.4581594561279049,61107.225240446,485,489.703,486.036,486.036,486.036,0.0208765,0.0208765
1043|12,0.0014272,41296,1,12,0.4581594561279049,61107.225240446,485,40258.5,38616.9,38616.9,38616.9,0.177832,0.177832
1043|12,0.007136,29404,2,12,0.4581594561279049,61107.225240446,485,46845,31365.8,31365.8,31365.8,-0.146774,-0.146774
1043|12,0.03568,8528,3,12,0.4581594561279049,61107.225240446,485,46866.9,7544.19,7544.19,7544.19,0.126394,0.126394
1043|12,0.1784,660,4,12,0.4581594561279049,61107.225240446,485,30287.9,1192.24,1192.24,1192.24,-0.0845483,-0.0845483
1043|12,0.892,452,5,12,0.4581594561279049,61107.225240446,485,6108.07,547.177,547.177,547.177,-0.0154913,-0.0154913
1043|12,4.46,528,6,12,0.4581594561279049,61107.225240446,485,1013.4,491.153,491.153,491.153,0.0060102,0.0060102
1043|12,22.3,452,7,12,0.4581594561279049,61107.225240446,485,529.257,486.419,486.419,486.419,-0.00561507,-0.00561507
1043|12,111.5,496,8,12,0.4581594561279049,61107.225240446,485,489.162,486.031,486.031,486.031,0.00162645,0.00162645
1043|10,0.0004479999999999,48855,1,10,0.4581594561279049,61107.225240446,485,49592.2,49234.7,49234.7,49234.7,-0.0216317,-0.0216317
1043|10,0.00224,48559,2,10,0.4581594561279049,61107.225240446,485,56346.7,51937.7,51937.7,51937.7,-0.185772,-0.185772
1043|10,0.0111999999999999,34900,3,10,0.4581594561279049,61107.225240446,485,58288.6,29483.8,29483.8,29483.8,0.419047,0.419047
1043|10,0.0559999999999999,9316,4,10,0.4581594561279049,61107.225240446,485,53573.1,5091.73,5091.73,5091.73,0.585979,0.585979
1043|10,0.2799999999999999,602,5,10,0.4581594561279049,61107.225240446,485,25778.9,909.979,909.979,909.979,-0.0494433,-0.0494433
1043|10,1.4,496,6,10,0.4581594561279049,61107.225240446,485,3988.82,521.998,521.998,521.998,-0.00423559,-0.00423559
1043|10,7,490,7,10,0.4581594561279049,61107.225240446,485,789.527,488.95,488.95,488.95,0.00017132,0.00017132
1043|10,35,514,8,10,0.4581594561279049,61107.225240446,485,508.91,486.222,486.222,486.222,0.00453184,0.00453184
1043|9,0.0004479999999999,56634,1,9,0.4581594561279049,61107.225240446,485,50512.1,50147.9,50147.9,50147.9,0.365049,0.365049
1043|9,0.00224,53714,2,9,0.4581594561279049,61107.225240446,485,57265.9,52784.3,52784.3,52784.3,0.0505661,0.0505661
1043|9,0.0111999999999999,39723,3,9,0.4581594561279049,61107.225240446,485,59199.6,29940.8,29940.8,29940.8,0.750616,0.750616
1043|9,0.0559999999999999,10710,4,9,0.4581594561279049,61107.225240446,485,54398.6,5163.35,5163.35,5163.35,0.76763,0.76763
1043|9,0.2799999999999999,828,5,9,0.4581594561279049,61107.225240446,485,26172.1,916.571,916.571,916.571,-0.0142158,-0.0142158
1043|9,1.4,508,6,9,0.4581594561279049,61107.225240446,485,4044.03,522.565,522.565,522.565,-0.00237294,-0.00237294
1043|9,7,462,7,9,0.4581594561279049,61107.225240446,485,794.521,488.998,488.998,488.998,-0.0044041,-0.0044041
1043|9,35,546,8,9,0.4581594561279049,61107.225240446,485,509.339,486.226,486.226,486.226,0.00975172,0.00975172
1043|4,0.0010624,51341,1,4,0.4581594561279049,61107.225240446,485,50502.3,49765.9,49765.9,49765.9,0.0890962,0.0890962
1043|4,0.005312,47213,2,4,0.4581594561279049,61107.225240446,485,57136,48729.5,48729.5,48729.5,-0.0869774,-0.0869774
1043|4,0.02656,25619,3,4,0.4581594561279049,61107.225240446,485,57679.5,19729.2,19729.2,19729.2,0.553595,0.553595
1043|4,0.1328,3204,4,4,0.4581594561279049,61107.225240446,485,42551.3,2857.3,2857.3,2857.3,0.05186,0.05186
1043|4,0.664,534,5,4,0.4581594561279049,61107.225240446,485,10483,696.342,696.342,696.342,-0.0262737,-0.0262737
1043|4,3.32,492,6,4,0.4581594561279049,61107.225240446,485,1480.77,503.803,503.803,503.803,-0.00192425,-0.00192425
1043|4,16.6,542,7,4,0.4581594561279049,61107.225240446,485,568.794,487.459,487.459,487.459,0.00889746,0.00889746
1043|4,83,532,8,4,0.4581594561279049,61107.225240446,485,492.241,486.11,486.11,486.11,0.00748666,0.00748666
1043|3,0.0010624,52337,1,3,0.4581594561279049,61107.225240446,485,49582.5,48859.8,48859.8,48859.8,0.199089,0.199089
1043|3,0.005312,52465,2,3,0.4581594561279049,61107.225240446,485,56218.9,47948.5,47948.5,47948.5,0.261794,0.261794
1043|3,0.02656,24983,3,3,0.4581594561279049,61107.225240446,485,56792.1,19430.6,19430.6,19430.6,0.525337,0.525337
1043|3,0.1328,3902,4,3,0.4581594561279049,61107.225240446,485,41907.2,2820.99,2820.99,2820.99,0.161906,0.161906
1043|3,0.664,468,5,3,0.4581594561279049,61107.225240446,485,10329.9,693.121,693.121,693.121,-0.0364385,-0.0364385
1043|3,3.32,434,6,3,0.4581594561279049,61107.225240446,485,1465.34,503.527,503.527,503.527,-0.0113352,-0.0113352
1043|3,16.6,466,7,3,0.4581594561279049,61107.225240446,485,567.454,487.436,487.436,487.436,-0.00349692,-0.00349692
1043|3,83,476,8,3,0.4581594561279049,61107.225240446,485,492.126,486.108,486.108,486.108,-0.00164902,-0.00164902
963|6,0.0006144,23222,1,6,0.673656407167476,54320.5048679242,445.75,41273.7,41273.7,41273.7,41273.7,-1.15067,-1.15067
963|6,0.003072,9404,2,6,0.673656407167476,54320.5048679242,445.75,49945.4,49945.4,49945.4,49945.4,-2.28786,-2.28786
963|6,0.01536,1486,3,6,0.673656407167476,54320.5048679242,445.75,52351.3,52351.3,52351.3,52351.3,-2.78195,-2.78195
963|6,0.0768,804,4,6,0.673656407167476,54320.5048679242,445.75,45787,45787,45787,45787,-2.68624,-2.68624
963|6,0.384,554,5,6,0.673656407167476,54320.5048679242,445.75,17403.5,17403.5,17403.5,17403.5,-1.66924,-1.66924
963|6,1.92,578,6,6,0.673656407167476,54320.5048679242,445.75,2445.57,2445.58,2445.58,2445.58,-0.283448,-0.283448
963|6,9.6,540,7,6,0.673656407167476,54320.5048679242,445.75,613.173,613.173,613.173,613.173,-0.01188,-0.01188
963|6,48,524,8,6,0.673656407167476,54320.5048679242,445.75,458.508,458.508,458.508,458.508,0.0106958,0.0106958
963|5,0.0006144,21356,1,5,0.673656407167476,54320.5048679242,445.75,41135,41135,41135,41135,-1.26339,-1.26339
963|5,0.003072,12368,2,5,0.673656407167476,54320.5048679242,445.75,49806.9,49807,49807,49807,-2.11666,-2.11666
963|5,0.01536,2146,3,5,0.673656407167476,54320.5048679242,445.75,52214.8,52214.8,52214.8,52214.8,-2.74319,-2.74319
963|5,0.0768,922,4,5,0.673656407167476,54320.5048679242,445.75,45670,45670,45670,45670,-2.67659,-2.67659
963|5,0.384,564,5,5,0.673656407167476,54320.5048679242,445.75,17359.7,17359.7,17359.7,17359.7,-1.6656,-1.6656
963|5,1.92,616,6,5,0.673656407167476,54320.5048679242,445.75,2440.32,2440.32,2440.32,2440.32,-0.276934,-0.276934
963|5,9.6,510,7,5,0.673656407167476,54320.5048679242,445.75,612.707,612.708,612.708,612.708,-0.0166753,-0.0166753
963|5,48,534,8,5,0.673656407167476,54320.5048679242,445.75,458.468,458.468,458.468,458.468,0.0123355,0.0123355
963|4,0.000064,32065,1,4,0.673656407167476,54320.5048679242,445.75,40711.6,40711.7,40711.7,40711.7,-0.555829,-0.555829
963|4,0.00032,37511,2,4,0.673656407167476,54320.5048679242,445.75,49443.9,49443.9,49443.9,49443.9,-0.6779,-0.6779
963|4,0.0016,27141,3,4,0.673656407167476,54320.5048679242,445.75,52582,52582,52582,52582,-1.38733,-1.38733
963|4,0.008,4104,4,4,0.673656407167476,54320.5048679242,445.75,53323.1,53323.1,53323.1,53323.1,-2.6588,-2.6588
963|4,0.04,1172,5,4,0.673656407167476,54320.5048679242,445.75,50224.1,50224.1,50224.1,50224.1,-2.75798,-2.75798
963|4,0.2,588,6,4,0.673656407167476,54320.5048679242,445.75,29410.9,29410.9,29410.9,29410.9,-2.23295,-2.23295
963|4,1,672,7,4,0.673656407167476,54320.5048679242,445.75,5173.23,5173.23,5173.23,5173.23,-0.622749,-0.622749
963|4,5,534,8,4,0.673656407167476,54320.5048679242,445.75,810.964,810.966,810.966,810.966,-0.0446307,-0.0446307
963|3,0.000064,38041,1,3,0.673656407167476,54320.5048679242,445.75,39529.6,39529.6,39529.6,39529.6,-0.0974271,-0.0974271
963|3,0.00032,35786,2,3,0.673656407167476,54320.5048679242,445.75,48261.9,48261.9,48261.9,48261.9,-0.72008,-0.72008
963|3,0.0016,28073,3,3,0.673656407167476,54320.5048679242,445.75,51400.5,51400.5,51400.5,51400.5,-1.29158,-1.29158
963|3,0.008,5340,4,3,0.673656407167476,54320.5048679242,445.75,52147.9,52147.9,52147.9,52147.9,-2.56673,-2.56673
963|3,0.04,754,5,3,0.673656407167476,54320.5048679242,445.75,49117.8,49117.8,49117.8,49117.8,-2.7595,-2.7595
963|3,0.2,712,6,3,0.673656407167476,54320.5048679242,445.75,28754.6,28754.6,28754.6,28754.6,-2.19869,-2.19869
963|3,1,546,7,3,0.673656407167476,54320.5048679242,445.75,5059.21,5059.21,5059.21,5059.21,-0.626724,-0.626724
963|3,5,670,8,3,0.673656407167476,54320.5048679242,445.75,800.272,800.273,800.273,800.273,-0.021001,-0.021001
963|10,0.0003648,28692,1,10,0.673656407167476,54320.5048679242,445.75,39527.7,39176.2,39176.2,39176.2,-0.689907,-0.689907
963|10,0.001824,38931,2,10,0.673656407167476,54320.5048679242,445.75,48234.7,43650.6,43650.6,43650.6,-0.290524,-0.290524
963|10,0.00912,30460,3,10,0.673656407167476,54320.5048679242,445.75,51064,23115.5,23115.5,23115.5,0.642407,0.642407
963|10,0.0456,5540,4,10,0.673656407167476,54320.5048679242,445.75,48436,3778.95,3778.95,3778.95,0.255178,0.255178
963|10,0.228,612,5,10,0.673656407167476,54320.5048679242,445.75,26732.4,749.393,749.393,749.393,-0.0221913,-0.0221913
963|10,1.14,454,6,10,0.673656407167476,54320.5048679242,445.75,4543.69,472.252,472.252,472.252,-0.00297931,-0.00297931
963|10,5.7,472,7,10,0.673656407167476,54320.5048679242,445.75,801.38,448.796,448.796,448.796,0.00379095,0.00379095
963|10,28.5,442,8,10,0.673656407167476,54320.5048679242,445.75,471.702,446.893,446.893,446.893,-0.000799457,-0.000799457
963|9,0.0003648,31797,1,9,0.673656407167476,54320.5048679242,445.75,40709.7,40347.5,40347.5,40347.5,-0.552681,-0.552681
963|9,0.001824,42931,2,9,0.673656407167476,54320.5048679242,445.75,49416,44718.6,44718.6,44718.6,-0.108369,-0.108369
963|9,0.00912,26667,3,9,0.673656407167476,54320.5048679242,445.75,52237.6,23641.1,23641.1,23641.1,0.261845,0.261845
963|9,0.0456,5088,4,9,0.673656407167476,54320.5048679242,445.75,49526.8,3854.69,3854.69,3854.69,0.178249,0.178249
963|9,0.228,566,5,9,0.673656407167476,54320.5048679242,445.75,27329.8,756.272,756.272,756.272,-0.0307241,-0.0307241
963|9,1.14,520,6,9,0.673656407167476,54320.5048679242,445.75,4638.69,472.844,472.844,472.844,0.00769714,0.00769714
963|9,5.7,466,7,9,0.673656407167476,54320.5048679242,445.75,810.147,448.847,448.847,448.847,0.00280243,0.00280243
963|9,28.5,550,8,9,0.673656407167476,54320.5048679242,445.75,472.457,446.897,446.897,446.897,0.0168457,0.0168457
963|7,0.0000768,38811,1,7,0.673656407167476,54320.5048679242,445.75,41278.2,41244,41244,41244,-0.155153,-0.155153
963|7,0.000384,39843,2,7,0.673656407167476,54320.5048679242,445.75,50009.8,49527.9,49527.9,49527.9,-0.549581,-0.549581
963|7,0.00192,42537,3,7,0.673656407167476,54320.5048679242,445.75,53139.8,47715.7,47715.7,47715.7,-0.30113,-0.30113
963|7,0.0096,19731,4,7,0.673656407167476,54320.5048679242,445.75,53786.7,23313.4,23313.4,23313.4,-0.31208,-0.31208
963|7,0.048,5488,5,7,0.673656407167476,54320.5048679242,445.75,49739.5,3646.82,3646.82,3646.82,0.267992,0.267992
963|7,0.24,816,6,7,0.673656407167476,54320.5048679242,445.75,26065.4,730.599,730.599,730.599,0.0138036,0.0138036
963|7,1.2,518,7,7,0.673656407167476,54320.5048679242,445.75,4152.27,469.677,469.677,469.677,0.00788853,0.00788853
963|7,6,528,8,7,0.673656407167476,54320.5048679242,445.75,726.902,448.366,448.366,448.366,0.0130106,0.0130106
963|8,0.0000768,42388,1,8,0.673656407167476,54320.5048679242,445.75,41139.5,41105.4,41105.4,41105.4,0.0819614,0.0819614
963|8,0.000384,47167,2,8,0.673656407167476,54320.5048679242,445.75,49871.1,49390.6,49390.6,49390.6,-0.126413,-0.126413
963|8,0.00192,41432,3,8,0.673656407167476,54320.5048679242,445.75,53001.3,47591.4,47591.4,47591.4,-0.358762,-0.358762
963|8,0.0096,29792,4,8,0.673656407167476,54320.5048679242,445.75,53649.1,23254.4,23254.4,23254.4,0.570208,0.570208
963|8,0.048,7130,5,8,0.673656407167476,54320.5048679242,445.75,49612.3,3638.56,3638.56,3638.56,0.508337,0.508337
963|8,0.24,546,6,8,0.673656407167476,54320.5048679242,445.75,25998,729.852,729.852,729.852,-0.0297173,-0.0297173
963|8,1.2,530,7,8,0.673656407167476,54320.5048679242,445.75,4141.9,469.613,469.613,469.613,0.00985797,0.00985797
963|8,6,510,8,8,0.673656407167476,54320.5048679242,445.75,725.95,448.36,448.36,448.36,0.0100707,0.0100707
963|11,0.0003712,32971,1,11,0.673656407167476,54320.5048679242,445.75,36307.8,36307.8,36307.8,36307.8,-0.22974,-0.22974
963|11,0.001856,45678,2,11,0.673656407167476,54320.5048679242,445.75,45015.9,45015.9,45015.9,45015.9,0.0399692,0.0399692
963|11,0.00928,41502,3,11,0.673656407167476,54320.5048679242,445.75,47857.7,47857.8,47857.8,47857.8,-0.368856,-0.368856
963|11,0.0464,26805,4,11,0.673656407167476,54320.5048679242,445.75,45371.2,45371.2,45371.2,45371.2,-1.1152,-1.1152
963|11,0.2319999999999999,8100,5,11,0.673656407167476,54320.5048679242,445.75,24780.7,24780.7,24780.7,24780.7,-1.41088,-1.41088
963|11,1.16,724,6,11,0.673656407167476,54320.5048679242,445.75,4192.16,4192.16,4192.16,4192.16,-0.495586,-0.495586
963|11,5.8,414,7,11,0.673656407167476,54320.5048679242,445.75,768.888,768.888,768.888,768.888,-0.0572783,-0.0572783
963|11,29,424,8,11,0.673656407167476,54320.5048679242,445.75,469.046,469.046,469.046,469.046,-0.00735379,-0.00735379
963|12,0.0003712,34774,1,12,0.673656407167476,54320.5048679242,445.75,27552.8,27552.8,27552.8,27552.8,0.578964,0.578964
963|12,0.001856,39569,2,12,0.673656407167476,54320.5048679242,445.75,36265.9,36265.9,36265.9,36265.9,0.22757,0.22757
963|12,0.00928,35504,3,12,0.673656407167476,54320.5048679242,445.75,39166.1,39166.1,39166.1,39166.1,-0.241023,-0.241023
963|12,0.0464,22196,4,12,0.673656407167476,54320.5048679242,445.75,37308.4,37308.4,37308.4,37308.4,-1.02396,-1.02396
963|12,0.2319999999999999,7430,5,12,0.673656407167476,54320.5048679242,445.75,20413.4,20413.4,20413.4,20413.4,-1.20222,-1.20222
963|12,1.16,894,6,12,0.673656407167476,54320.5048679242,445.75,3505.53,3505.53,3505.53,3505.53,-0.38196,-0.38196
963|12,5.8,404,7,12,0.673656407167476,54320.5048679242,445.75,705.645,705.645,705.645,705.645,-0.0488016,-0.0488016
963|12,29,400,8,12,0.673656407167476,54320.5048679242,445.75,463.603,463.603,463.603,463.603,-0.0103853,-0.0103853
1260|8,0.0016767999999999,16259,1,8,0.4059706979586577,47960.79428854,528.25,40779.2,25853.9,25853.9,25853.9,-0.794642,-0.794642
1260|8,0.0083839999999999,5866,2,8,0.4059706979586577,47960.79428854,528.25,45264,6225.32,6225.32,6225.32,-0.0480727,-0.0480727
1260|8,0.04192,1238,3,8,0.4059706979586577,47960.79428854,528.25,44060.7,1101.02,1101.02,1101.02,0.0218345,0.0218345
1260|8,0.2096,526,4,8,0.4059706979586577,47960.79428854,528.25,25949.1,579.279,579.279,579.279,-0.00866121,-0.00866121
1260|8,1.048,496,5,8,0.4059706979586577,47960.79428854,528.25,4804.04,533.532,533.532,533.532,-0.00611195,-0.00611195
1260|8,5.24,496,6,8,0.4059706979586577,47960.79428854,528.25,922.999,529.612,529.612,529.612,-0.00547443,-0.00547443
1260|8,26.2,472,7,8,0.4059706979586577,47960.79428854,528.25,561.931,529.28,529.28,529.28,-0.0093294,-0.0093294
1260|8,131,502,8,8,0.4059706979586577,47960.79428854,528.25,531.751,529.252,529.252,529.252,-0.0044387,-0.0044387
1260|7,0.0016767999999999,10418,1,7,0.4059706979586577,47960.79428854,528.25,40854.5,25901.2,25901.2,25901.2,-1.28114,-1.28114
1260|7,0.0083839999999999,4402,2,7,0.4059706979586577,47960.79428854,528.25,45338.8,6234.85,6234.85,6234.85,-0.245139,-0.245139
1260|7,0.04192,880,3,7,0.4059706979586577,47960.79428854,528.25,44130.9,1101.94,1101.94,1101.94,-0.0353749,-0.0353749
1260|7,0.2096,570,4,7,0.4059706979586577,47960.79428854,528.25,25989.6,579.358,579.358,579.358,-0.00152134,-0.00152135
1260|7,1.048,526,5,7,0.4059706979586577,47960.79428854,528.25,4810.85,533.538,533.538,533.538,-0.00122763,-0.00122763
1260|7,5.24,528,6,7,0.4059706979586577,47960.79428854,528.25,923.634,529.612,529.612,529.612,-0.000262614,-0.000262614
1260|7,26.2,462,7,7,0.4059706979586577,47960.79428854,528.25,561.985,529.28,529.28,529.28,-0.0109582,-0.0109582
1260|7,131,518,8,7,0.4059706979586577,47960.79428854,528.25,531.756,529.252,529.252,529.252,-0.00183271,-0.00183271
1260|6,0.0004351999999999,26067,1,6,0.4059706979586577,47960.79428854,528.25,40873.4,38056.1,38056.1,38056.1,-0.802805,-0.802805
1260|6,0.0021759999999999,26271,2,6,0.4059706979586577,47960.79428854,528.25,45584.6,24527.9,24527.9,24527.9,0.148175,0.148175
1260|6,0.0108799999999999,15545,3,6,0.4059706979586577,47960.79428854,528.25,46904,4679.16,4679.16,4679.16,1.52777,1.52777
1260|6,0.0543999999999999,2518,4,6,0.4059706979586577,47960.79428854,528.25,43218.5,919.97,919.97,919.97,0.256454,0.256454
1260|6,0.2719999999999999,634,5,6,0.4059706979586577,47960.79428854,528.25,21292.7,562.911,562.911,562.911,0.0115637,0.0115637
1260|6,1.36,518,6,6,0.4059706979586577,47960.79428854,528.25,3457.63,532.096,532.096,532.096,-0.00229564,-0.00229564
1260|6,6.8,488,7,6,0.4059706979586577,47960.79428854,528.25,785.08,529.484,529.484,529.484,-0.00675669,-0.00675669
1260|6,34,530,8,6,0.4059706979586577,47960.79428854,528.25,548.924,529.268,529.268,529.268,0.000119234,0.000119234
1260|5,0.0004351999999999,32187,1,5,0.4059706979586577,47960.79428854,528.25,40798.1,37986,37986,37986,-0.388738,-0.388738
1260|5,0.0021759999999999,29372,2,5,0.4059706979586577,47960.79428854,528.25,45509.3,24487.8,24487.8,24487.8,0.415523,0.415523
1260|5,0.0108799999999999,17625,3,5,0.4059706979586577,47960.79428854,528.25,46829.4,4672.48,4672.48,4672.48,1.82156,1.82156
1260|5,0.0543999999999999,2370,4,5,0.4059706979586577,47960.79428854,528.25,43150.6,919.348,919.348,919.348,0.232808,0.232808
1260|5,0.2719999999999999,648,5,5,0.4059706979586577,47960.79428854,528.25,21259.6,562.857,562.857,562.857,0.0138498,0.0138498
1260|5,1.36,632,6,5,0.4059706979586577,47960.79428854,528.25,3452.92,532.092,532.092,532.092,0.0162708,0.0162708
1260|5,6.8,538,7,5,0.4059706979586577,47960.79428854,528.25,784.652,529.484,529.484,529.484,0.00138702,0.00138702
1260|5,34,494,8,5,0.4059706979586577,47960.79428854,528.25,548.888,529.268,529.268,529.268,-0.00574423,-0.00574423
1260|11,0.0014272,27917,1,11,0.4059706979586577,47960.79428854,528.25,38161.3,37668.9,37668.9,37668.9,-0.656992,-0.656992
1260|11,0.007136,27045,2,11,0.4059706979586577,47960.79428854,528.25,42714.2,37073.1,37073.1,37073.1,-0.682014,-0.682014
1260|11,0.03568,12328,3,11,0.4059706979586577,47960.79428854,528.25,42240.7,15889,15889,15889,-0.365636,-0.365636
1260|11,0.1784,1804,4,11,0.4059706979586577,47960.79428854,528.25,27234.8,2480.45,2480.45,2480.45,-0.102539,-0.102539
1260|11,0.892,508,5,11,0.4059706979586577,47960.79428854,528.25,5567.2,703.023,703.023,703.023,-0.0315549,-0.0315549
1260|11,4.46,460,6,11,0.4059706979586577,47960.79428854,528.25,1003.56,543.975,543.975,543.975,-0.0136697,-0.0136697
1260|11,22.3,450,7,11,0.4059706979586577,47960.79428854,528.25,568.612,530.46,530.46,530.46,-0.0131043,-0.0131043
1260|11,111.5,542,8,11,0.4059706979586577,47960.79428854,528.25,532.241,529.342,529.342,529.342,0.00206167,0.00206167
1260|12,0.0014272,35926,1,12,0.4059706979586577,47960.79428854,528.25,33407.2,32977,32977,32977,0.214569,0.214569
1260|12,0.007136,28728,2,12,0.4059706979586577,47960.79428854,528.25,37981.4,32973.2,32973.2,32973.2,-0.3089,-0.3089
1260|12,0.03568,13590,3,12,0.4059706979586577,47960.79428854,528.25,37743.3,14232.9,14232.9,14232.9,-0.068748,-0.068748
1260|12,0.1784,1822,4,12,0.4059706979586577,47960.79428854,528.25,24391.2,2272.69,2272.69,2272.69,-0.0688251,-0.0688251
1260|12,0.892,512,5,12,0.4059706979586577,47960.79428854,528.25,5030.76,684.519,684.519,684.519,-0.0279334,-0.0279334
1260|12,4.46,458,6,12,0.4059706979586577,47960.79428854,528.25,952.417,542.387,542.387,542.387,-0.0137377,-0.0137377
1260|12,22.3,414,7,12,0.4059706979586577,47960.79428854,528.25,564.196,530.325,530.325,530.325,-0.0189455,-0.0189455
1260|12,111.5,436,8,12,0.4059706979586577,47960.79428854,528.25,531.863,529.33,529.33,529.33,-0.0152011,-0.0152011
1260|10,0.0004479999999999,35498,1,10,0.4059706979586577,47960.79428854,528.25,39923.5,39834.7,39834.7,39834.7,-0.282506,-0.282506
1260|10,0.00224,40710,2,10,0.4059706979586577,47960.79428854,528.25,44633.9,43499.9,43499.9,43499.9,-0.172114,-0.172114
1260|10,0.0111999999999999,38631,3,10,0.4059706979586577,47960.79428854,528.25,45943.8,35305.8,35305.8,35305.8,0.232704,0.232704
1260|10,0.0559999999999999,16665,4,10,0.4059706979586577,47960.79428854,528.25,42176.2,10348.1,10348.1,10348.1,0.748384,0.748384
1260|10,0.2799999999999999,1606,5,10,0.4059706979586577,47960.79428854,528.25,20371.6,1570.14,1570.14,1570.14,0.005617,0.005617
1260|10,1.4,480,6,10,0.4059706979586577,47960.79428854,528.25,3281.37,619.022,619.022,619.022,-0.0225658,-0.0225658
1260|10,7,440,7,10,0.4059706979586577,47960.79428854,528.25,768.899,536.651,536.651,536.651,-0.0157376,-0.0157376
1260|10,35,500,8,10,0.4059706979586577,47960.79428854,528.25,547.629,529.815,529.815,529.815,-0.00485598,-0.00485598
1260|9,0.0004479999999999,41082,1,9,0.4059706979586577,47960.79428854,528.25,40565.5,40475.3,40475.3,40475.3,0.0391392,0.0391392
1260|9,0.00224,44794,2,9,0.4059706979586577,47960.79428854,528.25,45275.4,44125,44125,44125,0.0409027,0.0409027
1260|9,0.0111999999999999,38687,3,9,0.4059706979586577,47960.79428854,528.25,46579.7,35792.7,35792.7,35792.7,0.200942,0.200942
1260|9,0.0559999999999999,19775,4,9,0.4059706979586577,47960.79428854,528.25,42752.3,10483.9,10483.9,10483.9,1.09661,1.09661
1260|9,0.2799999999999999,2028,5,9,0.4059706979586577,47960.79428854,528.25,20646.1,1584.54,1584.54,1584.54,0.0694312,0.0694312
1260|9,1.4,514,6,9,0.4059706979586577,47960.79428854,528.25,3319.9,620.279,620.279,620.279,-0.0172502,-0.0172502
1260|9,7,518,7,9,0.4059706979586577,47960.79428854,528.25,772.385,536.759,536.759,536.759,-0.0030545,-0.0030545
1260|9,35,494,8,9,0.4059706979586577,47960.79428854,528.25,547.929,529.824,529.824,529.824,-0.0058347,-0.0058347
1260|4,0.0010624,33661,1,4,0.4059706979586577,47960.79428854,528.25,40557.7,40557.7,40557.7,40557.7,-0.444365,-0.444365
1260|4,0.005312,36692,2,4,0.4059706979586577,47960.79428854,528.25,45173.1,45173.1,45173.1,45173.1,-0.510851,-0.510851
1260|4,0.02656,31084,3,4,0.4059706979586577,47960.79428854,528.25,45387.5,45387.5,45387.5,45387.5,-0.858961,-0.858961
1260|4,0.1328,13458,4,4,0.4059706979586577,47960.79428854,528.25,33473.8,33473.8,33473.8,33473.8,-1.44413,-1.44413
1260|4,0.664,1668,5,4,0.4059706979586577,47960.79428854,528.25,8358.68,8358.68,8358.68,8358.68,-0.839009,-0.839009
1260|4,3.32,526,6,4,0.4059706979586577,47960.79428854,528.25,1309.47,1309.47,1309.47,1309.47,-0.123917,-0.123917
1260|4,16.6,482,7,4,0.4059706979586577,47960.79428854,528.25,594.497,594.497,594.497,594.497,-0.0182774,-0.0182774
1260|4,83,570,8,4,0.4059706979586577,47960.79428854,528.25,534.244,534.244,534.244,534.244,0.00582257,0.00582257
1260|3,0.0010624,37180,1,3,0.4059706979586577,47960.79428854,528.25,39915.7,39915.7,39915.7,39915.7,-0.177994,-0.177994
1260|3,0.005312,42284,2,3,0.4059706979586577,47960.79428854,528.25,44533,44533,44533,44533,-0.1367,-0.1367
1260|3,0.02656,29878,3,3,0.4059706979586577,47960.79428854,528.25,44768.1,44768.1,44768.1,44768.1,-0.90205,-0.90205
1260|3,0.1328,14579,4,3,0.4059706979586577,47960.79428854,528.25,33024.3,33024.3,33024.3,33024.3,-1.34101,-1.34101
1260|3,0.664,2122,5,3,0.4059706979586577,47960.79428854,528.25,8251.85,8251.85,8251.85,8251.85,-0.771102,-0.771102
1260|3,3.32,498,6,3,0.4059706979586577,47960.79428854,528.25,1298.7,1298.7,1298.7,1298.7,-0.126693,-0.126693
1260|3,16.6,458,7,3,0.4059706979586577,47960.79428854,528.25,593.562,593.562,593.562,593.562,-0.0220255,-0.0220255
1260|3,83,484,8,3,0.4059706979586577,47960.79428854,528.25,534.164,534.164,534.164,534.164,-0.00816894,-0.00816894
