id,time,rlu,plate_row,plate_col,virus_cc,mean_vc,popPred_medianCOV,popPred,indivPred_SAEM,indivPred_mode,indWRes_SAEM,indWRes_mode
8|84|cc|1|1|162,0.0,658,1,1,0,78856.625,0.0,0.0,0.0,0.0,1.02676,1.02676
8|84|cc|2|1|162,0.0,644,2,1,0,78856.625,0.0,0.0,0.0,0.0,1.00491,1.00491
8|84|cc|3|1|162,0.0,660,3,1,0,78856.625,0.0,0.0,0.0,0.0,1.02988,1.02988
8|84|cc|4|1|162,0.0,680,4,1,0,78856.625,0.0,0.0,0.0,0.0,1.06109,1.06109
8|84|cc|5|1|162,0.0,698,5,1,0,78856.625,0.0,0.0,0.0,0.0,1.08918,1.08918
8|84|cc|6|1|162,0.0,694,6,1,0,78856.625,0.0,0.0,0.0,0.0,1.08294,1.08294
8|84|cc|7|1|162,0.0,694,7,1,0,78856.625,0.0,0.0,0.0,0.0,1.08294,1.08294
8|84|cc|8|1|162,0.0,636,8,1,0,78856.625,0.0,0.0,0.0,0.0,0.992431,0.992431
8|84|sample|10|162,0.0003648,68673,1,10,1,78856.625,65709.4,202.186,202.687,202.146,1.34939,1.35297
8|84|sample|10|162,0.001824,77369,2,10,1,78856.625,78850.8,258.227,258.436,258.176,1.19511,1.19631
8|84|sample|10|162,0.00912,78012,3,10,1,78856.625,78856.4,258.274,258.482,258.223,1.20487,1.20607
8|84|sample|10|162,0.0456,65967,4,10,1,78856.625,78856.6,258.274,258.482,258.223,1.01822,1.01923
8|84|sample|10|162,0.228,47827,5,10,1,78856.625,78856.6,258.274,258.482,258.223,0.73712,0.737855
8|84|sample|10|162,1.14,13678,6,10,1,78856.625,78856.6,258.274,258.482,258.223,0.207948,0.208159
8|84|sample|10|162,5.7,1798,7,10,1,78856.625,78852.0,258.227,258.436,258.176,0.0238612,0.023889
8|84|sample|10|162,28.5,586,8,10,1,78856.625,65715.7,202.186,202.687,202.146,0.00755422,0.00758486
8|84|sample|11|162,0.0003712,69151,1,11,1,78856.625,65709.5,202.186,202.493,202.158,1.3601,1.36234
8|84|sample|11|162,0.001856,78893,2,11,1,78856.625,78850.8,258.227,258.189,258.192,1.21989,1.21988
8|84|sample|11|162,0.00928,82686,3,11,1,78856.625,78851.8,258.227,258.189,258.192,1.27873,1.27872
8|84|sample|11|162,0.0464,67678,4,11,1,78856.625,78852.0,258.227,258.189,258.192,1.04591,1.0459
8|84|sample|11|162,0.2319999999999999,52077,5,11,1,78856.625,78852.0,258.227,258.189,258.192,0.803884,0.803876
8|84|sample|11|162,1.16,21332,6,11,1,78856.625,78852.0,258.227,258.189,258.192,0.326926,0.326922
8|84|sample|11|162,5.8,1872,7,11,1,78856.625,78852.0,258.227,258.189,258.192,0.0250356,0.0250353
8|84|sample|11|162,29.0,564,8,11,1,78856.625,65715.7,202.186,202.493,202.158,0.0071312,0.0071495
8|84|sample|12|162,0.0003712,63850,1,12,1,78856.625,65709.5,202.186,202.893,202.152,1.25308,1.25763
8|84|sample|12|162,0.001856,63754,2,12,1,78856.625,65714.7,202.186,202.893,202.152,1.25119,1.25574
8|84|sample|12|162,0.00928,61492,3,12,1,78856.625,65715.6,202.186,202.893,202.152,1.20666,1.21104
8|84|sample|12|162,0.0464,55297,4,12,1,78856.625,65715.7,202.186,202.893,202.152,1.08469,1.08863
8|84|sample|12|162,0.2319999999999999,41168,5,12,1,78856.625,65715.7,202.186,202.893,202.152,0.80652,0.809455
8|84|sample|12|162,1.16,15633,6,12,1,78856.625,65715.7,202.186,202.893,202.152,0.303788,0.304902
8|84|sample|12|162,5.8,1442,7,12,1,78856.625,65715.7,202.186,202.893,202.152,0.0243955,0.0244985
8|84|sample|12|162,29.0,668,8,12,1,78856.625,65715.7,202.186,202.893,202.152,0.00915701,0.00920482
8|84|sample|3|162,6.4e-05,75994,1,3,1,78856.625,65671.2,202.186,202.413,202.246,1.49568,1.4969
8|84|sample|3|162,0.00032,82778,2,3,1,78856.625,78843.3,258.227,258.086,258.303,1.28067,1.2796
8|84|sample|3|162,0.0016,84235,3,3,1,78856.625,78855.2,258.274,258.132,258.35,1.30305,1.30196
8|84|sample|3|162,0.008,86421,4,3,1,78856.625,78856.4,258.274,258.132,258.35,1.33697,1.33585
8|84|sample|3|162,0.04,77403,5,3,1,78856.625,78856.6,258.274,258.132,258.35,1.19704,1.19604
8|84|sample|3|162,0.2,68219,6,3,1,78856.625,78856.6,258.274,258.132,258.35,1.05453,1.05365
8|84|sample|3|162,1.0,41754,7,3,1,78856.625,78852.0,258.227,258.086,258.303,0.643996,0.643456
8|84|sample|3|162,5.0,13774,8,3,1,78856.625,65715.7,202.186,202.413,202.246,0.267823,0.268045
8|84|sample|4|162,6.4e-05,74113,1,4,1,78856.625,65671.2,202.186,202.792,202.233,1.45586,1.45984
8|84|sample|4|162,0.00032,84517,2,4,1,78856.625,78843.3,258.227,258.569,258.288,1.30523,1.30664
8|84|sample|4|162,0.0016,82608,3,4,1,78856.625,78855.2,258.274,258.615,258.334,1.27543,1.27681
8|84|sample|4|162,0.008,81228,4,4,1,78856.625,78856.4,258.274,258.615,258.334,1.25406,1.25541
8|84|sample|4|162,0.04,77037,5,4,1,78856.625,78856.6,258.274,258.615,258.334,1.18915,1.19043
8|84|sample|4|162,0.2,64814,6,4,1,78856.625,78856.6,258.274,258.615,258.334,0.999837,1.00092
8|84|sample|4|162,1.0,39177,7,4,1,78856.625,78852.0,258.227,258.569,258.288,0.602876,0.603532
8|84|sample|4|162,5.0,12834,8,4,1,78856.625,65715.7,202.186,202.792,202.233,0.248806,0.249495
8|84|sample|5|162,0.0006144,72824,1,5,1,78856.625,65712.2,202.186,202.815,202.17,1.43031,1.43483
8|84|sample|5|162,0.003072,78360,2,5,1,78856.625,78851.4,258.227,258.599,258.206,1.20971,1.21154
8|84|sample|5|162,0.01536,80614,3,5,1,78856.625,78856.5,258.274,258.645,258.253,1.2444,1.24628
8|84|sample|5|162,0.0768,74089,4,5,1,78856.625,78856.6,258.274,258.645,258.253,1.14336,1.14508
8|84|sample|5|162,0.384,55821,5,5,1,78856.625,78856.6,258.274,258.645,258.253,0.860453,0.861753
8|84|sample|5|162,1.92,24346,6,5,1,78856.625,78856.6,258.274,258.645,258.253,0.373023,0.37359
8|84|sample|5|162,9.6,9438,7,5,1,78856.625,78852.0,258.227,258.599,258.206,0.14218,0.1424
8|84|sample|5|162,48.0,4872,8,5,1,78856.625,65715.7,202.186,202.815,202.17,0.0919616,0.0922642
8|84|sample|6|162,0.0006144,70835,1,6,1,78856.625,65712.2,202.186,202.819,202.172,1.39111,1.39551
8|84|sample|6|162,0.003072,80058,2,6,1,78856.625,78851.4,258.227,258.603,258.209,1.23599,1.23787
8|84|sample|6|162,0.01536,79421,3,6,1,78856.625,78856.5,258.274,258.649,258.256,1.22591,1.22777
8|84|sample|6|162,0.0768,77554,4,6,1,78856.625,78856.6,258.274,258.649,258.256,1.197,1.19881
8|84|sample|6|162,0.384,55427,5,6,1,78856.625,78856.6,258.274,258.649,258.256,0.854338,0.855633
8|84|sample|6|162,1.92,28310,6,6,1,78856.625,78856.6,258.274,258.649,258.256,0.434404,0.435065
8|84|sample|6|162,9.6,13006,7,6,1,78856.625,78852.0,258.227,258.603,258.209,0.197441,0.197746
8|84|sample|6|162,48.0,4250,8,6,1,78856.625,65715.7,202.186,202.819,202.172,0.0797097,0.0799742
8|84|sample|7|162,7.68e-05,69948,1,7,1,78856.625,65679.4,202.186,202.465,202.201,1.37602,1.37779
8|84|sample|7|162,0.000384,87626,2,7,1,78856.625,78844.9,258.227,258.152,258.246,1.35556,1.35507
8|84|sample|7|162,0.00192,79963,3,7,1,78856.625,78855.5,258.274,258.198,258.293,1.23645,1.236
8|84|sample|7|162,0.0096,76543,4,7,1,78856.625,78856.4,258.274,258.198,258.293,1.18339,1.18296
8|84|sample|7|162,0.048,74241,5,7,1,78856.625,78856.6,258.274,258.198,258.293,1.14768,1.14726
8|84|sample|7|162,0.24,46730,6,7,1,78856.625,78856.6,258.274,258.198,258.293,0.720909,0.720646
8|84|sample|7|162,1.2,16917,7,7,1,78856.625,78852.0,258.227,258.152,258.246,0.258471,0.258377
8|84|sample|7|162,6.0,1596,8,7,1,78856.625,65715.7,202.186,202.465,202.201,0.0274932,0.0275338
8|84|sample|8|162,7.68e-05,70881,1,8,1,78856.625,65679.4,202.186,202.811,202.197,1.39207,1.39625
8|84|sample|8|162,0.000384,79033,2,8,1,78856.625,78844.9,258.227,258.594,258.241,1.22016,1.22182
8|84|sample|8|162,0.00192,84181,3,8,1,78856.625,78855.5,258.274,258.639,258.288,1.29967,1.30143
8|84|sample|8|162,0.0096,79555,4,8,1,78856.625,78856.4,258.274,258.64,258.288,1.22803,1.22969
8|84|sample|8|162,0.048,69015,5,8,1,78856.625,78856.6,258.274,258.64,258.288,1.0648,1.06624
8|84|sample|8|162,0.24,49350,6,8,1,78856.625,78856.6,258.274,258.639,258.288,0.760259,0.761288
8|84|sample|8|162,1.2,14789,7,8,1,78856.625,78852.0,258.227,258.594,258.241,0.225066,0.225376
8|84|sample|8|162,6.0,1804,8,8,1,78856.625,65715.7,202.186,202.811,202.197,0.0315368,0.0316434
8|84|sample|9|162,0.0003648,74429,1,9,1,78856.625,65709.4,202.186,202.678,202.166,1.4629,1.46656
8|84|sample|9|162,0.001824,81503,2,9,1,78856.625,78850.8,258.227,258.424,258.202,1.25924,1.26032
8|84|sample|9|162,0.00912,79111,3,9,1,78856.625,78856.4,258.274,258.47,258.248,1.22195,1.22299
8|84|sample|9|162,0.0456,74577,4,9,1,78856.625,78856.6,258.274,258.47,258.249,1.15169,1.15267
8|84|sample|9|162,0.228,48083,5,9,1,78856.625,78856.6,258.274,258.47,258.249,0.741121,0.741753
8|84|sample|9|162,1.14,14006,6,9,1,78856.625,78856.6,258.274,258.47,258.248,0.213041,0.213225
8|84|sample|9|162,5.7,1510,7,9,1,78856.625,78852.0,258.227,258.424,258.202,0.0193987,0.0194186
8|84|sample|9|162,28.5,600,8,9,1,78856.625,65715.7,202.186,202.678,202.166,0.00783067,0.00786034
8|84|vc|1|2|162,0.0,73943,1,2,1,78856.625,250.606,214.906,215.195,214.926,1.36956,1.37126
8|84|vc|2|2|162,0.0,83068,2,2,1,78856.625,274.514,274.472,274.698,274.486,1.20793,1.20886
8|84|vc|3|2|162,0.0,83256,3,2,1,78856.625,274.514,274.472,274.308,274.486,1.21239,1.2116
8|84|vc|4|2|162,0.0,81859,4,2,1,78856.625,274.514,274.472,274.666,274.485,1.19043,1.19121
8|84|vc|5|2|162,0.0,83236,5,2,1,78856.625,274.514,274.472,274.69,274.486,1.21042,1.21131
8|84|vc|6|2|162,0.0,85784,6,2,1,78856.625,274.514,274.472,274.87,274.489,1.24678,1.2485
8|84|vc|7|2|162,0.0,78995,7,2,1,78856.625,274.514,274.472,274.339,274.482,1.15,1.14941
8|84|vc|8|2|162,0.0,60712,8,2,1,78856.625,250.606,214.906,214.926,214.912,1.12518,1.12525
8|719|cc|1|1|274,0.0,640,1,1,0,84741.625,0.0,0.0,0.0,0.0,0.998673,0.998673
8|719|cc|2|1|274,0.0,658,2,1,0,84741.625,0.0,0.0,0.0,0.0,1.02676,1.02676
8|719|cc|3|1|274,0.0,684,3,1,0,84741.625,0.0,0.0,0.0,0.0,1.06733,1.06733
8|719|cc|4|1|274,0.0,730,4,1,0,84741.625,0.0,0.0,0.0,0.0,1.13911,1.13911
8|719|cc|5|1|274,0.0,706,5,1,0,84741.625,0.0,0.0,0.0,0.0,1.10166,1.10166
8|719|cc|6|1|274,0.0,732,6,1,0,84741.625,0.0,0.0,0.0,0.0,1.14223,1.14223
8|719|cc|7|1|274,0.0,746,7,1,0,84741.625,0.0,0.0,0.0,0.0,1.16408,1.16408
8|719|cc|8|1|274,0.0,716,8,1,0,84741.625,0.0,0.0,0.0,0.0,1.11727,1.11727
8|719|sample|10|274,0.0003648,94350,1,10,1,84741.625,70613.3,235.774,235.973,235.772,1.59599,1.59733
8|719|sample|10|274,0.001824,93025,2,10,1,84741.625,84735.4,258.267,258.627,258.265,1.4367,1.43871
8|719|sample|10|274,0.00912,89279,3,10,1,84741.625,84741.4,258.274,258.635,258.272,1.37865,1.38057
8|719|sample|10|274,0.0456,68995,4,10,1,84741.625,84741.6,258.274,258.635,258.272,1.06451,1.066
8|719|sample|10|274,0.228,32223,5,10,1,84741.625,84741.6,258.274,258.635,258.272,0.495028,0.495722
8|719|sample|10|274,1.14,4210,6,10,1,84741.625,84741.6,258.274,258.635,258.272,0.0611943,0.061285
8|719|sample|10|274,5.7,632,7,10,1,84741.625,84736.7,258.267,258.627,258.265,0.00578254,0.00579621
8|719|sample|10|274,28.5,612,8,10,1,84741.625,70620.0,235.774,235.973,235.772,0.00637668,0.00638545
8|719|sample|11|274,0.0003712,89357,1,11,1,84741.625,70613.4,235.774,235.616,235.757,1.51359,1.51269
8|719|sample|11|274,0.001856,92891,2,11,1,84741.625,84735.4,258.267,258.236,258.248,1.43679,1.43672
8|719|sample|11|274,0.00928,86253,3,11,1,84741.625,84736.5,258.267,258.236,258.248,1.33383,1.33377
8|719|sample|11|274,0.0464,67865,4,11,1,84741.625,84736.7,258.267,258.236,258.248,1.04862,1.04857
8|719|sample|11|274,0.2319999999999999,24977,5,11,1,84741.625,84736.7,258.267,258.236,258.248,0.383402,0.383384
8|719|sample|11|274,1.16,2348,6,11,1,84741.625,84736.7,258.267,258.236,258.248,0.0324134,0.0324118
8|719|sample|11|274,5.8,638,7,11,1,84741.625,84736.7,258.267,258.236,258.248,0.00589035,0.0058899
8|719|sample|11|274,29.0,584,8,11,1,84741.625,70620.0,235.774,235.616,235.757,0.00591676,0.00591086
8|719|sample|12|274,0.0003712,94222,1,12,1,84741.625,70613.4,235.774,235.718,235.793,1.59553,1.59502
8|719|sample|12|274,0.001856,91978,2,12,1,84741.625,70618.9,235.774,235.718,235.793,1.55743,1.55694
8|719|sample|12|274,0.00928,89439,3,12,1,84741.625,70619.9,235.774,235.718,235.793,1.51433,1.51385
8|719|sample|12|274,0.0464,65541,4,12,1,84741.625,70620.0,235.774,235.718,235.793,1.10864,1.10828
8|719|sample|12|274,0.2319999999999999,22932,5,12,1,84741.625,70620.0,235.774,235.718,235.793,0.385296,0.385173
8|719|sample|12|274,1.16,1534,6,12,1,84741.625,70620.0,235.774,235.718,235.793,0.0220399,0.0220316
8|719|sample|12|274,5.8,634,7,12,1,84741.625,70620.0,235.774,235.718,235.793,0.00676132,0.0067579
8|719|sample|12|274,29.0,568,8,12,1,84741.625,70620.0,235.774,235.718,235.793,0.00564089,0.00563783
8|719|sample|3|274,6.4e-05,94588,1,3,1,84741.625,70572.1,235.774,235.421,235.875,1.60374,1.60068
8|719|sample|3|274,0.00032,87222,2,3,1,84741.625,84727.3,258.267,258.022,258.377,1.34997,1.34812
8|719|sample|3|274,0.0016,85600,3,3,1,84741.625,84740.1,258.274,258.03,258.385,1.32475,1.32294
8|719|sample|3|274,0.008,88953,4,3,1,84741.625,84741.4,258.274,258.03,258.385,1.3768,1.37492
8|719|sample|3|274,0.04,78809,5,3,1,84741.625,84741.6,258.274,258.03,258.385,1.21933,1.21767
8|719|sample|3|274,0.2,76136,6,3,1,84741.625,84741.6,258.274,258.03,258.385,1.17784,1.17623
8|719|sample|3|274,1.0,50010,7,3,1,84741.625,84736.7,258.267,258.022,258.377,0.772313,0.771258
8|719|sample|3|274,5.0,9930,8,3,1,84741.625,70620.0,235.774,235.421,235.875,0.164782,0.164461
8|719|sample|4|274,6.4e-05,96662,1,4,1,84741.625,70572.1,235.774,235.892,235.871,1.63575,1.6359
8|719|sample|4|274,0.00032,85208,2,4,1,84741.625,84727.3,258.267,258.539,258.373,1.31608,1.31693
8|719|sample|4|274,0.0016,85066,3,4,1,84741.625,84740.1,258.274,258.547,258.38,1.31385,1.31469
8|719|sample|4|274,0.008,87029,4,4,1,84741.625,84741.4,258.274,258.547,258.38,1.34426,1.34512
8|719|sample|4|274,0.04,80898,5,4,1,84741.625,84741.6,258.274,258.547,258.38,1.24927,1.25007
8|719|sample|4|274,0.2,71071,6,4,1,84741.625,84741.6,258.274,258.547,258.38,1.09703,1.09774
8|719|sample|4|274,1.0,50818,7,4,1,84741.625,84736.7,258.267,258.539,258.373,0.783295,0.783798
8|719|sample|4|274,5.0,10376,8,4,1,84741.625,70620.0,235.774,235.892,235.871,0.172014,0.17203
8|719|sample|5|274,0.0006144,90234,1,5,1,84741.625,70616.3,235.774,236.126,235.804,1.5252,1.52727
8|719|sample|5|274,0.003072,91037,2,5,1,84741.625,84736.0,258.267,258.796,258.3,1.40501,1.40769
8|719|sample|5|274,0.01536,85896,3,5,1,84741.625,84741.5,258.274,258.803,258.307,1.3254,1.32793
8|719|sample|5|274,0.0768,84081,4,5,1,84741.625,84741.6,258.274,258.803,258.307,1.29731,1.29978
8|719|sample|5|274,0.384,66810,5,5,1,84741.625,84741.6,258.274,258.803,258.307,1.03001,1.03197
8|719|sample|5|274,1.92,28534,6,5,1,84741.625,84741.6,258.274,258.803,258.307,0.437612,0.438452
8|719|sample|5|274,9.6,4934,7,5,1,84741.625,84736.7,258.267,258.796,258.3,0.0723597,0.0725051
8|719|sample|5|274,48.0,870,8,5,1,84741.625,70620.0,235.774,236.126,235.804,0.0107423,0.0107623
8|719|sample|6|274,0.0006144,90599,1,6,1,84741.625,70616.3,235.774,236.048,235.821,1.5319,1.53336
8|719|sample|6|274,0.003072,100276,2,6,1,84741.625,84736.0,258.267,258.709,258.318,1.54851,1.55084
8|719|sample|6|274,0.01536,89109,3,6,1,84741.625,84741.5,258.274,258.717,258.325,1.37558,1.37765
8|719|sample|6|274,0.0768,84595,4,6,1,84741.625,84741.6,258.274,258.717,258.325,1.3057,1.30766
8|719|sample|6|274,0.384,66428,5,6,1,84741.625,84741.6,258.274,258.717,258.325,1.02443,1.02598
8|719|sample|6|274,1.92,28310,6,6,1,84741.625,84741.6,258.274,258.717,258.325,0.43429,0.434948
8|719|sample|6|274,9.6,3504,7,6,1,84741.625,84736.7,258.267,258.709,258.318,0.0502451,0.0503266
8|719|sample|6|274,48.0,772,8,6,1,84741.625,70620.0,235.774,236.048,235.821,0.00908585,0.00909834
8|719|sample|7|274,7.68e-05,96784,1,7,1,84741.625,70581.0,235.774,235.968,235.823,1.6373,1.6383
8|719|sample|7|274,0.000384,90264,2,7,1,84741.625,84729.0,258.267,258.622,258.32,1.39397,1.39559
8|719|sample|7|274,0.00192,93457,3,7,1,84741.625,84740.4,258.274,258.63,258.327,1.44338,1.44506
8|719|sample|7|274,0.0096,84890,4,7,1,84741.625,84741.4,258.274,258.63,258.327,1.3107,1.31223
8|719|sample|7|274,0.048,65169,5,7,1,84741.625,84741.6,258.274,258.63,258.327,1.00528,1.00645
8|719|sample|7|274,0.24,30352,6,7,1,84741.625,84741.6,258.274,258.63,258.327,0.466061,0.466606
8|719|sample|7|274,1.2,4196,7,7,1,84741.625,84736.7,258.267,258.622,258.32,0.0609806,0.061056
8|719|sample|7|274,6.0,676,8,7,1,84741.625,70620.0,235.774,235.968,235.823,0.00746221,0.00746924
8|719|sample|8|274,7.68e-05,95369,1,8,1,84741.625,70581.0,235.774,235.964,235.812,1.61333,1.61436
8|719|sample|8|274,0.000384,92759,2,8,1,84741.625,84729.0,258.267,258.618,258.308,1.43263,1.43434
8|719|sample|8|274,0.00192,84653,3,8,1,84741.625,84740.4,258.274,258.626,258.315,1.30705,1.30861
8|719|sample|8|274,0.0096,85030,4,8,1,84741.625,84741.4,258.274,258.626,258.315,1.31289,1.31446
8|719|sample|8|274,0.048,63826,5,8,1,84741.625,84741.6,258.274,258.626,258.315,0.984495,0.985671
8|719|sample|8|274,0.24,29936,6,8,1,84741.625,84741.6,258.274,258.626,258.315,0.459626,0.460178
8|719|sample|8|274,1.2,4124,7,8,1,84741.625,84736.7,258.267,258.618,258.308,0.0598665,0.0599426
8|719|sample|8|274,6.0,680,8,8,1,84741.625,70620.0,235.774,235.964,235.812,0.00753024,0.00753765
8|719|sample|9|274,0.0003648,99893,1,9,1,84741.625,70613.3,235.774,236.039,235.774,1.68951,1.6914
8|719|sample|9|274,0.001824,90396,2,9,1,84741.625,84735.4,258.267,258.7,258.267,1.3956,1.39792
8|719|sample|9|274,0.00912,87530,3,9,1,84741.625,84741.4,258.274,258.708,258.274,1.35118,1.35343
8|719|sample|9|274,0.0456,67618,4,9,1,84741.625,84741.6,258.274,258.708,258.274,1.04289,1.04463
8|719|sample|9|274,0.228,32029,5,9,1,84741.625,84741.6,258.274,258.708,258.274,0.491885,0.492709
8|719|sample|9|274,1.14,4042,6,9,1,84741.625,84741.6,258.274,258.708,258.274,0.058575,0.0586791
8|719|sample|9|274,5.7,674,7,9,1,84741.625,84736.7,258.267,258.7,258.267,0.00643009,0.00644749
8|719|sample|9|274,28.5,644,8,9,1,84741.625,70620.0,235.774,236.039,235.774,0.00691628,0.00692847
8|719|vc|1|2|274,0.0,95775,1,2,1,84741.625,250.606,250.606,250.678,250.642,1.52585,1.52607
8|719|vc|2|2|274,0.0,90514,2,2,1,84741.625,274.514,274.514,274.598,274.536,1.31705,1.31734
8|719|vc|3|2|274,0.0,86615,3,2,1,84741.625,274.514,274.514,274.357,274.531,1.26124,1.26044
8|719|vc|4|2|274,0.0,84683,4,2,1,84741.625,274.514,274.514,274.368,274.529,1.23297,1.23225
8|719|vc|5|2|274,0.0,87250,5,2,1,84741.625,274.514,274.514,274.357,274.532,1.27051,1.26971
8|719|vc|6|2|274,0.0,81493,6,2,1,84741.625,274.514,274.514,274.647,274.526,1.18517,1.18569
8|719|vc|7|2|274,0.0,76517,7,2,1,84741.625,274.514,274.514,274.401,274.521,1.11355,1.11307
8|719|vc|8|2|274,0.0,75086,8,2,1,84741.625,250.606,250.606,250.599,250.618,1.19575,1.19566
8|488|cc|1|1|322,0.0,690,1,1,0,92253.875,0.0,0.0,0.0,0.0,1.07669,1.07669
8|488|cc|2|1|322,0.0,744,2,1,0,92253.875,0.0,0.0,0.0,0.0,1.16096,1.16096
8|488|cc|3|1|322,0.0,678,3,1,0,92253.875,0.0,0.0,0.0,0.0,1.05797,1.05797
8|488|cc|4|1|322,0.0,658,4,1,0,92253.875,0.0,0.0,0.0,0.0,1.02676,1.02676
8|488|cc|5|1|322,0.0,652,5,1,0,92253.875,0.0,0.0,0.0,0.0,1.0174,1.0174
8|488|cc|6|1|322,0.0,686,6,1,0,92253.875,0.0,0.0,0.0,0.0,1.07045,1.07045
8|488|cc|7|1|322,0.0,710,7,1,0,92253.875,0.0,0.0,0.0,0.0,1.1079,1.1079
8|488|cc|8|1|322,0.0,678,8,1,0,92253.875,0.0,0.0,0.0,0.0,1.05797,1.05797
8|488|sample|10|322,0.0003648,81577,1,10,1,92253.875,76873.0,255.128,255.866,255.04,1.2729,1.277
8|488|sample|10|322,0.001824,77221,2,10,1,92253.875,92247.1,258.274,258.548,258.184,1.19231,1.19397
8|488|sample|10|322,0.00912,73813,3,10,1,92253.875,92253.6,258.274,258.548,258.185,1.13951,1.1411
8|488|sample|10|322,0.0456,47917,4,10,1,92253.875,92253.8,258.274,258.548,258.185,0.738327,0.739361
8|488|sample|10|322,0.228,23762,5,10,1,92253.875,92253.9,258.274,258.548,258.185,0.364117,0.364629
8|488|sample|10|322,1.14,14795,6,10,1,92253.875,92253.9,258.274,258.548,258.185,0.225199,0.225519
8|488|sample|10|322,5.7,9720,7,10,1,92253.875,92248.5,258.274,258.548,258.184,0.146577,0.146787
8|488|sample|10|322,28.5,5400,8,10,1,92253.875,76880.4,255.128,255.866,255.04,0.0805201,0.0807912
8|488|sample|11|322,0.0003712,81357,1,11,1,92253.875,76873.2,255.128,255.183,255.058,1.27283,1.27345
8|488|sample|11|322,0.001856,80376,2,11,1,92253.875,92247.1,258.274,257.858,258.203,1.24448,1.24283
8|488|sample|11|322,0.00928,77900,3,11,1,92253.875,92248.3,258.274,257.858,258.203,1.20602,1.20442
8|488|sample|11|322,0.0464,59219,4,11,1,92253.875,92248.5,258.274,257.858,258.203,0.915849,0.914632
8|488|sample|11|322,0.2319999999999999,31458,5,11,1,92253.875,92248.5,258.274,257.858,258.203,0.484635,0.483988
8|488|sample|11|322,1.16,7890,6,11,1,92253.875,92248.5,258.274,257.858,258.203,0.118551,0.118389
8|488|sample|11|322,5.8,2100,7,11,1,92253.875,92248.5,258.274,257.858,258.203,0.0286142,0.028571
8|488|sample|11|322,29.0,842,8,11,1,92253.875,76880.4,255.128,255.183,255.058,0.00920967,0.00921609
8|488|sample|12|322,0.0003712,85678,1,12,1,92253.875,76873.2,255.128,256.037,255.057,1.33621,1.3413
8|488|sample|12|322,0.001856,78320,2,12,1,92253.875,76879.2,255.128,256.037,255.057,1.22111,1.22577
8|488|sample|12|322,0.00928,75748,3,12,1,92253.875,76880.2,255.128,256.037,255.057,1.18088,1.18538
8|488|sample|12|322,0.0464,56968,4,12,1,92253.875,76880.4,255.128,256.037,255.057,0.887115,0.890502
8|488|sample|12|322,0.2319999999999999,26171,5,12,1,92253.875,76880.4,255.128,256.037,255.057,0.405374,0.40693
8|488|sample|12|322,1.16,6422,6,12,1,92253.875,76880.4,255.128,256.037,255.057,0.0964509,0.0968329
8|488|sample|12|322,5.8,1454,7,12,1,92253.875,76880.4,255.128,256.037,255.057,0.0187391,0.0188257
8|488|sample|12|322,29.0,1264,8,12,1,92253.875,76880.4,255.128,256.037,255.057,0.015767,0.0158423
8|488|sample|3|322,6.4e-05,94358,1,3,1,92253.875,76828.3,255.128,255.699,255.347,1.47391,1.47593
8|488|sample|3|322,0.00032,92993,2,3,1,92253.875,92238.3,258.274,258.38,258.495,1.43757,1.43693
8|488|sample|3|322,0.0016,99499,3,3,1,92253.875,92252.2,258.274,258.38,258.496,1.53843,1.53775
8|488|sample|3|322,0.008,102432,4,3,1,92253.875,92253.6,258.274,258.38,258.496,1.5839,1.58319
8|488|sample|3|322,0.04,102826,5,3,1,92253.875,92253.8,258.274,258.38,258.496,1.59001,1.5893
8|488|sample|3|322,0.2,85912,6,3,1,92253.875,92253.9,258.274,258.38,258.496,1.3278,1.32721
8|488|sample|3|322,1.0,75884,7,3,1,92253.875,92248.5,258.274,258.38,258.495,1.17235,1.17183
8|488|sample|3|322,5.0,33601,8,3,1,92253.875,76880.4,255.128,255.699,255.347,0.522284,0.523002
8|488|sample|4|322,6.4e-05,90076,1,4,1,92253.875,76828.3,255.128,255.528,255.352,1.40778,1.40875
8|488|sample|4|322,0.00032,95871,2,4,1,92253.875,92238.3,258.274,258.206,258.5,1.48318,1.4815
8|488|sample|4|322,0.0016,100086,3,4,1,92253.875,92252.2,258.274,258.206,258.5,1.54856,1.54681
8|488|sample|4|322,0.008,105205,4,4,1,92253.875,92253.6,258.274,258.206,258.5,1.62797,1.62613
8|488|sample|4|322,0.04,98822,5,4,1,92253.875,92253.8,258.274,258.206,258.5,1.52895,1.52723
8|488|sample|4|322,0.2,88433,6,4,1,92253.875,92253.9,258.274,258.206,258.5,1.3678,1.36625
8|488|sample|4|322,1.0,78354,7,4,1,92253.875,92248.5,258.274,258.206,258.5,1.21145,1.21008
8|488|sample|4|322,5.0,36320,8,4,1,92253.875,76880.4,255.128,255.528,255.352,0.565249,0.565637
8|488|sample|5|322,0.0006144,97119,1,5,1,92253.875,76876.3,255.128,256.722,255.269,1.51116,1.5197
8|488|sample|5|322,0.003072,96198,2,5,1,92253.875,92247.7,258.274,259.413,258.416,1.48138,1.48705
8|488|sample|5|322,0.01536,101181,3,5,1,92253.875,92253.7,258.274,259.413,258.417,1.55832,1.56428
8|488|sample|5|322,0.0768,100658,4,5,1,92253.875,92253.9,258.274,259.413,258.417,1.55024,1.55618
8|488|sample|5|322,0.384,92386,5,5,1,92253.875,92253.9,258.274,259.413,258.417,1.42251,1.42796
8|488|sample|5|322,1.92,64050,6,5,1,92253.875,92253.9,258.274,259.413,258.417,0.984982,0.988759
8|488|sample|5|322,9.6,21984,7,5,1,92253.875,92248.5,258.274,259.413,258.416,0.335447,0.336743
8|488|sample|5|322,48.0,4784,8,5,1,92253.875,76880.4,255.128,256.722,255.269,0.0706305,0.0710513
8|488|sample|6|322,0.0006144,96232,1,6,1,92253.875,76876.3,255.128,255.977,255.26,1.50165,1.50584
8|488|sample|6|322,0.003072,95307,2,6,1,92253.875,92247.7,258.274,258.66,258.407,1.47186,1.47329
8|488|sample|6|322,0.01536,103629,3,6,1,92253.875,92253.7,258.274,258.66,258.407,1.60073,1.60229
8|488|sample|6|322,0.0768,97373,4,6,1,92253.875,92253.9,258.274,258.66,258.407,1.50385,1.50532
8|488|sample|6|322,0.384,87530,5,6,1,92253.875,92253.9,258.274,258.66,258.407,1.35143,1.35275
8|488|sample|6|322,1.92,63970,6,6,1,92253.875,92253.9,258.274,258.66,258.407,0.986596,0.987556
8|488|sample|6|322,9.6,23620,7,6,1,92253.875,92248.5,258.274,258.66,258.407,0.36176,0.362114
8|488|sample|6|322,48.0,5018,8,6,1,92253.875,76880.4,255.128,255.977,255.26,0.0745071,0.0747255
8|488|sample|7|322,7.68e-05,88102,1,7,1,92253.875,76837.9,255.128,255.798,255.157,1.3754,1.37883
8|488|sample|7|322,0.000384,97131,2,7,1,92253.875,92240.2,258.274,258.479,258.303,1.50115,1.50216
8|488|sample|7|322,0.00192,94452,3,7,1,92253.875,92252.5,258.274,258.48,258.303,1.45963,1.46062
8|488|sample|7|322,0.0096,82610,4,7,1,92253.875,92253.7,258.274,258.48,258.303,1.27613,1.27699
8|488|sample|7|322,0.048,53340,5,7,1,92253.875,92253.8,258.274,258.48,258.303,0.822556,0.823114
8|488|sample|7|322,0.24,30010,6,7,1,92253.875,92253.9,258.274,258.48,258.303,0.461032,0.461346
8|488|sample|7|322,1.2,17535,7,7,1,92253.875,92248.5,258.274,258.479,258.303,0.267719,0.267902
8|488|sample|7|322,6.0,10208,8,7,1,92253.875,76880.4,255.128,255.798,255.157,0.155821,0.156218
8|488|sample|8|322,7.68e-05,96152,1,8,1,92253.875,76837.9,255.128,256.162,255.157,1.49932,1.50518
8|488|sample|8|322,0.000384,86213,2,8,1,92253.875,92240.2,258.274,258.847,258.303,1.33008,1.33286
8|488|sample|8|322,0.00192,94198,3,8,1,92253.875,92252.5,258.274,258.847,258.303,1.45364,1.45668
8|488|sample|8|322,0.0096,85402,4,8,1,92253.875,92253.7,258.274,258.847,258.303,1.31753,1.32029
8|488|sample|8|322,0.048,55227,5,8,1,92253.875,92253.8,258.274,258.847,258.303,0.850595,0.852376
8|488|sample|8|322,0.24,28203,6,8,1,92253.875,92253.9,258.274,258.847,258.303,0.432417,0.433326
8|488|sample|8|322,1.2,15833,7,8,1,92253.875,92248.5,258.274,258.847,258.303,0.240999,0.24151
8|488|sample|8|322,6.0,10222,8,8,1,92253.875,76880.4,255.128,256.162,255.157,0.155815,0.156438
8|488|sample|9|322,0.0003648,88000,1,9,1,92253.875,76873.0,255.128,256.316,255.059,1.37105,1.37776
8|488|sample|9|322,0.001824,81172,2,9,1,92253.875,92247.1,258.274,259.003,258.203,1.25133,1.25518
8|488|sample|9|322,0.00912,76271,3,9,1,92253.875,92253.6,258.274,259.003,258.203,1.17553,1.17915
8|488|sample|9|322,0.0456,48779,4,9,1,92253.875,92253.8,258.274,259.003,258.203,0.750367,0.752679
8|488|sample|9|322,0.228,28900,5,9,1,92253.875,92253.9,258.274,259.003,258.203,0.442936,0.444306
8|488|sample|9|322,1.14,16823,6,9,1,92253.875,92253.9,258.274,259.003,258.203,0.256164,0.256961
8|488|sample|9|322,5.7,9274,7,9,1,92253.875,92248.5,258.274,259.003,258.203,0.139418,0.139858
8|488|sample|9|322,28.5,5678,8,9,1,92253.875,76880.4,255.128,256.316,255.059,0.084717,0.0851501
8|488|vc|1|2|322,0.0,94917,1,2,1,92253.875,250.606,271.178,271.883,271.206,1.39501,1.39847
8|488|vc|2|2|322,0.0,99297,2,2,1,92253.875,274.514,274.522,274.309,274.554,1.44674,1.44546
8|488|vc|3|2|322,0.0,94280,3,2,1,92253.875,274.514,274.522,274.287,274.548,1.37355,1.37226
8|488|vc|4|2|322,0.0,91878,4,2,1,92253.875,274.514,274.522,274.991,274.545,1.33505,1.33721
8|488|vc|5|2|322,0.0,91882,5,2,1,92253.875,274.514,274.522,274.346,274.545,1.33823,1.33727
8|488|vc|6|2|322,0.0,90577,6,2,1,92253.875,274.514,274.522,274.484,274.543,1.31851,1.31822
8|488|vc|7|2|322,0.0,89724,7,2,1,92253.875,274.514,274.522,274.437,274.542,1.30628,1.30578
8|488|vc|8|2|322,0.0,85476,8,2,1,92253.875,250.606,271.178,271.693,271.195,1.25673,1.25902
8|847|cc|1|1|69,0.0,676,1,1,0,136227.125,0.0,0.0,0.0,0.0,1.05485,1.05485
8|847|cc|2|1|69,0.0,738,2,1,0,136227.125,0.0,0.0,0.0,0.0,1.1516,1.1516
8|847|cc|3|1|69,0.0,778,3,1,0,136227.125,0.0,0.0,0.0,0.0,1.21401,1.21401
8|847|cc|4|1|69,0.0,704,4,1,0,136227.125,0.0,0.0,0.0,0.0,1.09854,1.09854
8|847|cc|5|1|69,0.0,732,5,1,0,136227.125,0.0,0.0,0.0,0.0,1.14223,1.14223
8|847|cc|6|1|69,0.0,732,6,1,0,136227.125,0.0,0.0,0.0,0.0,1.14223,1.14223
8|847|cc|7|1|69,0.0,698,7,1,0,136227.125,0.0,0.0,0.0,0.0,1.08918,1.08918
8|847|cc|8|1|69,0.0,842,8,1,0,136227.125,0.0,0.0,0.0,0.0,1.31388,1.31388
8|847|sample|10|69,0.0003648,119901,1,10,1,136227.125,113515.0,235.774,236.133,235.868,2.02792,2.03018
8|847|sample|10|69,0.001824,119010,2,10,1,136227.125,136217.0,258.267,258.802,258.369,1.83791,1.84096
8|847|sample|10|69,0.00912,106506,3,10,1,136227.125,136227.0,258.274,258.81,258.377,1.64434,1.64707
8|847|sample|10|69,0.0456,64608,4,10,1,136227.125,136227.0,258.274,258.81,258.377,0.995901,0.99756
8|847|sample|10|69,0.228,13842,5,10,1,136227.125,136227.0,258.274,258.81,258.377,0.21022,0.210576
8|847|sample|10|69,1.14,918,6,10,1,136227.125,136227.0,258.274,258.81,258.377,0.010202,0.0102256
8|847|sample|10|69,5.7,610,7,10,1,136227.125,136219.0,258.267,258.802,258.369,0.00543547,0.0054512
8|847|sample|10|69,28.5,526,8,10,1,136227.125,113526.0,235.774,236.133,235.868,0.00491229,0.00492223
8|847|sample|11|69,0.0003712,133212,1,11,1,136227.125,113515.0,1063.52,1067.1,1063.45,0.499773,0.501501
8|847|sample|11|69,0.001856,105958,2,11,1,136227.125,136217.0,640.832,642.955,640.753,0.660001,0.662274
8|847|sample|11|69,0.00928,119951,3,11,1,136227.125,136219.0,405.188,405.974,405.11,1.18373,1.18625
8|847|sample|11|69,0.0464,102632,4,11,1,136227.125,136219.0,314.63,314.902,314.552,1.30375,1.30519
8|847|sample|11|69,0.2319999999999999,66738,5,11,1,136227.125,136219.0,279.881,279.954,279.802,0.951568,0.952083
8|847|sample|11|69,1.16,18073,6,11,1,136227.125,136219.0,266.554,266.551,266.475,0.267655,0.267732
8|847|sample|11|69,5.8,1002,7,11,1,136227.125,136219.0,261.444,261.412,261.365,0.0113487,0.0113515
8|847|sample|11|69,29.0,630,8,11,1,136227.125,113526.0,236.789,236.618,236.718,0.00665298,0.00664854
8|847|sample|12|69,0.0003712,124911,1,12,1,136227.125,113515.0,1063.52,1067.39,1063.46,0.468251,0.469991
8|847|sample|12|69,0.001856,113518,2,12,1,136227.125,113524.0,554.548,556.119,554.494,0.817951,0.820348
8|847|sample|12|69,0.00928,110811,3,12,1,136227.125,113526.0,358.197,358.872,358.143,1.23621,1.23871
8|847|sample|12|69,0.0464,95553,4,12,1,136227.125,113526.0,282.74,283.07,282.685,1.34923,1.35105
8|847|sample|12|69,0.2319999999999999,71057,5,12,1,136227.125,113526.0,253.784,253.982,253.73,1.1164,1.1175
8|847|sample|12|69,1.16,17709,6,12,1,136227.125,113526.0,242.68,242.827,242.625,0.28792,0.28816
8|847|sample|12|69,5.8,964,7,12,1,136227.125,113526.0,238.422,238.549,238.367,0.0121708,0.012183
8|847|sample|12|69,29.0,514,8,12,1,136227.125,113526.0,236.789,236.91,236.735,0.00468053,0.00468689
8|847|sample|3|69,6.4e-05,141928,1,3,1,136227.125,113449.0,2019.14,2027.56,2019.17,0.278787,0.27996
8|847|sample|3|69,0.00032,138654,2,3,1,136227.125,136204.0,1033.24,1037.74,1033.28,0.535154,0.537476
8|847|sample|3|69,0.0016,135457,3,3,1,136227.125,136225.0,537.092,538.585,537.133,1.00859,1.01131
8|847|sample|3|69,0.008,145249,4,3,1,136227.125,136227.0,358.345,358.748,358.386,1.6222,1.62383
8|847|sample|3|69,0.04,131047,5,3,1,136227.125,136227.0,294.161,294.171,294.202,1.78247,1.78229
8|847|sample|3|69,0.2,70406,6,3,1,136227.125,136227.0,271.139,271.009,271.18,1.03705,1.0364
8|847|sample|3|69,1.0,35020,7,3,1,136227.125,136219.0,262.878,262.697,262.919,0.530039,0.529593
8|847|sample|3|69,5.0,19157,8,3,1,136227.125,113526.0,237.152,236.837,237.189,0.31969,0.319215
8|847|sample|4|69,6.4e-05,137164,1,4,1,136227.125,113449.0,2019.14,2028.0,2019.16,0.269235,0.270429
8|847|sample|4|69,0.00032,143262,2,4,1,136227.125,136204.0,1033.24,1038.25,1033.27,0.5528,0.55548
8|847|sample|4|69,0.0016,134282,3,4,1,136227.125,136225.0,537.092,539.109,537.119,0.998833,1.00253
8|847|sample|4|69,0.008,148754,4,4,1,136227.125,136227.0,358.345,359.279,358.373,1.659,1.66318
8|847|sample|4|69,0.04,120142,5,4,1,136227.125,136227.0,294.161,294.705,294.188,1.63087,1.63372
8|847|sample|4|69,0.2,68131,6,4,1,136227.125,136227.0,271.139,271.544,271.167,1.00144,1.00283
8|847|sample|4|69,1.0,33891,7,4,1,136227.125,136219.0,262.878,263.233,262.905,0.511781,0.512417
8|847|sample|4|69,5.0,19357,8,4,1,136227.125,113526.0,237.152,237.326,237.177,0.322403,0.322607
8|847|sample|5|69,0.0006144,138978,1,5,1,136227.125,113520.0,662.656,664.63,662.634,0.838641,0.84117
8|847|sample|5|69,0.003072,131680,2,5,1,136227.125,136218.0,442.343,443.45,442.318,1.19031,1.19335
8|847|sample|5|69,0.01536,120056,3,5,1,136227.125,136227.0,324.316,324.706,324.291,1.47995,1.48183
8|847|sample|5|69,0.0768,103047,4,5,1,136227.125,136227.0,281.953,282.086,281.929,1.46041,1.46121
8|847|sample|5|69,0.384,56782,5,5,1,136227.125,136227.0,266.763,266.802,266.738,0.848708,0.848912
8|847|sample|5|69,1.92,28614,6,5,1,136227.125,136227.0,261.317,261.323,261.292,0.434621,0.434673
8|847|sample|5|69,9.6,20034,7,5,1,136227.125,136219.0,259.357,259.352,259.332,0.305409,0.305432
8|847|sample|5|69,48.0,9472,8,5,1,136227.125,113526.0,236.1,235.96,236.077,0.156633,0.156554
8|847|sample|6|69,0.0006144,127160,1,6,1,136227.125,113520.0,662.656,665.091,662.611,0.766452,0.769325
8|847|sample|6|69,0.003072,130753,2,6,1,136227.125,136218.0,442.343,443.96,442.293,1.18055,1.18499
8|847|sample|6|69,0.01536,115206,3,6,1,136227.125,136227.0,324.316,325.217,324.266,1.41778,1.42192
8|847|sample|6|69,0.0768,93986,4,6,1,136227.125,136227.0,281.953,282.598,281.904,1.32924,1.33249
8|847|sample|6|69,0.384,45894,5,6,1,136227.125,136227.0,266.763,267.315,266.713,0.68389,0.685429
8|847|sample|6|69,1.92,27093,6,6,1,136227.125,136227.0,261.317,261.836,261.267,0.4105,0.411395
8|847|sample|6|69,9.6,17839,7,6,1,136227.125,136219.0,259.357,259.865,259.307,0.27097,0.271556
8|847|sample|6|69,48.0,9360,8,6,1,136227.125,113526.0,236.1,236.428,236.054,0.154423,0.154671
8|847|sample|7|69,7.68e-05,124621,1,7,1,136227.125,113463.0,235.774,236.006,236.046,2.10903,2.10868
8|847|sample|7|69,0.000384,124263,2,7,1,136227.125,136207.0,258.267,258.664,258.564,1.92023,1.92096
8|847|sample|7|69,0.00192,127505,3,7,1,136227.125,136225.0,258.274,258.671,258.571,1.97037,1.97113
8|847|sample|7|69,0.0096,128418,4,7,1,136227.125,136227.0,258.274,258.671,258.571,1.98451,1.98527
8|847|sample|7|69,0.048,77472,5,7,1,136227.125,136227.0,258.274,258.671,258.571,1.19563,1.19609
8|847|sample|7|69,0.24,19051,6,7,1,136227.125,136227.0,258.274,258.671,258.571,0.290994,0.291107
8|847|sample|7|69,1.2,998,7,7,1,136227.125,136219.0,258.267,258.664,258.564,0.0114487,0.0114547
8|847|sample|7|69,6.0,632,8,7,1,136227.125,113526.0,235.774,236.006,236.046,0.00671433,0.00671256
8|847|sample|8|69,7.68e-05,130681,1,8,1,136227.125,113463.0,235.774,236.214,236.047,2.20985,2.2114
8|847|sample|8|69,0.000384,131502,2,8,1,136227.125,136207.0,258.267,258.892,258.565,2.03055,2.03309
8|847|sample|8|69,0.00192,123225,3,8,1,136227.125,136225.0,258.274,258.899,258.573,1.90244,1.90482
8|847|sample|8|69,0.0096,120550,4,8,1,136227.125,136227.0,258.274,258.899,258.573,1.86105,1.86338
8|847|sample|8|69,0.048,74924,5,8,1,136227.125,136227.0,258.274,258.899,258.573,1.15516,1.15661
8|847|sample|8|69,0.24,17541,6,8,1,136227.125,136227.0,258.274,258.899,258.573,0.267375,0.267714
8|847|sample|8|69,1.2,1000,7,8,1,136227.125,136219.0,258.267,258.892,258.565,0.0114662,0.0114856
8|847|sample|8|69,6.0,620,8,8,1,136227.125,113526.0,235.774,236.214,236.047,0.00650168,0.00650906
8|847|sample|9|69,0.0003648,122535,1,9,1,136227.125,113515.0,235.774,236.083,235.868,2.07299,2.07486
8|847|sample|9|69,0.001824,114457,2,9,1,136227.125,136217.0,258.267,258.748,258.369,1.76781,1.77038
8|847|sample|9|69,0.00912,103659,3,9,1,136227.125,136227.0,258.274,258.756,258.377,1.60061,1.60294
8|847|sample|9|69,0.0456,70963,4,9,1,136227.125,136227.0,258.274,258.756,258.377,1.09448,1.09608
8|847|sample|9|69,0.228,15485,5,9,1,136227.125,136227.0,258.274,258.756,258.377,0.235698,0.236046
8|847|sample|9|69,1.14,998,6,9,1,136227.125,136227.0,258.274,258.756,258.377,0.0114433,0.0114658
8|847|sample|9|69,5.7,588,7,9,1,136227.125,136219.0,258.267,258.748,258.369,0.00509687,0.00511014
8|847|sample|9|69,28.5,600,8,9,1,136227.125,113526.0,235.774,236.083,235.868,0.00616846,0.00617767
8|847|vc|1|2|69,0.0,128428,1,2,1,136227.125,250.606,250.606,250.688,250.692,2.04735,2.04731
8|847|vc|2|2|69,0.0,140797,2,2,1,136227.125,274.514,274.514,274.524,274.608,2.05147,2.05085
8|847|vc|3|2|69,0.0,133543,3,2,1,136227.125,274.514,274.514,274.108,274.596,1.9485,1.94507
8|847|vc|4|2|69,0.0,145073,4,2,1,136227.125,274.514,274.514,274.654,274.616,2.1129,2.1132
8|847|vc|5|2|69,0.0,153047,5,2,1,136227.125,274.514,274.514,274.414,274.631,2.2312,2.22945
8|847|vc|6|2|69,0.0,143667,6,2,1,136227.125,274.514,274.514,274.667,274.613,2.09229,2.0927
8|847|vc|7|2|69,0.0,129385,7,2,1,136227.125,274.514,274.514,275.12,274.589,1.88082,1.88443
8|847|vc|8|2|69,0.0,115877,8,2,1,136227.125,250.606,250.606,250.713,250.671,1.84669,1.847
8|474|cc|1|1|276,0.0,688,1,1,0,126520.0,0.0,0.0,0.0,0.0,1.07357,1.07357
8|474|cc|2|1|276,0.0,722,2,1,0,126520.0,0.0,0.0,0.0,0.0,1.12663,1.12663
8|474|cc|3|1|276,0.0,726,3,1,0,126520.0,0.0,0.0,0.0,0.0,1.13287,1.13287
8|474|cc|4|1|276,0.0,740,4,1,0,126520.0,0.0,0.0,0.0,0.0,1.15472,1.15472
8|474|cc|5|1|276,0.0,730,5,1,0,126520.0,0.0,0.0,0.0,0.0,1.13911,1.13911
8|474|cc|6|1|276,0.0,798,6,1,0,126520.0,0.0,0.0,0.0,0.0,1.24522,1.24522
8|474|cc|7|1|276,0.0,812,7,1,0,126520.0,0.0,0.0,0.0,0.0,1.26707,1.26707
8|474|cc|8|1|276,0.0,708,8,1,0,126520.0,0.0,0.0,0.0,0.0,1.10478,1.10478
8|474|sample|10|276,0.0003648,136491,1,10,1,126520.0,105426.0,235.774,235.994,235.842,2.31042,2.31189
8|474|sample|10|276,0.001824,112487,2,10,1,126520.0,126511.0,258.267,258.65,258.341,1.73797,1.74003
8|474|sample|10|276,0.00912,87404,3,10,1,126520.0,126520.0,258.274,258.658,258.348,1.34949,1.3511
8|474|sample|10|276,0.0456,26053,4,10,1,126520.0,126520.0,258.274,258.658,258.348,0.399439,0.399917
8|474|sample|10|276,0.228,1910,5,10,1,126520.0,126520.0,258.274,258.658,258.348,0.0255719,0.025607
8|474|sample|10|276,1.14,702,6,10,1,126520.0,126520.0,258.274,258.658,258.348,0.00686539,0.00687832
8|474|sample|10|276,5.7,688,7,10,1,126520.0,126513.0,258.267,258.65,258.341,0.00664891,0.00666157
8|474|sample|10|276,28.5,768,8,10,1,126520.0,105436.0,235.774,235.994,235.842,0.009021,0.00902929
8|474|sample|11|276,0.0003712,134430,1,11,1,126520.0,105426.0,235.774,236.098,235.967,2.27447,2.27572
8|474|sample|11|276,0.001856,130150,2,11,1,126520.0,126511.0,258.267,258.764,258.478,2.01062,2.01283
8|474|sample|11|276,0.00928,116133,3,11,1,126520.0,126512.0,258.267,258.764,258.478,1.79364,1.79562
8|474|sample|11|276,0.0464,92512,4,11,1,126520.0,126513.0,258.267,258.764,258.478,1.42801,1.42958
8|474|sample|11|276,0.2319999999999999,31016,5,11,1,126520.0,126513.0,258.267,258.764,258.478,0.476098,0.476625
8|474|sample|11|276,1.16,1746,6,11,1,126520.0,126513.0,258.267,258.764,258.478,0.0230213,0.023051
8|474|sample|11|276,5.8,650,7,11,1,126520.0,126513.0,258.267,258.764,258.478,0.00605603,0.00606711
8|474|sample|11|276,29.0,692,8,11,1,126520.0,105436.0,235.774,236.098,235.967,0.00772716,0.00773361
8|474|sample|12|276,0.0003712,121914,1,12,1,126520.0,105426.0,235.774,236.054,235.967,2.06271,2.06347
8|474|sample|12|276,0.001856,119881,2,12,1,126520.0,105435.0,235.774,236.054,235.967,2.02825,2.029
8|474|sample|12|276,0.00928,117603,3,12,1,126520.0,105436.0,235.774,236.054,235.967,1.98963,1.99036
8|474|sample|12|276,0.0464,87318,4,12,1,126520.0,105436.0,235.774,236.054,235.967,1.47623,1.47678
8|474|sample|12|276,0.2319999999999999,26931,5,12,1,126520.0,105436.0,235.774,236.054,235.967,0.452539,0.452707
8|474|sample|12|276,1.16,1852,6,12,1,126520.0,105436.0,235.774,236.054,235.967,0.0273939,0.0274054
8|474|sample|12|276,5.8,644,7,12,1,126520.0,105436.0,235.774,236.054,235.967,0.00691559,0.00691962
8|474|sample|12|276,29.0,664,8,12,1,126520.0,105436.0,235.774,236.054,235.967,0.00725463,0.00725879
8|474|sample|3|276,6.4e-05,140286,1,3,1,126520.0,105365.0,235.774,236.114,236.262,2.37356,2.37209
8|474|sample|3|276,0.00032,140390,2,3,1,126520.0,126499.0,258.267,258.782,258.801,2.16897,2.16881
8|474|sample|3|276,0.0016,126011,3,3,1,126520.0,126518.0,258.274,258.79,258.809,1.94635,1.94621
8|474|sample|3|276,0.008,136248,4,3,1,126520.0,126520.0,258.274,258.79,258.809,2.1048,2.10465
8|474|sample|3|276,0.04,123688,5,3,1,126520.0,126520.0,258.274,258.79,258.809,1.9104,1.91026
8|474|sample|3|276,0.2,100688,6,3,1,126520.0,126520.0,258.274,258.79,258.809,1.55441,1.5543
8|474|sample|3|276,1.0,44295,7,3,1,126520.0,126513.0,258.267,258.782,258.801,0.681599,0.681549
8|474|sample|3|276,5.0,6292,8,3,1,126520.0,105436.0,235.774,236.114,236.262,0.102635,0.102569
8|474|sample|4|276,6.4e-05,137562,1,4,1,126520.0,105365.0,235.774,235.821,236.242,2.33027,2.32615
8|474|sample|4|276,0.00032,134604,2,4,1,126520.0,126499.0,258.267,258.461,258.779,2.08198,2.07944
8|474|sample|4|276,0.0016,133116,3,4,1,126520.0,126518.0,258.274,258.468,258.787,2.05886,2.05635
8|474|sample|4|276,0.008,133348,4,4,1,126520.0,126520.0,258.274,258.468,258.787,2.06246,2.05994
8|474|sample|4|276,0.04,121193,5,4,1,126520.0,126520.0,258.274,258.468,258.787,1.87409,1.87181
8|474|sample|4|276,0.2,98200,6,4,1,126520.0,126520.0,258.274,258.468,258.787,1.51778,1.51592
8|474|sample|4|276,1.0,38819,7,4,1,126520.0,126513.0,258.267,258.461,258.779,0.597581,0.596848
8|474|sample|4|276,5.0,6826,8,4,1,126520.0,105436.0,235.774,235.821,236.242,0.111828,0.111623
8|474|sample|5|276,0.0006144,132239,1,5,1,126520.0,105431.0,235.774,236.388,236.056,2.23461,2.23773
8|474|sample|5|276,0.003072,134624,2,5,1,126520.0,126512.0,258.267,259.082,258.575,2.07733,2.08137
8|474|sample|5|276,0.01536,128618,3,5,1,126520.0,126520.0,258.274,259.09,258.583,1.98442,1.98828
8|474|sample|5|276,0.0768,115873,4,5,1,126520.0,126520.0,258.274,259.09,258.583,1.78738,1.79086
8|474|sample|5|276,0.384,72562,5,5,1,126520.0,126520.0,258.274,259.09,258.583,1.1178,1.11998
8|474|sample|5|276,1.92,20404,6,5,1,126520.0,126520.0,258.274,259.09,258.583,0.311439,0.312052
8|474|sample|5|276,9.6,3584,7,5,1,126520.0,126513.0,258.267,259.082,258.575,0.0514045,0.0515122
8|474|sample|5|276,48.0,1678,8,5,1,126520.0,105436.0,235.774,236.388,236.056,0.0244044,0.024444
8|474|sample|6|276,0.0006144,136505,1,6,1,126520.0,105431.0,235.774,235.956,236.032,2.31102,2.31028
8|474|sample|6|276,0.003072,126395,2,6,1,126520.0,126512.0,258.267,258.609,258.549,1.95366,1.9541
8|474|sample|6|276,0.01536,119521,3,6,1,126520.0,126520.0,258.274,258.616,258.557,1.84713,1.84755
8|474|sample|6|276,0.0768,112647,4,6,1,126520.0,126520.0,258.274,258.616,258.557,1.74067,1.74107
8|474|sample|6|276,0.384,74357,5,6,1,126520.0,126520.0,258.274,258.616,258.557,1.14763,1.1479
8|474|sample|6|276,1.92,20760,6,6,1,126520.0,126520.0,258.274,258.616,258.557,0.317525,0.317598
8|474|sample|6|276,9.6,3528,7,6,1,126520.0,126513.0,258.267,258.609,258.549,0.0506378,0.0506501
8|474|sample|6|276,48.0,1762,8,6,1,126520.0,105436.0,235.774,235.956,236.032,0.0258805,0.0258709
8|474|sample|7|276,7.68e-05,132990,1,7,1,126520.0,105378.0,235.774,235.854,235.942,2.25237,2.25154
8|474|sample|7|276,0.000384,129527,2,7,1,126520.0,126501.0,258.267,258.497,258.45,2.00302,2.00338
8|474|sample|7|276,0.00192,112032,3,7,1,126520.0,126518.0,258.274,258.505,258.458,1.73189,1.7322
8|474|sample|7|276,0.0096,80668,4,7,1,126520.0,126520.0,258.274,258.505,258.458,1.24591,1.24614
8|474|sample|7|276,0.048,30208,5,7,1,126520.0,126520.0,258.274,258.505,258.458,0.464055,0.46414
8|474|sample|7|276,0.24,1942,6,7,1,126520.0,126520.0,258.274,258.505,258.458,0.0260851,0.0260905
8|474|sample|7|276,1.2,666,7,7,1,126520.0,126513.0,258.267,258.497,258.45,0.00631427,0.00631613
8|474|sample|7|276,6.0,798,8,7,1,126520.0,105436.0,235.774,235.854,235.942,0.00953763,0.00953263
8|474|sample|8|276,7.68e-05,139337,1,8,1,126520.0,105378.0,235.774,236.102,235.962,2.3576,2.35898
8|474|sample|8|276,0.000384,129049,2,8,1,126520.0,126501.0,258.267,258.769,258.473,1.99353,1.9958
8|474|sample|8|276,0.00192,112244,3,8,1,126520.0,126518.0,258.274,258.777,258.48,1.73336,1.73533
8|474|sample|8|276,0.0096,86461,4,8,1,126520.0,126520.0,258.274,258.777,258.48,1.33428,1.3358
8|474|sample|8|276,0.048,30862,5,8,1,126520.0,126520.0,258.274,258.777,258.48,0.473691,0.474234
8|474|sample|8|276,0.24,2300,6,8,1,126520.0,126520.0,258.274,258.777,258.48,0.031595,0.0316355
8|474|sample|8|276,1.2,754,7,8,1,126520.0,126513.0,258.267,258.769,258.473,0.00766564,0.00767894
8|474|sample|8|276,6.0,720,8,8,1,126520.0,105436.0,235.774,236.102,235.962,0.0082015,0.00820868
8|474|sample|9|276,0.0003648,135511,1,9,1,126520.0,105426.0,235.774,236.015,235.85,2.29359,2.29518
8|474|sample|9|276,0.001824,117258,2,9,1,126520.0,126511.0,258.267,258.674,258.349,1.81168,1.81394
8|474|sample|9|276,0.00912,89772,3,9,1,126520.0,126520.0,258.274,258.682,258.357,1.38603,1.38776
8|474|sample|9|276,0.0456,24875,4,9,1,126520.0,126520.0,258.274,258.682,258.357,0.381162,0.381641
8|474|sample|9|276,0.228,1858,5,9,1,126520.0,126520.0,258.274,258.682,258.357,0.024764,0.0247999
8|474|sample|9|276,1.14,680,6,9,1,126520.0,126520.0,258.274,258.682,258.357,0.00652374,0.00653689
8|474|sample|9|276,5.7,720,7,9,1,126520.0,126513.0,258.267,258.674,258.349,0.00714343,0.00715735
8|474|sample|9|276,28.5,790,8,9,1,126520.0,105436.0,235.774,236.015,235.85,0.0093928,0.00940214
8|474|vc|1|2|276,0.0,128388,1,2,1,126520.0,250.606,250.606,250.82,250.692,2.04564,2.04668
8|474|vc|2|2|276,0.0,126824,2,2,1,126520.0,274.514,274.514,274.573,274.585,1.84715,1.84708
8|474|vc|3|2|276,0.0,135976,3,2,1,126520.0,274.514,274.514,274.672,274.6,1.98003,1.98055
8|474|vc|4|2|276,0.0,130086,4,2,1,126520.0,274.514,274.514,274.772,274.59,1.8934,1.89465
8|474|vc|5|2|276,0.0,126830,5,2,1,126520.0,274.514,274.514,274.385,274.585,1.8485,1.84716
8|474|vc|6|2|276,0.0,130250,6,2,1,126520.0,274.514,274.514,274.468,274.59,1.89788,1.89704
8|474|vc|7|2|276,0.0,124477,7,2,1,126520.0,274.514,274.514,274.936,274.581,1.81052,1.81284
8|474|vc|8|2|276,0.0,109329,8,2,1,126520.0,250.606,250.606,250.65,250.661,1.74255,1.74247
8|462|cc|1|1|292,0.0,566,1,1,0,129563.0,0.0,0.0,0.0,0.0,0.883202,0.883202
8|462|cc|2|1|292,0.0,562,2,1,0,129563.0,0.0,0.0,0.0,0.0,0.87696,0.87696
8|462|cc|3|1|292,0.0,584,3,1,0,129563.0,0.0,0.0,0.0,0.0,0.911289,0.911289
8|462|cc|4|1|292,0.0,656,4,1,0,129563.0,0.0,0.0,0.0,0.0,1.02364,1.02364
8|462|cc|5|1|292,0.0,696,5,1,0,129563.0,0.0,0.0,0.0,0.0,1.08606,1.08606
8|462|cc|6|1|292,0.0,706,6,1,0,129563.0,0.0,0.0,0.0,0.0,1.10166,1.10166
8|462|cc|7|1|292,0.0,668,7,1,0,129563.0,0.0,0.0,0.0,0.0,1.04237,1.04237
8|462|cc|8|1|292,0.0,710,8,1,0,129563.0,0.0,0.0,0.0,0.0,1.1079,1.1079
8|462|sample|10|292,0.0003648,102838,1,10,1,129563.0,107962.0,235.774,235.696,235.76,1.74196,1.74148
8|462|sample|10|292,0.001824,109527,2,10,1,129563.0,129553.0,258.267,258.324,258.251,1.69425,1.69472
8|462|sample|10|292,0.00912,75302,3,10,1,129563.0,129563.0,258.274,258.331,258.259,1.16354,1.16387
8|462|sample|10|292,0.0456,30834,4,10,1,129563.0,129563.0,258.274,258.331,258.259,0.474073,0.474206
8|462|sample|10|292,0.228,1866,5,10,1,129563.0,129563.0,258.274,258.331,258.259,0.0249268,0.0249348
8|462|sample|10|292,1.14,542,6,10,1,129563.0,129563.0,258.274,258.331,258.259,0.00439826,0.00440061
8|462|sample|10|292,5.7,526,7,10,1,129563.0,129555.0,258.267,258.324,258.251,0.00415042,0.0041527
8|462|sample|10|292,28.5,550,8,10,1,129563.0,107972.0,235.774,235.696,235.76,0.00533618,0.00533365
8|462|sample|11|292,0.0003712,100654,1,11,1,129563.0,107962.0,630.197,632.63,630.156,0.637015,0.639521
8|462|sample|11|292,0.001856,107033,2,11,1,129563.0,129553.0,417.116,418.624,417.071,1.02398,1.02779
8|462|sample|11|292,0.00928,111878,3,11,1,129563.0,129555.0,311.487,312.303,311.442,1.43333,1.43727
8|462|sample|11|292,0.0464,96908,4,11,1,129563.0,129555.0,276.088,276.671,276.043,1.39987,1.40303
8|462|sample|11|292,0.2319999999999999,62831,5,11,1,129563.0,129555.0,264.233,264.738,264.188,0.946834,0.948795
8|462|sample|11|292,1.16,11954,6,11,1,129563.0,129555.0,260.264,260.743,260.219,0.179642,0.180008
8|462|sample|11|292,5.8,712,7,11,1,129563.0,129555.0,258.935,259.406,258.89,0.00698865,0.00701039
8|462|sample|11|292,29.0,526,8,11,1,129563.0,107972.0,235.961,236.256,235.92,0.00490765,0.00492028
8|462|sample|12|292,0.0003712,92444,1,12,1,129563.0,107962.0,630.197,631.902,630.12,0.585402,0.587062
8|462|sample|12|292,0.001856,89758,2,12,1,129563.0,107971.0,368.135,368.416,368.058,0.974733,0.975678
8|462|sample|12|292,0.00928,86511,3,12,1,129563.0,107972.0,280.12,279.92,280.043,1.23483,1.2343
8|462|sample|12|292,0.0464,76016,4,12,1,129563.0,107972.0,250.624,250.262,250.547,1.21223,1.21086
8|462|sample|12|292,0.2319999999999999,48569,5,12,1,129563.0,107972.0,240.746,240.33,240.669,0.804859,0.803732
8|462|sample|12|292,1.16,9584,6,12,1,129563.0,107972.0,237.438,237.004,237.362,0.157824,0.157583
8|462|sample|12|292,5.8,838,7,12,1,129563.0,107972.0,236.331,235.891,236.254,0.0102141,0.0101924
8|462|sample|12|292,29.0,604,8,12,1,129563.0,107972.0,235.961,235.518,235.884,0.00626064,0.00624485
8|462|sample|3|292,6.4e-05,108562,1,3,1,129563.0,107899.0,235.776,236.198,236.169,1.83526,1.83548
8|462|sample|3|292,0.00032,130392,2,3,1,129563.0,129541.0,258.267,258.872,258.698,2.01353,2.01488
8|462|sample|3|292,0.0016,132645,3,3,1,129563.0,129561.0,258.274,258.88,258.705,2.04833,2.0497
8|462|sample|3|292,0.008,136907,4,3,1,129563.0,129563.0,258.274,258.88,258.705,2.11427,2.11569
8|462|sample|3|292,0.04,113528,5,3,1,129563.0,129563.0,258.274,258.88,258.705,1.75254,1.75372
8|462|sample|3|292,0.2,82203,6,3,1,129563.0,129563.0,258.274,258.88,258.705,1.26787,1.26872
8|462|sample|3|292,1.0,54160,7,3,1,129563.0,129555.0,258.267,258.872,258.698,0.834003,0.834563
8|462|sample|3|292,5.0,30876,8,3,1,129563.0,107972.0,235.774,236.196,236.168,0.519105,0.519167
8|462|sample|4|292,6.4e-05,104240,1,4,1,129563.0,107899.0,235.776,236.459,236.181,1.76011,1.76216
8|462|sample|4|292,0.00032,128947,2,4,1,129563.0,129541.0,258.267,259.158,258.71,1.98899,1.99241
8|462|sample|4|292,0.0016,136467,3,4,1,129563.0,129561.0,258.274,259.166,258.718,2.10516,2.10877
8|462|sample|4|292,0.008,138746,4,4,1,129563.0,129563.0,258.274,259.166,258.718,2.14038,2.14406
8|462|sample|4|292,0.04,119405,5,4,1,129563.0,129563.0,258.274,259.166,258.718,1.84145,1.84462
8|462|sample|4|292,0.2,86679,6,4,1,129563.0,129563.0,258.274,259.166,258.718,1.33566,1.33796
8|462|sample|4|292,1.0,49742,7,4,1,129563.0,129555.0,258.267,259.158,258.71,0.764803,0.766121
8|462|sample|4|292,5.0,30602,8,4,1,129563.0,107972.0,235.774,236.457,236.179,0.513896,0.514499
8|462|sample|5|292,0.0006144,100518,1,5,1,129563.0,107966.0,235.774,236.161,235.999,1.69924,1.70039
8|462|sample|5|292,0.003072,130424,2,5,1,129563.0,129554.0,258.267,258.834,258.513,2.01432,2.01679
8|462|sample|5|292,0.01536,129379,3,5,1,129563.0,129563.0,258.274,258.842,258.521,1.99809,2.00055
8|462|sample|5|292,0.0768,104544,4,5,1,129563.0,129563.0,258.274,258.842,258.521,1.61377,1.61576
8|462|sample|5|292,0.384,71521,5,5,1,129563.0,129563.0,258.274,258.842,258.521,1.10276,1.10412
8|462|sample|5|292,1.92,57664,6,5,1,129563.0,129563.0,258.274,258.842,258.521,0.888324,0.88942
8|462|sample|5|292,9.6,30300,7,5,1,129563.0,129555.0,258.267,258.834,258.513,0.46489,0.465465
8|462|sample|5|292,48.0,15085,8,5,1,129563.0,107972.0,235.774,236.161,235.999,0.251608,0.251782
8|462|sample|6|292,0.0006144,102350,1,6,1,129563.0,107966.0,235.774,236.169,235.951,1.73023,1.73181
8|462|sample|6|292,0.003072,113884,2,6,1,129563.0,129554.0,258.267,258.842,258.461,1.75831,1.76088
8|462|sample|6|292,0.01536,121365,3,6,1,129563.0,129563.0,258.274,258.849,258.468,1.87402,1.87676
8|462|sample|6|292,0.0768,98102,4,6,1,129563.0,129563.0,258.274,258.849,258.468,1.51404,1.51626
8|462|sample|6|292,0.384,76259,5,6,1,129563.0,129563.0,258.274,258.849,258.468,1.17604,1.17776
8|462|sample|6|292,1.92,51729,6,6,1,129563.0,129563.0,258.274,258.849,258.468,0.796458,0.797627
8|462|sample|6|292,9.6,27657,7,6,1,129563.0,129555.0,258.267,258.842,258.461,0.423976,0.424601
8|462|sample|6|292,48.0,13804,8,6,1,129563.0,107972.0,235.774,236.169,235.951,0.229895,0.230108
8|462|sample|7|292,7.68e-05,94296,1,7,1,129563.0,107913.0,235.774,236.005,235.908,1.59486,1.59551
8|462|sample|7|292,0.000384,117953,2,7,1,129563.0,129544.0,258.267,258.663,258.413,1.82252,1.82427
8|462|sample|7|292,0.00192,127709,3,7,1,129563.0,129561.0,258.274,258.67,258.42,1.97354,1.97543
8|462|sample|7|292,0.0096,104166,4,7,1,129563.0,129563.0,258.274,258.67,258.42,1.60898,1.61053
8|462|sample|7|292,0.048,34555,5,7,1,129563.0,129563.0,258.274,258.67,258.42,0.531071,0.531583
8|462|sample|7|292,0.24,2124,6,7,1,129563.0,129563.0,258.274,258.67,258.42,0.0288842,0.0289157
8|462|sample|7|292,1.2,604,7,7,1,129563.0,129555.0,258.267,258.663,258.413,0.00534763,0.00535662
8|462|sample|7|292,6.0,570,8,7,1,129563.0,107972.0,235.774,236.005,235.908,0.00566313,0.00566709
8|462|sample|8|292,7.68e-05,101781,1,8,1,129563.0,107913.0,235.774,236.146,235.945,1.72075,1.7222
8|462|sample|8|292,0.000384,127577,2,8,1,129563.0,129544.0,258.267,258.817,258.454,1.97039,1.97313
8|462|sample|8|292,0.00192,127445,3,8,1,129563.0,129561.0,258.274,258.825,258.462,1.96829,1.97103
8|462|sample|8|292,0.0096,110699,4,8,1,129563.0,129563.0,258.274,258.825,258.462,1.70913,1.71151
8|462|sample|8|292,0.048,35462,5,8,1,129563.0,129563.0,258.274,258.825,258.462,0.544792,0.545555
8|462|sample|8|292,0.24,2200,6,8,1,129563.0,129563.0,258.274,258.825,258.462,0.0300409,0.0300883
8|462|sample|8|292,1.2,518,7,8,1,129563.0,129555.0,258.267,258.817,258.454,0.00401114,0.00402234
8|462|sample|8|292,6.0,538,8,8,1,129563.0,107972.0,235.774,236.146,235.945,0.00511514,0.00512284
8|462|sample|9|292,0.0003648,110763,1,9,1,129563.0,107962.0,235.774,235.874,235.795,1.8751,1.87572
8|462|sample|9|292,0.001824,99793,2,9,1,129563.0,129553.0,258.267,258.519,258.29,1.54216,1.54352
8|462|sample|9|292,0.00912,104612,3,9,1,129563.0,129563.0,258.274,258.527,258.297,1.61678,1.6182
8|462|sample|9|292,0.0456,29106,4,9,1,129563.0,129563.0,258.274,258.527,258.297,0.446942,0.447339
8|462|sample|9|292,0.228,1898,5,9,1,129563.0,129563.0,258.274,258.527,258.297,0.0254008,0.0254267
8|462|sample|9|292,1.14,602,6,9,1,129563.0,129563.0,258.274,258.527,258.297,0.00532153,0.00532977
8|462|sample|9|292,5.7,556,7,9,1,129563.0,129555.0,258.267,258.519,258.29,0.00460909,0.0046167
8|462|sample|9|292,28.5,492,8,9,1,129563.0,107972.0,235.774,235.874,235.795,0.00434519,0.00434796
8|462|vc|1|2|292,0.0,109457,1,2,1,129563.0,250.606,250.606,250.318,250.661,1.74689,1.74451
8|462|vc|2|2|292,0.0,135900,2,2,1,129563.0,274.514,274.514,274.268,274.6,1.98182,1.97944
8|462|vc|3|2|292,0.0,145948,3,2,1,129563.0,274.514,274.514,274.408,274.618,2.12757,2.12595
8|462|vc|4|2|292,0.0,141437,4,2,1,129563.0,274.514,274.514,274.308,274.609,2.06243,2.06018
8|462|vc|5|2|292,0.0,134947,5,2,1,129563.0,274.514,274.514,274.068,274.598,1.96932,1.96554
8|462|vc|6|2|292,0.0,143094,6,2,1,129563.0,274.514,274.514,274.552,274.612,2.08479,2.08434
8|462|vc|7|2|292,0.0,130244,7,2,1,129563.0,274.514,274.514,274.478,274.59,1.89773,1.89696
8|462|vc|8|2|292,0.0,95477,8,2,1,129563.0,250.606,250.606,250.153,250.642,1.52426,1.52131
8|75|cc|1|1|65,0.0,476,1,1,0,11543.75,0.0,0.0,0.0,0.0,0.742763,0.742763
8|75|cc|2|1|65,0.0,506,2,1,0,11543.75,0.0,0.0,0.0,0.0,0.789576,0.789576
8|75|cc|3|1|65,0.0,530,3,1,0,11543.75,0.0,0.0,0.0,0.0,0.827026,0.827026
8|75|cc|4|1|65,0.0,516,4,1,0,11543.75,0.0,0.0,0.0,0.0,0.80518,0.80518
8|75|cc|5|1|65,0.0,544,5,1,0,11543.75,0.0,0.0,0.0,0.0,0.848872,0.848872
8|75|cc|6|1|65,0.0,508,6,1,0,11543.75,0.0,0.0,0.0,0.0,0.792697,0.792697
8|75|cc|7|1|65,0.0,588,7,1,0,11543.75,0.0,0.0,0.0,0.0,0.917531,0.917531
8|75|cc|8|1|65,0.0,520,8,1,0,11543.75,0.0,0.0,0.0,0.0,0.811422,0.811422
8|75|sample|10|65,0.0003648,9492,1,10,1,11543.75,9619.16,26.2314,26.2612,26.2125,1.32719,1.32944
8|75|sample|10|65,0.001824,15953,2,10,1,11543.75,11542.9,257.477,257.532,257.291,0.244104,0.244335
8|75|sample|10|65,0.00912,16247,3,10,1,11543.75,11543.7,258.271,258.324,258.085,0.247909,0.248141
8|75|sample|10|65,0.0456,12740,4,10,1,11543.75,11543.7,258.271,258.324,258.085,0.193532,0.193714
8|75|sample|10|65,0.228,11350,5,10,1,11543.75,11543.7,258.271,258.324,258.085,0.17198,0.172142
8|75|sample|10|65,1.14,6674,6,10,1,11543.75,11543.7,258.271,258.324,258.085,0.099477,0.0995722
8|75|sample|10|65,5.7,4010,7,10,1,11543.75,11543.1,257.477,257.532,257.291,0.0583603,0.0584184
8|75|sample|10|65,28.5,1556,8,10,1,11543.75,9620.07,26.2314,26.2612,26.2125,0.214485,0.214854
8|75|sample|11|65,0.0003712,11442,1,11,1,11543.75,9619.18,26.2314,26.2906,26.2144,1.59897,1.60321
8|75|sample|11|65,0.001856,13046,2,11,1,11543.75,11542.9,257.477,257.821,257.309,0.198668,0.199067
8|75|sample|11|65,0.00928,11394,3,11,1,11543.75,11543.1,257.477,257.821,257.309,0.173003,0.173353
8|75|sample|11|65,0.0464,7362,4,11,1,11543.75,11543.1,257.477,257.821,257.309,0.110365,0.110591
8|75|sample|11|65,0.2319999999999999,2518,5,11,1,11543.75,11543.1,257.477,257.821,257.309,0.0351125,0.0351897
8|75|sample|11|65,1.16,618,6,11,1,11543.75,11543.1,257.477,257.821,257.309,0.00559547,0.00561448
8|75|sample|11|65,5.8,582,7,11,1,11543.75,11543.1,257.477,257.821,257.309,0.0050362,0.00505411
8|75|sample|11|65,29.0,612,8,11,1,11543.75,9620.07,26.2314,26.2906,26.2144,0.0820387,0.0822666
8|75|sample|12|65,0.0003712,10454,1,12,1,11543.75,9619.18,26.2314,26.2828,26.2277,1.46098,1.46378
8|75|sample|12|65,0.001856,10998,2,12,1,11543.75,9619.92,26.2314,26.2828,26.2277,1.53719,1.54014
8|75|sample|12|65,0.00928,9204,3,12,1,11543.75,9620.04,26.2314,26.2828,26.2277,1.28584,1.28831
8|75|sample|12|65,0.0464,4926,4,12,1,11543.75,9620.06,26.2314,26.2828,26.2277,0.686475,0.687795
8|75|sample|12|65,0.2319999999999999,1482,5,12,1,11543.75,9620.06,26.2314,26.2828,26.2277,0.203953,0.204351
8|75|sample|12|65,1.16,542,6,12,1,11543.75,9620.07,26.2314,26.2828,26.2277,0.0722546,0.0724005
8|75|sample|12|65,5.8,592,7,12,1,11543.75,9620.07,26.2314,26.2828,26.2277,0.0792598,0.0794191
8|75|sample|12|65,29.0,536,8,12,1,11543.75,9620.07,26.2314,26.2828,26.2277,0.0714139,0.0715582
8|75|sample|3|65,6.4e-05,9174,1,3,1,11543.75,9613.69,26.2314,26.2438,26.2118,1.28338,1.28481
8|75|sample|3|65,0.00032,13782,2,3,1,11543.75,11541.8,257.477,257.363,257.284,0.21048,0.210544
8|75|sample|3|65,0.0016,12730,3,3,1,11543.75,11543.5,258.271,258.154,258.078,0.193506,0.193564
8|75|sample|3|65,0.008,12668,4,3,1,11543.75,11543.7,258.271,258.154,258.078,0.192544,0.192601
8|75|sample|3|65,0.04,5898,5,3,1,11543.75,11543.7,258.271,258.154,258.078,0.0875047,0.0875313
8|75|sample|3|65,0.2,1670,6,3,1,11543.75,11543.7,258.271,258.154,258.078,0.0219054,0.021913
8|75|sample|3|65,1.0,916,7,3,1,11543.75,11543.1,257.477,257.363,257.284,0.0102502,0.0102545
8|75|sample|3|65,5.0,826,8,3,1,11543.75,9620.07,26.2314,26.2438,26.2118,0.112201,0.112331
8|75|sample|4|65,6.4e-05,9994,1,4,1,11543.75,9613.69,26.2314,26.2301,26.2127,1.39909,1.39994
8|75|sample|4|65,0.00032,12470,2,4,1,11543.75,11541.8,257.477,257.228,257.293,0.190162,0.190114
8|75|sample|4|65,0.0016,13558,3,4,1,11543.75,11543.5,258.271,258.019,258.087,0.206462,0.206407
8|75|sample|4|65,0.008,12398,4,4,1,11543.75,11543.7,258.274,258.022,258.089,0.188453,0.188403
8|75|sample|4|65,0.04,5708,5,4,1,11543.75,11543.7,258.274,258.022,258.089,0.0846018,0.0845787
8|75|sample|4|65,0.2,2180,6,4,1,11543.75,11543.7,258.271,258.019,258.087,0.0298358,0.029827
8|75|sample|4|65,1.0,968,7,4,1,11543.75,11543.1,257.477,257.228,257.293,0.0110673,0.0110635
8|75|sample|4|65,5.0,668,8,4,1,11543.75,9620.07,26.2314,26.2301,26.2127,0.0900798,0.0901366
8|75|sample|5|65,0.0006144,9826,1,5,1,11543.75,9619.56,26.2314,26.2745,26.2123,1.37339,1.37636
8|75|sample|5|65,0.003072,10274,2,5,1,11543.75,11543.0,257.477,257.663,257.288,0.155701,0.155931
8|75|sample|5|65,0.01536,8880,3,5,1,11543.75,11543.7,258.271,258.455,258.082,0.133613,0.13381
8|75|sample|5|65,0.0768,3258,4,5,1,11543.75,11543.7,258.274,258.458,258.085,0.046485,0.0465573
8|75|sample|5|65,0.384,1754,5,5,1,11543.75,11543.7,258.274,258.458,258.085,0.0231769,0.0232159
8|75|sample|5|65,1.92,1028,6,5,1,11543.75,11543.7,258.271,258.455,258.082,0.011926,0.0119489
8|75|sample|5|65,9.6,926,7,5,1,11543.75,11543.1,257.477,257.663,257.288,0.0103891,0.0104099
8|75|sample|5|65,48.0,608,8,5,1,11543.75,9620.07,26.2314,26.2745,26.2123,0.0815263,0.0817111
8|75|sample|6|65,0.0006144,8692,1,6,1,11543.75,9619.56,26.2314,26.2205,26.2111,1.21675,1.21715
8|75|sample|6|65,0.003072,13380,2,6,1,11543.75,11543.0,257.477,257.134,257.277,0.204407,0.204292
8|75|sample|6|65,0.01536,8136,3,6,1,11543.75,11543.7,258.271,257.925,258.071,0.122339,0.122268
8|75|sample|6|65,0.0768,3106,4,6,1,11543.75,11543.7,258.274,257.927,258.074,0.0442275,0.0442005
8|75|sample|6|65,0.384,1780,5,6,1,11543.75,11543.7,258.274,257.927,258.074,0.0236362,0.0236206
8|75|sample|6|65,1.92,1208,6,6,1,11543.75,11543.7,258.271,257.925,258.071,0.0147538,0.0147433
8|75|sample|6|65,9.6,856,7,6,1,11543.75,11543.1,257.477,257.134,257.277,0.00932817,0.00932081
8|75|sample|6|65,48.0,602,8,6,1,11543.75,9620.07,26.2314,26.2205,26.2111,0.0808441,0.0808719
8|75|sample|7|65,7.68e-05,10480,1,7,1,11543.75,9614.87,26.2314,26.2627,26.2141,1.46565,1.46813
8|75|sample|7|65,0.000384,13258,2,7,1,11543.75,11542.1,257.477,257.547,257.306,0.202178,0.20237
8|75|sample|7|65,0.00192,16339,3,7,1,11543.75,11543.6,258.271,258.339,258.1,0.249321,0.249554
8|75|sample|7|65,0.0096,16439,4,7,1,11543.75,11543.7,258.274,258.342,258.103,0.250869,0.251103
8|75|sample|7|65,0.048,14116,5,7,1,11543.75,11543.7,258.274,258.342,258.103,0.214853,0.215054
8|75|sample|7|65,0.24,12342,6,7,1,11543.75,11543.7,258.271,258.339,258.1,0.18735,0.187526
8|75|sample|7|65,1.2,5688,7,7,1,11543.75,11543.1,257.477,257.547,257.306,0.0844524,0.0845345
8|75|sample|7|65,6.0,2598,8,7,1,11543.75,9620.07,26.2314,26.2627,26.2141,0.360565,0.36118
8|75|sample|8|65,7.68e-05,10458,1,8,1,11543.75,9614.87,26.2314,26.2728,26.2139,1.46205,1.46505
8|75|sample|8|65,0.000384,12990,2,8,1,11543.75,11542.1,257.477,257.646,257.304,0.197933,0.198199
8|75|sample|8|65,0.00192,16171,3,8,1,11543.75,11543.6,258.271,258.439,258.098,0.246621,0.246948
8|75|sample|8|65,0.0096,15275,4,8,1,11543.75,11543.7,258.274,258.442,258.101,0.232732,0.233041
8|75|sample|8|65,0.048,14237,5,8,1,11543.75,11543.7,258.274,258.442,258.101,0.216645,0.216933
8|75|sample|8|65,0.24,10710,6,8,1,11543.75,11543.7,258.271,258.439,258.098,0.161984,0.162201
8|75|sample|8|65,1.2,6990,7,8,1,11543.75,11543.1,257.477,257.646,257.304,0.104659,0.104802
8|75|sample|8|65,6.0,2192,8,8,1,11543.75,9620.07,26.2314,26.2728,26.2139,0.303535,0.304164
8|75|sample|9|65,0.0003648,9810,1,9,1,11543.75,9619.16,26.2314,26.2686,26.2129,1.37143,1.37409
8|75|sample|9|65,0.001824,14515,2,9,1,11543.75,11542.9,257.477,257.606,257.294,0.221676,0.221946
8|75|sample|9|65,0.00912,14010,3,9,1,11543.75,11543.7,258.271,258.398,258.088,0.213163,0.213421
8|75|sample|9|65,0.0456,15117,4,9,1,11543.75,11543.7,258.274,258.401,258.091,0.23032,0.230598
8|75|sample|9|65,0.228,12188,5,9,1,11543.75,11543.7,258.274,258.401,258.091,0.184918,0.185142
8|75|sample|9|65,1.14,6778,6,9,1,11543.75,11543.7,258.271,258.398,258.088,0.10106,0.101185
8|75|sample|9|65,5.7,3686,7,9,1,11543.75,11543.1,257.477,257.606,257.294,0.0533051,0.0533739
8|75|sample|9|65,28.5,1722,8,9,1,11543.75,9620.07,26.2314,26.2686,26.2129,0.237698,0.238165
8|75|vc|1|2|65,0.0,10294,1,2,1,11543.75,250.606,27.8816,27.9035,27.884,1.36189,1.36277
8|75|vc|2|2|65,0.0,11198,2,2,1,11543.75,274.514,273.674,273.951,273.646,0.15981,0.159991
8|75|vc|3|2|65,0.0,11944,3,2,1,11543.75,274.514,273.674,273.484,273.646,0.171019,0.170916
8|75|vc|4|2|65,0.0,13524,4,2,1,11543.75,274.514,273.674,273.824,273.646,0.193928,0.194056
8|75|vc|5|2|65,0.0,13024,5,2,1,11543.75,274.514,273.674,273.996,273.646,0.186491,0.186733
8|75|vc|6|2|65,0.0,11948,6,2,1,11543.75,274.514,273.674,273.913,273.646,0.170805,0.170975
8|75|vc|7|2|65,0.0,11746,7,2,1,11543.75,274.514,273.674,273.696,273.646,0.167985,0.168016
8|75|vc|8|2|65,0.0,8672,8,2,1,11543.75,250.606,27.8816,27.9237,27.8825,1.14596,1.14751
8|291|cc|1|1|103,0.0,528,1,1,0,98225.875,0.0,0.0,0.0,0.0,0.823905,0.823905
8|291|cc|2|1|103,0.0,646,2,1,0,98225.875,0.0,0.0,0.0,0.0,1.00804,1.00804
8|291|cc|3|1|103,0.0,582,3,1,0,98225.875,0.0,0.0,0.0,0.0,0.908168,0.908168
8|291|cc|4|1|103,0.0,620,4,1,0,98225.875,0.0,0.0,0.0,0.0,0.967465,0.967465
8|291|cc|5|1|103,0.0,622,5,1,0,98225.875,0.0,0.0,0.0,0.0,0.970586,0.970586
8|291|cc|6|1|103,0.0,604,6,1,0,98225.875,0.0,0.0,0.0,0.0,0.942498,0.942498
8|291|cc|7|1|103,0.0,640,7,1,0,98225.875,0.0,0.0,0.0,0.0,0.998673,0.998673
8|291|cc|8|1|103,0.0,614,8,1,0,98225.875,0.0,0.0,0.0,0.0,0.958102,0.958102
8|291|sample|10|103,0.0003648,76142,1,10,1,98225.875,81849.4,235.773,236.309,235.666,1.2854,1.28888
8|291|sample|10|103,0.001824,78961,2,10,1,98225.875,98218.6,258.267,258.996,258.149,1.21716,1.22113
8|291|sample|10|103,0.00912,61146,3,10,1,98225.875,98225.6,258.274,259.004,258.156,0.941619,0.944694
8|291|sample|10|103,0.0456,26839,4,10,1,98225.875,98225.8,258.274,259.004,258.156,0.41106,0.41241
8|291|sample|10|103,0.228,2248,5,10,1,98225.875,98225.9,258.274,259.004,258.156,0.0307599,0.030873
8|291|sample|10|103,1.14,632,6,10,1,98225.875,98225.9,258.274,259.004,258.156,0.00576839,0.0058003
8|291|sample|10|103,5.7,498,7,10,1,98225.875,98220.2,258.267,258.996,258.149,0.0036963,0.00372147
8|291|sample|10|103,28.5,558,8,10,1,98225.875,81857.2,235.773,236.309,235.666,0.00544757,0.0054732
8|291|sample|11|103,0.0003712,73274,1,11,1,98225.875,81849.5,235.773,235.871,235.642,1.23911,1.2403
8|291|sample|11|103,0.001856,69690,2,11,1,98225.875,98218.7,258.267,258.516,258.123,1.07577,1.07739
8|291|sample|11|103,0.00928,51029,3,11,1,98225.875,98219.9,258.267,258.516,258.123,0.786634,0.787826
8|291|sample|11|103,0.0464,18731,4,11,1,98225.875,98220.1,258.267,258.516,258.123,0.286211,0.286649
8|291|sample|11|103,0.2319999999999999,1836,5,11,1,98225.875,98220.2,258.267,258.516,258.123,0.0244414,0.0244843
8|291|sample|11|103,1.16,454,6,11,1,98225.875,98220.2,258.267,258.516,258.123,0.00302881,0.00303947
8|291|sample|11|103,5.8,548,7,11,1,98225.875,98220.2,258.267,258.516,258.123,0.00448524,0.0044981
8|291|sample|11|103,29.0,510,8,11,1,98225.875,81857.2,235.773,235.871,235.642,0.00465069,0.00465901
8|291|sample|12|103,0.0003712,69558,1,12,1,98225.875,81849.5,235.773,235.64,235.654,1.17721,1.17714
8|291|sample|12|103,0.001856,72538,2,12,1,98225.875,81856.0,235.773,235.64,235.654,1.22782,1.22775
8|291|sample|12|103,0.00928,50948,3,12,1,98225.875,81857.0,235.773,235.64,235.654,0.861183,0.861133
8|291|sample|12|103,0.0464,23756,4,12,1,98225.875,81857.2,235.773,235.64,235.654,0.399416,0.399393
8|291|sample|12|103,0.2319999999999999,2516,5,12,1,98225.875,81857.2,235.773,235.64,235.654,0.0387244,0.0387219
8|291|sample|12|103,1.16,468,6,12,1,98225.875,81857.2,235.773,235.64,235.654,0.00394587,0.00394541
8|291|sample|12|103,5.8,510,7,12,1,98225.875,81857.2,235.773,235.64,235.654,0.00465911,0.0046586
8|291|sample|12|103,29.0,486,8,12,1,98225.875,81857.2,235.773,235.64,235.654,0.00425154,0.00425106
8|291|sample|3|103,6.4e-05,84948,1,3,1,98225.875,81801.7,419.699,421.185,419.795,0.806937,0.809605
8|291|sample|3|103,0.00032,102466,2,3,1,98225.875,98209.2,307.039,307.665,307.145,1.33209,1.33434
8|291|sample|3|103,0.0016,104314,3,3,1,98225.875,98224.1,269.036,269.321,269.141,1.54801,1.54903
8|291|sample|3|103,0.008,106252,4,3,1,98225.875,98225.6,260.648,260.857,260.754,1.62762,1.62827
8|291|sample|3|103,0.04,101815,5,3,1,98225.875,98225.8,258.798,258.991,258.903,1.57065,1.57117
8|291|sample|3|103,0.2,73444,6,3,1,98225.875,98225.9,258.39,258.579,258.495,1.13366,1.13402
8|291|sample|3|103,1.0,25577,7,3,1,98225.875,98220.2,258.292,258.48,258.398,0.392337,0.392462
8|291|sample|3|103,5.0,2234,8,3,1,98225.875,81857.2,235.778,235.819,235.875,0.033907,0.0338982
8|291|sample|4|103,6.4e-05,78742,1,4,1,98225.875,81801.7,419.699,421.3,419.799,0.747486,0.750157
8|291|sample|4|103,0.00032,104674,2,4,1,98225.875,98209.2,307.039,307.79,307.149,1.36033,1.36316
8|291|sample|4|103,0.0016,109031,3,4,1,98225.875,98224.1,269.036,269.445,269.146,1.61744,1.61923
8|291|sample|4|103,0.008,112435,4,4,1,98225.875,98225.6,260.648,260.982,260.758,1.72176,1.72322
8|291|sample|4|103,0.04,96222,5,4,1,98225.875,98225.8,258.798,259.115,258.908,1.48344,1.48462
8|291|sample|4|103,0.2,69267,6,4,1,98225.875,98225.9,258.39,258.703,258.5,1.06844,1.06928
8|291|sample|4|103,1.0,26117,7,4,1,98225.875,98220.2,258.292,258.605,258.402,0.400512,0.400826
8|291|sample|4|103,5.0,2412,8,4,1,98225.875,81857.2,235.778,235.933,235.879,0.036908,0.0369173
8|291|sample|5|103,0.0006144,76851,1,5,1,98225.875,81852.9,257.799,258.426,257.826,1.18713,1.18987
8|291|sample|5|103,0.003072,101000,2,5,1,98225.875,98219.3,264.098,264.79,264.128,1.52416,1.52795
8|291|sample|5|103,0.01536,101897,3,5,1,98225.875,98225.7,259.56,260.211,259.59,1.56459,1.56831
8|291|sample|5|103,0.0768,93625,4,5,1,98225.875,98225.9,258.558,259.2,258.587,1.44283,1.44622
8|291|sample|5|103,0.384,53214,5,5,1,98225.875,98225.9,258.337,258.977,258.366,0.819037,0.820962
8|291|sample|5|103,1.92,8940,6,5,1,98225.875,98225.9,258.288,258.927,258.318,0.134292,0.134616
8|291|sample|5|103,9.6,1202,7,5,1,98225.875,98220.2,258.27,258.909,258.299,0.0145902,0.0146338
8|291|sample|5|103,48.0,628,8,5,1,98225.875,81857.2,235.774,236.227,235.801,0.00663664,0.00665571
8|291|sample|6|103,0.0006144,76513,1,6,1,98225.875,81852.9,257.799,258.186,257.812,1.18298,1.18469
8|291|sample|6|103,0.003072,102272,2,6,1,98225.875,98219.3,264.098,264.527,264.112,1.54493,1.54734
8|291|sample|6|103,0.01536,99267,3,6,1,98225.875,98225.7,259.56,259.948,259.574,1.52564,1.52782
8|291|sample|6|103,0.0768,85522,4,6,1,98225.875,98225.9,258.558,258.936,258.572,1.31894,1.32078
8|291|sample|6|103,0.384,49954,5,6,1,98225.875,98225.9,258.337,258.713,258.351,0.769395,0.770469
8|291|sample|6|103,1.92,9548,6,6,1,98225.875,98225.9,258.288,258.664,258.302,0.143847,0.144052
8|291|sample|6|103,9.6,1270,7,6,1,98225.875,98220.2,258.27,258.645,258.284,0.0156621,0.0156894
8|291|sample|6|103,48.0,528,8,6,1,98225.875,81857.2,235.774,235.986,235.787,0.0049517,0.00495923
8|291|sample|7|103,7.68e-05,74219,1,7,1,98225.875,81812.0,235.773,235.613,235.744,1.25651,1.25581
8|291|sample|7|103,0.000384,94028,2,7,1,98225.875,98211.3,258.267,258.234,258.235,1.45443,1.45443
8|291|sample|7|103,0.00192,88873,3,7,1,98225.875,98224.4,258.274,258.241,258.242,1.37444,1.37443
8|291|sample|7|103,0.0096,71607,4,7,1,98225.875,98225.6,258.274,258.241,258.242,1.10664,1.10663
8|291|sample|7|103,0.048,25271,5,7,1,98225.875,98225.8,258.274,258.241,258.242,0.387954,0.387953
8|291|sample|7|103,0.24,2124,6,7,1,98225.875,98225.9,258.274,258.241,258.242,0.0289384,0.0289383
8|291|sample|7|103,1.2,676,7,7,1,98225.875,98220.2,258.267,258.234,258.235,0.00647984,0.00647981
8|291|sample|7|103,6.0,642,8,7,1,98225.875,81857.2,235.773,235.613,235.744,0.00690193,0.0068959
8|291|sample|8|103,7.68e-05,72099,1,8,1,98225.875,81812.0,235.773,235.15,235.759,1.22289,1.21975
8|291|sample|8|103,0.000384,93669,2,8,1,98225.875,98211.3,258.267,257.726,258.251,1.4517,1.44877
8|291|sample|8|103,0.00192,96224,3,8,1,98225.875,98224.4,258.274,257.734,258.258,1.49136,1.48835
8|291|sample|8|103,0.0096,78234,4,8,1,98225.875,98225.6,258.274,257.734,258.258,1.21179,1.20934
8|291|sample|8|103,0.048,29776,5,8,1,98225.875,98225.8,258.274,257.734,258.258,0.458728,0.457797
8|291|sample|8|103,0.24,2672,6,8,1,98225.875,98225.9,258.274,257.734,258.258,0.0375189,0.0374353
8|291|sample|8|103,1.2,586,7,8,1,98225.875,98220.2,258.267,257.726,258.251,0.00510168,0.00508328
8|291|sample|8|103,6.0,506,8,8,1,98225.875,81857.2,235.773,235.15,235.759,0.00460898,0.00458686
8|291|sample|9|103,0.0003648,67254,1,9,1,98225.875,81849.4,235.773,235.402,235.668,1.13923,1.13795
8|291|sample|9|103,0.001824,84908,2,9,1,98225.875,98218.6,258.267,258.003,258.151,1.31414,1.31339
8|291|sample|9|103,0.00912,66966,3,9,1,98225.875,98225.6,258.274,258.01,258.159,1.03557,1.03498
8|291|sample|9|103,0.0456,29642,4,9,1,98225.875,98225.8,258.274,258.01,258.159,0.456157,0.455895
8|291|sample|9|103,0.228,2230,5,9,1,98225.875,98225.9,258.274,258.01,258.159,0.0306132,0.0305934
8|291|sample|9|103,1.14,562,6,9,1,98225.875,98225.9,258.274,258.01,258.159,0.00471913,0.00471414
8|291|sample|9|103,5.7,484,7,9,1,98225.875,98220.2,258.267,258.003,258.151,0.00350848,0.00350418
8|291|sample|9|103,28.5,548,8,9,1,98225.875,81857.2,235.773,235.402,235.668,0.00531375,0.0053033
8|291|vc|1|2|103,0.0,87702,1,2,1,98225.875,250.606,250.606,250.587,250.631,1.3974,1.39716
8|291|vc|2|2|103,0.0,107225,2,2,1,98225.875,274.514,274.514,274.343,274.556,1.56238,1.56118
8|291|vc|3|2|103,0.0,103247,3,2,1,98225.875,274.514,274.514,274.676,274.551,1.50246,1.50314
8|291|vc|4|2|103,0.0,105493,4,2,1,98225.875,274.514,274.514,274.672,274.554,1.53525,1.53591
8|291|vc|5|2|103,0.0,108146,5,2,1,98225.875,274.514,274.514,274.211,274.558,1.57659,1.57461
8|291|vc|6|2|103,0.0,97541,6,2,1,98225.875,274.514,274.514,274.423,274.544,1.4205,1.41988
8|291|vc|7|2|103,0.0,95893,7,2,1,98225.875,274.514,274.514,274.731,274.542,1.39488,1.39583
8|291|vc|8|2|103,0.0,80560,8,2,1,98225.875,250.606,250.606,250.645,250.623,1.28298,1.28309
8|77|cc|1|1|218,0.0,474,1,1,0,42678.375,0.0,0.0,0.0,0.0,0.739642,0.739642
8|77|cc|2|1|218,0.0,504,2,1,0,42678.375,0.0,0.0,0.0,0.0,0.786455,0.786455
8|77|cc|3|1|218,0.0,490,3,1,0,42678.375,0.0,0.0,0.0,0.0,0.764609,0.764609
8|77|cc|4|1|218,0.0,528,4,1,0,42678.375,0.0,0.0,0.0,0.0,0.823905,0.823905
8|77|cc|5|1|218,0.0,460,5,1,0,42678.375,0.0,0.0,0.0,0.0,0.717796,0.717796
8|77|cc|6|1|218,0.0,446,6,1,0,42678.375,0.0,0.0,0.0,0.0,0.69595,0.69595
8|77|cc|7|1|218,0.0,412,7,1,0,42678.375,0.0,0.0,0.0,0.0,0.642896,0.642896
8|77|cc|8|1|218,0.0,498,8,1,0,42678.375,0.0,0.0,0.0,0.0,0.777093,0.777093
8|77|sample|10|218,0.0003648,35866,1,10,1,42678.375,35562.9,108.864,109.093,108.789,1.29523,1.29877
8|77|sample|10|218,0.001824,34189,2,10,1,42678.375,42675.2,257.943,258.074,257.765,0.526615,0.527245
8|77|sample|10|218,0.00912,29560,3,10,1,42678.375,42678.3,258.273,258.402,258.094,0.454195,0.454736
8|77|sample|10|218,0.0456,18735,4,10,1,42678.375,42678.4,258.273,258.402,258.094,0.2864,0.286743
8|77|sample|10|218,0.228,5920,5,10,1,42678.375,42678.4,258.273,258.402,258.094,0.0877586,0.0878671
8|77|sample|10|218,1.14,1412,6,10,1,42678.375,42678.4,258.273,258.402,258.094,0.0178815,0.0179075
8|77|sample|10|218,5.7,958,7,10,1,42678.375,42675.9,257.943,258.074,257.765,0.010863,0.0108807
8|77|sample|10|218,28.5,822,8,10,1,42678.375,35566.3,108.864,109.093,108.789,0.0258238,0.0259052
8|77|sample|11|218,0.0003712,46172,1,11,1,42678.375,35563.0,108.864,108.949,108.804,1.6707,1.67288
8|77|sample|11|218,0.001856,35384,2,11,1,42678.375,42675.2,257.943,257.735,257.8,0.545877,0.54574
8|77|sample|11|218,0.00928,31066,3,11,1,42678.375,42675.8,257.943,257.735,257.8,0.478773,0.478653
8|77|sample|11|218,0.0464,17065,4,11,1,42678.375,42675.9,257.943,257.735,257.8,0.261192,0.261126
8|77|sample|11|218,0.2319999999999999,3456,5,11,1,42678.375,42675.9,257.943,257.735,257.8,0.0497024,0.049689
8|77|sample|11|218,1.16,552,6,11,1,42678.375,42675.9,257.943,257.735,257.8,0.004573,0.00457086
8|77|sample|11|218,5.8,432,7,11,1,42678.375,42675.9,257.943,257.735,257.8,0.00270815,0.00270647
8|77|sample|11|218,29.0,516,8,11,1,42678.375,35566.3,108.864,108.949,108.804,0.0147636,0.0147882
8|77|sample|12|218,0.0003712,45444,1,12,1,42678.375,35563.0,108.864,109.192,108.842,1.64071,1.64588
8|77|sample|12|218,0.001856,37090,2,12,1,42678.375,35565.8,108.864,109.192,108.842,1.33837,1.34259
8|77|sample|12|218,0.00928,32149,3,12,1,42678.375,35566.2,108.864,109.192,108.842,1.15955,1.16321
8|77|sample|12|218,0.0464,16881,4,12,1,42678.375,35566.3,108.864,109.192,108.842,0.606988,0.608908
8|77|sample|12|218,0.2319999999999999,2962,5,12,1,42678.375,35566.3,108.864,109.192,108.842,0.103246,0.103583
8|77|sample|12|218,1.16,426,6,12,1,42678.375,35566.3,108.864,109.192,108.842,0.0114656,0.0115143
8|77|sample|12|218,5.8,460,7,12,1,42678.375,35566.3,108.864,109.192,108.842,0.0126961,0.0127487
8|77|sample|12|218,29.0,486,8,12,1,42678.375,35566.3,108.864,109.192,108.842,0.013637,0.0136926
8|77|sample|3|218,6.4e-05,43169,1,3,1,42678.375,35542.3,108.864,109.141,108.799,1.55909,1.56389
8|77|sample|3|218,0.00032,39049,2,3,1,42678.375,42671.2,257.943,258.189,257.789,0.601776,0.602707
8|77|sample|3|218,0.0016,29908,3,3,1,42678.375,42677.6,258.273,258.517,258.119,0.459385,0.460094
8|77|sample|3|218,0.008,10350,4,3,1,42678.375,42678.2,258.273,258.517,258.119,0.156356,0.156601
8|77|sample|3|218,0.04,1788,5,3,1,42678.375,42678.4,258.273,258.517,258.119,0.0236976,0.02374
8|77|sample|3|218,0.2,944,6,3,1,42678.375,42678.4,258.273,258.517,258.119,0.0106208,0.0106432
8|77|sample|3|218,1.0,862,7,3,1,42678.375,42675.9,257.943,258.189,257.789,0.00936713,0.00938775
8|77|sample|3|218,5.0,850,8,3,1,42678.375,35566.3,108.864,109.141,108.799,0.0268246,0.0269194
8|77|sample|4|218,6.4e-05,45568,1,4,1,42678.375,35542.3,108.864,108.952,108.804,1.64875,1.65094
8|77|sample|4|218,0.00032,42519,2,4,1,42678.375,42671.2,257.943,257.741,257.801,0.656743,0.65659
8|77|sample|4|218,0.0016,32499,3,4,1,42678.375,42677.6,258.273,258.068,258.131,0.500397,0.500276
8|77|sample|4|218,0.008,11100,4,4,1,42678.375,42678.2,258.274,258.069,258.131,0.168272,0.168231
8|77|sample|4|218,0.04,1742,5,4,1,42678.375,42678.4,258.274,258.069,258.131,0.0230314,0.0230249
8|77|sample|4|218,0.2,908,6,4,1,42678.375,42678.4,258.273,258.068,258.131,0.0100873,0.0100839
8|77|sample|4|218,1.0,792,7,4,1,42678.375,42675.9,257.943,257.741,257.801,0.00830244,0.00829957
8|77|sample|4|218,5.0,628,8,4,1,42678.375,35566.3,108.864,108.952,108.804,0.0188253,0.0188556
8|77|sample|5|218,0.0006144,34690,1,5,1,42678.375,35564.4,108.864,108.966,108.781,1.25406,1.25615
8|77|sample|5|218,0.003072,18239,2,5,1,42678.375,42675.5,257.943,257.774,257.746,0.279394,0.279425
8|77|sample|5|218,0.01536,4564,3,5,1,42678.375,42678.3,258.273,258.102,258.075,0.0668212,0.0668285
8|77|sample|5|218,0.0768,1360,4,5,1,42678.375,42678.4,258.274,258.103,258.076,0.0170998,0.0171019
8|77|sample|5|218,0.384,1130,5,5,1,42678.375,42678.4,258.274,258.103,258.076,0.0135305,0.0135323
8|77|sample|5|218,1.92,728,6,5,1,42678.375,42678.4,258.273,258.102,258.075,0.00729213,0.00729329
8|77|sample|5|218,9.6,752,7,5,1,42678.375,42675.9,257.943,257.774,257.746,0.00767932,0.0076806
8|77|sample|5|218,48.0,878,8,5,1,42678.375,35566.3,108.864,108.966,108.781,0.0278885,0.0279415
8|77|sample|6|218,0.0006144,31418,1,6,1,42678.375,35564.4,108.864,109.23,108.777,1.13271,1.13733
8|77|sample|6|218,0.003072,16903,2,6,1,42678.375,42675.5,257.943,258.398,257.737,0.258007,0.258673
8|77|sample|6|218,0.01536,4450,3,6,1,42678.375,42678.3,258.273,258.727,258.066,0.0648869,0.0650616
8|77|sample|6|218,0.0768,1342,4,6,1,42678.375,42678.4,258.274,258.728,258.067,0.0167706,0.0168233
8|77|sample|6|218,0.384,938,5,6,1,42678.375,42678.4,258.274,258.728,258.067,0.0105161,0.010553
8|77|sample|6|218,1.92,712,6,6,1,42678.375,42678.4,258.273,258.727,258.066,0.00701731,0.00704535
8|77|sample|6|218,9.6,794,7,6,1,42678.375,42675.9,257.943,258.398,257.737,0.00830232,0.0083337
8|77|sample|6|218,48.0,626,8,6,1,42678.375,35566.3,108.864,109.23,108.777,0.0186961,0.0187885
8|77|sample|7|218,7.68e-05,30832,1,7,1,42678.375,35546.7,108.864,109.04,108.79,1.11341,1.11592
8|77|sample|7|218,0.000384,38389,2,7,1,42678.375,42672.0,257.943,257.95,257.767,0.592083,0.592502
8|77|sample|7|218,0.00192,35394,3,7,1,42678.375,42677.7,258.273,258.278,258.097,0.544887,0.545269
8|77|sample|7|218,0.0096,35666,4,7,1,42678.375,42678.3,258.274,258.279,258.097,0.549103,0.549488
8|77|sample|7|218,0.048,22898,5,7,1,42678.375,42678.4,258.274,258.279,258.097,0.351097,0.351344
8|77|sample|7|218,0.24,7590,6,7,1,42678.375,42678.4,258.273,258.278,258.097,0.113701,0.113783
8|77|sample|7|218,1.2,1360,7,7,1,42678.375,42675.9,257.943,257.95,257.767,0.0171122,0.017127
8|77|sample|7|218,6.0,822,8,7,1,42678.375,35566.3,108.864,109.04,108.79,0.0258378,0.0259049
8|77|sample|8|218,7.68e-05,34940,1,8,1,42678.375,35546.7,108.864,109.277,108.794,1.25961,1.26508
8|77|sample|8|218,0.000384,36968,2,8,1,42678.375,42672.0,257.943,258.509,257.778,0.56879,0.570398
8|77|sample|8|218,0.00192,37060,3,8,1,42678.375,42677.7,258.273,258.838,258.107,0.569493,0.5711
8|77|sample|8|218,0.0096,34816,4,8,1,42678.375,42678.3,258.274,258.838,258.108,0.534766,0.536275
8|77|sample|8|218,0.048,23358,5,8,1,42678.375,42678.4,258.274,258.838,258.108,0.357456,0.358468
8|77|sample|8|218,0.24,5846,6,8,1,42678.375,42678.4,258.273,258.838,258.107,0.0864606,0.0867141
8|77|sample|8|218,1.2,1892,7,8,1,42678.375,42675.9,257.943,258.509,257.778,0.0253099,0.0253923
8|77|sample|8|218,6.0,882,8,8,1,42678.375,35566.3,108.864,109.277,108.794,0.0279445,0.028083
8|77|sample|9|218,0.0003648,39501,1,9,1,42678.375,35562.9,108.864,108.958,108.793,1.42862,1.43075
8|77|sample|9|218,0.001824,33817,2,9,1,42678.375,42675.2,257.943,257.756,257.774,0.521482,0.521445
8|77|sample|9|218,0.00912,26621,3,9,1,42678.375,42678.3,258.273,258.084,258.104,0.409142,0.40911
8|77|sample|9|218,0.0456,18897,4,9,1,42678.375,42678.4,258.274,258.085,258.105,0.289268,0.289245
8|77|sample|9|218,0.228,6130,5,9,1,42678.375,42678.4,258.274,258.085,258.105,0.0911296,0.0911222
8|77|sample|9|218,1.14,1632,6,9,1,42678.375,42678.4,258.273,258.084,258.104,0.0213226,0.0213207
8|77|sample|9|218,5.7,948,7,9,1,42678.375,42675.9,257.943,257.756,257.774,0.0107258,0.0107248
8|77|sample|9|218,28.5,518,8,9,1,42678.375,35566.3,108.864,108.958,108.793,0.0148346,0.0148627
8|77|vc|1|2|218,0.0,44393,1,2,1,42678.375,250.606,115.713,115.968,115.729,1.51085,1.51391
8|77|vc|2|2|218,0.0,45576,2,2,1,42678.375,274.514,274.17,274.193,274.154,0.662147,0.662242
8|77|vc|3|2|218,0.0,43197,3,2,1,42678.375,274.514,274.17,274.047,274.153,0.627709,0.627467
8|77|vc|4|2|218,0.0,40982,4,2,1,42678.375,274.514,274.17,274.221,274.151,0.594939,0.59509
8|77|vc|5|2|218,0.0,41808,5,2,1,42678.375,274.514,274.17,274.808,274.152,0.605718,0.607164
8|77|vc|6|2|218,0.0,42921,6,2,1,42678.375,274.514,274.17,274.354,274.152,0.622976,0.623433
8|77|vc|7|2|218,0.0,40844,7,2,1,42678.375,274.514,274.17,274.412,274.151,0.592511,0.593073
8|77|vc|8|2|218,0.0,41706,8,2,1,42678.375,250.606,115.713,116.09,115.726,1.41769,1.42208
8|322|cc|1|1|174,0.0,458,1,1,0,57415.875,0.0,0.0,0.0,0.0,0.714676,0.714676
8|322|cc|2|1|174,0.0,448,2,1,0,57415.875,0.0,0.0,0.0,0.0,0.699071,0.699071
8|322|cc|3|1|174,0.0,402,3,1,0,57415.875,0.0,0.0,0.0,0.0,0.627292,0.627292
8|322|cc|4|1|174,0.0,478,4,1,0,57415.875,0.0,0.0,0.0,0.0,0.745884,0.745884
8|322|cc|5|1|174,0.0,488,5,1,0,57415.875,0.0,0.0,0.0,0.0,0.761488,0.761488
8|322|cc|6|1|174,0.0,550,6,1,0,57415.875,0.0,0.0,0.0,0.0,0.858235,0.858235
8|322|cc|7|1|174,0.0,526,7,1,0,57415.875,0.0,0.0,0.0,0.0,0.820785,0.820785
8|322|cc|8|1|174,0.0,562,8,1,0,57415.875,0.0,0.0,0.0,0.0,0.87696,0.87696
8|322|sample|10|174,0.0003648,59489,1,10,1,57415.875,47843.3,235.774,235.889,235.606,1.00517,1.00637
8|322|sample|10|174,0.001824,58098,2,10,1,57415.875,57411.6,258.267,258.535,258.082,0.896094,0.897659
8|322|sample|10|174,0.00912,33755,3,10,1,57415.875,57415.7,258.274,258.543,258.09,0.518938,0.519848
8|322|sample|10|174,0.0456,5730,4,10,1,57415.875,57415.8,258.274,258.543,258.09,0.0847657,0.08492
8|322|sample|10|174,0.228,522,5,10,1,57415.875,57415.9,258.274,258.543,258.09,0.00408157,0.0040957
8|322|sample|10|174,1.14,508,6,10,1,57415.875,57415.9,258.274,258.543,258.09,0.00386467,0.00387843
8|322|sample|10|174,5.7,466,7,10,1,57415.875,57412.5,258.267,258.535,258.082,0.00321421,0.00322683
8|322|sample|10|174,28.5,506,8,10,1,57415.875,47847.9,235.774,235.889,235.606,0.00458216,0.00459241
8|322|sample|11|174,0.0003712,53154,1,11,1,57415.875,47843.4,235.774,235.626,235.605,0.898696,0.898777
8|322|sample|11|174,0.001856,50238,2,11,1,57415.875,57411.7,258.267,258.247,258.081,0.77518,0.775677
8|322|sample|11|174,0.00928,51061,3,11,1,57415.875,57412.4,258.267,258.247,258.081,0.787945,0.78845
8|322|sample|11|174,0.0464,11824,4,11,1,57415.875,57412.5,258.267,258.247,258.081,0.179383,0.1795
8|322|sample|11|174,0.2319999999999999,1284,5,11,1,57415.875,57412.5,258.267,258.247,258.081,0.0159093,0.015922
8|322|sample|11|174,1.16,466,6,11,1,57415.875,57412.5,258.267,258.247,258.081,0.00322222,0.00322685
8|322|sample|11|174,5.8,472,7,11,1,57415.875,57412.5,258.267,258.247,258.081,0.00331528,0.00331997
8|322|sample|11|174,6.0,490,8,11,1,57415.875,47847.9,235.774,235.626,235.605,0.00431995,0.0043207
8|322|sample|12|174,0.0003712,46716,1,12,1,57415.875,47843.4,235.774,235.82,235.588,0.788717,0.78949
8|322|sample|12|174,0.001856,42028,2,12,1,57415.875,47847.2,235.774,235.82,235.588,0.709167,0.709862
8|322|sample|12|174,0.00928,33001,3,12,1,57415.875,47847.8,235.774,235.82,235.588,0.555989,0.556534
8|322|sample|12|174,0.0464,9910,4,12,1,57415.875,47847.9,235.774,235.82,235.588,0.16416,0.164324
8|322|sample|12|174,0.2319999999999999,1086,5,12,1,57415.875,47847.9,235.774,235.82,235.588,0.0144266,0.0144446
8|322|sample|12|174,1.16,452,6,12,1,57415.875,47847.9,235.774,235.82,235.588,0.00366834,0.00367585
8|322|sample|12|174,5.8,472,7,12,1,57415.875,47847.9,235.774,235.82,235.588,0.00400771,0.00401556
8|322|sample|12|174,29.0,506,8,12,1,57415.875,47847.9,235.774,235.82,235.588,0.00458466,0.00459306
8|322|sample|3|174,6.4e-05,68369,1,3,1,57415.875,47815.5,235.774,235.759,235.639,1.15644,1.15703
8|322|sample|3|174,0.00032,67810,2,3,1,57415.875,57406.2,258.267,258.393,258.118,1.04713,1.04824
8|322|sample|3|174,0.0016,52285,3,3,1,57415.875,57414.8,258.274,258.4,258.126,0.806454,0.807307
8|322|sample|3|174,0.008,24757,4,3,1,57415.875,57415.7,258.274,258.4,258.126,0.379748,0.380152
8|322|sample|3|174,0.04,6502,5,3,1,57415.875,57415.8,258.274,258.4,258.126,0.0967808,0.096887
8|322|sample|3|174,0.2,1324,6,3,1,57415.875,57415.9,258.274,258.4,258.126,0.0165176,0.0165393
8|322|sample|3|174,1.0,1184,7,3,1,57415.875,57412.5,258.267,258.393,258.118,0.0143481,0.0143674
8|322|sample|3|174,5.0,732,8,3,1,57415.875,47847.9,235.774,235.759,235.639,0.00842282,0.00842911
8|322|sample|4|174,6.4e-05,62415,1,4,1,57415.875,47815.5,235.774,235.87,235.644,1.05489,1.0559
8|322|sample|4|174,0.00032,67704,2,4,1,57415.875,57406.2,258.267,258.514,258.123,1.045,1.04658
8|322|sample|4|174,0.0016,62973,3,4,1,57415.875,57414.8,258.274,258.522,258.131,0.971672,0.973135
8|322|sample|4|174,0.008,31769,4,4,1,57415.875,57415.7,258.274,258.522,258.131,0.48821,0.488948
8|322|sample|4|174,0.04,7024,5,4,1,57415.875,57415.8,258.274,258.522,258.131,0.104821,0.104985
8|322|sample|4|174,0.2,2158,6,4,1,57415.875,57415.9,258.274,258.522,258.131,0.0294297,0.0294799
8|322|sample|4|174,1.0,1208,7,4,1,57415.875,57412.5,258.267,258.514,258.123,0.0147114,0.0147395
8|322|sample|4|174,5.0,738,8,4,1,57415.875,47847.9,235.774,235.87,235.644,0.00851882,0.00853075
8|322|sample|5|174,0.0006144,57284,1,5,1,57415.875,47845.4,235.774,235.253,235.588,0.970362,0.96899
8|322|sample|5|174,0.003072,45244,2,5,1,57415.875,57412.0,258.267,257.838,258.063,0.698826,0.698221
8|322|sample|5|174,0.01536,15013,3,5,1,57415.875,57415.8,258.274,257.846,258.07,0.229204,0.229003
8|322|sample|5|174,0.0768,3166,4,5,1,57415.875,57415.9,258.274,257.846,258.07,0.0451747,0.0451323
8|322|sample|5|174,0.384,1700,5,5,1,57415.875,57415.9,258.274,257.846,258.07,0.0224021,0.0223794
8|322|sample|5|174,1.92,1178,6,5,1,57415.875,57415.9,258.274,257.846,258.07,0.0142935,0.0142777
8|322|sample|5|174,9.6,802,7,5,1,57415.875,57412.5,258.267,257.838,258.063,0.00845314,0.00844237
8|322|sample|5|174,48.0,592,8,5,1,57415.875,47847.9,235.774,235.253,235.588,0.00606804,0.0060538
8|322|sample|6|174,0.0006144,61466,1,6,1,57415.875,47845.4,235.774,236.173,235.592,1.03747,1.04001
8|322|sample|6|174,0.003072,43953,2,6,1,57415.875,57412.0,258.267,258.846,258.067,0.676139,0.678172
8|322|sample|6|174,0.01536,17317,3,6,1,57415.875,57415.8,258.274,258.854,258.075,0.263956,0.264757
8|322|sample|6|174,0.0768,3170,4,6,1,57415.875,57415.9,258.274,258.854,258.075,0.0450468,0.0451936
8|322|sample|6|174,0.384,1668,5,6,1,57415.875,57415.9,258.274,258.854,258.075,0.021805,0.0218823
8|322|sample|6|174,1.92,986,6,6,1,57415.875,57415.9,258.274,258.854,258.075,0.0112518,0.0112975
8|322|sample|6|174,9.6,876,7,6,1,57415.875,57412.5,258.267,258.846,258.067,0.00955006,0.0095907
8|322|sample|6|174,48.0,568,8,6,1,57415.875,47847.9,235.774,236.173,235.592,0.00562243,0.00564599
8|322|sample|7|174,7.68e-05,65787,1,7,1,57415.875,47821.5,235.774,235.796,235.659,1.11244,1.11309
8|322|sample|7|174,0.000384,73386,2,7,1,57415.875,57407.3,258.267,258.434,258.14,1.13339,1.13467
8|322|sample|7|174,0.00192,64997,3,7,1,57415.875,57415.0,258.274,258.441,258.147,1.00334,1.00448
8|322|sample|7|174,0.0096,39945,4,7,1,57415.875,57415.7,258.274,258.441,258.147,0.615077,0.615775
8|322|sample|7|174,0.048,8318,5,7,1,57415.875,57415.9,258.274,258.441,258.147,0.12491,0.125055
8|322|sample|7|174,0.24,670,6,7,1,57415.875,57415.9,258.274,258.441,258.147,0.00637849,0.00639024
8|322|sample|7|174,1.2,500,7,7,1,57415.875,57412.5,258.267,258.434,258.14,0.00374399,0.00375277
8|322|sample|7|174,6.0,490,8,7,1,57415.875,47847.9,235.774,235.796,235.659,0.00431399,0.00431882
8|322|sample|8|174,7.68e-05,62071,1,8,1,57415.875,47821.5,235.774,235.748,235.655,1.04959,1.05
8|322|sample|8|174,0.000384,68715,2,8,1,57415.875,57407.3,258.267,258.38,258.136,1.06121,1.06221
8|322|sample|8|174,0.00192,70174,3,8,1,57415.875,57415.0,258.274,258.388,258.144,1.0838,1.08482
8|322|sample|8|174,0.0096,40494,4,8,1,57415.875,57415.7,258.274,258.388,258.144,0.623713,0.624302
8|322|sample|8|174,0.048,8992,5,8,1,57415.875,57415.9,258.274,258.388,258.144,0.135384,0.135515
8|322|sample|8|174,0.24,784,6,8,1,57415.875,57415.9,258.274,258.388,258.144,0.00814779,0.00815921
8|322|sample|8|174,1.2,536,7,8,1,57415.875,57412.5,258.267,258.38,258.136,0.00430365,0.00431147
8|322|sample|8|174,29.0,490,8,8,1,57415.875,47847.9,235.774,235.748,235.655,0.00431569,0.00431893
8|322|sample|9|174,0.0003648,63211,1,9,1,57415.875,47843.3,235.774,235.365,235.613,1.07067,1.06955
8|322|sample|9|174,0.001824,58837,2,9,1,57415.875,57411.6,258.267,257.962,258.09,0.909551,0.9091
8|322|sample|9|174,0.00912,39073,3,9,1,57415.875,57415.7,258.274,257.969,258.098,0.60266,0.60236
8|322|sample|9|174,0.0456,8670,4,9,1,57415.875,57415.9,258.274,257.969,258.098,0.130609,0.130543
8|322|sample|9|174,0.228,700,5,9,1,57415.875,57415.9,258.274,257.969,258.098,0.00686317,0.00685779
8|322|sample|9|174,1.14,472,6,9,1,57415.875,57415.9,258.274,257.969,258.098,0.00332314,0.00331951
8|322|sample|9|174,5.7,500,7,9,1,57415.875,57412.5,258.267,257.962,258.09,0.00375811,0.00375426
8|322|sample|9|174,28.5,482,8,9,1,57415.875,47847.9,235.774,235.365,235.613,0.00419311,0.00418454
8|322|vc|1|2|174,0.0,64086,1,2,1,57415.875,250.606,250.607,250.957,250.608,1.01854,1.01995
8|322|vc|2|2|174,0.0,59601,2,2,1,57415.875,274.514,274.514,274.383,274.507,0.866545,0.866156
8|322|vc|3|2|174,0.0,60716,3,2,1,57415.875,274.514,274.514,274.403,274.507,0.882766,0.882432
8|322|vc|4|2|174,0.0,64995,4,2,1,57415.875,274.514,274.514,274.481,274.511,0.944996,0.944893
8|322|vc|5|2|174,0.0,56075,5,2,1,57415.875,274.514,274.514,274.862,274.504,0.813628,0.814685
8|322|vc|6|2|174,0.0,55557,6,2,1,57415.875,274.514,274.514,274.742,274.504,0.806425,0.807123
8|322|vc|7|2|174,0.0,54622,7,2,1,57415.875,274.514,274.514,274.594,274.503,0.793212,0.793474
8|322|vc|8|2|174,0.0,43675,8,2,1,57415.875,250.606,250.607,250.51,250.593,0.694097,0.69387
8|963|cc|1|1|319,0.0,464,1,1,0,44968.25,0.0,0.0,0.0,0.0,0.724038,0.724038
8|963|cc|2|1|319,0.0,386,2,1,0,44968.25,0.0,0.0,0.0,0.0,0.602325,0.602325
8|963|cc|3|1|319,0.0,462,3,1,0,44968.25,0.0,0.0,0.0,0.0,0.720917,0.720917
8|963|cc|4|1|319,0.0,444,4,1,0,44968.25,0.0,0.0,0.0,0.0,0.69283,0.69283
8|963|cc|5|1|319,0.0,462,5,1,0,44968.25,0.0,0.0,0.0,0.0,0.720917,0.720917
8|963|cc|6|1|319,0.0,502,6,1,0,44968.25,0.0,0.0,0.0,0.0,0.783334,0.783334
8|963|cc|7|1|319,0.0,480,7,1,0,44968.25,0.0,0.0,0.0,0.0,0.749005,0.749005
8|963|cc|8|1|319,0.0,366,8,1,0,44968.25,0.0,0.0,0.0,0.0,0.571116,0.571116
8|963|sample|10|319,0.0003648,28692,1,10,1,44968.25,37471.0,95.9978,115.07,95.9278,0.98256,1.17426
8|963|sample|10|319,0.001824,38931,2,10,1,44968.25,44964.9,257.884,257.806,257.696,0.600833,0.601089
8|963|sample|10|319,0.00912,30460,3,10,1,44968.25,44968.1,258.273,258.108,258.085,0.468678,0.46872
8|963|sample|10|319,0.0456,5540,4,10,1,44968.25,44968.2,258.273,258.108,258.085,0.0819653,0.0819729
8|963|sample|10|319,0.228,612,5,10,1,44968.25,44968.2,258.273,258.108,258.085,0.00549176,0.0054926
8|963|sample|10|319,1.14,454,6,10,1,44968.25,44968.2,258.273,258.108,258.085,0.00303989,0.00304051
8|963|sample|10|319,5.7,472,7,10,1,44968.25,44965.6,257.884,257.806,257.696,0.00332774,0.00333087
8|963|sample|10|319,28.5,442,8,10,1,44968.25,37474.6,95.9978,115.07,95.9278,0.0112408,0.014211
8|963|sample|11|319,0.0003712,32971,1,11,1,44968.25,37471.1,95.9978,114.83,95.9388,1.132,1.34982
8|963|sample|11|319,0.001856,45678,2,11,1,44968.25,44964.9,257.884,257.268,257.726,0.707124,0.705875
8|963|sample|11|319,0.00928,41502,3,11,1,44968.25,44965.5,257.884,257.268,257.726,0.642111,0.640976
8|963|sample|11|319,0.0464,26805,4,11,1,44968.25,44965.6,257.884,257.268,257.726,0.413303,0.41257
8|963|sample|11|319,0.2319999999999999,8100,5,11,1,44968.25,44965.6,257.884,257.268,257.726,0.122098,0.121877
8|963|sample|11|319,1.16,724,6,11,1,44968.25,44965.6,257.884,257.268,257.726,0.00726622,0.00724635
8|963|sample|11|319,5.8,414,7,11,1,44968.25,44965.6,257.884,257.268,257.726,0.00244005,0.00242865
8|963|sample|11|319,29.0,424,8,11,1,44968.25,37474.6,95.9978,114.83,95.9388,0.0106519,0.0134698
8|963|sample|12|319,0.0003712,34774,1,12,1,44968.25,37471.1,95.9978,115.085,95.9943,1.19152,1.42304
8|963|sample|12|319,0.001856,39569,2,12,1,44968.25,37474.0,95.9978,115.085,95.9943,1.35637,1.61981
8|963|sample|12|319,0.00928,35504,3,12,1,44968.25,37474.5,95.9978,115.085,95.9943,1.21662,1.453
8|963|sample|12|319,0.0464,22196,4,12,1,44968.25,37474.6,95.9978,115.085,95.9943,0.75911,0.906893
8|963|sample|12|319,0.2319999999999999,7430,5,12,1,44968.25,37474.6,95.9978,115.085,95.9943,0.251476,0.300957
8|963|sample|12|319,1.16,894,6,12,1,44968.25,37474.6,95.9978,115.085,95.9943,0.0267779,0.0327468
8|963|sample|12|319,5.8,404,7,12,1,44968.25,37474.6,95.9978,115.085,95.9943,0.00993246,0.0126393
8|963|sample|12|319,29.0,400,8,12,1,44968.25,37474.6,95.9978,115.085,95.9943,0.00979495,0.0124751
8|963|sample|3|319,6.4e-05,38041,1,3,1,44968.25,37449.3,95.9978,115.125,95.9388,1.3034,1.55799
8|963|sample|3|319,0.00032,35786,2,3,1,44968.25,44960.7,257.884,257.93,257.726,0.551709,0.552144
8|963|sample|3|319,0.0016,28073,3,3,1,44968.25,44967.4,258.273,258.231,258.114,0.431431,0.431626
8|963|sample|3|319,0.008,5340,4,3,1,44968.25,44968.1,258.273,258.231,258.114,0.0788225,0.0788596
8|963|sample|3|319,0.04,754,5,3,1,44968.25,44968.2,258.273,258.231,258.114,0.00768979,0.00769505
8|963|sample|3|319,0.2,712,6,3,1,44968.25,44968.2,258.273,258.231,258.114,0.00703834,0.0070433
8|963|sample|3|319,1.0,546,7,3,1,44968.25,44965.6,257.884,257.93,257.726,0.00447339,0.00448006
8|963|sample|3|319,5.0,670,8,3,1,44968.25,37474.6,95.9978,115.125,95.9388,0.0190693,0.0235704
8|963|sample|4|319,6.4e-05,32065,1,4,1,44968.25,37449.3,95.9978,115.072,95.9309,1.09852,1.31272
8|963|sample|4|319,0.00032,37511,2,4,1,44968.25,44960.7,257.884,257.81,257.704,0.578764,0.579
8|963|sample|4|319,0.0016,27141,3,4,1,44968.25,44967.4,258.273,258.111,258.093,0.417168,0.417197
8|963|sample|4|319,0.008,4104,4,4,1,44968.25,44968.1,258.274,258.112,258.094,0.0596803,0.0596846
8|963|sample|4|319,0.04,1172,5,4,1,44968.25,44968.2,258.274,258.112,258.094,0.0141817,0.0141829
8|963|sample|4|319,0.2,588,6,4,1,44968.25,44968.2,258.273,258.111,258.093,0.0051192,0.00511984
8|963|sample|4|319,1.0,672,7,4,1,44968.25,44965.6,257.884,257.81,257.704,0.00643484,0.00643908
8|963|sample|4|319,5.0,534,8,4,1,44968.25,37474.6,95.9978,115.072,95.9309,0.0144038,0.0179881
8|963|sample|5|319,0.0006144,21356,1,5,1,44968.25,37472.6,95.9978,115.066,95.9143,0.730352,0.873134
8|963|sample|5|319,0.003072,12368,2,5,1,44968.25,44965.2,257.884,257.797,257.66,0.188152,0.188254
8|963|sample|5|319,0.01536,2146,3,5,1,44968.25,44968.2,258.273,258.099,258.049,0.0292978,0.0293042
8|963|sample|5|319,0.0768,922,4,5,1,44968.25,44968.2,258.274,258.1,258.049,0.0103029,0.0103056
8|963|sample|5|319,0.384,564,5,5,1,44968.25,44968.2,258.274,258.1,258.049,0.00474717,0.00474886
8|963|sample|5|319,1.92,616,6,5,1,44968.25,44968.2,258.273,258.099,258.049,0.00555417,0.00555602
8|963|sample|5|319,9.6,510,7,5,1,44968.25,44965.6,257.884,257.797,257.66,0.0039184,0.0039226
8|963|sample|5|319,48.0,534,8,5,1,44968.25,37474.6,95.9978,115.066,95.9143,0.0144047,0.0179918
8|963|sample|6|319,0.0006144,23222,1,6,1,44968.25,37472.6,95.9978,114.997,95.9157,0.794982,0.949756
8|963|sample|6|319,0.003072,9404,2,6,1,44968.25,44965.2,257.884,257.643,257.664,0.142189,0.142177
8|963|sample|6|319,0.01536,1486,3,6,1,44968.25,44968.2,258.273,257.944,258.052,0.0190692,0.0190596
8|963|sample|6|319,0.0768,804,4,6,1,44968.25,44968.2,258.274,257.945,258.053,0.0084791,0.00847388
8|963|sample|6|319,0.384,554,5,6,1,44968.25,44968.2,258.274,257.945,258.053,0.00459712,0.00459352
8|963|sample|6|319,1.92,578,6,6,1,44968.25,44968.2,258.273,257.944,258.052,0.00496981,0.00496606
8|963|sample|6|319,9.6,540,7,6,1,44968.25,44965.6,257.884,257.643,257.664,0.00438951,0.00438883
8|963|sample|6|319,48.0,524,8,6,1,44968.25,37474.6,95.9978,114.997,95.9157,0.0140715,0.0175808
8|963|sample|7|319,7.68e-05,38811,1,7,1,44968.25,37454.0,95.9978,115.033,95.9447,1.3309,1.5895
8|963|sample|7|319,0.000384,39843,2,7,1,44968.25,44961.6,257.884,257.724,257.742,0.615198,0.615156
8|963|sample|7|319,0.00192,42537,3,7,1,44968.25,44967.6,258.273,258.025,258.13,0.656301,0.656035
8|963|sample|7|319,0.0096,19731,4,7,1,44968.25,44968.1,258.274,258.026,258.131,0.30228,0.302156
8|963|sample|7|319,0.048,5488,5,7,1,44968.25,44968.2,258.274,258.026,258.131,0.0811852,0.0811508
8|963|sample|7|319,0.24,816,6,7,1,44968.25,44968.2,258.273,258.025,258.13,0.00866149,0.00865638
8|963|sample|7|319,1.2,518,7,7,1,44968.25,44965.6,257.884,257.724,257.742,0.00404497,0.00404442
8|963|sample|7|319,6.0,528,8,7,1,44968.25,37474.6,95.9978,115.033,95.9447,0.0142035,0.0177387
8|963|sample|8|319,7.68e-05,42388,1,8,1,44968.25,37454.0,95.9978,115.08,95.9533,1.45335,1.73621
8|963|sample|8|319,0.000384,47167,2,8,1,44968.25,44961.6,257.884,257.829,257.765,0.728725,0.728906
8|963|sample|8|319,0.00192,41432,3,8,1,44968.25,44967.6,258.273,258.131,258.153,0.638888,0.638832
8|963|sample|8|319,0.0096,29792,4,8,1,44968.25,44968.1,258.274,258.131,258.154,0.458271,0.45823
8|963|sample|8|319,0.048,7130,5,8,1,44968.25,44968.2,258.274,258.131,258.154,0.106629,0.10662
8|963|sample|8|319,0.24,546,6,8,1,44968.25,44968.2,258.273,258.131,258.153,0.00446682,0.00446608
8|963|sample|8|319,1.2,530,7,8,1,44968.25,44965.6,257.884,257.829,257.765,0.00422813,0.00423017
8|963|sample|8|319,6.0,510,8,8,1,44968.25,37474.6,95.9978,115.08,95.9533,0.0135774,0.0169978
8|963|sample|9|319,0.0003648,31797,1,9,1,44968.25,37471.0,95.9978,115.192,95.9317,1.08819,1.30171
8|963|sample|9|319,0.001824,42931,2,9,1,44968.25,44964.9,257.884,258.08,257.707,0.662277,0.663233
8|963|sample|9|319,0.00912,26667,3,9,1,44968.25,44968.1,258.273,258.382,258.096,0.409384,0.409838
8|963|sample|9|319,0.0456,5088,4,9,1,44968.25,44968.2,258.274,258.382,258.096,0.074868,0.0749546
8|963|sample|9|319,0.228,566,5,9,1,44968.25,44968.2,258.274,258.382,258.096,0.00476864,0.00477831
8|963|sample|9|319,1.14,520,6,9,1,44968.25,44968.2,258.273,258.382,258.096,0.00405558,0.00406448
8|963|sample|9|319,5.7,466,7,9,1,44968.25,44965.6,257.884,258.08,257.707,0.00322689,0.00323732
8|963|sample|9|319,28.5,550,8,9,1,44968.25,37474.6,95.9978,115.192,95.9317,0.0149345,0.0186449
8|963|vc|1|2|319,0.0,34792,1,2,1,44968.25,250.606,102.037,122.317,102.046,1.12289,1.34121
8|963|vc|2|2|319,0.0,46782,2,2,1,44968.25,274.514,274.107,274.163,274.091,0.67985,0.680026
8|963|vc|3|2|319,0.0,50148,3,2,1,44968.25,274.514,274.107,274.522,274.094,0.728105,0.729237
8|963|vc|4|2|319,0.0,48893,4,2,1,44968.25,274.514,274.107,273.928,274.093,0.711316,0.710889
8|963|vc|5|2|319,0.0,49292,5,2,1,44968.25,274.514,274.107,274.383,274.093,0.715968,0.716722
8|963|vc|6|2|319,0.0,45050,6,2,1,44968.25,274.514,274.107,273.989,274.09,0.654945,0.654703
8|963|vc|7|2|319,0.0,46782,7,2,1,44968.25,274.514,274.107,274.382,274.091,0.679309,0.680026
8|963|vc|8|2|319,0.0,38007,8,2,1,44968.25,250.606,102.037,122.408,102.049,1.22612,1.46546
8|1241|cc|1|1|69,0.0,692,1,1,0,143143.0,0.0,0.0,0.0,0.0,1.07982,1.07982
8|1241|cc|2|1|69,0.0,714,2,1,0,143143.0,0.0,0.0,0.0,0.0,1.11414,1.11414
8|1241|cc|3|1|69,0.0,742,3,1,0,143143.0,0.0,0.0,0.0,0.0,1.15784,1.15784
8|1241|cc|4|1|69,0.0,754,4,1,0,143143.0,0.0,0.0,0.0,0.0,1.17656,1.17656
8|1241|cc|5|1|69,0.0,770,5,1,0,143143.0,0.0,0.0,0.0,0.0,1.20153,1.20153
8|1241|cc|6|1|69,0.0,746,6,1,0,143143.0,0.0,0.0,0.0,0.0,1.16408,1.16408
8|1241|cc|7|1|69,0.0,752,7,1,0,143143.0,0.0,0.0,0.0,0.0,1.17344,1.17344
8|1241|cc|8|1|69,0.0,784,8,1,0,143143.0,0.0,0.0,0.0,0.0,1.22337,1.22337
8|1241|sample|3|69,0.0010624,130158,1,3,1,143143.0,119286.0,702.306,704.818,702.34,0.740327,0.742944
8|1241|sample|3|69,0.005312,136763,2,3,1,143143.0,143134.0,473.435,475.226,473.472,1.15392,1.15819
8|1241|sample|3|69,0.02656,145073,3,3,1,143143.0,143143.0,340.846,341.885,340.883,1.69974,1.70471
8|1241|sample|3|69,0.1328,129359,4,3,1,143143.0,143143.0,289.941,290.692,289.979,1.78038,1.78473
8|1241|sample|3|69,0.664,56804,5,3,1,143143.0,143143.0,270.416,271.056,270.453,0.835779,0.837632
8|1241|sample|3|69,3.32,4212,6,3,1,143143.0,143143.0,262.929,263.526,262.967,0.0600255,0.0601606
8|1241|sample|3|69,83.0,726,8,3,1,143143.0,119289.0,236.344,236.737,236.378,0.00827045,0.00828894
8|1241|sample|4|69,0.0010624,125943,1,4,1,143143.0,119286.0,702.306,704.838,702.304,0.716203,0.718791
8|1241|sample|4|69,0.005312,138587,2,4,1,143143.0,143134.0,473.435,475.245,473.432,1.16932,1.17379
8|1241|sample|4|69,0.02656,140654,3,4,1,143143.0,143143.0,340.846,341.904,340.844,1.64776,1.65286
8|1241|sample|4|69,0.1328,125268,4,4,1,143143.0,143143.0,289.941,290.71,289.939,1.72385,1.7284
8|1241|sample|4|69,0.664,58098,5,4,1,143143.0,143143.0,270.416,271.074,270.414,0.854854,0.856929
8|1241|sample|4|69,3.32,3740,6,4,1,143143.0,143143.0,262.929,263.544,262.927,0.0528463,0.0529785
8|1241|sample|4|69,16.6,582,7,4,1,143143.0,143135.0,260.051,260.65,260.049,0.00493863,0.00495917
8|1241|sample|4|69,83.0,692,8,4,1,143143.0,119289.0,236.344,236.753,236.342,0.00769494,0.00771512
8|1241|sample|8|69,16.6,688,7,8,1,143143.0,143135.0,260.051,259.774,260.02,0.00660309,0.00659311
8|1241|vc|1|2|69,0.0,134396,1,2,1,143143.0,250.606,250.606,249.944,250.703,2.149,2.14255
8|1241|vc|2|2|69,0.0,143827,2,2,1,143143.0,274.514,274.514,274.457,274.614,2.09622,2.09503
8|1241|vc|3|2|69,0.0,147132,3,2,1,143143.0,274.514,274.514,274.797,274.62,2.14185,2.14322
8|1241|vc|4|2|69,0.0,155723,4,2,1,143143.0,274.514,274.514,274.875,274.636,2.2665,2.26846
8|1241|vc|5|2|69,0.0,155074,5,2,1,143143.0,274.514,274.514,274.39,274.635,2.26099,2.259
8|1241|vc|6|2|69,0.0,152580,6,2,1,143143.0,274.514,274.514,275.194,274.63,2.21812,2.22264
8|1241|vc|7|2|69,0.0,142167,7,2,1,143143.0,274.514,274.514,275.004,274.611,2.06788,2.07082
8|1241|vc|8|2|69,0.0,114245,8,2,1,143143.0,250.606,250.606,250.711,250.669,1.82064,1.82095
8|1056|cc|1|1|276,0.0,686,1,1,0,122846.625,0.0,0.0,0.0,0.0,1.07045,1.07045
8|1056|cc|2|1|276,0.0,688,2,1,0,122846.625,0.0,0.0,0.0,0.0,1.07357,1.07357
8|1056|cc|3|1|276,0.0,708,3,1,0,122846.625,0.0,0.0,0.0,0.0,1.10478,1.10478
8|1056|cc|4|1|276,0.0,700,4,1,0,122846.625,0.0,0.0,0.0,0.0,1.0923,1.0923
8|1056|cc|5|1|276,0.0,734,5,1,0,122846.625,0.0,0.0,0.0,0.0,1.14535,1.14535
8|1056|cc|6|1|276,0.0,694,6,1,0,122846.625,0.0,0.0,0.0,0.0,1.08294,1.08294
8|1056|cc|7|1|276,0.0,744,7,1,0,122846.625,0.0,0.0,0.0,0.0,1.16096,1.16096
8|1056|cc|8|1|276,0.0,756,8,1,0,122846.625,0.0,0.0,0.0,0.0,1.17968,1.17968
8|1056|sample|3|276,0.0010624,130132,1,3,1,122846.625,102372.0,235.774,235.661,235.899,2.20567,2.20346
8|1056|sample|3|276,0.005312,127154,2,3,1,122846.625,122839.0,258.267,258.285,258.404,1.96785,1.96696
8|1056|sample|3|276,0.02656,111063,3,3,1,122846.625,122847.0,258.274,258.293,258.411,1.71827,1.71749
8|1056|sample|3|276,0.1328,53602,4,3,1,122846.625,122847.0,258.274,258.293,258.411,0.82721,0.826834
8|1056|sample|3|276,0.664,5384,5,3,1,122846.625,122847.0,258.274,258.293,258.411,0.0794852,0.0794474
8|1056|sample|3|276,3.32,738,6,3,1,122846.625,122847.0,258.274,258.293,258.411,0.0074389,0.0074337
8|1056|sample|3|276,16.6,690,7,3,1,122846.625,122839.0,258.267,258.285,258.404,0.00669487,0.00669
8|1056|sample|3|276,83.0,842,8,3,1,122846.625,102375.0,235.774,235.661,235.899,0.0102958,0.0102814
8|1056|sample|4|276,0.0010624,123910,1,4,1,122846.625,102372.0,235.774,235.768,235.88,2.09907,2.09809
8|1056|sample|4|276,0.005312,126950,2,4,1,122846.625,122839.0,258.267,258.403,258.383,1.9638,1.96395
8|1056|sample|4|276,0.02656,105914,3,4,1,122846.625,122847.0,258.274,258.411,258.39,1.63768,1.63781
8|1056|sample|4|276,0.1328,55539,4,4,1,122846.625,122847.0,258.274,258.411,258.39,0.856859,0.856927
8|1056|sample|4|276,0.664,6766,5,4,1,122846.625,122847.0,258.274,258.411,258.39,0.100869,0.100877
8|1056|sample|4|276,3.32,686,6,4,1,122846.625,122847.0,258.274,258.411,258.39,0.00662771,0.00662856
8|1056|sample|4|276,16.6,742,7,4,1,122846.625,122839.0,258.267,258.403,258.383,0.00749605,0.00749697
8|1056|sample|4|276,83.0,876,8,4,1,122846.625,102375.0,235.774,235.768,235.88,0.0108664,0.0108594
8|1056|vc|1|2|276,0.0,125929,1,2,1,122846.625,250.606,250.606,250.616,250.688,2.008,2.00743
8|1056|vc|2|2|276,0.0,128067,2,2,1,122846.625,274.514,274.514,274.548,274.587,1.86547,1.86521
8|1056|vc|3|2|276,0.0,126059,3,2,1,122846.625,274.514,274.514,274.546,274.584,1.83617,1.83592
8|1056|vc|4|2|276,0.0,129668,4,2,1,122846.625,274.514,274.514,274.277,274.59,1.89069,1.88856
8|1056|vc|5|2|276,0.0,124889,5,2,1,122846.625,274.514,274.514,275.302,274.582,1.81413,1.81885
8|1056|vc|6|2|276,0.0,120436,6,2,1,122846.625,274.514,274.514,274.374,274.575,1.75518,1.7539
8|1056|vc|7|2|276,0.0,119889,7,2,1,122846.625,274.514,274.514,274.426,274.574,1.74686,1.74592
8|1056|vc|8|2|276,0.0,107836,8,2,1,122846.625,250.606,250.606,250.304,250.659,1.72105,1.71864
8|1159|cc|1|1|292,0.0,640,1,1,0,132841.25,0.0,0.0,0.0,0.0,0.998673,0.998673
8|1159|cc|2|1|292,0.0,616,2,1,0,132841.25,0.0,0.0,0.0,0.0,0.961223,0.961223
8|1159|cc|3|1|292,0.0,690,3,1,0,132841.25,0.0,0.0,0.0,0.0,1.07669,1.07669
8|1159|cc|4|1|292,0.0,614,4,1,0,132841.25,0.0,0.0,0.0,0.0,0.958102,0.958102
8|1159|cc|5|1|292,0.0,622,5,1,0,132841.25,0.0,0.0,0.0,0.0,0.970586,0.970586
8|1159|cc|6|1|292,0.0,654,6,1,0,132841.25,0.0,0.0,0.0,0.0,1.02052,1.02052
8|1159|cc|7|1|292,0.0,732,7,1,0,132841.25,0.0,0.0,0.0,0.0,1.14223,1.14223
8|1159|cc|8|1|292,0.0,670,8,1,0,132841.25,0.0,0.0,0.0,0.0,1.04549,1.04549
8|1159|sample|3|292,0.0010624,108512,1,3,1,132841.25,110701.0,496.165,498.395,496.198,0.872236,0.876097
8|1159|sample|3|292,0.005312,131884,2,3,1,132841.25,132833.0,338.007,339.204,338.039,1.557,1.56234
8|1159|sample|3|292,0.02656,133282,3,3,1,132841.25,132841.0,284.976,285.826,285.009,1.86552,1.87083
8|1159|sample|3|292,0.1328,105629,4,3,1,132841.25,132841.0,267.214,267.947,267.247,1.57555,1.57965
8|1159|sample|3|292,0.664,36126,5,3,1,132841.25,132841.0,261.267,261.96,261.299,0.54844,0.549824
8|1159|sample|3|292,3.32,2310,6,3,1,132841.25,132841.0,259.276,259.956,259.308,0.031589,0.0316771
8|1159|sample|3|292,16.6,688,7,3,1,132841.25,132834.0,258.609,259.285,258.642,0.00662296,0.00664924
8|1159|sample|3|292,83.0,592,8,3,1,132841.25,110704.0,258.386,259.059,258.418,0.00514784,0.00517044
8|1159|sample|4|292,0.0010624,112128,1,4,1,132841.25,110701.0,496.165,498.087,496.215,0.901994,0.905394
8|1159|sample|4|292,0.005312,130767,2,4,1,132841.25,132833.0,338.007,338.894,338.057,1.54519,1.54899
8|1159|sample|4|292,0.02656,137610,3,4,1,132841.25,132841.0,284.976,285.515,285.026,1.92831,1.93159
8|1159|sample|4|292,0.1328,112132,4,4,1,132841.25,132841.0,267.214,267.635,267.264,1.67473,1.67704
8|1159|sample|4|292,0.664,38749,5,4,1,132841.25,132841.0,261.267,261.649,261.317,0.58925,0.589997
8|1159|sample|4|292,3.32,2926,6,4,1,132841.25,132841.0,259.276,259.645,259.326,0.0411345,0.0411895
8|1159|sample|4|292,16.6,542,7,4,1,132841.25,132834.0,258.609,258.974,258.659,0.00437751,0.00438765
8|1159|sample|4|292,83.0,574,8,4,1,132841.25,110704.0,258.386,258.748,258.435,0.00488016,0.00489084
8|1159|vc|1|2|292,0.0,114165,1,2,1,132841.25,250.606,274.521,274.834,274.573,1.66081,1.66238
8|1159|vc|2|2|292,0.0,136148,2,2,1,132841.25,274.514,274.522,274.695,274.608,1.98238,1.983
8|1159|vc|3|2|292,0.0,149475,3,2,1,132841.25,274.514,274.522,274.991,274.632,2.17449,2.17731
8|1159|vc|4|2|292,0.0,146290,4,2,1,132841.25,274.514,274.522,274.804,274.626,2.12951,2.13088
8|1159|vc|5|2|292,0.0,136813,5,2,1,132841.25,274.514,274.522,274.647,274.609,1.99242,1.9927
8|1159|vc|6|2|292,0.0,141806,6,2,1,132841.25,274.514,274.522,274.745,274.618,2.06455,2.0655
8|1159|vc|7|2|292,0.0,125865,7,2,1,132841.25,274.514,274.522,274.955,274.591,1.83063,1.83304
8|1159|vc|8|2|292,0.0,112168,8,2,1,132841.25,250.606,274.521,274.501,274.57,1.63366,1.63325
8|1017|cc|1|1|65,0.0,614,1,1,0,12137.0,0.0,0.0,0.0,0.0,0.958102,0.958102
8|1017|cc|2|1|65,0.0,574,2,1,0,12137.0,0.0,0.0,0.0,0.0,0.895685,0.895685
8|1017|cc|3|1|65,0.0,530,3,1,0,12137.0,0.0,0.0,0.0,0.0,0.827026,0.827026
8|1017|cc|4|1|65,0.0,626,4,1,0,12137.0,0.0,0.0,0.0,0.0,0.976827,0.976827
8|1017|cc|5|1|65,0.0,490,5,1,0,12137.0,0.0,0.0,0.0,0.0,0.764609,0.764609
8|1017|cc|6|1|65,0.0,480,6,1,0,12137.0,0.0,0.0,0.0,0.0,0.749005,0.749005
8|1017|cc|7|1|65,0.0,564,7,1,0,12137.0,0.0,0.0,0.0,0.0,0.880081,0.880081
8|1017|cc|8|1|65,0.0,546,8,1,0,12137.0,0.0,0.0,0.0,0.0,0.851993,0.851993
8|1017|sample|3|65,0.0010624,10506,1,3,1,12137.0,10114.2,235.773,235.712,235.576,0.174354,0.174456
8|1017|sample|3|65,0.005312,11892,2,3,1,12137.0,12136.2,258.267,258.342,258.05,0.180371,0.180578
8|1017|sample|3|65,0.02656,7480,3,3,1,12137.0,12137.0,258.274,258.35,258.058,0.111963,0.112093
8|1017|sample|3|65,0.1328,2832,4,3,1,12137.0,12137.0,258.274,258.35,258.058,0.0399013,0.0399506
8|1017|sample|3|65,0.664,740,5,3,1,12137.0,12137.0,258.274,258.35,258.058,0.0074674,0.00748032
8|1017|sample|3|65,3.32,556,6,3,1,12137.0,12137.0,258.274,258.35,258.058,0.00461471,0.00462442
8|1017|sample|3|65,83.0,548,8,3,1,12137.0,10114.5,235.773,235.712,235.576,0.00530158,0.00530693
8|1017|sample|4|65,0.0010624,9714,1,4,1,12137.0,10114.2,235.773,236.146,235.547,0.160609,0.161023
8|1017|sample|4|65,0.005312,11992,2,4,1,12137.0,12136.2,258.267,258.818,258.019,0.181583,0.182152
8|1017|sample|4|65,0.02656,9882,3,4,1,12137.0,12137.0,258.274,258.825,258.026,0.148924,0.149393
8|1017|sample|4|65,0.1328,3414,4,4,1,12137.0,12137.0,258.274,258.825,258.026,0.0488283,0.0489903
8|1017|sample|4|65,0.664,734,5,4,1,12137.0,12137.0,258.274,258.825,258.026,0.00735362,0.00738855
8|1017|sample|4|65,3.32,542,6,4,1,12137.0,12137.0,258.274,258.825,258.026,0.0043823,0.00440813
8|1017|sample|4|65,16.6,564,7,4,1,12137.0,12136.3,258.267,258.818,258.019,0.00472302,0.00474989
8|1017|sample|4|65,83.0,516,8,4,1,12137.0,10114.5,235.773,236.146,235.547,0.00474234,0.00476442
8|1017|sample|8|65,16.6,600,7,8,1,12137.0,12136.3,258.267,258.255,258.235,0.00530027,0.00530098
8|1017|vc|1|2|65,0.0,12754,1,2,1,12137.0,250.606,250.606,250.64,250.58,0.199751,0.1998
8|1017|vc|2|2|65,0.0,10974,2,2,1,12137.0,274.514,274.514,274.849,274.485,0.156013,0.156223
8|1017|vc|3|2|65,0.0,11326,3,2,1,12137.0,274.514,274.514,274.234,274.485,0.161513,0.161363
8|1017|vc|4|2|65,0.0,14058,4,2,1,12137.0,274.514,274.514,274.418,274.486,0.201302,0.201252
8|1017|vc|5|2|65,0.0,13090,5,2,1,12137.0,274.514,274.514,274.486,274.485,0.187118,0.187119
8|1017|vc|6|2|65,0.0,11930,6,2,1,12137.0,274.514,274.514,274.322,274.485,0.170284,0.170182
8|1017|vc|7|2|65,0.0,12278,7,2,1,12137.0,274.514,274.514,274.434,274.485,0.175296,0.175263
8|1017|vc|8|2|65,0.0,10686,8,2,1,12137.0,250.606,250.606,250.846,250.579,0.166575,0.166754
8|1197|cc|1|1|103,0.0,606,1,1,0,100839.375,0.0,0.0,0.0,0.0,0.945619,0.945619
8|1197|cc|2|1|103,0.0,666,2,1,0,100839.375,0.0,0.0,0.0,0.0,1.03924,1.03924
8|1197|cc|3|1|103,0.0,676,3,1,0,100839.375,0.0,0.0,0.0,0.0,1.05485,1.05485
8|1197|cc|4|1|103,0.0,624,4,1,0,100839.375,0.0,0.0,0.0,0.0,0.973706,0.973706
8|1197|cc|5|1|103,0.0,566,5,1,0,100839.375,0.0,0.0,0.0,0.0,0.883202,0.883202
8|1197|cc|6|1|103,0.0,622,6,1,0,100839.375,0.0,0.0,0.0,0.0,0.970586,0.970586
8|1197|cc|7|1|103,0.0,690,7,1,0,100839.375,0.0,0.0,0.0,0.0,1.07669,1.07669
8|1197|cc|8|1|103,0.0,642,8,1,0,100839.375,0.0,0.0,0.0,0.0,1.00179,1.00179
8|1197|sample|3|103,0.0010624,83416,1,3,1,100839.375,84032.8,235.776,236.135,235.683,1.40961,1.41229
8|1197|sample|3|103,0.005312,89383,2,3,1,100839.375,100833.0,258.267,258.803,258.166,1.37937,1.38275
8|1197|sample|3|103,0.02656,58909,3,3,1,100839.375,100839.0,258.274,258.811,258.173,0.907698,0.909927
8|1197|sample|3|103,0.1328,9266,4,3,1,100839.375,100839.0,258.274,258.811,258.173,0.1394,0.13975
8|1197|sample|3|103,0.664,850,5,3,1,100839.375,100839.0,258.274,258.811,258.173,0.00914953,0.00918179
8|1197|sample|3|103,3.32,606,6,3,1,100839.375,100839.0,258.274,258.811,258.173,0.00537327,0.0053963
8|1197|sample|3|103,16.6,578,7,3,1,100839.375,100834.0,258.267,258.803,258.166,0.00494019,0.00496215
8|1197|sample|3|103,83.0,552,8,3,1,100839.375,84035.2,235.776,236.135,235.683,0.00535283,0.00537062
8|1197|sample|4|103,0.0010624,79953,1,4,1,100839.375,84032.8,235.776,235.635,235.679,1.35376,1.35351
8|1197|sample|4|103,0.005312,90004,2,4,1,100839.375,100833.0,258.267,258.256,258.161,1.3919,1.39241
8|1197|sample|4|103,0.02656,58715,3,4,1,100839.375,100839.0,258.274,258.263,258.168,0.906601,0.906933
8|1197|sample|4|103,0.1328,7962,4,4,1,100839.375,100839.0,258.274,258.263,258.168,0.119477,0.119522
8|1197|sample|4|103,0.664,770,5,4,1,100839.375,100839.0,258.274,258.263,258.168,0.00793649,0.00794085
8|1197|sample|4|103,3.32,568,6,4,1,100839.375,100839.0,258.274,258.263,258.168,0.00480368,0.00480691
8|1197|sample|4|103,16.6,564,7,4,1,100839.375,100834.0,258.267,258.256,258.161,0.0047419,0.0047451
8|1197|sample|4|103,83.0,596,8,4,1,100839.375,84035.2,235.776,235.635,235.679,0.00611973,0.00611786
8|1197|vc|1|2|103,0.0,87946,1,2,1,100839.375,250.606,250.608,250.431,250.634,1.40216,1.40104
8|1197|vc|2|2|103,0.0,107862,2,2,1,100839.375,274.514,274.514,274.395,274.557,1.57139,1.57047
8|1197|vc|3|2|103,0.0,103669,3,2,1,100839.375,274.514,274.514,274.656,274.552,1.50873,1.5093
8|1197|vc|4|2|103,0.0,103811,4,2,1,100839.375,274.514,274.514,274.673,274.552,1.5107,1.51137
8|1197|vc|5|2|103,0.0,109061,5,2,1,100839.375,274.514,274.514,274.751,274.559,1.58686,1.58796
8|1197|vc|6|2|103,0.0,103883,6,2,1,100839.375,274.514,274.514,274.358,274.552,1.51348,1.51242
8|1197|vc|7|2|103,0.0,108538,7,2,1,100839.375,274.514,274.514,274.407,274.558,1.5812,1.58033
8|1197|vc|8|2|103,0.0,81945,8,2,1,100839.375,250.606,250.608,250.064,250.627,1.30812,1.3052
8|745|cc|1|1|218,0.0,424,1,1,0,41925.5,0.0,0.0,0.0,0.0,0.661621,0.661621
8|745|cc|2|1|218,0.0,424,2,1,0,41925.5,0.0,0.0,0.0,0.0,0.661621,0.661621
8|745|cc|3|1|218,0.0,442,3,1,0,41925.5,0.0,0.0,0.0,0.0,0.689709,0.689709
8|745|cc|4|1|218,0.0,476,4,1,0,41925.5,0.0,0.0,0.0,0.0,0.742763,0.742763
8|745|cc|5|1|218,0.0,500,5,1,0,41925.5,0.0,0.0,0.0,0.0,0.780213,0.780213
8|745|cc|6|1|218,0.0,514,6,1,0,41925.5,0.0,0.0,0.0,0.0,0.802059,0.802059
8|745|cc|7|1|218,0.0,472,7,1,0,41925.5,0.0,0.0,0.0,0.0,0.736521,0.736521
8|745|cc|8|1|218,0.0,496,8,1,0,41925.5,0.0,0.0,0.0,0.0,0.773972,0.773972
8|745|sample|3|218,0.0010624,37523,1,3,1,41925.5,34937.9,119.608,119.902,119.537,1.2353,1.23901
8|745|sample|3|218,0.005312,37208,2,3,1,41925.5,41922.9,257.989,257.939,257.835,0.573769,0.574001
8|745|sample|3|218,0.02656,26461,3,3,1,41925.5,41925.5,258.273,258.221,258.119,0.406443,0.406604
8|745|sample|3|218,0.1328,7202,4,3,1,41925.5,41925.5,258.273,258.221,258.119,0.107708,0.107752
8|745|sample|3|218,0.664,758,5,3,1,41925.5,41925.5,258.273,258.221,258.119,0.0077523,0.00775692
8|745|sample|3|218,16.6,474,7,3,1,41925.5,41923.1,257.989,257.939,257.835,0.00335504,0.00335801
8|745|sample|3|218,83.0,544,8,3,1,41925.5,34938.9,119.608,119.902,119.537,0.0140066,0.0140606
8|745|sample|4|218,0.0010624,34037,1,4,1,41925.5,34937.9,119.608,119.912,119.518,1.12008,1.12371
8|745|sample|4|218,0.005312,36046,2,4,1,41925.5,41922.9,257.989,257.961,257.794,0.55568,0.556037
8|745|sample|4|218,0.02656,26077,3,4,1,41925.5,41925.5,258.273,258.242,258.078,0.400454,0.400708
8|745|sample|4|218,0.1328,8328,4,4,1,41925.5,41925.5,258.274,258.243,258.079,0.125163,0.125244
8|745|sample|4|218,0.664,672,5,4,1,41925.5,41925.5,258.274,258.243,258.079,0.00641743,0.00642402
8|745|sample|4|218,3.32,466,6,4,1,41925.5,41925.5,258.273,258.242,258.078,0.00322236,0.00322693
8|745|sample|4|218,16.6,460,7,4,1,41925.5,41923.1,257.989,257.961,257.794,0.00313706,0.00314164
8|745|sample|4|218,83.0,550,8,4,1,41925.5,34938.9,119.608,119.912,119.518,0.0142033,0.0142621
8|745|sample|5|218,3.32,492,6,5,1,41925.5,41925.5,258.273,258.144,258.242,0.00362851,0.00362563
8|745|vc|1|2|218,0.0,40530,1,2,1,41925.5,250.606,127.133,127.389,127.141,1.2575,1.25992
8|745|vc|2|2|218,0.0,43557,2,2,1,41925.5,274.514,274.219,274.211,274.201,0.632596,0.632618
8|745|vc|3|2|218,0.0,43897,3,2,1,41925.5,274.514,274.219,274.672,274.202,0.636498,0.637587
8|745|vc|4|2|218,0.0,43871,4,2,1,41925.5,274.514,274.219,274.444,274.202,0.636646,0.637207
8|745|vc|5|2|218,0.0,42072,5,2,1,41925.5,274.514,274.219,274.228,274.201,0.610854,0.610915
8|745|vc|6|2|218,0.0,41786,6,2,1,41925.5,274.514,274.219,274.194,274.201,0.606749,0.606735
8|745|vc|7|2|218,0.0,38985,7,2,1,41925.5,274.514,274.219,274.701,274.199,0.564768,0.565799
8|745|vc|8|2|218,0.0,40706,8,2,1,41925.5,250.606,127.133,127.446,127.141,1.26242,1.26541
8|1043|cc|1|1|174,0.0,462,1,1,0,53952.0,0.0,0.0,0.0,0.0,0.720917,0.720917
8|1043|cc|2|1|174,0.0,482,2,1,0,53952.0,0.0,0.0,0.0,0.0,0.752126,0.752126
8|1043|cc|3|1|174,0.0,512,3,1,0,53952.0,0.0,0.0,0.0,0.0,0.798939,0.798939
8|1043|cc|4|1|174,0.0,514,4,1,0,53952.0,0.0,0.0,0.0,0.0,0.802059,0.802059
8|1043|cc|5|1|174,0.0,496,5,1,0,53952.0,0.0,0.0,0.0,0.0,0.773972,0.773972
8|1043|cc|6|1|174,0.0,482,6,1,0,53952.0,0.0,0.0,0.0,0.0,0.752126,0.752126
8|1043|cc|7|1|174,0.0,458,7,1,0,53952.0,0.0,0.0,0.0,0.0,0.714676,0.714676
8|1043|cc|8|1|174,0.0,474,8,1,0,53952.0,0.0,0.0,0.0,0.0,0.739642,0.739642
8|1043|sample|3|174,0.0010624,52337,1,3,1,53952.0,44960.0,157.778,158.003,157.674,1.31445,1.31716
8|1043|sample|3|174,0.005312,52465,2,3,1,53952.0,53948.6,258.124,258.028,257.954,0.810407,0.810636
8|1043|sample|3|174,0.02656,24983,3,3,1,53952.0,53952.0,258.274,258.176,258.103,0.383585,0.383692
8|1043|sample|3|174,0.1328,3902,4,3,1,53952.0,53952.0,258.274,258.176,258.103,0.0565309,0.0565476
8|1043|sample|3|174,0.664,468,5,3,1,53952.0,53952.0,258.274,258.176,258.103,0.00325525,0.00325727
8|1043|sample|3|174,3.32,434,6,3,1,53952.0,53952.0,258.274,258.176,258.103,0.00272777,0.00272964
8|1043|sample|3|174,16.6,466,7,3,1,53952.0,53948.9,258.124,258.028,257.954,0.00322835,0.0032304
8|1043|sample|3|174,83.0,476,8,3,1,53952.0,44961.3,157.778,158.003,157.674,0.00801075,0.00803549
8|1043|sample|4|174,0.0010624,51341,1,4,1,53952.0,44960.0,157.778,157.923,157.67,1.29,1.29205
8|1043|sample|4|174,0.005312,47213,2,4,1,53952.0,53948.6,258.124,257.898,257.948,0.729245,0.729103
8|1043|sample|4|174,0.02656,25619,3,4,1,53952.0,53952.0,258.274,258.046,258.098,0.393649,0.393571
8|1043|sample|4|174,0.1328,3204,4,4,1,53952.0,53952.0,258.274,258.046,258.098,0.0457267,0.0457168
8|1043|sample|4|174,0.664,534,5,4,1,53952.0,53952.0,258.274,258.046,258.098,0.00428331,0.00428166
8|1043|sample|4|174,3.32,492,6,4,1,53952.0,53952.0,258.274,258.046,258.098,0.0036314,0.00362988
8|1043|sample|4|174,16.6,542,7,4,1,53952.0,53948.9,258.124,257.898,257.948,0.0044123,0.00441066
8|1043|sample|4|174,83.0,532,8,4,1,53952.0,44961.3,157.778,157.923,157.67,0.00942811,0.00944939
8|1043|vc|1|2|174,0.0,50112,1,2,1,53952.0,250.606,167.704,168.05,167.711,1.18407,1.18644
8|1043|vc|2|2|174,0.0,56646,2,2,1,53952.0,274.514,274.363,274.783,274.353,0.822188,0.823471
8|1043|vc|3|2|174,0.0,62497,3,2,1,53952.0,274.514,274.363,274.268,274.358,0.909224,0.908928
8|1043|vc|4|2|174,0.0,57542,4,2,1,53952.0,274.514,274.363,274.532,274.354,0.836019,0.836558
8|1043|vc|5|2|174,0.0,52635,5,2,1,53952.0,274.514,274.363,274.411,274.351,0.764719,0.764887
8|1043|vc|6|2|174,0.0,56628,6,2,1,53952.0,274.514,274.363,274.354,274.353,0.823208,0.823208
8|1043|vc|7|2|174,0.0,50206,7,2,1,53952.0,274.514,274.363,274.351,274.349,0.729403,0.729408
8|1043|vc|8|2|174,0.0,45350,8,2,1,53952.0,250.606,167.704,167.793,167.706,1.0728,1.07334
8|1260|cc|1|1|319,0.0,514,1,1,0,42984.625,0.0,0.0,0.0,0.0,0.802059,0.802059
8|1260|cc|2|1|319,0.0,604,2,1,0,42984.625,0.0,0.0,0.0,0.0,0.942498,0.942498
8|1260|cc|3|1|319,0.0,546,3,1,0,42984.625,0.0,0.0,0.0,0.0,0.851993,0.851993
8|1260|cc|4|1|319,0.0,580,4,1,0,42984.625,0.0,0.0,0.0,0.0,0.905048,0.905048
8|1260|cc|5|1|319,0.0,564,5,1,0,42984.625,0.0,0.0,0.0,0.0,0.880081,0.880081
8|1260|cc|6|1|319,0.0,508,6,1,0,42984.625,0.0,0.0,0.0,0.0,0.792697,0.792697
8|1260|cc|7|1|319,0.0,466,7,1,0,42984.625,0.0,0.0,0.0,0.0,0.727159,0.727159
8|1260|cc|8|1|319,0.0,444,8,1,0,42984.625,0.0,0.0,0.0,0.0,0.69283,0.69283
8|1260|sample|3|319,0.0010624,37180,1,3,1,42984.625,35820.5,235.775,235.799,235.577,0.626958,0.627544
8|1260|sample|3|319,0.005312,42284,2,3,1,42984.625,42981.9,258.267,258.436,258.05,0.651341,0.65231
8|1260|sample|3|319,0.02656,29878,3,3,1,42984.625,42984.6,258.274,258.444,258.058,0.459051,0.459736
8|1260|sample|3|319,0.1328,14579,4,3,1,42984.625,42984.6,258.274,258.444,258.058,0.221943,0.222278
8|1260|sample|3|319,0.664,2122,5,3,1,42984.625,42984.6,258.274,258.444,258.058,0.0288818,0.0289306
8|1260|sample|3|319,3.32,498,6,3,1,42984.625,42984.6,258.274,258.444,258.058,0.0037127,0.00372418
8|1260|sample|3|319,16.6,458,7,3,1,42984.625,42982.1,258.267,258.436,258.05,0.00309298,0.00310354
8|1260|sample|3|319,83.0,484,8,3,1,42984.625,35821.5,235.775,235.799,235.577,0.00421207,0.00421975
8|1260|sample|4|319,0.0010624,33661,1,4,1,42984.625,35820.5,235.775,236.129,235.573,0.566449,0.567782
8|1260|sample|4|319,0.005312,36692,2,4,1,42984.625,42981.9,258.267,258.798,258.045,0.563885,0.565525
8|1260|sample|4|319,0.02656,31084,3,4,1,42984.625,42984.6,258.274,258.805,258.053,0.477074,0.478464
8|1260|sample|4|319,0.1328,13458,4,4,1,42984.625,42984.6,258.274,258.805,258.053,0.204281,0.204883
8|1260|sample|4|319,0.664,1668,5,4,1,42984.625,42984.6,258.274,258.805,258.053,0.0218098,0.0218845
8|1260|sample|4|319,3.32,526,6,4,1,42984.625,42984.6,258.274,258.805,258.053,0.00413531,0.00415894
8|1260|sample|4|319,16.6,482,7,4,1,42984.625,42982.1,258.267,258.798,258.045,0.00345455,0.00347621
8|1260|sample|4|319,83.0,570,8,4,1,42984.625,35821.5,235.775,236.129,235.573,0.00565808,0.00568075
8|1260|vc|1|2|319,0.0,40866,1,2,1,42984.625,250.606,250.607,250.386,250.592,0.649519,0.648988
8|1260|vc|2|2|319,0.0,45338,2,2,1,42984.625,274.514,274.514,274.536,274.497,0.657849,0.657941
8|1260|vc|3|2|319,0.0,44073,3,2,1,42984.625,274.514,274.514,274.77,274.496,0.638838,0.639474
8|1260|vc|4|2|319,0.0,47115,4,2,1,42984.625,274.514,274.514,274.162,274.498,0.684719,0.683884
8|1260|vc|5|2|319,0.0,43457,5,2,1,42984.625,274.514,274.514,274.574,274.496,0.630302,0.630481
8|1260|vc|6|2|319,0.0,43107,6,2,1,42984.625,274.514,274.514,274.399,274.496,0.625591,0.625371
8|1260|vc|7|2|319,0.0,44409,7,2,1,42984.625,274.514,274.514,274.89,274.497,0.64346,0.644379
8|1260|vc|8|2|319,0.0,35512,8,2,1,42984.625,250.606,250.607,250.354,250.589,0.563971,0.563444
8|1042|cc|1|1|162,0.0,624,1,1,0,78994.875,0.0,0.0,0.0,0.0,0.973706,0.973706
8|1042|cc|2|1|162,0.0,714,2,1,0,78994.875,0.0,0.0,0.0,0.0,1.11414,1.11414
8|1042|cc|3|1|162,0.0,694,3,1,0,78994.875,0.0,0.0,0.0,0.0,1.08294,1.08294
8|1042|cc|4|1|162,0.0,700,4,1,0,78994.875,0.0,0.0,0.0,0.0,1.0923,1.0923
8|1042|cc|5|1|162,0.0,674,5,1,0,78994.875,0.0,0.0,0.0,0.0,1.05173,1.05173
8|1042|cc|6|1|162,0.0,730,6,1,0,78994.875,0.0,0.0,0.0,0.0,1.13911,1.13911
8|1042|cc|7|1|162,0.0,664,7,1,0,78994.875,0.0,0.0,0.0,0.0,1.03612,1.03612
8|1042|cc|8|1|162,0.0,778,8,1,0,78994.875,0.0,0.0,0.0,0.0,1.21401,1.21401
8|1042|sample|3|162,0.0010624,72910,1,3,1,78994.875,65829.0,235.774,235.871,235.72,1.23293,1.23372
8|1042|sample|3|162,0.005312,82674,2,3,1,78994.875,78989.9,258.267,258.516,258.208,1.27694,1.27845
8|1042|sample|3|162,0.02656,79881,3,3,1,78994.875,78994.8,258.274,258.524,258.215,1.23363,1.23509
8|1042|sample|3|162,0.1328,67396,4,3,1,78994.875,78994.9,258.274,258.524,258.215,1.04019,1.04143
8|1042|sample|3|162,0.664,36552,5,3,1,78994.875,78994.9,258.274,258.524,258.215,0.562312,0.562982
8|1042|sample|3|162,3.32,5516,6,3,1,78994.875,78994.9,258.274,258.524,258.215,0.0814566,0.0815578
8|1042|sample|3|162,16.6,726,7,3,1,78994.875,78990.3,258.267,258.516,258.208,0.00724316,0.00725652
8|1042|sample|3|162,83.0,688,8,3,1,78994.875,65830.9,235.774,235.871,235.72,0.00767047,0.0076779
8|1042|sample|4|162,0.0010624,73625,1,4,1,78994.875,65829.0,235.774,235.81,235.717,1.24538,1.24587
8|1042|sample|4|162,0.005312,80800,2,4,1,78994.875,78989.9,258.267,258.449,258.204,1.24822,1.2494
8|1042|sample|4|162,0.02656,78030,3,4,1,78994.875,78994.8,258.274,258.457,258.212,1.20526,1.2064
8|1042|sample|4|162,0.1328,66522,4,4,1,78994.875,78994.9,258.274,258.457,258.212,1.02692,1.02788
8|1042|sample|4|162,0.664,38695,5,4,1,78994.875,78994.9,258.274,258.457,258.212,0.595668,0.596231
8|1042|sample|4|162,3.32,6000,6,4,1,78994.875,78994.9,258.274,258.457,258.212,0.0889792,0.0890666
8|1042|sample|4|162,16.6,662,7,4,1,78994.875,78990.3,258.267,258.449,258.204,0.00625418,0.00626386
8|1042|sample|4|162,83.0,696,8,4,1,78994.875,65830.9,235.774,235.81,235.717,0.00780922,0.00781385
8|1042|vc|1|2|162,0.0,79529,1,2,1,78994.875,250.606,250.606,251.002,250.623,1.26472,1.26662
8|1042|vc|2|2|162,0.0,77876,2,2,1,78994.875,274.514,274.514,274.642,274.522,1.13241,1.1329
8|1042|vc|3|2|162,0.0,85444,3,2,1,78994.875,274.514,274.514,274.347,274.53,1.24418,1.24335
8|1042|vc|4|2|162,0.0,85154,4,2,1,78994.875,274.514,274.514,274.696,274.53,1.23837,1.23912
8|1042|vc|5|2|162,0.0,85440,5,2,1,78994.875,274.514,274.514,273.952,274.53,1.2459,1.2433
8|1042|vc|6|2|162,0.0,76072,6,2,1,78994.875,274.514,274.514,274.757,274.521,1.10563,1.10657
8|1042|vc|7|2|162,0.0,75138,7,2,1,78994.875,274.514,274.514,274.737,274.52,1.09208,1.09294
8|1042|vc|8|2|162,0.0,67306,8,2,1,78994.875,250.606,250.606,250.261,250.61,1.07288,1.07139
8|863|cc|1|1|274,0.0,622,1,1,0,79056.375,0.0,0.0,0.0,0.0,0.970586,0.970586
8|863|cc|2|1|274,0.0,702,2,1,0,79056.375,0.0,0.0,0.0,0.0,1.09542,1.09542
8|863|cc|3|1|274,0.0,724,3,1,0,79056.375,0.0,0.0,0.0,0.0,1.12975,1.12975
8|863|cc|4|1|274,0.0,660,4,1,0,79056.375,0.0,0.0,0.0,0.0,1.02988,1.02988
8|863|cc|5|1|274,0.0,644,5,1,0,79056.375,0.0,0.0,0.0,0.0,1.00491,1.00491
8|863|cc|6|1|274,0.0,642,6,1,0,79056.375,0.0,0.0,0.0,0.0,1.00179,1.00179
8|863|cc|7|1|274,0.0,664,7,1,0,79056.375,0.0,0.0,0.0,0.0,1.03612,1.03612
8|863|cc|8|1|274,0.0,710,8,1,0,79056.375,0.0,0.0,0.0,0.0,1.1079,1.1079
8|863|sample|3|274,0.0010624,89013,1,3,1,79056.375,65880.3,235.774,235.637,235.706,1.50761,1.50717
8|863|sample|3|274,0.005312,83582,2,3,1,79056.375,79051.4,258.267,258.259,258.192,1.29228,1.29261
8|863|sample|3|274,0.02656,75500,3,3,1,79056.375,79056.3,258.274,258.267,258.2,1.1669,1.1672
8|863|sample|3|274,0.1328,35636,4,3,1,79056.375,79056.4,258.274,258.267,258.2,0.548663,0.548805
8|863|sample|3|274,0.664,5534,5,3,1,79056.375,79056.4,258.274,258.267,258.2,0.0818199,0.0818419
8|863|sample|3|274,3.32,752,6,3,1,79056.375,79056.4,258.274,258.267,258.2,0.00765717,0.00766017
8|863|sample|3|274,16.6,620,7,3,1,79056.375,79051.8,258.267,258.259,258.192,0.0056103,0.00561277
8|863|sample|3|274,83.0,590,8,3,1,79056.375,65882.2,235.774,235.637,235.706,0.00601777,0.00601484
8|863|sample|4|274,0.0010624,89205,1,4,1,79056.375,65880.3,235.774,235.873,235.704,1.50937,1.51044
8|863|sample|4|274,0.005312,81925,2,4,1,79056.375,79051.4,258.267,258.518,258.19,1.26533,1.26692
8|863|sample|4|274,0.02656,72696,3,4,1,79056.375,79056.3,258.274,258.525,258.198,1.1223,1.12372
8|863|sample|4|274,0.1328,39789,4,4,1,79056.375,79056.4,258.274,258.525,258.198,0.612461,0.613235
8|863|sample|4|274,0.664,7098,5,4,1,79056.375,79056.4,258.274,258.525,258.198,0.105967,0.106105
8|863|sample|4|274,3.32,652,6,4,1,79056.375,79056.4,258.274,258.525,258.198,0.00609626,0.006109
8|863|sample|4|274,16.6,586,7,4,1,79056.375,79051.8,258.267,258.518,258.19,0.00507396,0.00508541
8|863|sample|4|274,83.0,700,8,4,1,79056.375,65882.2,235.774,235.873,235.704,0.00787399,0.00788241
8|863|vc|1|2|274,0.0,84225,1,2,1,79056.375,250.606,250.606,250.144,250.628,1.3442,1.34162
8|863|vc|2|2|274,0.0,81106,2,2,1,79056.375,274.514,274.514,274.743,274.525,1.17912,1.18004
8|863|vc|3|2|274,0.0,81311,3,2,1,79056.375,274.514,274.514,275.019,274.526,1.18093,1.18304
8|863|vc|4|2|274,0.0,81469,4,2,1,79056.375,274.514,274.514,274.255,274.526,1.18651,1.18534
8|863|vc|5|2|274,0.0,80994,5,2,1,79056.375,274.514,274.514,274.329,274.525,1.17925,1.17841
8|863|vc|6|2|274,0.0,78472,6,2,1,79056.375,274.514,274.514,274.727,274.523,1.14076,1.1416
8|863|vc|7|2|274,0.0,76847,7,2,1,79056.375,274.514,274.514,274.573,274.521,1.11768,1.11789
8|863|vc|8|2|274,0.0,68027,8,2,1,79056.375,250.606,250.606,251.089,250.611,1.08086,1.08291
8|152|cc|1|1|322,0.0,712,1,1,0,94087.625,0.0,0.0,0.0,0.0,1.11102,1.11102
8|152|cc|2|1|322,0.0,712,2,1,0,94087.625,0.0,0.0,0.0,0.0,1.11102,1.11102
8|152|cc|3|1|322,0.0,642,3,1,0,94087.625,0.0,0.0,0.0,0.0,1.00179,1.00179
8|152|cc|4|1|322,0.0,720,4,1,0,94087.625,0.0,0.0,0.0,0.0,1.12351,1.12351
8|152|cc|5|1|322,0.0,666,5,1,0,94087.625,0.0,0.0,0.0,0.0,1.03924,1.03924
8|152|cc|6|1|322,0.0,674,6,1,0,94087.625,0.0,0.0,0.0,0.0,1.05173,1.05173
8|152|cc|7|1|322,0.0,722,7,1,0,94087.625,0.0,0.0,0.0,0.0,1.12663,1.12663
8|152|cc|8|1|322,0.0,714,8,1,0,94087.625,0.0,0.0,0.0,0.0,1.11414,1.11414
8|152|sample|3|322,0.0010624,87858,1,3,1,94087.625,78406.3,235.774,235.18,235.72,1.49086,1.48748
8|152|sample|3|322,0.005312,88455,2,3,1,94087.625,94081.7,258.267,257.758,258.207,1.3705,1.36813
8|152|sample|3|322,0.02656,77137,3,3,1,94087.625,94087.6,258.274,257.766,258.215,1.19459,1.19253
8|152|sample|3|322,0.1328,46188,4,3,1,94087.625,94087.6,258.274,257.766,258.215,0.71369,0.712455
8|152|sample|3|322,0.664,17047,5,3,1,94087.625,94087.6,258.274,257.766,258.215,0.260881,0.260425
8|152|sample|3|322,3.32,3062,6,3,1,94087.625,94087.6,258.274,257.766,258.215,0.0435738,0.0434918
8|152|sample|3|322,16.6,1382,7,3,1,94087.625,94082.2,258.267,257.758,258.207,0.0174696,0.0174326
8|152|sample|3|322,83.0,840,8,3,1,94087.625,78408.6,235.774,235.18,235.72,0.0102908,0.0102583
8|152|sample|4|322,0.0010624,92432,1,4,1,94087.625,78406.3,235.774,235.508,235.731,1.56652,1.56505
8|152|sample|4|322,0.005312,90579,2,4,1,94087.625,94081.7,258.267,258.118,258.22,1.40156,1.40101
8|152|sample|4|322,0.02656,76034,3,4,1,94087.625,94087.6,258.274,258.126,258.227,1.17582,1.17536
8|152|sample|4|322,0.1328,50378,4,4,1,94087.625,94087.6,258.274,258.126,258.227,0.777717,0.777411
8|152|sample|4|322,0.664,19217,5,4,1,94087.625,94087.6,258.274,258.126,258.227,0.294187,0.294071
8|152|sample|4|322,3.32,3728,6,4,1,94087.625,94087.6,258.274,258.126,258.227,0.0538425,0.0538199
8|152|sample|4|322,16.6,1054,7,4,1,94087.625,94082.2,258.267,258.118,258.22,0.0123502,0.0123438
8|152|sample|4|322,83.0,902,8,4,1,94087.625,78408.6,235.774,235.508,235.731,0.0113244,0.01131
8|152|vc|1|2|322,0.0,94260,1,2,1,94087.625,250.606,250.606,250.834,250.64,1.50072,1.50188
8|152|vc|2|2|322,0.0,95803,2,2,1,94087.625,274.514,274.514,274.557,274.542,1.39445,1.39452
8|152|vc|3|2|322,0.0,99229,3,2,1,94087.625,274.514,274.514,274.274,274.546,1.44593,1.44451
8|152|vc|4|2|322,0.0,96260,4,2,1,94087.625,274.514,274.514,274.772,274.542,1.40003,1.40119
8|152|vc|5|2|322,0.0,93357,5,2,1,94087.625,274.514,274.514,275.248,274.539,1.35535,1.35883
8|152|vc|6|2|322,0.0,92328,6,2,1,94087.625,274.514,274.514,274.615,274.538,1.34344,1.34381
8|152|vc|7|2|322,0.0,91784,7,2,1,94087.625,274.514,274.514,274.992,274.537,1.33368,1.33587
8|152|vc|8|2|322,0.0,89680,8,2,1,94087.625,250.606,250.606,250.195,250.634,1.43123,1.42874
9|411|cc|1|1|274,0.0,868,1,1,0,57906.875,0.0,0.0,0.0,0.0,1.35445,1.35445
9|411|cc|2|1|274,0.0,912,2,1,0,57906.875,0.0,0.0,0.0,0.0,1.42311,1.42311
9|411|cc|3|1|274,0.0,846,3,1,0,57906.875,0.0,0.0,0.0,0.0,1.32012,1.32012
9|411|cc|4|1|274,0.0,900,4,1,0,57906.875,0.0,0.0,0.0,0.0,1.40438,1.40438
9|411|cc|5|1|274,0.0,962,5,1,0,57906.875,0.0,0.0,0.0,0.0,1.50113,1.50113
9|411|cc|6|1|274,0.0,886,6,1,0,57906.875,0.0,0.0,0.0,0.0,1.38254,1.38254
9|411|cc|7|1|274,0.0,922,7,1,0,57906.875,0.0,0.0,0.0,0.0,1.43871,1.43871
9|411|cc|8|1|274,0.0,984,8,1,0,57906.875,0.0,0.0,0.0,0.0,1.53546,1.53546
9|411|sample|10|274,0.002286236854138,53166,1,10,1,57906.875,48256.5,235.774,235.509,235.658,0.899344,0.898779
9|411|sample|10|274,0.0068587105624142,61628,2,10,1,57906.875,57903.3,258.267,258.119,258.139,0.952307,0.952233
9|411|sample|10|274,0.0205761316872428,54148,3,10,1,57906.875,57906.8,258.274,258.127,258.147,0.836212,0.836147
9|411|sample|10|274,0.0617283950617284,54949,4,10,1,57906.875,57906.9,258.274,258.127,258.147,0.848641,0.848576
9|411|sample|10|274,0.1851851851851852,46394,5,10,1,57906.875,57906.9,258.274,258.127,258.147,0.715893,0.715837
9|411|sample|10|274,0.5555555555555556,30684,6,10,1,57906.875,57906.9,258.274,258.127,258.147,0.47212,0.472083
9|411|sample|10|274,1.66666666666667,13846,7,10,1,57906.875,57903.5,258.267,258.119,258.139,0.21085,0.210833
9|411|sample|10|274,5.0,3124,8,10,1,57906.875,48257.1,235.774,235.509,235.658,0.0490784,0.0490452
9|411|sample|11|274,0.0457247370827617,54260,1,11,1,57906.875,48257.1,235.774,235.268,235.59,0.918867,0.91762
9|411|sample|11|274,0.1371742112482853,45084,2,11,1,57906.875,57903.5,258.267,257.855,258.065,0.696296,0.695733
9|411|sample|11|274,0.411522633744856,27045,3,11,1,57906.875,57903.5,258.267,257.855,258.065,0.416092,0.415754
9|411|sample|11|274,1.23456790123457,12392,4,11,1,57906.875,57903.5,258.267,257.855,258.065,0.188483,0.188328
9|411|sample|11|274,3.7037037037037,3032,5,11,1,57906.875,57903.5,258.267,257.855,258.065,0.0430915,0.0430536
9|411|sample|11|274,11.1111111111111,1264,6,11,1,57906.875,57903.5,258.267,257.855,258.065,0.0156287,0.0156129
9|411|sample|11|274,33.3333333333333,860,7,11,1,57906.875,57903.5,258.267,257.855,258.065,0.00935327,0.00934249
9|411|sample|11|274,100.0,802,8,11,1,57906.875,48257.1,235.774,235.268,235.59,0.00963912,0.00962064
9|411|sample|12|274,0.0457247370827617,47309,1,12,1,57906.875,48257.1,235.774,236.05,235.584,0.798008,0.799576
9|411|sample|12|274,0.1371742112482853,39899,2,12,1,57906.875,48257.1,235.774,236.05,235.584,0.672389,0.673712
9|411|sample|12|274,0.411522633744856,26409,3,12,1,57906.875,48257.1,235.774,236.05,235.584,0.443699,0.444575
9|411|sample|12|274,1.23456790123457,9114,4,12,1,57906.875,48257.1,235.774,236.05,235.584,0.150504,0.150806
9|411|sample|12|274,3.7037037037037,2878,5,12,1,57906.875,48257.1,235.774,236.05,235.584,0.0447879,0.0448834
9|411|sample|12|274,11.1111111111111,968,6,12,1,57906.875,48257.1,235.774,236.05,235.584,0.0124084,0.0124406
9|411|sample|12|274,33.3333333333333,796,7,12,1,57906.875,48257.1,235.774,236.05,235.584,0.0094926,0.00951908
9|411|sample|12|274,100.0,796,8,12,1,57906.875,48257.1,235.774,236.05,235.584,0.0094926,0.00951908
9|411|sample|3|274,0.0457247370827617,58138,1,3,1,57906.875,48257.1,235.774,236.076,235.59,0.981478,0.983489
9|411|sample|3|274,0.1371742112482853,40956,2,3,1,57906.875,57903.5,258.267,258.74,258.065,0.630019,0.631663
9|411|sample|3|274,0.411522633744856,25675,3,3,1,57906.875,57906.9,258.274,258.748,258.072,0.393448,0.394479
9|411|sample|3|274,1.23456790123457,7926,4,3,1,57906.875,57906.9,258.274,258.748,258.072,0.11869,0.119009
9|411|sample|3|274,3.7037037037037,2156,5,3,1,57906.875,57906.9,258.274,258.748,258.072,0.0293698,0.0294564
9|411|sample|3|274,11.1111111111111,986,6,3,1,57906.875,57906.9,258.274,258.748,258.072,0.011258,0.0112977
9|411|sample|3|274,33.3333333333333,960,7,3,1,57906.875,57903.5,258.267,258.74,258.065,0.0108559,0.0108946
9|411|sample|3|274,100.0,882,8,3,1,57906.875,48257.1,235.774,236.076,235.59,0.0109489,0.0109795
9|411|sample|4|274,0.0457247370827617,53482,1,4,1,57906.875,48257.1,235.774,236.009,235.594,0.902812,0.904391
9|411|sample|4|274,0.1371742112482853,45186,2,4,1,57906.875,57903.5,258.267,258.666,258.069,0.6957,0.697304
9|411|sample|4|274,0.411522633744856,36004,3,4,1,57906.875,57906.9,258.274,258.674,258.076,0.553501,0.554779
9|411|sample|4|274,1.23456790123457,15537,4,4,1,57906.875,57906.9,258.274,258.674,258.076,0.236578,0.23713
9|411|sample|4|274,3.7037037037037,4302,5,4,1,57906.875,57906.9,258.274,258.674,258.076,0.0626091,0.0627619
9|411|sample|4|274,11.1111111111111,1258,6,4,1,57906.875,57906.9,258.274,258.674,258.076,0.0154741,0.0155189
9|411|sample|4|274,33.3333333333333,948,7,4,1,57906.875,57903.5,258.267,258.666,258.069,0.0106743,0.0107081
9|411|sample|4|274,100.0,850,8,4,1,57906.875,48257.1,235.774,236.009,235.594,0.0104105,0.0104357
9|411|sample|5|274,0.002286236854138,55169,1,5,1,57906.875,48256.5,235.774,235.723,235.651,0.932535,0.932819
9|411|sample|5|274,0.0068587105624142,55989,2,5,1,57906.875,57903.3,258.267,258.354,258.132,0.864023,0.864763
9|411|sample|5|274,0.0205761316872428,54885,3,5,1,57906.875,57906.8,258.274,258.361,258.139,0.846882,0.847608
9|411|sample|5|274,0.0617283950617284,49434,4,5,1,57906.875,57906.9,258.274,258.361,258.139,0.762375,0.763029
9|411|sample|5|274,0.1851851851851852,45208,5,5,1,57906.875,57906.9,258.274,258.361,258.139,0.696859,0.697457
9|411|sample|5|274,0.5555555555555556,30556,6,5,1,57906.875,57906.9,258.274,258.361,258.139,0.469707,0.470111
9|411|sample|5|274,1.66666666666667,13064,7,5,1,57906.875,57903.5,258.267,258.354,258.132,0.198533,0.198706
9|411|sample|5|274,5.0,2918,8,5,1,57906.875,48257.1,235.774,235.723,235.651,0.0455337,0.0455488
9|411|sample|6|274,0.002286236854138,62015,1,6,1,57906.875,48256.5,235.774,235.841,235.673,1.04823,1.04897
9|411|sample|6|274,0.0068587105624142,61528,2,6,1,57906.875,57903.3,258.267,258.483,258.156,0.949427,0.950623
9|411|sample|6|274,0.0205761316872428,61845,3,6,1,57906.875,57906.8,258.274,258.49,258.163,0.954311,0.955513
9|411|sample|6|274,0.0617283950617284,54318,4,6,1,57906.875,57906.9,258.274,258.49,258.163,0.837677,0.838733
9|411|sample|6|274,0.1851851851851852,48773,5,6,1,57906.875,57906.9,258.274,258.49,258.163,0.751755,0.752703
9|411|sample|6|274,0.5555555555555556,29602,6,6,1,57906.875,57906.9,258.274,258.49,258.163,0.454691,0.455267
9|411|sample|6|274,1.66666666666667,12240,7,6,1,57906.875,57903.5,258.267,258.483,258.156,0.185664,0.185902
9|411|sample|6|274,5.0,3840,8,6,1,57906.875,48257.1,235.774,235.841,235.673,0.0611532,0.0611992
9|411|sample|7|274,0.0457247370827617,51443,1,7,1,57906.875,48257.1,235.774,235.535,235.589,0.869975,0.869775
9|411|sample|7|274,0.1371742112482853,47489,2,7,1,57906.875,57903.5,258.267,258.147,258.064,0.732827,0.733062
9|411|sample|7|274,0.411522633744856,28239,3,7,1,57906.875,57906.9,258.274,258.155,258.071,0.434134,0.434274
9|411|sample|7|274,1.23456790123457,11458,4,7,1,57906.875,57906.9,258.274,258.155,258.071,0.17377,0.173827
9|411|sample|7|274,3.7037037037037,2676,5,7,1,57906.875,57906.9,258.274,258.155,258.071,0.0375139,0.0375271
9|411|sample|7|274,11.1111111111111,1026,6,7,1,57906.875,57906.9,258.274,258.155,258.071,0.0119134,0.0119185
9|411|sample|7|274,33.3333333333333,928,7,7,1,57906.875,57903.5,258.267,258.147,258.064,0.0103933,0.0103979
9|411|sample|7|274,100.0,848,8,7,1,57906.875,48257.1,235.774,235.535,235.589,0.0104053,0.010402
9|411|sample|8|274,0.0457247370827617,49844,1,8,1,57906.875,48257.1,235.774,235.829,235.588,0.841763,0.842621
9|411|sample|8|274,0.1371742112482853,46084,2,8,1,57906.875,57903.5,258.267,258.47,258.062,0.710143,0.71126
9|411|sample|8|274,0.411522633744856,29492,3,8,1,57906.875,57906.9,258.274,258.478,258.07,0.453009,0.453724
9|411|sample|8|274,1.23456790123457,12168,4,8,1,57906.875,57906.9,258.274,258.478,258.07,0.184552,0.184848
9|411|sample|8|274,3.7037037037037,3114,5,8,1,57906.875,57906.9,258.274,258.478,258.07,0.0442498,0.0443254
9|411|sample|8|274,11.1111111111111,1024,6,8,1,57906.875,57906.9,258.274,258.478,258.07,0.0118627,0.0118876
9|411|sample|8|274,33.3333333333333,882,7,8,1,57906.875,57903.5,258.267,258.47,258.062,0.00966263,0.00968408
9|411|sample|8|274,100.0,778,8,8,1,57906.875,48257.1,235.774,235.829,235.588,0.00919967,0.00921312
9|411|sample|9|274,0.002286236854138,52761,1,9,1,57906.875,48256.5,235.774,235.624,235.656,0.89203,0.891911
9|411|sample|9|274,0.0068587105624142,58591,2,9,1,57906.875,57903.3,258.267,258.245,258.137,0.904742,0.905119
9|411|sample|9|274,0.0205761316872428,53528,3,9,1,57906.875,57906.8,258.274,258.253,258.145,0.826191,0.826535
9|411|sample|9|274,0.0617283950617284,55935,4,9,1,57906.875,57906.9,258.274,258.253,258.145,0.863522,0.863882
9|411|sample|9|274,0.1851851851851852,49128,5,9,1,57906.875,57906.9,258.274,258.253,258.145,0.757948,0.758265
9|411|sample|9|274,0.5555555555555556,28450,6,9,1,57906.875,57906.9,258.274,258.253,258.145,0.437242,0.437425
9|411|sample|9|274,1.66666666666667,10662,7,9,1,57906.875,57903.5,258.267,258.245,258.137,0.161362,0.161431
9|411|sample|9|274,5.0,3030,8,9,1,57906.875,48257.1,235.774,235.624,235.656,0.0474564,0.0474496
9|411|vc|1|2|274,0.0,57888,1,2,1,57906.875,250.606,250.606,250.438,250.603,0.921541,0.920941
9|411|vc|2|2|274,0.0,57026,2,2,1,57906.875,274.514,274.514,274.259,274.505,0.829307,0.828567
9|411|vc|3|2|274,0.0,62361,3,2,1,57906.875,274.514,274.514,274.44,274.509,0.90667,0.906445
9|411|vc|4|2|274,0.0,58423,4,2,1,57906.875,274.514,274.514,274.242,274.506,0.849774,0.84896
9|411|vc|5|2|274,0.0,61789,5,2,1,57906.875,274.514,274.514,275.001,274.508,0.896492,0.898095
9|411|vc|6|2|274,0.0,57424,6,2,1,57906.875,274.514,274.514,274.49,274.505,0.834422,0.834377
9|411|vc|7|2|274,0.0,54022,7,2,1,57906.875,274.514,274.514,274.442,274.503,0.784887,0.784715
9|411|vc|8|2|274,0.0,54322,8,2,1,57906.875,250.606,250.606,250.414,250.6,0.864608,0.863972
